time index;acc_x;acc_y;acc_z;gyr_x;gyr_y;gyr_z;mag_x;mag_y;mag_z
1;-9.3590798635;-2.3715414601;-1.5129008833;0.0424313698;0.0384433969;0.0120958851;0.6357330000;0.4922310000;-0.1143970000
2;-9.4664197467;-2.3108319643;-1.5220459411;0.0299125290;0.0440506063;0.0215515259;0.6349390000;0.4922250000;-0.1138780000
3;-9.4107955040;-2.3116930650;-1.5232708859;-0.0051575611;0.0577111671;0.0084285043;0.6358700000;0.4922290000;-0.1143910000
4;-9.1433139099;-2.4253479963;-1.4775575308;-0.0069110589;0.0459717034;0.0174475347;0.6351540000;0.4915210000;-0.1124870000
5;-9.4430892195;-2.3983502593;-1.4982164367;0.0459883536;0.0384454218;0.0234397597;0.6367790000;0.4913810000;-0.1128340000
6;-9.3050072189;-2.4466825262;-1.5305081782;0.0322334836;0.0219653003;0.0104240239;0.6370980000;0.4917540000;-0.1119970000
7;-9.4873611259;-2.4471713440;-1.5595269465;0.0020033668;0.0361473955;0.0084755253;0.6366780000;0.4916300000;-0.1121510000
8;-9.2856214468;-2.4820451162;-1.5087820388;0.0336539398;0.0221031910;0.0104204364;0.6360100000;0.4904330000;-0.1118940000
9;-9.2201369092;-2.4185552975;-1.5249093945;0.0184609964;0.0323472245;-0.0023311005;0.6381970000;0.4912100000;-0.1119490000
10;-9.4902359242;-2.4605367174;-1.4890878999;0.0020209439;0.0314830693;-0.0005519918;0.6373660000;0.4909570000;-0.1121190000
11;-9.2620137714;-2.3953213316;-1.5241965294;0.0144668931;0.0203689212;-0.0023279043;0.6382380000;0.4898620000;-0.1112490000
12;-9.4099518278;-2.3775149688;-1.5861792494;0.0117903121;0.0292070263;-0.0067964152;0.6374780000;0.4887110000;-0.1126490000
13;-9.3860333424;-2.3765154504;-1.5438039551;0.0239748043;0.0286995509;-0.0171315012;0.6380630000;0.4898830000;-0.1119450000
14;-9.1898814520;-2.4198835133;-1.5659840861;0.0201122644;0.0267192060;-0.0279176094;0.6370610000;0.4912410000;-0.1126840000
15;-9.2442058468;-2.3830284712;-1.5594811026;-0.0051247616;0.0166169017;-0.0151633780;0.6365890000;0.4902790000;-0.1113190000
16;-9.5043792332;-2.4309574556;-1.5518998471;0.0038203929;0.0206261396;-0.0206096780;0.6368210000;0.4925550000;-0.1120140000
17;-9.1857934930;-2.3379122771;-1.5535464994;-0.0087307986;0.0242224066;-0.0140493660;0.6364130000;0.4910970000;-0.1120200000
18;-9.4494399352;-2.3462000607;-1.5177749324;0.0206072605;0.0289647283;-0.0217302985;0.6356010000;0.4926940000;-0.1117890000
19;-9.3260606855;-2.4157930280;-1.5696037699;-0.0254165960;0.0238603272;-0.0150584012;0.6361820000;0.4916090000;-0.1112070000
20;-9.4700353545;-2.3773188868;-1.5762727709;-0.0033872518;0.0250018469;-0.0254330498;0.6352080000;0.4908300000;-0.1115160000
21;-9.2634844680;-2.3418442263;-1.5881282190;0.0019790885;0.0111267693;-0.0077345769;0.6355840000;0.4925020000;-0.1095850000
22;-9.2449907352;-2.3883940206;-1.5745849551;-0.0145375706;0.0204410893;-0.0116142507;0.6365510000;0.4932850000;-0.1094140000
23;-9.2775095074;-2.4439785325;-1.5744429860;-0.0265013644;0.0440500547;-0.0006516756;0.6365380000;0.4924950000;-0.1096840000
24;-9.2075977500;-2.4146341348;-1.6306603204;-0.0214434455;0.0323082798;0.0086151311;0.6355590000;0.4935770000;-0.1100070000
25;-9.5250915513;-2.4285401025;-1.5888699179;0.0158862491;0.0332805124;-0.0078023103;0.6359870000;0.4932990000;-0.1097120000
26;-9.2582209508;-2.3950622348;-1.5927095716;-0.0132054470;0.0385939962;0.0002971067;0.6353710000;0.4923420000;-0.1084910000
27;-9.2003879525;-2.4245966383;-1.6383614506;-0.0068824471;0.0504863425;-0.0060726918;0.6350160000;0.4936450000;-0.1074130000
28;-9.3999382965;-2.5373768291;-1.9518529055;0.0115005559;0.0488321847;-0.0214368893;0.6354720000;0.4935510000;-0.1040890000
29;-9.3283421603;-2.4147499077;-2.0876087251;0.0240680074;0.1041858525;-0.0156210007;0.6366610000;0.4940920000;-0.1048710000
30;-9.5429345381;-2.7297806719;-2.4225657692;0.0104055053;0.1619246782;-0.0461679056;0.6357140000;0.4940280000;-0.1021550000
31;-9.3225023293;-2.8040839369;-2.6198769982;-0.0055982764;0.2332646026;-0.0542147469;0.6368210000;0.4956030000;-0.0968890000
32;-9.3471648536;-3.3506048869;-3.1435899798;-0.0046330950;0.3604141316;-0.1369111382;0.6324520000;0.4999530000;-0.0889710000
33;-9.5992394397;-3.7484132342;-4.0808802883;-0.1691244568;0.5386164673;-0.1890101221;0.6319860000;0.5041620000;-0.0773150000
34;-9.6555821887;-4.4601949683;-4.5185757047;-0.4254431456;0.8180838794;-0.3459690977;0.6295830000;0.5107850000;-0.0508830000
35;-9.7982707367;-5.1124335496;-5.1362867488;-0.1370047838;1.0418102316;-0.6055615058;0.6212600000;0.5246510000;-0.0197830000
36;-9.6925591626;-5.1116811552;-5.4393560137;-0.0110761881;1.1814931792;-0.7540305486;0.6053630000;0.5433940000;0.0057440000
37;-9.7513280174;-5.0173671153;-5.0805882177;0.2699751863;1.2412332114;-0.9199526139;0.5859750000;0.5641300000;0.0326320000
38;-9.7756965500;-4.7367159405;-4.6211196666;0.6263934258;1.2607968356;-1.0651351911;0.5607450000;0.5873600000;0.0529310000
39;-9.4658949355;-4.5342238126;-4.4933566688;0.5870018397;1.2936648227;-1.1728244587;0.5309450000;0.6164390000;0.0650180000
40;-8.7765217141;-4.5771621687;-4.6088553673;0.3422598503;1.3266953385;-1.2719834817;0.4967890000;0.6418960000;0.0799860000
41;-8.3024771166;-4.8141078482;-4.5669189898;0.1157642178;1.3670024674;-1.2254920898;0.4650080000;0.6645170000;0.1007160000
42;-7.6868474427;-4.8420582609;-4.7397453886;0.1690790663;1.2709691868;-1.2374727744;0.4266380000;0.6874100000;0.1187010000
43;-7.1860794290;-5.2944639550;-5.0980994942;0.1583060960;1.3018645316;-1.1946972090;0.3882260000;0.7088650000;0.1358680000
44;-6.5451934998;-6.1475911300;-5.9033209640;0.1752797020;1.2825754001;-1.2146446447;0.3440130000;0.7261540000;0.1520060000
45;-5.8362409827;-6.1803093792;-6.1643179437;0.3383006597;1.2245179412;-1.2379364438;0.3018350000;0.7423050000;0.1602480000
46;-5.4428027101;-6.4172071300;-6.2893723086;0.3971643086;1.2722787833;-1.1928494258;0.2636460000;0.7594720000;0.1638220000
47;-4.8699726045;-6.1494032382;-5.8475765776;0.3181497531;1.2836862730;-1.0971667393;0.2233610000;0.7732280000;0.1665110000
48;-4.1824100645;-6.6002903201;-5.6530979014;0.2605474991;1.2274561477;-1.0454561441;0.1826210000;0.7862810000;0.1658820000
49;-3.5705375120;-6.5964469068;-5.3315355875;0.0880767498;1.1772968359;-1.0015587538;0.1413250000;0.7917090000;0.1673520000
50;-2.9963912734;-6.3898578290;-4.9718205596;0.1526020394;1.1039814450;-0.9953471070;0.1027850000;0.7992250000;0.1691920000
51;-2.2127116357;-6.4918938214;-4.8917889690;0.2978251731;0.9453959782;-0.9411435431;0.0679010000;0.8062610000;0.1677410000
52;-1.5128430195;-6.0274192530;-4.7465489794;0.2480920241;0.8639076733;-0.7792588704;0.0355900000;0.8095020000;0.1631150000
53;-0.8127992716;-6.3973911180;-4.8632385218;0.3324171156;0.7178845982;-0.6860450285;0.0093520000;0.8129270000;0.1543250000
54;-0.4041441687;-6.1721608078;-4.9836777772;0.1316162896;0.6313612456;-0.5925340201;-0.0148820000;0.8145660000;0.1420480000
55;0.1724539139;-6.7124097346;-5.0185358767;0.1680921418;0.5410497094;-0.4557198015;-0.0348860000;0.8155690000;0.1369690000
56;0.4781213551;-6.6640486620;-5.5105581485;0.1345068039;0.4778595047;-0.3603497758;-0.0509480000;0.8158810000;0.1363210000
57;0.8499165257;-7.1094701684;-5.3960376013;0.0514413808;0.4671979565;-0.2576946960;-0.0635600000;0.8160150000;0.1311320000
58;0.9563959768;-6.9360863432;-5.3554927455;0.0334080402;0.3797392856;-0.2875738837;-0.0718570000;0.8161380000;0.1296960000
59;1.1019443216;-6.8144018463;-5.2239713803;0.1292420072;0.3328728055;-0.2513851227;-0.0812020000;0.8150540000;0.1240960000
60;1.1393192744;-6.6640542331;-5.2834749586;0.1079029889;0.2718530127;-0.1501173674;-0.0885670000;0.8158460000;0.1171850000
61;1.2566076488;-6.8483189382;-4.9765090273;-0.0179766013;0.2450548035;-0.0599734301;-0.0954140000;0.8145190000;0.1196740000
62;1.4060067591;-7.1075475514;-5.3087997538;-0.1390743697;0.2056817356;-0.0508139960;-0.0990640000;0.8152610000;0.1231020000
63;1.5121730433;-7.3837443923;-5.3768572319;-0.0773264157;0.1483691701;-0.0178554054;-0.1000110000;0.8151980000;0.1258190000
64;1.4358948492;-7.4592684146;-5.2630950838;-0.1001023511;0.0998565895;-0.0091187358;-0.0984610000;0.8140990000;0.1265780000
65;1.5024090853;-7.5181218339;-5.7864416938;-0.1414479528;0.0769821435;-0.0326283596;-0.0994450000;0.8131900000;0.1310890000
66;1.5656783490;-7.5666863330;-5.8887438910;-0.0272708059;0.0688112618;-0.0144921284;-0.1025350000;0.8125930000;0.1346880000
67;1.5409865315;-7.3800873217;-5.9128907293;-0.0812858855;0.0721844028;0.0008625655;-0.1031560000;0.8143610000;0.1334100000
68;1.5836095795;-7.6327718582;-5.8854049111;-0.0784187245;0.0553961389;-0.0222270762;-0.1034210000;0.8122340000;0.1385110000
69;1.4901408027;-7.5754983671;-5.9022661611;-0.0620625353;0.0419653033;0.0056040695;-0.1022790000;0.8129960000;0.1393770000
70;1.5256632595;-7.4376792415;-5.6694760599;-0.0124389317;0.0219511276;0.0207394147;-0.1027640000;0.8113770000;0.1404710000
71;1.4927723727;-7.5742643212;-5.7583598141;-0.0477866060;-0.0019386019;0.0057015448;-0.1017140000;0.8117200000;0.1421630000
72;1.5926182673;-7.5889958828;-5.9957389737;0.0596755244;-0.0051604363;0.0201460959;-0.1008900000;0.8117100000;0.1421960000
73;1.5343091992;-7.6396346405;-6.1136909201;0.0380250358;-0.0170930928;0.0520828429;-0.0985100000;0.8117280000;0.1406390000
74;1.5148814277;-7.5743445025;-6.1001130314;-0.0639488763;0.0085641860;0.0632068084;-0.0951560000;0.8124580000;0.1418700000
75;1.4124930389;-7.8200903034;-6.0057249711;-0.0498026731;-0.0390057387;0.0085879796;-0.0951400000;0.8113210000;0.1446330000
76;1.4484714785;-7.6556846299;-6.1145362083;-0.0016081182;-0.0269876785;-0.0068749872;-0.0954240000;0.8112610000;0.1469630000
77;1.4782430610;-7.5217012005;-6.1895183001;0.0411532505;-0.0093499170;-0.0143594418;-0.0957770000;0.8130300000;0.1455590000
78;1.4398284801;-7.4906356674;-6.2113015476;-0.1229553136;0.0099611925;-0.0172393358;-0.0933200000;0.8118800000;0.1478700000
79;1.4102126173;-7.7332869853;-6.1776915280;-0.0355411144;0.0121311079;-0.0069524838;-0.0943220000;0.8090560000;0.1495030000
80;1.4977844187;-7.6935278765;-6.2709006204;0.0076495464;0.0162181083;-0.0060891529;-0.0949940000;0.8094550000;0.1497480000
81;1.3888345737;-7.4993213239;-5.9853685526;0.0457051473;0.0087214170;-0.0070247856;-0.0939000000;0.8113030000;0.1497790000
82;1.3806831645;-7.6025639267;-5.9447590874;0.0021678627;0.0071379121;-0.0145267602;-0.0943280000;0.8115810000;0.1494840000
83;1.4854641398;-7.5386075326;-6.1135615741;0.0170268698;0.0292668197;-0.0069494318;-0.0956580000;0.8103150000;0.1476490000
84;1.4182600604;-7.4842366646;-6.0253917161;-0.0231441643;0.0285604924;-0.0257133553;-0.0948240000;0.8089730000;0.1478310000
85;1.4563197846;-7.5750556009;-5.9146389155;-0.0015986044;0.0004344769;0.0112699406;-0.0953930000;0.8109800000;0.1475180000
86;1.4139114353;-7.5029017812;-5.9586304540;-0.0584262289;0.0233852769;0.0056543706;-0.0935760000;0.8095490000;0.1506310000
87;1.4178835458;-7.6044797187;-6.1882899783;-0.0033436587;-0.0138882329;0.0004113759;-0.0937450000;0.8093670000;0.1525530000
88;1.4006092251;-7.4906862857;-6.1109915430;-0.0711267956;-0.0009382940;0.0113743892;-0.0934100000;0.8093330000;0.1536680000
89;1.3752969437;-7.6928501644;-6.2826086772;-0.0415017202;0.0110568651;0.0002524432;-0.0931760000;0.8098140000;0.1554640000
90;1.4428231761;-7.4748489528;-6.2063147104;0.0243056675;0.0034414254;-0.0157950515;-0.0931520000;0.8092710000;0.1558830000
91;1.4393059871;-7.3588002227;-6.0936135832;0.0004546390;0.0237806537;-0.0108726399;-0.0939620000;0.8098040000;0.1561220000
92;1.3207875218;-7.5087587659;-6.0705076223;0.0058370361;0.0248778258;-0.0015921416;-0.0930230000;0.8095390000;0.1557480000
93;1.3772616488;-7.4794108254;-6.1337886364;0.0290293900;0.0232896691;0.0002969444;-0.0933630000;0.8087790000;0.1545010000
94;1.4163747124;-7.5307999449;-6.0834469373;0.0553807835;0.0008215411;0.0076389920;-0.0925870000;0.8098560000;0.1536980000
95;1.3809649179;-7.3489576493;-6.0883890244;0.0076383311;0.0179835272;-0.0069059449;-0.0925320000;0.8093640000;0.1521890000
96;1.3695632378;-7.4197252018;-6.0274608833;-0.0140754093;0.0041121281;0.0094955050;-0.0926110000;0.8103990000;0.1532800000
97;1.3180702959;-7.4468339120;-6.0424667598;0.0275925080;0.0040303091;0.0375813999;-0.0909630000;0.8098490000;0.1533500000
98;1.3569567899;-7.4370318236;-6.1730728803;-0.0070630714;0.0023568040;0.0244244154;-0.0909700000;0.8095860000;0.1532140000
99;1.3514275975;-7.6881546562;-6.2311886399;-0.0417350229;0.0092984269;-0.0069770796;-0.0904960000;0.8096180000;0.1518550000
100;1.3400303910;-7.6221042711;-6.2331337253;0.0022384477;0.0116334860;-0.0122710498;-0.0898270000;0.8100830000;0.1540820000
101;1.2878538567;-7.4533673504;-6.1440487942;-0.0122262525;0.0003325348;0.0030260004;-0.0880200000;0.8100520000;0.1545680000
102;1.3281393159;-7.6101803787;-6.3436674789;-0.0068584867;0.0189191094;0.0002527216;-0.0885230000;0.8099020000;0.1553750000
103;1.3299432506;-7.5239847219;-6.0891340672;-0.0306963089;0.0002190534;-0.0163753497;-0.0886150000;0.8098810000;0.1561980000
104;1.2968029955;-7.4346397195;-6.0933299816;-0.0213057590;0.0000263645;-0.0285734361;-0.0901070000;0.8084280000;0.1564240000
105;1.3041710476;-7.2680825973;-6.0728702533;0.0324745629;-0.0054120540;-0.0067954883;-0.0906600000;0.8100300000;0.1563900000
106;1.3111911353;-7.1495268721;-6.0278613224;0.0297306573;-0.0213574207;0.0313893851;-0.0892320000;0.8087910000;0.1574200000
107;1.3422595886;-7.5573903069;-6.4149149806;0.0055065182;-0.0115864334;0.0553328137;-0.0887670000;0.8094920000;0.1559190000
108;1.3619920826;-7.6952658312;-6.3921100741;0.0003051161;0.0219161634;0.0326043695;-0.0861370000;0.8099830000;0.1564340000
109;1.2833146700;-7.6081616410;-6.1375038972;0.0058258595;0.0268432249;0.0270284855;-0.0839780000;0.8098440000;0.1558330000
110;1.2433693575;-7.6491665497;-6.0354274300;-0.0051403190;0.0200523056;0.0147755330;-0.0847720000;0.8099710000;0.1563520000
111;1.2429846526;-7.5080351380;-6.0226627049;-0.0359275738;-0.0045748989;-0.0386542912;-0.0839100000;0.8098100000;0.1570760000
112;1.1930140040;-7.1432341659;-6.0051594603;-0.0565761841;-0.0070387650;-0.0482177224;-0.0845840000;0.8102750000;0.1598000000
113;1.2867316134;-7.3618428526;-6.0397778163;-0.0124106701;-0.0013941598;0.0058715763;-0.0867500000;0.8100190000;0.1602650000
114;1.2278757172;-7.4352538554;-6.3509561783;-0.0199165498;0.0030446317;0.0724720104;-0.0842150000;0.8084990000;0.1614800000
115;1.2524348504;-7.4901981511;-6.2498667736;-0.0196830477;0.0153215845;0.0530416124;-0.0823260000;0.8090900000;0.1634790000
116;1.2491372610;-7.4954900929;-6.3383443380;0.0163899430;-0.0058365289;0.0349470125;-0.0814100000;0.8089690000;0.1626910000
117;1.1961788540;-7.4987332138;-6.0945595544;0.0645930689;-0.0097278163;0.0194241256;-0.0799460000;0.8091080000;0.1619220000
118;1.1638087479;-7.3737781914;-6.0774299730;0.0120854298;-0.0138880154;0.0334977047;-0.0787340000;0.8097700000;0.1615530000
119;1.1040757581;-7.1532934968;-6.0292068541;0.0036486770;-0.0101009288;0.0363011672;-0.0775800000;0.8090010000;0.1600900000
120;1.1458030360;-7.1205304021;-5.7826464987;0.0880370326;-0.0705768004;0.0431075620;-0.0775350000;0.8098420000;0.1584330000
121;1.0765893738;-6.9657001839;-5.7032714483;0.0920849953;-0.0762661712;0.1087775947;-0.0725410000;0.8107570000;0.1571120000
122;1.0062209360;-6.7259326414;-5.4397449628;0.0773662317;-0.1348248053;0.1512601297;-0.0680510000;0.8126530000;0.1541110000
123;0.8481757095;-6.5980272655;-5.2246908447;0.0285420317;-0.2148685699;0.2213640915;-0.0607430000;0.8122240000;0.1524800000
124;0.6158337554;-6.7292423341;-5.1307087202;-0.0022695930;-0.2609076464;0.2791799195;-0.0499610000;0.8128640000;0.1542850000
125;0.4376726944;-6.5522615069;-5.3272805453;-0.0970588806;-0.3649612560;0.3776193024;-0.0372840000;0.8117690000;0.1556280000
126;0.1418295883;-6.6029160905;-5.0119008902;-0.1796669789;-0.4135656332;0.4515652984;-0.0215760000;0.8115640000;0.1623200000
127;-0.2854775716;-6.2297368519;-4.9537141935;-0.0905590627;-0.5058659168;0.5178517040;-0.0021580000;0.8101870000;0.1666900000
128;-0.6877718369;-6.4762520874;-4.7750488819;0.2452057893;-0.7003216081;0.6086978178;0.0176450000;0.8094190000;0.1630840000
129;-1.1242162624;-5.7660214978;-4.8231866639;0.0792876154;-0.7915607755;0.8080269297;0.0488710000;0.8097710000;0.1580000000
130;-1.9143811747;-5.5031875332;-3.9490395051;-0.1100175103;-0.9318344716;0.9518121921;0.0820550000;0.8058340000;0.1585350000
131;-2.6317443022;-6.5043326464;-5.0197366378;0.1146300093;-1.0427720081;0.9579213774;0.1179660000;0.8023420000;0.1513260000
132;-3.6590048771;-4.9149559689;-3.2241675849;0.0047977970;-1.3346198542;1.2818835044;0.1609260000;0.7943670000;0.1451220000
133;-4.8878308792;-7.0280099258;-6.1888818258;0.4984714961;-1.2442426445;1.3213864064;0.2075030000;0.7855370000;0.1248850000
134;-5.1969004401;-5.1577141357;-3.9619791245;-0.3054865313;-1.4060181508;1.5860637288;0.2585750000;0.7696330000;0.1139700000
135;-6.6429263008;-6.5460818790;-5.4040259008;0.2227489589;-1.3217989103;1.5344765065;0.3105550000;0.7504930000;0.0995330000
136;-7.1478497594;-6.2444778039;-5.4459472951;0.1058545954;-1.4565369624;1.6126714429;0.3585900000;0.7325120000;0.0730880000
137;-7.9229094566;-5.9645446586;-5.7398961339;0.0339032896;-1.3216164640;1.9481611809;0.4150040000;0.7038120000;0.0517380000
138;-8.2240274325;-6.8500333835;-6.0558390324;-0.6363800251;-1.3125812061;1.6782721947;0.4598010000;0.6745510000;0.0358480000
139;-8.9954728182;-6.3551712228;-5.5602424510;-0.9515269351;-0.9452005276;1.5552543203;0.5047970000;0.6394760000;0.0384620000
140;-9.2919758635;-6.8859493569;-4.9319997465;0.2173049923;-1.2321169230;1.2391524420;0.5387680000;0.6113880000;0.0225420000
141;-8.9968747928;-5.0838648400;-5.5108280647;0.0332072153;-1.1473274407;1.2851120992;0.5688160000;0.5847150000;-0.0049760000
142;-9.1809560224;-5.0416681597;-4.7476872752;-0.3827288566;-0.7217768883;1.0992745532;0.5970710000;0.5576620000;-0.0176900000
143;-9.6545670237;-5.7757858117;-4.3200752495;-0.5948898922;-1.4088492723;1.2756723194;0.6190570000;0.5302590000;-0.0298270000
144;-9.6561751518;-5.4921817830;-4.5358113870;-0.1633242799;-0.9061239353;0.8675745997;0.6334660000;0.5054810000;-0.0577110000
145;-9.7338071305;-4.5968262144;-4.4702657937;0.2544498356;-0.6411883989;0.5158925918;0.6437750000;0.4881740000;-0.0801680000
146;-9.3808681706;-4.0046477391;-4.2871298556;-0.0361693947;-0.4734661766;0.4099532600;0.6550650000;0.4727000000;-0.0921330000
147;-9.9238638031;-3.5355217509;-3.1408483031;-0.2927971477;-0.2830604519;0.3763109704;0.6624450000;0.4617490000;-0.0978160000
148;-9.3688756142;-2.3890921726;-2.7093153760;0.0073615170;-0.2685106925;0.1602067829;0.6647190000;0.4559130000;-0.1040170000
149;-8.9330469883;-2.2875593028;-1.9240769233;-0.2495305431;-0.2378861961;0.2058842061;0.6626670000;0.4551390000;-0.1140090000
150;-9.0814256335;-2.5254397474;-2.2102228312;-0.2604337721;-0.1339486367;0.2323211228;0.6667690000;0.4489940000;-0.1143500000
151;-9.3986502947;-2.7628465774;-2.9788683803;0.0430185857;-0.0823572234;0.0426291074;0.6719470000;0.4423160000;-0.1150570000
152;-9.9984713683;-2.7559516008;-3.0551820029;0.0056565809;0.0135493979;0.0527504834;0.6733000000;0.4417140000;-0.1178900000
153;-9.8045451380;-2.5733592981;-2.5681554933;0.2650508335;0.0921294604;-0.0300298055;0.6729190000;0.4411720000;-0.1173510000
154;-9.2084131242;-2.4827128227;-1.8319207502;0.2918316444;0.1074866635;-0.0139960526;0.6691000000;0.4417360000;-0.1220530000
155;-9.5352157069;-2.0375854778;-1.4073301886;0.1621073195;0.1060989593;-0.0623898853;0.6696330000;0.4421360000;-0.1223100000
156;-9.2550752607;-1.9866561058;-1.5234088977;0.2138002183;0.0565722433;-0.1289091277;0.6704720000;0.4419860000;-0.1219990000
157;-8.9788400025;-2.2859220373;-2.4695566409;-0.0042085544;0.1041460955;-0.1514359036;0.6674040000;0.4465580000;-0.1228440000
158;-9.4542977796;-2.3151163893;-2.6490954320;0.0053881564;0.2150876001;-0.1511964410;0.6655000000;0.4512160000;-0.1174470000
159;-9.5625594440;-2.7241395824;-2.8634139434;0.2237893238;0.2287544859;-0.2239974624;0.6613300000;0.4565310000;-0.1158630000
160;-9.7970049458;-2.7303663643;-1.8564792780;0.3653474376;0.2048608829;-0.1192211919;0.6590740000;0.4591740000;-0.1144580000
161;-9.4233668838;-2.3602067678;-1.4443764833;0.3400956110;0.1359816020;-0.2342061841;0.6587400000;0.4619950000;-0.1154560000
162;-9.1900467900;-2.1596605436;-1.4262096310;0.0680210075;0.1293987128;-0.2190758607;0.6545580000;0.4673840000;-0.1166270000
163;-8.9593551822;-2.2337739411;-2.2322037916;-0.0832247070;0.1611793305;-0.2402299844;0.6515300000;0.4729960000;-0.1116940000
164;-8.8569101077;-2.5304199836;-2.8536914971;-0.3556780313;0.1883022033;-0.2472926194;0.6456030000;0.4817680000;-0.1045600000
165;-9.1612074722;-2.8522851437;-2.9476932450;-0.1130538657;0.2787287367;-0.1945886046;0.6421330000;0.4889240000;-0.0926330000
166;-9.2162387233;-2.9220373776;-2.7188453930;0.3294203561;0.1908093738;-0.1783054855;0.6417370000;0.4913760000;-0.0897750000
167;-8.8372063222;-2.8268140537;-2.5846090615;0.0598720142;0.2420450935;-0.1421866094;0.6381600000;0.4944060000;-0.0874620000
168;-8.9640657233;-3.2990539001;-2.9516043480;-0.1251787722;0.3083814764;-0.2625585706;0.6362530000;0.4993960000;-0.0795880000
169;-8.9457646908;-3.5849447851;-4.1465957322;-0.3578826452;0.4876313420;-0.2817379110;0.6322010000;0.5079030000;-0.0682450000
170;-8.7209640645;-4.4330740091;-5.1147389710;-0.3892529644;0.6072178419;-0.4049936745;0.6265240000;0.5172100000;-0.0465080000
171;-9.1128846173;-5.1875914343;-6.1137028245;-0.3257249043;0.8631105263;-0.5595863960;0.6174230000;0.5324580000;-0.0220600000
172;-9.1189101090;-5.6709441470;-6.1639419804;-0.3929081093;0.9802309207;-0.5548483453;0.6049900000;0.5458350000;0.0090160000
173;-9.4199345410;-5.9319658248;-5.7001471117;0.2291793052;1.0165402234;-0.7635494247;0.5909820000;0.5620500000;0.0339490000
174;-8.9785996223;-5.5996425055;-5.6449140169;0.5039457508;1.1550738460;-0.9967829111;0.5664420000;0.5847420000;0.0493230000
175;-8.8108068202;-5.6569401435;-5.2950608393;0.3461218208;1.2227809428;-1.1303847490;0.5399930000;0.6073800000;0.0673750000
176;-8.6819269850;-5.9884210186;-5.5542263296;0.3034322718;1.3311034208;-1.4301835840;0.5066690000;0.6355450000;0.0851110000
177;-8.3916393660;-6.0230926979;-5.3359979536;0.4196609886;1.3205798675;-1.3911317748;0.4666470000;0.6650340000;0.1006400000
178;-7.5937033539;-5.8840135186;-5.7315969444;0.3218544198;1.2983908706;-1.4247450976;0.4248590000;0.6899520000;0.1137910000
179;-7.0487970807;-6.0045189303;-5.4527929931;0.2907960181;1.3509607879;-1.4663851477;0.3743140000;0.7152200000;0.1271380000
180;-6.1840360547;-6.1074597766;-5.6744215213;0.2483672864;1.2579803634;-1.4313426157;0.3273600000;0.7391120000;0.1359580000
181;-5.4543637959;-6.3302594456;-5.5491026497;0.2862787856;1.2453521345;-1.4075432646;0.2823310000;0.7579350000;0.1447540000
182;-4.7828170705;-6.1300363550;-5.5051405148;0.1452422008;1.2543690869;-1.3796825420;0.2358240000;0.7732410000;0.1514500000
183;-3.9187409763;-6.1558864792;-5.3100465273;0.2413325180;1.1405449613;-1.2740994841;0.1889950000;0.7863170000;0.1571870000
184;-3.0842900699;-5.7510901015;-5.0846901402;0.1506833141;1.0864956035;-1.0998013060;0.1446490000;0.7955790000;0.1556140000
185;-2.3811160368;-5.8795019231;-5.1310184371;0.1161102418;0.9909603780;-1.0459868117;0.1057600000;0.8020060000;0.1585500000
186;-1.7342219619;-5.6972477087;-4.9478365989;0.0709176622;0.9168913831;-0.9021609338;0.0694030000;0.8085740000;0.1602100000
187;-1.1379533069;-5.9961910996;-4.6794096509;0.1927013085;0.7399536540;-0.7663698527;0.0390900000;0.8110250000;0.1595260000
188;-0.5202062603;-5.6701860273;-4.6651099280;0.1546257021;0.6103268835;-0.6456501355;0.0114300000;0.8146210000;0.1548090000
189;-0.0883624649;-6.0936121394;-4.6714115731;0.1366964609;0.4705158189;-0.4851676452;-0.0060890000;0.8134000000;0.1475050000
190;0.2542972642;-6.1636345401;-4.9174485003;-0.0053471342;0.3676969938;-0.4282482393;-0.0234200000;0.8152030000;0.1462450000
191;0.5984277364;-6.4912408857;-5.0161535737;-0.1008939770;0.2661326640;-0.3166390814;-0.0368450000;0.8148070000;0.1512170000
192;0.6696259955;-6.7384585271;-5.2652969839;-0.1466917597;0.1634100095;-0.2251235442;-0.0450280000;0.8137430000;0.1543390000
193;0.9318314926;-7.1751774821;-5.6960671850;-0.1205035063;0.1558769845;-0.1604081414;-0.0530440000;0.8129280000;0.1580170000
194;1.0341438752;-7.1367663112;-5.8592428500;-0.0597455821;0.1445049168;-0.1049267826;-0.0542580000;0.8091460000;0.1607500000
195;1.0347972267;-7.3291501771;-6.3101749033;-0.0208799269;0.1279152567;-0.0528021685;-0.0563490000;0.8099810000;0.1601090000
196;1.0863023223;-7.4744189565;-6.5304886098;-0.2266262230;0.1771042484;-0.1088890636;-0.0623410000;0.8104210000;0.1657870000
197;1.1023132690;-7.5893695272;-6.1618289114;-0.0291264762;0.1170069979;-0.1985300010;-0.0673900000;0.8090000000;0.1711030000
198;1.0982033772;-7.1741048450;-6.1639023826;0.1660741105;0.0573960035;-0.1968614154;-0.0747700000;0.8090680000;0.1663990000
199;1.1603437900;-6.7481236058;-6.1655735029;-0.0040561304;0.1043525090;-0.1433993535;-0.0787790000;0.8089290000;0.1632100000
200;1.1923092438;-7.0044683556;-5.9374527480;-0.0150021841;0.0755708288;-0.1046246358;-0.0815110000;0.8087520000;0.1658560000
201;1.2991144875;-7.1492875958;-5.9615816921;-0.0048290006;0.0294338673;-0.0577209109;-0.0848660000;0.8090850000;0.1646170000
202;1.2850846608;-7.2028776560;-6.2773288707;-0.0557791144;0.0300462066;-0.0461500387;-0.0861630000;0.8085310000;0.1659460000
203;1.4118423196;-7.5448192283;-6.3351981896;0.0572973244;0.0110469046;-0.0256004480;-0.0870920000;0.8079950000;0.1664630000
204;1.3911185440;-7.3524575370;-6.6218944207;-0.0241150492;0.0935367542;-0.0093631280;-0.0874580000;0.8081770000;0.1647950000
205;1.4030414593;-7.4691850956;-6.4041224657;0.0398729262;0.0755424234;-0.0216817184;-0.0885630000;0.8079270000;0.1646140000
206;1.2578328341;-7.1784072090;-6.2986588443;-0.0028242533;0.0785996650;-0.0207863303;-0.0903260000;0.8086000000;0.1649520000
207;1.3844058294;-7.2543804705;-6.1809695419;0.0240284649;0.0681492394;-0.0035446310;-0.0923780000;0.8084860000;0.1650080000
208;1.2960928817;-7.3493965778;-6.0020236898;0.0041815407;0.0558315820;-0.0071302538;-0.0909760000;0.8092530000;0.1656100000
209;1.3733103127;-7.2389084600;-6.0499143220;0.0533849240;0.0268618863;-0.0215189852;-0.0922620000;0.8080980000;0.1646020000
210;1.4972678255;-7.1991281496;-6.3312219204;-0.0031218665;0.0340388409;0.0076226954;-0.0917890000;0.8085280000;0.1632410000
211;1.4907274645;-7.4127329090;-6.2176734612;0.0203147817;0.0265023609;-0.0034260730;-0.0937560000;0.8081730000;0.1623390000
212;1.4284544879;-7.3276225446;-5.9999048195;0.0461917829;0.0017542125;0.0022323688;-0.0917300000;0.8097610000;0.1618570000
213;1.4532813480;-7.3601507222;-6.1060884259;0.0507139847;0.0077432685;-0.0060183141;-0.0914160000;0.8095390000;0.1600810000
214;1.4335781716;-7.5173030496;-6.0430875778;0.0257205354;0.0028422228;0.0113262872;-0.0898980000;0.8093860000;0.1602810000
215;1.4324472211;-7.6306841185;-6.1353740088;0.0154738830;0.0001648891;0.0022276814;-0.0901710000;0.8084580000;0.1602770000
216;1.4567948074;-7.6012918094;-6.1634470207;0.0560185685;0.0099866057;0.0122339487;-0.0897390000;0.8102370000;0.1582160000
217;1.3982851535;-7.4886216103;-6.1959737927;-0.0069390128;0.0182867141;0.0244584886;-0.0883520000;0.8108790000;0.1585420000
218;1.3767046263;-7.5673730690;-6.1156190593;0.0157602276;0.0000874753;-0.0014586051;-0.0883370000;0.8108710000;0.1588180000
219;1.3511510283;-7.6380736565;-6.2312383138;0.0325494690;0.0107730142;0.0048947162;-0.0880750000;0.8096790000;0.1585620000
220;1.3598712396;-7.4295625337;-6.1605377666;0.0207119165;-0.0062107033;0.0039782595;-0.0884270000;0.8105180000;0.1571650000
221;1.3479594909;-7.4265225437;-6.2286761152;0.0228844312;-0.0127134063;-0.0103684990;-0.0877790000;0.8107950000;0.1565000000
222;1.3188649272;-7.5047327351;-6.2462997297;-0.0280767799;0.0049271161;0.0092806147;-0.0867260000;0.8103400000;0.1581980000
223;1.3396351112;-7.4727204278;-6.3025738567;-0.0422823743;0.0205121164;0.0147723096;-0.0859000000;0.8091340000;0.1582400000
224;1.3504397758;-7.5930313644;-6.2280173581;-0.0097670971;-0.0034639493;-0.0078300838;-0.0877030000;0.8098930000;0.1603660000
225;1.3221408487;-7.5692465517;-6.2647175735;0.0133830990;0.0067163237;-0.0480951548;-0.0879610000;0.8093570000;0.1606350000
226;1.2897085601;-7.2899550532;-6.1419836261;0.0123815355;0.0078184521;-0.0212991892;-0.0882430000;0.8100950000;0.1580010000
227;1.3562881912;-7.3845412276;-6.1980345560;-0.0159024631;0.0237377345;-0.0034162970;-0.0886710000;0.8097740000;0.1601900000
228;1.3854614520;-7.4198137343;-6.3406070526;-0.0263376239;0.0237919543;-0.0215720297;-0.0877560000;0.8095870000;0.1618810000
229;1.2977345540;-7.3771495835;-6.0482961873;0.0685736564;-0.0023750497;-0.0247208315;-0.0877620000;0.8095240000;0.1592640000
230;1.3360123368;-7.3958626313;-6.4050313248;0.0516682610;0.0035682200;0.0076569821;-0.0899610000;0.8112110000;0.1566850000
231;1.4193377250;-7.4474960433;-6.2559183489;-0.0224981177;0.0339103717;0.0128281679;-0.0887780000;0.8103590000;0.1582540000
232;1.3385341886;-7.5969168008;-6.4039363723;-0.0248872511;0.0515294587;-0.0071405266;-0.0893830000;0.8109900000;0.1597390000
233;1.3690854441;-7.4422363089;-6.0227608956;0.0650257373;0.0066515390;-0.0210716770;-0.0904250000;0.8102450000;0.1581880000
234;1.3304874050;-7.2819226218;-6.0756881270;0.0221629981;0.0034934551;-0.0142975533;-0.0907290000;0.8098640000;0.1576280000
235;1.3946577620;-7.3602809729;-6.2233311730;-0.0369475828;0.0224098546;-0.0144067679;-0.0898920000;0.8109110000;0.1579290000
236;1.3881744265;-7.5270394893;-6.2781249691;-0.0261712566;0.0265968916;-0.0145346872;-0.0891520000;0.8104780000;0.1589260000
237;1.3595975491;-7.6221376644;-6.3026541505;-0.0104989529;0.0255245738;-0.0071295903;-0.0895570000;0.8107440000;0.1590460000
238;1.3610408937;-7.4779762068;-6.1787343123;-0.0146111891;0.0382964859;-0.0143152747;-0.0901130000;0.8104880000;0.1588870000
239;1.3592301586;-7.3485014694;-6.2338423954;0.0087041732;0.0255505422;-0.0015543552;-0.0909190000;0.8094270000;0.1591380000
240;1.3550948757;-7.5398412321;-6.2057787705;-0.0013328458;0.0339907733;-0.0016225806;-0.0888320000;0.8101860000;0.1597670000
241;1.3745927789;-7.6091661443;-6.1808584854;0.0022512252;0.0195692137;-0.0171392251;-0.0892500000;0.8096630000;0.1596170000
242;1.3572938174;-7.3016551645;-6.3214346437;0.0004171797;0.0192706969;-0.0051491191;-0.0907930000;0.8104260000;0.1614770000
243;1.3687524655;-7.3158007519;-6.1101755045;0.0260396383;0.0318352442;-0.0097205610;-0.0909660000;0.8093830000;0.1607890000
244;1.3756645044;-7.4364352953;-6.2176969950;0.0058908810;0.0320304006;-0.0174095293;-0.0907110000;0.8083940000;0.1579150000
245;1.3826858379;-7.2804831371;-6.1656530730;-0.0124903729;0.0270319785;0.0056801250;-0.0906060000;0.8087400000;0.1598440000
246;1.3921606443;-7.3332616111;-6.0237626166;0.0093963235;0.0202058592;0.0002839899;-0.0907890000;0.8092960000;0.1590070000
247;1.3730583681;-7.3795937241;-6.1113793415;-0.0121725669;0.0155684255;0.0085785071;-0.0890680000;0.8097710000;0.1604490000
248;1.3888510919;-7.3532326183;-6.2365312705;-0.0085832802;0.0219828981;-0.0123524974;-0.0912630000;0.8092640000;0.1603650000
249;1.3265363672;-7.4034996591;-6.0722881149;-0.0161001132;0.0161981422;-0.0033680179;-0.0906450000;0.8089580000;0.1616310000
250;1.3732267449;-7.5046656090;-6.1133350575;0.0129973792;0.0055063474;0.0039438415;-0.0897840000;0.8087970000;0.1623560000
251;1.3851288365;-7.3666608435;-6.3877721458;0.0039382036;0.0055629935;0.0095533237;-0.0889970000;0.8086740000;0.1617000000
252;1.3270728877;-7.3133884942;-6.1059279688;-0.0123843310;0.0094865006;0.0093588453;-0.0879290000;0.8078130000;0.1636770000
253;1.3422408629;-7.3751659799;-6.1918030257;-0.0088568092;0.0029678130;0.0049041763;-0.0868340000;0.8093950000;0.1637090000
254;1.3232136185;-7.3432877186;-6.3791082339;0.0219106873;0.0018657294;0.0040768189;-0.0887170000;0.8094650000;0.1618430000
255;1.3457810617;-7.2826576660;-6.2227919691;0.0427838025;0.0238561033;-0.0088071423;-0.0894560000;0.8094990000;0.1608490000
256;1.3914420491;-7.2949662729;-6.1930449243;0.0557046717;0.0216615863;0.0057762820;-0.0886410000;0.8104900000;0.1582580000
257;1.3726230830;-7.1636642510;-5.9392618450;0.0216751264;0.0121812946;0.0386168752;-0.0875080000;0.8086020000;0.1588680000
258;1.2786037599;-7.0686958714;-5.6540096466;0.0746048892;-0.0474751308;0.0524627641;-0.0862690000;0.8101800000;0.1590440000
259;1.2754082495;-6.9834503455;-5.5420901287;0.0506035758;-0.0836522648;0.1029728698;-0.0838830000;0.8121210000;0.1551320000
260;1.0881718386;-6.7321494582;-5.3412538642;0.0986538029;-0.1445680512;0.1498306817;-0.0795960000;0.8121250000;0.1533760000
261;1.0458677787;-6.7532301675;-5.4940599172;0.0831315692;-0.2178762144;0.2134093101;-0.0721370000;0.8123520000;0.1520220000
262;0.9243072827;-6.5318993617;-5.1746253251;0.0142736662;-0.2540020773;0.2753442025;-0.0631210000;0.8120070000;0.1515600000
263;0.6569748505;-6.5128160640;-5.0771762939;0.0169536065;-0.3738517696;0.3171315449;-0.0510440000;0.8134670000;0.1520340000
264;0.3755491224;-6.1210026860;-4.8781477252;0.0680111718;-0.4741111191;0.4749833902;-0.0338300000;0.8137140000;0.1512080000
265;0.0515593621;-6.6227459481;-4.9951600973;0.2036203900;-0.5826831701;0.6363446963;-0.0129100000;0.8145170000;0.1480490000
266;-0.3081048624;-6.3048213308;-5.1012178191;-0.0239483985;-0.6071933982;0.7265477982;0.0108330000;0.8151860000;0.1439020000
267;-0.9713049941;-6.2562931487;-4.6643786031;0.1883027395;-0.7688944891;0.7784428463;0.0384530000;0.8136030000;0.1429570000
268;-1.5110080112;-5.8806207374;-4.6232696976;0.2409223398;-0.9328970316;0.9277239973;0.0711070000;0.8117250000;0.1313370000
269;-2.4182151903;-5.6955823007;-4.6589907398;-0.0830488653;-0.8608076335;1.1035332327;0.1106930000;0.8080070000;0.1262050000
270;-2.7881758451;-6.9756357499;-5.6933133764;-0.1725356821;-0.9843653152;1.1296837629;0.1512600000;0.8012810000;0.1238900000
271;-3.4621506479;-6.1169693403;-5.3833125959;-0.4806483412;-0.9419151729;1.1777544615;0.1902380000;0.7908240000;0.1274590000
272;-4.8731549544;-5.5749125155;-4.0959056339;-0.4104278007;-1.2796130843;1.3051543453;0.2335600000;0.7781520000;0.1327330000
273;-5.8727125602;-6.1035462725;-5.7687650632;-0.4480108265;-1.1919531749;1.3616678663;0.2785500000;0.7618690000;0.1283240000
274;-6.3662418917;-5.8250260602;-4.8682557016;-0.6404825391;-1.2049936864;1.4726656230;0.3291720000;0.7375520000;0.1339760000
275;-7.0130254292;-6.9269776913;-6.3396158253;-0.4680624931;-1.1821992168;1.2488435217;0.3746210000;0.7168590000;0.1303060000
276;-7.3991591389;-6.3208513268;-6.4947980648;-0.8876750830;-1.1030001365;1.3577848511;0.4186960000;0.6929300000;0.1289450000
277;-7.7021430611;-7.0931428771;-6.1139066939;0.0268460363;-1.1529785718;1.0614144364;0.4567950000;0.6688380000;0.1210110000
278;-8.1857669996;-5.1185096149;-6.0805136814;0.3220036889;-1.2029741661;1.1027427474;0.4901350000;0.6481060000;0.0887620000
279;-8.2358634147;-4.6529391784;-5.0194680805;-0.1035184732;-0.9812340197;1.1706754077;0.5210510000;0.6230580000;0.0696680000
280;-8.7298347367;-5.0808948086;-4.9350695040;0.0402959082;-1.0471364609;1.0041730049;0.5489670000;0.6006910000;0.0458890000
281;-8.8247489017;-4.5182357707;-4.3601141903;-0.2468196550;-0.9154474541;1.0844891412;0.5759510000;0.5778550000;0.0251060000
282;-9.0849595673;-4.4785466708;-4.6618785944;0.0447753076;-0.8462847229;0.7523780440;0.5979080000;0.5557130000;0.0050800000
283;-9.3317942316;-4.3273803543;-6.5202850129;-0.6080850822;-1.3439416891;1.1365439064;0.6156210000;0.5350740000;-0.0148530000
284;-9.3695481762;-4.3414220163;-4.5269971244;-0.5064887852;-0.9173621522;0.8152757771;0.6344590000;0.5096250000;-0.0243760000
285;-9.4478537173;-4.0206971343;-3.8659780392;0.0258766924;-0.8206174464;0.7026488867;0.6473590000;0.4893090000;-0.0446420000
286;-9.7420397874;-4.0194901152;-4.5063834593;-0.2323734218;-0.5461245849;0.5368649055;0.6598790000;0.4750890000;-0.0641400000
287;-9.7165841725;-3.7767940565;-3.9325517684;-0.2625583346;-0.4419832881;0.3459360776;0.6687250000;0.4630800000;-0.0705830000
288;-9.5932562463;-2.8450583638;-3.0622553274;-0.0515142561;-0.4385730512;0.2273804439;0.6708040000;0.4572760000;-0.0828510000
289;-8.8945963269;-2.4607210922;-2.7678800899;-0.2439166811;-0.1810728231;0.1991501001;0.6704870000;0.4542480000;-0.0887630000
290;-9.3970855286;-2.3481369600;-2.5336140359;-0.3412463264;-0.1768361986;0.1296083972;0.6735040000;0.4520920000;-0.0887640000
291;-9.5601449316;-2.1368931104;-3.1140757277;-0.0198345695;-0.0735420586;0.0152119472;0.6757680000;0.4465920000;-0.0926260000
292;-9.6395413700;-2.1703312592;-2.7109536456;0.1390995978;-0.1212009879;0.0577020603;0.6759570000;0.4457040000;-0.0992220000
293;-9.2729834075;-1.7706992770;-2.4571025995;-0.1258369748;0.0272067140;0.0504381018;0.6784400000;0.4436790000;-0.0989700000
294;-9.3549640478;-2.0921366296;-1.9436105006;0.0700278566;-0.0035939481;-0.0038899000;0.6755310000;0.4444530000;-0.0970270000
295;-9.4423411973;-1.9397048064;-1.9121187170;0.0664092232;-0.0012743632;0.0285178837;0.6761460000;0.4434870000;-0.1008510000
296;-9.2333653610;-2.0430721239;-2.1007194025;0.1101057219;0.0032498698;-0.0132626085;0.6797810000;0.4414890000;-0.1020670000
297;-9.7743092397;-1.9178048718;-1.9247013123;0.1280895532;-0.0133634914;-0.0223808150;0.6773730000;0.4416200000;-0.1060210000
298;-9.4436942681;-1.7383383381;-2.0131430100;0.0708375101;0.0021048754;-0.0473315882;0.6777860000;0.4416820000;-0.1084840000
299;-9.4819885282;-1.7822244283;-1.9497533978;-0.0859858919;0.0387687447;0.0029425737;0.6753840000;0.4448620000;-0.1072260000
300;-9.5990895192;-1.8489273916;-1.8546529281;0.1404719087;-0.0124303611;-0.0350217110;0.6765690000;0.4435450000;-0.1081330000
301;-9.2525125079;-1.6273100916;-1.9628687746;0.0953903421;-0.0058321353;-0.0224347563;0.6753400000;0.4449510000;-0.1105340000
302;-9.2610936550;-1.9611558134;-1.8589202299;-0.0245408334;0.0323821752;0.0308952191;0.6758850000;0.4430880000;-0.1106360000
303;-9.2797944078;-2.0823102502;-1.8919100963;-0.0592686505;0.0489554678;-0.0177699953;0.6772780000;0.4436590000;-0.1076920000
304;-9.2864028860;-2.2076981435;-1.7921974916;0.0822778469;-0.0112622526;-0.0599940299;0.6737080000;0.4446960000;-0.1103220000
305;-9.5016392325;-1.7361140043;-1.8554817168;0.1046958919;-0.0088308864;-0.0423795358;0.6741950000;0.4453850000;-0.1114090000
306;-9.1979221425;-1.6722812121;-2.0851382885;-0.0022805006;0.0328271346;-0.0423677827;0.6739220000;0.4449890000;-0.1114170000
307;-9.1031223810;-1.8290003916;-2.3110713106;0.0847594034;0.0612589724;-0.0562793656;0.6732780000;0.4460370000;-0.1106240000
308;-8.7372513592;-2.4274785072;-3.9351503825;0.2892257230;0.1863944900;-0.1117786730;0.6715960000;0.4480650000;-0.1112570000
309;-9.3511958457;-2.8816371706;-4.5349135576;-0.0131267038;0.4289582294;-0.1586591440;0.6697090000;0.4515190000;-0.1055750000
310;-10.1644495475;-4.1339824203;-4.8000246858;-0.1174506458;0.7336100568;-0.3153555752;0.6672770000;0.4597520000;-0.0846630000
311;-10.0850488406;-5.0389129170;-4.6813448014;0.4008956449;0.8853090902;-0.4924006267;0.6625030000;0.4684800000;-0.0664660000
312;-10.1884860268;-5.2856580650;-5.1884706896;0.3345322954;1.1232993236;-0.8051407879;0.6516390000;0.4857320000;-0.0466470000
313;-10.2913476368;-5.4549669149;-4.8408182265;0.2613393699;1.1896417005;-1.0879293405;0.6341040000;0.5104630000;-0.0208160000
314;-10.2200681626;-5.2058363724;-5.1881786685;0.6297097603;1.2638135620;-1.3450488288;0.6085180000;0.5423000000;0.0007840000
315;-9.7036585581;-5.0398149535;-5.9150691215;0.4709682201;1.2652077288;-1.3814049853;0.5782170000;0.5757400000;0.0188780000
316;-9.7377429542;-5.1918375655;-6.1737355688;0.2735139162;1.4785048162;-1.4510408203;0.5450590000;0.6071410000;0.0397640000
317;-9.3971478010;-5.7583871684;-6.3780109691;0.3128649523;1.7318821596;-1.5665112421;0.5040640000;0.6392970000;0.0651490000
318;-8.7282466856;-5.6004904001;-6.1927462301;0.3732257715;1.7796400848;-1.6387060420;0.4579350000;0.6717370000;0.0918410000
319;-8.1904562273;-5.2153857882;-5.7170840942;0.3797966257;1.7690489244;-1.6300069183;0.4062870000;0.7011990000;0.1126880000
320;-7.2135411652;-5.3025334723;-5.2267966953;0.2343028454;1.7851326440;-1.6272547612;0.3521090000;0.7265370000;0.1297440000
321;-6.4886591159;-5.2776930527;-4.6635916464;0.1349466878;1.7023354769;-1.4865024287;0.3027470000;0.7510200000;0.1471390000
322;-5.4399604415;-5.4305884930;-4.0469718885;0.0871249958;1.5112024397;-1.4542082962;0.2510690000;0.7676200000;0.1620180000
323;-4.2306806103;-5.3455370977;-4.0676231499;0.0144443272;1.3839996682;-1.3808277523;0.2000240000;0.7816520000;0.1733620000
324;-3.2673779535;-5.5116747388;-4.1577547450;0.1789562613;1.1777682925;-1.1989487273;0.1511000000;0.7901220000;0.1782220000
325;-2.2106567465;-5.2671165606;-4.1438351917;0.1604772553;1.0116756105;-0.9970441667;0.1108010000;0.7967830000;0.1779320000
326;-1.4765262319;-5.4081838393;-4.4687253090;0.1778042190;0.7986600020;-0.8522396729;0.0762810000;0.8043020000;0.1781440000
327;-0.8552220592;-5.5762989547;-4.3432282599;0.0769590347;0.6456516332;-0.6643638777;0.0492220000;0.8077980000;0.1768950000
328;-0.2788660632;-5.8091201005;-4.4882607334;0.0019361137;0.4804596797;-0.5296365261;0.0265530000;0.8085250000;0.1781820000
329;0.0606454269;-6.0652471449;-4.9212346339;0.0731039674;0.3485662015;-0.4171179743;0.0121500000;0.8085490000;0.1727840000
330;0.4033043544;-6.4162831253;-5.2373661531;0.0100809721;0.2664422996;-0.3369168095;-0.0009240000;0.8092420000;0.1717040000
331;0.5974820508;-6.6791454590;-5.6869856538;0.0254882512;0.2318686662;-0.2091369335;-0.0138400000;0.8099220000;0.1760000000
332;0.7705394345;-6.6786704355;-5.7068315070;-0.0161639417;0.1509788513;-0.1846354022;-0.0207350000;0.8106780000;0.1751670000
333;0.6594087984;-6.9251546736;-6.1612639432;-0.0934378932;0.1036503447;-0.1184463238;-0.0261810000;0.8107170000;0.1757740000
334;0.7019736034;-6.7835744205;-6.0409182022;-0.2333996966;0.1550066830;-0.1103497323;-0.0267840000;0.8061010000;0.1796390000
335;0.7526329603;-6.9860809576;-6.2716304883;0.0243519205;0.1072176054;-0.1022151353;-0.0301250000;0.8054960000;0.1836410000
336;0.7902773806;-6.8007999518;-6.2801866837;0.1177141465;-0.0053402166;-0.0771991814;-0.0363160000;0.8080940000;0.1832360000
337;0.7667259492;-6.7887177472;-6.1871600616;-0.0549339102;0.0500665158;-0.0148144982;-0.0368210000;0.8087420000;0.1840370000
338;0.9176087641;-7.0741589010;-6.3229245052;0.0093399856;-0.0106591209;-0.0087310121;-0.0362690000;0.8072740000;0.1840700000
339;0.9010237367;-6.9094528903;-6.4658290696;-0.0323031267;-0.0046325102;0.0297721392;-0.0348030000;0.8073460000;0.1808230000
340;0.9048467933;-7.2368644062;-6.6095842977;-0.0330217477;0.0082252762;0.0564157113;-0.0326230000;0.8072630000;0.1831150000
341;0.8680481328;-7.5278680845;-6.6388921330;-0.0396806669;0.0101454988;0.0708983204;-0.0327480000;0.8081210000;0.1858570000
342;0.8476030486;-7.5081620144;-6.6772950331;-0.0724633222;0.0465021950;0.0223128941;-0.0310450000;0.8068790000;0.1868990000
343;0.7708406785;-7.3363241047;-6.3744284025;-0.0361704266;0.0418064049;0.0082199326;-0.0308350000;0.8073050000;0.1907600000
344;0.8053453887;-7.5744123200;-6.4116037019;0.0150760546;0.0394400058;0.0046597994;-0.0285190000;0.8054960000;0.1879740000
345;0.8312871607;-7.2920103795;-6.4789693776;0.0267054340;0.0396363674;-0.0134557345;-0.0290770000;0.8063040000;0.1878080000
346;0.7427587159;-7.1366218156;-6.4058426428;0.0261607853;0.0181640094;0.0147333367;-0.0284310000;0.8067800000;0.1896210000
347;0.7676241394;-7.3283401365;-6.5142123151;0.0277835303;0.0127535220;0.0263239705;-0.0281630000;0.8065150000;0.1894960000
348;0.7957392268;-7.1584692820;-6.5656076963;0.0447315763;-0.0019420980;0.0122327868;-0.0274680000;0.8065700000;0.1871820000
349;0.6960860670;-7.3438917269;-6.3263499866;0.0003744282;0.0073499453;0.0038440800;-0.0275300000;0.8075310000;0.1860710000
350;0.7386333532;-7.2711402753;-6.5558088949;0.0094467332;0.0001905450;0.0202299099;-0.0249840000;0.8075980000;0.1875500000
351;0.7210577534;-7.4623030833;-6.6865231191;0.0004760309;0.0308368926;0.0146541267;-0.0255180000;0.8073310000;0.1878060000
352;0.7404009059;-7.4319996478;-6.5500517275;-0.0103643696;0.0451863854;-0.0091260801;-0.0242600000;0.8075710000;0.1882680000
353;0.7367170233;-7.5492867333;-6.4915590322;-0.0279744592;0.0235201684;-0.0216669875;-0.0244600000;0.8078020000;0.1896350000
354;0.7374763080;-7.3920904786;-6.5074677643;0.0281560778;0.0341473127;-0.0124705992;-0.0257070000;0.8072260000;0.1868350000
355;0.7371938491;-7.3418523395;-6.4839117201;0.0466912348;0.0151578373;-0.0268194475;-0.0264840000;0.8061490000;0.1876380000
356;0.7351627815;-7.3019032170;-6.4267623510;0.0556083219;0.0156808786;-0.0219891497;-0.0276150000;0.8073730000;0.1870330000
357;0.7636216915;-7.2235599603;-6.6054707693;0.0147776344;0.0257056233;-0.0062999862;-0.0286810000;0.8071710000;0.1850640000
358;0.7087065714;-7.3266792300;-6.3497431070;0.0133924911;0.0269657165;-0.0125182436;-0.0292070000;0.8069000000;0.1854580000
359;0.7556409750;-7.3930769169;-6.3005699741;0.0407309571;0.0114604131;0.0040212718;-0.0284070000;0.8074330000;0.1850730000
360;0.7738776643;-7.2353989610;-6.3645975196;0.0042381849;0.0342254101;-0.0115312617;-0.0281940000;0.8082580000;0.1839740000
361;0.8182666019;-7.3423586452;-6.4633815969;0.0093782331;0.0114910260;-0.0212231463;-0.0273830000;0.8067940000;0.1837420000
362;0.7988553592;-7.4110054324;-6.6083466627;-0.0284814482;0.0219863274;-0.0218897148;-0.0307420000;0.8087220000;0.1824910000
363;0.7840879941;-7.4108791035;-6.5280240964;-0.0121274274;0.0298015520;-0.0165371088;-0.0300260000;0.8083670000;0.1855520000
364;0.7694668686;-7.2666913535;-6.5774234256;-0.0048623866;0.0282435376;-0.0236301391;-0.0300920000;0.8073380000;0.1843170000
365;0.7482074260;-7.3742453305;-6.4839167459;0.0225647832;0.0265320882;-0.0288031905;-0.0317170000;0.8078770000;0.1846610000
366;0.8262466598;-7.2033390343;-6.6498462022;0.0095337512;0.0302099562;-0.0170653144;-0.0323120000;0.8077730000;0.1838120000
367;0.8489828855;-7.2519352582;-6.5226492464;0.0116046142;0.0361275712;-0.0241918651;-0.0331980000;0.8084100000;0.1851490000
368;0.8269069070;-7.3737188651;-6.4948786485;0.0095558664;0.0282125989;-0.0318049846;-0.0329200000;0.8066790000;0.1851730000
369;0.8079630882;-7.3103276443;-6.3949043837;0.0425252347;0.0373105429;-0.0034203034;-0.0359110000;0.8078280000;0.1831160000
370;0.8481229339;-7.2971386799;-6.4577766885;0.0311382678;0.0053597327;0.0057954501;-0.0341240000;0.8068770000;0.1831950000
371;0.8206377982;-7.3031417835;-6.4009730413;0.0201426458;0.0052891684;0.0003067456;-0.0340580000;0.8082390000;0.1819480000
372;0.8459075231;-7.3331381433;-6.2124542204;0.0416717060;0.0194400019;-0.0123265542;-0.0331350000;0.8083800000;0.1812960000
373;0.8594583422;-7.2993175895;-6.2078937030;0.0312430439;-0.0018321999;0.0076001351;-0.0336170000;0.8093490000;0.1800300000
374;0.8463027866;-7.4309025864;-6.3713346934;-0.0086922541;0.0048478642;0.0150133416;-0.0322590000;0.8090750000;0.1798110000
375;0.8298768211;-7.3268565479;-6.5084444101;-0.0166400553;0.0047497915;0.0075126666;-0.0322110000;0.8078570000;0.1806480000
376;0.7456239770;-7.2169274927;-6.4106928288;-0.0220356451;-0.0123443146;-0.0163210921;-0.0321360000;0.8080840000;0.1820260000
377;0.7729661809;-7.3875218614;-6.5430102312;-0.0140551523;-0.0017163840;-0.0042328327;-0.0321040000;0.8074050000;0.1825840000
378;0.7788134709;-7.3331964603;-6.4821610294;-0.0004470735;0.0015215453;-0.0212624846;-0.0325640000;0.8080300000;0.1842130000
379;0.7863723454;-7.3751178070;-6.6301395318;0.0119392360;-0.0037747422;-0.0126795220;-0.0325770000;0.8072400000;0.1839430000
380;0.8050886921;-7.2742396910;-6.5462113771;0.0132720420;0.0230158491;-0.0126429903;-0.0337970000;0.8073130000;0.1816900000
381;0.7488640447;-7.5533630032;-6.3553882455;0.0297499519;0.0288740697;-0.0273818383;-0.0328070000;0.8082170000;0.1822740000
382;0.7956504392;-7.3808686824;-6.4329543335;0.0478007302;0.0214092273;-0.0088277987;-0.0340100000;0.8074850000;0.1803030000
383;0.7879455163;-7.3173622597;-6.2892984394;0.0278559027;0.0085453578;-0.0178394538;-0.0342720000;0.8088100000;0.1805580000
384;0.7991204584;-7.1640200243;-6.2641458275;0.0094404570;0.0160477509;-0.0218248132;-0.0351100000;0.8084280000;0.1802520000
385;0.7937766405;-7.2688026478;-6.4914773769;-0.0136736870;0.0121876610;-0.0340434734;-0.0355970000;0.8083380000;0.1788560000
386;0.8230380168;-7.3493487019;-6.4831077396;0.0128464180;-0.0019831781;-0.0122424482;-0.0363830000;0.8085940000;0.1795110000
387;0.8303457863;-7.3556236329;-6.3895104792;-0.0237573331;0.0066072809;0.0020409114;-0.0360550000;0.8082980000;0.1804900000
388;0.8172799012;-7.3438203387;-6.3562290109;0.0101412582;-0.0199056402;-0.0169191339;-0.0360560000;0.8085640000;0.1804890000
389;0.8401216040;-7.2649986728;-6.2727237552;0.0341122769;-0.0102781510;-0.0215185053;-0.0360080000;0.8070790000;0.1813280000
390;0.8097306114;-7.4076239451;-6.2869003277;0.0257777169;-0.0038271065;-0.0144120313;-0.0356350000;0.8083560000;0.1781660000
391;0.7861466375;-7.2473467359;-6.2503816709;0.0258159617;-0.0143046551;-0.0022965611;-0.0357260000;0.8078040000;0.1789930000
392;0.8141300584;-7.0297608760;-6.0826618159;0.0623637784;-0.0348422985;0.0077412347;-0.0356880000;0.8083830000;0.1772000000
393;0.7933791778;-7.0989695812;-5.9389610703;0.0857311252;-0.0594965244;0.0596697891;-0.0326570000;0.8076150000;0.1749860000
394;0.8175831296;-6.7196560834;-5.6889157831;0.1413912871;-0.0861410318;0.1470775356;-0.0289390000;0.8098920000;0.1729150000
395;0.7174947682;-6.5915706403;-5.2677646573;0.1922254843;-0.1355669653;0.2394380703;-0.0213560000;0.8109220000;0.1663270000
396;0.3208910061;-6.4421614658;-5.2768684560;0.1494981217;-0.2409907820;0.2656206048;-0.0138820000;0.8120050000;0.1627630000
397;0.1585664105;-6.2305718113;-4.7455805486;0.0712122367;-0.3491494686;0.2913000561;-0.0006430000;0.8132900000;0.1594290000
398;-0.1081175402;-5.8358668982;-4.5623291185;0.1915153754;-0.4924438827;0.4061526183;0.0142220000;0.8140360000;0.1557520000
399;-0.5188215234;-5.8432275300;-4.6533459616;0.0774339501;-0.5941892417;0.6035824931;0.0341590000;0.8118750000;0.1495450000
400;-0.8996468606;-6.3908155881;-4.9657366151;0.0648578335;-0.6975539291;0.7175236448;0.0583410000;0.8105340000;0.1458430000
401;-1.4868390767;-6.0006281132;-4.5328753820;-0.0339648816;-0.8243505610;0.8002528923;0.0878550000;0.8081470000;0.1444290000
402;-2.1020944075;-6.6035377825;-4.6511234579;0.0584716650;-0.9641416615;0.8439154462;0.1173890000;0.8043580000;0.1408230000
403;-2.7885464725;-6.5294108456;-5.1427012003;0.0291781017;-1.0179652970;0.9872478995;0.1500920000;0.7995990000;0.1325310000
404;-3.5201291182;-6.2320533095;-4.3799793378;-0.1704824979;-1.1099050435;1.1553959231;0.1935010000;0.7875500000;0.1294040000
405;-4.3030804532;-7.5471569286;-6.2776081915;-0.0418412183;-1.0793149732;1.0834113011;0.2332480000;0.7779790000;0.1195020000
406;-4.8419493335;-5.7490585100;-4.8262503239;-0.5181610481;-1.1826296217;1.2684658380;0.2718140000;0.7658700000;0.1154930000
407;-5.8678495043;-7.1672776535;-6.1514323168;-0.1604170297;-1.1018223365;1.1453826926;0.3128080000;0.7497720000;0.1106460000
408;-6.3492571974;-5.7467924817;-5.5106499139;-0.3994448765;-1.1771913249;1.3026634466;0.3538520000;0.7317250000;0.1041630000
409;-7.0394039338;-6.0532726889;-5.5198540773;-0.3328044505;-1.1338531958;1.3438661141;0.3971820000;0.7069030000;0.1016770000
410;-7.5070898344;-5.4194198430;-5.2694416369;-0.4663071148;-1.1344502911;1.2219308486;0.4358850000;0.6862970000;0.0923650000
411;-8.0843617819;-5.5872596185;-5.6478003594;-0.4651132346;-1.0843104964;1.2252932353;0.4717110000;0.6629330000;0.0829570000
412;-8.3264632088;-5.4322617435;-5.5225135450;-0.3362037166;-1.1072879738;1.2067182836;0.5067110000;0.6376540000;0.0709130000
413;-8.6610877182;-5.2842533740;-5.3130547707;-0.6432594369;-0.9862585344;1.2022671696;0.5381350000;0.6115550000;0.0610730000
414;-8.9339902746;-5.5759071302;-5.6729477150;-0.3241047012;-0.9063054308;0.9300691352;0.5629640000;0.5870580000;0.0534360000
415;-8.5910187763;-4.6024056327;-5.2446202525;-0.4132436750;-0.8843229662;0.8298522907;0.5833250000;0.5675630000;0.0393850000
416;-9.3987078472;-4.2514699843;-4.6476624208;-0.4701371200;-0.5121736650;0.6666840857;0.6023110000;0.5478170000;0.0302390000
417;-9.2846243997;-4.4624571926;-4.7416550681;-0.1053395512;-1.0647156646;0.8957408041;0.6209160000;0.5273330000;0.0091020000
418;-9.4287805176;-3.2207330091;-4.2828559396;-0.1242533911;-0.8594296836;0.6205360620;0.6351530000;0.5104070000;-0.0141640000
419;-9.5022635250;-3.4759703651;-3.4853100354;-0.0718220749;-0.7051676446;0.5390830377;0.6437920000;0.4945200000;-0.0295370000
420;-9.5550081807;-3.1864968636;-3.4247780711;-0.0246986224;-0.5947482562;0.4222710734;0.6532620000;0.4828040000;-0.0471110000
421;-9.6620753404;-3.5003684275;-3.3662579634;0.0270596529;-0.4954960548;0.3692008030;0.6628570000;0.4698980000;-0.0649470000
422;-9.4075033345;-2.7653387603;-3.2288622731;-0.0084711830;-0.4624071352;0.3006644935;0.6681710000;0.4612330000;-0.0807820000
423;-9.6150252539;-2.3448553691;-2.8481069264;-0.3116407979;-0.3823674167;0.2461382751;0.6700740000;0.4545190000;-0.0887820000
424;-9.2520660214;-2.7154941492;-2.4798080476;-0.4641193105;-0.2141843854;0.1845546693;0.6699950000;0.4529660000;-0.0902880000
425;-9.4082974758;-2.3230495881;-2.4058330125;-0.1380439479;-0.1849683436;0.1162143727;0.6726620000;0.4508500000;-0.0916800000
426;-9.3219217983;-1.8362710967;-2.7793533935;-0.0231422217;-0.2057776315;0.0794076994;0.6760740000;0.4443840000;-0.0996210000
427;-9.3982786941;-2.2158898297;-3.1820751179;-0.0804988182;0.0006916827;-0.0077819369;0.6778280000;0.4439140000;-0.0976190000
428;-9.7743651559;-1.8597712521;-2.3991362470;0.0113537032;0.0359167506;-0.0006001843;0.6763490000;0.4443810000;-0.0996100000
429;-9.3597798876;-1.6645300207;-1.7318379223;-0.0493620609;0.0783236798;0.0138082649;0.6751420000;0.4445790000;-0.0966300000
430;-9.2257103189;-1.7699352059;-1.3600617397;0.1291954206;0.0436911162;0.0050393572;0.6754830000;0.4450740000;-0.0953810000
431;-9.6044687473;-1.5525285739;-1.3774381270;0.0272830290;-0.0103496248;0.0068265763;0.6768820000;0.4441830000;-0.0973840000
432;-9.3464342846;-1.6980393922;-1.7419616192;-0.0597244539;-0.0311539053;0.0014472457;0.6781490000;0.4434900000;-0.0967770000
433;-9.3784345455;-1.9293478699;-2.0401677986;0.0019697562;-0.0013146612;-0.0022123160;0.6799800000;0.4437790000;-0.0983580000
434;-9.4201245031;-2.0141473848;-2.1807027864;0.0255124405;-0.0165642832;-0.0506188497;0.6751100000;0.4431360000;-0.1022670000
435;-9.4051523011;-1.7255343622;-2.0814111848;0.0166119091;0.0275113247;-0.0257711958;0.6737700000;0.4456580000;-0.1016510000
436;-9.3482898623;-1.5315936984;-1.8789465258;0.0593901822;0.0414525812;-0.0058770057;0.6747450000;0.4457730000;-0.1013370000
437;-9.3881841666;-1.5665831677;-1.9165326697;-0.0051299009;0.0222305745;-0.0124774146;0.6753630000;0.4456000000;-0.1000720000
438;-9.2725079231;-1.7247167834;-1.9391072449;0.0309880087;0.0727155081;0.0011218724;0.6750720000;0.4455440000;-0.0978790000
439;-9.6637144768;-1.6060241059;-1.7800615656;0.0822339225;0.0384612192;0.0031774621;0.6745620000;0.4453320000;-0.0996890000
440;-9.3202171429;-1.6030699917;-1.8198650492;0.0011109360;0.0311286589;0.0104075233;0.6754190000;0.4439780000;-0.0990930000
441;-9.3443709928;-1.8438660898;-1.8579958256;0.0894316482;0.0298426136;-0.0102614950;0.6760980000;0.4441070000;-0.0992050000
442;-9.3727343279;-1.8474098432;-1.9775843731;0.1352773810;0.0425163072;-0.0152571002;0.6757950000;0.4430620000;-0.0997600000
443;-9.5573533140;-1.7468520022;-1.9998439773;0.0469165708;0.0382089096;-0.0077897783;0.6752340000;0.4422120000;-0.1025310000
444;-9.5075360955;-1.8395268207;-1.8430671438;-0.0032041249;0.0672161618;0.0001878193;0.6769560000;0.4435520000;-0.1035730000
445;-9.3923493585;-1.8746344521;-2.0499513471;-0.0166922720;0.0340307818;-0.0349597630;0.6750000000;0.4445850000;-0.1017310000
446;-9.4096336813;-1.9397874333;-2.0835788326;0.0782038616;0.0897332790;-0.0262490714;0.6759130000;0.4449290000;-0.1000450000
447;-9.4174502725;-1.8027081133;-1.8122161440;0.1588554533;0.0474503786;-0.0105154223;0.6761290000;0.4441590000;-0.1011320000
448;-9.5602312333;-1.5676751405;-1.7749602792;0.0879172127;0.0526473221;-0.0194440736;0.6755510000;0.4436480000;-0.1017020000
449;-9.2405113914;-1.7146497131;-1.8183247641;-0.0230018574;0.0697146219;0.0207913623;0.6760980000;0.4447060000;-0.1016880000
450;-9.4262689998;-1.8821342522;-1.8348548129;-0.0014162536;0.0508772023;-0.0078098566;0.6751990000;0.4438880000;-0.1006160000
451;-9.4670303354;-1.8926246065;-1.9940623613;-0.0142450679;0.0217238245;-0.0153262060;0.6759160000;0.4436000000;-0.1000350000
452;-9.2958436014;-1.9260184520;-2.0276576842;0.1026429874;0.0459786438;-0.0004886587;0.6767290000;0.4416040000;-0.1002630000
453;-9.4486821890;-1.8154872992;-1.8629823859;0.1057232836;0.0207679246;-0.0279824661;0.6760840000;0.4441810000;-0.1019600000
454;-9.2624745965;-1.8116758483;-1.9184075009;-0.0050803192;0.0246901517;-0.0172557793;0.6746030000;0.4444490000;-0.1014710000
455;-9.1887686283;-1.8074520041;-2.1299840220;-0.0429483120;0.0353477524;-0.0098677593;0.6739460000;0.4449730000;-0.1009500000
456;-9.3908619434;-1.7344104607;-2.0490563282;-0.0211132368;0.0488894005;-0.0257777201;0.6756140000;0.4451430000;-0.0979920000
457;-9.2785600149;-1.7697036094;-1.9582993635;0.1004747807;0.0218347227;0.0033086441;0.6746930000;0.4446690000;-0.0998160000
458;-9.4420908964;-1.7744936026;-1.9140691848;0.0426171076;0.0466829916;0.0525922390;0.6746630000;0.4449500000;-0.1003700000
459;-9.2816307551;-1.9122058822;-1.9048097142;0.0181713807;0.0075236779;-0.0077285275;0.6769530000;0.4434180000;-0.0986150000
460;-9.4491542850;-1.9436052823;-2.0343414243;0.0093131088;0.0336768007;-0.0167905161;0.6757930000;0.4441250000;-0.0997680000
461;-9.4771361612;-1.9468972288;-2.1029364029;0.0411732836;0.0297144375;-0.0077297919;0.6759600000;0.4442420000;-0.0992110000
462;-9.1957144168;-1.9579042308;-2.0160286457;0.0652589467;0.0212234973;-0.0250546897;0.6756400000;0.4444000000;-0.1000520000
463;-9.4907262803;-1.9209946963;-2.0663429248;0.0277575454;0.0497784653;-0.0006050157;0.6750160000;0.4443110000;-0.1014530000
464;-9.3443884192;-1.9360714802;-2.1897573139;0.0424152523;0.0487097640;-0.0226726292;0.6733950000;0.4459100000;-0.1009790000
465;-9.1150250795;-2.1825666619;-2.6577577926;0.0521932560;0.1015911477;-0.0515023992;0.6726940000;0.4447950000;-0.0987960000
466;-9.3191314304;-2.4077899207;-3.3955379900;0.0460397189;0.1717061220;-0.1122127441;0.6719700000;0.4478080000;-0.0969190000
467;-9.6635355950;-2.6599139839;-3.9889876037;-0.2384942756;0.3774697069;-0.1384319479;0.6712300000;0.4517550000;-0.0852720000
468;-10.0314852727;-4.0893303141;-4.2546668153;-0.1876349340;0.6459822498;-0.2498491591;0.6689140000;0.4595330000;-0.0672450000
469;-10.0040087876;-4.7168738201;-4.9502425447;0.1796951663;0.7544469746;-0.4417317714;0.6633290000;0.4685950000;-0.0463280000
470;-10.0198844307;-4.9197251854;-5.3224820154;0.2496415996;0.9476758595;-0.8061312562;0.6516540000;0.4870440000;-0.0262750000
471;-10.0918058716;-4.7005377659;-5.5854505193;0.0501959655;1.2059626649;-1.1881519320;0.6334260000;0.5115210000;-0.0006080000
472;-10.2221373933;-5.0153617561;-5.4198146384;0.2232651743;1.3160943797;-1.3599638333;0.6060810000;0.5432960000;0.0289090000
473;-9.9921399279;-5.4221332070;-5.4408895602;0.7989487959;1.2909109099;-1.3979199095;0.5725150000;0.5781540000;0.0449330000
474;-9.9158996591;-5.4217431065;-5.6630004212;1.0579009597;1.1990735826;-1.6293821050;0.5320370000;0.6164350000;0.0499140000
475;-9.3797123139;-5.6620959675;-6.1509406331;0.8643058476;1.4248612856;-1.8378987478;0.4873070000;0.6537660000;0.0522520000
476;-8.6707056650;-5.9529130741;-5.9480365334;0.5931830573;1.5681705607;-1.8443083781;0.4400750000;0.6871570000;0.0587880000
477;-7.9898150265;-6.1144693909;-5.7781809614;0.6353624910;1.6216058776;-1.7661459518;0.3870890000;0.7177500000;0.0677290000
478;-7.3597186998;-6.3587550731;-5.3941608964;0.4811187376;1.5565625824;-1.7622919340;0.3359050000;0.7442660000;0.0744320000
479;-6.6155368851;-6.0962738342;-4.6797529178;0.3278113582;1.5732841544;-1.6661841023;0.2734390000;0.7680660000;0.0826290000
480;-5.5454326437;-6.3919017519;-4.2321364830;0.3042337356;1.4182248795;-1.6284675205;0.2189220000;0.7877330000;0.0882840000
481;-4.5631641669;-6.4059102382;-4.2626557570;0.1251847280;1.3366966609;-1.6074228583;0.1696900000;0.8011360000;0.0926820000
482;-3.6057569246;-6.3033530401;-4.1000588786;0.0848660522;1.2648791774;-1.4907887815;0.1191160000;0.8109540000;0.0974660000
483;-2.5587645252;-6.0000793390;-3.5094583055;0.2511807482;1.1175750846;-1.2694670737;0.0723420000;0.8179640000;0.0965010000
484;-1.6696577352;-6.0946399899;-3.7194392534;0.3524510633;0.8771210600;-1.1226846058;0.0284300000;0.8200440000;0.0850830000
485;-0.7474590863;-6.0185685872;-3.5978224660;0.2219587440;0.7172446447;-0.9606480358;-0.0073510000;0.8240740000;0.0771450000
486;-0.0323179762;-6.1071956605;-3.6136122038;0.1787439585;0.5952217580;-0.8063884806;-0.0374780000;0.8258360000;0.0723420000
487;0.5239524407;-5.9454343159;-3.8506930125;0.0206031281;0.4463971164;-0.6587394250;-0.0600480000;0.8238590000;0.0703490000
488;0.9707857987;-6.1136111033;-3.9867821595;-0.0550173204;0.3281806191;-0.4396227117;-0.0789750000;0.8231330000;0.0698700000
489;1.1372311138;-6.3682808245;-4.2510117605;-0.0704235835;0.2512857667;-0.2497310840;-0.0874750000;0.8210980000;0.0696810000
490;1.4978941326;-7.0082441529;-4.3284658489;-0.1527279273;0.1592202547;-0.0950046988;-0.0922580000;0.8210740000;0.0723810000
491;1.4926058203;-6.9666158554;-4.5263838162;-0.0813073254;0.0728200180;-0.0969721353;-0.0974570000;0.8214520000;0.0800190000
492;1.5345332153;-7.3440106534;-4.7688249678;-0.0104501482;-0.0247660916;-0.0675798438;-0.1008560000;0.8207450000;0.0779600000
493;1.4573628233;-6.8508306478;-4.8511325132;-0.1348185443;0.0160264948;0.0228191685;-0.1006010000;0.8214140000;0.0826470000
494;1.3646005259;-7.2263310271;-4.8030011399;-0.0255399209;-0.1092319809;0.0960350285;-0.0941000000;0.8197240000;0.0837470000
495;1.3285484015;-6.9837246935;-5.1683057021;-0.1680099117;-0.0878426613;0.1795452582;-0.0885820000;0.8203780000;0.0869930000
496;1.1957537568;-7.3084165279;-5.3815432524;-0.2008302338;-0.0764659078;0.3007358198;-0.0836660000;0.8200010000;0.0942160000
497;1.1133175342;-7.8652447552;-5.6822074918;-0.0505448908;-0.1074521998;0.3471448497;-0.0716910000;0.8211780000;0.1003350000
498;0.9154815449;-7.7788168934;-5.3968730774;0.0275912436;-0.1351842129;0.3190005203;-0.0610820000;0.8215060000;0.0989680000
499;0.6682401784;-7.4804535536;-5.0267651056;0.0434436815;-0.1638667638;0.2695011503;-0.0468280000;0.8216230000;0.0991260000
500;0.4665685165;-7.2877079760;-4.7173225090;0.0896308924;-0.2639923012;0.2967684594;-0.0372930000;0.8212880000;0.0981340000
501;0.2390045242;-6.8942130822;-4.4156261348;0.0895706936;-0.3291719696;0.3995973842;-0.0281260000;0.8227950000;0.0929830000
502;-0.0166758796;-6.3502021825;-4.4315579207;-0.0501000681;-0.4176081896;0.5099177763;-0.0113540000;0.8220650000;0.0940750000
503;-0.3499236652;-6.4058600277;-4.4308537238;-0.1317967415;-0.4823948856;0.6614324352;0.0087400000;0.8220130000;0.0983240000
504;-0.9393592305;-5.8785686546;-4.2283076095;-0.0724301219;-0.6276390099;0.8024992314;0.0367280000;0.8188530000;0.1015370000
505;-1.4289238362;-6.5071058083;-4.3308859683;-0.0353880752;-0.7270988977;0.9204846090;0.0661780000;0.8166290000;0.1039750000
506;-2.0843329289;-6.1301006217;-4.1007230587;-0.0980955388;-0.9254227758;1.0714206100;0.1009880000;0.8128840000;0.1016810000
507;-2.8152560741;-6.5913990352;-4.7438461674;-0.2728257768;-0.9169698186;1.1118152325;0.1403060000;0.8041850000;0.1040120000
508;-3.5357046203;-6.4279204695;-5.9309732633;-0.5903833372;-1.0282995759;1.2606701574;0.1818790000;0.7950320000;0.1124950000
509;-3.8148328434;-7.1226816407;-6.0331937132;-0.9076274717;-0.8490832637;1.2258791838;0.2254390000;0.7781880000;0.1295150000
510;-4.8084965919;-7.9040735571;-6.2829061027;-0.2161869607;-1.0647500960;1.1712978923;0.2681770000;0.7634800000;0.1365710000
511;-5.3289978875;-7.0808394884;-6.4409454120;-0.4234886382;-1.0821837245;1.0009222531;0.3003590000;0.7509440000;0.1360270000
512;-5.9502367190;-6.6292274564;-5.7038734071;-0.3173481856;-0.9985856071;1.0827554739;0.3381790000;0.7335600000;0.1357440000
513;-6.2495342668;-6.9870259694;-6.5183289203;-0.2908768051;-0.9764375299;0.9350115537;0.3703260000;0.7187200000;0.1269520000
514;-6.4953656340;-6.0702334881;-5.4403243728;-0.4936977493;-0.9509355722;1.1573295739;0.4033930000;0.7000380000;0.1223570000
515;-7.1109219861;-5.8445665696;-6.0268793259;0.0013601582;-1.0089512033;0.8410438272;0.4339310000;0.6816810000;0.1115990000
516;-7.3401649958;-5.0909222284;-5.5211983396;-0.4677299888;-0.8924624781;0.8737112050;0.4626800000;0.6673260000;0.1058350000
517;-7.8677636590;-4.8942823628;-4.3415717329;-0.3776337380;-0.9396685421;0.8987380516;0.4875510000;0.6475210000;0.1016070000
518;-8.0543392208;-5.0612210716;-5.8570836786;-0.2473304656;-0.8773822365;0.7881794310;0.5131800000;0.6283390000;0.0887300000
519;-8.3165281727;-4.9318609112;-5.0670636759;-0.6069858306;-0.8065364157;0.8846326576;0.5346780000;0.6105370000;0.0804970000
520;-8.5971472005;-4.5992344480;-4.6963310147;-0.6541447206;-0.8350997188;0.7238625398;0.5553620000;0.5904790000;0.0773420000
521;-8.9168173737;-4.3000669776;-4.8042110627;-0.7074189524;-0.7418356802;0.6183952404;0.5753520000;0.5727560000;0.0766220000
522;-8.8610715168;-3.7684051301;-4.6037797364;-0.8461934625;-0.7043322980;0.4945310438;0.5896320000;0.5573260000;0.0767570000
523;-9.1517076830;-3.1771808466;-4.0181964889;-0.6661627556;-0.8723431786;0.5935169169;0.6047240000;0.5420270000;0.0716910000
524;-9.0322160945;-3.0300472156;-4.5974822251;-0.5028518264;-0.9339981537;0.5196624627;0.6144850000;0.5285720000;0.0593740000
525;-9.2298307425;-2.6159035254;-4.2402045159;-0.5310574541;-0.8928542897;0.5126597973;0.6280730000;0.5127600000;0.0443360000
526;-9.3732263387;-2.7557482374;-3.4148362339;-0.1797879369;-0.7642627689;0.3665850054;0.6414680000;0.5008260000;0.0333940000
527;-9.4331205454;-2.0359751429;-3.6235101714;0.0102340281;-0.6743095154;0.3013819270;0.6484370000;0.4930700000;0.0127990000
528;-9.1578749711;-1.7896287930;-3.7261349146;-0.1133713805;-0.5753996217;0.3300223574;0.6556230000;0.4828150000;-0.0039140000
529;-9.3383833139;-1.8302607403;-3.7675267207;-0.0859999654;-0.3304491332;0.2033336187;0.6584750000;0.4798160000;-0.0169970000
530;-9.0542021480;-2.1554199711;-3.7147811318;-0.0393626679;-0.2720141767;0.1964757694;0.6643320000;0.4718760000;-0.0253800000
531;-9.6254991608;-2.4465171405;-3.0387278778;0.0416868341;-0.2254888855;0.2635658460;0.6714200000;0.4639790000;-0.0320920000
532;-9.7180985548;-2.7474078834;-3.6364825473;0.1512931393;-0.0567166226;0.0406745929;0.6738600000;0.4600520000;-0.0402300000
533;-9.5784685676;-2.3305159864;-2.6487760858;0.0533192892;-0.0233208800;-0.0067815361;0.6737770000;0.4605590000;-0.0442310000
534;-9.4938415642;-1.7318120204;-2.1746705895;0.2693949452;-0.0157595324;-0.0294091730;0.6715180000;0.4618770000;-0.0479130000
535;-9.5825259516;-1.3244314188;-1.9510218865;0.0476635339;0.0154043852;-0.0640424475;0.6712290000;0.4624870000;-0.0506840000
536;-9.4699290901;-1.1851003189;-1.6971511286;-0.0466813185;0.0377848573;-0.0318153923;0.6709850000;0.4629400000;-0.0526250000
537;-9.4593486704;-1.3650181199;-2.0482917918;0.1289359415;-0.0109427552;0.0143049090;0.6708060000;0.4629080000;-0.0550750000
538;-9.3258380570;-1.6181012298;-2.3654884752;0.0184077527;0.0304189036;0.0131827854;0.6714350000;0.4613350000;-0.0561400000
539;-9.4758902180;-1.8750973955;-2.5466091826;0.1990535090;0.0796297130;-0.0170000511;0.6700900000;0.4623990000;-0.0556510000
540;-9.4402623125;-1.9096386816;-2.4058678162;0.0852133047;0.1114788401;0.0027985565;0.6698850000;0.4617030000;-0.0544150000
541;-9.7959299485;-2.1759380457;-1.8763242035;0.0227880642;0.1352327399;-0.0135796194;0.6723220000;0.4602330000;-0.0549950000
542;-9.8539032750;-1.8409700321;-1.5559647047;-0.0081552850;0.0920129727;-0.0717365387;0.6724100000;0.4607850000;-0.0508640000
543;-9.3433537457;-1.5937959888;-1.5828263480;0.0785868423;0.0272638949;-0.1147615351;0.6700240000;0.4631600000;-0.0493240000
544;-8.9977720451;-1.3781770444;-2.0056815036;0.0004518275;0.0049249239;-0.0867516007;0.6674340000;0.4659030000;-0.0515140000
545;-9.1751550896;-1.1880747749;-2.4870263631;-0.3622524910;0.0852184748;-0.0232222070;0.6672860000;0.4660410000;-0.0467010000
546;-9.2487879679;-1.4897438790;-2.6796819682;-0.2927713212;0.1208447670;-0.0382420150;0.6672690000;0.4685030000;-0.0394210000
547;-9.0846940677;-1.8027404747;-2.8271968706;-0.0225433070;0.1007964424;-0.0205936474;0.6655880000;0.4682700000;-0.0350800000
548;-8.9428801559;-2.2407745617;-3.7744423306;0.1167541511;0.2049688951;-0.0578731253;0.6661910000;0.4706930000;-0.0314940000
549;-9.2358737009;-2.5421353774;-4.7708161612;0.0473645679;0.3839142127;-0.1417783297;0.6635390000;0.4721240000;-0.0206220000
550;-9.6301695906;-3.8153298536;-5.7622932588;0.0320816626;0.6491224062;-0.1117232506;0.6617780000;0.4775710000;-0.0050300000
551;-10.3398519296;-5.2873668302;-6.8479665377;0.2797529903;1.1078974753;-0.4803819520;0.6527850000;0.4861970000;0.0136920000
552;-10.4121104974;-6.2384471069;-7.3864812913;0.7794860992;1.4016539454;-0.9128107326;0.6372370000;0.5047050000;0.0381390000
553;-10.9929600314;-5.9078677633;-7.3828011183;0.8151078166;1.5766420529;-1.2527165902;0.6083930000;0.5382260000;0.0579480000
554;-10.8214091692;-5.8880323016;-6.9595049988;0.8753279617;1.8398285692;-1.4971418708;0.5712300000;0.5747970000;0.0860790000
555;-10.8701591022;-5.7729806201;-6.4040297651;0.9635577168;1.6872637162;-1.6464277242;0.5299720000;0.6118620000;0.1021940000
556;-10.4391901969;-5.2413124603;-6.1092455786;0.9174344867;1.8559530153;-1.8840589052;0.4834960000;0.6503200000;0.1127160000
557;-9.3851747029;-5.2882295892;-5.9191532553;0.4665929115;2.0011132753;-2.0508199881;0.4214880000;0.6890250000;0.1297740000
558;-8.4460423213;-5.7503106481;-6.3888236830;0.2438203356;1.9998854323;-1.9881264512;0.3563840000;0.7226220000;0.1501880000
559;-7.4874062679;-5.1827295473;-5.6612330495;-0.0898099111;2.0255312256;-1.8634436370;0.2857950000;0.7482430000;0.1777380000
560;-6.4295197770;-5.1653017467;-5.1465846345;0.0649022840;1.8724108732;-1.7359038688;0.2204910000;0.7659410000;0.1964700000
561;-5.2329480225;-5.0262149935;-4.5599595581;0.1176778383;1.7531943462;-1.5616895040;0.1597620000;0.7817080000;0.2111300000
562;-3.7720203815;-5.0116487469;-4.3797651395;0.3159101498;1.6163080852;-1.4129815992;0.0994640000;0.7920890000;0.2134530000
563;-2.7070429547;-4.8889247698;-3.7024456520;0.5170674330;1.3276028396;-1.2881136892;0.0476130000;0.8001540000;0.2048400000
564;-1.5726757452;-4.4751593248;-3.5044613941;0.6384542771;1.0314354725;-1.1024200367;-0.0010030000;0.8040330000;0.1826170000
565;-0.4366005694;-4.3988660091;-3.3336930601;0.4884919892;0.6935167028;-0.8835835540;-0.0371290000;0.8086360000;0.1633690000
566;0.4752510106;-4.4979862935;-3.7752956701;0.1947401448;0.6233979769;-0.6920647533;-0.0671260000;0.8106670000;0.1584320000
567;0.9819667843;-5.3176110134;-4.1328665528;0.0843264078;0.4639962363;-0.4636933417;-0.0889810000;0.8109270000;0.1520440000
568;1.2691140708;-5.3228319035;-4.4918445876;-0.0002239863;0.2566122710;-0.2890637984;-0.1021890000;0.8104250000;0.1509670000
569;1.5095957047;-6.2404267095;-5.0662035677;0.0290243339;0.1900450315;-0.1949619817;-0.1054680000;0.8081990000;0.1460320000
570;1.6480010367;-6.1749421035;-5.5928754942;-0.0423705264;0.1505416151;-0.0239525714;-0.1079920000;0.8082530000;0.1449660000
571;1.5218988059;-6.5178119175;-5.6930122759;-0.0374666405;0.0511637878;0.0836718481;-0.1116740000;0.8094750000;0.1503180000
572;1.4849370752;-7.1299131745;-6.0018198604;-0.0570705736;0.0246335704;0.0696757182;-0.1088610000;0.8096760000;0.1516690000
573;1.4945846867;-7.1442473571;-6.0917322551;0.0251927930;0.0403306787;0.0911733851;-0.1083020000;0.8086030000;0.1518360000
574;1.4331454989;-7.0827722018;-6.1664902660;-0.0578859039;0.0883798020;0.1175033011;-0.0976110000;0.8092880000;0.1519850000
575;1.2993622943;-7.3331741925;-6.0801328838;-0.0489148851;0.0554437595;0.1326492062;-0.0944470000;0.8089160000;0.1547310000
576;1.3213484016;-7.4766048631;-6.2112099333;0.0111763820;0.0385046438;0.0837836294;-0.0957860000;0.8106410000;0.1553540000
577;1.3168494248;-7.5133986130;-6.1415553543;0.0127621151;0.0347034927;0.0927878118;-0.0920260000;0.8103070000;0.1564710000
578;1.2413803173;-7.2237082020;-5.9623439348;0.0675921599;-0.0335023757;0.0723498881;-0.0898450000;0.8111540000;0.1537980000
579;1.1424034879;-6.9992374476;-5.7995024270;-0.0767201743;-0.0316715471;0.1297940776;-0.0847010000;0.8092060000;0.1551210000
580;1.1240923040;-7.1140325523;-5.5626667553;-0.0134842453;-0.0715528266;0.1469537178;-0.0783270000;0.8100360000;0.1564720000
581;0.9854035060;-6.7703929628;-5.3598030776;0.0438240785;-0.1525473089;0.1819962939;-0.0735010000;0.8106350000;0.1570750000
582;0.7979064460;-6.1842716925;-4.9704752730;0.0218752441;-0.2227509149;0.2519162553;-0.0658860000;0.8124440000;0.1561280000
583;0.5142020470;-5.2188942194;-4.0107763266;-0.0674053403;-0.3771525883;0.4126323999;-0.0519110000;0.8121640000;0.1583590000
584;0.0567585960;-4.9258777317;-4.3249456803;0.0649950910;-0.5670103300;0.6371799720;-0.0311710000;0.8129920000;0.1593230000
585;-0.5595640700;-4.6395883514;-3.1416243013;-0.2037717039;-0.8027652235;0.8180399637;-0.0035070000;0.8101930000;0.1640360000
586;-1.2847558795;-4.4732577641;-3.8218241760;-0.0018379654;-1.0186752682;1.0247426034;0.0303230000;0.8098540000;0.1688400000
587;-2.3810894087;-5.0059099126;-3.4065801569;-0.0894887170;-1.3087393573;1.3083917632;0.0754720000;0.8049140000;0.1675220000
588;-3.3595913117;-5.1808272111;-4.6629958535;-0.4887586674;-1.3622255368;1.5180836443;0.1276140000;0.7971770000;0.1687080000
589;-4.8188699646;-5.2094779943;-4.6959975708;-0.4334056528;-1.6444761212;1.6875130549;0.1936970000;0.7796700000;0.1753260000
590;-5.7422867995;-6.6541603725;-6.0845828209;-0.8077885448;-1.6057516197;1.5717675587;0.2510550000;0.7613800000;0.1816180000
591;-7.4545955948;-5.8683987301;-5.1584828373;-0.1273330300;-1.8103374269;1.7291666387;0.3096500000;0.7391630000;0.1753190000
592;-7.7921737597;-6.2946826742;-7.4014942646;-0.4479539543;-1.7485072592;1.5209782082;0.3642630000;0.7174610000;0.1563250000
593;-8.4941327595;-6.7247922398;-5.8820587277;-0.2589710298;-1.4880707696;1.5318428090;0.4135890000;0.6905380000;0.1456950000
594;-8.8641009367;-6.9837179704;-6.9807813118;-0.0263676698;-1.8406316322;1.0756247679;0.4601480000;0.6648580000;0.1145650000
595;-9.0096504975;-6.0958407520;-5.9026501241;-0.5847410540;-1.5579509329;1.1045337579;0.4934610000;0.6436050000;0.0918200000
596;-9.1534484439;-6.1424874185;-6.2588077071;-0.4398674444;-1.3354379175;1.0408775422;0.5252080000;0.6213980000;0.0754930000
597;-9.1955342945;-5.1332412754;-6.4994015044;-0.6402035519;-1.2011918827;0.9547974367;0.5530130000;0.5986850000;0.0596990000
598;-9.0152877356;-4.3611963655;-6.1523239064;-0.7697910779;-1.0544870262;0.9164277754;0.5771490000;0.5773850000;0.0520100000
599;-9.3551060996;-3.5495178949;-4.8886208280;-0.8046540344;-1.3397414518;0.9933057609;0.5978390000;0.5492950000;0.0412030000
600;-9.2034996341;-3.6984495139;-5.0768407268;-0.5239692092;-0.8477732908;0.6543917292;0.6172790000;0.5283950000;0.0302930000
601;-9.4453363083;-3.2093925548;-4.0172968247;-0.1717614067;-0.7848264645;0.6592703505;0.6356160000;0.5112970000;0.0118750000
602;-9.6736538320;-2.8827347359;-3.7651902526;-0.3605169432;-0.5479689497;0.5130034674;0.6464990000;0.4977520000;-0.0024610000
603;-9.8199325361;-3.1161297249;-3.4459561773;-0.0793271766;-0.4670657268;0.3939692242;0.6564770000;0.4855830000;-0.0132640000
604;-9.8304486049;-2.7255333738;-3.5288001323;-0.0914160204;-0.4160486339;0.2470242920;0.6575930000;0.4801220000;-0.0230940000
605;-9.4823400835;-2.5284559641;-3.5196107766;0.0646723615;-0.3342720871;0.1483029975;0.6619510000;0.4755140000;-0.0362430000
606;-9.4469686870;-2.5742494871;-3.8057661351;-0.0607820213;-0.0795785406;0.0338108755;0.6669310000;0.4709290000;-0.0455120000
607;-9.4616854771;-2.5349959251;-3.0823763376;0.0529904419;-0.1131581183;0.0395549654;0.6690360000;0.4708760000;-0.0504200000
608;-9.5959691126;-1.9643639207;-2.5195357834;0.1227779604;-0.0161373250;0.0123491352;0.6688120000;0.4696600000;-0.0545520000
609;-9.2419490229;-1.5694589104;-2.3135690899;0.0185013659;0.0836534120;0.0065553133;0.6645860000;0.4725470000;-0.0515750000
610;-9.5050757757;-1.8344748031;-1.8686130477;0.0287595390;0.0479495304;-0.0006400522;0.6627760000;0.4729100000;-0.0495840000
611;-9.5769393700;-1.8097188371;-1.7455917904;0.0933559870;0.0417277131;-0.0004961946;0.6671050000;0.4687110000;-0.0532360000
612;-9.5927520851;-1.7077087762;-1.9155859897;0.1635580198;0.0116092976;-0.0360344693;0.6652550000;0.4707560000;-0.0544280000
613;-9.5343855184;-1.8107876049;-1.9852040890;-0.0015735215;0.0167242932;-0.0141848709;0.6658220000;0.4700110000;-0.0566030000
614;-9.3795214509;-2.0841819257;-2.2693443047;-0.0092217715;0.0387320230;-0.0757176848;0.6646720000;0.4725050000;-0.0550150000
615;-9.4977344632;-1.9638345969;-2.3781235021;0.0505878758;0.0736191386;-0.0507901410;0.6637090000;0.4731810000;-0.0550580000
616;-9.5757745325;-1.8419951033;-2.3277034229;0.0603939949;0.1123830061;-0.0708064956;0.6641940000;0.4744680000;-0.0536710000
617;-9.4586420992;-1.7241614706;-2.3862047908;0.0870519726;0.1290352107;-0.0797147447;0.6630510000;0.4766920000;-0.0519420000
618;-9.3591823882;-1.8342419259;-2.5872132174;0.1335801028;0.1471319703;-0.0729934667;0.6605770000;0.4773180000;-0.0495670000
619;-9.2585224116;-2.3813680241;-3.0280395120;0.1208831923;0.2296207415;-0.0877358087;0.6579700000;0.4791380000;-0.0470680000
620;-9.7092355888;-2.8516468770;-3.5872924857;0.0426839044;0.2874899830;-0.1086175693;0.6571140000;0.4814850000;-0.0400940000
621;-9.7432228939;-3.9953032922;-4.3552131262;-0.0935333858;0.5506540720;-0.2920222120;0.6545390000;0.4874700000;-0.0293600000
622;-9.6034221312;-4.6428451124;-5.0791747263;0.0969750918;0.7898524699;-0.5118277658;0.6458350000;0.4963510000;-0.0103530000
623;-9.7184478752;-5.7578891485;-5.6360298139;0.3152705068;1.0299402505;-0.8903410471;0.6325650000;0.5167210000;0.0132080000
624;-10.0250809577;-5.7783834256;-5.2970083896;0.6388308261;1.2525164074;-1.0683498712;0.6084310000;0.5416690000;0.0336820000
625;-10.0612472894;-5.8703427740;-5.6727857879;0.7300091799;1.3776092422;-1.4042270817;0.5767140000;0.5752190000;0.0485550000
626;-9.8811401647;-5.8436860788;-5.5508375702;0.8215591451;1.1827605545;-1.6472574728;0.5397900000;0.6090230000;0.0559160000
627;-9.5001806573;-5.4815212461;-5.8580960906;0.6580482807;1.3561043753;-1.7804521317;0.4952040000;0.6478130000;0.0636220000
628;-9.1046123091;-5.4810925955;-5.5444179776;0.4895763020;1.4728243345;-1.8717638905;0.4434630000;0.6820410000;0.0756190000
629;-8.4709190986;-5.5644693113;-5.4713842726;0.4862642759;1.5757695153;-1.8297810904;0.3854700000;0.7149140000;0.0859980000
630;-7.7441879687;-5.4182440365;-5.7197934168;0.0585214639;1.5699117953;-1.7220363773;0.3347340000;0.7417370000;0.1011210000
631;-6.9582763218;-5.8344555585;-4.8934263032;-0.0279612804;1.5407449614;-1.4958236306;0.2846110000;0.7590920000;0.1221220000
632;-6.2594755553;-6.0527721170;-5.2207719919;0.0883572764;1.5034732055;-1.4499667048;0.2332580000;0.7751320000;0.1381240000
633;-5.2323658359;-6.0744120620;-5.0048927191;0.1539604653;1.4467659855;-1.3453370825;0.1832270000;0.7883280000;0.1456610000
634;-4.2384798439;-5.9347621928;-4.7047440292;0.1138374490;1.3919827971;-1.2233791456;0.1342770000;0.7969410000;0.1502440000
635;-3.4573775573;-5.8096379732;-4.0648746681;0.1917785750;1.2388611463;-1.1146214874;0.0907650000;0.8033300000;0.1514800000
636;-2.5392386775;-6.0143739568;-4.0559374089;0.1560093481;0.9949784261;-0.9939226263;0.0511690000;0.8102960000;0.1524420000
637;-1.7788980443;-5.7052896279;-4.0153055872;0.2584185974;0.8547389771;-0.8949916375;0.0189160000;0.8149030000;0.1464320000
638;-0.9220478257;-5.9150930829;-4.6016588082;0.1272993385;0.7078671812;-0.8270815305;-0.0128080000;0.8153990000;0.1399220000
639;-0.3025291381;-5.9890029351;-4.8037895719;-0.0142233969;0.6028883079;-0.6403040486;-0.0375220000;0.8138190000;0.1388030000
640;0.1915269011;-6.0314976154;-5.1042296136;-0.1554143701;0.4994978590;-0.4654498580;-0.0574610000;0.8110690000;0.1398130000
641;0.4906737539;-6.1899796169;-5.3884480831;-0.3064947580;0.4985896943;-0.3175796927;-0.0739140000;0.8124960000;0.1493460000
642;0.7155259029;-6.4895517521;-5.4058792267;-0.0825346520;0.4084686821;-0.1978166204;-0.0840430000;0.8102010000;0.1544660000
643;0.6339424744;-6.8796434793;-5.2855192637;0.2055860749;0.2785684351;-0.1282856723;-0.0909200000;0.8100200000;0.1489570000
644;0.9126837688;-7.0634380374;-5.5391360424;0.0716926710;0.2031500502;-0.1800705680;-0.0931780000;0.8082180000;0.1426810000
645;1.0513349950;-6.9402767204;-5.4998900887;-0.0308822714;0.1764020694;-0.1371525839;-0.1003140000;0.8096230000;0.1425220000
646;1.0579696914;-7.2893866784;-5.6232517400;-0.0798584198;0.1462543269;-0.1286441831;-0.1056700000;0.8094840000;0.1447870000
647;1.1683715261;-7.0088352312;-5.8515338329;0.0017313193;0.1066898818;-0.0101640439;-0.1085170000;0.8101620000;0.1453570000
648;1.2072899190;-7.1459844804;-5.9394377604;-0.0304116392;0.0503608046;-0.0425017684;-0.1114240000;0.8103380000;0.1448250000
649;1.2432640756;-7.1856914892;-5.9791404158;-0.1011071956;0.0283935490;0.0200741703;-0.1070350000;0.8077670000;0.1498410000
650;1.2569248567;-7.6571888717;-6.2109022158;0.0048327527;0.0291800757;0.0261426259;-0.1078570000;0.8071110000;0.1498130000
651;1.2247511946;-7.5983534933;-6.0928208158;-0.0197187730;0.0735254276;0.0252456743;-0.1089530000;0.8093800000;0.1498900000
652;1.1852803628;-7.6761890587;-6.0197672335;-0.0267740941;0.0622510950;0.0000089008;-0.1086170000;0.8088150000;0.1510100000
653;1.1180101221;-7.5841116692;-5.9613563620;-0.0094071852;0.0368288232;0.0092014814;-0.1093790000;0.8085280000;0.1520830000
654;1.1605286170;-7.3685507460;-5.9244263494;0.0122763513;0.0511353532;0.0439983597;-0.1076820000;0.8072240000;0.1505080000
655;1.1944291798;-7.4597490344;-5.7415107502;0.0330485885;-0.0022727480;0.0224096800;-0.1051340000;0.8074910000;0.1495070000
656;1.1742270927;-7.0103866105;-5.6357740920;0.0639719182;-0.0349635457;0.0376254573;-0.1050980000;0.8082690000;0.1501910000
657;1.1760806521;-6.7590222595;-5.5103891705;0.0431595677;-0.0930662253;0.1267796300;-0.1011330000;0.8098940000;0.1475840000
658;1.1090978498;-6.6588540505;-5.3939310706;-0.0029381204;-0.1085200096;0.1801550095;-0.0958810000;0.8114120000;0.1484720000
659;0.9061512225;-6.4575808625;-4.9360916141;0.0464816762;-0.1969048124;0.2498899199;-0.0881440000;0.8109710000;0.1471330000
660;0.6616394612;-6.1479942479;-4.6368768327;0.0372939392;-0.3189957400;0.3626368896;-0.0762540000;0.8121940000;0.1466370000
661;0.2044393001;-5.6314946690;-4.2123316830;0.0888537306;-0.4845241705;0.4960352635;-0.0604130000;0.8139180000;0.1457460000
662;-0.0349822555;-5.6574716191;-4.2684546728;-0.0319580323;-0.5661865270;0.6367004501;-0.0403780000;0.8129040000;0.1462820000
663;-0.7318496215;-5.6640265464;-3.8780799637;-0.0704894557;-0.7690417146;0.8558372378;-0.0125980000;0.8136340000;0.1482190000
664;-1.3349764466;-6.0657804006;-5.0983141887;-0.3039942850;-0.8280294045;0.9211647589;0.0232560000;0.8116300000;0.1549070000
665;-2.0051156173;-5.9125684033;-4.6209055936;-0.3888698410;-1.0441208343;1.0445225727;0.0606700000;0.8069930000;0.1649840000
666;-2.5311548102;-6.8801941072;-6.0717329410;-0.5706360003;-1.0230758418;0.9945969595;0.0960370000;0.8002480000;0.1751310000
667;-3.3745115269;-6.1699696753;-5.2903711014;-0.5123401096;-1.1764840452;1.1290292770;0.1382520000;0.7901800000;0.1876430000
668;-4.5041680045;-6.4672286948;-6.0810035476;-0.3867017795;-1.2357428020;1.0836712487;0.1807820000;0.7782340000;0.1908160000
669;-4.7083475926;-5.9101805120;-6.3115035302;-0.6036691225;-1.2807238174;1.1278511258;0.2235820000;0.7634960000;0.1988400000
670;-5.6156067963;-6.3603656826;-6.6818174638;-0.2208139274;-1.2392499764;1.2435093319;0.2687050000;0.7486070000;0.2017250000
671;-6.2047743699;-6.3580127176;-6.8168617522;-0.1678247797;-1.3617218762;1.1336756434;0.3093860000;0.7352570000;0.1885800000
672;-6.6251700570;-5.6483369854;-6.9971110575;-0.4547723015;-1.1160582141;1.1938357073;0.3515990000;0.7168960000;0.1832470000
673;-7.0844035621;-6.3009653741;-6.6966971703;-0.2567037005;-1.1906974264;1.0931681482;0.3898290000;0.6966560000;0.1751500000
674;-7.4420190702;-5.2572399994;-6.5328114206;-0.4685597038;-1.0587315605;1.0121503802;0.4264800000;0.6762020000;0.1657520000
675;-7.6145933698;-4.9911000956;-5.7443560580;-0.4671022934;-1.0581534390;0.9136019434;0.4575530000;0.6558500000;0.1595730000
676;-7.9244946755;-4.7630766652;-5.7824025739;-0.6011467432;-0.9576012486;0.8253426127;0.4867640000;0.6390750000;0.1545320000
677;-8.2811285117;-4.3832494538;-5.7964003083;-0.7546688000;-0.8901432782;0.7967550999;0.5125960000;0.6174630000;0.1526970000
678;-8.2797231210;-4.2262171560;-5.5130955330;-0.6090340941;-0.8768178072;0.6129364067;0.5349200000;0.5987820000;0.1519390000
679;-8.3932356763;-4.1949452236;-5.5329282111;-0.5156473116;-0.8684162102;0.6138634921;0.5511710000;0.5817790000;0.1454160000
680;-8.9320085386;-4.6147888687;-5.3474278704;-0.2430345618;-1.3115126140;0.9411841136;0.5743960000;0.5639860000;0.1260920000
681;-9.1324460065;-3.4516333857;-5.2165031653;-0.0658995889;-1.0967831659;0.4886467337;0.5953170000;0.5473350000;0.1047400000
682;-8.9516268770;-2.9594144303;-4.8496787590;-0.2625364533;-0.8621283881;0.2795719032;0.6081540000;0.5363430000;0.0835720000
683;-9.2032020338;-2.8119554764;-4.5534111851;-0.4617147909;-0.6792660771;0.2605758037;0.6162780000;0.5291410000;0.0715550000
684;-9.3164995426;-2.8478489905;-4.1568582194;-0.4593169100;-0.5009615471;0.3132322519;0.6231980000;0.5202750000;0.0625310000
685;-9.5403710070;-2.6598121296;-3.9748065627;-0.3935011731;-0.4383539324;0.2166064622;0.6301480000;0.5104630000;0.0590250000
686;-9.0607428302;-2.4634383152;-3.5105381365;-0.2557673152;-0.3632138015;0.1744168482;0.6364170000;0.5054370000;0.0557320000
687;-9.3173672520;-2.3586865164;-3.1280872452;-0.1658170183;-0.3645740857;0.1216908594;0.6407210000;0.5026450000;0.0491760000
688;-9.4192408309;-2.0274349329;-2.8506398513;-0.2382434818;-0.3058858851;0.0874330694;0.6438510000;0.5004360000;0.0411910000
689;-9.3601139483;-1.9100767621;-2.6900964032;-0.2565702408;-0.2289527890;0.0688272007;0.6440740000;0.5013900000;0.0352700000
690;-9.2868699316;-2.8710545672;-2.3941631376;-0.0369628963;-0.3118766272;0.1489942724;0.6481980000;0.4968280000;0.0303720000
691;-9.3100828863;-1.9691200152;-2.8041441764;-0.1727405829;-0.3053515939;0.0393605814;0.6530450000;0.4937680000;0.0237020000
692;-9.5470594684;-1.9844564392;-3.0968475982;-0.2348570592;-0.2174407129;-0.0254067933;0.6522080000;0.4944500000;0.0184300000
693;-9.5760024743;-1.9631033944;-3.2494952344;-0.1296743868;-0.0789324969;-0.0518248226;0.6508390000;0.4960570000;0.0185010000
694;-9.2516377221;-1.7970823232;-2.7100455715;0.0401985893;-0.0247696607;0.0300167322;0.6509590000;0.4942720000;0.0156260000
695;-9.2356592800;-1.5944892971;-2.1808850421;0.2234632197;0.0563124146;0.0237665850;0.6527120000;0.4953970000;0.0126580000
696;-9.5007450742;-1.6709822636;-1.9797680920;0.1851374996;0.0438220302;-0.0294421441;0.6537440000;0.4947540000;0.0114640000
697;-9.5614692774;-1.6369316483;-1.7195554386;0.0500211756;0.0018612834;-0.0212487050;0.6519370000;0.4953840000;0.0084940000
698;-9.4450429221;-1.6559235803;-2.0086218869;0.0092697047;0.0039026731;-0.0256798494;0.6525220000;0.4961570000;0.0092010000
699;-9.4689372682;-1.5725834199;-2.1772194983;-0.0230474357;-0.0262401661;-0.0188884240;0.6502790000;0.4972010000;0.0057980000
700;-9.4468375305;-1.6780623478;-2.3012751426;-0.0458886624;0.0139430405;-0.0079815321;0.6501940000;0.4973090000;0.0067580000
701;-9.3908060305;-1.7810609537;-2.3469053425;0.0623999708;0.0539933760;0.0186349927;0.6522240000;0.4967030000;0.0087720000
702;-9.3869466635;-1.7425959367;-2.1547241506;0.0759917435;0.0737532695;-0.0179396965;0.6510830000;0.4954090000;0.0079090000
703;-9.2282911817;-1.7386342411;-2.0914205910;0.0747663593;0.0576185681;-0.0434725438;0.6506840000;0.4964690000;0.0081610000
704;-9.3519488462;-1.6409405781;-1.8935616818;0.0342257273;0.0473963558;-0.0240691849;0.6502390000;0.4974200000;0.0075850000
705;-9.5656812381;-1.6592027603;-2.0858734027;0.0191771248;0.0195699205;-0.0575375847;0.6490190000;0.4972930000;0.0078120000
706;-9.3588578756;-1.7224665564;-2.1614004956;-0.0237604182;0.0041967672;-0.0168398296;0.6496300000;0.5000450000;0.0090560000
707;-9.3444316148;-1.7733049952;-2.0769622775;-0.0060130564;0.0382302311;0.0200113000;0.6479680000;0.4998050000;0.0087160000
708;-9.2873153095;-1.7487076961;-2.1604357731;-0.0567485405;0.0171667570;-0.0041889898;0.6497070000;0.4993420000;0.0104420000
709;-9.3164177719;-1.7848169422;-2.0469586831;-0.0347003695;0.0291174595;-0.0132715850;0.6485160000;0.4997320000;0.0112180000
710;-9.4572637413;-1.6879325540;-2.0303876604;-0.0769405639;0.0310211709;-0.0134396297;0.6477590000;0.4999730000;0.0124250000
711;-9.2539004389;-1.7287199744;-2.0724242206;-0.0552661081;0.0349401083;-0.0203842826;0.6475970000;0.5005840000;0.0144810000
712;-9.5029321838;-1.6049124457;-2.1691449883;-0.0202884473;0.0198314757;-0.0319482163;0.6476300000;0.4992390000;0.0150430000
713;-9.3193085131;-1.5923939670;-2.3033210107;0.0185313361;0.0449460760;-0.0355993048;0.6448740000;0.5003370000;0.0147860000
714;-9.2954941565;-1.5263870162;-2.2620218083;0.0242298827;0.0343729683;-0.0184453412;0.6479980000;0.5014470000;0.0168320000
715;-9.1357431468;-1.5414073342;-2.1893510416;0.0335887322;0.0522950044;0.0113441392;0.6464260000;0.5016270000;0.0156660000
716;-9.2783277759;-1.6252053227;-2.2144706261;0.0591486076;0.0514372222;0.0318572413;0.6468630000;0.5008140000;0.0161020000
717;-9.2407086710;-1.7115008920;-2.1713216541;0.0965284540;0.0421824584;0.0486596064;0.6480640000;0.4994890000;0.0154720000
718;-9.1723500472;-1.7823048847;-2.1017712129;0.1141632847;0.0664095140;0.0355281131;0.6485860000;0.4981690000;0.0149510000
719;-9.2664005233;-1.8079593897;-2.0959110083;0.0783152874;0.0499503562;0.0031341385;0.6490470000;0.4968790000;0.0133260000
720;-9.2212836957;-1.8363246572;-2.0574870452;0.1237213611;0.0323687542;0.0121076270;0.6484640000;0.4984950000;0.0127400000
721;-9.3070898636;-1.8309125607;-2.1040445462;0.1059695355;0.0141698093;0.0142486886;0.6484340000;0.4989760000;0.0097050000
722;-9.5125872368;-1.9054839735;-2.2363116056;0.0387947514;0.0233009144;-0.0004957500;0.6489180000;0.4980730000;0.0084910000
723;-9.4790063959;-1.9582080456;-2.1869386430;0.0435280073;0.0345875937;-0.0115308099;0.6491940000;0.4974050000;0.0085070000
724;-9.3969850578;-1.7409734541;-2.2273363482;0.0182776531;0.0218350174;-0.0226823541;0.6471110000;0.4983040000;0.0055240000
725;-9.3534246565;-1.8295288136;-2.1837234864;-0.0251409283;0.0291456632;-0.0248052036;0.6483450000;0.4984900000;0.0080520000
726;-9.3040405441;-1.8684423870;-2.1813258622;0.0011682726;0.0144861802;-0.0130361425;0.6479400000;0.4986230000;0.0081730000
727;-9.3314419867;-1.8398175940;-2.1629373812;-0.0313798077;0.0283496934;0.0065615279;0.6480690000;0.4988910000;0.0080380000
728;-9.4324115957;-1.7761407064;-2.2382470497;0.0022116206;0.0255547689;-0.0301485452;0.6468840000;0.4999420000;0.0089470000
729;-9.3456487168;-1.7550537659;-2.1764692367;-0.0212332827;0.0439449426;-0.0043099985;0.6477570000;0.4980490000;0.0098220000
730;-9.3276397657;-1.7760258112;-2.1916739112;-0.0176675064;0.0295411383;-0.0149861263;0.6473720000;0.4999000000;0.0103440000
731;-9.2672735613;-1.7837292329;-2.1869182364;-0.0121374784;0.0320119431;-0.0077669881;0.6476930000;0.4990760000;0.0111900000
732;-9.3467182211;-1.7115003188;-2.2217238748;0.0075790079;0.0269849741;-0.0005612442;0.6468540000;0.4993590000;0.0108780000
733;-9.1731631148;-1.7168943413;-2.2724275951;0.0002572063;0.0162364612;-0.0121879936;0.6468070000;0.5000470000;0.0100450000
734;-9.1829711695;-1.6592348892;-2.2550730398;0.0192244240;0.0322137824;0.0049326324;0.6479350000;0.5002850000;0.0106400000
735;-9.4794277412;-1.6642343858;-2.2629364033;0.0323733493;0.0422525445;0.0140657426;0.6461810000;0.4998910000;0.0111230000
736;-9.3983146995;-1.7130935521;-2.2343305356;0.0118271736;0.0458044498;0.0196970826;0.6470500000;0.4998590000;0.0119850000
737;-9.3940097559;-1.7433364183;-2.2268657188;0.0460599645;0.0359564497;0.0102778584;0.6478470000;0.4985360000;0.0114750000
738;-9.2765059860;-1.8135770284;-2.2458989900;0.1003058453;0.0333120430;0.0174803889;0.6485930000;0.4996280000;0.0101200000
739;-9.3295760552;-1.7969366622;-2.2820912837;0.0261597127;0.0416862827;0.0067118906;0.6485050000;0.4982110000;0.0084740000
740;-9.2337753860;-1.8823191409;-2.1428772645;0.0766630500;0.0325432307;0.0067420058;0.6490860000;0.4977910000;0.0090510000
741;-9.4961310944;-1.8599249495;-2.2230940322;0.0448589664;0.0220213476;0.0147215046;0.6493010000;0.4972860000;0.0079610000
742;-9.3321753799;-1.8144725281;-2.3454382259;0.0219213080;0.0503461420;0.0141371623;0.6493420000;0.4958050000;0.0086630000
743;-9.2512042162;-1.8992282826;-2.2802337752;0.0934976320;0.0353742592;0.0122038158;0.6497650000;0.4950650000;0.0063430000
744;-9.3325857684;-1.7118895091;-2.3758416879;0.1085402235;0.0464936698;0.0139949463;0.6498870000;0.4948050000;0.0060750000
745;-9.1283208627;-1.7695311394;-2.5672934642;0.0988330704;0.0955826776;-0.0080266352;0.6503040000;0.4926740000;0.0061070000
746;-9.2286663259;-1.9503740563;-2.3841063900;0.1537370389;0.0943421647;0.0084166095;0.6509500000;0.4941470000;0.0054340000
747;-9.2901486207;-1.9050347688;-2.4717958433;0.0422323626;0.1215535058;0.0064594021;0.6506590000;0.4938250000;0.0076280000
748;-9.2090729878;-2.2162196938;-3.1697203896;-0.0038965133;0.2352635429;-0.0298229226;0.6496180000;0.4944050000;0.0111630000
749;-9.6727378994;-2.6385778511;-3.2445091736;0.2737393135;0.2635570039;-0.0912889006;0.6471110000;0.4955120000;0.0154620000
750;-9.3580602554;-2.5412475393;-3.7889815468;0.2006780729;0.3692752799;-0.2017434727;0.6438290000;0.4993260000;0.0181950000
751;-9.6126990713;-2.9637301472;-3.6981481181;0.2788691277;0.4728225699;-0.2925463549;0.6370670000;0.5049920000;0.0275240000
752;-9.2222550605;-3.0912870496;-3.6849599759;0.3438560170;0.5220966414;-0.3428864181;0.6312010000;0.5133370000;0.0357680000
753;-9.6824446772;-3.1337552113;-3.5029098656;0.2477945723;0.6006470046;-0.3773951541;0.6210260000;0.5240780000;0.0454740000
754;-9.3617799407;-3.3950797757;-3.6416247851;0.2573573497;0.7669957555;-0.5793479059;0.6088500000;0.5350110000;0.0586790000
755;-9.1661437046;-3.7992698677;-3.8673884311;0.3103990837;0.8039780349;-0.7398704714;0.5920730000;0.5528690000;0.0731640000
756;-9.0394488979;-3.9381220595;-4.5030877976;0.4819829798;0.8534252394;-0.9583858827;0.5724790000;0.5729850000;0.0838010000
757;-8.6954265630;-3.7928852184;-4.7136212603;0.5457695684;0.7492337048;-0.8785173174;0.5487930000;0.5959240000;0.0898450000
758;-8.4596932944;-4.0627496345;-4.8759828843;0.7245471724;0.8398966886;-0.8073001346;0.5250510000;0.6178300000;0.0898330000
759;-8.5089201232;-4.4619410347;-4.8510677491;0.8091611173;0.8641887529;-0.8680373214;0.4991880000;0.6404550000;0.0886290000
760;-8.2298527871;-4.4154037674;-4.6007842522;0.6900412352;0.9157469911;-0.8863743792;0.4731770000;0.6612940000;0.0846780000
761;-7.8047094317;-4.8640823992;-4.3235654862;0.4730808971;0.8897757243;-0.9919105846;0.4495400000;0.6767730000;0.0863700000
762;-7.3491368686;-4.8907494899;-4.3010257873;0.3808821718;0.8724146187;-1.0255989481;0.4208970000;0.6959900000;0.0893500000
763;-6.9538119193;-5.1901002361;-4.5617140299;0.3497112824;0.8268736332;-0.9387349445;0.3909330000;0.7125410000;0.0931220000
764;-6.5945915277;-5.0186303163;-4.2113987901;0.2773545508;0.7900234786;-0.8949432279;0.3597710000;0.7291530000;0.0950550000
765;-5.9860857253;-4.9874068593;-4.2563575678;0.2122952347;0.7411709716;-0.7277319120;0.3331370000;0.7402040000;0.0994150000
766;-5.7430447798;-5.1388543960;-4.2836729477;0.0219555308;0.6861425287;-0.6058074261;0.3142490000;0.7488830000;0.1050670000
767;-5.2856812534;-5.5385140015;-4.1481470309;0.0072044072;0.5996380738;-0.4989145680;0.2959740000;0.7561960000;0.1118550000
768;-4.9041723411;-5.3890526161;-4.3561522632;-0.0170507968;0.5327533560;-0.3858148063;0.2818170000;0.7608080000;0.1186910000
769;-4.6208858160;-5.8299346092;-4.5264164820;-0.0625525702;0.4811187761;-0.2351654370;0.2711960000;0.7636700000;0.1249930000
770;-4.5506263299;-6.1076607062;-4.6289009542;-0.0473035500;0.3730309661;-0.1941158490;0.2613680000;0.7634840000;0.1306600000
771;-4.3034079856;-6.3568086539;-4.8423888091;-0.0547708778;0.2960864827;-0.1680797748;0.2548490000;0.7672390000;0.1368450000
772;-4.2576581411;-6.4422096080;-5.1719999867;-0.0774576814;0.2834049436;-0.1093245267;0.2491050000;0.7691490000;0.1421100000
773;-4.1632367809;-6.4612663075;-5.3165909667;-0.0922245899;0.2181162527;-0.0956189164;0.2455050000;0.7676080000;0.1463850000
774;-4.0996759212;-6.5949793115;-5.4360897857;-0.1160581566;0.1969224773;-0.1286167718;0.2433350000;0.7684820000;0.1493210000
775;-4.1149677170;-6.5744198930;-5.3675819272;-0.0204745595;0.1403502745;-0.1397802434;0.2396220000;0.7698520000;0.1541210000
776;-4.1479988667;-6.4557818797;-5.3432671106;0.0085472306;0.0990936447;-0.1025612994;0.2329990000;0.7700080000;0.1557820000
777;-3.9777990907;-6.3032033945;-5.3652273926;-0.0169706513;0.0578187630;-0.0647574856;0.2289360000;0.7717520000;0.1567080000
778;-3.9140485298;-6.5887241550;-5.6377950257;0.0336037259;0.0546391714;-0.0439221322;0.2279110000;0.7726570000;0.1580380000
779;-3.9151612966;-6.6567638735;-5.8462522795;0.0243759437;0.0471985265;0.0015211376;0.2291660000;0.7715060000;0.1558930000
780;-3.8549167072;-6.7430818306;-5.8509928708;-0.0374041653;0.0499440885;0.0306998468;0.2288760000;0.7717820000;0.1556040000
781;-3.9739263043;-6.6537558502;-5.8774726795;-0.0487880381;0.0663901608;0.0372833206;0.2288150000;0.7708810000;0.1594650000
782;-3.9761541843;-6.7697667699;-6.0732757727;-0.0085018105;0.0672424591;0.0411743572;0.2289650000;0.7719360000;0.1597390000
783;-3.9241098788;-6.6819127021;-5.8540499163;0.0026549126;0.0731374148;0.0067336787;0.2294090000;0.7708530000;0.1603150000
784;-3.9723532984;-6.6386811090;-5.8041921592;-0.0285250182;0.0715965292;-0.0167631486;0.2303580000;0.7690540000;0.1625700000
785;-3.9827830858;-6.5989465656;-5.9509441642;0.0425826549;0.0798411356;-0.0194383893;0.2300820000;0.7697220000;0.1625540000
786;-4.0538229367;-6.6796035233;-5.9118060993;0.0762833239;0.0660136110;0.0014720370;0.2284900000;0.7718380000;0.1635770000
787;-4.0310456458;-6.5679357992;-5.8222413176;0.0523607423;0.0544157077;0.0087720208;0.2286450000;0.7710970000;0.1613850000
788;-3.9332785284;-6.7172409986;-5.7577541514;0.0052028387;0.0581190630;0.0336437870;0.2287210000;0.7716580000;0.1602820000
789;-3.8360873881;-6.8464705234;-5.9164587667;0.0268333360;0.0628943435;0.0434753560;0.2297310000;0.7706280000;0.1586770000
790;-3.9200046574;-6.6447850944;-5.8274251631;0.0268950900;0.0427146612;0.0307333679;0.2313780000;0.7711410000;0.1587390000
791;-3.9205410334;-6.8176671450;-5.8649943510;0.0004622559;0.0229093722;0.0293620116;0.2316970000;0.7713810000;0.1595770000
792;-3.9078311049;-6.8823594146;-5.8794930885;0.0141978383;0.0278460155;0.0192642712;0.2329060000;0.7697870000;0.1590860000
793;-3.9350183524;-6.7183443112;-5.8274437524;0.0258078028;0.0168422713;0.0159882903;0.2345670000;0.7704260000;0.1594240000
794;-3.8696111797;-6.6576409113;-5.9936706985;0.0022699421;0.0109768261;0.0234411662;0.2336310000;0.7702260000;0.1573210000
795;-3.9755285257;-6.7866140002;-5.9043076672;-0.0050483824;0.0288874140;0.0338938346;0.2362180000;0.7690780000;0.1595000000
796;-3.9860180357;-6.7848728065;-5.7348710017;0.0122414493;0.0083217845;0.0320156265;0.2355690000;0.7690660000;0.1601620000
797;-4.0058567676;-6.7830910397;-5.7225676285;0.0130712183;-0.0022170613;0.0478216209;0.2367000000;0.7688400000;0.1582810000
798;-4.0428733589;-6.9206019206;-5.7959665952;-0.0048530593;0.0097083305;0.0016311353;0.2386240000;0.7680210000;0.1583640000
799;-3.9958421022;-6.9187259887;-5.9095015724;0.0170329294;0.0102834154;-0.0100435353;0.2382480000;0.7689370000;0.1590310000
800;-3.9578897139;-6.8629157411;-6.0165405263;-0.0048225068;0.0169432072;-0.0074780562;0.2383660000;0.7672180000;0.1586350000
801;-3.9331450738;-6.6563030741;-5.7556937210;-0.0094491726;0.0208275865;0.0069613978;0.2393630000;0.7682520000;0.1593570000
802;-3.9756709423;-6.7678089179;-5.7866960070;0.0042212434;0.0165996217;-0.0094970703;0.2408370000;0.7677220000;0.1587310000
803;-4.0682439759;-6.6825034082;-5.9542434467;0.0078959782;0.0113493936;-0.0056644964;0.2392270000;0.7677220000;0.1593550000
804;-4.0705977271;-6.7213803449;-5.9767210497;0.0059025231;0.0028135880;0.0159960323;0.2402020000;0.7682350000;0.1596660000
805;-3.9478074011;-6.8082777845;-5.9271053966;-0.0131343693;0.0294928965;-0.0003138229;0.2387060000;0.7685110000;0.1598790000
806;-3.9407365580;-6.6352225136;-5.9438059686;0.0122791783;0.0080305553;0.0043310317;0.2406470000;0.7670190000;0.1602440000
807;-3.9942745333;-6.8498450756;-5.9103494847;0.0222137318;0.0270504575;-0.0074930320;0.2400350000;0.7681190000;0.1591090000
808;-4.0621997338;-6.6186826588;-5.9503783595;0.0299473635;0.0192151423;-0.0029862761;0.2407820000;0.7684140000;0.1577590000
809;-3.9248858494;-6.8164731144;-5.8659761072;0.0187753606;0.0183000194;-0.0100915229;0.2405070000;0.7689490000;0.1577440000
810;-4.0374637168;-6.8270985354;-5.7454120979;-0.0020491358;0.0348687793;-0.0030233925;0.2396550000;0.7679090000;0.1571670000
811;-4.0349279299;-6.6956434955;-5.7948218074;0.0042210714;0.0344789276;-0.0003144228;0.2400650000;0.7685700000;0.1571790000
812;-3.9634465716;-6.6924621899;-5.9378448962;0.0317395365;0.0067381123;-0.0092870845;0.2388450000;0.7685760000;0.1574050000
813;-3.9744379160;-6.6752620761;-5.7110693358;0.0237803005;0.0202414471;0.0051903620;0.2391960000;0.7687340000;0.1563160000
814;-3.9483832309;-6.6376139261;-5.7868646743;-0.0012340384;0.0299123326;0.0105798602;0.2399000000;0.7673900000;0.1566300000
815;-3.9612023313;-6.7566710941;-5.7228509782;-0.0048671740;0.0191860868;0.0145908116;0.2397160000;0.7682120000;0.1557900000
816;-3.9778889277;-6.7858313791;-5.9228174131;0.0059944061;0.0290716633;0.0033127136;0.2405550000;0.7681950000;0.1560990000
817;-3.9555007628;-6.7079276295;-5.7970445235;-0.0094409928;0.0311325928;-0.0105437052;0.2404340000;0.7677900000;0.1563730000
818;-3.9630915220;-6.7907387553;-5.8075037665;-0.0048520328;0.0431150454;0.0005434783;0.2412710000;0.7683050000;0.1566780000
819;-3.9362431339;-6.6522587621;-5.8825469358;0.0041984293;0.0308795934;0.0051850346;0.2412890000;0.7672340000;0.1569620000
820;-4.0263684300;-6.6827119345;-5.7347685608;-0.0174692018;0.0169414577;-0.0225255453;0.2404630000;0.7683070000;0.1569210000
821;-3.9572518450;-6.7658406267;-5.8080998625;-0.0139343090;0.0305221553;-0.0040284190;0.2410570000;0.7684110000;0.1577700000
822;-3.9619215875;-6.6123923011;-6.0186080343;-0.0020898678;0.0373687731;-0.0021944716;0.2413340000;0.7673440000;0.1577890000
823;-3.9374449410;-6.8004654606;-5.9759720086;0.0015566100;0.0335554935;-0.0039575191;0.2412850000;0.7683640000;0.1594330000
824;-3.9645216115;-6.5901991386;-5.8649915161;-0.0156844992;0.0281724467;0.0126497396;0.2407530000;0.7671660000;0.1596960000
825;-4.0092798092;-6.7047065134;-5.9567282756;-0.0082735825;0.0293108838;-0.0057664147;0.2416550000;0.7667860000;0.1586330000
826;-3.9429555752;-6.7514615191;-5.8117902737;0.0386161900;0.0006038138;0.0017190839;0.2400430000;0.7675840000;0.1592510000
827;-4.0190085914;-6.8015262733;-5.8143198483;-0.0127522773;0.0378983645;-0.0076784149;0.2400200000;0.7678610000;0.1588350000
828;-3.9803457196;-6.7775346526;-5.7155467484;-0.0049309733;0.0133939486;-0.0132205598;0.2398070000;0.7675680000;0.1599300000
829;-4.0198268946;-6.6512459732;-5.7355839097;-0.0011870363;0.0201055532;-0.0168447343;0.2403020000;0.7681200000;0.1589820000
830;-3.9672962655;-6.6481547392;-5.9207247073;-0.0122127933;0.0151900356;0.0033536686;0.2393170000;0.7678100000;0.1610110000
831;-4.0125493071;-6.7153882176;-5.7442126718;0.0207045787;-0.0046643155;0.0071069500;0.2398130000;0.7679630000;0.1600650000
832;-3.9723463375;-6.6046701754;-5.8353694312;-0.0086226290;0.0237561393;0.0033110908;0.2421630000;0.7676630000;0.1604370000
833;-4.0256829130;-6.7483521448;-5.8570344961;-0.0011337986;0.0401645259;-0.0031219156;0.2406530000;0.7676800000;0.1603770000
834;-3.9943996018;-6.5765839206;-5.9541446044;0.0222668252;0.0072739603;0.0238978551;0.2400330000;0.7655970000;0.1589900000
835;-4.0506554551;-6.5170165086;-5.8487782986;-0.0013197784;0.0227040404;0.0176525864;0.2415690000;0.7674260000;0.1595890000
836;-3.9054690087;-6.5808377769;-5.7092163757;-0.0031556728;0.0134686788;0.0151061860;0.2427010000;0.7662020000;0.1601940000
837;-3.9199755533;-6.3949804750;-5.3394574967;0.0355960348;0.0012156717;0.0378702780;0.2421410000;0.7672760000;0.1600260000
838;-3.9608429883;-5.9310417170;-5.2789390724;0.0033694408;-0.0558819567;0.0964591552;0.2456150000;0.7664870000;0.1583810000
839;-4.1850656073;-6.2911473363;-5.3690350456;-0.0179941097;-0.0757410731;0.1619551303;0.2492590000;0.7637540000;0.1597870000
840;-4.1094070359;-6.2105714487;-5.4067664035;-0.0279504816;-0.1095311328;0.1790461071;0.2563110000;0.7626560000;0.1584250000
841;-4.3659379130;-6.1998070924;-5.3226930560;-0.0297910258;-0.1551904901;0.1700833189;0.2624950000;0.7604600000;0.1586890000
842;-4.3762759172;-5.8840523548;-5.0049601149;0.0085394030;-0.2046782992;0.1980651786;0.2688620000;0.7584390000;0.1573070000
843;-4.6298930279;-5.2915760059;-4.4209371379;0.1239422651;-0.3342857393;0.2658201763;0.2784210000;0.7561020000;0.1516470000
844;-4.8104356891;-4.9217394070;-4.0823715554;0.1286859908;-0.4701111381;0.4154951418;0.2893150000;0.7521770000;0.1402680000
845;-5.0609665196;-4.6826745597;-3.7007517768;-0.0871825171;-0.5581563581;0.6018206720;0.3073190000;0.7454610000;0.1360810000
846;-5.5173902706;-5.3146085976;-4.0648896530;-0.1685178491;-0.6686747976;0.6696738651;0.3285600000;0.7384730000;0.1309240000
847;-6.0563370908;-5.3313710623;-4.6055773911;-0.1427663987;-0.8011071924;0.7509611139;0.3534610000;0.7252260000;0.1248580000
848;-6.3871842148;-5.5915932988;-4.8400300789;-0.2186359804;-0.8185821163;0.7860556776;0.3780710000;0.7129190000;0.1184980000
849;-7.0381660073;-5.4545401256;-5.0032005125;-0.1735357931;-0.8482733418;0.8344828212;0.4061940000;0.6984760000;0.1111930000
850;-7.1828596792;-5.3934271254;-5.1626386275;-0.3248470767;-0.8866920593;0.7930824524;0.4306080000;0.6854030000;0.1037290000
851;-7.3147064746;-5.0290129255;-4.7880056904;-0.4169410389;-0.7971328892;0.7611965783;0.4546020000;0.6717410000;0.0985940000
852;-7.8503343763;-4.8027273803;-4.9765260023;-0.3825761874;-0.8535153413;0.7358967325;0.4763030000;0.6568230000;0.0915850000
853;-7.8205339066;-4.5862096805;-5.1304362819;-0.6147031517;-0.7805365479;0.7381226583;0.4979070000;0.6396270000;0.0902370000
854;-8.5186492283;-4.4732203935;-4.8248321257;-0.5810771137;-0.7354904645;0.6875393926;0.5196990000;0.6226020000;0.0923380000
855;-8.5517892123;-4.3280885080;-4.9574215461;-0.5687010654;-0.7073886507;0.6025750524;0.5370460000;0.6085740000;0.0934130000
856;-8.5092251811;-4.1087185940;-4.6317568986;-0.5092430448;-0.6549947807;0.5552325119;0.5536520000;0.5929890000;0.0884080000
857;-8.7751755561;-4.3295100725;-4.6687501599;-0.4945367075;-0.8393850611;0.6231752760;0.5704140000;0.5768640000;0.0787310000
858;-9.0447081490;-3.6747527687;-4.4315479896;-0.3538577494;-0.8368685529;0.5061123379;0.5865800000;0.5616980000;0.0681960000
859;-9.0254056810;-3.1322679048;-3.9234124167;-0.4617773453;-0.5854708486;0.3410135663;0.5953860000;0.5512330000;0.0635290000
860;-8.9519142043;-3.2218714275;-3.8431674857;-0.3080746164;-0.5226087704;0.3090288386;0.6037650000;0.5413800000;0.0560870000
861;-9.3251525873;-3.0751100069;-3.5375643458;-0.0769793708;-0.4736207078;0.3283098625;0.6134700000;0.5330630000;0.0453800000
862;-9.3376370718;-2.8741786637;-3.4677742830;-0.0250011970;-0.3917752223;0.2839623507;0.6197080000;0.5230740000;0.0338580000
863;-9.1315656228;-2.6596855483;-3.5320443211;-0.0307090635;-0.3429103456;0.1498228415;0.6268910000;0.5195230000;0.0248060000
864;-9.0312546054;-2.3833405989;-3.2957674465;-0.1004870419;-0.2640422252;0.1473661572;0.6286240000;0.5152840000;0.0137490000
865;-9.3330394158;-2.4182946554;-3.0504672482;-0.0537766110;-0.2717790518;0.1149471825;0.6323380000;0.5135140000;0.0089520000
866;-9.5826731175;-2.1014312098;-3.0068915057;-0.0532025701;-0.1588014657;0.1275112087;0.6359370000;0.5091460000;0.0019660000
867;-9.2579348784;-2.4319048233;-2.8207396293;-0.0919597289;-0.0941612172;0.1393130143;0.6382880000;0.5051950000;-0.0002520000
868;-9.4826886193;-2.2728837930;-2.4189797780;0.0083253209;-0.0805185986;0.1201463821;0.6411800000;0.5023040000;-0.0025940000
869;-9.4098631408;-2.5628015027;-2.4569936487;0.1437482928;-0.0376862776;0.0609598555;0.6420370000;0.5020140000;-0.0069650000
870;-9.1650891543;-2.4686448626;-2.3350979636;0.2403225378;-0.0214613938;0.0073211607;0.6429080000;0.5025140000;-0.0110660000
871;-9.2017558287;-2.1347124740;-2.3483935268;0.1752324107;-0.0312150707;-0.0000901644;0.6435270000;0.5004180000;-0.0173620000
872;-9.2518162276;-1.9537719536;-2.3124821570;0.0073586620;0.0039305836;-0.0150218116;0.6431330000;0.4998170000;-0.0195780000
873;-9.4924953559;-1.9853127338;-2.2939920330;-0.0856098581;0.0047347677;-0.0005985137;0.6438900000;0.5017650000;-0.0181840000
874;-9.4343064732;-1.9366839912;-2.1271684971;-0.0205733724;-0.0132262567;0.0249359176;0.6434650000;0.5009800000;-0.0184710000
875;-9.1405913774;-2.0122829726;-2.1371781268;0.0111886511;0.0188010929;0.0217401861;0.6444370000;0.4996360000;-0.0182840000
876;-9.3630246615;-2.0562711418;-2.1514253426;0.0001223601;-0.0030063887;-0.0031483045;0.6455980000;0.4983970000;-0.0171270000
877;-9.4963364290;-1.9763404668;-2.1376664096;-0.0016466244;-0.0048501923;-0.0132509149;0.6454160000;0.4980220000;-0.0179580000
878;-9.4906365660;-2.0363850409;-2.2279436240;0.0167831735;0.0528696226;0.0066059952;0.6450320000;0.4994740000;-0.0174330000
879;-9.4228475441;-2.0870657788;-2.1015842376;0.0595708980;0.0211299261;-0.0333425006;0.6449430000;0.4987220000;-0.0190840000
880;-9.2371983034;-1.9557844290;-2.1365339333;0.0444500796;0.0145812774;-0.0151095506;0.6446830000;0.4987170000;-0.0188190000
881;-9.4253936098;-1.9338791764;-2.2165743186;0.0258356020;0.0222867123;-0.0115460190;0.6436520000;0.4998260000;-0.0201080000
882;-9.2963808547;-1.9812573115;-2.1592107656;0.0739735064;0.0125868569;-0.0186138823;0.6432400000;0.4995640000;-0.0201220000
883;-9.3783542704;-1.9642327749;-2.1639734420;0.0376494535;0.0249519674;-0.0032076302;0.6445020000;0.4989410000;-0.0221330000
884;-9.3947535363;-1.9082712542;-2.1302309108;-0.0090138284;0.0079056325;-0.0067878723;0.6437970000;0.4996870000;-0.0199630000
885;-9.0778205428;-1.9520863937;-2.2105232657;0.0550462394;0.0099719750;-0.0004206327;0.6422850000;0.5008340000;-0.0225120000
886;-9.3923800034;-1.9707613330;-2.1425239572;0.0386065853;0.0003030441;-0.0022557742;0.6436690000;0.4993530000;-0.0223070000
887;-9.4627734615;-2.0376152824;-2.1669273694;0.0144569154;0.0221057234;0.0086079190;0.6448120000;0.4999830000;-0.0214400000
888;-9.2720470279;-2.0680241158;-2.0696715918;0.0400724033;0.0164687721;0.0235252197;0.6445090000;0.4988040000;-0.0219940000
889;-9.1626824070;-2.0360310868;-2.1571531541;0.0454388888;0.0197173281;0.0032304062;0.6430540000;0.4984620000;-0.0235650000
890;-9.1867784942;-1.9862485007;-2.1785833732;0.0056910728;0.0328224933;-0.0114469135;0.6430570000;0.4972660000;-0.0235560000
891;-9.0993523112;-2.0333578047;-2.2387758036;0.0274555986;0.0498668725;0.0120452966;0.6441370000;0.4987240000;-0.0237990000
892;-9.3118583305;-2.0989468665;-2.1768547272;0.0244522387;0.0488354270;-0.0152142925;0.6439530000;0.4986810000;-0.0221530000
893;-9.4423329858;-2.1784724462;-2.1267457924;0.0916224018;0.0508422878;-0.0208732642;0.6450210000;0.4988170000;-0.0226620000
894;-9.4783274293;-2.2010377057;-2.2861636562;0.1551525061;0.0559480860;0.0013053104;0.6435890000;0.4981980000;-0.0238170000
895;-9.0515782701;-2.2487165658;-2.4689033630;0.0315977387;0.1209334468;0.0082861171;0.6451610000;0.4982170000;-0.0251320000
896;-9.3763907107;-2.5880202525;-2.5182105088;-0.0835997013;0.1493317325;-0.0523502706;0.6443490000;0.4984850000;-0.0199320000
897;-9.3000034751;-2.8917521255;-2.7990185769;-0.0799399404;0.1607152518;-0.1823418399;0.6418090000;0.5006690000;-0.0161930000
898;-9.5113018801;-2.9247942289;-3.0711468670;-0.0488924943;0.2042373433;-0.2439226983;0.6382390000;0.5055540000;-0.0086590000
899;-9.4945494313;-3.1162503632;-3.2726887702;0.0767257618;0.2852904861;-0.2642773446;0.6320860000;0.5127130000;-0.0006940000
900;-9.2453525484;-3.4472784685;-3.5300614414;-0.0208965248;0.4029712802;-0.2886019935;0.6253680000;0.5188880000;0.0094600000
901;-9.2497045475;-3.7494836959;-3.8783837326;-0.1101314477;0.5600601924;-0.4548073811;0.6169350000;0.5276370000;0.0233820000
902;-9.4791131524;-3.7302899464;-4.1158561421;0.0419806999;0.6082652485;-0.6242425160;0.6044590000;0.5416390000;0.0412360000
903;-9.3785627159;-3.5911161350;-4.4321784634;0.1756164867;0.7221557635;-0.7451631602;0.5891110000;0.5589890000;0.0542680000
904;-9.1149398443;-3.5993021651;-4.4900919504;0.1237410777;0.8969591059;-0.8281065091;0.5658870000;0.5795700000;0.0737080000
905;-8.8815223329;-3.8150347935;-4.6995777684;0.1234357860;0.9205450398;-0.9045774414;0.5437010000;0.6010330000;0.0896030000
906;-8.5605095110;-3.7820363600;-4.4981192332;0.3789414912;0.9041074781;-0.8141395374;0.5198170000;0.6218100000;0.1019910000
907;-8.3586768940;-4.0894395098;-4.5023362060;0.5261575398;0.8732639384;-0.8193889943;0.4982570000;0.6389160000;0.1066470000
908;-8.1681918978;-3.9565015233;-4.4177208684;0.4706719109;0.8785824360;-0.8166789306;0.4732400000;0.6576020000;0.1082610000
909;-7.7908911874;-4.4343661431;-4.3438391308;0.3008461367;0.9187814089;-0.7113140545;0.4501590000;0.6712760000;0.1175650000
910;-7.5359822513;-4.6007838469;-4.3227504181;0.1954278981;0.9271291673;-0.7003386568;0.4261860000;0.6851260000;0.1255920000
911;-7.2109299276;-4.7442113227;-4.3719065668;0.1386073462;0.8330651170;-0.6188272847;0.4060540000;0.6966110000;0.1361320000
912;-6.6559094523;-4.9801547174;-4.6340759255;0.1367178449;0.8041030309;-0.6485462646;0.3847090000;0.7088290000;0.1445520000
913;-6.3714956046;-4.8937304688;-4.7632828316;0.0695733635;0.7904199110;-0.6120951904;0.3633640000;0.7170620000;0.1528640000
914;-5.9964133373;-5.0222276455;-4.6844466877;0.0861594654;0.7146828746;-0.5263367748;0.3429060000;0.7250570000;0.1598350000
915;-5.7695198012;-5.0757882408;-4.5671501290;0.0329084891;0.6090610232;-0.4324280961;0.3254030000;0.7316560000;0.1681750000
916;-5.4190259138;-4.8444853918;-4.5690486760;-0.0636947844;0.5519582279;-0.3655103151;0.3097200000;0.7394790000;0.1747890000
917;-5.2287761510;-5.1612701213;-4.4876191334;0.0058573453;0.4747389046;-0.3046917512;0.2969550000;0.7426050000;0.1819670000
918;-5.0359584419;-5.0836180167;-4.5907724740;0.0100075435;0.3379665512;-0.2078018607;0.2880030000;0.7457030000;0.1887470000
919;-4.6921173440;-5.2142111654;-4.8973283881;0.0618069128;0.2559904781;-0.1661390532;0.2811100000;0.7447320000;0.1879270000
920;-4.6087138177;-5.6405937384;-5.4677545715;0.0375300749;0.1972221698;-0.0958752453;0.2769400000;0.7473270000;0.1869140000
921;-4.7108925982;-5.7601396989;-5.5978186439;-0.0556910261;0.1472755419;-0.0289194856;0.2721740000;0.7490190000;0.1900160000
922;-4.7348112101;-5.9741651497;-5.6861950637;-0.0365873204;0.0955324233;0.0104209482;0.2703710000;0.7490470000;0.1946260000
923;-4.5246397046;-6.1176000765;-5.7667723700;0.0316740942;0.0728457728;0.0156709740;0.2699650000;0.7497120000;0.1947430000
924;-4.4696268276;-6.0904449548;-5.7764766890;0.0043230652;0.0756160048;0.0187236814;0.2749990000;0.7470230000;0.1940010000
925;-4.6910027767;-6.2041322853;-5.9088160572;-0.0171286511;0.0789463375;-0.0287761733;0.2741120000;0.7475270000;0.1953390000
926;-4.6505062805;-5.9526510419;-5.8663722465;0.0496023157;0.0267786340;-0.0298932779;0.2706690000;0.7486330000;0.1950550000
927;-4.6013646057;-5.9961362153;-5.7001733581;0.0522524295;0.0332575229;0.0034424079;0.2697900000;0.7496000000;0.1940480000
928;-4.5750352162;-5.9476318290;-5.9327755497;0.0339736717;0.0133254134;0.0381175543;0.2704020000;0.7490980000;0.1926990000
929;-4.6366514297;-6.0652366032;-6.0346322614;-0.0066503131;0.0180097480;0.0141303835;0.2724470000;0.7490830000;0.1925060000
930;-4.7089970206;-5.9951882188;-5.9140324250;0.0050722661;0.0186095692;0.0179479589;0.2737990000;0.7482810000;0.1921530000
931;-4.6446298090;-6.2055970363;-6.1468099503;0.0315690850;0.0120545907;0.0780178574;0.2748450000;0.7481620000;0.1912310000
932;-4.5223241655;-6.1107538775;-5.9230606576;0.0085371771;0.0340160313;0.0733790064;0.2768410000;0.7457130000;0.1925690000
933;-4.5482235684;-6.2542583700;-5.8843074517;-0.0058572765;0.0452139155;0.0624776014;0.2790960000;0.7464560000;0.1937560000
934;-4.7259272306;-6.1111972168;-6.0769197317;0.0022408710;0.0246230488;0.0511699899;0.2799790000;0.7446260000;0.1922900000
935;-4.6434817531;-6.1933440666;-5.9074255245;0.0060357323;0.0399315465;0.0349300390;0.2807560000;0.7451710000;0.1914900000
936;-4.8091982492;-6.1102362616;-6.0471564708;0.0308510554;0.0248492300;0.0580909183;0.2825810000;0.7442020000;0.1922600000
937;-4.6568943354;-6.2466879493;-5.9978599125;0.0159470676;0.0386611560;0.0460286843;0.2844270000;0.7443510000;0.1909550000
938;-4.7175539745;-6.1505451388;-5.9443008322;0.0408174933;0.0349856035;0.0182263497;0.2848980000;0.7452470000;0.1920690000
939;-4.8183639963;-6.1833449515;-6.0110029993;0.0381182852;0.0407829095;-0.0177624515;0.2847190000;0.7434100000;0.1912490000
940;-4.7423658773;-6.3085040099;-6.0270223589;0.0206226179;0.0507709899;-0.0106113267;0.2843830000;0.7441080000;0.1901290000
941;-4.7689584461;-6.1055404103;-6.0833566534;0.0081632333;0.0687353350;0.0068963565;0.2857620000;0.7446200000;0.1903180000
942;-4.7739259705;-6.1144137877;-5.9752707918;-0.0009730783;0.0516328320;-0.0181203105;0.2859380000;0.7442010000;0.1910170000
943;-4.6800031883;-6.1112359277;-6.0834482818;0.0164352440;0.0545524764;-0.0041684121;0.2837220000;0.7458290000;0.1906410000
944;-4.7654569166;-6.0261593828;-5.9979752309;0.0356801965;0.0511837422;-0.0263304767;0.2810400000;0.7445000000;0.1916440000
945;-4.7181738250;-5.9405643481;-6.1049497991;0.0355421932;0.0621043723;-0.0096038462;0.2814970000;0.7450710000;0.1900060000
946;-4.6511631364;-6.0715063246;-5.8990692164;0.0025099357;0.0592232682;0.0187452184;0.2819090000;0.7451990000;0.1900210000
947;-4.5602282549;-6.1054095191;-5.9821352032;-0.0134675653;0.0632434615;-0.0023561547;0.2820280000;0.7456700000;0.1922270000
948;-4.6456326052;-6.1767138765;-6.0595415806;0.0197018393;0.0326484277;0.0052331221;0.2817140000;0.7466230000;0.1915180000
949;-4.7395852527;-6.1792038380;-5.9961895903;0.0239351491;0.0389298355;0.0170659798;0.2811160000;0.7446610000;0.1905440000
950;-4.5493819032;-6.0149772356;-6.0590463953;0.0398660970;0.0321866412;0.0070388453;0.2827230000;0.7459910000;0.1899110000
951;-4.6438614456;-5.9504328375;-6.0878113821;0.0079723823;0.0217467496;-0.0003032726;0.2820690000;0.7449200000;0.1904430000
952;-4.6106656197;-6.1725165867;-6.0379076098;0.0079747739;0.0279620389;0.0069554391;0.2835660000;0.7443790000;0.1902320000
953;-4.6868393994;-6.2030477136;-5.9171117180;0.0293643576;0.0133720181;0.0069680006;0.2834250000;0.7459760000;0.1902140000
954;-4.7197371847;-6.0753962526;-5.9992339872;0.0184696483;0.0114862447;0.0208565264;0.2841610000;0.7446830000;0.1886000000
955;-4.7081915701;-6.2561035200;-5.8971082650;-0.0012139155;0.0366365079;0.0214063165;0.2840980000;0.7451780000;0.1899720000
956;-4.6735715950;-6.3735245090;-5.9737911254;0.0094149435;0.0172125310;0.0211857605;0.2846660000;0.7434360000;0.1902830000
957;-4.7287846180;-6.2459940041;-6.1842233879;0.0256679491;0.0168676093;0.0126832370;0.2864980000;0.7431940000;0.1887050000
958;-4.6457486729;-6.2757990037;-6.0792782949;0.0059979354;0.0304876291;-0.0021445745;0.2863550000;0.7458550000;0.1886800000
959;-4.6649559498;-6.2091696247;-6.1421724314;0.0162244171;0.0510410655;-0.0331728220;0.2843430000;0.7449240000;0.1894320000
960;-4.6228455880;-6.0475848388;-6.0488520103;0.0371685680;0.0317106216;-0.0292667847;0.2847070000;0.7460060000;0.1886130000
961;-4.7634695107;-6.1784555254;-5.9350147029;0.0025274927;0.0288690560;-0.0222019596;0.2836410000;0.7452060000;0.1891270000
962;-4.5574449791;-6.1241856639;-5.9863079213;-0.0127292701;0.0242944873;-0.0149313828;0.2826180000;0.7459110000;0.1879790000
963;-4.7103009893;-6.1700588488;-5.9082578799;-0.0048842486;0.0323672735;0.0122295074;0.2832270000;0.7458750000;0.1891050000
964;-4.5735410935;-6.1402145631;-6.0989935309;-0.0028990684;0.0370242225;-0.0003857765;0.2834640000;0.7452920000;0.1909100000
965;-4.7280587928;-6.1008077984;-6.0451436432;0.0043439919;0.0166244173;-0.0201264196;0.2833570000;0.7461430000;0.1889710000
966;-4.5611932351;-6.2688329268;-5.8765560647;0.0451219079;0.0311054398;0.0069938745;0.2834860000;0.7464110000;0.1888360000
967;-4.6467886633;-6.1592507019;-5.9914916978;0.0197310837;0.0149438210;-0.0074135149;0.2846310000;0.7457110000;0.1897140000
968;-4.6872106590;-6.2980448798;-6.0153849059;-0.0093838242;0.0320092180;-0.0058112974;0.2834650000;0.7456250000;0.1884280000
969;-4.6989527988;-6.2080004410;-6.0313091002;0.0061418244;0.0384754341;-0.0140202531;0.2837330000;0.7450940000;0.1883050000
970;-4.6714108230;-6.0729334610;-5.8644038832;0.0390087154;0.0282590915;-0.0150104627;0.2827990000;0.7464190000;0.1888090000
971;-4.7042063224;-6.2456596722;-5.8766361145;0.0223105189;0.0163768935;-0.0129391857;0.2818030000;0.7449860000;0.1880900000
972;-4.6547371267;-6.2306761364;-6.1392082979;0.0043423635;0.0378774797;-0.0059655919;0.2819670000;0.7466980000;0.1886350000
973;-4.6681812270;-6.3139482422;-6.0611499277;-0.0063987794;0.0415740984;-0.0249652765;0.2832420000;0.7460000000;0.1893800000
974;-4.6133949864;-6.2001775893;-6.0370019984;0.0007857026;0.0450192196;-0.0139942379;0.2812390000;0.7450000000;0.1877920000
975;-4.6411075659;-6.2607439571;-6.0861636317;0.0205337343;0.0382943237;-0.0223101161;0.2810080000;0.7457780000;0.1886040000
976;-4.6436241074;-6.2265278255;-6.1349913891;0.0007827672;0.0521141366;-0.0023120409;0.2806200000;0.7452390000;0.1890050000
977;-4.5114574129;-6.1080589304;-5.9652239193;-0.0065232283;0.0348853856;-0.0178073944;0.2817300000;0.7469480000;0.1893130000
978;-4.5173604905;-6.0449973104;-6.0318818019;0.0210922770;0.0491191439;-0.0260086837;0.2803730000;0.7462910000;0.1895390000
979;-4.6405455020;-6.0197994730;-5.8043587858;-0.0140586946;0.0391850317;0.0105029224;0.2788380000;0.7471170000;0.1890580000
980;-4.6293671282;-6.0452791061;-5.8181028006;-0.0085737671;0.0282851310;0.0253674385;0.2795560000;0.7459640000;0.1921250000
981;-4.6221659170;-5.8903559896;-5.7391413312;0.0059212474;0.0136897812;0.0374932072;0.2816630000;0.7458520000;0.1905580000
982;-4.5932256743;-5.9586791715;-5.8538177469;0.0055847968;-0.0073225995;0.0661894287;0.2819380000;0.7455830000;0.1905710000
983;-4.5380902619;-5.7926829017;-5.7890092252;-0.0074061441;-0.0395528455;0.0829959004;0.2846770000;0.7454230000;0.1905440000
984;-4.5929308079;-5.9907186709;-5.8623172300;0.0127396343;-0.0546249823;0.0898037992;0.2886880000;0.7429070000;0.1886570000
985;-4.7509819629;-5.8828920077;-5.8022250156;0.0068469329;-0.0842242841;0.1063442438;0.2917400000;0.7431910000;0.1868500000
986;-4.7625762122;-5.9312634104;-5.7721868415;0.0446230123;-0.0854928546;0.1234726256;0.2962630000;0.7400900000;0.1867780000
987;-4.7287894542;-5.7320145161;-5.9350243451;0.0506895274;-0.0890508854;0.1451222239;0.3003170000;0.7390140000;0.1857090000
988;-4.9237957000;-5.7542570925;-5.7589035387;0.0260899265;-0.1055535512;0.1881882235;0.3053010000;0.7389400000;0.1816400000
989;-5.0540604914;-5.8173189188;-5.7086318217;-0.0009498013;-0.1082544889;0.2269187284;0.3131050000;0.7361430000;0.1789430000
990;-4.9817711581;-5.7338622486;-5.5451589182;0.0391039328;-0.1403858497;0.2440439516;0.3212610000;0.7323730000;0.1776460000
991;-5.2280948968;-5.4434415991;-5.2790573099;0.0500166236;-0.1614434008;0.2430726551;0.3279680000;0.7290560000;0.1749090000
992;-5.2256198182;-5.1216931173;-5.0145086234;0.0427184377;-0.2206746796;0.2914765273;0.3370770000;0.7260110000;0.1710270000
993;-5.5753940987;-4.8019494533;-4.5287757217;-0.0151262998;-0.2791141525;0.3729179787;0.3496760000;0.7221700000;0.1657760000
994;-5.8786014342;-4.7027060224;-3.8934530308;-0.0284285244;-0.4240546693;0.4869149249;0.3629990000;0.7147170000;0.1611310000
995;-6.0160886409;-4.5279262588;-4.3977693436;-0.1058438220;-0.5085687963;0.5288415640;0.3799490000;0.7059340000;0.1551260000
996;-6.4169929729;-4.1975734831;-4.2250456941;-0.3189767878;-0.6158776863;0.6116900646;0.3991760000;0.6979490000;0.1532020000
997;-6.6528891736;-4.1462574977;-4.1327209752;-0.3434897738;-0.7130912897;0.7099280106;0.4204670000;0.6842280000;0.1512650000
998;-7.3968844601;-4.4950903856;-4.3185628485;-0.3292000398;-0.8297732953;0.7493106960;0.4462410000;0.6694860000;0.1460710000
999;-7.3950139239;-4.2137872289;-4.3703341968;-0.4954243329;-0.8901741314;0.7758911686;0.4697990000;0.6526530000;0.1403910000
1000;-8.1692712378;-4.6582151864;-4.6225256623;-0.3845601850;-0.9135984341;0.7285370440;0.4947810000;0.6336540000;0.1356100000
1001;-8.1847834335;-4.5378341503;-5.6718033799;-0.4992711188;-0.9211687625;0.6338386033;0.5158200000;0.6185330000;0.1265100000
1002;-8.1178324564;-4.6228865824;-6.0797039164;-0.3805442710;-0.8331620957;0.5874465230;0.5358030000;0.6043980000;0.1206660000
1003;-8.5266437946;-4.3552163802;-5.5559517484;-0.2376768707;-0.6796286078;0.5470745647;0.5517970000;0.5913760000;0.1095580000
1004;-8.7753392784;-3.9389231388;-5.3306542500;-0.2592372089;-0.6225130205;0.4814871557;0.5664370000;0.5755030000;0.1011710000
1005;-8.6136785127;-3.4657486051;-4.9175467854;-0.2410286141;-0.7654946164;0.4457532032;0.5801240000;0.5641540000;0.0880290000
1006;-8.8560796756;-3.0965674784;-4.0427298776;-0.3238502308;-0.6211169924;0.4421631965;0.5949270000;0.5512560000;0.0776980000
1007;-8.7011802361;-2.5905158475;-3.6064033397;-0.5129708206;-0.5080390929;0.2946281582;0.6029690000;0.5411690000;0.0741000000
1008;-8.9781695323;-2.4025513821;-3.4802364020;-0.6332569806;-0.4699917988;0.2704459547;0.6122480000;0.5331260000;0.0731540000
1009;-8.9203008047;-2.5196096952;-3.6063005623;-0.4419502075;-0.4382151132;0.3242521726;0.6189980000;0.5238110000;0.0710140000
1010;-9.1669580451;-2.3132832936;-3.6003733393;-0.2170767880;-0.4194649743;0.3406659789;0.6270810000;0.5134400000;0.0631500000
1011;-9.3340673173;-2.3489083260;-3.4455424814;-0.2089734259;-0.4051936725;0.2681646816;0.6351250000;0.5062080000;0.0571900000
1012;-9.3954721052;-2.2821079856;-3.3680338947;-0.1863774497;-0.3891776921;0.1895707251;0.6410150000;0.5007730000;0.0494770000
1013;-9.3140081225;-2.2304897980;-3.1863605001;-0.1694630383;-0.3745359241;0.1228708908;0.6449340000;0.4969780000;0.0408460000
1014;-9.2989242435;-2.1751262134;-3.1033682199;-0.0471404667;-0.2913501975;0.0737047043;0.6472370000;0.4961070000;0.0328180000
1015;-9.2646543322;-2.2343399674;-2.6982964987;0.3059021329;-0.2750473114;0.1107826177;0.6485680000;0.4939920000;0.0220060000
1016;-9.4692794107;-1.9693142433;-2.6077779603;0.2276855773;-0.2295869724;0.1166083466;0.6526620000;0.4909070000;0.0115870000
1017;-9.3107783092;-2.0454102710;-2.6833976678;-0.0144489041;-0.1530382286;0.0440823986;0.6546340000;0.4882090000;0.0024570000
1018;-9.4501876279;-2.0370403585;-2.7054241900;-0.0678187520;-0.0641693953;-0.0363025026;0.6548000000;0.4893220000;0.0005270000
1019;-9.2506121696;-1.9871139640;-2.7587065880;-0.0426943380;-0.0117864882;-0.0153182957;0.6564710000;0.4898910000;-0.0014760000
1020;-9.5442302344;-1.6862149733;-2.5102819405;0.0903311782;0.0278138717;-0.0425548475;0.6557400000;0.4893890000;-0.0023280000
1021;-9.4656360019;-1.4781912570;-2.2625597360;0.0928596068;0.0526021715;-0.0298715071;0.6538590000;0.4911170000;-0.0015900000
1022;-9.4726905226;-1.4785409497;-2.0930813493;0.0728209825;0.0411283898;-0.0209097040;0.6550360000;0.4904680000;-0.0026400000
1023;-9.2528919789;-1.5857950294;-1.9281663044;0.0859926870;0.0255526399;0.0088258098;0.6540810000;0.4911400000;-0.0025460000
1024;-9.4412156227;-1.7295057964;-2.1142207138;0.0711968904;0.0415444424;-0.0041411374;0.6537100000;0.4907270000;-0.0068270000
1025;-9.2703312399;-1.7826767617;-2.2084237386;0.0840459317;0.0098932117;0.0069137294;0.6527120000;0.4906240000;-0.0075550000
1026;-9.2355688972;-1.7986811871;-2.2268197830;0.0308397984;0.0248936518;-0.0079299659;0.6545180000;0.4913900000;-0.0070750000
1027;-9.3737216109;-1.8038022545;-2.3010053070;0.0592276395;0.0518933531;-0.0228737774;0.6528710000;0.4908770000;-0.0071380000
1028;-9.2834394013;-1.7172676973;-2.3229725313;0.0948488751;0.0583934576;0.0066922229;0.6534970000;0.4909000000;-0.0082150000
1029;-9.5227843082;-1.7649224375;-2.2047666592;0.0131041436;0.0663384466;-0.0241309675;0.6525870000;0.4925460000;-0.0097780000
1030;-9.2012142068;-1.8266744782;-2.3122106788;0.0345543146;0.0757397095;-0.0141510844;0.6517380000;0.4930320000;-0.0077500000
1031;-9.4322984338;-1.7250272819;-2.2529017541;0.0650616825;0.0827610008;0.0138537684;0.6520380000;0.4916880000;-0.0073150000
1032;-9.2335690917;-1.8022019263;-2.2661129447;0.0007534716;0.1120142102;-0.0155782629;0.6521650000;0.4921550000;-0.0049710000
1033;-9.0537192954;-1.9885214347;-2.7655984937;-0.0237586605;0.1401461260;-0.0567412661;0.6513230000;0.4923040000;-0.0003230000
1034;-9.4281826250;-2.1214695794;-2.8070274722;0.0897830210;0.1643207359;-0.0546909016;0.6506780000;0.4932860000;0.0029500000
1035;-9.2002545951;-2.2176631812;-3.2698791154;0.1376118249;0.2582436491;-0.1233247168;0.6481270000;0.4937500000;0.0064250000
1036;-9.5630755157;-2.5504796163;-3.7031729575;0.2134256206;0.3498550234;-0.1572087569;0.6446980000;0.4977690000;0.0114920000
1037;-9.4448385138;-2.8425747366;-4.0502288332;0.2038482897;0.4857289185;-0.2450870781;0.6407520000;0.5037030000;0.0196930000
1038;-9.4492251572;-3.0799539871;-4.4335247281;0.0975768752;0.6187453588;-0.2933399553;0.6329400000;0.5106180000;0.0324140000
1039;-9.4081839041;-3.1399876651;-4.4629506431;0.1409165338;0.7993323971;-0.3847632000;0.6254280000;0.5191090000;0.0506450000
1040;-9.4140277690;-3.5475113623;-4.5858203874;0.2203971208;0.9469887065;-0.5169055919;0.6138680000;0.5289390000;0.0700820000
1041;-9.1387457513;-3.4618861703;-4.6528735466;0.4198374913;0.9922721872;-0.7376397908;0.5989230000;0.5458890000;0.0879530000
1042;-9.1333828457;-3.3133813026;-4.4474214534;0.6158620952;0.9538308070;-0.7345146349;0.5801620000;0.5649280000;0.0987690000
1043;-8.7591529553;-3.4158436680;-4.4900030508;0.5315118903;0.9518238266;-0.7608196808;0.5573720000;0.5850990000;0.1085880000
1044;-8.6985262758;-3.4089650747;-4.4861283528;0.4202760152;0.9428338603;-0.7028157230;0.5340600000;0.6038680000;0.1163300000
1045;-8.3344018039;-3.6110789243;-4.7196776052;0.2922426975;0.9216771327;-0.7236334078;0.5129590000;0.6222730000;0.1269190000
1046;-7.8743313853;-4.0013246807;-4.7404900650;0.1610891401;0.9827493343;-0.7046215742;0.4927990000;0.6354300000;0.1395120000
1047;-7.7966646726;-4.1430394110;-4.7048770771;0.1756232749;0.9271001044;-0.6724868854;0.4710350000;0.6487820000;0.1553450000
1048;-7.4191558496;-4.1001608183;-4.4459202246;0.2614079707;0.8237407489;-0.5909978885;0.4491810000;0.6628450000;0.1645570000
1049;-6.8785419210;-4.0815481615;-4.1682929560;0.2313025064;0.7482912087;-0.5489741421;0.4256320000;0.6755570000;0.1702680000
1050;-6.6939479442;-3.9752329466;-4.2146025518;0.1479759934;0.6386322923;-0.4904369215;0.4087650000;0.6842980000;0.1777920000
1051;-6.2539069308;-4.1497367069;-4.2635589189;0.0908843085;0.5111804047;-0.4295617709;0.3941960000;0.6928330000;0.1822410000
1052;-5.9669930302;-4.1730965715;-4.4038037291;0.0517511572;0.3972888686;-0.3773271655;0.3789840000;0.6989630000;0.1873700000
1053;-5.6853852751;-4.4739527030;-4.6743430275;0.1053071304;0.3130798626;-0.2891910696;0.3695870000;0.7045410000;0.1910840000
1054;-5.5180106543;-4.6937796974;-5.0492145034;0.1374477012;0.2075198486;-0.2070803190;0.3598590000;0.7087560000;0.1912140000
1055;-5.3567647156;-4.9897244085;-5.3301970438;0.0449731752;0.1632763104;-0.1333396000;0.3554310000;0.7102830000;0.1904740000
1056;-5.3730026816;-5.1910245825;-5.5451399433;-0.0230623792;0.1292966023;-0.0992332005;0.3495500000;0.7129260000;0.1932490000
1057;-5.3319044686;-5.3723718943;-5.5643697220;-0.0184510271;0.1077314792;-0.1038039570;0.3466670000;0.7152810000;0.1957330000
1058;-5.4466885270;-5.3608220108;-5.6992012404;-0.0199785106;0.0992123089;-0.0625713908;0.3441850000;0.7163100000;0.1979670000
1059;-5.3299806387;-5.3604557937;-5.8872051516;0.0154689366;0.0748996359;-0.0340843740;0.3427310000;0.7147050000;0.1988850000
1060;-5.3507242429;-5.3606247658;-5.7940967127;0.0598889749;0.0509181395;-0.0290825511;0.3413030000;0.7155440000;0.1978570000
1061;-5.3492167638;-5.3799830685;-5.7750482119;0.0487551679;0.0264002373;-0.0293657221;0.3408040000;0.7173190000;0.1963090000
1062;-5.3439776250;-5.3044559002;-5.7699603355;0.0715768404;0.0403663155;0.0218508147;0.3402160000;0.7176100000;0.1955950000
1063;-5.3277598559;-5.4546713083;-5.9773873724;0.0369858627;0.0202616528;0.0399310904;0.3401340000;0.7172530000;0.1940790000
1064;-5.2609065976;-5.7239996005;-6.0534738555;0.0359480697;0.0281862419;0.0532472518;0.3431450000;0.7155650000;0.1914570000
1065;-5.3126232444;-5.7362248419;-6.0724337214;0.0279532935;0.0271259795;0.0253944100;0.3443450000;0.7179590000;0.1909370000
1066;-5.2675048808;-5.7761428896;-6.0154252192;0.0449297612;0.0294052928;0.0213783441;0.3451380000;0.7182310000;0.1904160000
1067;-5.2928800729;-5.6454063333;-6.0466916894;0.0113182566;0.0343415223;0.0031875859;0.3460420000;0.7169210000;0.1893600000
1068;-5.4242598661;-5.8118075616;-5.9243398115;0.0061009719;0.0520613007;-0.0032094213;0.3450350000;0.7166220000;0.1909740000
1069;-5.3290714858;-5.7994038320;-5.9480744749;0.0317221620;0.0640833886;-0.0032074695;0.3465830000;0.7164530000;0.1917260000
1070;-5.4208325526;-5.7252414802;-6.0250524190;0.0223238784;0.0689839299;-0.0280655668;0.3454220000;0.7174260000;0.1905710000
1071;-5.3118881377;-5.7610709474;-6.0265410936;-0.0008926204;0.0623074434;-0.0292361070;0.3431550000;0.7179500000;0.1917160000
1072;-5.3675457338;-5.6621940962;-5.9610843349;0.0274127223;0.0659698227;-0.0224718177;0.3424060000;0.7180540000;0.1930620000
1073;-5.2834896258;-5.5413857668;-5.9901671956;0.0244956781;0.0615097439;-0.0225482649;0.3393500000;0.7171770000;0.1922570000
1074;-5.2037390192;-5.5303389800;-5.9601452526;0.0295964648;0.0647308488;-0.0113099094;0.3404470000;0.7176960000;0.1922970000
1075;-5.2347372602;-5.5627097446;-5.9746093536;0.0127448634;0.0569100539;-0.0116165788;0.3393550000;0.7179700000;0.1923890000
1076;-5.3336243520;-5.6248582127;-5.9637014269;0.0061891532;0.0569394685;-0.0133176104;0.3397420000;0.7193070000;0.1919820000
1077;-5.2965407150;-5.6289222574;-6.0716151067;0.0167856717;0.0456061511;-0.0060111289;0.3398930000;0.7193640000;0.1947420000
1078;-5.2841404640;-5.6726552696;-6.0071905197;0.0257997796;0.0548392821;-0.0031484229;0.3393510000;0.7200980000;0.1923740000
1079;-5.1131517765;-5.6616992378;-6.0556215506;0.0374298912;0.0445612940;0.0041573648;0.3385810000;0.7169600000;0.1907130000
1080;-5.2047942431;-5.8284264064;-5.9340675226;0.0481916028;0.0547739055;-0.0040159127;0.3369090000;0.7176550000;0.1902270000
1081;-5.1336193331;-5.6915709674;-5.8262075770;0.0220395446;0.0785517198;-0.0134094442;0.3381540000;0.7200260000;0.1905350000
1082;-5.2996814967;-5.6970646164;-5.9836141357;0.0080071350;0.0391528379;-0.0078527467;0.3366210000;0.7194560000;0.1925440000
1083;-5.2536370792;-5.7699249948;-5.8575704318;0.0348396205;0.0643687421;-0.0130095825;0.3369710000;0.7204120000;0.1914490000
1084;-5.2417324452;-5.8660112379;-6.0405578148;-0.0009959090;0.0482235795;-0.0148251930;0.3352380000;0.7208050000;0.1923410000
1085;-5.0725182636;-5.7768814493;-6.0693439060;-0.0152727107;0.0695550188;-0.0386000823;0.3341310000;0.7212200000;0.1921560000
1086;-5.2269695589;-5.8264205744;-6.1181820181;0.0206235293;0.0660152338;-0.0358339159;0.3335520000;0.7199780000;0.1940700000
1087;-5.2148370532;-5.8369491530;-5.9865968528;-0.0082010602;0.0603735784;-0.0414455101;0.3335130000;0.7207940000;0.1933740000
1088;-5.1224760946;-5.7281670716;-6.0123653144;0.0084413496;0.0707228839;-0.0508424473;0.3305320000;0.7234640000;0.1940610000
1089;-5.1519462966;-5.8072106165;-6.0280367361;0.0231594504;0.0566422539;-0.0723897943;0.3285950000;0.7232280000;0.1937090000
1090;-5.0593228479;-5.7892681384;-6.0538071217;0.0162162006;0.0700722827;-0.0692593730;0.3268240000;0.7235060000;0.1939120000
1091;-5.0392926631;-5.7595312317;-6.0973489225;0.0190777266;0.0448339182;-0.0556758646;0.3263110000;0.7241580000;0.1945750000
1092;-5.0765591046;-5.7491816958;-6.0266618903;0.0027777846;0.0563373973;-0.0616151304;0.3230310000;0.7239210000;0.1947210000
1093;-4.9216001600;-5.8393401893;-5.9990165420;0.0192962941;0.0482505592;-0.0524272932;0.3222190000;0.7257840000;0.1949500000
1094;-5.0662924865;-5.7521945907;-6.0142997868;0.0311288134;0.0522089687;-0.0346514601;0.3211770000;0.7276280000;0.1959970000
1095;-4.9018584249;-5.6391647008;-5.9202420727;0.0151677441;0.0336416364;-0.0364298375;0.3208450000;0.7261980000;0.1948920000
1096;-4.9134855469;-5.6438129624;-6.0441965229;0.0283200726;0.0441381250;-0.0300298642;0.3186520000;0.7275490000;0.1949320000
1097;-5.0249142211;-5.7222634757;-5.9877449772;0.0149712229;0.0235378082;-0.0221447128;0.3190500000;0.7270200000;0.1946760000
1098;-4.9130893405;-5.7488684378;-6.0713852219;0.0332738753;0.0407387200;-0.0059081630;0.3184100000;0.7267390000;0.1954790000
1099;-4.8960743503;-5.8058240690;-6.0849001202;0.0024366653;0.0318608309;-0.0003830997;0.3187120000;0.7286490000;0.1935490000
1100;-4.8464568265;-5.8228734172;-5.9985619252;0.0060998821;0.0332896759;-0.0093761049;0.3177960000;0.7286370000;0.1943380000
1101;-4.9174891177;-5.8738968988;-6.0084224859;0.0078127455;0.0452540883;0.0014103118;0.3180790000;0.7282310000;0.1944900000
1102;-4.8845433150;-5.9366051040;-6.0123402245;0.0080457486;0.0561560858;0.0040054488;0.3185270000;0.7290050000;0.1951910000
1103;-4.9294121777;-5.8085896314;-5.9942029554;0.0117106534;0.0449577076;-0.0151405993;0.3188030000;0.7284700000;0.1952060000
1104;-5.0096077706;-5.7821215428;-6.0356065618;0.0236172001;0.0417484366;-0.0077797427;0.3175400000;0.7271700000;0.1946140000
1105;-4.8775223432;-5.8583588361;-6.0632615756;0.0274553532;0.0392458478;-0.0138596015;0.3190800000;0.7271380000;0.1952270000
1106;-4.9303555403;-5.8171976227;-5.9562440668;0.0150963649;0.0351377427;-0.0040637242;0.3172040000;0.7276020000;0.1934960000
1107;-4.9756350483;-5.6718549149;-6.0280961836;0.0240978566;0.0202304718;-0.0074555035;0.3179490000;0.7283620000;0.1946220000
1108;-4.9413539428;-5.5802731106;-5.7854818559;0.0440986318;0.0253352676;0.0079200226;0.3177210000;0.7284090000;0.1929600000
1109;-4.7948378263;-5.6052815520;-5.8966538833;0.0329544165;-0.0082446486;0.0220588350;0.3203600000;0.7292290000;0.1911310000
1110;-4.8627391682;-5.5921608420;-5.7481592157;-0.0069966982;-0.0120450596;0.0420610486;0.3205910000;0.7284510000;0.1903200000
1111;-4.9710208833;-5.6030065085;-5.7123456688;0.0261372446;-0.0446179622;0.0816153674;0.3230870000;0.7276140000;0.1908390000
1112;-4.9380481954;-5.3742461553;-5.6336088691;0.0069992716;-0.0624300692;0.1093615399;0.3258590000;0.7268410000;0.1888900000
1113;-5.0390293703;-5.4450023470;-5.5754844964;0.0190132496;-0.1053419357;0.1626741569;0.3306050000;0.7258200000;0.1904650000
1114;-5.0680355359;-5.3235305579;-5.2511704990;0.0466527893;-0.1487273260;0.1939528802;0.3350100000;0.7217830000;0.1857130000
1115;-5.3831334677;-5.4238043581;-5.4693168559;0.0218256620;-0.1876992314;0.2324651347;0.3426760000;0.7202500000;0.1805220000
1116;-5.4115322755;-5.5884135390;-5.4859845353;0.0110190084;-0.2119426129;0.2732929973;0.3520400000;0.7154180000;0.1787300000
1117;-5.4824055313;-5.8399954755;-5.6550370439;0.0145413119;-0.2292522015;0.2916472323;0.3624410000;0.7118680000;0.1733880000
1118;-5.4934160257;-5.5789200152;-5.4526158917;0.0614272109;-0.2515860167;0.2572191523;0.3713180000;0.7102650000;0.1703130000
1119;-5.5881422042;-5.4083671441;-5.2457834337;0.0462835727;-0.2741633343;0.2503443917;0.3797650000;0.7036980000;0.1642260000
1120;-5.8441884648;-4.9463908101;-4.8778940107;0.0554787840;-0.3368062061;0.2998181646;0.3899190000;0.7011990000;0.1594180000
1121;-6.0301445089;-4.5498768567;-4.5112671244;0.0233947977;-0.4153141080;0.3448963256;0.4006860000;0.6952110000;0.1506650000
1122;-6.3204009475;-4.3437028266;-4.2653681626;-0.0995167955;-0.4784033982;0.3988233458;0.4130430000;0.6897620000;0.1459670000
1123;-6.7520528637;-4.0123339561;-3.9842758108;-0.1850931649;-0.5978747264;0.4762789462;0.4274450000;0.6817100000;0.1384780000
1124;-7.0277893730;-4.3653762513;-4.1729413155;-0.1552661991;-0.6805257557;0.5319130560;0.4454530000;0.6709430000;0.1317040000
1125;-7.4383506182;-3.9087211537;-3.8345410221;-0.3052973390;-0.7975542322;0.6177056903;0.4648440000;0.6586950000;0.1251340000
1126;-7.7877613434;-4.2819886643;-4.3723966109;-0.2263131713;-0.8369254284;0.6380094534;0.4845600000;0.6451590000;0.1169330000
1127;-8.1474114141;-4.1679871127;-4.4272609745;-0.2464494315;-0.8872897125;0.6934252868;0.5052540000;0.6321360000;0.1040850000
1128;-8.4090005572;-4.4138796313;-5.0106388906;-0.3823664393;-0.8536333805;0.6468596720;0.5245330000;0.6159600000;0.0953360000
1129;-8.5001018579;-4.1699267538;-4.8684884352;-0.4494702698;-0.8286490744;0.5877283731;0.5420170000;0.6002730000;0.0888520000
1130;-8.5631868629;-4.2957072357;-5.0834792206;-0.3501383876;-0.7628401765;0.4941680397;0.5587520000;0.5864190000;0.0787440000
1131;-8.6911356470;-3.7796788390;-4.5398740900;-0.4228388097;-0.7350152405;0.4268455881;0.5723130000;0.5755950000;0.0708270000
1132;-8.7269348722;-3.7220585629;-4.8334394802;-0.4412188316;-0.6788186135;0.4573563920;0.5838050000;0.5621430000;0.0625720000
1133;-8.9957314706;-3.5386368355;-4.0284285770;-0.0178169484;-0.7263534451;0.4155209483;0.5953890000;0.5504400000;0.0485210000
1134;-9.0767481227;-2.8551380814;-3.5784434578;-0.0509953211;-0.5902610056;0.3484118238;0.6053980000;0.5401150000;0.0332960000
1135;-9.0207845779;-2.9172190769;-3.6755351551;-0.1983368324;-0.4741510601;0.2156360426;0.6128800000;0.5334290000;0.0220750000
1136;-9.2506257590;-2.6672753070;-3.5792851687;-0.3064339392;-0.4055531067;0.2098084267;0.6190320000;0.5266690000;0.0141070000
1137;-9.2046562132;-2.4850750556;-3.3120223024;-0.3064426525;-0.3117177860;0.1962367906;0.6232480000;0.5219290000;0.0108680000
1138;-9.1959514263;-2.3334925377;-2.8032485443;-0.2955851432;-0.3139237484;0.1841844574;0.6268620000;0.5170880000;0.0066400000
1139;-9.2635953560;-2.3347801181;-2.5014413969;-0.2578396346;-0.2813752493;0.2066587559;0.6300910000;0.5125680000;0.0054260000
1140;-9.3654668413;-2.2581139943;-2.4010393047;-0.3261401045;-0.2424543795;0.1864587699;0.6343380000;0.5075470000;0.0027400000
1141;-9.6275553400;-2.2001021676;-2.2398271723;-0.3497267042;-0.2532349021;0.1820068782;0.6406740000;0.5026200000;0.0006890000
1142;-9.1713073918;-2.3710451731;-2.0205265051;-0.2620071049;-0.2394904902;0.1904957271;0.6443920000;0.4983900000;-0.0016100000
1143;-9.3908956662;-2.1071399352;-2.4398753496;-0.3717677202;-0.2902678698;0.0262239801;0.6463810000;0.4966110000;-0.0053740000
1144;-9.3328942220;-2.3272216848;-2.5752464006;-0.5862141192;-0.2039642125;0.0902425252;0.6487970000;0.4967420000;-0.0012830000
1145;-9.2514157224;-2.2863074030;-2.8177605425;-0.3549753584;-0.1263227846;0.0344092745;0.6497510000;0.4956050000;0.0011050000
1146;-9.3841349830;-2.3606615299;-2.8090583405;-0.1391270757;-0.0695055149;-0.0282353245;0.6525540000;0.4939520000;0.0021940000
1147;-9.5728888278;-1.9771160985;-2.5178809296;-0.0512894260;-0.0110703533;-0.0923767077;0.6511780000;0.4954300000;0.0021270000
1148;-9.4101558316;-1.8250454208;-2.1232052783;0.0397964518;0.0238004492;-0.1025367035;0.6484040000;0.4975990000;0.0015870000
1149;-9.3102075619;-1.6845384649;-1.8430531479;0.1067947863;0.0563236773;-0.0950256763;0.6447880000;0.5012480000;0.0007270000
1150;-9.5548136509;-1.5164725661;-1.4916034431;-0.0764380616;0.0182112316;-0.0655423541;0.6432700000;0.5012690000;0.0005280000
1151;-9.3805262860;-1.6095782720;-1.6088608381;-0.1597266483;-0.0368729203;-0.1171251539;0.6433560000;0.5036160000;0.0021670000
1152;-9.4899100522;-1.5983335972;-1.7580406763;-0.0552512916;-0.0503458571;-0.0439356827;0.6429870000;0.5046620000;0.0029710000
1153;-9.4045057379;-1.6569920180;-1.9852431940;-0.0437584771;-0.0273185668;-0.0059599714;0.6420300000;0.5061310000;0.0030590000
1154;-9.2663943897;-1.8509521050;-2.2027393117;-0.0460493917;-0.0135259118;-0.0242351015;0.6406640000;0.5065420000;0.0031390000
1155;-9.5879724174;-1.9771385073;-2.1872013040;0.0306096511;0.0016614697;-0.0369075924;0.6409530000;0.5066640000;0.0034260000
1156;-9.4714217607;-1.9839299004;-2.1750485490;0.0114155332;0.0417566148;-0.0171172092;0.6415800000;0.5064210000;0.0023510000
1157;-9.5323880051;-1.9349408027;-1.9791317993;0.0015911533;0.0602447070;-0.0731616475;0.6410250000;0.5090860000;0.0023090000
1158;-9.3802635444;-1.8705949155;-1.8099435171;0.0593315399;0.0525622910;-0.0781407189;0.6388800000;0.5093500000;0.0031850000
1159;-9.3821541010;-1.8434250511;-1.8102957106;0.0858271864;0.0447612954;-0.0637139022;0.6359340000;0.5102100000;0.0019580000
1160;-9.3386856109;-1.6891961928;-1.7698872318;0.0498463026;0.0281191556;-0.0428341001;0.6361000000;0.5109910000;0.0025100000
1161;-9.3585672895;-1.6550992061;-1.8444971200;-0.0014831210;0.0347823359;-0.0140485219;0.6347250000;0.5118040000;0.0024490000
1162;-9.2513921720;-1.7782208236;-1.8498560243;-0.0034360963;0.0244419355;0.0067988957;0.6343410000;0.5127240000;0.0029780000
1163;-9.3564485293;-1.8459609917;-1.9371810714;0.0164201211;0.0286126303;0.0286773756;0.6359170000;0.5112810000;0.0016740000
1164;-9.2014528786;-1.9525978148;-1.8901626322;0.0020554822;0.0326807254;0.0066980690;0.6371690000;0.5108610000;0.0020030000
1165;-9.4591093629;-1.9731343951;-1.9769693793;0.0376296222;0.0143486325;-0.0059967138;0.6366520000;0.5097880000;0.0025410000
1166;-9.2016673216;-1.9873520838;-1.8710414618;0.0482579467;0.0181438324;-0.0150089277;0.6368330000;0.5111600000;0.0008860000
1167;-9.3956784704;-1.9800211668;-1.9263639544;0.0419057409;0.0245925339;-0.0323236637;0.6359940000;0.5111770000;0.0005760000
1168;-9.5091809897;-1.9037305052;-1.8832195608;0.0332104918;0.0215217615;-0.0201941286;0.6347700000;0.5126460000;0.0007920000
1169;-9.5458949489;-1.8410569745;-1.9323036462;0.0186055376;0.0272223166;-0.0005402083;0.6350100000;0.5113320000;0.0001220000
1170;-9.5709858465;-1.9253386646;-1.8998469176;0.0020105450;0.0288635350;0.0049397950;0.6359070000;0.5123480000;0.0015280000
1171;-9.3164829290;-1.9301830876;-1.9596224595;0.0113395923;0.0220686542;-0.0202582396;0.6355570000;0.5125220000;0.0001360000
1172;-9.5657905171;-1.9408025354;-1.9353265122;0.0524196206;0.0200942127;-0.0004736945;0.6345040000;0.5122460000;0.0009220000
1173;-9.4405765861;-1.9232162353;-1.8944655405;0.0515902408;0.0641868686;0.0104916062;0.6357250000;0.5119740000;0.0006970000
1174;-9.4648882085;-2.0159283017;-1.9939535859;0.0075281914;0.0364182199;-0.0168208986;0.6358140000;0.5133250000;-0.0001350000
1175;-9.3303250006;-1.9810114502;-1.9079803888;0.0434378339;0.0214208302;-0.0004911100;0.6348390000;0.5128110000;-0.0004460000
1176;-9.5705080935;-1.9912805326;-1.8787846401;-0.0143555514;0.0321459941;0.0095035529;0.6374900000;0.5109020000;0.0003630000
1177;-9.2754163486;-2.0811997689;-1.9398603880;-0.0212178045;0.0202556684;-0.0150004636;0.6368460000;0.5120830000;0.0011550000
1178;-9.3253144029;-2.0793458145;-1.9159793258;-0.0090052944;0.0133177883;-0.0023607715;0.6360510000;0.5127420000;0.0016690000
1179;-9.4823233980;-2.0164718433;-1.9467763680;-0.0088553328;0.0188561879;-0.0077116773;0.6361930000;0.5106130000;0.0016900000
1180;-9.5195031518;-2.0314104620;-1.8904618160;-0.0307939555;0.0203458531;-0.0405407480;0.6342840000;0.5114250000;0.0018830000
1181;-9.3021463569;-2.0002232713;-1.9398490136;-0.0463717566;0.0450223942;-0.0590239078;0.6342350000;0.5123120000;0.0035280000
1182;-9.4524470712;-2.0290104308;-1.9487672208;-0.0167434669;0.0182176137;-0.0509294975;0.6329250000;0.5146860000;0.0046970000
1183;-9.1741070763;-2.0373944586;-1.9735886318;-0.0156626236;0.0181781985;-0.0450324480;0.6321450000;0.5152040000;0.0054890000
1184;-9.3467091723;-2.0436374648;-1.9629238393;-0.0468125626;0.0082610375;-0.0635685509;0.6290130000;0.5170860000;0.0059000000
1185;-9.2397098531;-2.0324003308;-1.9359150859;-0.0875743546;0.0060729347;-0.0395443189;0.6300760000;0.5188830000;0.0078580000
1186;-9.5072936440;-2.0172617464;-1.9451830858;-0.0955509197;0.0133440767;-0.0434659261;0.6308890000;0.5196090000;0.0102270000
1187;-9.3374164264;-2.0555260478;-1.9450225029;-0.1379546672;-0.0077941817;-0.0337826332;0.6285170000;0.5190560000;0.0119270000
1188;-9.5039396722;-2.0969521291;-1.9866482435;-0.1312076663;0.0184772206;-0.0491116887;0.6277900000;0.5198130000;0.0136820000
1189;-9.4504019022;-2.1164059695;-1.9676542978;-0.1261546111;0.0061840654;-0.0510588934;0.6267770000;0.5214420000;0.0177620000
1190;-9.3443787621;-2.1311897647;-1.9453395395;-0.1510172804;0.0043876116;-0.0724055431;0.6242840000;0.5235380000;0.0198510000
1191;-9.2309722305;-2.1374617852;-2.0214100548;-0.0996950208;0.0144303148;-0.0927377953;0.6238520000;0.5250780000;0.0220260000
1192;-9.4394977337;-2.0189675523;-2.0319852569;-0.0803370405;0.0258381097;-0.0662127447;0.6214970000;0.5271730000;0.0241200000
1193;-9.2641387066;-1.9518890659;-2.0498700448;-0.1280885574;0.0495268190;-0.0673804917;0.6204810000;0.5276750000;0.0255910000
1194;-9.4721093801;-2.0056323055;-1.9901303423;-0.1450190260;0.0618166742;-0.0533842848;0.6191060000;0.5276240000;0.0280150000
1195;-9.2080717957;-1.9736084751;-2.0077275895;-0.0509398629;0.0270978698;-0.0576808592;0.6193450000;0.5288320000;0.0324240000
1196;-9.2939023203;-1.9134396562;-2.0787789014;0.0206312797;0.0168095134;-0.0382606785;0.6174870000;0.5302820000;0.0335780000
1197;-9.3689529981;-1.9367989969;-2.1509672112;-0.0338270535;0.0239213827;-0.0393509710;0.6179960000;0.5316240000;0.0329000000
1198;-9.3054475741;-2.0436493077;-2.2476926968;-0.0134036265;0.0393297494;-0.0266171960;0.6175160000;0.5311970000;0.0341240000
1199;-9.2944508921;-2.0762040900;-2.1880697877;0.0278318852;0.0673822739;0.0101012124;0.6170200000;0.5316430000;0.0325850000
1200;-9.2596787332;-2.0659746324;-2.1078371155;0.0295664460;0.0804217920;0.0393024906;0.6180910000;0.5295850000;0.0345720000
1201;-9.3846594959;-2.0854419295;-2.0974769049;0.0104391061;0.0739954326;0.0380227130;0.6187390000;0.5292630000;0.0363910000
1202;-9.2652179683;-2.2113139427;-2.0269862267;-0.0451291651;0.0844486714;0.0627384277;0.6202510000;0.5281160000;0.0389390000
1203;-9.5096355668;-2.2491744144;-2.0993198689;-0.0162435016;0.0728050861;0.0481937170;0.6215160000;0.5274890000;0.0420250000
1204;-9.1970711777;-2.3028682399;-2.1692645451;0.0241690891;0.0588059347;-0.0061493732;0.6197350000;0.5253150000;0.0444480000
1205;-9.2695880588;-2.3106607647;-2.2041344129;0.0503131053;0.0766770560;0.0065391737;0.6224200000;0.5253150000;0.0434540000
1206;-9.1977765661;-2.2354055826;-2.1887503508;0.0310674592;0.0507038153;-0.0265386905;0.6205180000;0.5265210000;0.0437820000
1207;-9.2799608954;-2.1866836889;-2.1559642280;-0.0192350353;0.0492762794;-0.0061701943;0.6206770000;0.5270400000;0.0441980000
1208;-8.9491996215;-2.1310859759;-2.1916168858;-0.0980364524;0.0635998968;-0.0129523973;0.6190520000;0.5270470000;0.0445460000
1209;-9.0662828122;-2.1722231838;-2.1115578873;-0.0843280023;0.0283354808;-0.0097333145;0.6194560000;0.5264480000;0.0469080000
1210;-9.3298779194;-2.1634533813;-2.1551580675;-0.0387655838;0.0201973743;-0.0297885122;0.6210830000;0.5250450000;0.0490500000
1211;-9.3429482069;-2.1068045917;-2.2107272772;-0.0613417837;0.0026761213;-0.0061228595;0.6197310000;0.5258460000;0.0494030000
1212;-9.3629028610;-2.0817399758;-2.2792681899;-0.0713827940;0.0108409305;-0.0134065181;0.6207110000;0.5268210000;0.0523280000
1213;-9.0801883801;-2.0919009439;-2.2386394645;-0.0649130947;0.0104727071;-0.0401222418;0.6198550000;0.5271780000;0.0542190000
1214;-9.4423191848;-2.0646625258;-2.2894334561;-0.0188328533;0.0144445681;-0.0585823616;0.6190150000;0.5273280000;0.0539090000
1215;-9.3090268009;-1.9644959425;-2.2681679211;0.0011996261;0.0018633265;-0.0417454779;0.6174050000;0.5283240000;0.0520460000
1216;-9.3955207857;-1.8635481669;-2.2313119502;-0.0353411586;-0.0012849828;-0.0273410969;0.6178770000;0.5284220000;0.0531670000
1217;-9.2892713654;-1.9889695393;-2.2162303595;-0.0432621908;0.0025231483;-0.0106134092;0.6169130000;0.5287650000;0.0556050000
1218;-9.2580599881;-1.9341964580;-2.1745232425;-0.0338533058;0.0044273518;-0.0041005743;0.6165010000;0.5287700000;0.0555880000
1219;-9.2219710530;-1.9045765597;-2.2729470130;0.0055278257;-0.0116079189;0.0198307299;0.6176180000;0.5280190000;0.0534350000
1220;-9.3446140748;-1.9399509019;-2.3324773974;0.0046247577;0.0098858222;0.0401126023;0.6180470000;0.5272090000;0.0537330000
1221;-9.2355725519;-2.0618598753;-2.3682100541;0.0000887928;0.0226340882;0.0439662860;0.6179380000;0.5281260000;0.0542730000
1222;-9.1603571944;-2.1020535532;-2.3681805583;-0.0078259200;0.0416944885;0.0451669672;0.6204480000;0.5240950000;0.0549540000
1223;-9.1624151627;-2.1457666744;-2.2621120601;-0.0034032283;0.0558520100;0.0383050251;0.6208130000;0.5249110000;0.0541370000
1224;-9.4455651547;-2.1173286514;-2.2081693366;-0.0015618880;0.0543413613;0.0352259713;0.6200210000;0.5242400000;0.0546610000
1225;-9.3029338995;-2.1455790039;-2.1794949241;0.0003058910;0.0414138780;0.0084076940;0.6213630000;0.5237740000;0.0566460000
1226;-9.3238496382;-2.1106287240;-2.1509004647;0.0240734822;0.0370795874;0.0048849969;0.6223160000;0.5240330000;0.0565450000
1227;-9.4732690976;-2.0450937708;-2.2226693298;0.0259260432;0.0178794283;-0.0179941068;0.6224550000;0.5232340000;0.0565560000
1228;-9.1260380719;-2.0736949397;-2.2735361875;0.0254928153;0.0160528348;-0.0272272036;0.6229120000;0.5234730000;0.0574000000
1229;-9.0978444506;-2.0058965197;-2.3260429518;0.0168080210;0.0301414403;-0.0320449828;0.6205950000;0.5234250000;0.0551030000
1230;-9.2782105292;-1.9980427055;-2.2719840325;0.0432588508;0.0371937304;-0.0227863621;0.6196600000;0.5251490000;0.0556040000
1231;-9.2104542535;-1.9293280333;-2.3028122936;0.0258124902;0.0308036101;0.0031573388;0.6204680000;0.5254130000;0.0553590000
1232;-9.2059597244;-1.9736967870;-2.3560294432;0.0169635140;0.0456041413;0.0066012360;0.6210480000;0.5253920000;0.0559330000
1233;-9.1134578139;-1.9928566552;-2.3043797186;-0.0176818890;0.0562770258;0.0156660069;0.6206690000;0.5237860000;0.0564810000
1234;-9.0567392677;-2.0566354215;-2.2395973452;-0.0197687206;0.0443617736;0.0212552732;0.6208370000;0.5236360000;0.0570400000
1235;-9.1199842472;-2.0722650550;-2.2574803299;0.0278729227;0.0359549417;-0.0105757609;0.6216930000;0.5225480000;0.0576330000
1236;-9.3204079899;-2.0072676488;-2.2082642211;0.0416217008;0.0112767398;0.0041558023;0.6205090000;0.5233330000;0.0585440000
1237;-9.4710169700;-1.9750055642;-2.2857508602;-0.0034159604;0.0023001359;-0.0095291400;0.6233110000;0.5226780000;0.0571460000
1238;-9.4493893987;-2.0772556243;-2.2785554612;-0.0078444137;0.0149029560;-0.0060197300;0.6216610000;0.5234940000;0.0570740000
1239;-9.3805415548;-2.1012295040;-2.3770587510;-0.0088202245;0.0098270707;0.0050138770;0.6222430000;0.5225420000;0.0576550000
1240;-8.9783349825;-2.0824153996;-2.3163818474;-0.0264694655;0.0290447503;-0.0041979526;0.6204760000;0.5236810000;0.0604680000
1241;-9.0818330179;-2.0056223965;-2.1510817591;0.0057316417;0.0163921686;-0.0085959162;0.6215950000;0.5222650000;0.0583200000
1242;-9.1312944235;-1.9480704146;-2.1188701196;0.0774595528;-0.0344933180;-0.0379593403;0.6220580000;0.5234970000;0.0568140000
1243;-9.0803047075;-1.8812289651;-2.1688264208;0.0588193781;-0.0410487490;-0.0168260062;0.6206010000;0.5248170000;0.0527510000
1244;-9.1532836336;-1.8712954034;-2.1859134505;0.0454407670;-0.0425394313;-0.0002000384;0.6204970000;0.5238070000;0.0508260000
1245;-9.3837756424;-1.9633477919;-2.3489127544;0.0505347011;-0.0408539383;0.0385299743;0.6228340000;0.5230490000;0.0484460000
1246;-9.3796382871;-2.1098980255;-2.3409949653;0.0416191038;-0.0183651249;0.0295075529;0.6217440000;0.5235230000;0.0460570000
1247;-9.1634162671;-2.2012001096;-2.3705905244;0.0661180664;-0.0053401384;0.0014482964;0.6230290000;0.5224900000;0.0444640000
1248;-9.3267925187;-2.0472511837;-2.3196610960;0.1723833611;0.0139720105;0.0015308081;0.6242260000;0.5236250000;0.0413350000
1249;-9.3243101397;-1.9445241363;-2.2376118546;0.1306985312;-0.0021719433;-0.0030086958;0.6234580000;0.5236080000;0.0373100000
1250;-9.3617921405;-2.0318933502;-2.1860764915;0.0215246242;0.0281012935;0.0284392340;0.6231080000;0.5235160000;0.0359190000
