acc_x;acc_y;acc_z;gyr_x;gyr_y;gyr_z;mag_x;mag_y;mag_z
-1.4994000000;0.0714000000;9.8022000000;1.5937500000;-0.1912500000;0.1912500000;20.5000000000;1.1875000000;-45.6875000000
-1.4688000000;0.0306000000;9.7206000000;-3.4425000000;-1.2112500000;0.5100000000;20.5000000000;1.1875000000;-45.6875000000
-1.7136000000;-0.1326000000;9.8430000000;0.8287500000;1.0837500000;-0.3187500000;20.0625000000;2.2500000000;-46.5000000000
-1.6320000000;0.0000000000;9.8736000000;3.7612500000;1.2112500000;-0.8287500000;20.0625000000;1.5625000000;-47.2500000000
-1.5912000000;0.1632000000;9.7002000000;0.7650000000;-2.4225000000;-1.1475000000;20.0625000000;2.0000000000;-46.5000000000
-1.5504000000;0.2040000000;9.8532000000;1.7212500000;0.2550000000;-0.1275000000;20.8750000000;1.5625000000;-45.6875000000
-1.5606000000;0.1224000000;9.7512000000;0.4462500000;0.5100000000;0.5100000000;20.8750000000;1.5625000000;-45.6875000000
-1.5402000000;-0.0918000000;9.8328000000;-2.9962500000;0.4462500000;0.7650000000;20.0625000000;2.0000000000;-45.6875000000
-1.6116000000;-0.1020000000;9.8328000000;-0.5100000000;0.3187500000;-0.4462500000;20.8750000000;2.0000000000;-46.5000000000
-1.6932000000;0.1122000000;9.8124000000;3.3150000000;-0.4462500000;-1.0200000000;20.5000000000;1.1875000000;-46.5000000000
-1.5912000000;0.1122000000;9.8022000000;-0.2550000000;1.2112500000;-0.1912500000;21.1875000000;2.0000000000;-46.5000000000
-1.5912000000;0.1836000000;9.7410000000;-1.0837500000;-0.3187500000;0.5100000000;21.1875000000;2.0000000000;-46.5000000000
-1.6524000000;0.0918000000;9.8736000000;-2.9325000000;0.4462500000;2.0400000000;20.0625000000;1.5625000000;-44.8750000000
-1.5402000000;-0.2652000000;9.8430000000;-1.2112500000;0.8925000000;1.8487500000;20.0625000000;1.5625000000;-45.6875000000
-1.5504000000;-0.0918000000;9.8022000000;0.4462500000;-0.3187500000;-0.1912500000;20.0625000000;2.0000000000;-45.6875000000
-1.6320000000;0.0204000000;9.8532000000;2.5500000000;0.1275000000;-0.5100000000;21.1875000000;1.5625000000;-46.0625000000
-1.6728000000;-0.0204000000;9.8124000000;2.6137500000;0.6375000000;-1.0200000000;21.1875000000;1.5625000000;-46.0625000000
-1.6626000000;0.1938000000;9.7716000000;1.4662500000;-0.1275000000;-0.4462500000;20.8750000000;1.5625000000;-45.6875000000
-1.5810000000;0.1020000000;9.7920000000;-3.6975000000;-0.9562500000;0.0000000000;20.8750000000;2.0000000000;-46.5000000000
-1.6014000000;-0.1734000000;9.8634000000;1.7212500000;-0.8287500000;-0.1912500000;20.5000000000;1.5625000000;-47.2500000000
-1.5300000000;0.1224000000;9.7818000000;2.8687500000;1.1475000000;-1.0200000000;20.5000000000;1.5625000000;-48.0625000000
-1.6626000000;0.0612000000;9.7512000000;1.2750000000;0.5737500000;-0.5100000000;20.5000000000;1.5625000000;-48.0625000000
-1.6830000000;0.1224000000;9.8838000000;1.4025000000;-0.0637500000;0.3187500000;20.8750000000;2.0000000000;-46.5000000000
-1.5606000000;0.1122000000;9.7716000000;1.4025000000;0.4462500000;0.0637500000;20.0625000000;0.7500000000;-46.5000000000
-1.5606000000;-0.0612000000;9.8532000000;0.2550000000;0.7012500000;-0.2550000000;20.5000000000;1.5625000000;-46.8750000000
-1.5912000000;0.2958000000;9.7206000000;4.7812500000;-0.2550000000;-0.7650000000;20.8750000000;0.7500000000;-46.8750000000
-1.7034000000;0.1326000000;9.8226000000;1.5937500000;1.1475000000;0.4462500000;20.8750000000;0.7500000000;-46.8750000000
-1.6218000000;0.1428000000;9.7614000000;0.7650000000;0.3187500000;0.3187500000;20.8750000000;1.1875000000;-45.6875000000
-1.5912000000;0.0408000000;9.8022000000;-0.5737500000;0.4462500000;0.5100000000;20.8750000000;1.1875000000;-45.2500000000
-1.6014000000;0.1530000000;9.8226000000;0.4462500000;0.0000000000;0.0637500000;21.1875000000;1.5625000000;-47.2500000000
-1.6116000000;0.1734000000;9.7002000000;-0.6375000000;-0.1912500000;0.0637500000;20.8750000000;2.0000000000;-47.2500000000
-1.6728000000;0.0918000000;9.9144000000;-1.8487500000;1.1475000000;0.3825000000;20.8750000000;2.0000000000;-47.2500000000
-1.6728000000;0.2040000000;9.7104000000;0.1912500000;-0.5737500000;-0.1275000000;20.0625000000;2.0000000000;-45.6875000000
-1.6830000000;0.0306000000;9.8838000000;-2.8687500000;0.1912500000;-0.1912500000;20.8750000000;1.5625000000;-47.2500000000
-1.6524000000;0.0204000000;9.7716000000;0.3187500000;-0.8287500000;-1.0837500000;20.8750000000;2.0000000000;-46.0625000000
-1.6014000000;0.1836000000;9.8124000000;1.7850000000;-0.8287500000;-0.8925000000;20.8750000000;2.0000000000;-46.0625000000
-1.6014000000;0.0816000000;9.7716000000;-3.5700000000;-0.8925000000;-0.1912500000;20.5000000000;1.1875000000;-46.5000000000
-1.6218000000;-0.0714000000;9.8124000000;-1.2750000000;0.1912500000;-0.2550000000;20.8750000000;0.7500000000;-46.5000000000
-1.6524000000;0.1020000000;9.8940000000;0.2550000000;0.3825000000;-1.9125000000;21.1875000000;2.0000000000;-47.2500000000
-1.5912000000;0.2040000000;9.7614000000;2.1675000000;-0.1275000000;-0.0637500000;20.5000000000;1.1875000000;-46.0625000000
-1.6626000000;0.2040000000;9.8226000000;3.0600000000;-0.5100000000;-0.0637500000;20.5000000000;1.1875000000;-46.0625000000
-1.6014000000;0.0714000000;9.7614000000;0.4462500000;0.0637500000;0.5737500000;20.5000000000;1.1875000000;-45.2500000000
-1.6014000000;0.0918000000;9.8328000000;1.3387500000;0.1275000000;0.3187500000;20.5000000000;1.5625000000;-44.5000000000
-1.5708000000;0.1326000000;9.7818000000;0.9562500000;0.5737500000;1.2750000000;20.8750000000;1.1875000000;-47.2500000000
-1.6728000000;0.1326000000;9.8124000000;0.6375000000;0.1275000000;0.3825000000;21.1875000000;0.7500000000;-47.2500000000
-1.7238000000;0.2142000000;9.8124000000;1.7850000000;0.7650000000;-0.2550000000;21.1875000000;0.7500000000;-47.2500000000
-1.7034000000;0.1938000000;9.8124000000;-0.5100000000;0.2550000000;-0.0637500000;20.5000000000;1.5625000000;-46.0625000000
-1.6014000000;0.1326000000;9.7716000000;0.2550000000;-0.8925000000;0.6375000000;20.5000000000;1.1875000000;-46.0625000000
-1.5096000000;0.1020000000;9.8226000000;-0.3187500000;0.3187500000;0.0637500000;20.0625000000;1.1875000000;-46.8750000000
-1.6728000000;0.0816000000;9.8022000000;0.8287500000;1.2112500000;-0.5100000000;20.8750000000;0.7500000000;-46.8750000000
-1.6626000000;0.1326000000;9.8430000000;2.8687500000;0.5737500000;0.0000000000;20.8750000000;0.7500000000;-46.8750000000
-1.6626000000;0.2448000000;9.7920000000;0.1912500000;0.5100000000;-0.1912500000;20.8750000000;0.7500000000;-46.5000000000
-1.6626000000;0.1326000000;9.9246000000;3.7612500000;1.0200000000;0.0000000000;20.5000000000;1.5625000000;-46.0625000000
-1.6524000000;0.2142000000;9.7512000000;-0.0637500000;0.2550000000;-0.2550000000;20.0625000000;0.7500000000;-46.5000000000
-1.6728000000;0.2550000000;9.7104000000;0.1275000000;-0.6375000000;-0.3187500000;20.5000000000;1.5625000000;-46.5000000000
-1.6422000000;0.2856000000;9.8226000000;-1.5300000000;0.5100000000;-0.3187500000;20.5000000000;1.5625000000;-46.5000000000
-1.6422000000;0.1326000000;9.8226000000;-1.4662500000;-0.3187500000;0.2550000000;20.5000000000;1.1875000000;-47.2500000000
-1.6014000000;0.1836000000;9.7818000000;-1.0200000000;-0.2550000000;0.1275000000;20.5000000000;0.7500000000;-44.8750000000
-1.6626000000;0.2346000000;9.8226000000;1.3387500000;0.6375000000;0.2550000000;20.8750000000;0.7500000000;-46.0625000000
-1.6932000000;0.1938000000;9.7818000000;-0.0637500000;0.2550000000;0.5100000000;20.5000000000;0.7500000000;-45.2500000000
-1.6320000000;0.2040000000;9.8124000000;-1.0200000000;-0.7012500000;0.2550000000;20.5000000000;0.7500000000;-45.2500000000
-1.6524000000;0.1428000000;9.8430000000;0.2550000000;0.9562500000;-0.2550000000;21.1875000000;1.1875000000;-46.5000000000
-1.6320000000;0.3060000000;9.7410000000;0.8925000000;-0.5100000000;0.3187500000;20.8750000000;0.7500000000;-46.0625000000
-1.6626000000;0.1428000000;9.8430000000;-1.5937500000;0.3825000000;1.2750000000;20.8750000000;1.1875000000;-46.8750000000
-1.6524000000;0.0000000000;9.8124000000;1.4025000000;0.3825000000;-0.5737500000;20.5000000000;0.5000000000;-46.0625000000
-1.7034000000;0.2448000000;9.7716000000;1.8487500000;0.3825000000;-1.3387500000;20.5000000000;0.5000000000;-46.0625000000
-1.7340000000;0.2550000000;9.8124000000;2.1675000000;-0.5100000000;-0.8287500000;20.8750000000;0.7500000000;-45.6875000000
-1.6014000000;0.1938000000;9.8430000000;1.0837500000;-0.5100000000;0.1275000000;21.5625000000;-0.1875000000;-45.6875000000
-1.5912000000;0.2448000000;9.7410000000;0.8925000000;-0.5737500000;-0.0637500000;21.1875000000;1.5625000000;-46.0625000000
-1.6014000000;0.3264000000;9.8022000000;0.2550000000;0.1275000000;0.0637500000;20.8750000000;0.0625000000;-46.5000000000
-1.6218000000;0.2142000000;9.8022000000;-0.7650000000;0.7012500000;0.5100000000;20.8750000000;0.0625000000;-46.5000000000
-1.6728000000;0.1632000000;9.8022000000;-0.9562500000;0.3825000000;0.0637500000;19.7500000000;1.1875000000;-46.5000000000
-1.7544000000;0.1632000000;9.8124000000;0.8925000000;0.2550000000;-0.0637500000;20.5000000000;0.7500000000;-46.5000000000
-1.7238000000;0.3162000000;9.7614000000;-0.3187500000;-0.7650000000;-0.5100000000;20.5000000000;0.5000000000;-47.2500000000
-1.5912000000;0.1020000000;9.8736000000;-1.7850000000;0.1912500000;-0.2550000000;20.8750000000;0.5000000000;-46.0625000000
-1.5912000000;0.1530000000;9.7716000000;1.2112500000;-0.1912500000;-0.9562500000;20.8750000000;0.5000000000;-46.0625000000
-1.6218000000;0.3162000000;9.7716000000;0.7012500000;0.3187500000;0.1912500000;20.0625000000;0.5000000000;-45.6875000000
-1.6728000000;0.2958000000;9.8124000000;-1.1475000000;-0.2550000000;0.1275000000;21.5625000000;1.1875000000;-45.2500000000
-1.6524000000;0.1632000000;9.8328000000;1.4662500000;0.1912500000;-0.4462500000;20.8750000000;1.1875000000;-48.0625000000
-1.6014000000;0.2346000000;9.7308000000;-0.1275000000;-0.3187500000;-0.3825000000;20.8750000000;0.7500000000;-46.0625000000
-1.6626000000;0.2448000000;9.8838000000;0.1912500000;0.6375000000;0.6375000000;20.8750000000;0.7500000000;-46.0625000000
-1.7136000000;0.1224000000;9.7512000000;0.7650000000;-0.1912500000;0.0000000000;20.8750000000;1.1875000000;-46.0625000000
-1.6932000000;0.2856000000;9.8022000000;0.1912500000;-0.6375000000;-0.3825000000;20.5000000000;0.0625000000;-46.0625000000
-1.6422000000;0.2754000000;9.8226000000;-1.0837500000;0.1275000000;-0.3825000000;20.5000000000;-0.1875000000;-46.8750000000
-1.6116000000;0.2040000000;9.7716000000;-1.7850000000;0.1912500000;0.1275000000;20.5000000000;-0.1875000000;-46.8750000000
-1.6932000000;0.1734000000;9.8634000000;0.7650000000;0.8287500000;-0.1912500000;21.1875000000;1.1875000000;-45.6875000000
-1.7136000000;0.2448000000;9.8022000000;0.0000000000;0.0637500000;-0.1912500000;20.8750000000;0.7500000000;-46.5000000000
-1.7136000000;0.2754000000;9.8124000000;-0.5737500000;-0.5100000000;-0.0637500000;20.0625000000;0.7500000000;-46.5000000000
-1.6422000000;0.2244000000;9.7920000000;-2.7412500000;-0.3825000000;0.1912500000;21.1875000000;1.1875000000;-47.2500000000
-1.4994000000;0.1326000000;9.7818000000;-3.0600000000;-0.6375000000;-0.7012500000;21.1875000000;1.1875000000;-47.2500000000
-1.6728000000;0.2652000000;9.7920000000;-4.3350000000;0.7012500000;-0.4462500000;20.0625000000;0.5000000000;-46.0625000000
-1.7646000000;0.0510000000;9.8940000000;-0.1275000000;-0.0637500000;-0.2550000000;20.0625000000;1.1875000000;-46.0625000000
-1.6218000000;0.2244000000;9.7614000000;0.5100000000;-0.8925000000;-0.5737500000;21.1875000000;1.1875000000;-46.0625000000
-1.6116000000;0.1020000000;9.7410000000;-0.0637500000;-0.4462500000;0.7012500000;20.8750000000;1.1875000000;-46.0625000000
-1.6218000000;-0.0306000000;9.8736000000;0.5100000000;0.0000000000;-0.3825000000;20.8750000000;1.1875000000;-46.0625000000
-1.5606000000;0.3876000000;9.6798000000;2.2950000000;-1.3387500000;-0.3187500000;20.5000000000;1.1875000000;-46.5000000000
-1.5096000000;0.2040000000;9.7818000000;-2.2950000000;0.8287500000;0.8287500000;20.5000000000;0.5000000000;-46.0625000000
-1.7442000000;0.0102000000;9.8532000000;-0.7650000000;1.1475000000;0.2550000000;20.5000000000;0.7500000000;-46.5000000000
-1.6524000000;0.1938000000;9.8124000000;2.4862500000;-0.1275000000;0.1275000000;21.1875000000;1.5625000000;-46.0625000000
-1.6014000000;0.2244000000;9.7920000000;0.1275000000;0.1275000000;0.6375000000;21.1875000000;1.5625000000;-46.0625000000
-1.6218000000;0.0102000000;9.7920000000;-0.1912500000;0.3187500000;0.4462500000;20.5000000000;0.7500000000;-46.8750000000
-1.7136000000;0.0918000000;9.8124000000;2.8050000000;0.5100000000;-0.3187500000;20.8750000000;1.5625000000;-45.6875000000
-1.6728000000;0.3672000000;9.7308000000;4.1437500000;-0.7012500000;-0.7650000000;20.8750000000;0.7500000000;-45.6875000000
-1.6320000000;0.3468000000;9.8022000000;-0.6375000000;0.1275000000;0.2550000000;21.1875000000;0.7500000000;-45.6875000000
-1.5810000000;0.1938000000;9.6696000000;-0.6375000000;-0.8287500000;0.3187500000;21.1875000000;0.7500000000;-45.6875000000
-1.6728000000;0.1224000000;9.8940000000;-0.5100000000;-0.3187500000;-0.2550000000;20.8750000000;0.5000000000;-46.5000000000
-1.6524000000;0.2958000000;9.7206000000;-0.7650000000;-0.2550000000;-0.6375000000;21.5625000000;0.5000000000;-44.5000000000
-1.6218000000;0.2244000000;9.7614000000;-1.2750000000;0.0000000000;0.7650000000;20.5000000000;0.0625000000;-45.6875000000
-1.6320000000;-0.0306000000;9.8736000000;-0.6375000000;-0.3187500000;0.3825000000;20.8750000000;0.7500000000;-46.8750000000
-1.6116000000;0.3366000000;9.8124000000;1.0837500000;-0.7650000000;-1.4662500000;20.8750000000;0.7500000000;-46.8750000000
-1.5810000000;0.2346000000;9.7716000000;-3.6337500000;0.1912500000;0.0000000000;20.0625000000;0.7500000000;-46.5000000000
-1.6524000000;0.2550000000;9.7818000000;2.9962500000;-0.3187500000;-0.3187500000;20.8750000000;0.0625000000;-46.5000000000
-1.6626000000;0.1224000000;9.8124000000;-0.5100000000;0.4462500000;-0.0637500000;20.0625000000;0.7500000000;-46.0625000000
-1.6728000000;0.0714000000;9.9450000000;2.0400000000;-0.1912500000;-0.6375000000;20.8750000000;0.7500000000;-45.2500000000
-1.7136000000;0.1020000000;10.1490000000;7.6500000000;0.4462500000;-0.7650000000;20.8750000000;0.7500000000;-45.2500000000
-2.0196000000;-0.0918000000;10.7100000000;9.3075000000;-8.7337500000;-1.1475000000;19.7500000000;1.1875000000;-46.0625000000
-2.1930000000;0.3570000000;13.6272000000;97.3462500000;-15.3637500000;-0.5737500000;20.8750000000;0.7500000000;-45.6875000000
-2.7642000000;4.1820000000;15.7998000000;43.9875000000;-75.7987500000;20.9737500000;20.5000000000;0.0625000000;-46.5000000000
-1.5708000000;0.4386000000;13.2702000000;-49.5337500000;-129.4125000000;28.9425000000;18.5625000000;-4.6875000000;-46.8750000000
-0.6936000000;1.3974000000;11.0364000000;35.8912500000;-133.6837500000;18.8700000000;18.5625000000;-4.6875000000;-46.8750000000
-0.3468000000;1.3770000000;11.0466000000;-30.4725000000;-122.5912500000;15.8100000000;13.3750000000;-2.3750000000;-48.0625000000
0.2856000000;0.9690000000;11.8218000000;1.5937500000;-134.8950000000;14.5987500000;8.2500000000;-3.5625000000;-50.8750000000
2.0502000000;0.7650000000;8.7108000000;-19.3162500000;-158.5462500000;11.2837500000;3.5000000000;-2.7500000000;-52.0625000000
2.2134000000;0.2244000000;8.8842000000;-41.8837500000;-147.7725000000;4.0800000000;-2.6875000000;-2.7500000000;-52.8750000000
3.1620000000;0.3978000000;7.3134000000;36.2100000000;-150.1312500000;3.9525000000;-2.6875000000;-2.7500000000;-52.8750000000
4.2432000000;0.5916000000;6.1098000000;-10.4550000000;-141.5887500000;-3.6337500000;-8.5000000000;-0.5000000000;-52.0000000000
4.9980000000;-0.6528000000;6.2730000000;-13.3875000000;-124.5037500000;-7.4587500000;-13.8750000000;-2.0000000000;-50.7500000000
5.9160000000;-0.0816000000;6.2220000000;39.7162500000;-107.5462500000;-14.5350000000;-20.1875000000;0.5625000000;-48.2500000000
6.2016000000;1.7340000000;6.2628000000;2.1675000000;-97.8562500000;-15.4275000000;-24.1875000000;-0.8750000000;-47.0625000000
6.7422000000;0.8976000000;6.1404000000;-24.4162500000;-103.7212500000;-14.2800000000;-24.1875000000;-0.8750000000;-47.0625000000
7.6704000000;0.9078000000;4.7940000000;22.0575000000;-97.6012500000;-12.9412500000;-28.5625000000;-2.0625000000;-45.0000000000
7.4154000000;2.1012000000;4.2636000000;23.7150000000;-96.0712500000;-11.2200000000;-31.3750000000;-1.6875000000;-42.1875000000
7.7316000000;1.9788000000;3.6924000000;-6.3112500000;-103.5300000000;-4.7812500000;-35.0625000000;-2.5000000000;-40.5625000000
8.5782000000;0.8568000000;2.8254000000;-2.1037500000;-96.7087500000;0.5737500000;-38.2500000000;-2.8750000000;-37.6875000000
8.7210000000;1.9788000000;2.1420000000;57.2475000000;-78.8587500000;-11.7937500000;-38.2500000000;-2.8750000000;-37.6875000000
9.0576000000;2.4072000000;1.1934000000;35.1900000000;-68.7862500000;8.9250000000;-40.6875000000;-3.5625000000;-35.2500000000
9.4554000000;1.6524000000;0.4488000000;4.9725000000;-40.0987500000;5.8012500000;-43.1875000000;-4.2500000000;-31.6875000000
9.3330000000;1.8360000000;1.1220000000;-17.5950000000;-21.1012500000;6.1837500000;-44.2500000000;-5.0000000000;-30.0625000000
9.2616000000;1.1832000000;1.4790000000;-3.8250000000;-10.5825000000;6.6300000000;-44.2500000000;-5.0000000000;-30.0625000000
9.3534000000;1.4484000000;1.6218000000;17.4675000000;-1.8487500000;2.6137500000;-45.0000000000;-4.1875000000;-29.1875000000
9.5166000000;0.9792000000;2.1318000000;-5.4825000000;7.5862500000;0.8287500000;-44.8750000000;-4.5625000000;-29.5625000000
9.2514000000;1.4178000000;3.3354000000;4.7812500000;9.3712500000;-5.3550000000;-46.0000000000;-4.5625000000;-29.5625000000
9.4044000000;1.8564000000;2.8764000000;5.8650000000;-7.6500000000;-1.1475000000;-44.7500000000;-4.8750000000;-28.8750000000
9.7104000000;1.5300000000;2.3256000000;0.0637500000;-2.9962500000;0.1912500000;-44.7500000000;-4.5625000000;-30.0000000000
9.3024000000;1.6422000000;3.1314000000;-4.2712500000;3.3150000000;-2.6775000000;-44.7500000000;-4.5625000000;-30.0000000000
9.5166000000;1.4688000000;2.4276000000;-5.1000000000;-5.9287500000;1.3387500000;-44.7500000000;-4.1875000000;-30.0000000000
9.5370000000;1.2444000000;2.4174000000;-6.8850000000;-0.9562500000;1.9762500000;-46.2500000000;-4.5625000000;-28.8750000000
9.4044000000;1.5606000000;2.7744000000;-3.2512500000;0.4462500000;-1.9125000000;-45.0625000000;-4.1875000000;-29.1875000000
9.4452000000;2.0094000000;2.3664000000;-4.5262500000;-3.5062500000;-1.4025000000;-45.0625000000;-4.1875000000;-29.1875000000
9.5574000000;1.5606000000;2.4276000000;-5.5462500000;0.4462500000;1.2750000000;-45.0625000000;-4.8750000000;-30.0000000000
9.3228000000;1.3668000000;2.5500000000;-3.0600000000;1.5300000000;0.5100000000;-45.0625000000;-3.5000000000;-28.3750000000
9.4554000000;1.4076000000;2.4786000000;-1.3387500000;-0.1912500000;-0.5100000000;-45.0625000000;-4.8750000000;-28.8750000000
9.4758000000;1.7952000000;2.5500000000;3.4425000000;2.6775000000;-0.7012500000;-45.8750000000;-5.2500000000;-27.6875000000
9.4860000000;1.6626000000;2.7540000000;0.7012500000;2.3587500000;1.4025000000;-45.8750000000;-5.2500000000;-27.6875000000
9.6594000000;1.4790000000;2.4174000000;-0.2550000000;-0.7012500000;3.6337500000;-45.5000000000;-4.1875000000;-29.5625000000
9.3942000000;1.3362000000;2.5092000000;0.7012500000;2.4225000000;2.2312500000;-45.0625000000;-4.5625000000;-28.8750000000
9.3942000000;1.4280000000;2.7438000000;0.8925000000;1.7212500000;-0.3825000000;-44.7500000000;-4.5625000000;-28.8750000000
9.5472000000;1.4382000000;2.6622000000;-0.0637500000;1.3387500000;-0.2550000000;-45.8750000000;-3.7500000000;-28.8750000000
9.5370000000;1.6116000000;2.6214000000;-0.0637500000;1.1475000000;-0.8925000000;-45.8750000000;-3.7500000000;-28.8750000000
9.4758000000;1.3872000000;2.6418000000;0.9562500000;1.9125000000;1.2750000000;-45.0625000000;-4.1875000000;-29.1875000000
9.3330000000;1.5198000000;2.8050000000;-4.0162500000;-1.4025000000;0.5100000000;-44.7500000000;-4.5625000000;-28.8750000000
9.6186000000;1.4892000000;2.3256000000;-0.8287500000;-3.3150000000;1.9125000000;-44.3750000000;-3.5000000000;-29.5625000000
9.4758000000;1.5300000000;2.7234000000;1.7850000000;3.2512500000;-0.1912500000;-44.7500000000;-3.7500000000;-28.8750000000
9.5268000000;1.4484000000;2.4888000000;-0.3187500000;-1.0200000000;2.1037500000;-44.7500000000;-3.7500000000;-28.8750000000
9.4860000000;1.2138000000;2.7336000000;0.8925000000;0.7650000000;-0.8287500000;-44.3750000000;-4.1875000000;-28.8750000000
9.5268000000;1.6524000000;2.5092000000;3.3787500000;-1.4025000000;0.2550000000;-46.2500000000;-3.5000000000;-29.1875000000
9.6390000000;1.3464000000;2.4072000000;-4.4625000000;2.2312500000;1.3387500000;-44.3750000000;-3.7500000000;-29.5625000000
9.4044000000;1.3056000000;2.8458000000;3.3150000000;2.1675000000;-1.5300000000;-45.0625000000;-4.1875000000;-28.0000000000
9.5472000000;1.7442000000;2.5602000000;4.5262500000;-2.2312500000;-0.6375000000;-45.0625000000;-4.1875000000;-28.0000000000
9.5880000000;1.3668000000;2.4480000000;-4.9087500000;2.1675000000;2.2312500000;-45.0625000000;-3.5000000000;-29.5625000000
9.4656000000;1.3362000000;2.9376000000;2.2950000000;2.6137500000;-0.5100000000;-44.7500000000;-4.5625000000;-28.3750000000
9.4962000000;1.7340000000;2.7132000000;2.4862500000;-1.0200000000;0.5737500000;-44.7500000000;-4.1875000000;-28.8750000000
9.5370000000;1.2750000000;2.6010000000;-4.7175000000;0.1912500000;1.5937500000;-44.3750000000;-4.8750000000;-28.0000000000
9.4656000000;1.2852000000;2.5602000000;2.2312500000;-2.4225000000;0.3825000000;-44.3750000000;-4.8750000000;-28.0000000000
9.5472000000;1.3362000000;2.6724000000;-1.9125000000;0.5100000000;0.0637500000;-45.5000000000;-4.1875000000;-30.0000000000
9.5268000000;1.2546000000;2.6010000000;-5.4825000000;-1.5300000000;-0.1275000000;-44.7500000000;-4.1875000000;-29.5625000000
9.5880000000;1.5504000000;2.6520000000;1.8487500000;-1.2112500000;-0.4462500000;-44.7500000000;-3.7500000000;-28.8750000000
9.5268000000;1.5504000000;2.4990000000;-1.7850000000;0.1912500000;1.5937500000;-45.0625000000;-3.7500000000;-28.8750000000
9.4656000000;1.4688000000;2.6214000000;0.7650000000;-1.2112500000;0.0000000000;-45.0625000000;-3.7500000000;-28.8750000000
9.4860000000;1.5708000000;2.5296000000;2.1675000000;0.1912500000;0.5100000000;-45.0625000000;-4.1875000000;-29.5625000000
9.5472000000;1.2648000000;2.4072000000;-1.8487500000;0.2550000000;2.1675000000;-44.7500000000;-3.5000000000;-29.5625000000
9.3840000000;1.1730000000;2.5296000000;0.7650000000;-0.1912500000;0.0637500000;-45.0625000000;-3.7500000000;-27.6875000000
9.5268000000;1.3668000000;2.2440000000;0.3187500000;4.6537500000;-0.7650000000;-44.7500000000;-4.1875000000;-30.0000000000
9.3738000000;1.4382000000;3.2130000000;6.1200000000;4.0800000000;-2.0400000000;-44.7500000000;-4.1875000000;-30.0000000000
9.4758000000;1.6014000000;2.8356000000;-3.5062500000;-3.7612500000;1.3387500000;-44.7500000000;-3.7500000000;-30.0000000000
9.6288000000;1.1220000000;2.3562000000;-2.4225000000;-0.8287500000;0.0637500000;-45.0625000000;-4.1875000000;-28.3750000000
9.4860000000;1.4178000000;2.6316000000;1.9762500000;0.1275000000;-0.8287500000;-45.8750000000;-3.5000000000;-28.0000000000
9.5268000000;1.4892000000;2.4990000000;-4.0800000000;-1.7212500000;-0.1912500000;-45.5000000000;-3.5000000000;-29.5625000000
9.5574000000;1.3974000000;2.6316000000;2.6137500000;2.1037500000;-1.4025000000;-45.5000000000;-3.5000000000;-29.5625000000
9.3534000000;1.5198000000;2.7948000000;-0.3187500000;-1.4025000000;0.5737500000;-45.5000000000;-3.0625000000;-28.8750000000
9.5880000000;1.4280000000;2.4990000000;-1.5937500000;-0.9562500000;1.7850000000;-44.7500000000;-3.5000000000;-29.1875000000
9.4656000000;1.3362000000;2.4174000000;1.4662500000;2.2312500000;0.8925000000;-44.7500000000;-3.5000000000;-28.8750000000
9.4350000000;1.2546000000;2.9682000000;0.0000000000;2.8050000000;-0.6375000000;-44.7500000000;-4.5625000000;-28.8750000000
9.5370000000;1.4790000000;2.6520000000;0.5737500000;-0.8925000000;-1.0837500000;-44.7500000000;-4.5625000000;-28.8750000000
9.4146000000;1.4586000000;2.8254000000;1.2112500000;1.4025000000;-0.6375000000;-44.7500000000;-3.7500000000;-29.5625000000
9.5268000000;1.3872000000;2.8458000000;0.3825000000;-3.3787500000;0.8287500000;-44.7500000000;-4.1875000000;-29.1875000000
9.3840000000;1.2546000000;2.6622000000;-2.7412500000;-3.0600000000;0.2550000000;-44.3750000000;-3.7500000000;-28.3750000000
9.5268000000;1.4178000000;2.3766000000;1.7212500000;-3.3150000000;-0.9562500000;-44.3750000000;-3.7500000000;-28.3750000000
9.5574000000;1.3668000000;2.3460000000;-0.1912500000;0.0000000000;-0.3825000000;-44.7500000000;-3.5000000000;-28.3750000000
9.4758000000;1.3770000000;2.5602000000;-1.1475000000;1.8487500000;-1.5300000000;-44.7500000000;-4.1875000000;-28.3750000000
9.4452000000;1.6116000000;2.6928000000;1.6575000000;-1.7212500000;0.1275000000;-45.5000000000;-4.1875000000;-28.8750000000
9.4962000000;1.4382000000;2.5194000000;0.8287500000;0.0637500000;0.0637500000;-45.0625000000;-3.0625000000;-29.1875000000
9.3840000000;1.4586000000;2.5806000000;1.5937500000;1.0837500000;0.7012500000;-45.0625000000;-3.0625000000;-29.1875000000
9.4248000000;1.1220000000;2.6010000000;-1.0837500000;-0.1912500000;0.5737500000;-44.7500000000;-3.7500000000;-29.1875000000
9.4656000000;1.5198000000;2.4276000000;1.9762500000;-0.3825000000;-1.4662500000;-45.0625000000;-3.5000000000;-28.8750000000
9.5880000000;1.4076000000;2.6214000000;-1.7850000000;2.4225000000;-0.1275000000;-44.7500000000;-3.7500000000;-29.5625000000
9.5166000000;1.4178000000;2.7030000000;0.9562500000;-0.0637500000;0.6375000000;-45.0625000000;-3.0625000000;-28.8750000000
9.4758000000;1.2444000000;2.4990000000;-0.9562500000;-1.6575000000;0.8925000000;-45.0625000000;-3.0625000000;-28.8750000000
9.4656000000;1.3668000000;2.6112000000;-1.5300000000;-1.2112500000;-1.0200000000;-45.0625000000;-3.7500000000;-30.0000000000
9.4656000000;1.4994000000;2.4786000000;-1.9125000000;-2.3587500000;-0.3825000000;-44.7500000000;-5.2500000000;-28.3750000000
9.5166000000;1.5504000000;2.6112000000;1.0837500000;0.9562500000;-0.0637500000;-45.0625000000;-4.1875000000;-29.5625000000
9.4452000000;1.2750000000;2.8152000000;-1.0200000000;-1.8487500000;0.7012500000;-46.2500000000;-3.0625000000;-28.3750000000
9.5676000000;1.2750000000;2.3256000000;1.2112500000;-3.6975000000;-0.3187500000;-46.2500000000;-3.0625000000;-28.3750000000
9.3228000000;1.5912000000;2.5500000000;0.4462500000;0.4462500000;-1.4662500000;-44.3750000000;-3.7500000000;-29.1875000000
9.6900000000;1.4178000000;2.4072000000;-1.4025000000;-2.6775000000;0.5737500000;-45.8750000000;-2.7500000000;-28.0000000000
9.6186000000;1.3974000000;2.5194000000;1.7850000000;0.8287500000;0.4462500000;-45.5000000000;-3.5000000000;-28.8750000000
9.4758000000;1.4382000000;2.6826000000;0.0637500000;-1.4662500000;0.7012500000;-45.5000000000;-4.1875000000;-28.0000000000
9.5268000000;1.3872000000;2.5908000000;-0.2550000000;-1.7850000000;-0.1275000000;-45.5000000000;-4.1875000000;-28.0000000000
9.6594000000;1.4280000000;2.2644000000;1.0200000000;0.0000000000;1.0200000000;-45.8750000000;-3.7500000000;-28.8750000000
9.5166000000;1.0710000000;2.3970000000;-1.4662500000;0.0637500000;1.2112500000;-45.0625000000;-3.7500000000;-28.8750000000
9.4860000000;1.4790000000;2.2440000000;-0.7012500000;0.3825000000;-0.4462500000;-45.8750000000;-4.1875000000;-28.8750000000
9.4758000000;1.4382000000;1.6422000000;-7.7137500000;2.4862500000;2.2950000000;-45.5000000000;-3.0625000000;-28.8750000000
9.4656000000;1.0506000000;1.9788000000;-0.1275000000;12.8137500000;-0.5737500000;-45.5000000000;-3.0625000000;-28.8750000000
9.3840000000;1.2852000000;1.9482000000;12.4950000000;16.8300000000;-4.0162500000;-44.3750000000;-3.5000000000;-27.6875000000
9.3024000000;1.0506000000;2.5296000000;11.5387500000;24.9262500000;-7.7775000000;-44.7500000000;-3.7500000000;-29.1875000000
9.1290000000;1.5810000000;2.6316000000;22.6312500000;24.2250000000;-11.9850000000;-44.7500000000;-4.5625000000;-28.8750000000
9.1800000000;2.2644000000;1.2648000000;5.4825000000;21.7387500000;-6.3750000000;-44.3750000000;-4.8750000000;-31.1875000000
9.0270000000;1.5096000000;1.9992000000;-13.4512500000;45.5175000000;-2.7412500000;-44.3750000000;-4.8750000000;-31.1875000000
8.7312000000;1.4790000000;2.0298000000;-4.9087500000;51.7650000000;-6.8212500000;-43.2500000000;-5.6875000000;-30.7500000000
8.9658000000;1.2444000000;1.6422000000;5.5462500000;66.0450000000;-9.9450000000;-42.8750000000;-5.2500000000;-33.5625000000
7.7724000000;2.3460000000;2.3562000000;3.7612500000;97.2187500000;-27.5400000000;-40.6875000000;-5.2500000000;-35.1875000000
7.9152000000;1.5198000000;2.7030000000;-32.9587500000;102.3187500000;-13.8975000000;-38.0625000000;-6.3750000000;-37.1875000000
6.8136000000;2.1114000000;4.3860000000;7.9050000000;119.8500000000;-19.9537500000;-38.0625000000;-6.3750000000;-37.1875000000
6.3750000000;2.3562000000;4.4064000000;-16.5112500000;112.9650000000;-5.4187500000;-35.0625000000;-6.3750000000;-39.1875000000
5.9466000000;0.4080000000;6.2934000000;-43.0950000000;142.1625000000;-5.9287500000;-29.8750000000;-7.5625000000;-42.6875000000
4.4166000000;1.3464000000;8.2620000000;-8.6062500000;137.6362500000;-21.1650000000;-26.1875000000;-5.6875000000;-43.8750000000
4.3758000000;1.0098000000;10.0980000000;17.1487500000;150.2587500000;-28.0500000000;-20.5000000000;-6.3750000000;-47.5000000000
3.6108000000;3.4170000000;10.2204000000;-46.7925000000;100.8525000000;-24.6712500000;-20.5000000000;-6.3750000000;-47.5000000000
4.4880000000;-0.3978000000;9.1800000000;-52.3387500000;103.2750000000;-2.3587500000;-14.5000000000;-6.7500000000;-48.2500000000
2.5194000000;2.3766000000;12.0768000000;35.5725000000;98.4300000000;-21.9300000000;-11.0625000000;-5.2500000000;-50.6875000000
3.4170000000;2.6826000000;9.2820000000;-62.5387500000;67.2562500000;2.0400000000;-7.0000000000;-4.8750000000;-49.7500000000
2.7540000000;-0.4386000000;11.0160000000;-51.7012500000;91.0987500000;-5.2912500000;-3.5625000000;-4.0625000000;-50.0625000000
2.0808000000;2.3154000000;11.0670000000;13.8337500000;63.5587500000;-10.3275000000;-3.5625000000;-4.0625000000;-50.0625000000
2.0604000000;0.9282000000;10.5672000000;-50.7450000000;67.8300000000;-3.6975000000;0.5625000000;-3.3750000000;-50.3750000000
1.0812000000;0.8364000000;12.0054000000;-14.0887500000;55.5262500000;-12.4312500000;2.8750000000;-3.3750000000;-50.0000000000
1.0710000000;1.1118000000;11.2302000000;-17.9775000000;44.8800000000;-4.5262500000;5.8750000000;-1.5000000000;-50.5000000000
0.9996000000;0.6018000000;10.5366000000;-44.0512500000;29.1337500000;1.4662500000;8.1875000000;-1.1875000000;-50.3750000000
0.9792000000;0.3060000000;9.5370000000;-21.2925000000;28.4325000000;2.1037500000;8.1875000000;-1.1875000000;-50.3750000000
0.0714000000;0.0714000000;11.5668000000;18.6150000000;48.4500000000;1.2112500000;8.8750000000;1.3750000000;-49.1875000000
0.2244000000;0.8262000000;10.9854000000;0.4462500000;22.1212500000;-2.0400000000;10.3750000000;1.5000000000;-49.1875000000
0.7752000000;0.3978000000;9.1086000000;-30.4725000000;7.3312500000;1.1475000000;11.5000000000;0.7500000000;-49.5625000000
0.3162000000;0.0510000000;9.6900000000;-21.4837500000;22.5675000000;-0.0637500000;11.5000000000;0.7500000000;-49.5625000000
-0.0510000000;0.0102000000;10.3632000000;17.0212500000;23.1412500000;-0.4462500000;11.8750000000;1.8750000000;-47.5000000000
-0.1122000000;0.4794000000;10.4346000000;6.9487500000;24.6712500000;-1.7850000000;13.7500000000;3.0000000000;-48.5625000000
-0.1632000000;0.0204000000;10.5876000000;-20.7187500000;13.6425000000;-3.6337500000;13.6875000000;2.2500000000;-47.0625000000
0.0000000000;0.4386000000;9.8328000000;11.0287500000;4.7812500000;-3.3787500000;14.8750000000;2.5625000000;-48.2500000000
-0.6936000000;0.2244000000;11.4546000000;0.2550000000;14.9175000000;-0.8925000000;14.8750000000;2.5625000000;-48.2500000000
-0.3774000000;0.1224000000;10.3836000000;-4.6537500000;-7.7775000000;-0.3187500000;14.5000000000;2.5625000000;-48.5625000000
-0.0714000000;0.4692000000;9.5982000000;5.4187500000;-7.6500000000;0.3187500000;15.5625000000;2.2500000000;-48.2500000000
0.0000000000;0.2550000000;9.3126000000;-6.0562500000;-3.5062500000;1.0200000000;15.5625000000;2.5625000000;-47.5000000000
-0.2754000000;0.0204000000;9.8532000000;-0.3825000000;3.7612500000;-0.1912500000;15.5625000000;3.0000000000;-49.0000000000
-0.3468000000;0.4590000000;10.2408000000;8.7975000000;3.5700000000;-0.4462500000;15.5625000000;3.0000000000;-49.0000000000
-0.2040000000;0.1632000000;10.2000000000;-2.4862500000;-0.0637500000;0.8925000000;14.7500000000;3.3750000000;-46.5625000000
-0.2142000000;0.1122000000;9.9348000000;0.6375000000;-1.7212500000;0.1275000000;16.0000000000;3.0000000000;-47.8750000000
-0.1326000000;0.1428000000;9.8022000000;2.8687500000;-0.7650000000;0.4462500000;15.2500000000;3.3750000000;-48.2500000000
-0.1836000000;0.3570000000;9.9756000000;2.1675000000;0.8287500000;-1.4025000000;14.8750000000;1.8750000000;-48.2500000000
-0.1428000000;0.4692000000;9.9858000000;-2.0400000000;-0.6375000000;0.1275000000;14.8750000000;1.8750000000;-48.2500000000
-0.2754000000;0.1938000000;10.0572000000;-1.8487500000;0.1912500000;0.9562500000;15.2500000000;2.5625000000;-47.5000000000
-0.1938000000;0.2958000000;9.8022000000;0.5737500000;-0.3825000000;0.2550000000;15.2500000000;2.5625000000;-49.0625000000
-0.1938000000;0.3264000000;9.9654000000;-0.4462500000;0.9562500000;0.3825000000;14.5000000000;1.8750000000;-47.7500000000
-0.2856000000;0.2040000000;10.2612000000;2.1037500000;1.6575000000;1.1475000000;14.5000000000;3.0000000000;-47.7500000000
-0.2142000000;0.1632000000;9.8634000000;-1.3387500000;-1.9762500000;1.2750000000;14.5000000000;3.0000000000;-47.7500000000
-0.2346000000;0.1326000000;9.7512000000;-1.2112500000;0.5100000000;0.0000000000;14.8750000000;2.5625000000;-47.8750000000
-0.2550000000;0.3672000000;10.1490000000;1.9125000000;1.7850000000;-0.2550000000;14.8750000000;1.8750000000;-47.0625000000
-0.2448000000;0.2346000000;10.0980000000;0.1275000000;-0.7650000000;0.1275000000;14.5000000000;2.5625000000;-47.7500000000
-0.2448000000;0.3060000000;9.8124000000;0.2550000000;-0.8925000000;-0.3187500000;16.3750000000;2.5625000000;-48.5625000000
-0.2142000000;0.4080000000;9.7614000000;-1.1475000000;-0.4462500000;-0.5737500000;16.3750000000;2.5625000000;-48.5625000000
-0.1734000000;0.3672000000;10.0776000000;0.1912500000;1.4662500000;0.7012500000;15.5625000000;1.8750000000;-48.2500000000
-0.1020000000;0.1632000000;9.9654000000;-4.5262500000;0.0637500000;1.3387500000;15.2500000000;2.5625000000;-48.5625000000
-0.3060000000;-0.0510000000;10.1286000000;-1.3387500000;0.7650000000;0.2550000000;14.5000000000;2.5625000000;-47.7500000000
-0.3162000000;0.3978000000;9.9144000000;7.1400000000;-0.4462500000;-0.6375000000;16.0000000000;3.0000000000;-47.8750000000
-0.2448000000;0.3060000000;9.8838000000;-2.3587500000;-0.2550000000;-0.2550000000;16.0000000000;3.0000000000;-47.8750000000
-0.1632000000;0.4182000000;9.9144000000;-0.5100000000;0.9562500000;0.1275000000;16.0000000000;2.5625000000;-47.7500000000
-0.2040000000;0.0000000000;10.0878000000;-2.2312500000;1.7850000000;0.5737500000;15.2500000000;2.2500000000;-48.2500000000
-0.2958000000;0.3978000000;9.9654000000;5.2912500000;0.7012500000;-0.3187500000;14.8750000000;3.3750000000;-48.2500000000
-0.2040000000;0.2142000000;9.9654000000;-2.8050000000;0.0000000000;0.7012500000;15.2500000000;2.5625000000;-47.5000000000
-0.2448000000;0.1326000000;10.2918000000;3.5700000000;1.5300000000;0.2550000000;15.2500000000;2.5625000000;-47.5000000000
-0.2040000000;0.1632000000;10.1898000000;7.9050000000;-4.2712500000;-0.1275000000;14.8750000000;2.5625000000;-48.5625000000
-0.0102000000;0.3264000000;10.1694000000;4.4625000000;-4.7812500000;-2.0400000000;14.8750000000;2.5625000000;-48.5625000000
-0.4896000000;0.6936000000;11.4954000000;16.1925000000;-11.7937500000;0.0637500000;15.5625000000;1.5000000000;-47.0625000000
-0.2040000000;0.7446000000;10.8630000000;2.0400000000;-25.4362500000;2.9962500000;14.8750000000;1.5000000000;-47.0625000000
-0.1224000000;0.4488000000;10.9038000000;0.9562500000;-28.1137500000;5.2912500000;14.8750000000;1.5000000000;-47.0625000000
-0.1836000000;0.6936000000;11.6280000000;9.4987500000;-44.3700000000;4.7175000000;14.5000000000;1.8750000000;-49.0625000000
0.8058000000;0.5100000000;10.5264000000;5.7375000000;-45.7725000000;5.7375000000;12.0000000000;1.5000000000;-49.0625000000
0.4080000000;0.5916000000;11.6280000000;10.9650000000;-54.3150000000;2.6775000000;10.7500000000;1.0625000000;-49.0625000000
1.0098000000;1.0098000000;10.3734000000;6.6300000000;-67.5750000000;6.9487500000;9.0000000000;0.7500000000;-49.0000000000
1.4892000000;0.5406000000;9.7920000000;-3.3150000000;-54.1875000000;8.7975000000;9.0000000000;0.7500000000;-49.0000000000
1.4280000000;0.9282000000;10.6896000000;-3.5700000000;-62.0925000000;5.9925000000;7.0625000000;0.3750000000;-49.0625000000
2.2848000000;0.5610000000;9.7716000000;-9.8175000000;-65.2162500000;8.0962500000;3.3750000000;0.0625000000;-51.0000000000
2.6214000000;-0.0306000000;10.1286000000;5.0362500000;-54.3150000000;4.8450000000;1.5625000000;1.5000000000;-50.1875000000
2.2542000000;0.9180000000;11.7810000000;16.7662500000;-71.4637500000;-1.8487500000;-1.0000000000;1.0625000000;-50.5625000000
3.5496000000;0.5814000000;9.5982000000;-25.8825000000;-87.0825000000;4.9725000000;-1.0000000000;1.0625000000;-50.5625000000
3.3864000000;-0.0102000000;10.5570000000;14.0887500000;-85.3612500000;-2.5500000000;-3.5000000000;0.3750000000;-50.2500000000
4.0494000000;1.5504000000;8.8128000000;18.9975000000;-112.0725000000;1.3387500000;-6.8750000000;1.8750000000;-50.5625000000
4.6104000000;0.8262000000;8.2620000000;-18.2325000000;-111.6262500000;6.6300000000;-11.2500000000;1.0625000000;-50.5625000000
5.3652000000;-0.2550000000;7.9764000000;-2.6137500000;-116.0250000000;5.8012500000;-11.2500000000;1.0625000000;-50.5625000000
5.9058000000;0.4692000000;7.5990000000;48.0675000000;-115.1325000000;0.9562500000;-16.0625000000;2.5625000000;-48.1875000000
6.2322000000;1.5708000000;6.5382000000;7.5225000000;-120.1687500000;2.3587500000;-20.1875000000;2.2500000000;-46.5000000000
7.1094000000;0.4080000000;5.6202000000;-22.5675000000;-103.9125000000;7.0125000000;-25.0000000000;0.0625000000;-45.3750000000
7.5480000000;-0.3876000000;6.3546000000;24.0337500000;-81.2175000000;-4.2075000000;-29.0000000000;1.8750000000;-44.1875000000
7.1910000000;1.9584000000;5.6406000000;44.3700000000;-93.7762500000;-6.1200000000;-29.0000000000;1.8750000000;-44.1875000000
8.3232000000;0.1632000000;4.5288000000;20.1450000000;-89.5050000000;7.2037500000;-30.3750000000;1.0625000000;-41.3750000000
7.6398000000;1.1322000000;4.7328000000;13.7700000000;-92.1825000000;-10.2637500000;-34.3750000000;0.0625000000;-39.2500000000
7.7622000000;1.3974000000;3.3864000000;4.3350000000;-135.0225000000;-6.2475000000;-36.8750000000;-0.6875000000;-36.8750000000
8.9658000000;1.3260000000;0.3570000000;33.7875000000;-130.9425000000;-5.6737500000;-40.2500000000;-1.0625000000;-32.1875000000
8.7618000000;3.1008000000;-1.0506000000;8.2875000000;-101.0437500000;-0.7012500000;-40.2500000000;-1.0625000000;-32.1875000000
8.8842000000;1.6320000000;-0.8874000000;-45.0075000000;-81.4087500000;26.6475000000;-43.5625000000;-1.7500000000;-28.2500000000
10.0674000000;0.5916000000;-1.6218000000;-31.8750000000;-55.5262500000;16.4475000000;-45.7500000000;-2.1875000000;-25.7500000000
9.5166000000;0.7446000000;-0.2244000000;10.5825000000;-12.5587500000;-0.7012500000;-47.8750000000;0.3750000000;-21.5000000000
9.7716000000;0.9180000000;0.0816000000;13.0687500000;-1.2750000000;2.3587500000;-46.6875000000;0.0625000000;-19.5000000000
9.7716000000;0.8976000000;0.9792000000;0.1275000000;6.3112500000;-3.5062500000;-46.6875000000;0.0625000000;-19.5000000000
10.0674000000;0.9486000000;0.9894000000;2.9962500000;3.6337500000;-2.4862500000;-47.1875000000;-0.2500000000;-19.5000000000
9.5370000000;1.5198000000;1.2546000000;14.0250000000;5.4825000000;-1.9762500000;-47.8750000000;-0.6875000000;-21.5000000000
10.0266000000;1.2852000000;0.9588000000;2.4225000000;3.3150000000;3.6337500000;-47.3750000000;-0.2500000000;-20.5625000000
9.7716000000;0.8466000000;1.9074000000;-5.5462500000;9.1800000000;1.4025000000;-47.3750000000;-0.2500000000;-21.7500000000
9.7206000000;1.3974000000;1.2750000000;-1.2750000000;-7.3950000000;1.5300000000;-47.3750000000;-0.2500000000;-21.7500000000
9.9654000000;0.9486000000;0.6834000000;-5.0362500000;-3.3787500000;2.1675000000;-48.1875000000;0.0625000000;-20.5625000000
9.6084000000;1.0404000000;1.4688000000;-0.8925000000;3.9525000000;-1.3387500000;-48.1875000000;-1.3750000000;-21.5000000000
9.6798000000;1.0710000000;0.8976000000;0.7012500000;-5.2275000000;2.0400000000;-47.3750000000;-0.2500000000;-20.2500000000
10.1388000000;0.6120000000;0.3366000000;-3.7612500000;4.5262500000;1.2112500000;-47.7500000000;-1.0625000000;-19.7500000000
9.5676000000;1.2036000000;1.4484000000;7.4587500000;10.5187500000;-5.8650000000;-47.7500000000;-1.0625000000;-19.7500000000
9.7002000000;1.1424000000;1.3158000000;13.5150000000;4.6537500000;-4.4625000000;-48.1875000000;0.0625000000;-20.5625000000
9.6798000000;1.5198000000;1.2648000000;10.6462500000;4.3350000000;-3.7612500000;-47.7500000000;0.0625000000;-21.7500000000
9.8940000000;1.1322000000;1.2648000000;-2.6775000000;2.2312500000;1.4025000000;-47.7500000000;-0.6875000000;-21.0000000000
9.7818000000;1.0302000000;1.2852000000;-0.9562500000;2.3587500000;-0.8287500000;-48.1875000000;-0.6875000000;-21.5000000000
9.6696000000;1.3056000000;1.3566000000;1.2750000000;-0.8925000000;-1.0200000000;-48.1875000000;-0.6875000000;-21.5000000000
9.9042000000;1.0098000000;1.2546000000;-3.4425000000;0.9562500000;0.1912500000;-47.0625000000;-1.3750000000;-21.7500000000
9.6084000000;1.3158000000;1.4586000000;1.7212500000;0.0637500000;-2.0400000000;-47.7500000000;-1.3750000000;-21.5000000000
9.8022000000;1.3158000000;1.1424000000;0.5737500000;-0.4462500000;1.6575000000;-47.0625000000;-1.0625000000;-22.5625000000
9.8430000000;0.8772000000;1.3260000000;-0.3187500000;3.8250000000;0.3825000000;-48.1875000000;-0.6875000000;-21.5000000000
9.6798000000;1.3668000000;1.3770000000;4.7175000000;-1.7850000000;-1.0837500000;-48.1875000000;-0.6875000000;-21.5000000000
9.8328000000;1.1322000000;1.0404000000;-3.9525000000;1.2750000000;1.1475000000;-47.0625000000;-0.6875000000;-22.1875000000
9.8532000000;1.0506000000;1.2546000000;-0.4462500000;3.1237500000;-0.8287500000;-47.0625000000;-1.3750000000;-21.5000000000
9.7716000000;1.3056000000;1.3974000000;8.0325000000;1.9762500000;-1.7850000000;-46.6875000000;-0.6875000000;-23.0000000000
9.8124000000;1.1628000000;1.4994000000;1.4662500000;1.8487500000;-0.1912500000;-47.3750000000;-1.3750000000;-21.7500000000
9.7104000000;1.3464000000;1.2954000000;1.4662500000;-3.2512500000;-0.3825000000;-47.3750000000;-1.3750000000;-21.7500000000
9.8226000000;1.2852000000;0.8466000000;-3.0600000000;-0.4462500000;2.9962500000;-46.6875000000;-1.3750000000;-21.5000000000
9.7818000000;0.8772000000;1.0914000000;-1.3387500000;3.0600000000;-0.3187500000;-47.3750000000;-0.6875000000;-21.7500000000
9.8940000000;1.3464000000;1.3872000000;4.9725000000;2.5500000000;-2.5500000000;-47.7500000000;-1.0625000000;-21.0000000000
9.7410000000;1.4382000000;1.4280000000;0.3825000000;1.2750000000;0.5737500000;-47.7500000000;-1.3750000000;-21.5000000000
9.7716000000;1.1424000000;1.3668000000;-0.8287500000;-1.5300000000;0.7012500000;-47.7500000000;-1.3750000000;-21.5000000000
9.7410000000;1.2138000000;1.2444000000;4.9725000000;0.0637500000;-1.0200000000;-46.2500000000;-1.0625000000;-22.1875000000
9.7206000000;1.1016000000;1.2138000000;-6.2475000000;1.5937500000;1.4662500000;-47.3750000000;-1.0625000000;-22.1875000000
9.8430000000;1.0098000000;1.3770000000;-2.2312500000;-0.6375000000;-0.7012500000;-47.3750000000;-1.3750000000;-22.1875000000
9.7104000000;1.4076000000;1.4076000000;-0.3825000000;0.8925000000;-0.8287500000;-46.2500000000;-1.0625000000;-22.1875000000
9.8328000000;1.0914000000;1.4280000000;-6.4387500000;-1.8487500000;0.7012500000;-46.2500000000;-1.0625000000;-22.1875000000
9.8022000000;1.5300000000;1.0812000000;3.8250000000;-1.1475000000;-1.0837500000;-47.0625000000;-1.0625000000;-22.5625000000
9.6084000000;1.1628000000;1.4790000000;-4.7175000000;2.2950000000;2.0400000000;-47.3750000000;-1.0625000000;-21.7500000000
9.7920000000;0.9792000000;1.2546000000;-2.4862500000;-2.2312500000;1.0837500000;-47.7500000000;-2.5625000000;-22.1875000000
9.7818000000;1.3566000000;0.9792000000;1.6575000000;1.4025000000;-1.7212500000;-47.7500000000;-2.5625000000;-22.1875000000
9.6288000000;1.3872000000;1.3158000000;2.8687500000;3.1875000000;-0.6375000000;-47.0625000000;-1.3750000000;-22.1875000000
9.7002000000;1.1016000000;1.6320000000;2.0400000000;3.0600000000;0.0000000000;-47.3750000000;-0.2500000000;-21.7500000000
9.8022000000;1.2138000000;1.6218000000;11.2200000000;0.8925000000;-1.5300000000;-46.6875000000;-1.3750000000;-22.1875000000
9.7206000000;1.4382000000;1.4994000000;4.8450000000;-1.2750000000;0.5100000000;-47.3750000000;-1.0625000000;-22.1875000000
9.9246000000;0.9384000000;1.1322000000;-2.5500000000;-2.2312500000;2.1675000000;-47.3750000000;-1.0625000000;-22.1875000000
9.7614000000;1.1934000000;1.2852000000;3.1237500000;1.5937500000;-0.2550000000;-46.6875000000;-2.1875000000;-22.1875000000
9.7716000000;1.0812000000;1.4178000000;-3.7612500000;-0.8925000000;0.0637500000;-47.3750000000;-1.3750000000;-23.0000000000
9.8634000000;1.4484000000;1.4280000000;0.6375000000;-0.3825000000;-1.7212500000;-47.3750000000;-1.7500000000;-23.3750000000
9.6492000000;1.2852000000;1.5606000000;-0.7650000000;-1.2750000000;0.6375000000;-47.0625000000;-1.0625000000;-23.3750000000
9.7716000000;1.1220000000;1.1730000000;-1.3387500000;-2.2950000000;1.0200000000;-47.0625000000;-1.0625000000;-23.3750000000
9.7206000000;1.2036000000;1.3362000000;1.7212500000;0.6375000000;-0.5100000000;-47.3750000000;-0.6875000000;-21.7500000000
9.8838000000;1.1322000000;1.2036000000;-3.2512500000;-1.5937500000;1.1475000000;-47.3750000000;-1.3750000000;-23.0000000000
9.7920000000;1.2546000000;1.3158000000;-0.3187500000;0.1275000000;-0.6375000000;-47.3750000000;-1.3750000000;-21.7500000000
9.6084000000;1.3056000000;1.4994000000;0.9562500000;-0.0637500000;0.0000000000;-47.3750000000;-0.6875000000;-22.5625000000
9.7920000000;1.2240000000;1.3056000000;-2.4225000000;-1.4662500000;0.7012500000;-47.3750000000;-0.6875000000;-22.5625000000
9.7512000000;1.1934000000;1.2342000000;0.5100000000;0.7012500000;0.2550000000;-47.0625000000;-1.3750000000;-22.1875000000
9.6594000000;1.2036000000;1.6218000000;2.3587500000;0.9562500000;-0.8925000000;-47.0625000000;-1.3750000000;-21.5000000000
9.7716000000;1.2444000000;1.0710000000;-1.2750000000;-4.0162500000;1.5300000000;-47.3750000000;-1.3750000000;-22.5625000000
9.6696000000;0.9894000000;1.3056000000;0.6375000000;0.9562500000;1.1475000000;-46.6875000000;-1.7500000000;-22.1875000000
9.7002000000;1.4076000000;1.0710000000;3.3787500000;-1.4025000000;-0.7012500000;-46.6875000000;-1.7500000000;-22.1875000000
9.8634000000;0.9996000000;1.1730000000;-3.1875000000;2.1037500000;1.9762500000;-47.0625000000;-1.7500000000;-22.1875000000
9.8634000000;1.1526000000;1.6014000000;1.5300000000;1.9125000000;-0.7012500000;-47.7500000000;-1.3750000000;-21.5000000000
9.8022000000;1.2750000000;1.3158000000;0.1912500000;-1.9125000000;0.5737500000;-47.0625000000;-1.3750000000;-22.5625000000
9.7920000000;1.0302000000;1.2750000000;-2.2950000000;-1.5937500000;0.1912500000;-48.1875000000;-1.3750000000;-22.1875000000
9.7206000000;1.4178000000;1.2546000000;2.3587500000;-0.6375000000;-1.3387500000;-48.1875000000;-1.3750000000;-22.1875000000
9.8328000000;1.0710000000;1.2036000000;-5.8012500000;0.7012500000;1.5937500000;-47.7500000000;-1.0625000000;-22.1875000000
9.6288000000;1.2648000000;1.3872000000;1.9762500000;0.5100000000;0.0000000000;-47.0625000000;-1.3750000000;-22.5625000000
9.9348000000;1.0608000000;1.3260000000;-1.2112500000;0.2550000000;0.6375000000;-47.0625000000;-1.7500000000;-21.7500000000
9.6594000000;1.2036000000;1.5300000000;-0.3187500000;0.5737500000;-0.6375000000;-47.3750000000;-1.3750000000;-23.0000000000
9.8634000000;1.3770000000;1.0404000000;1.4025000000;-3.0600000000;-0.1912500000;-47.3750000000;-1.3750000000;-23.0000000000
9.8022000000;1.2342000000;1.3056000000;1.5300000000;1.1475000000;0.3187500000;-47.3750000000;-1.0625000000;-22.5625000000
9.7716000000;1.0812000000;1.3872000000;1.9762500000;-0.5737500000;0.9562500000;-47.3750000000;-1.3750000000;-22.1875000000
9.8022000000;1.0710000000;1.1424000000;-0.7650000000;-1.9762500000;0.5737500000;-47.7500000000;-1.0625000000;-22.1875000000
9.6186000000;1.1730000000;1.2750000000;-0.5100000000;0.5100000000;-1.3387500000;-47.7500000000;-0.6875000000;-21.0000000000
9.8430000000;1.2750000000;1.1424000000;-0.1275000000;-1.8487500000;0.0637500000;-47.7500000000;-0.6875000000;-21.0000000000
9.7716000000;1.1526000000;1.0608000000;-0.4462500000;1.0200000000;1.6575000000;-46.6875000000;-1.7500000000;-22.5625000000
9.7308000000;1.1220000000;1.3668000000;2.2312500000;1.5300000000;-0.8925000000;-47.3750000000;-1.3750000000;-23.0000000000
9.7920000000;1.3158000000;0.9486000000;-1.2750000000;-1.9125000000;0.4462500000;-47.0625000000;-0.6875000000;-22.5625000000
9.9144000000;1.0506000000;0.7038000000;-1.2750000000;1.9762500000;0.9562500000;-47.3750000000;-1.7500000000;-20.5625000000
9.6594000000;1.2036000000;1.0710000000;7.7137500000;8.2875000000;-1.2750000000;-47.3750000000;-1.7500000000;-20.5625000000
9.6288000000;0.9078000000;1.2750000000;4.0800000000;9.4350000000;-1.6575000000;-47.7500000000;-0.2500000000;-22.1875000000
9.5880000000;1.1934000000;0.6732000000;9.5625000000;10.7100000000;-4.2712500000;-47.3750000000;-1.7500000000;-22.1875000000
9.7206000000;0.8874000000;0.3672000000;8.0962500000;19.9537500000;-5.5462500000;-46.6875000000;-2.5625000000;-22.1875000000
9.4554000000;0.9078000000;1.1118000000;24.6712500000;37.0387500000;-15.8737500000;-45.8750000000;-2.1875000000;-23.0000000000
9.0474000000;2.4480000000;0.9792000000;29.3250000000;29.1975000000;-14.7262500000;-45.8750000000;-2.1875000000;-23.0000000000
9.5166000000;1.9278000000;0.4182000000;5.4825000000;43.9875000000;-4.0800000000;-45.8750000000;-2.8750000000;-24.1875000000
8.7516000000;2.1828000000;1.3362000000;-5.8012500000;54.6337500000;-1.4025000000;-45.1875000000;-4.3750000000;-25.2500000000
9.3636000000;1.2444000000;0.8670000000;-18.9975000000;54.8250000000;7.9050000000;-43.3750000000;-4.3750000000;-27.0000000000
8.6700000000;0.6732000000;3.6720000000;-2.2312500000;86.8912500000;-5.8650000000;-42.5625000000;-4.0000000000;-30.0625000000
8.1702000000;2.7642000000;1.6218000000;-21.8025000000;56.0362500000;0.8925000000;-42.5625000000;-4.0000000000;-30.0625000000
8.8128000000;-0.1530000000;2.8152000000;-33.8512500000;106.7812500000;1.9762500000;-40.3750000000;-4.0000000000;-31.2500000000
7.3542000000;1.7544000000;4.8552000000;-14.4712500000;90.3337500000;-7.3312500000;-38.5625000000;-3.2500000000;-33.6875000000
8.0784000000;0.0510000000;4.1310000000;-45.0075000000;107.1000000000;8.7337500000;-36.0000000000;-2.8750000000;-37.6875000000
6.5790000000;1.1016000000;7.1400000000;-21.6750000000;126.6075000000;-11.8575000000;-36.0000000000;-2.8750000000;-37.6875000000
6.8442000000;2.2338000000;4.7226000000;-53.2312500000;90.1425000000;6.0562500000;-33.3750000000;-1.7500000000;-39.1875000000
6.2220000000;-1.3668000000;7.7724000000;-56.7375000000;122.0175000000;7.1400000000;-28.1875000000;-2.1875000000;-42.7500000000
5.1714000000;1.7646000000;7.8642000000;11.3475000000;104.8687500000;-16.7025000000;-25.5625000000;0.0625000000;-45.1875000000
5.4774000000;-0.1836000000;7.3746000000;-41.8200000000;118.9575000000;-1.7212500000;-20.7500000000;1.0625000000;-47.5000000000
3.9270000000;-0.5100000000;11.4240000000;13.5150000000;130.6875000000;-26.4562500000;-20.7500000000;1.0625000000;-47.5000000000
4.2534000000;2.9070000000;8.7312000000;-20.1450000000;69.8700000000;-13.0050000000;-16.0000000000;1.5000000000;-48.7500000000
4.5186000000;-1.2546000000;8.3130000000;-50.8725000000;101.7450000000;5.2912500000;-11.8750000000;1.0625000000;-50.6875000000
2.7948000000;0.9894000000;10.6590000000;33.7875000000;92.8200000000;-11.5387500000;-9.3750000000;2.5625000000;-50.2500000000
3.2028000000;0.5508000000;8.7108000000;-38.8875000000;81.8550000000;12.3037500000;-5.1875000000;2.5625000000;-51.0625000000
0.7140000000;-1.4484000000;15.3102000000;-0.6375000000;120.9975000000;-12.8137500000;-5.1875000000;2.5625000000;-51.0625000000
2.2134000000;2.4786000000;11.7198000000;28.9425000000;37.7400000000;-9.5625000000;-0.3750000000;2.3750000000;-49.7500000000
2.9274000000;1.0404000000;7.7724000000;-80.3250000000;27.0300000000;12.6862500000;3.0000000000;2.6875000000;-50.5625000000
1.1934000000;-1.6830000000;10.4754000000;-37.3575000000;60.9450000000;7.0125000000;4.5000000000;1.5625000000;-49.2500000000
0.6324000000;0.0000000000;10.6182000000;16.7662500000;47.5575000000;0.7012500000;7.1875000000;6.0625000000;-49.6875000000
0.7038000000;-0.7242000000;10.8528000000;-27.2212500000;53.9962500000;3.0600000000;7.1875000000;6.0625000000;-49.6875000000
-0.2754000000;-0.6732000000;13.5150000000;26.3925000000;39.6525000000;-3.3787500000;9.0625000000;4.5625000000;-49.0000000000
0.6324000000;0.7548000000;10.8630000000;-4.2075000000;0.5100000000;3.3787500000;10.8750000000;5.2500000000;-49.0000000000
0.7344000000;-0.6324000000;9.7206000000;-30.8550000000;4.0800000000;3.8250000000;12.3750000000;3.8750000000;-47.7500000000
0.4998000000;0.0918000000;9.2922000000;10.9012500000;0.5737500000;1.6575000000;12.0000000000;6.0625000000;-49.0000000000
0.3978000000;-0.3366000000;9.7614000000;-8.6700000000;12.5587500000;6.2475000000;12.0000000000;6.0625000000;-49.0000000000
0.0102000000;-0.9384000000;10.8528000000;2.3587500000;10.5187500000;1.4662500000;11.5625000000;5.6875000000;-48.5000000000
0.2550000000;-0.0714000000;9.9960000000;5.2912500000;1.5300000000;-0.1912500000;12.3750000000;5.6875000000;-48.0625000000
0.1122000000;-0.5916000000;10.3632000000;-5.4187500000;3.3787500000;0.7012500000;13.5000000000;5.2500000000;-47.7500000000
0.2958000000;-0.3060000000;9.8736000000;6.6300000000;-1.2112500000;-1.2112500000;13.5000000000;6.0625000000;-48.0625000000
0.1530000000;-0.1530000000;10.1082000000;1.0837500000;0.1912500000;-0.8925000000;13.5000000000;6.0625000000;-48.0625000000
0.3162000000;-0.3570000000;9.8736000000;-0.5737500000;-0.7650000000;0.9562500000;13.0625000000;5.6875000000;-47.7500000000
0.4284000000;-0.3468000000;9.7206000000;4.9087500000;0.4462500000;-0.5737500000;12.7500000000;5.2500000000;-48.0625000000
0.2550000000;-0.2856000000;10.0776000000;1.9125000000;4.0162500000;-2.0400000000;13.0625000000;6.0625000000;-46.5625000000
0.1122000000;-0.1020000000;10.1490000000;0.6375000000;-0.7650000000;-1.8487500000;13.8750000000;5.2500000000;-48.0625000000
0.2346000000;-0.1734000000;10.0368000000;0.8287500000;-0.5100000000;1.1475000000;13.8750000000;5.2500000000;-48.0625000000
0.2244000000;-0.3876000000;9.9246000000;-2.1037500000;-1.9762500000;0.7012500000;13.0625000000;5.2500000000;-47.2500000000
0.3672000000;-0.2244000000;9.7818000000;2.2950000000;0.3187500000;-0.1912500000;14.2500000000;4.5625000000;-48.5000000000
0.2142000000;-0.1836000000;10.1286000000;0.7012500000;1.7850000000;0.0000000000;13.0625000000;5.2500000000;-48.0625000000
0.2346000000;-0.2244000000;10.1592000000;0.3825000000;0.7650000000;-0.2550000000;12.7500000000;5.2500000000;-48.5625000000
0.2244000000;-0.0714000000;10.0878000000;0.5100000000;-2.5500000000;0.7650000000;12.7500000000;5.2500000000;-48.5625000000
0.3468000000;-0.1326000000;9.7614000000;-2.3587500000;-1.7212500000;1.8487500000;13.0625000000;4.5625000000;-48.5000000000
0.2550000000;-0.2142000000;9.9246000000;1.2112500000;1.1475000000;1.4662500000;13.0625000000;5.6875000000;-48.5625000000
0.2652000000;-0.1326000000;9.9756000000;-0.3187500000;0.6375000000;1.4662500000;12.7500000000;5.2500000000;-47.2500000000
0.2652000000;-0.5406000000;10.1082000000;-0.2550000000;-0.9562500000;-0.1912500000;14.2500000000;5.0000000000;-48.0625000000
0.2346000000;-0.2142000000;9.9552000000;0.3187500000;-1.0200000000;-1.7850000000;14.2500000000;5.0000000000;-48.0625000000
0.3468000000;-0.2346000000;9.8736000000;-0.3187500000;1.0200000000;-0.8925000000;13.5000000000;5.6875000000;-47.7500000000
0.3060000000;-0.1224000000;9.8838000000;0.7012500000;1.5937500000;-1.3387500000;12.7500000000;5.0000000000;-48.5000000000
0.3162000000;-0.0918000000;9.9246000000;-1.4662500000;0.7012500000;-0.3825000000;13.0625000000;4.1875000000;-49.0000000000
0.2142000000;-0.4182000000;10.0980000000;-2.4225000000;1.9125000000;-1.3387500000;13.0625000000;4.5625000000;-49.0000000000
0.1326000000;-0.2040000000;10.0776000000;2.5500000000;0.7012500000;-1.5300000000;13.0625000000;4.5625000000;-49.0000000000
0.1938000000;-0.1326000000;9.9246000000;0.3187500000;0.0637500000;-0.5100000000;13.8750000000;5.0000000000;-49.0000000000
0.2550000000;-0.1020000000;9.8532000000;0.3187500000;1.7212500000;0.1275000000;13.0625000000;5.0000000000;-48.5000000000
0.3570000000;-0.2142000000;9.8940000000;-0.2550000000;1.7212500000;0.1912500000;13.8750000000;5.0000000000;-48.0625000000
0.2244000000;-0.3162000000;10.2204000000;1.2112500000;2.6137500000;-1.0837500000;13.0625000000;5.2500000000;-48.5000000000
0.2652000000;-0.1632000000;10.0368000000;1.7212500000;-0.1912500000;-1.4662500000;13.0625000000;5.2500000000;-48.5000000000
0.1938000000;-0.1224000000;10.1286000000;-1.0200000000;2.1037500000;-0.8287500000;13.5000000000;5.0000000000;-47.7500000000
0.0000000000;-0.2040000000;11.3220000000;5.8012500000;-6.6300000000;-0.4462500000;12.3750000000;4.5625000000;-48.0625000000
-0.0918000000;-0.3162000000;11.8014000000;13.9612500000;-20.4000000000;0.3187500000;13.8750000000;4.5625000000;-47.2500000000
-0.0204000000;-0.4488000000;12.0462000000;9.1800000000;-28.4325000000;1.8487500000;13.0625000000;5.0000000000;-48.0625000000
-0.3060000000;0.2958000000;13.8312000000;17.1487500000;-56.3550000000;-3.2512500000;13.0625000000;5.0000000000;-48.0625000000
0.7650000000;0.6222000000;12.0972000000;17.9137500000;-89.8875000000;11.4112500000;11.5625000000;3.8750000000;-48.5000000000
1.3668000000;0.5202000000;11.6178000000;17.7225000000;-92.2462500000;18.1687500000;10.1875000000;3.8750000000;-50.0625000000
1.8666000000;0.7650000000;11.2710000000;-17.0212500000;-106.2712500000;16.1287500000;5.0000000000;2.6875000000;-49.6875000000
2.1726000000;-1.2036000000;11.3424000000;-20.1450000000;-114.4950000000;12.8775000000;5.0000000000;2.6875000000;-49.6875000000
2.6418000000;-0.0204000000;10.4244000000;34.2975000000;-130.6875000000;1.2112500000;1.6875000000;3.5000000000;-50.5000000000
3.4476000000;-0.4386000000;9.3432000000;32.1937500000;-135.3412500000;3.4425000000;-2.6875000000;5.0000000000;-50.5000000000
3.9678000000;0.4080000000;8.3028000000;11.9850000000;-150.3225000000;-3.5700000000;-8.6875000000;3.8750000000;-49.5625000000
4.7226000000;-0.4386000000;7.6602000000;46.9837500000;-145.4137500000;1.3387500000;-13.5000000000;2.6875000000;-49.1875000000
5.7018000000;0.5508000000;6.4974000000;54.2512500000;-139.9950000000;-6.9487500000;-13.5000000000;2.6875000000;-49.1875000000
6.3342000000;1.1730000000;5.7732000000;50.5537500000;-129.2850000000;-6.6937500000;-20.0625000000;1.5625000000;-47.1875000000
6.7728000000;1.1322000000;4.7532000000;34.9987500000;-123.7387500000;-1.8487500000;-24.5000000000;-1.0000000000;-42.5000000000
7.2114000000;1.4688000000;3.7230000000;31.1100000000;-114.1762500000;0.5737500000;-29.0000000000;-2.7500000000;-40.5000000000
7.6908000000;1.4892000000;2.9988000000;8.8612500000;-111.4350000000;3.6975000000;-33.3750000000;-3.1875000000;-39.2500000000
8.5170000000;1.5402000000;1.8462000000;-0.5737500000;-103.2112500000;7.7137500000;-33.3750000000;-3.1875000000;-39.2500000000
8.7006000000;1.4484000000;2.1012000000;16.1287500000;-71.0175000000;-0.5737500000;-36.6875000000;-4.2500000000;-33.6875000000
8.6700000000;1.8564000000;2.2032000000;5.9925000000;-67.8937500000;1.2750000000;-40.2500000000;-3.5000000000;-33.2500000000
9.1086000000;1.2342000000;1.6014000000;-3.4425000000;-71.9100000000;6.8212500000;-41.3750000000;-4.2500000000;-28.8750000000
8.9862000000;1.7238000000;0.9282000000;-4.9725000000;-68.2762500000;3.8887500000;-44.0625000000;-3.5000000000;-27.2500000000
9.5778000000;1.3974000000;0.0204000000;3.8887500000;-49.7250000000;6.6300000000;-44.0625000000;-3.5000000000;-27.2500000000
9.0168000000;1.7952000000;0.1020000000;-0.6375000000;-30.6637500000;3.7612500000;-45.0625000000;-3.1875000000;-25.3750000000
9.8940000000;1.2138000000;-0.2244000000;-2.9325000000;-22.3762500000;9.4350000000;-44.6875000000;-2.5000000000;-23.7500000000
9.6084000000;1.3260000000;1.0914000000;1.3387500000;4.0800000000;0.9562500000;-46.5625000000;-2.5000000000;-22.5625000000
9.5676000000;1.5096000000;1.3362000000;-2.4862500000;-0.9562500000;1.2750000000;-46.0625000000;-1.6875000000;-21.7500000000
9.9858000000;1.1118000000;1.4892000000;2.2312500000;2.0400000000;1.0200000000;-46.0625000000;-1.6875000000;-21.7500000000
9.5574000000;1.5300000000;1.3260000000;3.9525000000;-2.5500000000;1.9125000000;-46.0625000000;-2.0625000000;-22.1875000000
9.8940000000;1.0200000000;0.8262000000;-3.4425000000;-2.8050000000;6.7575000000;-46.5000000000;-2.0625000000;-21.3750000000
9.6798000000;0.8976000000;2.0604000000;7.5225000000;11.5387500000;-3.6975000000;-46.0625000000;-2.0625000000;-22.5625000000
9.8634000000;1.6932000000;1.3362000000;10.2637500000;-5.0362500000;-2.2312500000;-46.7500000000;-1.6875000000;-22.1875000000
9.9042000000;1.3974000000;1.0608000000;-7.5862500000;-0.0637500000;2.8050000000;-46.7500000000;-1.6875000000;-22.1875000000
9.7206000000;1.1118000000;1.7136000000;-0.7012500000;1.5937500000;1.0200000000;-46.5000000000;-2.0625000000;-22.1875000000
9.8124000000;1.3362000000;1.4994000000;4.0800000000;-1.4662500000;-0.1912500000;-46.0625000000;-2.5000000000;-22.1875000000
9.6594000000;1.3872000000;1.4688000000;-1.5937500000;-1.6575000000;1.0200000000;-46.0625000000;-2.5000000000;-23.0000000000
9.8124000000;1.2852000000;1.4586000000;1.7850000000;-1.4662500000;0.7650000000;-46.5000000000;-2.5000000000;-21.7500000000
9.7206000000;1.1016000000;1.4892000000;1.1475000000;-2.1675000000;1.2112500000;-46.5000000000;-2.5000000000;-21.7500000000
9.9348000000;0.9690000000;1.1424000000;0.0000000000;-4.1437500000;1.2112500000;-46.5000000000;-2.0625000000;-21.3750000000
9.6798000000;1.1832000000;1.4892000000;-0.8287500000;1.2112500000;-2.5500000000;-46.7500000000;-2.0625000000;-23.0000000000
9.8430000000;1.4280000000;1.3872000000;1.0837500000;-1.8487500000;-2.4225000000;-45.2500000000;-2.0625000000;-21.0625000000
9.7818000000;1.3260000000;1.1526000000;-2.8050000000;-1.2750000000;0.3825000000;-46.5000000000;-2.5000000000;-21.3750000000
9.6594000000;1.0506000000;1.5912000000;-1.9125000000;1.5300000000;-0.8287500000;-46.5000000000;-2.5000000000;-21.3750000000
9.6696000000;1.5504000000;1.4382000000;2.4862500000;-3.1237500000;-1.7212500000;-46.5000000000;-2.5000000000;-21.7500000000
9.8838000000;1.2444000000;0.9996000000;-2.4862500000;-1.0200000000;2.9962500000;-46.5000000000;-2.5000000000;-22.5625000000
9.8022000000;1.0098000000;1.3974000000;0.3825000000;4.4625000000;-0.1275000000;-46.5000000000;-2.5000000000;-21.7500000000
9.5880000000;1.5402000000;1.4076000000;4.5262500000;-2.4225000000;-1.7850000000;-46.7500000000;-1.6875000000;-22.5625000000
9.8736000000;1.1832000000;1.1730000000;-4.2075000000;0.4462500000;2.1037500000;-46.7500000000;-1.6875000000;-22.5625000000
9.5370000000;1.0914000000;1.4280000000;0.7650000000;1.1475000000;-0.5737500000;-46.7500000000;-2.5000000000;-22.5625000000
9.8328000000;1.4382000000;1.0302000000;1.2112500000;-0.1275000000;0.4462500000;-46.7500000000;-2.0625000000;-21.7500000000
9.7512000000;1.0404000000;1.5198000000;-3.3787500000;4.5262500000;0.3825000000;-45.2500000000;-3.1875000000;-22.1875000000
9.7614000000;1.5402000000;1.4178000000;4.4625000000;-3.5700000000;-0.7012500000;-46.5000000000;-2.5000000000;-21.7500000000
10.0062000000;1.1934000000;0.8466000000;-4.8450000000;2.4225000000;2.6137500000;-46.5000000000;-2.5000000000;-21.7500000000
9.5778000000;1.1118000000;1.6728000000;4.7175000000;3.1875000000;-2.6137500000;-46.7500000000;-2.7500000000;-23.0000000000
9.7920000000;1.4790000000;1.4178000000;4.3350000000;-2.4225000000;-0.7012500000;-46.5000000000;-2.0625000000;-21.7500000000
9.8430000000;1.1730000000;1.3464000000;-4.1437500000;0.8925000000;1.4025000000;-46.5000000000;-2.5000000000;-20.5625000000
9.6186000000;1.3056000000;1.8870000000;4.2075000000;1.9125000000;-2.4862500000;-46.5000000000;-2.5000000000;-22.5625000000
9.7716000000;1.5198000000;0.9792000000;-2.4862500000;-4.8450000000;2.7412500000;-46.5000000000;-2.5000000000;-22.5625000000
9.7716000000;1.0302000000;1.0302000000;-7.0125000000;0.3187500000;2.9325000000;-46.7500000000;-2.5000000000;-20.1875000000
9.7002000000;1.3974000000;1.1424000000;5.2275000000;2.3587500000;-0.9562500000;-46.5000000000;-2.0625000000;-21.3750000000
9.7410000000;1.1730000000;1.4586000000;-1.1475000000;3.2512500000;0.6375000000;-47.1875000000;-2.7500000000;-21.3750000000
9.6594000000;1.2852000000;1.6116000000;1.7850000000;2.2312500000;-1.0837500000;-47.1875000000;-2.7500000000;-21.3750000000
9.7206000000;1.3872000000;1.3974000000;9.2437500000;1.6575000000;-2.3587500000;-46.0625000000;-2.5000000000;-21.7500000000
9.6390000000;1.3158000000;1.6218000000;5.4187500000;1.7850000000;-1.7212500000;-46.7500000000;-3.5000000000;-23.0000000000
9.9450000000;1.2240000000;1.2750000000;-0.7650000000;-1.4662500000;0.5100000000;-46.7500000000;-2.5000000000;-21.3750000000
9.8430000000;0.9384000000;1.4790000000;0.1912500000;1.4025000000;-0.5737500000;-46.0625000000;-2.7500000000;-21.0625000000
9.7716000000;1.4994000000;1.4790000000;2.8050000000;-2.7412500000;-1.7850000000;-46.0625000000;-2.7500000000;-21.0625000000
9.7920000000;1.1832000000;1.1628000000;-7.2675000000;-3.6337500000;2.2312500000;-46.5000000000;-3.1875000000;-21.7500000000
9.6696000000;1.4076000000;1.4280000000;2.4862500000;0.1275000000;-1.0837500000;-45.6875000000;-2.7500000000;-22.1875000000
9.7206000000;1.3872000000;1.3668000000;-0.1912500000;-1.4025000000;0.5737500000;-46.5000000000;-2.5000000000;-21.0625000000
9.7308000000;1.1832000000;1.3464000000;-2.0400000000;-1.0837500000;0.2550000000;-45.6875000000;-2.7500000000;-22.5625000000
9.7308000000;1.4688000000;1.2342000000;1.2112500000;-2.6137500000;-0.7012500000;-45.6875000000;-2.7500000000;-22.5625000000
9.8430000000;1.2036000000;1.1220000000;-3.8250000000;2.6775000000;1.1475000000;-46.5000000000;-2.5000000000;-23.0000000000
9.6492000000;1.2444000000;1.7952000000;2.8050000000;0.9562500000;-1.7212500000;-46.0625000000;-3.1875000000;-22.1875000000
9.7920000000;1.4586000000;1.2852000000;-0.8287500000;-3.5062500000;0.5737500000;-46.0625000000;-2.5000000000;-21.3750000000
9.7002000000;1.1730000000;1.4382000000;-0.8925000000;0.3187500000;0.2550000000;-46.7500000000;-2.5000000000;-21.7500000000
9.7206000000;1.1832000000;1.1934000000;1.9125000000;-0.1912500000;-0.1912500000;-46.7500000000;-2.5000000000;-21.7500000000
9.7206000000;1.3464000000;1.1526000000;-3.2512500000;0.3187500000;0.1275000000;-47.5625000000;-2.7500000000;-23.3750000000
9.6900000000;1.3566000000;1.4994000000;-1.0200000000;2.0400000000;-0.5100000000;-46.7500000000;-2.7500000000;-21.3750000000
9.7512000000;1.3464000000;1.3668000000;-1.4025000000;-2.4225000000;-0.1912500000;-46.0625000000;-2.7500000000;-21.3750000000
9.7920000000;1.3566000000;1.0302000000;0.0000000000;0.8287500000;0.1912500000;-46.7500000000;-2.7500000000;-23.0000000000
9.5574000000;1.2648000000;1.6524000000;0.2550000000;2.1037500000;-0.2550000000;-46.7500000000;-2.7500000000;-23.0000000000
9.9042000000;1.2546000000;1.0914000000;-1.0200000000;-2.2950000000;0.4462500000;-46.0625000000;-3.1875000000;-21.7500000000
9.8940000000;1.2954000000;1.2954000000;1.8487500000;2.7412500000;-1.5937500000;-46.0625000000;-2.0625000000;-22.5625000000
9.6084000000;1.5198000000;1.5198000000;0.5100000000;-0.5100000000;0.3825000000;-46.5000000000;-3.5000000000;-22.1875000000
9.8124000000;1.0506000000;1.2240000000;-4.4625000000;0.3187500000;1.9762500000;-45.6875000000;-2.5000000000;-21.7500000000
9.6696000000;1.2852000000;1.5504000000;2.6775000000;-1.0837500000;-1.4025000000;-45.6875000000;-2.5000000000;-21.7500000000
9.7308000000;1.5300000000;1.2036000000;-2.9325000000;1.4025000000;1.4025000000;-46.5000000000;-2.7500000000;-22.1875000000
9.9246000000;1.0914000000;1.4280000000;-1.1475000000;2.8687500000;-0.2550000000;-45.2500000000;-2.7500000000;-22.5625000000
9.7716000000;1.4382000000;1.5912000000;0.0637500000;-1.1475000000;-0.1275000000;-46.5000000000;-3.1875000000;-23.0000000000
9.8124000000;1.3668000000;1.2750000000;-1.3387500000;-1.7850000000;1.1475000000;-46.5000000000;-3.1875000000;-22.1875000000
9.6084000000;1.3668000000;1.5606000000;2.5500000000;1.3387500000;0.2550000000;-46.5000000000;-3.1875000000;-22.1875000000
9.8634000000;1.1628000000;1.2546000000;-1.1475000000;-2.2312500000;1.9762500000;-46.0625000000;-2.0625000000;-21.0625000000
9.7512000000;1.1730000000;1.3872000000;2.4225000000;-0.5737500000;-0.5737500000;-46.0625000000;-3.5000000000;-22.5625000000
9.6696000000;1.3974000000;1.1220000000;0.6375000000;-1.7212500000;0.0000000000;-46.7500000000;-1.6875000000;-22.1875000000
9.8124000000;1.2036000000;1.1118000000;-3.9525000000;-0.7650000000;1.4025000000;-47.5625000000;-2.5000000000;-22.1875000000
9.6390000000;1.3974000000;1.2342000000;2.4862500000;1.0200000000;-1.3387500000;-47.5625000000;-2.5000000000;-22.1875000000
9.6594000000;1.4484000000;0.8670000000;-3.6337500000;0.0637500000;3.0600000000;-46.5000000000;-2.7500000000;-22.5625000000
9.7920000000;1.0098000000;0.6120000000;-1.4662500000;5.3550000000;0.9562500000;-46.5000000000;-2.0625000000;-21.7500000000
9.6696000000;1.0302000000;0.7140000000;-1.2750000000;13.4512500000;-1.4025000000;-46.7500000000;-2.7500000000;-22.1875000000
9.4248000000;0.7956000000;0.5712000000;-4.7812500000;18.3600000000;-4.2712500000;-46.5000000000;-2.5000000000;-21.0625000000
9.3432000000;0.6018000000;0.0408000000;-23.2050000000;23.1412500000;-5.8650000000;-46.5000000000;-2.5000000000;-21.0625000000
9.2004000000;1.0506000000;-0.9996000000;-30.2812500000;47.4300000000;-12.4312500000;-46.5000000000;-2.5000000000;-23.0000000000
8.5680000000;1.5300000000;-0.4386000000;-20.5275000000;70.8900000000;-11.3475000000;-45.6875000000;-2.5000000000;-24.1875000000
8.1906000000;1.2138000000;-0.4998000000;-37.6125000000;83.0662500000;0.5100000000;-44.2500000000;-2.0625000000;-26.5625000000
7.6398000000;1.3872000000;0.2244000000;-47.1750000000;103.7212500000;3.8250000000;-43.0625000000;-2.7500000000;-29.6875000000
7.2930000000;1.2240000000;1.7238000000;-43.9237500000;140.3775000000;1.8487500000;-43.0625000000;-2.7500000000;-29.6875000000
6.8646000000;0.6630000000;4.5390000000;-22.5037500000;166.7062500000;-8.5425000000;-39.7500000000;-0.1875000000;-32.7500000000
6.0690000000;1.7952000000;6.1404000000;-36.4012500000;165.3675000000;-11.3475000000;-36.0625000000;0.5000000000;-36.0625000000
5.9160000000;0.5304000000;6.5790000000;-81.8550000000;151.0875000000;5.8012500000;-29.7500000000;1.5625000000;-41.5625000000
4.3044000000;-1.8258000000;11.1792000000;30.4725000000;185.1300000000;-26.2650000000;-24.5625000000;2.6875000000;-44.3750000000
4.3452000000;4.3146000000;8.3844000000;-50.4900000000;104.2950000000;-3.6337500000;-24.5625000000;2.6875000000;-44.3750000000
3.6924000000;-2.0808000000;11.7096000000;-38.3775000000;158.2275000000;-6.9487500000;-18.6875000000;1.6875000000;-46.3750000000
3.1314000000;2.2338000000;11.3628000000;46.2187500000;114.6862500000;-28.8150000000;-13.7500000000;2.5000000000;-47.8750000000
3.5598000000;0.5814000000;9.7002000000;-56.3550000000;90.4612500000;0.2550000000;-8.1875000000;1.6875000000;-48.7500000000
2.1318000000;-0.0510000000;13.0764000000;16.2562500000;105.1237500000;-16.6387500000;-8.1875000000;1.6875000000;-48.7500000000
2.8050000000;3.9066000000;9.0678000000;16.8300000000;42.9675000000;-3.5062500000;-4.3750000000;2.5000000000;-49.5625000000
2.3052000000;-1.8564000000;10.7814000000;-95.9437500000;82.6837500000;12.1762500000;-0.2500000000;1.6875000000;-50.6875000000
0.8976000000;0.1326000000;13.3518000000;57.7575000000;66.7462500000;-11.4112500000;1.1875000000;3.1875000000;-50.1875000000
2.3562000000;2.6724000000;9.0168000000;-7.2675000000;30.6000000000;0.8925000000;5.1875000000;4.0000000000;-47.7500000000
1.2648000000;-1.1016000000;11.0160000000;-100.9800000000;48.9600000000;7.9050000000;5.1875000000;4.0000000000;-47.7500000000
1.0098000000;-0.0918000000;10.6488000000;3.0600000000;24.0975000000;1.4662500000;5.6875000000;2.5625000000;-49.0000000000
0.8874000000;0.6324000000;9.2106000000;-31.4925000000;34.8075000000;9.3712500000;8.2500000000;5.8750000000;-49.0000000000
0.1734000000;-1.5096000000;11.7300000000;-52.8487500000;44.2425000000;14.4712500000;9.3750000000;5.8750000000;-48.5625000000
0.4182000000;-0.4488000000;11.1690000000;19.6350000000;18.9337500000;7.2037500000;11.5625000000;7.3750000000;-47.3750000000
0.7854000000;-0.1938000000;9.8634000000;-15.7462500000;12.4950000000;9.1800000000;11.5625000000;7.3750000000;-47.3750000000
0.1836000000;-1.3464000000;10.3734000000;-10.9650000000;16.1287500000;5.6100000000;12.2500000000;7.7500000000;-47.6875000000
0.2550000000;-0.2550000000;9.5676000000;16.2562500000;11.7300000000;5.5462500000;12.6875000000;7.7500000000;-46.1875000000
-0.0510000000;-0.8772000000;10.4550000000;-10.3912500000;16.5112500000;5.5462500000;13.7500000000;7.3750000000;-47.0000000000
-0.1122000000;-1.1322000000;10.9140000000;11.4112500000;8.9887500000;-0.7012500000;13.7500000000;8.0625000000;-48.0625000000
0.1632000000;0.1632000000;10.2714000000;22.4400000000;2.6137500000;-0.3825000000;13.7500000000;8.0625000000;-48.0625000000
0.1224000000;-0.7548000000;10.1898000000;-13.6425000000;-0.7650000000;1.0837500000;14.5625000000;8.0625000000;-47.6875000000
-0.0204000000;-0.4896000000;10.0266000000;12.7500000000;-3.5062500000;-2.4225000000;14.5625000000;6.5625000000;-48.1875000000
0.1020000000;0.0204000000;9.5676000000;8.4150000000;-2.1675000000;-0.5100000000;15.0000000000;7.3750000000;-46.8750000000
0.1938000000;-0.4692000000;9.8532000000;-5.2912500000;1.4662500000;-0.3825000000;14.5625000000;7.7500000000;-47.6875000000
0.1428000000;-0.0714000000;10.1592000000;12.1762500000;1.5300000000;-1.5937500000;14.5625000000;7.7500000000;-47.6875000000
0.0102000000;0.0204000000;10.0980000000;2.1675000000;0.1275000000;0.4462500000;14.1875000000;7.0000000000;-47.0000000000
0.0306000000;-0.3570000000;9.9348000000;-6.4387500000;-1.0200000000;0.7012500000;14.5625000000;5.5000000000;-47.6875000000
0.1020000000;-0.1122000000;9.7614000000;-3.3150000000;-1.7212500000;-0.1275000000;15.0000000000;6.2500000000;-47.3750000000
0.0408000000;-0.4590000000;9.9348000000;-9.8812500000;2.1675000000;0.5737500000;15.0000000000;5.8750000000;-47.3750000000
0.0102000000;-0.2958000000;10.1898000000;5.5462500000;1.0837500000;-0.3187500000;15.0000000000;5.8750000000;-47.3750000000
0.1224000000;-0.1836000000;9.9960000000;-3.1875000000;-2.4862500000;-0.6375000000;14.5625000000;6.2500000000;-46.5625000000
0.1224000000;-0.3366000000;9.6900000000;-6.3750000000;-0.7650000000;-0.0637500000;14.1875000000;6.2500000000;-48.1875000000
0.1326000000;-0.2652000000;9.7716000000;-1.2750000000;0.0637500000;-0.1275000000;14.1875000000;7.0000000000;-47.3750000000
0.1224000000;-0.3366000000;10.1184000000;0.8287500000;2.2312500000;0.1275000000;14.5625000000;6.5625000000;-47.3750000000
0.0612000000;-0.3876000000;10.0980000000;-2.9325000000;-0.5100000000;-0.3187500000;14.5625000000;6.5625000000;-47.3750000000
0.0408000000;-0.2346000000;10.0470000000;2.5500000000;-0.8287500000;0.3187500000;14.5625000000;6.5625000000;-47.3750000000
0.0714000000;-0.3876000000;9.9654000000;1.5300000000;-2.2312500000;0.6375000000;14.1875000000;7.0000000000;-46.8750000000
0.0306000000;-0.3672000000;9.8022000000;-1.0200000000;-0.1912500000;0.7650000000;15.0000000000;6.5625000000;-47.6875000000
0.0816000000;-0.2448000000;9.8940000000;-0.3187500000;0.0000000000;0.3825000000;14.5625000000;6.5625000000;-47.6875000000
0.1836000000;-0.3876000000;10.0164000000;-0.7650000000;0.3187500000;1.0200000000;14.5625000000;6.5625000000;-47.6875000000
0.0918000000;-0.3264000000;10.0266000000;-2.6137500000;-0.8925000000;0.4462500000;14.5625000000;7.3750000000;-47.3750000000
-0.0306000000;-0.4998000000;10.1184000000;-3.0600000000;-1.9762500000;-0.7012500000;15.0000000000;7.3750000000;-47.3750000000
0.0000000000;-0.4284000000;10.0980000000;0.3825000000;-3.1237500000;-0.7012500000;15.0000000000;7.3750000000;-46.8750000000
0.1938000000;-0.1428000000;9.6594000000;-1.7850000000;-2.3587500000;0.8287500000;14.1875000000;7.0000000000;-47.0000000000
0.1020000000;-0.5916000000;10.0266000000;-4.2712500000;1.0200000000;0.6375000000;14.1875000000;7.0000000000;-47.0000000000
0.1530000000;-0.4284000000;9.9450000000;0.8287500000;0.5737500000;-0.3187500000;14.5625000000;7.3750000000;-46.5625000000
0.0510000000;-0.4386000000;10.0572000000;0.9562500000;-0.1275000000;-0.3825000000;14.5625000000;7.7500000000;-46.8750000000
0.0816000000;-0.5508000000;9.9450000000;-0.1275000000;0.0000000000;-0.5737500000;13.5000000000;7.0000000000;-47.6875000000
0.0510000000;-0.3366000000;9.9552000000;2.6775000000;-0.3187500000;-0.5737500000;13.7500000000;6.5625000000;-46.5625000000
0.1326000000;-0.3978000000;9.9348000000;-0.5100000000;0.6375000000;0.7650000000;13.7500000000;6.5625000000;-46.5625000000
0.1836000000;-0.2958000000;9.8940000000;1.3387500000;1.3387500000;0.7650000000;15.0000000000;7.0000000000;-46.8750000000
0.1326000000;-0.4182000000;10.0572000000;-0.3187500000;0.0637500000;0.3825000000;15.0000000000;7.0000000000;-46.8750000000
0.0816000000;-0.4080000000;10.0062000000;-0.6375000000;1.4025000000;0.6375000000;14.1875000000;6.5625000000;-46.8750000000
0.1224000000;-0.4386000000;9.9756000000;2.6137500000;-0.3187500000;0.7012500000;14.1875000000;7.0000000000;-46.5625000000
0.1938000000;-0.4284000000;9.9144000000;-1.6575000000;0.8287500000;0.5100000000;14.1875000000;7.0000000000;-46.5625000000
0.0612000000;-0.5202000000;10.1184000000;0.4462500000;-0.0637500000;-0.2550000000;14.5625000000;6.5625000000;-46.8750000000
0.0408000000;-0.3264000000;9.9654000000;2.4225000000;-1.1475000000;-1.7212500000;15.2500000000;6.5625000000;-46.5625000000
0.0714000000;-0.2346000000;9.8226000000;-0.3187500000;-0.7012500000;-1.0837500000;14.5625000000;7.3750000000;-46.5625000000
0.1122000000;-0.4386000000;9.9552000000;-0.0637500000;1.1475000000;0.7650000000;14.5625000000;7.3750000000;-46.5625000000
0.0408000000;-0.4692000000;10.2102000000;-0.4462500000;0.7012500000;-0.3825000000;14.5625000000;7.0000000000;-47.3750000000
0.1632000000;-0.3060000000;10.0266000000;0.3187500000;-1.5937500000;-1.2750000000;14.5625000000;7.0000000000;-47.6875000000
0.1530000000;-0.4488000000;9.8124000000;0.9562500000;-2.0400000000;-0.9562500000;14.5625000000;7.3750000000;-47.3750000000
0.0408000000;-0.2244000000;9.9450000000;2.6137500000;0.0000000000;-1.4662500000;13.7500000000;6.5625000000;-46.5625000000
0.1836000000;-0.3162000000;9.9654000000;-1.0837500000;-0.0637500000;0.5100000000;13.7500000000;6.5625000000;-46.5625000000
0.1428000000;-0.3978000000;9.9858000000;0.2550000000;0.2550000000;-0.0637500000;14.5625000000;6.5625000000;-46.5625000000
0.1122000000;-0.3876000000;9.9246000000;-1.6575000000;0.1912500000;-0.2550000000;13.7500000000;6.5625000000;-46.8750000000
0.0918000000;-0.3162000000;9.8940000000;0.5737500000;-0.1275000000;-1.2112500000;13.5000000000;7.3750000000;-47.3750000000
0.1734000000;-0.0918000000;9.9246000000;1.3387500000;0.6375000000;-0.5100000000;14.1875000000;7.3750000000;-47.3750000000
0.1020000000;-0.3672000000;10.1388000000;-0.1912500000;1.5937500000;1.9762500000;14.1875000000;7.3750000000;-47.3750000000
0.1428000000;-0.4692000000;10.1490000000;0.7012500000;0.0637500000;1.4025000000;14.1875000000;7.3750000000;-46.5625000000
0.1428000000;-0.5304000000;9.9858000000;-0.1912500000;-1.4025000000;0.4462500000;14.5625000000;7.0000000000;-46.8750000000
0.0816000000;-0.3774000000;9.8430000000;0.1912500000;-0.3825000000;-0.5100000000;14.1875000000;7.0000000000;-47.3750000000
0.0408000000;-0.3468000000;9.8940000000;0.0000000000;1.0200000000;0.0637500000;14.5625000000;7.0000000000;-47.0000000000
0.1122000000;-0.4386000000;10.0470000000;0.2550000000;0.8287500000;-0.8287500000;14.5625000000;7.0000000000;-47.0000000000
0.1530000000;-0.2856000000;10.1592000000;0.5100000000;0.8287500000;-0.9562500000;14.5625000000;6.5625000000;-47.3750000000
0.0306000000;-0.3468000000;10.0572000000;-0.7650000000;-1.3387500000;-0.1912500000;14.5625000000;7.0000000000;-47.6875000000
0.0714000000;-0.3264000000;9.8328000000;-1.5300000000;-1.5937500000;-0.2550000000;14.5625000000;7.0000000000;-47.3750000000
0.1632000000;-0.4080000000;9.9348000000;1.5300000000;0.4462500000;0.6375000000;15.0000000000;7.3750000000;-47.6875000000
0.1122000000;-0.5304000000;10.0776000000;-1.0200000000;0.3187500000;0.3187500000;15.0000000000;7.3750000000;-47.6875000000
0.0918000000;-0.2448000000;10.0062000000;1.5937500000;-0.7012500000;-0.8287500000;15.2500000000;7.3750000000;-46.5625000000
0.2040000000;-0.2754000000;9.9144000000;3.0600000000;-0.8287500000;0.4462500000;15.0000000000;7.3750000000;-46.8750000000
0.1428000000;-0.2958000000;9.8430000000;0.4462500000;0.5737500000;0.5100000000;14.5625000000;7.0000000000;-47.6875000000
0.1326000000;-0.2754000000;10.0368000000;2.2950000000;2.1037500000;0.4462500000;14.1875000000;6.5625000000;-46.5625000000
0.1938000000;-0.3060000000;10.0062000000;0.5737500000;0.1275000000;1.3387500000;14.1875000000;6.5625000000;-46.5625000000
0.1632000000;-0.4488000000;9.9756000000;0.8925000000;0.0000000000;1.0200000000;14.5625000000;7.0000000000;-47.6875000000
0.0204000000;-0.3978000000;10.1286000000;1.3387500000;1.0200000000;-0.5737500000;14.1875000000;7.0000000000;-47.6875000000
0.1428000000;-0.2856000000;9.8328000000;-0.9562500000;-0.2550000000;-0.5100000000;14.1875000000;6.5625000000;-47.3750000000
0.0816000000;-0.2652000000;9.8940000000;2.9962500000;1.7212500000;0.0637500000;14.5625000000;6.2500000000;-47.6875000000
0.0510000000;-0.2550000000;10.1796000000;2.7412500000;0.9562500000;0.7012500000;14.5625000000;6.2500000000;-47.6875000000
0.0612000000;-0.4284000000;10.1082000000;1.2750000000;-0.3825000000;0.7650000000;15.0000000000;5.8750000000;-47.0000000000
0.0612000000;-0.0918000000;9.9450000000;1.4025000000;-2.4225000000;-0.3825000000;14.5625000000;5.8750000000;-47.6875000000
0.1122000000;-0.2448000000;9.9144000000;2.4862500000;0.5100000000;0.1912500000;14.5625000000;5.5000000000;-46.1875000000
0.0306000000;-0.2958000000;9.9246000000;5.7375000000;1.2750000000;0.5100000000;14.5625000000;6.5625000000;-47.3750000000
0.0510000000;-0.0918000000;10.1694000000;2.8050000000;-0.4462500000;1.0837500000;14.5625000000;6.5625000000;-47.3750000000
0.2040000000;-0.1632000000;9.8430000000;0.1912500000;-3.0600000000;-2.5500000000;14.5625000000;5.8750000000;-46.5625000000
0.0000000000;-0.2142000000;10.0470000000;-2.5500000000;4.0800000000;-0.5100000000;14.5625000000;5.8750000000;-46.8750000000
0.0612000000;-0.1530000000;9.9756000000;15.6825000000;0.5737500000;2.5500000000;14.1875000000;5.8750000000;-46.1875000000
0.2040000000;0.1428000000;9.9042000000;6.8850000000;5.2912500000;2.8050000000;14.1875000000;5.8750000000;-47.6875000000
-0.0408000000;0.0102000000;10.1286000000;8.8612500000;1.4662500000;3.8250000000;14.1875000000;5.8750000000;-47.6875000000
0.0204000000;0.0816000000;9.7920000000;3.1875000000;5.1000000000;4.3987500000;14.5625000000;5.5000000000;-47.3750000000
0.0408000000;-0.0612000000;10.0980000000;8.2875000000;1.0837500000;2.3587500000;15.2500000000;4.3750000000;-47.3750000000
0.0918000000;0.1122000000;9.9246000000;14.5350000000;-1.4662500000;0.8287500000;15.0000000000;3.6875000000;-47.6875000000
0.0306000000;0.2958000000;10.1898000000;2.3587500000;1.8487500000;-1.9762500000;15.2500000000;4.3750000000;-48.1875000000
0.0000000000;0.0000000000;10.8120000000;5.1637500000;-13.8337500000;-0.8287500000;15.2500000000;4.3750000000;-48.1875000000
-0.2958000000;-0.0102000000;12.2400000000;25.5000000000;-17.9775000000;-2.4225000000;15.2500000000;4.0625000000;-47.0000000000
-0.2856000000;0.8466000000;12.6990000000;-0.2550000000;-59.9250000000;2.1675000000;14.1875000000;4.0625000000;-47.3750000000
0.4590000000;0.2958000000;12.1176000000;1.5937500000;-75.7987500000;7.2675000000;13.5000000000;2.5625000000;-46.8750000000
0.2346000000;0.0306000000;14.4432000000;33.8512500000;-66.1087500000;3.5062500000;10.0625000000;2.5625000000;-49.3750000000
0.1734000000;1.4892000000;15.1164000000;16.8937500000;-141.3337500000;13.5787500000;10.0625000000;2.5625000000;-49.3750000000
1.8564000000;1.2852000000;12.3216000000;2.4225000000;-163.8375000000;19.5075000000;7.5000000000;1.7500000000;-48.1875000000
2.6622000000;0.0918000000;13.1682000000;39.8437500000;-159.0562500000;12.7500000000;1.5625000000;1.3750000000;-50.5625000000
2.5908000000;1.7442000000;10.4142000000;52.5937500000;-202.6612500000;17.5312500000;-5.6875000000;1.3750000000;-50.5625000000
3.6924000000;-0.4080000000;8.6496000000;40.0987500000;-212.9250000000;24.8625000000;-5.6875000000;1.3750000000;-50.5625000000
3.7230000000;-0.1734000000;7.8438000000;97.4100000000;-195.7125000000;3.1237500000;-12.0000000000;-0.3750000000;-50.0625000000
3.8352000000;1.6932000000;4.6512000000;107.1637500000;-228.1612500000;19.6350000000;-19.6875000000;-1.8750000000;-45.3750000000
6.0690000000;0.2448000000;2.1522000000;51.0000000000;-188.4450000000;19.2525000000;-27.7500000000;-5.1875000000;-40.8750000000
4.9164000000;1.8156000000;2.3154000000;26.8387500000;-168.1087500000;5.5462500000;-35.0000000000;-7.7500000000;-35.3750000000
5.7936000000;2.9784000000;-3.4374000000;-39.3337500000;-197.3700000000;35.7637500000;-35.0000000000;-7.7500000000;-35.3750000000
8.6496000000;-0.0306000000;-10.3224000000;-123.7387500000;-96.9637500000;31.2375000000;-40.0000000000;-8.0625000000;-31.0000000000
8.9046000000;-1.5504000000;-9.4860000000;66.4912500000;3.4425000000;-18.7425000000;-44.5000000000;-5.0625000000;-24.2500000000
7.9560000000;1.3668000000;-5.8038000000;133.6200000000;97.9200000000;-45.5812500000;-46.1875000000;-2.5000000000;-21.5000000000
7.2318000000;2.6622000000;-1.8972000000;59.4150000000;142.2900000000;-55.9087500000;-44.6875000000;-7.0625000000;-25.0625000000
6.2118000000;3.8658000000;-0.8772000000;-54.6337500000;153.5100000000;-39.7800000000;-44.6875000000;-7.0625000000;-25.0625000000
4.9878000000;0.6528000000;1.8258000000;-111.3712500000;176.5237500000;-14.1525000000;-40.6875000000;-11.0000000000;-28.1875000000
4.1310000000;2.4582000000;1.3566000000;-115.0050000000;162.8175000000;-2.0400000000;-36.5625000000;-9.8750000000;-33.7500000000
3.0090000000;-1.6932000000;6.2322000000;-89.3137500000;233.0062500000;7.5225000000;-30.3750000000;-7.6875000000;-39.0000000000
1.3362000000;5.6304000000;7.3032000000;-135.9787500000;201.2587500000;-6.1837500000;-24.3750000000;-3.1875000000;-44.8750000000
1.3566000000;-7.1808000000;11.6892000000;-187.7437500000;220.8937500000;68.6587500000;-24.3750000000;-3.1875000000;-44.8750000000
0.2040000000;0.5610000000;14.2086000000;98.8762500000;210.3750000000;-17.5312500000;-17.0000000000;1.1875000000;-46.7500000000
1.5606000000;-0.2652000000;11.6586000000;-72.0375000000;200.1112500000;21.8025000000;-6.8750000000;6.6875000000;-49.1875000000
-0.9078000000;-3.5802000000;18.9108000000;42.3300000000;235.0462500000;-38.1225000000;-0.2500000000;4.1875000000;-50.3750000000
-0.2244000000;3.3048000000;18.4620000000;71.2087500000;115.9612500000;-17.4037500000;9.2500000000;6.3750000000;-48.0000000000
-2.6112000000;-0.6834000000;22.0830000000;-64.5150000000;49.8525000000;-13.6425000000;9.2500000000;6.3750000000;-48.0000000000
-2.0808000000;1.2444000000;17.6766000000;-10.1362500000;-110.2875000000;-1.2112500000;14.5000000000;2.7500000000;-47.1875000000
-1.2546000000;-0.8058000000;15.2694000000;16.7662500000;-143.7562500000;14.7262500000;16.3750000000;5.3750000000;-46.3750000000
-1.3770000000;-0.1326000000;16.5240000000;26.5837500000;-179.7112500000;-0.1275000000;11.2500000000;5.3750000000;-47.8750000000
0.0918000000;-0.2754000000;13.8516000000;77.3287500000;-243.4612500000;-1.5937500000;5.3750000000;3.8750000000;-50.1875000000
1.2648000000;0.8262000000;10.7712000000;81.7275000000;-247.1587500000;2.6775000000;5.3750000000;3.8750000000;-50.1875000000
1.0302000000;1.4688000000;6.9462000000;97.2825000000;-273.4237500000;15.3000000000;-4.2500000000;2.0000000000;-50.1875000000
2.8968000000;-0.0204000000;0.9894000000;70.1887500000;-249.9637500000;32.5762500000;-13.5000000000;-0.8750000000;-47.0625000000
4.5900000000;-0.4284000000;0.3264000000;46.0275000000;-172.0612500000;-3.8887500000;-24.1875000000;-3.8750000000;-43.0625000000
3.8250000000;1.9686000000;2.5704000000;84.4050000000;-146.7525000000;7.9050000000;-31.5625000000;-5.0000000000;-38.2500000000
6.1812000000;1.6728000000;-0.1836000000;20.2087500000;-177.0337500000;22.5675000000;-31.5625000000;-5.0000000000;-38.2500000000
7.2420000000;1.4586000000;-1.5708000000;-55.8450000000;-199.6012500000;10.3912500000;-36.3750000000;-6.8750000000;-33.8750000000
8.6292000000;1.5606000000;-5.4264000000;36.3375000000;-218.0250000000;19.0612500000;-42.0000000000;-6.5000000000;-27.2500000000
9.5574000000;0.5508000000;-8.4048000000;103.5937500000;-107.5462500000;21.0375000000;-45.6875000000;-6.0625000000;-21.0000000000
9.1188000000;0.1428000000;-7.9560000000;-0.1275000000;10.9012500000;-18.4237500000;-48.1875000000;-5.6875000000;-13.0625000000
8.7210000000;-1.0812000000;-3.7842000000;64.0050000000;109.3312500000;-53.2312500000;-48.1875000000;-5.6875000000;-13.0625000000
6.6300000000;3.0906000000;-1.3260000000;71.2087500000;130.2412500000;-84.5325000000;-48.1875000000;-6.5000000000;-14.2500000000
6.6402000000;5.1306000000;-3.6720000000;-62.4750000000;115.6425000000;-34.0425000000;-46.0000000000;-9.7500000000;-18.2500000000
5.7630000000;2.4786000000;-3.2028000000;-162.2437500000;158.9287500000;0.6375000000;-43.6875000000;-13.0000000000;-22.5000000000
4.3350000000;2.7744000000;-1.6830000000;-153.0637500000;198.6450000000;26.0100000000;-39.5625000000;-11.5000000000;-27.5625000000
2.9070000000;0.4590000000;2.2542000000;-93.7125000000;265.9650000000;40.9275000000;-39.5625000000;-11.5000000000;-27.5625000000
0.4794000000;2.0910000000;8.2620000000;-136.5525000000;285.4087500000;43.4775000000;-34.8750000000;-6.0000000000;-36.2500000000
0.7548000000;-1.9278000000;7.9356000000;-119.7862500000;259.3987500000;82.3650000000;-26.0625000000;-2.6875000000;-42.6875000000
0.1530000000;-4.3044000000;12.5562000000;-20.9737500000;301.2825000000;71.7187500000;-16.0625000000;4.6875000000;-45.3750000000
-0.2754000000;0.1530000000;14.6982000000;-12.1762500000;197.2425000000;58.9687500000;-5.6875000000;7.6875000000;-49.0625000000
-0.5916000000;-6.7218000000;20.6040000000;65.9175000000;248.5612500000;33.7237500000;-5.6875000000;7.6875000000;-49.0625000000
-0.2550000000;0.1530000000;24.8880000000;92.3100000000;123.5475000000;-43.9237500000;4.6875000000;6.8750000000;-49.0625000000
1.8870000000;2.2542000000;15.6774000000;-37.9950000000;-68.5312500000;12.7500000000;13.5625000000;4.0000000000;-46.6875000000
-1.7748000000;-3.1212000000;18.5436000000;-43.7325000000;-62.1562500000;-2.9962500000;14.6875000000;1.6875000000;-47.8750000000
-1.8768000000;-0.0918000000;17.4726000000;71.1450000000;-156.4425000000;-12.3675000000;12.5000000000;5.0625000000;-47.3750000000
-0.3672000000;0.0510000000;14.6370000000;-39.0787500000;-207.8250000000;-18.8700000000;12.5000000000;5.0625000000;-47.3750000000
0.4080000000;-1.3770000000;13.9026000000;31.7475000000;-247.0312500000;-29.4525000000;6.6875000000;2.5000000000;-49.3750000000
0.6222000000;-0.4896000000;10.5366000000;91.1625000000;-283.0500000000;-27.4762500000;-1.7500000000;5.0625000000;-48.8750000000
1.2750000000;0.8160000000;4.9980000000;75.6075000000;-296.5650000000;-15.1725000000;-12.8750000000;3.1875000000;-47.7500000000
2.2440000000;0.3570000000;1.3260000000;48.9600000000;-269.1525000000;-5.9925000000;-12.8750000000;3.1875000000;-47.7500000000
4.2330000000;1.0200000000;-0.4896000000;28.5600000000;-214.9012500000;-2.7412500000;-23.5625000000;-0.0625000000;-43.8750000000
5.6814000000;-0.2958000000;-0.3978000000;62.6662500000;-187.2975000000;-7.1400000000;-33.2500000000;-1.5625000000;-37.0625000000
7.0278000000;2.1420000000;-1.1322000000;63.3675000000;-161.5425000000;-18.2962500000;-39.5000000000;-3.7500000000;-31.1875000000
5.5080000000;5.0694000000;-2.6418000000;-13.8975000000;-186.8512500000;7.0125000000;-42.8750000000;-5.2500000000;-24.3750000000
9.3534000000;0.1224000000;-10.2204000000;-79.8787500000;-189.9750000000;80.0062500000;-42.8750000000;-5.2500000000;-24.3750000000
9.9552000000;-1.8360000000;-7.6092000000;15.7462500000;-22.5037500000;-1.0200000000;-46.1875000000;-4.8750000000;-17.6875000000
8.9148000000;0.3162000000;-3.3558000000;80.7075000000;39.2062500000;-40.4175000000;-48.0000000000;-1.1875000000;-10.5625000000
9.6594000000;0.7650000000;-3.3966000000;73.7587500000;68.8500000000;-59.9250000000;-48.5000000000;-3.3750000000;-12.5625000000
8.1396000000;2.5806000000;-2.4480000000;45.1987500000;114.8775000000;-64.7700000000;-47.5625000000;-5.5625000000;-14.1875000000
7.1808000000;4.0596000000;-3.2538000000;-40.6725000000;102.0000000000;-38.3137500000;-47.5625000000;-5.5625000000;-14.1875000000
7.3032000000;1.9278000000;-2.4174000000;-81.6637500000;142.4812500000;-8.2875000000;-47.0000000000;-9.6875000000;-18.8750000000
5.4978000000;3.3966000000;-0.5100000000;-83.1300000000;187.2975000000;-11.7937500000;-44.0000000000;-9.1875000000;-23.2500000000
5.1204000000;1.2240000000;1.7952000000;-107.5462500000;189.9750000000;22.6312500000;-39.0625000000;-9.1875000000;-29.1875000000
4.4268000000;2.2440000000;2.6724000000;-74.0137500000;210.3750000000;25.2450000000;-34.6875000000;-5.8750000000;-35.5625000000
2.5704000000;-1.0200000000;8.1702000000;-84.7237500000;248.4337500000;33.4687500000;-34.6875000000;-5.8750000000;-35.5625000000
1.7544000000;0.6732000000;12.8520000000;-26.0737500000;245.9475000000;6.3112500000;-28.0625000000;-2.5000000000;-41.5000000000
3.1518000000;0.7242000000;10.3224000000;-119.0850000000;161.0325000000;29.4525000000;-20.0000000000;0.7500000000;-45.0625000000
2.6520000000;-3.4578000000;9.6492000000;-95.9437500000;168.5550000000;35.8912500000;-11.0625000000;3.0000000000;-49.0000000000
-1.2546000000;-2.1012000000;18.5232000000;74.2050000000;215.7937500000;-7.9050000000;-4.7500000000;7.7500000000;-49.3750000000
2.6520000000;1.8666000000;9.8022000000;-19.1887500000;71.8462500000;-2.0400000000;-4.7500000000;7.7500000000;-49.3750000000
1.6728000000;-4.9368000000;13.7700000000;-48.6412500000;127.6912500000;19.2525000000;3.3750000000;6.2500000000;-48.5625000000
-0.7956000000;0.9588000000;17.3502000000;111.1800000000;116.5987500000;-28.1775000000;6.2500000000;7.7500000000;-49.3750000000
0.7242000000;0.7650000000;10.8018000000;-7.2675000000;13.8337500000;-2.1675000000;12.8750000000;6.2500000000;-47.2500000000
-0.0918000000;-0.7752000000;11.1792000000;-47.8762500000;19.5712500000;-4.7812500000;14.0625000000;3.6875000000;-48.5000000000
0.2550000000;0.8262000000;9.4860000000;16.3200000000;-4.0162500000;1.9125000000;14.0625000000;3.6875000000;-48.5000000000
0.4488000000;-0.2040000000;9.4146000000;-23.8425000000;7.7775000000;8.9887500000;14.7500000000;5.8750000000;-46.5000000000
-0.1224000000;-1.3872000000;11.9340000000;-13.3875000000;10.3275000000;5.2912500000;13.6875000000;5.5625000000;-46.5000000000
0.3570000000;-0.2550000000;9.9552000000;9.6900000000;-13.2600000000;-1.4025000000;15.1875000000;6.2500000000;-47.2500000000
0.5916000000;-0.0612000000;9.1596000000;-6.1200000000;-9.3712500000;0.6375000000;15.1875000000;7.0000000000;-46.8750000000
0.3060000000;-0.6630000000;9.7206000000;-14.4712500000;0.1275000000;2.5500000000;15.1875000000;7.0000000000;-46.8750000000
0.2550000000;-0.4386000000;9.9756000000;11.2200000000;3.1237500000;2.6137500000;13.6875000000;6.2500000000;-47.0000000000
-0.0510000000;-0.2040000000;10.1898000000;15.8100000000;4.2075000000;3.1237500000;14.0625000000;6.6875000000;-46.8750000000
0.1938000000;-0.4080000000;9.9552000000;-9.1800000000;-0.0637500000;0.5100000000;14.8750000000;5.1875000000;-46.5000000000
0.3672000000;-0.1224000000;9.8940000000;4.4625000000;1.0837500000;-1.9125000000;16.0000000000;6.2500000000;-46.1875000000
0.3162000000;-0.2754000000;9.9960000000;-2.1675000000;2.9962500000;1.2112500000;16.0000000000;6.2500000000;-46.1875000000
0.0306000000;-0.3774000000;10.5468000000;3.3150000000;2.3587500000;0.0637500000;14.5000000000;6.6875000000;-46.1875000000
0.2958000000;-0.2550000000;9.7002000000;-2.0400000000;-4.7175000000;0.0000000000;14.5000000000;6.2500000000;-46.8750000000
0.4182000000;-0.2346000000;9.5982000000;1.7212500000;1.7212500000;-0.1275000000;14.1875000000;5.5625000000;-46.8750000000
0.3162000000;-0.2856000000;10.2510000000;1.9125000000;2.4862500000;-1.3387500000;14.1875000000;5.8750000000;-47.2500000000
0.2346000000;-0.1530000000;10.0878000000;0.2550000000;-1.2112500000;-0.6375000000;14.1875000000;5.8750000000;-47.2500000000
0.1836000000;-0.2346000000;9.9042000000;0.3825000000;1.0837500000;1.1475000000;15.2500000000;5.8750000000;-46.1875000000
0.0510000000;-0.2652000000;9.9756000000;-2.8050000000;2.1675000000;1.8487500000;14.5000000000;5.5625000000;-47.6875000000
0.1734000000;-0.4896000000;10.0368000000;0.5100000000;0.5100000000;0.1912500000;15.6875000000;5.5625000000;-47.0000000000
0.2652000000;-0.3774000000;10.0980000000;6.5662500000;-0.4462500000;-1.2112500000;15.2500000000;6.2500000000;-46.8750000000
0.3162000000;-0.1428000000;9.8430000000;7.5225000000;-0.3825000000;-1.5937500000;15.2500000000;6.2500000000;-46.8750000000
0.3672000000;0.0000000000;9.7104000000;0.6375000000;2.3587500000;-1.2112500000;14.8750000000;5.1875000000;-46.8750000000
0.2652000000;0.0510000000;10.0572000000;-3.5062500000;1.7212500000;0.3187500000;14.8750000000;5.5625000000;-46.5000000000
0.2040000000;-0.2754000000;10.0776000000;-0.7012500000;1.7212500000;0.7012500000;14.8750000000;5.1875000000;-46.1875000000
0.0714000000;-0.1734000000;9.9960000000;0.1275000000;0.3187500000;0.4462500000;14.8750000000;5.8750000000;-47.2500000000
0.1326000000;-0.1428000000;10.0674000000;-0.8287500000;-0.3187500000;0.6375000000;14.8750000000;5.8750000000;-47.2500000000
0.3162000000;-0.3774000000;9.9042000000;-0.8287500000;0.4462500000;0.1275000000;15.2500000000;5.5625000000;-46.1875000000
0.2958000000;-0.3978000000;9.9450000000;3.3150000000;0.5100000000;-2.2950000000;15.2500000000;5.5625000000;-46.8750000000
0.2958000000;0.0306000000;9.9756000000;4.9087500000;0.3187500000;-2.2312500000;14.8750000000;5.8750000000;-46.1875000000
0.2856000000;0.1428000000;9.8124000000;1.9762500000;0.7012500000;0.5737500000;14.8750000000;5.8750000000;-46.1875000000
0.1836000000;-0.3774000000;10.1082000000;-2.1675000000;2.7412500000;1.1475000000;14.8750000000;5.8750000000;-46.5000000000
0.0918000000;-0.1224000000;9.9858000000;4.9725000000;-3.8250000000;-2.2950000000;14.8750000000;5.1875000000;-47.6875000000
0.2550000000;0.1530000000;9.8226000000;-0.8925000000;0.2550000000;0.0000000000;15.2500000000;4.7500000000;-47.0000000000
0.2550000000;-0.1224000000;10.1286000000;-2.2312500000;1.0837500000;1.4662500000;14.8750000000;5.5625000000;-47.2500000000
0.1632000000;-0.2652000000;9.9144000000;0.7012500000;-0.5737500000;-0.1912500000;14.8750000000;5.5625000000;-47.2500000000
0.1734000000;-0.0918000000;9.9246000000;3.1237500000;0.1912500000;-0.2550000000;15.6875000000;5.5625000000;-46.8750000000
0.2856000000;-0.0816000000;9.8634000000;-1.0837500000;-1.9125000000;0.5737500000;15.2500000000;5.5625000000;-48.0625000000
0.1836000000;-0.2346000000;10.0878000000;-1.1475000000;1.1475000000;-0.3187500000;14.8750000000;4.7500000000;-46.8750000000
0.1530000000;-0.0714000000;10.0062000000;3.9525000000;-0.5737500000;-1.5300000000;15.2500000000;5.5625000000;-46.8750000000
0.2040000000;0.0204000000;9.9042000000;1.0837500000;0.5100000000;-0.5100000000;15.2500000000;5.5625000000;-46.8750000000
0.1632000000;-0.0612000000;9.9450000000;-2.1675000000;0.0637500000;0.1912500000;14.5000000000;5.8750000000;-45.6875000000
0.2040000000;-0.2550000000;10.0368000000;-1.9125000000;0.5100000000;0.7650000000;14.8750000000;5.5625000000;-46.8750000000
0.2754000000;-0.1734000000;9.8838000000;1.3387500000;0.3187500000;0.0000000000;15.6875000000;5.5625000000;-46.1875000000
0.2040000000;-0.1326000000;9.9858000000;0.4462500000;1.0200000000;-0.2550000000;14.5000000000;5.1875000000;-47.2500000000
0.1428000000;-0.1122000000;9.9348000000;0.1275000000;1.3387500000;-0.1912500000;14.5000000000;5.1875000000;-47.2500000000
0.0918000000;-0.0918000000;10.1388000000;-1.2750000000;0.8287500000;-0.3187500000;14.8750000000;5.1875000000;-46.8750000000
0.1836000000;-0.1020000000;9.8736000000;0.3187500000;0.1912500000;0.4462500000;15.2500000000;5.5625000000;-46.8750000000
0.3570000000;-0.1632000000;9.9552000000;-0.3187500000;0.3825000000;0.5100000000;16.6875000000;5.1875000000;-46.8750000000
0.2856000000;-0.1734000000;9.8940000000;0.0637500000;-0.9562500000;-0.5737500000;15.2500000000;4.7500000000;-46.5000000000
0.1632000000;0.0306000000;9.9960000000;1.7212500000;0.7012500000;-0.9562500000;15.2500000000;4.7500000000;-46.5000000000
0.1326000000;0.0000000000;10.0572000000;-1.7212500000;0.7650000000;1.0200000000;14.8750000000;5.8750000000;-46.8750000000
0.1020000000;-0.3672000000;10.0164000000;-0.6375000000;0.2550000000;0.7650000000;14.8750000000;5.5625000000;-47.6875000000
0.1428000000;-0.1530000000;9.9552000000;1.0837500000;0.4462500000;-0.8287500000;14.8750000000;4.5000000000;-46.8750000000
0.1020000000;-0.0612000000;10.1184000000;-0.1275000000;-0.1912500000;-0.8287500000;15.2500000000;4.7500000000;-47.2500000000
0.2346000000;-0.1734000000;9.9756000000;0.0637500000;-0.3187500000;-0.3825000000;15.2500000000;4.7500000000;-47.2500000000
0.1632000000;-0.1428000000;9.9348000000;1.2750000000;0.7012500000;-0.3825000000;15.2500000000;5.1875000000;-46.8750000000
0.1428000000;0.0204000000;9.9960000000;0.5100000000;-0.1912500000;-0.3187500000;14.1875000000;5.1875000000;-46.1875000000
0.2142000000;-0.0306000000;9.9450000000;-2.6137500000;0.1912500000;0.8925000000;16.0000000000;5.5625000000;-46.5000000000
0.1734000000;-0.2652000000;9.9450000000;-1.3387500000;0.4462500000;0.8287500000;14.8750000000;5.1875000000;-46.5000000000
0.1530000000;-0.2652000000;9.9960000000;0.5100000000;1.3387500000;-0.1912500000;14.8750000000;5.1875000000;-46.5000000000
0.1224000000;-0.0510000000;9.9858000000;0.3187500000;1.0837500000;-0.4462500000;14.8750000000;5.8750000000;-46.8750000000
0.1224000000;-0.0612000000;10.0164000000;-1.0837500000;0.8925000000;0.1275000000;16.0000000000;4.7500000000;-46.1875000000
0.1836000000;-0.1836000000;9.9450000000;-2.6137500000;0.1275000000;0.9562500000;15.6875000000;5.1875000000;-47.0000000000
0.1836000000;-0.2142000000;9.9756000000;1.4025000000;0.4462500000;-0.7650000000;15.2500000000;5.1875000000;-46.5000000000
0.0918000000;0.0204000000;10.0062000000;0.8287500000;0.3825000000;-1.1475000000;15.2500000000;5.1875000000;-46.5000000000
0.1428000000;-0.2142000000;10.0878000000;-0.8925000000;0.1275000000;0.1912500000;15.6875000000;5.8750000000;-46.1875000000
0.2040000000;-0.2346000000;9.9144000000;0.2550000000;0.7012500000;0.4462500000;15.2500000000;5.1875000000;-46.8750000000
0.0918000000;0.0000000000;10.0470000000;1.2750000000;0.3825000000;-0.1912500000;14.8750000000;6.2500000000;-46.5000000000
0.0612000000;-0.0816000000;10.0470000000;-1.9762500000;0.5737500000;0.5100000000;15.2500000000;5.5625000000;-47.2500000000
0.1224000000;-0.4284000000;9.9858000000;-0.3825000000;-0.1275000000;-0.3187500000;15.2500000000;5.5625000000;-47.2500000000
0.0714000000;-0.0714000000;9.9450000000;2.5500000000;-1.1475000000;-1.7212500000;15.2500000000;5.1875000000;-46.8750000000
0.2244000000;-0.0510000000;9.9654000000;-0.3187500000;0.5100000000;-0.1912500000;15.2500000000;5.1875000000;-47.2500000000
0.1632000000;-0.2652000000;10.0674000000;-1.0837500000;1.2112500000;0.6375000000;15.2500000000;4.7500000000;-47.2500000000
0.0918000000;-0.2448000000;10.0470000000;1.7212500000;-0.0637500000;-0.3187500000;15.2500000000;5.8750000000;-46.8750000000
0.0714000000;0.0000000000;9.9756000000;2.8050000000;0.4462500000;-1.1475000000;15.2500000000;5.8750000000;-46.8750000000
0.0510000000;0.0510000000;9.9348000000;-1.4662500000;0.0637500000;0.4462500000;15.2500000000;4.7500000000;-46.5000000000
0.1632000000;-0.2448000000;10.0470000000;-1.7850000000;-0.1275000000;0.7012500000;15.6875000000;4.7500000000;-46.5000000000
0.2244000000;-0.2448000000;9.9246000000;0.5737500000;0.6375000000;-0.3187500000;15.2500000000;5.5625000000;-44.5000000000
0.1632000000;-0.0918000000;9.9348000000;1.2750000000;0.9562500000;-0.7650000000;14.8750000000;5.5625000000;-47.6875000000
0.1020000000;0.0000000000;9.9960000000;0.3825000000;0.1912500000;-1.1475000000;14.8750000000;5.5625000000;-47.6875000000
0.0714000000;-0.0204000000;9.9858000000;0.8287500000;0.5737500000;-0.1912500000;15.2500000000;4.7500000000;-47.0000000000
0.1122000000;-0.2040000000;9.9960000000;1.2750000000;-1.1475000000;0.2550000000;15.6875000000;5.1875000000;-47.2500000000
0.1530000000;-0.1632000000;10.1082000000;2.6137500000;0.8925000000;-0.6375000000;15.2500000000;5.8750000000;-47.2500000000
0.1122000000;0.0816000000;10.0674000000;-0.7650000000;-1.8487500000;-0.1912500000;15.2500000000;5.8750000000;-47.2500000000
-0.0306000000;-0.3876000000;10.5978000000;12.6225000000;-1.4025000000;-0.3187500000;16.0000000000;5.1875000000;-46.5000000000
0.1224000000;0.2958000000;11.5362000000;37.4850000000;-12.3675000000;-1.0200000000;15.6875000000;5.1875000000;-47.2500000000
0.4386000000;0.7038000000;10.9446000000;8.6700000000;-26.3287500000;2.6137500000;14.8750000000;4.0625000000;-47.0000000000
0.3162000000;-0.6936000000;12.5460000000;-7.3312500000;-30.7275000000;3.1237500000;14.8750000000;3.0000000000;-46.5000000000
0.1428000000;1.9074000000;12.9744000000;25.6912500000;-46.7287500000;-0.0637500000;14.8750000000;3.0000000000;-46.5000000000
0.8160000000;-0.2856000000;11.4852000000;-55.1437500000;-65.5987500000;19.8900000000;13.3750000000;3.2500000000;-46.5000000000
0.4386000000;-0.6120000000;12.9642000000;8.0325000000;-59.6062500000;4.4625000000;12.0000000000;2.5625000000;-48.0625000000
1.1628000000;1.0812000000;10.7712000000;21.0375000000;-80.9625000000;4.6537500000;9.6875000000;4.7500000000;-48.0625000000
1.7034000000;-0.7752000000;9.9042000000;-37.6762500000;-73.3762500000;10.8375000000;6.0000000000;4.0625000000;-48.8750000000
1.7340000000;-0.1938000000;10.7610000000;27.4762500000;-73.3125000000;-7.0125000000;6.0000000000;4.0625000000;-48.8750000000
2.4480000000;0.2244000000;8.6904000000;18.1687500000;-106.2075000000;6.8212500000;3.5000000000;5.5625000000;-49.2500000000
3.0192000000;-0.0918000000;8.6802000000;16.3837500000;-105.1875000000;-2.6137500000;0.5000000000;4.7500000000;-49.6875000000
4.2024000000;0.6324000000;6.9360000000;41.1825000000;-116.0250000000;-0.8287500000;-4.0000000000;3.6875000000;-49.2500000000
4.8348000000;0.7242000000;6.1200000000;23.0137500000;-106.8450000000;5.2912500000;-8.7500000000;3.2500000000;-49.2500000000
5.7426000000;1.1016000000;5.6814000000;16.1287500000;-87.4650000000;1.4025000000;-8.7500000000;3.2500000000;-49.2500000000
6.3138000000;0.9996000000;4.7736000000;2.1037500000;-69.4875000000;4.9725000000;-12.5000000000;2.5625000000;-48.8750000000
6.6402000000;0.7038000000;4.9674000000;-4.0162500000;-41.6287500000;5.1000000000;-16.1875000000;1.5000000000;-47.1875000000
6.6810000000;0.5712000000;6.5586000000;13.2600000000;-21.5475000000;-1.5937500000;-19.0625000000;1.7500000000;-45.5625000000
6.9972000000;1.2648000000;5.8446000000;1.5300000000;-22.8225000000;2.1675000000;-19.0625000000;2.1875000000;-45.1875000000
7.0686000000;0.2856000000;6.4260000000;-9.2437500000;-8.8612500000;1.8487500000;-19.0625000000;2.1875000000;-45.1875000000
6.9870000000;1.1322000000;7.4052000000;37.3575000000;-4.1437500000;-0.1912500000;-20.5625000000;1.5000000000;-45.1875000000
7.2828000000;0.7956000000;5.6100000000;-25.9462500000;-11.7937500000;2.7412500000;-20.1875000000;2.1875000000;-44.8750000000
6.7932000000;0.0102000000;7.6908000000;-26.6475000000;9.1162500000;-5.2912500000;-20.1875000000;0.3750000000;-45.1875000000
7.0074000000;1.6116000000;6.4668000000;19.4437500000;-4.6537500000;-2.3587500000;-21.0000000000;1.7500000000;-43.6875000000
7.0278000000;0.4590000000;6.8034000000;-24.8625000000;7.0125000000;1.4662500000;-21.0000000000;1.7500000000;-43.6875000000
6.5892000000;0.6018000000;8.4864000000;-0.7650000000;12.5587500000;-4.5262500000;-21.0000000000;2.1875000000;-45.1875000000
6.9666000000;1.4178000000;7.3134000000;11.1562500000;-5.8012500000;0.0000000000;-21.0000000000;2.1875000000;-45.1875000000
6.9156000000;0.6324000000;7.6194000000;-19.6987500000;3.0600000000;1.5937500000;-20.1875000000;2.1875000000;-44.3750000000
6.9054000000;0.6018000000;7.6908000000;3.6975000000;-4.2075000000;1.4025000000;-19.8750000000;2.5625000000;-46.0625000000
7.0074000000;0.5916000000;7.0584000000;5.3550000000;-3.5062500000;1.9125000000;-19.8750000000;2.5625000000;-46.0625000000
6.8850000000;0.6222000000;7.1502000000;-8.2875000000;-3.0600000000;-1.0200000000;-21.0000000000;2.5625000000;-46.7500000000
7.1196000000;0.3264000000;6.9156000000;0.7650000000;-1.7212500000;0.1275000000;-21.6875000000;2.1875000000;-45.5625000000
6.7830000000;0.8874000000;7.8642000000;5.6737500000;5.8650000000;-3.7612500000;-21.0000000000;2.1875000000;-46.0625000000
6.9870000000;0.8976000000;6.9360000000;-9.9450000000;-7.6500000000;-1.7850000000;-20.1875000000;2.1875000000;-45.1875000000
7.0176000000;0.6732000000;7.1400000000;0.8925000000;-0.8925000000;0.3187500000;-20.1875000000;2.1875000000;-45.1875000000
6.8442000000;1.0608000000;7.3848000000;9.5625000000;0.9562500000;-1.8487500000;-21.0000000000;2.1875000000;-44.8750000000
6.9258000000;0.8874000000;7.2216000000;-1.4662500000;0.6375000000;0.8287500000;-21.0000000000;2.5625000000;-44.8750000000
6.9360000000;0.7242000000;7.3746000000;0.8287500000;0.7650000000;1.4662500000;-20.5625000000;2.5625000000;-45.1875000000
7.0482000000;0.7752000000;7.1706000000;2.9962500000;0.7650000000;0.8925000000;-21.0000000000;2.1875000000;-44.3750000000
6.9564000000;0.6120000000;7.2114000000;0.1912500000;2.8050000000;0.0637500000;-21.0000000000;2.1875000000;-44.3750000000
6.9054000000;0.7752000000;7.3950000000;-0.1275000000;1.1475000000;-1.4025000000;-20.5625000000;1.7500000000;-44.5000000000
6.9258000000;0.7854000000;7.6296000000;1.7850000000;0.2550000000;-1.8487500000;-21.0000000000;2.5625000000;-44.8750000000
6.8646000000;0.9894000000;7.5072000000;2.6775000000;-1.6575000000;-1.2112500000;-20.1875000000;2.5625000000;-45.5625000000
6.9768000000;0.9180000000;7.0380000000;-2.4225000000;-4.9725000000;0.7012500000;-20.1875000000;3.0000000000;-44.5000000000
6.9054000000;0.7752000000;7.0482000000;1.4025000000;-0.0637500000;0.5100000000;-20.1875000000;3.0000000000;-44.5000000000
6.9870000000;0.8160000000;7.0380000000;-2.1037500000;0.5100000000;-1.2750000000;-20.5625000000;2.1875000000;-44.3750000000
6.9870000000;0.9894000000;7.1808000000;-0.4462500000;3.0600000000;-0.1275000000;-21.6875000000;1.5000000000;-45.1875000000
6.9258000000;0.8670000000;7.2522000000;-0.1275000000;1.5300000000;0.8925000000;-21.3750000000;3.0000000000;-45.1875000000
6.9054000000;0.6834000000;7.3338000000;4.2712500000;2.2950000000;1.2750000000;-20.1875000000;2.1875000000;-45.1875000000
6.8340000000;0.7038000000;7.5786000000;3.6337500000;3.8250000000;0.1275000000;-20.1875000000;2.1875000000;-45.1875000000
6.8544000000;0.8874000000;7.6296000000;8.1600000000;-2.8687500000;0.3187500000;-21.0000000000;1.7500000000;-44.3750000000
7.0176000000;0.7446000000;7.0788000000;-2.1037500000;1.8487500000;0.1912500000;-21.0000000000;2.5625000000;-45.5625000000
6.8952000000;0.6936000000;7.4052000000;3.8250000000;1.9762500000;-1.2112500000;-20.5625000000;1.0625000000;-44.8750000000
6.9054000000;1.0200000000;7.2216000000;0.0637500000;-1.9125000000;-1.9125000000;-20.5625000000;1.0625000000;-44.8750000000
6.9462000000;0.9384000000;7.0890000000;-4.6537500000;1.1475000000;-0.6375000000;-21.0000000000;2.1875000000;-45.1875000000
6.8340000000;1.0710000000;7.5378000000;4.9725000000;2.2312500000;-0.9562500000;-21.3750000000;1.5000000000;-44.8750000000
6.8748000000;0.9282000000;7.4664000000;6.6300000000;-0.3187500000;1.0837500000;-20.1875000000;2.1875000000;-45.1875000000
6.9258000000;0.8772000000;7.2420000000;-2.1037500000;-0.1912500000;1.1475000000;-21.0000000000;1.5000000000;-45.1875000000
6.8340000000;0.7650000000;7.6296000000;2.0400000000;1.1475000000;-0.8287500000;-21.0000000000;1.5000000000;-45.1875000000
6.9156000000;1.1220000000;7.3236000000;0.8925000000;-1.6575000000;0.0000000000;-21.0000000000;1.7500000000;-44.8750000000
6.9360000000;0.9282000000;7.1604000000;-2.8687500000;-0.8287500000;1.7212500000;-20.5625000000;2.1875000000;-45.6875000000
6.8238000000;0.8568000000;7.4256000000;6.1200000000;1.1475000000;-0.1275000000;-20.5625000000;1.5000000000;-45.1875000000
6.8850000000;0.9384000000;7.2624000000;-2.1675000000;-1.9762500000;-0.2550000000;-20.5625000000;1.0625000000;-44.5000000000
6.9564000000;0.8874000000;7.3236000000;1.7850000000;0.1275000000;-0.3825000000;-20.5625000000;1.0625000000;-44.5000000000
6.8850000000;1.0608000000;7.1400000000;-1.1475000000;-0.6375000000;1.0200000000;-21.3750000000;1.5000000000;-46.0625000000
6.9258000000;0.9078000000;7.2318000000;-0.3825000000;0.5100000000;-0.0637500000;-21.6875000000;1.7500000000;-44.8750000000
6.8748000000;0.8976000000;7.2726000000;-0.0637500000;0.0000000000;-0.8925000000;-21.3750000000;1.0625000000;-45.6875000000
6.8340000000;1.1016000000;7.2726000000;0.5100000000;0.6375000000;-1.2750000000;-20.5625000000;2.1875000000;-45.5625000000
6.8136000000;0.9180000000;7.5480000000;-0.3825000000;2.1037500000;-0.1912500000;-20.5625000000;2.1875000000;-45.5625000000
6.9156000000;0.8466000000;7.3848000000;0.8287500000;0.5100000000;0.5737500000;-21.0000000000;1.5000000000;-44.8750000000
6.8748000000;0.8874000000;7.4052000000;-1.0837500000;0.7012500000;0.3187500000;-21.0000000000;0.7500000000;-45.1875000000
6.8340000000;0.9384000000;7.3950000000;0.3187500000;-1.5300000000;0.5737500000;-20.5625000000;1.7500000000;-46.0625000000
6.9156000000;0.8976000000;7.1706000000;-2.0400000000;0.3825000000;0.1912500000;-20.5625000000;1.0625000000;-46.3750000000
6.8646000000;0.8160000000;7.5990000000;3.0600000000;1.7850000000;0.8287500000;-20.5625000000;1.0625000000;-46.3750000000
6.8238000000;0.9894000000;7.4052000000;4.2712500000;-2.2950000000;0.9562500000;-20.5625000000;1.7500000000;-44.5000000000
6.8850000000;0.9078000000;7.3134000000;-3.1237500000;-0.7650000000;0.5737500000;-20.5625000000;1.0625000000;-44.0625000000
6.9054000000;0.8568000000;7.2522000000;0.0000000000;-2.7412500000;0.1912500000;-20.1875000000;1.5000000000;-44.3750000000
6.9564000000;0.9384000000;7.2216000000;0.5737500000;-0.3825000000;-1.4025000000;-21.6875000000;1.0625000000;-45.1875000000
6.8952000000;0.9384000000;7.4460000000;-2.2312500000;-0.6375000000;-0.3825000000;-21.6875000000;1.0625000000;-45.1875000000
6.9156000000;1.0404000000;7.2930000000;1.5937500000;-1.9762500000;-0.6375000000;-20.5625000000;1.0625000000;-45.1875000000
6.8544000000;0.9792000000;7.3542000000;1.3387500000;-0.8925000000;0.1912500000;-21.3750000000;0.7500000000;-45.5625000000
7.0074000000;0.9588000000;6.9258000000;-1.0200000000;-1.9762500000;0.6375000000;-21.3750000000;1.0625000000;-45.1875000000
6.9564000000;0.8670000000;7.3032000000;1.7850000000;2.1675000000;-0.1275000000;-20.5625000000;0.7500000000;-44.5000000000
6.8748000000;1.1220000000;7.2726000000;1.4025000000;-0.5737500000;-0.1912500000;-20.5625000000;0.7500000000;-44.5000000000
6.8544000000;0.7956000000;7.4256000000;-0.1275000000;0.1275000000;0.3187500000;-21.0000000000;1.5000000000;-45.1875000000
6.9666000000;1.0608000000;7.1196000000;-0.3187500000;-0.7012500000;-0.3825000000;-21.0000000000;1.5000000000;-44.3750000000
6.9972000000;0.8874000000;7.2420000000;0.7650000000;1.8487500000;0.7650000000;-21.0000000000;1.5000000000;-44.3750000000
6.8646000000;0.9690000000;7.4562000000;1.6575000000;0.8925000000;0.3825000000;-21.0000000000;0.7500000000;-45.1875000000
6.9462000000;0.8670000000;7.2726000000;-1.9762500000;-1.9125000000;0.1912500000;-21.0000000000;0.7500000000;-45.1875000000
6.7932000000;0.9894000000;7.2828000000;1.4662500000;-0.0637500000;-1.0837500000;-21.0000000000;1.5000000000;-44.0625000000
6.8544000000;1.0098000000;7.2726000000;1.5300000000;1.0200000000;-0.6375000000;-20.5625000000;1.0625000000;-44.8750000000
6.9564000000;0.9282000000;7.3848000000;-1.0200000000;1.8487500000;0.1912500000;-21.3750000000;0.7500000000;-45.5625000000
6.9564000000;0.8670000000;7.5684000000;1.7850000000;-1.2750000000;0.8925000000;-21.0000000000;1.0625000000;-44.8750000000
6.9564000000;0.9588000000;7.3338000000;0.5737500000;-1.0200000000;-0.3825000000;-21.0000000000;1.0625000000;-44.8750000000
6.8646000000;0.8262000000;7.3950000000;-0.6375000000;-1.4662500000;-0.5100000000;-20.5625000000;0.7500000000;-44.3750000000
6.8850000000;1.0710000000;7.2522000000;2.0400000000;-2.6137500000;-0.9562500000;-21.3750000000;0.7500000000;-45.1875000000
6.9054000000;0.8976000000;7.2726000000;1.0837500000;-0.4462500000;-0.1275000000;-21.6875000000;1.0625000000;-45.5625000000
6.8952000000;1.0098000000;7.3848000000;1.4662500000;-1.6575000000;-1.4025000000;-20.5625000000;0.3750000000;-44.8750000000
7.0074000000;1.0914000000;7.0788000000;1.6575000000;-1.5300000000;-0.7012500000;-20.5625000000;0.3750000000;-44.8750000000
6.9972000000;1.0812000000;7.1196000000;0.9562500000;-2.4225000000;1.0837500000;-21.0000000000;1.0625000000;-45.5625000000
7.0584000000;1.0404000000;6.7116000000;1.0200000000;-0.1912500000;1.2750000000;-21.6875000000;0.7500000000;-45.1875000000
7.0278000000;1.0098000000;6.7422000000;0.7012500000;3.3787500000;0.0000000000;-21.6875000000;0.3750000000;-45.1875000000
6.9870000000;0.9384000000;6.6708000000;2.5500000000;5.2275000000;-0.5737500000;-20.5625000000;0.7500000000;-46.0625000000
6.8646000000;0.9384000000;6.7116000000;7.6500000000;9.7537500000;-2.2950000000;-20.5625000000;0.7500000000;-46.0625000000
6.7116000000;1.1118000000;6.0690000000;7.3312500000;13.3875000000;-1.3387500000;-20.5625000000;0.7500000000;-45.6875000000
6.8034000000;0.8568000000;4.8144000000;1.4025000000;31.3650000000;-5.8650000000;-20.1875000000;0.0000000000;-46.3750000000
6.2934000000;0.9486000000;4.9470000000;14.2800000000;52.8487500000;-8.0962500000;-19.5000000000;-0.6875000000;-44.3750000000
5.7528000000;2.3868000000;5.1102000000;-9.9450000000;62.7937500000;-9.4987500000;-17.5625000000;-1.0625000000;-45.1875000000
5.2836000000;0.5100000000;5.7732000000;-61.3275000000;81.1537500000;1.9762500000;-17.5625000000;-1.0625000000;-45.1875000000
4.5084000000;0.8058000000;7.4154000000;-0.5737500000;82.8112500000;-3.1237500000;-15.7500000000;-0.6875000000;-47.1875000000
4.0188000000;-0.0306000000;6.9054000000;-51.7012500000;95.9437500000;3.3787500000;-12.0625000000;1.0625000000;-48.7500000000
2.4582000000;-0.8058000000;11.8728000000;16.8937500000;124.5675000000;-13.1325000000;-8.0000000000;1.7500000000;-49.1875000000
2.7540000000;2.3358000000;9.7410000000;31.2375000000;80.6437500000;-12.2400000000;-8.0000000000;1.7500000000;-49.1875000000
2.0910000000;-1.0200000000;11.1588000000;-60.0525000000;97.2825000000;-2.6137500000;-4.0000000000;1.5000000000;-49.5625000000
1.4994000000;1.4790000000;13.0560000000;27.6037500000;83.8950000000;-12.2400000000;-0.2500000000;1.5000000000;-50.0000000000
2.6316000000;1.8054000000;8.5170000000;-53.9325000000;32.2575000000;4.1437500000;2.6875000000;3.0000000000;-49.1875000000
1.3974000000;-1.5402000000;11.7606000000;-57.7575000000;71.7187500000;4.0162500000;4.8750000000;2.5625000000;-48.3750000000
1.2444000000;0.9690000000;11.4444000000;32.4487500000;41.3737500000;-0.7650000000;4.8750000000;2.5625000000;-48.3750000000
1.5198000000;0.6732000000;8.6904000000;-46.7287500000;33.3412500000;5.1000000000;8.1875000000;4.5000000000;-48.3750000000
0.3060000000;-1.2444000000;11.8626000000;-24.9900000000;48.0037500000;2.1675000000;9.2500000000;4.7500000000;-48.3750000000
0.8976000000;0.5916000000;10.0878000000;13.8975000000;24.0337500000;2.8050000000;10.7500000000;5.8750000000;-47.1875000000
0.4386000000;-1.0506000000;11.2812000000;-32.5762500000;38.9512500000;8.6700000000;12.2500000000;5.5625000000;-47.5000000000
0.3876000000;-0.8160000000;11.0568000000;-5.9287500000;23.2687500000;2.9962500000;12.2500000000;5.5625000000;-47.5000000000
-0.0306000000;-0.7344000000;11.2098000000;6.8850000000;22.1850000000;1.0837500000;13.3750000000;6.6875000000;-47.5000000000
-0.3264000000;-0.6732000000;11.8830000000;4.5262500000;8.8612500000;-0.8287500000;15.2500000000;6.2500000000;-47.0625000000
0.0510000000;0.0204000000;10.3632000000;10.9012500000;-10.9650000000;-1.4662500000;16.0000000000;6.6875000000;-45.5000000000
0.2856000000;-0.0714000000;9.5982000000;-2.7412500000;-8.9250000000;1.4662500000;15.2500000000;5.5625000000;-47.0625000000
0.2958000000;-0.1224000000;9.7206000000;1.6575000000;-5.2912500000;1.7850000000;15.2500000000;5.5625000000;-47.0625000000
0.2346000000;-0.2346000000;9.8736000000;2.8050000000;-3.4425000000;1.7212500000;14.8750000000;5.5625000000;-47.0625000000
0.3774000000;-0.1938000000;9.9042000000;-0.4462500000;-2.1675000000;1.7850000000;15.6875000000;5.8750000000;-47.0625000000
0.3672000000;-0.3672000000;9.7614000000;-1.5300000000;-2.2312500000;2.6775000000;14.8750000000;5.5625000000;-46.7500000000
0.3672000000;-0.3978000000;9.8226000000;3.6975000000;0.4462500000;1.9125000000;14.5000000000;5.1875000000;-47.0625000000
0.2958000000;-0.4998000000;10.0878000000;-0.6375000000;1.2750000000;0.8287500000;14.5000000000;5.1875000000;-47.0625000000
0.3366000000;-0.4386000000;9.9246000000;1.4662500000;-0.0637500000;-0.8925000000;15.6875000000;5.8750000000;-47.0625000000
0.3162000000;-0.2040000000;10.2000000000;8.3512500000;1.1475000000;-1.2750000000;14.8750000000;5.1875000000;-46.7500000000
0.2448000000;-0.0714000000;9.9654000000;1.5300000000;-1.6575000000;-1.0200000000;14.5000000000;5.8750000000;-45.5625000000
0.1632000000;-0.3468000000;10.1592000000;1.0200000000;-0.8287500000;-1.6575000000;14.1875000000;5.1875000000;-47.0625000000
0.3570000000;-0.0204000000;9.7410000000;4.4625000000;-4.0162500000;-1.4025000000;14.1875000000;5.1875000000;-47.0625000000
0.4284000000;-0.1836000000;9.7104000000;-0.8287500000;-0.0637500000;-0.7012500000;14.1875000000;5.1875000000;-46.2500000000
0.2448000000;-0.1632000000;10.2204000000;3.6975000000;1.7212500000;-1.2112500000;14.5000000000;5.1875000000;-47.5000000000
0.5100000000;0.0102000000;9.7920000000;5.4825000000;-1.2750000000;0.2550000000;14.5000000000;4.7500000000;-46.6875000000
0.3672000000;-0.0408000000;10.1388000000;-1.2750000000;1.4025000000;-0.1912500000;14.5000000000;5.5625000000;-47.0625000000
0.3978000000;-0.1122000000;9.8940000000;0.0000000000;-1.5300000000;0.8925000000;14.5000000000;5.5625000000;-47.0625000000
0.4080000000;-0.1428000000;9.6798000000;-1.2750000000;-0.0637500000;0.3187500000;14.1875000000;4.7500000000;-46.7500000000
0.1734000000;-0.1224000000;10.2510000000;3.3150000000;3.1237500000;-0.6375000000;14.5000000000;5.1875000000;-46.2500000000
0.3978000000;-0.0102000000;9.9144000000;0.8925000000;-1.7212500000;-0.5737500000;14.5000000000;5.8750000000;-48.0000000000
0.4386000000;-0.0306000000;9.7920000000;-1.8487500000;-0.0637500000;0.1275000000;14.8750000000;5.1875000000;-48.2500000000
0.1836000000;-0.0714000000;10.1490000000;0.0000000000;1.4025000000;-0.1275000000;14.8750000000;5.1875000000;-48.2500000000
0.3366000000;-0.0918000000;9.8328000000;-2.0400000000;-0.8925000000;0.5737500000;13.7500000000;5.1875000000;-46.6875000000
0.4488000000;-0.0918000000;9.7818000000;-1.0200000000;1.1475000000;1.1475000000;14.1875000000;5.5625000000;-48.0000000000
0.3366000000;-0.2142000000;10.0164000000;-1.5937500000;2.2312500000;0.3825000000;14.1875000000;5.1875000000;-46.6875000000
0.2652000000;-0.3162000000;10.2612000000;0.6375000000;0.3825000000;-0.6375000000;14.1875000000;4.7500000000;-46.2500000000
0.3978000000;-0.0816000000;9.9858000000;-0.3187500000;-0.8287500000;-1.3387500000;14.1875000000;4.7500000000;-46.2500000000
0.3468000000;0.0102000000;9.8430000000;-0.7650000000;-1.0837500000;-0.3825000000;14.5000000000;5.1875000000;-46.6875000000
0.2754000000;0.0612000000;9.7920000000;1.0837500000;-2.0400000000;1.0837500000;14.1875000000;5.1875000000;-47.8750000000
0.5100000000;-0.0918000000;9.8838000000;-0.8925000000;2.4862500000;1.4662500000;13.7500000000;5.8750000000;-46.6875000000
0.3366000000;-0.2754000000;10.3224000000;0.5737500000;0.8287500000;0.5100000000;14.1875000000;4.7500000000;-47.5000000000
0.5508000000;-0.2856000000;10.0368000000;-0.8287500000;-2.1675000000;-0.7650000000;14.1875000000;4.7500000000;-47.5000000000
0.4794000000;-0.1428000000;9.9654000000;1.0837500000;-2.7412500000;-1.2750000000;14.5000000000;5.1875000000;-47.0625000000
0.2244000000;-0.1734000000;10.2612000000;-0.5737500000;-1.5300000000;-2.1037500000;14.1875000000;5.1875000000;-47.5000000000
-0.1224000000;-0.5610000000;11.8626000000;5.6100000000;-1.2112500000;-2.4862500000;13.7500000000;5.1875000000;-46.7500000000
0.0714000000;0.2448000000;12.2604000000;6.4387500000;-21.9937500000;-3.6975000000;13.7500000000;5.1875000000;-46.7500000000
0.2142000000;-1.0098000000;12.8112000000;-12.3037500000;-36.9750000000;-1.2112500000;14.1875000000;5.1875000000;-46.2500000000
0.3978000000;0.3570000000;13.5558000000;26.4562500000;-57.6300000000;-2.3587500000;12.6875000000;5.1875000000;-48.0000000000
0.8772000000;0.8466000000;11.9850000000;-23.3962500000;-93.1387500000;-2.0400000000;11.5625000000;4.5000000000;-48.2500000000
1.5606000000;-0.9690000000;12.3828000000;16.8300000000;-82.3650000000;-0.8925000000;7.5000000000;4.7500000000;-48.6875000000
1.9278000000;1.2852000000;10.6080000000;47.7487500000;-100.6612500000;1.5937500000;7.5000000000;4.7500000000;-48.6875000000
2.5704000000;-0.3978000000;9.2922000000;-41.8837500000;-99.0037500000;11.1562500000;4.5000000000;6.2500000000;-48.6875000000
3.1212000000;-1.0098000000;8.2314000000;-1.9762500000;-93.4575000000;2.0400000000;0.5000000000;5.5625000000;-48.0000000000
3.1518000000;-0.3366000000;8.1702000000;25.4362500000;-81.5362500000;-3.5062500000;-3.1875000000;6.6875000000;-48.6875000000
3.9066000000;-0.3366000000;6.9156000000;8.9250000000;-86.5087500000;-8.4150000000;-6.5000000000;6.6875000000;-48.6875000000
4.7430000000;0.0204000000;6.9156000000;45.4537500000;-66.8100000000;-7.9687500000;-6.5000000000;6.6875000000;-48.6875000000
5.1612000000;1.1322000000;6.9870000000;11.2837500000;-70.5075000000;1.6575000000;-9.7500000000;6.2500000000;-47.5000000000
6.0384000000;-0.2958000000;6.9054000000;-18.4237500000;-56.8650000000;1.6575000000;-13.5000000000;5.1875000000;-47.5000000000
6.0792000000;0.1836000000;7.1910000000;11.5387500000;-64.6425000000;-5.2912500000;-15.7500000000;5.1875000000;-47.0625000000
6.8340000000;-0.0306000000;6.2832000000;-5.5462500000;-57.1200000000;-1.7212500000;-18.3750000000;4.7500000000;-45.5000000000
6.7830000000;0.3978000000;6.4974000000;-11.2837500000;-54.1237500000;-16.7025000000;-18.3750000000;4.7500000000;-45.5000000000
7.1298000000;1.0302000000;4.9164000000;-26.1375000000;-56.8650000000;-13.1962500000;-20.5625000000;4.7500000000;-45.0625000000
7.5174000000;0.4590000000;4.8552000000;-10.6462500000;-31.3012500000;-6.0562500000;-22.3750000000;4.7500000000;-44.7500000000
7.3950000000;1.3056000000;4.9062000000;10.4550000000;-19.5712500000;-1.2750000000;-24.2500000000;6.2500000000;-43.0625000000
7.6602000000;0.6630000000;4.8348000000;4.4625000000;-8.7337500000;10.2000000000;-26.0625000000;6.2500000000;-42.7500000000
7.6908000000;0.3570000000;5.7936000000;12.8775000000;2.6137500000;7.7137500000;-26.0625000000;6.2500000000;-42.7500000000
7.7010000000;0.5610000000;6.3546000000;6.6937500000;3.7612500000;7.9050000000;-26.0625000000;5.8750000000;-42.0000000000
7.4868000000;-0.0204000000;7.1400000000;7.7775000000;2.8050000000;3.5062500000;-25.7500000000;4.7500000000;-41.5625000000
7.6602000000;0.4080000000;6.5688000000;0.8287500000;0.2550000000;1.2750000000;-24.6875000000;4.7500000000;-43.5625000000
7.5684000000;-0.0918000000;6.8646000000;4.8450000000;2.8687500000;2.6137500000;-25.0000000000;5.1875000000;-42.7500000000
7.7112000000;0.3162000000;6.2220000000;-2.9325000000;-4.1437500000;0.6375000000;-25.0000000000;5.1875000000;-42.7500000000
7.6806000000;0.2040000000;6.0996000000;-10.3912500000;1.7212500000;-0.3187500000;-25.7500000000;5.5625000000;-43.0625000000
7.3950000000;0.4998000000;6.6606000000;-1.4025000000;5.5462500000;-2.1675000000;-25.3750000000;5.8750000000;-43.0625000000
7.3848000000;0.7038000000;6.8952000000;0.5737500000;-0.2550000000;-0.0637500000;-25.3750000000;6.2500000000;-43.0625000000
7.5684000000;0.1020000000;6.5484000000;-4.7812500000;-2.7412500000;2.2950000000;-25.0000000000;6.2500000000;-42.7500000000
7.7928000000;0.2958000000;6.1506000000;-2.6137500000;1.9125000000;1.1475000000;-25.0000000000;6.2500000000;-42.7500000000
7.7214000000;0.3672000000;6.4362000000;1.5937500000;6.4387500000;1.7212500000;-25.7500000000;5.8750000000;-41.5625000000
7.1502000000;0.0408000000;7.6194000000;11.4112500000;9.6262500000;0.3187500000;-25.0000000000;5.8750000000;-42.7500000000
7.3440000000;0.5304000000;6.7422000000;6.8212500000;-4.3987500000;2.3587500000;-24.6875000000;6.2500000000;-43.0625000000
7.7112000000;0.1020000000;5.9874000000;-11.7300000000;1.1475000000;3.3150000000;-25.0000000000;5.8750000000;-43.0625000000
7.4358000000;0.1020000000;6.6912000000;6.8212500000;5.2275000000;-0.4462500000;-25.0000000000;5.8750000000;-43.0625000000
7.3338000000;0.3570000000;6.8748000000;6.5662500000;4.7812500000;-0.2550000000;-25.3750000000;5.1875000000;-43.0625000000
7.4256000000;-0.0102000000;7.0686000000;-3.4425000000;3.3787500000;-0.9562500000;-25.0000000000;5.1875000000;-42.3750000000
7.6194000000;0.2550000000;6.7524000000;3.5062500000;0.0637500000;-2.2312500000;-25.0000000000;5.5625000000;-42.3750000000
7.5072000000;0.5712000000;6.6606000000;-1.9762500000;-0.7650000000;-3.5062500000;-24.6875000000;5.5625000000;-42.0000000000
7.6194000000;0.7140000000;6.3648000000;-3.2512500000;-2.4862500000;-0.5100000000;-24.6875000000;5.5625000000;-42.0000000000
7.5480000000;0.3570000000;6.3648000000;-0.8287500000;1.5937500000;-0.7650000000;-24.6875000000;5.5625000000;-42.7500000000
7.2522000000;0.5202000000;6.9360000000;-0.4462500000;2.4862500000;-0.1275000000;-24.6875000000;5.5625000000;-44.0000000000
7.3950000000;0.3876000000;6.6096000000;-3.5062500000;1.4662500000;0.8287500000;-25.0000000000;5.8750000000;-42.3750000000
7.3338000000;0.4692000000;6.9258000000;6.6937500000;2.4225000000;1.6575000000;-24.6875000000;5.1875000000;-42.7500000000
7.4460000000;0.4284000000;6.7932000000;-4.3350000000;1.3387500000;2.9325000000;-24.6875000000;5.1875000000;-42.7500000000
7.4970000000;-0.0714000000;6.8850000000;5.9925000000;0.3825000000;1.5300000000;-23.8750000000;5.1875000000;-43.0625000000
7.4154000000;0.2550000000;6.7524000000;1.7850000000;0.7650000000;0.0637500000;-23.8750000000;5.8750000000;-42.7500000000
7.4154000000;0.1938000000;6.7218000000;-3.1875000000;-1.9762500000;-0.4462500000;-24.2500000000;5.5625000000;-42.7500000000
7.4256000000;0.2448000000;6.7320000000;0.0000000000;-0.6375000000;-0.7650000000;-24.6875000000;5.1875000000;-44.0000000000
7.4256000000;0.5304000000;6.5586000000;-0.0637500000;-1.9125000000;-0.5100000000;-24.6875000000;5.1875000000;-44.0000000000
7.4664000000;0.4284000000;6.6708000000;-2.2950000000;-0.3825000000;0.0637500000;-24.2500000000;4.7500000000;-43.5625000000
7.4256000000;0.2652000000;6.8646000000;2.5500000000;0.1912500000;-0.5737500000;-24.6875000000;5.5625000000;-44.2500000000
7.4868000000;0.4692000000;6.6300000000;5.1000000000;-1.3387500000;0.7650000000;-24.6875000000;5.8750000000;-44.0000000000
7.4562000000;0.1836000000;6.8136000000;-0.7650000000;2.2312500000;1.6575000000;-24.6875000000;5.8750000000;-44.0000000000
7.4256000000;0.1326000000;6.7932000000;3.1875000000;0.9562500000;1.9762500000;-24.2500000000;5.1875000000;-43.5625000000
7.4562000000;0.1224000000;6.9054000000;-0.3825000000;0.0637500000;0.2550000000;-23.5000000000;5.8750000000;-42.3750000000
7.4052000000;0.1938000000;6.8748000000;-0.7650000000;-1.3387500000;0.0000000000;-23.8750000000;5.8750000000;-44.2500000000
7.4664000000;0.2448000000;6.7524000000;3.9525000000;-2.6775000000;0.1275000000;-23.8750000000;5.8750000000;-43.5625000000
7.4664000000;0.3876000000;6.6402000000;0.6375000000;-2.4225000000;-0.3187500000;-23.8750000000;5.8750000000;-43.5625000000
7.3950000000;0.3978000000;6.6198000000;-2.1037500000;-0.5100000000;0.0637500000;-23.8750000000;5.5625000000;-42.7500000000
7.4970000000;0.1734000000;6.5892000000;1.0837500000;-0.3187500000;1.2112500000;-24.2500000000;5.1875000000;-44.0000000000
7.4868000000;0.2550000000;6.6912000000;5.4187500000;0.1275000000;-0.0637500000;-24.2500000000;4.0625000000;-43.0625000000
7.5684000000;0.4182000000;6.5790000000;0.2550000000;-0.3825000000;-0.8925000000;-24.2500000000;5.5625000000;-43.0625000000
7.4868000000;0.3468000000;6.7422000000;-0.5737500000;-0.3187500000;-0.2550000000;-24.2500000000;5.5625000000;-43.0625000000
7.3746000000;0.4590000000;6.7524000000;2.2312500000;0.1912500000;-0.1275000000;-24.2500000000;5.5625000000;-42.7500000000
7.4154000000;0.5814000000;6.5892000000;-1.0837500000;-0.2550000000;0.7012500000;-25.0000000000;4.7500000000;-44.2500000000
7.4664000000;0.3366000000;6.7218000000;4.7812500000;0.4462500000;1.7212500000;-25.0000000000;5.1875000000;-43.5625000000
7.5378000000;0.3366000000;6.5994000000;2.1037500000;0.0637500000;1.0200000000;-24.2500000000;5.1875000000;-43.5625000000
7.4766000000;0.2244000000;6.7728000000;-0.8925000000;-0.4462500000;0.1275000000;-24.2500000000;5.1875000000;-43.5625000000
7.5072000000;0.3468000000;6.6606000000;0.0637500000;0.0000000000;0.3187500000;-25.0000000000;5.5625000000;-43.0625000000
7.4358000000;0.3366000000;6.7218000000;-0.5100000000;0.7650000000;0.0000000000;-24.2500000000;5.1875000000;-42.7500000000
7.4664000000;0.2754000000;6.6708000000;-1.0837500000;-0.5737500000;0.1275000000;-24.6875000000;5.1875000000;-42.3750000000
7.5378000000;0.4284000000;6.6096000000;0.7650000000;-0.4462500000;-0.3825000000;-24.2500000000;5.5625000000;-43.5625000000
7.3542000000;0.5100000000;6.7626000000;-0.3825000000;0.7650000000;-0.3187500000;-24.2500000000;5.5625000000;-43.5625000000
7.4562000000;0.4896000000;6.6300000000;1.5937500000;1.3387500000;1.4025000000;-24.6875000000;4.5000000000;-43.5625000000
7.4154000000;0.2958000000;6.9258000000;5.6737500000;1.2750000000;2.2312500000;-25.0000000000;4.5000000000;-43.0625000000
7.4766000000;0.2448000000;6.6504000000;-1.3387500000;-1.3387500000;1.6575000000;-24.2500000000;5.1875000000;-43.0625000000
7.4562000000;0.2142000000;6.8136000000;3.1875000000;0.8925000000;0.8287500000;-24.2500000000;4.5000000000;-42.3750000000
7.3950000000;0.1224000000;6.9768000000;2.4225000000;-1.3387500000;-0.0637500000;-24.2500000000;4.5000000000;-42.3750000000
7.4868000000;0.2550000000;6.6096000000;-1.4025000000;-1.9125000000;-1.7212500000;-25.0000000000;5.1875000000;-42.7500000000
7.4868000000;0.6222000000;6.6300000000;-1.0837500000;-1.2112500000;-3.2512500000;-24.2500000000;3.6875000000;-43.1875000000
7.4562000000;0.4386000000;6.7626000000;1.1475000000;-0.5100000000;0.2550000000;-25.0000000000;4.7500000000;-42.7500000000
7.5072000000;0.4182000000;6.4974000000;-1.2750000000;-2.2950000000;0.1275000000;-23.8750000000;4.5000000000;-43.0625000000
7.4256000000;0.4182000000;6.4158000000;0.0637500000;-0.6375000000;-0.4462500000;-23.8750000000;4.5000000000;-43.0625000000
7.4460000000;0.4998000000;6.6096000000;3.7612500000;3.1237500000;-0.5100000000;-24.2500000000;5.1875000000;-43.0625000000
7.5072000000;0.5610000000;6.5280000000;3.1875000000;0.7650000000;1.0200000000;-24.6875000000;4.5000000000;-43.5625000000
7.5888000000;0.3876000000;6.1506000000;-2.3587500000;1.2112500000;1.8487500000;-24.6875000000;4.7500000000;-42.3750000000
7.5480000000;0.3468000000;5.8548000000;2.7412500000;6.6300000000;0.5100000000;-25.0000000000;4.7500000000;-44.0000000000
7.6194000000;0.3876000000;5.1816000000;-0.6375000000;13.7700000000;-0.5100000000;-25.0000000000;4.7500000000;-44.0000000000
7.4868000000;0.2244000000;4.4268000000;2.2950000000;26.2650000000;-5.1637500000;-24.6875000000;4.7500000000;-44.0000000000
6.8850000000;0.6426000000;4.6512000000;43.1587500000;50.2987500000;-2.0400000000;-24.6875000000;4.7500000000;-43.5625000000
6.5076000000;1.3566000000;4.0494000000;-8.1600000000;62.2200000000;-9.4987500000;-22.3750000000;3.2500000000;-45.5000000000
5.9364000000;0.0000000000;5.0898000000;-47.7487500000;85.8712500000;-9.3712500000;-20.5625000000;3.0000000000;-46.0000000000
5.2428000000;1.4586000000;4.5186000000;-9.0525000000;98.1750000000;-2.4862500000;-20.5625000000;3.0000000000;-46.0000000000
4.0392000000;-0.8568000000;6.0486000000;-63.1762500000;128.7112500000;2.8687500000;-16.5000000000;4.0625000000;-46.7500000000
2.8458000000;0.0714000000;8.3742000000;17.4675000000;134.3212500000;-1.9762500000;-12.7500000000;4.7500000000;-48.0000000000
2.3664000000;1.4382000000;7.8438000000;-36.7200000000;136.2975000000;1.2750000000;-8.0000000000;5.8750000000;-48.0000000000
0.7752000000;-2.8152000000;13.1070000000;-109.5862500000;140.8237500000;-13.4512500000;-2.7500000000;5.5625000000;-49.0625000000
1.1730000000;-0.3876000000;12.0564000000;9.6900000000;89.1862500000;0.1275000000;-2.7500000000;5.5625000000;-49.0625000000
0.9792000000;-1.1424000000;9.7818000000;-40.2262500000;97.2825000000;10.3275000000;2.0625000000;9.6875000000;-47.8750000000
-0.1326000000;-1.4484000000;12.1788000000;2.6137500000;102.3187500000;9.1800000000;6.5000000000;10.2500000000;-49.0625000000
-0.1020000000;-0.6426000000;12.2094000000;-8.2875000000;76.7550000000;10.2000000000;11.6875000000;10.6875000000;-46.6875000000
-0.3774000000;-3.3864000000;14.3820000000;-5.8012500000;73.1212500000;13.3237500000;13.8750000000;10.6875000000;-46.2500000000
-0.7548000000;-0.0510000000;14.4126000000;88.3575000000;35.9550000000;0.8287500000;13.8750000000;10.6875000000;-46.2500000000
-0.3060000000;0.1938000000;11.0058000000;-34.2337500000;-2.5500000000;1.2750000000;17.1875000000;9.6875000000;-46.0000000000
-0.5814000000;-1.0098000000;10.5468000000;-9.1800000000;-7.4587500000;0.1275000000;17.8750000000;6.6875000000;-45.0625000000
-0.4182000000;0.1224000000;9.1902000000;25.1175000000;-11.0925000000;6.7575000000;17.8750000000;7.7500000000;-45.5000000000
-0.2550000000;-0.7344000000;9.4044000000;-13.3237500000;-0.1912500000;7.3312500000;17.8750000000;7.7500000000;-45.5000000000
-0.4182000000;-0.7548000000;10.5978000000;11.5387500000;2.9962500000;3.8887500000;17.5625000000;7.7500000000;-45.8750000000
0.0000000000;-0.1530000000;9.7104000000;7.7137500000;-5.7375000000;4.9725000000;16.7500000000;7.3750000000;-45.8750000000
-0.1122000000;-0.9588000000;10.1694000000;-12.9412500000;-1.2750000000;4.0162500000;17.5625000000;6.2500000000;-46.5625000000
-0.1428000000;-0.6732000000;9.9552000000;3.1237500000;-2.9325000000;3.1875000000;17.1875000000;8.1875000000;-45.8750000000
-0.1836000000;-0.7140000000;9.9756000000;-4.0162500000;-2.1675000000;1.7212500000;17.1875000000;8.1875000000;-45.8750000000
-0.2346000000;-0.6324000000;10.0062000000;3.3787500000;-3.2512500000;0.6375000000;17.1875000000;7.0000000000;-45.3750000000
-0.1020000000;-0.5304000000;9.6084000000;-1.2112500000;-5.0362500000;0.6375000000;16.7500000000;6.6875000000;-45.3750000000
-0.0918000000;-0.7548000000;9.6900000000;-7.5225000000;-1.5300000000;0.5100000000;16.7500000000;7.0000000000;-46.1875000000
-0.2958000000;-0.5712000000;10.2918000000;8.8612500000;3.1875000000;0.1912500000;16.7500000000;7.7500000000;-45.3750000000
-0.0306000000;-0.4794000000;9.8124000000;1.1475000000;-2.8687500000;0.9562500000;16.7500000000;7.7500000000;-45.3750000000
0.0204000000;-0.6630000000;9.7716000000;-4.5262500000;-1.0837500000;0.0637500000;17.1875000000;7.3750000000;-45.5000000000
-0.0714000000;-0.4998000000;9.8022000000;3.4425000000;1.4025000000;-0.2550000000;17.1875000000;7.7500000000;-45.0000000000
-0.1020000000;-0.5202000000;9.7512000000;-1.7212500000;1.6575000000;0.0000000000;17.1875000000;7.7500000000;-46.5625000000
-0.2448000000;-0.7242000000;10.1082000000;1.6575000000;4.7175000000;-0.2550000000;16.7500000000;7.7500000000;-45.8750000000
-0.1836000000;-0.5712000000;9.9960000000;1.4662500000;1.4662500000;-1.2112500000;16.7500000000;7.7500000000;-45.8750000000
-0.0408000000;-0.4080000000;9.8328000000;0.0637500000;-0.1275000000;-0.1912500000;16.7500000000;7.0000000000;-45.8750000000
-0.0306000000;-0.5100000000;9.9552000000;2.4862500000;1.0837500000;0.5737500000;16.7500000000;7.3750000000;-46.1875000000
-0.1020000000;-0.4692000000;9.9858000000;2.9962500000;0.0637500000;1.0837500000;16.7500000000;6.6875000000;-46.5625000000
-0.2448000000;-0.7344000000;10.4754000000;-0.3187500000;-0.3825000000;0.0000000000;17.5625000000;7.3750000000;-45.8750000000
-0.1938000000;-0.4488000000;10.6284000000;8.7337500000;-3.6337500000;-0.1912500000;17.5625000000;7.3750000000;-45.8750000000
-0.4080000000;-0.4896000000;11.7198000000;-8.2875000000;-14.4075000000;0.8925000000;17.8750000000;7.0000000000;-46.5625000000
-0.1428000000;-0.6834000000;11.4444000000;-0.5737500000;-37.4212500000;0.3187500000;17.5625000000;7.3750000000;-44.1875000000
-0.3570000000;-1.1730000000;12.5664000000;11.4750000000;-36.4012500000;-2.2950000000;16.7500000000;7.0000000000;-46.1875000000
-0.4692000000;-0.0408000000;14.1066000000;17.0212500000;-84.0225000000;-1.0200000000;14.5625000000;7.0000000000;-47.3750000000
1.3260000000;-0.5202000000;11.2302000000;-11.7300000000;-107.3550000000;8.6062500000;14.5625000000;7.0000000000;-47.3750000000
0.4488000000;-0.2142000000;14.2188000000;15.1087500000;-102.1275000000;-1.2112500000;11.6875000000;6.2500000000;-47.3750000000
1.7442000000;-0.1326000000;10.4856000000;-36.9112500000;-145.7962500000;1.2750000000;8.2500000000;7.0000000000;-48.5625000000
2.8764000000;-1.3566000000;8.7108000000;-24.2250000000;-134.9587500000;2.1037500000;2.7500000000;7.0000000000;-48.5625000000
3.0906000000;-0.8874000000;8.0988000000;36.1462500000;-122.3362500000;-8.4787500000;-2.6875000000;9.2500000000;-48.5625000000
3.8454000000;-0.1122000000;6.4770000000;16.7662500000;-115.4512500000;-2.9962500000;-2.6875000000;9.2500000000;-48.5625000000
4.7838000000;-0.2958000000;5.3448000000;-14.5350000000;-98.4937500000;-2.5500000000;-7.5625000000;8.8750000000;-47.7500000000
5.2122000000;-1.1322000000;7.0074000000;40.7362500000;-58.9050000000;-5.0362500000;-11.1875000000;7.7500000000;-48.1875000000
5.7120000000;0.6120000000;6.3852000000;-6.3112500000;-73.8862500000;-4.5900000000;-14.8750000000;9.2500000000;-46.5625000000
6.5688000000;-0.6426000000;6.3240000000;-26.8387500000;-57.2475000000;-6.5025000000;-16.7500000000;7.3750000000;-46.1875000000
6.9054000000;-0.4488000000;6.3648000000;-0.8287500000;-63.0487500000;-7.9687500000;-16.7500000000;7.3750000000;-46.1875000000
7.2114000000;0.8670000000;5.2836000000;8.9887500000;-65.9175000000;-9.0525000000;-20.5000000000;9.2500000000;-45.2500000000
7.5480000000;-0.1734000000;4.5492000000;2.7412500000;-48.2587500000;-0.1912500000;-23.0625000000;8.1875000000;-42.8750000000
7.6602000000;0.4692000000;3.9066000000;18.5512500000;-33.6600000000;-0.7012500000;-24.8750000000;7.3750000000;-41.3750000000
7.9662000000;0.2550000000;3.2742000000;-1.1475000000;-15.9375000000;5.8650000000;-26.0000000000;7.0000000000;-41.0625000000
7.7214000000;0.0102000000;5.2224000000;2.5500000000;9.8175000000;1.2112500000;-26.0000000000;7.0000000000;-41.0625000000
7.8846000000;0.1938000000;5.5896000000;-11.0287500000;6.1200000000;1.9762500000;-27.0625000000;7.3750000000;-41.3750000000
7.8846000000;-0.5610000000;6.8646000000;12.3037500000;23.1412500000;0.7650000000;-26.7500000000;7.3750000000;-40.1875000000
7.5684000000;0.7548000000;7.4154000000;11.6662500000;8.7975000000;-0.4462500000;-26.3750000000;8.1875000000;-41.5000000000
7.7418000000;-0.1020000000;6.6606000000;-9.2437500000;3.6337500000;5.9925000000;-26.0000000000;7.3750000000;-42.0625000000
7.6500000000;-0.4080000000;7.0482000000;15.6825000000;4.3350000000;3.1237500000;-26.0000000000;7.3750000000;-42.0625000000
7.6602000000;-0.0408000000;6.3240000000;-5.7375000000;-3.0600000000;1.5300000000;-25.2500000000;7.0000000000;-41.7500000000
7.7418000000;-0.5100000000;6.3036000000;-0.7650000000;3.3787500000;-0.8287500000;-24.8750000000;7.3750000000;-42.5625000000
7.6398000000;-0.0408000000;6.7626000000;1.8487500000;-0.7012500000;-2.9962500000;-25.6875000000;7.7500000000;-41.3750000000
7.8234000000;0.0204000000;6.0996000000;-8.2237500000;-2.6775000000;-2.8687500000;-25.6875000000;7.7500000000;-41.7500000000
7.5684000000;-0.2040000000;6.9768000000;3.0600000000;1.1475000000;-4.4625000000;-25.6875000000;7.7500000000;-41.7500000000
7.6194000000;0.5304000000;6.4260000000;-2.1037500000;-8.9887500000;-3.1237500000;-26.3750000000;7.0000000000;-41.3750000000
7.7622000000;0.2448000000;5.7426000000;-13.0687500000;-3.4425000000;0.8925000000;-25.6875000000;7.3750000000;-41.7500000000
7.4664000000;-0.4590000000;6.7422000000;8.7337500000;7.5862500000;2.5500000000;-26.0000000000;7.7500000000;-41.7500000000
7.6092000000;0.0918000000;6.6300000000;15.4912500000;0.0000000000;1.0837500000;-26.0000000000;7.7500000000;-41.7500000000
7.8744000000;-0.1428000000;6.2322000000;-10.2637500000;2.6775000000;1.5937500000;-25.6875000000;7.7500000000;-42.1875000000
7.6296000000;-0.1836000000;6.7320000000;6.8850000000;3.0600000000;0.3825000000;-25.6875000000;6.6875000000;-41.7500000000
7.7214000000;0.1938000000;6.3750000000;4.4625000000;-0.6375000000;0.4462500000;-25.6875000000;7.7500000000;-41.7500000000
7.6806000000;-0.2244000000;6.4464000000;-4.7175000000;0.8287500000;0.7650000000;-24.8750000000;7.0000000000;-40.5625000000
7.7112000000;0.0306000000;6.5892000000;2.8687500000;0.3825000000;-1.2750000000;-24.8750000000;7.0000000000;-40.5625000000
7.7418000000;0.1428000000;6.4056000000;0.0000000000;-1.2750000000;0.6375000000;-25.2500000000;7.0000000000;-41.3750000000
7.5888000000;0.0102000000;6.7218000000;2.1675000000;0.7012500000;0.2550000000;-25.6875000000;7.0000000000;-41.7500000000
7.6704000000;-0.1326000000;6.5178000000;1.4662500000;-2.6775000000;0.5737500000;-25.6875000000;7.3750000000;-42.5625000000
7.7316000000;-0.1224000000;6.3648000000;-1.0200000000;-1.3387500000;-0.0637500000;-25.6875000000;7.0000000000;-42.1875000000
7.5888000000;0.1224000000;6.8238000000;3.1875000000;-0.1912500000;-1.5937500000;-25.6875000000;7.0000000000;-42.1875000000
7.7010000000;0.1224000000;6.1914000000;-2.1675000000;-4.9725000000;1.0200000000;-25.6875000000;6.6875000000;-41.3750000000
7.6806000000;-0.3366000000;6.3240000000;0.3825000000;-1.2750000000;1.4662500000;-25.6875000000;7.0000000000;-41.0000000000
7.5888000000;0.0102000000;6.6300000000;6.2475000000;-0.8287500000;-2.0400000000;-26.3750000000;7.3750000000;-41.7500000000
7.8336000000;0.1734000000;6.1914000000;-5.1637500000;-2.5500000000;-1.9125000000;-26.3750000000;7.0000000000;-42.5625000000
7.7928000000;0.1326000000;6.3138000000;4.7175000000;0.8925000000;0.7650000000;-26.3750000000;7.0000000000;-42.5625000000
7.6194000000;0.1632000000;6.3750000000;4.2712500000;0.0637500000;0.4462500000;-25.6875000000;6.2500000000;-41.3750000000
7.6908000000;-0.0714000000;6.1200000000;-1.9125000000;-0.6375000000;1.7212500000;-26.0000000000;6.6875000000;-41.3750000000
7.6092000000;-0.0306000000;6.5994000000;6.3112500000;3.6975000000;-0.5100000000;-25.6875000000;6.2500000000;-41.7500000000
7.7622000000;-0.0102000000;6.3852000000;-2.1675000000;-0.1275000000;-0.8925000000;-25.6875000000;6.6875000000;-41.0000000000
7.8540000000;0.0000000000;6.3954000000;-1.9762500000;1.6575000000;-0.7012500000;-25.6875000000;6.6875000000;-41.0000000000
7.6398000000;0.0714000000;6.8646000000;1.9125000000;1.9125000000;-0.6375000000;-26.0000000000;5.8750000000;-41.3750000000
7.7418000000;0.1020000000;6.3342000000;-3.7612500000;-3.9525000000;0.0000000000;-26.0000000000;6.6875000000;-41.0000000000
7.6500000000;-0.0816000000;6.3342000000;-0.2550000000;-0.2550000000;-0.4462500000;-25.6875000000;6.2500000000;-42.1875000000
7.6092000000;0.2142000000;6.4056000000;2.8687500000;0.2550000000;-0.2550000000;-25.6875000000;7.3750000000;-41.7500000000
7.6602000000;-0.0408000000;6.4464000000;-2.9962500000;0.1275000000;1.0837500000;-25.6875000000;7.3750000000;-41.7500000000
7.7010000000;0.0000000000;6.4566000000;1.2112500000;-2.0400000000;-0.7650000000;-25.2500000000;6.6875000000;-40.5625000000
7.8336000000;0.0204000000;6.3138000000;-2.2312500000;0.7650000000;-0.8925000000;-25.2500000000;7.3750000000;-40.1875000000
7.7010000000;0.3468000000;6.3852000000;3.5062500000;1.1475000000;-0.1275000000;-26.3750000000;7.7500000000;-42.0625000000
7.6908000000;0.0510000000;6.3036000000;-1.7212500000;-0.3187500000;1.8487500000;-26.0000000000;6.6875000000;-42.5625000000
7.7316000000;-0.1224000000;6.3852000000;1.5300000000;0.9562500000;1.3387500000;-26.0000000000;6.6875000000;-42.5625000000
7.6194000000;0.0816000000;6.4872000000;0.5100000000;1.0200000000;0.1912500000;-26.0000000000;7.0000000000;-41.3750000000
7.8132000000;-0.0204000000;6.1608000000;-3.5062500000;-1.2112500000;0.5100000000;-25.2500000000;7.0000000000;-42.1875000000
7.6500000000;0.1734000000;6.3444000000;3.3787500000;1.5300000000;-0.9562500000;-26.3750000000;6.6875000000;-41.3750000000
7.8642000000;0.1632000000;6.2016000000;-1.2112500000;0.7650000000;0.2550000000;-25.6875000000;7.3750000000;-41.7500000000
7.7418000000;-0.0510000000;6.5484000000;-0.7650000000;2.9962500000;-0.1912500000;-25.6875000000;7.3750000000;-41.7500000000
7.6500000000;0.1530000000;6.9360000000;3.0600000000;0.2550000000;-1.0200000000;-26.0000000000;7.7500000000;-41.7500000000
7.7418000000;0.1734000000;6.4362000000;-1.9762500000;-3.6337500000;0.6375000000;-26.0000000000;5.8750000000;-42.5625000000
7.6398000000;0.0408000000;6.6300000000;4.7175000000;-3.0600000000;0.7650000000;-26.3750000000;5.8750000000;-42.1875000000
7.7418000000;-0.1734000000;6.2730000000;0.6375000000;-5.4187500000;1.1475000000;-26.0000000000;6.6875000000;-42.1875000000
7.8438000000;0.0102000000;6.0384000000;-2.2312500000;-4.1437500000;-0.9562500000;-26.0000000000;6.6875000000;-42.1875000000
7.6908000000;0.2448000000;6.5382000000;3.5700000000;1.0837500000;-1.9125000000;-26.3750000000;5.8750000000;-42.1875000000
7.7316000000;0.2244000000;6.2424000000;1.6575000000;-3.1237500000;0.5100000000;-26.0000000000;6.6875000000;-41.3750000000
7.7622000000;0.0102000000;6.2016000000;-0.3187500000;-2.2312500000;0.9562500000;-26.3750000000;6.6875000000;-42.5625000000
7.8030000000;0.0204000000;6.4056000000;3.9525000000;0.1912500000;-0.5737500000;-26.3750000000;6.2500000000;-41.0000000000
7.7418000000;0.1530000000;6.3240000000;1.2112500000;-1.5300000000;0.0637500000;-26.3750000000;6.2500000000;-41.0000000000
7.8030000000;0.0816000000;5.9874000000;-0.3187500000;0.1912500000;0.3187500000;-26.7500000000;5.8750000000;-40.5625000000
7.7928000000;0.1428000000;5.9874000000;1.8487500000;1.4662500000;1.1475000000;-26.0000000000;5.8750000000;-41.7500000000
7.7928000000;0.1020000000;5.9160000000;-2.4862500000;2.9962500000;0.3825000000;-26.3750000000;5.8750000000;-41.7500000000
7.6500000000;0.0408000000;6.1812000000;-0.0637500000;4.9087500000;-0.3187500000;-26.7500000000;6.2500000000;-41.3750000000
7.8438000000;0.3672000000;5.8140000000;-1.7850000000;5.0362500000;1.0200000000;-26.7500000000;6.2500000000;-41.3750000000
7.9662000000;0.1530000000;5.4264000000;-4.6537500000;12.0487500000;-0.1275000000;-26.0000000000;6.2500000000;-42.5625000000
7.6602000000;0.0408000000;5.2530000000;9.2437500000;16.9575000000;1.9125000000;-25.6875000000;5.8750000000;-42.8750000000
7.6296000000;0.0714000000;4.1208000000;13.7062500000;22.1212500000;1.8487500000;-24.8750000000;5.8750000000;-42.8750000000
7.2522000000;0.2958000000;4.6002000000;28.8150000000;48.5137500000;-0.7012500000;-24.8750000000;5.8750000000;-42.8750000000
6.5484000000;1.0608000000;4.9470000000;27.8587500000;52.6575000000;-0.5100000000;-24.1875000000;6.2500000000;-42.8750000000
6.4770000000;0.3162000000;4.0596000000;-33.4687500000;61.2000000000;-0.2550000000;-22.2500000000;4.5000000000;-44.0625000000
5.3754000000;-0.6630000000;6.0894000000;-6.3112500000;93.3937500000;-3.5700000000;-21.2500000000;4.0625000000;-43.3750000000
4.9878000000;0.9690000000;6.0894000000;30.4087500000;96.2625000000;-9.9450000000;-17.8750000000;4.7500000000;-45.7500000000
3.9270000000;-0.2856000000;8.3742000000;-23.0775000000;128.2650000000;-15.8100000000;-17.8750000000;4.7500000000;-45.7500000000
3.2334000000;-0.5100000000;10.2816000000;-5.5462500000;126.9900000000;-20.6550000000;-13.3750000000;4.0625000000;-46.8750000000
3.0090000000;1.1526000000;10.1694000000;6.8850000000;112.2637500000;-17.9137500000;-9.3750000000;4.5000000000;-49.0000000000
2.5092000000;0.0408000000;9.5064000000;-99.3862500000;84.4687500000;-8.2875000000;-4.1875000000;3.2500000000;-49.3750000000
1.4178000000;-2.1216000000;12.6480000000;-24.2250000000;103.7212500000;7.2675000000;-0.1875000000;6.2500000000;-48.5625000000
1.7952000000;1.1322000000;11.1384000000;50.1712500000;72.9300000000;-4.6537500000;-0.1875000000;6.2500000000;-48.5625000000
1.6014000000;-0.3468000000;11.2710000000;-40.4812500000;66.4912500000;2.9325000000;3.1875000000;7.3750000000;-47.7500000000
1.4484000000;-0.7650000000;11.6586000000;-38.2500000000;50.1712500000;1.1475000000;6.5000000000;6.6875000000;-47.7500000000
1.5504000000;-0.6222000000;9.9552000000;3.5062500000;35.3175000000;5.3550000000;8.2500000000;8.1875000000;-47.7500000000
0.5406000000;-0.2550000000;11.7912000000;12.1762500000;50.2987500000;2.0400000000;10.8750000000;7.3750000000;-47.2500000000
0.5916000000;-0.6732000000;10.8834000000;-20.2087500000;24.6075000000;3.4425000000;10.8750000000;7.3750000000;-47.2500000000
0.1938000000;-0.9486000000;11.7300000000;20.5912500000;25.6912500000;1.0200000000;12.3750000000;7.0000000000;-46.8750000000
0.3366000000;0.1122000000;10.5774000000;45.9000000000;6.6937500000;3.7612500000;13.0625000000;7.7500000000;-46.5000000000
0.4794000000;-0.4794000000;9.7920000000;-2.5500000000;6.0562500000;5.5462500000;13.5000000000;5.5625000000;-46.8750000000
0.1734000000;-0.6426000000;10.8222000000;1.0200000000;10.2000000000;-0.2550000000;13.8750000000;5.8750000000;-46.0625000000
0.4998000000;0.2958000000;9.7716000000;23.1412500000;-0.2550000000;-1.0200000000;13.8750000000;5.8750000000;-46.0625000000
0.3774000000;0.0000000000;9.7206000000;-9.3712500000;5.7375000000;1.0837500000;14.2500000000;5.8750000000;-47.6875000000
0.3366000000;-0.2346000000;9.8736000000;-5.4825000000;4.3987500000;0.9562500000;14.2500000000;4.0625000000;-46.5000000000
0.2346000000;-0.0918000000;10.0368000000;-0.5100000000;7.5862500000;-0.1275000000;14.5625000000;4.7500000000;-46.5000000000
0.1836000000;-0.0714000000;10.2204000000;-2.6775000000;6.7575000000;0.1275000000;14.5625000000;5.1875000000;-46.5000000000
0.2958000000;-0.1428000000;9.8430000000;-3.0600000000;2.8050000000;1.5300000000;14.5625000000;5.1875000000;-46.5000000000
0.0816000000;-0.2244000000;10.0062000000;-4.5262500000;6.9487500000;1.1475000000;14.5625000000;5.1875000000;-46.8750000000
-0.0204000000;-0.2244000000;10.4754000000;5.9925000000;4.2712500000;-0.0637500000;15.3750000000;5.8750000000;-46.8750000000
0.0816000000;-0.1938000000;10.2000000000;-2.6137500000;0.8925000000;1.2750000000;15.0000000000;6.2500000000;-45.2500000000
0.1224000000;-0.1428000000;9.6492000000;-0.6375000000;-1.6575000000;1.4025000000;15.7500000000;5.8750000000;-46.0625000000
0.1020000000;-0.2652000000;9.8940000000;-1.0837500000;2.3587500000;1.5937500000;15.7500000000;5.8750000000;-46.0625000000
0.0204000000;-0.3264000000;10.3530000000;-1.2750000000;0.8287500000;-0.1275000000;15.3750000000;5.1875000000;-46.0625000000
0.1734000000;-0.1224000000;9.7716000000;0.3187500000;-1.3387500000;0.0637500000;15.3750000000;5.5625000000;-47.2500000000
0.0612000000;-0.2040000000;9.9654000000;-1.1475000000;2.3587500000;0.5737500000;16.3750000000;5.5625000000;-46.3750000000
0.0918000000;-0.2550000000;10.0368000000;1.7212500000;-0.8287500000;0.6375000000;15.3750000000;6.2500000000;-46.0000000000
0.0816000000;-0.1938000000;9.8736000000;-0.7650000000;0.0000000000;-0.1275000000;15.3750000000;6.2500000000;-46.0000000000
0.0816000000;-0.2754000000;9.8226000000;-1.5937500000;1.9125000000;-0.0637500000;16.0625000000;5.5625000000;-46.0000000000
0.0714000000;-0.2244000000;10.0776000000;-0.1275000000;1.0837500000;0.0000000000;15.7500000000;5.1875000000;-46.7500000000
0.0306000000;-0.2652000000;9.9960000000;0.4462500000;-0.2550000000;-0.4462500000;15.7500000000;5.5625000000;-45.1875000000
0.0612000000;-0.2142000000;9.9246000000;0.8287500000;1.9125000000;-0.3825000000;16.0625000000;5.5625000000;-45.1875000000
0.0000000000;-0.1020000000;9.9960000000;-0.8287500000;0.7012500000;0.1275000000;16.0625000000;5.5625000000;-45.1875000000
0.1122000000;-0.2448000000;10.0266000000;0.7012500000;1.1475000000;0.7012500000;15.7500000000;5.8750000000;-46.8750000000
0.1020000000;-0.1938000000;9.7716000000;-1.4662500000;1.2112500000;1.2112500000;16.0625000000;5.5625000000;-46.7500000000
-0.0714000000;-0.2142000000;10.1490000000;1.4662500000;0.1912500000;-0.3187500000;15.3750000000;5.5625000000;-46.0000000000
0.0204000000;-0.1836000000;9.8328000000;-0.8925000000;0.5737500000;0.2550000000;15.7500000000;5.5625000000;-45.5625000000
0.0102000000;-0.2142000000;9.9246000000;-0.1275000000;0.7012500000;-0.1912500000;15.7500000000;5.5625000000;-45.5625000000
0.0204000000;-0.4080000000;9.9756000000;-0.3187500000;0.3825000000;-0.2550000000;15.7500000000;5.1875000000;-47.5625000000
0.0408000000;-0.2856000000;10.0266000000;3.2512500000;0.3825000000;-1.5937500000;16.0625000000;4.7500000000;-46.7500000000
-0.0102000000;0.0000000000;9.9552000000;2.1675000000;0.0637500000;-1.0200000000;16.0625000000;5.5625000000;-46.0000000000
-0.0408000000;-0.1122000000;9.9858000000;0.8925000000;0.3825000000;-0.4462500000;16.0625000000;6.2500000000;-45.5625000000
0.0204000000;-0.0918000000;9.8430000000;-0.2550000000;0.3187500000;0.3825000000;16.0625000000;6.2500000000;-45.5625000000
0.0510000000;-0.1938000000;9.9348000000;1.2750000000;1.4025000000;-0.0637500000;16.3750000000;5.8750000000;-46.0000000000
0.0000000000;-0.1734000000;10.0878000000;-1.5300000000;0.0000000000;0.3825000000;16.0625000000;5.8750000000;-45.6875000000
0.0102000000;-0.2856000000;9.9654000000;1.0837500000;1.2750000000;-0.3187500000;15.3750000000;5.8750000000;-46.8750000000
-0.0816000000;-0.1122000000;10.0368000000;0.2550000000;1.2112500000;-1.2750000000;16.0625000000;4.7500000000;-46.8750000000
-0.0612000000;-0.0816000000;9.9144000000;-0.9562500000;0.7012500000;0.0000000000;16.0625000000;4.7500000000;-46.8750000000
-0.0102000000;-0.1836000000;10.1490000000;-0.1912500000;1.6575000000;0.1275000000;16.0625000000;5.1875000000;-45.7500000000
0.0000000000;-0.1530000000;9.8940000000;1.7212500000;-1.7212500000;0.5100000000;16.7500000000;5.1875000000;-46.8750000000
0.0000000000;-0.2754000000;9.7308000000;-1.3387500000;0.0000000000;1.5300000000;15.7500000000;5.1875000000;-46.3750000000
-0.0204000000;-0.3060000000;9.9348000000;0.3187500000;0.5100000000;-0.6375000000;15.7500000000;5.1875000000;-46.3750000000
-0.0816000000;-0.1734000000;10.2612000000;4.1437500000;-0.7012500000;-1.8487500000;17.1875000000;5.5625000000;-47.1875000000
0.0612000000;-0.0306000000;9.8022000000;0.9562500000;-1.7212500000;-0.6375000000;16.0625000000;4.5000000000;-46.3750000000
0.0510000000;-0.1224000000;9.7920000000;1.3387500000;0.5100000000;-0.7650000000;16.3750000000;4.7500000000;-46.3750000000
-0.1020000000;-0.1428000000;10.2306000000;2.2312500000;1.5937500000;-0.0637500000;16.3750000000;5.8750000000;-46.7500000000
0.0408000000;-0.1530000000;9.9450000000;-0.4462500000;-0.1912500000;-0.1912500000;16.3750000000;5.8750000000;-46.7500000000
0.0408000000;-0.1224000000;9.8532000000;1.9125000000;-0.5737500000;-0.5100000000;15.7500000000;5.8750000000;-46.0000000000
0.0000000000;-0.0408000000;9.9246000000;0.4462500000;0.0637500000;0.4462500000;15.3750000000;5.8750000000;-46.0000000000
-0.0204000000;-0.2040000000;10.0470000000;0.6375000000;-0.4462500000;-0.3825000000;15.7500000000;5.1875000000;-45.1875000000
0.0714000000;-0.0612000000;9.7206000000;0.1275000000;-0.6375000000;-0.3825000000;15.3750000000;5.5625000000;-46.3750000000
0.0510000000;-0.0102000000;9.8736000000;-1.4662500000;1.2112500000;0.7012500000;15.3750000000;5.5625000000;-46.3750000000
-0.1122000000;-0.2244000000;10.3734000000;1.2750000000;-0.0637500000;0.0000000000;16.0625000000;5.8750000000;-47.1875000000
-0.0510000000;-0.0306000000;9.9144000000;1.4662500000;-3.3150000000;0.1912500000;16.0625000000;5.5625000000;-46.7500000000
0.0612000000;-0.0714000000;9.6492000000;-0.8925000000;0.1275000000;-0.0637500000;15.7500000000;5.5625000000;-46.3750000000
-0.0510000000;-0.0612000000;10.0572000000;-0.3187500000;1.3387500000;0.2550000000;16.0625000000;5.1875000000;-46.7500000000
0.0000000000;-0.1530000000;10.1490000000;0.7650000000;0.1912500000;0.7650000000;16.0625000000;5.1875000000;-46.7500000000
0.0816000000;-0.0408000000;9.9348000000;0.0000000000;-1.7212500000;0.3187500000;16.3750000000;4.5000000000;-46.3750000000
0.0204000000;-0.1632000000;9.7614000000;-1.5937500000;0.0637500000;0.2550000000;15.7500000000;5.1875000000;-46.7500000000
-0.1326000000;-0.0918000000;10.0674000000;1.9762500000;1.4025000000;-0.7012500000;16.0625000000;4.7500000000;-46.3750000000
