acc_x;acc_y;acc_z;gyr_x;gyr_y;gyr_z;mag_x;mag_y;mag_z
-9.7104000000;0.7242000000;1.9176000000;-0.8287500000;-0.2550000000;-1.0200000000;38.6875000000;-23.7500000000;-11.5000000000
-9.7308000000;0.6834000000;1.9074000000;-1.1475000000;0.4462500000;-0.7012500000;37.8750000000;-24.1875000000;-13.0625000000
-9.6900000000;0.7548000000;2.0502000000;-0.4462500000;1.2112500000;-0.8287500000;38.6875000000;-23.5000000000;-11.5000000000
-9.6798000000;0.7956000000;2.1216000000;0.0000000000;0.5737500000;-0.3187500000;39.0000000000;-24.1875000000;-13.0625000000
-9.6594000000;0.7344000000;2.0706000000;1.0200000000;-0.8287500000;0.6375000000;39.0000000000;-24.1875000000;-13.0625000000
-9.7512000000;0.6936000000;2.0502000000;0.3187500000;-0.8287500000;0.4462500000;39.0000000000;-23.7500000000;-11.8750000000
-9.6900000000;0.7242000000;1.8768000000;1.3387500000;-0.8287500000;0.7650000000;38.2500000000;-23.5000000000;-13.0625000000
-9.7512000000;0.6834000000;2.0094000000;1.2750000000;0.6375000000;1.4662500000;38.6875000000;-24.1875000000;-12.6875000000
-9.6798000000;0.5100000000;2.1012000000;0.4462500000;0.5737500000;0.7650000000;38.6875000000;-24.5625000000;-12.6875000000
-9.7002000000;0.6732000000;1.9890000000;0.1912500000;-0.3187500000;-0.8925000000;38.6875000000;-24.5625000000;-12.6875000000
-9.7410000000;0.7242000000;1.9482000000;-1.9125000000;-0.3187500000;-0.6375000000;38.6875000000;-24.1875000000;-13.0625000000
-9.6900000000;0.7752000000;1.9482000000;-0.7650000000;0.3825000000;-0.5737500000;38.6875000000;-23.7500000000;-13.5000000000
-9.6900000000;0.8466000000;2.0400000000;0.7650000000;0.7012500000;0.0637500000;38.2500000000;-24.5625000000;-11.0000000000
-9.7104000000;0.8364000000;2.0604000000;1.3387500000;0.1275000000;1.2750000000;38.6875000000;-23.7500000000;-12.5625000000
-9.6900000000;0.7038000000;2.0094000000;2.1675000000;0.0000000000;1.7850000000;38.6875000000;-23.7500000000;-12.5625000000
-9.7308000000;0.5508000000;2.0094000000;0.7012500000;-0.0637500000;1.2112500000;38.2500000000;-24.1875000000;-13.0000000000
-9.7614000000;0.5508000000;1.8972000000;0.5737500000;0.2550000000;-0.1275000000;37.8750000000;-24.1875000000;-11.0000000000
-9.7308000000;0.7140000000;1.8870000000;0.0637500000;1.3387500000;0.0000000000;37.8750000000;-22.0000000000;-11.7500000000
-9.7206000000;0.6528000000;2.0298000000;-1.2112500000;1.7850000000;0.0637500000;39.0000000000;-23.5000000000;-12.5625000000
-9.7002000000;0.7038000000;2.0196000000;0.1912500000;1.1475000000;-0.8925000000;39.0000000000;-23.5000000000;-12.5625000000
-9.6798000000;0.7956000000;2.0808000000;-0.5737500000;0.8925000000;-0.8925000000;39.0000000000;-22.6875000000;-11.7500000000
-9.6798000000;0.8466000000;1.9380000000;-0.1912500000;-0.1912500000;0.1912500000;38.6875000000;-24.1875000000;-12.5625000000
-9.7410000000;0.7344000000;2.0910000000;0.9562500000;0.3825000000;0.7012500000;39.0000000000;-23.7500000000;-11.3750000000
-9.6900000000;0.7344000000;1.9788000000;0.8925000000;0.0000000000;0.8287500000;38.2500000000;-23.7500000000;-12.5625000000
-9.7920000000;0.7140000000;1.8972000000;0.5100000000;-0.2550000000;0.8287500000;38.2500000000;-23.7500000000;-12.5625000000
-9.7920000000;0.7344000000;1.5504000000;1.8487500000;1.5300000000;0.9562500000;38.2500000000;-24.5625000000;-12.1875000000
-10.0266000000;0.2652000000;1.0608000000;-1.9762500000;8.0962500000;-2.4862500000;38.2500000000;-22.3750000000;-11.7500000000
-10.2306000000;0.6630000000;0.1734000000;-3.2512500000;21.2925000000;-3.4425000000;38.6875000000;-22.6875000000;-12.1875000000
-10.8630000000;-0.1938000000;-1.1322000000;-21.6112500000;30.7912500000;-6.6300000000;39.0000000000;-23.5000000000;-11.0000000000
-10.9446000000;0.0102000000;-2.9478000000;31.8112500000;60.6262500000;-17.5312500000;39.0000000000;-23.5000000000;-11.0000000000
-12.8316000000;-1.1934000000;-4.2024000000;-21.1012500000;97.7287500000;-10.5825000000;38.6875000000;-23.5000000000;-9.3750000000
-12.8928000000;-2.3358000000;-5.2938000000;18.9337500000;133.5562500000;-43.0950000000;40.0625000000;-21.2500000000;-8.5625000000
-14.2698000000;-0.2652000000;-6.7626000000;25.1812500000;176.9062500000;-47.8125000000;41.5625000000;-20.5000000000;-3.0625000000
-15.2694000000;-2.2848000000;-5.9364000000;-39.9075000000;230.7112500000;-43.7325000000;44.6875000000;-19.0000000000;1.1875000000
-14.3310000000;0.3366000000;-6.1914000000;77.7112500000;263.4787500000;-62.7937500000;44.6875000000;-19.0000000000;1.1875000000
-14.6370000000;1.1628000000;-5.7120000000;31.4925000000;322.1925000000;-51.1275000000;44.6875000000;-15.0000000000;8.5625000000
-13.5660000000;-0.1734000000;-4.8246000000;15.3000000000;316.8375000000;-45.7725000000;43.1875000000;-10.8750000000;18.0000000000
-10.7202000000;2.2542000000;-5.9466000000;101.0437500000;304.4062500000;-46.6012500000;38.7500000000;-8.0625000000;28.8750000000
-8.7822000000;1.3464000000;-3.8250000000;57.7575000000;317.2837500000;-24.9900000000;38.7500000000;-8.0625000000;28.8750000000
-5.7324000000;1.0098000000;-2.2134000000;34.5525000000;213.6262500000;-21.9300000000;30.8750000000;-5.8750000000;35.6875000000
-2.8662000000;0.1326000000;-2.3154000000;106.5900000000;148.7287500000;22.9500000000;20.2500000000;-3.6875000000;43.7500000000
-0.7650000000;0.1734000000;-1.1832000000;51.1912500000;102.8925000000;22.1850000000;13.2500000000;0.0000000000;45.1875000000
-1.2036000000;-3.9168000000;-3.6924000000;-23.1412500000;44.1150000000;47.5575000000;8.0000000000;4.0000000000;45.7500000000
-1.0200000000;-6.3036000000;-6.6198000000;-14.7900000000;-1.4662500000;42.7125000000;8.0000000000;4.0000000000;45.7500000000
-0.0102000000;-6.6096000000;-10.0470000000;-53.4862500000;-27.9225000000;10.7737500000;6.5000000000;3.6875000000;46.7500000000
-0.7752000000;-4.4778000000;-10.2816000000;-11.6662500000;-10.4550000000;-11.2837500000;6.5000000000;1.7500000000;46.1875000000
-0.5610000000;-3.0294000000;-8.3844000000;-8.4787500000;-4.2712500000;-11.4750000000;6.0000000000;0.2500000000;45.5000000000
-0.8058000000;-2.7846000000;-8.6700000000;1.8487500000;-13.6425000000;-7.6500000000;6.6875000000;0.2500000000;46.6875000000
-0.6426000000;-2.1114000000;-9.0678000000;-6.6300000000;-10.7100000000;-7.7775000000;6.6875000000;0.2500000000;46.6875000000
-0.5916000000;-2.9478000000;-9.6900000000;-20.6550000000;-16.6387500000;-1.7850000000;7.8750000000;0.0000000000;46.2500000000
-0.4998000000;-2.9172000000;-10.3938000000;5.8650000000;-10.9012500000;-1.7212500000;7.8750000000;-0.3750000000;47.3750000000
-0.6528000000;-2.6724000000;-9.5880000000;-24.0337500000;-2.8687500000;-7.9687500000;9.0000000000;0.0000000000;46.6875000000
-0.5304000000;-2.4888000000;-9.9960000000;-8.9887500000;-4.2075000000;-5.6737500000;9.2500000000;-0.3750000000;45.8750000000
-0.8364000000;-2.2134000000;-9.3432000000;-6.4387500000;1.7212500000;-1.7212500000;9.2500000000;-0.3750000000;45.8750000000
-0.7752000000;-2.5398000000;-9.2004000000;0.3187500000;-1.9762500000;4.0162500000;8.5625000000;-0.7500000000;45.5000000000
-0.5202000000;-2.5806000000;-9.7206000000;2.8050000000;-1.7212500000;1.0837500000;8.8750000000;-0.7500000000;45.7500000000
-0.7854000000;-2.7438000000;-9.3942000000;-0.7012500000;4.3987500000;4.5262500000;9.2500000000;-2.5625000000;46.2500000000
-0.9180000000;-2.7438000000;-9.3840000000;3.3150000000;2.2312500000;3.3787500000;9.0000000000;-2.5625000000;44.6875000000
-0.7548000000;-2.6010000000;-9.3330000000;-1.1475000000;2.7412500000;2.1675000000;9.0000000000;-2.5625000000;44.6875000000
-0.6732000000;-3.1416000000;-9.3024000000;1.4662500000;2.8050000000;3.7612500000;9.0000000000;-1.5000000000;45.7500000000
-0.7752000000;-2.7642000000;-9.3228000000;2.8687500000;0.4462500000;0.3825000000;9.2500000000;-1.7500000000;46.6875000000
-0.7140000000;-2.4480000000;-8.7924000000;-4.3350000000;-0.8925000000;1.3387500000;7.8750000000;-2.1875000000;46.6875000000
-0.8466000000;-2.6418000000;-9.0780000000;0.4462500000;-5.5462500000;2.3587500000;8.5625000000;-1.7500000000;45.7500000000
-0.9180000000;-2.6928000000;-9.2616000000;-12.8775000000;-2.6137500000;0.5100000000;8.5625000000;-1.7500000000;45.7500000000
-0.6732000000;-2.7846000000;-9.7104000000;-8.5425000000;-6.7575000000;0.4462500000;9.0000000000;-1.1875000000;46.2500000000
-0.8364000000;-2.5602000000;-9.7002000000;-8.7337500000;-2.5500000000;0.3187500000;9.2500000000;-2.1875000000;45.8750000000
-0.9282000000;-2.3358000000;-9.4656000000;-1.4025000000;-4.5262500000;1.6575000000;8.8750000000;-2.5625000000;45.0000000000
-0.8670000000;-2.3460000000;-9.3432000000;0.2550000000;-3.4425000000;3.6975000000;9.2500000000;-3.0000000000;46.1875000000
-0.8364000000;-2.5908000000;-9.4146000000;-6.8212500000;-1.9762500000;2.6775000000;9.2500000000;-3.0000000000;46.1875000000
-0.9486000000;-2.7642000000;-9.4044000000;2.2312500000;-4.7175000000;2.3587500000;9.0000000000;-2.5625000000;45.0625000000
-0.7752000000;-2.1114000000;-9.7206000000;-6.1200000000;-3.6337500000;-0.1275000000;10.0625000000;-3.6875000000;46.1875000000
-1.1322000000;-2.4684000000;-9.1290000000;-3.9525000000;1.7850000000;2.4862500000;10.0625000000;-3.0000000000;45.8750000000
-0.9588000000;-2.4684000000;-9.2310000000;-1.4025000000;-3.2512500000;1.7212500000;9.6875000000;-3.6875000000;46.1875000000
-0.8874000000;-2.3358000000;-9.3942000000;-4.7175000000;-1.4025000000;2.8687500000;9.6875000000;-3.6875000000;46.1875000000
-1.4178000000;-2.9070000000;-9.0780000000;-8.8612500000;0.4462500000;1.8487500000;10.3750000000;-3.2500000000;45.0000000000
-0.8160000000;-2.3664000000;-9.7002000000;-1.0837500000;-6.1200000000;-0.2550000000;10.0625000000;-3.6875000000;45.0000000000
-1.1016000000;-2.1114000000;-9.1698000000;-0.5737500000;-1.9125000000;-0.9562500000;10.3750000000;-3.6875000000;46.2500000000
-1.1628000000;-2.3154000000;-9.3330000000;-3.3150000000;-5.4187500000;-1.2750000000;10.3750000000;-3.2500000000;44.6875000000
-1.0200000000;-2.1930000000;-9.4554000000;-3.6337500000;-4.9087500000;-1.1475000000;10.3750000000;-3.2500000000;44.6875000000
-1.2240000000;-2.2134000000;-9.4860000000;-5.0362500000;-4.3350000000;0.8925000000;10.7500000000;-4.0625000000;45.5000000000
-1.2342000000;-2.3256000000;-9.6390000000;-3.0600000000;-6.6300000000;0.6375000000;10.7500000000;-4.0625000000;45.5000000000
-1.1424000000;-2.0910000000;-9.7716000000;-2.8050000000;-5.2275000000;0.9562500000;11.1875000000;-4.5000000000;45.5000000000
-1.1118000000;-2.0808000000;-9.6594000000;-7.0125000000;-1.1475000000;-0.3825000000;11.1875000000;-4.0625000000;45.5000000000
-1.4586000000;-2.2644000000;-9.5472000000;0.8287500000;-2.5500000000;2.6137500000;11.1875000000;-4.0625000000;45.5000000000
-1.1220000000;-2.0400000000;-9.4554000000;-4.3987500000;-2.2950000000;-0.3825000000;11.8750000000;-4.7500000000;45.0000000000
-1.3668000000;-2.1624000000;-9.4350000000;0.3825000000;-2.4862500000;0.6375000000;11.5625000000;-4.7500000000;44.6875000000
-1.3260000000;-2.1726000000;-9.3228000000;-2.7412500000;-2.2312500000;-1.4025000000;11.1875000000;-4.5000000000;44.6875000000
-1.1934000000;-1.7340000000;-9.4554000000;-4.6537500000;-5.1637500000;-0.8287500000;11.8750000000;-5.1875000000;45.5000000000
-1.4484000000;-1.9584000000;-9.3228000000;-1.7850000000;-2.2950000000;0.7012500000;11.8750000000;-5.1875000000;45.5000000000
-1.3566000000;-1.9686000000;-9.6288000000;-1.5937500000;-3.8887500000;0.1275000000;11.1875000000;-5.1875000000;45.0000000000
-1.3668000000;-2.0808000000;-9.8532000000;-4.9725000000;-2.2950000000;1.1475000000;11.8750000000;-5.5625000000;45.0625000000
-1.3464000000;-2.0298000000;-9.6798000000;-1.9762500000;-1.0837500000;0.5737500000;11.5625000000;-5.8750000000;45.5000000000
-1.3260000000;-2.0196000000;-9.7512000000;-0.2550000000;-0.0637500000;0.9562500000;11.5625000000;-5.8750000000;45.5000000000
-1.4178000000;-1.9584000000;-9.1086000000;-1.7212500000;2.6137500000;0.4462500000;11.8750000000;-5.8750000000;45.0000000000
-1.4178000000;-1.7748000000;-9.1392000000;0.7650000000;-4.0800000000;0.5737500000;11.5625000000;-5.5625000000;44.6875000000
-1.3158000000;-2.1114000000;-9.3432000000;-4.9087500000;-3.8887500000;0.5100000000;12.2500000000;-5.1875000000;44.6875000000
-1.5810000000;-2.1114000000;-9.5370000000;-4.5262500000;-4.9725000000;-1.0837500000;12.2500000000;-5.5625000000;45.5000000000
-1.4586000000;-2.1420000000;-10.0266000000;-2.3587500000;-7.2037500000;-0.1275000000;12.2500000000;-5.5625000000;45.5000000000
-1.3668000000;-1.8054000000;-9.8124000000;-6.2475000000;-0.5737500000;-1.9125000000;11.5625000000;-6.6875000000;45.5000000000
-1.7442000000;-1.7952000000;-9.6084000000;3.1875000000;-0.7650000000;-0.6375000000;11.5625000000;-6.0000000000;44.2500000000
-1.4484000000;-1.7136000000;-9.4656000000;0.8287500000;-0.4462500000;1.0837500000;12.2500000000;-6.0000000000;44.2500000000
-1.3566000000;-1.7850000000;-9.5574000000;-0.4462500000;-1.3387500000;2.1037500000;12.2500000000;-6.2500000000;44.6875000000
-1.5402000000;-2.0604000000;-9.5166000000;4.3350000000;-0.1275000000;3.5062500000;12.2500000000;-6.2500000000;44.6875000000
-1.5606000000;-2.0502000000;-9.0984000000;-4.3987500000;2.1037500000;0.3187500000;12.2500000000;-6.2500000000;45.0625000000
-1.4178000000;-1.8156000000;-9.4044000000;3.5062500000;-3.6337500000;1.7212500000;13.0625000000;-5.5625000000;44.2500000000
-1.5912000000;-2.1624000000;-9.4758000000;-4.4625000000;-1.6575000000;1.7850000000;13.0625000000;-6.2500000000;43.7500000000
-1.3566000000;-1.8054000000;-9.7104000000;-1.4025000000;-3.8887500000;-0.8925000000;13.0625000000;-6.2500000000;45.0625000000
-1.6830000000;-1.8972000000;-9.7308000000;-0.3825000000;0.7650000000;-0.3187500000;13.0625000000;-6.2500000000;45.0625000000
-1.5606000000;-1.8360000000;-9.5064000000;0.3187500000;-0.7650000000;-1.2112500000;12.6875000000;-5.8750000000;45.0000000000
-1.2954000000;-1.6626000000;-9.7614000000;3.0600000000;-0.3825000000;0.7012500000;13.0625000000;-6.6875000000;43.8750000000
-1.6116000000;-2.0400000000;-9.3636000000;-0.4462500000;3.6337500000;-0.1275000000;12.2500000000;-6.2500000000;44.6875000000
-1.5912000000;-1.8054000000;-9.3228000000;2.3587500000;-0.8287500000;0.3825000000;12.6875000000;-5.8750000000;44.6875000000
-1.4280000000;-2.1930000000;-9.5574000000;-2.7412500000;0.1275000000;-0.7012500000;12.6875000000;-5.8750000000;44.6875000000
-1.6728000000;-1.9278000000;-9.6696000000;1.0837500000;1.7212500000;0.5100000000;12.6875000000;-5.5625000000;45.0625000000
-1.5402000000;-1.9176000000;-9.3534000000;-0.3187500000;0.1912500000;-1.6575000000;12.2500000000;-5.8750000000;44.2500000000
-1.4484000000;-1.7748000000;-9.2922000000;-0.7012500000;-0.4462500000;1.0837500000;12.2500000000;-6.2500000000;46.2500000000
-1.6320000000;-2.0604000000;-9.2514000000;-2.2950000000;0.5737500000;0.4462500000;13.0625000000;-5.8750000000;44.6875000000
-1.3770000000;-1.8666000000;-9.4656000000;-1.7850000000;-3.4425000000;-0.0637500000;13.0625000000;-5.8750000000;44.6875000000
-1.5912000000;-1.9890000000;-9.7206000000;0.0000000000;-2.1037500000;0.7650000000;12.6875000000;-5.8750000000;45.0000000000
-1.5912000000;-1.9788000000;-9.7614000000;-1.2750000000;-0.2550000000;-1.7850000000;13.0625000000;-6.6875000000;44.6875000000
-1.4790000000;-1.7340000000;-9.6696000000;1.5300000000;1.7212500000;-1.3387500000;12.6875000000;-6.2500000000;43.5000000000
-1.4586000000;-1.5912000000;-9.3228000000;0.3825000000;1.5937500000;0.5100000000;12.2500000000;-5.5625000000;45.0000000000
-1.6830000000;-1.9788000000;-9.3432000000;0.6375000000;0.9562500000;1.0200000000;12.2500000000;-5.5625000000;45.0000000000
-1.4382000000;-1.7442000000;-9.3126000000;-0.1275000000;-1.0837500000;0.3825000000;12.2500000000;-5.5625000000;45.0625000000
-1.5402000000;-2.1624000000;-9.5064000000;-2.4862500000;-1.0837500000;1.4662500000;12.6875000000;-6.0000000000;44.6875000000
-1.6932000000;-2.0706000000;-9.6798000000;1.7212500000;-0.4462500000;-1.7212500000;12.2500000000;-6.6875000000;44.6875000000
-1.4382000000;-1.7952000000;-9.5472000000;-1.7850000000;-0.1275000000;-1.5300000000;13.6875000000;-6.0000000000;45.0625000000
-1.5810000000;-1.8972000000;-9.3636000000;1.9762500000;1.0200000000;-0.3187500000;13.6875000000;-6.0000000000;45.0625000000
-1.4484000000;-1.6320000000;-9.3636000000;-0.1275000000;0.2550000000;-0.5737500000;12.6875000000;-5.8750000000;45.0000000000
-1.6014000000;-1.8870000000;-9.3126000000;0.3825000000;-0.2550000000;1.4025000000;12.6875000000;-6.0000000000;45.5000000000
-1.5096000000;-1.9482000000;-9.2820000000;-2.0400000000;-3.0600000000;0.0000000000;13.0625000000;-6.2500000000;45.0000000000
-1.6218000000;-1.6728000000;-8.7720000000;-3.6975000000;-2.5500000000;0.2550000000;12.2500000000;-5.5625000000;44.6875000000
-1.6932000000;-1.3158000000;-7.6806000000;-8.8612500000;-10.3275000000;1.9125000000;12.2500000000;-5.5625000000;44.6875000000
-2.0094000000;-1.2852000000;-7.2828000000;-14.9175000000;-23.7150000000;3.0600000000;12.6875000000;-6.6875000000;44.6875000000
-2.6520000000;-0.1122000000;-4.0800000000;-20.8462500000;-38.9512500000;4.5900000000;13.6875000000;-7.0000000000;43.8750000000
-3.1212000000;1.0098000000;-1.1118000000;-30.2812500000;-80.7075000000;20.1450000000;14.0625000000;-6.6875000000;43.8750000000
-4.8042000000;-0.4182000000;-2.1828000000;-91.8000000000;-148.9200000000;23.2687500000;17.3750000000;-9.2500000000;43.7500000000
-8.0070000000;0.7752000000;-3.4170000000;-81.0262500000;-207.5062500000;5.4825000000;17.3750000000;-9.2500000000;43.7500000000
-10.0368000000;0.8160000000;-3.3762000000;-94.0312500000;-259.0162500000;-3.3787500000;20.7500000000;-13.2500000000;39.5000000000
-13.4334000000;2.2236000000;-2.2644000000;-67.1287500000;-304.2787500000;17.5312500000;27.0625000000;-16.2500000000;34.7500000000
-19.2882000000;0.1734000000;-4.9572000000;-74.6512500000;-374.4675000000;4.5900000000;34.0625000000;-17.7500000000;25.6875000000
-19.0536000000;1.7544000000;-7.6704000000;-70.0612500000;-397.5450000000;-19.4437500000;39.2500000000;-21.5625000000;15.8750000000
-14.5248000000;0.7344000000;-6.4158000000;3.3787500000;-328.0575000000;23.9700000000;39.2500000000;-21.5625000000;15.8750000000
-14.5962000000;2.1522000000;-3.7128000000;-15.2362500000;-291.7200000000;-5.1637500000;42.2500000000;-22.5625000000;1.6875000000
-14.6064000000;1.8768000000;-6.1608000000;-85.9987500000;-195.2662500000;26.9662500000;40.0000000000;-22.1875000000;-9.1875000000
-12.6480000000;-1.3056000000;-3.9168000000;-62.9850000000;-128.2012500000;16.6387500000;37.3750000000;-26.6875000000;-17.5625000000
-10.0878000000;0.2652000000;-2.7438000000;43.4137500000;-48.9600000000;-16.6387500000;33.5000000000;-27.0000000000;-23.0625000000
-9.8736000000;1.9278000000;-0.3978000000;23.9700000000;3.8250000000;-6.3112500000;33.5000000000;-27.0000000000;-23.0625000000
-10.0266000000;0.7038000000;1.4076000000;-28.9425000000;45.6450000000;-1.7850000000;32.2500000000;-27.0000000000;-23.0625000000
-9.8022000000;0.3876000000;2.8560000000;-41.1187500000;48.0037500000;-5.4187500000;32.5625000000;-27.6875000000;-22.0000000000
-10.0266000000;-0.2448000000;3.0804000000;-26.3925000000;31.6200000000;-10.3275000000;33.5625000000;-27.0000000000;-21.2500000000
-9.5064000000;0.2856000000;2.8050000000;-3.9525000000;32.7675000000;-15.3637500000;33.5625000000;-27.0000000000;-21.2500000000
-9.4554000000;0.3876000000;2.9172000000;-9.1162500000;43.0312500000;-21.1650000000;34.2500000000;-25.7500000000;-22.5000000000
-10.2510000000;1.1628000000;3.2946000000;-13.4512500000;47.3662500000;-17.2125000000;35.0625000000;-24.6875000000;-19.6875000000
-9.6594000000;-0.5916000000;2.6826000000;-43.7325000000;33.1500000000;-4.8450000000;36.5625000000;-23.8750000000;-19.0000000000
-9.2922000000;0.2652000000;2.7540000000;10.6462500000;22.3125000000;-20.2725000000;37.2500000000;-23.1875000000;-18.5000000000
-9.3738000000;1.4586000000;3.1008000000;13.1962500000;24.7987500000;-14.2800000000;37.2500000000;-23.1875000000;-18.5000000000
-9.4758000000;1.0098000000;3.4476000000;-17.7862500000;13.1325000000;-3.3150000000;38.0000000000;-22.0625000000;-17.7500000000
-9.7920000000;0.6936000000;3.2028000000;-4.5262500000;-3.5700000000;4.9087500000;39.0625000000;-21.3750000000;-16.0625000000
-9.6390000000;0.2652000000;2.3562000000;3.2512500000;-12.8775000000;8.7975000000;39.0625000000;-19.0000000000;-15.7500000000
-9.2820000000;0.5304000000;2.0196000000;6.8850000000;-6.3112500000;7.5862500000;39.0625000000;-21.5625000000;-16.1875000000
-9.8328000000;0.4488000000;2.5398000000;4.9725000000;-2.3587500000;13.8337500000;39.0625000000;-21.5625000000;-16.1875000000
-9.8022000000;-0.4386000000;2.1318000000;-0.2550000000;-6.2475000000;18.1050000000;38.0000000000;-21.2500000000;-16.6875000000
-9.6900000000;-0.4284000000;2.0502000000;10.2000000000;-4.0800000000;7.9687500000;38.0000000000;-22.0000000000;-16.6875000000
-10.0368000000;0.0000000000;1.6728000000;1.5300000000;-2.0400000000;6.4387500000;38.0000000000;-22.6875000000;-15.5000000000
-9.8022000000;-0.6630000000;1.4076000000;-24.2887500000;6.4387500000;5.9925000000;37.2500000000;-21.5625000000;-17.3750000000
-9.7206000000;-0.2244000000;1.9176000000;0.6375000000;11.0287500000;-5.1637500000;37.2500000000;-21.5625000000;-17.3750000000
-9.8634000000;0.6120000000;2.4072000000;4.9087500000;9.3712500000;-6.3112500000;36.8750000000;-23.0625000000;-17.0625000000
-9.7002000000;0.3570000000;2.2134000000;-4.0800000000;4.1437500000;-3.8887500000;38.0000000000;-23.0625000000;-16.6875000000
-9.6798000000;0.7242000000;2.1420000000;3.2512500000;2.9325000000;-3.6975000000;38.0000000000;-23.0625000000;-16.6875000000
-9.7002000000;0.4386000000;1.7850000000;-8.2875000000;2.2950000000;-0.6375000000;38.0000000000;-20.5000000000;-17.8750000000
-9.6390000000;0.2652000000;2.0400000000;-0.1912500000;4.1437500000;0.0637500000;38.0000000000;-20.5000000000;-17.8750000000
-9.7512000000;0.4284000000;2.3562000000;1.2112500000;2.0400000000;1.0837500000;38.3750000000;-22.6875000000;-15.8750000000
-9.6288000000;0.3978000000;2.2950000000;-3.1237500000;-1.1475000000;2.6137500000;38.3750000000;-20.5000000000;-16.1875000000
-9.6900000000;0.4896000000;2.2950000000;-0.6375000000;-4.2075000000;3.1875000000;38.6875000000;-22.3750000000;-16.6875000000
-9.7104000000;0.1122000000;1.9890000000;-0.9562500000;-5.4825000000;3.9525000000;39.0625000000;-22.6875000000;-15.8750000000
-9.7002000000;0.3468000000;2.1420000000;0.7650000000;-3.1875000000;3.3787500000;39.0625000000;-22.6875000000;-15.8750000000
-9.7308000000;0.1428000000;2.0298000000;-0.7650000000;-4.7812500000;3.4425000000;38.0000000000;-22.6875000000;-17.0625000000
-9.7716000000;0.4284000000;1.9584000000;2.4225000000;-3.5062500000;4.0162500000;38.0000000000;-22.6875000000;-16.6875000000
-9.6798000000;0.2142000000;1.8666000000;0.2550000000;-1.5937500000;3.6975000000;37.2500000000;-20.8750000000;-15.8750000000
-9.7410000000;0.3774000000;2.0604000000;3.3787500000;-1.2750000000;0.6375000000;38.0000000000;-23.0625000000;-17.0625000000
-9.6798000000;0.5712000000;2.0196000000;2.8050000000;-1.0837500000;2.1037500000;38.0000000000;-23.0625000000;-17.0625000000
-9.7308000000;0.0714000000;2.0808000000;-2.8687500000;-0.2550000000;3.5700000000;37.6875000000;-22.0000000000;-17.0625000000
-9.7002000000;0.3162000000;2.1012000000;2.2950000000;-1.3387500000;-0.3825000000;37.2500000000;-22.0000000000;-18.1875000000
-9.7716000000;0.3366000000;2.1420000000;-2.6775000000;-0.8925000000;0.1912500000;36.8750000000;-24.1875000000;-17.8750000000
-9.6798000000;0.3978000000;2.1420000000;-1.2112500000;-2.1037500000;-0.9562500000;37.2500000000;-23.0625000000;-18.1875000000
-9.7206000000;0.4590000000;2.1114000000;-1.5300000000;-1.1475000000;-0.1912500000;37.2500000000;-23.0625000000;-18.1875000000
-9.7920000000;0.2550000000;2.0808000000;-2.8687500000;-0.0637500000;0.1275000000;37.2500000000;-21.2500000000;-17.3750000000
-9.6900000000;0.6630000000;1.8360000000;3.3787500000;0.1912500000;-0.8287500000;38.0000000000;-22.6875000000;-19.0625000000
-9.8940000000;0.6732000000;1.6932000000;-1.0200000000;3.8250000000;1.9125000000;37.6875000000;-21.2500000000;-17.0625000000
-9.5472000000;0.8976000000;0.1734000000;8.5425000000;11.0287500000;-0.4462500000;37.2500000000;-23.0625000000;-17.0625000000
-9.8226000000;1.5606000000;-0.8466000000;17.5950000000;38.6962500000;1.9125000000;37.2500000000;-23.0625000000;-17.0625000000
-10.4550000000;0.8976000000;-0.8160000000;12.9412500000;67.1287500000;7.2037500000;37.6875000000;-23.5000000000;-17.3750000000
-11.1486000000;1.1526000000;-1.3464000000;10.1362500000;77.6475000000;10.8375000000;38.0000000000;-24.1875000000;-13.5000000000
-11.4750000000;0.3774000000;-3.1008000000;5.4187500000;93.0750000000;13.0687500000;39.0625000000;-23.7500000000;-12.2500000000
-12.1074000000;0.1326000000;-4.6716000000;8.2237500000;122.2725000000;7.3950000000;39.8750000000;-23.5000000000;-9.8750000000
-12.8928000000;-0.3876000000;-5.2122000000;4.7175000000;157.2712500000;5.0362500000;39.8750000000;-23.5000000000;-9.8750000000
-12.8010000000;0.1326000000;-5.0082000000;38.6325000000;179.4562500000;-7.8412500000;41.6875000000;-21.5625000000;-5.1875000000
-13.5048000000;0.9792000000;-5.6202000000;37.4850000000;199.3462500000;-1.1475000000;42.3750000000;-20.5000000000;0.7500000000
-12.8928000000;0.6018000000;-5.9568000000;23.9700000000;207.8250000000;-10.0725000000;42.0625000000;-22.0000000000;6.1875000000
-12.7602000000;1.6626000000;-5.9058000000;85.7437500000;221.4037500000;-11.7937500000;41.0000000000;-20.5000000000;15.2500000000
-11.0160000000;0.8058000000;-6.8034000000;45.7725000000;227.0137500000;-17.9775000000;41.0000000000;-20.5000000000;15.2500000000
-10.7100000000;0.9792000000;-6.8850000000;68.0212500000;233.3250000000;-15.0450000000;39.0625000000;-16.7500000000;22.6875000000
-8.8332000000;0.9588000000;-5.7018000000;56.2912500000;233.1337500000;-14.0250000000;33.5625000000;-15.6875000000;29.2500000000
-6.1812000000;1.4994000000;-3.9882000000;85.3612500000;209.8650000000;-8.4787500000;28.2500000000;-12.3750000000;36.5000000000
-3.8556000000;0.3468000000;0.2448000000;71.7187500000;180.8587500000;1.5300000000;28.2500000000;-12.3750000000;36.5000000000
-0.4386000000;2.7336000000;-0.4590000000;52.7850000000;94.2862500000;0.5100000000;21.5625000000;-10.0625000000;40.3750000000
-1.3668000000;-2.0910000000;-4.1004000000;12.9412500000;45.0712500000;63.1762500000;14.8750000000;-7.0625000000;43.8750000000
-2.4888000000;-5.5488000000;-7.6194000000;-53.8050000000;-7.0125000000;38.4412500000;11.5625000000;-4.8750000000;44.2500000000
-1.2546000000;-4.0188000000;-10.8426000000;-28.9425000000;-28.3687500000;5.0362500000;12.0000000000;-7.0625000000;43.5000000000
-1.1220000000;-0.7140000000;-12.3420000000;0.1912500000;-16.1287500000;-5.4187500000;12.0000000000;-7.0625000000;43.5000000000
-2.4684000000;-2.1930000000;-9.5166000000;-6.8212500000;14.1525000000;1.9125000000;11.8750000000;-8.1875000000;43.5000000000
-1.7748000000;-1.4178000000;-7.9458000000;8.9887500000;4.0162500000;-2.0400000000;12.2500000000;-8.1875000000;43.8750000000
-1.0812000000;-1.2852000000;-9.2310000000;-3.9525000000;-13.4512500000;0.6375000000;12.2500000000;-9.0000000000;43.8750000000
-1.9992000000;-1.6014000000;-9.2412000000;-12.1125000000;-5.6100000000;5.1637500000;12.1875000000;-8.5000000000;43.8750000000
-1.9482000000;-1.6524000000;-9.8838000000;-8.6062500000;-13.9612500000;1.7212500000;12.1875000000;-8.5000000000;43.8750000000
-1.7952000000;-1.7646000000;-10.3326000000;-12.2400000000;-10.9012500000;-1.4025000000;12.7500000000;-8.8750000000;43.0625000000
-1.9686000000;-1.6320000000;-9.6492000000;-2.9962500000;-4.6537500000;-3.8887500000;14.0000000000;-9.2500000000;42.6875000000
-1.6320000000;-1.2852000000;-9.7308000000;-5.2912500000;-4.3987500000;-6.3750000000;12.7500000000;-8.8750000000;42.6875000000
-1.9278000000;-0.9486000000;-9.2718000000;-1.6575000000;0.8925000000;-3.3150000000;13.1875000000;-9.8750000000;42.6875000000
-1.8768000000;-0.9384000000;-9.1494000000;1.2750000000;-3.1875000000;-2.1675000000;13.1875000000;-9.8750000000;42.6875000000
-1.7136000000;-0.8364000000;-9.7206000000;-1.5937500000;-5.1000000000;0.7012500000;13.5625000000;-9.8750000000;43.5000000000
-2.0604000000;-1.4484000000;-9.6594000000;-4.3987500000;-1.2112500000;4.7812500000;12.7500000000;-9.5625000000;43.8750000000
-2.0196000000;-1.4076000000;-9.5880000000;-3.1875000000;-2.6775000000;2.4225000000;14.2500000000;-10.2500000000;43.8750000000
-1.9176000000;-1.4586000000;-10.1898000000;1.0837500000;-2.1675000000;1.7212500000;13.5625000000;-9.8750000000;42.2500000000
-2.0094000000;-1.5912000000;-9.4146000000;-4.3350000000;2.8050000000;1.4662500000;13.5625000000;-9.8750000000;42.2500000000
-2.0400000000;-1.0506000000;-9.3228000000;1.6575000000;-3.4425000000;0.1275000000;13.5625000000;-10.2500000000;43.5000000000
-2.0298000000;-1.4892000000;-9.2718000000;-1.4025000000;-1.6575000000;0.1912500000;14.6875000000;-9.8750000000;43.8750000000
-2.0196000000;-0.9078000000;-9.4554000000;-5.0362500000;-4.3987500000;-0.3187500000;14.0000000000;-10.6875000000;41.5000000000
-2.0196000000;-1.3566000000;-9.7206000000;-4.2712500000;-5.0362500000;3.4425000000;14.6875000000;-10.6875000000;43.5000000000
-2.0604000000;-1.5606000000;-9.6288000000;-8.4787500000;-2.4862500000;-0.1912500000;14.6875000000;-10.6875000000;43.5000000000
-2.1216000000;-1.1934000000;-9.7002000000;-5.6100000000;-2.5500000000;-0.5100000000;14.0000000000;-11.0625000000;42.3750000000
-2.0808000000;-1.2648000000;-9.4758000000;0.5100000000;-0.6375000000;-0.3825000000;14.2500000000;-10.6875000000;41.8750000000
-1.9992000000;-0.7752000000;-9.1800000000;-2.3587500000;-4.3987500000;-1.7212500000;14.6875000000;-10.6875000000;42.2500000000
-2.1726000000;-1.2036000000;-9.4044000000;-4.7812500000;-3.6337500000;2.6137500000;15.0625000000;-10.2500000000;42.6875000000
-2.1726000000;-1.1220000000;-9.6594000000;-1.7212500000;-4.8450000000;-0.6375000000;15.0625000000;-10.2500000000;42.6875000000
-2.0400000000;-0.9486000000;-10.0674000000;-3.4425000000;-1.9125000000;2.5500000000;15.0625000000;-11.0625000000;42.6875000000
-2.2950000000;-1.4076000000;-9.6390000000;-0.8287500000;1.7212500000;1.9125000000;14.6875000000;-12.1875000000;41.5000000000
-2.0094000000;-0.8160000000;-9.7206000000;3.6975000000;0.3825000000;0.6375000000;14.6875000000;-11.0625000000;41.8750000000
-2.3154000000;-1.2138000000;-9.1290000000;-0.2550000000;3.3787500000;2.3587500000;14.2500000000;-11.3750000000;43.0625000000
-2.0706000000;-1.0812000000;-9.4962000000;2.7412500000;-1.4025000000;1.5937500000;14.2500000000;-11.3750000000;43.0625000000
-2.0706000000;-1.3362000000;-9.4248000000;-3.9525000000;-0.1912500000;1.9762500000;15.0625000000;-11.3750000000;42.6875000000
-2.2032000000;-1.2954000000;-9.4860000000;0.8287500000;-0.6375000000;0.4462500000;14.6875000000;-11.3750000000;41.5000000000
-2.2236000000;-1.0608000000;-9.1596000000;-5.2912500000;-3.3787500000;-1.6575000000;15.0625000000;-11.7500000000;42.2500000000
-1.9890000000;-1.2444000000;-9.5574000000;-1.4662500000;-1.6575000000;-1.5937500000;15.0625000000;-12.1875000000;43.0000000000
-2.3664000000;-0.9282000000;-9.1902000000;-2.4225000000;-2.4862500000;0.2550000000;15.0625000000;-12.1875000000;43.0000000000
-2.2440000000;-1.0608000000;-9.3840000000;-2.8687500000;-6.2475000000;-0.5737500000;15.0625000000;-11.7500000000;42.6875000000
-2.1930000000;-1.0608000000;-9.8022000000;-2.8687500000;-3.9525000000;-0.2550000000;14.6875000000;-12.1875000000;42.2500000000
-2.4786000000;-1.2750000000;-9.6696000000;-4.6537500000;-2.6775000000;-1.2112500000;15.7500000000;-11.7500000000;41.8750000000
-2.1216000000;-0.7446000000;-9.5778000000;2.9325000000;-1.9762500000;-2.4862500000;16.1875000000;-11.3750000000;41.8750000000
-2.4684000000;-0.7548000000;-9.1596000000;-5.2912500000;-1.4025000000;0.2550000000;16.1875000000;-11.3750000000;41.8750000000
-2.1318000000;-0.8772000000;-9.6390000000;2.9325000000;-3.3787500000;-0.1912500000;15.7500000000;-12.5625000000;42.6875000000
-2.3460000000;-0.8976000000;-9.4452000000;-5.3550000000;-0.8925000000;0.8287500000;15.7500000000;-11.7500000000;41.8750000000
-2.2440000000;-0.8670000000;-9.3534000000;-4.7812500000;-1.1475000000;2.2312500000;15.5000000000;-11.3750000000;40.6875000000
-2.5092000000;-1.0098000000;-9.4962000000;-0.1912500000;-2.7412500000;2.4225000000;15.5000000000;-11.3750000000;40.6875000000
-2.2236000000;-1.1526000000;-9.9654000000;-1.5300000000;-2.8050000000;0.8925000000;16.1875000000;-12.5625000000;43.5000000000
-2.3562000000;-0.8874000000;-9.4656000000;4.2075000000;0.3825000000;-0.8925000000;15.5000000000;-12.5625000000;41.0625000000
-2.3766000000;-0.9384000000;-9.4044000000;-1.5300000000;0.1912500000;-0.8287500000;16.5000000000;-12.1875000000;42.2500000000
-2.3256000000;-0.9384000000;-9.4248000000;-0.1912500000;-1.5937500000;-1.3387500000;15.7500000000;-12.5625000000;42.6875000000
-2.4174000000;-0.8466000000;-9.2310000000;-2.1037500000;0.4462500000;-0.5100000000;15.7500000000;-12.5625000000;42.6875000000
-2.3868000000;-0.7956000000;-9.4350000000;-1.4025000000;-2.5500000000;0.4462500000;16.8750000000;-11.7500000000;42.6875000000
-2.4072000000;-0.8976000000;-9.4962000000;-3.1237500000;-1.7850000000;1.5937500000;16.5000000000;-12.5625000000;41.5000000000
-2.4174000000;-1.0608000000;-9.8124000000;-3.7612500000;-1.5300000000;1.4025000000;16.5000000000;-12.8750000000;42.2500000000
-2.4990000000;-1.0506000000;-9.5982000000;-0.8287500000;1.5937500000;1.0837500000;16.1875000000;-12.5625000000;41.8750000000
-2.3460000000;-0.7854000000;-9.4554000000;-2.8687500000;0.4462500000;-0.1912500000;16.1875000000;-12.5625000000;41.8750000000
-2.4480000000;-0.7446000000;-9.3432000000;-0.2550000000;0.4462500000;-0.1912500000;16.8750000000;-12.8750000000;41.5000000000
-2.2644000000;-0.7956000000;-9.6696000000;-0.3825000000;-0.5100000000;-0.6375000000;15.5000000000;-12.5625000000;41.0625000000
-2.4072000000;-0.5202000000;-9.4350000000;1.7850000000;1.2750000000;0.1912500000;15.5000000000;-12.5625000000;42.2500000000
-2.4582000000;-0.9180000000;-9.2004000000;0.2550000000;-0.5100000000;-0.3187500000;16.5000000000;-12.5625000000;42.2500000000
-2.2848000000;-0.4692000000;-9.6288000000;0.7012500000;-2.6137500000;-0.1275000000;16.5000000000;-12.5625000000;42.2500000000
-2.6010000000;-0.9282000000;-9.5778000000;-0.2550000000;-0.8287500000;1.3387500000;15.5000000000;-12.8750000000;40.3750000000
-2.4276000000;-1.0200000000;-9.6900000000;0.0637500000;-1.2112500000;-0.9562500000;15.5000000000;-12.1875000000;41.5000000000
-2.3664000000;-0.5610000000;-9.4350000000;-1.9762500000;1.9762500000;-0.2550000000;16.8750000000;-12.8750000000;40.6875000000
-2.5398000000;-0.9996000000;-9.4656000000;0.1912500000;-1.1475000000;0.8287500000;16.1875000000;-12.8750000000;40.6875000000
-2.3460000000;-0.8160000000;-9.5472000000;-0.2550000000;-0.4462500000;-1.1475000000;16.1875000000;-12.8750000000;40.6875000000
-2.2746000000;-0.6222000000;-9.5778000000;-1.5937500000;0.6375000000;1.3387500000;16.1875000000;-12.5625000000;40.2500000000
-2.6214000000;-1.0098000000;-9.2514000000;0.3825000000;0.1275000000;0.4462500000;16.5000000000;-13.2500000000;41.5000000000
-2.1726000000;-0.4998000000;-9.4758000000;0.4462500000;-3.0600000000;-1.3387500000;15.7500000000;-12.8750000000;41.5000000000
-2.4378000000;-1.0200000000;-9.5472000000;-3.8887500000;-0.7650000000;1.5300000000;16.1875000000;-12.1875000000;42.1875000000
-2.5194000000;-0.9078000000;-9.2820000000;2.6137500000;-1.5937500000;-0.2550000000;16.1875000000;-12.1875000000;42.1875000000
-2.3562000000;-0.8058000000;-9.4452000000;-0.7650000000;-3.1875000000;1.4662500000;16.5000000000;-12.5625000000;42.2500000000
-2.6520000000;-1.0098000000;-9.0984000000;-5.3550000000;-2.4225000000;0.4462500000;16.1875000000;-12.5625000000;41.0625000000
-2.5092000000;-0.8160000000;-9.4962000000;-1.1475000000;-5.5462500000;-0.4462500000;16.5000000000;-14.3750000000;41.5000000000
-2.3970000000;-0.7242000000;-10.3122000000;-3.4425000000;-4.5900000000;-0.5737500000;16.5000000000;-13.2500000000;40.6875000000
-2.6724000000;-0.9792000000;-10.5876000000;1.5937500000;2.7412500000;-0.8925000000;16.5000000000;-13.2500000000;40.6875000000
-2.5092000000;-0.2142000000;-9.4860000000;9.6262500000;6.6300000000;-2.1037500000;16.5000000000;-14.0000000000;41.8750000000
-2.2950000000;-0.4794000000;-9.2004000000;3.5062500000;8.0962500000;1.5937500000;16.5000000000;-14.0000000000;40.6875000000
-2.6010000000;-0.6732000000;-8.3742000000;3.6975000000;5.0362500000;2.9962500000;15.5000000000;-13.6875000000;41.8750000000
-2.1828000000;-0.8262000000;-8.8026000000;-8.4150000000;-3.5062500000;5.9287500000;16.8750000000;-13.2500000000;40.6875000000
-2.5500000000;-1.1934000000;-9.4962000000;-6.6300000000;-5.3550000000;3.9525000000;16.8750000000;-13.2500000000;40.6875000000
-2.5500000000;-1.1934000000;-9.9450000000;-5.4825000000;-5.2275000000;-1.0200000000;16.1875000000;-12.8750000000;41.8750000000
-2.3868000000;-0.8670000000;-10.2612000000;-2.3587500000;-4.0800000000;-3.1237500000;15.7500000000;-13.2500000000;40.6875000000
-2.6316000000;-0.3366000000;-9.2616000000;5.5462500000;3.1237500000;-3.1875000000;16.5000000000;-13.6875000000;40.6875000000
-2.5092000000;-0.5100000000;-9.0678000000;-2.9962500000;-0.4462500000;-0.8287500000;16.8750000000;-14.3750000000;40.6875000000
-2.4072000000;-0.5610000000;-9.3534000000;-1.0837500000;-2.4862500000;0.9562500000;16.8750000000;-14.3750000000;40.6875000000
-2.6112000000;-0.6732000000;-9.3228000000;-7.0125000000;-1.5300000000;0.6375000000;16.5000000000;-14.0000000000;40.6875000000
-2.5908000000;-0.7752000000;-9.5166000000;0.5100000000;-5.0362500000;0.5100000000;17.2500000000;-14.3750000000;41.8750000000
-2.6010000000;-0.7446000000;-9.7002000000;-4.9725000000;-2.6137500000;-0.8925000000;16.5000000000;-13.6875000000;41.5000000000
-2.5296000000;-0.6018000000;-9.5064000000;-0.1275000000;-2.8687500000;-0.5737500000;17.6875000000;-15.0625000000;41.8750000000
-2.7438000000;-0.4386000000;-9.2004000000;-2.2312500000;-2.6775000000;0.2550000000;17.6875000000;-15.0625000000;41.8750000000
-2.6316000000;-0.5610000000;-8.8434000000;-5.6737500000;-5.8650000000;0.5100000000;17.2500000000;-15.0625000000;42.6875000000
-2.5194000000;-0.4284000000;-8.2416000000;-7.2675000000;-11.3475000000;0.4462500000;16.8750000000;-15.0625000000;40.2500000000
-2.7438000000;0.1836000000;-5.4162000000;-18.4875000000;-20.6550000000;0.5737500000;17.6875000000;-15.8750000000;41.0625000000
-3.6210000000;-0.6834000000;-5.9262000000;-44.5612500000;-48.5775000000;5.0362500000;17.2500000000;-15.5000000000;40.2500000000
-4.0596000000;-0.0102000000;-6.0282000000;-52.9125000000;-74.4600000000;-6.6300000000;17.2500000000;-15.5000000000;40.2500000000
-5.0082000000;-0.4386000000;-6.4770000000;-84.0862500000;-107.9925000000;-2.4225000000;19.8750000000;-17.3750000000;38.6875000000
-5.9262000000;-0.0204000000;-7.8030000000;-76.0537500000;-121.8900000000;-23.0137500000;21.6875000000;-19.1875000000;35.8750000000
-7.8030000000;0.8568000000;-6.2730000000;-35.0625000000;-118.6387500000;-11.9212500000;25.7500000000;-21.7500000000;32.3750000000
-8.4966000000;-0.5814000000;-7.8642000000;-84.5325000000;-152.7450000000;-33.2137500000;25.7500000000;-21.7500000000;32.3750000000
-9.0780000000;1.2138000000;-4.7430000000;16.5112500000;-143.6925000000;-37.0387500000;28.7500000000;-23.3750000000;27.6875000000
-9.4452000000;1.9380000000;-5.9466000000;13.8975000000;-172.5712500000;-26.7750000000;33.1875000000;-24.5000000000;23.2500000000
-11.5260000000;0.8364000000;-5.6202000000;2.0400000000;-170.6587500000;-28.4325000000;35.7500000000;-23.3750000000;20.5625000000
-11.4036000000;0.4386000000;-4.8654000000;17.7862500000;-170.5312500000;-26.4562500000;38.0000000000;-23.0000000000;14.6875000000
-11.0262000000;2.0400000000;-5.5488000000;36.9112500000;-179.2650000000;-25.6275000000;38.0000000000;-23.0000000000;14.6875000000
-11.0670000000;2.1930000000;-5.5794000000;-3.8887500000;-157.7812500000;-11.4112500000;40.5625000000;-22.2500000000;10.1875000000
-11.3220000000;0.2550000000;-5.8344000000;-13.7062500000;-127.2450000000;2.3587500000;42.7500000000;-20.3750000000;3.5000000000
-10.6998000000;1.0914000000;-5.0184000000;21.1650000000;-92.2462500000;-2.3587500000;42.3750000000;-21.5000000000;-1.2500000000
-10.2714000000;-0.3060000000;-3.7128000000;0.6375000000;-56.1000000000;2.9962500000;42.2500000000;-20.3750000000;-3.1875000000
-9.8736000000;-0.3264000000;-1.6116000000;-3.1237500000;-36.7200000000;-8.9887500000;42.2500000000;-20.3750000000;-3.1875000000
-10.3938000000;0.7956000000;0.0102000000;27.3487500000;-29.1337500000;-7.9050000000;41.5625000000;-21.1875000000;-4.3750000000
-10.4754000000;-0.6630000000;-0.2550000000;-22.1212500000;-36.8475000000;1.9125000000;41.0625000000;-20.7500000000;-6.0625000000
-10.1490000000;-0.5610000000;0.0204000000;-11.4112500000;-39.6525000000;-13.8975000000;40.6875000000;-22.2500000000;-7.6875000000
-9.7716000000;0.8670000000;0.2448000000;5.2275000000;-35.0625000000;-17.8500000000;40.2500000000;-20.3750000000;-9.0000000000
-10.1694000000;0.1530000000;0.4896000000;-24.7987500000;-31.1100000000;-7.8412500000;40.2500000000;-20.3750000000;-9.0000000000
-9.8838000000;0.7140000000;0.1632000000;-5.5462500000;-33.7875000000;-6.6300000000;40.2500000000;-19.6875000000;-9.0000000000
-9.8124000000;0.2958000000;0.4080000000;-8.5425000000;-18.2962500000;2.8687500000;39.3750000000;-21.1875000000;-11.6875000000
-9.9858000000;0.4182000000;0.5508000000;5.7375000000;-12.6225000000;3.5700000000;39.0625000000;-21.8750000000;-12.5000000000
-9.8736000000;0.2448000000;-0.0204000000;-3.2512500000;-0.4462500000;8.9250000000;39.0625000000;-19.2500000000;-13.7500000000
-10.0368000000;-0.4998000000;0.6732000000;-12.8137500000;12.3675000000;5.8650000000;39.0625000000;-19.2500000000;-13.7500000000
-9.9348000000;0.0816000000;0.6222000000;11.8575000000;11.8575000000;0.8287500000;39.0625000000;-20.0000000000;-12.5625000000
-10.0062000000;-0.0510000000;0.9384000000;-3.5700000000;18.0412500000;3.4425000000;39.0625000000;-21.5000000000;-12.5625000000
-9.9960000000;-0.2448000000;1.3566000000;-2.6775000000;15.1087500000;-0.0637500000;39.0625000000;-22.5625000000;-11.3750000000
-10.0062000000;-0.1020000000;1.0098000000;4.6537500000;5.8650000000;0.1275000000;39.3750000000;-21.1875000000;-11.3750000000
-9.7920000000;-0.1938000000;1.0914000000;-6.4387500000;7.8412500000;-2.3587500000;39.3750000000;-21.1875000000;-11.3750000000
-9.8940000000;0.3876000000;1.3872000000;0.7650000000;4.7175000000;-3.5700000000;39.3750000000;-21.8750000000;-11.0000000000
-9.7410000000;0.3774000000;0.8670000000;-8.2237500000;-0.1912500000;1.7850000000;39.3750000000;-21.1875000000;-11.0000000000
-9.8634000000;0.0000000000;1.2444000000;-8.7975000000;0.3187500000;0.1275000000;40.1875000000;-21.5000000000;-11.3750000000
-9.9756000000;0.4386000000;0.8160000000;8.2237500000;-5.7375000000;-0.1275000000;39.7500000000;-19.6875000000;-11.7500000000
-9.8634000000;-0.0306000000;0.7242000000;-8.6062500000;-1.2112500000;4.1437500000;39.7500000000;-19.6875000000;-11.7500000000
-9.8838000000;-0.0102000000;0.9792000000;-0.4462500000;-0.5100000000;1.5300000000;39.7500000000;-20.3750000000;-11.3750000000
-9.9552000000;0.3162000000;0.6936000000;5.5462500000;-3.7612500000;3.3787500000;39.7500000000;-19.2500000000;-11.3750000000
-9.8430000000;-0.1530000000;0.6324000000;-5.6100000000;1.1475000000;4.1437500000;39.0625000000;-20.0000000000;-11.3750000000
-10.0062000000;0.2448000000;1.0200000000;-10.1362500000;4.4625000000;2.0400000000;38.6875000000;-20.0000000000;-11.0000000000
-10.1592000000;-0.5814000000;0.8568000000;-15.9375000000;-0.5100000000;3.2512500000;38.6875000000;-20.0000000000;-11.0000000000
-9.8736000000;0.0102000000;0.1938000000;8.2875000000;-1.0837500000;-3.3787500000;39.0625000000;-20.3750000000;-11.0000000000
-9.9858000000;0.1734000000;0.7854000000;-6.9487500000;5.5462500000;-2.2950000000;39.0625000000;-20.7500000000;-10.2500000000
-9.9144000000;0.0612000000;0.8670000000;2.6775000000;0.5100000000;-2.3587500000;39.7500000000;-21.1875000000;-11.0000000000
-9.9042000000;0.4182000000;0.6834000000;-0.9562500000;2.6775000000;-0.3825000000;39.7500000000;-20.3750000000;-9.7500000000
-9.9144000000;-0.2142000000;0.9180000000;-5.2912500000;2.8050000000;-0.3825000000;39.7500000000;-20.3750000000;-9.7500000000
-9.9042000000;0.3060000000;0.8874000000;3.7612500000;1.0837500000;-2.2312500000;39.7500000000;-20.3750000000;-10.5625000000
-9.9450000000;0.0714000000;0.8160000000;-9.5625000000;2.1675000000;2.6137500000;40.1875000000;-20.7500000000;-11.3750000000
-9.9858000000;-0.1632000000;1.1220000000;-3.6975000000;0.7650000000;-0.6375000000;39.7500000000;-21.5000000000;-11.3750000000
-9.8328000000;0.4998000000;0.8874000000;5.4825000000;-3.7612500000;0.2550000000;39.7500000000;-21.5000000000;-11.0000000000
-9.8634000000;0.1428000000;0.8568000000;-7.0762500000;-1.5300000000;2.7412500000;39.7500000000;-21.5000000000;-11.0000000000
-9.9654000000;0.0102000000;1.0098000000;1.2112500000;-5.0362500000;1.5300000000;39.7500000000;-21.1875000000;-11.7500000000
-9.9348000000;0.1938000000;0.7956000000;1.9762500000;-5.9925000000;1.7850000000;39.3750000000;-19.6875000000;-10.5625000000
-9.9348000000;0.0714000000;0.7752000000;-5.1000000000;-2.3587500000;2.9325000000;39.0625000000;-21.1875000000;-13.0000000000
-9.9960000000;-0.0816000000;0.8466000000;-6.9487500000;-2.4225000000;1.8487500000;39.3750000000;-21.8750000000;-11.0000000000
-9.9960000000;0.1938000000;0.3774000000;-0.4462500000;-2.9962500000;2.9325000000;39.3750000000;-21.8750000000;-11.0000000000
-9.8736000000;0.1224000000;0.1428000000;-5.8650000000;4.7812500000;1.5937500000;39.7500000000;-21.5000000000;-12.5625000000
-10.0368000000;0.1530000000;0.3978000000;-0.3825000000;6.6937500000;1.0200000000;39.0625000000;-20.0000000000;-12.5625000000
-10.0980000000;0.3774000000;0.2346000000;1.2750000000;10.4550000000;2.2312500000;39.3750000000;-20.0000000000;-11.3750000000
-10.1592000000;-0.1326000000;0.1122000000;-5.8012500000;14.5350000000;1.5937500000;39.7500000000;-21.5000000000;-11.3750000000
-10.6896000000;0.7548000000;-0.4998000000;1.6575000000;17.8500000000;3.3787500000;39.7500000000;-21.5000000000;-11.3750000000
-10.5672000000;0.0612000000;-1.9482000000;-26.5200000000;24.1612500000;0.5737500000;39.7500000000;-19.6875000000;-10.5625000000
-10.6488000000;0.7650000000;-3.8046000000;-1.4025000000;35.0625000000;-1.5937500000;39.3750000000;-19.6875000000;-11.3750000000
-11.4444000000;1.6218000000;-5.6916000000;-4.0800000000;75.5437500000;9.3075000000;40.1875000000;-21.1875000000;-10.5625000000
-11.7504000000;0.8262000000;-6.2628000000;20.3362500000;119.4675000000;23.5237500000;40.1875000000;-21.1875000000;-10.5625000000
-13.4334000000;-0.0102000000;-6.2220000000;9.0525000000;179.5200000000;22.6950000000;41.5625000000;-21.5000000000;-7.8750000000
-13.6170000000;0.7446000000;-6.0078000000;38.8237500000;199.7925000000;8.6062500000;41.2500000000;-21.8750000000;-2.6875000000
-13.1784000000;0.5100000000;-5.9568000000;37.1025000000;232.3050000000;4.6537500000;41.5625000000;-20.0000000000;2.3750000000
-12.8418000000;0.1530000000;-5.5590000000;34.4250000000;240.3375000000;9.3712500000;40.8750000000;-20.7500000000;11.8750000000
-11.8422000000;0.6120000000;-5.7528000000;51.6375000000;234.9825000000;-6.4387500000;40.8750000000;-20.7500000000;11.8750000000
-10.3224000000;1.8564000000;-5.7120000000;56.6100000000;232.1137500000;-2.3587500000;38.2500000000;-20.3750000000;17.7500000000
-8.1396000000;0.7038000000;-5.4672000000;14.7262500000;227.0137500000;-4.7175000000;33.7500000000;-18.5000000000;26.7500000000
-6.5892000000;1.7442000000;-5.7018000000;88.1662500000;194.4375000000;8.2237500000;28.5625000000;-16.3750000000;33.0625000000
-4.3758000000;0.2040000000;-5.0490000000;54.1237500000;190.8675000000;12.1762500000;22.6875000000;-15.1875000000;37.7500000000
-1.9890000000;0.6120000000;-2.3358000000;102.1912500000;156.6337500000;3.4425000000;22.6875000000;-15.1875000000;37.7500000000
-1.1424000000;-0.8670000000;-2.2644000000;34.6800000000;98.5575000000;29.8350000000;15.5625000000;-12.2500000000;42.0625000000
-1.0302000000;-3.7638000000;-6.9054000000;-53.6137500000;29.9625000000;9.1162500000;9.2500000000;-7.0625000000;44.0625000000
-0.2448000000;-2.4684000000;-8.9862000000;-17.4037500000;6.6937500000;7.6500000000;5.0000000000;-7.8750000000;44.8750000000
-0.6324000000;-2.5296000000;-8.9148000000;-25.3725000000;-8.2237500000;-0.5737500000;5.0000000000;-9.0000000000;44.5000000000
-0.5100000000;-1.0404000000;-10.0878000000;1.9762500000;-16.4475000000;-4.6537500000;5.0000000000;-9.0000000000;44.5000000000
-0.4590000000;-0.8670000000;-8.9658000000;-15.2362500000;-9.3712500000;-6.5662500000;5.2500000000;-10.0000000000;44.0625000000
-0.5406000000;-0.4386000000;-9.5268000000;-5.2275000000;-20.0175000000;0.7650000000;5.6875000000;-10.0000000000;44.1875000000
-0.6222000000;-1.0404000000;-10.2204000000;-11.0925000000;-11.5387500000;3.2512500000;7.1875000000;-10.3750000000;42.8750000000
-0.8364000000;-0.7344000000;-9.7614000000;-1.5300000000;-12.4312500000;-0.3187500000;7.5000000000;-11.5000000000;44.5000000000
-0.4794000000;-0.6324000000;-10.3224000000;-14.7262500000;-13.3237500000;2.8050000000;7.5000000000;-11.5000000000;44.5000000000
-1.0404000000;-1.3770000000;-10.0062000000;-12.4950000000;-3.1875000000;0.3825000000;7.1875000000;-10.7500000000;44.1875000000
-0.8772000000;-0.7752000000;-9.7716000000;0.3825000000;-7.9687500000;-2.1037500000;7.8750000000;-11.8750000000;43.0000000000
-0.6324000000;-0.4284000000;-10.0878000000;-3.1875000000;-4.7812500000;-0.0637500000;7.5000000000;-12.6875000000;43.0000000000
-1.3158000000;-0.7650000000;-9.4860000000;-1.2112500000;-0.1275000000;0.9562500000;9.0000000000;-12.3750000000;42.1875000000
-0.7140000000;-0.6324000000;-9.8328000000;0.2550000000;-2.8050000000;2.3587500000;9.0000000000;-12.3750000000;42.1875000000
-0.9690000000;-0.8670000000;-9.5268000000;-4.5900000000;-1.7212500000;1.2750000000;8.2500000000;-13.0625000000;42.1875000000
-1.0812000000;-0.8466000000;-9.9348000000;-3.6337500000;-3.6975000000;2.0400000000;9.0000000000;-13.0625000000;42.5000000000
-0.9078000000;-0.9180000000;-10.0470000000;-3.2512500000;-0.3825000000;-0.4462500000;9.7500000000;-13.0625000000;44.5000000000
-1.0302000000;-0.6834000000;-9.7512000000;1.4662500000;-2.0400000000;-0.4462500000;9.0000000000;-12.6875000000;42.1875000000
-1.0506000000;-0.7650000000;-9.7716000000;-0.2550000000;-0.1912500000;-0.1912500000;9.0000000000;-12.6875000000;42.1875000000
-0.9996000000;-0.8364000000;-9.3738000000;-3.8887500000;-1.7212500000;-1.2750000000;9.3750000000;-12.3750000000;43.3750000000
-0.9282000000;-0.7650000000;-9.6798000000;-1.7850000000;-3.6337500000;0.0637500000;9.0000000000;-13.0625000000;41.3750000000
-1.0200000000;-0.6426000000;-9.3432000000;-6.8850000000;-2.6775000000;-1.8487500000;9.3750000000;-13.0625000000;43.3750000000
-1.1628000000;-0.4590000000;-9.8634000000;-1.4025000000;-8.2237500000;-0.1275000000;9.3750000000;-13.5000000000;42.5000000000
-1.2036000000;-0.6732000000;-10.1184000000;-7.3312500000;-5.6737500000;-1.9125000000;9.3750000000;-13.5000000000;42.5000000000
-1.1934000000;-0.3774000000;-9.9450000000;1.5300000000;-2.5500000000;-0.7012500000;9.3750000000;-13.0625000000;41.7500000000
-1.0710000000;-0.3162000000;-9.9960000000;-3.1237500000;-3.0600000000;0.4462500000;9.7500000000;-14.1875000000;42.5625000000
-1.2954000000;-0.7956000000;-9.8940000000;-0.7650000000;-1.7212500000;0.8287500000;9.7500000000;-13.8750000000;42.5000000000
-0.9078000000;-0.4386000000;-10.0470000000;0.9562500000;0.1912500000;0.5100000000;9.3750000000;-14.1875000000;41.3750000000
-1.1424000000;-0.6018000000;-9.4248000000;-2.2950000000;3.1875000000;2.5500000000;9.3750000000;-14.1875000000;41.3750000000
-1.2648000000;-0.7242000000;-9.3636000000;3.8887500000;-1.6575000000;0.3187500000;9.3750000000;-13.5000000000;42.1875000000
-1.0812000000;-0.5916000000;-9.5574000000;-6.6300000000;-0.9562500000;1.7212500000;9.7500000000;-14.1875000000;42.1875000000
-1.2342000000;-0.7242000000;-9.5574000000;0.1275000000;-3.3787500000;2.6775000000;10.1875000000;-14.1875000000;43.0000000000
-1.1832000000;-0.8364000000;-9.9348000000;-3.5700000000;-4.0800000000;-0.7650000000;9.7500000000;-14.5625000000;42.5000000000
-1.2240000000;-0.3672000000;-9.8736000000;-0.0637500000;0.8287500000;0.4462500000;9.7500000000;-14.5625000000;42.5000000000
-1.3056000000;-0.6222000000;-9.8328000000;1.0200000000;-0.9562500000;0.9562500000;10.1875000000;-14.1875000000;42.1875000000
-1.1322000000;-0.1224000000;-9.7002000000;3.1237500000;0.8287500000;-0.5100000000;10.1875000000;-14.1875000000;42.5625000000
-1.2138000000;-0.3978000000;-9.7002000000;-3.3787500000;1.2112500000;2.2312500000;9.7500000000;-13.8750000000;42.1875000000
-1.1934000000;-0.6222000000;-9.6084000000;0.1912500000;-1.0837500000;1.1475000000;10.5000000000;-14.1875000000;42.1875000000
-1.1220000000;-0.4590000000;-9.5982000000;-1.9125000000;-0.7650000000;0.8925000000;10.5000000000;-14.1875000000;42.1875000000
-1.4586000000;-0.8466000000;-9.7308000000;-4.5262500000;-0.7650000000;1.3387500000;9.3750000000;-14.5625000000;42.5000000000
-1.0812000000;-0.5100000000;-9.7002000000;3.0600000000;-4.4625000000;-2.0400000000;9.7500000000;-15.0000000000;42.1875000000
-1.1424000000;-0.3264000000;-9.9450000000;-3.8250000000;-0.6375000000;1.5300000000;11.2500000000;-14.5000000000;42.1875000000
-1.5810000000;-0.7140000000;-9.4248000000;0.2550000000;-0.0637500000;-1.0200000000;10.1875000000;-14.0625000000;42.1875000000
-0.9690000000;-0.1734000000;-10.1082000000;-1.0837500000;-5.4825000000;-1.7850000000;10.1875000000;-14.0625000000;42.1875000000
-1.5300000000;-0.4182000000;-9.7410000000;-1.2112500000;1.4662500000;-0.1275000000;10.1875000000;-14.8750000000;41.7500000000
-1.3362000000;-0.4794000000;-9.6186000000;0.7650000000;-0.3825000000;-0.8925000000;10.5000000000;-14.0625000000;42.1875000000
-0.9486000000;-0.2142000000;-9.6798000000;-0.0637500000;-0.8287500000;0.4462500000;10.5000000000;-14.5000000000;41.3750000000
-1.4280000000;-0.4896000000;-9.5574000000;-0.5100000000;0.2550000000;0.7650000000;10.5000000000;-14.5000000000;41.3750000000
-1.3056000000;-0.4998000000;-9.6084000000;-0.9562500000;-2.2950000000;0.5737500000;10.5000000000;-14.5000000000;41.7500000000
-1.1016000000;-0.2040000000;-9.9756000000;-3.5062500000;-1.7212500000;0.1275000000;10.8750000000;-14.8750000000;41.7500000000
-1.5198000000;-0.6936000000;-9.6594000000;-1.7212500000;-0.3187500000;1.4662500000;10.1875000000;-14.5000000000;41.3750000000
-1.2546000000;-0.1938000000;-10.0572000000;1.2112500000;-2.4225000000;0.3825000000;10.8750000000;-15.0000000000;42.1875000000
-1.2750000000;-0.3672000000;-9.6390000000;-1.5937500000;0.7012500000;1.3387500000;10.8750000000;-15.0000000000;42.1875000000
-1.3872000000;-0.3978000000;-9.6696000000;0.1275000000;-1.1475000000;0.7012500000;10.8750000000;-14.8750000000;42.5000000000
-1.2036000000;-0.4692000000;-9.6186000000;-4.3987500000;-0.4462500000;-0.7012500000;10.1875000000;-15.1875000000;41.7500000000
-1.5606000000;-0.3978000000;-9.6288000000;-0.7012500000;-2.3587500000;-0.5100000000;10.8750000000;-15.1875000000;42.5000000000
-1.2444000000;-0.3978000000;-9.8940000000;-3.4425000000;-2.2950000000;-1.5300000000;9.7500000000;-14.0625000000;42.5000000000
-1.2852000000;-0.1224000000;-9.8328000000;-2.8687500000;-1.9125000000;-2.0400000000;9.7500000000;-14.0625000000;42.5000000000
-1.5096000000;-0.3774000000;-10.2102000000;0.6375000000;-2.6775000000;1.5937500000;10.5000000000;-15.1875000000;41.7500000000
-1.2954000000;-0.3264000000;-9.7614000000;-1.2112500000;3.7612500000;-1.5300000000;10.5000000000;-14.5000000000;41.7500000000
-1.3158000000;-0.0306000000;-9.5268000000;2.2312500000;2.6137500000;1.5300000000;11.2500000000;-14.5000000000;41.7500000000
-1.3872000000;-0.5100000000;-9.5370000000;-0.3187500000;0.3187500000;2.0400000000;10.5000000000;-15.2500000000;42.1875000000
-1.2444000000;-0.0714000000;-9.5166000000;-2.4225000000;-0.2550000000;0.5100000000;10.5000000000;-15.2500000000;42.1875000000
-1.3974000000;-0.4080000000;-9.7716000000;-0.8925000000;-2.1037500000;3.5700000000;10.8750000000;-15.1875000000;41.7500000000
-1.4790000000;-0.7344000000;-9.6696000000;-1.5300000000;-0.8925000000;-0.1912500000;11.2500000000;-14.5000000000;43.0000000000
-1.1220000000;-0.2448000000;-9.9858000000;-1.5300000000;-4.0162500000;-1.1475000000;10.5000000000;-15.1875000000;42.5625000000
-1.7034000000;-0.6018000000;-9.8736000000;-2.6775000000;0.8925000000;0.1275000000;10.5000000000;-14.8750000000;41.0000000000
-1.0710000000;0.1632000000;-9.7002000000;3.6337500000;-1.2750000000;-3.2512500000;10.5000000000;-14.8750000000;41.0000000000
-1.4484000000;-0.2652000000;-9.7716000000;-3.3150000000;0.0000000000;2.8050000000;10.8750000000;-14.8750000000;41.0000000000
-1.4484000000;-0.3672000000;-9.4656000000;0.3825000000;0.5737500000;0.5100000000;10.8750000000;-14.5625000000;42.1875000000
-1.1118000000;-0.3366000000;-9.9756000000;-3.3787500000;-3.2512500000;1.5300000000;10.8750000000;-15.0000000000;41.7500000000
-1.5606000000;-0.4692000000;-9.7002000000;0.9562500000;1.4662500000;0.7012500000;11.2500000000;-15.2500000000;42.5000000000
-1.4280000000;-0.2652000000;-9.5982000000;-1.2112500000;-0.8925000000;-2.1037500000;11.2500000000;-15.2500000000;42.5000000000
-1.3974000000;-0.1530000000;-9.5166000000;1.3387500000;-0.7012500000;-0.2550000000;10.8750000000;-16.0625000000;41.3750000000
-1.5606000000;-0.4794000000;-9.6594000000;-3.8887500000;-1.8487500000;0.1275000000;11.5625000000;-15.6875000000;41.3750000000
-1.2648000000;-0.1938000000;-9.8532000000;1.4025000000;-2.2312500000;-2.1675000000;10.1875000000;-15.2500000000;41.7500000000
-1.5300000000;-0.1938000000;-9.7716000000;-5.0362500000;-0.6375000000;-0.4462500000;11.2500000000;-15.6875000000;42.1875000000
-1.3668000000;-0.3162000000;-9.9450000000;3.2512500000;-1.8487500000;-0.1275000000;11.2500000000;-15.6875000000;42.1875000000
-1.3362000000;0.0408000000;-9.7920000000;-1.0837500000;1.8487500000;-0.5100000000;10.8750000000;-15.5625000000;41.7500000000
-1.6116000000;-0.4182000000;-9.4044000000;1.2750000000;1.2112500000;1.2112500000;11.6875000000;-15.5625000000;41.7500000000
-1.4178000000;-0.1734000000;-9.6288000000;1.4662500000;-1.2112500000;-1.2112500000;11.2500000000;-16.0000000000;40.5625000000
-1.3668000000;-0.0918000000;-9.0474000000;-4.0162500000;-0.5100000000;-0.1275000000;11.2500000000;-15.5625000000;41.7500000000
-1.7340000000;-0.3468000000;-8.4864000000;-4.2075000000;-6.3112500000;0.8287500000;11.2500000000;-15.5625000000;41.7500000000
-1.4790000000;-0.1836000000;-8.2212000000;-9.1162500000;-15.0450000000;-1.4025000000;10.8750000000;-15.1875000000;41.0000000000
-1.8972000000;-0.3978000000;-8.0580000000;-17.8500000000;-21.7387500000;-0.0637500000;11.6875000000;-15.6875000000;40.5625000000
-2.4888000000;-0.1020000000;-6.8340000000;-20.2087500000;-35.1900000000;-0.7012500000;12.0000000000;-15.6875000000;42.1875000000
-2.7438000000;1.6830000000;-4.2228000000;-17.7225000000;-57.8850000000;-0.8925000000;12.6875000000;-17.0625000000;41.3750000000
-3.3048000000;-0.2244000000;-8.9250000000;-61.6462500000;-93.1387500000;10.3912500000;12.6875000000;-17.0625000000;41.3750000000
-4.3452000000;0.7140000000;-7.2522000000;-56.1000000000;-96.0712500000;-10.7100000000;15.0000000000;-17.8750000000;39.7500000000
-5.5080000000;0.4998000000;-7.1502000000;-27.0937500000;-120.0412500000;-4.4625000000;17.8750000000;-20.7500000000;36.6875000000
-6.5076000000;0.7446000000;-6.6504000000;-27.4125000000;-153.3187500000;-13.8975000000;21.5625000000;-22.6875000000;34.3750000000
-7.7622000000;1.1118000000;-4.6818000000;16.7025000000;-168.8100000000;-13.2600000000;25.6875000000;-22.6875000000;30.7500000000
-10.2918000000;0.4590000000;-4.7532000000;-20.0812500000;-188.6362500000;-8.4150000000;25.6875000000;-22.6875000000;30.7500000000
-10.2510000000;1.2546000000;-4.7532000000;-9.1162500000;-219.7462500000;-16.8937500000;30.0625000000;-23.0625000000;26.5000000000
-12.1686000000;2.0400000000;-6.3546000000;-39.7800000000;-224.7187500000;-7.9687500000;34.5625000000;-24.5625000000;20.5625000000
-12.9030000000;-0.1122000000;-7.4664000000;-77.5837500000;-217.7062500000;-11.7300000000;36.0625000000;-23.7500000000;14.6875000000
-11.4240000000;2.1114000000;-3.8148000000;12.4950000000;-182.9625000000;-33.2775000000;39.5000000000;-23.0625000000;7.1875000000
-12.1482000000;1.5096000000;-3.5190000000;-17.5950000000;-173.5275000000;-17.7225000000;39.5000000000;-23.0625000000;7.1875000000
-12.4542000000;1.8768000000;-4.1718000000;-1.2750000000;-158.6737500000;-6.5662500000;40.6875000000;-23.5000000000;1.1875000000
-11.4852000000;1.0200000000;-3.9678000000;-2.2312500000;-129.7950000000;-10.6462500000;39.7500000000;-24.1875000000;-3.8750000000
-11.1078000000;2.0094000000;-3.7944000000;-21.1012500000;-97.8562500000;-8.1600000000;39.3750000000;-23.7500000000;-9.5000000000
-10.6182000000;-0.1020000000;-3.4782000000;-62.0287500000;-56.5462500000;-0.5100000000;39.3750000000;-23.7500000000;-9.5000000000
-10.0776000000;-0.5814000000;-1.8258000000;2.6137500000;-21.9300000000;-16.8937500000;39.0625000000;-22.2500000000;-11.8750000000
-9.7206000000;0.5202000000;-0.0204000000;18.4237500000;3.6337500000;-20.1450000000;37.0625000000;-25.0000000000;-14.6875000000
-9.6696000000;0.7650000000;1.3668000000;11.0925000000;12.2400000000;-19.5712500000;37.0000000000;-22.3750000000;-15.5625000000
-10.3326000000;0.7650000000;1.7340000000;-2.8050000000;8.0325000000;-5.9287500000;37.3750000000;-23.7500000000;-15.1875000000
-9.9756000000;-0.3264000000;1.1220000000;-4.0162500000;1.5300000000;-6.8212500000;37.3750000000;-23.7500000000;-15.1875000000
-9.5880000000;0.6426000000;1.2954000000;10.2637500000;12.1762500000;-14.7900000000;38.0625000000;-23.0000000000;-14.3750000000
-9.6186000000;0.6018000000;2.1828000000;-10.2000000000;11.0925000000;-8.5425000000;38.5000000000;-21.8750000000;-14.0625000000
-9.7920000000;0.7548000000;2.2848000000;-5.8650000000;-4.5262500000;-1.0837500000;37.6875000000;-19.6875000000;-13.2500000000
-9.7614000000;0.1530000000;1.4076000000;-14.8537500000;-11.6025000000;8.2875000000;38.8750000000;-19.6875000000;-14.5000000000
-9.6696000000;-0.0102000000;1.4688000000;3.5700000000;-4.8450000000;-0.5737500000;38.8750000000;-19.6875000000;-14.5000000000
-9.8838000000;0.6222000000;1.3668000000;5.3550000000;-4.0800000000;3.4425000000;38.8750000000;-20.7500000000;-14.0625000000
-9.8022000000;-0.2550000000;1.3872000000;-2.8050000000;-3.8887500000;6.8850000000;39.5625000000;-21.5000000000;-13.2500000000
-9.6900000000;0.2448000000;1.5504000000;12.7500000000;-2.6775000000;1.7212500000;38.8750000000;-22.1875000000;-14.5000000000
-9.9348000000;0.0714000000;1.5402000000;-1.6575000000;-1.4662500000;6.2475000000;38.8750000000;-21.8750000000;-14.5000000000
-9.8838000000;-0.1020000000;1.4280000000;4.7812500000;0.1912500000;1.6575000000;38.8750000000;-21.8750000000;-14.5000000000
-9.8736000000;0.3060000000;1.5810000000;6.6300000000;0.0637500000;2.6137500000;38.5000000000;-20.3750000000;-14.0625000000
-9.8736000000;0.3366000000;1.4994000000;-2.9325000000;0.0637500000;7.0125000000;38.0625000000;-23.3750000000;-14.0625000000
-9.8940000000;-0.3876000000;1.5606000000;0.8925000000;-5.9925000000;4.7175000000;37.6875000000;-23.0000000000;-14.0625000000
-9.8328000000;0.2856000000;1.2342000000;4.5900000000;-4.9725000000;0.1912500000;37.3750000000;-21.8750000000;-14.5000000000
-9.8430000000;0.0000000000;1.3872000000;-5.9925000000;-0.7012500000;0.8925000000;37.3750000000;-21.8750000000;-14.5000000000
-9.7920000000;0.2550000000;1.4688000000;3.4425000000;-0.1912500000;-1.7850000000;38.0625000000;-22.5625000000;-14.8750000000
-9.7614000000;0.5202000000;1.5198000000;1.7212500000;2.1037500000;-0.1912500000;37.6875000000;-23.3750000000;-14.8750000000
-10.0878000000;0.0102000000;1.6218000000;-5.8650000000;1.9125000000;1.8487500000;37.6875000000;-22.5625000000;-14.5000000000
-9.7716000000;0.1326000000;1.2546000000;1.8487500000;1.9762500000;-1.5937500000;37.6875000000;-23.3750000000;-14.5000000000
-9.7002000000;0.4692000000;1.6014000000;-2.3587500000;5.5462500000;-0.6375000000;37.6875000000;-23.3750000000;-14.5000000000
-9.9144000000;0.2040000000;1.8156000000;-8.5425000000;1.7850000000;2.5500000000;37.3750000000;-20.7500000000;-14.0625000000
-9.8022000000;0.2346000000;1.3362000000;5.2275000000;-1.1475000000;-0.3825000000;38.0625000000;-20.3750000000;-14.0625000000
-9.7818000000;0.3876000000;1.5402000000;-1.9125000000;3.0600000000;0.8925000000;37.3750000000;-20.7500000000;-14.0625000000
-9.8226000000;0.0612000000;1.2546000000;-2.9325000000;1.2112500000;0.0000000000;38.5000000000;-22.5625000000;-14.8750000000
-9.8124000000;0.2958000000;1.3464000000;-1.1475000000;3.6975000000;-0.6375000000;38.5000000000;-22.5625000000;-14.8750000000
-9.7920000000;0.3060000000;1.4688000000;-6.0562500000;5.1637500000;1.2750000000;38.0625000000;-23.0000000000;-14.0625000000
-9.9144000000;0.0612000000;1.7136000000;1.0837500000;1.1475000000;-1.3387500000;38.0625000000;-23.3750000000;-14.5000000000
-9.8022000000;0.5814000000;1.2648000000;1.5300000000;-1.0837500000;0.4462500000;38.0625000000;-22.5625000000;-14.5000000000
-9.7716000000;0.2142000000;1.4076000000;-5.5462500000;3.2512500000;1.1475000000;37.3750000000;-23.0000000000;-14.5000000000
-9.8022000000;0.2448000000;1.6830000000;1.3387500000;0.1275000000;0.4462500000;37.3750000000;-23.0000000000;-14.5000000000
-9.7818000000;0.3978000000;1.3770000000;-0.7650000000;-1.6575000000;2.6137500000;38.5000000000;-22.1875000000;-13.2500000000
-9.8634000000;0.0102000000;1.4178000000;-1.1475000000;-0.3187500000;1.9125000000;37.6875000000;-22.5625000000;-14.0625000000
-9.8634000000;0.3570000000;1.4280000000;5.9925000000;-2.7412500000;0.3187500000;37.6875000000;-21.1875000000;-14.5000000000
-9.8226000000;0.2142000000;1.2240000000;-5.6737500000;-0.3825000000;2.5500000000;37.6875000000;-21.5000000000;-15.2500000000
-9.8736000000;0.2856000000;1.3872000000;3.5062500000;-0.3187500000;-0.3187500000;37.6875000000;-21.5000000000;-15.2500000000
-9.8430000000;0.2244000000;1.2138000000;-2.1675000000;0.8287500000;1.7850000000;37.3750000000;-23.0000000000;-14.8750000000
-9.9042000000;0.1428000000;1.4586000000;-2.6775000000;3.3150000000;0.1275000000;37.3750000000;-21.1875000000;-14.8750000000
-9.8532000000;0.2958000000;1.5300000000;0.8925000000;1.0200000000;-1.1475000000;38.0625000000;-23.3750000000;-14.8750000000
-9.8124000000;0.2958000000;1.3362000000;-1.7850000000;-0.1275000000;-0.5100000000;37.3750000000;-23.3750000000;-14.5000000000
-9.8430000000;0.2448000000;1.5300000000;0.9562500000;0.5737500000;-1.7212500000;37.3750000000;-23.3750000000;-14.5000000000
-9.7614000000;0.5712000000;1.4484000000;0.6375000000;-0.3187500000;0.2550000000;37.3750000000;-23.3750000000;-15.2500000000
-9.8532000000;0.2652000000;1.5504000000;-4.0800000000;-0.6375000000;2.2950000000;37.6875000000;-22.5625000000;-14.0625000000
-9.8532000000;0.2040000000;1.2648000000;3.9525000000;-1.8487500000;0.1275000000;37.6875000000;-23.0000000000;-14.5000000000
-9.7920000000;0.4590000000;1.3158000000;0.5100000000;0.8287500000;1.0200000000;37.6875000000;-22.5625000000;-14.0625000000
-9.9450000000;0.1020000000;1.3464000000;-1.2112500000;-0.8287500000;1.7212500000;37.6875000000;-22.5625000000;-14.0625000000
-9.8532000000;0.2448000000;1.2240000000;4.5900000000;0.8925000000;-0.5100000000;37.6875000000;-23.0000000000;-14.0625000000
-9.8532000000;0.3672000000;1.3668000000;-3.7612500000;2.6775000000;1.2112500000;37.3750000000;-21.5000000000;-14.8750000000
-9.8430000000;0.0714000000;1.3056000000;-2.3587500000;0.5737500000;0.4462500000;37.6875000000;-21.1875000000;-14.5000000000
-9.8022000000;0.4284000000;1.3464000000;1.8487500000;1.1475000000;-1.9125000000;38.0625000000;-23.3750000000;-15.2500000000
-9.8634000000;0.2142000000;1.3668000000;-4.6537500000;1.7212500000;-0.5100000000;38.0625000000;-23.3750000000;-15.2500000000
-9.8328000000;0.3672000000;1.4790000000;-0.1912500000;1.4662500000;-1.4025000000;38.0625000000;-23.3750000000;-13.6875000000
-9.7512000000;0.5712000000;1.5606000000;2.2312500000;-0.1912500000;-0.0637500000;37.6875000000;-23.0000000000;-13.6875000000
-9.8532000000;0.3774000000;1.4892000000;-1.6575000000;-0.9562500000;2.3587500000;37.6875000000;-22.1875000000;-14.5000000000
-9.8634000000;0.2142000000;1.4688000000;1.4662500000;-1.0837500000;1.5300000000;37.6875000000;-22.1875000000;-14.5000000000
-9.8532000000;0.3162000000;1.4382000000;2.4225000000;-1.7212500000;0.8925000000;38.5000000000;-23.0000000000;-13.6875000000
-9.8736000000;0.2754000000;1.3872000000;-0.7650000000;-1.7850000000;2.0400000000;38.0625000000;-23.3750000000;-13.2500000000
-9.9450000000;0.1836000000;1.2954000000;-1.1475000000;-2.8050000000;1.9125000000;37.6875000000;-21.8750000000;-14.8750000000
-9.8940000000;0.3366000000;1.1832000000;0.7012500000;-0.8287500000;0.9562500000;37.3750000000;-21.5000000000;-13.6875000000
-9.7512000000;0.1530000000;1.3158000000;-4.6537500000;1.5937500000;1.9762500000;37.3750000000;-21.5000000000;-13.6875000000
-9.9042000000;0.2040000000;1.4382000000;0.5737500000;-0.3825000000;-1.0200000000;37.6875000000;-23.0000000000;-14.0625000000
-9.8328000000;0.3162000000;1.2036000000;-1.1475000000;-0.2550000000;-0.7012500000;38.5000000000;-24.5000000000;-15.2500000000
-9.8022000000;0.3570000000;1.4790000000;-1.7850000000;2.0400000000;-1.2750000000;37.6875000000;-21.8750000000;-14.0625000000
-9.7920000000;0.3468000000;1.3056000000;-0.7012500000;-0.1275000000;-0.6375000000;38.5000000000;-23.3750000000;-14.8750000000
-9.8430000000;0.4284000000;1.4586000000;-2.1037500000;1.6575000000;0.2550000000;38.5000000000;-23.3750000000;-14.8750000000
-9.8226000000;0.2652000000;1.5300000000;0.8287500000;-0.3187500000;-0.1912500000;38.5000000000;-23.3750000000;-14.0625000000
-9.8532000000;0.4998000000;1.4688000000;0.0637500000;-0.8287500000;0.8287500000;37.3750000000;-21.5000000000;-14.8750000000
-9.8838000000;0.3060000000;1.4280000000;-1.7212500000;-1.4025000000;1.4662500000;37.6875000000;-22.5625000000;-14.5000000000
-9.8430000000;0.2448000000;1.4382000000;-1.4662500000;-1.2112500000;0.0637500000;38.0625000000;-20.7500000000;-14.8750000000
-9.8328000000;0.4590000000;1.2648000000;2.2950000000;-1.7850000000;1.2750000000;38.0625000000;-20.7500000000;-14.8750000000
-9.9042000000;0.1428000000;1.3566000000;-1.2750000000;0.3187500000;1.3387500000;37.3750000000;-23.3750000000;-14.0625000000
-9.8736000000;0.3264000000;1.3260000000;3.1875000000;-0.3825000000;-0.7650000000;37.6875000000;-22.2500000000;-14.5000000000
-9.8838000000;0.2550000000;1.4178000000;-2.7412500000;0.7650000000;-0.7012500000;38.0625000000;-24.0625000000;-14.0625000000
-9.8940000000;0.1836000000;1.3566000000;-0.5100000000;-0.7012500000;-1.9762500000;37.0000000000;-23.0000000000;-14.8750000000
-9.7920000000;0.4488000000;1.2852000000;-0.8925000000;0.3187500000;-2.2950000000;37.0000000000;-23.0000000000;-14.8750000000
-9.8634000000;0.4998000000;1.4484000000;-1.7212500000;0.9562500000;-0.3187500000;37.3750000000;-23.3750000000;-13.6875000000
-9.7920000000;0.3162000000;1.3668000000;0.1275000000;1.4025000000;0.1912500000;37.0000000000;-23.0000000000;-15.6875000000
-9.8124000000;0.4488000000;1.5300000000;1.9762500000;0.6375000000;-0.0637500000;38.0625000000;-23.0000000000;-14.0625000000
-9.8736000000;0.0714000000;1.4280000000;-3.1237500000;-0.7012500000;0.5100000000;38.0625000000;-23.3750000000;-14.8750000000
-9.8430000000;0.4488000000;1.3566000000;4.7175000000;-1.6575000000;-1.3387500000;38.0625000000;-23.3750000000;-14.8750000000
-9.8532000000;0.3162000000;1.3872000000;-2.9962500000;0.0000000000;0.4462500000;38.0625000000;-23.0000000000;-14.5000000000
-9.8328000000;0.4080000000;1.2648000000;1.3387500000;-0.4462500000;0.2550000000;38.8750000000;-23.3750000000;-13.6875000000
-9.8430000000;0.3570000000;1.3668000000;-0.3825000000;2.1675000000;0.5100000000;37.6875000000;-23.3750000000;-14.8750000000
-9.8736000000;0.3264000000;1.4994000000;0.4462500000;1.5300000000;0.3187500000;37.6875000000;-21.5000000000;-14.0625000000
-9.8736000000;0.2244000000;1.4076000000;0.5100000000;-0.1275000000;0.7012500000;37.6875000000;-21.5000000000;-14.0625000000
-9.8736000000;0.2958000000;1.4178000000;1.6575000000;-0.9562500000;-0.3187500000;38.0625000000;-22.5625000000;-13.6875000000
-9.8838000000;0.3468000000;1.3566000000;-1.6575000000;-1.3387500000;0.4462500000;37.3750000000;-21.8750000000;-14.8750000000
-9.9144000000;0.3570000000;1.3056000000;0.1275000000;-0.6375000000;0.0637500000;37.6875000000;-23.0000000000;-14.5000000000
-9.8532000000;0.4488000000;1.3056000000;0.0637500000;0.5100000000;1.2750000000;37.3750000000;-23.3750000000;-14.8750000000
-9.8736000000;0.3162000000;1.3872000000;0.5737500000;0.4462500000;1.7850000000;37.3750000000;-23.3750000000;-14.8750000000
-9.8226000000;0.3366000000;1.3974000000;2.0400000000;0.1912500000;0.5100000000;37.6875000000;-23.0000000000;-14.8750000000
-9.8124000000;0.3162000000;1.4586000000;-1.7850000000;0.3825000000;0.7650000000;37.6875000000;-23.3750000000;-14.5000000000
-9.9348000000;0.3774000000;1.4484000000;1.1475000000;-1.7212500000;0.6375000000;37.6875000000;-21.8750000000;-14.8750000000
-9.8532000000;0.2448000000;1.2750000000;-0.9562500000;-0.7012500000;0.3187500000;37.6875000000;-21.1875000000;-14.8750000000
-9.8838000000;0.3468000000;1.4178000000;0.0637500000;0.3825000000;-1.2750000000;37.6875000000;-21.1875000000;-14.8750000000
-9.8634000000;0.4284000000;1.3974000000;-0.9562500000;-0.1912500000;-0.3825000000;38.0625000000;-21.8750000000;-14.0625000000
-9.8736000000;0.4182000000;1.4076000000;0.0000000000;0.5737500000;0.3825000000;38.0625000000;-23.0000000000;-14.5000000000
-9.8226000000;0.3978000000;1.4178000000;1.9125000000;-0.1275000000;0.3825000000;37.6875000000;-23.6875000000;-12.8750000000
-9.8226000000;0.5100000000;1.3770000000;0.7650000000;-0.4462500000;1.5937500000;38.0625000000;-23.3750000000;-14.5000000000
-9.8532000000;0.3468000000;1.4892000000;-0.3187500000;0.0637500000;1.9762500000;38.0625000000;-23.3750000000;-14.5000000000
-9.8736000000;0.2550000000;1.4586000000;0.0637500000;-1.5300000000;1.2112500000;37.3750000000;-23.0000000000;-14.0625000000
-9.8634000000;0.2652000000;1.4076000000;-1.2112500000;-1.5300000000;-0.2550000000;37.6875000000;-24.0625000000;-14.0625000000
-9.8940000000;0.3876000000;1.3566000000;-0.6375000000;-1.8487500000;-0.4462500000;37.6875000000;-21.8750000000;-13.6875000000
-9.8736000000;0.3876000000;1.3056000000;-0.8287500000;-0.3825000000;-0.0637500000;37.6875000000;-23.0000000000;-13.6875000000
-9.8634000000;0.3978000000;1.3158000000;1.4025000000;0.5737500000;-0.5737500000;37.6875000000;-23.0000000000;-13.6875000000
-9.8634000000;0.3672000000;1.3464000000;-1.4025000000;1.7212500000;0.3187500000;37.3750000000;-23.0000000000;-14.5000000000
-9.9144000000;0.2754000000;1.4382000000;-0.2550000000;1.5937500000;-0.4462500000;38.5000000000;-22.2500000000;-14.8750000000
-9.8736000000;0.3264000000;1.4688000000;0.1275000000;0.7650000000;-1.1475000000;37.6875000000;-21.8750000000;-14.0625000000
-9.8634000000;0.3570000000;1.3260000000;-1.4025000000;0.8925000000;-0.7650000000;37.6875000000;-21.8750000000;-14.0625000000
-9.8226000000;0.3978000000;1.4076000000;-0.4462500000;1.2750000000;-0.5100000000;37.3750000000;-21.1875000000;-15.2500000000
-9.8736000000;0.4386000000;1.4688000000;-0.7650000000;0.8287500000;-0.3825000000;38.0625000000;-23.6875000000;-14.0625000000
-9.8124000000;0.4080000000;1.3158000000;-1.7212500000;1.1475000000;0.6375000000;38.0625000000;-23.3750000000;-14.8750000000
-9.8940000000;0.3264000000;1.6014000000;0.0637500000;1.0200000000;0.0000000000;37.6875000000;-23.0000000000;-16.0625000000
-9.8124000000;0.3468000000;1.4178000000;-1.0200000000;-1.7850000000;0.7650000000;37.6875000000;-23.0000000000;-16.0625000000
-9.9042000000;0.3570000000;1.4076000000;-1.0837500000;-1.0200000000;0.3825000000;37.6875000000;-23.0000000000;-14.8750000000
-9.8532000000;0.3774000000;1.3770000000;0.7650000000;-1.4662500000;0.5737500000;38.5000000000;-23.3750000000;-14.8750000000
-9.8328000000;0.3978000000;1.2750000000;0.4462500000;-1.6575000000;1.2750000000;37.6875000000;-23.6875000000;-14.8750000000
-9.8838000000;0.3774000000;1.4586000000;-0.4462500000;-0.1912500000;1.5300000000;38.0625000000;-22.5625000000;-13.6875000000
-9.8736000000;0.2856000000;1.4586000000;0.8925000000;-1.2112500000;1.6575000000;38.0625000000;-22.5625000000;-13.6875000000
-9.8532000000;0.3060000000;1.3668000000;-0.7650000000;-1.4025000000;0.3825000000;37.6875000000;-23.6875000000;-14.8750000000
-9.9144000000;0.3264000000;1.4178000000;-0.8287500000;-1.5937500000;0.3187500000;36.5625000000;-23.0000000000;-14.0625000000
-9.8634000000;0.3162000000;1.3566000000;-0.8925000000;-1.8487500000;0.0637500000;37.6875000000;-23.6875000000;-14.5000000000
-9.8634000000;0.3264000000;1.3464000000;-0.6375000000;-0.7650000000;-0.7650000000;37.6875000000;-21.8750000000;-14.8750000000
-9.8124000000;0.5610000000;1.3974000000;1.0200000000;-0.2550000000;-0.7650000000;37.6875000000;-21.8750000000;-14.8750000000
-9.8838000000;0.4488000000;1.5912000000;-0.1912500000;0.5737500000;1.1475000000;37.6875000000;-23.0000000000;-15.6875000000
-9.7920000000;0.2856000000;1.6932000000;-0.3187500000;-1.5300000000;0.8287500000;38.0625000000;-23.0000000000;-14.0625000000
-9.8634000000;0.4080000000;1.7340000000;-0.6375000000;-3.7612500000;-0.1275000000;37.6875000000;-23.0000000000;-14.5000000000
-9.9450000000;0.2652000000;1.5300000000;-0.6375000000;-5.9925000000;0.5100000000;37.6875000000;-23.3750000000;-14.8750000000
-10.0776000000;0.5304000000;0.7140000000;0.9562500000;-5.3550000000;-0.5100000000;37.6875000000;-23.3750000000;-14.8750000000
-9.9144000000;0.2754000000;-0.9894000000;-7.5862500000;8.1600000000;-1.2750000000;37.0000000000;-22.5625000000;-14.5000000000
-10.1898000000;0.6426000000;-2.6520000000;-0.1912500000;31.1100000000;-0.1275000000;37.3750000000;-23.6875000000;-15.6875000000
-10.8630000000;0.6426000000;-2.7744000000;-9.2437500000;83.1937500000;23.8425000000;38.0625000000;-23.6875000000;-13.6875000000
-11.4240000000;0.2652000000;-4.5186000000;-4.9725000000;88.9950000000;14.9175000000;38.0625000000;-21.5000000000;-12.8750000000
-11.3322000000;1.4994000000;-6.3546000000;24.6712500000;131.7712500000;3.8250000000;38.0625000000;-21.5000000000;-12.8750000000
-13.0866000000;1.1322000000;-5.5590000000;-0.1912500000;184.8112500000;9.0525000000;39.1875000000;-22.5625000000;-10.5625000000
-13.7904000000;0.3060000000;-5.7528000000;33.0225000000;189.2100000000;-1.8487500000;40.2500000000;-23.0000000000;-5.0000000000
-13.4742000000;0.9996000000;-6.4872000000;53.6137500000;212.6062500000;-2.7412500000;41.3750000000;-21.5000000000;1.2500000000
-13.0764000000;1.0404000000;-5.5794000000;59.4150000000;216.8137500000;-10.9650000000;41.3750000000;-19.2500000000;8.7500000000
-12.7806000000;1.6524000000;-5.8344000000;63.2400000000;217.7062500000;-1.9125000000;41.3750000000;-19.2500000000;8.7500000000
-12.0258000000;-0.8160000000;-6.5076000000;-0.5737500000;227.3325000000;-10.3912500000;39.5000000000;-17.0625000000;16.1875000000
-10.3734000000;1.3770000000;-7.1604000000;74.9062500000;208.6537500000;-8.6062500000;36.1875000000;-16.0000000000;23.6875000000
-8.4354000000;1.1220000000;-8.7618000000;28.0500000000;230.2650000000;6.3750000000;31.0000000000;-15.1875000000;30.0000000000
-7.1502000000;-0.1530000000;-4.0902000000;42.8400000000;241.6762500000;-3.5700000000;26.1875000000;-13.7500000000;35.1875000000
-1.1730000000;4.6818000000;0.6834000000;202.5975000000;203.2350000000;5.3550000000;26.1875000000;-13.7500000000;35.1875000000
-1.7850000000;2.6316000000;3.2640000000;51.1275000000;160.9050000000;44.6250000000;16.5000000000;-13.0000000000;40.0625000000
-1.5810000000;-3.2844000000;-1.4688000000;-65.4075000000;17.0212500000;55.3350000000;8.3750000000;-5.2500000000;43.3750000000
-1.2648000000;-6.1812000000;-8.3640000000;-32.5762500000;-56.6737500000;35.7637500000;3.5625000000;-4.5000000000;44.2500000000
-1.7442000000;-4.3350000000;-9.1086000000;-57.5662500000;-66.1725000000;-13.8337500000;4.0000000000;-7.1875000000;45.1875000000
-2.7642000000;-3.0396000000;-6.7320000000;-62.7300000000;-71.2725000000;-28.6875000000;4.0000000000;-7.1875000000;45.1875000000
-2.8050000000;-0.7548000000;-5.0694000000;-47.0475000000;-107.9925000000;-32.0662500000;7.6875000000;-9.0625000000;44.3750000000
-4.1922000000;0.4080000000;-6.5688000000;-75.3525000000;-141.8437500000;-32.9587500000;10.2500000000;-10.8750000000;42.3750000000
-5.2020000000;2.3358000000;-3.3252000000;-34.9350000000;-149.1112500000;-24.2250000000;14.3750000000;-13.5000000000;40.3750000000
-7.7214000000;0.7854000000;-5.4876000000;-92.8837500000;-211.3950000000;-32.6400000000;20.5625000000;-15.6875000000;38.0625000000
-8.6904000000;3.5394000000;-4.6512000000;-33.7237500000;-206.6137500000;-9.3075000000;20.5625000000;-15.6875000000;38.0625000000
-12.1278000000;-0.0612000000;-6.1200000000;-79.5600000000;-243.1425000000;-9.9450000000;26.5625000000;-18.0000000000;31.7500000000
-12.8214000000;2.2746000000;-6.0588000000;3.6337500000;-253.8525000000;-19.4437500000;32.5000000000;-19.0625000000;25.7500000000
-13.3518000000;2.0910000000;-7.1604000000;-4.5900000000;-247.5412500000;9.2437500000;37.2500000000;-21.3750000000;18.0000000000
-13.1376000000;1.8768000000;-5.8038000000;12.8775000000;-227.9062500000;-5.4825000000;39.0625000000;-20.2500000000;11.2500000000
-13.4946000000;0.8874000000;-3.5904000000;12.8775000000;-211.4587500000;27.6037500000;39.0625000000;-20.2500000000;11.2500000000
-13.0866000000;0.9690000000;-3.9678000000;32.9587500000;-186.9787500000;11.2837500000;40.5625000000;-21.0625000000;1.3750000000
-13.7700000000;0.9996000000;-5.3244000000;-39.0787500000;-192.1425000000;32.4487500000;40.6875000000;-22.1875000000;-4.0625000000
-10.8834000000;-1.6524000000;-7.3134000000;-47.8125000000;-115.0050000000;-12.7500000000;37.6875000000;-25.3750000000;-9.2500000000
-10.4550000000;0.6732000000;-3.4986000000;18.5512500000;-38.0587500000;-20.4000000000;35.1875000000;-25.1875000000;-14.8750000000
-11.0058000000;1.6626000000;-2.7336000000;18.8700000000;-18.9337500000;2.6137500000;35.1875000000;-25.1875000000;-14.8750000000
-10.1694000000;0.0816000000;-5.6610000000;0.8925000000;38.5687500000;-9.6262500000;35.5625000000;-26.6875000000;-15.6875000000
-11.4648000000;2.5296000000;-5.3040000000;1.2750000000;106.3987500000;-2.2312500000;35.0625000000;-27.0000000000;-15.7500000000
-12.0768000000;0.0000000000;-4.9266000000;-11.9212500000;132.3450000000;2.0400000000;36.1875000000;-26.2500000000;-13.7500000000
-12.8826000000;1.5810000000;-6.3036000000;24.2887500000;165.1762500000;-6.9487500000;36.1875000000;-26.2500000000;-13.7500000000
-14.0760000000;-0.2244000000;-5.8650000000;17.1487500000;220.1287500000;-2.1037500000;38.0000000000;-25.8750000000;-10.2500000000
-15.2694000000;0.6936000000;-4.8348000000;59.2237500000;244.4812500000;-9.4350000000;39.8750000000;-24.3750000000;-4.2500000000
-14.1474000000;0.5814000000;-5.4978000000;39.5250000000;246.2662500000;-16.0012500000;40.5625000000;-21.5000000000;4.2500000000
-13.8414000000;-0.0306000000;-5.3040000000;43.0312500000;259.1437500000;-15.3000000000;39.5000000000;-20.0000000000;11.3750000000
-12.3726000000;1.3668000000;-4.8858000000;43.4137500000;239.9550000000;-21.8025000000;39.5000000000;-20.0000000000;11.3750000000
-10.6284000000;-0.9180000000;-5.9262000000;-46.6650000000;245.6287500000;-18.9337500000;36.5000000000;-19.1875000000;21.1875000000
-8.9556000000;0.6936000000;-4.8756000000;89.1862500000;194.3737500000;-22.1212500000;32.5000000000;-16.6875000000;28.0000000000
-6.3546000000;0.6630000000;-7.3236000000;89.6962500000;174.8025000000;3.3150000000;26.5625000000;-16.0000000000;33.5000000000
-3.7434000000;0.8772000000;-4.3452000000;51.0637500000;174.1012500000;-34.5525000000;21.0000000000;-12.6875000000;37.5000000000
-1.7646000000;4.3656000000;1.4688000000;182.9625000000;149.1750000000;-8.9250000000;21.0000000000;-12.6875000000;37.5000000000
-2.0706000000;1.7238000000;2.3562000000;19.7625000000;70.9537500000;51.2550000000;15.0000000000;-9.3750000000;41.3750000000
-1.9788000000;-3.7842000000;-4.7226000000;-36.0187500000;-41.2462500000;46.6650000000;10.2500000000;-3.0625000000;43.3750000000
-1.4994000000;-5.1408000000;-11.3934000000;-57.4387500000;-74.5237500000;30.0262500000;8.5000000000;-3.0000000000;44.1875000000
-2.3256000000;-4.9062000000;-10.6998000000;-75.4800000000;-45.3262500000;-4.7175000000;10.6875000000;-4.8750000000;43.5000000000
-2.4786000000;-1.6626000000;-7.6704000000;-20.2725000000;-45.2625000000;-22.8862500000;10.6875000000;-4.8750000000;43.5000000000
-2.9274000000;-0.0306000000;-5.3550000000;-26.5200000000;-53.1037500000;-10.9012500000;12.8750000000;-9.0000000000;41.0625000000
-4.3860000000;-0.7956000000;-4.6818000000;-62.2200000000;-80.2612500000;-17.2125000000;14.7500000000;-9.0000000000;41.8750000000
-4.6308000000;2.3460000000;-0.9486000000;-36.1462500000;-109.7137500000;-15.4912500000;18.5000000000;-11.5625000000;41.0625000000
-7.6194000000;-0.5712000000;-5.8854000000;-134.3212500000;-185.1937500000;7.2675000000;21.3750000000;-13.3750000000;37.5000000000
-7.3032000000;1.6932000000;-4.8246000000;-69.9337500000;-199.5375000000;-31.3012500000;21.3750000000;-13.3750000000;37.5000000000
-11.4546000000;1.4586000000;-6.0078000000;-94.0312500000;-216.0487500000;-0.8925000000;25.3750000000;-17.5000000000;32.0000000000
-12.4236000000;3.2436000000;-5.2122000000;-58.8412500000;-254.6812500000;-38.0587500000;32.0000000000;-19.2500000000;27.6875000000
-15.7590000000;-0.2142000000;-6.8034000000;-15.8737500000;-247.7962500000;11.3475000000;36.0625000000;-19.6875000000;19.7500000000
-13.2396000000;1.4688000000;-4.9776000000;-43.9875000000;-266.3475000000;-31.8750000000;38.6875000000;-22.6875000000;11.7500000000
-13.6476000000;2.1420000000;-7.0992000000;-17.0850000000;-247.7962500000;1.4662500000;38.6875000000;-22.6875000000;11.7500000000
-12.0360000000;-0.1428000000;-6.2118000000;-38.2500000000;-205.6575000000;-21.9937500000;40.8750000000;-20.0625000000;2.8750000000
-10.8732000000;2.0910000000;-2.4480000000;44.0512500000;-155.3587500000;-28.7512500000;39.3750000000;-23.7500000000;-5.5000000000
-11.3934000000;0.9486000000;-1.7034000000;-3.1237500000;-116.3437500000;-10.3275000000;39.3750000000;-21.5625000000;-11.5000000000
-11.1588000000;1.0200000000;-1.9176000000;-6.5025000000;-81.7275000000;-11.7937500000;36.3750000000;-23.7500000000;-15.7500000000
-10.6386000000;1.0404000000;-3.4272000000;-5.7375000000;-32.1300000000;3.1237500000;36.3750000000;-23.7500000000;-15.7500000000
-9.8940000000;1.1934000000;-2.6112000000;-16.9575000000;10.6462500000;-5.4187500000;35.5625000000;-24.0625000000;-18.5000000000
-10.4346000000;1.7850000000;-2.2134000000;1.1475000000;36.9112500000;4.8450000000;34.5000000000;-23.3750000000;-19.3750000000
-11.0160000000;0.2652000000;-3.6720000000;9.3075000000;69.6787500000;13.0687500000;35.2500000000;-23.7500000000;-18.5625000000
-12.8826000000;0.4998000000;-3.3456000000;27.2850000000;121.3162500000;4.4625000000;36.0000000000;-23.0000000000;-16.6875000000
-13.0968000000;-0.6120000000;-4.8246000000;-6.1837500000;146.7525000000;7.9050000000;36.0000000000;-23.0000000000;-16.6875000000
-13.7292000000;-0.6834000000;-5.1102000000;30.9825000000;182.4525000000;-3.4425000000;37.3750000000;-23.7500000000;-12.7500000000
-14.1066000000;0.7038000000;-4.7940000000;43.2862500000;211.0762500000;-11.1562500000;40.3750000000;-23.3750000000;-8.0000000000
-13.8822000000;-0.1428000000;-4.0698000000;29.8350000000;226.5037500000;-6.4387500000;41.5000000000;-20.6875000000;-0.8750000000
-13.6374000000;1.7034000000;-4.4370000000;87.6562500000;222.2325000000;-18.8062500000;40.7500000000;-19.5625000000;6.5000000000
-12.6582000000;1.1322000000;-4.5186000000;42.5850000000;237.5325000000;-16.8937500000;40.7500000000;-19.5625000000;6.5000000000
-10.8120000000;1.4382000000;-4.5288000000;38.3137500000;214.2000000000;-24.6712500000;39.6875000000;-16.7500000000;14.7500000000
-9.4452000000;2.1522000000;-6.4362000000;64.6425000000;204.5100000000;-7.7775000000;36.2500000000;-16.7500000000;23.5000000000
-7.6296000000;-1.1730000000;-6.9054000000;-62.4750000000;240.4012500000;2.2312500000;32.5625000000;-13.3750000000;29.7500000000
-6.4668000000;-1.9788000000;-5.0490000000;14.8537500000;201.1312500000;-0.4462500000;26.3750000000;-12.2500000000;34.5625000000
-4.6920000000;0.8364000000;-4.6104000000;168.6825000000;182.0700000000;15.5550000000;26.3750000000;-12.2500000000;34.5625000000
-1.5300000000;1.6320000000;0.0816000000;75.4162500000;149.7487500000;2.9962500000;19.6875000000;-14.1875000000;37.2500000000
-1.8564000000;-1.2750000000;1.2954000000;-2.9325000000;62.7937500000;33.4687500000;13.0000000000;-7.8750000000;42.5000000000
-2.1624000000;-4.3044000000;-4.6920000000;-48.3862500000;-38.0587500000;32.1937500000;7.3750000000;-5.6875000000;43.5625000000
-1.6728000000;-3.8862000000;-9.5472000000;-39.0787500000;-72.8662500000;6.7575000000;8.2500000000;-6.3750000000;44.0625000000
-1.5300000000;-2.6928000000;-10.8324000000;-57.8850000000;-49.2787500000;-18.4237500000;8.2500000000;-6.3750000000;44.0625000000
-2.0604000000;-0.7956000000;-5.9568000000;-20.4637500000;-46.9200000000;-23.4600000000;10.5000000000;-7.5000000000;42.8750000000
-2.9682000000;0.4998000000;-4.1820000000;-29.0062500000;-84.2137500000;-10.3912500000;12.6875000000;-11.2500000000;42.5000000000
-3.8862000000;0.3774000000;-4.7430000000;-62.5387500000;-112.7100000000;-12.6862500000;14.8750000000;-10.7500000000;40.5000000000
-5.7630000000;0.7446000000;-6.5076000000;-78.6037500000;-141.1425000000;-1.5300000000;14.8750000000;-10.7500000000;40.5000000000
-6.0282000000;0.4794000000;-5.4570000000;-72.4200000000;-159.1200000000;-18.8700000000;19.1875000000;-13.5000000000;39.0000000000
-9.8532000000;0.4998000000;-6.3750000000;-54.8250000000;-189.6562500000;1.2750000000;23.6875000000;-16.5000000000;35.0000000000
-9.9042000000;1.8768000000;-5.4672000000;-52.9125000000;-227.6512500000;-20.9737500000;29.5625000000;-18.0000000000;30.3750000000
-13.3416000000;-0.1428000000;-6.2526000000;-2.6775000000;-233.4525000000;6.5025000000;34.0000000000;-19.7500000000;23.5625000000
-13.4232000000;1.9278000000;-5.4978000000;35.7000000000;-255.0000000000;-6.3750000000;34.0000000000;-19.7500000000;23.5625000000
-12.7500000000;-0.3570000000;-7.3338000000;-9.0525000000;-250.8562500000;14.4712500000;37.6875000000;-21.3750000000;16.0625000000
-12.2298000000;0.9792000000;-4.6410000000;4.3350000000;-208.2075000000;-2.9325000000;39.8750000000;-19.5000000000;7.8750000000
-13.5150000000;-0.4794000000;-4.9164000000;-19.7625000000;-178.1175000000;18.2325000000;41.0625000000;-22.0625000000;1.5625000000
-11.2710000000;-0.8670000000;-4.2942000000;-33.4687500000;-158.4825000000;-9.6900000000;39.6875000000;-21.3750000000;-4.6875000000
-11.4750000000;1.1322000000;-2.4174000000;3.4425000000;-110.5425000000;-14.0250000000;39.6875000000;-21.3750000000;-4.6875000000
-11.3016000000;-0.1632000000;-2.4990000000;-56.3550000000;-75.7987500000;-8.3512500000;38.5625000000;-25.0625000000;-10.3750000000
-10.1388000000;0.1938000000;-1.9380000000;-29.7712500000;-36.0187500000;-18.6150000000;37.3750000000;-22.0625000000;-13.8750000000
-10.2306000000;1.6014000000;0.5304000000;0.0637500000;-3.5700000000;-13.3875000000;36.1875000000;-23.5625000000;-15.5000000000
-9.3228000000;0.7140000000;-0.1530000000;-38.8237500000;-4.2075000000;1.6575000000;36.5625000000;-23.5625000000;-16.0000000000
-9.7512000000;0.8058000000;0.4284000000;-10.3275000000;8.0325000000;-1.2750000000;36.5625000000;-23.5625000000;-16.0000000000
-10.1490000000;0.6018000000;1.1730000000;4.9725000000;22.6950000000;2.6775000000;36.5625000000;-22.5000000000;-16.0000000000
-9.8736000000;-0.3570000000;1.4688000000;8.6700000000;24.7350000000;2.2950000000;36.0625000000;-20.5000000000;-16.3750000000
-9.6084000000;0.3570000000;1.8258000000;33.2775000000;23.9062500000;-4.7812500000;36.8750000000;-22.0000000000;-16.3750000000
-9.8430000000;0.3672000000;2.0910000000;0.3825000000;19.7625000000;1.5300000000;37.5625000000;-21.2500000000;-15.1875000000
-9.8124000000;-0.2754000000;1.9584000000;-3.5062500000;10.2000000000;2.6775000000;37.5625000000;-21.2500000000;-15.1875000000
-9.6900000000;0.4692000000;1.7952000000;9.6262500000;2.2950000000;2.1037500000;37.5625000000;-22.3750000000;-13.1875000000
-10.1388000000;0.3060000000;1.3974000000;-6.4387500000;-0.7650000000;7.0125000000;38.3750000000;-22.3750000000;-12.8750000000
-9.8634000000;-0.4080000000;1.1220000000;-2.1037500000;-0.7650000000;3.0600000000;37.5625000000;-22.6875000000;-14.0000000000
-9.8634000000;0.3570000000;1.5708000000;8.5425000000;3.1237500000;-3.1875000000;37.5625000000;-23.0625000000;-13.1875000000
-9.8124000000;0.2142000000;1.2954000000;-6.5025000000;-0.4462500000;0.3187500000;37.5625000000;-23.0625000000;-13.1875000000
-9.8124000000;0.1938000000;1.1934000000;4.3350000000;-2.8050000000;-0.1912500000;37.5625000000;-22.6875000000;-14.0000000000
-9.6798000000;0.4692000000;1.2546000000;2.4862500000;-0.8287500000;-0.4462500000;38.0000000000;-23.0625000000;-14.0000000000
-9.8226000000;0.4692000000;1.2852000000;-5.6100000000;0.3825000000;3.1237500000;37.1875000000;-21.2500000000;-12.8750000000
-9.8736000000;0.2244000000;1.4382000000;1.7850000000;-2.6137500000;1.6575000000;37.1875000000;-22.6875000000;-14.3750000000
-9.9654000000;0.3570000000;0.8874000000;2.2950000000;-5.2912500000;4.8450000000;37.1875000000;-22.6875000000;-14.3750000000
-9.8430000000;0.0102000000;0.9180000000;-4.7812500000;0.8287500000;3.9525000000;38.0000000000;-23.0625000000;-13.5625000000
-9.9654000000;0.3264000000;1.2444000000;4.7812500000;0.0637500000;0.3187500000;37.5625000000;-22.3750000000;-14.0000000000
-9.8940000000;0.0000000000;0.7956000000;-4.3987500000;-1.4662500000;4.0162500000;36.8750000000;-23.5000000000;-15.1875000000
-9.9246000000;0.1020000000;1.0710000000;-8.2875000000;7.5225000000;0.8287500000;36.8750000000;-23.8750000000;-14.3750000000
-9.9960000000;0.1938000000;1.4586000000;0.0637500000;5.5462500000;-2.9962500000;36.8750000000;-23.8750000000;-14.3750000000
-9.7512000000;0.4284000000;1.1220000000;1.7850000000;2.3587500000;-0.2550000000;37.1875000000;-23.5000000000;-13.5625000000
-9.8736000000;0.2652000000;1.4688000000;-5.8012500000;5.3550000000;-0.3825000000;38.0000000000;-23.0625000000;-14.3750000000
-9.8736000000;0.4488000000;1.4892000000;2.0400000000;-0.5100000000;-0.8287500000;38.0000000000;-21.2500000000;-13.5625000000
-9.7512000000;0.4080000000;1.2036000000;-4.7812500000;-0.8287500000;1.4662500000;37.1875000000;-23.0625000000;-14.0000000000
-9.8430000000;0.3978000000;1.3566000000;-2.8687500000;-1.3387500000;1.8487500000;37.1875000000;-23.0625000000;-14.0000000000
-9.9756000000;0.4182000000;1.1730000000;-2.9325000000;-3.7612500000;4.4625000000;38.0000000000;-23.0625000000;-14.3750000000
-9.8736000000;0.1326000000;1.0404000000;-9.7537500000;0.5737500000;3.3787500000;37.1875000000;-24.1875000000;-14.3750000000
-9.9960000000;0.2346000000;1.2852000000;7.9687500000;-3.8250000000;0.0637500000;36.8750000000;-23.5000000000;-13.5625000000
-9.8838000000;0.3672000000;0.8976000000;-3.1875000000;-1.9125000000;1.9125000000;36.8750000000;-21.6875000000;-13.5625000000
-9.9552000000;0.0204000000;1.0914000000;-2.2312500000;0.1912500000;0.8287500000;36.8750000000;-21.6875000000;-13.5625000000
-9.8736000000;0.4386000000;1.0608000000;4.7175000000;-0.0637500000;-1.4662500000;37.5625000000;-22.0000000000;-14.7500000000
-9.9552000000;0.2958000000;1.1016000000;-4.4625000000;1.9762500000;1.3387500000;36.0625000000;-24.1875000000;-13.5625000000
-9.8634000000;0.1020000000;1.0812000000;2.9325000000;2.4225000000;-1.5937500000;37.1875000000;-23.5000000000;-14.0000000000
-9.8532000000;0.5406000000;1.3464000000;-0.1275000000;2.9962500000;-0.7650000000;36.8750000000;-23.8750000000;-14.3750000000
-9.9144000000;0.1530000000;1.2954000000;-4.4625000000;0.2550000000;-0.3187500000;36.8750000000;-23.8750000000;-14.3750000000
-9.8430000000;0.4590000000;1.2750000000;0.5737500000;-0.5100000000;-1.4025000000;37.5625000000;-22.0000000000;-13.1875000000
-9.8736000000;0.5202000000;1.3260000000;-1.4025000000;-1.7212500000;1.2750000000;37.1875000000;-20.8750000000;-13.5625000000
-9.9348000000;0.3060000000;1.2138000000;-0.9562500000;-1.7212500000;1.7212500000;37.1875000000;-23.5000000000;-15.5625000000
-9.9042000000;0.3162000000;1.2138000000;4.7175000000;-1.4025000000;-0.1275000000;37.5625000000;-23.5000000000;-14.3750000000
-9.9144000000;0.4998000000;1.2444000000;-2.4225000000;-1.0837500000;2.7412500000;37.5625000000;-23.5000000000;-14.3750000000
-9.9144000000;0.0714000000;1.1424000000;-1.1475000000;-1.7212500000;0.3825000000;36.8750000000;-24.1875000000;-13.5625000000
-9.8940000000;0.3162000000;1.1016000000;3.5062500000;-1.5937500000;-1.5300000000;36.8750000000;-22.0000000000;-14.3750000000
-9.9144000000;0.3162000000;1.1934000000;-4.7175000000;0.3825000000;0.5100000000;37.1875000000;-24.1875000000;-13.5625000000
-9.9042000000;0.3060000000;1.2546000000;3.3787500000;-0.8925000000;-1.5937500000;37.1875000000;-24.1875000000;-13.5625000000
-9.8022000000;0.4896000000;1.1934000000;0.9562500000;-0.6375000000;-1.0200000000;37.5625000000;-23.8750000000;-14.0000000000
-9.8940000000;0.2652000000;1.3566000000;-3.2512500000;0.3825000000;0.3825000000;37.1875000000;-23.8750000000;-15.5625000000
-9.8634000000;0.3672000000;1.3566000000;1.0837500000;-1.3387500000;-0.3187500000;37.1875000000;-23.0625000000;-14.7500000000
-9.8940000000;0.4182000000;1.2342000000;-1.2750000000;-2.0400000000;0.1912500000;38.0000000000;-23.8750000000;-14.0000000000
-9.9042000000;0.3060000000;1.0506000000;-1.0837500000;-1.1475000000;0.5100000000;38.0000000000;-23.8750000000;-14.0000000000
-9.8736000000;0.4998000000;1.1526000000;1.4025000000;0.9562500000;1.0837500000;37.1875000000;-23.5000000000;-14.0000000000
-9.8532000000;0.1938000000;1.1220000000;-1.1475000000;1.2112500000;1.5937500000;36.8750000000;-22.0000000000;-14.0000000000
-9.8736000000;0.1836000000;1.3770000000;-2.5500000000;2.4225000000;-0.5100000000;37.1875000000;-23.5000000000;-14.3750000000
-9.9144000000;0.3468000000;1.3566000000;1.9125000000;-1.9762500000;-0.9562500000;38.0000000000;-23.0625000000;-14.7500000000
-9.8430000000;0.2142000000;1.0506000000;-2.9325000000;-0.6375000000;-0.9562500000;38.0000000000;-23.0625000000;-14.7500000000
-9.8430000000;0.6018000000;1.2648000000;1.9125000000;0.0000000000;-1.8487500000;36.8750000000;-21.6875000000;-14.3750000000
-9.8940000000;0.3876000000;1.0812000000;0.3825000000;-0.8287500000;1.5937500000;37.1875000000;-23.0625000000;-14.3750000000
-9.8940000000;0.2550000000;1.2240000000;0.1275000000;2.6137500000;0.6375000000;36.8750000000;-23.5000000000;-14.0000000000
-9.8838000000;0.3264000000;1.3566000000;2.4225000000;1.0837500000;0.2550000000;36.5000000000;-23.5000000000;-15.5625000000
-9.8940000000;0.1734000000;1.2852000000;-2.3587500000;-0.3825000000;0.3187500000;36.5000000000;-23.5000000000;-15.5625000000
-9.9552000000;0.2142000000;1.2444000000;1.0200000000;-1.2112500000;-1.1475000000;37.1875000000;-21.2500000000;-14.7500000000
-9.8124000000;0.4182000000;1.1322000000;0.5737500000;-0.2550000000;-2.0400000000;36.8750000000;-21.2500000000;-14.0000000000
-9.8634000000;0.5406000000;1.2546000000;-1.3387500000;0.0000000000;-0.0637500000;36.8750000000;-23.5000000000;-15.1875000000
-9.9348000000;0.3366000000;1.2342000000;1.5300000000;-1.0837500000;1.0200000000;36.8750000000;-23.0625000000;-15.1875000000
-9.8634000000;0.3468000000;1.2852000000;1.4025000000;1.3387500000;0.3187500000;36.8750000000;-23.0625000000;-15.1875000000
-9.9144000000;0.2142000000;1.4586000000;-0.3825000000;-0.4462500000;0.0000000000;36.8750000000;-22.3750000000;-13.1875000000
-9.8634000000;0.3468000000;1.2648000000;0.4462500000;-3.2512500000;0.5737500000;36.5000000000;-23.0625000000;-14.3750000000
-9.8634000000;0.1632000000;1.2750000000;-1.5300000000;-1.6575000000;0.5100000000;37.5625000000;-21.6875000000;-13.1875000000
-9.9450000000;0.3774000000;1.1934000000;1.2750000000;-2.2950000000;-0.6375000000;36.8750000000;-22.6875000000;-14.3750000000
-9.8430000000;0.3264000000;1.1220000000;-0.4462500000;-0.1275000000;-0.6375000000;36.8750000000;-22.6875000000;-14.3750000000
-9.8328000000;0.3876000000;1.2954000000;1.8487500000;0.1275000000;-0.5100000000;36.8750000000;-21.2500000000;-14.7500000000
-9.8940000000;0.4692000000;1.2750000000;0.0637500000;0.5100000000;0.7650000000;37.5625000000;-23.8750000000;-14.3750000000
-9.9348000000;0.1428000000;1.2240000000;-1.9762500000;-0.0637500000;1.2112500000;36.8750000000;-22.0000000000;-13.5625000000
-9.8634000000;0.3366000000;1.2852000000;2.6775000000;0.0637500000;-0.5100000000;37.1875000000;-23.5000000000;-14.0000000000
-9.8328000000;0.4182000000;1.3260000000;-0.7650000000;0.0000000000;0.3825000000;37.1875000000;-23.5000000000;-14.0000000000
-9.9348000000;0.1020000000;1.2444000000;-3.3150000000;-0.4462500000;1.2750000000;37.1875000000;-23.8750000000;-14.7500000000
-9.8838000000;0.4080000000;1.3260000000;1.3387500000;0.0637500000;-1.4025000000;38.0000000000;-21.6875000000;-14.3750000000
-9.8022000000;0.4080000000;1.3362000000;-3.2512500000;0.1912500000;0.1275000000;37.1875000000;-23.0625000000;-14.3750000000
-9.9042000000;0.3060000000;1.2852000000;-0.3825000000;-1.5300000000;0.5737500000;37.5625000000;-23.0625000000;-13.5625000000
-9.8838000000;0.3162000000;1.2750000000;-1.3387500000;-0.8287500000;0.0637500000;37.5625000000;-23.0625000000;-13.5625000000
-9.8532000000;0.4182000000;1.2852000000;0.9562500000;-0.7650000000;-0.1275000000;36.5000000000;-22.0000000000;-14.7500000000
-9.8226000000;0.4590000000;1.2852000000;-0.3187500000;-0.7012500000;1.7212500000;37.5625000000;-23.5000000000;-15.5625000000
-9.9246000000;0.3060000000;1.2546000000;-1.0200000000;-0.5100000000;2.1675000000;36.8750000000;-21.6875000000;-14.3750000000
-9.8736000000;0.3060000000;1.2342000000;3.9525000000;-0.8925000000;0.7650000000;36.5000000000;-22.3750000000;-14.0000000000
-9.8328000000;0.2958000000;1.3362000000;-1.8487500000;0.7012500000;1.5300000000;36.5000000000;-22.3750000000;-14.0000000000
-9.9756000000;0.1530000000;1.3770000000;-0.1275000000;-1.3387500000;-0.4462500000;36.0625000000;-21.6875000000;-14.7500000000
-9.8328000000;0.4182000000;1.2240000000;0.7650000000;-0.8287500000;-1.2750000000;36.8750000000;-23.0625000000;-15.1875000000
-9.8430000000;0.4284000000;1.4688000000;-2.4862500000;0.5737500000;-0.2550000000;37.1875000000;-23.8750000000;-14.3750000000
-9.8328000000;0.5202000000;1.2852000000;0.8925000000;-1.5300000000;0.6375000000;37.5625000000;-23.0625000000;-14.3750000000
-9.8940000000;0.3264000000;1.3362000000;-2.3587500000;0.1275000000;1.9762500000;37.5625000000;-23.0625000000;-14.3750000000
-9.8634000000;0.2958000000;1.3260000000;2.8050000000;-1.0837500000;1.0200000000;36.8750000000;-22.0000000000;-14.3750000000
-9.8328000000;0.3570000000;1.3566000000;-0.6375000000;-0.4462500000;0.8287500000;36.8750000000;-24.1875000000;-14.0000000000
-9.9042000000;0.2346000000;1.3158000000;-1.7850000000;-1.4025000000;0.7012500000;37.5625000000;-23.5000000000;-15.5625000000
-9.8940000000;0.3876000000;1.3362000000;-0.3825000000;-1.0200000000;-0.0637500000;36.8750000000;-22.6875000000;-13.5625000000
-9.8940000000;0.3774000000;1.3260000000;0.2550000000;-0.8925000000;-0.1275000000;36.8750000000;-22.6875000000;-13.5625000000
-9.8532000000;0.4998000000;1.3056000000;-0.0637500000;0.3825000000;-0.1275000000;36.8750000000;-23.8750000000;-14.0000000000
-9.8634000000;0.4896000000;1.4790000000;1.7212500000;-1.2112500000;1.1475000000;37.1875000000;-24.1875000000;-15.1875000000
-9.8124000000;0.4386000000;1.4892000000;-0.8287500000;-1.0837500000;1.7212500000;36.8750000000;-23.8750000000;-16.0000000000
-9.9144000000;0.2856000000;1.3974000000;-0.8925000000;-2.7412500000;1.0837500000;36.8750000000;-23.5000000000;-15.1875000000
-9.8532000000;0.5712000000;1.2648000000;-0.1912500000;-1.9125000000;0.7012500000;36.8750000000;-23.5000000000;-15.1875000000
-9.8430000000;0.3468000000;1.2342000000;-1.0200000000;-0.7650000000;2.1037500000;36.8750000000;-23.8750000000;-14.3750000000
-9.9144000000;0.2652000000;1.2852000000;0.8287500000;-0.4462500000;1.0837500000;36.5000000000;-23.8750000000;-15.5625000000
-9.9144000000;0.2448000000;1.3362000000;-1.6575000000;1.3387500000;-0.3825000000;36.8750000000;-22.3750000000;-16.3750000000
-9.8736000000;0.3366000000;1.4178000000;0.5737500000;0.7012500000;-1.4025000000;37.1875000000;-24.5625000000;-15.5625000000
-9.9144000000;0.4386000000;1.4076000000;-1.1475000000;0.5100000000;-1.4662500000;37.1875000000;-24.5625000000;-15.5625000000
-9.9042000000;0.4794000000;1.2954000000;-0.4462500000;1.0200000000;-1.0200000000;36.5000000000;-23.8750000000;-15.5625000000
-9.8226000000;0.4692000000;1.3770000000;0.0637500000;1.8487500000;-0.2550000000;36.8750000000;-24.1875000000;-15.1875000000
-9.8226000000;0.4284000000;1.5708000000;-0.0637500000;1.4025000000;0.3187500000;35.6875000000;-22.6875000000;-15.1875000000
-9.8736000000;0.3570000000;1.5198000000;-0.3187500000;-0.8925000000;0.2550000000;35.6875000000;-22.6875000000;-15.1875000000
-9.8328000000;0.4386000000;1.4586000000;-0.7650000000;-1.7850000000;-0.1275000000;36.8750000000;-24.1875000000;-14.3750000000
-9.8532000000;0.3672000000;1.2342000000;-0.5100000000;-2.0400000000;0.5737500000;36.5000000000;-23.8750000000;-16.0000000000
-9.8430000000;0.4182000000;1.2852000000;0.7650000000;-0.8287500000;0.1275000000;36.5000000000;-24.1875000000;-16.0000000000
-9.8124000000;0.4794000000;1.3566000000;1.2112500000;0.1275000000;0.5737500000;36.8750000000;-23.8750000000;-15.5625000000
-9.8736000000;0.2754000000;1.4280000000;-0.5100000000;0.2550000000;1.0200000000;36.8750000000;-23.8750000000;-15.5625000000
-9.8736000000;0.2346000000;1.3872000000;0.1275000000;-0.3825000000;-0.7012500000;36.0625000000;-22.6875000000;-15.1875000000
-9.8328000000;0.4182000000;1.4382000000;-0.2550000000;-0.7012500000;-0.8287500000;37.1875000000;-24.1875000000;-15.5625000000
-9.8430000000;0.4692000000;1.3260000000;-1.7212500000;-1.0200000000;-0.3825000000;36.0625000000;-22.0000000000;-15.1875000000
-9.8736000000;0.4590000000;1.3566000000;-0.4462500000;-0.3187500000;0.1275000000;36.5000000000;-23.8750000000;-14.7500000000
-9.7920000000;0.4284000000;1.4280000000;0.9562500000;0.7650000000;0.5737500000;36.5000000000;-23.8750000000;-14.7500000000
-9.8736000000;0.3060000000;1.5504000000;-0.8925000000;-0.5737500000;0.4462500000;36.5000000000;-23.8750000000;-14.7500000000
-9.8532000000;0.4488000000;1.3770000000;0.8925000000;-1.8487500000;-0.5737500000;37.1875000000;-23.8750000000;-16.0000000000
-9.8430000000;0.3264000000;1.1526000000;-0.7012500000;-1.3387500000;0.1912500000;35.6875000000;-23.5000000000;-16.0000000000
-9.7716000000;0.4896000000;0.4692000000;1.0837500000;2.6775000000;-4.2075000000;37.1875000000;-24.1875000000;-15.1875000000
-10.0062000000;0.8772000000;0.3264000000;-2.4225000000;16.5112500000;-5.1000000000;37.1875000000;-24.1875000000;-15.1875000000
-10.3836000000;0.0918000000;-1.1628000000;-0.3187500000;21.2287500000;0.2550000000;36.5000000000;-23.0625000000;-14.7500000000
-10.0674000000;0.6834000000;-2.0502000000;31.2375000000;37.0387500000;-9.1162500000;37.1875000000;-23.8750000000;-13.5625000000
-10.7610000000;1.2750000000;-2.7948000000;19.3800000000;62.9212500000;0.7012500000;38.0000000000;-21.2500000000;-13.5625000000
-11.0976000000;0.0000000000;-2.8662000000;3.5062500000;87.6562500000;3.5700000000;38.3750000000;-23.0625000000;-11.6875000000
-11.2506000000;0.3162000000;-3.1416000000;48.0037500000;104.1037500000;-4.5262500000;38.3750000000;-23.0625000000;-11.6875000000
-11.2404000000;0.2142000000;-3.0702000000;38.5050000000;123.1650000000;-3.3787500000;39.8750000000;-22.3750000000;-8.0625000000
-11.6790000000;-0.5814000000;-2.1012000000;25.7550000000;139.4212500000;-5.4187500000;40.5625000000;-20.1875000000;-3.5000000000
-10.7712000000;0.0714000000;-2.0910000000;42.7125000000;125.7787500000;-15.7462500000;41.6875000000;-19.3750000000;0.5000000000
-10.4652000000;0.0714000000;-1.1220000000;49.0237500000;124.7587500000;-14.0250000000;41.2500000000;-20.1875000000;5.6875000000
-9.4452000000;0.1632000000;-0.6222000000;28.2412500000;98.8762500000;-16.1287500000;41.2500000000;-20.1875000000;5.6875000000
-8.9862000000;0.6222000000;-1.2546000000;29.8987500000;72.0375000000;-12.1125000000;40.8750000000;-18.5000000000;10.0000000000
-8.9148000000;-0.4284000000;-2.1420000000;6.6937500000;47.3662500000;-3.4425000000;39.8750000000;-17.2500000000;13.5000000000
-8.2824000000;-0.4590000000;-3.6516000000;14.4075000000;22.1850000000;-8.4787500000;40.5625000000;-16.8750000000;16.6875000000
-8.1396000000;0.0918000000;-4.2942000000;5.0362500000;13.4512500000;-3.7612500000;38.6875000000;-15.7500000000;17.0625000000
-8.4456000000;-0.9588000000;-5.3040000000;-19.1887500000;6.4387500000;1.4662500000;38.6875000000;-15.7500000000;17.0625000000
-8.5272000000;-0.6834000000;-5.0796000000;9.1800000000;5.8012500000;-0.6375000000;39.5000000000;-16.0625000000;17.5000000000
-8.2824000000;-0.4896000000;-5.2530000000;-3.2512500000;3.6337500000;-1.4662500000;38.6875000000;-13.8750000000;16.6875000000
-8.3946000000;-0.8262000000;-5.5794000000;-3.1237500000;2.9325000000;-0.2550000000;39.5000000000;-16.0625000000;17.8750000000
-8.2008000000;-0.3570000000;-4.8552000000;3.3787500000;1.5937500000;-2.1037500000;38.3750000000;-13.8750000000;18.6875000000
-8.0070000000;-0.1020000000;-5.0592000000;-1.4662500000;-2.4862500000;1.5300000000;38.3750000000;-13.8750000000;18.6875000000
-8.8230000000;-0.4692000000;-4.6104000000;-3.8250000000;-3.7612500000;5.8012500000;39.5000000000;-15.0000000000;17.8750000000
-8.4660000000;-0.6834000000;-5.7936000000;-10.5825000000;-13.4512500000;3.5700000000;39.5000000000;-14.2500000000;17.5000000000
-8.4252000000;-0.5406000000;-6.0996000000;-6.2475000000;-8.1600000000;4.0800000000;39.5000000000;-16.0625000000;16.6875000000
-8.3130000000;-0.6732000000;-6.3648000000;-9.1162500000;-6.9487500000;3.3787500000;39.3750000000;-16.5000000000;17.0625000000
-8.4252000000;-0.1326000000;-5.4978000000;2.6775000000;3.8250000000;1.4662500000;39.3750000000;-16.5000000000;17.0625000000
-8.5170000000;0.0408000000;-4.6002000000;3.6337500000;4.0162500000;5.2912500000;38.5625000000;-17.1875000000;16.2500000000
-8.8638000000;-1.2546000000;-5.5998000000;-4.0800000000;-6.0562500000;4.1437500000;38.5625000000;-15.3750000000;16.2500000000
-8.2110000000;-0.4590000000;-6.0588000000;4.2712500000;0.1275000000;-1.5300000000;39.6875000000;-15.6875000000;16.2500000000
-8.4966000000;-0.3672000000;-5.2224000000;-4.1437500000;1.4025000000;3.0600000000;39.3750000000;-16.8750000000;16.6875000000
-8.4252000000;-0.3570000000;-5.1612000000;4.3987500000;0.8287500000;-1.7850000000;39.3750000000;-16.8750000000;16.6875000000
-8.5476000000;-0.2856000000;-5.0490000000;-4.7175000000;-2.0400000000;1.6575000000;39.6875000000;-17.1875000000;18.2500000000
-8.4864000000;-0.4590000000;-5.6508000000;-1.2112500000;-2.5500000000;0.1275000000;38.5625000000;-15.6875000000;17.0625000000
-8.5374000000;-0.4182000000;-5.9466000000;0.1912500000;-1.4662500000;0.3187500000;39.0000000000;-17.1875000000;16.2500000000
-8.5272000000;-0.3978000000;-5.7222000000;-1.1475000000;3.8250000000;-0.1912500000;39.0000000000;-16.8750000000;15.5000000000
-8.5680000000;-0.3468000000;-5.3856000000;0.0000000000;3.0600000000;0.5100000000;39.0000000000;-16.8750000000;15.5000000000
-8.3946000000;-0.2244000000;-5.1816000000;0.9562500000;3.3150000000;-0.5737500000;38.5625000000;-16.0625000000;16.6875000000
-8.3640000000;-0.3672000000;-5.3856000000;-2.2950000000;1.7212500000;1.2112500000;39.0000000000;-17.5625000000;17.5000000000
-8.4252000000;-0.4386000000;-5.2428000000;-1.2750000000;1.3387500000;0.1912500000;39.0000000000;-16.5000000000;17.0625000000
-8.4660000000;-0.5202000000;-5.3244000000;-1.5300000000;-0.3187500000;-0.9562500000;39.0000000000;-16.5000000000;17.0625000000
-8.3436000000;-0.2958000000;-5.6100000000;-0.7012500000;-2.3587500000;-1.0837500000;39.0000000000;-17.5625000000;16.6875000000
-8.4354000000;-0.2958000000;-5.4672000000;-3.0600000000;0.7650000000;-1.0200000000;39.7500000000;-18.0000000000;16.6875000000
-8.5272000000;-0.1836000000;-5.3754000000;1.1475000000;-1.1475000000;-0.4462500000;39.3750000000;-17.1875000000;15.8750000000
-8.3334000000;-0.1428000000;-5.6304000000;-0.1275000000;0.5100000000;-0.0637500000;38.5625000000;-17.5625000000;16.2500000000
-8.5272000000;-0.6018000000;-5.6202000000;-3.3787500000;1.2750000000;0.9562500000;38.5625000000;-17.5625000000;16.2500000000
-8.3844000000;-0.2550000000;-5.5080000000;4.5900000000;2.2312500000;-1.0200000000;39.3750000000;-17.1875000000;15.5000000000
-8.3742000000;-0.3468000000;-5.4060000000;-4.1437500000;0.9562500000;1.6575000000;39.3750000000;-16.8750000000;16.6875000000
-8.5884000000;-0.2856000000;-5.3754000000;1.9762500000;2.4862500000;1.2750000000;38.5625000000;-17.5625000000;16.2500000000
-8.4456000000;-0.4794000000;-5.7630000000;-0.3187500000;0.8925000000;-1.0837500000;38.2500000000;-16.5000000000;16.6875000000
-8.3130000000;-0.3468000000;-5.5182000000;0.5100000000;2.6137500000;0.1912500000;38.2500000000;-16.5000000000;16.6875000000
-8.3436000000;-0.2448000000;-5.3856000000;-0.8287500000;2.8050000000;-0.5737500000;39.0000000000;-15.6875000000;16.6875000000
-8.4150000000;-0.2754000000;-5.4060000000;-0.2550000000;0.1912500000;-1.0837500000;39.3750000000;-17.1875000000;16.2500000000
-8.3232000000;-0.1836000000;-5.3856000000;-0.9562500000;-1.0200000000;-0.0637500000;38.2500000000;-15.6875000000;17.0625000000
-8.4252000000;-0.4692000000;-5.8650000000;-4.7175000000;-0.7012500000;1.9125000000;39.0000000000;-17.1875000000;16.2500000000
-8.5578000000;-0.2652000000;-5.4672000000;-1.7850000000;3.0600000000;0.4462500000;39.0000000000;-17.1875000000;16.2500000000
-8.3334000000;-0.4080000000;-5.5182000000;-1.2112500000;0.2550000000;0.3187500000;39.3750000000;-17.1875000000;16.6875000000
-8.2620000000;-0.2040000000;-5.5590000000;0.3825000000;1.6575000000;0.5737500000;39.3750000000;-17.5625000000;15.5000000000
-8.4456000000;-0.2244000000;-5.4468000000;-1.5300000000;1.0200000000;1.0837500000;39.3750000000;-16.8750000000;16.6875000000
-8.4456000000;-0.3468000000;-5.2938000000;1.7212500000;-1.4025000000;0.3187500000;38.5625000000;-16.0625000000;15.8750000000
-8.2824000000;-0.3264000000;-5.6406000000;-3.3787500000;-0.6375000000;0.8287500000;38.5625000000;-16.0625000000;15.8750000000
-8.4354000000;-0.3876000000;-5.3754000000;1.4025000000;-1.0837500000;-0.3825000000;37.8750000000;-16.0625000000;17.8750000000
-8.4150000000;-0.4182000000;-5.7324000000;-2.4225000000;-3.6337500000;0.5100000000;38.2500000000;-17.1875000000;17.8750000000
-8.4048000000;-0.1224000000;-5.5182000000;0.9562500000;1.0200000000;-1.2750000000;39.0000000000;-16.0625000000;16.6875000000
-8.4864000000;-0.3366000000;-5.4774000000;-2.0400000000;-0.9562500000;0.1912500000;39.2500000000;-17.5625000000;17.0625000000
-8.3028000000;-0.1224000000;-5.3550000000;2.2950000000;0.2550000000;-0.6375000000;39.2500000000;-17.5625000000;17.0625000000
-8.3844000000;-0.2754000000;-5.5794000000;-3.3787500000;-2.2312500000;0.0000000000;39.3750000000;-18.0000000000;16.6875000000
-8.4660000000;-0.3468000000;-5.5794000000;-1.2750000000;-0.1912500000;0.1912500000;39.0000000000;-17.5625000000;17.8750000000
-8.3640000000;-0.2346000000;-5.3958000000;0.7650000000;-2.2950000000;0.4462500000;38.2500000000;-16.5000000000;16.6875000000
-8.3130000000;-0.3366000000;-5.8344000000;-1.2112500000;-1.4662500000;0.0637500000;39.0000000000;-17.5625000000;17.0625000000
-8.5884000000;-0.1326000000;-5.6814000000;-1.4662500000;1.2112500000;0.1275000000;39.0000000000;-17.5625000000;17.0625000000
-8.4150000000;-0.2346000000;-5.6100000000;0.6375000000;1.0200000000;-0.7012500000;39.0000000000;-16.0625000000;15.8750000000
-8.2926000000;-0.1734000000;-5.5896000000;-0.0637500000;1.3387500000;0.2550000000;38.2500000000;-16.8750000000;17.0625000000
-8.4966000000;-0.3162000000;-5.2938000000;-0.5737500000;2.9325000000;1.1475000000;39.0000000000;-17.1875000000;16.3750000000
-8.4048000000;-0.3264000000;-5.3652000000;-1.2750000000;-1.0837500000;0.5737500000;38.2500000000;-17.1875000000;17.0625000000
-8.2824000000;-0.2142000000;-5.8140000000;0.5737500000;-0.8925000000;-0.5100000000;38.2500000000;-17.1875000000;17.0625000000
-8.4864000000;-0.3876000000;-5.4264000000;-2.9325000000;2.4862500000;0.5100000000;39.0000000000;-17.5625000000;16.2500000000
-8.3742000000;-0.3774000000;-5.7018000000;-4.1437500000;0.5737500000;-1.5937500000;38.5625000000;-17.1875000000;15.8750000000
-8.3334000000;-0.1836000000;-5.6304000000;2.7412500000;1.7212500000;-1.5300000000;38.2500000000;-17.1875000000;16.6875000000
-8.4558000000;-0.3366000000;-5.4162000000;-1.1475000000;1.8487500000;-1.2750000000;38.5625000000;-17.1875000000;15.8750000000
-8.3130000000;-0.0816000000;-5.4672000000;2.4225000000;-0.4462500000;-1.7850000000;38.5625000000;-17.1875000000;15.8750000000
-8.3640000000;-0.2142000000;-5.6814000000;-2.1675000000;1.2750000000;1.4662500000;38.5625000000;-18.0000000000;17.5000000000
-8.4150000000;-0.2448000000;-5.5080000000;2.8687500000;0.6375000000;1.2750000000;38.5625000000;-15.6875000000;16.6875000000
-8.4150000000;-0.2346000000;-5.6508000000;-0.7650000000;1.0200000000;1.2750000000;38.5625000000;-18.0000000000;17.0625000000
-8.3742000000;-0.4692000000;-5.6508000000;0.3187500000;2.8050000000;-0.6375000000;39.0000000000;-16.8750000000;16.6875000000
-8.3538000000;-0.2040000000;-5.6508000000;0.0637500000;1.0837500000;0.6375000000;39.0000000000;-16.8750000000;16.6875000000
-8.4252000000;-0.4284000000;-5.5590000000;1.1475000000;3.1237500000;-1.0837500000;39.0000000000;-15.6875000000;17.8750000000
-8.2518000000;-0.1632000000;-5.5182000000;1.6575000000;0.1912500000;-1.1475000000;38.5625000000;-16.5000000000;17.0625000000
-8.3232000000;-0.3468000000;-5.4264000000;-0.6375000000;1.0837500000;-1.5937500000;38.5625000000;-18.3750000000;16.6875000000
-8.3538000000;-0.1020000000;-5.3958000000;1.4662500000;-1.5300000000;-1.4025000000;38.2500000000;-15.3750000000;16.6875000000
-8.2926000000;-0.1632000000;-5.7528000000;-1.9125000000;-2.1037500000;0.8287500000;38.2500000000;-15.3750000000;16.6875000000
-8.3334000000;-0.1632000000;-5.7120000000;1.4025000000;0.3187500000;0.3187500000;39.0000000000;-17.5625000000;16.2500000000
-8.4660000000;-0.2244000000;-5.5794000000;-1.9762500000;-0.1275000000;2.5500000000;38.2500000000;-16.8750000000;16.6875000000
-8.3334000000;-0.4386000000;-5.5590000000;1.0200000000;0.4462500000;0.6375000000;39.7500000000;-16.8750000000;16.6875000000
-8.3334000000;-0.2346000000;-5.2734000000;-0.9562500000;0.0000000000;1.2750000000;39.7500000000;-16.8750000000;16.6875000000
-8.4150000000;-0.6834000000;-5.7732000000;-9.0525000000;-0.7650000000;0.0000000000;38.5625000000;-18.0000000000;15.8750000000
-8.3130000000;-0.0714000000;-5.5080000000;3.9525000000;-0.6375000000;-1.4662500000;38.2500000000;-16.8750000000;17.0625000000
-8.3538000000;-0.4182000000;-5.5998000000;-2.6775000000;-1.0837500000;-0.4462500000;38.5625000000;-17.1875000000;16.6875000000
-8.3640000000;-0.0510000000;-5.4264000000;2.3587500000;-0.9562500000;-1.6575000000;39.0000000000;-15.6875000000;17.5000000000
-8.2926000000;-0.1224000000;-5.4978000000;-1.2112500000;-1.7212500000;0.8925000000;39.0000000000;-15.6875000000;17.5000000000
-8.4150000000;-0.4488000000;-5.5794000000;-1.6575000000;-1.8487500000;0.5100000000;39.0000000000;-17.1875000000;15.8750000000
-8.3028000000;-0.1122000000;-5.5386000000;1.3387500000;-1.2112500000;-0.1912500000;38.2500000000;-15.3750000000;17.5000000000
-8.3436000000;-0.3876000000;-5.6916000000;-3.2512500000;-2.0400000000;1.5300000000;38.2500000000;-17.1875000000;16.6875000000
-8.3640000000;-0.2244000000;-5.4672000000;0.7650000000;0.5737500000;-0.4462500000;38.5625000000;-17.1875000000;16.3750000000
-8.3742000000;-0.2856000000;-5.4366000000;-0.9562500000;-1.9125000000;0.7012500000;38.5625000000;-17.1875000000;16.3750000000
-8.2824000000;-0.3570000000;-5.9262000000;0.4462500000;-1.4025000000;-0.5100000000;38.5625000000;-17.5625000000;16.6875000000
-8.4558000000;-0.3570000000;-5.4060000000;-1.0837500000;2.4862500000;-1.7212500000;38.5625000000;-16.8750000000;16.6875000000
-8.3232000000;-0.1326000000;-5.4876000000;4.6537500000;-1.2750000000;-1.1475000000;39.3750000000;-16.0625000000;16.3750000000
-8.2620000000;-0.0918000000;-5.5386000000;-1.6575000000;-0.5100000000;0.0000000000;39.0000000000;-15.0000000000;17.0625000000
-8.4252000000;-0.1224000000;-5.4060000000;-0.4462500000;1.1475000000;1.3387500000;39.0000000000;-15.0000000000;17.0625000000
-8.4252000000;-0.2958000000;-5.4264000000;-0.3825000000;0.3187500000;1.5937500000;39.0000000000;-16.0625000000;17.5000000000
-8.2722000000;-0.3162000000;-5.6202000000;-0.5100000000;0.1275000000;1.3387500000;38.2500000000;-16.0625000000;17.0625000000
-8.3436000000;-0.4284000000;-5.4162000000;-0.4462500000;1.9125000000;0.6375000000;39.0000000000;-16.5000000000;16.6875000000
-8.3844000000;-0.4284000000;-5.5080000000;-0.0637500000;-0.5100000000;-0.7012500000;38.5625000000;-17.1875000000;16.6875000000
-8.3028000000;-0.2958000000;-5.7732000000;-0.1912500000;0.4462500000;-1.3387500000;38.5625000000;-17.1875000000;16.6875000000
-8.2926000000;-0.1428000000;-5.5284000000;0.0637500000;1.5937500000;-1.4025000000;38.5625000000;-17.1875000000;16.6875000000
-8.3232000000;-0.0714000000;-5.4468000000;1.0837500000;0.7012500000;-0.5100000000;38.5625000000;-17.1875000000;16.0000000000
-8.2110000000;-0.0510000000;-5.5794000000;-0.5100000000;-0.2550000000;0.3187500000;39.0000000000;-17.5625000000;17.8750000000
-8.4558000000;-0.3774000000;-5.4672000000;-2.4225000000;0.2550000000;1.9125000000;39.0000000000;-17.5625000000;17.8750000000
-8.2620000000;-0.1632000000;-5.6304000000;2.4862500000;-1.3387500000;1.0200000000;39.0000000000;-17.5625000000;17.8750000000
-8.4150000000;-0.2958000000;-5.5386000000;-3.1237500000;0.8925000000;1.7212500000;38.2500000000;-17.5625000000;16.2500000000
-8.4252000000;-0.4794000000;-5.7120000000;-0.4462500000;0.7650000000;0.0637500000;38.2500000000;-17.1875000000;17.0625000000
-8.1702000000;-0.1632000000;-5.6712000000;3.0600000000;0.5100000000;-0.7650000000;39.0000000000;-17.1875000000;16.3750000000
-8.3844000000;-0.3978000000;-5.5284000000;-2.7412500000;2.6775000000;-0.4462500000;39.3750000000;-15.6875000000;17.5000000000
-8.4150000000;-0.2244000000;-5.4060000000;3.1237500000;0.7650000000;-2.1675000000;39.3750000000;-15.6875000000;17.5000000000
-8.2008000000;0.0204000000;-5.4366000000;-0.7650000000;1.1475000000;-1.0200000000;38.5625000000;-16.0625000000;17.0625000000
-8.3946000000;-0.2346000000;-5.5692000000;-0.7650000000;-0.1912500000;0.8925000000;39.3750000000;-17.1875000000;17.0625000000
-8.3028000000;-0.1224000000;-5.4264000000;0.3825000000;0.0637500000;1.0200000000;39.0000000000;-16.5000000000;17.8750000000
-8.3028000000;-0.2346000000;-5.5488000000;-1.9125000000;-0.4462500000;1.7850000000;38.5625000000;-17.5625000000;16.6875000000
-8.3538000000;-0.3060000000;-5.4162000000;0.0000000000;-0.3187500000;1.4662500000;38.5625000000;-17.5625000000;16.6875000000
-8.3640000000;-0.3774000000;-5.6712000000;-2.8050000000;-1.5300000000;1.1475000000;38.2500000000;-17.5625000000;16.6875000000
-8.3028000000;-0.3060000000;-5.7018000000;1.1475000000;-1.0837500000;-0.1275000000;39.0000000000;-18.0000000000;15.5000000000
-8.3028000000;-0.2754000000;-5.7630000000;-0.8287500000;0.0000000000;-0.4462500000;38.2500000000;-16.5000000000;17.0625000000
-8.2824000000;-0.0714000000;-5.4978000000;0.7012500000;1.2112500000;-1.2112500000;39.3750000000;-17.1875000000;15.8750000000
-8.4456000000;-0.2346000000;-5.5896000000;-1.2112500000;0.4462500000;1.0200000000;39.3750000000;-17.1875000000;15.8750000000
-8.2620000000;0.0000000000;-5.7834000000;1.5300000000;1.8487500000;-0.5100000000;38.5625000000;-18.0000000000;16.6875000000
-8.2416000000;-0.1326000000;-5.5998000000;-1.3387500000;1.9125000000;1.8487500000;39.0000000000;-17.1875000000;16.3750000000
-8.3640000000;-0.1734000000;-5.5488000000;1.7850000000;2.1037500000;0.7012500000;38.2500000000;-18.0000000000;16.3750000000
-8.4252000000;-0.2958000000;-5.4264000000;-1.9762500000;1.0837500000;0.3187500000;39.0000000000;-16.5000000000;17.8750000000
-8.1498000000;-0.2448000000;-5.5488000000;2.6775000000;0.3825000000;-0.7012500000;39.0000000000;-16.5000000000;17.8750000000
-8.2008000000;-0.2142000000;-4.7634000000;-1.4662500000;0.0000000000;-0.7650000000;38.5625000000;-16.0625000000;17.5000000000
-8.2110000000;-0.0816000000;-4.0698000000;-3.9525000000;-7.7775000000;1.1475000000;39.0000000000;-16.5000000000;16.6875000000
-8.2518000000;-0.0204000000;-2.6622000000;2.1675000000;-18.1687500000;0.3187500000;39.3750000000;-18.0000000000;15.8750000000
-8.6598000000;-0.3468000000;-1.1220000000;-2.4225000000;-35.7000000000;2.1675000000;39.0000000000;-18.0000000000;15.8750000000
-9.1086000000;-0.5712000000;-1.2444000000;-21.1012500000;-81.3450000000;1.7212500000;39.0000000000;-18.0000000000;15.8750000000
-9.4248000000;0.9180000000;-2.1726000000;-21.8662500000;-114.4950000000;5.6737500000;39.3750000000;-18.0000000000;15.1875000000
-9.8838000000;1.5096000000;-2.6622000000;-20.0175000000;-131.3887500000;12.1762500000;40.7500000000;-19.3750000000;11.5625000000
-10.8834000000;1.6932000000;-2.8662000000;-10.8375000000;-132.7912500000;24.5437500000;41.5625000000;-18.0000000000;7.6875000000
-11.3118000000;0.0000000000;-2.8662000000;-20.0812500000;-120.9975000000;30.6000000000;41.5625000000;-18.0000000000;7.6875000000
-10.8630000000;-0.3468000000;-1.6218000000;-8.9250000000;-102.8287500000;17.7225000000;40.5000000000;-19.0000000000;2.5000000000
-10.9548000000;-0.5814000000;-0.8160000000;-6.3112500000;-104.6137500000;12.5587500000;39.8750000000;-20.5000000000;-1.5000000000
-11.3118000000;-0.0612000000;-0.9588000000;-11.9850000000;-103.3387500000;5.3550000000;39.8750000000;-24.2500000000;-5.0000000000
-11.0976000000;-0.1938000000;-1.5606000000;-25.4362500000;-101.3625000000;-3.5062500000;38.6875000000;-24.0000000000;-8.5625000000
-10.6386000000;0.9690000000;-1.4688000000;-17.5950000000;-92.5012500000;-14.5987500000;38.6875000000;-24.0000000000;-8.5625000000
-10.7508000000;0.8874000000;-1.5708000000;-28.8150000000;-63.6862500000;-9.9450000000;37.5625000000;-25.5000000000;-12.1875000000
-10.0674000000;0.7446000000;-1.0710000000;-14.9175000000;-30.7912500000;-9.0525000000;36.8750000000;-24.2500000000;-15.0000000000
-9.5574000000;1.3770000000;-0.5916000000;-1.0200000000;-8.3512500000;-6.3112500000;35.6875000000;-23.1875000000;-17.0000000000
-9.8940000000;1.0302000000;0.6732000000;-9.7537500000;12.3037500000;1.0837500000;36.0000000000;-24.5625000000;-17.3750000000
-9.7410000000;0.6528000000;1.2750000000;-2.4862500000;17.2762500000;3.4425000000;36.0000000000;-24.5625000000;-17.3750000000
-9.8226000000;0.5508000000;1.4994000000;5.7375000000;22.5037500000;3.5700000000;36.0000000000;-24.1875000000;-17.3750000000
-10.0470000000;0.1326000000;1.7340000000;-4.2712500000;28.3050000000;3.8887500000;36.0000000000;-24.1875000000;-16.5625000000
-9.8634000000;-0.4896000000;2.5296000000;-1.5937500000;25.6912500000;-1.9762500000;36.0000000000;-23.8750000000;-15.3750000000
-9.5574000000;0.1122000000;2.4786000000;2.4225000000;9.8812500000;-9.8175000000;36.7500000000;-24.1875000000;-14.1875000000
-9.8940000000;0.3162000000;2.5908000000;-5.1000000000;1.7850000000;-7.8412500000;36.7500000000;-24.1875000000;-14.1875000000
-9.7614000000;0.4080000000;1.5198000000;-2.8050000000;-14.8537500000;-4.9725000000;37.8750000000;-22.6875000000;-14.5625000000
-9.9450000000;0.7242000000;0.9486000000;-10.7737500000;-6.3750000000;-1.7212500000;37.0625000000;-21.6875000000;-13.7500000000
-10.1286000000;0.1122000000;0.7140000000;-25.2450000000;8.2237500000;1.4662500000;37.0625000000;-22.6875000000;-15.3750000000
-9.7002000000;-0.0408000000;1.2444000000;8.2875000000;5.7375000000;-4.2075000000;37.8750000000;-22.0000000000;-15.0000000000
-9.5166000000;0.7446000000;1.6218000000;-0.0637500000;6.9487500000;-1.2750000000;37.8750000000;-22.0000000000;-15.0000000000
-9.8124000000;0.2856000000;2.1828000000;1.5937500000;0.0637500000;2.6137500000;37.5000000000;-22.3750000000;-15.0000000000
-9.7818000000;0.2856000000;1.5402000000;0.5100000000;-5.4825000000;2.0400000000;37.0625000000;-20.8750000000;-13.7500000000
-9.9858000000;-0.0714000000;1.3566000000;-5.6100000000;-2.8687500000;2.2950000000;37.5000000000;-20.5000000000;-14.5625000000
-9.7920000000;0.3264000000;1.2852000000;7.7137500000;-4.5262500000;-0.5737500000;37.5000000000;-21.2500000000;-14.5625000000
-9.7716000000;0.4182000000;1.2342000000;-2.8687500000;-1.8487500000;2.7412500000;37.5000000000;-21.2500000000;-14.5625000000
-9.9144000000;0.1836000000;1.1730000000;-10.5825000000;0.3187500000;6.1837500000;37.0625000000;-20.8750000000;-13.3750000000
-10.0164000000;-0.3468000000;1.4178000000;1.8487500000;-1.3387500000;1.0837500000;36.7500000000;-23.0625000000;-15.7500000000
-9.8634000000;0.1122000000;1.0710000000;1.6575000000;-0.0637500000;-2.7412500000;36.0000000000;-20.8750000000;-15.3750000000
-9.8940000000;0.0918000000;1.4790000000;-3.3150000000;4.3987500000;-3.3150000000;36.3750000000;-21.6875000000;-15.0000000000
-9.8532000000;0.3366000000;1.3668000000;1.7212500000;1.5937500000;-3.3787500000;36.3750000000;-21.6875000000;-15.0000000000
-9.8124000000;0.3774000000;1.3974000000;-0.9562500000;3.3150000000;-1.2750000000;37.0625000000;-23.5000000000;-15.7500000000
-10.0878000000;0.0918000000;1.6422000000;0.3187500000;1.1475000000;-1.1475000000;37.5000000000;-22.0000000000;-15.0000000000
-9.7002000000;0.3570000000;1.2138000000;5.1000000000;0.7012500000;-2.7412500000;37.5000000000;-22.6875000000;-13.7500000000
-9.7818000000;0.3876000000;1.5912000000;-3.5700000000;3.3150000000;-0.5100000000;37.5000000000;-21.2500000000;-14.5625000000
-9.9144000000;0.0306000000;1.3260000000;1.9762500000;-2.1675000000;0.5737500000;37.5000000000;-21.2500000000;-14.5625000000
-9.8022000000;0.2244000000;1.3668000000;-0.4462500000;1.4662500000;-0.1275000000;37.8750000000;-22.6875000000;-15.7500000000
-9.8430000000;0.1122000000;1.6830000000;-1.6575000000;-0.5100000000;0.0637500000;37.5000000000;-22.6875000000;-15.0000000000
-9.8838000000;0.2448000000;1.2444000000;0.5100000000;-3.5700000000;0.8287500000;37.0625000000;-23.0625000000;-15.7500000000
-9.8634000000;0.0816000000;1.2240000000;-1.6575000000;1.2750000000;-0.1275000000;36.7500000000;-22.6875000000;-14.1875000000
-9.8838000000;0.1020000000;1.4484000000;3.2512500000;-0.8287500000;-1.5300000000;36.7500000000;-22.6875000000;-14.1875000000
-9.7308000000;0.3774000000;1.1016000000;0.4462500000;0.3825000000;-0.4462500000;37.5000000000;-22.3750000000;-15.0000000000
-9.8736000000;0.3060000000;1.5300000000;-3.5700000000;2.2312500000;1.9762500000;37.0625000000;-22.6875000000;-14.5625000000
-9.9042000000;0.1224000000;1.5198000000;0.6375000000;-1.3387500000;1.9762500000;37.0625000000;-23.0625000000;-15.3750000000
-9.7920000000;0.2142000000;1.4892000000;-2.6137500000;-0.3187500000;1.0837500000;37.5000000000;-22.6875000000;-15.0000000000
-9.9042000000;0.0510000000;1.5606000000;2.1675000000;-2.9962500000;-0.6375000000;37.5000000000;-22.6875000000;-15.0000000000
-9.8634000000;0.5100000000;1.1016000000;2.0400000000;-2.4862500000;0.5737500000;37.8750000000;-20.8750000000;-14.5625000000
-9.9348000000;0.3672000000;0.3570000000;-3.4425000000;4.3350000000;3.9525000000;37.5000000000;-23.0625000000;-15.0000000000
-9.9042000000;0.6324000000;-0.3060000000;6.4387500000;13.7062500000;0.1912500000;37.5000000000;-23.0625000000;-14.5625000000
-10.2510000000;1.1118000000;-1.6728000000;-2.8050000000;26.8387500000;5.7375000000;37.5000000000;-22.6875000000;-14.1875000000
-10.2612000000;0.5202000000;-1.9584000000;18.3600000000;56.2912500000;8.2237500000;37.5000000000;-22.6875000000;-14.1875000000
-10.8528000000;0.6222000000;-2.0400000000;17.7225000000;76.4362500000;10.5825000000;37.8750000000;-22.0000000000;-15.0000000000
-10.9038000000;-0.0102000000;-3.4782000000;20.6550000000;90.7800000000;4.2075000000;38.8750000000;-22.3750000000;-11.0625000000
-11.6484000000;0.2346000000;-4.3656000000;27.9862500000;119.5950000000;4.4625000000;39.7500000000;-21.6875000000;-9.1875000000
-12.0258000000;-0.4182000000;-3.8250000000;25.8825000000;149.6212500000;-5.8012500000;39.7500000000;-21.6875000000;-9.1875000000
-11.4750000000;0.3060000000;-3.7128000000;49.4062500000;155.6775000000;-13.8337500000;40.3750000000;-22.6875000000;-3.6875000000
-10.9854000000;0.6834000000;-3.4680000000;54.6975000000;169.5112500000;-10.3912500000;41.5625000000;-20.1875000000;-0.0625000000
-10.7100000000;0.8262000000;-2.0094000000;56.6737500000;161.3512500000;-10.1362500000;41.0625000000;-18.3750000000;7.3750000000
-9.6492000000;1.0506000000;-1.6728000000;55.3987500000;133.8112500000;-7.2037500000;40.0625000000;-16.8750000000;13.0000000000
-8.5680000000;0.6528000000;-2.0094000000;31.8112500000;103.5937500000;-1.6575000000;40.0625000000;-16.8750000000;13.0000000000
-8.0172000000;0.2346000000;-1.7340000000;33.2775000000;70.2525000000;4.2712500000;37.7500000000;-17.5625000000;18.7500000000
-7.6194000000;-1.1730000000;-3.1008000000;3.8250000000;28.0500000000;8.7337500000;36.6875000000;-15.6875000000;21.2500000000
-7.1910000000;-0.9792000000;-4.4982000000;9.3075000000;4.4625000000;0.6375000000;35.5625000000;-15.6875000000;22.7500000000
-7.5378000000;-1.5300000000;-5.7120000000;-14.6625000000;-5.1637500000;1.0200000000;35.7500000000;-15.5625000000;23.5625000000
-7.3644000000;-1.3974000000;-6.2628000000;-21.1650000000;-8.5425000000;-7.0125000000;35.7500000000;-15.5625000000;23.5625000000
-7.4154000000;-0.4896000000;-6.8442000000;3.5062500000;-13.1962500000;-4.6537500000;36.1875000000;-15.2500000000;22.7500000000
-7.6092000000;-0.3774000000;-6.7830000000;-7.9050000000;-6.4387500000;-4.7175000000;36.5625000000;-16.7500000000;22.5000000000
-7.3950000000;0.3672000000;-6.3648000000;-0.9562500000;-4.1437500000;-3.4425000000;36.0625000000;-16.0000000000;22.0000000000
-7.7214000000;-0.6018000000;-7.1808000000;-9.0525000000;-5.7375000000;2.0400000000;35.3750000000;-14.5000000000;22.0625000000
-7.3644000000;-0.0510000000;-6.9666000000;-2.2312500000;-1.8487500000;-3.3787500000;35.3750000000;-14.5000000000;22.0625000000
-7.5174000000;-0.3876000000;-6.9462000000;-2.9325000000;2.0400000000;2.9962500000;36.0625000000;-16.3750000000;22.0000000000
-7.7112000000;-0.6222000000;-6.7728000000;-0.3825000000;4.9725000000;2.4225000000;36.0625000000;-14.8750000000;22.7500000000
-7.3440000000;-0.2550000000;-6.8136000000;1.6575000000;5.1637500000;0.5737500000;36.0625000000;-14.8750000000;22.7500000000
-7.4358000000;-0.6222000000;-6.5280000000;-0.1275000000;8.7337500000;4.0800000000;35.3750000000;-16.0000000000;22.7500000000
-7.6908000000;-0.9996000000;-6.1200000000;-0.8287500000;6.6937500000;1.3387500000;35.3750000000;-16.0000000000;22.7500000000
-7.2114000000;-0.3876000000;-6.3852000000;7.1400000000;2.8050000000;0.8925000000;35.3750000000;-15.5625000000;21.2500000000
-7.5582000000;-0.7140000000;-6.4056000000;-4.5262500000;3.1875000000;1.2750000000;35.3750000000;-16.7500000000;22.5000000000
-7.5582000000;-0.5202000000;-6.9054000000;-1.3387500000;-1.7212500000;-0.9562500000;35.6875000000;-16.7500000000;22.7500000000
-7.2318000000;-0.2754000000;-6.8442000000;0.5737500000;1.0200000000;-2.6137500000;35.0000000000;-16.7500000000;22.5000000000
-7.4664000000;-0.6324000000;-6.3954000000;-2.1037500000;2.0400000000;0.1912500000;35.0000000000;-16.7500000000;22.5000000000
-7.4664000000;-0.4080000000;-6.5484000000;0.1912500000;-0.5100000000;-3.6337500000;35.2500000000;-16.7500000000;22.7500000000
-7.1604000000;0.1428000000;-6.6810000000;-2.1037500000;-3.3787500000;-2.4225000000;35.0000000000;-14.5000000000;23.6875000000
-7.7622000000;-0.4896000000;-6.7116000000;-3.7612500000;-2.6137500000;4.0800000000;35.6875000000;-16.3750000000;20.7500000000
-7.5582000000;-0.5712000000;-6.7014000000;-0.5100000000;-2.6137500000;-0.6375000000;35.0000000000;-16.0000000000;22.0000000000
-7.2624000000;-0.3162000000;-6.7014000000;-1.1475000000;-1.7850000000;0.8925000000;35.0000000000;-16.0000000000;22.0000000000
-7.5276000000;-0.7548000000;-6.5994000000;-6.4387500000;0.0637500000;1.8487500000;35.2500000000;-17.0625000000;21.1875000000
-7.4052000000;-0.2040000000;-6.4770000000;2.4862500000;-1.8487500000;-1.0837500000;35.6875000000;-14.5000000000;22.7500000000
-7.5072000000;-0.4590000000;-6.6606000000;-4.5262500000;-1.5937500000;0.7012500000;35.2500000000;-16.3750000000;22.5000000000
-7.4868000000;-0.3468000000;-6.8034000000;2.6137500000;-2.6137500000;-1.1475000000;35.6875000000;-16.7500000000;21.6875000000
-7.5072000000;-0.6834000000;-6.9156000000;-2.2950000000;-1.8487500000;-1.3387500000;35.6875000000;-16.7500000000;21.6875000000
-7.5276000000;-0.2550000000;-6.5688000000;3.5700000000;2.3587500000;-3.1875000000;35.6875000000;-15.2500000000;22.0000000000
-7.5990000000;-0.3774000000;-6.3444000000;-0.7650000000;1.2112500000;-1.5300000000;35.0000000000;-16.7500000000;22.0000000000
-7.3236000000;-0.1122000000;-6.7116000000;2.9325000000;0.0000000000;-1.6575000000;35.3750000000;-16.7500000000;21.6875000000
-7.6500000000;-0.3570000000;-6.3342000000;-2.7412500000;1.5937500000;1.0200000000;35.6875000000;-16.3750000000;22.0000000000
-7.3950000000;-0.3366000000;-6.7524000000;2.4225000000;-1.2112500000;1.5937500000;35.6875000000;-16.3750000000;22.0000000000
-7.4154000000;-0.6120000000;-6.7320000000;-2.2312500000;-0.1275000000;2.2312500000;35.6875000000;-15.5625000000;23.1875000000
-7.4256000000;-0.5100000000;-6.8952000000;2.4862500000;0.7650000000;0.0000000000;35.2500000000;-16.7500000000;22.0000000000
-7.6704000000;-0.7548000000;-6.4464000000;-0.8925000000;1.0837500000;0.0637500000;36.0625000000;-16.0000000000;22.5000000000
-7.2930000000;-0.3672000000;-6.8034000000;2.6137500000;-0.8925000000;-0.9562500000;35.6875000000;-16.3750000000;22.7500000000
-7.5378000000;-0.3876000000;-6.4974000000;-0.8925000000;0.4462500000;0.2550000000;35.6875000000;-16.3750000000;22.7500000000
-7.5480000000;-0.5202000000;-6.6810000000;0.9562500000;1.7850000000;-1.4662500000;36.5000000000;-16.0000000000;21.1875000000
-7.4358000000;-0.2550000000;-6.4974000000;-0.3825000000;-0.7012500000;-0.9562500000;35.6875000000;-16.7500000000;23.5625000000
-7.3746000000;-0.3468000000;-6.3546000000;0.3825000000;0.1912500000;0.7650000000;35.2500000000;-17.0625000000;22.5000000000
-7.5378000000;-0.6936000000;-6.6096000000;-2.2950000000;-1.9762500000;0.8287500000;35.2500000000;-15.5625000000;22.3750000000
-7.4052000000;-0.1632000000;-6.6300000000;-1.5300000000;-1.2112500000;0.8287500000;35.2500000000;-15.5625000000;22.3750000000
-7.5786000000;-0.5610000000;-6.7830000000;-0.7650000000;-1.0837500000;0.8287500000;36.5000000000;-16.0000000000;22.3750000000
-7.3542000000;-0.3366000000;-6.5586000000;-5.2912500000;0.7012500000;-0.5737500000;35.6875000000;-13.7500000000;21.6875000000
-7.5174000000;-0.5202000000;-6.8442000000;-2.5500000000;-0.7650000000;1.1475000000;36.0625000000;-16.7500000000;21.1875000000
-7.5072000000;-0.3264000000;-6.7116000000;0.8287500000;0.2550000000;-1.0837500000;36.0625000000;-16.7500000000;21.1875000000
-7.4868000000;-0.3468000000;-6.5790000000;-1.2750000000;1.3387500000;-0.4462500000;35.3750000000;-15.5625000000;23.1875000000
-7.4256000000;-0.2550000000;-6.5892000000;1.7850000000;-0.5100000000;1.0200000000;36.0625000000;-16.7500000000;21.6875000000
-7.6500000000;-0.5406000000;-6.3342000000;-4.2712500000;0.6375000000;1.2750000000;35.6875000000;-16.3750000000;22.5000000000
-7.3134000000;-0.2550000000;-6.6708000000;2.2950000000;-2.9962500000;0.0000000000;36.0625000000;-16.7500000000;21.1875000000
-7.6194000000;-0.6732000000;-6.7932000000;-2.9325000000;-0.4462500000;1.5300000000;36.0625000000;-16.7500000000;21.1875000000
-7.5378000000;-0.4386000000;-6.5076000000;0.9562500000;0.3825000000;-1.8487500000;35.2500000000;-16.7500000000;22.5000000000
-7.3644000000;-0.2244000000;-6.9360000000;0.4462500000;-1.0200000000;0.0637500000;35.2500000000;-17.5000000000;21.6875000000
-7.6398000000;-0.4080000000;-6.3648000000;-0.9562500000;3.1237500000;-0.4462500000;35.0000000000;-16.0000000000;22.0000000000
-7.4970000000;-0.3468000000;-6.5382000000;0.8287500000;0.0000000000;-0.5100000000;35.6875000000;-14.5000000000;22.0000000000
-7.4358000000;-0.2550000000;-6.4770000000;0.8925000000;0.1275000000;0.6375000000;35.6875000000;-14.5000000000;22.0000000000
-7.5378000000;-0.5406000000;-6.7422000000;-1.4025000000;-0.8287500000;0.3187500000;35.6875000000;-16.7500000000;21.6875000000
-7.4664000000;-0.3366000000;-6.4158000000;0.8287500000;0.5737500000;-1.0837500000;36.5000000000;-16.0000000000;21.1875000000
-7.4460000000;-0.3672000000;-6.8034000000;-1.6575000000;-1.7212500000;0.5737500000;36.0625000000;-16.7500000000;23.1875000000
-7.6092000000;-0.4692000000;-6.4362000000;0.3825000000;0.4462500000;0.2550000000;35.6875000000;-15.5625000000;22.5000000000
-7.3542000000;-0.2856000000;-6.8034000000;-0.0637500000;-1.7212500000;0.1275000000;35.6875000000;-15.5625000000;22.5000000000
-7.5888000000;-0.5814000000;-6.4974000000;-2.2950000000;0.9562500000;0.3825000000;35.2500000000;-16.0000000000;20.7500000000
-7.5072000000;-0.4080000000;-6.6300000000;0.6375000000;-0.6375000000;-0.1912500000;35.0000000000;-14.8750000000;21.6875000000
-7.4256000000;-0.3264000000;-6.8034000000;-0.3825000000;-0.8287500000;0.3187500000;35.2500000000;-17.0625000000;22.5000000000
-7.5174000000;-0.4386000000;-6.5790000000;-1.2112500000;1.6575000000;0.0000000000;36.0625000000;-16.7500000000;22.7500000000
-7.5786000000;-0.2856000000;-6.4464000000;1.1475000000;0.5100000000;0.1912500000;36.0625000000;-16.7500000000;22.7500000000
-7.4460000000;-0.4896000000;-6.7932000000;0.8925000000;-0.5100000000;0.0637500000;35.0000000000;-16.7500000000;20.5000000000
-7.3644000000;-0.2142000000;-6.5382000000;0.4462500000;0.5100000000;-0.7012500000;35.2500000000;-17.5000000000;22.0000000000
-7.5786000000;-0.5406000000;-6.6402000000;-1.4025000000;-0.7012500000;-0.1275000000;35.6875000000;-16.7500000000;21.6875000000
-7.3848000000;-0.0306000000;-6.5790000000;2.1675000000;-1.6575000000;-0.5737500000;35.2500000000;-16.3750000000;22.5000000000
-7.4868000000;-0.3876000000;-6.6096000000;-1.9762500000;-0.6375000000;1.7212500000;35.2500000000;-16.3750000000;22.5000000000
-7.5888000000;-0.2754000000;-6.2220000000;1.1475000000;-0.8287500000;0.6375000000;35.3750000000;-16.3750000000;22.7500000000
-7.3644000000;-0.2958000000;-6.8646000000;-2.2950000000;-3.6975000000;3.6975000000;35.2500000000;-17.5000000000;21.6875000000
-7.6194000000;-0.6426000000;-6.6606000000;-1.6575000000;0.0637500000;1.5300000000;35.6875000000;-15.5625000000;22.5000000000
-7.4970000000;-0.3570000000;-6.7116000000;1.5300000000;-2.1037500000;-1.0837500000;35.0000000000;-16.7500000000;21.2500000000
-7.5480000000;-0.5202000000;-6.6708000000;-2.4862500000;0.7650000000;0.1912500000;35.0000000000;-16.7500000000;21.2500000000
-7.5684000000;-0.4080000000;-6.5688000000;0.9562500000;0.9562500000;-2.2950000000;35.6875000000;-16.7500000000;21.2500000000
-7.4970000000;-0.1326000000;-6.5382000000;0.0000000000;-1.3387500000;0.4462500000;36.0625000000;-16.7500000000;21.1875000000
-7.5480000000;-0.3774000000;-6.7116000000;0.1275000000;1.7850000000;-1.1475000000;35.6875000000;-16.7500000000;22.5000000000
-7.4358000000;-0.1734000000;-6.5586000000;1.4025000000;-1.6575000000;-0.1275000000;35.2500000000;-14.8750000000;21.6875000000
-7.4868000000;-0.3468000000;-6.5688000000;-2.1037500000;0.3825000000;0.6375000000;35.2500000000;-14.8750000000;21.6875000000
-7.5888000000;-0.2754000000;-6.3240000000;0.5100000000;-1.2112500000;0.2550000000;36.0625000000;-16.3750000000;22.3750000000
-7.4460000000;-0.3978000000;-6.9666000000;0.7012500000;-2.3587500000;0.3825000000;35.2500000000;-17.5000000000;21.2500000000
-7.6092000000;-0.3774000000;-6.6402000000;-2.8050000000;1.0837500000;0.3825000000;35.6875000000;-14.8750000000;22.5000000000
-7.5684000000;-0.4284000000;-6.6300000000;3.1875000000;-0.8925000000;-0.9562500000;36.0625000000;-15.5625000000;22.3750000000
-7.3644000000;-0.2550000000;-6.5586000000;-0.1912500000;0.8287500000;-0.7012500000;36.0625000000;-15.5625000000;22.3750000000
-7.5990000000;-0.4284000000;-6.5280000000;0.3187500000;0.0000000000;-0.7012500000;35.6875000000;-16.7500000000;23.1875000000
-7.4970000000;-0.1122000000;-6.4974000000;2.1675000000;-0.8925000000;-0.5100000000;36.5000000000;-17.0625000000;22.0625000000
-7.5174000000;-0.3468000000;-6.7728000000;-2.1037500000;0.4462500000;0.0000000000;35.6875000000;-16.3750000000;21.6875000000
-7.5276000000;-0.3060000000;-6.5688000000;1.5300000000;1.3387500000;-0.1912500000;36.5000000000;-16.3750000000;22.5000000000
-7.5276000000;-0.3162000000;-6.3444000000;-1.1475000000;-0.5100000000;1.2112500000;36.5000000000;-16.3750000000;22.5000000000
-7.4868000000;-0.4998000000;-6.6708000000;0.5100000000;-0.1275000000;-0.5100000000;35.6875000000;-17.0625000000;21.6875000000
-7.5888000000;-0.3468000000;-6.3852000000;-0.2550000000;-1.0837500000;-0.3187500000;35.2500000000;-17.5000000000;20.7500000000
-7.4664000000;-0.3060000000;-6.7014000000;0.1912500000;-2.6137500000;0.1912500000;35.2500000000;-16.7500000000;22.0000000000
-7.5276000000;-0.2652000000;-6.7626000000;-1.1475000000;-0.1275000000;0.2550000000;35.6875000000;-16.7500000000;21.2500000000
-7.5276000000;-0.3876000000;-6.5586000000;-4.7175000000;1.5937500000;-0.1912500000;35.6875000000;-16.7500000000;21.2500000000
-7.4154000000;-0.3570000000;-6.6606000000;2.1037500000;-0.6375000000;-0.8925000000;35.6875000000;-16.7500000000;22.7500000000
-7.4970000000;-0.2652000000;-6.3342000000;-1.4025000000;0.5737500000;-0.1275000000;35.3750000000;-16.7500000000;22.5000000000
-7.5888000000;-0.3468000000;-6.4770000000;0.5100000000;-2.3587500000;0.2550000000;36.0625000000;-17.0625000000;21.1875000000
-7.4766000000;-0.1326000000;-6.6096000000;-1.3387500000;-1.4025000000;-0.2550000000;36.0625000000;-17.0625000000;21.1875000000
-7.5990000000;-0.3570000000;-6.7014000000;-3.6975000000;-1.0837500000;2.6137500000;35.3750000000;-17.0625000000;22.0625000000
-7.6194000000;-0.3264000000;-6.5178000000;2.6137500000;-1.5937500000;1.2112500000;35.2500000000;-16.7500000000;22.0000000000
-7.4970000000;-0.5202000000;-6.7830000000;-3.1875000000;0.5737500000;0.8925000000;36.0625000000;-16.7500000000;20.5000000000
-7.5990000000;-0.5814000000;-6.5076000000;3.0600000000;1.1475000000;-0.7650000000;36.7500000000;-17.0625000000;21.2500000000
-7.5072000000;-0.4896000000;-6.4872000000;0.5100000000;0.3825000000;-1.9762500000;36.7500000000;-17.0625000000;21.2500000000
-7.5480000000;-0.3162000000;-6.3852000000;0.5100000000;-0.2550000000;-2.0400000000;36.5000000000;-16.7500000000;22.7500000000
-7.5582000000;-0.1020000000;-6.6606000000;0.8925000000;-1.0837500000;-0.2550000000;35.6875000000;-15.5625000000;21.1875000000
-7.5582000000;-0.0714000000;-6.5790000000;-1.0837500000;0.0637500000;0.1275000000;35.6875000000;-16.7500000000;21.6875000000
-7.5072000000;-0.0714000000;-6.6708000000;-9.4987500000;1.4025000000;2.2312500000;35.6875000000;-16.7500000000;20.7500000000
-7.5684000000;-0.3264000000;-6.6606000000;0.8925000000;0.0637500000;3.8887500000;35.6875000000;-16.7500000000;20.7500000000
-7.5480000000;-0.4692000000;-6.5178000000;-2.1675000000;0.9562500000;1.5300000000;36.0625000000;-16.7500000000;21.2500000000
-7.4970000000;-0.4794000000;-6.5994000000;0.8287500000;0.4462500000;1.9762500000;36.0625000000;-15.5625000000;21.6875000000
-7.5684000000;-0.6528000000;-6.6606000000;0.1912500000;1.7212500000;-0.4462500000;35.6875000000;-17.5000000000;21.2500000000
-7.4766000000;-0.2550000000;-6.2424000000;3.2512500000;0.5100000000;-2.7412500000;35.6875000000;-16.0000000000;22.5000000000
-7.3440000000;0.0714000000;-5.7630000000;0.5737500000;-1.0200000000;-1.5937500000;35.6875000000;-16.0000000000;22.5000000000
-7.4052000000;0.2142000000;-4.6920000000;-2.2950000000;-5.8012500000;1.5937500000;36.5000000000;-15.2500000000;22.7500000000
-7.5480000000;0.4692000000;-3.1722000000;-3.2512500000;-18.2962500000;5.0362500000;35.6875000000;-17.0625000000;21.6875000000
-7.9866000000;-0.0714000000;-2.2338000000;-14.9812500000;-43.6050000000;8.7337500000;35.3750000000;-17.0625000000;22.5000000000
-8.5272000000;0.0714000000;-1.8258000000;-11.2837500000;-81.2175000000;6.6937500000;36.5000000000;-17.0625000000;20.7500000000
-9.8022000000;0.0612000000;-1.9584000000;-24.1612500000;-122.5275000000;7.5862500000;36.5000000000;-17.0625000000;20.7500000000
-11.0058000000;-1.0404000000;-2.2032000000;-40.9912500000;-148.0912500000;10.1362500000;37.1875000000;-18.2500000000;17.6875000000
-11.0772000000;-1.3974000000;-2.2950000000;-43.4775000000;-167.2800000000;-4.4625000000;39.0625000000;-19.6875000000;14.1875000000
-11.1384000000;0.4488000000;-3.9372000000;-41.5012500000;-174.9937500000;-13.6425000000;40.1875000000;-20.7500000000;8.5625000000
-11.3118000000;0.8364000000;-4.4778000000;-55.4625000000;-157.7175000000;-13.3875000000;41.2500000000;-21.0625000000;1.5000000000
-11.3220000000;2.4072000000;-4.6512000000;-16.3200000000;-131.8350000000;-17.6587500000;41.2500000000;-21.0625000000;1.5000000000
-10.4652000000;2.0196000000;-4.1718000000;23.2687500000;-87.2100000000;2.5500000000;40.5000000000;-20.6875000000;-4.5000000000
-10.4244000000;1.1118000000;-2.4276000000;19.4437500000;-43.7962500000;13.1962500000;40.5000000000;-20.0000000000;-8.7500000000
-10.3836000000;0.2040000000;-0.6732000000;10.6462500000;-23.9700000000;12.6225000000;39.0625000000;-20.2500000000;-11.1875000000
-10.3224000000;-0.2754000000;-0.1734000000;18.4237500000;-22.2487500000;16.3200000000;38.6875000000;-23.6875000000;-10.7500000000
-10.0674000000;-0.5406000000;0.0204000000;-3.4425000000;-15.1725000000;7.9687500000;38.6875000000;-23.6875000000;-10.7500000000
-10.0878000000;-0.4080000000;0.5508000000;1.7212500000;-11.3475000000;-4.2712500000;39.0625000000;-22.8750000000;-12.0000000000
-10.0878000000;0.4284000000;0.7956000000;8.2237500000;-12.4312500000;-7.9050000000;37.5625000000;-22.1875000000;-12.2500000000
-10.0368000000;0.3366000000;0.6528000000;-14.5350000000;-10.8375000000;-3.1875000000;37.5000000000;-23.6875000000;-11.5000000000
-9.8532000000;0.5304000000;0.5610000000;-8.6700000000;-6.1200000000;-3.0600000000;37.0625000000;-22.5625000000;-12.7500000000
-10.0062000000;0.4284000000;0.9588000000;-9.3075000000;-0.6375000000;-4.3987500000;37.0625000000;-22.5625000000;-12.7500000000
-9.7920000000;0.6528000000;0.6324000000;0.1912500000;-2.2312500000;-3.0600000000;37.5000000000;-23.0000000000;-13.2500000000
-9.7206000000;0.7752000000;0.6834000000;-3.5062500000;5.8012500000;-0.5737500000;37.5000000000;-24.0625000000;-13.2500000000
-10.0266000000;0.1020000000;1.2954000000;-11.8575000000;10.7100000000;2.3587500000;37.0625000000;-23.7500000000;-13.5625000000
-9.7716000000;0.4386000000;0.9282000000;11.4112500000;0.8287500000;0.8925000000;36.3750000000;-22.5000000000;-13.2500000000
-9.8328000000;0.3570000000;1.2138000000;-5.0362500000;7.6500000000;2.0400000000;36.3750000000;-22.5000000000;-13.2500000000
-10.0062000000;0.1530000000;1.5300000000;2.6137500000;1.8487500000;0.1275000000;37.8750000000;-21.7500000000;-12.7500000000
-9.9042000000;0.4998000000;1.1934000000;2.8687500000;-3.8887500000;1.3387500000;37.0625000000;-22.8750000000;-13.2500000000
-9.8328000000;0.1428000000;0.7956000000;-4.7812500000;0.7650000000;0.8287500000;37.5000000000;-22.5000000000;-13.2500000000
-9.9348000000;0.4182000000;1.0710000000;2.9962500000;0.8287500000;0.8287500000;37.5000000000;-22.8750000000;-12.0625000000
-9.8634000000;0.2856000000;0.9180000000;-4.0800000000;1.4025000000;2.3587500000;37.5000000000;-22.8750000000;-12.0625000000
-9.8634000000;0.1938000000;0.9078000000;-15.8100000000;6.3750000000;1.5937500000;37.0625000000;-22.8750000000;-12.7500000000
-10.1286000000;-0.0714000000;0.8364000000;4.7175000000;-0.6375000000;-3.6975000000;36.6875000000;-22.5000000000;-11.5625000000
-9.7716000000;0.4284000000;0.5814000000;2.8050000000;1.6575000000;-3.2512500000;37.8750000000;-23.6875000000;-12.7500000000
-9.8736000000;0.5202000000;0.9078000000;-5.4825000000;6.2475000000;-2.7412500000;37.8750000000;-22.8750000000;-12.7500000000
-9.8838000000;0.4182000000;1.1220000000;2.3587500000;2.6775000000;-1.0200000000;37.8750000000;-22.8750000000;-12.7500000000
-9.7512000000;0.6732000000;0.9894000000;0.7012500000;2.2312500000;-0.1275000000;38.1875000000;-22.8750000000;-11.5625000000
-9.8634000000;0.3876000000;1.1322000000;-2.4862500000;1.4662500000;1.7850000000;37.5000000000;-21.7500000000;-14.0000000000
-9.9042000000;0.4896000000;1.0506000000;6.1837500000;-2.1037500000;1.3387500000;37.5000000000;-21.0625000000;-13.2500000000
-9.9552000000;0.2754000000;0.6324000000;-3.6337500000;-2.4862500000;4.1437500000;37.5000000000;-21.0625000000;-13.2500000000
-9.9552000000;0.0204000000;0.7038000000;-0.4462500000;1.8487500000;1.4025000000;37.8750000000;-21.5000000000;-12.0625000000
-9.9450000000;0.2754000000;0.6732000000;2.0400000000;2.2950000000;-0.0637500000;37.0625000000;-22.8750000000;-13.1875000000
-9.9450000000;0.1224000000;0.6630000000;-3.8887500000;4.4625000000;0.2550000000;37.8750000000;-22.8750000000;-12.3750000000
-9.9042000000;0.2754000000;0.7956000000;1.7850000000;3.5062500000;-3.2512500000;38.1875000000;-21.5000000000;-13.2500000000
-9.8838000000;0.4692000000;0.8262000000;-1.3387500000;4.5262500000;-2.8050000000;38.1875000000;-21.5000000000;-13.2500000000
-9.9348000000;0.3774000000;1.0302000000;-2.9325000000;4.6537500000;-2.2312500000;38.1875000000;-21.7500000000;-12.7500000000
-9.8022000000;0.6732000000;0.8772000000;3.1237500000;0.5737500000;-1.2112500000;37.8750000000;-21.0625000000;-11.5625000000
-9.8328000000;0.3570000000;0.8466000000;-3.7612500000;1.1475000000;2.2312500000;37.8750000000;-22.8750000000;-12.3750000000
-9.9450000000;0.2550000000;0.9894000000;0.1275000000;0.1912500000;1.0837500000;38.1875000000;-21.7500000000;-11.2500000000
-9.9756000000;0.4182000000;0.7446000000;0.7650000000;-3.1237500000;2.2312500000;38.1875000000;-21.7500000000;-11.2500000000
-10.0062000000;-0.0714000000;0.5610000000;-3.1237500000;-1.0837500000;1.9762500000;38.5625000000;-22.5000000000;-12.3750000000
-9.9144000000;0.3366000000;0.5610000000;3.6337500000;-0.3187500000;-1.1475000000;37.5000000000;-21.0625000000;-11.2500000000
-9.8940000000;0.1938000000;0.5916000000;-2.6775000000;1.9762500000;0.3825000000;37.8750000000;-21.7500000000;-12.0625000000
-9.9654000000;0.2346000000;0.8466000000;1.3387500000;2.2950000000;-2.2312500000;37.0625000000;-21.7500000000;-12.0625000000
-9.9450000000;0.3570000000;0.7446000000;-0.2550000000;0.6375000000;-2.4862500000;37.0625000000;-21.7500000000;-12.0625000000
-9.9042000000;0.4080000000;0.6732000000;-0.5737500000;0.5737500000;-1.6575000000;38.1875000000;-22.5000000000;-12.0625000000
-9.9042000000;0.4794000000;0.7650000000;2.1675000000;0.3187500000;-0.6375000000;37.8750000000;-23.2500000000;-11.2500000000
-9.9042000000;0.4080000000;0.8466000000;-1.5937500000;0.4462500000;0.7650000000;38.5625000000;-22.5000000000;-12.0625000000
-9.9144000000;0.3060000000;0.8976000000;1.4662500000;-1.7212500000;1.4025000000;37.8750000000;-22.5000000000;-11.2500000000
-9.8328000000;0.3060000000;0.7854000000;-0.5100000000;-2.9325000000;1.4025000000;37.8750000000;-22.5000000000;-11.2500000000
-9.9654000000;0.1734000000;0.7854000000;-2.9962500000;-1.4662500000;0.8287500000;38.1875000000;-21.5000000000;-11.2500000000
-9.9654000000;0.2142000000;0.6528000000;2.4862500000;-3.3150000000;-0.8925000000;37.8750000000;-23.2500000000;-12.3750000000
-9.8634000000;0.3672000000;0.5916000000;-0.9562500000;-0.7012500000;-0.5100000000;37.8750000000;-22.5000000000;-10.0625000000
-9.9348000000;0.3570000000;0.7650000000;-1.4662500000;0.7650000000;0.1275000000;38.1875000000;-23.2500000000;-11.5625000000
-9.9042000000;0.3570000000;0.8364000000;2.1037500000;0.0637500000;1.2112500000;38.1875000000;-23.2500000000;-11.5625000000
-9.8430000000;0.1836000000;0.7956000000;-1.3387500000;0.3825000000;0.6375000000;38.1875000000;-22.8750000000;-11.2500000000
-9.9552000000;0.4386000000;0.8670000000;0.3187500000;0.1275000000;-0.6375000000;38.1875000000;-22.8750000000;-12.7500000000
-10.0266000000;0.3774000000;0.5610000000;-3.2512500000;0.0637500000;1.8487500000;37.8750000000;-23.2500000000;-11.2500000000
-9.9858000000;0.9894000000;-0.1428000000;0.5737500000;0.3187500000;2.0400000000;37.8750000000;-20.6875000000;-12.3750000000
-10.1592000000;0.6834000000;-1.7748000000;-6.7575000000;7.2037500000;8.0325000000;37.8750000000;-20.6875000000;-12.3750000000
-10.2918000000;0.2754000000;-2.1420000000;-9.8812500000;28.1137500000;6.2475000000;38.1875000000;-21.5000000000;-12.0625000000
-10.9038000000;0.5304000000;-2.9988000000;3.6337500000;47.4300000000;4.8450000000;37.5000000000;-22.5000000000;-12.0625000000
-11.0568000000;-0.6120000000;-5.1102000000;-23.9062500000;77.2012500000;6.3750000000;38.1875000000;-21.5000000000;-10.8750000000
-11.3832000000;0.3570000000;-4.1514000000;51.1275000000;117.4275000000;-9.3712500000;39.2500000000;-21.0625000000;-8.8750000000
-11.7402000000;1.0812000000;-4.6308000000;49.0237500000;144.5850000000;-4.7175000000;39.2500000000;-21.0625000000;-8.8750000000
-12.1584000000;0.5202000000;-4.4370000000;52.0200000000;171.4237500000;-2.9962500000;40.3750000000;-20.0000000000;-4.0625000000
-11.9748000000;-0.2958000000;-4.6206000000;42.4575000000;180.1575000000;-14.0250000000;40.7500000000;-20.6875000000;1.2500000000
-10.9242000000;0.9894000000;-3.4782000000;66.0450000000;177.0337500000;-24.0337500000;41.8750000000;-18.1875000000;8.0000000000
-10.1898000000;0.4998000000;-2.7846000000;35.0625000000;156.5700000000;-12.0487500000;39.0625000000;-17.0000000000;14.2500000000
-8.8332000000;0.1632000000;-1.5606000000;30.6637500000;118.1925000000;-17.1487500000;39.0625000000;-17.0000000000;14.2500000000
-7.3950000000;0.6120000000;-2.2032000000;29.1337500000;76.9462500000;-8.1600000000;38.0000000000;-15.5625000000;18.2500000000
-6.8850000000;0.0000000000;-2.8560000000;-2.9325000000;58.5225000000;-1.8487500000;36.0000000000;-14.3750000000;23.0000000000
-6.6810000000;-0.7854000000;-2.8560000000;2.1037500000;25.9462500000;1.6575000000;34.5625000000;-13.6875000000;25.7500000000
-6.3852000000;-0.8670000000;-4.5798000000;-5.3550000000;-1.6575000000;3.2512500000;33.3750000000;-14.0000000000;28.3750000000
-6.5382000000;-0.9690000000;-5.7018000000;-18.5512500000;-15.4275000000;3.6337500000;33.3750000000;-14.0000000000;28.3750000000
-6.5892000000;-1.1730000000;-6.9768000000;-11.2837500000;-16.7025000000;0.7012500000;33.0625000000;-14.1875000000;26.8750000000
-7.0686000000;-0.6834000000;-7.3032000000;-8.8612500000;-16.4475000000;-0.3187500000;33.0625000000;-14.8750000000;24.5000000000
-6.9258000000;-0.4284000000;-7.8948000000;-14.8537500000;-16.3837500000;-1.2750000000;34.1875000000;-15.5625000000;24.8750000000
-7.0074000000;-0.3876000000;-7.6296000000;-4.3350000000;-8.9887500000;-0.0637500000;33.6875000000;-14.5000000000;25.2500000000
-6.9360000000;-0.2346000000;-7.3032000000;-1.3387500000;-7.2037500000;0.5737500000;33.6875000000;-14.5000000000;25.2500000000
-6.9258000000;-0.0408000000;-7.4970000000;-8.5425000000;-6.4387500000;4.3987500000;34.5000000000;-15.2500000000;25.2500000000
-7.1502000000;-0.5304000000;-7.6296000000;-3.7612500000;-2.6775000000;3.1875000000;34.1875000000;-15.5625000000;23.2500000000
-7.1910000000;-0.5304000000;-7.2114000000;-4.9087500000;2.6775000000;3.2512500000;34.7500000000;-14.5000000000;24.5000000000
-6.9564000000;-0.4896000000;-7.2216000000;0.6375000000;-0.5737500000;1.6575000000;34.7500000000;-14.5000000000;24.5000000000
-7.0992000000;-0.3774000000;-6.9360000000;-3.1237500000;3.6337500000;3.8887500000;34.0625000000;-14.5000000000;23.6875000000
-7.2318000000;-0.9792000000;-6.7830000000;-1.7212500000;-1.5937500000;1.4025000000;34.5000000000;-16.0000000000;23.6875000000
-6.8238000000;-0.4080000000;-6.9156000000;2.5500000000;-1.9125000000;-2.1675000000;34.0625000000;-14.5000000000;24.5000000000
-7.1196000000;-0.3468000000;-6.7830000000;-3.8887500000;-2.6137500000;0.6375000000;34.5000000000;-16.3750000000;23.6875000000
-7.2318000000;-0.5406000000;-6.9360000000;-1.0200000000;-4.7812500000;0.1912500000;34.5000000000;-16.3750000000;23.6875000000
-7.0176000000;-0.0714000000;-7.1094000000;-1.4662500000;-6.9487500000;-0.0637500000;33.6875000000;-14.8750000000;22.5000000000
-7.1706000000;-0.3774000000;-7.6092000000;-3.4425000000;-3.8250000000;1.8487500000;35.0625000000;-16.7500000000;23.2500000000
-7.2522000000;-0.4182000000;-7.0686000000;-1.3387500000;-0.7650000000;0.5737500000;34.5000000000;-17.0625000000;23.6875000000
-6.9462000000;-0.3264000000;-7.0278000000;1.1475000000;-1.2750000000;0.1912500000;34.7500000000;-16.3750000000;23.6875000000
-7.1502000000;-0.4692000000;-6.3954000000;-5.2912500000;0.7012500000;0.5100000000;34.7500000000;-16.3750000000;23.6875000000
-7.2114000000;-0.2448000000;-6.7320000000;0.5737500000;-6.7575000000;0.0637500000;34.5000000000;-16.3750000000;22.5000000000
-7.2114000000;-0.3468000000;-6.9768000000;-7.0125000000;-5.2275000000;0.8287500000;34.5000000000;-17.5000000000;21.6875000000
-7.2522000000;-0.4284000000;-7.1298000000;0.2550000000;-7.7775000000;-1.5300000000;34.7500000000;-17.0625000000;23.7500000000
-7.2930000000;-0.4182000000;-7.3032000000;-3.9525000000;-4.7175000000;-1.0837500000;34.7500000000;-17.5000000000;23.0000000000
-7.1706000000;0.1122000000;-7.1910000000;0.6375000000;-1.4025000000;-2.2312500000;34.7500000000;-17.5000000000;23.0000000000
-7.4358000000;-0.3162000000;-6.8340000000;-3.4425000000;2.4862500000;0.8925000000;34.7500000000;-17.0625000000;22.5625000000
-7.2114000000;-0.2346000000;-6.6402000000;5.0362500000;1.0837500000;0.1912500000;34.5000000000;-16.0000000000;23.3750000000
-7.0584000000;-0.0306000000;-6.9870000000;-0.7012500000;-1.2112500000;2.9962500000;35.0625000000;-16.7500000000;22.5000000000
-7.3950000000;-0.5304000000;-6.7524000000;-2.0400000000;2.0400000000;1.4025000000;34.7500000000;-16.3750000000;23.2500000000
-7.2420000000;-0.3570000000;-6.7830000000;-0.3825000000;-1.0200000000;-0.4462500000;34.7500000000;-16.3750000000;23.2500000000
-7.0278000000;-0.2244000000;-7.0482000000;2.7412500000;-1.5937500000;0.7650000000;34.7500000000;-16.7500000000;22.1875000000
-7.4154000000;-0.5100000000;-6.8340000000;-2.6775000000;1.2112500000;0.1912500000;34.5000000000;-17.0625000000;22.8750000000
-7.2828000000;-0.2856000000;-6.7422000000;4.6537500000;-1.6575000000;-1.7850000000;35.1875000000;-17.5000000000;22.8750000000
-7.2726000000;-0.2856000000;-6.9054000000;-3.6337500000;0.1275000000;0.0000000000;35.5000000000;-16.7500000000;21.6875000000
-7.4052000000;-0.2346000000;-6.9768000000;2.9325000000;-0.3825000000;-0.8287500000;35.5000000000;-16.7500000000;21.6875000000
-7.1298000000;0.0102000000;-7.1808000000;0.2550000000;-0.1275000000;-0.0637500000;34.7500000000;-15.2500000000;22.5000000000
-7.4256000000;-0.5304000000;-6.8034000000;-2.9325000000;2.9962500000;0.7012500000;34.7500000000;-15.2500000000;22.5000000000
-7.1298000000;-0.1632000000;-6.6708000000;4.6537500000;-0.1275000000;-0.8925000000;34.7500000000;-16.3750000000;22.5000000000
-7.1706000000;-0.2244000000;-6.8442000000;-1.8487500000;-0.3825000000;0.6375000000;35.0625000000;-16.0000000000;22.5000000000
-7.3746000000;-0.5712000000;-6.6606000000;-0.8925000000;0.0637500000;0.2550000000;35.0625000000;-16.0000000000;22.5000000000
-7.0992000000;0.0612000000;-6.9258000000;2.6775000000;-3.2512500000;-2.4862500000;35.5000000000;-16.7500000000;23.2500000000
-7.3950000000;-0.2856000000;-7.0686000000;-4.3987500000;-0.8925000000;0.3187500000;35.0625000000;-16.3750000000;22.5000000000
-7.3338000000;-0.0510000000;-6.9462000000;2.2312500000;1.2112500000;-0.5737500000;34.7500000000;-16.3750000000;22.5000000000
-7.1094000000;-0.0510000000;-6.8034000000;0.6375000000;-2.0400000000;0.1912500000;34.5000000000;-16.3750000000;22.5000000000
-7.4154000000;-0.3162000000;-6.7116000000;-3.2512500000;-0.7012500000;1.2112500000;34.5000000000;-16.3750000000;22.5000000000
-7.2522000000;-0.3978000000;-6.9462000000;0.3187500000;-3.1875000000;-0.1912500000;34.7500000000;-17.5000000000;22.5000000000
-7.2216000000;-0.1734000000;-6.9360000000;-0.2550000000;-1.6575000000;0.7012500000;34.7500000000;-16.3750000000;22.0625000000
-7.3746000000;-0.4998000000;-6.8442000000;-2.6137500000;-1.8487500000;0.5100000000;35.0625000000;-16.3750000000;22.8750000000
-7.3134000000;-0.0306000000;-6.9972000000;1.8487500000;-1.1475000000;-1.1475000000;34.7500000000;-15.5625000000;22.5000000000
-7.3542000000;-0.3264000000;-6.9258000000;-1.4025000000;-0.1275000000;-1.0200000000;34.7500000000;-15.5625000000;22.5000000000
-7.2522000000;-0.0306000000;-7.0584000000;1.7212500000;-0.1275000000;0.5100000000;35.0625000000;-17.5000000000;23.2500000000
-7.3644000000;-0.2754000000;-6.7524000000;0.8287500000;3.5700000000;-0.3825000000;34.7500000000;-17.0625000000;21.6875000000
-7.2930000000;-0.0918000000;-6.3852000000;0.1275000000;-1.8487500000;-0.1275000000;35.0625000000;-16.3750000000;22.8750000000
-7.1400000000;-0.0918000000;-6.9768000000;0.0637500000;-0.8925000000;1.6575000000;34.5000000000;-16.3750000000;21.3750000000
-7.4766000000;-0.5304000000;-6.8340000000;-1.0200000000;0.1275000000;0.8287500000;34.5000000000;-16.3750000000;21.3750000000
-7.2522000000;-0.2754000000;-6.9462000000;2.0400000000;-0.8925000000;-0.3187500000;35.0625000000;-16.3750000000;22.5000000000
-7.3542000000;-0.3162000000;-6.7218000000;-3.6337500000;1.2750000000;1.4662500000;35.5000000000;-16.3750000000;21.0000000000
-7.3644000000;-0.4998000000;-6.8136000000;4.1437500000;-0.9562500000;-0.6375000000;35.0625000000;-16.3750000000;22.1875000000
-7.2420000000;-0.2142000000;-6.9360000000;1.0200000000;-0.8925000000;-0.3825000000;35.5000000000;-16.7500000000;22.2500000000
-7.2624000000;-0.2958000000;-6.8340000000;0.3187500000;0.0000000000;-0.8287500000;35.5000000000;-16.7500000000;22.2500000000
-7.3032000000;-0.1734000000;-6.8442000000;1.3387500000;0.1912500000;-1.0837500000;35.1875000000;-17.5000000000;23.0000000000
-7.3338000000;-0.1326000000;-6.7116000000;-0.2550000000;0.0637500000;-0.3825000000;35.1875000000;-15.5625000000;23.3750000000
-7.2318000000;-0.1734000000;-6.9564000000;-0.4462500000;-0.6375000000;-0.5737500000;34.7500000000;-16.0000000000;22.5000000000
-7.4358000000;-0.2448000000;-6.6606000000;-0.2550000000;0.1912500000;1.1475000000;34.7500000000;-16.0000000000;22.5000000000
-7.3542000000;-0.3774000000;-6.8748000000;0.1275000000;-1.4662500000;0.0637500000;34.7500000000;-16.7500000000;21.6875000000
-7.1706000000;-0.2040000000;-6.8748000000;-1.9762500000;0.5737500000;0.4462500000;35.0625000000;-16.7500000000;22.5000000000
-7.4562000000;-0.4080000000;-6.8034000000;0.4462500000;1.0837500000;0.2550000000;35.5000000000;-16.7500000000;21.6875000000
-7.2726000000;-0.2346000000;-6.5586000000;-1.2750000000;0.1912500000;-1.1475000000;35.0625000000;-17.0625000000;21.7500000000
-7.1400000000;-0.1530000000;-7.0788000000;0.7012500000;-2.2312500000;-0.1275000000;35.0625000000;-17.0625000000;21.7500000000
-7.4460000000;-0.3468000000;-6.4974000000;-1.0200000000;1.5937500000;-0.1275000000;34.7500000000;-15.2500000000;21.7500000000
-7.2420000000;-0.1938000000;-7.0482000000;-0.7012500000;-2.7412500000;-1.0200000000;34.7500000000;-16.7500000000;22.5625000000
-7.2522000000;-0.0612000000;-6.8544000000;-0.5737500000;0.5100000000;0.5100000000;35.5000000000;-17.5000000000;21.0000000000
-7.4256000000;-0.3876000000;-6.6708000000;-1.7212500000;1.2750000000;1.4025000000;35.0625000000;-17.0625000000;22.5625000000
-7.3134000000;-0.2040000000;-6.7320000000;0.1912500000;-1.4662500000;1.3387500000;35.0625000000;-17.0625000000;22.5625000000
-7.2420000000;-0.4182000000;-7.0380000000;-1.5300000000;-0.7012500000;1.0200000000;34.7500000000;-16.7500000000;22.5625000000
-7.3542000000;-0.1938000000;-6.6708000000;0.5737500000;-0.1912500000;0.3825000000;34.7500000000;-15.2500000000;22.5000000000
-7.4052000000;-0.4590000000;-7.0686000000;-0.3825000000;0.0637500000;-0.1912500000;35.8750000000;-17.0625000000;21.6875000000
-7.1808000000;0.0714000000;-6.6912000000;1.6575000000;0.5737500000;-1.7212500000;35.0625000000;-17.5000000000;20.8750000000
-7.4052000000;-0.3264000000;-6.7728000000;-1.9125000000;-0.0637500000;1.0200000000;35.0625000000;-17.5000000000;20.8750000000
-7.2420000000;-0.0612000000;-6.6708000000;0.3825000000;-0.6375000000;-1.4662500000;35.0625000000;-15.2500000000;22.1875000000
-7.2624000000;0.0204000000;-6.8952000000;-0.3825000000;-2.1037500000;1.4662500000;35.1875000000;-17.5000000000;21.5000000000
-7.4868000000;-0.4284000000;-6.7218000000;-3.1875000000;0.3187500000;1.7850000000;35.5000000000;-17.0625000000;22.5625000000
-7.2624000000;-0.1428000000;-6.9156000000;0.5737500000;-1.9762500000;0.5100000000;34.7500000000;-15.2500000000;22.1875000000
-7.3440000000;-0.3570000000;-6.8034000000;-0.8287500000;-0.1912500000;1.1475000000;34.7500000000;-15.2500000000;22.1875000000
-7.3746000000;-0.2142000000;-6.3852000000;-0.5100000000;0.0637500000;-0.7650000000;34.5000000000;-17.5000000000;22.0625000000
-7.3644000000;-0.2244000000;-6.2730000000;-0.8287500000;-4.2075000000;1.2750000000;35.0625000000;-15.2500000000;22.0625000000
-7.2828000000;-0.1632000000;-5.9466000000;-2.3587500000;-8.0325000000;0.5737500000;35.0625000000;-17.5000000000;22.5000000000
-7.3032000000;0.0000000000;-4.9470000000;-4.2075000000;-13.9612500000;1.2750000000;35.0625000000;-17.0625000000;22.0625000000
-7.3644000000;0.4080000000;-2.8866000000;-5.7375000000;-25.1812500000;2.7412500000;35.0625000000;-17.0625000000;22.0625000000
-8.3028000000;-0.5814000000;-1.3872000000;-14.9175000000;-46.8562500000;9.2437500000;35.0625000000;-17.0625000000;22.1875000000
-9.0882000000;-1.1016000000;-0.6018000000;-19.4437500000;-85.9987500000;6.4387500000;35.5000000000;-17.8750000000;20.1875000000
-9.1494000000;0.7854000000;-0.9486000000;-13.2600000000;-141.6525000000;-5.0362500000;36.5625000000;-17.0625000000;17.3750000000
-11.8524000000;1.8462000000;-2.0196000000;-23.1412500000;-172.5712500000;11.7937500000;38.0625000000;-17.5000000000;13.3750000000
-12.4338000000;-0.8568000000;-2.9784000000;-59.7975000000;-189.0825000000;23.3962500000;38.0625000000;-17.5000000000;13.3750000000
-11.9646000000;-0.3468000000;-2.2644000000;-23.8425000000;-173.7187500000;-6.5662500000;39.6875000000;-18.5625000000;8.6875000000
-13.0356000000;0.8262000000;-1.8870000000;-36.7200000000;-169.7662500000;-9.6900000000;40.7500000000;-20.0625000000;0.8750000000
-12.0768000000;0.3468000000;-3.6618000000;-60.8812500000;-164.5387500000;-11.0287500000;39.0000000000;-21.5625000000;-4.5625000000
-12.0768000000;0.6732000000;-3.6006000000;-24.9900000000;-137.9550000000;-16.0650000000;38.1875000000;-21.1875000000;-11.0000000000
-10.8528000000;0.3468000000;-3.9474000000;-46.7925000000;-100.7887500000;-18.8700000000;38.1875000000;-21.1875000000;-11.0000000000
-9.9858000000;0.5406000000;-2.4378000000;-26.5200000000;-33.7875000000;-21.2287500000;36.3750000000;-21.1875000000;-15.3750000000
-9.9450000000;1.6014000000;-0.8364000000;1.0200000000;4.0162500000;-17.7225000000;35.5625000000;-22.5000000000;-17.3750000000
-10.2612000000;1.0302000000;0.1530000000;-16.7662500000;21.2925000000;-3.3787500000;35.8750000000;-21.7500000000;-18.5625000000
-9.9552000000;-0.1122000000;0.6732000000;-4.4625000000;28.7512500000;4.5262500000;35.3750000000;-18.3750000000;-17.0000000000
-9.8226000000;0.0000000000;1.1220000000;20.5912500000;35.0625000000;2.5500000000;35.3750000000;-18.3750000000;-17.0000000000
-10.0164000000;-0.4284000000;1.8156000000;-3.5700000000;41.1187500000;5.3550000000;36.0625000000;-18.6875000000;-16.6875000000
-10.0470000000;-1.3974000000;2.1012000000;-1.3387500000;24.5437500000;-4.2712500000;37.0625000000;-20.5000000000;-16.2500000000
-9.7104000000;-0.5712000000;1.8870000000;10.1362500000;20.0812500000;-10.8375000000;37.0625000000;-18.5625000000;-14.2500000000
-9.8940000000;-0.0510000000;1.8768000000;-8.9887500000;14.2800000000;-10.0725000000;38.5000000000;-18.5625000000;-14.6875000000
-9.9756000000;-0.0714000000;1.9890000000;-4.9087500000;-0.3825000000;-7.0125000000;38.5000000000;-18.5625000000;-14.6875000000
-9.6492000000;0.0000000000;1.4178000000;-2.7412500000;-6.5025000000;-3.4425000000;38.8750000000;-18.0000000000;-13.8750000000
-9.6594000000;0.0000000000;1.1934000000;-10.0087500000;-2.3587500000;-3.6337500000;37.7500000000;-19.3750000000;-12.6875000000
-10.0062000000;0.0408000000;1.0812000000;-1.2750000000;-7.3950000000;1.7212500000;38.5000000000;-18.2500000000;-15.0625000000
-9.7308000000;-0.0918000000;0.5916000000;-0.7012500000;-4.7812500000;4.1437500000;38.8750000000;-16.7500000000;-14.6875000000
-10.0266000000;-0.3672000000;0.7446000000;-0.9562500000;0.9562500000;6.2475000000;38.8750000000;-16.7500000000;-14.6875000000
-9.8634000000;-0.4386000000;0.8772000000;5.2275000000;2.4225000000;4.8450000000;38.5000000000;-17.1875000000;-15.5000000000
-9.8838000000;-0.2142000000;1.1424000000;6.0562500000;1.4662500000;4.2712500000;37.5000000000;-18.2500000000;-13.5625000000
-10.0062000000;-0.4794000000;1.1016000000;-2.9325000000;0.0000000000;5.0362500000;38.8750000000;-19.0000000000;-13.8750000000
-9.9144000000;-0.5304000000;1.0200000000;3.1875000000;-1.6575000000;1.2750000000;38.8750000000;-19.0000000000;-13.8750000000
-10.0368000000;-0.3060000000;1.0710000000;-0.7650000000;-2.5500000000;2.8687500000;38.1875000000;-19.7500000000;-15.0625000000
-9.8430000000;-0.2448000000;0.7140000000;-2.3587500000;-1.7212500000;1.0200000000;38.5000000000;-18.2500000000;-14.2500000000
-9.8634000000;0.0714000000;0.9792000000;-9.0525000000;1.9762500000;2.7412500000;37.5000000000;-18.0000000000;-14.6875000000
-9.9654000000;-0.5304000000;0.9384000000;-14.9812500000;0.4462500000;4.4625000000;37.7500000000;-18.5625000000;-14.2500000000
-9.8634000000;-0.0204000000;0.8976000000;12.4950000000;-3.1237500000;0.1912500000;37.7500000000;-18.5625000000;-14.2500000000
-9.8430000000;-0.0918000000;0.7752000000;-4.5900000000;1.2750000000;2.4862500000;38.1875000000;-20.0625000000;-15.5000000000
-9.9348000000;-0.2244000000;0.9996000000;-0.2550000000;3.0600000000;1.8487500000;38.1875000000;-19.7500000000;-13.8750000000
-9.9858000000;-0.1632000000;1.1016000000;2.9962500000;1.7212500000;1.5937500000;37.7500000000;-18.5625000000;-15.5000000000
-9.8634000000;-0.3774000000;0.9486000000;-0.3825000000;1.5300000000;0.8925000000;37.5000000000;-17.8750000000;-15.5000000000
-9.8532000000;-0.1428000000;1.1118000000;2.9325000000;1.4025000000;-0.6375000000;37.5000000000;-17.8750000000;-15.5000000000
-9.8430000000;-0.0102000000;1.1016000000;0.5737500000;-0.3187500000;1.2750000000;38.5000000000;-20.8750000000;-14.6875000000
-9.9246000000;-0.2550000000;0.9894000000;-2.0400000000;-0.5100000000;1.4025000000;37.7500000000;-19.0000000000;-14.2500000000
-9.8838000000;-0.0816000000;0.9792000000;2.9962500000;-2.1037500000;0.5100000000;37.5000000000;-18.5625000000;-15.5000000000
-9.8634000000;0.0102000000;0.9282000000;-1.1475000000;-0.7650000000;1.9125000000;38.1875000000;-20.5000000000;-14.6875000000
-10.0266000000;-0.1224000000;0.9282000000;-0.2550000000;-0.8925000000;1.6575000000;38.1875000000;-20.5000000000;-14.6875000000
-9.9450000000;-0.1836000000;0.7956000000;1.2112500000;-0.7012500000;1.3387500000;37.5000000000;-20.5000000000;-13.8750000000
-9.8838000000;-0.1428000000;0.8160000000;0.8287500000;1.7850000000;0.8287500000;37.0625000000;-20.5000000000;-15.0625000000
-9.8838000000;-0.0306000000;1.0098000000;1.6575000000;2.2312500000;0.1275000000;38.1875000000;-19.0000000000;-15.5000000000
-9.9756000000;-0.2244000000;0.8466000000;-1.2112500000;2.1037500000;1.9125000000;37.7500000000;-19.7500000000;-13.8750000000
-9.8634000000;-0.2652000000;0.9894000000;1.5300000000;3.3150000000;-0.7012500000;37.7500000000;-19.7500000000;-13.8750000000
-9.9042000000;0.0918000000;1.1016000000;3.1875000000;0.8287500000;-1.4025000000;37.7500000000;-18.2500000000;-13.5625000000
-9.9042000000;-0.1326000000;1.0608000000;-3.3787500000;0.1275000000;0.9562500000;37.7500000000;-20.0625000000;-13.8750000000
-9.9144000000;-0.1530000000;0.9486000000;4.2712500000;-1.7850000000;-1.1475000000;37.5000000000;-19.7500000000;-15.0625000000
-9.8736000000;0.0918000000;0.9078000000;-1.3387500000;-0.4462500000;-0.1275000000;37.7500000000;-18.5625000000;-14.6875000000
-9.9450000000;-0.2040000000;0.8466000000;0.5737500000;-1.0200000000;0.7012500000;37.7500000000;-18.5625000000;-14.6875000000
-9.8838000000;0.0306000000;0.8058000000;4.2075000000;-0.0637500000;-0.1912500000;38.1875000000;-20.8750000000;-15.0625000000
-10.0062000000;-0.2448000000;0.9486000000;-2.9962500000;2.4862500000;0.0637500000;37.7500000000;-18.5625000000;-13.8750000000
-9.9144000000;-0.0714000000;0.9996000000;2.8050000000;0.1275000000;-1.1475000000;38.1875000000;-19.3750000000;-15.0625000000
-9.9450000000;0.0000000000;0.9486000000;0.1275000000;0.0000000000;0.0637500000;37.7500000000;-20.5000000000;-13.8750000000
-9.9552000000;-0.1632000000;0.9078000000;-1.0200000000;0.7012500000;0.3187500000;37.7500000000;-20.5000000000;-13.8750000000
-9.9756000000;-0.0612000000;1.0098000000;0.8925000000;0.1912500000;-0.1912500000;37.7500000000;-19.0000000000;-14.6875000000
-9.9348000000;-0.1326000000;0.9690000000;-0.8287500000;-0.1912500000;0.0637500000;37.5000000000;-20.0625000000;-15.5000000000
-9.9348000000;-0.1224000000;1.0404000000;0.5100000000;-0.8287500000;0.0000000000;37.5000000000;-20.0625000000;-14.6875000000
-10.0164000000;-0.0102000000;0.9894000000;0.0637500000;-1.7850000000;-0.1912500000;37.5000000000;-20.0625000000;-15.5000000000
-9.9042000000;-0.0816000000;0.7548000000;0.4462500000;-0.9562500000;-0.7650000000;37.5000000000;-20.0625000000;-15.5000000000
-9.9348000000;0.0306000000;0.8874000000;1.7850000000;0.8287500000;0.3187500000;38.1875000000;-19.3750000000;-14.6875000000
-9.9654000000;-0.1428000000;0.8976000000;-0.3825000000;1.0200000000;1.0837500000;37.7500000000;-20.5000000000;-13.5625000000
-9.9144000000;-0.0306000000;1.0302000000;0.8925000000;1.0200000000;0.1912500000;38.1875000000;-19.7500000000;-14.2500000000
-9.9552000000;-0.1428000000;1.0200000000;0.6375000000;-0.6375000000;2.1675000000;38.5625000000;-20.8750000000;-14.2500000000
-9.9348000000;-0.2244000000;0.9078000000;-0.3187500000;-0.7650000000;0.1275000000;38.5625000000;-20.8750000000;-14.2500000000
-9.9552000000;-0.0816000000;1.0200000000;-0.9562500000;-0.9562500000;-0.9562500000;38.1875000000;-20.0625000000;-13.8750000000
