acc_x;acc_y;acc_z;gyr_x;gyr_y;gyr_z;mag_x;mag_y;mag_z
-9.3024000000;-0.3060000000;1.5300000000;-1.9762500000;-0.1275000000;1.1475000000;29.2500000000;7.0000000000;-13.6875000000
-9.8124000000;-0.4896000000;1.2138000000;2.7412500000;8.0325000000;-0.5737500000;30.0625000000;7.6875000000;-14.0625000000
-9.5268000000;-0.4284000000;1.2546000000;11.8575000000;2.6775000000;-2.9962500000;30.0625000000;7.0000000000;-14.0000000000
-9.8736000000;0.0408000000;1.2036000000;2.3587500000;1.9762500000;-1.4025000000;29.2500000000;6.6875000000;-13.7500000000
-9.8532000000;-0.5202000000;1.2648000000;-1.8487500000;-0.3825000000;-0.8925000000;29.0000000000;7.3750000000;-13.2500000000
-9.4656000000;-0.3060000000;1.1526000000;4.2075000000;0.7012500000;-1.5300000000;29.0000000000;7.3750000000;-13.2500000000
-9.7614000000;-0.1326000000;1.0404000000;-1.6575000000;3.1237500000;2.2312500000;29.0000000000;6.6875000000;-13.2500000000
-9.5268000000;-0.8364000000;1.1220000000;-0.2550000000;8.7975000000;0.2550000000;28.5625000000;7.3750000000;-14.0625000000
-10.0368000000;-0.2040000000;1.3872000000;10.3275000000;8.3512500000;0.1912500000;28.2500000000;7.0000000000;-13.2500000000
-9.3024000000;-0.6018000000;0.9690000000;0.4462500000;4.7175000000;-3.6975000000;27.8750000000;7.3750000000;-14.0625000000
-9.8736000000;-0.2040000000;1.0506000000;10.1362500000;8.2875000000;1.9125000000;27.8750000000;7.3750000000;-14.0625000000
-9.6900000000;-0.4998000000;1.0710000000;-1.0837500000;-0.8925000000;0.5100000000;27.5000000000;7.0000000000;-12.5000000000
-9.4656000000;-0.4590000000;0.8466000000;3.6337500000;0.4462500000;0.5100000000;28.2500000000;7.3750000000;-13.2500000000
-9.7104000000;-0.5406000000;0.9996000000;4.2075000000;5.1637500000;1.6575000000;29.0000000000;6.6875000000;-13.0000000000
-9.6798000000;-0.5304000000;0.9996000000;4.6537500000;1.5937500000;-0.9562500000;28.2500000000;7.0000000000;-12.5000000000
-9.5166000000;-0.4182000000;0.9690000000;5.3550000000;2.0400000000;0.1912500000;28.2500000000;7.0000000000;-12.5000000000
-9.5778000000;-0.5814000000;1.1118000000;0.1275000000;-1.6575000000;-0.1275000000;27.8750000000;5.8750000000;-14.5000000000
-9.5166000000;-0.5814000000;1.0098000000;2.9962500000;0.6375000000;2.4862500000;28.5625000000;7.3750000000;-12.0625000000
-9.5166000000;-0.5304000000;1.0200000000;6.5662500000;-1.0200000000;-2.4225000000;29.0000000000;6.6875000000;-13.2500000000
-9.3024000000;-0.4692000000;1.0404000000;4.0162500000;-0.6375000000;-0.7012500000;28.5625000000;7.0000000000;-13.2500000000
-9.4656000000;-0.5202000000;1.0710000000;8.4787500000;2.9325000000;1.2112500000;28.5625000000;7.0000000000;-13.2500000000
-9.9144000000;-0.3672000000;1.3770000000;5.9287500000;0.3187500000;-2.1037500000;28.5625000000;7.0000000000;-12.5000000000
-9.0984000000;0.0000000000;1.4076000000;9.4987500000;0.7012500000;-2.3587500000;29.0000000000;6.2500000000;-14.5000000000
-9.6696000000;0.3264000000;1.1526000000;5.1637500000;-2.9325000000;2.5500000000;29.0000000000;6.2500000000;-13.7500000000
-9.6594000000;-0.7242000000;1.0302000000;4.3987500000;-1.7850000000;8.7975000000;28.2500000000;5.8750000000;-13.0000000000
-9.9042000000;-0.5610000000;0.8976000000;3.2512500000;1.0837500000;3.7612500000;28.2500000000;5.8750000000;-13.0000000000
-9.7410000000;-0.6324000000;0.7956000000;9.1800000000;-0.7650000000;2.2312500000;28.5625000000;6.2500000000;-12.1875000000
-9.6492000000;-0.3264000000;0.9282000000;10.4550000000;4.2712500000;3.3787500000;29.0000000000;5.5000000000;-13.0000000000
-9.7410000000;-0.4488000000;0.9690000000;2.4862500000;2.2950000000;0.1275000000;28.5625000000;5.8750000000;-12.5000000000
-9.4656000000;-0.5100000000;0.9792000000;10.3275000000;0.7012500000;-0.1912500000;29.2500000000;5.8750000000;-14.5000000000
-9.4962000000;-0.1224000000;1.0506000000;14.0250000000;4.2712500000;2.2312500000;29.2500000000;5.8750000000;-14.5000000000
-9.4758000000;-0.2856000000;1.3056000000;6.0562500000;-0.0637500000;2.5500000000;29.6875000000;5.8750000000;-13.6875000000
-9.4452000000;-0.3978000000;1.0914000000;7.7775000000;0.8925000000;1.0837500000;29.2500000000;5.1875000000;-12.0625000000
-9.6084000000;-0.2244000000;0.9690000000;5.2912500000;2.2312500000;3.1237500000;29.6875000000;5.1875000000;-12.5000000000
-9.5880000000;-0.0714000000;0.8670000000;5.1000000000;-2.2312500000;4.4625000000;30.0625000000;4.7500000000;-13.0000000000
-9.4452000000;-0.3264000000;0.6222000000;0.0000000000;-3.1237500000;5.4825000000;30.0625000000;4.7500000000;-13.0000000000
-9.6288000000;-0.0918000000;0.7344000000;6.6937500000;6.6300000000;3.5700000000;29.2500000000;5.1875000000;-13.0000000000
-9.7104000000;-0.2142000000;0.9588000000;3.1875000000;3.5700000000;2.0400000000;29.0000000000;4.3750000000;-12.8750000000
-9.6288000000;-0.1632000000;0.7242000000;4.5900000000;3.8887500000;0.7012500000;29.2500000000;4.3750000000;-13.2500000000
-9.4554000000;-0.1122000000;0.8364000000;1.7212500000;3.6975000000;-1.9762500000;29.6875000000;3.6875000000;-13.6875000000
-9.7410000000;0.2550000000;1.0098000000;5.1000000000;4.9725000000;0.3187500000;29.6875000000;3.6875000000;-13.6875000000
-9.2820000000;-0.2856000000;0.7650000000;-4.2075000000;-0.1275000000;-3.0600000000;29.0000000000;3.6875000000;-13.7500000000
-9.5574000000;0.0000000000;0.7956000000;6.7575000000;7.2037500000;0.3187500000;29.6875000000;4.7500000000;-13.2500000000
-9.7818000000;0.1224000000;0.9486000000;-2.3587500000;4.2075000000;-0.8287500000;29.2500000000;3.6875000000;-12.8750000000
-9.5472000000;-0.3672000000;0.7344000000;-1.1475000000;0.3187500000;-1.4662500000;29.2500000000;4.0000000000;-12.5000000000
-9.4248000000;0.0000000000;0.6120000000;2.8050000000;7.3950000000;3.1237500000;29.2500000000;4.0000000000;-12.5000000000
-9.8430000000;-0.1428000000;0.8364000000;-0.8925000000;6.8212500000;1.3387500000;29.6875000000;4.0000000000;-13.2500000000
-9.7818000000;-0.1734000000;0.7752000000;0.2550000000;-3.8250000000;-1.7850000000;29.6875000000;4.0000000000;-12.0625000000
-9.3126000000;-0.3774000000;0.5508000000;0.3187500000;4.6537500000;1.5937500000;29.6875000000;4.3750000000;-12.1875000000
-9.8940000000;0.0204000000;0.7242000000;4.5900000000;4.8450000000;0.9562500000;30.0625000000;4.0000000000;-12.0625000000
-9.5472000000;-0.2244000000;0.5508000000;1.7212500000;-2.6137500000;-0.8925000000;30.0625000000;4.0000000000;-12.0625000000
-9.5982000000;-0.0306000000;0.5712000000;12.4950000000;5.5462500000;3.1875000000;29.2500000000;4.7500000000;-11.6875000000
-9.7512000000;0.0612000000;0.6732000000;4.2712500000;5.6100000000;0.0637500000;29.0000000000;4.0000000000;-12.5000000000
-9.7308000000;-0.0816000000;0.3060000000;10.3912500000;4.8450000000;-2.2950000000;28.2500000000;3.6875000000;-12.5000000000
-9.6084000000;0.5406000000;0.5508000000;25.7550000000;11.9850000000;2.5500000000;28.2500000000;3.6875000000;-12.5000000000
-10.1694000000;0.5202000000;0.6018000000;20.8462500000;17.9137500000;2.5500000000;28.2500000000;3.6875000000;-13.2500000000
-10.0674000000;0.3774000000;0.6936000000;23.0137500000;12.4950000000;5.8012500000;28.5625000000;4.0000000000;-10.8750000000
-9.3636000000;0.0000000000;0.7242000000;23.7787500000;8.1600000000;2.6775000000;30.0625000000;3.2500000000;-12.0625000000
-9.3942000000;0.3366000000;0.7140000000;13.2600000000;5.6737500000;1.2112500000;30.5000000000;2.1875000000;-11.6875000000
-9.6900000000;-0.4488000000;0.4488000000;-0.3825000000;3.1237500000;3.8250000000;30.5000000000;2.1875000000;-11.6875000000
-9.6288000000;-0.0306000000;0.6834000000;5.2912500000;-10.5187500000;3.5062500000;30.5000000000;2.5625000000;-10.8750000000
-9.7920000000;0.1428000000;-0.3468000000;14.7262500000;2.7412500000;3.6337500000;30.5000000000;3.0000000000;-11.0000000000
-9.8226000000;-0.2142000000;-0.2040000000;13.4512500000;3.1875000000;4.7175000000;31.5625000000;3.0000000000;-10.1875000000
-10.0572000000;0.2958000000;-0.4998000000;26.2650000000;9.0525000000;2.9962500000;32.0000000000;2.5625000000;-12.1875000000
-9.9756000000;0.5406000000;-0.4284000000;22.7587500000;13.0050000000;10.2000000000;32.0000000000;2.5625000000;-12.1875000000
-10.1082000000;-0.2856000000;-0.0408000000;11.9212500000;16.1925000000;5.2275000000;31.5625000000;1.7500000000;-11.0000000000
-9.8328000000;0.3366000000;0.0408000000;27.2212500000;13.7062500000;-1.7850000000;32.0000000000;1.0625000000;-10.1875000000
-9.4860000000;0.6732000000;0.0612000000;22.1212500000;13.8975000000;1.7850000000;33.3750000000;1.0625000000;-10.8750000000
-9.6900000000;0.1224000000;-0.2958000000;-1.7850000000;14.0250000000;2.3587500000;34.0625000000;1.1875000000;-10.5625000000
-9.4044000000;-0.2856000000;-0.4284000000;13.9612500000;12.6225000000;1.7212500000;34.0625000000;1.1875000000;-10.5625000000
-9.8124000000;0.3366000000;-0.2142000000;20.5275000000;11.6662500000;0.5100000000;34.0625000000;-0.2500000000;-10.5625000000
-9.3636000000;-0.4386000000;-0.4386000000;-3.8887500000;3.6975000000;-1.1475000000;35.5625000000;0.3750000000;-9.8750000000
-9.5370000000;-0.3570000000;-0.2652000000;14.2800000000;9.4350000000;-0.8287500000;35.5625000000;0.7500000000;-9.3750000000
-9.7512000000;-0.0612000000;-0.5508000000;2.7412500000;4.4625000000;0.7650000000;36.0000000000;0.0625000000;-9.0625000000
-9.7104000000;0.0408000000;-1.9890000000;-21.0375000000;1.9125000000;-1.0837500000;36.0000000000;0.0625000000;-9.0625000000
-9.9246000000;0.2244000000;-2.4378000000;2.0400000000;13.5787500000;4.8450000000;36.0000000000;1.1875000000;-9.0000000000
-10.1286000000;0.3162000000;-2.2236000000;2.8050000000;13.8337500000;2.6775000000;36.7500000000;0.7500000000;-9.0000000000
-10.0572000000;-0.0204000000;-2.8254000000;-2.4862500000;25.1812500000;3.2512500000;36.3750000000;0.3750000000;-8.2500000000
-10.4652000000;0.8364000000;-2.6316000000;16.9575000000;34.8712500000;7.7775000000;37.5000000000;0.0625000000;-7.0625000000
-9.6492000000;0.8364000000;-2.0502000000;4.1437500000;35.0625000000;6.9487500000;37.5000000000;0.0625000000;-7.0625000000
-9.8940000000;0.2244000000;-2.6112000000;14.3437500000;45.2625000000;8.9250000000;37.7500000000;-0.2500000000;-6.2500000000
-9.8838000000;0.6324000000;-2.8458000000;15.0450000000;47.5575000000;3.9525000000;39.0000000000;-0.6875000000;-5.5625000000
-9.6186000000;0.8058000000;-3.3864000000;15.6825000000;50.8725000000;8.5425000000;39.6875000000;-0.6875000000;-4.0000000000
-10.0776000000;0.6732000000;-3.4782000000;22.5675000000;58.9050000000;11.3475000000;40.0625000000;-1.3750000000;-2.3750000000
-9.6288000000;0.5304000000;-3.5802000000;13.2600000000;56.6100000000;10.9012500000;40.0625000000;-1.3750000000;-2.3750000000
-9.5676000000;0.3468000000;-3.7638000000;17.4037500000;60.6262500000;9.6900000000;39.2500000000;-1.6875000000;-0.5000000000
-9.4350000000;0.8160000000;-3.6210000000;10.3275000000;65.8537500000;12.3037500000;40.0625000000;-2.5000000000;2.1875000000
-8.6700000000;0.0918000000;-3.8556000000;-3.8250000000;60.7537500000;-1.3387500000;39.3750000000;-2.8750000000;4.5625000000
-8.5782000000;0.8058000000;-4.2228000000;12.7500000000;61.7737500000;7.5225000000;39.0625000000;-3.1875000000;5.7500000000
-8.4558000000;0.6732000000;-4.4676000000;1.4662500000;59.7337500000;7.6500000000;39.0625000000;-3.1875000000;5.7500000000
-8.3844000000;0.7446000000;-4.7226000000;-12.6862500000;50.9362500000;7.9687500000;38.6875000000;-2.8750000000;9.6875000000
-7.7826000000;0.1836000000;-5.0082000000;2.0400000000;52.6575000000;7.7137500000;38.7500000000;-2.8750000000;9.2500000000
-8.0070000000;1.3158000000;-5.1510000000;4.2712500000;46.9200000000;5.8650000000;37.6875000000;-2.8750000000;10.8750000000
-7.2828000000;0.4590000000;-5.3652000000;-2.6137500000;44.1787500000;6.5025000000;37.0000000000;-3.1875000000;14.3750000000
-7.5990000000;1.1526000000;-6.2832000000;-1.1475000000;44.8162500000;6.9487500000;37.0000000000;-3.1875000000;14.3750000000
-7.4256000000;0.8772000000;-6.1914000000;8.9887500000;39.2700000000;6.3112500000;36.5625000000;-3.5625000000;14.8750000000
-7.0788000000;1.3158000000;-6.6912000000;9.0525000000;42.3300000000;6.9487500000;35.0625000000;-3.5625000000;16.7500000000
-7.1094000000;1.0302000000;-6.8238000000;5.8012500000;37.5487500000;7.7775000000;35.1875000000;-3.1875000000;18.0625000000
-6.5790000000;0.5508000000;-6.7014000000;4.6537500000;47.1750000000;6.1200000000;34.0625000000;-3.1875000000;19.8750000000
-6.8952000000;1.3464000000;-6.8340000000;-2.3587500000;51.1275000000;6.8850000000;34.0625000000;-3.1875000000;19.8750000000
-6.0486000000;-0.0612000000;-6.7626000000;-0.9562500000;41.0550000000;0.6375000000;32.6875000000;-3.2500000000;21.5625000000
-6.4770000000;1.2342000000;-6.7830000000;39.2700000000;38.8237500000;-3.1875000000;32.0000000000;-3.6875000000;22.2500000000
-5.5386000000;0.5100000000;-6.4974000000;-7.4587500000;25.5000000000;-2.9962500000;30.8750000000;-3.6875000000;23.5625000000
-5.2530000000;0.8466000000;-7.0380000000;7.2037500000;29.0700000000;-1.3387500000;30.1875000000;-3.6875000000;23.5000000000
-5.7018000000;0.3774000000;-7.4154000000;5.0362500000;35.7637500000;3.1237500000;30.1875000000;-3.6875000000;23.5000000000
-5.4366000000;0.7344000000;-7.3236000000;11.4112500000;19.3800000000;-0.2550000000;30.5625000000;-3.2500000000;23.1875000000
-4.8144000000;0.9078000000;-8.2110000000;-0.6375000000;29.0062500000;3.6337500000;29.6875000000;-3.0000000000;26.0000000000
-4.9776000000;0.5610000000;-8.0886000000;9.3075000000;33.0225000000;8.2875000000;29.0000000000;-3.0000000000;26.5000000000
-4.7532000000;1.4586000000;-8.3640000000;0.3825000000;29.5800000000;9.1162500000;29.0000000000;-3.0000000000;26.5000000000
-4.8960000000;-0.1122000000;-8.8128000000;-31.3650000000;34.1700000000;11.8575000000;27.5000000000;-3.0000000000;26.5000000000
-4.6002000000;0.3162000000;-8.8332000000;10.9012500000;16.3837500000;5.0362500000;27.8750000000;-4.0625000000;28.3750000000
-4.1616000000;0.3468000000;-8.4456000000;29.5162500000;24.9262500000;-2.0400000000;27.2500000000;-4.0625000000;29.1875000000
-4.4166000000;0.9588000000;-8.2314000000;-6.5662500000;31.6837500000;3.5062500000;27.2500000000;-3.2500000000;29.6875000000
-3.6618000000;0.4998000000;-8.1396000000;-4.8450000000;31.4925000000;4.9725000000;27.2500000000;-3.2500000000;29.6875000000
-3.6414000000;0.9996000000;-8.4150000000;-9.0525000000;35.8275000000;6.0562500000;25.7500000000;-3.2500000000;30.3750000000
-3.6210000000;0.5610000000;-8.3130000000;6.1200000000;24.2887500000;7.5225000000;23.5625000000;-3.6875000000;31.5000000000
-3.4884000000;0.8058000000;-8.5068000000;-3.6975000000;21.4200000000;1.4662500000;24.2500000000;-4.5000000000;31.5625000000
-2.4990000000;0.5304000000;-8.9760000000;3.6975000000;33.5325000000;0.6375000000;23.1875000000;-3.6875000000;32.3750000000
-3.3660000000;0.7854000000;-8.2314000000;-4.7812500000;27.6037500000;3.0600000000;23.1875000000;-3.6875000000;32.3750000000
-2.4072000000;0.2448000000;-8.7516000000;8.6062500000;26.7750000000;0.8925000000;22.5625000000;-3.6875000000;33.6875000000
-2.6520000000;1.5402000000;-8.9352000000;12.6225000000;37.7400000000;7.1400000000;21.3750000000;-4.5000000000;33.1875000000
-2.6724000000;0.0000000000;-8.7618000000;-5.7375000000;25.8187500000;10.0725000000;20.3750000000;-3.2500000000;34.3750000000
-2.3256000000;1.0812000000;-8.9250000000;14.9175000000;16.1287500000;6.6300000000;19.1875000000;-4.0625000000;34.6875000000
-2.3868000000;0.2448000000;-8.9760000000;1.4662500000;9.5625000000;0.9562500000;19.1875000000;-4.0625000000;34.6875000000
-2.2644000000;0.7140000000;-8.8128000000;20.0812500000;2.8050000000;-0.1275000000;18.0625000000;-4.0625000000;35.5625000000
-1.9992000000;0.7752000000;-9.1800000000;-5.1000000000;1.5937500000;1.4025000000;18.0625000000;-3.6875000000;35.5625000000
-1.9992000000;0.2958000000;-9.1902000000;8.6062500000;5.6100000000;3.6337500000;18.5000000000;-3.6875000000;36.0000000000
-2.5500000000;0.5100000000;-9.0780000000;4.2075000000;2.0400000000;2.4862500000;18.5000000000;-4.0625000000;35.5000000000
-1.7952000000;0.4998000000;-9.4044000000;4.0162500000;-4.0162500000;2.3587500000;18.5000000000;-4.0625000000;35.5000000000
-2.1522000000;0.2244000000;-9.1596000000;1.1475000000;10.4550000000;8.9250000000;17.6875000000;-4.0625000000;36.0000000000
-2.5092000000;0.1122000000;-9.4350000000;-7.3312500000;9.3075000000;7.2675000000;19.0000000000;-4.0625000000;36.3750000000
-1.7850000000;-0.1122000000;-9.1902000000;9.8812500000;1.1475000000;1.5300000000;17.5000000000;-3.2500000000;35.1875000000
-1.9584000000;0.5814000000;-9.3126000000;13.3875000000;7.9050000000;-0.3187500000;17.5000000000;-4.0625000000;36.0000000000
-1.9482000000;0.0408000000;-9.2208000000;-4.1437500000;7.2037500000;2.1675000000;17.5000000000;-4.0625000000;36.0000000000
-1.8360000000;0.2856000000;-9.2718000000;3.6337500000;4.0162500000;-0.5100000000;17.7500000000;-3.2500000000;36.2500000000
-1.8054000000;0.4896000000;-9.5982000000;6.1837500000;1.3387500000;1.4025000000;17.0625000000;-3.2500000000;35.8750000000
-1.9380000000;0.0612000000;-9.4248000000;0.0637500000;9.8812500000;4.5262500000;17.0625000000;-2.5625000000;36.0000000000
-2.0298000000;0.1938000000;-9.4350000000;4.2712500000;2.0400000000;-2.2950000000;16.0000000000;-3.0000000000;37.5625000000
-1.6524000000;0.3876000000;-9.6492000000;6.3112500000;4.5262500000;-0.4462500000;16.0000000000;-3.0000000000;37.5625000000
-1.8666000000;-0.0612000000;-9.2616000000;-2.4862500000;6.6937500000;3.6975000000;17.5000000000;-3.2500000000;36.0000000000
-1.6218000000;0.3264000000;-9.4758000000;6.2475000000;1.1475000000;-2.9962500000;16.6875000000;-2.5625000000;36.7500000000
-1.8156000000;0.0408000000;-9.2718000000;-0.6375000000;5.3550000000;2.3587500000;17.0625000000;-2.5625000000;36.8750000000
-1.7136000000;-0.0306000000;-9.4044000000;2.0400000000;-1.0200000000;-3.0600000000;16.6875000000;-3.0000000000;35.6875000000
-1.5606000000;0.2550000000;-9.4962000000;6.3750000000;-1.7850000000;-2.8050000000;16.6875000000;-3.0000000000;35.6875000000
-1.9074000000;0.3468000000;-9.3432000000;-1.9762500000;6.8212500000;0.1912500000;16.2500000000;-3.2500000000;37.6875000000
-1.5912000000;0.1020000000;-9.5778000000;-2.5500000000;-1.5937500000;-1.5937500000;17.0625000000;-1.7500000000;37.5000000000
-1.7034000000;0.2244000000;-9.4758000000;4.2075000000;0.3187500000;-1.5937500000;16.2500000000;-2.5625000000;36.6875000000
-1.8870000000;0.3876000000;-9.4554000000;2.1037500000;-1.8487500000;-0.6375000000;16.6875000000;-2.5625000000;36.2500000000
-1.4790000000;-0.2244000000;-9.5472000000;1.5300000000;4.2712500000;1.4662500000;16.6875000000;-2.5625000000;36.2500000000
-1.8768000000;0.3162000000;-9.5064000000;2.4862500000;2.1675000000;1.6575000000;15.6875000000;-2.1875000000;36.3750000000
-1.6014000000;-0.0102000000;-9.5778000000;-9.1800000000;3.1237500000;-2.1037500000;16.2500000000;-2.5625000000;38.0000000000
-1.7340000000;0.1224000000;-9.7614000000;5.6100000000;3.3150000000;0.3825000000;16.6875000000;-1.7500000000;37.5000000000
-1.7238000000;0.3672000000;-9.4350000000;2.1675000000;-1.0200000000;0.3825000000;17.0625000000;-1.7500000000;37.5000000000
-1.4178000000;-0.1428000000;-9.4248000000;-1.4025000000;1.2750000000;0.1912500000;17.0625000000;-1.7500000000;37.5000000000
-1.7646000000;0.1224000000;-9.4860000000;10.6462500000;2.5500000000;4.1437500000;16.6875000000;-1.7500000000;36.3750000000
-1.5198000000;0.0000000000;-9.3330000000;-7.3950000000;-1.7850000000;-0.6375000000;16.2500000000;-2.1875000000;36.2500000000
-1.5606000000;-0.1326000000;-9.4248000000;4.0800000000;2.8687500000;-0.3825000000;16.2500000000;-2.1875000000;35.8750000000
-1.7340000000;0.6222000000;-9.2106000000;-10.2000000000;0.5737500000;0.0637500000;16.0000000000;-2.1875000000;36.7500000000
-1.4688000000;-0.3978000000;-9.5574000000;3.6337500000;-1.4025000000;2.9962500000;16.0000000000;-2.1875000000;36.7500000000
-1.4688000000;0.4488000000;-9.5064000000;-0.0637500000;5.3550000000;1.7212500000;16.6875000000;-2.1875000000;35.8750000000
-1.8564000000;0.0510000000;-9.5574000000;-5.1000000000;-2.4225000000;-2.3587500000;16.2500000000;-2.1875000000;36.0000000000
-1.1424000000;0.0306000000;-9.6696000000;3.9525000000;-1.7212500000;-1.5300000000;16.0000000000;-2.5625000000;36.6875000000
-1.8870000000;0.2346000000;-9.5472000000;-0.5100000000;8.0962500000;3.5062500000;15.6875000000;-1.7500000000;36.3750000000
-1.4586000000;0.0000000000;-9.4452000000;5.3550000000;-1.4662500000;-3.5700000000;15.6875000000;-1.7500000000;36.3750000000
-1.3872000000;0.4182000000;-9.5676000000;-0.5100000000;6.7575000000;0.6375000000;15.6875000000;-2.1875000000;36.6875000000
-1.7952000000;-0.1836000000;-9.4860000000;-8.0325000000;6.1200000000;1.4025000000;16.0000000000;-1.7500000000;36.6875000000
-1.3974000000;0.0204000000;-9.3942000000;9.4987500000;-3.4425000000;-1.7212500000;15.2500000000;-2.1875000000;37.1875000000
-1.4892000000;0.3876000000;-9.5166000000;0.0637500000;-1.4025000000;-2.2312500000;15.2500000000;-2.1875000000;37.1875000000
-1.6218000000;-0.1428000000;-9.2718000000;2.4862500000;2.3587500000;-1.9125000000;14.8750000000;-1.7500000000;37.1875000000
-1.3056000000;0.3570000000;-9.4044000000;9.6900000000;-3.8250000000;-0.3825000000;15.6875000000;-1.7500000000;37.0625000000
-1.3974000000;-0.0816000000;-9.3432000000;-8.3512500000;-0.0637500000;0.7650000000;16.0000000000;-1.7500000000;36.7500000000
-1.5198000000;-0.1836000000;-9.5676000000;-2.0400000000;1.7212500000;0.8925000000;15.2500000000;-3.0000000000;37.5625000000
-1.5810000000;0.0000000000;-9.5370000000;-1.2750000000;-4.2712500000;-1.0200000000;15.2500000000;-3.0000000000;37.5625000000
-1.2342000000;-0.1734000000;-9.7308000000;-0.5100000000;-2.5500000000;1.9762500000;15.6875000000;-1.7500000000;37.5000000000
-1.7544000000;0.2448000000;-9.3432000000;1.1475000000;5.9287500000;2.6137500000;15.2500000000;-1.7500000000;37.5000000000
-1.5708000000;-0.0306000000;-9.6390000000;-4.7812500000;-3.8887500000;-1.5937500000;16.0000000000;-1.5000000000;36.2500000000
-1.3872000000;-0.1224000000;-9.5880000000;2.9962500000;2.0400000000;1.0200000000;16.2500000000;-1.5000000000;36.3750000000
-1.5198000000;0.2142000000;-9.4758000000;5.1637500000;-0.3187500000;1.2750000000;16.2500000000;-1.5000000000;36.3750000000
-1.6422000000;0.2652000000;-9.7206000000;-1.4025000000;1.0837500000;-1.8487500000;15.6875000000;-1.7500000000;36.6875000000
-1.5096000000;-0.1734000000;-9.3228000000;-1.7212500000;1.9762500000;-0.5100000000;16.2500000000;-2.1875000000;36.2500000000
-1.4994000000;-0.0306000000;-9.5676000000;2.4225000000;-1.4662500000;1.2112500000;15.6875000000;-2.1875000000;36.6875000000
-1.4586000000;0.1428000000;-9.4554000000;0.5100000000;-1.0837500000;-0.5737500000;16.0000000000;-2.1875000000;37.0625000000
-1.5504000000;0.0306000000;-9.4962000000;1.9125000000;2.6775000000;1.2112500000;16.0000000000;-2.1875000000;37.0625000000
-1.7136000000;0.2040000000;-9.3738000000;3.7612500000;1.5937500000;-0.0637500000;15.6875000000;-2.1875000000;36.6875000000
-1.2750000000;-0.1836000000;-9.5472000000;-3.4425000000;-2.1037500000;-0.1912500000;16.0000000000;-1.7500000000;36.7500000000
-1.5810000000;-0.1020000000;-9.5982000000;-0.9562500000;3.5062500000;1.2112500000;16.2500000000;-2.5625000000;36.6875000000
-1.4688000000;0.0306000000;-9.5472000000;0.5100000000;0.8287500000;-0.9562500000;16.2500000000;-3.0000000000;36.3750000000
-1.5912000000;0.1224000000;-9.6492000000;0.8925000000;-1.3387500000;-1.7212500000;16.2500000000;-3.0000000000;36.3750000000
-1.2750000000;-0.0918000000;-9.3942000000;-0.2550000000;0.7650000000;0.0637500000;14.8750000000;-1.7500000000;36.6875000000
-1.4994000000;0.0408000000;-9.6390000000;-1.3387500000;0.1275000000;0.4462500000;15.6875000000;-2.5625000000;37.5000000000
-1.5096000000;-0.1734000000;-9.4350000000;-2.1037500000;0.5100000000;-0.7650000000;15.6875000000;-2.1875000000;36.6875000000
-1.4382000000;-0.0918000000;-9.6900000000;6.1837500000;-0.3187500000;1.5300000000;15.2500000000;-2.5625000000;36.6875000000
-1.6014000000;0.0918000000;-9.6390000000;3.2512500000;0.8287500000;3.0600000000;15.2500000000;-2.5625000000;36.6875000000
-1.4892000000;-0.3060000000;-9.6594000000;0.2550000000;-3.5062500000;-1.2750000000;16.2500000000;-1.5000000000;36.6875000000
-1.5402000000;-0.0714000000;-9.7410000000;-0.7650000000;1.6575000000;-0.3187500000;16.0000000000;-2.1875000000;36.6875000000
-1.6116000000;0.0510000000;-9.6084000000;0.5100000000;2.4225000000;1.4662500000;15.2500000000;-1.5000000000;37.0625000000
-1.4892000000;-0.0918000000;-9.5880000000;3.3787500000;-1.0200000000;-2.1037500000;14.8750000000;-1.7500000000;35.5000000000
-1.4892000000;-0.0204000000;-9.6696000000;-0.7012500000;-0.8925000000;0.5100000000;14.8750000000;-1.7500000000;35.5000000000
-1.5708000000;-0.0612000000;-9.5166000000;3.5700000000;-1.2112500000;0.0637500000;15.6875000000;-1.7500000000;37.5000000000
-1.4382000000;-0.1530000000;-9.4656000000;-1.0200000000;-1.7850000000;0.8287500000;15.2500000000;-2.1875000000;37.0625000000
-1.6830000000;-0.1122000000;-9.2820000000;-2.1037500000;-2.7412500000;0.5100000000;15.6875000000;-2.5625000000;35.8750000000
-1.3770000000;0.0510000000;-8.7924000000;0.5737500000;-4.5262500000;1.2750000000;16.0000000000;-1.5000000000;36.2500000000
-1.6830000000;0.0714000000;-9.0882000000;-7.3312500000;-11.5387500000;1.4662500000;16.0000000000;-1.5000000000;36.2500000000
-1.3668000000;-0.1326000000;-9.1902000000;0.0637500000;-14.9175000000;2.8050000000;16.0000000000;-1.7500000000;37.1875000000
-1.9074000000;-0.2754000000;-9.2820000000;-6.8212500000;-10.0725000000;3.3787500000;16.6875000000;-2.5625000000;36.6875000000
-1.9686000000;-0.0918000000;-9.3432000000;-3.1237500000;-16.5750000000;2.7412500000;16.6875000000;-2.1875000000;36.0000000000
-2.1420000000;0.0612000000;-9.2004000000;-4.5900000000;-18.4237500000;1.5300000000;16.6875000000;-2.1875000000;36.6875000000
-2.2440000000;-0.0306000000;-8.8944000000;-0.9562500000;-22.4400000000;-2.0400000000;16.6875000000;-2.1875000000;36.6875000000
-2.1420000000;-0.2958000000;-8.2722000000;-6.2475000000;-26.5200000000;-1.2112500000;17.7500000000;-2.5625000000;37.0625000000
-2.5908000000;-0.1224000000;-8.1498000000;0.1912500000;-24.0975000000;-5.6737500000;19.6875000000;-2.5625000000;34.8750000000
-2.7336000000;0.2040000000;-8.0376000000;0.3825000000;-39.6525000000;-2.4225000000;19.0000000000;-2.5625000000;35.0625000000
-2.8662000000;0.6120000000;-7.8642000000;-9.1162500000;-45.8362500000;2.5500000000;20.0625000000;-2.1875000000;34.3750000000
-3.6006000000;-0.2550000000;-8.1906000000;-15.3000000000;-46.4100000000;-0.2550000000;20.0625000000;-2.1875000000;34.3750000000
-3.6618000000;0.7854000000;-8.1294000000;-9.8812500000;-54.3150000000;3.7612500000;21.8750000000;-1.5000000000;33.1875000000
-4.1208000000;0.2550000000;-8.3436000000;-20.0812500000;-52.2112500000;2.1037500000;23.3750000000;-3.2500000000;31.1875000000
-4.2738000000;0.8466000000;-7.5378000000;-11.4750000000;-53.3587500000;4.5900000000;24.7500000000;-4.0625000000;29.5625000000
-4.9266000000;-0.1020000000;-7.7316000000;-6.3750000000;-54.9525000000;0.5737500000;26.0000000000;-4.5000000000;29.5000000000
-5.1306000000;1.2342000000;-6.8850000000;-0.6375000000;-57.6300000000;2.9325000000;26.0000000000;-4.5000000000;29.5000000000
-5.7630000000;0.6528000000;-7.3644000000;4.0162500000;-65.4075000000;5.1000000000;27.8750000000;-4.0625000000;28.1875000000
-6.0588000000;1.1118000000;-6.8544000000;18.1050000000;-70.2525000000;9.2437500000;29.0625000000;-4.0625000000;25.6875000000
-6.7320000000;0.5916000000;-7.3542000000;-25.5000000000;-75.0975000000;12.5587500000;31.2500000000;-3.6875000000;23.0000000000
-7.0788000000;-0.0306000000;-6.5790000000;-11.7300000000;-70.3800000000;13.4512500000;31.2500000000;-3.6875000000;23.0000000000
-7.3236000000;1.0098000000;-6.7728000000;0.1912500000;-84.7237500000;10.9650000000;32.8750000000;-4.7500000000;22.1875000000
-8.0580000000;0.5508000000;-6.7014000000;-21.9300000000;-74.5875000000;11.9850000000;34.2500000000;-4.7500000000;19.3750000000
-7.8846000000;0.3978000000;-6.4362000000;-16.8300000000;-75.7987500000;5.9925000000;35.5000000000;-5.5000000000;17.8750000000
-9.2208000000;0.5202000000;-7.6500000000;-96.8362500000;-58.9050000000;-3.5700000000;37.0000000000;-5.8750000000;14.1875000000
-8.2212000000;1.5504000000;-6.0690000000;-17.9775000000;-58.9050000000;6.8212500000;37.0000000000;-5.8750000000;14.1875000000
-9.4350000000;1.2138000000;-5.1306000000;-20.0175000000;-52.2750000000;-1.1475000000;38.0625000000;-6.6875000000;12.0000000000
-8.3436000000;2.5806000000;-5.5386000000;-2.1037500000;-78.2212500000;-8.0962500000;39.6875000000;-7.5000000000;10.3750000000
-9.7206000000;1.2954000000;-5.3856000000;-39.7800000000;-46.1550000000;7.3950000000;40.0625000000;-7.0625000000;8.0625000000
-9.2310000000;1.8258000000;-5.3754000000;-12.4950000000;-61.7737500000;-0.9562500000;40.7500000000;-7.0625000000;6.8750000000
-9.5472000000;1.3464000000;-4.7736000000;-15.1725000000;-46.3462500000;-0.8925000000;40.7500000000;-7.0625000000;6.8750000000
-9.3738000000;1.6116000000;-4.7940000000;-12.2400000000;-48.7050000000;-4.1437500000;40.0625000000;-8.1875000000;3.8750000000
-9.7104000000;0.8670000000;-3.6108000000;-9.4350000000;-36.3375000000;-1.4025000000;40.0625000000;-7.3750000000;2.6875000000
-9.4146000000;1.7238000000;-4.0698000000;-6.8212500000;-44.8800000000;-14.5987500000;40.7500000000;-7.5000000000;0.6875000000
-9.0474000000;2.0808000000;-3.3762000000;-11.9212500000;-35.8275000000;-7.7775000000;41.5625000000;-7.8750000000;-1.2500000000
-9.8328000000;1.0404000000;-2.3562000000;-11.1562500000;-22.8225000000;-2.3587500000;41.5625000000;-7.8750000000;-1.2500000000
-9.4860000000;1.6830000000;-2.9376000000;-4.0800000000;-44.4337500000;-14.7262500000;40.8750000000;-7.0625000000;-2.0000000000
-9.0780000000;1.2954000000;-2.1522000000;-0.4462500000;-35.5725000000;-8.2237500000;40.5000000000;-6.7500000000;-2.6875000000
-10.0368000000;2.0502000000;-2.5194000000;-4.4625000000;-27.6675000000;-7.9687500000;39.7500000000;-6.7500000000;-4.3750000000
-9.2514000000;0.9180000000;-2.3970000000;-9.3712500000;-32.5762500000;-8.3512500000;39.7500000000;-5.2500000000;-5.0625000000
-9.8940000000;2.0910000000;-1.8768000000;5.9287500000;-18.9337500000;-5.8650000000;39.7500000000;-5.2500000000;-5.0625000000
-9.7002000000;1.2444000000;-1.8972000000;-27.7950000000;-20.4637500000;-8.4150000000;40.1875000000;-5.2500000000;-6.0000000000
-9.5880000000;0.9078000000;-1.5708000000;21.8662500000;-24.7350000000;-6.2475000000;39.7500000000;-4.1875000000;-6.3750000000
-9.9348000000;1.7442000000;-1.2546000000;19.6350000000;-31.8112500000;-9.8175000000;38.2500000000;-3.3750000000;-8.3750000000
-9.7818000000;1.1526000000;-1.1832000000;-8.2237500000;-24.1612500000;-7.7137500000;37.1875000000;-2.6875000000;-9.5625000000
-9.6798000000;0.8874000000;-1.1220000000;-1.5937500000;-20.5912500000;-4.2712500000;37.1875000000;-2.6875000000;-9.5625000000
-9.6696000000;1.2750000000;-1.2342000000;3.6975000000;-12.8137500000;-5.8012500000;36.7500000000;-3.0625000000;-9.6875000000
-9.6798000000;1.5096000000;-1.2240000000;0.7650000000;-10.0725000000;-4.6537500000;36.1875000000;-2.6875000000;-10.8750000000
-9.8634000000;1.0914000000;-1.2648000000;-8.4150000000;-4.1437500000;-0.7012500000;36.5625000000;-3.7500000000;-11.6875000000
-9.8940000000;0.9384000000;-0.9078000000;5.0362500000;-1.4025000000;0.0637500000;36.1875000000;-2.2500000000;-10.8750000000
-9.7818000000;0.9894000000;-0.7038000000;5.1000000000;2.2312500000;-1.2750000000;36.1875000000;-2.2500000000;-10.8750000000
-9.9450000000;0.9282000000;-0.4998000000;4.2075000000;4.8450000000;-2.5500000000;35.0625000000;-1.7500000000;-12.5625000000
-9.6492000000;0.9894000000;-0.4794000000;1.5937500000;1.9762500000;-1.1475000000;35.3750000000;-1.7500000000;-11.3750000000
-9.8022000000;1.0302000000;-0.4080000000;-2.9325000000;5.0362500000;-1.2112500000;36.1875000000;-1.7500000000;-11.7500000000
-9.9042000000;1.1424000000;-0.2958000000;0.0637500000;1.0200000000;-0.5100000000;35.5000000000;-1.5000000000;-11.3750000000
-9.4350000000;0.7038000000;-0.5814000000;-5.4187500000;-1.2112500000;0.7012500000;35.5000000000;-1.5000000000;-11.3750000000
-9.4656000000;0.9996000000;-0.5508000000;-3.3787500000;4.5900000000;1.4662500000;35.8750000000;-3.2500000000;-11.7500000000
-9.7410000000;0.7650000000;-0.4794000000;-0.3187500000;2.9325000000;0.9562500000;36.2500000000;-3.2500000000;-11.6875000000
-9.6696000000;0.8670000000;-0.4080000000;1.0837500000;-1.8487500000;1.0200000000;35.1875000000;-2.1875000000;-11.0000000000
-9.6798000000;0.7752000000;-0.7140000000;-4.7175000000;2.2312500000;2.4225000000;36.2500000000;-3.0000000000;-11.2500000000
-9.6696000000;1.0608000000;-0.4590000000;-2.1675000000;3.6975000000;-0.5737500000;36.2500000000;-3.0000000000;-11.2500000000
-9.7002000000;0.9180000000;-0.5406000000;-0.9562500000;1.1475000000;-0.9562500000;35.8750000000;-2.5625000000;-9.7500000000
-9.5778000000;1.0608000000;-0.5508000000;-2.7412500000;1.9125000000;-0.8925000000;36.6875000000;-2.5625000000;-11.3750000000
-9.5676000000;0.6222000000;-0.5202000000;2.9962500000;0.3187500000;-1.2750000000;35.8750000000;-2.5625000000;-9.7500000000
-9.7308000000;1.0710000000;-0.4590000000;-1.3387500000;-1.4662500000;-1.9762500000;35.8750000000;-2.1875000000;-10.5625000000
-9.6594000000;1.0506000000;-0.5610000000;-1.9762500000;2.0400000000;-3.3787500000;35.8750000000;-2.1875000000;-10.5625000000
-9.6798000000;1.2750000000;-0.4794000000;-1.0837500000;-0.8925000000;-1.2750000000;36.2500000000;-2.5625000000;-10.1875000000
-9.4758000000;1.0710000000;-0.6426000000;0.8287500000;0.3825000000;-0.5100000000;35.5000000000;-2.5625000000;-10.1875000000
-9.7308000000;0.9486000000;-0.4080000000;1.7212500000;3.1875000000;0.7650000000;36.2500000000;-3.0000000000;-10.1875000000
-9.6594000000;0.8160000000;-0.6426000000;3.0600000000;-1.5937500000;-0.0637500000;36.2500000000;-2.1875000000;-11.0000000000
-9.4350000000;0.8262000000;-0.7446000000;3.3150000000;3.1875000000;-0.1912500000;36.2500000000;-2.1875000000;-11.0000000000
-9.8328000000;0.9282000000;-0.6222000000;5.9287500000;4.9725000000;0.3187500000;35.5000000000;-2.5625000000;-10.5625000000
-9.6696000000;0.9690000000;-0.7752000000;4.7812500000;-1.0837500000;-4.7812500000;34.7500000000;-3.2500000000;-10.5625000000
-9.7308000000;1.1628000000;-0.8364000000;8.2875000000;2.2312500000;-2.2950000000;36.2500000000;-2.1875000000;-10.5625000000
-9.8022000000;0.9894000000;-1.1628000000;2.8050000000;3.2512500000;-1.5300000000;36.2500000000;-2.1875000000;-10.5625000000
-9.7716000000;0.8976000000;-1.3056000000;15.6187500000;6.7575000000;-1.0200000000;35.5000000000;-1.7500000000;-8.6875000000
-9.7614000000;1.0812000000;-1.3362000000;12.6225000000;9.3075000000;1.9125000000;36.2500000000;-2.5625000000;-10.1875000000
-9.7410000000;0.8772000000;-1.4790000000;6.5025000000;14.4712500000;1.6575000000;36.6875000000;-2.5625000000;-10.1875000000
-9.8430000000;1.2546000000;-2.2134000000;10.9650000000;15.5550000000;1.2750000000;37.7500000000;-3.0000000000;-10.1875000000
-10.1388000000;1.4586000000;-2.8662000000;21.8662500000;20.0175000000;4.9087500000;37.7500000000;-3.0000000000;-10.1875000000
-9.9450000000;1.5096000000;-3.6414000000;18.7425000000;32.8312500000;10.9012500000;37.7500000000;-3.0000000000;-9.2500000000
-10.2306000000;1.4484000000;-3.6618000000;15.2362500000;47.6850000000;14.7900000000;38.8750000000;-3.6875000000;-8.6875000000
-10.0776000000;1.3668000000;-3.3558000000;14.6625000000;50.5537500000;11.6025000000;39.0625000000;-4.7500000000;-5.7500000000
-10.0572000000;1.1424000000;-3.2232000000;12.1125000000;54.6975000000;10.3275000000;40.6875000000;-5.5000000000;-5.0625000000
-9.8226000000;1.3056000000;-2.8968000000;22.2487500000;54.1875000000;7.0125000000;40.6875000000;-5.5000000000;-5.0625000000
-9.6186000000;0.9384000000;-2.8458000000;17.6587500000;54.8250000000;7.0125000000;41.0625000000;-5.5000000000;-3.0625000000
-9.5472000000;1.3668000000;-3.0804000000;20.7187500000;55.7812500000;7.7775000000;41.0625000000;-6.2500000000;-1.1875000000
-9.2208000000;1.3668000000;-3.7638000000;15.8100000000;50.6812500000;7.8412500000;40.6875000000;-6.6875000000;1.0625000000
-9.0474000000;1.2852000000;-4.0596000000;14.8537500000;58.5862500000;11.8575000000;41.0625000000;-6.6875000000;2.2500000000
-9.1290000000;0.9588000000;-4.2126000000;17.7862500000;56.9287500000;11.9850000000;41.0625000000;-6.6875000000;2.2500000000
-8.9046000000;1.2546000000;-4.5084000000;13.8337500000;50.2350000000;6.6937500000;40.6875000000;-7.0000000000;3.3750000000
-8.6700000000;1.1016000000;-4.8654000000;27.6037500000;55.6537500000;9.7537500000;40.0000000000;-7.3750000000;7.0000000000
-8.4048000000;1.4586000000;-4.9980000000;13.8975000000;51.8925000000;4.6537500000;39.5625000000;-7.3750000000;8.8750000000
-8.0478000000;0.5406000000;-5.4672000000;14.5350000000;49.8525000000;6.9487500000;38.8750000000;-8.1875000000;10.5000000000
-7.9764000000;1.4994000000;-5.3754000000;36.2100000000;53.0400000000;9.6900000000;38.8750000000;-8.1875000000;10.5000000000
-7.8336000000;0.6222000000;-6.0996000000;15.1087500000;42.2025000000;-0.4462500000;38.5625000000;-7.0000000000;11.6875000000
-7.4052000000;0.9894000000;-6.2526000000;34.8712500000;46.4737500000;-3.4425000000;38.2500000000;-7.7500000000;15.2500000000
-7.4052000000;0.5916000000;-6.3138000000;14.4075000000;50.1075000000;-1.4662500000;36.7500000000;-6.2500000000;15.5625000000
-7.1400000000;0.0204000000;-6.6096000000;12.6225000000;45.9000000000;-3.4425000000;36.3750000000;-6.6875000000;17.5625000000
-6.8136000000;0.1020000000;-6.8136000000;23.0137500000;46.5375000000;-6.6300000000;36.3750000000;-6.6875000000;17.5625000000
-6.8646000000;0.0714000000;-7.0380000000;17.6587500000;46.1550000000;-8.9250000000;35.2500000000;-6.6875000000;18.0000000000
-6.2016000000;0.1224000000;-7.2216000000;17.3400000000;43.7962500000;-8.1600000000;34.1875000000;-5.8750000000;19.5625000000
-5.9160000000;0.0306000000;-7.4766000000;20.9737500000;53.8050000000;-5.4825000000;33.5000000000;-5.5000000000;22.0000000000
-6.0792000000;-0.2142000000;-7.6806000000;6.8850000000;53.2950000000;-5.8650000000;33.0625000000;-4.0625000000;22.0000000000
-5.4774000000;-0.0612000000;-7.8234000000;18.8062500000;42.5212500000;-8.2875000000;33.0625000000;-4.0625000000;22.0000000000
-5.1816000000;-0.0918000000;-8.3844000000;1.9125000000;51.3825000000;-5.7375000000;31.1875000000;-4.0625000000;24.0000000000
-4.9266000000;-0.4386000000;-8.0478000000;5.9287500000;52.5300000000;-2.4225000000;30.5000000000;-4.0625000000;26.0625000000
-4.9674000000;-0.0408000000;-8.7312000000;-5.6737500000;49.9800000000;-4.7812500000;29.3750000000;-3.6875000000;26.8750000000
-4.5390000000;-0.4998000000;-8.1396000000;-6.1200000000;50.0437500000;-1.4662500000;27.8750000000;-3.2500000000;29.5625000000
-4.4370000000;-0.3774000000;-8.5986000000;-9.0525000000;41.2462500000;-7.6500000000;27.8750000000;-3.2500000000;29.5625000000
-3.7638000000;-0.2448000000;-8.2926000000;8.2237500000;37.5487500000;-8.9887500000;26.8750000000;-3.2500000000;30.7500000000
-3.7128000000;0.0510000000;-8.1498000000;2.0400000000;36.3375000000;-9.9450000000;25.3750000000;-4.5000000000;32.0000000000
-3.2232000000;-0.4386000000;-8.2110000000;5.8650000000;26.6475000000;-9.4350000000;24.0000000000;-3.0000000000;31.1875000000
-2.8560000000;0.1734000000;-8.1906000000;7.5225000000;27.0937500000;-4.5262500000;23.2500000000;-2.5625000000;32.0625000000
-3.3150000000;-0.5304000000;-9.0882000000;-18.4237500000;21.6112500000;-5.4825000000;23.2500000000;-2.5625000000;32.0625000000
-2.8050000000;-0.3672000000;-9.1290000000;3.7612500000;19.3800000000;-11.2200000000;22.8750000000;-2.1875000000;32.8750000000
-2.6826000000;-0.1632000000;-9.4044000000;-6.8850000000;27.7950000000;-8.4150000000;22.1875000000;-2.5625000000;32.8750000000
-2.8458000000;0.0612000000;-8.9556000000;-20.0175000000;29.0700000000;-7.7775000000;21.5000000000;-2.1875000000;34.5625000000
-2.3358000000;-0.2346000000;-9.1902000000;-0.3825000000;18.4237500000;-9.9450000000;20.2500000000;-2.5625000000;33.6875000000
-2.2542000000;0.4488000000;-9.2208000000;0.1912500000;21.9300000000;-4.6537500000;20.2500000000;-2.5625000000;33.6875000000
-2.2746000000;-0.0714000000;-8.7414000000;-15.3000000000;16.5750000000;-5.5462500000;20.0000000000;-3.0000000000;34.8750000000
-1.8360000000;-0.4284000000;-8.9250000000;-3.8250000000;11.9850000000;-8.0325000000;19.5625000000;-2.1875000000;35.6875000000
-1.9686000000;0.4896000000;-8.9862000000;1.6575000000;14.7262500000;-4.5262500000;19.1875000000;-4.0625000000;35.6875000000
-1.7748000000;0.2040000000;-8.9250000000;-19.7625000000;11.0925000000;-3.7612500000;18.5000000000;-2.5625000000;36.3750000000
-1.7442000000;0.0918000000;-9.1392000000;-0.4462500000;6.1200000000;-5.6100000000;18.5000000000;-2.5625000000;36.3750000000
-1.5198000000;0.5916000000;-9.0882000000;-0.2550000000;6.4387500000;-2.4862500000;18.5000000000;-3.6875000000;36.3750000000
-1.8156000000;0.7548000000;-9.2412000000;-9.9450000000;1.6575000000;-2.6137500000;17.6875000000;-3.2500000000;35.6875000000
-1.7340000000;0.3468000000;-9.4146000000;0.8925000000;4.9087500000;-0.7650000000;17.6875000000;-2.5625000000;37.2500000000
-1.7442000000;0.5406000000;-9.3636000000;-4.2712500000;1.2112500000;0.2550000000;17.2500000000;-4.0625000000;36.8750000000
-1.6524000000;0.1020000000;-9.3738000000;3.5062500000;1.2750000000;2.5500000000;17.2500000000;-4.0625000000;36.8750000000
-1.6728000000;0.3264000000;-9.6390000000;4.9087500000;0.5737500000;1.0200000000;17.2500000000;-4.0625000000;35.6875000000
-1.6524000000;0.4080000000;-9.5166000000;6.8850000000;2.1037500000;0.9562500000;17.6875000000;-3.6875000000;36.0625000000
-1.5606000000;0.2958000000;-9.7308000000;-1.4025000000;1.8487500000;0.8287500000;16.6875000000;-3.2500000000;35.1875000000
-1.8054000000;0.0816000000;-9.5166000000;-4.9087500000;1.0837500000;2.2950000000;16.6875000000;-3.2500000000;35.1875000000
-1.6320000000;0.2448000000;-9.5166000000;1.0200000000;-2.9325000000;-0.4462500000;17.0000000000;-3.2500000000;37.2500000000
-1.6116000000;0.0714000000;-9.6594000000;0.4462500000;-2.9962500000;0.9562500000;18.0625000000;-3.6875000000;37.2500000000
-1.7646000000;0.2448000000;-9.5778000000;-4.6537500000;-4.2075000000;1.7212500000;17.2500000000;-3.6875000000;36.5000000000
-1.7442000000;0.0000000000;-9.6390000000;-1.3387500000;-3.7612500000;-0.6375000000;17.6875000000;-3.2500000000;36.5000000000
-1.7442000000;0.3060000000;-9.6186000000;0.3825000000;-1.2112500000;1.4025000000;17.6875000000;-3.2500000000;36.5000000000
-1.8870000000;-0.3570000000;-9.6390000000;-4.9725000000;-3.0600000000;1.1475000000;17.2500000000;-4.5000000000;36.5625000000
-1.7952000000;0.5814000000;-9.7206000000;7.8412500000;-3.1875000000;-1.9762500000;18.0625000000;-4.5000000000;36.5000000000
-1.8054000000;-0.1734000000;-9.8124000000;-7.2037500000;3.0600000000;1.2750000000;17.2500000000;-3.6875000000;36.3750000000
-2.0400000000;0.3060000000;-9.8838000000;5.8012500000;-0.0637500000;-1.5300000000;17.6875000000;-4.0625000000;36.5625000000
-1.5810000000;0.2040000000;-9.7308000000;-1.5937500000;-1.7850000000;-1.7850000000;17.6875000000;-4.0625000000;36.5625000000
-2.0094000000;0.1224000000;-9.6696000000;0.0000000000;7.3312500000;-1.1475000000;17.6875000000;-3.2500000000;36.8750000000
-1.7442000000;0.2550000000;-9.7308000000;-1.9125000000;-1.4662500000;-2.7412500000;17.0000000000;-3.2500000000;36.0625000000
-1.8054000000;0.0000000000;-9.6492000000;-3.5062500000;2.1675000000;0.5100000000;18.0625000000;-4.0625000000;36.0625000000
-1.7850000000;0.4386000000;-9.4350000000;3.4425000000;-0.9562500000;-1.4662500000;17.6875000000;-3.6875000000;37.2500000000
-1.5504000000;0.0714000000;-9.6492000000;-7.2675000000;-6.3112500000;-0.8925000000;17.6875000000;-3.6875000000;37.2500000000
-1.8870000000;0.3570000000;-9.6390000000;-0.9562500000;0.6375000000;1.2750000000;17.2500000000;-4.5000000000;36.0625000000
-1.7442000000;0.0408000000;-9.4146000000;-0.0637500000;0.4462500000;-0.5737500000;17.6875000000;-4.0625000000;36.8750000000
-1.8972000000;0.3774000000;-9.7818000000;1.0837500000;-2.1675000000;-1.3387500000;17.0000000000;-4.5000000000;35.2500000000
-1.5300000000;0.2754000000;-9.6900000000;-4.1437500000;-0.5100000000;-2.0400000000;17.6875000000;-4.0625000000;36.0625000000
-2.2236000000;0.0510000000;-9.5676000000;-1.3387500000;7.0125000000;1.6575000000;17.6875000000;-4.0625000000;36.0625000000
-1.6218000000;0.1632000000;-9.6492000000;3.1237500000;-6.3112500000;-3.5700000000;18.0625000000;-4.0625000000;36.8750000000
-1.8054000000;0.3570000000;-9.6186000000;-0.2550000000;4.6537500000;0.4462500000;17.2500000000;-3.6875000000;35.2500000000
-1.8870000000;0.0102000000;-9.5064000000;2.9962500000;3.8887500000;-1.5300000000;17.0000000000;-3.6875000000;36.5625000000
-1.8054000000;0.4590000000;-9.5472000000;2.0400000000;-0.3825000000;-0.6375000000;17.2500000000;-3.2500000000;36.0625000000
-1.6932000000;0.1734000000;-9.6696000000;-3.5062500000;-0.5100000000;-0.8925000000;17.2500000000;-3.2500000000;36.0625000000
-1.9278000000;0.1836000000;-9.4758000000;2.1037500000;0.3187500000;1.1475000000;17.6875000000;-4.5000000000;36.5625000000
-1.6116000000;0.3570000000;-9.7002000000;1.8487500000;-5.0362500000;-1.7212500000;18.5000000000;-3.6875000000;37.1875000000
-1.8054000000;0.2652000000;-9.6390000000;-2.9325000000;3.4425000000;1.7212500000;17.6875000000;-3.0000000000;35.6875000000
-2.0094000000;0.0000000000;-9.6492000000;-1.4662500000;-4.0162500000;-0.2550000000;17.2500000000;-4.0625000000;36.8750000000
-1.6626000000;0.2142000000;-9.7308000000;1.7850000000;-1.4025000000;0.2550000000;17.2500000000;-4.0625000000;36.8750000000
-1.8768000000;0.2448000000;-9.6186000000;-5.7375000000;0.3825000000;0.1912500000;17.0000000000;-4.5000000000;36.8750000000
-1.8258000000;0.2550000000;-9.6492000000;-1.6575000000;-2.0400000000;-3.6337500000;17.6875000000;-3.2500000000;35.6875000000
-1.5912000000;0.1326000000;-9.5982000000;2.7412500000;0.0637500000;3.7612500000;17.6875000000;-3.6875000000;35.6875000000
-1.9788000000;0.0408000000;-9.8430000000;1.4025000000;-1.0837500000;0.0000000000;18.7500000000;-4.5000000000;36.8750000000
-1.7952000000;0.4284000000;-9.5982000000;-3.6975000000;0.3187500000;1.1475000000;18.7500000000;-4.5000000000;36.8750000000
-1.8462000000;-0.0306000000;-9.5268000000;-2.2950000000;0.7650000000;5.2275000000;18.0625000000;-4.0625000000;37.2500000000
-1.7952000000;0.4896000000;-9.5268000000;6.6937500000;-3.8887500000;-2.4225000000;17.6875000000;-4.5000000000;35.6875000000
-1.7748000000;0.3366000000;-9.8022000000;-5.2275000000;3.6975000000;3.5700000000;17.2500000000;-3.6875000000;35.2500000000
-2.0706000000;-0.0918000000;-9.4758000000;0.2550000000;1.7212500000;1.0837500000;17.2500000000;-4.0625000000;35.6875000000
-1.7952000000;0.0816000000;-9.6492000000;4.7175000000;-3.4425000000;-4.9087500000;17.2500000000;-4.0625000000;35.6875000000
-1.5708000000;0.1938000000;-9.7818000000;-1.5300000000;5.6100000000;0.6375000000;18.0625000000;-4.5000000000;36.8750000000
-1.9686000000;0.2652000000;-9.5370000000;-4.9725000000;3.2512500000;-0.2550000000;17.2500000000;-3.6875000000;36.0625000000
-1.7034000000;0.1632000000;-9.6186000000;2.7412500000;-1.9762500000;-3.3150000000;17.2500000000;-3.2500000000;36.8750000000
-1.6524000000;0.0408000000;-9.6390000000;-0.5737500000;-1.0200000000;1.0200000000;17.2500000000;-4.0625000000;36.3750000000
-1.9890000000;0.4692000000;-9.5268000000;0.1275000000;0.7650000000;-0.1275000000;17.2500000000;-4.0625000000;36.3750000000
-1.8666000000;0.2856000000;-9.6696000000;-2.1675000000;-2.0400000000;-2.7412500000;18.5000000000;-4.0625000000;36.3750000000
-1.6014000000;0.0204000000;-9.5676000000;1.7850000000;1.2112500000;-1.2112500000;17.2500000000;-3.6875000000;36.5000000000
-1.8870000000;-0.0204000000;-9.7410000000;-3.2512500000;0.1912500000;0.3825000000;18.0625000000;-4.0625000000;36.0625000000
-1.7034000000;0.3672000000;-9.7002000000;5.4825000000;1.2112500000;-1.2112500000;18.0625000000;-4.0625000000;36.0625000000
-1.9278000000;0.2652000000;-9.6288000000;-5.6737500000;0.4462500000;-2.4862500000;18.5000000000;-3.6875000000;37.2500000000
-1.7748000000;0.1428000000;-9.7104000000;2.3587500000;2.6775000000;-0.1275000000;18.0625000000;-3.2500000000;36.5000000000
-1.9278000000;0.1938000000;-9.5574000000;-0.5100000000;-0.7012500000;-1.4025000000;17.6875000000;-4.5000000000;36.5000000000
-1.5708000000;0.2754000000;-9.5472000000;0.0637500000;2.2312500000;-1.5300000000;17.0000000000;-3.6875000000;37.3750000000
-1.8870000000;0.1836000000;-9.4248000000;0.4462500000;3.1237500000;0.5737500000;17.0000000000;-3.6875000000;37.3750000000
-1.8768000000;0.1428000000;-9.5166000000;0.3187500000;-1.5937500000;-1.2750000000;17.6875000000;-3.2500000000;36.8750000000
-1.5402000000;0.4182000000;-9.5268000000;2.4862500000;-0.3187500000;-3.0600000000;18.0625000000;-3.6875000000;37.1875000000
-1.9380000000;0.4080000000;-9.7410000000;-5.0362500000;-0.1275000000;-0.2550000000;18.0625000000;-3.6875000000;36.5000000000
-1.7442000000;-0.0204000000;-9.6390000000;2.2312500000;-0.7650000000;-0.3825000000;17.6875000000;-3.6875000000;36.5000000000
-1.5504000000;0.4590000000;-9.6696000000;-1.2112500000;-1.4662500000;-1.1475000000;17.6875000000;-3.6875000000;36.5000000000
-1.9788000000;0.1122000000;-9.5370000000;-0.8925000000;0.5100000000;0.0000000000;17.2500000000;-3.6875000000;37.2500000000
-1.8564000000;0.4080000000;-9.6186000000;-0.8287500000;-1.1475000000;-1.1475000000;18.0625000000;-3.2500000000;37.6875000000
-2.0298000000;0.2448000000;-9.4656000000;0.6375000000;-2.8050000000;-0.8925000000;17.2500000000;-3.2500000000;37.2500000000
-1.8666000000;0.4794000000;-9.4044000000;3.4425000000;-6.6937500000;-4.9087500000;17.2500000000;-4.5000000000;35.6875000000
-1.9176000000;0.1632000000;-9.3534000000;7.6500000000;-2.3587500000;-3.6337500000;17.2500000000;-4.5000000000;35.6875000000
-1.9788000000;0.7548000000;-9.3534000000;8.7337500000;-4.6537500000;-1.7850000000;18.0625000000;-4.5000000000;36.5000000000
-2.1522000000;-0.0102000000;-8.8638000000;0.0000000000;-10.2000000000;-1.0837500000;17.6875000000;-3.2500000000;36.0625000000
-2.1318000000;0.3672000000;-8.7924000000;-2.8687500000;-16.1925000000;-4.2075000000;18.5000000000;-3.2500000000;36.0625000000
-1.9482000000;0.1734000000;-8.6904000000;-2.2312500000;-16.3200000000;0.8287500000;18.0625000000;-3.2500000000;36.0625000000
-1.9584000000;0.5406000000;-8.3538000000;-0.7012500000;-19.6350000000;3.2512500000;18.0625000000;-3.2500000000;36.0625000000
-2.3664000000;-0.0102000000;-8.3334000000;-7.5225000000;-24.9262500000;6.6300000000;18.7500000000;-2.5625000000;36.5000000000
-2.3868000000;0.8670000000;-8.3742000000;11.2200000000;-28.0500000000;4.5900000000;19.1875000000;-3.6875000000;35.6875000000
-2.8356000000;-0.4488000000;-9.1698000000;-15.9375000000;-33.4050000000;8.8612500000;20.6875000000;-3.2500000000;34.5625000000
-2.8866000000;0.2958000000;-8.8842000000;19.8900000000;-32.0025000000;8.6062500000;21.5625000000;-3.0000000000;33.6875000000
-3.4476000000;0.0102000000;-9.5064000000;-12.4312500000;-32.2575000000;5.6737500000;21.5625000000;-3.0000000000;33.6875000000
-3.3456000000;-0.1836000000;-9.0576000000;5.6737500000;-30.9187500000;4.0162500000;23.7500000000;-3.6875000000;33.6875000000
-3.6720000000;0.1530000000;-8.7822000000;-7.9687500000;-31.4925000000;3.3787500000;23.0000000000;-4.0625000000;31.7500000000
-3.8760000000;-0.1122000000;-8.2110000000;6.7575000000;-33.8512500000;4.6537500000;24.8750000000;-4.0625000000;32.1875000000
-4.1718000000;0.3570000000;-8.2620000000;-5.9925000000;-37.9312500000;2.9325000000;25.8750000000;-3.6875000000;31.0000000000
-4.0800000000;0.6018000000;-7.9050000000;7.0762500000;-43.9875000000;5.2912500000;25.8750000000;-3.6875000000;31.0000000000
-4.6002000000;0.1020000000;-7.8336000000;-5.3550000000;-45.6450000000;8.2875000000;25.8750000000;-3.6875000000;29.3750000000
-4.9572000000;0.1020000000;-7.5582000000;8.8612500000;-48.7050000000;10.2000000000;28.1875000000;-3.6875000000;28.5625000000
-5.1000000000;0.6426000000;-7.9254000000;-2.2312500000;-53.9962500000;10.0087500000;28.8750000000;-4.7500000000;27.5000000000
-5.7426000000;0.1326000000;-8.0784000000;-3.3150000000;-48.4500000000;13.8975000000;30.1875000000;-4.0625000000;26.1875000000
-6.0588000000;0.0816000000;-7.9662000000;-0.6375000000;-53.8050000000;7.9687500000;30.1875000000;-4.0625000000;26.1875000000
-6.0384000000;-0.1326000000;-7.9560000000;-4.4625000000;-50.6175000000;9.2437500000;32.0000000000;-4.5000000000;25.0000000000
-6.3240000000;0.3978000000;-8.0988000000;-1.2750000000;-49.1512500000;5.2275000000;32.6875000000;-4.7500000000;22.8750000000
-6.4974000000;-0.0612000000;-7.3440000000;-6.8212500000;-41.5012500000;7.9050000000;34.1875000000;-5.1875000000;22.7500000000
-7.0380000000;0.4692000000;-7.1094000000;-9.6900000000;-39.7162500000;2.7412500000;34.5625000000;-5.3750000000;21.2500000000
-6.8646000000;0.6324000000;-6.6810000000;-2.9962500000;-44.9437500000;4.8450000000;34.5625000000;-5.3750000000;21.2500000000
-7.6602000000;0.5712000000;-6.6810000000;-11.2837500000;-45.7087500000;5.1637500000;35.6875000000;-6.1875000000;18.0625000000
-7.2012000000;0.2244000000;-6.3546000000;-7.4587500000;-43.8600000000;0.9562500000;36.5000000000;-6.1875000000;18.3750000000
-7.9662000000;0.4590000000;-5.6712000000;-6.0562500000;-42.8400000000;2.7412500000;37.2500000000;-5.7500000000;16.8750000000
-7.5480000000;0.8874000000;-5.9976000000;-21.8025000000;-48.8962500000;-0.7650000000;38.7500000000;-6.5625000000;15.0000000000
-7.9458000000;0.4386000000;-5.5080000000;-9.0525000000;-44.4337500000;3.4425000000;38.7500000000;-6.5625000000;15.0000000000
-8.5476000000;1.5810000000;-5.6712000000;-29.4525000000;-47.3025000000;-0.0637500000;39.0625000000;-6.5625000000;13.7500000000
-7.9764000000;1.3974000000;-5.3346000000;-38.5687500000;-41.6287500000;3.4425000000;39.5000000000;-6.5625000000;12.6875000000
-8.7720000000;0.5712000000;-4.7736000000;2.6137500000;-44.6887500000;-2.1675000000;39.5000000000;-7.2500000000;10.6875000000
-8.4864000000;1.6830000000;-5.4264000000;-20.4637500000;-53.7412500000;-6.0562500000;41.0000000000;-6.8750000000;8.2500000000
-8.6802000000;0.9690000000;-5.2734000000;-22.7587500000;-38.6962500000;4.2075000000;41.0000000000;-6.8750000000;8.2500000000
-9.5064000000;1.3260000000;-4.9572000000;-25.6275000000;-43.1587500000;-4.4625000000;40.5625000000;-7.2500000000;7.5000000000
-8.5272000000;1.2546000000;-5.0490000000;-20.5912500000;-34.4887500000;-0.3187500000;41.0000000000;-7.6875000000;5.5000000000
-9.2106000000;1.2954000000;-3.5700000000;-19.6987500000;-19.8262500000;0.5737500000;41.2500000000;-6.5625000000;4.2500000000
-9.1290000000;1.0710000000;-3.4680000000;-24.9900000000;-34.9350000000;-7.3312500000;41.6875000000;-7.2500000000;3.0625000000
-9.1698000000;1.4280000000;-2.7438000000;-7.9050000000;-32.1937500000;-5.7375000000;41.6875000000;-7.2500000000;3.0625000000
-9.5880000000;1.5912000000;-3.0498000000;-30.6637500000;-36.8475000000;-8.6700000000;42.0625000000;-7.6875000000;2.0000000000
-9.1494000000;1.9176000000;-3.3354000000;-13.8975000000;-38.1862500000;-4.3350000000;40.5625000000;-7.6875000000;1.1875000000
-9.5472000000;1.7850000000;-3.0600000000;-18.8062500000;-32.7037500000;2.3587500000;42.0625000000;-6.5625000000;-0.7500000000
-9.7716000000;1.6932000000;-3.6210000000;-29.0062500000;-33.4050000000;-3.6975000000;42.0625000000;-6.5625000000;-0.7500000000
-9.5064000000;1.9380000000;-3.3048000000;-11.6662500000;-26.7112500000;-2.1037500000;41.2500000000;-7.6875000000;-1.0625000000
-9.7308000000;1.6320000000;-2.8356000000;-20.1450000000;-14.8537500000;2.5500000000;41.5625000000;-6.5625000000;-4.2500000000
-9.4452000000;1.7136000000;-2.2950000000;1.8487500000;-21.1012500000;-4.1437500000;41.6875000000;-7.2500000000;-4.2500000000
-9.5268000000;1.4484000000;-1.9584000000;-1.4662500000;-21.6112500000;-3.5062500000;41.0000000000;-6.5625000000;-3.8750000000
-9.3942000000;1.9278000000;-2.0808000000;-7.0125000000;-15.1087500000;-4.6537500000;41.0000000000;-6.5625000000;-3.8750000000
-9.5166000000;1.3260000000;-1.8360000000;-10.6462500000;-13.4512500000;0.4462500000;42.0625000000;-6.5625000000;-5.7500000000
-9.6390000000;1.6524000000;-1.6932000000;-7.2675000000;-14.1525000000;-1.7212500000;41.2500000000;-6.1875000000;-6.2500000000
-9.4554000000;1.3158000000;-1.8360000000;-12.8137500000;-13.3875000000;-0.7650000000;40.5625000000;-6.1875000000;-6.2500000000
-9.7206000000;1.3770000000;-1.5096000000;-11.8575000000;-7.1400000000;1.7212500000;40.1875000000;-5.3750000000;-6.5625000000
-9.6288000000;1.2036000000;-1.4178000000;-8.6700000000;-8.5425000000;-3.8250000000;40.1875000000;-5.3750000000;-6.5625000000
-9.6594000000;1.5096000000;-0.7038000000;-2.5500000000;-8.3512500000;-5.0362500000;40.1875000000;-5.7500000000;-6.6875000000
-9.3636000000;1.1832000000;-0.7956000000;-9.5625000000;-10.0725000000;-5.2275000000;40.1875000000;-5.0625000000;-8.6875000000
-9.3432000000;1.8360000000;-0.9996000000;-0.9562500000;-15.7462500000;-6.4387500000;39.7500000000;-5.3750000000;-9.0000000000
-9.4044000000;1.5402000000;-1.4688000000;-12.0487500000;-13.8975000000;0.1912500000;39.5000000000;-4.3750000000;-8.3750000000
-9.6696000000;1.4178000000;-1.3974000000;-4.5900000000;-9.1800000000;-0.9562500000;39.5000000000;-4.3750000000;-8.3750000000
-9.7716000000;1.7442000000;-1.1526000000;6.8212500000;-11.3475000000;-4.0800000000;38.3750000000;-4.3750000000;-9.1875000000
-9.5064000000;1.6014000000;-1.3056000000;-7.5225000000;-9.4987500000;-2.2950000000;38.3750000000;-3.5625000000;-9.5000000000
-9.5982000000;1.3260000000;-1.1730000000;2.1037500000;-7.2037500000;0.9562500000;38.0000000000;-3.5625000000;-8.3750000000
-9.6798000000;1.2036000000;-1.2648000000;-8.9250000000;-5.4187500000;2.2312500000;38.0000000000;-4.3750000000;-9.5000000000
-9.6696000000;1.3260000000;-0.8976000000;3.2512500000;-0.4462500000;1.0837500000;38.0000000000;-4.3750000000;-9.5000000000
-9.9348000000;1.0506000000;-0.6936000000;-1.2112500000;-1.0837500000;-1.7212500000;37.5625000000;-4.0000000000;-9.8750000000
-9.5982000000;1.1016000000;-0.6426000000;5.1000000000;-2.0400000000;-4.5262500000;37.5625000000;-4.3750000000;-10.0000000000
-9.5064000000;1.3872000000;-0.5202000000;4.0162500000;-1.2112500000;-2.4862500000;37.2500000000;-4.0000000000;-10.3750000000
-9.6594000000;1.2546000000;-0.5304000000;-0.9562500000;1.2750000000;-0.7650000000;37.5625000000;-4.0000000000;-9.2500000000
-9.7410000000;1.3158000000;-0.4182000000;-1.8487500000;-3.1875000000;-0.9562500000;37.5625000000;-4.0000000000;-9.2500000000
-9.4146000000;1.3056000000;-0.9588000000;-11.9850000000;-3.6337500000;1.6575000000;38.0000000000;-3.1875000000;-10.7500000000
-9.8736000000;1.2444000000;-0.7548000000;-5.6100000000;1.6575000000;2.7412500000;37.2500000000;-3.1875000000;-10.7500000000
-9.5982000000;1.2954000000;-0.7344000000;-7.2037500000;1.5937500000;-0.2550000000;37.2500000000;-3.1875000000;-11.1875000000
-9.4962000000;1.3770000000;-0.7038000000;-1.4662500000;0.3825000000;-1.0837500000;38.0000000000;-2.8750000000;-9.1875000000
-9.4758000000;1.3362000000;-0.6120000000;-6.5025000000;2.6775000000;0.3187500000;38.0000000000;-2.8750000000;-9.1875000000
-9.7920000000;1.3668000000;-0.6018000000;-5.5462500000;3.8887500000;1.7850000000;36.8750000000;-3.5625000000;-9.5625000000
-9.7206000000;1.4994000000;-0.6936000000;-0.1275000000;-0.3825000000;1.9125000000;37.5625000000;-4.0000000000;-10.0625000000
-9.6594000000;1.2954000000;-0.6426000000;-6.8850000000;2.9962500000;2.6137500000;38.0000000000;-4.0000000000;-10.5000000000
-9.6798000000;1.3056000000;-0.6936000000;-0.8925000000;2.6137500000;3.0600000000;38.3750000000;-3.5625000000;-10.0625000000
-9.7206000000;1.3974000000;-0.4998000000;0.6375000000;0.7012500000;1.1475000000;38.3750000000;-3.5625000000;-10.0625000000
-9.4656000000;1.5300000000;-0.7548000000;-0.7650000000;-3.3787500000;0.8287500000;37.5625000000;-4.3750000000;-10.0625000000
-9.5676000000;1.3566000000;-0.8772000000;-0.7650000000;-0.1275000000;3.3150000000;38.0000000000;-3.5625000000;-10.5000000000
-9.7206000000;1.3260000000;-0.6426000000;0.5100000000;1.9762500000;2.4225000000;38.3750000000;-4.3750000000;-9.2500000000
-9.4656000000;1.4790000000;-0.6936000000;-1.8487500000;0.2550000000;0.9562500000;37.5625000000;-4.0000000000;-9.5625000000
-9.6084000000;1.2954000000;-0.6528000000;-4.0162500000;3.6975000000;2.2312500000;37.5625000000;-4.0000000000;-9.5625000000
-9.6390000000;1.3668000000;-0.3876000000;-3.3787500000;2.7412500000;1.5937500000;37.5625000000;-4.6875000000;-9.6875000000
-9.5778000000;1.1526000000;-0.6222000000;-5.5462500000;0.0637500000;1.0837500000;37.5625000000;-4.6875000000;-10.5000000000
-9.5166000000;1.3056000000;-0.4998000000;-0.9562500000;3.6337500000;0.9562500000;37.5625000000;-4.0000000000;-10.0625000000
-9.5880000000;1.3974000000;-0.4080000000;-5.3550000000;-0.6375000000;-3.4425000000;38.0000000000;-4.3750000000;-10.3750000000
-9.4656000000;1.3668000000;-0.6528000000;-2.8687500000;-1.0837500000;-1.3387500000;38.0000000000;-4.3750000000;-10.3750000000
-9.6492000000;1.4076000000;-0.5712000000;1.7850000000;0.6375000000;-0.7012500000;38.3750000000;-4.3750000000;-9.5625000000
-9.7614000000;1.5096000000;-0.6018000000;-0.1912500000;-4.4625000000;-3.5700000000;38.0000000000;-4.3750000000;-9.2500000000
-9.5064000000;1.4382000000;-0.7038000000;7.7137500000;-3.5062500000;-5.0362500000;38.7500000000;-4.6875000000;-9.2500000000
-9.5370000000;1.7646000000;-0.7242000000;2.3587500000;-0.1275000000;0.0637500000;38.3750000000;-4.3750000000;-10.5000000000
-9.6186000000;1.5606000000;-0.9078000000;-6.3750000000;-0.5100000000;1.1475000000;38.3750000000;-4.3750000000;-10.5000000000
-9.8430000000;1.6116000000;-1.0200000000;2.2950000000;1.6575000000;4.2075000000;38.3750000000;-3.5625000000;-9.2500000000
-9.6798000000;1.8768000000;-1.3974000000;-4.3350000000;3.0600000000;1.9762500000;38.3750000000;-3.5625000000;-9.5625000000
-9.6084000000;1.8870000000;-1.9176000000;-0.8925000000;8.4150000000;2.8050000000;38.7500000000;-4.0000000000;-10.7500000000
-9.9246000000;2.2950000000;-1.8666000000;1.2750000000;13.1325000000;8.0962500000;38.7500000000;-4.0000000000;-10.7500000000
-9.7512000000;2.0910000000;-2.2338000000;-0.5737500000;16.4475000000;9.4987500000;38.0000000000;-5.0625000000;-10.0625000000
-9.7410000000;2.1216000000;-2.2032000000;5.2912500000;26.9662500000;12.8775000000;39.0625000000;-4.6875000000;-9.5625000000
-9.8532000000;2.0604000000;-2.0400000000;5.4187500000;30.9187500000;15.1087500000;39.5000000000;-5.3750000000;-8.3750000000
-9.7308000000;1.9380000000;-2.0094000000;9.1162500000;32.3850000000;14.5350000000;39.7500000000;-5.3750000000;-7.2500000000
-9.7410000000;1.9074000000;-2.0400000000;6.0562500000;34.6162500000;14.0250000000;39.7500000000;-5.3750000000;-7.2500000000
-9.3432000000;1.8462000000;-2.1624000000;11.1562500000;36.0187500000;13.3875000000;40.1875000000;-6.8750000000;-6.0625000000
-9.7308000000;2.0706000000;-2.1726000000;4.4625000000;40.9912500000;14.6625000000;41.0000000000;-7.2500000000;-5.6875000000
-9.4554000000;1.8972000000;-2.7234000000;-3.1237500000;37.7400000000;13.1962500000;41.2500000000;-8.0625000000;-4.5000000000
-9.3636000000;2.1318000000;-3.2232000000;14.5987500000;41.7562500000;13.9612500000;42.0625000000;-9.1875000000;-2.8750000000
-9.2922000000;2.2032000000;-3.3660000000;21.2287500000;51.5100000000;9.4987500000;42.0625000000;-9.1875000000;-2.8750000000
-9.1494000000;2.5908000000;-4.2228000000;18.1687500000;54.8250000000;7.3312500000;42.0625000000;-8.6875000000;-1.3750000000
-9.0168000000;2.1828000000;-4.7226000000;35.7000000000;62.2837500000;9.9450000000;41.6875000000;-9.7500000000;0.8750000000
-9.5982000000;2.5806000000;-4.9776000000;27.9225000000;69.7425000000;9.3712500000;41.2500000000;-9.3750000000;2.8750000000
-8.9658000000;1.9482000000;-5.3550000000;37.8037500000;62.3475000000;3.4425000000;41.0625000000;-9.7500000000;6.0625000000
-8.5986000000;2.4990000000;-5.5182000000;39.3337500000;71.9737500000;2.8687500000;41.0625000000;-9.7500000000;6.0625000000
-8.7618000000;2.0298000000;-5.3244000000;26.6475000000;67.4475000000;2.9325000000;40.6875000000;-9.7500000000;8.8750000000
-7.8744000000;1.7544000000;-5.1000000000;31.7475000000;57.1837500000;1.5300000000;38.5000000000;-9.7500000000;10.6875000000
-7.5072000000;1.8666000000;-5.1306000000;35.5725000000;65.0887500000;7.8412500000;38.8750000000;-8.2500000000;12.3750000000
-7.6500000000;1.4892000000;-5.2836000000;25.5637500000;61.7737500000;5.1637500000;38.8750000000;-8.6875000000;15.2500000000
-6.7830000000;0.9690000000;-5.4978000000;32.0662500000;48.7050000000;-0.6375000000;38.8750000000;-8.6875000000;15.2500000000
-6.9156000000;2.1012000000;-6.1098000000;18.1050000000;45.9637500000;7.5862500000;37.0000000000;-9.3750000000;16.7500000000
-6.2934000000;0.3876000000;-6.5484000000;10.9012500000;44.0512500000;5.2275000000;35.8750000000;-8.0000000000;18.7500000000
-6.4362000000;0.9690000000;-6.8238000000;27.8587500000;43.2862500000;-2.4225000000;34.3750000000;-8.2500000000;19.5625000000
-5.9160000000;1.1526000000;-7.0278000000;13.3875000000;46.5375000000;-3.0600000000;34.0625000000;-8.0000000000;21.5625000000
-5.8038000000;0.6936000000;-7.2420000000;15.5550000000;48.5775000000;-5.0362500000;34.0625000000;-8.0000000000;21.5625000000
-5.1816000000;1.1016000000;-6.9462000000;25.5637500000;43.8600000000;-6.1837500000;33.2500000000;-7.1875000000;22.5000000000
-5.3550000000;0.8262000000;-7.6806000000;5.8650000000;47.4300000000;-1.3387500000;31.7500000000;-7.1875000000;24.5000000000
-5.1000000000;1.0608000000;-7.8030000000;8.6062500000;34.1700000000;-3.9525000000;31.3750000000;-6.0625000000;26.8750000000
-4.8246000000;0.4488000000;-8.7006000000;-17.4037500000;34.8712500000;-2.9325000000;29.1875000000;-5.6875000000;26.3750000000
-4.8552000000;0.1224000000;-8.2926000000;3.3787500000;41.8837500000;-3.4425000000;29.1875000000;-5.6875000000;26.3750000000
-4.6818000000;1.0812000000;-8.5068000000;3.6337500000;27.2212500000;-9.6900000000;29.5625000000;-6.5000000000;28.5000000000
-3.9882000000;0.7548000000;-8.4354000000;3.9525000000;30.7275000000;-6.9487500000;27.6875000000;-6.5000000000;28.0625000000
-4.1004000000;0.9384000000;-8.6088000000;3.7612500000;32.3850000000;-3.9525000000;28.0625000000;-6.5000000000;29.6875000000
-3.7230000000;0.6732000000;-8.5578000000;1.8487500000;30.9187500000;-5.6737500000;27.0000000000;-6.0625000000;31.2500000000
-3.9474000000;0.7242000000;-8.4048000000;1.9125000000;26.2650000000;-5.9287500000;27.0000000000;-6.0625000000;31.2500000000
-3.3660000000;0.4794000000;-8.4966000000;5.9925000000;23.5237500000;-6.1837500000;27.0000000000;-5.6875000000;31.6875000000
-3.4068000000;0.9384000000;-8.4864000000;0.9562500000;25.1812500000;-4.7175000000;24.0625000000;-5.6875000000;32.0625000000
-3.2028000000;0.4590000000;-8.2722000000;-6.3750000000;17.4037500000;-4.7175000000;24.3750000000;-5.0000000000;32.5000000000
-3.1416000000;0.8262000000;-8.5680000000;4.7175000000;11.4750000000;-7.9050000000;24.1875000000;-4.5625000000;33.2500000000
-2.8968000000;0.5508000000;-8.5068000000;-5.0362500000;8.5425000000;-8.8612500000;24.1875000000;-4.5625000000;33.2500000000
-2.6316000000;0.6630000000;-8.7414000000;7.3312500000;11.4112500000;-4.3987500000;23.3750000000;-5.0000000000;31.5625000000
-2.9376000000;0.6018000000;-8.8536000000;0.4462500000;12.0487500000;0.5100000000;23.2500000000;-5.2500000000;34.0000000000
-2.5704000000;0.6018000000;-8.2212000000;17.6587500000;9.4350000000;-5.5462500000;22.6875000000;-4.5625000000;33.7500000000
-2.9784000000;1.2954000000;-8.9352000000;-9.8812500000;3.1237500000;-1.6575000000;22.6875000000;-5.0000000000;34.5000000000
-2.6826000000;-0.0204000000;-9.1290000000;-2.6775000000;4.7812500000;-0.7650000000;22.6875000000;-5.0000000000;34.5000000000
-2.8764000000;0.9384000000;-9.2820000000;8.9887500000;0.0000000000;-1.9762500000;22.6875000000;-4.2500000000;34.3750000000
-2.6316000000;0.3468000000;-9.4758000000;1.2112500000;6.1837500000;0.8925000000;21.5625000000;-3.8750000000;34.5000000000
-2.9580000000;0.6222000000;-9.3942000000;0.1275000000;2.9962500000;-1.6575000000;22.2500000000;-4.5625000000;34.0625000000
-2.7336000000;0.5406000000;-9.4452000000;0.8287500000;-1.7212500000;-2.6775000000;22.2500000000;-4.2500000000;33.6875000000
-2.6418000000;0.3672000000;-9.5064000000;3.7612500000;5.8012500000;1.0200000000;22.2500000000;-4.2500000000;33.6875000000
-2.9580000000;0.4794000000;-9.3534000000;-6.1200000000;3.8887500000;-0.8287500000;22.0000000000;-4.5625000000;35.5625000000
-2.6214000000;0.4590000000;-9.2718000000;4.3350000000;1.4025000000;-1.3387500000;22.0000000000;-4.2500000000;34.3750000000
-2.4072000000;0.5100000000;-9.3534000000;5.7375000000;4.2712500000;0.1912500000;22.0000000000;-4.5625000000;35.1875000000
-2.9376000000;0.3978000000;-9.2106000000;-3.7612500000;8.9887500000;0.1912500000;22.0000000000;-4.5625000000;35.1875000000
-2.5398000000;-0.0816000000;-9.5676000000;9.7537500000;-0.1275000000;0.8925000000;22.0000000000;-3.8750000000;34.7500000000
-2.4276000000;0.6018000000;-9.3330000000;7.9050000000;5.9287500000;0.1912500000;21.5625000000;-4.5625000000;34.7500000000
-2.6622000000;0.3468000000;-9.3024000000;-5.2912500000;2.5500000000;-1.4662500000;21.1875000000;-4.2500000000;34.7500000000
-2.4990000000;0.5100000000;-9.2004000000;3.6975000000;-0.8925000000;-2.2312500000;21.5625000000;-4.5625000000;34.0000000000
-2.5602000000;0.1836000000;-9.3738000000;-0.7650000000;0.0637500000;2.8050000000;21.5625000000;-4.5625000000;34.0000000000
-2.6418000000;0.2550000000;-9.4860000000;0.0637500000;-2.1675000000;-2.4225000000;21.1875000000;-4.2500000000;35.1875000000
-2.4990000000;0.5610000000;-9.3024000000;0.5100000000;1.1475000000;-0.1275000000;21.1875000000;-3.8750000000;34.7500000000
-2.6622000000;0.1836000000;-9.4452000000;-4.2712500000;-1.0200000000;1.0837500000;22.0000000000;-3.5000000000;35.1875000000
-2.6826000000;0.5100000000;-9.3534000000;7.3312500000;-1.2112500000;0.1275000000;21.5625000000;-4.2500000000;35.1875000000
-2.5398000000;0.3876000000;-9.3840000000;-2.8050000000;1.3387500000;-1.0200000000;21.5625000000;-4.2500000000;35.1875000000
-2.5092000000;0.3978000000;-9.5370000000;-1.9762500000;-4.1437500000;-1.4662500000;21.5625000000;-3.8750000000;35.5625000000
-2.6622000000;0.1734000000;-9.7308000000;6.6300000000;0.8287500000;1.8487500000;21.5625000000;-3.8750000000;34.7500000000
-2.6010000000;0.3162000000;-9.5676000000;-10.5825000000;-0.1275000000;-2.1037500000;21.5625000000;-4.2500000000;34.5000000000
-2.5194000000;-0.0408000000;-9.5268000000;-4.4625000000;2.6137500000;-1.5300000000;21.5625000000;-3.5000000000;34.8750000000
-2.8050000000;0.7038000000;-9.4146000000;6.0562500000;2.3587500000;-0.8925000000;21.5625000000;-3.5000000000;34.8750000000
-2.3868000000;0.1938000000;-9.3840000000;-3.7612500000;0.2550000000;-2.1675000000;20.7500000000;-3.8750000000;34.7500000000
-2.7336000000;0.5610000000;-9.3738000000;2.5500000000;3.6337500000;-1.9762500000;20.7500000000;-3.8750000000;34.7500000000
-2.4276000000;0.4182000000;-9.3840000000;0.6375000000;0.2550000000;-0.5100000000;21.5625000000;-2.7500000000;34.0000000000
-2.5704000000;0.4284000000;-9.4452000000;0.0637500000;0.0637500000;-0.2550000000;21.1875000000;-3.8750000000;34.3750000000
-2.4582000000;0.5814000000;-9.3738000000;3.3787500000;2.2312500000;0.3825000000;21.1875000000;-3.8750000000;34.3750000000
-2.4174000000;0.1020000000;-9.3330000000;-4.5900000000;-1.2750000000;-1.2112500000;21.5625000000;-3.8750000000;34.3750000000
-2.5500000000;0.5202000000;-9.3330000000;3.4425000000;1.1475000000;-1.3387500000;21.5625000000;-3.8750000000;35.1875000000
-2.4990000000;0.1734000000;-9.3840000000;-3.0600000000;-1.1475000000;-1.0837500000;20.5000000000;-3.5000000000;35.1875000000
-2.5398000000;0.3774000000;-9.2718000000;2.7412500000;1.0837500000;-1.7850000000;21.5625000000;-3.5000000000;34.3750000000
-2.4990000000;0.4284000000;-9.4146000000;2.1037500000;-1.4025000000;-0.5100000000;21.5625000000;-3.5000000000;34.3750000000
-2.4786000000;0.4692000000;-9.3942000000;-2.7412500000;-0.7650000000;-0.3187500000;20.5000000000;-3.8750000000;34.3750000000
-2.5704000000;0.4182000000;-9.5166000000;1.0200000000;-1.0200000000;-1.4662500000;21.5625000000;-3.0625000000;35.5625000000
-2.4582000000;0.4692000000;-9.5166000000;1.2750000000;-1.6575000000;-0.2550000000;22.0000000000;-3.8750000000;34.3750000000
-2.5806000000;0.2754000000;-9.4656000000;-0.1275000000;2.8687500000;1.3387500000;21.1875000000;-3.8750000000;35.5625000000
-2.5908000000;0.2652000000;-9.4044000000;-1.8487500000;1.4662500000;-0.5100000000;21.1875000000;-3.8750000000;35.5625000000
-2.5398000000;0.2040000000;-9.3840000000;0.0000000000;0.3187500000;-1.1475000000;20.0625000000;-3.8750000000;34.7500000000
-2.5194000000;0.5100000000;-9.4350000000;1.2750000000;0.5100000000;0.6375000000;21.1875000000;-3.0625000000;35.5625000000
-2.5500000000;0.1836000000;-9.4044000000;-0.1275000000;1.2112500000;0.8925000000;21.1875000000;-3.5000000000;34.7500000000
-2.6214000000;0.4896000000;-9.2616000000;3.0600000000;-0.2550000000;-0.2550000000;21.1875000000;-3.0625000000;34.7500000000
-2.4072000000;0.0612000000;-9.3738000000;1.7850000000;-3.5700000000;-0.7012500000;21.1875000000;-3.0625000000;34.7500000000
-2.5398000000;0.1530000000;-9.3228000000;2.1037500000;-0.2550000000;0.3825000000;21.5625000000;-3.0625000000;34.7500000000
-2.5092000000;0.3978000000;-9.4860000000;4.0162500000;-1.3387500000;-2.1675000000;20.7500000000;-3.8750000000;35.1875000000
-2.4990000000;0.7242000000;-9.5880000000;-5.8012500000;-0.4462500000;0.4462500000;20.7500000000;-4.2500000000;35.5625000000
-2.6622000000;0.0204000000;-9.7104000000;-5.6100000000;2.7412500000;2.3587500000;21.1875000000;-3.5000000000;34.8750000000
-2.5908000000;0.3264000000;-9.5982000000;2.2312500000;-0.9562500000;-0.3187500000;21.1875000000;-3.5000000000;34.8750000000
-2.5500000000;0.3468000000;-9.5574000000;1.2750000000;2.1037500000;-0.7012500000;21.5625000000;-3.5000000000;34.7500000000
-2.5296000000;0.4386000000;-9.2004000000;2.7412500000;2.3587500000;0.6375000000;21.1875000000;-3.8750000000;34.0000000000
-2.5296000000;0.2346000000;-9.3024000000;-5.7375000000;-0.0637500000;0.1912500000;21.5625000000;-3.5000000000;35.5625000000
-2.4480000000;0.3570000000;-9.1494000000;3.4425000000;-0.1912500000;1.0200000000;20.7500000000;-3.5000000000;35.1875000000
-2.4888000000;0.3264000000;-9.3126000000;-5.4187500000;-1.9762500000;1.2750000000;20.7500000000;-3.5000000000;35.1875000000
-2.6112000000;0.1632000000;-9.3432000000;-0.6375000000;-1.4662500000;-0.0637500000;21.5625000000;-3.8750000000;36.0000000000
-2.7234000000;0.3774000000;-9.1698000000;2.8050000000;-3.4425000000;-1.5937500000;21.5625000000;-3.5000000000;34.5000000000
-2.6010000000;0.2448000000;-9.1596000000;-5.1637500000;-4.0800000000;0.2550000000;21.5625000000;-3.5000000000;35.2500000000
-2.6214000000;0.2142000000;-8.9862000000;0.8287500000;-4.9087500000;-1.8487500000;22.2500000000;-4.2500000000;34.3750000000
-2.6622000000;0.7344000000;-9.0780000000;-2.2950000000;-7.7137500000;-1.0837500000;22.2500000000;-4.2500000000;34.3750000000
-2.5500000000;0.2448000000;-8.9760000000;-1.0200000000;-7.3312500000;0.7650000000;22.0000000000;-3.5000000000;36.0000000000
-2.9274000000;-0.0714000000;-8.8230000000;-8.7337500000;-6.1837500000;-1.1475000000;21.5625000000;-4.2500000000;35.5625000000
-2.8254000000;0.6120000000;-8.6088000000;-0.3825000000;-8.6700000000;-1.9762500000;22.2500000000;-4.5625000000;35.1875000000
-2.8152000000;0.3876000000;-8.9148000000;-15.6187500000;-9.3712500000;-5.8650000000;22.2500000000;-4.2500000000;33.5625000000
-2.8662000000;0.7446000000;-8.6190000000;-0.1275000000;-11.1562500000;-2.8050000000;22.2500000000;-4.2500000000;33.5625000000
-3.0702000000;0.5202000000;-8.6496000000;-6.4387500000;-19.1250000000;-0.3825000000;22.6875000000;-4.5625000000;33.2500000000
-3.0600000000;0.5610000000;-9.0168000000;-3.3787500000;-19.9537500000;-2.1675000000;22.6875000000;-3.8750000000;32.8750000000
-3.1314000000;0.7140000000;-8.8026000000;0.6375000000;-17.8500000000;0.2550000000;23.0000000000;-3.8750000000;34.0000000000
-3.3762000000;0.5610000000;-8.8026000000;-6.6937500000;-22.8862500000;0.0000000000;23.0000000000;-3.8750000000;34.0000000000
-3.5496000000;0.7038000000;-8.8944000000;-4.6537500000;-23.5875000000;-1.2112500000;24.1875000000;-4.5625000000;32.5000000000
-3.7128000000;0.4794000000;-8.6394000000;-1.5937500000;-21.8025000000;0.1275000000;24.8750000000;-4.5625000000;32.8750000000
-3.8658000000;0.7344000000;-8.5680000000;-3.6975000000;-25.3725000000;-0.3825000000;24.8750000000;-4.5625000000;30.5000000000
-3.9372000000;0.3570000000;-8.6088000000;-1.7850000000;-28.4325000000;-0.2550000000;25.6875000000;-4.5625000000;30.5000000000
-4.5900000000;0.8262000000;-8.5578000000;-8.7337500000;-26.5837500000;2.1675000000;25.6875000000;-4.5625000000;30.5000000000
-4.2432000000;0.7956000000;-8.4558000000;-5.3550000000;-30.0262500000;-1.8487500000;27.0625000000;-5.0000000000;30.5000000000
-4.7226000000;0.6630000000;-8.2416000000;-11.4750000000;-29.4525000000;0.7650000000;28.1875000000;-5.6875000000;30.3750000000
-4.8756000000;0.4182000000;-7.7214000000;-12.8775000000;-30.1537500000;-0.9562500000;28.5625000000;-5.2500000000;28.5625000000
-4.8348000000;0.8772000000;-8.0784000000;-5.4187500000;-36.9750000000;-3.8250000000;29.2500000000;-5.2500000000;28.5625000000
-5.5794000000;0.9180000000;-6.9666000000;-7.6500000000;-30.7912500000;0.3187500000;29.2500000000;-5.2500000000;28.5625000000
-5.3142000000;0.5508000000;-7.5378000000;-23.3962500000;-41.7562500000;-3.8887500000;30.7500000000;-5.2500000000;26.5625000000
-5.5080000000;1.5708000000;-7.2522000000;-10.2637500000;-46.4100000000;-2.6137500000;31.5000000000;-6.0625000000;26.1875000000
-5.9976000000;0.9384000000;-7.6092000000;-24.1612500000;-45.3262500000;0.8287500000;31.8750000000;-5.2500000000;24.2500000000
-6.3750000000;1.1526000000;-7.5684000000;-22.9500000000;-44.9437500000;-2.4862500000;33.7500000000;-6.5000000000;23.7500000000
-6.4566000000;1.6422000000;-6.4974000000;-8.2237500000;-38.7600000000;-2.9962500000;33.7500000000;-6.5000000000;23.7500000000
-6.8136000000;1.3872000000;-6.4464000000;-37.8675000000;-45.9637500000;-5.0362500000;34.1875000000;-6.5000000000;21.3750000000
-6.7422000000;0.8058000000;-6.0384000000;-2.4225000000;-47.0475000000;-4.0162500000;35.2500000000;-7.1875000000;21.0625000000
-8.0478000000;2.0910000000;-6.1506000000;-29.3250000000;-50.5537500000;-7.6500000000;35.2500000000;-6.7500000000;18.1875000000
-6.9666000000;1.4586000000;-6.1098000000;-18.2962500000;-50.1075000000;-7.1400000000;36.7500000000;-8.3750000000;17.8750000000
-7.7214000000;1.5810000000;-5.7732000000;-10.0087500000;-51.0000000000;-1.5937500000;36.7500000000;-8.3750000000;17.8750000000
-9.0882000000;2.8152000000;-6.1098000000;-59.8612500000;-45.3262500000;-15.9375000000;37.5625000000;-7.2500000000;15.8750000000
-7.5684000000;1.8258000000;-5.6610000000;-7.6500000000;-48.2587500000;-7.3950000000;38.6875000000;-7.2500000000;13.5625000000
-8.6904000000;1.9686000000;-4.9980000000;-15.3000000000;-52.7850000000;-6.0562500000;39.3750000000;-8.0625000000;12.3750000000
-8.1192000000;2.0910000000;-5.8752000000;-16.1925000000;-56.0362500000;-14.0250000000;40.5000000000;-8.0625000000;10.7500000000
-8.7108000000;2.9376000000;-5.2836000000;-11.4750000000;-41.5650000000;-3.8250000000;40.5000000000;-8.0625000000;10.7500000000
-8.8740000000;2.0808000000;-5.3550000000;-7.7137500000;-45.9000000000;-5.6100000000;40.5000000000;-7.2500000000;9.2500000000
-8.6496000000;2.7846000000;-5.0286000000;-12.6225000000;-35.2537500000;-3.6975000000;40.0625000000;-6.8750000000;7.2500000000
-8.8638000000;1.0812000000;-4.1820000000;-10.3275000000;-27.6037500000;-0.8925000000;42.0000000000;-6.5625000000;5.6875000000
-9.0270000000;1.8768000000;-3.5292000000;-0.8925000000;-34.2337500000;-4.3987500000;41.5625000000;-6.8750000000;3.7500000000
-9.1698000000;0.9690000000;-3.7230000000;-8.9887500000;-32.0662500000;-7.3950000000;41.5625000000;-6.8750000000;3.7500000000
-9.2820000000;1.3770000000;-3.3252000000;9.3712500000;-33.3412500000;-8.7975000000;41.2500000000;-6.8750000000;5.0000000000
-9.1596000000;1.9074000000;-3.4884000000;-0.7650000000;-32.9587500000;-12.4950000000;41.2500000000;-6.8750000000;3.2500000000
-9.4350000000;1.2954000000;-3.2742000000;11.4750000000;-29.8987500000;-8.6062500000;41.1875000000;-5.7500000000;2.1875000000
-9.1392000000;2.2848000000;-3.4782000000;-4.0162500000;-33.1500000000;-13.7062500000;40.7500000000;-5.7500000000;-0.1875000000
-9.3840000000;1.4586000000;-3.4476000000;-12.9412500000;-22.8225000000;-2.7412500000;40.7500000000;-5.7500000000;-0.1875000000
-9.5064000000;1.5504000000;-2.7132000000;4.7175000000;-22.4400000000;-4.3987500000;41.5625000000;-5.7500000000;-1.5000000000
-9.6798000000;1.1526000000;-2.7744000000;-12.1125000000;-17.7862500000;-9.8175000000;41.2500000000;-5.0625000000;-1.3750000000
-9.2514000000;1.3158000000;-2.1624000000;9.2437500000;-11.0925000000;-11.1562500000;40.8750000000;-5.0625000000;-3.5000000000
-9.5064000000;1.6422000000;-1.9890000000;6.3112500000;-18.4237500000;-10.2000000000;40.0625000000;-3.5625000000;-3.5000000000
-9.5370000000;1.5096000000;-2.1114000000;3.3787500000;-20.7825000000;-4.0162500000;40.0625000000;-3.5625000000;-3.5000000000
-9.3942000000;1.2648000000;-2.6826000000;-11.7937500000;-17.9775000000;-5.3550000000;40.0625000000;-3.5625000000;-5.0000000000
-9.3534000000;1.4994000000;-2.4786000000;1.9762500000;-12.9412500000;-1.7212500000;39.0625000000;-3.0625000000;-4.6875000000
-9.5982000000;1.6320000000;-2.5704000000;-15.1725000000;-9.6900000000;-2.4225000000;38.0000000000;-4.2500000000;-3.7500000000
-9.4350000000;1.2342000000;-2.3460000000;4.9725000000;-2.9325000000;-1.9125000000;38.3750000000;-3.5000000000;-5.5000000000
-9.7308000000;1.3974000000;-1.8972000000;4.0800000000;-7.4587500000;-1.5300000000;38.3750000000;-3.5000000000;-5.5000000000
-9.5778000000;1.5096000000;-1.7136000000;-14.0887500000;0.8925000000;-3.1875000000;38.7500000000;-2.7500000000;-5.8750000000
-9.5472000000;1.4178000000;-1.1832000000;11.4112500000;-8.3512500000;-1.3387500000;37.2500000000;-3.5000000000;-6.2500000000
-9.2922000000;1.4178000000;-1.6830000000;-19.4437500000;-10.1362500000;0.8925000000;37.6875000000;-2.7500000000;-5.8750000000
-9.4044000000;1.0608000000;-1.3260000000;4.4625000000;-8.0325000000;5.4187500000;37.6875000000;-3.0625000000;-5.8750000000
-9.5472000000;1.1220000000;-1.3056000000;4.8450000000;-8.4150000000;-1.3387500000;37.6875000000;-3.0625000000;-5.8750000000
-9.3738000000;0.9588000000;-1.4892000000;-7.3312500000;-5.6100000000;-1.9762500000;36.8750000000;-3.0625000000;-6.6875000000
-9.6492000000;1.2444000000;-1.2750000000;-2.6137500000;-3.8887500000;-0.1912500000;36.5000000000;-3.8750000000;-7.5625000000
-9.5472000000;1.0404000000;-1.4790000000;-9.6900000000;-6.4387500000;-1.4025000000;36.5000000000;-3.5000000000;-6.0000000000
-9.4554000000;1.2852000000;-1.4178000000;-0.7650000000;-1.8487500000;-1.4662500000;36.8750000000;-2.7500000000;-6.7500000000
-9.6084000000;1.4178000000;-1.1934000000;-6.7575000000;-2.1675000000;0.7650000000;36.8750000000;-2.7500000000;-6.7500000000
-9.4350000000;0.9486000000;-1.2240000000;0.5100000000;-2.1675000000;-0.0637500000;36.1875000000;-2.7500000000;-7.1875000000
-9.6492000000;1.0200000000;-1.3260000000;-7.3312500000;-2.6137500000;-1.3387500000;36.5000000000;-2.7500000000;-6.0625000000
-9.5268000000;1.3668000000;-1.2036000000;3.3150000000;-1.5300000000;-1.1475000000;36.1875000000;-2.7500000000;-7.5625000000
-9.5370000000;1.0914000000;-1.3362000000;-1.8487500000;-0.1912500000;-0.1275000000;36.1875000000;-2.7500000000;-7.5625000000
-9.7920000000;1.3056000000;-1.0302000000;-0.1912500000;1.9125000000;-2.0400000000;36.1875000000;-3.0625000000;-7.1875000000
-9.3126000000;1.1628000000;-0.9792000000;1.2750000000;-3.8887500000;-1.0837500000;35.0000000000;-3.0625000000;-5.5625000000
-9.6390000000;0.8568000000;-0.9486000000;-6.8212500000;1.4662500000;-0.5100000000;36.1875000000;-2.7500000000;-6.8750000000
-9.3840000000;1.1730000000;-1.0914000000;1.6575000000;-4.5900000000;-4.9087500000;34.6875000000;-2.3750000000;-6.3750000000
-9.4554000000;1.2852000000;-1.4280000000;-7.8412500000;-1.4662500000;-0.3187500000;34.6875000000;-2.3750000000;-6.3750000000
-9.7002000000;1.2852000000;-1.2852000000;4.2712500000;-0.8287500000;-0.5737500000;35.0000000000;-2.7500000000;-6.0625000000
-9.5676000000;1.4076000000;-1.3362000000;-3.5700000000;-0.9562500000;0.1275000000;35.0000000000;-2.6875000000;-6.8750000000
-9.5574000000;1.2240000000;-1.0200000000;-0.5100000000;3.8250000000;1.8487500000;35.0000000000;-1.8750000000;-7.1875000000
-9.7512000000;1.0200000000;-0.9588000000;-4.0800000000;-0.1912500000;-0.1912500000;35.0000000000;-1.8750000000;-6.8750000000
-9.4860000000;1.2954000000;-0.9792000000;1.7850000000;-0.3187500000;-0.7650000000;35.0000000000;-1.8750000000;-6.8750000000
-9.7410000000;1.0404000000;-1.1118000000;-4.3350000000;2.1675000000;0.6375000000;35.0000000000;-1.8750000000;-6.7500000000
-9.5472000000;1.1934000000;-1.1628000000;0.3825000000;-1.0837500000;-2.1675000000;34.6875000000;-2.2500000000;-7.6875000000
-9.6390000000;1.1424000000;-0.9894000000;-1.1475000000;1.9762500000;-0.8925000000;35.0000000000;-2.2500000000;-6.7500000000
-9.6492000000;1.2342000000;-1.0302000000;4.1437500000;-1.2112500000;-1.4025000000;34.6875000000;-2.6875000000;-6.7500000000
-9.5370000000;1.3260000000;-1.1832000000;-2.6137500000;0.3187500000;-0.8925000000;34.6875000000;-2.6875000000;-6.7500000000
-9.8532000000;1.2036000000;-0.9996000000;0.1275000000;1.6575000000;2.2950000000;35.0000000000;-2.2500000000;-7.5625000000
-9.4350000000;1.0506000000;-1.0812000000;-2.4862500000;-1.4662500000;-1.5937500000;34.6875000000;-3.0000000000;-6.3750000000
-9.3942000000;1.2852000000;-1.0914000000;-1.1475000000;0.6375000000;0.7650000000;34.3750000000;-1.8750000000;-6.0000000000
-9.6594000000;1.0404000000;-1.0404000000;-1.1475000000;1.1475000000;0.5100000000;34.6875000000;-2.6875000000;-6.3750000000
-9.4248000000;1.2648000000;-1.2138000000;2.2950000000;-1.7212500000;-0.5100000000;34.6875000000;-2.6875000000;-6.3750000000
-9.6084000000;1.1322000000;-1.1730000000;-0.7012500000;2.6775000000;1.7212500000;35.3750000000;-2.6875000000;-7.1875000000
-9.8430000000;1.1322000000;-0.8976000000;-0.7650000000;1.7850000000;-1.2750000000;34.6875000000;-2.6875000000;-7.5625000000
-9.3942000000;1.0506000000;-1.1118000000;2.8687500000;-3.1237500000;-1.7850000000;35.3750000000;-3.0000000000;-6.7500000000
-9.6492000000;1.1832000000;-0.9384000000;-2.8687500000;4.0800000000;-0.2550000000;34.6875000000;-3.0000000000;-7.1875000000
-9.5472000000;1.0098000000;-1.2240000000;0.0637500000;-2.4225000000;-2.2950000000;34.6875000000;-3.0000000000;-7.1875000000
-9.4656000000;1.2036000000;-1.1220000000;-1.1475000000;0.7012500000;0.7012500000;34.3750000000;-2.6875000000;-6.7500000000
-9.6288000000;1.1934000000;-1.1016000000;0.5100000000;0.8925000000;0.5737500000;34.6875000000;-3.0000000000;-7.1875000000
-9.5064000000;0.9282000000;-1.2240000000;-1.1475000000;-1.9762500000;-0.8287500000;35.3750000000;-2.6875000000;-6.6875000000
-9.6390000000;0.8364000000;-1.1934000000;-1.2112500000;1.2750000000;-0.1912500000;35.3750000000;-2.6875000000;-8.3750000000
-9.7002000000;1.2750000000;-1.1118000000;3.5062500000;3.8250000000;-0.3825000000;35.3750000000;-2.6875000000;-8.3750000000
-9.7716000000;0.8568000000;-1.0506000000;-6.2475000000;1.7212500000;-2.4862500000;34.3750000000;-2.2500000000;-6.3750000000
-9.5472000000;1.4382000000;-0.8262000000;4.9725000000;0.2550000000;-0.9562500000;34.6875000000;-2.6875000000;-7.1875000000
-9.4758000000;0.9078000000;-1.2240000000;-7.2675000000;-1.3387500000;-1.7212500000;34.6875000000;-2.2500000000;-7.8750000000
-9.5880000000;1.2444000000;-1.2138000000;1.0837500000;1.4662500000;-0.8925000000;34.3750000000;-1.8750000000;-6.0000000000
-9.6390000000;1.0914000000;-1.1934000000;-2.2312500000;1.7850000000;0.3187500000;34.3750000000;-1.8750000000;-6.0000000000
-9.5676000000;1.0812000000;-1.2750000000;0.4462500000;0.0637500000;-0.8287500000;34.6875000000;-2.2500000000;-7.1875000000
-9.5370000000;1.2240000000;-1.2342000000;2.2312500000;3.3150000000;-1.1475000000;34.6875000000;-2.2500000000;-8.3750000000
-9.6798000000;1.0098000000;-1.1118000000;-3.1875000000;1.2112500000;-0.1275000000;35.0000000000;-2.6875000000;-7.1875000000
-9.5472000000;1.1016000000;-1.0506000000;1.9762500000;0.8925000000;-0.3825000000;34.6875000000;-2.2500000000;-6.7500000000
-9.5880000000;1.1934000000;-1.1016000000;2.0400000000;0.8925000000;0.6375000000;34.6875000000;-2.2500000000;-6.7500000000
-9.5676000000;0.9180000000;-1.2138000000;0.4462500000;0.5100000000;-0.9562500000;34.6875000000;-1.8750000000;-7.1875000000
-9.5982000000;1.0608000000;-1.0608000000;2.4225000000;0.6375000000;0.1912500000;35.0000000000;-1.8750000000;-7.1875000000
-9.5676000000;1.0404000000;-1.2036000000;-2.7412500000;0.1275000000;0.3825000000;35.0000000000;-1.5000000000;-7.5000000000
-9.6288000000;1.0506000000;-1.2444000000;-0.6375000000;2.7412500000;-0.6375000000;35.0000000000;-2.2500000000;-7.1875000000
-9.7716000000;0.9384000000;-1.1424000000;1.7212500000;-1.0837500000;-0.7650000000;35.0000000000;-2.2500000000;-7.1875000000
-9.4962000000;1.0404000000;-1.4076000000;2.9325000000;-0.5100000000;-1.4662500000;34.6875000000;-2.6875000000;-6.3750000000
-9.5676000000;0.9792000000;-1.3770000000;2.9325000000;1.3387500000;0.1275000000;35.3750000000;-2.6875000000;-7.5625000000
-9.6594000000;0.9384000000;-1.2342000000;0.7650000000;0.6375000000;-1.0837500000;34.6875000000;-2.2500000000;-7.1875000000
-9.6390000000;1.0506000000;-1.1934000000;0.7650000000;0.8287500000;-0.3187500000;34.3750000000;-3.0000000000;-7.1875000000
-9.5982000000;1.1526000000;-1.1424000000;-1.6575000000;1.7850000000;0.6375000000;34.3750000000;-3.0000000000;-7.1875000000
-9.4656000000;0.8058000000;-1.3362000000;-0.8287500000;1.4662500000;0.3825000000;35.7500000000;-2.2500000000;-6.7500000000
-9.4452000000;0.8976000000;-1.2240000000;-0.1275000000;0.2550000000;0.5100000000;35.3750000000;-3.0000000000;-5.1875000000
-9.7716000000;0.9690000000;-1.2546000000;-5.9287500000;3.5700000000;0.5737500000;35.3750000000;-3.0000000000;-6.3750000000
-9.5370000000;0.8364000000;-1.2954000000;0.1275000000;0.9562500000;-1.1475000000;35.3750000000;-3.0000000000;-6.3750000000
-9.5574000000;1.1628000000;-1.4076000000;-2.5500000000;3.5700000000;-0.1912500000;34.6875000000;-1.8750000000;-7.5625000000
-9.6594000000;0.8874000000;-1.3566000000;-2.1037500000;4.2075000000;-1.1475000000;35.7500000000;-1.8750000000;-5.6875000000
-9.4962000000;1.0914000000;-1.3362000000;0.8287500000;1.7850000000;-2.1675000000;36.5000000000;-3.0000000000;-5.5000000000
-9.5778000000;1.2546000000;-1.2852000000;3.1875000000;2.5500000000;-0.8287500000;35.3750000000;-3.0000000000;-6.7500000000
-9.5472000000;1.0608000000;-1.2240000000;-1.2750000000;0.8287500000;0.1275000000;35.3750000000;-3.0000000000;-6.7500000000
-9.4452000000;1.0710000000;-1.3974000000;0.0000000000;0.1275000000;-0.5737500000;35.3750000000;-2.6875000000;-6.3750000000
-9.5676000000;1.0506000000;-1.1832000000;-1.0200000000;0.0637500000;0.8287500000;35.7500000000;-3.3750000000;-6.0000000000
-9.6390000000;0.8670000000;-1.3260000000;-0.7650000000;-0.3825000000;-0.9562500000;35.7500000000;-1.8750000000;-6.0000000000
-9.5268000000;1.1322000000;-1.3362000000;1.2750000000;-0.3825000000;-0.2550000000;35.7500000000;-1.8750000000;-6.7500000000
-9.5472000000;0.9078000000;-1.4076000000;-3.6975000000;1.1475000000;1.7850000000;35.7500000000;-1.8750000000;-6.7500000000
-9.6288000000;1.0506000000;-1.3872000000;0.0000000000;0.1275000000;-0.8925000000;36.1875000000;-2.6875000000;-6.0000000000
-9.4758000000;0.9588000000;-1.4994000000;-0.1275000000;-1.5300000000;0.0000000000;35.0000000000;-2.6875000000;-6.7500000000
-9.6492000000;0.9180000000;-1.4484000000;-0.6375000000;2.2312500000;0.8287500000;35.0000000000;-2.6875000000;-6.7500000000
-9.5472000000;1.0098000000;-1.3872000000;1.6575000000;-0.7012500000;-0.5737500000;36.1875000000;-2.6875000000;-5.8750000000
-9.4758000000;0.8670000000;-1.3974000000;0.0637500000;0.1912500000;-0.3187500000;36.1875000000;-2.6875000000;-5.8750000000
-9.5982000000;1.0812000000;-1.3056000000;1.5300000000;1.5300000000;-0.7650000000;35.7500000000;-2.6875000000;-6.0000000000
-9.3942000000;0.8976000000;-1.3974000000;-2.3587500000;-0.3825000000;-0.5737500000;35.0000000000;-1.8750000000;-6.3750000000
-9.6186000000;1.1832000000;-1.3260000000;2.3587500000;2.1675000000;-0.4462500000;35.7500000000;-1.8750000000;-6.0000000000
-9.5370000000;1.1526000000;-1.3056000000;-1.4662500000;0.7012500000;-0.4462500000;35.0000000000;-1.8750000000;-6.7500000000
-9.5472000000;0.7548000000;-1.4586000000;-2.1037500000;-0.6375000000;-1.4025000000;35.0000000000;-1.8750000000;-6.7500000000
-9.4656000000;1.2750000000;-1.3260000000;1.6575000000;0.3825000000;-1.7212500000;35.7500000000;-2.2500000000;-7.1875000000
-9.5472000000;1.1730000000;-1.3974000000;-1.3387500000;0.1275000000;-0.3187500000;35.3750000000;-1.8750000000;-6.3750000000
-9.5880000000;1.0506000000;-1.3872000000;0.8287500000;0.8287500000;0.8925000000;35.3750000000;-1.8750000000;-6.0000000000
-9.4860000000;1.0914000000;-1.4382000000;-1.9762500000;0.2550000000;0.9562500000;35.3750000000;-1.5000000000;-8.0000000000
-9.5676000000;1.0506000000;-1.4280000000;-1.2112500000;0.3187500000;2.2950000000;35.3750000000;-1.5000000000;-8.0000000000
-9.5982000000;0.9690000000;-1.3464000000;0.5737500000;0.8287500000;0.7012500000;36.1875000000;-2.6875000000;-6.7500000000
-9.7920000000;1.0812000000;-1.4280000000;8.4150000000;-2.1675000000;0.8925000000;36.5000000000;-1.8750000000;-6.7500000000
-9.3636000000;1.2240000000;-1.3260000000;2.2950000000;1.2750000000;0.4462500000;35.7500000000;-2.6875000000;-6.7500000000
-9.6390000000;0.8160000000;-1.3464000000;-0.3825000000;1.9125000000;1.1475000000;36.1875000000;-2.2500000000;-5.1875000000
-9.5370000000;0.8568000000;-1.3260000000;5.2275000000;-2.4225000000;0.7650000000;36.1875000000;-2.2500000000;-5.1875000000
-9.5370000000;0.8160000000;-1.4382000000;-3.3787500000;1.6575000000;-0.9562500000;36.5000000000;-2.2500000000;-6.7500000000
-9.6288000000;1.2546000000;-1.3566000000;4.4625000000;-1.1475000000;-1.4662500000;36.1875000000;-1.5000000000;-5.5625000000
-9.4248000000;1.0098000000;-1.4484000000;-1.9125000000;-0.8925000000;-0.4462500000;36.1875000000;-2.2500000000;-5.5625000000
-9.5370000000;0.9690000000;-1.2648000000;0.7650000000;-0.3187500000;-0.1912500000;36.1875000000;-2.0000000000;-6.6875000000
-9.5370000000;1.0302000000;-1.4382000000;2.8687500000;-1.2750000000;-0.6375000000;36.1875000000;-2.0000000000;-6.6875000000
-9.5880000000;1.0608000000;-1.2852000000;-0.2550000000;1.2112500000;-0.8925000000;35.0000000000;-2.0000000000;-7.1875000000
-9.5982000000;0.7854000000;-1.3770000000;1.8487500000;-1.7850000000;0.2550000000;36.1875000000;-1.5000000000;-6.0000000000
-9.5472000000;0.8976000000;-1.4484000000;2.1675000000;1.1475000000;-1.1475000000;36.5000000000;-2.7500000000;-6.6875000000
-9.5166000000;1.0200000000;-1.3260000000;2.4225000000;-0.2550000000;-2.1037500000;35.7500000000;-2.2500000000;-7.1875000000
-9.5472000000;1.1424000000;-1.3668000000;2.4225000000;-0.2550000000;-1.2112500000;35.7500000000;-2.2500000000;-7.1875000000
-9.5370000000;0.7038000000;-1.3566000000;2.3587500000;0.8925000000;-2.0400000000;36.1875000000;-1.8750000000;-6.7500000000
-9.4758000000;1.0200000000;-1.2240000000;4.0800000000;-1.1475000000;-1.3387500000;36.8750000000;-1.8750000000;-7.1875000000
-9.5472000000;0.8160000000;-1.3872000000;-0.6375000000;1.2112500000;-0.2550000000;36.1875000000;-1.8750000000;-6.7500000000
-9.6798000000;0.7650000000;-1.2036000000;7.3312500000;-2.8687500000;0.2550000000;35.7500000000;-1.1875000000;-7.1875000000
-9.5166000000;0.8364000000;-1.3056000000;2.1675000000;-3.5062500000;-0.6375000000;35.7500000000;-1.1875000000;-7.1875000000
-9.4860000000;0.8262000000;-1.1628000000;1.7850000000;-0.1275000000;-3.6975000000;35.3750000000;-2.2500000000;-7.5625000000
-9.5370000000;0.8670000000;-1.0914000000;6.1200000000;-3.8250000000;-3.2512500000;35.7500000000;-1.5000000000;-8.0000000000
-9.6798000000;0.7650000000;-1.2240000000;1.2112500000;-3.5700000000;0.0000000000;35.7500000000;-2.2500000000;-6.0000000000
-9.3738000000;0.9792000000;-1.7034000000;0.7012500000;-4.7175000000;-2.4225000000;35.0000000000;-1.1875000000;-6.0000000000
-9.5166000000;1.6422000000;-2.3460000000;4.2712500000;3.1237500000;3.0600000000;35.0000000000;-1.1875000000;-6.0000000000
-9.4962000000;2.6418000000;-4.3656000000;-5.3550000000;13.2600000000;12.6862500000;34.6875000000;-1.8750000000;-7.5000000000
-10.1592000000;2.4276000000;-4.9266000000;25.8187500000;27.6675000000;24.6712500000;35.3750000000;-1.8750000000;-6.0000000000
-10.1898000000;2.7438000000;-5.5590000000;15.9375000000;38.9512500000;24.7350000000;36.1875000000;-1.5000000000;-5.5625000000
-10.4958000000;1.5402000000;-5.4978000000;20.2087500000;62.6025000000;25.8825000000;36.1875000000;-1.5000000000;-5.5625000000
-10.5774000000;2.4480000000;-4.8042000000;36.4650000000;73.1850000000;26.5200000000;39.5000000000;-1.5000000000;-3.5625000000
-10.4040000000;1.8564000000;-5.7324000000;24.2887500000;79.1137500000;27.6675000000;40.5625000000;-2.6875000000;-3.1875000000
-10.0980000000;1.9890000000;-5.6100000000;41.9475000000;96.5175000000;35.5725000000;41.6875000000;-5.1875000000;0.2500000000
-10.4346000000;2.5806000000;-6.3852000000;38.3137500000;102.8287500000;38.6962500000;42.0625000000;-6.2500000000;4.0625000000
-9.6696000000;2.1522000000;-6.3852000000;39.8437500000;112.3275000000;43.3500000000;42.0625000000;-6.2500000000;4.0625000000
-9.8634000000;2.5092000000;-7.0788000000;22.8225000000;128.0100000000;36.0187500000;41.5000000000;-7.6875000000;7.1875000000
-9.5064000000;1.3872000000;-6.9258000000;45.7087500000;126.6712500000;32.1300000000;40.2500000000;-7.2500000000;10.0625000000
-8.8128000000;1.8360000000;-6.6402000000;51.8287500000;118.5750000000;12.4312500000;38.5000000000;-9.0000000000;15.1875000000
-7.9152000000;1.2852000000;-6.5994000000;56.1000000000;123.6112500000;9.8175000000;36.0000000000;-8.6875000000;18.6875000000
-7.1808000000;1.1934000000;-6.8544000000;50.6175000000;119.2762500000;3.5062500000;36.0000000000;-8.6875000000;18.6875000000
-6.3444000000;1.2240000000;-6.6300000000;43.6687500000;105.6337500000;3.5700000000;33.7500000000;-9.0000000000;23.3750000000
-5.5896000000;0.6018000000;-7.2216000000;29.9625000000;102.3187500000;0.2550000000;31.0000000000;-7.1875000000;26.7500000000
-4.6614000000;0.5508000000;-7.0482000000;22.5675000000;86.6362500000;-2.8050000000;28.2500000000;-6.0625000000;29.6875000000
-4.1106000000;0.1224000000;-7.2114000000;21.9300000000;82.3650000000;-0.3187500000;25.8750000000;-4.8750000000;31.2500000000
-3.3150000000;0.7956000000;-7.2318000000;15.8737500000;78.5400000000;-1.0837500000;25.8750000000;-4.8750000000;31.2500000000
-3.1212000000;-0.3468000000;-7.7928000000;-4.5262500000;66.6825000000;-8.8612500000;22.8750000000;-4.8750000000;33.3750000000
-1.7850000000;0.3060000000;-7.3032000000;27.0937500000;49.7250000000;-5.0362500000;21.0625000000;-4.5625000000;36.0625000000
-1.9992000000;1.3464000000;-7.9152000000;-6.0562500000;57.9487500000;-5.0362500000;19.2500000000;-4.6875000000;36.5000000000
-1.2546000000;-1.0404000000;-7.6806000000;3.9525000000;42.3300000000;-3.8887500000;17.5000000000;-4.6875000000;37.0000000000
-1.2444000000;0.4692000000;-7.2828000000;20.3362500000;27.4125000000;-8.8612500000;17.5000000000;-4.6875000000;37.0000000000
-0.2142000000;1.3872000000;-7.7520000000;-0.8287500000;23.8425000000;-6.9487500000;16.3750000000;-4.0000000000;37.7500000000
-0.8772000000;0.0000000000;-6.5484000000;-0.6375000000;22.8225000000;4.3987500000;14.5000000000;-3.1875000000;37.3750000000
-0.3876000000;0.9690000000;-5.4366000000;-20.2087500000;8.0325000000;3.1875000000;13.7500000000;-2.5000000000;38.5000000000
-0.4182000000;0.3366000000;-5.2224000000;-31.0462500000;-5.9925000000;-1.0837500000;13.0000000000;-3.5625000000;38.6875000000
-0.8772000000;1.3464000000;-4.9878000000;-13.1962500000;-30.1537500000;3.0600000000;13.0000000000;-3.5625000000;38.6875000000
-1.3464000000;1.0608000000;-5.7324000000;-35.2537500000;-57.3112500000;2.1675000000;13.8750000000;-4.6875000000;40.1875000000
-1.8666000000;1.4484000000;-6.2118000000;-10.9012500000;-77.0100000000;5.4825000000;15.0000000000;-5.6875000000;39.5000000000
-3.2640000000;0.5406000000;-6.9768000000;-34.5525000000;-85.6800000000;6.6937500000;17.1875000000;-7.1875000000;37.8750000000
-3.4476000000;1.3872000000;-7.2522000000;-6.9487500000;-97.7925000000;-2.1037500000;19.7500000000;-6.7500000000;35.5000000000
-4.5900000000;0.0714000000;-6.2832000000;-5.6100000000;-104.4225000000;-1.6575000000;19.7500000000;-6.7500000000;35.5000000000
-5.2530000000;1.4586000000;-6.5280000000;2.2312500000;-115.9612500000;-16.7025000000;23.0625000000;-7.1875000000;33.5000000000
-5.9364000000;1.0302000000;-6.3342000000;-16.5112500000;-128.7750000000;-5.8012500000;25.6875000000;-7.5625000000;31.1875000000
-7.0890000000;3.0906000000;-6.7422000000;-12.5587500000;-135.0225000000;-8.6062500000;30.0625000000;-7.8750000000;28.7500000000
-8.5068000000;0.5202000000;-5.6202000000;-40.4812500000;-134.0025000000;2.9962500000;32.2500000000;-7.5625000000;24.8750000000
-9.4962000000;3.3048000000;-7.7520000000;-59.1600000000;-148.8562500000;-15.3637500000;32.2500000000;-7.5625000000;24.8750000000
-9.1902000000;1.2750000000;-6.6912000000;-56.8650000000;-139.4850000000;-5.5462500000;35.6875000000;-8.6875000000;21.2500000000
-11.4546000000;2.4990000000;-7.2216000000;-29.6437500000;-125.3962500000;-24.5437500000;38.3750000000;-8.2500000000;16.0625000000
-10.6182000000;3.1416000000;-7.4052000000;-36.7200000000;-145.2225000000;-17.7862500000;40.5625000000;-9.3750000000;12.2500000000
-11.2200000000;1.8054000000;-6.8748000000;-46.7925000000;-104.9325000000;-13.6425000000;42.3750000000;-8.6875000000;7.5625000000
-10.8426000000;2.9886000000;-6.7932000000;-41.6287500000;-115.5787500000;-15.8100000000;42.3750000000;-8.6875000000;7.5625000000
-10.3530000000;1.1934000000;-5.1612000000;-40.9912500000;-82.9387500000;-16.5112500000;43.5625000000;-7.5625000000;1.2500000000
-11.1690000000;1.2546000000;-4.0698000000;-20.2725000000;-53.4225000000;-26.4562500000;43.5625000000;-7.6875000000;-0.8750000000
-9.6594000000;3.0600000000;-2.2950000000;7.0762500000;-65.3437500000;-30.7912500000;42.3750000000;-7.2500000000;-3.6875000000
-10.0368000000;1.2852000000;-2.9988000000;-38.8237500000;-39.5250000000;-24.0975000000;40.5625000000;-4.8750000000;-6.5000000000
-10.2306000000;3.6618000000;-3.6210000000;5.8012500000;-47.1112500000;-17.5950000000;40.5625000000;-4.8750000000;-6.5000000000
-8.7312000000;3.4374000000;-6.2526000000;-50.3625000000;-43.1587500000;-14.0250000000;38.5000000000;-4.1875000000;-8.0000000000
-10.8120000000;4.1820000000;-7.0890000000;-12.3037500000;9.5625000000;18.2325000000;35.5000000000;-2.3750000000;-6.1875000000
-10.5162000000;3.0090000000;-7.3848000000;6.3750000000;22.4400000000;15.3000000000;34.3750000000;-3.0000000000;-4.5000000000
-10.2918000000;4.0290000000;-6.9462000000;29.7075000000;42.3937500000;12.5587500000;34.7500000000;-2.1875000000;-6.1875000000
-10.7610000000;3.2538000000;-6.7218000000;10.9012500000;89.1225000000;31.2375000000;34.7500000000;-2.1875000000;-6.1875000000
-11.2200000000;2.9988000000;-5.7630000000;47.0475000000;104.1675000000;37.6125000000;39.1875000000;-2.7500000000;-7.0625000000
-10.9548000000;3.6210000000;-5.8446000000;32.1300000000;120.4875000000;31.0462500000;41.3750000000;-4.5625000000;-5.1875000000
-11.3628000000;2.6112000000;-5.3142000000;57.6300000000;125.8425000000;31.3650000000;42.7500000000;-7.2500000000;-0.0625000000
-10.8120000000;2.7540000000;-4.8654000000;65.8537500000;131.1975000000;30.2812500000;42.7500000000;-7.2500000000;-0.0625000000
-10.4652000000;2.4582000000;-5.0592000000;46.7287500000;136.2975000000;29.2612500000;42.7500000000;-8.3750000000;5.8750000000
-9.6186000000;1.7340000000;-5.2938000000;51.8287500000;126.7350000000;20.1450000000;41.7500000000;-9.2500000000;8.5625000000
-8.9556000000;1.7748000000;-5.6916000000;65.4075000000;115.6425000000;18.2962500000;40.6875000000;-9.0000000000;14.0000000000
-7.9356000000;1.8666000000;-6.5076000000;51.7012500000;108.0562500000;9.6900000000;38.5000000000;-8.8750000000;18.0000000000
-7.3848000000;0.3060000000;-6.7014000000;21.2287500000;124.9500000000;1.8487500000;38.5000000000;-8.8750000000;18.0000000000
-6.6198000000;1.3770000000;-6.2526000000;51.3825000000;117.9375000000;7.7775000000;35.7500000000;-8.5000000000;20.6875000000
-5.8752000000;0.3264000000;-6.6198000000;18.6150000000;104.2950000000;-5.9925000000;33.1875000000;-7.7500000000;25.7500000000
-4.9674000000;1.2342000000;-6.6708000000;26.5837500000;88.9950000000;-7.8412500000;30.2500000000;-6.6875000000;29.0000000000
-3.9780000000;1.3362000000;-6.9666000000;28.7512500000;72.9937500000;-2.2950000000;28.5000000000;-6.6875000000;31.2500000000
-3.6108000000;1.3974000000;-7.5990000000;11.3475000000;70.5075000000;2.2950000000;28.5000000000;-6.6875000000;31.2500000000
-3.3762000000;-0.0612000000;-7.9968000000;11.2837500000;61.1362500000;-1.2112500000;25.5000000000;-5.8750000000;31.6875000000
-2.2542000000;0.6528000000;-7.5378000000;39.7800000000;55.3987500000;0.3187500000;22.8750000000;-4.7500000000;34.0625000000
-2.4276000000;0.2448000000;-7.1808000000;31.2375000000;60.3075000000;0.5100000000;20.6875000000;-3.6875000000;34.1875000000
-1.2546000000;0.2856000000;-6.7932000000;13.3875000000;41.9475000000;-8.7975000000;19.5000000000;-3.3750000000;36.1875000000
-1.2852000000;0.1224000000;-6.8952000000;7.5225000000;34.4887500000;-6.5662500000;19.5000000000;-3.3750000000;36.1875000000
-1.0200000000;0.0000000000;-6.5586000000;-2.9962500000;20.7825000000;-3.8250000000;18.5000000000;-2.1875000000;37.8750000000
-1.1526000000;-0.5610000000;-5.8140000000;-9.3712500000;19.8900000000;-5.1000000000;17.7500000000;-1.8750000000;38.6875000000
-0.6222000000;1.3158000000;-5.2938000000;-11.0925000000;3.4425000000;-7.7775000000;16.2500000000;-2.1875000000;38.8750000000
-0.8466000000;0.6120000000;-5.4264000000;-27.7312500000;-18.2325000000;-3.6337500000;16.6875000000;-3.0000000000;38.1875000000
-1.4076000000;0.8160000000;-5.6610000000;-20.5912500000;-36.0825000000;2.6775000000;16.6875000000;-3.0000000000;38.1875000000
-1.9074000000;0.9180000000;-6.0996000000;-17.4675000000;-62.9850000000;2.4225000000;17.0000000000;-3.6875000000;38.1875000000
-2.3256000000;1.0914000000;-6.6912000000;-18.6150000000;-72.6750000000;-1.8487500000;18.5000000000;-4.0625000000;37.0625000000
-3.4170000000;1.0506000000;-6.8544000000;-20.5912500000;-85.9987500000;1.8487500000;19.5625000000;-5.5625000000;36.5625000000
-4.3758000000;0.8874000000;-7.0176000000;-20.4000000000;-96.3900000000;3.1237500000;23.0000000000;-5.8750000000;35.3750000000
-5.5080000000;0.1734000000;-7.0788000000;-23.0137500000;-112.3912500000;-2.2950000000;23.0000000000;-5.8750000000;35.3750000000
-5.8956000000;2.4378000000;-6.9156000000;-7.9050000000;-114.0487500000;-6.1200000000;25.8750000000;-5.8750000000;31.5000000000
-6.6606000000;0.6324000000;-7.3848000000;-38.5050000000;-121.5075000000;1.6575000000;29.5625000000;-5.8750000000;29.8750000000
-9.0270000000;1.4892000000;-7.0482000000;-9.3712500000;-112.9012500000;-2.4225000000;32.1875000000;-6.6875000000;26.2500000000
-7.7520000000;2.6010000000;-6.9156000000;-22.4400000000;-139.1025000000;-14.4712500000;34.7500000000;-7.3750000000;22.0000000000
-9.6696000000;0.3570000000;-6.9462000000;-96.1350000000;-100.5975000000;-2.9325000000;34.7500000000;-7.3750000000;22.0000000000
-9.5472000000;2.4072000000;-6.9156000000;-6.5662500000;-126.8625000000;-20.2725000000;37.3750000000;-6.6875000000;18.7500000000
-9.4146000000;3.9678000000;-6.0690000000;-26.5200000000;-124.9500000000;-11.2200000000;39.6875000000;-8.5625000000;14.8750000000
-10.3836000000;1.6422000000;-6.0996000000;-58.2037500000;-109.2037500000;-2.4225000000;41.0625000000;-8.1875000000;9.8750000000
-11.3220000000;1.0506000000;-5.2734000000;-26.4562500000;-105.7612500000;-5.0362500000;43.3750000000;-8.1875000000;6.3750000000
-10.2000000000;2.3562000000;-6.0792000000;-14.5987500000;-105.7612500000;-32.1300000000;43.3750000000;-8.1875000000;6.3750000000
-10.0878000000;3.1518000000;-5.2326000000;-42.9037500000;-81.0900000000;-18.0412500000;43.3750000000;-8.1875000000;3.2500000000
-10.8528000000;0.5202000000;-3.7638000000;-58.2675000000;-47.2387500000;-11.6025000000;43.7500000000;-6.6875000000;-1.5000000000
-10.6284000000;3.1926000000;-3.4680000000;-19.5712500000;-53.4862500000;-26.5837500000;43.0000000000;-5.8750000000;-3.0000000000
-9.0780000000;2.3664000000;-3.9780000000;-25.6275000000;-65.5987500000;-24.0975000000;42.2500000000;-4.7500000000;-5.7500000000
-9.9960000000;3.0804000000;-4.1004000000;3.3150000000;-41.5012500000;-8.5425000000;42.2500000000;-4.7500000000;-5.7500000000
-9.5166000000;2.5908000000;-4.8348000000;-24.6075000000;-36.1462500000;-8.2875000000;38.1875000000;-2.1875000000;-7.7500000000
-9.4248000000;3.7332000000;-5.7018000000;-12.9412500000;-14.9812500000;-3.6975000000;35.6875000000;-1.0000000000;-7.0625000000
-9.8736000000;2.6520000000;-6.7014000000;-10.7737500000;6.6300000000;10.4550000000;33.5000000000;-0.5625000000;-7.2500000000
-10.5774000000;3.3660000000;-6.5178000000;35.7000000000;27.5400000000;13.5787500000;33.8750000000;-0.8750000000;-6.6875000000
-10.6386000000;2.5806000000;-6.0384000000;-1.2750000000;67.7025000000;25.2450000000;33.8750000000;-0.8750000000;-6.6875000000
-10.9956000000;2.3664000000;-5.3856000000;28.3687500000;86.4450000000;27.6675000000;38.2500000000;-1.8750000000;-8.7500000000
-10.8732000000;2.8968000000;-4.8858000000;34.8075000000;99.0037500000;23.2687500000;41.5625000000;-4.5000000000;-6.7500000000
-10.6794000000;2.6724000000;-4.8450000000;29.9625000000;113.1562500000;21.9300000000;43.5000000000;-5.5625000000;-3.2500000000
-10.6182000000;2.6928000000;-4.9878000000;46.6012500000;116.2162500000;20.2087500000;44.1875000000;-7.0625000000;-0.0625000000
-9.8022000000;3.0192000000;-4.8552000000;45.8362500000;119.4037500000;22.5037500000;44.1875000000;-7.0625000000;-0.0625000000
-9.9042000000;2.7846000000;-5.7120000000;36.4012500000;117.6825000000;22.9500000000;42.6875000000;-8.1875000000;4.5625000000
-9.4962000000;1.9380000000;-5.8650000000;61.6462500000;113.7937500000;18.5512500000;41.5625000000;-8.1875000000;10.5625000000
-9.3024000000;2.1318000000;-6.4464000000;47.6212500000;111.4350000000;10.3275000000;41.5625000000;-8.5000000000;14.5000000000
-8.1294000000;1.9278000000;-6.5688000000;48.6412500000;116.7900000000;8.9250000000;38.7500000000;-8.1875000000;17.6875000000
-7.7724000000;1.8156000000;-6.7728000000;18.1050000000;122.2725000000;7.6500000000;38.7500000000;-8.1875000000;17.6875000000
-6.9666000000;1.3260000000;-6.7320000000;51.5100000000;105.2512500000;3.8887500000;36.5000000000;-7.0000000000;20.6875000000
-5.9772000000;1.7238000000;-7.0686000000;22.6312500000;103.7212500000;5.3550000000;32.7500000000;-7.7500000000;24.5625000000
-5.1714000000;0.7854000000;-7.0380000000;41.8200000000;98.6850000000;7.9687500000;31.6875000000;-5.8750000000;27.8750000000
-4.3962000000;0.7446000000;-7.7214000000;23.3325000000;82.4925000000;0.5737500000;31.6875000000;-5.8750000000;27.8750000000
-3.8964000000;0.3570000000;-8.2314000000;53.8687500000;79.8787500000;2.3587500000;28.7500000000;-6.2500000000;29.8750000000
-3.3252000000;1.1730000000;-8.0682000000;24.9262500000;80.8987500000;0.5737500000;26.1875000000;-5.5000000000;32.5625000000
-2.8458000000;-0.5916000000;-8.1498000000;20.4637500000;71.4637500000;-4.2075000000;22.0625000000;-3.6875000000;34.2500000000
-2.0502000000;0.4284000000;-7.7316000000;28.4325000000;61.0087500000;-9.2437500000;21.3750000000;-3.2500000000;34.6875000000
-1.9176000000;-0.1530000000;-7.3338000000;20.7187500000;52.1475000000;-10.0087500000;21.3750000000;-3.2500000000;34.6875000000
-0.8976000000;0.4182000000;-6.9666000000;12.4312500000;40.9912500000;-8.1600000000;19.8750000000;-2.0625000000;37.0625000000
-0.5508000000;-0.8364000000;-6.8442000000;-3.6975000000;32.8950000000;-8.0962500000;17.2500000000;-1.0625000000;38.3750000000
-0.7752000000;-0.6936000000;-6.5790000000;16.9575000000;14.5350000000;-12.3037500000;16.1875000000;-0.2500000000;38.2500000000
0.5508000000;0.6120000000;-6.8238000000;-5.2912500000;13.0687500000;-3.8887500000;14.6875000000;-1.0625000000;37.8750000000
-0.4488000000;-0.9282000000;-6.8136000000;-4.7175000000;12.4312500000;2.8050000000;14.6875000000;-1.0625000000;37.8750000000
-0.4488000000;-0.6528000000;-5.8548000000;-0.1912500000;-4.4625000000;-3.3787500000;14.3750000000;0.3750000000;37.5625000000
0.0612000000;0.1224000000;-6.3852000000;-10.7737500000;-15.3000000000;-4.7175000000;14.3750000000;0.0625000000;38.7500000000
-0.6630000000;-0.1428000000;-5.5488000000;-20.2087500000;-19.5075000000;5.3550000000;13.2500000000;-1.0000000000;40.0000000000
-1.5096000000;-0.0918000000;-6.3342000000;-20.4637500000;-52.7212500000;0.6375000000;15.0625000000;-0.5625000000;38.5000000000
-1.3872000000;1.0608000000;-6.9564000000;-32.5762500000;-70.9537500000;1.3387500000;15.0625000000;-0.5625000000;38.5000000000
-2.5500000000;0.5610000000;-7.7316000000;-23.4600000000;-81.9187500000;3.6975000000;15.7500000000;-1.6875000000;38.0000000000
-2.9478000000;1.2240000000;-7.8234000000;-36.4012500000;-88.3575000000;6.3112500000;19.0625000000;-1.6875000000;36.7500000000
-3.8454000000;0.7956000000;-8.4456000000;-38.6962500000;-91.8000000000;2.5500000000;21.7500000000;-3.5625000000;35.5625000000
-4.2840000000;1.2648000000;-8.0988000000;-2.9962500000;-97.5375000000;7.0125000000;24.2500000000;-4.6875000000;33.2500000000
-5.2836000000;1.7646000000;-8.4150000000;-43.1587500000;-101.1075000000;2.5500000000;24.2500000000;-4.6875000000;33.2500000000
-5.9466000000;0.5406000000;-7.4256000000;7.6500000000;-95.7525000000;10.3275000000;28.3750000000;-5.3750000000;31.2500000000
-7.3338000000;2.2644000000;-7.5684000000;-25.3087500000;-106.0162500000;4.5900000000;30.5625000000;-6.5625000000;28.1875000000
-6.8748000000;0.4896000000;-7.3746000000;-25.5000000000;-106.4625000000;3.5062500000;32.7500000000;-5.7500000000;26.5625000000
-8.1090000000;1.8768000000;-6.8850000000;-27.4762500000;-108.9487500000;0.7650000000;35.0625000000;-8.0625000000;23.8750000000
-8.5170000000;1.0200000000;-5.9976000000;-53.8687500000;-100.5337500000;2.9962500000;35.0625000000;-8.0625000000;23.8750000000
-8.3436000000;3.0702000000;-7.5582000000;-73.1850000000;-100.4700000000;-15.4275000000;38.0000000000;-7.6875000000;20.1875000000
-8.8332000000;1.4586000000;-6.5994000000;-50.4900000000;-77.5837500000;-13.3237500000;39.5000000000;-8.5625000000;15.5625000000
-9.1290000000;3.8250000000;-6.9564000000;-35.0625000000;-98.6850000000;-22.6312500000;40.5625000000;-9.3750000000;12.3750000000
-9.0168000000;1.7442000000;-6.3138000000;-64.0050000000;-77.7750000000;-11.5387500000;41.6875000000;-8.2500000000;10.0625000000
-10.3224000000;2.8764000000;-5.4264000000;-19.1887500000;-84.7237500000;-17.4675000000;41.6875000000;-8.2500000000;10.0625000000
-9.9144000000;2.1828000000;-5.3448000000;-32.3212500000;-84.3412500000;-20.1450000000;42.5000000000;-8.5625000000;5.8750000000
-9.9144000000;2.0808000000;-4.0902000000;-5.1000000000;-73.5675000000;-21.5475000000;43.1875000000;-9.0000000000;3.0000000000
-10.3020000000;3.1722000000;-4.2942000000;-24.3525000000;-74.6512500000;-29.5800000000;43.5625000000;-7.1875000000;0.2500000000
-10.1286000000;1.9686000000;-4.1616000000;-18.0412500000;-83.9587500000;-26.9662500000;44.0000000000;-6.5000000000;-3.3750000000
-10.1286000000;2.2746000000;-3.6720000000;14.7262500000;-72.4200000000;-24.6075000000;44.0000000000;-6.5000000000;-3.3750000000
-9.6798000000;2.7948000000;-3.4476000000;3.3787500000;-63.5587500000;-19.8900000000;42.7500000000;-4.1875000000;-7.5625000000
-9.3942000000;2.0808000000;-2.8458000000;-18.8062500000;-26.6475000000;-8.2237500000;40.6875000000;-2.8750000000;-9.5625000000
-10.2816000000;1.6728000000;-1.7136000000;-18.2325000000;-11.1562500000;-4.5900000000;39.1875000000;-1.5625000000;-10.8750000000
-9.6798000000;1.5402000000;-1.5606000000;8.4787500000;-18.9337500000;-12.6225000000;37.0625000000;-0.8750000000;-11.5625000000
-9.3942000000;2.5704000000;-1.7340000000;2.2950000000;-18.1050000000;-6.5662500000;37.0625000000;-0.8750000000;-11.5625000000
-9.6594000000;1.3872000000;-1.4892000000;-17.1487500000;-5.6737500000;4.9087500000;35.2500000000;0.1875000000;-10.5000000000
-9.8736000000;1.0200000000;-1.2954000000;6.8850000000;-2.2312500000;1.0837500000;35.0000000000;1.0000000000;-10.2500000000
-9.8226000000;1.2852000000;-0.7344000000;10.5187500000;-2.5500000000;-0.5100000000;34.2500000000;0.5625000000;-10.0000000000
-9.6084000000;0.8874000000;-0.8058000000;-10.5825000000;3.6975000000;-3.1237500000;34.2500000000;0.6875000000;-11.8750000000
-9.7104000000;1.0608000000;-0.6426000000;8.2875000000;3.8887500000;-2.2950000000;34.2500000000;0.6875000000;-11.8750000000
-9.5778000000;1.4484000000;-0.4998000000;-0.4462500000;2.3587500000;-4.2712500000;34.2500000000;1.5000000000;-10.3750000000
-9.4860000000;1.1424000000;-0.5304000000;0.8925000000;3.6337500000;-6.8850000000;34.2500000000;1.8750000000;-10.7500000000
-9.6696000000;1.4382000000;-0.3774000000;-0.7650000000;-0.4462500000;-5.9925000000;34.5625000000;1.5000000000;-10.0625000000
-9.5982000000;1.3158000000;-0.6018000000;-3.1875000000;0.7650000000;-4.2712500000;33.5000000000;0.6875000000;-9.2500000000
-9.7614000000;1.8768000000;-0.4590000000;-0.4462500000;0.1912500000;-3.8887500000;33.5000000000;0.6875000000;-9.2500000000
-9.6186000000;1.2444000000;-0.6324000000;-0.7012500000;-1.2112500000;0.1912500000;32.8750000000;0.7500000000;-9.7500000000
-9.5268000000;1.1118000000;-0.6222000000;1.2112500000;1.7850000000;0.0000000000;33.1875000000;0.7500000000;-9.7500000000
-9.5982000000;1.2036000000;-0.5610000000;-3.6975000000;-3.1875000000;-1.7212500000;33.1875000000;0.5000000000;-10.0625000000
-9.7206000000;1.1832000000;-0.5610000000;-3.3150000000;-0.3825000000;1.4662500000;34.0000000000;1.5625000000;-10.1875000000
-9.5676000000;0.9894000000;-0.6324000000;-0.7650000000;0.5737500000;0.7012500000;34.0000000000;1.5625000000;-10.1875000000
-9.7614000000;1.3260000000;-0.5712000000;-5.6100000000;1.2750000000;0.0637500000;34.0000000000;1.5625000000;-9.3750000000
-9.7410000000;1.1526000000;-0.5406000000;-6.8212500000;0.3825000000;0.5100000000;33.5625000000;1.1875000000;-9.3750000000
-9.6798000000;0.9792000000;-0.6018000000;-0.1275000000;0.5100000000;-2.2950000000;33.1875000000;0.5000000000;-10.5000000000
-9.4860000000;1.2342000000;-0.6120000000;-3.2512500000;0.8287500000;-1.4662500000;32.8750000000;0.7500000000;-8.8750000000
-9.6696000000;1.3872000000;-0.6120000000;-2.6137500000;4.2712500000;2.4225000000;32.8750000000;0.7500000000;-8.8750000000
-9.7614000000;1.3464000000;-0.6120000000;-1.6575000000;1.9762500000;-0.5100000000;33.1875000000;0.1875000000;-10.0625000000
-9.5880000000;1.3566000000;-0.4794000000;-0.7650000000;-0.0637500000;0.8287500000;34.0000000000;0.7500000000;-10.8750000000
-9.6696000000;1.0302000000;-0.6630000000;-1.3387500000;2.5500000000;2.3587500000;33.1875000000;0.1875000000;-10.0625000000
-9.5880000000;1.0506000000;-0.6018000000;-5.8650000000;0.5100000000;-0.8287500000;33.1875000000;0.1875000000;-10.0625000000
-9.7206000000;1.1424000000;-0.5610000000;-1.0200000000;1.4025000000;-0.3825000000;33.5625000000;0.5000000000;-9.2500000000
-9.5676000000;1.0710000000;-0.6222000000;-3.3150000000;0.6375000000;-0.0637500000;33.1875000000;0.5000000000;-10.0625000000
-9.5982000000;1.0200000000;-0.6936000000;-3.8887500000;1.7212500000;-1.8487500000;34.0000000000;0.7500000000;-9.0000000000
-9.7410000000;1.0506000000;-0.6834000000;0.8925000000;1.0837500000;-3.8250000000;34.6875000000;0.5000000000;-9.2500000000
-9.4350000000;1.2240000000;-0.6426000000;-6.4387500000;1.5937500000;-2.1037500000;34.6875000000;0.5000000000;-9.2500000000
-9.4656000000;1.2648000000;-0.6222000000;1.9125000000;1.3387500000;0.0000000000;34.0000000000;0.5000000000;-10.5000000000
-9.5880000000;1.2648000000;-0.6222000000;-1.0200000000;0.3825000000;-0.7650000000;34.0000000000;0.7500000000;-9.2500000000
-9.5880000000;1.4178000000;-0.5916000000;-0.5100000000;-0.5100000000;0.2550000000;34.3750000000;0.7500000000;-9.7500000000
-9.7104000000;1.3770000000;-0.5406000000;2.5500000000;1.7212500000;1.5937500000;34.0000000000;0.1875000000;-10.0625000000
-9.6696000000;1.2342000000;-0.6120000000;-1.1475000000;-0.7650000000;0.1912500000;34.0000000000;0.1875000000;-10.0625000000
-9.4248000000;1.1832000000;-0.6732000000;1.0200000000;-1.5937500000;0.2550000000;34.0000000000;0.1875000000;-9.3750000000
-9.6696000000;1.2036000000;-0.7038000000;2.4225000000;1.1475000000;4.6537500000;34.3750000000;-0.1875000000;-10.0625000000
-9.6288000000;1.0608000000;-0.6630000000;-1.0200000000;-1.3387500000;-0.0637500000;33.5625000000;0.7500000000;-9.6875000000
-9.5166000000;1.3056000000;-0.6834000000;-0.5737500000;-1.9762500000;-1.5300000000;34.0000000000;-0.5625000000;-8.8750000000
-9.9042000000;1.0914000000;-0.6630000000;0.8925000000;2.4862500000;1.1475000000;34.0000000000;-0.5625000000;-8.8750000000
-9.6696000000;1.1832000000;-0.6936000000;0.3187500000;-0.7650000000;0.1912500000;33.5625000000;0.5000000000;-10.8750000000
-9.7206000000;1.2240000000;-0.6630000000;1.3387500000;1.7850000000;-1.0200000000;33.5625000000;0.5000000000;-9.2500000000
-9.4758000000;1.3158000000;-0.6222000000;0.0000000000;1.0837500000;-0.6375000000;34.3750000000;0.7500000000;-9.7500000000
-9.8226000000;1.3464000000;-0.5712000000;-1.0837500000;1.3387500000;0.5737500000;34.0000000000;0.7500000000;-9.6875000000
-9.4758000000;1.1322000000;-0.6426000000;-0.0637500000;-2.5500000000;-0.1275000000;34.0000000000;0.7500000000;-9.6875000000
-9.6390000000;1.1730000000;-0.6834000000;2.4862500000;0.5737500000;0.1275000000;34.0000000000;0.5000000000;-9.2500000000
-9.5778000000;1.1934000000;-0.6018000000;-4.1437500000;1.3387500000;0.3825000000;34.0000000000;0.5000000000;-10.5625000000
-9.7614000000;1.1118000000;-0.5304000000;0.1275000000;1.1475000000;1.0837500000;35.0625000000;0.5000000000;-10.5625000000
-9.6186000000;1.0506000000;-0.6426000000;-1.0837500000;-1.9762500000;-0.9562500000;35.0625000000;0.5000000000;-10.0625000000
-9.4962000000;1.1322000000;-0.6834000000;-0.3825000000;-0.2550000000;1.4025000000;35.0625000000;0.5000000000;-10.0625000000
-9.6492000000;1.2036000000;-0.6426000000;-0.3187500000;-0.1912500000;0.0000000000;34.0000000000;0.5000000000;-10.5000000000
-9.6900000000;1.2342000000;-0.7344000000;-0.5737500000;0.1912500000;-1.8487500000;35.0625000000;-0.1875000000;-9.2500000000
-9.6594000000;1.2954000000;-0.6426000000;-0.5737500000;1.2750000000;0.3187500000;34.6875000000;0.5000000000;-11.0000000000
-9.6900000000;1.2750000000;-0.7038000000;-1.3387500000;-0.8925000000;0.0637500000;35.5000000000;0.7500000000;-10.8750000000
-9.4146000000;1.1730000000;-0.6630000000;-1.2112500000;-1.8487500000;-0.6375000000;35.5000000000;0.7500000000;-10.8750000000
-9.6696000000;1.3464000000;-0.6120000000;-0.6375000000;1.7850000000;0.2550000000;34.3750000000;0.7500000000;-10.0625000000
-9.7920000000;1.2750000000;-0.6834000000;-1.6575000000;1.5937500000;1.1475000000;34.3750000000;0.1875000000;-10.5625000000
-9.6288000000;1.4688000000;-0.6834000000;4.2712500000;-1.7212500000;-1.8487500000;34.3750000000;0.7500000000;-8.8750000000
-9.5778000000;1.2750000000;-0.6018000000;0.7012500000;-0.3187500000;2.9325000000;34.3750000000;0.1875000000;-10.0625000000
-9.6900000000;1.0914000000;-0.7140000000;-0.4462500000;1.0837500000;-0.1275000000;34.3750000000;0.1875000000;-10.0625000000
-9.7716000000;1.3056000000;-0.7344000000;1.0837500000;0.7012500000;-1.0837500000;34.3750000000;0.1875000000;-10.0625000000
-9.5268000000;1.3566000000;-0.7038000000;3.2512500000;0.2550000000;-0.2550000000;34.3750000000;0.5000000000;-10.8750000000
-9.7716000000;1.3770000000;-0.5814000000;1.5937500000;2.3587500000;1.4662500000;34.3750000000;0.1875000000;-10.0625000000
-9.6696000000;1.1118000000;-0.6018000000;-0.5100000000;-0.8925000000;-1.2112500000;35.0625000000;0.5000000000;-9.2500000000
-9.5268000000;1.2444000000;-0.6834000000;1.6575000000;-0.5100000000;-0.5737500000;35.0625000000;0.5000000000;-9.2500000000
-9.6594000000;1.2342000000;-0.6324000000;-1.6575000000;1.0837500000;0.5737500000;34.6875000000;0.5000000000;-8.8750000000
-9.6594000000;1.1118000000;-0.6120000000;0.4462500000;-1.0200000000;-1.4662500000;35.0625000000;-0.1875000000;-9.2500000000
-9.6084000000;1.1016000000;-0.6936000000;1.2112500000;-0.9562500000;0.1275000000;35.5000000000;-0.1875000000;-10.0625000000
-9.6900000000;1.1934000000;-0.6324000000;-1.0837500000;0.5100000000;-0.3187500000;34.6875000000;0.5000000000;-9.6875000000
-9.6084000000;1.2342000000;-0.6732000000;-1.1475000000;-0.9562500000;-2.2950000000;34.6875000000;0.5000000000;-9.6875000000
-9.6900000000;1.2444000000;-0.6936000000;1.4025000000;0.3187500000;0.5737500000;34.6875000000;0.5000000000;-10.0625000000
-9.6186000000;0.9996000000;-0.6426000000;-4.3350000000;1.1475000000;-0.6375000000;34.3750000000;0.5000000000;-10.5000000000
-9.8226000000;1.2240000000;-0.5406000000;1.9125000000;0.8287500000;-2.3587500000;34.3750000000;0.1875000000;-10.0625000000
-9.6492000000;1.3056000000;-0.6936000000;0.2550000000;-0.1275000000;-0.5737500000;34.6875000000;0.1875000000;-9.2500000000
-9.5982000000;1.2648000000;-0.7548000000;0.8287500000;1.7212500000;1.0200000000;34.6875000000;0.1875000000;-9.2500000000
-9.6084000000;1.1628000000;-0.6120000000;-0.8925000000;1.3387500000;-1.4025000000;34.3750000000;0.1875000000;-10.5000000000
-9.4962000000;1.2444000000;-0.6528000000;1.8487500000;-2.6775000000;-0.3825000000;35.5000000000;0.1875000000;-10.0625000000
-9.6288000000;1.0608000000;-0.6936000000;0.5737500000;1.9125000000;2.0400000000;35.5000000000;0.5000000000;-9.6875000000
-9.6084000000;0.9384000000;-0.5712000000;-2.1037500000;1.3387500000;-1.6575000000;35.5000000000;0.5000000000;-9.6875000000
-9.5676000000;1.2852000000;-0.7140000000;-0.1275000000;-0.7012500000;-1.4025000000;35.0625000000;0.1875000000;-10.0625000000
-9.6594000000;0.9996000000;-0.6630000000;-1.7850000000;0.6375000000;0.5100000000;34.6875000000;0.5000000000;-9.6875000000
-9.5982000000;1.1526000000;-0.7548000000;1.7212500000;-0.8287500000;-1.5300000000;35.0625000000;0.5000000000;-9.6875000000
-9.6288000000;1.3668000000;-0.6630000000;1.4025000000;1.7212500000;-0.3825000000;34.3750000000;0.5000000000;-10.0625000000
-9.6288000000;0.9690000000;-0.7038000000;-2.6775000000;0.9562500000;0.8925000000;34.3750000000;0.5000000000;-10.0625000000
-9.6798000000;1.1220000000;-0.7242000000;2.3587500000;0.2550000000;-0.3825000000;35.0625000000;0.5000000000;-8.8750000000
-9.5676000000;0.9996000000;-0.6732000000;-2.5500000000;1.5300000000;-2.4862500000;34.6875000000;0.1875000000;-9.2500000000
-9.6594000000;1.3158000000;-0.4896000000;4.9087500000;1.4662500000;0.4462500000;34.6875000000;0.1875000000;-9.6875000000
-9.5166000000;0.8364000000;-0.7344000000;-1.5300000000;0.5737500000;-1.0837500000;35.5000000000;0.5000000000;-10.0625000000
-9.4554000000;1.2444000000;-0.6120000000;-1.5300000000;0.7012500000;-0.5737500000;35.5000000000;0.5000000000;-10.0625000000
-9.7512000000;1.2342000000;-0.6528000000;0.3825000000;0.2550000000;-0.3825000000;35.8750000000;0.5000000000;-9.2500000000
-9.7002000000;1.1832000000;-0.7038000000;0.2550000000;0.3825000000;-3.5700000000;35.5000000000;0.5000000000;-9.2500000000
-9.5472000000;1.2750000000;-0.7344000000;1.2112500000;0.3825000000;-1.8487500000;34.6875000000;0.1875000000;-10.8750000000
-9.8226000000;1.3056000000;-0.6732000000;0.9562500000;2.3587500000;-0.1275000000;35.5000000000;0.5000000000;-9.1875000000
-9.5574000000;1.0812000000;-0.7140000000;1.9125000000;0.3825000000;-0.2550000000;35.5000000000;0.5000000000;-9.1875000000
-9.6798000000;1.3056000000;-0.7140000000;0.1912500000;-0.1275000000;1.3387500000;35.8750000000;0.1875000000;-9.2500000000
-9.6696000000;0.8364000000;-0.7140000000;0.5737500000;0.5737500000;0.0000000000;35.8750000000;0.5000000000;-10.0625000000
-9.6594000000;1.3056000000;-0.6732000000;3.5700000000;0.4462500000;-1.5300000000;35.8750000000;0.1875000000;-9.6875000000
-9.6594000000;1.2648000000;-1.1016000000;-3.8887500000;-0.3187500000;1.0837500000;35.5000000000;0.1875000000;-10.0625000000
-9.7104000000;1.3056000000;-0.9792000000;1.5300000000;3.5700000000;1.0837500000;35.5000000000;0.1875000000;-10.0625000000
-9.5982000000;1.3668000000;-1.0302000000;-1.7212500000;2.9962500000;1.8487500000;35.8750000000;0.7500000000;-10.0625000000
-9.8124000000;1.3260000000;-1.2852000000;2.6137500000;8.4150000000;4.9725000000;35.5000000000;-0.1875000000;-9.2500000000
-9.6594000000;1.3974000000;-1.2138000000;3.1237500000;7.2675000000;3.9525000000;36.5000000000;0.1875000000;-10.8750000000
-9.6594000000;1.6116000000;-2.0196000000;6.6937500000;6.3750000000;3.8250000000;37.2500000000;-0.5625000000;-9.6875000000
-9.6798000000;1.6524000000;-2.1522000000;12.1125000000;16.6387500000;8.1600000000;37.2500000000;-0.5625000000;-9.6875000000
-10.0164000000;2.1930000000;-2.4174000000;20.8462500000;21.1650000000;8.9887500000;39.1875000000;0.1875000000;-10.0625000000
-9.6390000000;2.1420000000;-2.7642000000;19.5075000000;27.0300000000;9.3075000000;40.8750000000;-0.5625000000;-9.6875000000
-9.6900000000;2.2134000000;-3.1008000000;31.6200000000;33.2775000000;15.6825000000;41.5625000000;-1.6875000000;-8.5000000000
-9.6492000000;1.7442000000;-3.3762000000;21.2925000000;40.3537500000;19.2525000000;42.7500000000;-2.6875000000;-7.6875000000
-9.7920000000;1.3158000000;-4.1514000000;25.3725000000;50.6175000000;15.3000000000;42.7500000000;-2.6875000000;-7.6875000000
-9.9756000000;1.7544000000;-4.4880000000;25.9462500000;71.5912500000;18.6150000000;43.8750000000;-3.0625000000;-5.6875000000
-10.1694000000;1.3872000000;-4.8450000000;7.9687500000;79.5600000000;17.0850000000;44.8750000000;-4.1875000000;-4.6875000000
-9.6084000000;1.5402000000;-5.4468000000;21.1650000000;87.4650000000;15.1087500000;45.6875000000;-4.5000000000;-0.6875000000
-9.7206000000;2.2644000000;-5.6508000000;33.7875000000;105.1875000000;17.5312500000;44.6875000000;-6.0000000000;2.3750000000
-9.6288000000;2.1012000000;-5.7324000000;8.8612500000;111.1800000000;17.6587500000;44.6875000000;-6.0000000000;2.3750000000
-8.9148000000;1.1628000000;-5.8242000000;25.6275000000;110.0325000000;16.5112500000;44.3750000000;-5.8750000000;5.5625000000
-8.8332000000;2.1522000000;-5.7630000000;47.9400000000;98.6212500000;14.5987500000;42.5000000000;-7.6875000000;9.8750000000
-8.4048000000;1.4076000000;-5.5386000000;24.1612500000;86.3812500000;8.4787500000;41.6875000000;-7.0000000000;13.7500000000
-7.3338000000;1.2648000000;-5.3754000000;38.3775000000;78.8587500000;6.5662500000;40.2500000000;-5.5000000000;17.0000000000
-7.3338000000;1.1832000000;-5.5488000000;22.1212500000;77.4562500000;3.9525000000;40.2500000000;-5.5000000000;17.0000000000
-6.2118000000;0.5814000000;-5.5896000000;15.3000000000;58.6500000000;-3.1875000000;38.3750000000;-5.8750000000;19.2500000000
-5.9670000000;1.2444000000;-5.7528000000;6.9487500000;58.5862500000;-3.5062500000;36.8750000000;-5.8750000000;21.5625000000
-5.6202000000;0.9588000000;-6.0894000000;-14.5350000000;55.6537500000;-1.2112500000;36.1875000000;-5.5000000000;24.5000000000
-5.4162000000;0.7650000000;-6.0894000000;1.2750000000;36.9750000000;-1.2750000000;34.7500000000;-6.1875000000;24.5000000000
-4.9266000000;1.3974000000;-6.3546000000;4.3987500000;25.8825000000;-4.3987500000;34.7500000000;-6.1875000000;24.5000000000
-4.5798000000;1.5300000000;-6.7932000000;-15.8737500000;28.3050000000;1.1475000000;34.0000000000;-5.8750000000;26.8750000000
-4.8654000000;1.3770000000;-6.9156000000;-10.2637500000;17.9137500000;2.3587500000;33.1875000000;-6.5625000000;26.0625000000
-4.2840000000;1.6524000000;-7.4358000000;0.8925000000;11.7300000000;-4.0800000000;32.5000000000;-6.1875000000;27.2500000000
-4.3044000000;2.0196000000;-7.8234000000;-13.5787500000;24.7987500000;0.5100000000;32.0625000000;-6.1875000000;27.1875000000
-4.5084000000;1.2444000000;-7.9356000000;-5.8012500000;8.6700000000;0.2550000000;32.0625000000;-6.1875000000;27.1875000000
-4.1616000000;1.8564000000;-8.2008000000;4.3987500000;3.8250000000;-1.6575000000;31.7500000000;-6.1875000000;27.5625000000
-4.2432000000;1.5300000000;-8.1600000000;-3.1237500000;11.7937500000;1.5300000000;30.6875000000;-6.1875000000;27.5625000000
-4.3554000000;1.6320000000;-7.9764000000;4.0162500000;2.3587500000;-0.3825000000;31.0000000000;-6.1875000000;28.1875000000
-4.0800000000;1.7136000000;-8.3028000000;1.7212500000;-2.8050000000;-2.6137500000;31.0000000000;-6.1875000000;28.1875000000
-3.9168000000;1.5810000000;-8.4252000000;2.4225000000;6.6300000000;3.6337500000;31.3750000000;-7.0000000000;27.6875000000
-4.4064000000;1.3872000000;-8.5068000000;-2.4225000000;2.9325000000;0.0637500000;30.8750000000;-5.8750000000;28.5000000000
-3.9066000000;1.4994000000;-8.6394000000;2.3587500000;-1.2750000000;-2.8687500000;31.0000000000;-5.8750000000;28.8750000000
-4.1412000000;1.4178000000;-8.3844000000;-2.1675000000;3.2512500000;2.7412500000;30.2500000000;-6.5625000000;29.3750000000
-4.1310000000;1.6218000000;-8.4558000000;0.3187500000;0.8287500000;0.2550000000;30.2500000000;-6.5625000000;29.3750000000
-4.0290000000;1.4790000000;-8.6292000000;2.2312500000;-5.1000000000;0.7012500000;31.0000000000;-5.8750000000;28.5000000000
-4.1106000000;1.5096000000;-8.5680000000;-1.7850000000;2.4862500000;1.1475000000;31.3750000000;-6.1875000000;28.8750000000
-4.2738000000;1.3872000000;-8.4150000000;0.7650000000;-0.5737500000;0.0000000000;31.0000000000;-6.5625000000;28.5000000000
-4.0902000000;1.6014000000;-8.6190000000;2.2312500000;-5.9925000000;0.5737500000;30.2500000000;-6.1875000000;28.0625000000
-3.9474000000;1.6320000000;-8.6190000000;3.1875000000;-0.3825000000;1.3387500000;30.2500000000;-6.1875000000;28.0625000000
-4.3146000000;1.2444000000;-8.6700000000;-3.1875000000;-0.3825000000;0.7012500000;31.3750000000;-6.1875000000;27.2500000000
-4.1514000000;1.7442000000;-8.5782000000;5.5462500000;-3.0600000000;-0.5100000000;30.6875000000;-6.5625000000;28.5625000000
-4.2126000000;1.3260000000;-8.6292000000;0.1275000000;-2.8687500000;0.1275000000;31.3750000000;-7.0000000000;28.0625000000
-4.0596000000;1.4586000000;-8.8230000000;3.6337500000;-1.2750000000;-0.5100000000;31.0000000000;-6.1875000000;29.6875000000
-4.1310000000;1.3668000000;-8.6700000000;-1.2750000000;-1.1475000000;-0.9562500000;31.0000000000;-6.1875000000;29.6875000000
-4.2126000000;1.4280000000;-8.6496000000;2.1037500000;-0.7650000000;0.5100000000;31.0000000000;-6.1875000000;28.5000000000
-4.4166000000;1.3872000000;-8.3538000000;4.0162500000;-1.4662500000;0.2550000000;31.7500000000;-6.5625000000;29.6875000000
-4.0800000000;1.4076000000;-8.6802000000;1.2750000000;-1.7850000000;-1.0837500000;31.3750000000;-6.5625000000;26.8750000000
-4.1208000000;1.3362000000;-8.7312000000;1.5937500000;-1.3387500000;-2.4225000000;31.0000000000;-6.1875000000;27.0000000000
-4.2942000000;1.7034000000;-8.5680000000;4.2712500000;1.2750000000;0.3825000000;31.0000000000;-6.1875000000;27.0000000000
-4.3350000000;1.3260000000;-8.3640000000;-2.0400000000;-0.0637500000;1.2750000000;31.3750000000;-5.8750000000;28.5000000000
-4.0698000000;1.3056000000;-8.5680000000;-0.1275000000;-6.4387500000;0.0000000000;31.7500000000;-6.1875000000;27.6875000000
-4.3044000000;1.2036000000;-8.6496000000;-2.9962500000;-0.5100000000;1.7850000000;31.3750000000;-6.1875000000;28.0625000000
-4.4472000000;1.4280000000;-8.5680000000;1.7850000000;-1.0200000000;-2.1037500000;31.0000000000;-5.8750000000;28.1875000000
-4.2738000000;1.4382000000;-8.6598000000;-0.0637500000;-1.4025000000;-1.2112500000;31.0000000000;-5.8750000000;28.1875000000
-4.2738000000;1.3770000000;-8.5884000000;0.0000000000;-0.1275000000;-1.1475000000;31.0000000000;-5.8750000000;28.1875000000
-4.1310000000;1.3362000000;-8.5374000000;-1.4025000000;-1.4025000000;-1.9762500000;31.3750000000;-5.8750000000;28.7500000000
-4.2840000000;1.3770000000;-8.5986000000;-0.7650000000;-1.9125000000;-1.8487500000;31.7500000000;-6.5625000000;26.8750000000
-4.3044000000;1.4076000000;-8.4660000000;3.5062500000;1.9125000000;0.1275000000;31.7500000000;-5.8750000000;27.2500000000
-4.4064000000;1.4076000000;-8.5680000000;-3.9525000000;-0.7650000000;-3.1237500000;31.7500000000;-5.8750000000;27.2500000000
-4.1616000000;1.3362000000;-8.5680000000;-1.6575000000;-4.0800000000;-1.5300000000;31.0000000000;-6.5625000000;28.0000000000
-4.3452000000;1.3362000000;-8.4966000000;-0.3825000000;1.2750000000;-0.2550000000;32.0625000000;-6.1875000000;28.0625000000
-4.3656000000;1.3566000000;-8.7414000000;-0.0637500000;-2.2950000000;-1.0837500000;31.0000000000;-6.1875000000;26.8750000000
-4.3248000000;1.4178000000;-8.3334000000;2.1037500000;0.0000000000;-0.3825000000;31.7500000000;-5.5000000000;27.2500000000
-4.2636000000;1.4382000000;-8.8944000000;-3.8250000000;-3.7612500000;-1.6575000000;31.7500000000;-5.5000000000;27.2500000000
-4.4166000000;1.4484000000;-8.6802000000;4.2075000000;1.9762500000;1.4025000000;31.3750000000;-5.5000000000;27.6875000000
-4.5084000000;1.3566000000;-8.7108000000;-1.0837500000;1.4025000000;-0.7012500000;32.0625000000;-5.8750000000;27.6875000000
-4.3656000000;1.6626000000;-8.7516000000;3.1875000000;-0.8287500000;-1.0837500000;31.3750000000;-5.8750000000;27.6875000000
-4.3758000000;1.2750000000;-8.4150000000;-1.0200000000;2.2950000000;-0.7650000000;31.7500000000;-5.8750000000;28.0625000000
-4.4166000000;1.3974000000;-8.4762000000;1.3387500000;1.3387500000;1.7850000000;31.7500000000;-5.8750000000;28.0625000000
-4.2636000000;1.1628000000;-8.5170000000;0.6375000000;-1.6575000000;-0.7650000000;31.3750000000;-4.6875000000;26.8750000000
-4.3656000000;1.3566000000;-8.3946000000;0.1912500000;1.9762500000;0.3187500000;32.0625000000;-5.5000000000;27.1875000000
-4.4268000000;1.3770000000;-8.4048000000;0.8925000000;-1.4025000000;0.1912500000;31.3750000000;-5.5000000000;27.2500000000
-4.2432000000;1.1934000000;-8.5884000000;2.9325000000;-1.6575000000;0.8287500000;32.0625000000;-5.0625000000;27.3750000000
-4.3656000000;1.3464000000;-8.5884000000;2.0400000000;-1.8487500000;-1.5937500000;32.0625000000;-5.0625000000;27.3750000000
-4.3044000000;1.1730000000;-8.6598000000;-1.4025000000;0.4462500000;-1.6575000000;31.3750000000;-5.8750000000;28.5625000000
-4.3656000000;1.3566000000;-8.7618000000;3.0600000000;-1.3387500000;-1.9762500000;31.3750000000;-5.8750000000;28.1875000000
-4.3044000000;1.3464000000;-8.5374000000;0.7012500000;1.6575000000;-0.3825000000;31.7500000000;-5.0625000000;26.5625000000
-4.2738000000;1.2240000000;-8.7210000000;-3.2512500000;-1.2750000000;-1.9762500000;31.7500000000;-5.0625000000;27.7500000000
-4.3350000000;1.5504000000;-8.4864000000;1.3387500000;2.1675000000;1.0837500000;31.7500000000;-5.0625000000;27.7500000000
-4.4880000000;1.3260000000;-8.5476000000;-0.7650000000;1.0200000000;0.0637500000;31.3750000000;-5.5000000000;28.0625000000
-4.3452000000;1.2954000000;-8.6394000000;0.7650000000;-3.8887500000;-1.7850000000;31.7500000000;-5.5000000000;27.6875000000
-4.2636000000;1.4790000000;-8.5782000000;-1.2112500000;1.1475000000;0.2550000000;31.3750000000;-5.5000000000;28.1875000000
-4.3248000000;1.2240000000;-8.6598000000;0.5737500000;-0.3825000000;-0.5737500000;31.7500000000;-5.0625000000;26.8750000000
-4.4472000000;1.3668000000;-8.6394000000;-2.3587500000;1.1475000000;-1.0200000000;31.7500000000;-5.0625000000;26.8750000000
-4.3656000000;1.2750000000;-8.5374000000;2.2950000000;1.2750000000;0.5100000000;31.3750000000;-5.5000000000;27.3750000000
-4.3248000000;1.1934000000;-8.6496000000;-2.2312500000;2.1037500000;-1.4662500000;31.7500000000;-5.5000000000;28.5625000000
-4.2942000000;1.2750000000;-8.5272000000;2.4225000000;1.9762500000;-1.4662500000;31.3750000000;-6.1875000000;28.1875000000
-4.2840000000;1.0914000000;-8.5680000000;-3.8250000000;-0.1275000000;-3.8887500000;31.3750000000;-6.1875000000;28.1875000000
-4.3350000000;1.4076000000;-8.4864000000;2.3587500000;1.1475000000;-2.3587500000;32.0625000000;-5.5000000000;28.5625000000
-4.2942000000;1.3464000000;-8.5680000000;0.2550000000;1.6575000000;-1.3387500000;31.7500000000;-5.0625000000;26.8750000000
-4.3554000000;1.2138000000;-8.6598000000;-0.0637500000;0.2550000000;-2.6137500000;31.7500000000;-4.6875000000;27.0625000000
-4.3350000000;1.3464000000;-8.5170000000;1.1475000000;0.3825000000;-2.1675000000;31.7500000000;-5.0625000000;27.3750000000
-4.2126000000;1.3566000000;-8.6088000000;0.4462500000;-0.5737500000;-2.3587500000;31.7500000000;-5.0625000000;27.3750000000
-4.2330000000;1.3056000000;-8.5782000000;1.2750000000;-0.5737500000;0.3825000000;31.3750000000;-5.8750000000;27.3750000000
-4.4166000000;1.3872000000;-8.6088000000;1.2750000000;0.1275000000;0.8287500000;31.3750000000;-5.0625000000;28.1875000000
-4.4574000000;1.2342000000;-8.6292000000;1.0200000000;-0.1275000000;-1.9125000000;32.8750000000;-4.6875000000;27.7500000000
-4.2738000000;1.3464000000;-8.5272000000;2.3587500000;0.1912500000;0.7012500000;32.0000000000;-4.3750000000;27.6875000000
-4.3350000000;1.2138000000;-8.6394000000;1.9125000000;-0.1275000000;-0.3825000000;32.0000000000;-4.3750000000;27.6875000000
-4.3146000000;1.0608000000;-8.5170000000;-2.6775000000;1.2750000000;0.0637500000;30.8750000000;-5.5000000000;28.5625000000
-4.3146000000;1.1730000000;-8.6292000000;2.4862500000;0.0637500000;-1.1475000000;31.7500000000;-4.6875000000;26.8750000000
-4.3248000000;1.3668000000;-8.6190000000;3.5700000000;-0.3187500000;-0.3187500000;32.1875000000;-5.0625000000;28.1875000000
-4.2942000000;1.1424000000;-8.6088000000;-0.7650000000;0.6375000000;0.0000000000;32.5000000000;-4.6875000000;27.3750000000
-4.3044000000;1.2852000000;-8.4762000000;1.9762500000;-0.4462500000;-1.3387500000;32.5000000000;-4.6875000000;27.3750000000
-4.2228000000;1.3668000000;-8.7108000000;0.7650000000;-0.8287500000;-0.2550000000;31.0000000000;-4.6875000000;28.1875000000
-4.4166000000;0.9792000000;-8.6292000000;-1.2750000000;1.6575000000;0.7012500000;31.3750000000;-4.3750000000;27.6875000000
-4.4166000000;1.1118000000;-8.2518000000;1.9762500000;0.1912500000;-1.4662500000;32.0625000000;-5.0625000000;27.0000000000
-4.3350000000;1.1220000000;-8.1804000000;-2.8687500000;-1.5300000000;-2.4862500000;31.7500000000;-5.0625000000;28.1875000000
-4.2228000000;1.2750000000;-7.8948000000;-1.3387500000;-4.0800000000;-1.0200000000;31.7500000000;-5.0625000000;28.1875000000
-4.4166000000;1.1526000000;-8.0478000000;-10.1362500000;-7.1400000000;-0.3825000000;32.0625000000;-5.0625000000;28.1875000000
-4.4676000000;1.2852000000;-7.9968000000;-5.3550000000;-14.5987500000;-1.1475000000;32.0625000000;-5.0625000000;27.6875000000
-4.4472000000;1.3362000000;-7.5888000000;-3.7612500000;-11.9850000000;-1.3387500000;32.7500000000;-5.0625000000;28.5625000000
-4.7532000000;1.2954000000;-7.2624000000;-5.4825000000;-9.8812500000;-0.6375000000;33.0625000000;-5.0625000000;26.8750000000
-4.7226000000;1.2444000000;-7.3542000000;-2.5500000000;-21.1650000000;-2.9325000000;33.0625000000;-5.0625000000;26.8750000000
-4.8348000000;1.3056000000;-6.9768000000;1.5300000000;-22.1850000000;-1.6575000000;32.7500000000;-5.8750000000;27.3750000000
-5.0082000000;1.1118000000;-6.8952000000;-4.5262500000;-25.9462500000;-4.1437500000;33.0625000000;-5.0625000000;26.8750000000
-5.3856000000;1.5708000000;-6.9972000000;3.7612500000;-32.0662500000;-3.6975000000;33.5000000000;-5.0625000000;25.6875000000
-5.4060000000;1.3668000000;-6.5076000000;-1.0837500000;-36.0187500000;0.5737500000;34.2500000000;-4.3750000000;24.5625000000
-5.9160000000;1.0608000000;-6.4566000000;3.4425000000;-46.6650000000;-2.8687500000;34.2500000000;-4.3750000000;24.5625000000
-6.0486000000;1.1730000000;-6.2628000000;-3.4425000000;-49.2150000000;-0.7650000000;35.5000000000;-5.0625000000;23.3750000000
-6.6300000000;1.2546000000;-6.2322000000;-14.4712500000;-56.1000000000;-3.0600000000;35.5000000000;-5.0625000000;22.2500000000
-7.0074000000;1.3056000000;-5.8242000000;-1.2112500000;-58.6500000000;-1.2112500000;36.8750000000;-5.0625000000;20.5625000000
-6.8952000000;1.6014000000;-6.2832000000;-2.4862500000;-70.2525000000;-2.2950000000;39.1875000000;-5.5000000000;19.8750000000
-7.9356000000;1.0302000000;-6.0588000000;-21.7387500000;-61.3912500000;3.5700000000;39.1875000000;-5.5000000000;19.8750000000
-7.7112000000;1.7646000000;-6.7422000000;-16.8937500000;-72.9937500000;-2.4862500000;39.7500000000;-5.5000000000;17.0625000000
-8.1294000000;1.0200000000;-6.3342000000;-28.3687500000;-55.0162500000;2.2312500000;40.8750000000;-5.0625000000;14.1875000000
-8.6700000000;1.8870000000;-6.1710000000;-21.9937500000;-62.0925000000;-4.1437500000;43.0625000000;-5.5000000000;12.6875000000
-8.6292000000;1.2138000000;-6.0588000000;-4.0800000000;-55.1437500000;-1.7212500000;41.2500000000;-5.5000000000;10.3750000000
-8.8536000000;2.1114000000;-5.5998000000;-21.6112500000;-55.8450000000;-2.3587500000;41.2500000000;-5.5000000000;10.3750000000
-9.1800000000;0.9690000000;-5.8344000000;-18.4875000000;-49.6612500000;-2.9962500000;43.5000000000;-5.5000000000;8.5000000000
-8.7414000000;1.4892000000;-5.7630000000;-18.4875000000;-44.9437500000;-6.1837500000;44.5625000000;-5.8750000000;6.0000000000
-9.0780000000;1.1016000000;-5.1000000000;-9.6262500000;-31.7475000000;-11.0925000000;43.8750000000;-5.8750000000;4.3750000000
-9.1596000000;1.8462000000;-4.2636000000;-17.0850000000;-34.8075000000;-16.3837500000;44.5625000000;-5.5000000000;3.1875000000
-9.1188000000;1.1934000000;-3.8454000000;-19.5712500000;-27.9225000000;-15.1087500000;44.5625000000;-5.5000000000;3.1875000000
-9.4350000000;1.9584000000;-3.5598000000;-15.9375000000;-31.1100000000;-15.9375000000;44.5625000000;-5.0625000000;1.3750000000
-9.1698000000;1.9788000000;-3.5496000000;-17.1487500000;-28.8150000000;-13.0050000000;44.8750000000;-4.6875000000;0.8750000000
-9.1494000000;1.3158000000;-2.9784000000;-10.3912500000;-25.5000000000;-13.1325000000;44.8750000000;-4.0000000000;-1.7500000000
-9.3228000000;2.0196000000;-3.0702000000;-10.6462500000;-32.5125000000;-13.3237500000;44.2500000000;-4.0000000000;-2.1875000000
-9.3636000000;1.6116000000;-2.7846000000;-8.0962500000;-26.6475000000;-8.2875000000;44.2500000000;-4.0000000000;-2.1875000000
-9.5676000000;2.0298000000;-2.8152000000;-14.5987500000;-30.2175000000;-10.9012500000;43.5000000000;-2.8750000000;-3.0000000000
-9.2922000000;1.8768000000;-2.9886000000;-18.1050000000;-22.8225000000;-5.0362500000;42.7500000000;-2.1875000000;-4.8750000000
-9.5370000000;1.5810000000;-2.4684000000;-3.8250000000;-22.2487500000;-3.8887500000;41.5625000000;-1.7500000000;-5.6875000000
-9.4758000000;2.1522000000;-2.3358000000;-23.0775000000;-20.0175000000;-7.2037500000;40.5625000000;-0.6875000000;-7.3750000000
-9.2004000000;1.6932000000;-2.4990000000;-0.5737500000;-17.4037500000;0.3187500000;40.5625000000;-0.6875000000;-7.3750000000
-9.7308000000;1.9176000000;-2.3256000000;-21.4200000000;-13.7062500000;2.6137500000;39.1875000000;-0.6875000000;-9.3750000000
-9.7308000000;1.2342000000;-2.1624000000;1.2750000000;-16.8937500000;0.0637500000;37.0000000000;0.5000000000;-9.3750000000
-9.8736000000;1.7646000000;-2.1930000000;-6.8212500000;-11.9850000000;0.9562500000;36.5625000000;1.5000000000;-7.5625000000
-9.5064000000;1.2444000000;-2.2950000000;-6.4387500000;-13.9612500000;-2.6137500000;36.5625000000;1.5000000000;-7.5625000000
-9.2514000000;1.5708000000;-1.7544000000;5.1000000000;-10.1362500000;-5.8650000000;36.0000000000;2.0000000000;-9.1875000000
-9.3534000000;1.5300000000;-1.7850000000;2.6137500000;-3.5062500000;-2.8050000000;34.7500000000;2.6875000000;-8.0000000000
-9.4350000000;1.3260000000;-1.5198000000;-4.4625000000;-0.9562500000;1.1475000000;33.6875000000;1.5625000000;-8.5000000000
-9.5370000000;1.0098000000;-1.5402000000;3.2512500000;-3.2512500000;0.8925000000;33.7500000000;2.3750000000;-9.2500000000
-9.6900000000;0.8670000000;-1.5300000000;2.6137500000;-1.1475000000;-1.7212500000;33.7500000000;2.3750000000;-9.2500000000
-9.5676000000;0.8874000000;-1.4076000000;7.0125000000;1.0837500000;-4.7175000000;33.3750000000;1.2500000000;-8.5625000000
-9.3636000000;1.2954000000;-1.2954000000;2.0400000000;0.8925000000;-3.8887500000;34.8750000000;2.5000000000;-9.0625000000
-9.5880000000;1.1424000000;-1.1934000000;-2.0400000000;4.9725000000;-1.4662500000;35.2500000000;2.5000000000;-8.5625000000
-9.5574000000;1.1322000000;-1.2036000000;-1.7850000000;2.8050000000;-0.9562500000;35.2500000000;2.5000000000;-9.0625000000
-9.5370000000;1.1832000000;-1.2954000000;-1.1475000000;2.4862500000;-2.2312500000;35.2500000000;2.5000000000;-9.0625000000
-9.6186000000;1.2954000000;-1.1934000000;2.5500000000;1.7850000000;-1.6575000000;36.0625000000;2.5000000000;-7.5000000000
-9.5982000000;1.4586000000;-1.2342000000;-2.5500000000;3.1875000000;-0.4462500000;34.8750000000;1.2500000000;-7.8750000000
-9.5370000000;1.2852000000;-1.3464000000;-0.4462500000;0.1275000000;-0.0637500000;35.2500000000;1.0000000000;-7.8750000000
-9.3228000000;1.1118000000;-1.3872000000;0.3825000000;1.4025000000;0.2550000000;35.6875000000;2.5000000000;-8.5625000000
-9.6492000000;1.3056000000;-1.2444000000;5.0362500000;2.6137500000;4.0800000000;35.6875000000;2.5000000000;-8.5625000000
-9.6492000000;0.9690000000;-1.4892000000;-1.9762500000;0.3825000000;0.2550000000;36.0625000000;2.0625000000;-8.5625000000
-9.7206000000;0.9792000000;-1.5402000000;5.0362500000;2.1675000000;-2.1037500000;36.0625000000;2.0625000000;-8.1875000000
-9.5778000000;1.3158000000;-1.4994000000;2.4225000000;2.0400000000;-3.2512500000;36.3750000000;1.6875000000;-9.3750000000
-9.3942000000;1.2852000000;-1.3566000000;1.4662500000;3.3787500000;-3.1875000000;36.3750000000;1.2500000000;-7.8750000000
-9.5370000000;1.3872000000;-1.2954000000;1.0837500000;3.5700000000;0.4462500000;36.3750000000;1.2500000000;-7.8750000000
-9.3840000000;1.0404000000;-1.5504000000;-2.2312500000;0.3825000000;0.5737500000;36.0625000000;1.6875000000;-10.1875000000
-9.4758000000;1.3872000000;-1.2444000000;5.6737500000;2.8050000000;-0.1275000000;36.6875000000;1.6875000000;-8.1875000000
-9.4350000000;1.0914000000;-1.3770000000;0.0637500000;-0.1275000000;3.3787500000;37.0625000000;1.2500000000;-8.5625000000
-9.5676000000;0.8160000000;-1.4178000000;1.2750000000;0.5737500000;2.9962500000;37.0625000000;1.2500000000;-9.0625000000
-9.4962000000;0.9588000000;-1.5300000000;5.8650000000;-0.7012500000;-1.1475000000;37.0625000000;1.2500000000;-9.0625000000
-9.6084000000;1.1934000000;-1.4280000000;3.4425000000;1.2112500000;-1.8487500000;38.1875000000;1.6875000000;-9.0625000000
-9.6594000000;1.0404000000;-1.4484000000;1.9125000000;1.5937500000;-1.7212500000;37.0625000000;1.2500000000;-7.3750000000
-9.5982000000;1.1424000000;-1.5606000000;2.2950000000;0.6375000000;0.7012500000;38.5625000000;1.2500000000;-9.7500000000
-9.7002000000;1.2546000000;-1.5606000000;-0.0637500000;1.7850000000;-0.7650000000;37.5000000000;2.0625000000;-9.0625000000
-9.6696000000;1.2444000000;-1.5810000000;1.4662500000;0.0637500000;-0.7012500000;37.5000000000;2.0625000000;-9.0625000000
-9.4146000000;1.0710000000;-1.5708000000;-1.7850000000;2.1675000000;-2.0400000000;37.8750000000;1.0000000000;-9.0625000000
-9.3534000000;1.3158000000;-1.5402000000;2.9325000000;3.6337500000;-1.4025000000;37.8750000000;0.6875000000;-7.3750000000
-9.4758000000;1.2138000000;-1.3464000000;-2.1037500000;1.2112500000;0.0000000000;37.8750000000;1.6875000000;-7.3750000000
-9.5472000000;0.9792000000;-1.4994000000;0.5737500000;1.8487500000;0.1275000000;37.5000000000;1.2500000000;-9.3750000000
-9.4656000000;1.2546000000;-1.5096000000;2.2312500000;1.7850000000;1.3387500000;37.5000000000;1.2500000000;-9.3750000000
-9.6084000000;0.9486000000;-1.3464000000;0.3825000000;4.2075000000;-0.0637500000;38.5000000000;0.6875000000;-8.5625000000
-9.6798000000;1.0404000000;-1.3872000000;10.7100000000;-0.5737500000;-1.9125000000;38.5000000000;1.0000000000;-8.1875000000
-9.6288000000;1.3158000000;-1.2546000000;6.2475000000;2.1037500000;0.0000000000;38.0625000000;1.2500000000;-6.1875000000
-9.5064000000;1.2852000000;-1.5504000000;13.3237500000;-4.2075000000;0.3187500000;38.0625000000;1.0000000000;-7.3750000000
-9.4758000000;1.6830000000;-2.3358000000;5.4825000000;-2.8687500000;1.3387500000;38.0625000000;1.0000000000;-7.3750000000
-9.4044000000;1.5606000000;-2.9886000000;5.2912500000;6.5662500000;5.5462500000;37.7500000000;0.6875000000;-7.7500000000
-9.6084000000;1.8666000000;-3.6618000000;-0.5100000000;4.3987500000;10.0725000000;38.0625000000;1.0000000000;-8.1875000000
-9.6696000000;1.2546000000;-4.6002000000;0.7650000000;17.1487500000;11.3475000000;38.8750000000;1.0000000000;-6.6875000000
-10.0062000000;1.5912000000;-4.4472000000;16.1287500000;32.8312500000;9.8812500000;41.5000000000;-0.0625000000;-8.1875000000
-9.7104000000;1.8156000000;-4.4370000000;5.4187500000;41.0550000000;8.7337500000;41.5000000000;-0.0625000000;-8.1875000000
-9.6492000000;1.3668000000;-4.2024000000;17.0850000000;55.4625000000;13.0050000000;42.1875000000;-0.0625000000;-6.1875000000
-10.0674000000;1.9992000000;-4.2534000000;-5.1637500000;64.1325000000;9.6900000000;43.6875000000;-2.0000000000;-5.3750000000
-9.5880000000;1.1526000000;-4.5696000000;0.7650000000;67.1287500000;9.2437500000;44.0625000000;-2.6875000000;-0.3750000000
-9.8838000000;2.4174000000;-4.3452000000;17.3400000000;71.2087500000;13.0050000000;45.1875000000;-3.2500000000;1.1875000000
-9.4962000000;1.9584000000;-4.9062000000;-3.5062500000;74.5237500000;14.0250000000;45.1875000000;-3.2500000000;1.1875000000
-9.1086000000;1.5912000000;-4.7022000000;17.2762500000;76.4362500000;16.6387500000;44.8750000000;-3.2500000000;3.5000000000
-8.7414000000;1.5912000000;-4.9572000000;6.1200000000;75.6712500000;15.4275000000;44.8750000000;-4.0625000000;6.0625000000
-8.8332000000;1.4076000000;-5.0898000000;15.6825000000;74.5875000000;16.0650000000;43.7500000000;-4.6875000000;9.2500000000
-8.2416000000;1.3770000000;-5.4774000000;24.6712500000;65.3437500000;10.5187500000;43.7500000000;-4.6875000000;9.2500000000
-7.7520000000;1.9890000000;-5.5794000000;24.2250000000;66.4275000000;9.9450000000;43.5000000000;-4.6875000000;11.1875000000
-7.5174000000;1.3056000000;-5.7222000000;12.1762500000;69.6150000000;9.4987500000;42.3750000000;-4.2500000000;14.0000000000
-7.2318000000;1.4790000000;-5.9772000000;19.5075000000;59.0962500000;9.9450000000;40.8750000000;-4.6875000000;16.0000000000
-6.4974000000;1.5708000000;-6.1302000000;14.3437500000;58.3312500000;6.3112500000;40.5625000000;-5.0625000000;18.6875000000
-6.5586000000;1.4076000000;-6.7524000000;-3.2512500000;59.2237500000;10.3912500000;40.5625000000;-5.0625000000;18.6875000000
-6.1302000000;1.3872000000;-6.7422000000;-0.8925000000;55.1437500000;10.2637500000;38.6875000000;-5.0625000000;18.5625000000
-5.8242000000;1.1628000000;-7.1604000000;0.5100000000;59.6700000000;8.9250000000;37.5625000000;-5.7500000000;20.1875000000
-5.5896000000;1.6524000000;-6.9768000000;11.7937500000;46.8562500000;1.6575000000;36.0625000000;-5.5000000000;23.0625000000
-4.9674000000;1.3566000000;-7.2828000000;-6.0562500000;45.5175000000;0.3825000000;35.6875000000;-6.1875000000;23.7500000000
-4.8756000000;1.5198000000;-7.2828000000;12.6862500000;43.2862500000;4.8450000000;35.6875000000;-6.1875000000;23.7500000000
-4.5594000000;1.3770000000;-7.3950000000;7.3950000000;30.1537500000;-3.6975000000;33.7500000000;-5.7500000000;25.0000000000
-4.2738000000;1.8666000000;-7.5684000000;3.3150000000;28.2412500000;0.7012500000;33.0625000000;-5.7500000000;26.1875000000
-4.3146000000;1.3464000000;-7.3236000000;8.4787500000;23.2050000000;1.5937500000;32.6875000000;-5.7500000000;27.5000000000
-4.0290000000;1.5402000000;-7.7316000000;10.8375000000;18.2325000000;-0.1275000000;32.0000000000;-5.5000000000;26.6875000000
-4.0494000000;1.2648000000;-7.5378000000;5.2912500000;17.7862500000;-0.8925000000;32.0000000000;-5.5000000000;26.6875000000
-3.9066000000;1.3464000000;-7.6296000000;5.6737500000;10.4550000000;-4.4625000000;30.7500000000;-5.0625000000;29.5000000000
-3.7026000000;1.5606000000;-7.6602000000;11.4750000000;6.1200000000;-2.8050000000;30.0625000000;-4.6875000000;29.0000000000
-3.8148000000;1.5402000000;-7.7520000000;1.2750000000;5.7375000000;-2.1037500000;30.0000000000;-4.2500000000;28.5625000000
-3.8352000000;1.3056000000;-8.2110000000;-3.7612500000;-0.5737500000;-3.6337500000;30.0000000000;-4.2500000000;29.7500000000
-3.5904000000;1.4076000000;-8.4252000000;4.4625000000;-5.9925000000;-2.8687500000;30.0000000000;-4.2500000000;29.7500000000
-3.9780000000;1.5402000000;-8.6292000000;-5.6737500000;-0.8287500000;0.1912500000;30.3750000000;-4.0000000000;29.5000000000
-3.9168000000;1.0608000000;-8.9760000000;-3.3787500000;-4.3350000000;-0.3825000000;30.3750000000;-3.5625000000;29.7500000000
-4.0188000000;1.7340000000;-8.7312000000;5.3550000000;-4.7812500000;0.6375000000;30.3750000000;-5.0625000000;28.5625000000
-3.8556000000;1.2954000000;-9.0372000000;-12.8775000000;-2.1037500000;-1.6575000000;29.2500000000;-4.2500000000;27.8750000000
-4.0800000000;1.7136000000;-8.8128000000;6.5025000000;-2.6137500000;2.4225000000;29.2500000000;-4.2500000000;27.8750000000
-4.0494000000;1.2954000000;-8.8332000000;3.1237500000;-2.2312500000;0.7012500000;30.7500000000;-4.2500000000;28.7500000000
-3.8964000000;1.4280000000;-8.8842000000;-2.2950000000;-5.8012500000;0.0000000000;30.3750000000;-4.2500000000;29.0625000000
-4.0188000000;0.9996000000;-8.8332000000;2.8050000000;-3.3787500000;1.2750000000;31.0625000000;-4.2500000000;28.2500000000
-4.0596000000;1.4076000000;-8.9046000000;-2.2312500000;-0.8287500000;1.3387500000;31.0625000000;-4.6875000000;28.2500000000
-4.1106000000;1.2750000000;-8.3742000000;2.1675000000;-1.5300000000;-0.3187500000;31.0625000000;-4.6875000000;28.2500000000
-3.9780000000;1.0404000000;-8.7924000000;-4.6537500000;-6.3112500000;-1.7212500000;31.8750000000;-4.2500000000;27.5000000000
-3.9576000000;1.3158000000;-8.3742000000;3.7612500000;-1.1475000000;0.1275000000;31.0625000000;-4.0000000000;28.3750000000
-4.0086000000;1.1628000000;-8.9352000000;-5.1000000000;-5.1637500000;-1.1475000000;31.5000000000;-4.0000000000;28.2500000000
-4.0494000000;1.4076000000;-8.9964000000;2.2312500000;-1.1475000000;-1.0200000000;31.0625000000;-4.6875000000;28.0000000000
-4.2330000000;1.3362000000;-8.8638000000;-2.6137500000;-1.4662500000;-0.8287500000;31.0625000000;-4.6875000000;28.0000000000
-4.1208000000;1.3974000000;-8.9556000000;4.3350000000;-3.5700000000;-1.2750000000;31.0625000000;-5.0625000000;29.0625000000
-4.1310000000;1.3260000000;-8.7822000000;-1.2750000000;0.8287500000;-0.1912500000;30.7500000000;-4.0000000000;27.0625000000
-4.3146000000;1.2750000000;-8.4660000000;2.3587500000;-0.7012500000;-2.1675000000;31.5000000000;-4.0000000000;27.5000000000
-3.9474000000;1.5606000000;-8.6904000000;-0.3825000000;-3.7612500000;-2.8050000000;30.3750000000;-4.2500000000;28.1875000000
-4.3350000000;1.3158000000;-8.5680000000;-1.2750000000;1.7850000000;0.3825000000;30.3750000000;-4.2500000000;28.1875000000
-4.0188000000;1.4178000000;-8.7924000000;0.0637500000;-4.9725000000;-2.2950000000;31.8750000000;-4.0000000000;28.2500000000
-4.0800000000;1.2036000000;-8.8944000000;-1.0837500000;-0.6375000000;0.0637500000;31.8750000000;-4.6875000000;28.0000000000
-4.4574000000;1.3362000000;-8.5068000000;0.6375000000;4.3350000000;1.0200000000;31.5000000000;-4.2500000000;27.5625000000
-4.1820000000;1.3158000000;-8.8128000000;-0.1275000000;-3.1237500000;-1.2112500000;31.0625000000;-4.0000000000;27.5000000000
-4.1310000000;1.4484000000;-8.7720000000;0.8287500000;0.5737500000;1.7212500000;31.0625000000;-4.0000000000;27.5000000000
-4.3248000000;1.0710000000;-8.6904000000;-1.6575000000;1.7212500000;-0.5737500000;31.8750000000;-4.2500000000;27.5625000000
-3.9882000000;1.5096000000;-8.5884000000;3.1875000000;0.0000000000;1.1475000000;31.0625000000;-4.0000000000;28.6875000000
-4.1820000000;1.1220000000;-8.6598000000;-2.1675000000;0.1275000000;0.1912500000;30.7500000000;-4.2500000000;27.8750000000
-4.1514000000;1.5096000000;-8.5170000000;-0.0637500000;-0.8925000000;-1.2750000000;31.0625000000;-4.6875000000;27.0625000000
-4.1106000000;1.1934000000;-8.6802000000;4.5900000000;-0.3825000000;0.4462500000;31.0625000000;-4.6875000000;27.0625000000
-4.2330000000;1.4382000000;-8.5782000000;-1.7212500000;-0.1275000000;-0.7012500000;31.8750000000;-4.6875000000;28.2500000000
-4.1820000000;1.0404000000;-8.6700000000;1.8487500000;-1.3387500000;-0.8287500000;31.0625000000;-4.0000000000;27.1875000000
-4.1310000000;1.2954000000;-8.7210000000;5.7375000000;0.1275000000;0.3825000000;31.8750000000;-4.6875000000;28.2500000000
-4.1718000000;1.3464000000;-8.7822000000;-2.4862500000;0.0000000000;-1.8487500000;31.5000000000;-4.0000000000;27.8750000000
-4.2330000000;1.3974000000;-8.6700000000;-3.3150000000;0.6375000000;2.0400000000;31.5000000000;-4.0000000000;27.8750000000
-4.0392000000;1.2444000000;-8.7822000000;4.5262500000;0.6375000000;1.1475000000;31.0625000000;-3.5625000000;28.0000000000
-4.1514000000;1.2138000000;-8.6394000000;-2.5500000000;1.5937500000;1.2112500000;31.5000000000;-4.6875000000;27.8750000000
-4.3554000000;1.2750000000;-8.5374000000;3.2512500000;-1.2750000000;-0.3187500000;31.5000000000;-4.2500000000;27.8750000000
-4.0086000000;1.3566000000;-8.7618000000;-0.1912500000;-2.4225000000;-2.1037500000;31.5000000000;-4.6875000000;28.2500000000
-4.2330000000;1.2750000000;-8.5272000000;3.6975000000;3.3150000000;2.8687500000;31.5000000000;-4.6875000000;28.2500000000
-4.2330000000;1.3158000000;-8.7210000000;2.0400000000;-2.0400000000;-2.1675000000;31.0625000000;-4.2500000000;27.8750000000
-4.0494000000;1.3770000000;-8.6496000000;-1.2112500000;-1.2750000000;0.9562500000;31.5000000000;-4.6875000000;28.6875000000
-4.3656000000;1.3974000000;-8.8332000000;2.1675000000;-0.9562500000;1.6575000000;32.1875000000;-4.6875000000;27.0625000000
-4.0902000000;1.2546000000;-8.7822000000;0.9562500000;-2.8050000000;-0.3825000000;32.1875000000;-4.6875000000;27.0625000000
-4.3554000000;1.0608000000;-8.5986000000;1.6575000000;-0.0637500000;1.4662500000;31.5000000000;-3.5625000000;27.8750000000
-4.1514000000;1.1832000000;-8.8842000000;-2.4225000000;-2.3587500000;-2.0400000000;31.5000000000;-4.2500000000;27.5000000000
-4.2738000000;1.2342000000;-8.8128000000;0.4462500000;1.9762500000;-0.0637500000;32.1875000000;-4.2500000000;28.2500000000
-4.2942000000;1.0812000000;-8.6292000000;-0.0637500000;-0.6375000000;-1.2750000000;31.5000000000;-4.0000000000;28.5625000000
-4.1514000000;1.2342000000;-8.8026000000;-1.0837500000;-0.5737500000;-1.7850000000;31.5000000000;-4.0000000000;28.5625000000
-4.3044000000;1.3566000000;-8.6802000000;3.2512500000;1.9125000000;-0.3187500000;31.5000000000;-4.6875000000;28.2500000000
-4.2228000000;1.0812000000;-8.5782000000;-3.6975000000;0.3187500000;-1.6575000000;31.5000000000;-3.1875000000;29.5625000000
-4.2228000000;1.1322000000;-8.5986000000;4.5262500000;0.1275000000;-1.6575000000;31.8750000000;-3.5625000000;27.0625000000
-4.2330000000;1.3668000000;-8.6700000000;-3.5062500000;1.4025000000;-1.6575000000;31.5000000000;-4.6875000000;27.5625000000
-4.2636000000;1.2240000000;-8.5272000000;0.2550000000;1.7850000000;-1.2750000000;31.5000000000;-4.6875000000;27.5625000000
-4.1922000000;1.4892000000;-8.6496000000;0.9562500000;-0.6375000000;-0.5100000000;31.8750000000;-3.1875000000;28.0000000000
-4.2126000000;1.1220000000;-8.6190000000;2.4225000000;1.2750000000;0.7012500000;31.5000000000;-4.0000000000;28.2500000000
-4.3044000000;1.1730000000;-8.4762000000;1.2750000000;-0.9562500000;0.6375000000;31.0625000000;-3.1875000000;26.6875000000
-4.2228000000;0.9282000000;-8.6904000000;-0.1912500000;0.2550000000;-0.6375000000;31.8750000000;-3.1875000000;27.8750000000
-4.1820000000;1.2750000000;-8.4354000000;2.3587500000;-1.0837500000;-3.4425000000;31.8750000000;-3.1875000000;27.8750000000
-4.2330000000;1.3770000000;-8.2212000000;2.2950000000;-3.3150000000;-1.5937500000;31.5000000000;-3.5625000000;26.2500000000
-4.2126000000;1.1832000000;-8.5782000000;-4.3350000000;-3.2512500000;-2.7412500000;31.5000000000;-3.1875000000;27.8750000000
-4.3554000000;1.2138000000;-8.6292000000;4.7175000000;-2.4225000000;0.3825000000;31.5000000000;-3.5625000000;27.8750000000
-4.3554000000;1.0200000000;-8.4456000000;-3.0600000000;-4.7812500000;0.0000000000;32.1875000000;-3.5625000000;27.8750000000
-4.2228000000;1.1322000000;-8.2416000000;4.7175000000;-7.2675000000;-2.4862500000;32.1875000000;-3.5625000000;27.8750000000
-4.5696000000;0.9996000000;-7.4358000000;-3.3150000000;-6.3112500000;-0.3187500000;32.1875000000;-3.1875000000;27.8750000000
-4.5492000000;0.7038000000;-6.9360000000;4.8450000000;-13.3237500000;-3.1237500000;32.1875000000;-2.7500000000;26.6875000000
-4.4676000000;1.6422000000;-6.4770000000;-0.5100000000;-19.5075000000;-4.9725000000;32.1875000000;-3.1875000000;26.7500000000
-4.7124000000;0.7650000000;-6.1914000000;-1.9125000000;-29.1337500000;0.1275000000;33.0000000000;-3.1875000000;26.2500000000
-4.9776000000;1.7850000000;-6.0690000000;-15.8100000000;-35.9550000000;0.6375000000;33.0000000000;-3.1875000000;26.2500000000
-5.2836000000;0.7752000000;-6.9156000000;-17.7862500000;-43.5412500000;-3.5062500000;34.0625000000;-2.7500000000;26.0000000000
-5.4672000000;1.9380000000;-6.2322000000;0.1912500000;-51.8925000000;1.9125000000;34.7500000000;-4.0000000000;25.0625000000
-6.0078000000;1.1118000000;-7.5786000000;-28.1137500000;-59.7975000000;-0.2550000000;34.5000000000;-4.2500000000;24.0000000000
-6.3546000000;1.1220000000;-7.4256000000;15.8737500000;-60.6262500000;2.5500000000;36.5625000000;-4.2500000000;22.0000000000
-6.5280000000;1.1832000000;-7.6194000000;-12.0487500000;-54.5700000000;-2.4225000000;36.5625000000;-4.2500000000;22.0000000000
-6.9666000000;1.2342000000;-6.9156000000;9.6262500000;-49.0875000000;-0.3825000000;38.5000000000;-4.2500000000;19.1875000000
-7.2828000000;1.0710000000;-6.5280000000;-0.7650000000;-54.4425000000;-1.7850000000;38.5000000000;-4.0000000000;19.1875000000
-7.8030000000;1.4994000000;-6.3036000000;3.3150000000;-54.3787500000;0.0000000000;40.0000000000;-4.0000000000;16.5000000000
-7.5174000000;1.0200000000;-6.4872000000;-12.7500000000;-56.6737500000;-1.5937500000;40.3750000000;-4.0000000000;15.2500000000
-8.6190000000;1.1220000000;-5.5896000000;-0.8925000000;-47.3662500000;0.3187500000;40.3750000000;-4.0000000000;15.2500000000
-7.9866000000;1.6626000000;-5.9262000000;-20.6550000000;-59.6062500000;-5.7375000000;41.7500000000;-4.0000000000;13.2500000000
-8.5986000000;1.0098000000;-5.6814000000;-16.5750000000;-49.4700000000;-1.9125000000;42.1875000000;-4.0000000000;12.5000000000
-8.4660000000;1.8564000000;-5.5284000000;-22.9500000000;-51.3825000000;-4.0162500000;43.6875000000;-4.2500000000;9.3750000000
-8.6904000000;1.2036000000;-6.0180000000;-24.4162500000;-48.7050000000;-5.6737500000;44.0625000000;-4.0000000000;7.7500000000
-8.7516000000;1.3770000000;-5.2428000000;-11.9212500000;-39.8437500000;-1.7212500000;44.0625000000;-4.0000000000;7.7500000000
-9.4044000000;1.1628000000;-5.4264000000;-19.3162500000;-44.8162500000;-12.8137500000;45.0000000000;-4.0000000000;7.0625000000
-8.7108000000;1.3770000000;-4.8450000000;-5.8650000000;-35.7000000000;-6.7575000000;44.6875000000;-4.2500000000;5.0625000000
-9.2718000000;1.2546000000;-3.8556000000;-17.2125000000;-32.3850000000;-6.7575000000;44.6875000000;-3.5625000000;2.8750000000
-9.0474000000;1.3464000000;-4.0290000000;-21.4200000000;-38.6962500000;-12.7500000000;44.6875000000;-4.6875000000;1.6875000000
-9.3126000000;1.1526000000;-3.0702000000;-18.4875000000;-32.6400000000;-12.4312500000;44.6875000000;-4.6875000000;1.6875000000
-9.6084000000;1.9482000000;-2.9682000000;-18.1050000000;-44.8162500000;-15.0450000000;44.3750000000;-4.0000000000;-0.2500000000
-8.6496000000;2.0196000000;-2.8458000000;-15.7462500000;-41.5650000000;-11.2837500000;45.0000000000;-2.5000000000;-1.5000000000
-9.4452000000;2.1522000000;-3.1620000000;-14.8537500000;-32.9587500000;-5.8012500000;45.0000000000;-2.0625000000;-4.6875000000
-9.4350000000;1.5300000000;-3.1620000000;-22.5037500000;-34.8712500000;-7.7137500000;45.0000000000;-2.0625000000;-4.6875000000
-9.6390000000;1.1628000000;-2.7744000000;-4.2075000000;-28.7512500000;-7.5225000000;42.8750000000;-1.3750000000;-3.8750000000
-9.8022000000;1.2036000000;-2.8356000000;-4.6537500000;-26.7750000000;-12.3037500000;42.8750000000;-0.5625000000;-7.0625000000
-9.5574000000;1.6830000000;-2.6418000000;-0.0637500000;-26.5837500000;-10.2637500000;41.0625000000;0.0625000000;-7.0625000000
-9.5064000000;1.3056000000;-2.6112000000;13.0050000000;-16.3837500000;-8.2875000000;37.7500000000;0.8750000000;-8.6875000000
-9.6084000000;1.7034000000;-2.4174000000;8.9250000000;-17.3400000000;-8.4150000000;37.7500000000;0.8750000000;-8.6875000000
-9.5778000000;0.9384000000;-2.4276000000;6.9487500000;-13.5787500000;-4.9725000000;35.6875000000;1.5000000000;-9.2500000000
-9.6288000000;1.3260000000;-2.0502000000;6.0562500000;-10.0087500000;-6.0562500000;33.7500000000;1.5625000000;-10.5000000000
-9.3636000000;1.0404000000;-1.7850000000;1.7212500000;-7.7137500000;-4.3987500000;31.2500000000;2.0625000000;-10.5625000000
-9.5472000000;1.0302000000;-1.3464000000;-3.3150000000;-7.7775000000;-0.7650000000;30.5625000000;2.0625000000;-9.8750000000
-9.4656000000;1.0200000000;-1.6830000000;5.4187500000;-10.0087500000;-3.9525000000;30.5625000000;2.0625000000;-9.8750000000
-9.6798000000;1.2648000000;-1.1730000000;-1.5300000000;0.6375000000;-4.5262500000;29.5625000000;1.7500000000;-8.7500000000
-9.6084000000;0.8772000000;-1.3566000000;-7.9050000000;-0.9562500000;-2.6137500000;29.5625000000;1.5625000000;-8.8750000000
-9.3330000000;1.0608000000;-1.2444000000;-6.3750000000;-1.7212500000;-3.5700000000;28.3750000000;1.8750000000;-7.8750000000
-9.5574000000;0.8058000000;-1.5504000000;-8.8612500000;4.0162500000;-1.1475000000;28.3750000000;1.5625000000;-8.2500000000
-9.6594000000;1.0608000000;-1.2954000000;-3.5700000000;2.4225000000;-1.6575000000;28.3750000000;1.5625000000;-8.2500000000
-9.5472000000;1.1220000000;-1.3974000000;-3.6337500000;1.4025000000;-2.6775000000;28.7500000000;1.0000000000;-8.2500000000
-9.6288000000;1.0098000000;-1.3056000000;2.2950000000;3.9525000000;0.8925000000;27.7500000000;1.3750000000;-8.2500000000
-9.5778000000;1.1016000000;-1.2138000000;-1.8487500000;2.3587500000;-1.0200000000;28.0625000000;1.0625000000;-7.5000000000
-9.5268000000;0.9078000000;-1.2648000000;3.5062500000;1.9125000000;0.7012500000;29.5625000000;1.7500000000;-8.7500000000
-9.5676000000;0.9384000000;-1.1118000000;-2.7412500000;3.7612500000;1.7850000000;29.5625000000;1.7500000000;-8.7500000000
-9.6492000000;0.6630000000;-1.2546000000;-1.3387500000;0.8925000000;1.9762500000;29.5625000000;0.6875000000;-8.0000000000
-9.6084000000;0.9588000000;-1.1934000000;4.7812500000;-0.3825000000;1.9125000000;31.0625000000;1.7500000000;-8.3750000000
-9.4554000000;0.9996000000;-1.1730000000;-1.9125000000;-0.7012500000;1.7212500000;30.2500000000;1.5000000000;-8.2500000000
-9.7002000000;0.8262000000;-1.1526000000;-1.0200000000;-1.1475000000;2.9325000000;31.0625000000;1.5000000000;-8.2500000000
-9.6186000000;0.6936000000;-1.3872000000;-3.6337500000;0.0637500000;1.4662500000;31.0625000000;1.5000000000;-8.2500000000
-9.5064000000;1.2342000000;-1.4280000000;0.4462500000;-0.8925000000;1.3387500000;31.0625000000;0.2500000000;-8.2500000000
-9.7716000000;0.7038000000;-1.4484000000;-3.7612500000;1.6575000000;1.8487500000;31.7500000000;2.0625000000;-9.5625000000
-9.5472000000;1.0710000000;-1.3566000000;2.6775000000;1.3387500000;-0.7012500000;31.3750000000;1.5000000000;-7.0625000000
-9.5166000000;0.9690000000;-1.2954000000;2.1675000000;2.4862500000;0.1912500000;31.7500000000;1.5000000000;-9.1875000000
-9.6594000000;0.8364000000;-1.0914000000;-2.4862500000;2.7412500000;1.0200000000;31.7500000000;1.5000000000;-9.1875000000
-9.4350000000;0.9384000000;-1.2852000000;2.1037500000;-1.9125000000;-0.0637500000;32.1875000000;2.0625000000;-8.6875000000
-9.5268000000;1.1322000000;-1.3566000000;-2.4862500000;2.0400000000;1.5937500000;32.5000000000;1.5000000000;-8.7500000000
-9.6186000000;0.6732000000;-1.1016000000;-5.7375000000;0.8925000000;0.5100000000;32.8750000000;1.0625000000;-8.7500000000
-9.4554000000;1.0608000000;-1.2750000000;3.0600000000;-3.1875000000;-0.3825000000;33.2500000000;1.7500000000;-8.7500000000
-9.5778000000;0.9792000000;-1.3362000000;-3.1237500000;0.3825000000;2.0400000000;33.2500000000;1.7500000000;-8.7500000000
-9.4656000000;0.8160000000;-1.2750000000;0.7012500000;-1.3387500000;0.4462500000;32.8750000000;0.6875000000;-9.0625000000
-9.6798000000;0.8976000000;-1.3770000000;3.8887500000;0.1912500000;-1.5937500000;34.0000000000;1.5000000000;-9.5000000000
-9.6492000000;1.0914000000;-1.2546000000;3.1875000000;1.3387500000;0.7650000000;32.5000000000;1.7500000000;-7.1875000000
-9.5574000000;0.8874000000;-1.4484000000;-2.0400000000;-1.4025000000;-1.1475000000;32.1875000000;1.5000000000;-8.2500000000
-9.4860000000;1.2648000000;-1.3362000000;4.4625000000;0.3825000000;0.3825000000;32.1875000000;1.5000000000;-8.2500000000
-9.5778000000;0.8670000000;-1.4076000000;-4.3987500000;1.5300000000;1.0200000000;32.5000000000;0.6875000000;-8.0000000000
-9.7002000000;0.8364000000;-1.6524000000;-1.2750000000;0.0000000000;-0.7650000000;32.5000000000;1.0625000000;-9.0625000000
-9.5982000000;1.1322000000;-1.5708000000;4.6537500000;3.3150000000;-0.3825000000;32.8750000000;1.5000000000;-9.0625000000
-9.6594000000;1.1730000000;-1.6320000000;2.8687500000;2.1037500000;-1.3387500000;32.8750000000;1.7500000000;-8.2500000000
-9.4452000000;1.3566000000;-2.2848000000;3.5062500000;4.1437500000;0.5100000000;32.8750000000;1.7500000000;-8.2500000000
-9.4860000000;1.3872000000;-2.2746000000;7.5225000000;11.7300000000;5.2275000000;32.8750000000;1.7500000000;-8.0000000000
-9.5268000000;1.3668000000;-2.5398000000;8.3512500000;9.4350000000;6.5025000000;34.0000000000;1.7500000000;-8.0000000000
-9.6288000000;1.3362000000;-2.7642000000;8.7975000000;15.7462500000;8.9887500000;35.5000000000;1.0625000000;-8.2500000000
-9.6696000000;1.1016000000;-2.7234000000;7.3312500000;25.2450000000;11.2200000000;37.2500000000;1.0625000000;-8.7500000000
-9.7818000000;0.9690000000;-3.1008000000;9.1162500000;24.4800000000;6.8850000000;37.2500000000;1.0625000000;-8.7500000000
-9.5064000000;1.2444000000;-3.0906000000;15.1087500000;33.4050000000;8.1600000000;39.8750000000;1.7500000000;-8.7500000000
-9.5472000000;1.3464000000;-3.4068000000;1.0200000000;43.5412500000;5.7375000000;40.1875000000;0.3750000000;-7.5625000000
-9.2106000000;1.2852000000;-3.3558000000;-4.2712500000;47.6850000000;8.2875000000;42.3750000000;-0.6875000000;-6.0000000000
-9.5472000000;1.5402000000;-3.7128000000;-0.3187500000;56.5462500000;9.9450000000;44.6875000000;-0.6875000000;-4.0625000000
-9.3126000000;1.4076000000;-4.2126000000;-12.7500000000;48.9600000000;7.7775000000;44.6875000000;-0.6875000000;-4.0625000000
-9.1494000000;1.2036000000;-4.5390000000;5.3550000000;55.7175000000;11.7937500000;44.6875000000;-1.2500000000;-1.7500000000
-9.2820000000;1.9992000000;-4.6512000000;1.8487500000;56.3550000000;8.9250000000;44.6875000000;-2.0000000000;-0.2500000000
-8.7822000000;1.3974000000;-5.3244000000;-20.2087500000;56.8650000000;7.2037500000;45.0000000000;-1.8750000000;2.2500000000
-9.0168000000;1.6524000000;-5.1408000000;15.5550000000;65.2800000000;10.3912500000;45.0000000000;-1.8750000000;2.2500000000
-8.7312000000;2.1318000000;-5.4468000000;0.1275000000;60.8175000000;7.6500000000;45.3750000000;-1.5625000000;4.2500000000
-8.4252000000;1.3974000000;-5.4774000000;11.7300000000;61.3275000000;12.1762500000;44.0000000000;-3.0000000000;7.3750000000
-8.0478000000;1.9176000000;-5.8344000000;7.4587500000;61.0725000000;10.5825000000;43.5625000000;-3.0000000000;8.3750000000
-8.0478000000;1.5096000000;-5.8548000000;2.4225000000;66.8100000000;10.3275000000;42.5000000000;-3.0000000000;11.1875000000
-7.5684000000;1.8564000000;-5.7222000000;15.1725000000;59.7337500000;9.9450000000;42.5000000000;-3.0000000000;11.1875000000
-7.3542000000;1.3668000000;-6.2322000000;2.8050000000;58.4587500000;7.7775000000;42.1875000000;-3.6875000000;12.0000000000
-6.9870000000;1.9584000000;-6.3954000000;22.4400000000;52.7212500000;10.1362500000;41.0000000000;-3.2500000000;14.0000000000
-6.6606000000;1.7238000000;-6.4872000000;5.4825000000;53.4225000000;7.3312500000;39.1875000000;-3.6875000000;17.5000000000
-6.3648000000;1.2852000000;-6.6810000000;4.3987500000;52.0837500000;9.1162500000;39.6875000000;-4.5000000000;18.7500000000
-6.1608000000;1.7136000000;-6.8952000000;21.0375000000;54.2512500000;7.6500000000;39.6875000000;-4.5000000000;18.7500000000
-5.6916000000;1.3872000000;-7.0482000000;2.8050000000;56.7375000000;4.7812500000;37.7500000000;-3.6875000000;21.7500000000
-5.5692000000;1.3260000000;-7.2726000000;7.3312500000;51.6375000000;7.5862500000;37.0000000000;-3.6875000000;21.7500000000
-5.2428000000;1.4994000000;-7.3032000000;17.1487500000;42.9037500000;5.9287500000;34.8750000000;-3.2500000000;22.6875000000
-4.8756000000;1.2036000000;-7.4664000000;11.4750000000;34.0425000000;4.5900000000;34.5000000000;-3.6875000000;24.2500000000
-4.9164000000;1.5198000000;-7.5378000000;16.8300000000;32.0025000000;5.9287500000;34.5000000000;-3.6875000000;24.2500000000
-4.5084000000;1.2036000000;-7.3746000000;7.7775000000;21.2287500000;2.2312500000;33.0000000000;-3.2500000000;24.6875000000
-4.2636000000;1.4484000000;-7.5786000000;2.4862500000;15.1725000000;-1.4662500000;32.2500000000;-3.0000000000;25.5000000000
-4.2024000000;1.2954000000;-7.6908000000;5.1637500000;13.9612500000;1.6575000000;32.1875000000;-3.2500000000;27.0625000000
-4.2228000000;1.1628000000;-8.0070000000;-6.5025000000;9.1800000000;-0.9562500000;31.7500000000;-3.2500000000;26.0000000000
-4.1004000000;1.2138000000;-8.2008000000;5.1000000000;6.7575000000;-3.1237500000;31.7500000000;-3.2500000000;26.0000000000
-3.8556000000;1.3566000000;-8.3640000000;5.6100000000;8.7337500000;-3.2512500000;30.6875000000;-3.0000000000;27.5625000000
-4.2534000000;1.2852000000;-8.3436000000;-2.9325000000;8.9887500000;-1.1475000000;30.6875000000;-3.0000000000;27.2500000000
-4.0392000000;1.3260000000;-8.5476000000;6.0562500000;2.2950000000;-4.3987500000;30.2500000000;-2.5625000000;27.6875000000
-3.9882000000;1.3668000000;-8.6700000000;2.8687500000;4.5900000000;-1.8487500000;30.6875000000;-3.0000000000;27.2500000000
-3.8964000000;1.3668000000;-8.7414000000;2.8687500000;2.6775000000;-2.3587500000;30.6875000000;-3.0000000000;27.2500000000
-4.0290000000;1.2852000000;-8.8026000000;-1.9125000000;2.6775000000;-1.6575000000;30.6875000000;-3.0000000000;27.5625000000
-3.7842000000;1.2444000000;-8.8638000000;2.1037500000;0.2550000000;-2.4862500000;30.6875000000;-2.5625000000;27.5625000000
-3.7944000000;1.2648000000;-8.6802000000;1.5300000000;2.9325000000;-1.6575000000;31.0625000000;-2.5625000000;27.1875000000
-3.7740000000;1.0506000000;-8.7108000000;-4.9725000000;0.5737500000;-1.5300000000;29.8750000000;-1.7500000000;28.0625000000
-3.8862000000;1.3362000000;-8.7822000000;2.5500000000;0.1912500000;-0.4462500000;29.8750000000;-1.7500000000;28.0625000000
-3.9882000000;1.2852000000;-8.9454000000;-3.6975000000;2.9325000000;-1.5937500000;30.6875000000;-1.7500000000;28.7500000000
-3.8352000000;1.2546000000;-8.7618000000;-5.7375000000;2.1675000000;-3.3150000000;30.6875000000;-2.1875000000;28.0000000000
-3.7842000000;1.1322000000;-8.8026000000;0.8925000000;3.3150000000;-2.4862500000;29.5625000000;-3.0000000000;28.8750000000
-3.9168000000;1.4382000000;-8.6292000000;-5.7375000000;5.1637500000;-0.3187500000;30.2500000000;-2.5625000000;27.5625000000
-3.8250000000;1.3362000000;-8.7210000000;3.0600000000;-0.2550000000;-2.1675000000;30.2500000000;-2.5625000000;27.5625000000
-3.7128000000;1.2342000000;-8.9148000000;-1.7850000000;0.0637500000;-1.6575000000;30.6875000000;-3.0000000000;27.5625000000
-3.9168000000;1.3566000000;-8.6904000000;-0.7012500000;3.9525000000;-1.9125000000;31.0625000000;-1.7500000000;27.7500000000
-3.7230000000;1.3362000000;-8.8230000000;0.5737500000;-0.8925000000;-1.7850000000;30.2500000000;-2.1875000000;29.6875000000
-3.8148000000;1.3158000000;-8.7006000000;-0.3825000000;1.2112500000;-0.1912500000;30.2500000000;-2.1875000000;28.5000000000
-3.6414000000;1.2954000000;-8.9352000000;0.5100000000;1.7212500000;-0.7650000000;30.2500000000;-2.1875000000;28.5000000000
-3.6822000000;1.3056000000;-8.9760000000;-0.3825000000;0.5100000000;-2.2312500000;30.2500000000;-2.5625000000;28.7500000000
-3.7944000000;1.3668000000;-8.8230000000;2.1037500000;0.2550000000;2.1675000000;29.1875000000;-2.5625000000;28.5000000000
-3.7740000000;1.0404000000;-9.0168000000;-1.9125000000;-0.9562500000;-2.4225000000;29.8750000000;-2.1875000000;28.5000000000
-3.8556000000;1.3668000000;-8.7210000000;2.4862500000;1.9125000000;1.1475000000;29.8750000000;-1.7500000000;28.0625000000
-3.8556000000;1.2954000000;-8.8740000000;-2.8050000000;0.8287500000;-0.7012500000;29.8750000000;-1.7500000000;28.0625000000
-3.7740000000;1.2342000000;-8.8740000000;0.9562500000;-0.5100000000;-0.5100000000;29.1875000000;-1.7500000000;28.5000000000
-3.8454000000;1.1628000000;-8.7108000000;-1.8487500000;1.2750000000;0.1912500000;30.2500000000;-2.1875000000;28.0625000000
-3.6720000000;1.2852000000;-8.9250000000;-2.4225000000;-3.1875000000;-2.4225000000;29.8750000000;-2.5625000000;28.0625000000
-3.7128000000;1.2852000000;-8.9046000000;-1.4662500000;1.2112500000;0.1275000000;29.8750000000;-3.0000000000;29.6875000000
-3.9066000000;1.1526000000;-8.9148000000;-0.5100000000;0.1275000000;-0.0637500000;29.8750000000;-3.0000000000;29.6875000000
-3.7230000000;1.3872000000;-8.9556000000;2.2950000000;0.8925000000;-1.2750000000;30.6875000000;-1.7500000000;28.8750000000
-3.7944000000;1.2954000000;-8.8944000000;2.1675000000;1.9125000000;0.4462500000;29.1875000000;-2.5625000000;28.5000000000
-3.7434000000;1.3056000000;-8.9250000000;-6.4387500000;0.5100000000;-1.9125000000;30.2500000000;-2.1875000000;27.7500000000
-3.7332000000;1.2036000000;-8.8128000000;2.2312500000;-0.6375000000;-1.0837500000;30.2500000000;-1.7500000000;28.0625000000
-3.6618000000;1.3464000000;-8.8740000000;-3.0600000000;1.0837500000;-0.7012500000;30.2500000000;-1.7500000000;28.0625000000
-3.7026000000;1.1832000000;-8.8536000000;1.2112500000;0.1912500000;-1.9762500000;29.8750000000;-1.7500000000;28.0625000000
-3.6516000000;1.4178000000;-8.8434000000;-1.8487500000;2.1675000000;0.7650000000;30.6875000000;-2.1875000000;28.5000000000
-3.9270000000;1.2648000000;-8.6598000000;-0.4462500000;1.8487500000;1.4662500000;29.5625000000;-2.1875000000;27.5625000000
-3.6414000000;1.1628000000;-8.9046000000;-1.2112500000;-2.4862500000;-2.4862500000;29.5625000000;-2.1875000000;27.5625000000
-3.7434000000;1.4586000000;-8.7924000000;-0.8287500000;3.6337500000;0.2550000000;30.2500000000;-2.1875000000;29.6875000000
-3.7536000000;1.2648000000;-8.8740000000;-2.2950000000;0.2550000000;0.6375000000;30.2500000000;-2.1875000000;29.0000000000
-3.7230000000;1.2648000000;-8.9250000000;-0.1275000000;-0.3187500000;-0.5100000000;29.5625000000;-2.1875000000;27.6875000000
-3.7434000000;1.4586000000;-8.7720000000;-0.4462500000;2.4862500000;1.2112500000;29.5625000000;-2.5625000000;27.2500000000
-3.7944000000;1.2036000000;-8.8230000000;-0.2550000000;0.8287500000;-1.2750000000;29.5625000000;-2.5625000000;27.2500000000
-3.6006000000;1.3056000000;-8.8434000000;1.4025000000;0.2550000000;0.3187500000;29.8750000000;-3.0000000000;29.2500000000
-3.7944000000;1.1526000000;-8.8434000000;-1.1475000000;1.3387500000;-1.4662500000;30.6875000000;-2.5625000000;28.5000000000
-3.6822000000;1.2852000000;-8.8638000000;-0.1912500000;0.5737500000;-1.9125000000;29.8750000000;-2.5625000000;29.6875000000
-3.7332000000;1.3362000000;-8.7618000000;-0.0637500000;1.3387500000;-0.5100000000;29.8750000000;-2.5625000000;28.7500000000
-3.7434000000;1.2546000000;-8.9250000000;-1.0837500000;-1.4025000000;-2.9325000000;29.8750000000;-2.5625000000;28.7500000000
-3.6618000000;1.3464000000;-8.9454000000;3.1237500000;-0.4462500000;-0.8925000000;29.8750000000;-2.1875000000;27.7500000000
-3.8250000000;1.2750000000;-9.0678000000;-3.7612500000;0.5737500000;-2.0400000000;29.5625000000;-2.1875000000;28.7500000000
-3.6210000000;1.4076000000;-9.0270000000;3.3787500000;-0.7012500000;-1.4662500000;30.2500000000;-3.0000000000;28.8750000000
-3.7332000000;1.3158000000;-8.8842000000;-1.9125000000;1.7212500000;0.8925000000;29.1875000000;-2.1875000000;28.5000000000
-3.7842000000;1.3056000000;-8.8434000000;1.4662500000;0.3187500000;-0.3187500000;29.1875000000;-2.1875000000;28.5000000000
-3.7026000000;1.3770000000;-9.0168000000;0.2550000000;-0.4462500000;-1.2750000000;29.8750000000;-1.7500000000;27.7500000000
-3.6414000000;1.2546000000;-8.8332000000;-0.5737500000;2.5500000000;0.8287500000;29.8750000000;-2.5625000000;28.5625000000
-3.9168000000;1.3464000000;-8.8026000000;-2.2950000000;1.7850000000;-0.1912500000;29.8750000000;-1.7500000000;29.6875000000
-3.6312000000;1.2852000000;-8.9148000000;-2.1037500000;-0.9562500000;-0.4462500000;29.8750000000;-2.1875000000;29.0000000000
-3.7842000000;1.3158000000;-8.7720000000;2.1037500000;2.6137500000;1.1475000000;29.8750000000;-2.1875000000;29.0000000000
-3.6720000000;1.2750000000;-8.8332000000;-2.6137500000;-0.9562500000;0.5100000000;29.8750000000;-2.5625000000;28.5000000000
-3.7944000000;1.3668000000;-8.7312000000;1.2112500000;-0.0637500000;-0.0637500000;29.1875000000;-1.7500000000;28.0625000000
-3.7536000000;1.3362000000;-8.6700000000;2.1675000000;-0.6375000000;0.0000000000;29.8750000000;-2.5625000000;26.8750000000
-3.7128000000;1.3770000000;-8.6190000000;-0.4462500000;-1.4025000000;-0.3825000000;29.8750000000;-2.1875000000;27.7500000000
-3.6618000000;1.2138000000;-8.7210000000;0.5100000000;-3.6337500000;-2.5500000000;29.8750000000;-2.1875000000;27.7500000000
-3.9474000000;1.3872000000;-8.4354000000;1.8487500000;-2.5500000000;-0.4462500000;29.8750000000;-2.1875000000;28.5000000000
-3.7128000000;1.4892000000;-8.5578000000;0.0637500000;-3.6975000000;-2.5500000000;29.8750000000;-1.7500000000;27.7500000000
-3.7740000000;1.4280000000;-8.2416000000;5.8012500000;-6.7575000000;-1.3387500000;30.2500000000;-2.1875000000;30.0625000000
-3.8964000000;1.4688000000;-8.1192000000;-0.9562500000;-8.6700000000;-0.7012500000;29.8750000000;-3.0000000000;27.7500000000
-4.0188000000;1.1730000000;-7.9458000000;-0.3187500000;-11.7937500000;0.1912500000;29.8750000000;-3.0000000000;27.7500000000
-4.1820000000;1.4586000000;-8.1090000000;-9.6262500000;-13.7062500000;-3.1237500000;31.0625000000;-1.7500000000;29.0000000000
-4.0494000000;1.1220000000;-7.7112000000;-4.2075000000;-11.4750000000;-2.1037500000;31.0625000000;-2.1875000000;27.2500000000
-4.2738000000;1.6830000000;-7.5684000000;-11.3475000000;-17.8500000000;-3.6337500000;31.3750000000;-2.5625000000;28.0625000000
-4.5084000000;1.0812000000;-7.6194000000;-14.6625000000;-24.2250000000;-3.3787500000;32.1875000000;-2.5625000000;27.0000000000
-4.5798000000;1.7238000000;-7.0788000000;4.8450000000;-29.8987500000;1.4662500000;32.1875000000;-2.5625000000;27.0000000000
-4.7940000000;1.1832000000;-7.7418000000;-17.6587500000;-35.3812500000;-1.0837500000;32.1875000000;-2.5625000000;25.2500000000
-4.9266000000;2.3052000000;-7.3440000000;13.4512500000;-40.0987500000;6.1200000000;32.5000000000;-3.0000000000;26.0625000000
-5.5182000000;1.2750000000;-7.6500000000;-18.8700000000;-39.7800000000;2.8050000000;33.5625000000;-3.0000000000;24.5625000000
-5.2428000000;1.6830000000;-7.4358000000;12.7500000000;-46.9200000000;4.5900000000;34.7500000000;-2.5625000000;24.0625000000
-6.0588000000;1.7238000000;-7.5888000000;-3.6975000000;-44.6887500000;4.5262500000;34.7500000000;-2.5625000000;24.0625000000
-5.8854000000;1.6014000000;-7.4358000000;7.6500000000;-46.4737500000;5.0362500000;36.5625000000;-2.5625000000;22.5000000000
-6.7422000000;1.2138000000;-6.9564000000;-1.6575000000;-48.2587500000;7.2675000000;36.8750000000;-3.0000000000;20.5625000000
-6.4770000000;0.9180000000;-7.1298000000;-15.1725000000;-48.6412500000;-3.0600000000;37.2500000000;-3.6875000000;18.5625000000
-6.7728000000;1.3464000000;-6.5484000000;5.8012500000;-46.2825000000;1.1475000000;39.1875000000;-3.6875000000;17.5000000000
-7.5276000000;1.5708000000;-6.6198000000;-9.5625000000;-47.7487500000;0.0000000000;39.1875000000;-3.6875000000;17.5000000000
-7.1298000000;0.9996000000;-6.4566000000;-20.2087500000;-49.4700000000;-5.5462500000;39.8750000000;-3.5625000000;17.0625000000
-7.4154000000;1.3464000000;-5.8956000000;1.3387500000;-49.4062500000;-0.8287500000;41.0000000000;-3.5625000000;15.5000000000
-7.9866000000;1.8462000000;-5.7426000000;-25.3087500000;-54.0600000000;-3.2512500000;41.7500000000;-3.1875000000;13.5000000000
-7.8234000000;1.2648000000;-6.4158000000;-19.1250000000;-54.1237500000;-5.5462500000;42.7500000000;-4.6875000000;12.0000000000
-8.5068000000;1.7340000000;-5.9874000000;-10.5187500000;-48.5775000000;-4.9725000000;42.7500000000;-4.6875000000;12.0000000000
-8.3538000000;2.0604000000;-6.0078000000;-35.1262500000;-45.7725000000;-8.4150000000;42.7500000000;-4.3750000000;10.5000000000
-8.6394000000;1.8462000000;-5.0898000000;-16.7025000000;-40.2262500000;-6.1837500000;43.8750000000;-3.1875000000;8.7500000000
-8.6802000000;2.7846000000;-5.2020000000;-35.3175000000;-45.7087500000;-10.7100000000;43.5000000000;-4.3750000000;7.3750000000
-8.2824000000;2.2032000000;-5.2632000000;-44.4337500000;-36.4012500000;-4.3987500000;44.6875000000;-4.3750000000;3.7500000000
-9.1698000000;1.4688000000;-4.3962000000;-24.2250000000;-35.5725000000;-6.1837500000;44.6875000000;-4.3750000000;3.7500000000
-8.9352000000;1.3668000000;-4.3248000000;-5.1000000000;-44.7525000000;-15.4275000000;45.0000000000;-4.3750000000;3.3750000000
-9.2208000000;1.7442000000;-3.4986000000;12.5587500000;-36.8475000000;-16.0650000000;45.0000000000;-3.5625000000;1.8750000000
-8.9760000000;2.2134000000;-3.8454000000;-14.9812500000;-36.8475000000;-22.4400000000;45.2500000000;-3.1875000000;-0.0625000000
-8.9760000000;1.7442000000;-3.7536000000;-14.8537500000;-35.7000000000;-15.3000000000;45.2500000000;-3.1875000000;-0.0625000000
-9.2616000000;1.9584000000;-3.9066000000;-5.4187500000;-34.7437500000;-16.3200000000;45.0000000000;-1.6875000000;-2.0625000000
-9.0372000000;2.5500000000;-3.7944000000;-9.0525000000;-33.0225000000;-16.2562500000;44.6875000000;-1.0625000000;-3.5625000000
-9.3942000000;1.9482000000;-3.2742000000;-12.7500000000;-15.5550000000;-8.9887500000;43.1875000000;-1.0625000000;-5.5625000000
-9.3534000000;2.2542000000;-2.8356000000;-10.6462500000;-20.2087500000;-11.9850000000;42.8750000000;0.3750000000;-5.1875000000
-9.2820000000;2.2848000000;-2.9682000000;-11.9850000000;-17.7862500000;-11.5387500000;42.8750000000;0.3750000000;-5.1875000000
-9.4554000000;2.0094000000;-2.2440000000;1.8487500000;-13.3875000000;-1.7212500000;41.3750000000;1.0625000000;-7.5625000000
-9.4248000000;1.5300000000;-2.0502000000;-3.6975000000;-13.8975000000;-4.4625000000;39.2500000000;2.0000000000;-8.0625000000
-9.3126000000;1.5402000000;-2.1726000000;-3.8250000000;-17.0850000000;-5.4825000000;38.5000000000;2.0000000000;-7.5625000000
-9.3432000000;1.4280000000;-2.1828000000;5.1000000000;-11.7300000000;-3.3787500000;36.6875000000;2.2500000000;-9.0000000000
-9.4146000000;1.8156000000;-2.3460000000;10.3275000000;-11.6025000000;-2.1037500000;36.6875000000;2.2500000000;-9.0000000000
-9.1596000000;1.5198000000;-2.5398000000;-1.0200000000;-11.0925000000;-3.9525000000;36.0625000000;3.0625000000;-9.3750000000
-9.4146000000;1.7238000000;-2.3664000000;10.6462500000;-4.0162500000;1.7212500000;33.7500000000;4.1875000000;-9.0625000000
-9.5472000000;1.2954000000;-2.3256000000;8.3512500000;-2.9325000000;1.3387500000;33.1875000000;4.6875000000;-9.8750000000
-9.4758000000;1.3974000000;-2.1420000000;21.9300000000;-5.7375000000;-0.3825000000;32.5000000000;4.0000000000;-8.5000000000
-9.4350000000;1.3770000000;-2.1522000000;7.5225000000;-1.7850000000;-0.3187500000;32.5000000000;4.0000000000;-8.5000000000
-9.5880000000;1.4076000000;-1.9176000000;-2.1037500000;3.0600000000;3.6337500000;32.5000000000;4.7500000000;-9.2500000000
-9.4146000000;1.3158000000;-2.0196000000;-7.4587500000;3.9525000000;3.1237500000;33.5625000000;4.7500000000;-9.3750000000
-9.3330000000;1.5810000000;-1.7850000000;1.0837500000;6.5025000000;4.8450000000;33.8750000000;5.1875000000;-8.5625000000
-9.4350000000;1.4688000000;-1.7748000000;-5.4825000000;5.7375000000;4.5900000000;33.8750000000;4.0625000000;-8.1875000000
-9.3636000000;1.3974000000;-1.7442000000;-1.2750000000;2.6775000000;2.8050000000;33.8750000000;4.0625000000;-8.1875000000
-9.3126000000;1.7034000000;-1.8462000000;4.4625000000;3.1875000000;-0.5737500000;35.3750000000;4.0625000000;-9.2500000000
-9.2922000000;1.8054000000;-1.5606000000;9.8812500000;2.2312500000;5.2912500000;36.1875000000;3.2500000000;-9.3750000000
-9.5472000000;1.1424000000;-1.8156000000;-4.4625000000;2.6137500000;5.8650000000;36.8750000000;4.0625000000;-8.5625000000
-9.3228000000;1.5096000000;-1.9074000000;7.0762500000;1.8487500000;3.9525000000;38.0000000000;3.6875000000;-9.2500000000
-9.5574000000;1.2852000000;-1.9482000000;-1.8487500000;2.9325000000;5.4825000000;38.0000000000;3.6875000000;-9.2500000000
-9.2004000000;1.0098000000;-2.2848000000;1.2112500000;-2.3587500000;1.2750000000;38.0000000000;4.0625000000;-8.1875000000
-9.3942000000;1.8258000000;-1.9482000000;6.7575000000;4.4625000000;4.7175000000;37.5625000000;2.8750000000;-8.1875000000
-9.4962000000;1.1832000000;-1.9686000000;-3.5062500000;4.5262500000;2.1675000000;39.5000000000;3.2500000000;-8.8750000000
-9.3636000000;1.8768000000;-2.1522000000;3.5700000000;-0.3187500000;0.0000000000;39.5000000000;3.6875000000;-8.8750000000
-9.0984000000;1.3566000000;-2.1114000000;-7.6500000000;3.7612500000;1.7212500000;39.5000000000;3.6875000000;-8.8750000000
-9.3840000000;1.6218000000;-2.0298000000;-3.5062500000;4.3987500000;3.2512500000;39.5000000000;2.8750000000;-9.3750000000
-9.3636000000;1.3872000000;-2.0298000000;-2.9962500000;2.6137500000;0.0637500000;39.8750000000;2.5625000000;-7.6875000000
-9.2514000000;1.6320000000;-1.9890000000;0.8925000000;2.0400000000;0.3187500000;40.5625000000;2.5625000000;-6.8750000000
-9.4656000000;1.6422000000;-1.6320000000;-0.6375000000;4.4625000000;-1.5937500000;40.5625000000;2.8750000000;-7.6875000000
-9.3330000000;1.5912000000;-1.9176000000;-2.9962500000;1.4662500000;-2.4862500000;40.5625000000;2.8750000000;-7.6875000000
-9.0780000000;1.4994000000;-1.9890000000;-0.1912500000;1.2750000000;0.3187500000;40.1875000000;2.8750000000;-8.5625000000
-9.4248000000;1.3668000000;-2.0604000000;0.5100000000;1.4662500000;-3.8887500000;40.5625000000;2.5625000000;-7.3750000000
-9.3330000000;1.7952000000;-2.0298000000;10.8375000000;-0.1912500000;-2.0400000000;42.3750000000;2.8750000000;-6.8750000000
-9.2004000000;1.7748000000;-2.0400000000;0.5737500000;-1.7850000000;-1.7212500000;40.5625000000;2.6875000000;-7.6875000000
-9.4044000000;1.5912000000;-2.1420000000;0.6375000000;0.5737500000;-1.4025000000;40.5625000000;2.6875000000;-7.6875000000
-9.3126000000;1.8564000000;-1.9074000000;3.9525000000;-1.2112500000;1.6575000000;41.0000000000;3.0000000000;-9.0000000000
-9.1698000000;1.5402000000;-2.1012000000;-3.5062500000;-2.1037500000;0.4462500000;41.0000000000;2.6875000000;-7.7500000000
-9.3432000000;1.7544000000;-1.9584000000;-0.7012500000;1.6575000000;0.3825000000;40.5625000000;2.6875000000;-7.6875000000
-9.3330000000;1.8564000000;-2.0094000000;-3.4425000000;-2.4862500000;3.7612500000;40.5625000000;3.0000000000;-8.1875000000
-9.2820000000;1.3260000000;-2.2542000000;0.3187500000;-0.1912500000;1.1475000000;40.5625000000;3.0000000000;-8.1875000000
-9.3840000000;1.6524000000;-2.0604000000;4.9725000000;0.6375000000;-0.0637500000;41.6875000000;2.0000000000;-8.1875000000
-9.2208000000;1.6014000000;-2.0400000000;2.4225000000;-1.2112500000;2.0400000000;40.5625000000;2.6875000000;-8.1875000000
-9.4146000000;1.3668000000;-2.1624000000;4.4625000000;-0.1275000000;-0.3187500000;39.8750000000;2.3750000000;-7.6875000000
-9.3738000000;1.7442000000;-2.1420000000;4.7812500000;-0.1912500000;0.9562500000;41.0000000000;3.0000000000;-8.5625000000
-9.3126000000;1.4076000000;-2.0502000000;3.2512500000;0.1275000000;1.5300000000;41.0000000000;3.0000000000;-8.5625000000
-9.3738000000;1.4178000000;-2.1114000000;2.2312500000;0.0000000000;-1.4662500000;41.2500000000;3.0000000000;-6.5625000000
-9.1494000000;1.8666000000;-2.1114000000;11.0925000000;-1.4025000000;0.0637500000;42.0625000000;2.6875000000;-8.0625000000
-9.2718000000;1.7034000000;-1.9992000000;-4.6537500000;1.7850000000;1.9125000000;41.0000000000;2.6875000000;-8.8750000000
-9.4350000000;1.3158000000;-2.0808000000;0.3825000000;0.7650000000;0.4462500000;41.0000000000;2.6875000000;-8.8750000000
-9.0882000000;1.7340000000;-1.8870000000;-3.8250000000;2.1037500000;-0.2550000000;41.6875000000;2.3750000000;-8.1875000000
-9.3432000000;1.6830000000;-1.9890000000;-5.9287500000;-0.3825000000;2.4862500000;42.0625000000;2.6875000000;-7.6875000000
-9.2412000000;1.3464000000;-2.0094000000;1.0837500000;-3.1237500000;1.8487500000;41.2500000000;2.6875000000;-7.6875000000
-9.3942000000;1.3770000000;-2.1522000000;5.3550000000;-0.5737500000;-3.8887500000;41.6875000000;2.0000000000;-6.8750000000
