time index;acc_x;acc_y;acc_z;gyr_x;gyr_y;gyr_z;mag_x;mag_y;mag_z;quat_w;quat_x;quat_y;quat_z
1;-9.6500000000;1.2700000000;0.6700000000;-0.5000000000;-2.0625000000;-0.6875000000;37.0000000000;-23.1875000000;-16.6875000000;0.6795040000;0.1789550000;-0.6500850000;0.2891850000
2;-9.6100000000;1.3600000000;0.7600000000;-2.8125000000;0.7500000000;-0.6250000000;37.5625000000;-22.7500000000;-17.0625000000;0.6793210000;0.1795650000;-0.6499630000;0.2895510000
3;-9.5900000000;1.4500000000;0.7800000000;0.2500000000;0.7500000000;-0.1875000000;37.5625000000;-22.7500000000;-17.0625000000;0.6789550000;0.1798710000;-0.6502080000;0.2896730000
4;-9.6200000000;1.2200000000;0.8400000000;-1.8125000000;1.3125000000;0.8750000000;36.5625000000;-21.2500000000;-17.3750000000;0.6784670000;0.1802370000;-0.6503300000;0.2902220000
5;-9.6200000000;1.1900000000;1.0100000000;-0.9375000000;1.1875000000;-0.0625000000;37.0000000000;-22.0625000000;-17.5000000000;0.6779790000;0.1807250000;-0.6505740000;0.2905880000
6;-9.6000000000;1.3700000000;0.8600000000;1.5000000000;-1.2500000000;-0.6250000000;37.2500000000;-22.7500000000;-17.3750000000;0.6783450000;0.1802980000;-0.6505740000;0.2899780000
7;-9.5900000000;1.2100000000;0.8200000000;-2.4375000000;-0.7500000000;0.2500000000;37.2500000000;-21.6875000000;-17.0625000000;0.6784670000;0.1806640000;-0.6501460000;0.2904050000
8;-9.6700000000;1.2500000000;0.7800000000;0.8750000000;-1.0000000000;-0.1875000000;37.2500000000;-21.6875000000;-17.0625000000;0.6786500000;0.1806640000;-0.6499020000;0.2905880000
9;-9.6300000000;1.2900000000;0.7800000000;0.1250000000;-0.0625000000;0.1875000000;37.2500000000;-23.1875000000;-16.6875000000;0.6790770000;0.1798100000;-0.6500240000;0.2897950000
10;-9.6100000000;1.1600000000;0.7600000000;-1.4375000000;0.3125000000;0.1250000000;37.2500000000;-22.7500000000;-17.3750000000;0.6789550000;0.1799320000;-0.6499630000;0.2900390000
11;-9.5800000000;1.1700000000;0.7300000000;1.4375000000;0.5625000000;-0.5000000000;38.0000000000;-20.8750000000;-16.6875000000;0.6790160000;0.1798100000;-0.6500240000;0.2899170000
12;-9.6700000000;1.2400000000;0.9700000000;-2.2500000000;-0.3125000000;-0.7500000000;36.1875000000;-21.2500000000;-17.3750000000;0.6787720000;0.1806640000;-0.6499020000;0.2903440000
13;-9.5800000000;1.3600000000;0.8100000000;2.8125000000;-1.3750000000;-1.1250000000;36.1875000000;-21.2500000000;-17.3750000000;0.6790770000;0.1807250000;-0.6496580000;0.2901000000
14;-9.6200000000;1.4600000000;0.7800000000;-0.3750000000;0.0625000000;0.4375000000;37.0000000000;-22.3750000000;-18.1875000000;0.6790770000;0.1804200000;-0.6497800000;0.2899780000
15;-9.5900000000;1.3300000000;0.8300000000;1.9375000000;-0.3125000000;0.4375000000;37.0000000000;-22.3750000000;-18.1875000000;0.6790770000;0.1801760000;-0.6499020000;0.2898560000
16;-9.6100000000;1.1700000000;0.8500000000;1.3750000000;-0.1250000000;0.8750000000;37.2500000000;-21.2500000000;-18.1875000000;0.6790770000;0.1796260000;-0.6500850000;0.2897340000
17;-9.6100000000;1.0700000000;0.8700000000;-1.4375000000;-0.2500000000;-0.1875000000;37.5625000000;-22.7500000000;-18.1875000000;0.6790770000;0.1796870000;-0.6500850000;0.2896730000
18;-9.6700000000;1.0900000000;0.8000000000;-0.8750000000;-1.0000000000;-1.9375000000;37.5625000000;-22.7500000000;-18.1875000000;0.6793820000;0.1805420000;-0.6496580000;0.2895510000
19;-9.6200000000;1.4400000000;0.7100000000;1.6875000000;0.1875000000;-1.1875000000;38.0000000000;-23.1875000000;-16.1875000000;0.6796870000;0.1805420000;-0.6496580000;0.2886960000
20;-9.6400000000;1.3800000000;0.8000000000;-1.4375000000;1.3750000000;1.0625000000;37.5625000000;-20.8750000000;-17.3750000000;0.6793820000;0.1807250000;-0.6498410000;0.2890010000
21;-9.6200000000;1.1800000000;0.8800000000;2.3125000000;1.0625000000;-0.5000000000;37.2500000000;-22.3750000000;-19.0625000000;0.6792600000;0.1805420000;-0.6501460000;0.2886350000
22;-9.5700000000;1.4400000000;0.9600000000;-0.3125000000;-0.3750000000;0.4375000000;36.5625000000;-21.6875000000;-18.1875000000;0.6793210000;0.1801760000;-0.6502080000;0.2885740000
23;-9.6500000000;1.0400000000;0.8200000000;-1.5625000000;-0.8750000000;-0.1250000000;36.5625000000;-21.6875000000;-18.1875000000;0.6792600000;0.1804810000;-0.6497800000;0.2895510000
24;-9.5700000000;1.3300000000;0.7700000000;1.9375000000;-0.3750000000;-0.9375000000;37.2500000000;-22.7500000000;-17.3750000000;0.6795650000;0.1802370000;-0.6498410000;0.2888790000
25;-9.6700000000;1.3000000000;0.8300000000;-2.0625000000;-0.0625000000;0.3125000000;37.2500000000;-22.0625000000;-18.1875000000;0.6794430000;0.1804200000;-0.6497800000;0.2891850000
26;-9.6300000000;1.2400000000;0.9000000000;-0.1875000000;-1.1875000000;-0.3750000000;37.5625000000;-22.3750000000;-16.6875000000;0.6795650000;0.1806030000;-0.6494750000;0.2894290000
27;-9.6000000000;1.2400000000;0.6500000000;0.5000000000;-0.5000000000;0.1875000000;37.0000000000;-22.3750000000;-16.6875000000;0.6796870000;0.1803590000;-0.6495360000;0.2891850000
28;-9.6100000000;1.2300000000;0.7300000000;-0.5625000000;0.8750000000;-0.1875000000;37.0000000000;-22.3750000000;-16.6875000000;0.6794430000;0.1806030000;-0.6497190000;0.2891240000
29;-9.6300000000;1.3200000000;0.8000000000;0.6875000000;0.3750000000;-0.1250000000;37.2500000000;-23.1875000000;-18.1875000000;0.6793820000;0.1806640000;-0.6498410000;0.2890010000
30;-9.5900000000;1.3000000000;0.8600000000;0.3125000000;0.9375000000;-0.3750000000;37.0000000000;-22.3750000000;-18.1875000000;0.6791380000;0.1807250000;-0.6500850000;0.2889400000
31;-9.6200000000;1.3100000000;0.9700000000;1.4375000000;-0.1250000000;-0.6875000000;37.2500000000;-22.7500000000;-18.1875000000;0.6791380000;0.1807250000;-0.6501460000;0.2888180000
32;-9.6600000000;1.3900000000;0.9000000000;-0.8125000000;-0.6875000000;1.1875000000;37.2500000000;-22.7500000000;-18.1875000000;0.6792600000;0.1802980000;-0.6501460000;0.2888180000
33;-9.6300000000;1.1800000000;0.8000000000;-0.1875000000;-0.3125000000;0.8125000000;37.5625000000;-21.6875000000;-18.1875000000;0.6790770000;0.1802370000;-0.6501460000;0.2893680000
34;-9.6400000000;1.1900000000;0.8900000000;1.8750000000;-0.5625000000;0.1250000000;36.5625000000;-22.3750000000;-17.8750000000;0.6791990000;0.1799320000;-0.6502080000;0.2890010000
35;-9.6100000000;1.0900000000;0.7800000000;-1.5000000000;-0.3750000000;-0.6250000000;37.0000000000;-22.3750000000;-17.3750000000;0.6792600000;0.1802980000;-0.6500850000;0.2890010000
36;-9.6200000000;1.3600000000;0.8900000000;0.7500000000;-0.6250000000;-1.2500000000;37.2500000000;-22.3750000000;-17.8750000000;0.6794430000;0.1804200000;-0.6499630000;0.2886350000
37;-9.6100000000;1.2400000000;0.7900000000;-0.4375000000;-0.0625000000;-0.1250000000;37.2500000000;-22.3750000000;-17.8750000000;0.6794430000;0.1804200000;-0.6499630000;0.2886960000
38;-9.6100000000;1.2700000000;0.8600000000;1.4375000000;-0.0625000000;-1.1250000000;37.0000000000;-20.8750000000;-17.0625000000;0.6795650000;0.1803590000;-0.6500850000;0.2882080000
39;-9.6500000000;1.2100000000;0.8700000000;-1.5000000000;0.2500000000;-0.1875000000;37.2500000000;-22.3750000000;-17.0625000000;0.6795650000;0.1806030000;-0.6500240000;0.2882690000
40;-9.6000000000;1.2100000000;0.7300000000;1.4375000000;-1.1250000000;-1.0000000000;37.2500000000;-21.6875000000;-17.8750000000;0.6798100000;0.1806030000;-0.6498410000;0.2879030000
41;-9.6400000000;1.4600000000;0.7300000000;1.8750000000;0.8125000000;-0.3750000000;38.0000000000;-23.1875000000;-17.3750000000;0.6798710000;0.1802370000;-0.6501460000;0.2874760000
42;-9.6200000000;1.1300000000;0.9000000000;-0.0625000000;0.8750000000;1.0625000000;38.0000000000;-23.1875000000;-17.3750000000;0.6794430000;0.1799930000;-0.6505740000;0.2874760000
43;-9.5900000000;1.0200000000;1.0200000000;3.1250000000;-0.6250000000;-0.6875000000;37.2500000000;-22.7500000000;-18.5625000000;0.6796870000;0.1794430000;-0.6507570000;0.2869260000
44;-9.6100000000;1.0800000000;1.0600000000;-1.5000000000;-1.5625000000;-1.4375000000;37.2500000000;-22.3750000000;-17.8750000000;0.6800540000;0.1797490000;-0.6503910000;0.2868040000
45;-9.6400000000;1.4000000000;0.7000000000;3.2500000000;-4.1250000000;-2.0625000000;38.3750000000;-23.1875000000;-17.3750000000;0.6812130000;0.1796260000;-0.6494140000;0.2863160000
46;-9.6400000000;1.4500000000;0.5500000000;2.0625000000;0.0625000000;0.0625000000;37.2500000000;-22.7500000000;-17.3750000000;0.6818850000;0.1787720000;-0.6492920000;0.2855220000
47;-9.6300000000;1.4300000000;0.6500000000;5.3125000000;1.6250000000;0.8750000000;37.2500000000;-22.7500000000;-17.3750000000;0.6814580000;0.1778560000;-0.6503300000;0.2847900000
48;-9.7100000000;1.7500000000;0.1700000000;9.5625000000;2.1250000000;2.7500000000;37.6875000000;-21.2500000000;-17.3750000000;0.6810300000;0.1754150000;-0.6520390000;0.2833250000
49;-10.0000000000;1.2300000000;-0.9100000000;11.3750000000;12.4375000000;2.6250000000;37.0000000000;-20.5625000000;-17.8750000000;0.6795040000;0.1732790000;-0.6549070000;0.2816770000
50;-10.5900000000;2.3800000000;-1.6900000000;32.5000000000;24.1250000000;-4.5625000000;37.2500000000;-23.1875000000;-17.0625000000;0.6763920000;0.1708370000;-0.6615600000;0.2750240000
51;-10.5600000000;2.6700000000;-4.8600000000;17.5000000000;41.1875000000;11.2500000000;38.0000000000;-23.8750000000;-16.1875000000;0.6704100000;0.1653440000;-0.6723020000;0.2669070000
52;-11.0100000000;2.5800000000;-5.1900000000;74.0000000000;81.8750000000;7.7500000000;38.0000000000;-23.8750000000;-16.1875000000;0.6569820000;0.1607060000;-0.6906740000;0.2559200000
53;-11.6400000000;5.3600000000;-6.5000000000;65.5625000000;114.9375000000;18.6250000000;38.7500000000;-23.1875000000;-13.5000000000;0.6356200000;0.1478880000;-0.7206420000;0.2339480000
54;-12.7300000000;3.0100000000;-7.0500000000;15.1250000000;158.6250000000;44.5000000000;40.3750000000;-23.8750000000;-9.5625000000;0.5986940000;0.1434330000;-0.7541500000;0.2285770000
55;-14.1100000000;3.6600000000;-4.4700000000;93.6250000000;208.3750000000;42.6250000000;40.3750000000;-25.0625000000;-4.0000000000;0.5485230000;0.1344600000;-0.7979740000;0.2104490000
56;-12.9500000000;2.8000000000;-5.2900000000;45.1875000000;214.5000000000;44.5625000000;40.3750000000;-23.8750000000;2.6875000000;0.4887700000;0.1238400000;-0.8424070000;0.1900020000
57;-12.8400000000;2.7900000000;-6.3800000000;81.9375000000;243.6250000000;50.4375000000;40.3750000000;-23.8750000000;2.6875000000;0.4224850000;0.1146850000;-0.8831790000;0.1684570000
58;-11.2400000000;2.5300000000;-3.6600000000;95.9375000000;259.9375000000;40.0625000000;38.5000000000;-23.8750000000;11.7500000000;0.3443600000;0.1029050000;-0.9228520000;0.1382450000
59;-8.6400000000;2.6900000000;-6.0000000000;44.5000000000;239.6875000000;52.4375000000;34.3750000000;-25.3750000000;20.5000000000;0.2668460000;0.0908200000;-0.9530640000;0.1107180000
60;-8.2300000000;-1.8800000000;-5.1300000000;32.8750000000;222.3750000000;39.3125000000;29.2500000000;-24.6875000000;29.0625000000;0.1890260000;0.0836790000;-0.9727170000;0.1054080000
61;-5.5100000000;1.6300000000;-5.0100000000;156.8750000000;164.6875000000;14.1875000000;22.8750000000;-24.5625000000;34.5625000000;0.1303100000;0.0747680000;-0.9870000000;0.0573730000
62;-1.8300000000;0.7700000000;-4.2300000000;88.3750000000;146.5625000000;-3.0625000000;22.8750000000;-24.5625000000;34.5625000000;0.0827030000;0.0701290000;-0.9938960000;0.0189820000
63;0.0100000000;3.5500000000;0.2600000000;152.8750000000;105.5000000000;8.3750000000;15.7500000000;-20.5000000000;39.5000000000;0.0430300000;0.0668950000;-0.9963380000;-0.0311280000
64;-1.4700000000;0.5000000000;-0.7200000000;21.8125000000;64.8125000000;35.5625000000;10.5625000000;-15.2500000000;42.1875000000;0.0180050000;0.0547490000;-0.9964600000;-0.0611570000
65;-0.9700000000;-2.7100000000;-6.4700000000;-60.3750000000;2.8125000000;13.0625000000;6.5000000000;-10.0625000000;45.0000000000;0.0090940000;0.0468140000;-0.9978030000;-0.0465090000
66;-0.3900000000;-1.9500000000;-10.5300000000;-79.3750000000;-26.0000000000;-5.8125000000;5.0000000000;-12.0000000000;43.5000000000;0.0133670000;0.0471800000;-0.9985350000;-0.0215450000
67;-0.8000000000;-0.9500000000;-10.8000000000;14.8750000000;-26.3750000000;3.6250000000;5.0000000000;-12.0000000000;43.5000000000;0.0232540000;0.0474850000;-0.9984740000;-0.0139770000
68;-0.9400000000;0.2800000000;-10.4100000000;-19.8750000000;-27.0000000000;-6.2500000000;5.6875000000;-14.1875000000;42.7500000000;0.0317380000;0.0480960000;-0.9982300000;-0.0136110000
69;-0.6800000000;0.4500000000;-10.5000000000;-5.5625000000;-10.0625000000;-8.2500000000;6.7500000000;-14.1875000000;42.7500000000;0.0378420000;0.0552980000;-0.9977420000;-0.0072630000
70;-1.0300000000;0.4700000000;-9.5300000000;3.0625000000;-7.1250000000;3.6250000000;8.2500000000;-15.2500000000;42.3750000000;0.0397950000;0.0601200000;-0.9973750000;-0.0084840000
71;-0.9800000000;-0.2600000000;-9.2200000000;9.1875000000;-16.0000000000;4.0000000000;7.7500000000;-15.0000000000;42.0625000000;0.0441890000;0.0620730000;-0.9970700000;-0.0103150000
72;-0.8300000000;0.0700000000;-9.9400000000;-11.5000000000;-3.4375000000;5.3125000000;7.7500000000;-15.0000000000;42.0625000000;0.0474850000;0.0605470000;-0.9970090000;-0.0090940000
73;-1.3400000000;-0.3400000000;-9.0900000000;-12.4375000000;-2.5000000000;-1.1875000000;9.2500000000;-14.5625000000;43.1875000000;0.0474850000;0.0653080000;-0.9967040000;-0.0040280000
74;-1.1900000000;-0.0900000000;-9.8400000000;-3.0625000000;-12.6875000000;-1.1875000000;8.1875000000;-14.8750000000;42.3750000000;0.0509640000;0.0687260000;-0.9963380000;-0.0023800000
75;-0.9100000000;-0.0700000000;-10.2800000000;-12.0625000000;0.8750000000;-4.0625000000;8.8750000000;-15.6875000000;43.1875000000;0.0513920000;0.0733640000;-0.9959720000;0.0012820000
76;-1.1800000000;0.3500000000;-9.1100000000;-3.0000000000;3.1250000000;-2.8750000000;10.0000000000;-15.6875000000;41.1875000000;0.0501100000;0.0790410000;-0.9956050000;0.0029300000
77;-1.1500000000;0.0700000000;-9.8600000000;0.1875000000;-1.8125000000;2.2500000000;10.0000000000;-15.6875000000;41.1875000000;0.0512700000;0.0785520000;-0.9956050000;0.0032960000
78;-0.8700000000;0.3700000000;-9.3400000000;1.7500000000;4.5625000000;-0.7500000000;9.6875000000;-15.6875000000;42.0000000000;0.0499880000;0.0826420000;-0.9953000000;0.0022580000
79;-1.3200000000;0.1700000000;-9.1400000000;-3.1250000000;-2.5000000000;-0.1875000000;8.5000000000;-16.0625000000;42.0625000000;0.0498050000;0.0847780000;-0.9951780000;0.0032350000
80;-1.1100000000;0.4700000000;-9.3300000000;0.8125000000;-5.0000000000;1.5625000000;8.8750000000;-15.6875000000;42.0625000000;0.0515140000;0.0869140000;-0.9948730000;0.0039060000
81;-1.1600000000;-0.0100000000;-9.5400000000;-10.5000000000;-8.4375000000;4.0625000000;8.8750000000;-15.6875000000;42.0625000000;0.0538940000;0.0889890000;-0.9945680000;0.0079350000
82;-1.3000000000;0.1800000000;-10.0900000000;-0.5000000000;-7.1250000000;-0.9375000000;9.2500000000;-15.2500000000;40.8750000000;0.0563960000;0.0889890000;-0.9943850000;0.0090330000
83;-1.2600000000;0.1800000000;-9.5900000000;-11.1875000000;1.0625000000;-1.1250000000;10.0000000000;-15.6875000000;40.8750000000;0.0561520000;0.0931400000;-0.9940190000;0.0122070000
84;-1.2400000000;0.2300000000;-9.4900000000;-0.3125000000;-5.1250000000;-0.9375000000;10.0000000000;-16.7500000000;41.1875000000;0.0573120000;0.0963130000;-0.9935910000;0.0133670000
85;-1.2900000000;0.5400000000;-9.7300000000;-2.6875000000;-6.0625000000;-1.0625000000;10.0000000000;-16.7500000000;42.0000000000;0.0590210000;0.0991820000;-0.9932250000;0.0137330000
86;-1.3100000000;0.1600000000;-9.7600000000;-2.9375000000;-0.2500000000;1.6250000000;10.0000000000;-16.7500000000;42.0000000000;0.0595090000;0.0991210000;-0.9931640000;0.0162960000
87;-1.3900000000;0.5500000000;-9.4100000000;7.9375000000;-2.5000000000;0.5625000000;9.6875000000;-16.5000000000;40.8750000000;0.0604250000;0.1005250000;-0.9929810000;0.0134890000
88;-1.3300000000;0.3700000000;-9.2100000000;-5.2500000000;-0.1875000000;1.1875000000;9.6875000000;-16.5000000000;41.6875000000;0.0606690000;0.1021120000;-0.9927980000;0.0151370000
89;-1.4800000000;0.0600000000;-9.5100000000;-4.0625000000;-3.3750000000;1.0625000000;10.3750000000;-16.0625000000;41.6875000000;0.0616460000;0.1045530000;-0.9924320000;0.0171510000
90;-1.3300000000;0.1900000000;-9.7200000000;-1.5625000000;-3.0000000000;-1.2500000000;10.3750000000;-16.5000000000;41.5625000000;0.0627440000;0.1069340000;-0.9921260000;0.0173950000
91;-1.4500000000;0.2000000000;-9.5900000000;-3.0625000000;-0.8750000000;-1.4375000000;10.3750000000;-16.5000000000;41.5625000000;0.0632930000;0.1077880000;-0.9920040000;0.0188600000
92;-1.2200000000;0.4300000000;-9.6100000000;2.3125000000;-1.1875000000;-2.0625000000;10.0000000000;-17.0625000000;40.7500000000;0.0637820000;0.1098630000;-0.9917600000;0.0183110000
93;-1.5600000000;0.7700000000;-9.3100000000;-0.3750000000;1.3125000000;-2.0000000000;10.7500000000;-16.7500000000;41.1875000000;0.0635380000;0.1129150000;-0.9913940000;0.0184330000
94;-1.3300000000;0.4300000000;-9.3000000000;-3.1875000000;-0.4375000000;2.1250000000;10.3750000000;-17.0625000000;41.1875000000;0.0636600000;0.1138310000;-0.9912720000;0.0197140000
95;-1.4400000000;0.4800000000;-9.2000000000;1.6875000000;-2.3125000000;2.1875000000;10.3750000000;-17.0625000000;40.3750000000;0.0643310000;0.1148680000;-0.9910890000;0.0199580000
96;-1.4200000000;0.1700000000;-9.4300000000;-8.0625000000;-5.6875000000;1.9375000000;10.3750000000;-17.0625000000;40.3750000000;0.0656740000;0.1141360000;-0.9910280000;0.0219120000
97;-1.5700000000;0.2200000000;-9.8200000000;5.1250000000;-2.7500000000;0.0000000000;10.0000000000;-17.0625000000;41.1875000000;0.0676270000;0.1141970000;-0.9909060000;0.0217290000
98;-1.3200000000;0.3500000000;-9.6000000000;-7.3125000000;0.4375000000;-2.2500000000;10.7500000000;-16.7500000000;40.7500000000;0.0672610000;0.1168820000;-0.9906010000;0.0236820000
99;-1.5900000000;0.5000000000;-9.4000000000;5.5625000000;-1.8750000000;-0.8125000000;10.7500000000;-17.0625000000;40.8750000000;0.0678100000;0.1186520000;-0.9903560000;0.0233760000
100;-1.5000000000;0.6600000000;-9.4900000000;-0.6875000000;0.3750000000;-1.3750000000;10.7500000000;-17.0625000000;42.0000000000;0.0686040000;0.1199340000;-0.9901730000;0.0228880000
101;-1.3300000000;0.4700000000;-9.4400000000;-5.6875000000;-0.1875000000;0.6250000000;10.7500000000;-17.0625000000;42.0000000000;0.0680540000;0.1199950000;-0.9901120000;0.0247800000
102;-1.6100000000;0.3500000000;-9.5700000000;-0.8750000000;-1.5625000000;1.3125000000;10.0000000000;-16.7500000000;41.1875000000;0.0686040000;0.1195680000;-0.9901120000;0.0253910000
103;-1.4500000000;0.4000000000;-9.5100000000;-4.3750000000;0.2500000000;-2.0000000000;10.7500000000;-17.5000000000;41.1875000000;0.0685420000;0.1207890000;-0.9899290000;0.0269780000
104;-1.4900000000;0.4400000000;-9.2300000000;-1.3750000000;-0.8125000000;-0.3125000000;11.1875000000;-17.8750000000;40.3750000000;0.0684810000;0.1226810000;-0.9896850000;0.0277710000
105;-1.6600000000;0.1400000000;-9.4300000000;-1.0625000000;-3.1250000000;-1.1250000000;10.3750000000;-17.8750000000;41.1875000000;0.0696410000;0.1229250000;-0.9895630000;0.0288090000
106;-1.2700000000;0.6100000000;-9.6900000000;-3.3750000000;-1.8750000000;-3.4375000000;10.3750000000;-17.8750000000;41.1875000000;0.0704350000;0.1239620000;-0.9893800000;0.0292970000
107;-1.7300000000;0.4800000000;-9.3900000000;-1.6875000000;-0.3750000000;-1.3125000000;10.7500000000;-17.7500000000;39.2500000000;0.0703740000;0.1256100000;-0.9891360000;0.0303960000
108;-1.3900000000;0.8100000000;-9.5800000000;3.5625000000;-3.6250000000;-2.2500000000;11.1875000000;-18.2500000000;40.7500000000;0.0714110000;0.1267700000;-0.9888920000;0.0299680000
109;-1.4300000000;0.4500000000;-9.5000000000;-4.5625000000;-0.7500000000;-0.8750000000;11.1875000000;-17.8750000000;40.5000000000;0.0716550000;0.1278690000;-0.9887080000;0.0310060000
110;-1.7900000000;0.3500000000;-9.4400000000;1.5000000000;-1.6875000000;1.3750000000;11.1875000000;-17.0625000000;41.1875000000;0.0722660000;0.1286620000;-0.9885250000;0.0314330000
111;-1.4300000000;0.6600000000;-9.5800000000;0.0000000000;-1.4375000000;-1.0625000000;11.1875000000;-17.0625000000;41.1875000000;0.0729980000;0.1286010000;-0.9885250000;0.0310670000
112;-1.5700000000;0.5100000000;-9.5100000000;-2.5625000000;0.4375000000;0.1250000000;11.5000000000;-17.8750000000;41.1875000000;0.0726930000;0.1295170000;-0.9884030000;0.0321660000
113;-1.7000000000;0.2600000000;-9.5700000000;0.0625000000;-0.9375000000;0.2500000000;11.1875000000;-17.5000000000;40.5000000000;0.0729370000;0.1298220000;-0.9883420000;0.0322880000
114;-1.4700000000;0.5800000000;-9.4200000000;2.8750000000;-0.1250000000;-1.0000000000;10.7500000000;-17.8750000000;40.0625000000;0.0734250000;0.1298830000;-0.9883420000;0.0311280000
115;-1.7900000000;0.3300000000;-9.4200000000;-1.0625000000;0.3750000000;0.0000000000;11.5000000000;-17.5000000000;40.5000000000;0.0734860000;0.1309200000;-0.9881590000;0.0319210000
116;-1.3600000000;0.7700000000;-9.4300000000;-0.6250000000;-0.3125000000;-1.5000000000;11.5000000000;-17.5000000000;40.5000000000;0.0736080000;0.1311650000;-0.9880980000;0.0319820000
117;-1.6700000000;0.6400000000;-9.2100000000;-1.7500000000;0.4375000000;2.1250000000;11.5000000000;-17.8750000000;41.1875000000;0.0736080000;0.1314090000;-0.9880370000;0.0324710000
118;-1.6300000000;0.4300000000;-9.5000000000;-4.1875000000;-0.8750000000;-1.7500000000;11.1875000000;-17.5000000000;40.7500000000;0.0736690000;0.1316530000;-0.9879760000;0.0341800000
119;-1.4600000000;0.7500000000;-9.6600000000;1.0000000000;-2.5625000000;-0.3750000000;11.5000000000;-17.0625000000;40.0625000000;0.0743410000;0.1329960000;-0.9877320000;0.0338750000
120;-1.6800000000;0.4200000000;-9.5100000000;-1.0000000000;0.2500000000;-0.0625000000;11.5000000000;-17.5000000000;41.1875000000;0.0744630000;0.1335450000;-0.9876100000;0.0349120000
121;-1.5000000000;0.5300000000;-9.4400000000;-1.5625000000;0.0625000000;-0.7500000000;11.5000000000;-17.5000000000;41.1875000000;0.0745850000;0.1336670000;-0.9876100000;0.0348510000
122;-1.5700000000;0.7800000000;-9.4400000000;1.6250000000;-0.3125000000;0.1250000000;11.1875000000;-17.5000000000;40.8750000000;0.0745850000;0.1337890000;-0.9876100000;0.0349730000
123;-1.6900000000;0.5100000000;-9.3100000000;0.0000000000;-0.8125000000;0.3750000000;11.5000000000;-18.2500000000;40.3750000000;0.0748900000;0.1339110000;-0.9875490000;0.0354610000
124;-1.5800000000;0.4300000000;-9.6400000000;-0.8750000000;-2.0000000000;0.9375000000;11.1875000000;-18.2500000000;40.0625000000;0.0757450000;0.1338500000;-0.9874880000;0.0353390000
125;-1.6700000000;0.2800000000;-9.5000000000;0.9375000000;0.9375000000;-0.2500000000;12.2500000000;-17.8750000000;40.3750000000;0.0757450000;0.1353150000;-0.9872440000;0.0357670000
126;-1.7300000000;0.3600000000;-9.2400000000;0.1875000000;-0.1875000000;-1.3125000000;12.2500000000;-17.8750000000;40.3750000000;0.0755620000;0.1356810000;-0.9872440000;0.0352780000
127;-1.4700000000;0.5500000000;-9.2800000000;-0.7500000000;-0.8750000000;0.6250000000;12.2500000000;-17.5000000000;40.5000000000;0.0758670000;0.1375730000;-0.9869380000;0.0357060000
128;-1.7100000000;0.6500000000;-9.1700000000;-1.3750000000;-0.1875000000;-1.8125000000;11.1875000000;-18.2500000000;40.3750000000;0.0761110000;0.1379390000;-0.9868770000;0.0358280000
129;-1.7700000000;0.5800000000;-9.0300000000;-1.1250000000;-5.6250000000;-2.7500000000;11.5000000000;-17.8750000000;40.3750000000;0.0770260000;0.1390380000;-0.9865720000;0.0369260000
130;-1.5800000000;0.8800000000;-9.7200000000;-6.2500000000;-4.4375000000;0.6250000000;11.8750000000;-18.2500000000;40.3750000000;0.0791020000;0.1394650000;-0.9863280000;0.0385130000
131;-1.7500000000;0.4600000000;-9.7200000000;-4.8125000000;-3.4375000000;-0.6250000000;11.8750000000;-18.2500000000;40.3750000000;0.0797120000;0.1395260000;-0.9861450000;0.0410770000
132;-1.6400000000;0.8500000000;-9.9500000000;0.3125000000;-3.2500000000;-0.5000000000;12.5625000000;-18.2500000000;40.7500000000;0.0808110000;0.1406860000;-0.9859010000;0.0413210000
133;-1.7300000000;0.5400000000;-9.8900000000;1.0000000000;4.0000000000;0.5625000000;12.2500000000;-17.8750000000;40.3750000000;0.0803830000;0.1410520000;-0.9858400000;0.0418090000
134;-1.6800000000;0.9200000000;-9.4900000000;5.0625000000;3.7500000000;-0.1250000000;12.2500000000;-18.2500000000;40.0625000000;0.0792240000;0.1412960000;-0.9859620000;0.0401610000
135;-1.7200000000;0.6200000000;-8.7700000000;3.0625000000;4.5625000000;3.4375000000;11.8750000000;-17.8750000000;40.0625000000;0.0779420000;0.1405030000;-0.9862670000;0.0387570000
136;-1.4800000000;0.6200000000;-8.8400000000;-1.9375000000;-0.6875000000;3.1250000000;11.8750000000;-17.8750000000;40.0625000000;0.0776370000;0.1394650000;-0.9863890000;0.0389400000
137;-1.7900000000;0.1900000000;-9.5400000000;-3.8125000000;-3.0625000000;3.5000000000;11.5000000000;-17.8750000000;40.5000000000;0.0783080000;0.1383670000;-0.9864500000;0.0403440000
138;-1.6800000000;0.2400000000;-9.5900000000;-4.5000000000;-1.6875000000;-0.5625000000;11.8750000000;-19.0000000000;39.5625000000;0.0787350000;0.1385500000;-0.9863280000;0.0417480000
139;-1.8500000000;0.4600000000;-9.5200000000;-0.7500000000;-2.2500000000;-1.0000000000;11.5000000000;-18.5625000000;41.1875000000;0.0794070000;0.1390380000;-0.9862060000;0.0420530000
140;-1.7700000000;0.5100000000;-9.5800000000;-3.1875000000;-1.0000000000;-3.2500000000;11.5000000000;-18.5625000000;41.1875000000;0.0798950000;0.1401980000;-0.9859620000;0.0425420000
141;-1.6200000000;0.8000000000;-9.4900000000;1.8125000000;-1.0625000000;-2.8125000000;11.8750000000;-17.8750000000;40.3750000000;0.0802610000;0.1409910000;-0.9858400000;0.0419310000
142;-1.7100000000;0.7300000000;-9.4500000000;-2.0000000000;-0.2500000000;-1.8125000000;11.8750000000;-18.2500000000;40.5000000000;0.0803220000;0.1417240000;-0.9857180000;0.0424190000
143;-1.7500000000;0.7500000000;-9.3900000000;1.6250000000;-1.4375000000;-1.1250000000;11.8750000000;-18.2500000000;40.8750000000;0.0808720000;0.1420290000;-0.9856570000;0.0422360000
144;-1.6400000000;0.8700000000;-9.3300000000;-1.0000000000;0.4375000000;0.3750000000;12.2500000000;-17.8750000000;39.5625000000;0.0808720000;0.1426390000;-0.9855350000;0.0426030000
145;-1.7800000000;0.5500000000;-9.3300000000;-3.0000000000;0.1875000000;1.0000000000;12.2500000000;-17.8750000000;39.5625000000;0.0807500000;0.1425780000;-0.9855350000;0.0434570000
146;-1.7900000000;0.3000000000;-9.5200000000;-1.8125000000;-2.8125000000;1.6250000000;11.5000000000;-18.2500000000;38.0625000000;0.0815430000;0.1422120000;-0.9854740000;0.0443120000
147;-1.7400000000;0.4400000000;-9.5500000000;0.0625000000;-0.1875000000;-1.2500000000;11.8750000000;-18.5625000000;39.5625000000;0.0819090000;0.1424560000;-0.9854130000;0.0441890000
148;-1.8200000000;0.3800000000;-9.3800000000;0.0000000000;-1.2500000000;-3.1875000000;12.2500000000;-18.2500000000;40.0625000000;0.0825810000;0.1435550000;-0.9852290000;0.0438230000
149;-1.6700000000;0.9400000000;-9.6600000000;1.1250000000;-0.5625000000;-2.0625000000;12.2500000000;-18.2500000000;40.3750000000;0.0830690000;0.1442260000;-0.9851070000;0.0432130000
150;-1.7900000000;0.7700000000;-9.1800000000;-4.6875000000;1.0000000000;-0.9375000000;12.2500000000;-18.2500000000;40.3750000000;0.0823360000;0.1447750000;-0.9850460000;0.0440060000
151;-1.6200000000;1.0300000000;-9.3200000000;2.8750000000;-2.1875000000;-0.1875000000;12.5625000000;-18.2500000000;39.5625000000;0.0830080000;0.1447750000;-0.9849850000;0.0442500000
152;-1.7400000000;0.5800000000;-9.4600000000;-5.6875000000;0.1875000000;0.5625000000;12.2500000000;-18.5625000000;40.0625000000;0.0827640000;0.1447750000;-0.9849240000;0.0462040000
153;-1.9200000000;0.5900000000;-9.1900000000;-1.5625000000;-2.2500000000;0.8750000000;11.8750000000;-17.8750000000;40.0625000000;0.0832520000;0.1446530000;-0.9848630000;0.0467530000
154;-1.6200000000;0.8200000000;-9.7600000000;-0.4375000000;-3.1250000000;-0.6875000000;12.2500000000;-18.5625000000;38.3750000000;0.0842290000;0.1447140000;-0.9847410000;0.0469360000
155;-1.9000000000;0.5900000000;-9.4700000000;-2.5000000000;2.0625000000;0.9375000000;12.2500000000;-18.5625000000;38.3750000000;0.0838620000;0.1445310000;-0.9848020000;0.0479740000
156;-1.7400000000;0.9400000000;-9.5500000000;2.1250000000;-0.7500000000;-0.5000000000;12.5625000000;-17.8750000000;38.8750000000;0.0838620000;0.1443480000;-0.9848020000;0.0477290000
157;-1.9200000000;0.6400000000;-9.1600000000;-2.3125000000;1.6875000000;0.2500000000;12.5625000000;-17.8750000000;39.1875000000;0.0835570000;0.1443480000;-0.9848020000;0.0482790000
158;-1.6500000000;0.6400000000;-9.6700000000;3.0000000000;-1.6875000000;-0.5000000000;12.1875000000;-18.2500000000;38.3750000000;0.0839840000;0.1442870000;-0.9848020000;0.0479130000
159;-1.9400000000;0.7300000000;-9.3700000000;2.8125000000;1.0000000000;-1.7500000000;11.8750000000;-18.5625000000;39.5625000000;0.0841670000;0.1444700000;-0.9848020000;0.0466310000
160;-1.6700000000;1.1000000000;-9.2900000000;-0.6875000000;-0.2500000000;-1.5000000000;11.8750000000;-18.5625000000;39.5625000000;0.0842290000;0.1450810000;-0.9847410000;0.0466310000
161;-1.8600000000;0.6600000000;-9.3600000000;-2.8750000000;-0.5000000000;1.4375000000;12.5625000000;-18.5625000000;39.5625000000;0.0843510000;0.1447140000;-0.9847410000;0.0474240000
162;-1.8100000000;0.6400000000;-9.4500000000;-2.7500000000;-3.0625000000;0.1250000000;11.8750000000;-18.5625000000;39.5625000000;0.0846560000;0.1447750000;-0.9846190000;0.0485840000
163;-1.7900000000;0.6700000000;-9.9200000000;-3.1875000000;-3.3125000000;-0.4375000000;11.8750000000;-18.5625000000;39.1875000000;0.0857540000;0.1447750000;-0.9844970000;0.0498660000
164;-1.8700000000;0.8200000000;-9.6800000000;-1.1875000000;2.0000000000;-1.0000000000;12.5625000000;-19.0000000000;39.1875000000;0.0855710000;0.1450810000;-0.9844360000;0.0504150000
165;-1.8000000000;0.8900000000;-9.6000000000;3.5625000000;-0.7500000000;-0.3125000000;12.5625000000;-19.0000000000;39.1875000000;0.0855100000;0.1453860000;-0.9844360000;0.0500490000
166;-1.8500000000;0.6600000000;-9.6300000000;0.5000000000;1.7500000000;0.8125000000;12.5625000000;-18.5625000000;40.0625000000;0.0854490000;0.1450810000;-0.9844970000;0.0492550000
167;-1.8300000000;0.5800000000;-9.4900000000;4.0625000000;0.5625000000;-0.5625000000;12.5625000000;-18.5625000000;38.7500000000;0.0852660000;0.1450810000;-0.9845580000;0.0484620000
168;-1.7900000000;0.7100000000;-9.6600000000;0.3750000000;0.8125000000;-1.4375000000;12.2500000000;-18.2500000000;38.8750000000;0.0853270000;0.1454470000;-0.9844970000;0.0476680000
169;-1.9000000000;0.9200000000;-9.0400000000;-2.5625000000;2.0625000000;0.1875000000;13.0000000000;-18.2500000000;40.3750000000;0.0844120000;0.1458130000;-0.9845580000;0.0479130000
170;-1.8000000000;0.6800000000;-9.5600000000;2.8750000000;-2.3125000000;0.3750000000;13.0000000000;-18.2500000000;40.3750000000;0.0849610000;0.1456910000;-0.9844970000;0.0481570000
171;-1.7100000000;0.7800000000;-9.4700000000;-5.8125000000;-0.1250000000;0.3750000000;12.5625000000;-19.0000000000;39.1875000000;0.0850220000;0.1456910000;-0.9844970000;0.0485840000
172;-1.9600000000;0.6400000000;-9.5000000000;2.0000000000;-1.6875000000;0.3125000000;12.5625000000;-19.0000000000;39.5625000000;0.0852660000;0.1456300000;-0.9844360000;0.0493160000
173;-1.6800000000;0.9600000000;-9.8600000000;-0.7500000000;-1.5625000000;-1.3125000000;13.0000000000;-18.2500000000;39.5625000000;0.0862430000;0.1458740000;-0.9843140000;0.0491940000
174;-1.9400000000;0.6700000000;-9.4000000000;-2.3750000000;1.7500000000;0.8125000000;12.5625000000;-18.2500000000;39.5625000000;0.0855710000;0.1458130000;-0.9843140000;0.0499880000
175;-1.6700000000;0.8800000000;-9.7300000000;3.8125000000;-1.8750000000;0.3125000000;12.5625000000;-18.2500000000;39.5625000000;0.0861820000;0.1457520000;-0.9843140000;0.0491940000
176;-1.8800000000;0.5500000000;-9.3900000000;-3.0000000000;1.7500000000;0.5625000000;12.2500000000;-18.5625000000;39.5625000000;0.0856930000;0.1456300000;-0.9843750000;0.0497440000
177;-1.8500000000;0.8700000000;-9.5600000000;2.4375000000;-0.5000000000;0.3750000000;13.0000000000;-18.2500000000;40.0625000000;0.0857540000;0.1455690000;-0.9843750000;0.0493160000
178;-1.7400000000;0.8800000000;-9.4600000000;-0.1875000000;0.6875000000;-1.0625000000;12.5625000000;-18.2500000000;40.3750000000;0.0856320000;0.1455690000;-0.9843750000;0.0493770000
179;-1.9000000000;0.8400000000;-9.2600000000;-2.0625000000;0.1875000000;1.0000000000;12.2500000000;-18.5625000000;39.1875000000;0.0853880000;0.1455690000;-0.9843750000;0.0497440000
180;-1.7700000000;0.7600000000;-9.6800000000;-2.0625000000;-1.8125000000;0.6875000000;12.2500000000;-18.5625000000;39.1875000000;0.0859990000;0.1452640000;-0.9843750000;0.0504760000
181;-1.9100000000;0.6600000000;-9.6500000000;-1.7500000000;-0.6250000000;-1.0000000000;12.2500000000;-18.5625000000;40.0625000000;0.0859370000;0.1454470000;-0.9843140000;0.0513310000
182;-1.6900000000;0.7800000000;-9.6000000000;1.3750000000;-0.1875000000;-1.5625000000;12.5625000000;-18.5625000000;39.1875000000;0.0863040000;0.1457520000;-0.9842530000;0.0511470000
183;-1.8900000000;0.7900000000;-9.4900000000;1.4375000000;-0.8750000000;-2.2500000000;12.1875000000;-19.7500000000;39.5625000000;0.0864870000;0.1461790000;-0.9841920000;0.0507200000
184;-1.9000000000;0.9500000000;-9.6900000000;0.8750000000;-1.5000000000;0.0625000000;12.1875000000;-19.0000000000;39.5625000000;0.0869140000;0.1464230000;-0.9840700000;0.0508420000
185;-1.7200000000;1.0900000000;-9.7100000000;-1.8125000000;2.0625000000;1.0000000000;12.1875000000;-19.0000000000;39.5625000000;0.0864870000;0.1463010000;-0.9841310000;0.0513310000
186;-1.9600000000;0.5900000000;-9.3900000000;1.4375000000;-0.8750000000;1.1250000000;11.8750000000;-18.5625000000;39.2500000000;0.0859990000;0.1457520000;-0.9841920000;0.0516360000
187;-1.7700000000;0.7800000000;-9.5900000000;0.6250000000;1.6875000000;0.6250000000;13.2500000000;-18.2500000000;40.0625000000;0.0859990000;0.1454470000;-0.9843140000;0.0510860000
188;-1.9200000000;0.5800000000;-8.9300000000;-2.0000000000;0.0000000000;0.5000000000;12.2500000000;-19.3750000000;40.0625000000;0.0857540000;0.1453860000;-0.9843140000;0.0515140000
189;-1.9300000000;0.7500000000;-9.7800000000;0.7500000000;-2.6875000000;0.6250000000;12.2500000000;-19.0000000000;39.6875000000;0.0867920000;0.1452030000;-0.9842530000;0.0516970000
190;-1.7900000000;0.8400000000;-9.5200000000;-2.7500000000;-0.2500000000;-0.4375000000;12.2500000000;-19.0000000000;39.6875000000;0.0867310000;0.1453250000;-0.9841920000;0.0526120000
191;-1.9400000000;0.8400000000;-9.7600000000;1.8125000000;-0.5000000000;-0.1250000000;12.2500000000;-19.0000000000;39.6875000000;0.0868530000;0.1453250000;-0.9841310000;0.0526730000
192;-1.7500000000;1.1000000000;-9.5700000000;0.6875000000;0.5625000000;-0.1875000000;12.2500000000;-19.0000000000;40.3750000000;0.0869140000;0.1454470000;-0.9841310000;0.0524290000
193;-1.8200000000;0.8300000000;-9.3900000000;-0.1250000000;0.8125000000;1.5625000000;12.5625000000;-19.3750000000;40.8750000000;0.0866700000;0.1450200000;-0.9842530000;0.0524290000
194;-1.9000000000;0.7700000000;-9.4700000000;0.6875000000;-0.3125000000;1.2500000000;13.0000000000;-19.0000000000;40.0625000000;0.0867310000;0.1445310000;-0.9843140000;0.0522460000
195;-1.8000000000;0.8000000000;-9.4000000000;-0.8750000000;0.3125000000;0.5625000000;13.0000000000;-19.0000000000;40.0625000000;0.0867310000;0.1444090000;-0.9843140000;0.0524900000
196;-1.9000000000;0.5400000000;-9.5600000000;-0.9375000000;-0.8125000000;0.5625000000;12.5625000000;-19.0000000000;39.5625000000;0.0869750000;0.1442870000;-0.9843140000;0.0527340000
197;-1.7900000000;0.7200000000;-9.4800000000;2.1250000000;0.0000000000;-1.3125000000;12.5625000000;-18.5625000000;40.3750000000;0.0872190000;0.1445920000;-0.9842530000;0.0520020000
198;-1.9300000000;0.7400000000;-9.2400000000;-2.1250000000;-1.1250000000;0.1875000000;11.8750000000;-18.2500000000;40.0625000000;0.0874020000;0.1448360000;-0.9841920000;0.0525510000
199;-1.8000000000;0.6400000000;-9.6200000000;0.6875000000;-3.8125000000;-1.0000000000;11.8750000000;-18.2500000000;40.0625000000;0.0883180000;0.1448360000;-0.9841310000;0.0524290000
200;-1.8700000000;0.8900000000;-8.6600000000;-2.1875000000;-1.5625000000;-1.9375000000;13.0000000000;-19.3750000000;39.6875000000;0.0891110000;0.1457520000;-0.9838870000;0.0531620000
201;-2.1300000000;0.8500000000;-7.0200000000;-7.4375000000;-8.0000000000;-1.8750000000;13.2500000000;-18.5625000000;39.6875000000;0.0910030000;0.1464230000;-0.9834590000;0.0556640000
202;-2.6400000000;0.0300000000;-6.5000000000;-24.3750000000;-25.8125000000;-1.5000000000;13.0000000000;-19.3750000000;38.5000000000;0.0977170000;0.1472170000;-0.9821780000;0.0637820000
203;-2.6400000000;-0.3000000000;-7.0200000000;-29.5000000000;-50.0000000000;-10.2500000000;14.0625000000;-20.5000000000;38.5000000000;0.1077880000;0.1494750000;-0.9801640000;0.0726320000
204;-3.7100000000;0.9200000000;-4.0800000000;-30.8750000000;-64.9375000000;-18.2500000000;14.0625000000;-20.5000000000;38.5000000000;0.1256100000;0.1549070000;-0.9761350000;0.0861210000
205;-5.2200000000;-0.3100000000;-7.3000000000;-61.0625000000;-112.2500000000;-19.8125000000;14.7500000000;-19.7500000000;38.5000000000;0.1638790000;0.1611940000;-0.9669800000;0.1102910000
206;-6.0600000000;-0.0100000000;-4.9200000000;0.7500000000;-145.0625000000;-44.0625000000;17.3750000000;-22.0000000000;36.0625000000;0.2104490000;0.1697390000;-0.9552000000;0.1202390000
207;-8.4800000000;0.7300000000;-3.1700000000;26.4375000000;-166.0000000000;-27.6250000000;21.7500000000;-24.1875000000;33.2500000000;0.2656860000;0.1715090000;-0.9414060000;0.1174320000
208;-10.0800000000;-1.1100000000;-5.4900000000;-55.5625000000;-231.8750000000;-55.0000000000;26.6875000000;-22.0000000000;30.6875000000;0.3164060000;0.1786500000;-0.9217530000;0.1354370000
209;-10.8400000000;3.5900000000;-5.9300000000;0.7500000000;-227.8750000000;-55.3125000000;26.6875000000;-22.0000000000;30.6875000000;0.3901370000;0.1889040000;-0.8890380000;0.1472780000
210;-11.4600000000;0.6800000000;-7.9900000000;-83.0625000000;-229.1250000000;-44.8750000000;33.0000000000;-22.6875000000;24.2500000000;0.4712520000;0.1993410000;-0.8403930000;0.1787110000
211;-12.0400000000;2.4900000000;-5.0900000000;-16.5000000000;-192.1875000000;-58.8125000000;38.5000000000;-21.1875000000;18.3750000000;0.5285030000;0.2082520000;-0.8006590000;0.1904910000
212;-12.8700000000;2.6800000000;-3.7600000000;-35.7500000000;-172.6250000000;-41.0625000000;40.1875000000;-20.5000000000;9.3750000000;0.5765380000;0.2145390000;-0.7615970000;0.2039180000
213;-12.5700000000;3.0700000000;-5.8500000000;-67.3125000000;-172.8750000000;-33.9375000000;41.6875000000;-19.2500000000;2.1875000000;0.6085210000;0.2216800000;-0.7294310000;0.2202760000
214;-10.9900000000;2.4600000000;-6.1500000000;-40.1250000000;-131.5000000000;-30.5000000000;41.6875000000;-19.2500000000;2.1875000000;0.6430660000;0.2294310000;-0.6904300000;0.2390750000
215;-10.2800000000;2.4800000000;-2.8600000000;6.1875000000;-75.1250000000;-23.6250000000;42.0625000000;-17.3750000000;-2.8750000000;0.6668700000;0.2287600000;-0.6670530000;0.2409060000
216;-9.9600000000;1.9800000000;-1.5300000000;-8.0625000000;-60.1875000000;-7.5625000000;41.5625000000;-17.0000000000;-7.0000000000;0.6818850000;0.2270510000;-0.6516110000;0.2426760000
217;-9.9400000000;0.7900000000;-0.9900000000;-17.8125000000;-50.3750000000;2.0000000000;40.6875000000;-18.0625000000;-9.5000000000;0.6917720000;0.2269900000;-0.6380000000;0.2506710000
218;-10.4900000000;0.6600000000;-1.9200000000;-0.3750000000;-57.6875000000;6.4375000000;38.6875000000;-18.2500000000;-12.2500000000;0.7031250000;0.2219850000;-0.6250000000;0.2562260000
219;-10.0300000000;-0.3500000000;-2.6400000000;-20.1250000000;-28.0625000000;5.6250000000;38.6875000000;-18.2500000000;-12.2500000000;0.7100220000;0.2210080000;-0.6138310000;0.2649540000
220;-9.6800000000;-0.0400000000;-1.5000000000;13.3125000000;5.3750000000;0.8750000000;38.5625000000;-18.0000000000;-13.1875000000;0.7111820000;0.2196040000;-0.6126710000;0.2658080000
221;-9.7200000000;0.3700000000;0.4300000000;12.0000000000;19.1250000000;1.1250000000;37.3750000000;-19.5000000000;-15.6875000000;0.7089230000;0.2177120000;-0.6176760000;0.2617190000
222;-9.9200000000;0.1800000000;0.8900000000;13.3125000000;14.2500000000;10.0625000000;37.3750000000;-18.0000000000;-14.0625000000;0.7056880000;0.2148440000;-0.6232910000;0.2595210000
223;-9.8600000000;-0.4900000000;1.3400000000;7.0000000000;8.4375000000;8.0625000000;37.3750000000;-19.6875000000;-13.7500000000;0.7032470000;0.2112430000;-0.6273800000;0.2592770000
224;-9.8500000000;0.2900000000;1.3100000000;20.7500000000;2.0625000000;1.0625000000;37.3750000000;-19.6875000000;-13.7500000000;0.7033080000;0.2073360000;-0.6298220000;0.2562260000
225;-9.5900000000;-0.0300000000;1.2500000000;-15.9375000000;9.6250000000;1.5000000000;38.5000000000;-20.3750000000;-13.0000000000;0.7019650000;0.2070310000;-0.6315310000;0.2559810000
226;-9.9100000000;-0.3600000000;1.7300000000;-15.8750000000;6.8125000000;-4.8750000000;38.0000000000;-20.3750000000;-14.5625000000;0.6985470000;0.2136230000;-0.6317750000;0.2593380000
227;-9.5900000000;0.7000000000;0.9700000000;3.8750000000;-8.6250000000;-7.0000000000;38.0625000000;-19.0000000000;-12.5625000000;0.7001950000;0.2146610000;-0.6301880000;0.2579960000
228;-9.5900000000;0.4400000000;0.2900000000;-17.6875000000;-1.3125000000;4.0625000000;38.5000000000;-19.6875000000;-13.3750000000;0.7025150000;0.2117920000;-0.6295780000;0.2554320000
229;-9.8300000000;-0.2600000000;0.8200000000;-5.7500000000;3.0625000000;-0.8125000000;38.5000000000;-19.6875000000;-13.3750000000;0.7003780000;0.2157590000;-0.6290890000;0.2592770000
230;-9.6900000000;0.4500000000;0.4400000000;3.9375000000;-0.8750000000;-1.1250000000;38.8750000000;-19.3750000000;-13.3750000000;0.7028200000;0.2105710000;-0.6306760000;0.2529910000
231;-9.7200000000;0.1800000000;0.7700000000;-7.3125000000;5.8750000000;-1.2500000000;37.6875000000;-17.8750000000;-13.3750000000;0.7026980000;0.2091670000;-0.6323240000;0.2501220000
232;-9.8800000000;0.1200000000;0.9000000000;3.6250000000;0.9375000000;-1.8750000000;37.6875000000;-17.5000000000;-12.5625000000;0.7028810000;0.2075200000;-0.6341550000;0.2463990000
233;-9.4800000000;0.5800000000;0.3900000000;10.2500000000;-1.5000000000;-1.4375000000;38.7500000000;-19.0000000000;-14.5625000000;0.7053220000;0.2026370000;-0.6350710000;0.2410890000
234;-9.8400000000;0.1600000000;0.8700000000;-7.3125000000;5.5625000000;2.7500000000;38.7500000000;-19.0000000000;-14.5625000000;0.7044680000;0.2026980000;-0.6360470000;0.2409670000
235;-9.6900000000;-0.0400000000;0.7000000000;4.0000000000;-1.2500000000;1.1250000000;38.3750000000;-19.3750000000;-13.3750000000;0.7049560000;0.1997070000;-0.6374510000;0.2382200000
236;-9.6100000000;0.3600000000;0.6000000000;-1.0000000000;1.0000000000;-0.0625000000;38.7500000000;-19.3750000000;-12.5625000000;0.7067870000;0.1952510000;-0.6386720000;0.2332760000
237;-9.8400000000;0.1000000000;0.8300000000;-13.8750000000;4.6250000000;2.1250000000;38.3750000000;-17.8750000000;-12.5625000000;0.7061160000;0.1948850000;-0.6398320000;0.2324830000
238;-9.7200000000;0.0200000000;0.7700000000;-5.3125000000;-0.8750000000;-0.3125000000;38.0000000000;-19.0000000000;-14.1875000000;0.7058720000;0.1952510000;-0.6399540000;0.2326660000
239;-9.8600000000;0.3900000000;0.5400000000;-1.2500000000;-0.7500000000;0.4375000000;38.0000000000;-19.0000000000;-14.1875000000;0.7058720000;0.1956790000;-0.6397710000;0.2327880000
240;-9.6900000000;0.2800000000;0.3700000000;-11.1875000000;4.3750000000;2.1875000000;38.3750000000;-19.3750000000;-15.0000000000;0.7048950000;0.1958010000;-0.6406860000;0.2329100000
241;-9.6600000000;0.2600000000;0.9000000000;4.7500000000;1.0000000000;0.0625000000;38.0000000000;-19.3750000000;-13.0000000000;0.7047120000;0.1942140000;-0.6422730000;0.2304080000
242;-9.9000000000;0.5300000000;0.6800000000;5.3125000000;-2.9375000000;2.1875000000;38.3750000000;-19.0000000000;-14.1875000000;0.7061160000;0.1904910000;-0.6428220000;0.2278440000
243;-9.6200000000;0.0100000000;0.5400000000;-4.1250000000;-1.1250000000;3.5625000000;38.3750000000;-18.5625000000;-13.7500000000;0.7064210000;0.1885380000;-0.6431880000;0.2274780000
244;-9.7300000000;0.3800000000;0.7800000000;6.7500000000;-2.0625000000;1.7500000000;38.3750000000;-18.5625000000;-13.7500000000;0.7066650000;0.1870730000;-0.6435550000;0.2267460000
245;-9.5900000000;0.2700000000;0.6000000000;-3.5000000000;-0.5625000000;3.6250000000;38.3750000000;-19.3750000000;-13.7500000000;0.7070310000;0.1842650000;-0.6445310000;0.2252810000
246;-9.7200000000;0.2500000000;0.8800000000;0.8125000000;-1.7500000000;2.7500000000;38.7500000000;-20.0625000000;-13.7500000000;0.7073970000;0.1818240000;-0.6452640000;0.2238770000
247;-9.7900000000;0.2100000000;0.4800000000;-4.0000000000;-2.2500000000;4.0625000000;38.0000000000;-19.6875000000;-13.3750000000;0.7078250000;0.1797490000;-0.6456910000;0.2232060000
248;-9.7000000000;-0.0700000000;0.7000000000;-6.6875000000;1.6875000000;1.6250000000;39.1875000000;-18.5625000000;-12.5625000000;0.7077030000;0.1789550000;-0.6461180000;0.2229000000
249;-9.6600000000;0.5700000000;0.5900000000;6.2500000000;-3.0625000000;-0.0625000000;39.1875000000;-18.5625000000;-12.5625000000;0.7085570000;0.1774900000;-0.6459350000;0.2217410000
250;-9.7200000000;0.1900000000;0.5500000000;-6.0000000000;0.8125000000;2.5000000000;38.3750000000;-18.5625000000;-13.7500000000;0.7081910000;0.1773680000;-0.6462400000;0.2222290000
251;-9.7200000000;0.3200000000;0.6100000000;-7.8125000000;1.8750000000;1.0000000000;38.0000000000;-18.1875000000;-15.0000000000;0.7067260000;0.1791380000;-0.6469120000;0.2235110000
252;-9.7500000000;0.4500000000;0.5700000000;-6.8125000000;3.2500000000;1.5000000000;38.3750000000;-19.6875000000;-13.7500000000;0.7055050000;0.1792600000;-0.6482540000;0.2234500000
253;-9.7600000000;-0.0300000000;0.8000000000;-9.0625000000;3.4375000000;0.6875000000;38.3750000000;-19.6875000000;-13.7500000000;0.7045900000;0.1796870000;-0.6491700000;0.2232670000
254;-9.7000000000;0.4400000000;0.7200000000;11.3750000000;-1.4375000000;-0.1875000000;37.2500000000;-20.0625000000;-13.3750000000;0.7053220000;0.1775510000;-0.6495970000;0.2213750000
255;-9.7400000000;0.1600000000;0.8300000000;-4.6250000000;0.8750000000;1.1250000000;38.3750000000;-18.5625000000;-13.3750000000;0.7053220000;0.1770020000;-0.6499020000;0.2208860000
256;-9.7600000000;0.1800000000;0.8300000000;0.0000000000;-1.4375000000;0.0625000000;38.0000000000;-18.1875000000;-13.7500000000;0.7055050000;0.1769410000;-0.6496580000;0.2211300000
257;-9.7300000000;0.4500000000;0.5500000000;1.5000000000;-2.8125000000;-1.1250000000;38.3750000000;-19.6875000000;-14.5625000000;0.7061770000;0.1762080000;-0.6494140000;0.2202150000
258;-9.7400000000;0.1000000000;0.7000000000;-4.5000000000;-0.5625000000;-0.4375000000;38.3750000000;-19.6875000000;-14.5625000000;0.7058110000;0.1771240000;-0.6493530000;0.2207640000
259;-9.7900000000;0.3700000000;0.6900000000;8.2500000000;-3.6250000000;-1.8750000000;37.6875000000;-19.6875000000;-15.0000000000;0.7066650000;0.1762700000;-0.6492920000;0.2189940000
260;-9.7600000000;0.3900000000;0.3700000000;2.0625000000;-2.0000000000;-0.6875000000;38.3750000000;-20.0625000000;-15.0000000000;0.7071530000;0.1753540000;-0.6493530000;0.2178960000
261;-9.6700000000;0.0400000000;0.7200000000;-3.3125000000;2.8125000000;-1.6250000000;38.7500000000;-20.3750000000;-14.5625000000;0.7066650000;0.1759640000;-0.6500240000;0.2171630000
262;-9.6000000000;0.4100000000;0.7100000000;6.0625000000;-0.6250000000;-2.0625000000;36.8750000000;-19.6875000000;-15.3750000000;0.7070310000;0.1754150000;-0.6502080000;0.2158200000
263;-9.7700000000;0.2300000000;0.9100000000;-6.6875000000;1.0625000000;-0.5625000000;36.8750000000;-19.6875000000;-15.3750000000;0.7069090000;0.1761470000;-0.6500850000;0.2160030000
264;-9.7000000000;0.3600000000;0.9500000000;2.8750000000;-2.5625000000;-2.3125000000;38.3750000000;-19.6875000000;-13.7500000000;0.7077030000;0.1758420000;-0.6497190000;0.2147830000
265;-9.7100000000;0.4700000000;0.6700000000;-0.1250000000;-2.5625000000;-0.4375000000;38.0000000000;-19.6875000000;-15.3750000000;0.7084350000;0.1754760000;-0.6490480000;0.2145390000
266;-9.8400000000;0.6200000000;0.5800000000;-0.7500000000;-2.0000000000;0.7500000000;38.0000000000;-19.0000000000;-14.5625000000;0.7083130000;0.1755370000;-0.6489870000;0.2150270000
267;-9.7600000000;1.6700000000;-0.2300000000;5.8125000000;-6.0625000000;1.3750000000;38.0000000000;-19.6875000000;-14.1875000000;0.7094730000;0.1727910000;-0.6488650000;0.2138060000
268;-9.5100000000;2.3700000000;-3.6600000000;2.8125000000;15.1250000000;10.0000000000;38.0000000000;-19.6875000000;-14.1875000000;0.7091670000;0.1708980000;-0.6497190000;0.2139280000
269;-10.4200000000;1.9300000000;-2.5200000000;10.3125000000;66.6875000000;24.1875000000;37.6875000000;-19.3750000000;-14.5625000000;0.6941530000;0.1671750000;-0.6665040000;0.2145390000
270;-10.8400000000;3.4700000000;-4.8900000000;0.2500000000;90.1250000000;40.5625000000;37.2500000000;-20.0625000000;-13.7500000000;0.6783450000;0.1650390000;-0.6826780000;0.2156370000
271;-11.7700000000;2.0100000000;-7.0000000000;-2.6250000000;121.0000000000;53.1875000000;39.5000000000;-18.1875000000;-11.7500000000;0.6484370000;0.1627810000;-0.7094120000;0.2230220000
272;-12.7200000000;2.4200000000;-6.9400000000;61.5000000000;164.7500000000;57.2500000000;38.7500000000;-21.1875000000;-8.2500000000;0.6103520000;0.1519780000;-0.7465820000;0.2167970000
273;-13.3100000000;3.3800000000;-6.5800000000;55.8750000000;196.0625000000;59.8125000000;38.7500000000;-21.1875000000;-8.2500000000;0.5607910000;0.1384280000;-0.7905270000;0.2035520000
274;-13.8200000000;1.5100000000;-7.8200000000;36.9375000000;222.8750000000;70.0000000000;39.5000000000;-23.0625000000;-2.7500000000;0.4998780000;0.1261600000;-0.8343510000;0.1952510000
275;-13.2300000000;3.6800000000;-6.3200000000;112.5625000000;245.2500000000;58.9375000000;38.7500000000;-24.8750000000;4.2500000000;0.4310300000;0.1107180000;-0.8792110000;0.1702270000
276;-11.9700000000;1.3700000000;-5.8200000000;25.0625000000;254.9375000000;61.8125000000;36.5000000000;-26.0000000000;14.0625000000;0.3536380000;0.0955810000;-0.9184570000;0.1491700000
277;-10.6200000000;2.4800000000;-5.2300000000;141.6250000000;243.6875000000;61.9375000000;32.1875000000;-25.5000000000;21.1875000000;0.2758180000;0.0809330000;-0.9500120000;0.1219480000
278;-8.3600000000;2.8600000000;-5.4500000000;126.5625000000;231.5625000000;52.0000000000;32.1875000000;-25.5000000000;21.1875000000;0.2009280000;0.0578610000;-0.9752200000;0.0722050000
279;-5.9800000000;1.5100000000;-3.1300000000;40.8125000000;205.5000000000;27.6250000000;25.3750000000;-24.7500000000;30.5625000000;0.1284180000;0.0470580000;-0.9893190000;0.0503540000
280;-3.1500000000;1.8100000000;-3.9400000000;123.0625000000;146.7500000000;59.5000000000;18.0000000000;-20.5625000000;36.0000000000;0.0731200000;0.0306400000;-0.9967040000;0.0180050000
281;-1.5500000000;-0.1400000000;-2.2000000000;72.3125000000;111.5000000000;33.5000000000;10.1875000000;-18.0000000000;39.1875000000;0.0312500000;0.0126340000;-0.9993290000;-0.0152590000
282;-1.4400000000;-0.1800000000;-2.7200000000;35.1250000000;55.4375000000;32.7500000000;4.5625000000;-14.0000000000;41.8750000000;0.0062260000;0.0020140000;-0.9995120000;-0.0313720000
283;-0.8800000000;-2.0400000000;-5.2600000000;-17.6250000000;12.4375000000;27.1250000000;4.5625000000;-14.0000000000;41.8750000000;-0.0031740000;-0.0092770000;-0.9993900000;-0.0328370000
284;-0.6500000000;-1.7800000000;-8.0300000000;-26.3125000000;-21.8750000000;9.5000000000;0.8750000000;-12.5625000000;42.7500000000;0.0004270000;-0.0139770000;-0.9996340000;-0.0224610000
285;-0.0400000000;-0.3800000000;-11.1100000000;-31.3125000000;-22.4375000000;5.3750000000;0.2500000000;-13.6875000000;43.3750000000;0.0091550000;-0.0161740000;-0.9996950000;-0.0144650000
286;-1.0500000000;-0.7300000000;-10.1400000000;-25.0625000000;-12.5000000000;-0.1250000000;1.0000000000;-14.0625000000;42.0625000000;0.0142210000;-0.0165410000;-0.9997560000;-0.0026860000
287;0.1600000000;0.3000000000;-10.5000000000;0.3750000000;-21.6250000000;0.8125000000;1.7500000000;-16.0625000000;43.6875000000;0.0208130000;-0.0165410000;-0.9996340000;-0.0011600000
288;-0.8900000000;0.0300000000;-9.9500000000;-6.3750000000;-7.0625000000;0.3125000000;1.7500000000;-16.0625000000;43.6875000000;0.0250240000;-0.0167850000;-0.9995730000;0.0001830000
289;-0.4000000000;0.6100000000;-9.6900000000;-6.8750000000;-10.1250000000;-4.5000000000;3.0000000000;-15.6875000000;42.0625000000;0.0274660000;-0.0130620000;-0.9995120000;0.0026860000
290;-0.7100000000;0.1400000000;-9.9900000000;-6.9375000000;-5.9375000000;3.2500000000;3.1875000000;-17.0625000000;40.8750000000;0.0305790000;-0.0111080000;-0.9994510000;0.0050050000
291;-0.7100000000;-0.0100000000;-9.9100000000;-14.5625000000;-1.5625000000;-1.1875000000;3.5625000000;-16.0625000000;40.5000000000;0.0317380000;-0.0089110000;-0.9993900000;0.0091550000
292;-0.7800000000;0.3400000000;-9.6200000000;0.8125000000;-4.8750000000;-2.8125000000;3.8750000000;-16.3750000000;40.8750000000;0.0330810000;-0.0058590000;-0.9993900000;0.0104980000
293;-0.7100000000;0.3400000000;-10.0900000000;-9.3125000000;-0.6250000000;-6.2500000000;3.8750000000;-16.3750000000;40.8750000000;0.0340580000;-0.0043950000;-0.9993290000;0.0125120000
294;-0.7700000000;0.4800000000;-9.3900000000;-5.3750000000;1.9375000000;-5.8750000000;3.8750000000;-17.0625000000;40.5625000000;0.0332640000;-0.0003660000;-0.9993290000;0.0153200000
295;-0.6900000000;0.7700000000;-9.2000000000;-0.9375000000;-5.5000000000;-1.7500000000;3.8750000000;-17.0625000000;41.7500000000;0.0342410000;0.0021970000;-0.9992680000;0.0155640000
296;-0.8000000000;0.4200000000;-10.0600000000;2.1875000000;-2.9375000000;0.1250000000;3.8750000000;-17.5000000000;41.0000000000;0.0359500000;0.0034790000;-0.9992070000;0.0159300000
297;-0.6300000000;0.7200000000;-9.5100000000;-1.3750000000;0.4375000000;-0.2500000000;3.5625000000;-17.5000000000;41.7500000000;0.0361330000;0.0039060000;-0.9992070000;0.0155030000
298;-0.8600000000;0.6300000000;-9.2200000000;-2.3750000000;-2.6875000000;3.8750000000;3.5625000000;-17.5000000000;41.7500000000;0.0365600000;0.0032350000;-0.9992070000;0.0164180000
299;-0.7500000000;0.1100000000;-10.1100000000;-5.8125000000;-2.9375000000;0.6875000000;3.8750000000;-17.5000000000;41.7500000000;0.0379640000;0.0030520000;-0.9990840000;0.0181270000
300;-0.9800000000;0.3000000000;-9.6800000000;-5.8125000000;1.8750000000;-1.9375000000;4.2500000000;-17.5000000000;41.6875000000;0.0376590000;0.0049440000;-0.9990840000;0.0200810000
301;-0.8600000000;0.5600000000;-9.8700000000;-4.5625000000;-3.3125000000;-0.4375000000;4.2500000000;-17.0625000000;40.1875000000;0.0383300000;0.0066530000;-0.9990230000;0.0216670000
302;-0.8300000000;0.2100000000;-9.7800000000;2.2500000000;-0.5000000000;-0.1250000000;5.0625000000;-18.1875000000;40.8750000000;0.0386350000;0.0088500000;-0.9990230000;0.0208130000
303;-0.8500000000;0.6000000000;-9.2800000000;-4.2500000000;-1.0625000000;-1.3750000000;5.0625000000;-18.1875000000;40.8750000000;0.0382080000;0.0098880000;-0.9989620000;0.0225830000
304;-0.8500000000;0.5300000000;-9.7300000000;-3.6250000000;0.3125000000;-1.1875000000;3.8750000000;-17.8750000000;39.3750000000;0.0388180000;0.0103150000;-0.9989010000;0.0232540000
305;-0.8100000000;0.5300000000;-9.6300000000;-10.8125000000;-0.0625000000;-3.6250000000;5.3750000000;-18.5625000000;41.5000000000;0.0387570000;0.0138550000;-0.9987790000;0.0263060000
306;-0.9600000000;0.8300000000;-9.2300000000;-0.2500000000;-3.1250000000;-0.8750000000;4.6875000000;-17.5000000000;40.1875000000;0.0395510000;0.0159910000;-0.9987180000;0.0275880000
307;-0.8200000000;0.6900000000;-9.6400000000;-6.3125000000;-4.6250000000;-1.0625000000;4.6875000000;-17.5000000000;40.1875000000;0.0411990000;0.0165410000;-0.9985960000;0.0291750000
308;-0.9900000000;0.5100000000;-9.5200000000;-9.6875000000;-4.0000000000;-2.1875000000;4.2500000000;-19.0000000000;41.3750000000;0.0424800000;0.0173340000;-0.9984130000;0.0323490000
309;-0.9800000000;0.8500000000;-9.8100000000;-5.8125000000;-6.0625000000;-2.5000000000;4.6875000000;-18.5625000000;40.5625000000;0.0445560000;0.0189210000;-0.9982300000;0.0343020000
310;-0.9200000000;0.6500000000;-9.8300000000;-7.2500000000;-3.5000000000;-2.7500000000;4.2500000000;-18.5625000000;40.1875000000;0.0458370000;0.0198360000;-0.9981080000;0.0366820000
311;-0.8800000000;1.0700000000;-9.9100000000;-3.1875000000;-4.1250000000;-2.4375000000;5.0625000000;-20.0625000000;40.1875000000;0.0467530000;0.0211180000;-0.9979860000;0.0379030000
312;-1.1800000000;0.8700000000;-9.7000000000;1.2500000000;-0.3750000000;-0.3750000000;5.0625000000;-20.0625000000;40.1875000000;0.0473630000;0.0219730000;-0.9979250000;0.0379640000
313;-0.8500000000;1.1700000000;-9.5700000000;0.9375000000;-0.4375000000;-1.5000000000;5.3750000000;-19.6875000000;40.1875000000;0.0474240000;0.0221560000;-0.9979250000;0.0382690000
314;-1.1200000000;0.8300000000;-9.5900000000;0.0000000000;-0.0625000000;2.1250000000;5.3750000000;-20.0625000000;40.5625000000;0.0474850000;0.0221560000;-0.9978640000;0.0384520000
315;-0.9400000000;0.5300000000;-9.6600000000;-2.7500000000;0.0625000000;0.1250000000;5.3750000000;-19.3750000000;40.1875000000;0.0474240000;0.0225830000;-0.9978640000;0.0393680000
316;-0.9900000000;0.8800000000;-9.4200000000;-1.6875000000;0.0625000000;0.1875000000;5.3750000000;-20.0625000000;39.7500000000;0.0473630000;0.0233150000;-0.9978030000;0.0396120000
317;-1.2500000000;0.6600000000;-9.1800000000;-0.6250000000;-1.8750000000;-0.9375000000;5.3750000000;-20.0625000000;39.7500000000;0.0478520000;0.0234370000;-0.9978030000;0.0399780000
318;-0.8600000000;0.8600000000;-9.9700000000;-3.8125000000;-6.0000000000;-0.6250000000;5.3750000000;-19.3750000000;39.8750000000;0.0501710000;0.0244140000;-0.9976200000;0.0411990000
319;-1.3700000000;0.7200000000;-9.5500000000;1.5000000000;-1.2500000000;0.2500000000;5.7500000000;-19.3750000000;39.3750000000;0.0507200000;0.0256960000;-0.9975590000;0.0410160000
320;-0.9300000000;1.0300000000;-9.7600000000;-5.6250000000;-3.0000000000;-2.2500000000;5.0625000000;-19.6875000000;39.0000000000;0.0517580000;0.0263670000;-0.9974370000;0.0424800000
321;-1.0400000000;0.8500000000;-9.7200000000;-1.7500000000;-1.3750000000;-0.4375000000;6.8750000000;-19.6875000000;39.5000000000;0.0520630000;0.0289310000;-0.9972530000;0.0433960000
322;-1.2700000000;1.0100000000;-9.3900000000;-4.8125000000;0.0000000000;-1.0000000000;6.8750000000;-19.6875000000;39.5000000000;0.0522460000;0.0294190000;-0.9971920000;0.0442500000
323;-1.0600000000;1.1900000000;-9.5800000000;-0.9375000000;-2.3125000000;-0.5625000000;6.1875000000;-20.3750000000;39.7500000000;0.0531010000;0.0302730000;-0.9970700000;0.0457150000
324;-1.1100000000;0.8500000000;-9.9000000000;-4.5000000000;-2.5625000000;0.5625000000;5.7500000000;-19.6875000000;40.5625000000;0.0538330000;0.0302730000;-0.9969480000;0.0472410000
325;-1.0400000000;0.8900000000;-9.6900000000;-1.8750000000;0.6875000000;-0.5625000000;6.1875000000;-20.0625000000;40.1875000000;0.0537110000;0.0308840000;-0.9969480000;0.0480350000
326;-1.1100000000;1.0000000000;-9.4200000000;-1.5625000000;-1.0000000000;0.8750000000;5.7500000000;-20.0625000000;39.5000000000;0.0537110000;0.0308230000;-0.9968870000;0.0482180000
327;-1.4900000000;0.7100000000;-9.0700000000;-2.0625000000;-1.2500000000;0.1875000000;5.7500000000;-20.0625000000;39.5000000000;0.0539550000;0.0306400000;-0.9968870000;0.0488890000
328;-0.9500000000;0.9200000000;-9.8200000000;-2.6250000000;-5.7500000000;-1.3125000000;6.1875000000;-20.0625000000;40.5625000000;0.0556030000;0.0314940000;-0.9967040000;0.0497440000
329;-1.2500000000;0.7700000000;-9.7800000000;-4.0625000000;-0.6875000000;-0.9375000000;5.7500000000;-20.0625000000;40.1875000000;0.0563960000;0.0319210000;-0.9965820000;0.0508420000
330;-1.1600000000;1.0500000000;-9.8500000000;-1.3125000000;-0.6250000000;-0.8750000000;7.2500000000;-20.7500000000;39.7500000000;0.0565800000;0.0345460000;-0.9964600000;0.0519410000
331;-1.1200000000;1.1800000000;-9.5800000000;-2.4375000000;2.6250000000;-0.5625000000;6.1875000000;-20.3750000000;39.5000000000;0.0560910000;0.0349120000;-0.9964600000;0.0523070000
332;-1.3300000000;1.0100000000;-9.0700000000;-4.9375000000;1.7500000000;0.0625000000;6.1875000000;-20.3750000000;39.5000000000;0.0551760000;0.0352170000;-0.9963990000;0.0537110000
333;-0.9900000000;1.2300000000;-9.7900000000;0.8750000000;-4.6250000000;1.8750000000;6.5625000000;-20.3750000000;39.0625000000;0.0563350000;0.0355220000;-0.9962770000;0.0543210000
334;-1.4500000000;0.8000000000;-9.3200000000;-2.8125000000;1.6875000000;0.6875000000;6.5625000000;-20.7500000000;39.5000000000;0.0561520000;0.0356450000;-0.9962770000;0.0548710000
335;-1.0800000000;0.9700000000;-9.5100000000;-1.6250000000;-2.8125000000;-1.4375000000;6.8750000000;-21.1875000000;39.5000000000;0.0566410000;0.0369260000;-0.9961550000;0.0559690000
336;-1.2100000000;1.0600000000;-9.6200000000;-2.0625000000;-1.3125000000;-0.0625000000;6.5625000000;-19.6875000000;38.5625000000;0.0574950000;0.0377810000;-0.9960940000;0.0557250000
337;-1.4800000000;0.9800000000;-9.2700000000;-3.1875000000;-1.0000000000;-1.4375000000;6.5625000000;-19.6875000000;38.5625000000;0.0576170000;0.0383300000;-0.9959720000;0.0572510000
338;-1.0600000000;1.3600000000;-10.1500000000;-1.0625000000;-4.5625000000;-1.3125000000;6.1875000000;-20.3750000000;39.5000000000;0.0592040000;0.0388180000;-0.9958500000;0.0573120000
339;-1.2500000000;1.1100000000;-9.7500000000;-0.2500000000;1.0625000000;-0.3750000000;6.5625000000;-21.1875000000;39.5000000000;0.0593870000;0.0390010000;-0.9957890000;0.0581670000
340;-1.1900000000;1.2800000000;-9.6800000000;-0.7500000000;0.0625000000;1.1250000000;6.8750000000;-20.7500000000;40.2500000000;0.0591430000;0.0393680000;-0.9957890000;0.0578610000
341;-1.2000000000;1.2200000000;-9.5700000000;2.1250000000;2.6250000000;2.1250000000;7.2500000000;-21.1875000000;38.5625000000;0.0586550000;0.0400390000;-0.9957890000;0.0578610000
342;-1.3200000000;1.0500000000;-9.1300000000;-2.4375000000;3.9375000000;1.4375000000;7.2500000000;-21.1875000000;38.5625000000;0.0570680000;0.0395510000;-0.9959110000;0.0578000000
343;-1.2900000000;0.9400000000;-9.2000000000;3.0000000000;-1.4375000000;2.3125000000;6.8750000000;-20.7500000000;38.5625000000;0.0568240000;0.0396120000;-0.9959110000;0.0577390000
344;-1.3100000000;1.0300000000;-9.5500000000;-5.2500000000;-1.9375000000;-0.4375000000;6.1875000000;-21.1875000000;38.5625000000;0.0576170000;0.0393070000;-0.9958500000;0.0582280000
345;-1.1700000000;0.8400000000;-9.7200000000;-4.6250000000;-2.0000000000;-1.7500000000;6.8750000000;-21.1875000000;38.5625000000;0.0579830000;0.0403440000;-0.9956670000;0.0600590000
346;-1.2300000000;1.3500000000;-9.9900000000;2.3750000000;-1.6250000000;-1.0625000000;6.5625000000;-20.0625000000;37.8750000000;0.0591430000;0.0413820000;-0.9956050000;0.0596310000
347;-1.2600000000;1.2700000000;-9.6600000000;1.3750000000;2.1875000000;-1.8750000000;6.5625000000;-20.0625000000;37.8750000000;0.0585940000;0.0418090000;-0.9956050000;0.0594480000
348;-1.1100000000;1.3500000000;-9.2400000000;3.1250000000;0.3750000000;-0.3750000000;6.8750000000;-21.1875000000;38.6875000000;0.0579830000;0.0424800000;-0.9957280000;0.0581670000
349;-1.3200000000;1.1300000000;-9.3400000000;-0.8125000000;-0.6875000000;1.0000000000;6.1875000000;-21.5625000000;39.7500000000;0.0583500000;0.0421750000;-0.9957280000;0.0580440000
350;-1.3600000000;0.8500000000;-9.3000000000;-2.9375000000;-2.7500000000;-0.3750000000;5.7500000000;-21.1875000000;39.0000000000;0.0587160000;0.0416870000;-0.9956670000;0.0589600000
351;-1.2800000000;1.0700000000;-9.6900000000;-3.2500000000;-4.0000000000;-1.2500000000;6.1875000000;-20.7500000000;39.0000000000;0.0599370000;0.0421140000;-0.9954830000;0.0601810000
352;-1.4000000000;1.0200000000;-9.5700000000;-3.4375000000;-0.4375000000;-2.6250000000;6.1875000000;-20.7500000000;39.0000000000;0.0604250000;0.0427860000;-0.9954220000;0.0608520000
353;-1.2100000000;1.3900000000;-9.4600000000;-0.5625000000;-2.1250000000;-2.8125000000;6.8750000000;-21.1875000000;39.7500000000;0.0609740000;0.0440670000;-0.9952390000;0.0615230000
354;-1.2700000000;1.4700000000;-9.7000000000;-1.1875000000;-3.1875000000;-1.3750000000;7.2500000000;-21.5625000000;37.7500000000;0.0620730000;0.0455320000;-0.9951170000;0.0617680000
355;-1.2600000000;1.3400000000;-9.7700000000;-0.1875000000;-1.0625000000;-1.0625000000;7.5625000000;-20.3750000000;38.5625000000;0.0625610000;0.0471190000;-0.9949950000;0.0621340000
356;-1.2800000000;1.4000000000;-9.8800000000;0.3750000000;-0.3125000000;0.6875000000;7.5625000000;-20.3750000000;39.0000000000;0.0625000000;0.0477910000;-0.9949340000;0.0625610000
357;-1.3900000000;1.1100000000;-9.4700000000;2.0000000000;2.1250000000;1.1250000000;7.5625000000;-20.3750000000;39.0000000000;0.0619510000;0.0473630000;-0.9949950000;0.0623170000
358;-1.1900000000;1.2000000000;-9.5500000000;1.3125000000;-0.0625000000;0.1250000000;6.8750000000;-22.2500000000;39.5000000000;0.0617680000;0.0471190000;-0.9950560000;0.0615230000
359;-1.5600000000;1.2000000000;-9.4000000000;1.6875000000;2.0000000000;1.0000000000;6.8750000000;-21.1875000000;38.5625000000;0.0614010000;0.0468750000;-0.9951170000;0.0609740000
360;-1.2500000000;1.1500000000;-9.3900000000;3.0625000000;-0.8125000000;0.5625000000;7.2500000000;-20.7500000000;38.5625000000;0.0615230000;0.0466310000;-0.9951780000;0.0601810000
361;-1.4000000000;1.1100000000;-9.2100000000;-1.0000000000;0.4375000000;1.0625000000;7.2500000000;-20.7500000000;38.5625000000;0.0617070000;0.0462650000;-0.9951780000;0.0603030000
362;-1.3100000000;0.8600000000;-9.5300000000;-5.6875000000;-2.1875000000;-0.0625000000;6.8750000000;-21.5625000000;38.5625000000;0.0625610000;0.0464480000;-0.9950560000;0.0620730000
363;-1.2100000000;0.9900000000;-9.8800000000;-0.2500000000;-2.7500000000;-0.0625000000;6.8750000000;-20.3750000000;39.7500000000;0.0634160000;0.0466920000;-0.9949340000;0.0626830000
364;-1.3000000000;1.1400000000;-9.6000000000;-1.4375000000;0.1875000000;-1.1875000000;6.8750000000;-21.1875000000;37.7500000000;0.0635380000;0.0471190000;-0.9948730000;0.0626220000
365;-1.3300000000;1.3600000000;-9.5800000000;1.0625000000;0.4375000000;0.0000000000;7.2500000000;-21.8750000000;38.2500000000;0.0635380000;0.0473630000;-0.9948730000;0.0624390000
366;-1.3200000000;1.4000000000;-9.3100000000;2.6875000000;0.7500000000;1.3125000000;7.2500000000;-21.8750000000;38.2500000000;0.0635380000;0.0470580000;-0.9949340000;0.0618290000
367;-1.3400000000;1.0600000000;-9.4100000000;-3.4375000000;-1.0000000000;1.9375000000;6.5625000000;-21.1875000000;37.5000000000;0.0635990000;0.0463870000;-0.9949340000;0.0628660000
368;-1.3600000000;0.9300000000;-9.8400000000;-0.6250000000;-2.5000000000;1.4375000000;7.2500000000;-21.1875000000;38.2500000000;0.0643920000;0.0458980000;-0.9948730000;0.0632320000
369;-1.4000000000;1.1100000000;-9.4500000000;-1.8125000000;0.3125000000;-0.9375000000;6.5625000000;-20.7500000000;37.7500000000;0.0643920000;0.0460210000;-0.9948120000;0.0637210000
370;-1.3900000000;1.0000000000;-9.4700000000;0.7500000000;-1.1875000000;-0.7500000000;7.2500000000;-21.1875000000;38.5625000000;0.0649410000;0.0462040000;-0.9948120000;0.0634160000
371;-1.3300000000;1.1800000000;-9.5000000000;1.3125000000;-1.1250000000;-1.9375000000;7.2500000000;-21.1875000000;38.5625000000;0.0654300000;0.0466310000;-0.9948120000;0.0628050000
372;-1.3100000000;1.2300000000;-9.5900000000;-2.5625000000;-1.5625000000;-1.9375000000;8.0000000000;-21.5625000000;38.5625000000;0.0658570000;0.0474850000;-0.9946900000;0.0635990000
373;-1.3900000000;1.3700000000;-9.7900000000;1.0000000000;-1.6250000000;-1.0000000000;7.5625000000;-21.5625000000;38.2500000000;0.0664060000;0.0478520000;-0.9946290000;0.0636600000
374;-1.0900000000;1.6800000000;-9.7800000000;-1.8750000000;-0.1875000000;-1.5000000000;7.5625000000;-20.7500000000;38.2500000000;0.0662840000;0.0482180000;-0.9945680000;0.0644530000
375;-1.5600000000;1.3500000000;-9.2700000000;1.8750000000;1.4375000000;2.1250000000;8.0000000000;-21.1875000000;39.0000000000;0.0660400000;0.0477910000;-0.9946290000;0.0642090000
376;-1.2200000000;1.3000000000;-9.4500000000;0.6250000000;-0.9375000000;1.5625000000;8.0000000000;-21.1875000000;39.0000000000;0.0659180000;0.0469970000;-0.9946900000;0.0639040000
377;-1.4600000000;0.9100000000;-9.5300000000;-3.3125000000;-0.1250000000;1.9375000000;6.8750000000;-21.1875000000;38.5625000000;0.0659180000;0.0462650000;-0.9946290000;0.0648190000
378;-1.5500000000;1.1000000000;-9.3500000000;-1.1250000000;-0.2500000000;-0.3125000000;7.2500000000;-21.5625000000;39.0000000000;0.0662230000;0.0462040000;-0.9946290000;0.0651250000
379;-1.2400000000;1.2400000000;-9.7600000000;-1.0625000000;-2.3125000000;-1.0625000000;6.8750000000;-21.8750000000;37.5000000000;0.0668950000;0.0465090000;-0.9945070000;0.0657960000
380;-1.5100000000;1.2000000000;-9.2500000000;-1.6250000000;1.2500000000;-1.1875000000;7.5625000000;-21.5625000000;38.2500000000;0.0667720000;0.0468140000;-0.9945070000;0.0659790000
381;-1.3300000000;1.3700000000;-9.3200000000;0.5000000000;-2.3750000000;-1.3125000000;7.5625000000;-21.5625000000;38.2500000000;0.0671390000;0.0472410000;-0.9944460000;0.0657960000
382;-1.4500000000;1.0600000000;-9.4300000000;-3.0000000000;-3.8750000000;-1.2500000000;7.5625000000;-21.1875000000;38.5625000000;0.0681760000;0.0476070000;-0.9943240000;0.0667720000
383;-1.3700000000;1.3300000000;-9.8600000000;-4.1250000000;-3.4375000000;-1.3750000000;7.5625000000;-21.1875000000;39.5000000000;0.0695800000;0.0481570000;-0.9941410000;0.0675660000
384;-1.4700000000;1.2800000000;-9.7400000000;-4.0000000000;-0.6875000000;-1.6250000000;7.5625000000;-21.1875000000;38.2500000000;0.0700680000;0.0487060000;-0.9939580000;0.0693360000
385;-1.4800000000;1.4900000000;-9.5400000000;-1.0625000000;0.3750000000;-1.2500000000;7.5625000000;-22.2500000000;38.6875000000;0.0701290000;0.0491940000;-0.9938960000;0.0696410000
386;-1.3900000000;1.4400000000;-9.6400000000;2.8750000000;-1.1875000000;0.1250000000;7.5625000000;-22.2500000000;38.6875000000;0.0703120000;0.0491940000;-0.9938960000;0.0695800000
387;-1.4000000000;1.2400000000;-9.5400000000;-1.2500000000;1.6875000000;0.3125000000;8.0000000000;-22.2500000000;37.7500000000;0.0700680000;0.0491940000;-0.9938960000;0.0693360000
388;-1.6000000000;1.2900000000;-9.2200000000;0.3750000000;2.4375000000;0.9375000000;6.8750000000;-21.1875000000;37.7500000000;0.0693360000;0.0491940000;-0.9939580000;0.0694580000
389;-1.2900000000;1.1500000000;-9.4600000000;-0.3125000000;-1.5625000000;1.2500000000;7.5625000000;-21.8750000000;38.5625000000;0.0693360000;0.0487060000;-0.9939580000;0.0695190000
390;-1.5300000000;1.0200000000;-9.4400000000;-0.7500000000;0.3125000000;0.5625000000;8.0000000000;-21.8750000000;37.5000000000;0.0698240000;0.0484620000;-0.9939580000;0.0696410000
391;-1.4300000000;1.3000000000;-9.1400000000;-2.2500000000;-0.6875000000;-1.7500000000;8.0000000000;-21.8750000000;37.5000000000;0.0695800000;0.0489500000;-0.9938960000;0.0704350000
392;-1.5700000000;1.3900000000;-9.9400000000;-0.7500000000;-4.3750000000;-0.8750000000;6.8750000000;-21.8750000000;38.5625000000;0.0708010000;0.0491940000;-0.9937740000;0.0705570000
393;-1.2600000000;1.6900000000;-9.6700000000;-1.7500000000;0.9375000000;-0.9375000000;8.0000000000;-21.8750000000;37.5000000000;0.0712280000;0.0495610000;-0.9936520000;0.0714110000
394;-1.4600000000;1.5400000000;-9.6500000000;-2.8750000000;0.0625000000;1.6250000000;7.5625000000;-21.5625000000;38.1875000000;0.0708010000;0.0494380000;-0.9936520000;0.0722050000
395;-1.5100000000;1.2000000000;-9.6400000000;1.8125000000;1.6875000000;2.0000000000;8.0000000000;-22.2500000000;39.7500000000;0.0707400000;0.0485840000;-0.9937130000;0.0720210000
396;-1.4100000000;1.2800000000;-9.4100000000;-0.8750000000;2.2500000000;0.9375000000;8.0000000000;-22.2500000000;39.7500000000;0.0699460000;0.0482790000;-0.9937740000;0.0720210000
397;-1.4300000000;1.1500000000;-9.6000000000;4.3750000000;0.3750000000;1.9375000000;8.0000000000;-22.2500000000;37.5000000000;0.0698850000;0.0474850000;-0.9938960000;0.0706180000
398;-1.3100000000;1.5200000000;-9.2200000000;-0.4375000000;1.8750000000;-0.0625000000;8.0000000000;-21.8750000000;37.7500000000;0.0694580000;0.0474240000;-0.9939580000;0.0701900000
399;-1.5800000000;1.4900000000;-9.2900000000;-0.4375000000;-0.4375000000;1.8125000000;8.3750000000;-21.5625000000;38.5625000000;0.0694580000;0.0471190000;-0.9939580000;0.0703740000
400;-1.2800000000;1.5300000000;-9.7700000000;-1.9375000000;-1.7500000000;2.8125000000;6.8750000000;-21.8750000000;37.7500000000;0.0700680000;0.0463260000;-0.9939580000;0.0710450000
401;-1.7300000000;0.9700000000;-9.3200000000;-0.8125000000;-0.3125000000;2.5000000000;6.8750000000;-21.8750000000;37.7500000000;0.0698850000;0.0454710000;-0.9939580000;0.0717770000
402;-1.3700000000;1.1600000000;-9.6900000000;-2.3750000000;-0.5000000000;-0.2500000000;7.2500000000;-21.5625000000;39.7500000000;0.0703740000;0.0452880000;-0.9938960000;0.0722050000
403;-1.7300000000;0.9500000000;-8.6400000000;0.9375000000;-0.2500000000;-2.1875000000;8.0000000000;-21.8750000000;39.0000000000;0.0701900000;0.0457150000;-0.9938960000;0.0720830000
404;-1.5700000000;0.7800000000;-7.3100000000;-4.9375000000;-8.5000000000;-6.0625000000;8.0000000000;-21.8750000000;36.6875000000;0.0718990000;0.0472410000;-0.9935910000;0.0731200000
405;-2.5900000000;0.6400000000;-4.5400000000;-3.0625000000;-30.0000000000;-9.7500000000;6.8750000000;-22.6875000000;38.2500000000;0.0787350000;0.0496220000;-0.9929200000;0.0742190000
406;-3.0400000000;0.3800000000;-2.5200000000;-7.5625000000;-78.5625000000;-17.8125000000;6.8750000000;-22.6875000000;38.2500000000;0.0981450000;0.0529170000;-0.9909060000;0.0754390000
407;-4.9300000000;-0.2200000000;-2.8000000000;-10.6250000000;-144.7500000000;-37.2500000000;8.3750000000;-21.8750000000;38.2500000000;0.1390990000;0.0606690000;-0.9851680000;0.0803220000
408;-6.5100000000;1.5200000000;-3.2600000000;-36.0625000000;-196.8750000000;-19.6875000000;11.2500000000;-21.8750000000;37.0000000000;0.1981810000;0.0659180000;-0.9739380000;0.0886230000
409;-9.2100000000;1.0700000000;-6.6000000000;-58.5000000000;-257.6250000000;-36.2500000000;18.0000000000;-21.8750000000;34.2500000000;0.2750240000;0.0725100000;-0.9522090000;0.1115720000
410;-8.5500000000;3.1100000000;-7.3500000000;-34.0625000000;-211.8125000000;-31.2500000000;24.5625000000;-24.8750000000;28.7500000000;0.3499760000;0.0778810000;-0.9250490000;0.1254270000
411;-11.0700000000;1.8900000000;-5.7700000000;-53.7500000000;-214.3125000000;-43.4375000000;24.5625000000;-24.8750000000;28.7500000000;0.4145510000;0.0859370000;-0.8948970000;0.1411130000
412;-12.8400000000;2.8800000000;-4.7300000000;-34.2500000000;-221.3125000000;-39.5625000000;29.7500000000;-24.1875000000;24.0000000000;0.4807130000;0.0951540000;-0.8580320000;0.1537480000
413;-13.7700000000;1.7100000000;-4.5100000000;-0.8125000000;-239.5625000000;-36.6250000000;35.0000000000;-25.1875000000;14.8750000000;0.5469970000;0.0943600000;-0.8164670000;0.1591190000
414;-13.3400000000;4.0900000000;-6.9900000000;-45.4375000000;-257.6875000000;-33.7500000000;38.0000000000;-24.5000000000;7.8750000000;0.6159670000;0.0977170000;-0.7628780000;0.1702880000
415;-12.2900000000;0.8900000000;-6.7500000000;-50.9375000000;-170.4375000000;-16.1250000000;39.5000000000;-23.7500000000;0.8750000000;0.6608890000;0.1028440000;-0.7196660000;0.1865230000
416;-10.5200000000;2.7000000000;-4.8700000000;-4.6250000000;-126.9375000000;-35.8750000000;39.5000000000;-23.7500000000;0.8750000000;0.6978760000;0.1058960000;-0.6831050000;0.1875610000
417;-10.4700000000;3.2800000000;-3.2900000000;-40.9375000000;-97.1250000000;-15.7500000000;39.1875000000;-22.6875000000;-6.2500000000;0.7225950000;0.1092530000;-0.6555180000;0.1901860000
418;-10.5700000000;0.9600000000;-1.6000000000;-54.2500000000;-68.3125000000;-11.7500000000;37.8750000000;-23.0625000000;-9.8750000000;0.7374270000;0.1198120000;-0.6334840000;0.2013550000
419;-10.3300000000;0.5800000000;-0.5200000000;0.0000000000;-48.5000000000;-14.8750000000;36.3750000000;-22.2500000000;-13.8750000000;0.7487180000;0.1210330000;-0.6198730000;0.2012330000
420;-9.7700000000;0.9100000000;-0.5300000000;-17.5625000000;-33.8125000000;-12.8125000000;36.3750000000;-22.2500000000;-13.8750000000;0.7567750000;0.1249390000;-0.6089480000;0.2021480000
421;-9.6800000000;1.2300000000;-0.5000000000;-15.1250000000;-17.5000000000;-8.1250000000;35.7500000000;-21.0625000000;-15.0625000000;0.7579350000;0.1298830000;-0.6058350000;0.2041020000
422;-9.7100000000;0.3300000000;-0.1500000000;-15.0000000000;4.6250000000;3.0000000000;36.2500000000;-21.7500000000;-16.3750000000;0.7517090000;0.1330570000;-0.6119380000;0.2067260000
423;-9.5900000000;0.3100000000;0.8600000000;5.1250000000;15.0000000000;-3.8750000000;34.8750000000;-22.1875000000;-15.1875000000;0.7489010000;0.1347660000;-0.6154790000;0.2053220000
424;-9.3700000000;0.9200000000;1.3300000000;11.0000000000;20.6875000000;-2.1875000000;35.5625000000;-20.6875000000;-16.5000000000;0.7465210000;0.1337280000;-0.6196900000;0.2020260000
425;-9.7000000000;0.6300000000;2.1200000000;0.6875000000;22.3125000000;-0.1875000000;35.5625000000;-20.6875000000;-16.5000000000;0.7416990000;0.1348880000;-0.6256710000;0.2005000000
426;-9.6500000000;0.4400000000;2.0200000000;5.1875000000;12.6250000000;2.3750000000;36.1875000000;-21.5000000000;-15.2500000000;0.7377930000;0.1343380000;-0.6309200000;0.1989750000
427;-9.5600000000;0.3400000000;1.9700000000;6.7500000000;11.7500000000;0.2500000000;36.1875000000;-21.7500000000;-15.2500000000;0.7359620000;0.1337280000;-0.6336670000;0.1971440000
428;-9.4200000000;0.5800000000;2.0100000000;7.7500000000;8.6250000000;0.5625000000;37.3750000000;-21.7500000000;-14.8750000000;0.7354130000;0.1320800000;-0.6352540000;0.1953120000
429;-9.6500000000;0.3300000000;1.9800000000;-7.6250000000;5.1250000000;1.9375000000;37.0000000000;-21.0625000000;-14.5000000000;0.7349240000;0.1326900000;-0.6353760000;0.1962890000
430;-9.7700000000;0.3400000000;1.7600000000;6.0625000000;-3.0000000000;0.2500000000;37.0000000000;-21.0625000000;-14.5000000000;0.7348630000;0.1326900000;-0.6353760000;0.1965330000
431;-9.5900000000;0.3800000000;1.1600000000;-3.0000000000;-0.1875000000;1.0625000000;36.5625000000;-22.1875000000;-14.0625000000;0.7358400000;0.1307980000;-0.6351930000;0.1948850000
432;-9.6300000000;0.1600000000;1.2200000000;-8.8125000000;3.8125000000;-0.8125000000;37.3750000000;-21.6875000000;-13.2500000000;0.7352910000;0.1311040000;-0.6361080000;0.1937260000
433;-9.7000000000;0.4700000000;1.3600000000;3.8125000000;0.1875000000;-1.8750000000;36.5625000000;-21.3750000000;-13.6875000000;0.7356570000;0.1299440000;-0.6368410000;0.1907960000
434;-9.6200000000;0.4800000000;1.1300000000;-8.7500000000;2.5625000000;0.1250000000;37.0000000000;-21.3750000000;-14.1875000000;0.7353520000;0.1301270000;-0.6373290000;0.1902470000
435;-9.8300000000;0.0500000000;1.5900000000;-10.5625000000;4.1875000000;-2.8125000000;37.0000000000;-21.3750000000;-14.1875000000;0.7335210000;0.1343990000;-0.6377560000;0.1927490000
436;-9.5000000000;0.8400000000;1.1800000000;3.6875000000;-2.6875000000;-1.8125000000;37.0000000000;-20.5625000000;-13.7500000000;0.7345580000;0.1332400000;-0.6375730000;0.1903080000
437;-9.4700000000;0.6800000000;1.3200000000;-6.6875000000;4.5000000000;1.0000000000;37.3750000000;-21.3750000000;-12.1875000000;0.7343750000;0.1321410000;-0.6384890000;0.1885380000
438;-9.7000000000;0.5300000000;1.6400000000;2.6875000000;-0.0625000000;1.5000000000;37.3750000000;-21.3750000000;-14.5625000000;0.7341920000;0.1313480000;-0.6389770000;0.1882930000
439;-9.6600000000;0.5500000000;1.2800000000;0.8750000000;-1.4375000000;4.0000000000;36.1875000000;-21.0000000000;-13.3750000000;0.7348020000;0.1287230000;-0.6391600000;0.1869510000
440;-9.8000000000;0.1200000000;1.2900000000;-4.8125000000;2.1875000000;2.2500000000;36.1875000000;-21.0000000000;-13.3750000000;0.7341920000;0.1290890000;-0.6393430000;0.1884770000
441;-9.6300000000;0.1500000000;0.9600000000;2.0625000000;-1.6875000000;-0.7500000000;36.5625000000;-21.3750000000;-13.7500000000;0.7346190000;0.1279910000;-0.6394040000;0.1873780000
442;-9.6600000000;0.4600000000;1.1000000000;-6.2500000000;4.0000000000;-0.8750000000;36.5625000000;-21.0000000000;-14.1875000000;0.7340700000;0.1290890000;-0.6399540000;0.1870120000
443;-9.6300000000;0.2400000000;1.2800000000;-12.4375000000;5.4375000000;-0.5000000000;36.1875000000;-19.8750000000;-13.3750000000;0.7324220000;0.1319580000;-0.6407470000;0.1886600000
444;-9.8200000000;0.4400000000;1.2300000000;1.2500000000;0.8125000000;-2.0000000000;37.3750000000;-21.6875000000;-14.1875000000;0.7319340000;0.1327510000;-0.6413570000;0.1878660000
445;-9.7100000000;0.2600000000;0.8200000000;-4.8750000000;4.8750000000;-2.5000000000;37.3750000000;-21.6875000000;-14.1875000000;0.7312620000;0.1340940000;-0.6419070000;0.1876830000
446;-9.5700000000;0.2700000000;1.3000000000;-4.6250000000;8.9375000000;-5.4375000000;38.0625000000;-21.0000000000;-14.5625000000;0.7294920000;0.1369020000;-0.6434330000;0.1873780000
447;-9.5200000000;0.8100000000;1.4500000000;5.2500000000;3.9375000000;-2.8750000000;36.5625000000;-20.5625000000;-13.7500000000;0.7288210000;0.1369630000;-0.6448970000;0.1847530000
448;-9.4800000000;0.6400000000;1.5500000000;-3.5625000000;2.0625000000;1.7500000000;37.3750000000;-19.8750000000;-13.3750000000;0.7283940000;0.1367800000;-0.6456300000;0.1843260000
449;-9.8300000000;0.4600000000;1.5300000000;1.3750000000;-1.8125000000;1.9375000000;37.6875000000;-19.1875000000;-13.7500000000;0.7283330000;0.1365970000;-0.6453860000;0.1854250000
450;-9.6500000000;0.4300000000;0.8500000000;-1.3125000000;-1.8125000000;2.7500000000;37.6875000000;-19.1875000000;-13.7500000000;0.7288820000;0.1356810000;-0.6447140000;0.1861570000
451;-9.5500000000;0.3900000000;1.1700000000;-2.7500000000;1.8750000000;1.9375000000;37.6875000000;-21.0000000000;-12.6875000000;0.7287600000;0.1343990000;-0.6453250000;0.1854860000
452;-9.8000000000;0.3000000000;1.1700000000;2.3750000000;-2.8125000000;2.7500000000;38.0625000000;-21.0000000000;-13.3750000000;0.7290650000;0.1329350000;-0.6454470000;0.1849980000
453;-9.6800000000;0.1000000000;1.0500000000;-2.1250000000;-0.4375000000;2.1250000000;36.5625000000;-21.3750000000;-14.1875000000;0.7292480000;0.1323240000;-0.6450810000;0.1857300000
454;-9.7300000000;0.2000000000;1.1900000000;0.9375000000;-0.8750000000;-0.3750000000;36.5625000000;-19.5000000000;-13.3750000000;0.7291870000;0.1325680000;-0.6452030000;0.1856080000
455;-9.7100000000;0.2400000000;0.7800000000;-1.8750000000;-1.6250000000;-0.2500000000;36.5625000000;-19.5000000000;-13.3750000000;0.7294920000;0.1327510000;-0.6448360000;0.1853030000
456;-9.7000000000;0.1500000000;1.0300000000;-3.9375000000;3.2500000000;-2.2500000000;36.5625000000;-21.3750000000;-13.7500000000;0.7291260000;0.1339110000;-0.6450200000;0.1854250000
457;-9.5900000000;0.6400000000;1.1500000000;-1.0000000000;2.0000000000;-2.0625000000;37.6875000000;-22.0625000000;-14.1875000000;0.7287600000;0.1345830000;-0.6456910000;0.1841430000
458;-9.7200000000;0.5300000000;1.2200000000;-7.3750000000;3.4375000000;1.1250000000;37.3750000000;-20.5625000000;-14.1875000000;0.7278440000;0.1361080000;-0.6460570000;0.1851810000
459;-9.6600000000;0.2500000000;1.2700000000;-0.3125000000;1.3125000000;-2.0625000000;38.0625000000;-19.1875000000;-13.3750000000;0.7269290000;0.1380000000;-0.6463620000;0.1864010000
460;-9.4900000000;0.8800000000;1.2200000000;2.4375000000;-0.3125000000;0.3750000000;38.0625000000;-19.1875000000;-13.3750000000;0.7274170000;0.1367190000;-0.6465450000;0.1847530000
461;-9.6000000000;0.3900000000;1.4000000000;-1.5000000000;-0.3125000000;3.3125000000;37.0000000000;-20.1875000000;-14.5625000000;0.7270510000;0.1368410000;-0.6465450000;0.1862180000
462;-9.6200000000;0.6800000000;1.2900000000;6.8750000000;-4.6875000000;4.0000000000;37.3750000000;-20.1875000000;-14.5625000000;0.7278440000;0.1344600000;-0.6461790000;0.1861570000
463;-9.5900000000;0.6000000000;0.9200000000;-2.3125000000;-2.0000000000;6.1875000000;37.3750000000;-21.3750000000;-13.7500000000;0.7284550000;0.1320800000;-0.6456910000;0.1868900000
464;-10.0300000000;0.7800000000;0.2000000000;-3.8125000000;-5.8750000000;6.1250000000;37.0000000000;-21.0000000000;-13.7500000000;0.7288210000;0.1312260000;-0.6447750000;0.1893920000
465;-9.5600000000;1.1300000000;-1.1100000000;5.8750000000;11.2500000000;5.8125000000;37.0000000000;-21.0000000000;-13.7500000000;0.7279050000;0.1293330000;-0.6459960000;0.1899410000
466;-10.2900000000;1.4200000000;-1.6700000000;-6.9375000000;36.9375000000;15.0625000000;37.0000000000;-21.6875000000;-14.1875000000;0.7211300000;0.1284180000;-0.6533200000;0.1914060000
467;-10.2600000000;1.0500000000;-2.8800000000;-9.1250000000;54.3750000000;13.6250000000;37.0000000000;-20.1875000000;-13.7500000000;0.7092290000;0.1308590000;-0.6646120000;0.1953120000
468;-11.2800000000;1.2500000000;-4.0400000000;4.2500000000;95.0000000000;19.0000000000;37.3750000000;-22.0625000000;-13.3750000000;0.6901250000;0.1323850000;-0.6841430000;0.1951900000
469;-11.5500000000;1.1300000000;-5.4200000000;-16.6875000000;116.5625000000;25.5000000000;38.8750000000;-22.0625000000;-10.6875000000;0.6614380000;0.1366580000;-0.7103270000;0.1981810000
470;-12.2700000000;1.7900000000;-6.3200000000;29.0000000000;159.3125000000;39.0000000000;38.8750000000;-22.0625000000;-10.6875000000;0.6246340000;0.1358030000;-0.7437740000;0.1955570000
471;-12.8200000000;2.4800000000;-8.1000000000;21.5625000000;203.6875000000;42.8750000000;39.1875000000;-21.6875000000;-6.6875000000;0.5747680000;0.1323850000;-0.7850340000;0.1892090000
472;-13.6300000000;2.4000000000;-6.3000000000;54.1875000000;242.5000000000;49.9375000000;39.8750000000;-22.5000000000;-2.0000000000;0.5099490000;0.1266480000;-0.8322140000;0.1770630000
473;-13.2300000000;3.3100000000;-6.4000000000;94.0625000000;250.6250000000;63.8750000000;38.3750000000;-23.1875000000;7.8750000000;0.4379270000;0.1091310000;-0.8793950000;0.1514890000
474;-11.9500000000;4.6600000000;-6.0800000000;67.6250000000;270.6875000000;51.3125000000;38.3750000000;-23.1875000000;7.8750000000;0.3563230000;0.0949710000;-0.9207150000;0.1274410000
475;-10.8800000000;3.6900000000;-4.6800000000;55.2500000000;256.2500000000;65.7500000000;35.0625000000;-23.5625000000;17.6875000000;0.2729490000;0.0811770000;-0.9521480000;0.1110230000
476;-7.8600000000;2.4100000000;-6.1900000000;117.5625000000;223.5625000000;69.1875000000;30.0000000000;-23.1875000000;25.1875000000;0.1990970000;0.0561520000;-0.9755250000;0.0747070000
477;-6.1100000000;1.8900000000;-5.3900000000;61.0000000000;221.5000000000;47.8125000000;22.5625000000;-22.5000000000;31.7500000000;0.1258540000;0.0401000000;-0.9899900000;0.0498050000
478;-4.6800000000;0.8900000000;-3.6700000000;92.0000000000;175.5000000000;47.0625000000;15.5625000000;-19.8750000000;37.0000000000;0.0644530000;0.0242920000;-0.9973750000;0.0217290000
479;-2.6900000000;0.1000000000;-2.7300000000;85.1875000000;123.5625000000;37.5625000000;15.5625000000;-19.8750000000;37.0000000000;0.0211180000;0.0097050000;-0.9996950000;-0.0095210000
480;-1.6000000000;-0.3600000000;-1.9800000000;81.3750000000;71.4375000000;32.1875000000;7.6875000000;-16.5000000000;38.8750000000;-0.0048830000;-0.0025630000;-0.9993290000;-0.0360720000
481;-0.7800000000;-1.8200000000;-3.9000000000;4.5625000000;17.8125000000;26.0000000000;1.6875000000;-14.3750000000;42.8750000000;-0.0129390000;-0.0119020000;-0.9989620000;-0.0417480000
482;-1.2000000000;-2.9300000000;-7.8000000000;-33.6875000000;-22.5000000000;6.8750000000;-1.1875000000;-12.0625000000;42.8750000000;-0.0062260000;-0.0147710000;-0.9993900000;-0.0313110000
483;-0.2600000000;-2.2300000000;-9.7100000000;-23.6250000000;-32.8125000000;-8.5000000000;-1.1875000000;-13.2500000000;42.5625000000;0.0019530000;-0.0133670000;-0.9995730000;-0.0248410000
484;-0.6500000000;-0.6700000000;-10.6000000000;-37.5625000000;-19.8125000000;-20.0625000000;-1.1875000000;-13.2500000000;42.5625000000;0.0106200000;-0.0072020000;-0.9998170000;-0.0147090000
485;-0.6900000000;-0.1400000000;-10.6600000000;-16.8125000000;-21.3750000000;-17.3125000000;1.1875000000;-14.5000000000;41.3750000000;0.0189820000;0.0030520000;-0.9998170000;-0.0036620000
486;-0.6500000000;0.7100000000;-8.8800000000;-9.1250000000;-11.3750000000;-14.1250000000;2.5625000000;-14.7500000000;42.1875000000;0.0236210000;0.0104980000;-0.9996950000;-0.0008540000
487;-0.9100000000;0.3100000000;-9.8300000000;-21.8125000000;-20.3125000000;-11.3125000000;3.2500000000;-16.0000000000;41.3750000000;0.0300900000;0.0166020000;-0.9993900000;0.0059200000
488;-0.5400000000;0.9400000000;-10.2200000000;-10.1250000000;-21.0000000000;-9.4375000000;4.3750000000;-16.5625000000;40.1875000000;0.0355830000;0.0216060000;-0.9990840000;0.0086670000
489;-1.3200000000;0.4600000000;-9.8500000000;-18.4375000000;-13.5625000000;-5.8125000000;4.3750000000;-16.5625000000;40.1875000000;0.0409550000;0.0239260000;-0.9987790000;0.0145260000
490;-0.8100000000;0.6600000000;-10.0900000000;-19.6250000000;-13.0000000000;-8.9375000000;5.0625000000;-16.5625000000;40.1875000000;0.0462040000;0.0295410000;-0.9982300000;0.0227660000
491;-0.9900000000;1.1500000000;-10.3200000000;-11.3125000000;-7.6875000000;-6.0000000000;5.8750000000;-17.3750000000;41.0000000000;0.0490110000;0.0337520000;-0.9978640000;0.0266720000
492;-1.3100000000;0.6500000000;-10.0900000000;-7.6250000000;-1.6875000000;-0.8750000000;5.8750000000;-17.7500000000;41.0000000000;0.0497440000;0.0354000000;-0.9976810000;0.0299070000
493;-0.9700000000;1.1200000000;-10.0200000000;-0.8750000000;-3.7500000000;-3.0625000000;7.0000000000;-18.5000000000;39.0000000000;0.0502930000;0.0385740000;-0.9974980000;0.0304570000
494;-1.1000000000;1.1300000000;-9.6200000000;0.3750000000;5.6250000000;3.3750000000;7.0000000000;-18.5000000000;39.0000000000;0.0500490000;0.0383300000;-0.9975590000;0.0300900000
495;-1.2700000000;0.4000000000;-9.2200000000;0.1875000000;3.1250000000;3.6875000000;6.5625000000;-18.5000000000;39.7500000000;0.0479130000;0.0382080000;-0.9976810000;0.0305790000
496;-1.2200000000;0.8000000000;-9.6100000000;3.9375000000;-0.9375000000;3.4375000000;7.0000000000;-18.0625000000;40.1875000000;0.0480350000;0.0392460000;-0.9976200000;0.0292360000
497;-1.2500000000;0.3000000000;-9.7600000000;-2.1875000000;2.3750000000;3.5625000000;6.2500000000;-18.0625000000;39.7500000000;0.0476070000;0.0396120000;-0.9976200000;0.0301510000
498;-1.2200000000;0.6200000000;-9.7000000000;5.0000000000;-0.3750000000;-1.0625000000;6.2500000000;-18.0625000000;39.3750000000;0.0470580000;0.0408940000;-0.9976200000;0.0292970000
499;-1.0000000000;0.6900000000;-10.0900000000;-1.5625000000;1.0000000000;0.6875000000;6.2500000000;-18.0625000000;39.3750000000;0.0474240000;0.0410160000;-0.9976200000;0.0286250000
500;-1.3100000000;0.6200000000;-9.2100000000;-2.3750000000;7.2500000000;0.3750000000;6.5625000000;-18.5000000000;39.7500000000;0.0454100000;0.0427250000;-0.9976200000;0.0292360000
501;-1.0000000000;0.8600000000;-9.2100000000;-2.7500000000;-2.1250000000;-2.0000000000;6.2500000000;-18.0625000000;40.5625000000;0.0446170000;0.0443730000;-0.9975590000;0.0308840000
502;-1.1700000000;0.6500000000;-9.7700000000;-1.5000000000;-2.2500000000;2.3750000000;5.8750000000;-18.8750000000;40.5625000000;0.0457760000;0.0444950000;-0.9974980000;0.0309450000
503;-1.1400000000;0.6600000000;-9.1600000000;-2.8750000000;0.1875000000;-0.1875000000;5.8750000000;-18.5000000000;40.1875000000;0.0458370000;0.0446170000;-0.9974370000;0.0317380000
504;-1.2200000000;0.5700000000;-9.7100000000;0.6875000000;-6.4375000000;0.3750000000;5.8750000000;-18.5000000000;40.1875000000;0.0471800000;0.0445560000;-0.9973750000;0.0325930000
505;-1.1700000000;0.8300000000;-9.7600000000;-2.7500000000;-2.0625000000;-0.2500000000;6.2500000000;-18.8750000000;39.3750000000;0.0488890000;0.0457760000;-0.9971920000;0.0329590000
506;-1.2300000000;0.6200000000;-9.2200000000;-4.3750000000;-2.8750000000;-1.6250000000;5.0625000000;-18.0625000000;40.1875000000;0.0489500000;0.0458980000;-0.9971310000;0.0343630000
507;-1.3500000000;0.6800000000;-9.8700000000;-1.2500000000;-6.5625000000;-0.8125000000;7.0000000000;-18.8750000000;39.3750000000;0.0512700000;0.0484620000;-0.9968870000;0.0349730000
508;-1.2000000000;0.8500000000;-9.4600000000;-6.6875000000;-1.5000000000;-2.8125000000;6.5625000000;-19.2500000000;39.7500000000;0.0520020000;0.0495610000;-0.9967040000;0.0370480000
509;-1.2600000000;0.6800000000;-9.9300000000;-7.1250000000;-4.0625000000;-0.1875000000;6.5625000000;-19.2500000000;39.7500000000;0.0528560000;0.0500490000;-0.9965820000;0.0392460000
510;-1.4100000000;0.7400000000;-9.7800000000;-4.4375000000;-0.0625000000;-0.0625000000;6.5625000000;-19.2500000000;39.0000000000;0.0537110000;0.0505980000;-0.9963990000;0.0413820000
511;-1.1300000000;1.1200000000;-9.5100000000;-0.1875000000;-0.9375000000;-0.9375000000;7.0000000000;-19.5625000000;39.0625000000;0.0534060000;0.0518800000;-0.9963380000;0.0421140000
512;-1.4400000000;0.9100000000;-9.8200000000;4.7500000000;-4.2500000000;3.0625000000;6.5625000000;-20.0000000000;39.7500000000;0.0547490000;0.0513920000;-0.9963380000;0.0416260000
513;-1.2900000000;0.8200000000;-9.3300000000;12.9375000000;-3.6250000000;1.1250000000;6.5625000000;-19.2500000000;38.5625000000;0.0558470000;0.0504760000;-0.9963990000;0.0386350000
514;-1.2600000000;1.0500000000;-9.7400000000;6.5000000000;-5.0000000000;2.1250000000;6.5625000000;-19.2500000000;38.5625000000;0.0577390000;0.0497440000;-0.9964600000;0.0350340000
515;-1.2600000000;0.5800000000;-9.7900000000;-3.8750000000;0.9375000000;-0.0625000000;7.0000000000;-18.5000000000;39.7500000000;0.0579220000;0.0497440000;-0.9963990000;0.0361940000
516;-1.4500000000;0.7300000000;-9.2400000000;5.4375000000;-0.7500000000;1.0625000000;7.0000000000;-19.2500000000;39.0625000000;0.0576780000;0.0499270000;-0.9964600000;0.0355220000
517;-1.3700000000;0.5700000000;-9.5700000000;-3.0625000000;-2.8750000000;-0.4375000000;6.5625000000;-19.2500000000;39.0000000000;0.0585940000;0.0498050000;-0.9963990000;0.0357060000
518;-1.3900000000;0.7100000000;-9.7900000000;-0.7500000000;-2.5625000000;-1.3125000000;8.0625000000;-18.5000000000;39.3750000000;0.0599980000;0.0523680000;-0.9961550000;0.0361330000
519;-1.4600000000;0.6600000000;-9.9200000000;1.0000000000;-2.0000000000;-0.4375000000;8.0625000000;-18.5000000000;39.3750000000;0.0609740000;0.0527340000;-0.9960940000;0.0363770000
520;-1.2200000000;0.8600000000;-10.0100000000;-3.0000000000;1.8750000000;-1.6250000000;7.6875000000;-18.8750000000;39.3750000000;0.0609740000;0.0543210000;-0.9959720000;0.0368650000
521;-1.4300000000;0.8600000000;-9.4100000000;3.3750000000;1.8125000000;-0.8125000000;8.0625000000;-19.2500000000;39.0000000000;0.0601810000;0.0562740000;-0.9959110000;0.0364380000
522;-1.4500000000;0.8900000000;-8.9400000000;-1.0625000000;0.1250000000;-0.3125000000;6.2500000000;-19.2500000000;39.7500000000;0.0598750000;0.0559690000;-0.9959720000;0.0364990000
523;-1.2300000000;0.8500000000;-9.7200000000;0.9375000000;-4.0625000000;1.3125000000;7.0000000000;-18.5000000000;39.0000000000;0.0609740000;0.0556640000;-0.9959110000;0.0363770000
524;-1.5800000000;0.3800000000;-9.5900000000;-4.3750000000;-0.7500000000;0.9375000000;7.0000000000;-18.5000000000;39.0000000000;0.0611570000;0.0556030000;-0.9958500000;0.0382690000
525;-1.2400000000;0.9000000000;-9.8300000000;-4.6875000000;0.3750000000;-1.5000000000;7.6875000000;-18.8750000000;38.5625000000;0.0611570000;0.0571290000;-0.9956670000;0.0399170000
526;-1.6400000000;0.6900000000;-9.3900000000;2.0625000000;-1.1875000000;0.1875000000;7.0000000000;-19.2500000000;38.5625000000;0.0611570000;0.0571900000;-0.9957280000;0.0397340000
527;-1.2700000000;1.0200000000;-9.6500000000;-3.7500000000;-0.9375000000;-1.1250000000;7.0000000000;-19.2500000000;39.0000000000;0.0617070000;0.0574340000;-0.9956050000;0.0402830000
528;-1.4500000000;0.8600000000;-9.7200000000;-5.3750000000;2.1250000000;-0.5625000000;7.6875000000;-18.8750000000;39.0000000000;0.0610350000;0.0584110000;-0.9955440000;0.0420530000
529;-1.4000000000;0.7400000000;-9.5000000000;-0.5000000000;-2.3750000000;-0.8125000000;7.6875000000;-18.8750000000;39.0000000000;0.0610960000;0.0585330000;-0.9955440000;0.0422970000
530;-1.2900000000;0.8400000000;-9.9500000000;-1.7500000000;2.7500000000;0.3125000000;7.0000000000;-19.2500000000;39.7500000000;0.0609130000;0.0585940000;-0.9954830000;0.0429690000
531;-1.3900000000;0.9200000000;-9.6800000000;0.3125000000;2.7500000000;-0.8125000000;7.6875000000;-19.5625000000;38.5625000000;0.0600590000;0.0592650000;-0.9954830000;0.0431520000
532;-1.5200000000;0.9300000000;-9.1400000000;2.4375000000;1.3125000000;-0.3125000000;7.2500000000;-18.5000000000;39.3750000000;0.0596310000;0.0594480000;-0.9955440000;0.0423580000
533;-1.2200000000;0.8900000000;-9.6400000000;1.1875000000;-1.3750000000;0.6875000000;7.2500000000;-19.5625000000;39.3750000000;0.0600590000;0.0593870000;-0.9955440000;0.0421140000
534;-1.3800000000;0.6600000000;-9.3600000000;-2.3125000000;0.3750000000;-0.3750000000;7.2500000000;-19.5625000000;39.3750000000;0.0598750000;0.0595090000;-0.9954830000;0.0427250000
535;-1.6700000000;0.7800000000;-9.6500000000;-0.3750000000;-2.1250000000;1.1250000000;7.2500000000;-18.5000000000;40.1875000000;0.0611570000;0.0594480000;-0.9954220000;0.0429690000
536;-1.1300000000;1.1000000000;-9.7200000000;-0.3125000000;-0.4375000000;-2.1875000000;7.2500000000;-19.5625000000;39.0000000000;0.0614010000;0.0599980000;-0.9953610000;0.0432740000
537;-1.6000000000;0.8100000000;-9.4900000000;-2.5625000000;-0.5000000000;0.5625000000;7.0000000000;-18.5000000000;39.0000000000;0.0613400000;0.0600590000;-0.9953610000;0.0438840000
538;-1.4200000000;0.6800000000;-9.6900000000;1.5625000000;-1.3125000000;-1.6875000000;7.0000000000;-18.5000000000;39.0000000000;0.0618290000;0.0602420000;-0.9953000000;0.0440670000
539;-1.3400000000;1.1600000000;-9.6400000000;-0.8125000000;0.3750000000;-0.2500000000;7.2500000000;-18.8750000000;39.0000000000;0.0620120000;0.0607910000;-0.9952390000;0.0440670000
540;-1.6200000000;0.6900000000;-9.5100000000;-1.5625000000;-0.7500000000;0.6875000000;7.0000000000;-19.2500000000;40.1875000000;0.0623170000;0.0604860000;-0.9952390000;0.0446170000
541;-1.3500000000;1.2500000000;-9.7800000000;-0.3125000000;0.0625000000;-0.3125000000;7.2500000000;-19.2500000000;39.7500000000;0.0624390000;0.0606690000;-0.9951780000;0.0447390000
542;-1.5500000000;0.6500000000;-9.5200000000;-0.7500000000;0.3750000000;0.9375000000;7.6875000000;-20.0000000000;39.0000000000;0.0621950000;0.0605470000;-0.9951780000;0.0451660000
543;-1.3400000000;1.1300000000;-9.6700000000;0.7500000000;0.3750000000;-0.4375000000;7.6875000000;-20.0000000000;39.0000000000;0.0623170000;0.0605470000;-0.9952390000;0.0445560000
544;-1.4500000000;0.8500000000;-9.5700000000;0.9375000000;1.0625000000;0.9375000000;8.0625000000;-19.2500000000;37.7500000000;0.0619510000;0.0616460000;-0.9951780000;0.0448610000
545;-1.5600000000;1.0000000000;-9.0600000000;-1.6250000000;0.5000000000;-0.6875000000;7.2500000000;-18.8750000000;39.0000000000;0.0618900000;0.0618290000;-0.9951170000;0.0452270000
546;-1.3000000000;0.9200000000;-10.2000000000;0.3125000000;-3.2500000000;1.0000000000;7.2500000000;-19.5625000000;39.3750000000;0.0630490000;0.0615230000;-0.9950560000;0.0452880000
547;-1.4600000000;0.8400000000;-9.3500000000;-1.8750000000;3.6250000000;-0.6250000000;8.0625000000;-18.8750000000;39.3750000000;0.0622560000;0.0625610000;-0.9950560000;0.0455320000
548;-1.5200000000;0.8900000000;-9.5600000000;2.3750000000;-2.5000000000;-0.1250000000;8.0625000000;-18.8750000000;39.3750000000;0.0623780000;0.0627440000;-0.9950560000;0.0455320000
549;-1.2500000000;1.0800000000;-9.6100000000;-0.5625000000;-1.0000000000;-1.2500000000;8.0625000000;-20.0000000000;38.1875000000;0.0631100000;0.0638430000;-0.9949340000;0.0451660000
550;-1.6900000000;0.7200000000;-9.6400000000;-0.8125000000;-0.8125000000;0.6250000000;7.6875000000;-19.5625000000;39.7500000000;0.0635380000;0.0639650000;-0.9948730000;0.0460210000
551;-1.1800000000;1.1100000000;-9.9300000000;1.0000000000;0.5000000000;-2.1250000000;7.6875000000;-19.2500000000;39.3750000000;0.0635990000;0.0645140000;-0.9948120000;0.0456540000
552;-1.6000000000;0.8200000000;-9.1400000000;-3.4375000000;2.5000000000;0.1250000000;8.0625000000;-19.2500000000;39.0000000000;0.0626220000;0.0651860000;-0.9948120000;0.0467530000
553;-1.3100000000;0.8700000000;-9.4600000000;-0.1875000000;-2.2500000000;0.1875000000;8.0625000000;-19.2500000000;39.0000000000;0.0629270000;0.0651250000;-0.9948120000;0.0465700000
554;-1.4800000000;0.7600000000;-9.4600000000;-2.3125000000;-0.2500000000;1.2500000000;7.6875000000;-20.0000000000;39.3750000000;0.0631710000;0.0649410000;-0.9947510000;0.0474850000
555;-1.3300000000;0.7000000000;-9.8000000000;-0.4375000000;-2.3125000000;-2.1875000000;7.6875000000;-19.2500000000;39.0625000000;0.0635990000;0.0651860000;-0.9946900000;0.0478520000
556;-1.4700000000;1.0300000000;-9.5700000000;-2.0000000000;0.8750000000;0.5000000000;7.6875000000;-19.5625000000;38.5625000000;0.0639040000;0.0655520000;-0.9946290000;0.0478520000
557;-1.5500000000;1.0100000000;-9.4500000000;1.5625000000;-0.6875000000;-0.2500000000;7.6875000000;-19.5625000000;38.1875000000;0.0637820000;0.0657350000;-0.9946290000;0.0480350000
558;-1.3100000000;1.1400000000;-9.7200000000;-2.5625000000;0.9375000000;0.5625000000;7.6875000000;-19.5625000000;38.1875000000;0.0641480000;0.0656740000;-0.9946290000;0.0482790000
559;-1.5400000000;0.9100000000;-9.3100000000;-0.3750000000;0.0625000000;1.2500000000;8.5000000000;-19.5625000000;40.5625000000;0.0636600000;0.0654300000;-0.9946290000;0.0493160000
560;-1.3600000000;0.9100000000;-9.7300000000;-1.5000000000;-2.3750000000;0.3750000000;7.2500000000;-19.5625000000;38.5625000000;0.0642700000;0.0652470000;-0.9945680000;0.0496830000
561;-1.4500000000;0.8900000000;-9.8000000000;-1.1875000000;0.0000000000;0.6250000000;7.2500000000;-18.8750000000;39.0000000000;0.0645140000;0.0651250000;-0.9945070000;0.0500490000
562;-1.3200000000;0.8500000000;-9.7500000000;3.7500000000;-0.8750000000;-0.5625000000;7.6875000000;-20.0000000000;37.3750000000;0.0649410000;0.0651250000;-0.9945070000;0.0493770000
563;-1.4300000000;1.2000000000;-9.2800000000;-2.1875000000;2.6250000000;-0.6250000000;7.6875000000;-20.0000000000;37.3750000000;0.0643920000;0.0654300000;-0.9945680000;0.0490110000
564;-1.5100000000;0.8300000000;-9.4600000000;1.4375000000;-0.7500000000;-0.1250000000;7.6875000000;-20.0000000000;39.0625000000;0.0642700000;0.0653690000;-0.9945680000;0.0494380000
565;-1.2300000000;1.1400000000;-9.8000000000;-0.2500000000;-0.7500000000;-0.1875000000;8.0625000000;-20.0000000000;38.5625000000;0.0648800000;0.0654300000;-0.9945070000;0.0492550000
566;-1.6700000000;0.7700000000;-9.3400000000;-1.8125000000;1.0625000000;0.8125000000;8.5000000000;-19.5625000000;39.7500000000;0.0644530000;0.0653080000;-0.9945070000;0.0499270000
567;-1.3600000000;0.9400000000;-9.6400000000;1.5625000000;-1.6875000000;-0.7500000000;8.0625000000;-19.5625000000;39.0625000000;0.0649410000;0.0653080000;-0.9945070000;0.0495610000
568;-1.5300000000;0.9400000000;-9.1100000000;-3.8750000000;0.8750000000;-0.8750000000;8.0625000000;-19.5625000000;39.0625000000;0.0648800000;0.0654910000;-0.9944460000;0.0502320000
569;-1.4500000000;0.8800000000;-9.8600000000;-8.5000000000;-1.2500000000;-0.9375000000;6.5625000000;-19.5625000000;38.5625000000;0.0651860000;0.0657350000;-0.9943240000;0.0523070000
570;-1.4200000000;1.1300000000;-9.6800000000;2.4375000000;-0.3750000000;-0.9375000000;7.6875000000;-19.2500000000;37.7500000000;0.0652470000;0.0662230000;-0.9942630000;0.0532230000
571;-1.5600000000;0.9900000000;-9.5700000000;-2.6250000000;0.0625000000;1.3125000000;8.0625000000;-20.6875000000;38.1875000000;0.0651860000;0.0660400000;-0.9942630000;0.0535890000
572;-1.4000000000;1.1100000000;-9.6500000000;1.3125000000;-0.5000000000;0.1250000000;8.0625000000;-20.0000000000;39.7500000000;0.0654300000;0.0657960000;-0.9942630000;0.0531010000
573;-1.4600000000;0.9500000000;-9.5500000000;-0.1875000000;-0.6250000000;1.5000000000;8.0625000000;-20.0000000000;39.7500000000;0.0656130000;0.0656740000;-0.9942630000;0.0534060000
574;-1.4300000000;0.8800000000;-9.7600000000;0.4375000000;-0.8750000000;0.8125000000;7.0000000000;-20.0000000000;39.0000000000;0.0660400000;0.0653080000;-0.9942630000;0.0534060000
575;-1.4900000000;1.0300000000;-9.7300000000;-0.5625000000;1.1875000000;0.4375000000;7.6875000000;-20.2500000000;38.5625000000;0.0659180000;0.0653080000;-0.9942630000;0.0534060000
576;-1.4500000000;1.0200000000;-9.3500000000;0.6875000000;1.1875000000;1.1875000000;8.0625000000;-20.6875000000;38.5625000000;0.0654910000;0.0651860000;-0.9942630000;0.0534060000
577;-1.5600000000;0.7200000000;-9.5400000000;0.9375000000;-2.3750000000;0.1250000000;7.6875000000;-20.2500000000;39.0625000000;0.0659180000;0.0648800000;-0.9942630000;0.0532230000
578;-1.3700000000;1.0000000000;-9.5600000000;-0.8125000000;1.4375000000;-1.0625000000;7.6875000000;-20.2500000000;39.0625000000;0.0658570000;0.0651860000;-0.9942630000;0.0531620000
579;-1.5900000000;0.8400000000;-9.4200000000;-0.0625000000;-2.4375000000;0.1250000000;8.0625000000;-20.0000000000;39.7500000000;0.0661010000;0.0651860000;-0.9942630000;0.0532840000
580;-1.3500000000;1.2300000000;-9.6100000000;-0.8750000000;-0.0625000000;-0.6875000000;8.5000000000;-20.0000000000;37.0625000000;0.0665280000;0.0654910000;-0.9942020000;0.0535280000
581;-1.5100000000;0.9700000000;-9.5100000000;-1.1875000000;-0.6250000000;-0.5625000000;8.0625000000;-20.0000000000;38.5625000000;0.0667720000;0.0654910000;-0.9941410000;0.0539550000
582;-1.3200000000;1.1700000000;-9.7000000000;-1.0625000000;-0.8750000000;0.3750000000;7.2500000000;-20.2500000000;38.5625000000;0.0670780000;0.0656130000;-0.9940800000;0.0547490000
583;-1.5800000000;1.0500000000;-9.5900000000;-0.6250000000;-0.0625000000;0.8750000000;7.2500000000;-20.2500000000;38.5625000000;0.0672610000;0.0652470000;-0.9940800000;0.0550540000
584;-1.3900000000;1.0600000000;-9.6700000000;1.8750000000;-1.1875000000;0.7500000000;8.5000000000;-20.2500000000;37.8750000000;0.0676880000;0.0650630000;-0.9940800000;0.0545650000
585;-1.6000000000;0.9700000000;-9.5600000000;-1.4375000000;1.3125000000;0.9375000000;8.0625000000;-19.5625000000;38.5625000000;0.0675050000;0.0647580000;-0.9940800000;0.0549930000
586;-1.4900000000;0.8700000000;-9.4500000000;0.1250000000;-0.1250000000;-0.3750000000;7.2500000000;-20.0000000000;37.7500000000;0.0675050000;0.0648190000;-0.9940800000;0.0551150000
587;-1.5600000000;1.1100000000;-9.6200000000;-1.0625000000;-1.3125000000;-0.6250000000;8.5000000000;-19.5625000000;37.3750000000;0.0680540000;0.0650020000;-0.9940190000;0.0554200000
588;-1.4300000000;0.9600000000;-9.6700000000;0.3750000000;0.1875000000;-0.5000000000;8.5000000000;-19.5625000000;37.3750000000;0.0681760000;0.0651250000;-0.9940190000;0.0555420000
589;-1.4400000000;1.2000000000;-9.3600000000;1.7500000000;0.2500000000;-1.0000000000;8.5000000000;-19.2500000000;38.6875000000;0.0682370000;0.0653690000;-0.9940190000;0.0551760000
590;-1.4700000000;1.0500000000;-9.5500000000;-0.5000000000;-0.3750000000;0.9375000000;8.0625000000;-20.2500000000;38.1875000000;0.0682980000;0.0651860000;-0.9940190000;0.0551150000
591;-1.4900000000;1.1400000000;-9.3200000000;-0.8750000000;-0.5625000000;0.1875000000;8.0625000000;-20.0000000000;37.7500000000;0.0686040000;0.0652470000;-0.9939580000;0.0556030000
592;-1.5000000000;1.1000000000;-9.5900000000;-1.3125000000;-1.8125000000;1.1875000000;8.0625000000;-20.0000000000;37.7500000000;0.0691530000;0.0649410000;-0.9938960000;0.0559080000
593;-1.5200000000;0.9600000000;-9.8500000000;-1.8750000000;-1.1250000000;-0.1250000000;8.5000000000;-20.2500000000;39.0000000000;0.0695800000;0.0646970000;-0.9938350000;0.0570070000
594;-1.5000000000;1.0900000000;-9.6600000000;0.0625000000;0.6875000000;1.2500000000;8.5000000000;-20.0000000000;39.0000000000;0.0694580000;0.0644530000;-0.9938350000;0.0571290000
595;-1.4800000000;0.9700000000;-9.6600000000;1.1250000000;2.2500000000;-0.3125000000;8.0625000000;-19.5625000000;37.7500000000;0.0690310000;0.0644530000;-0.9938960000;0.0566410000
596;-1.5100000000;1.1000000000;-9.2700000000;1.8125000000;1.3750000000;1.6875000000;7.6875000000;-20.6875000000;38.5625000000;0.0684200000;0.0644530000;-0.9939580000;0.0565190000
597;-1.6300000000;0.8200000000;-8.7400000000;-2.5000000000;-0.5625000000;0.4375000000;7.6875000000;-20.6875000000;38.5625000000;0.0684200000;0.0640870000;-0.9940190000;0.0564580000
598;-1.5200000000;1.0900000000;-8.5400000000;-3.7500000000;-6.1250000000;-0.0625000000;7.6875000000;-20.0000000000;38.5625000000;0.0702510000;0.0642090000;-0.9937740000;0.0580440000
599;-2.0100000000;0.8200000000;-7.2600000000;-11.6250000000;-13.0000000000;-1.3750000000;8.0625000000;-20.0000000000;38.1875000000;0.0740970000;0.0645750000;-0.9932250000;0.0619510000
600;-2.5100000000;0.7000000000;-5.6800000000;-18.1250000000;-33.9375000000;-3.1250000000;8.5000000000;-21.0625000000;39.0625000000;0.0842900000;0.0653080000;-0.9920040000;0.0678710000
601;-3.8000000000;0.3800000000;-2.8300000000;-19.2500000000;-74.8750000000;-7.1250000000;9.1875000000;-21.5000000000;37.0625000000;0.0999760000;0.0664670000;-0.9899900000;0.0738530000
602;-4.9200000000;0.8100000000;-1.3700000000;-26.4375000000;-132.5625000000;-8.0000000000;9.1875000000;-21.5000000000;37.0625000000;0.1361690000;0.0676880000;-0.9848630000;0.0831910000
603;-8.5600000000;0.0200000000;-3.0000000000;-68.3125000000;-222.1250000000;-18.5625000000;11.0625000000;-22.5625000000;37.0625000000;0.2173460000;0.0703740000;-0.9671020000;0.1120610000
604;-10.6600000000;2.0200000000;-4.1500000000;-36.2500000000;-275.3125000000;-56.0625000000;16.1875000000;-23.6875000000;34.6875000000;0.3055420000;0.0789790000;-0.9400630000;0.1292110000
605;-12.1400000000;0.9100000000;-4.3800000000;-71.0625000000;-279.5000000000;-45.3125000000;23.5625000000;-25.5000000000;27.6875000000;0.3930660000;0.0874020000;-0.9028930000;0.1505740000
606;-13.3700000000;3.8800000000;-3.7600000000;-38.3750000000;-280.2500000000;-68.9375000000;31.7500000000;-26.2500000000;19.7500000000;0.4574580000;0.0972290000;-0.8691410000;0.1610110000
607;-14.9700000000;1.9900000000;-6.1200000000;-73.0000000000;-275.8750000000;-24.0000000000;31.7500000000;-26.2500000000;19.7500000000;0.5378420000;0.1007690000;-0.8176270000;0.1790160000
608;-15.6700000000;5.0700000000;-8.0700000000;-68.1250000000;-281.5000000000;-48.3750000000;36.1875000000;-24.3750000000;9.5625000000;0.6111450000;0.1079100000;-0.7584840000;0.1988530000
609;-12.6600000000;1.3400000000;-7.7400000000;-78.3750000000;-192.2500000000;-20.1250000000;38.5625000000;-25.0625000000;1.3750000000;0.6682740000;0.1157230000;-0.7004390000;0.2222900000
610;-10.7500000000;1.8700000000;-2.7700000000;-26.1875000000;-94.9375000000;-50.7500000000;39.3750000000;-24.7500000000;-7.1875000000;0.6984860000;0.1252440000;-0.6661990000;0.2293090000
611;-9.6300000000;3.8700000000;0.0200000000;-12.1250000000;-71.5625000000;-55.5625000000;37.3750000000;-23.6875000000;-11.8750000000;0.7194820000;0.1360470000;-0.6435550000;0.2229000000
612;-10.1000000000;4.4000000000;-0.5000000000;-23.6875000000;-74.9375000000;-14.8750000000;37.3750000000;-23.6875000000;-11.8750000000;0.7374880000;0.1417240000;-0.6221310000;0.2213130000
613;-10.1500000000;1.2600000000;-1.2800000000;-38.5000000000;-50.3125000000;11.8750000000;37.0000000000;-21.3750000000;-14.7500000000;0.7476200000;0.1451420000;-0.6046750000;0.2332760000
614;-9.7900000000;1.9300000000;-0.8600000000;6.1875000000;-33.4375000000;-3.9375000000;36.8750000000;-21.6875000000;-15.5625000000;0.7543950000;0.1442870000;-0.5946660000;0.2375490000
615;-9.7100000000;1.8100000000;-0.5900000000;12.2500000000;-16.8750000000;9.1875000000;34.5625000000;-20.5625000000;-18.5000000000;0.7595830000;0.1385500000;-0.5897220000;0.2366330000
616;-9.7400000000;0.7600000000;0.2000000000;17.3125000000;3.1875000000;15.3750000000;34.1875000000;-21.3750000000;-17.6875000000;0.7598270000;0.1318360000;-0.5905150000;0.2378540000
617;-9.5700000000;0.3300000000;1.0800000000;24.1875000000;12.5625000000;10.8125000000;34.1875000000;-21.3750000000;-17.6875000000;0.7578740000;0.1242680000;-0.5953370000;0.2362060000
618;-9.8400000000;0.3500000000;1.9200000000;14.0625000000;20.3125000000;9.1875000000;33.7500000000;-24.1875000000;-17.7500000000;0.7542110000;0.1185910000;-0.6020510000;0.2338260000
619;-9.9300000000;-0.5600000000;2.0200000000;10.8125000000;14.3125000000;6.4375000000;33.7500000000;-24.8750000000;-17.0000000000;0.7504880000;0.1150510000;-0.6076660000;0.2329710000
620;-9.6300000000;0.3600000000;2.0900000000;24.9375000000;9.8125000000;-7.8750000000;34.0625000000;-24.5625000000;-16.2500000000;0.7492680000;0.1117550000;-0.6118160000;0.2276610000
621;-9.4300000000;0.9800000000;2.1600000000;-2.2500000000;15.8125000000;-6.8125000000;34.0625000000;-24.5625000000;-15.8750000000;0.7478030000;0.1112060000;-0.6155400000;0.2224120000
622;-9.4500000000;0.4200000000;2.5100000000;-21.7500000000;12.6875000000;-8.0625000000;34.0625000000;-24.5625000000;-15.8750000000;0.7440800000;0.1188960000;-0.6178590000;0.2246090000
623;-9.5200000000;1.3600000000;2.0000000000;-3.1875000000;4.3125000000;-7.8125000000;34.0625000000;-24.5625000000;-16.2500000000;0.7432250000;0.1232300000;-0.6184080000;0.2235110000
624;-9.3700000000;1.0100000000;1.8000000000;-17.8125000000;7.0000000000;-2.1250000000;34.8750000000;-23.7500000000;-15.8750000000;0.7425540000;0.1253050000;-0.6193240000;0.2221680000
625;-9.4400000000;0.8900000000;2.1400000000;-7.8125000000;4.4375000000;-6.2500000000;34.5000000000;-23.5000000000;-16.2500000000;0.7412720000;0.1292720000;-0.6199340000;0.2223510000
626;-9.3800000000;1.4800000000;1.9400000000;4.1250000000;-1.0625000000;-1.5000000000;34.8750000000;-21.2500000000;-14.6875000000;0.7425540000;0.1271970000;-0.6204220000;0.2179570000
627;-9.5200000000;0.6700000000;1.8400000000;-7.6875000000;0.1875000000;3.9375000000;34.8750000000;-21.2500000000;-14.6875000000;0.7421260000;0.1277470000;-0.6202390000;0.2196040000
628;-9.5100000000;1.0000000000;1.6500000000;6.7500000000;-4.6875000000;-0.5625000000;35.5625000000;-23.0625000000;-14.6875000000;0.7435300000;0.1249390000;-0.6201170000;0.2169190000
629;-9.5000000000;0.8400000000;1.2600000000;-3.5000000000;-3.0000000000;3.1875000000;34.5000000000;-21.5625000000;-14.6875000000;0.7451170000;0.1216430000;-0.6196290000;0.2146610000
630;-9.6600000000;0.4600000000;1.5600000000;-8.7500000000;1.8750000000;3.7500000000;35.2500000000;-22.7500000000;-14.6875000000;0.7452390000;0.1204220000;-0.6198120000;0.2142940000
631;-9.7300000000;0.5200000000;1.5100000000;5.4375000000;-1.5625000000;0.1250000000;35.1875000000;-23.0625000000;-15.8750000000;0.7456670000;0.1186520000;-0.6201780000;0.2128910000
632;-9.4800000000;0.9100000000;1.3700000000;0.0625000000;3.2500000000;0.9375000000;35.1875000000;-23.0625000000;-15.8750000000;0.7454220000;0.1177370000;-0.6209720000;0.2117920000
633;-9.4700000000;0.7700000000;1.6400000000;-9.2500000000;6.6875000000;1.5000000000;34.5000000000;-23.5000000000;-14.6875000000;0.7444460000;0.1173100000;-0.6228030000;0.2103270000
634;-9.6400000000;0.6900000000;1.9000000000;2.5625000000;0.6250000000;-0.9375000000;35.5625000000;-23.5000000000;-16.2500000000;0.7437740000;0.1177980000;-0.6235960000;0.2099610000
635;-9.4800000000;0.7600000000;1.4600000000;-4.6250000000;1.3750000000;0.3750000000;35.1875000000;-20.8750000000;-16.2500000000;0.7438350000;0.1176760000;-0.6235960000;0.2098390000
636;-9.4500000000;0.7500000000;1.7300000000;-6.8750000000;5.3750000000;-0.6250000000;34.5000000000;-23.0625000000;-15.5000000000;0.7431030000;0.1183470000;-0.6245120000;0.2092900000
637;-9.6700000000;0.7800000000;1.8000000000;5.6250000000;-2.7500000000;-0.8125000000;34.5000000000;-23.0625000000;-15.5000000000;0.7430420000;0.1183470000;-0.6247560000;0.2086790000
638;-9.4200000000;0.9400000000;1.4500000000;1.9375000000;-0.4375000000;-0.8125000000;35.2500000000;-22.7500000000;-15.8750000000;0.7439580000;0.1165160000;-0.6246950000;0.2066040000
639;-9.5900000000;1.0000000000;1.7400000000;-8.1250000000;2.6250000000;1.8750000000;34.8750000000;-23.0625000000;-15.8750000000;0.7434080000;0.1169430000;-0.6251830000;0.2069090000
640;-9.5900000000;0.5500000000;1.7500000000;0.8750000000;-1.5000000000;1.2500000000;35.2500000000;-20.8750000000;-15.5000000000;0.7434690000;0.1167600000;-0.6250000000;0.2073360000
641;-9.6400000000;0.8600000000;1.4200000000;3.0000000000;-1.7500000000;1.3125000000;34.8750000000;-23.0625000000;-15.0625000000;0.7445070000;0.1137700000;-0.6250610000;0.2050170000
642;-9.6100000000;0.2800000000;1.5200000000;-9.3125000000;2.9375000000;0.3750000000;34.8750000000;-23.0625000000;-15.0625000000;0.7435910000;0.1159670000;-0.6250000000;0.2073970000
643;-9.5500000000;0.9500000000;1.5700000000;9.0000000000;-0.5625000000;-2.8125000000;34.8750000000;-21.5625000000;-14.2500000000;0.7443850000;0.1138920000;-0.6254880000;0.2041020000
644;-9.4900000000;0.7800000000;1.4400000000;-3.4375000000;1.3750000000;0.8125000000;34.8750000000;-22.3750000000;-15.5000000000;0.7443850000;0.1134030000;-0.6257930000;0.2034910000
645;-9.6300000000;0.5200000000;1.9400000000;-7.8750000000;4.0000000000;-0.6875000000;35.5625000000;-22.7500000000;-15.5000000000;0.7436520000;0.1144410000;-0.6264650000;0.2036130000
646;-9.5400000000;0.8900000000;1.6500000000;3.6875000000;-3.0000000000;-2.4375000000;35.5625000000;-22.7500000000;-15.5000000000;0.7439580000;0.1145020000;-0.6262820000;0.2029420000
647;-9.5100000000;0.7100000000;1.4900000000;-4.3125000000;-0.3125000000;-0.7500000000;35.8750000000;-23.5000000000;-16.2500000000;0.7443850000;0.1150510000;-0.6257320000;0.2027590000
648;-9.5400000000;0.8700000000;1.6700000000;0.8125000000;-0.3125000000;-1.3125000000;34.8750000000;-22.7500000000;-15.0625000000;0.7446900000;0.1141360000;-0.6260990000;0.2010500000
649;-9.5400000000;0.8200000000;1.5100000000;-3.0000000000;-0.1250000000;1.0000000000;35.8750000000;-22.0000000000;-15.8750000000;0.7443850000;0.1143800000;-0.6262820000;0.2014160000
650;-9.6500000000;0.4600000000;1.8000000000;-7.6875000000;2.3125000000;0.5000000000;35.5625000000;-22.7500000000;-15.8750000000;0.7437740000;0.1154790000;-0.6265870000;0.2021480000
651;-9.5300000000;0.8600000000;1.4500000000;7.0000000000;-3.8125000000;-0.6875000000;35.5625000000;-22.7500000000;-15.8750000000;0.7441410000;0.1149290000;-0.6264650000;0.2014160000
652;-9.6700000000;0.5300000000;1.4400000000;-4.6875000000;2.1250000000;1.2500000000;35.5625000000;-22.3750000000;-15.8750000000;0.7440190000;0.1149900000;-0.6265260000;0.2017210000
653;-9.6000000000;1.0400000000;0.7400000000;2.8125000000;-2.1875000000;-2.0000000000;35.5625000000;-22.3750000000;-16.6875000000;0.7443240000;0.1149900000;-0.6263430000;0.2012330000
654;-9.2800000000;1.5100000000;-0.8300000000;-6.2500000000;3.3125000000;1.6875000000;35.2500000000;-22.0000000000;-16.6875000000;0.7432250000;0.1164550000;-0.6268920000;0.2026370000
655;-10.1200000000;1.0300000000;-1.1400000000;-24.4375000000;44.0625000000;5.0000000000;35.5625000000;-22.7500000000;-15.8750000000;0.7378540000;0.1212770000;-0.6313480000;0.2055660000
656;-10.3300000000;1.2300000000;-0.9100000000;0.8750000000;54.8125000000;3.1250000000;35.5625000000;-22.7500000000;-15.8750000000;0.7260740000;0.1273800000;-0.6430660000;0.2075810000
657;-10.8800000000;2.3300000000;-2.9100000000;-4.1875000000;68.1250000000;22.1875000000;35.8750000000;-22.3750000000;-15.0625000000;0.7078250000;0.1286010000;-0.6628420000;0.2075200000
658;-10.8000000000;1.1200000000;-4.5000000000;-29.4375000000;101.1250000000;17.2500000000;36.6875000000;-22.0000000000;-12.7500000000;0.6835330000;0.1358030000;-0.6849980000;0.2124020000
659;-11.9000000000;3.1300000000;-4.6100000000;9.5625000000;140.4375000000;32.6250000000;36.6875000000;-20.5000000000;-11.0625000000;0.6495360000;0.1368410000;-0.7174070000;0.2114260000
660;-12.5600000000;0.7400000000;-5.8000000000;-17.2500000000;162.5000000000;36.4375000000;38.5625000000;-22.0000000000;-7.5625000000;0.6173100000;0.1417240000;-0.7429810000;0.2165530000
661;-12.5400000000;2.0600000000;-5.8900000000;76.2500000000;184.3750000000;37.4375000000;38.5625000000;-22.0000000000;-7.5625000000;0.5720210000;0.1358640000;-0.7828370000;0.2035520000
662;-12.9500000000;3.2700000000;-7.7800000000;38.0000000000;204.5625000000;40.9375000000;38.8750000000;-21.5625000000;-2.8750000000;0.5029910000;0.1260380000;-0.8353270000;0.1826170000
663;-12.3300000000;2.5300000000;-6.1000000000;77.5000000000;241.9375000000;32.3750000000;38.7500000000;-23.5000000000;5.6875000000;0.4349980000;0.1190800000;-0.8781740000;0.1594850000
664;-11.4300000000;4.3300000000;-6.1700000000;118.3750000000;254.5000000000;50.9375000000;36.6875000000;-22.0000000000;11.5625000000;0.3799440000;0.1057740000;-0.9098510000;0.1290280000
665;-10.9200000000;1.6700000000;-4.8700000000;56.3750000000;273.5625000000;50.2500000000;32.5000000000;-21.5625000000;21.0000000000;0.2954710000;0.0914920000;-0.9453120000;0.1035160000
666;-8.2200000000;2.0900000000;-5.6900000000;118.3125000000;253.0625000000;41.0000000000;32.5000000000;-21.5625000000;21.0000000000;0.2127080000;0.0771480000;-0.9716190000;0.0692140000
667;-5.3700000000;2.0000000000;-4.2500000000;37.0625000000;228.3750000000;32.3750000000;25.8750000000;-20.5000000000;30.8750000000;0.1339110000;0.0650630000;-0.9880370000;0.0403440000
668;-3.9200000000;0.6800000000;-3.0300000000;16.0625000000;168.8125000000;40.1250000000;18.5000000000;-19.3750000000;35.5625000000;0.0694580000;0.0552980000;-0.9955440000;0.0323490000
669;-2.3500000000;0.7200000000;-4.1200000000;43.4375000000;96.6250000000;38.2500000000;10.3750000000;-19.0625000000;39.3750000000;0.0282590000;0.0433960000;-0.9984740000;0.0200200000
670;-0.9900000000;0.0100000000;-4.8600000000;42.9375000000;59.3125000000;33.5625000000;4.5000000000;-16.7500000000;41.0625000000;0.0051880000;0.0303960000;-0.9995120000;0.0013430000
671;-0.4900000000;-1.0500000000;-6.3600000000;-22.3125000000;28.1250000000;17.6250000000;4.5000000000;-16.7500000000;41.0625000000;-0.0084840000;0.0222170000;-0.9996950000;0.0021360000
672;-0.4700000000;-0.5800000000;-8.0200000000;-10.0625000000;3.8125000000;17.9375000000;0.8750000000;-14.5625000000;40.6875000000;-0.0134280000;0.0162960000;-0.9997560000;0.0065310000
673;0.0000000000;-1.5000000000;-9.9400000000;-6.6875000000;-13.6875000000;7.3125000000;-0.5625000000;-15.5000000000;40.7500000000;-0.0104980000;0.0118410000;-0.9998170000;0.0100710000
674;0.1700000000;0.2900000000;-10.3900000000;1.0000000000;-4.5000000000;-4.4375000000;0.0625000000;-15.8750000000;41.1875000000;-0.0068360000;0.0130620000;-0.9998780000;0.0086670000
675;-0.1600000000;0.2000000000;-9.2700000000;-18.5625000000;4.9375000000;-5.5625000000;-0.1875000000;-15.7500000000;40.6875000000;-0.0083010000;0.0146480000;-0.9997560000;0.0137940000
676;-0.0600000000;0.7400000000;-9.0800000000;4.0000000000;-8.3125000000;-1.0000000000;-0.1875000000;-15.7500000000;40.6875000000;-0.0070800000;0.0156860000;-0.9997560000;0.0151980000
677;0.1300000000;0.2900000000;-10.1900000000;-6.8125000000;-8.4375000000;0.7500000000;-0.1875000000;-16.5000000000;40.8750000000;-0.0032960000;0.0152590000;-0.9997560000;0.0158690000
678;-0.1200000000;0.1200000000;-9.2200000000;-5.6875000000;-2.0625000000;-4.4375000000;-0.1875000000;-16.1875000000;41.5625000000;-0.0024410000;0.0159300000;-0.9996950000;0.0178830000
679;0.1300000000;0.6600000000;-9.6600000000;-7.8125000000;-6.6250000000;-2.0000000000;0.8750000000;-16.8750000000;40.5000000000;-0.0001830000;0.0178220000;-0.9996340000;0.0202640000
680;-0.1500000000;0.4400000000;-9.2100000000;-9.3125000000;-4.6875000000;-1.6875000000;0.8750000000;-16.8750000000;40.5000000000;0.0010990000;0.0183720000;-0.9995730000;0.0228880000
681;-0.1600000000;0.8000000000;-9.4700000000;-15.4375000000;-10.5625000000;-2.7500000000;0.8750000000;-16.8750000000;40.5000000000;0.0039670000;0.0194090000;-0.9994510000;0.0274050000
682;-0.2600000000;0.4900000000;-9.8500000000;-10.5625000000;-7.3750000000;-1.0625000000;0.8750000000;-16.5000000000;40.0625000000;0.0070190000;0.0198970000;-0.9992680000;0.0321660000
683;-0.1600000000;0.7300000000;-9.6900000000;-2.0000000000;-7.1250000000;-2.1250000000;1.2500000000;-17.3750000000;39.6875000000;0.0095830000;0.0204470000;-0.9992070000;0.0333860000
684;-0.1100000000;0.7000000000;-9.9600000000;-5.9375000000;-3.5625000000;-2.3750000000;1.2500000000;-18.5000000000;39.5625000000;0.0112300000;0.0211790000;-0.9990840000;0.0352170000
685;-0.2800000000;0.8400000000;-9.6200000000;-2.6875000000;-0.6250000000;-0.9375000000;2.0000000000;-18.5000000000;39.6875000000;0.0114750000;0.0219120000;-0.9990230000;0.0364990000
686;-0.1100000000;0.9200000000;-10.1300000000;2.0625000000;-3.3125000000;-1.3750000000;2.0000000000;-18.5000000000;39.6875000000;0.0126950000;0.0222170000;-0.9990230000;0.0363770000
687;-0.2500000000;0.7300000000;-9.9500000000;0.5625000000;3.3125000000;0.3125000000;1.5625000000;-18.0625000000;40.5000000000;0.0121460000;0.0223390000;-0.9990230000;0.0362550000
688;-0.3400000000;0.9100000000;-9.4900000000;-2.7500000000;4.4375000000;-0.6250000000;2.3750000000;-18.5000000000;39.6875000000;0.0106810000;0.0230100000;-0.9990230000;0.0362550000
689;-0.1400000000;0.9900000000;-9.6800000000;3.7500000000;3.3750000000;1.2500000000;1.2500000000;-18.8750000000;40.5000000000;0.0097660000;0.0226440000;-0.9990840000;0.0358280000
690;-0.4500000000;0.5200000000;-9.2500000000;-0.3125000000;-1.0625000000;1.0000000000;1.2500000000;-18.0625000000;39.2500000000;0.0092770000;0.0220950000;-0.9990840000;0.0355220000
691;-0.0300000000;0.7900000000;-9.7100000000;-1.3125000000;-1.1250000000;0.6875000000;1.2500000000;-18.0625000000;39.2500000000;0.0100710000;0.0219730000;-0.9990840000;0.0361330000
692;-0.5300000000;0.5100000000;-9.4500000000;-4.8750000000;-1.2500000000;-0.1875000000;1.2500000000;-18.8750000000;40.5000000000;0.0100710000;0.0217290000;-0.9990230000;0.0372310000
693;-0.3100000000;0.6200000000;-9.4600000000;-2.0000000000;-4.6250000000;-2.3125000000;1.5625000000;-18.0625000000;39.5625000000;0.0113530000;0.0222780000;-0.9989620000;0.0381470000
694;-0.0500000000;0.9600000000;-9.7500000000;-3.1250000000;-3.5625000000;-0.6250000000;1.5625000000;-18.8750000000;40.0000000000;0.0126340000;0.0226440000;-0.9989010000;0.0390630000
695;-0.5700000000;0.4900000000;-9.8000000000;-3.9375000000;-2.0625000000;0.1250000000;2.3750000000;-18.5000000000;40.5000000000;0.0133060000;0.0231320000;-0.9988400000;0.0402220000
696;-0.0300000000;1.0600000000;-9.4400000000;-3.5000000000;-0.6875000000;-4.1250000000;2.3750000000;-18.5000000000;40.5000000000;0.0138550000;0.0244750000;-0.9987790000;0.0409550000
697;-0.4700000000;0.8000000000;-9.4200000000;-5.2500000000;-4.4375000000;0.1250000000;2.0000000000;-18.8750000000;39.6875000000;0.0147090000;0.0249020000;-0.9986570000;0.0430910000
698;-0.4000000000;0.9300000000;-9.6600000000;-5.5625000000;-2.8750000000;-2.5625000000;2.0000000000;-18.8750000000;40.0000000000;0.0160520000;0.0253910000;-0.9985960000;0.0440670000
699;-0.2800000000;1.1500000000;-9.7800000000;-8.3750000000;-3.1250000000;-2.6250000000;2.0000000000;-18.8750000000;40.5000000000;0.0170290000;0.0261840000;-0.9984130000;0.0468750000
700;-0.3800000000;0.8100000000;-9.9400000000;-0.3750000000;-4.0625000000;0.0000000000;2.0000000000;-18.8750000000;40.5000000000;0.0182500000;0.0261840000;-0.9983520000;0.0475460000
701;-0.4500000000;0.9100000000;-9.5800000000;-1.9375000000;0.8750000000;-1.0000000000;2.3750000000;-19.5625000000;40.0625000000;0.0182500000;0.0264890000;-0.9983520000;0.0478520000
702;-0.4000000000;0.8300000000;-9.5700000000;-0.1875000000;-2.6875000000;-0.3125000000;2.6875000000;-19.5625000000;38.5000000000;0.0187990000;0.0267940000;-0.9982910000;0.0479130000
703;-0.3600000000;1.0300000000;-9.7200000000;-0.4375000000;-0.5000000000;-0.8750000000;2.3750000000;-19.2500000000;38.8750000000;0.0192260000;0.0270390000;-0.9982910000;0.0477910000
704;-0.4500000000;1.0700000000;-9.6400000000;-1.0625000000;-0.6875000000;0.1875000000;3.3750000000;-19.5625000000;39.5625000000;0.0192870000;0.0281370000;-0.9982300000;0.0485230000
705;-0.4800000000;0.8200000000;-9.5600000000;-0.3750000000;-1.6875000000;-0.3750000000;3.3750000000;-19.5625000000;39.5625000000;0.0197750000;0.0281370000;-0.9982300000;0.0486450000
706;-0.3100000000;1.3300000000;-9.6500000000;-2.2500000000;-0.1875000000;-0.7500000000;2.6875000000;-19.2500000000;39.2500000000;0.0200200000;0.0283810000;-0.9981690000;0.0490720000
707;-0.6600000000;0.8800000000;-9.4800000000;-2.0000000000;-0.8125000000;1.8750000000;2.3750000000;-19.5625000000;40.5000000000;0.0201420000;0.0278930000;-0.9981690000;0.0500490000
708;-0.3800000000;1.1300000000;-9.8800000000;-1.6875000000;-4.1250000000;-0.5625000000;2.6875000000;-19.2500000000;39.2500000000;0.0212400000;0.0278320000;-0.9981080000;0.0504150000
709;-0.3900000000;1.1400000000;-9.6800000000;-2.3125000000;-1.2500000000;1.2500000000;2.3750000000;-20.0000000000;39.6875000000;0.0217290000;0.0275270000;-0.9981080000;0.0510860000
710;-0.4300000000;0.6100000000;-9.7500000000;-1.6250000000;-2.0000000000;1.0625000000;2.3750000000;-20.0000000000;39.6875000000;0.0219730000;0.0269170000;-0.9980470000;0.0518190000
711;-0.6100000000;0.8900000000;-9.5900000000;-1.8125000000;-0.8750000000;-1.3750000000;2.6875000000;-20.0000000000;39.6875000000;0.0226440000;0.0272830000;-0.9979860000;0.0523680000
712;-0.4100000000;1.1200000000;-9.4800000000;-1.1875000000;-1.0000000000;-2.5000000000;3.0625000000;-20.2500000000;37.6875000000;0.0230710000;0.0281370000;-0.9979250000;0.0527950000
713;-0.7100000000;1.0300000000;-9.5800000000;-0.6250000000;-2.3125000000;-0.3750000000;3.0625000000;-20.6875000000;38.8750000000;0.0239870000;0.0283810000;-0.9979250000;0.0531010000
714;-0.3900000000;1.2800000000;-9.6100000000;0.4375000000;-1.1875000000;-0.2500000000;3.3750000000;-19.5625000000;39.2500000000;0.0245970000;0.0287480000;-0.9978640000;0.0533450000
715;-0.6500000000;1.0200000000;-9.3500000000;-4.6875000000;-1.0000000000;1.4375000000;3.3750000000;-19.5625000000;39.2500000000;0.0244750000;0.0285640000;-0.9978030000;0.0543820000
716;-0.6300000000;1.0400000000;-9.6400000000;1.4375000000;-5.9375000000;-0.0625000000;2.6875000000;-20.0000000000;38.8750000000;0.0264280000;0.0281370000;-0.9977420000;0.0548710000
717;-0.4500000000;1.1500000000;-9.7600000000;-5.7500000000;-1.1875000000;-0.7500000000;2.3750000000;-20.0000000000;39.6875000000;0.0272220000;0.0278930000;-0.9976810000;0.0562740000
718;-0.7200000000;0.8500000000;-9.6900000000;-2.3125000000;-1.1250000000;0.5000000000;3.3750000000;-20.2500000000;38.8750000000;0.0275270000;0.0279540000;-0.9976200000;0.0567630000
719;-0.6100000000;1.1600000000;-9.7900000000;2.0625000000;-1.4375000000;1.0000000000;3.3750000000;-20.0000000000;39.5625000000;0.0281980000;0.0278930000;-0.9976200000;0.0565800000
720;-0.5700000000;1.0600000000;-9.5300000000;-2.1250000000;1.7500000000;0.6875000000;3.3750000000;-20.0000000000;39.5625000000;0.0278320000;0.0275880000;-0.9976200000;0.0567020000
721;-0.7700000000;1.0600000000;-9.5000000000;1.7500000000;-0.5000000000;0.2500000000;2.6875000000;-19.5625000000;39.2500000000;0.0277710000;0.0270390000;-0.9976200000;0.0565190000
722;-0.4500000000;1.2500000000;-9.7300000000;-1.9375000000;-0.4375000000;-0.6250000000;3.7500000000;-20.2500000000;39.2500000000;0.0281980000;0.0275880000;-0.9976200000;0.0569460000
723;-0.6600000000;1.0600000000;-9.7200000000;-0.7500000000;0.3125000000;0.8750000000;3.3750000000;-20.2500000000;39.2500000000;0.0280150000;0.0274050000;-0.9976200000;0.0572510000
724;-0.5100000000;1.1300000000;-9.7900000000;-0.5625000000;1.3750000000;-0.1250000000;3.0625000000;-20.0000000000;40.0000000000;0.0278320000;0.0273440000;-0.9975590000;0.0573730000
725;-0.5700000000;1.1500000000;-9.3500000000;3.6250000000;1.3125000000;1.3125000000;3.0625000000;-20.0000000000;40.0000000000;0.0272830000;0.0271610000;-0.9976200000;0.0567020000
726;-0.6700000000;1.1700000000;-9.2400000000;-1.5000000000;-0.7500000000;1.3125000000;3.7500000000;-19.5625000000;39.6875000000;0.0273440000;0.0273440000;-0.9976810000;0.0565190000
727;-0.7300000000;1.0000000000;-9.4400000000;-3.3125000000;-3.1250000000;1.4375000000;3.7500000000;-20.0000000000;39.2500000000;0.0282590000;0.0274050000;-0.9975590000;0.0573120000
728;-0.3000000000;1.2900000000;-9.7900000000;-0.5000000000;-3.3750000000;-0.5000000000;3.0625000000;-20.2500000000;38.5000000000;0.0296020000;0.0271000000;-0.9974980000;0.0578000000
729;-0.9500000000;0.9800000000;-9.5100000000;-4.4375000000;0.1250000000;-0.3125000000;3.0625000000;-20.2500000000;38.5000000000;0.0298460000;0.0271610000;-0.9974370000;0.0593260000
730;-0.3900000000;1.1700000000;-9.8200000000;-1.0000000000;-2.8125000000;-1.6250000000;3.0625000000;-20.2500000000;38.5000000000;0.0303340000;0.0274660000;-0.9973750000;0.0599370000
731;-0.8100000000;1.2200000000;-9.5800000000;0.1250000000;-0.1875000000;-0.6250000000;3.7500000000;-21.0625000000;40.0625000000;0.0306400000;0.0278320000;-0.9973140000;0.0603030000
732;-0.4800000000;1.2800000000;-9.7800000000;-0.0625000000;-0.6875000000;-1.4375000000;3.3750000000;-20.0000000000;38.5000000000;0.0309450000;0.0279540000;-0.9973140000;0.0603030000
733;-0.7200000000;1.3300000000;-9.3800000000;-1.2500000000;-0.7500000000;-0.1250000000;3.0625000000;-21.0625000000;38.0625000000;0.0308840000;0.0280150000;-0.9972530000;0.0607910000
734;-0.5700000000;1.2300000000;-9.5700000000;-0.5625000000;-0.8125000000;1.2500000000;4.1875000000;-20.2500000000;39.2500000000;0.0314330000;0.0283200000;-0.9972530000;0.0608520000
735;-0.6500000000;1.0000000000;-9.7000000000;-2.3125000000;-1.2500000000;0.8750000000;4.1875000000;-20.2500000000;39.2500000000;0.0314940000;0.0279540000;-0.9971920000;0.0614620000
736;-0.6700000000;1.0600000000;-9.4700000000;0.9375000000;-1.3125000000;-0.4375000000;3.3750000000;-21.0625000000;38.5000000000;0.0319210000;0.0278930000;-0.9971920000;0.0615840000
737;-0.7500000000;1.1300000000;-9.4700000000;-4.5625000000;-0.8750000000;-0.0625000000;3.3750000000;-21.5000000000;38.5000000000;0.0322880000;0.0278930000;-0.9971310000;0.0621950000
738;-0.7000000000;1.0600000000;-9.6900000000;-3.8125000000;-3.3750000000;-1.5625000000;3.7500000000;-21.0625000000;38.8750000000;0.0330200000;0.0283200000;-0.9970090000;0.0637210000
739;-0.6400000000;1.3800000000;-9.6000000000;-2.1250000000;-0.1875000000;-2.1875000000;3.3750000000;-21.5000000000;38.0625000000;0.0336910000;0.0288090000;-0.9969480000;0.0640870000
740;-0.7800000000;1.3300000000;-9.6700000000;-1.8750000000;-1.3750000000;-0.6875000000;3.3750000000;-21.5000000000;38.0625000000;0.0336910000;0.0292970000;-0.9968870000;0.0653080000
741;-0.6600000000;1.2400000000;-9.7000000000;-0.3750000000;-1.4375000000;-1.3750000000;3.7500000000;-21.0625000000;39.2500000000;0.0341800000;0.0296630000;-0.9968260000;0.0656740000
742;-0.7000000000;1.4000000000;-9.5100000000;-1.8125000000;1.2500000000;-1.0000000000;4.1875000000;-21.0625000000;38.0625000000;0.0342410000;0.0303340000;-0.9967650000;0.0657960000
743;-0.7700000000;1.3000000000;-9.5400000000;3.1875000000;-3.8750000000;0.8125000000;4.5625000000;-21.0625000000;38.0625000000;0.0344850000;0.0310060000;-0.9967040000;0.0661620000
744;-0.7900000000;1.2200000000;-9.7000000000;1.1250000000;-2.8125000000;0.3750000000;3.7500000000;-20.2500000000;38.5000000000;0.0359500000;0.0306400000;-0.9967650000;0.0651250000
745;-0.5800000000;1.4000000000;-9.4600000000;-7.9375000000;2.3125000000;-0.0625000000;3.7500000000;-20.2500000000;38.5000000000;0.0353390000;0.0308840000;-0.9966430000;0.0671390000
746;-0.9600000000;1.0900000000;-9.6200000000;0.9375000000;-2.4375000000;1.0000000000;4.1875000000;-21.0625000000;38.5000000000;0.0354610000;0.0305790000;-0.9965820000;0.0677490000
747;-0.6100000000;1.0900000000;-9.5500000000;-1.7500000000;-0.4375000000;-0.6875000000;4.1875000000;-21.5000000000;38.8750000000;0.0359500000;0.0306400000;-0.9965820000;0.0675660000
748;-0.7600000000;1.1100000000;-9.4200000000;-3.8750000000;0.2500000000;0.0000000000;3.7500000000;-20.2500000000;39.2500000000;0.0360110000;0.0307010000;-0.9965210000;0.0686040000
749;-0.8800000000;1.0400000000;-9.7100000000;2.1250000000;-2.8125000000;-0.9375000000;4.5625000000;-21.5000000000;37.6875000000;0.0369260000;0.0308840000;-0.9965210000;0.0681150000
750;-0.6000000000;1.8200000000;-9.8200000000;-3.3750000000;2.9375000000;-1.0625000000;4.5625000000;-21.5000000000;37.6875000000;0.0368040000;0.0317990000;-0.9964600000;0.0688480000
751;-0.8900000000;1.4500000000;-9.2300000000;1.7500000000;-1.6250000000;0.2500000000;4.1875000000;-20.6875000000;38.8750000000;0.0364380000;0.0318600000;-0.9964600000;0.0689700000
752;-0.6500000000;1.5300000000;-9.4900000000;-4.6875000000;-0.2500000000;0.5625000000;4.1875000000;-20.6875000000;39.2500000000;0.0368650000;0.0316160000;-0.9963990000;0.0698850000
753;-0.8800000000;1.2600000000;-9.6400000000;-6.2500000000;-0.3125000000;2.0625000000;4.5625000000;-21.0625000000;38.0625000000;0.0368040000;0.0311280000;-0.9962160000;0.0718990000
754;-0.8000000000;1.1100000000;-9.7200000000;0.1250000000;-1.9375000000;1.1875000000;3.7500000000;-22.1875000000;37.6875000000;0.0373540000;0.0305790000;-0.9962160000;0.0721440000
755;-0.7200000000;1.2500000000;-9.5400000000;0.1875000000;0.9375000000;-0.8750000000;3.7500000000;-22.1875000000;37.6875000000;0.0375370000;0.0306400000;-0.9962770000;0.0716550000
756;-0.8400000000;1.2100000000;-9.4900000000;0.5625000000;-0.8750000000;-1.3750000000;4.5625000000;-21.5000000000;37.6875000000;0.0376590000;0.0310670000;-0.9962160000;0.0715330000
757;-0.7700000000;1.3400000000;-9.6400000000;-1.6250000000;-0.6250000000;-1.6875000000;3.7500000000;-21.0625000000;38.8750000000;0.0380250000;0.0316160000;-0.9962160000;0.0718380000
758;-0.8100000000;1.6700000000;-9.5400000000;0.0625000000;0.1875000000;-1.5000000000;4.1875000000;-21.5000000000;36.8750000000;0.0380250000;0.0321660000;-0.9961550000;0.0720210000
759;-0.7200000000;1.4800000000;-9.4600000000;-3.1875000000;-0.3750000000;-1.0625000000;4.1875000000;-21.5000000000;36.8750000000;0.0380860000;0.0324710000;-0.9960330000;0.0731810000
760;-0.8700000000;1.5200000000;-9.4300000000;-2.3125000000;-0.1250000000;0.1250000000;4.5625000000;-21.5000000000;39.5625000000;0.0382080000;0.0325320000;-0.9959720000;0.0739140000
761;-0.7600000000;1.2800000000;-9.6400000000;-1.7500000000;-3.0625000000;0.5625000000;4.1875000000;-21.5000000000;38.8750000000;0.0390010000;0.0325320000;-0.9959110000;0.0745240000
762;-0.7600000000;1.4500000000;-9.5700000000;0.8750000000;0.3125000000;-0.3125000000;4.5625000000;-21.7500000000;38.0625000000;0.0392460000;0.0324710000;-0.9959110000;0.0743410000
763;-0.8800000000;1.3600000000;-9.4800000000;-1.0000000000;-0.1875000000;-0.1250000000;4.8750000000;-21.7500000000;39.2500000000;0.0391850000;0.0325320000;-0.9959110000;0.0747680000
764;-0.7700000000;1.4400000000;-9.6800000000;-1.6875000000;-1.5000000000;0.3750000000;4.8750000000;-21.7500000000;39.2500000000;0.0396120000;0.0324710000;-0.9959110000;0.0745850000
765;-0.8600000000;1.3800000000;-9.5300000000;1.7500000000;-0.0625000000;0.0625000000;4.5625000000;-21.7500000000;37.6875000000;0.0396120000;0.0324710000;-0.9958500000;0.0749510000
766;-0.7700000000;1.4600000000;-9.5400000000;0.1875000000;-0.1875000000;0.7500000000;4.1875000000;-21.7500000000;38.0625000000;0.0397340000;0.0322880000;-0.9958500000;0.0748290000
767;-0.9900000000;1.4500000000;-9.3200000000;-0.6875000000;1.0625000000;1.5000000000;4.8750000000;-22.1875000000;37.2500000000;0.0394900000;0.0317990000;-0.9959110000;0.0751340000
768;-0.6200000000;1.5600000000;-9.5000000000;-0.3125000000;-1.8125000000;0.9375000000;4.5625000000;-22.5625000000;38.8750000000;0.0397340000;0.0316160000;-0.9958500000;0.0753780000
769;-0.8600000000;1.4100000000;-9.6900000000;-2.8750000000;-1.5000000000;2.0000000000;4.5625000000;-22.5625000000;38.8750000000;0.0401000000;0.0310670000;-0.9957890000;0.0762330000
770;-0.7500000000;1.3600000000;-9.8500000000;0.5000000000;-0.6250000000;0.4375000000;4.1875000000;-21.7500000000;37.2500000000;0.0404660000;0.0306400000;-0.9957890000;0.0764770000
771;-0.7200000000;1.4800000000;-9.8500000000;-0.0625000000;0.0000000000;0.3125000000;4.8750000000;-21.7500000000;37.6875000000;0.0402220000;0.0305790000;-0.9957890000;0.0763550000
772;-0.9300000000;1.4900000000;-9.3400000000;3.1875000000;2.6875000000;0.8750000000;4.1875000000;-22.5625000000;37.6875000000;0.0396120000;0.0302730000;-0.9959110000;0.0754390000
773;-0.7400000000;1.5000000000;-9.3600000000;0.5625000000;0.5000000000;0.1875000000;4.5625000000;-22.1875000000;39.2500000000;0.0393070000;0.0302730000;-0.9959110000;0.0753170000
774;-0.8800000000;1.1500000000;-9.3300000000;0.0625000000;-0.7500000000;0.7500000000;4.5625000000;-22.1875000000;39.2500000000;0.0394290000;0.0300900000;-0.9959110000;0.0751950000
775;-0.6700000000;1.5200000000;-9.5600000000;-3.0000000000;-0.4375000000;-1.0625000000;3.7500000000;-21.7500000000;37.0000000000;0.0399780000;0.0304570000;-0.9958500000;0.0759280000
776;-1.0000000000;1.2200000000;-9.5700000000;-1.8125000000;-1.2500000000;0.2500000000;4.8750000000;-22.1875000000;37.6875000000;0.0401610000;0.0305180000;-0.9957890000;0.0764160000
777;-0.5400000000;1.6000000000;-9.5900000000;-0.6875000000;-1.8750000000;-1.6250000000;3.7500000000;-22.5625000000;38.0625000000;0.0410160000;0.0310060000;-0.9957280000;0.0767210000
778;-0.9400000000;1.4800000000;-9.2800000000;-5.3125000000;-0.1250000000;0.4375000000;4.1875000000;-21.7500000000;38.0625000000;0.0409550000;0.0311280000;-0.9956670000;0.0777590000
779;-0.8000000000;1.6300000000;-9.8200000000;-1.0625000000;-3.9375000000;0.2500000000;4.1875000000;-21.7500000000;38.0625000000;0.0418090000;0.0311280000;-0.9955440000;0.0784910000
780;-0.8600000000;1.4100000000;-9.5600000000;-2.9375000000;-0.3750000000;0.3125000000;4.5625000000;-22.5625000000;38.8750000000;0.0422970000;0.0308840000;-0.9954830000;0.0795290000
781;-0.8200000000;1.4400000000;-9.6400000000;-0.5625000000;-0.6875000000;0.2500000000;4.5625000000;-22.5625000000;38.8750000000;0.0426030000;0.0308840000;-0.9954220000;0.0797120000
782;-0.8800000000;1.3900000000;-9.7300000000;0.1250000000;0.1250000000;0.3125000000;4.5625000000;-22.0625000000;37.6875000000;0.0426030000;0.0308840000;-0.9954220000;0.0799560000
783;-0.7000000000;1.5400000000;-9.6200000000;0.0000000000;1.1250000000;-0.2500000000;3.7500000000;-22.0625000000;37.2500000000;0.0422970000;0.0309450000;-0.9954220000;0.0797120000
784;-0.9200000000;1.4900000000;-9.7500000000;4.4375000000;0.5000000000;1.6250000000;3.7500000000;-22.0625000000;37.2500000000;0.0421750000;0.0308840000;-0.9955440000;0.0788570000
785;-0.8200000000;1.4800000000;-9.5300000000;2.6250000000;2.3125000000;0.0000000000;4.8750000000;-21.6875000000;37.6875000000;0.0414430000;0.0307620000;-0.9956670000;0.0777590000
786;-0.7500000000;1.4200000000;-9.8300000000;4.7500000000;0.6875000000;1.7500000000;4.1875000000;-22.1875000000;39.2500000000;0.0411990000;0.0304570000;-0.9957890000;0.0761720000
787;-1.0400000000;1.2100000000;-9.0800000000;4.6250000000;4.5625000000;1.0000000000;4.8750000000;-21.7500000000;38.5000000000;0.0399780000;0.0300290000;-0.9959720000;0.0744020000
788;-0.7900000000;1.4900000000;-8.6600000000;0.0000000000;-0.3750000000;-1.3125000000;4.1875000000;-21.7500000000;38.8750000000;0.0392460000;0.0303960000;-0.9960330000;0.0740970000
789;-1.2200000000;1.1300000000;-8.2500000000;-7.1250000000;-6.8125000000;-1.8125000000;4.1875000000;-21.7500000000;38.8750000000;0.0404050000;0.0307620000;-0.9958500000;0.0751950000
790;-1.2100000000;0.9700000000;-7.9400000000;-14.6875000000;-16.1875000000;-6.8750000000;4.1875000000;-21.5000000000;39.2500000000;0.0442500000;0.0321660000;-0.9953610000;0.0792850000
791;-1.8900000000;1.1100000000;-6.6100000000;-9.5625000000;-34.1875000000;-9.3750000000;5.2500000000;-22.5625000000;38.0625000000;0.0533450000;0.0345460000;-0.9945070000;0.0834960000
792;-2.4700000000;0.8800000000;-5.0000000000;-23.3750000000;-67.0625000000;-5.8750000000;6.0625000000;-21.7500000000;38.0625000000;0.0709230000;0.0367430000;-0.9928590000;0.0885620000
793;-3.6700000000;1.0300000000;-4.5800000000;0.0000000000;-134.3750000000;0.6875000000;7.0625000000;-23.2500000000;36.0625000000;0.1071170000;0.0350340000;-0.9891360000;0.0946040000
794;-5.0100000000;2.2500000000;-5.1300000000;11.6250000000;-173.8125000000;2.7500000000;7.0625000000;-23.2500000000;36.0625000000;0.1625370000;0.0286870000;-0.9821170000;0.0906980000
795;-7.1600000000;1.2200000000;-6.0700000000;-54.1250000000;-199.4375000000;-9.9375000000;11.5625000000;-23.2500000000;36.5000000000;0.2246700000;0.0269780000;-0.9682620000;0.1063230000
796;-8.1200000000;3.1600000000;-7.2800000000;-16.3750000000;-211.7500000000;-23.6875000000;17.8750000000;-23.6875000000;33.2500000000;0.2932740000;0.0278320000;-0.9486080000;0.1156010000
797;-8.7300000000;2.7100000000;-7.6700000000;-59.0000000000;-189.6875000000;-13.0625000000;22.6875000000;-25.7500000000;27.7500000000;0.3562010000;0.0294190000;-0.9251100000;0.1283570000
798;-9.8300000000;1.9400000000;-7.9400000000;-52.1875000000;-182.7500000000;-24.4375000000;28.2500000000;-26.1875000000;23.1875000000;0.4135740000;0.0346070000;-0.8979490000;0.1464840000
799;-10.4100000000;2.6300000000;-5.2500000000;-14.2500000000;-157.5000000000;-38.9375000000;28.2500000000;-26.1875000000;23.1875000000;0.4652100000;0.0404660000;-0.8711550000;0.1519170000
800;-12.5600000000;1.2700000000;-5.0100000000;-49.2500000000;-170.3750000000;-37.9375000000;32.0000000000;-26.5000000000;16.5000000000;0.5128170000;0.0480350000;-0.8425290000;0.1578370000
801;-11.5400000000;1.8000000000;-7.2000000000;-57.1875000000;-188.9375000000;-51.7500000000;35.0625000000;-27.2500000000;11.7500000000;0.5676270000;0.0626220000;-0.8032230000;0.1694950000
802;-10.1100000000;1.8400000000;-4.0500000000;-21.1875000000;-108.7500000000;-63.8750000000;36.8750000000;-26.1875000000;6.3750000000;0.6060180000;0.0767820000;-0.7733760000;0.1694950000
803;-10.3100000000;4.4400000000;-0.3700000000;14.1250000000;-142.5625000000;-53.1875000000;38.7500000000;-23.5625000000;2.0000000000;0.6415410000;0.0869140000;-0.7453610000;0.1592410000
804;-10.4800000000;4.7900000000;-1.9400000000;-3.1875000000;-150.8750000000;6.8750000000;38.7500000000;-23.5625000000;2.0000000000;0.6801150000;0.0800170000;-0.7109990000;0.1596070000
805;-12.1300000000;1.0900000000;-2.7500000000;-45.6875000000;-136.6250000000;-2.8125000000;40.1875000000;-21.0000000000;-2.0000000000;0.7119140000;0.0776370000;-0.6766360000;0.1713260000
806;-10.8300000000;1.0900000000;-3.0800000000;-27.0625000000;-115.6875000000;-31.6875000000;37.8750000000;-23.1875000000;-7.0625000000;0.7402340000;0.0876460000;-0.6420290000;0.1794430000
807;-8.8800000000;2.4700000000;-2.9500000000;22.5000000000;-66.8125000000;-7.1250000000;37.5000000000;-23.1875000000;-12.1875000000;0.7575680000;0.0825810000;-0.6232300000;0.1757810000
808;-10.0500000000;1.0000000000;-0.6600000000;-0.5625000000;-9.8125000000;11.6250000000;34.8750000000;-21.6875000000;-13.0625000000;0.7608640000;0.0779420000;-0.6192020000;0.1778560000
809;-10.5600000000;-0.6600000000;0.6900000000;-0.4375000000;-11.0000000000;8.7500000000;34.8750000000;-21.6875000000;-13.0625000000;0.7608640000;0.0747680000;-0.6184690000;0.1816410000
810;-9.5800000000;0.2000000000;0.0500000000;5.6250000000;-9.9375000000;-2.6875000000;34.8750000000;-23.0625000000;-14.3750000000;0.7637330000;0.0731810000;-0.6152950000;0.1810300000
811;-9.7900000000;0.5300000000;0.3100000000;-8.0000000000;5.2500000000;-0.2500000000;34.5000000000;-23.7500000000;-14.8750000000;0.7637940000;0.0737300000;-0.6151730000;0.1811520000
812;-9.6500000000;0.2200000000;0.8900000000;-5.7500000000;11.3125000000;-5.7500000000;34.0625000000;-24.5625000000;-16.0625000000;0.7616580000;0.0770260000;-0.6173100000;0.1810910000
813;-9.8600000000;1.1900000000;1.2000000000;2.0000000000;17.2500000000;-6.8750000000;34.0625000000;-24.5625000000;-16.0625000000;0.7586670000;0.0792240000;-0.6215210000;0.1784670000
814;-9.5900000000;0.6500000000;1.7900000000;-15.4375000000;21.8750000000;-5.2500000000;34.8750000000;-24.1875000000;-13.7500000000;0.7541500000;0.0848390000;-0.6260380000;0.1792600000
815;-9.4900000000;0.8300000000;2.2100000000;-2.8750000000;14.6875000000;-11.1250000000;35.7500000000;-23.5000000000;-15.0000000000;0.7512210000;0.0893550000;-0.6294560000;0.1773680000
816;-9.3400000000;1.5200000000;2.0500000000;-5.3750000000;9.5000000000;-5.0625000000;35.0625000000;-21.5625000000;-13.7500000000;0.7493900000;0.0923460000;-0.6315310000;0.1763310000
817;-9.5000000000;0.5800000000;2.0100000000;-15.7500000000;5.4375000000;-1.9375000000;35.5000000000;-22.0000000000;-12.5625000000;0.7480470000;0.0950930000;-0.6325070000;0.1768800000
818;-9.5300000000;1.4500000000;1.7300000000;3.6250000000;-1.5625000000;-2.9375000000;35.5000000000;-22.0000000000;-12.5625000000;0.7482910000;0.0953980000;-0.6324460000;0.1759640000
819;-9.3300000000;1.0000000000;1.5500000000;-9.5625000000;1.5000000000;2.7500000000;36.1875000000;-22.3750000000;-14.0625000000;0.7479860000;0.0964970000;-0.6322020000;0.1776120000
820;-9.7100000000;0.8500000000;1.6700000000;2.3750000000;-2.5625000000;4.8125000000;35.7500000000;-22.3750000000;-14.0625000000;0.7480470000;0.0951540000;-0.6320800000;0.1784060000
821;-9.4500000000;0.8700000000;1.2500000000;0.1875000000;-3.4375000000;4.6250000000;36.1875000000;-20.8750000000;-14.5000000000;0.7486570000;0.0937500000;-0.6312870000;0.1795650000
822;-9.7600000000;0.5300000000;1.1700000000;-3.6875000000;-2.0625000000;4.5000000000;35.5000000000;-22.7500000000;-13.7500000000;0.7484130000;0.0931400000;-0.6315310000;0.1799320000
823;-9.5500000000;0.8800000000;0.9600000000;-4.9375000000;1.9375000000;2.5625000000;35.5000000000;-22.7500000000;-13.7500000000;0.7481690000;0.0933840000;-0.6313480000;0.1813960000
824;-9.6600000000;0.4400000000;1.2400000000;-10.5625000000;6.0000000000;3.0625000000;35.7500000000;-22.7500000000;-13.2500000000;0.7453610000;0.0952150000;-0.6340330000;0.1824950000
825;-9.5500000000;0.8200000000;1.4000000000;6.8750000000;2.4375000000;0.0625000000;35.5000000000;-21.2500000000;-14.0625000000;0.7448730000;0.0941160000;-0.6351320000;0.1815800000
826;-9.7000000000;0.9200000000;1.3400000000;-5.6250000000;3.4375000000;3.0625000000;36.1875000000;-21.2500000000;-13.0000000000;0.7442020000;0.0936280000;-0.6359250000;0.1817020000
827;-9.6600000000;0.4300000000;1.5000000000;-6.1250000000;4.0625000000;1.1250000000;35.0625000000;-22.7500000000;-13.7500000000;0.7432250000;0.0946660000;-0.6365360000;0.1831050000
828;-9.4800000000;1.0000000000;1.5000000000;1.9375000000;0.0000000000;-1.8750000000;35.0625000000;-22.7500000000;-13.7500000000;0.7430420000;0.0947270000;-0.6368410000;0.1824340000
829;-9.4900000000;0.9300000000;1.4500000000;-5.8750000000;0.5000000000;0.5000000000;35.7500000000;-22.3750000000;-13.2500000000;0.7430420000;0.0953370000;-0.6367800000;0.1826780000
830;-9.8400000000;0.5900000000;1.4800000000;-4.6250000000;-0.9375000000;1.3750000000;35.5000000000;-23.0625000000;-14.5000000000;0.7427980000;0.0963750000;-0.6364750000;0.1840210000
831;-9.6400000000;0.7800000000;1.0400000000;2.0625000000;-2.8125000000;-2.0625000000;35.7500000000;-23.0625000000;-14.5000000000;0.7435910000;0.0963750000;-0.6357420000;0.1835330000
832;-9.4600000000;0.8900000000;1.2500000000;-1.3750000000;2.3125000000;-1.5000000000;35.7500000000;-23.0625000000;-14.5000000000;0.7434690000;0.0965580000;-0.6359250000;0.1830440000
833;-9.5900000000;0.8100000000;1.4200000000;-1.6875000000;0.6875000000;-0.3125000000;35.7500000000;-23.0625000000;-14.5000000000;0.7429200000;0.0974120000;-0.6364140000;0.1831670000
834;-9.5500000000;0.8100000000;1.3900000000;0.0625000000;1.3750000000;-0.7500000000;35.7500000000;-22.7500000000;-13.7500000000;0.7426150000;0.0973510000;-0.6369630000;0.1824950000
835;-9.8000000000;0.9000000000;1.5500000000;-3.1250000000;-0.3750000000;0.0625000000;36.1875000000;-22.3750000000;-13.7500000000;0.7423710000;0.0975950000;-0.6373290000;0.1821900000
836;-9.6600000000;0.5400000000;1.0500000000;-3.5000000000;-2.5000000000;-1.3750000000;35.5000000000;-23.0625000000;-13.6875000000;0.7427370000;0.0982670000;-0.6366580000;0.1826170000
837;-9.3700000000;0.9200000000;1.1000000000;1.9375000000;2.8750000000;-2.6875000000;35.1875000000;-22.7500000000;-13.6875000000;0.7429810000;0.0979610000;-0.6368410000;0.1811520000
838;-9.6700000000;0.8600000000;1.5100000000;-4.1875000000;2.6250000000;0.8750000000;35.1875000000;-22.7500000000;-13.6875000000;0.7421870000;0.0986940000;-0.6376340000;0.1812740000
839;-9.7300000000;0.6000000000;1.4700000000;-0.1875000000;0.2500000000;0.1875000000;35.5000000000;-23.0625000000;-15.2500000000;0.7418210000;0.0992430000;-0.6376340000;0.1822510000
840;-9.5400000000;0.8700000000;1.4000000000;1.3125000000;-0.5000000000;-1.9375000000;35.7500000000;-22.3750000000;-14.8750000000;0.7418210000;0.0993650000;-0.6378170000;0.1817020000
841;-9.5100000000;1.0100000000;1.4100000000;-0.1250000000;-1.0000000000;0.1875000000;35.7500000000;-22.0000000000;-13.6875000000;0.7419430000;0.0989990000;-0.6378780000;0.1812130000
842;-9.7700000000;0.6900000000;1.5300000000;-1.8125000000;-1.3125000000;2.3750000000;35.5000000000;-22.3750000000;-13.7500000000;0.7418210000;0.0985720000;-0.6378780000;0.1818850000
843;-9.6400000000;0.7300000000;1.2800000000;1.6875000000;-2.7500000000;0.8750000000;35.5000000000;-22.3750000000;-13.7500000000;0.7423710000;0.0978390000;-0.6372680000;0.1821900000
844;-9.5600000000;0.8100000000;1.2900000000;-0.8750000000;-0.6250000000;0.7500000000;35.7500000000;-22.7500000000;-14.0625000000;0.7420650000;0.0977170000;-0.6377560000;0.1818850000
845;-9.6900000000;0.5800000000;1.3900000000;-1.8750000000;-0.8750000000;1.2500000000;36.5625000000;-22.7500000000;-13.2500000000;0.7418820000;0.0971680000;-0.6382450000;0.1810910000
846;-9.5400000000;0.8300000000;1.2100000000;1.8125000000;-1.3750000000;-0.1875000000;35.5000000000;-22.7500000000;-13.7500000000;0.7418820000;0.0966800000;-0.6386110000;0.1800540000
847;-9.6600000000;0.7000000000;1.4500000000;-3.3750000000;-0.1250000000;0.1875000000;36.1875000000;-23.0625000000;-14.5000000000;0.7415160000;0.0973510000;-0.6388550000;0.1804200000
848;-9.5800000000;0.8200000000;1.2500000000;2.8750000000;-2.0000000000;-0.9375000000;36.1875000000;-23.0625000000;-14.5000000000;0.7416380000;0.0972290000;-0.6388550000;0.1798100000
849;-9.6200000000;0.7200000000;1.3800000000;-2.6250000000;1.3750000000;0.8750000000;35.5000000000;-22.3750000000;-14.0625000000;0.7411500000;0.0974120000;-0.6394040000;0.1798710000
850;-9.6500000000;0.5300000000;1.2700000000;0.7500000000;-0.4375000000;-0.1250000000;35.1875000000;-23.0625000000;-14.0625000000;0.7407230000;0.0977780000;-0.6398320000;0.1798710000
851;-9.5400000000;0.9300000000;1.2800000000;1.3125000000;1.4375000000;-2.1875000000;35.7500000000;-23.0625000000;-14.0625000000;0.7404170000;0.0977780000;-0.6406250000;0.1783450000
852;-9.6000000000;0.7800000000;1.4400000000;-0.5625000000;1.6875000000;0.1875000000;35.7500000000;-22.3750000000;-14.8750000000;0.7397460000;0.0986330000;-0.6411130000;0.1787720000
853;-9.7000000000;0.8700000000;1.1000000000;-0.4375000000;-0.0625000000;-0.3750000000;35.7500000000;-22.3750000000;-14.8750000000;0.7394410000;0.0986940000;-0.6415410000;0.1786500000
854;-9.6800000000;1.4300000000;-0.2100000000;-6.0000000000;-0.2500000000;1.5625000000;35.7500000000;-21.5625000000;-14.0625000000;0.7394410000;0.0993040000;-0.6412350000;0.1794430000
855;-10.1300000000;0.6400000000;-1.3000000000;-5.8750000000;18.8125000000;3.3125000000;36.1875000000;-21.2500000000;-14.0625000000;0.7367550000;0.1015630000;-0.6433110000;0.1817630000
856;-10.4000000000;0.5600000000;-1.4200000000;9.6250000000;46.7500000000;-3.7500000000;35.7500000000;-22.3750000000;-14.8750000000;0.7288210000;0.1036380000;-0.6524660000;0.1800540000
857;-10.6400000000;1.8100000000;-2.3800000000;0.9375000000;51.5000000000;1.0000000000;36.1875000000;-20.8750000000;-13.2500000000;0.7178960000;0.1052860000;-0.6652220000;0.1761470000
858;-10.7600000000;1.1700000000;-4.7100000000;-5.7500000000;82.1875000000;8.6875000000;36.1875000000;-20.8750000000;-13.2500000000;0.7020260000;0.1092530000;-0.6810910000;0.1769410000
859;-11.6600000000;1.4800000000;-5.2400000000;3.8750000000;131.1250000000;17.6875000000;37.2500000000;-21.5625000000;-10.0625000000;0.6751100000;0.1116330000;-0.7081300000;0.1741940000
860;-13.8100000000;-0.1600000000;-6.4900000000;-25.8125000000;171.7500000000;21.5000000000;39.1875000000;-19.7500000000;-8.1875000000;0.6339720000;0.1188350000;-0.7431030000;0.1781620000
861;-12.9000000000;1.3300000000;-6.5100000000;88.8750000000;191.5000000000;5.3750000000;38.7500000000;-21.5625000000;-5.0000000000;0.5877690000;0.1196900000;-0.7835690000;0.1620480000
862;-13.3200000000;2.3500000000;-7.2100000000;49.0000000000;235.8750000000;19.8750000000;39.1875000000;-21.5625000000;3.0625000000;0.5307010000;0.1099240000;-0.8297730000;0.1334230000
863;-13.7900000000;0.0900000000;-5.6400000000;32.5625000000;268.8750000000;0.3125000000;39.1875000000;-21.5625000000;3.0625000000;0.4562380000;0.1165770000;-0.8738400000;0.1212160000
864;-12.5200000000;3.7200000000;-4.8200000000;131.6250000000;253.5000000000;8.7500000000;38.7500000000;-18.2500000000;11.0000000000;0.3814090000;0.1096190000;-0.9146120000;0.0776370000
865;-10.4000000000;2.4800000000;-5.3100000000;6.2500000000;265.4375000000;2.1250000000;35.7500000000;-17.1875000000;19.7500000000;0.3024290000;0.1043700000;-0.9461060000;0.0499880000
866;-8.1400000000;2.7100000000;-3.3400000000;52.5625000000;235.9375000000;9.9375000000;30.2500000000;-14.3750000000;29.0625000000;0.2250370000;0.1025390000;-0.9685060000;0.0296630000
867;-5.4900000000;3.1600000000;-3.9500000000;75.2500000000;187.5000000000;28.5000000000;30.2500000000;-14.3750000000;29.0625000000;0.1636960000;0.0897220000;-0.9824220000;-0.0010990000
868;-3.7900000000;-0.1200000000;-2.2800000000;33.9375000000;136.1875000000;22.0625000000;23.6875000000;-15.7500000000;35.0000000000;0.1107180000;0.0809940000;-0.9905400000;-0.0075070000
869;-1.8600000000;0.7900000000;-2.1400000000;112.5000000000;80.1250000000;38.0625000000;16.2500000000;-13.5625000000;38.8750000000;0.0833130000;0.0656740000;-0.9934690000;-0.0415040000
870;-1.7100000000;-1.3700000000;-4.0700000000;18.6250000000;40.3125000000;43.8750000000;11.8750000000;-13.0000000000;41.1875000000;0.0700070000;0.0490110000;-0.9949340000;-0.0526730000
871;-2.0200000000;-2.4500000000;-5.2100000000;-32.3125000000;11.0000000000;28.0625000000;9.7500000000;-9.2500000000;40.8750000000;0.0647580000;0.0391850000;-0.9962160000;-0.0426640000
872;-2.0100000000;-2.1200000000;-7.8300000000;-21.5000000000;-30.0625000000;19.1875000000;9.7500000000;-9.2500000000;40.8750000000;0.0731200000;0.0331420000;-0.9962160000;-0.0341190000
873;-2.4600000000;-3.0800000000;-11.3400000000;-46.4375000000;-30.1875000000;9.5000000000;7.8750000000;-10.6875000000;42.1875000000;0.0834960000;0.0308840000;-0.9958500000;-0.0192260000
874;-2.1100000000;-0.8500000000;-11.2200000000;-17.0625000000;-16.8750000000;-13.1875000000;9.7500000000;-12.1875000000;41.0000000000;0.0892940000;0.0352170000;-0.9953000000;-0.0115360000
875;-1.9300000000;0.0700000000;-10.8200000000;-19.8750000000;-2.8125000000;-11.8125000000;10.5000000000;-13.1875000000;41.2500000000;0.0904540000;0.0432740000;-0.9949340000;-0.0059200000
876;-1.9900000000;1.0600000000;-9.5400000000;-3.3125000000;1.1250000000;-11.8125000000;10.5000000000;-14.0000000000;41.0000000000;0.0898440000;0.0491940000;-0.9947510000;-0.0021970000
877;-1.6700000000;1.0000000000;-9.6900000000;-3.3125000000;-1.8125000000;-0.5625000000;10.5000000000;-14.0000000000;41.0000000000;0.0905760000;0.0501100000;-0.9946290000;-0.0039060000
878;-1.8200000000;-0.0300000000;-9.5900000000;-27.2500000000;7.1875000000;0.5625000000;11.1875000000;-13.5625000000;39.7500000000;0.0883180000;0.0541380000;-0.9946290000;0.0051270000
879;-1.8400000000;0.5700000000;-9.5600000000;-1.5625000000;-1.6875000000;2.9375000000;11.1875000000;-14.5000000000;39.7500000000;0.0880130000;0.0568850000;-0.9944460000;0.0078740000
880;-1.7200000000;0.1900000000;-10.4200000000;-9.2500000000;0.3750000000;6.0000000000;10.7500000000;-14.7500000000;38.5625000000;0.0880740000;0.0580440000;-0.9943850000;0.0106810000
881;-1.9000000000;0.3800000000;-9.1700000000;-10.6250000000;9.3750000000;-0.4375000000;10.6875000000;-15.5625000000;38.5625000000;0.0853270000;0.0606080000;-0.9943850000;0.0138550000
882;-1.9400000000;0.4600000000;-9.2600000000;3.0000000000;-0.6875000000;3.7500000000;10.6875000000;-15.5625000000;38.5625000000;0.0844730000;0.0598140000;-0.9945070000;0.0137940000
883;-1.7700000000;0.0100000000;-9.4100000000;-6.8125000000;6.0625000000;4.0000000000;10.0000000000;-15.5625000000;39.2500000000;0.0828250000;0.0598750000;-0.9946290000;0.0159910000
884;-1.9400000000;0.0900000000;-9.0700000000;-3.6250000000;4.6250000000;2.3750000000;10.3750000000;-16.2500000000;39.7500000000;0.0809330000;0.0613400000;-0.9946900000;0.0173950000
885;-1.9100000000;0.0200000000;-9.3400000000;-4.6875000000;-2.2500000000;1.2500000000;10.0000000000;-15.8750000000;39.2500000000;0.0818480000;0.0629880000;-0.9944460000;0.0189820000
886;-1.7900000000;0.1700000000;-10.0200000000;-1.3750000000;-4.3125000000;0.7500000000;10.3750000000;-16.2500000000;39.0000000000;0.0831300000;0.0653690000;-0.9942020000;0.0191040000
887;-1.9800000000;0.3000000000;-9.4300000000;1.3125000000;0.1875000000;0.3125000000;10.3750000000;-16.2500000000;39.0000000000;0.0834960000;0.0655520000;-0.9941410000;0.0196530000
888;-1.8800000000;0.4000000000;-9.8100000000;1.5625000000;-2.4375000000;-0.8750000000;10.6875000000;-16.2500000000;39.0000000000;0.0843510000;0.0680540000;-0.9939580000;0.0189820000
889;-1.8100000000;0.5100000000;-9.5400000000;-4.2500000000;0.4375000000;-1.0000000000;10.6875000000;-16.2500000000;39.2500000000;0.0847780000;0.0709230000;-0.9936520000;0.0205690000
890;-1.9100000000;0.2600000000;-9.3400000000;0.3125000000;-2.1250000000;-0.1875000000;11.0625000000;-16.2500000000;39.0000000000;0.0852050000;0.0737920000;-0.9934080000;0.0217900000
891;-1.7000000000;0.4500000000;-9.8000000000;-0.4375000000;-3.5000000000;-1.6250000000;10.0000000000;-16.5625000000;39.7500000000;0.0864870000;0.0745850000;-0.9932250000;0.0217290000
892;-1.8700000000;0.3500000000;-9.2800000000;-6.1875000000;0.1875000000;-1.1250000000;10.0000000000;-16.5625000000;39.7500000000;0.0865480000;0.0750730000;-0.9931640000;0.0230100000
893;-1.8300000000;0.4900000000;-9.9300000000;0.6250000000;-5.5000000000;0.7500000000;10.6875000000;-16.2500000000;38.1875000000;0.0875240000;0.0774540000;-0.9928590000;0.0239260000
894;-1.9100000000;0.4800000000;-9.7900000000;-3.7500000000;-0.6250000000;-0.0625000000;10.3750000000;-16.5625000000;39.7500000000;0.0885010000;0.0782470000;-0.9926760000;0.0250850000
895;-1.8500000000;0.5600000000;-9.6100000000;-3.2500000000;0.0000000000;0.5000000000;10.3750000000;-16.2500000000;39.3750000000;0.0883180000;0.0790410000;-0.9926150000;0.0263060000
896;-1.8100000000;0.5400000000;-9.7100000000;1.3750000000;-0.2500000000;1.6875000000;10.6875000000;-16.2500000000;39.2500000000;0.0884400000;0.0799560000;-0.9924930000;0.0269170000
897;-1.9500000000;0.4000000000;-9.4800000000;-4.1250000000;2.4375000000;1.6250000000;10.6875000000;-16.2500000000;39.2500000000;0.0880130000;0.0794680000;-0.9925540000;0.0275880000
898;-1.8500000000;0.1600000000;-9.3600000000;-2.8750000000;0.1250000000;0.0000000000;10.3750000000;-17.3750000000;39.0000000000;0.0875850000;0.0799560000;-0.9924930000;0.0293580000
899;-1.7700000000;0.5600000000;-9.9900000000;-0.1250000000;-0.5000000000;1.5625000000;10.6875000000;-17.3750000000;39.6875000000;0.0880740000;0.0804440000;-0.9924320000;0.0284420000
900;-1.9600000000;0.3200000000;-9.5800000000;0.1875000000;4.6250000000;1.3750000000;10.3750000000;-16.2500000000;39.2500000000;0.0870360000;0.0808110000;-0.9924930000;0.0294800000
901;-1.5700000000;0.7400000000;-9.6400000000;6.1875000000;1.5000000000;-1.0000000000;10.0000000000;-16.5625000000;38.1875000000;0.0858760000;0.0812380000;-0.9926150000;0.0281370000
902;-1.9100000000;0.5700000000;-9.5500000000;0.8750000000;4.8125000000;3.2500000000;10.0000000000;-16.5625000000;38.1875000000;0.0849610000;0.0805660000;-0.9927370000;0.0267330000
903;-1.7500000000;0.3500000000;-9.2000000000;-1.1250000000;5.7500000000;1.1250000000;10.0000000000;-15.8750000000;37.7500000000;0.0828250000;0.0806880000;-0.9929200000;0.0268550000
904;-1.8600000000;0.4500000000;-9.2700000000;1.6250000000;0.9375000000;2.4375000000;9.6875000000;-17.0000000000;39.2500000000;0.0819700000;0.0803830000;-0.9930420000;0.0263670000
905;-1.9400000000;0.2300000000;-9.2700000000;-1.7500000000;-0.1875000000;2.0625000000;9.6875000000;-17.3750000000;39.0000000000;0.0822750000;0.0795290000;-0.9930420000;0.0267330000
906;-1.6500000000;0.1800000000;-9.9400000000;-9.5625000000;-2.0000000000;0.0625000000;9.6875000000;-17.3750000000;39.0000000000;0.0827640000;0.0797730000;-0.9929810000;0.0285030000
907;-1.9000000000;0.5300000000;-9.7900000000;1.2500000000;0.1875000000;-0.1875000000;9.6875000000;-17.3750000000;39.0000000000;0.0828860000;0.0799560000;-0.9929200000;0.0295410000
908;-1.6700000000;0.5300000000;-9.7900000000;-0.1875000000;-0.5625000000;-1.1875000000;10.0000000000;-17.0000000000;38.5000000000;0.0827030000;0.0809940000;-0.9927980000;0.0299680000
909;-1.6500000000;0.6700000000;-9.4000000000;-0.1250000000;2.1250000000;-0.5625000000;10.3750000000;-17.0000000000;38.5625000000;0.0824580000;0.0828860000;-0.9926760000;0.0297240000
910;-1.8100000000;0.5200000000;-9.3600000000;-0.7500000000;0.6250000000;1.5000000000;9.6875000000;-17.3750000000;39.3750000000;0.0818480000;0.0827640000;-0.9927370000;0.0297240000
911;-1.8600000000;0.4200000000;-9.2300000000;0.6875000000;-2.0625000000;0.0000000000;9.6875000000;-17.0000000000;37.7500000000;0.0824580000;0.0830690000;-0.9926760000;0.0300290000
912;-1.5500000000;0.5000000000;-9.8300000000;-2.8125000000;-4.1875000000;0.6875000000;9.6875000000;-17.0000000000;37.7500000000;0.0838620000;0.0830080000;-0.9925540000;0.0304570000
913;-2.0600000000;0.3000000000;-9.5300000000;3.7500000000;-2.1875000000;0.9375000000;10.0000000000;-16.5625000000;39.6875000000;0.0848390000;0.0831300000;-0.9924930000;0.0300900000
914;-1.7700000000;0.3500000000;-9.7000000000;-4.4375000000;-0.8750000000;-3.2500000000;10.0000000000;-16.5625000000;39.0000000000;0.0853880000;0.0841670000;-0.9923100000;0.0306400000
915;-1.6900000000;0.7800000000;-9.5600000000;0.3125000000;-0.2500000000;-1.1250000000;10.3750000000;-17.0000000000;39.2500000000;0.0853880000;0.0856930000;-0.9921870000;0.0312500000
916;-1.9200000000;0.5600000000;-9.3500000000;-3.5000000000;-1.0000000000;-0.6875000000;9.6875000000;-17.0000000000;38.1875000000;0.0853880000;0.0859370000;-0.9921260000;0.0322880000
917;-1.6700000000;0.7600000000;-9.7900000000;-0.6875000000;-2.5000000000;-0.5625000000;9.6875000000;-17.0000000000;38.1875000000;0.0860600000;0.0860600000;-0.9920040000;0.0330200000
918;-1.9600000000;0.4000000000;-9.7600000000;-3.4375000000;-0.2500000000;0.6250000000;9.6875000000;-17.3750000000;39.7500000000;0.0859990000;0.0859990000;-0.9920040000;0.0341190000
919;-1.8200000000;0.6000000000;-9.5000000000;2.8750000000;1.1250000000;-1.2500000000;9.6875000000;-17.0000000000;39.2500000000;0.0859990000;0.0861820000;-0.9920040000;0.0333860000
920;-1.6900000000;0.5700000000;-9.5900000000;-3.2500000000;0.1250000000;-0.3125000000;10.0000000000;-17.7500000000;39.2500000000;0.0856930000;0.0863650000;-0.9920040000;0.0341190000
921;-1.9800000000;0.6600000000;-9.4600000000;0.8125000000;1.1250000000;-0.5000000000;10.0000000000;-17.0000000000;38.5625000000;0.0856930000;0.0864870000;-0.9919430000;0.0343630000
922;-1.6400000000;0.7000000000;-9.6000000000;-0.2500000000;-1.3125000000;1.0625000000;10.0000000000;-17.0000000000;38.5625000000;0.0861210000;0.0863650000;-0.9919430000;0.0349730000
923;-1.9700000000;0.4600000000;-9.3200000000;-3.2500000000;0.2500000000;1.2500000000;10.0000000000;-17.3750000000;39.0000000000;0.0859370000;0.0858760000;-0.9919430000;0.0357670000
924;-1.6400000000;0.5000000000;-9.7200000000;1.0000000000;-1.3750000000;-0.1875000000;11.0625000000;-17.7500000000;39.7500000000;0.0864870000;0.0872800000;-0.9917600000;0.0360110000
925;-1.9300000000;0.4500000000;-9.6500000000;-2.0625000000;1.0625000000;0.3750000000;10.3750000000;-17.3750000000;39.0000000000;0.0863040000;0.0875240000;-0.9917600000;0.0364380000
926;-1.9300000000;0.5100000000;-9.2500000000;-0.6250000000;-0.4375000000;-1.4375000000;10.3750000000;-17.3750000000;39.0000000000;0.0863040000;0.0880130000;-0.9916990000;0.0366210000
927;-1.6000000000;0.7900000000;-9.7200000000;0.5625000000;-2.8125000000;0.0000000000;10.0000000000;-17.3750000000;38.5625000000;0.0871580000;0.0880740000;-0.9916380000;0.0367430000
928;-2.0600000000;0.6100000000;-9.4100000000;-3.1250000000;1.9375000000;0.0000000000;10.3750000000;-16.5625000000;38.1875000000;0.0866700000;0.0889890000;-0.9915160000;0.0375370000
929;-1.6100000000;0.8700000000;-9.5800000000;1.5000000000;-3.0625000000;-1.1250000000;10.0000000000;-17.7500000000;39.2500000000;0.0874630000;0.0891110000;-0.9914550000;0.0372920000
930;-1.8900000000;0.8500000000;-9.5400000000;-0.3125000000;1.0625000000;1.4375000000;9.6875000000;-17.7500000000;37.7500000000;0.0873410000;0.0886840000;-0.9915160000;0.0374760000
931;-1.9600000000;0.3900000000;-9.2100000000;-1.4375000000;-1.1875000000;-0.0625000000;9.6875000000;-17.7500000000;37.7500000000;0.0872190000;0.0886230000;-0.9915160000;0.0382080000
932;-1.7800000000;0.7000000000;-9.5700000000;-2.8750000000;-3.3125000000;0.3750000000;10.3750000000;-17.3750000000;38.5625000000;0.0885010000;0.0888670000;-0.9913330000;0.0386960000
933;-1.9000000000;0.5100000000;-9.7800000000;-2.1250000000;-1.2500000000;-0.3125000000;10.0000000000;-17.0000000000;37.7500000000;0.0888670000;0.0890500000;-0.9912720000;0.0397340000
934;-2.0200000000;0.3600000000;-9.4600000000;-1.1875000000;-0.6250000000;-0.8750000000;10.0000000000;-17.3750000000;38.5625000000;0.0893550000;0.0892940000;-0.9912110000;0.0399780000
935;-1.6700000000;0.6600000000;-9.7000000000;1.3125000000;-1.1875000000;-2.1250000000;10.3750000000;-17.7500000000;37.7500000000;0.0898440000;0.0899660000;-0.9910890000;0.0397340000
936;-1.9600000000;0.8500000000;-9.3600000000;-1.5000000000;1.0625000000;-1.0000000000;10.3750000000;-17.7500000000;37.7500000000;0.0896000000;0.0904540000;-0.9910890000;0.0397950000
937;-1.9700000000;0.7100000000;-9.3000000000;-1.4375000000;-2.1875000000;0.3750000000;10.0000000000;-17.7500000000;39.0000000000;0.0900270000;0.0903320000;-0.9910280000;0.0402220000
938;-1.7600000000;0.7800000000;-9.5900000000;-0.3750000000;-2.6250000000;0.1875000000;10.3750000000;-17.7500000000;38.1875000000;0.0910030000;0.0902710000;-0.9909060000;0.0404660000
939;-1.8600000000;0.6700000000;-9.9300000000;-3.8125000000;-0.3750000000;1.2500000000;10.3750000000;-18.0625000000;38.5625000000;0.0909420000;0.0899660000;-0.9909060000;0.0415650000
940;-2.1200000000;0.5800000000;-9.3800000000;2.8750000000;0.6875000000;0.1875000000;10.6875000000;-18.5000000000;39.6875000000;0.0908810000;0.0899050000;-0.9909670000;0.0411380000
941;-1.6000000000;0.9800000000;-9.5800000000;0.0625000000;-1.6250000000;-0.5000000000;10.6875000000;-18.5000000000;39.6875000000;0.0912480000;0.0900270000;-0.9909060000;0.0408940000
942;-2.0700000000;0.5100000000;-9.3300000000;-1.0625000000;0.9375000000;1.7500000000;10.0000000000;-18.8750000000;37.7500000000;0.0911250000;0.0891720000;-0.9909670000;0.0410770000
943;-1.9200000000;0.5600000000;-9.3200000000;-1.3125000000;-1.4375000000;-1.2500000000;10.6875000000;-18.0625000000;39.0000000000;0.0916140000;0.0895390000;-0.9909060000;0.0414430000
944;-1.8000000000;0.7700000000;-9.7800000000;-1.9375000000;-1.4375000000;0.1250000000;10.2500000000;-18.5000000000;37.7500000000;0.0921630000;0.0896610000;-0.9907840000;0.0422360000
945;-2.2600000000;0.5100000000;-9.3500000000;-2.6875000000;-0.0625000000;-0.8125000000;10.6875000000;-17.7500000000;37.0000000000;0.0918580000;0.0902710000;-0.9907230000;0.0428470000
946;-1.5500000000;1.1400000000;-9.9300000000;2.0625000000;-2.6250000000;-1.5000000000;10.6875000000;-17.7500000000;37.0000000000;0.0930180000;0.0908810000;-0.9906010000;0.0422970000
947;-1.9600000000;0.8300000000;-9.5200000000;-0.7500000000;3.2500000000;0.7500000000;10.3750000000;-18.0625000000;39.0000000000;0.0924680000;0.0906370000;-0.9906620000;0.0425420000
948;-2.0100000000;0.8100000000;-9.2200000000;1.3125000000;-1.3125000000;0.2500000000;10.6875000000;-18.0625000000;37.3750000000;0.0921020000;0.0905760000;-0.9907230000;0.0424190000
949;-1.7400000000;0.8000000000;-9.7300000000;-0.7500000000;-1.1250000000;0.6250000000;10.3750000000;-18.0625000000;38.1875000000;0.0930790000;0.0902100000;-0.9906620000;0.0421750000
950;-2.1500000000;0.6100000000;-9.3200000000;-1.4375000000;0.6250000000;1.1250000000;10.6875000000;-17.7500000000;38.5625000000;0.0924680000;0.0899660000;-0.9907230000;0.0430300000
951;-1.8100000000;0.5300000000;-9.8300000000;0.0625000000;-3.0000000000;0.1250000000;10.6875000000;-17.7500000000;38.5625000000;0.0933230000;0.0896610000;-0.9906620000;0.0431520000
952;-2.0200000000;0.7600000000;-9.2800000000;-2.9375000000;1.9375000000;-1.3125000000;11.5000000000;-18.0625000000;39.3750000000;0.0931400000;0.0899050000;-0.9906620000;0.0431520000
953;-1.9500000000;0.7500000000;-9.7400000000;2.9375000000;-1.8750000000;0.0625000000;10.3750000000;-18.0625000000;38.1875000000;0.0933840000;0.0900270000;-0.9906010000;0.0434570000
954;-1.9000000000;0.6800000000;-9.7200000000;-0.1875000000;-0.3125000000;-1.3750000000;10.6875000000;-18.0625000000;38.5625000000;0.0936890000;0.0900880000;-0.9906010000;0.0427860000
955;-1.9400000000;1.0100000000;-9.4600000000;0.8125000000;2.5000000000;0.1250000000;10.6875000000;-17.3750000000;37.7500000000;0.0932010000;0.0903320000;-0.9906010000;0.0425420000
956;-1.8800000000;0.7000000000;-9.4600000000;2.0000000000;-1.1250000000;1.2500000000;10.6875000000;-17.3750000000;37.7500000000;0.0929570000;0.0899050000;-0.9907230000;0.0423580000
957;-1.9400000000;0.6400000000;-9.1000000000;-4.5000000000;1.7500000000;0.9375000000;10.6875000000;-18.5000000000;37.7500000000;0.0927730000;0.0896000000;-0.9907230000;0.0428470000
958;-1.9100000000;0.6900000000;-9.4100000000;-3.3125000000;-1.6250000000;1.6250000000;10.0000000000;-18.5000000000;38.5625000000;0.0929570000;0.0893550000;-0.9906620000;0.0440670000
959;-1.9600000000;0.5800000000;-9.8300000000;0.3750000000;-3.6250000000;-0.1875000000;10.6875000000;-18.0625000000;39.0000000000;0.0938720000;0.0893550000;-0.9905400000;0.0452270000
960;-2.0200000000;0.6500000000;-9.6500000000;-3.6250000000;0.7500000000;-0.2500000000;11.0625000000;-17.7500000000;38.1875000000;0.0942380000;0.0893550000;-0.9904790000;0.0454710000
961;-1.9000000000;0.7500000000;-9.7400000000;1.4375000000;-1.2500000000;-1.7500000000;11.0625000000;-17.7500000000;38.1875000000;0.0944210000;0.0897830000;-0.9904170000;0.0457760000
962;-2.0400000000;0.7200000000;-9.4000000000;2.3750000000;1.1250000000;-0.1875000000;10.6875000000;-18.5000000000;37.3750000000;0.0939330000;0.0900270000;-0.9904790000;0.0444950000
963;-1.8100000000;0.7900000000;-9.2500000000;3.2500000000;-0.5625000000;-3.1250000000;10.6875000000;-18.8750000000;39.0000000000;0.0939330000;0.0905760000;-0.9904790000;0.0437620000
964;-1.9100000000;0.6100000000;-9.4800000000;-1.0625000000;-0.8750000000;0.3125000000;10.3750000000;-17.7500000000;37.7500000000;0.0942990000;0.0907590000;-0.9904170000;0.0437620000
965;-2.0300000000;0.6600000000;-9.0400000000;1.7500000000;-0.2500000000;-1.1250000000;10.3750000000;-17.7500000000;37.7500000000;0.0944820000;0.0908200000;-0.9904170000;0.0432130000
966;-1.8700000000;0.7800000000;-9.1600000000;-1.9375000000;-5.0000000000;-1.5625000000;11.0625000000;-17.7500000000;38.5000000000;0.0955200000;0.0914310000;-0.9902340000;0.0438840000
967;-2.0700000000;0.7800000000;-8.6900000000;-8.8750000000;-4.9375000000;0.4375000000;10.6875000000;-17.7500000000;38.1875000000;0.0970460000;0.0916750000;-0.9899900000;0.0460820000
968;-2.1300000000;0.6400000000;-8.5400000000;-10.8125000000;-13.2500000000;-1.2500000000;10.6875000000;-18.0625000000;39.0000000000;0.1000980000;0.0920410000;-0.9894410000;0.0497440000
969;-2.1800000000;0.5500000000;-7.7500000000;-17.1250000000;-19.9375000000;-5.1875000000;11.5000000000;-17.7500000000;37.7500000000;0.1054690000;0.0934450000;-0.9884640000;0.0553590000
970;-2.9700000000;0.6900000000;-5.6800000000;-35.6875000000;-38.5000000000;-6.8125000000;11.5000000000;-17.7500000000;37.7500000000;0.1144410000;0.0960690000;-0.9866330000;0.0646970000
971;-3.4000000000;0.4700000000;-6.1300000000;-41.1250000000;-69.7500000000;-12.8750000000;12.1875000000;-19.2500000000;37.3750000000;0.1333010000;0.1001590000;-0.9827270000;0.0800780000
972;-3.7300000000;1.5400000000;-3.8600000000;-40.0625000000;-82.7500000000;-19.5000000000;13.2500000000;-20.2500000000;35.3750000000;0.1582030000;0.1061400000;-0.9771730000;0.0938720000
973;-5.6100000000;1.2800000000;-6.1800000000;-106.6875000000;-109.4375000000;-23.3125000000;16.6875000000;-20.6875000000;34.2500000000;0.1883540000;0.1163940000;-0.9672240000;0.1243290000
974;-6.0300000000;1.9200000000;-6.7400000000;-86.9375000000;-119.9375000000;-41.6875000000;19.1875000000;-25.0625000000;31.0625000000;0.2247310000;0.1295170000;-0.9529420000;0.1569820000
975;-7.2400000000;3.0400000000;-6.4300000000;-82.9375000000;-138.6250000000;-30.5000000000;19.1875000000;-25.0625000000;31.0625000000;0.2644040000;0.1394650000;-0.9364620000;0.1835940000
976;-9.0300000000;1.8500000000;-7.9300000000;-65.8125000000;-151.1875000000;-43.6875000000;23.2500000000;-26.5625000000;27.1875000000;0.3101810000;0.1480100000;-0.9151000000;0.2109370000
977;-9.2500000000;2.0600000000;-6.1300000000;-25.5000000000;-146.6250000000;-63.8750000000;26.2500000000;-27.7500000000;22.3750000000;0.3576660000;0.1580810000;-0.8928830000;0.2233280000
978;-10.5000000000;5.2800000000;-4.4600000000;-17.6250000000;-163.6250000000;-63.6250000000;31.0625000000;-28.0625000000;17.3750000000;0.4094850000;0.1674190000;-0.8668820000;0.2297970000
979;-11.8500000000;2.7200000000;-4.8600000000;-9.6250000000;-215.0625000000;-48.1250000000;34.0000000000;-27.5000000000;10.2500000000;0.4722290000;0.1662600000;-0.8324580000;0.2373660000
980;-11.6300000000;3.3300000000;-3.5800000000;37.3750000000;-249.3125000000;-70.1875000000;34.0000000000;-27.5000000000;10.2500000000;0.5458980000;0.1591800000;-0.7896730000;0.2302860000
981;-11.4200000000;3.6400000000;-3.4900000000;13.3750000000;-225.1875000000;-55.4375000000;37.7500000000;-26.0625000000;7.1875000000;0.6107180000;0.1529540000;-0.7431640000;0.2265010000
982;-11.2900000000;2.7500000000;-3.1400000000;43.8125000000;-193.0000000000;-10.4375000000;38.0625000000;-23.0625000000;-1.8750000000;0.6621090000;0.1346440000;-0.7025760000;0.2233280000
983;-12.0100000000;1.1700000000;-2.2400000000;18.7500000000;-147.8750000000;4.0000000000;38.1875000000;-21.1875000000;-6.1875000000;0.6984860000;0.1166990000;-0.6691280000;0.2252200000
984;-10.5700000000;1.6800000000;-2.5600000000;-9.8125000000;-127.4375000000;-13.3750000000;38.1875000000;-21.1875000000;-6.1875000000;0.7273560000;0.1109620000;-0.6372070000;0.2293090000
985;-9.9100000000;1.7400000000;-2.6000000000;-20.6250000000;-79.0000000000;-1.1875000000;36.1875000000;-23.0625000000;-11.7500000000;0.7453610000;0.1096800000;-0.6139530000;0.2355960000
986;-10.5900000000;1.0900000000;-1.1500000000;-20.3750000000;-32.6250000000;4.5625000000;35.1875000000;-24.5000000000;-16.1875000000;0.7521360000;0.1107790000;-0.6026610000;0.2424930000
987;-10.3800000000;-0.3700000000;-0.6300000000;-24.8750000000;-11.0000000000;7.4375000000;34.0625000000;-24.0625000000;-18.5625000000;0.7534180000;0.1135860000;-0.5977780000;0.2492070000
988;-9.7100000000;0.0000000000;-0.0400000000;-13.4375000000;-1.0000000000;-14.4375000000;33.3750000000;-25.1875000000;-19.3750000000;0.7537230000;0.1187740000;-0.5957640000;0.2506710000
989;-9.7000000000;1.3500000000;0.7000000000;-2.0000000000;15.0625000000;-16.1875000000;33.3750000000;-25.1875000000;-19.3750000000;0.7534790000;0.1232910000;-0.5971070000;0.2459720000
990;-9.4600000000;0.9700000000;1.5200000000;-19.1250000000;24.9375000000;-9.3750000000;33.3750000000;-25.1875000000;-19.0000000000;0.7479250000;0.1329960000;-0.6024170000;0.2450560000
991;-9.7100000000;1.2100000000;2.1300000000;4.3750000000;22.9375000000;-12.0000000000;33.2500000000;-24.0625000000;-18.5625000000;0.7440800000;0.1375730000;-0.6076050000;0.2412110000
992;-9.4500000000;1.1100000000;2.1600000000;-0.8750000000;12.3125000000;-5.0000000000;34.0000000000;-23.7500000000;-18.6875000000;0.7418820000;0.1395260000;-0.6109620000;0.2385860000
993;-9.2400000000;1.1700000000;2.1000000000;-1.7500000000;9.0625000000;-5.9375000000;35.0625000000;-23.0625000000;-17.5000000000;0.7405400000;0.1419070000;-0.6122440000;0.2379150000
994;-9.2200000000;1.4400000000;2.3500000000;1.7500000000;7.9375000000;-1.8750000000;35.0625000000;-23.0625000000;-17.5000000000;0.7393190000;0.1424560000;-0.6141970000;0.2363280000
995;-9.5200000000;1.0100000000;2.5400000000;-0.6250000000;2.1875000000;4.8750000000;34.7500000000;-22.6875000000;-17.8750000000;0.7384030000;0.1409300000;-0.6159670000;0.2355960000
996;-9.4500000000;0.5700000000;1.9100000000;1.6250000000;-7.1875000000;6.0625000000;35.5000000000;-22.6875000000;-15.8750000000;0.7402340000;0.1361080000;-0.6155400000;0.2337040000
997;-9.5600000000;0.7800000000;1.8300000000;4.4375000000;-3.9375000000;2.0625000000;35.7500000000;-21.1875000000;-17.0625000000;0.7415160000;0.1333010000;-0.6149290000;0.2328490000
998;-9.4700000000;0.7500000000;1.5100000000;1.0625000000;-5.8125000000;4.8125000000;34.6875000000;-22.2500000000;-17.8750000000;0.7420650000;0.1316530000;-0.6146850000;0.2326660000
999;-9.4400000000;0.7400000000;1.5000000000;-4.5000000000;-1.7500000000;3.9375000000;34.6875000000;-22.2500000000;-17.8750000000;0.7423100000;0.1312870000;-0.6137080000;0.2346190000
1000;-9.6400000000;0.6800000000;1.9900000000;-2.4375000000;-1.1250000000;2.7500000000;35.0625000000;-23.0625000000;-17.8750000000;0.7420040000;0.1307370000;-0.6140750000;0.2350460000
1001;-9.6300000000;0.6700000000;1.7800000000;0.5625000000;-6.6875000000;1.5625000000;34.7500000000;-23.7500000000;-17.5000000000;0.7434080000;0.1281130000;-0.6135860000;0.2333370000
1002;-9.4200000000;1.1300000000;1.4100000000;1.3125000000;-4.6875000000;-1.3750000000;35.0625000000;-23.7500000000;-18.6875000000;0.7446900000;0.1276860000;-0.6123050000;0.2328490000
1003;-9.4800000000;1.1300000000;1.6200000000;-0.2500000000;0.3750000000;2.8750000000;33.6875000000;-23.0625000000;-17.8750000000;0.7453000000;0.1265260000;-0.6121220000;0.2321170000
1004;-9.5300000000;0.8500000000;1.8400000000;0.6875000000;0.7500000000;3.8125000000;33.6875000000;-23.0625000000;-17.8750000000;0.7444460000;0.1258540000;-0.6129150000;0.2330930000
1005;-9.5600000000;0.5300000000;1.6800000000;0.0000000000;0.3750000000;2.6875000000;34.7500000000;-23.7500000000;-17.5000000000;0.7446900000;0.1232910000;-0.6137080000;0.2314450000
1006;-9.5700000000;0.7200000000;1.9200000000;1.5625000000;2.2500000000;-1.1250000000;35.0625000000;-23.7500000000;-17.0625000000;0.7449340000;0.1215820000;-0.6147460000;0.2289430000
1007;-9.4100000000;0.7300000000;1.8500000000;-0.6875000000;0.4375000000;-1.0625000000;34.3750000000;-21.5000000000;-17.0625000000;0.7448730000;0.1218870000;-0.6151730000;0.2277830000
1008;-9.6000000000;1.0000000000;2.0400000000;-1.7500000000;0.3750000000;-0.8125000000;34.0000000000;-23.6875000000;-18.2500000000;0.7448730000;0.1223750000;-0.6152340000;0.2273560000
1009;-9.5100000000;0.8300000000;1.9200000000;-6.2500000000;-0.6875000000;0.0000000000;34.0000000000;-23.6875000000;-18.2500000000;0.7446900000;0.1236570000;-0.6147460000;0.2283940000
1010;-9.4600000000;0.9900000000;1.8100000000;0.1250000000;-1.8125000000;-1.7500000000;34.3750000000;-23.0000000000;-17.8750000000;0.7448730000;0.1244510000;-0.6144410000;0.2284550000
1011;-9.4700000000;1.1200000000;1.8700000000;-4.0625000000;-1.6250000000;0.0625000000;34.7500000000;-23.6875000000;-17.5000000000;0.7456050000;0.1237180000;-0.6141970000;0.2271730000
1012;-9.4600000000;0.7900000000;1.8500000000;-4.3750000000;-2.1875000000;1.3125000000;34.3750000000;-24.0000000000;-17.5000000000;0.7459110000;0.1231690000;-0.6139530000;0.2269900000
1013;-9.4500000000;1.0100000000;1.7200000000;4.9375000000;-3.7500000000;-0.8125000000;34.3750000000;-23.2500000000;-19.0625000000;0.7463380000;0.1227420000;-0.6136470000;0.2265010000
1014;-9.5100000000;0.9800000000;1.9100000000;-1.3750000000;-0.1875000000;0.5000000000;34.3750000000;-23.2500000000;-19.0625000000;0.7462770000;0.1220700000;-0.6140750000;0.2260740000
1015;-9.4200000000;0.7700000000;2.0500000000;0.5625000000;-1.4375000000;0.6875000000;34.0000000000;-23.6875000000;-18.2500000000;0.7461550000;0.1221310000;-0.6140750000;0.2263790000
1016;-9.4100000000;1.1600000000;1.9900000000;6.0625000000;-3.8125000000;0.8125000000;34.0000000000;-22.5625000000;-18.2500000000;0.7470700000;0.1203000000;-0.6137080000;0.2253420000
1017;-9.5400000000;0.7600000000;1.9400000000;-5.3750000000;-3.5625000000;3.6250000000;34.0000000000;-23.2500000000;-18.6875000000;0.7474980000;0.1197510000;-0.6129150000;0.2263180000
1018;-9.4900000000;0.6900000000;1.8200000000;0.1250000000;-3.8125000000;0.8750000000;33.6875000000;-23.6875000000;-18.6875000000;0.7479250000;0.1197510000;-0.6118770000;0.2276610000
1019;-9.5000000000;1.1200000000;1.8300000000;1.5625000000;-3.1250000000;0.0625000000;33.6875000000;-23.6875000000;-18.6875000000;0.7486570000;0.1187130000;-0.6114500000;0.2270510000
1020;-9.5800000000;0.8900000000;1.6200000000;-3.5000000000;-1.8125000000;2.3750000000;34.0000000000;-24.3750000000;-19.0625000000;0.7485350000;0.1190190000;-0.6111450000;0.2280880000
1021;-9.5700000000;1.3100000000;0.7400000000;2.0000000000;-1.2500000000;1.3125000000;34.0000000000;-23.2500000000;-18.2500000000;0.7488400000;0.1184690000;-0.6107790000;0.2284550000
1022;-10.0900000000;1.8800000000;-0.4600000000;-6.9375000000;10.1250000000;4.5625000000;33.6875000000;-24.0000000000;-18.6875000000;0.7477420000;0.1188350000;-0.6119380000;0.2286380000
1023;-10.5400000000;0.4400000000;-1.6600000000;-9.5000000000;38.4375000000;-2.4375000000;34.7500000000;-23.6875000000;-17.5000000000;0.7418820000;0.1220090000;-0.6181030000;0.2295530000
1024;-11.1500000000;2.0200000000;-2.6700000000;38.7500000000;57.3125000000;-0.2500000000;34.7500000000;-23.6875000000;-17.5000000000;0.7324830000;0.1207280000;-0.6324460000;0.2211300000
1025;-11.7100000000;0.3200000000;-4.4400000000;-22.5625000000;95.3750000000;11.6875000000;34.3750000000;-22.5625000000;-17.5000000000;0.7149050000;0.1226200000;-0.6523440000;0.2196660000
1026;-12.0800000000;0.8700000000;-4.3900000000;33.3125000000;136.8750000000;-14.0625000000;35.5000000000;-23.0000000000;-15.5000000000;0.6876220000;0.1340940000;-0.6810300000;0.2129520000
1027;-13.4400000000;2.4700000000;-6.5600000000;22.6875000000;173.2500000000;3.1250000000;37.2500000000;-22.1875000000;-12.0000000000;0.6526490000;0.1355590000;-0.7196660000;0.1942140000
1028;-13.4300000000;0.9900000000;-5.4300000000;32.8750000000;231.0000000000;-3.7500000000;39.5000000000;-19.6875000000;-5.2500000000;0.6002810000;0.1459960000;-0.7650760000;0.1817630000
1029;-13.1300000000;3.1800000000;-3.9700000000;91.5000000000;241.5000000000;-2.0625000000;39.5000000000;-19.6875000000;-5.2500000000;0.5403440000;0.1447750000;-0.8157960000;0.1469120000
1030;-13.0000000000;1.7700000000;-3.7200000000;40.3125000000;257.6875000000;11.4375000000;41.0000000000;-20.0625000000;3.7500000000;0.4716190000;0.1442870000;-0.8616330000;0.1198730000
1031;-12.3500000000;1.6300000000;-1.9600000000;84.6875000000;243.3125000000;1.0625000000;38.8750000000;-18.5625000000;12.3750000000;0.3989870000;0.1422730000;-0.9014280000;0.0897220000
1032;-9.2600000000;2.0200000000;-3.3600000000;58.5000000000;202.1250000000;8.5000000000;35.5625000000;-17.8750000000;21.0625000000;0.3370970000;0.1374510000;-0.9293820000;0.0607300000
1033;-7.6700000000;0.6500000000;-6.1000000000;40.0625000000;153.8125000000;9.9375000000;32.0000000000;-16.5000000000;26.8750000000;0.2876590000;0.1335450000;-0.9473880000;0.0432740000
1034;-6.2700000000;2.1000000000;-8.3300000000;50.3125000000;159.5000000000;15.0625000000;32.0000000000;-16.5000000000;26.8750000000;0.2425540000;0.1240230000;-0.9620360000;0.0145870000
1035;-4.8400000000;-0.3700000000;-6.7400000000;-10.1875000000;178.0625000000;10.9375000000;27.0625000000;-14.6875000000;32.5000000000;0.1844480000;0.1202390000;-0.9754030000;0.0105590000
1036;-3.3500000000;0.9300000000;-5.0100000000;53.2500000000;157.6250000000;27.4375000000;22.0000000000;-14.2500000000;35.1875000000;0.1325680000;0.1107180000;-0.9849240000;-0.0078130000
1037;-2.7300000000;-0.6900000000;-3.8000000000;11.6875000000;133.6875000000;35.0625000000;16.0000000000;-13.8750000000;39.5000000000;0.0880130000;0.0980830000;-0.9910890000;-0.0177610000
1038;-2.0400000000;-0.9100000000;-3.6100000000;24.2500000000;80.1250000000;28.6250000000;16.0000000000;-13.8750000000;39.5000000000;0.0641480000;0.0899660000;-0.9935910000;-0.0226440000
1039;-1.4300000000;-1.3300000000;-5.3300000000;12.3750000000;24.5000000000;29.8750000000;10.8750000000;-13.1875000000;41.0625000000;0.0495000000;0.0767210000;-0.9953000000;-0.0319820000
1040;-1.1200000000;-1.5600000000;-8.5000000000;-44.5625000000;-4.4375000000;16.1875000000;8.0000000000;-11.2500000000;42.7500000000;0.0490720000;0.0710450000;-0.9960940000;-0.0191650000
1041;-1.9200000000;-1.2400000000;-9.7200000000;-26.8125000000;-12.6875000000;5.5625000000;6.1875000000;-12.0000000000;40.7500000000;0.0527950000;0.0693970000;-0.9961550000;-0.0082400000
1042;-1.1700000000;-0.8100000000;-10.8500000000;-35.9375000000;-14.5625000000;-4.1875000000;7.5625000000;-13.5000000000;41.1875000000;0.0556640000;0.0720210000;-0.9958500000;0.0001830000
1043;-1.6100000000;0.1600000000;-10.0700000000;-13.5625000000;-6.5625000000;-6.5000000000;7.5625000000;-13.5000000000;41.1875000000;0.0584110000;0.0750120000;-0.9954220000;0.0093990000
1044;-1.1400000000;0.5300000000;-10.4800000000;-15.0625000000;-8.3750000000;-6.1875000000;7.1875000000;-15.0000000000;39.5625000000;0.0612790000;0.0780030000;-0.9949340000;0.0149540000
1045;-1.4000000000;0.6000000000;-9.6800000000;-9.6875000000;-0.1250000000;-2.8125000000;8.3750000000;-15.0000000000;40.3750000000;0.0611570000;0.0807500000;-0.9946900000;0.0181880000
1046;-1.2100000000;0.8500000000;-9.5000000000;-6.6875000000;-2.8125000000;-0.6250000000;8.6875000000;-15.7500000000;40.0625000000;0.0617680000;0.0826420000;-0.9944460000;0.0205690000
1047;-1.2900000000;0.5000000000;-9.8900000000;-13.1250000000;-5.3125000000;1.5000000000;8.6875000000;-16.5000000000;39.1875000000;0.0626830000;0.0838620000;-0.9942020000;0.0236210000
1048;-1.4600000000;0.4900000000;-9.9100000000;-1.3125000000;-3.0000000000;0.6875000000;8.6875000000;-16.5000000000;39.1875000000;0.0641480000;0.0833740000;-0.9941410000;0.0255740000
1049;-1.3100000000;0.5300000000;-10.1300000000;-6.3750000000;-2.8125000000;-0.8125000000;8.6875000000;-16.5625000000;38.0625000000;0.0647580000;0.0851440000;-0.9938350000;0.0281980000
1050;-1.3500000000;0.3500000000;-9.5300000000;-3.5625000000;4.6250000000;-0.3125000000;9.0000000000;-16.8750000000;39.5625000000;0.0632930000;0.0866090000;-0.9937740000;0.0293580000
1051;-1.4000000000;0.6800000000;-9.3200000000;4.5625000000;0.1875000000;0.2500000000;9.0000000000;-16.8750000000;39.1875000000;0.0631100000;0.0878910000;-0.9937130000;0.0283200000
1052;-1.3400000000;0.4400000000;-9.6500000000;-4.8750000000;1.1875000000;2.1875000000;9.3750000000;-16.8750000000;38.3750000000;0.0626830000;0.0896000000;-0.9935910000;0.0291140000
1053;-1.4000000000;0.5900000000;-9.6000000000;4.8750000000;-1.0000000000;2.2500000000;9.3750000000;-16.8750000000;38.3750000000;0.0625610000;0.0892330000;-0.9935910000;0.0294190000
1054;-1.6300000000;0.4500000000;-10.0700000000;-2.0625000000;2.8125000000;3.7500000000;8.5625000000;-17.2500000000;39.5625000000;0.0623780000;0.0884400000;-0.9937130000;0.0289310000
1055;-1.2600000000;0.5000000000;-9.6600000000;7.7500000000;1.6250000000;0.3125000000;9.0000000000;-17.2500000000;38.3750000000;0.0617070000;0.0896000000;-0.9937130000;0.0273440000
1056;-1.4800000000;0.6600000000;-9.5900000000;1.7500000000;3.3750000000;3.1250000000;9.0000000000;-17.6875000000;38.8750000000;0.0612790000;0.0903320000;-0.9936520000;0.0261230000
1057;-1.3200000000;0.3900000000;-9.3300000000;1.0625000000;4.3125000000;-0.1875000000;8.5625000000;-16.8750000000;40.7500000000;0.0598750000;0.0903320000;-0.9937740000;0.0263670000
1058;-1.4100000000;0.5100000000;-9.1600000000;-2.0000000000;-0.1875000000;0.6875000000;8.5625000000;-16.8750000000;40.7500000000;0.0590820000;0.0903320000;-0.9938350000;0.0261230000
1059;-1.1900000000;0.5000000000;-9.8800000000;-1.5000000000;-1.3750000000;0.0000000000;7.5000000000;-17.2500000000;40.0000000000;0.0599980000;0.0899050000;-0.9937740000;0.0269170000
1060;-1.3700000000;0.3700000000;-9.7500000000;-6.1875000000;1.2500000000;0.3125000000;9.0000000000;-16.8750000000;38.8750000000;0.0593260000;0.0917970000;-0.9935910000;0.0283810000
1061;-1.4100000000;0.4300000000;-9.4100000000;-1.9375000000;0.3750000000;-0.0625000000;9.3750000000;-17.2500000000;38.3750000000;0.0590820000;0.0941160000;-0.9933470000;0.0296630000
1062;-1.1200000000;0.7700000000;-9.6400000000;0.1875000000;-2.3125000000;0.4375000000;8.2500000000;-17.6875000000;40.3750000000;0.0596920000;0.0942380000;-0.9933470000;0.0294800000
1063;-1.6800000000;0.5600000000;-9.3800000000;-4.9375000000;0.6875000000;1.0000000000;8.2500000000;-17.6875000000;40.3750000000;0.0595090000;0.0939330000;-0.9933470000;0.0306400000
1064;-1.1300000000;0.4900000000;-9.6900000000;0.0000000000;-3.5625000000;-2.1250000000;8.5625000000;-16.8750000000;38.0625000000;0.0599370000;0.0953370000;-0.9931030000;0.0322270000
1065;-1.3800000000;0.6500000000;-9.7600000000;-3.0625000000;1.0000000000;0.9375000000;8.5625000000;-17.6875000000;40.0000000000;0.0603640000;0.0955810000;-0.9930420000;0.0325930000
1066;-1.6400000000;0.3400000000;-9.2000000000;0.2500000000;-0.8125000000;-2.0000000000;8.5625000000;-17.2500000000;38.7500000000;0.0599370000;0.0962520000;-0.9929810000;0.0333250000
1067;-1.1900000000;0.6800000000;-9.7300000000;-0.8125000000;-4.0000000000;-2.3125000000;8.2500000000;-16.8750000000;39.1875000000;0.0614620000;0.0972290000;-0.9927980000;0.0330810000
1068;-1.5300000000;0.5800000000;-9.5800000000;1.2500000000;-1.6875000000;-0.1250000000;8.2500000000;-16.8750000000;39.1875000000;0.0621950000;0.0974730000;-0.9927370000;0.0333250000
1069;-1.3700000000;0.5400000000;-9.6800000000;-3.3125000000;-2.0000000000;-1.6250000000;9.0000000000;-17.2500000000;39.5625000000;0.0629880000;0.0987550000;-0.9925540000;0.0341190000
1070;-1.3500000000;0.8900000000;-9.6300000000;1.2500000000;-0.5000000000;-1.3750000000;8.2500000000;-17.2500000000;38.3750000000;0.0634770000;0.0992430000;-0.9924320000;0.0341800000
1071;-1.6200000000;0.5700000000;-9.3500000000;-3.5625000000;0.2500000000;0.1875000000;8.5625000000;-17.2500000000;39.1875000000;0.0634160000;0.0993650000;-0.9924320000;0.0350950000
1072;-1.3600000000;0.6800000000;-9.7700000000;1.0625000000;-2.8750000000;0.0000000000;8.2500000000;-17.2500000000;40.0625000000;0.0644530000;0.0993040000;-0.9923710000;0.0352170000
1073;-1.3300000000;0.7100000000;-9.6300000000;-0.8125000000;0.6875000000;0.4375000000;8.2500000000;-17.2500000000;40.0625000000;0.0645750000;0.0992430000;-0.9923710000;0.0352170000
1074;-1.6000000000;0.6700000000;-9.5300000000;0.3125000000;-1.3125000000;0.9375000000;9.3750000000;-17.2500000000;38.3750000000;0.0646970000;0.1004030000;-0.9921870000;0.0360110000
1075;-1.4000000000;0.4600000000;-9.6300000000;-2.2500000000;-2.1875000000;-0.1250000000;9.3750000000;-17.2500000000;40.0625000000;0.0651860000;0.1010130000;-0.9920650000;0.0363770000
1076;-1.4500000000;0.7900000000;-9.5900000000;-2.9375000000;0.1875000000;0.0000000000;9.0000000000;-18.0625000000;39.1875000000;0.0653690000;0.1013790000;-0.9920040000;0.0371700000
1077;-1.5400000000;0.4000000000;-9.5500000000;1.3125000000;-1.8750000000;-0.0625000000;8.2500000000;-18.0625000000;38.7500000000;0.0657350000;0.1010130000;-0.9920040000;0.0375370000
1078;-1.3900000000;0.6600000000;-9.5700000000;-5.2500000000;-0.6875000000;-0.3750000000;8.2500000000;-18.0625000000;38.7500000000;0.0661010000;0.1013790000;-0.9918820000;0.0384520000
1079;-1.4100000000;0.8100000000;-9.5600000000;0.3750000000;-0.6250000000;-0.3750000000;9.3750000000;-18.7500000000;38.3750000000;0.0664060000;0.1017460000;-0.9918210000;0.0392460000
1080;-1.7000000000;0.7100000000;-9.5900000000;-6.1250000000;-1.1875000000;0.0000000000;9.0000000000;-17.6875000000;39.1875000000;0.0664670000;0.1018680000;-0.9917600000;0.0404660000
1081;-1.4400000000;0.7000000000;-9.3400000000;-5.6875000000;-0.0625000000;-0.7500000000;9.3750000000;-18.0625000000;37.5625000000;0.0662230000;0.1030880000;-0.9915160000;0.0433960000
1082;-1.4000000000;0.8600000000;-9.6900000000;-2.0625000000;-3.1250000000;0.8125000000;9.3750000000;-18.3750000000;39.1875000000;0.0672000000;0.1030880000;-0.9914550000;0.0433960000
1083;-1.6800000000;0.6300000000;-9.4300000000;-3.0625000000;-0.8125000000;0.0625000000;9.3750000000;-18.3750000000;39.1875000000;0.0673220000;0.1032100000;-0.9913330000;0.0451660000
1084;-1.3700000000;0.7500000000;-9.8800000000;-2.3750000000;-1.3125000000;-1.3125000000;9.0000000000;-17.6875000000;38.7500000000;0.0680540000;0.1035160000;-0.9912110000;0.0461430000
1085;-1.7500000000;0.9500000000;-9.2600000000;-1.5625000000;0.1875000000;0.8125000000;9.7500000000;-18.7500000000;37.1875000000;0.0677490000;0.1045530000;-0.9910890000;0.0466310000
1086;-1.4600000000;0.7400000000;-9.7900000000;-2.2500000000;-2.8125000000;0.6250000000;8.5625000000;-18.3750000000;38.3750000000;0.0684810000;0.1041870000;-0.9910890000;0.0474240000
1087;-1.5000000000;1.0600000000;-9.6700000000;-2.0625000000;-0.1875000000;-0.2500000000;9.3750000000;-18.3750000000;38.3750000000;0.0685420000;0.1043700000;-0.9910280000;0.0480350000
1088;-1.6600000000;0.8900000000;-9.5100000000;-1.1875000000;1.0625000000;1.3125000000;9.3750000000;-18.3750000000;38.3750000000;0.0684200000;0.1041260000;-0.9909670000;0.0490720000
1089;-1.3300000000;0.7900000000;-9.6200000000;-1.7500000000;-1.7500000000;-1.3750000000;9.3750000000;-18.3750000000;39.1875000000;0.0688480000;0.1042480000;-0.9909060000;0.0494380000
1090;-1.7100000000;1.0100000000;-9.2100000000;-2.0000000000;-0.6250000000;1.6250000000;9.0000000000;-18.7500000000;38.3750000000;0.0686650000;0.1041870000;-0.9909060000;0.0502320000
1091;-1.4500000000;0.7700000000;-9.6900000000;-1.8125000000;-3.5625000000;-0.7500000000;9.0000000000;-18.3750000000;37.6875000000;0.0697020000;0.1041870000;-0.9907840000;0.0508420000
1092;-1.5800000000;0.9000000000;-9.5900000000;-2.9375000000;-0.8125000000;-0.3750000000;9.0000000000;-18.3750000000;37.6875000000;0.0700070000;0.1049800000;-0.9906620000;0.0518190000
1093;-1.5200000000;0.9300000000;-9.6900000000;-5.3750000000;-0.7500000000;-0.0625000000;9.7500000000;-18.7500000000;38.0625000000;0.0701900000;0.1051030000;-0.9905400000;0.0535280000
1094;-1.6700000000;0.9400000000;-9.6900000000;1.3750000000;-2.1250000000;0.6875000000;9.7500000000;-19.5625000000;38.8750000000;0.0709230000;0.1051640000;-0.9904790000;0.0537110000
1095;-1.4800000000;1.0000000000;-9.7200000000;-2.0000000000;0.8750000000;0.3750000000;10.0625000000;-18.7500000000;38.0625000000;0.0708010000;0.1060790000;-0.9903560000;0.0542600000
1096;-1.6400000000;0.8900000000;-9.6400000000;3.8125000000;-1.0000000000;1.9375000000;10.0625000000;-18.7500000000;37.6875000000;0.0709230000;0.1065060000;-0.9902950000;0.0538940000
1097;-1.6600000000;0.8800000000;-9.3500000000;-0.0625000000;2.0625000000;0.6250000000;10.0625000000;-18.7500000000;37.6875000000;0.0708620000;0.1061400000;-0.9904170000;0.0532230000
1098;-1.4700000000;0.9400000000;-9.4200000000;-3.0625000000;-0.5000000000;0.0000000000;9.3750000000;-19.1875000000;38.0625000000;0.0704960000;0.1062620000;-0.9903560000;0.0543210000
1099;-1.7000000000;0.7800000000;-9.6000000000;-1.3125000000;-0.3125000000;1.0000000000;8.5625000000;-19.1875000000;37.1875000000;0.0706790000;0.1055910000;-0.9903560000;0.0548100000
1100;-1.4200000000;1.0000000000;-9.4400000000;-4.6250000000;1.8750000000;-1.7500000000;9.0000000000;-19.8750000000;39.1875000000;0.0701290000;0.1057130000;-0.9903560000;0.0560300000
1101;-1.5400000000;1.0000000000;-9.5200000000;-4.1250000000;1.6250000000;-1.3125000000;9.3750000000;-19.5625000000;38.3750000000;0.0695800000;0.1060790000;-0.9902340000;0.0575560000
1102;-1.6300000000;1.1600000000;-9.4300000000;2.8125000000;-0.6250000000;0.3125000000;9.3750000000;-19.5625000000;38.3750000000;0.0698240000;0.1060790000;-0.9902950000;0.0567630000
1103;-1.4200000000;1.0700000000;-9.6400000000;-2.3125000000;-1.0000000000;-0.1250000000;9.3750000000;-19.5625000000;38.5000000000;0.0702510000;0.1060790000;-0.9901730000;0.0577390000
1104;-1.6700000000;1.1000000000;-9.5200000000;-0.0625000000;0.7500000000;1.5000000000;9.0000000000;-19.8750000000;37.5625000000;0.0701900000;0.1054690000;-0.9902340000;0.0578000000
1105;-1.5800000000;0.8700000000;-9.7700000000;-2.5000000000;-0.1250000000;0.6250000000;9.3750000000;-19.5625000000;37.6875000000;0.0701290000;0.1053470000;-0.9902340000;0.0586550000
1106;-1.5400000000;0.9900000000;-9.7100000000;2.5000000000;1.1875000000;0.3750000000;9.3750000000;-19.1875000000;37.6875000000;0.0700680000;0.1053470000;-0.9902340000;0.0581050000
1107;-1.5500000000;0.9300000000;-9.5200000000;1.2500000000;2.5625000000;-0.0625000000;9.3750000000;-19.1875000000;37.6875000000;0.0695190000;0.1052860000;-0.9903560000;0.0575560000
1108;-1.3700000000;1.2300000000;-9.2900000000;1.0000000000;1.1875000000;-0.3125000000;9.0000000000;-19.5625000000;36.8750000000;0.0687870000;0.1054080000;-0.9904170000;0.0570070000
1109;-1.5900000000;1.1600000000;-9.3000000000;-5.3125000000;1.6250000000;2.5625000000;9.3750000000;-19.1875000000;37.5625000000;0.0681150000;0.1049190000;-0.9904170000;0.0585940000
1110;-1.6000000000;0.8600000000;-9.4100000000;-4.3750000000;-0.0625000000;0.7500000000;9.0000000000;-19.5625000000;37.6875000000;0.0678100000;0.1046140000;-0.9903560000;0.0602420000
1111;-1.4800000000;1.0000000000;-9.7900000000;-1.8750000000;-2.6250000000;0.9375000000;9.7500000000;-19.5625000000;37.6875000000;0.0682980000;0.1049190000;-0.9902950000;0.0606690000
1112;-1.7300000000;0.7300000000;-9.7000000000;-2.1250000000;0.0625000000;-0.9375000000;9.7500000000;-19.5625000000;37.6875000000;0.0683590000;0.1049190000;-0.9901730000;0.0619510000
1113;-1.4500000000;1.2900000000;-9.4600000000;2.5625000000;0.4375000000;-2.9375000000;8.5625000000;-20.2500000000;38.0625000000;0.0687260000;0.1056520000;-0.9901730000;0.0609130000
1114;-1.6700000000;1.1100000000;-9.4200000000;-3.6250000000;0.4375000000;-0.4375000000;9.0000000000;-19.5625000000;38.0625000000;0.0684200000;0.1061400000;-0.9901120000;0.0614620000
1115;-1.4400000000;1.2600000000;-9.6200000000;1.0000000000;-1.2500000000;-0.5625000000;9.0000000000;-20.5625000000;36.8750000000;0.0686650000;0.1061400000;-0.9900510000;0.0620730000
1116;-1.5200000000;1.0000000000;-9.4900000000;-2.3750000000;-1.2500000000;-0.5000000000;9.0000000000;-19.5625000000;38.5000000000;0.0688480000;0.1062010000;-0.9899900000;0.0626220000
1117;-1.5500000000;1.1200000000;-9.7700000000;0.8125000000;-1.3750000000;-1.0000000000;9.0000000000;-19.5625000000;38.5000000000;0.0695190000;0.1065060000;-0.9899290000;0.0626220000
1118;-1.3900000000;1.2200000000;-9.2900000000;-1.6250000000;1.3125000000;-0.5625000000;9.0000000000;-19.5625000000;37.1875000000;0.0692140000;0.1066890000;-0.9898680000;0.0628660000
1119;-1.7700000000;0.9900000000;-9.4000000000;-1.1875000000;-2.4375000000;0.3125000000;8.5625000000;-19.5625000000;36.8750000000;0.0694580000;0.1066890000;-0.9898680000;0.0632930000
1120;-1.3600000000;1.3200000000;-10.0300000000;-1.2500000000;-1.1250000000;-0.7500000000;9.0000000000;-20.5625000000;37.5625000000;0.0703120000;0.1069340000;-0.9897460000;0.0637820000
1121;-1.6500000000;0.9700000000;-9.6100000000;-0.7500000000;0.5000000000;-1.0000000000;9.3750000000;-19.8750000000;37.6875000000;0.0698240000;0.1071170000;-0.9896850000;0.0642700000
1122;-1.4700000000;1.3400000000;-9.3300000000;0.6250000000;2.4375000000;-2.9375000000;9.3750000000;-19.8750000000;37.6875000000;0.0696410000;0.1077270000;-0.9896850000;0.0636600000
1123;-1.5000000000;1.2000000000;-9.4400000000;-0.0625000000;0.5625000000;-0.4375000000;9.3750000000;-19.5625000000;38.0625000000;0.0690310000;0.1080930000;-0.9896850000;0.0637210000
1124;-1.6300000000;1.0500000000;-9.4200000000;2.0000000000;-0.7500000000;0.0000000000;9.0000000000;-19.5625000000;38.0625000000;0.0692750000;0.1080320000;-0.9896850000;0.0632930000
1125;-1.4100000000;1.2900000000;-9.3100000000;-3.5625000000;0.3125000000;-0.3125000000;9.0000000000;-19.5625000000;38.0625000000;0.0695800000;0.1081540000;-0.9896240000;0.0637820000
1126;-1.7400000000;0.9400000000;-9.6200000000;-0.8125000000;-2.6250000000;0.8125000000;9.7500000000;-20.2500000000;37.2500000000;0.0697630000;0.1080930000;-0.9895630000;0.0649410000
1127;-1.2800000000;1.3600000000;-9.6700000000;-0.4375000000;-1.5000000000;-1.0000000000;9.7500000000;-20.2500000000;37.2500000000;0.0706790000;0.1082150000;-0.9895020000;0.0650020000
1128;-1.7100000000;1.0600000000;-9.6900000000;-0.5000000000;0.5000000000;1.3125000000;10.0625000000;-19.8750000000;39.1875000000;0.0706180000;0.1080320000;-0.9895020000;0.0654300000
1129;-1.6800000000;1.0900000000;-9.7900000000;2.0625000000;0.6250000000;-0.3125000000;9.7500000000;-20.5625000000;38.0625000000;0.0703740000;0.1079100000;-0.9895020000;0.0651860000
1130;-1.4000000000;1.2100000000;-9.3000000000;0.5625000000;3.0000000000;0.3125000000;9.3750000000;-20.5625000000;36.8750000000;0.0699460000;0.1079100000;-0.9896240000;0.0645140000
1131;-1.6400000000;1.0800000000;-9.4700000000;2.3750000000;-0.8750000000;1.2500000000;9.0000000000;-19.5625000000;38.0625000000;0.0696410000;0.1074830000;-0.9896850000;0.0640260000
1132;-1.5100000000;1.0400000000;-9.2900000000;-1.6250000000;1.3750000000;-0.5625000000;9.0000000000;-19.5625000000;38.0625000000;0.0696410000;0.1074220000;-0.9897460000;0.0638430000
1133;-1.5700000000;1.1000000000;-9.5600000000;-1.3125000000;-0.3125000000;0.2500000000;9.7500000000;-20.2500000000;37.6875000000;0.0694580000;0.1076050000;-0.9896850000;0.0643920000
1134;-1.6700000000;0.9500000000;-9.4800000000;-0.4375000000;0.2500000000;0.2500000000;9.0000000000;-19.8750000000;38.5000000000;0.0695800000;0.1075440000;-0.9896850000;0.0644530000
1135;-1.3100000000;1.4200000000;-9.6100000000;0.3125000000;-0.8750000000;-1.8125000000;9.7500000000;-19.8750000000;37.1875000000;0.0698240000;0.1080930000;-0.9895630000;0.0648190000
1136;-1.7600000000;1.0800000000;-9.4000000000;-1.8750000000;0.0625000000;1.7500000000;9.7500000000;-19.8750000000;37.1875000000;0.0697630000;0.1079100000;-0.9895630000;0.0650020000
1137;-1.3400000000;1.3000000000;-9.5900000000;2.3750000000;-0.2500000000;-0.1250000000;9.7500000000;-19.8750000000;37.1875000000;0.0700680000;0.1077880000;-0.9896240000;0.0643920000
1138;-1.7000000000;0.9800000000;-9.4200000000;-1.3125000000;0.2500000000;1.4375000000;9.7500000000;-19.8750000000;36.8750000000;0.0699460000;0.1076050000;-0.9896240000;0.0648190000
1139;-1.4100000000;1.1300000000;-9.4800000000;2.0625000000;-1.2500000000;0.1250000000;9.3750000000;-19.8750000000;38.0625000000;0.0703120000;0.1074830000;-0.9896240000;0.0643920000
1140;-1.6200000000;1.2400000000;-9.2400000000;-2.7500000000;0.7500000000;0.5000000000;9.3750000000;-19.8750000000;36.8750000000;0.0702510000;0.1074830000;-0.9896240000;0.0647580000
1141;-1.6600000000;1.0400000000;-8.9300000000;-2.0000000000;-3.6250000000;0.1250000000;9.3750000000;-20.2500000000;36.5000000000;0.0711060000;0.1074830000;-0.9895020000;0.0656740000
1142;-1.5700000000;1.0300000000;-9.4000000000;-6.4375000000;-4.5000000000;-1.2500000000;9.3750000000;-20.2500000000;36.5000000000;0.0731810000;0.1076050000;-0.9892580000;0.0668950000
1143;-1.8000000000;0.9900000000;-8.8000000000;-7.7500000000;-8.4375000000;-3.3750000000;9.7500000000;-19.8750000000;39.1875000000;0.0748900000;0.1085820000;-0.9888310000;0.0695800000
1144;-1.9600000000;0.9600000000;-8.5400000000;-10.7500000000;-14.0625000000;-6.3750000000;9.7500000000;-21.0000000000;38.0625000000;0.0791020000;0.1102910000;-0.9880370000;0.0728150000
1145;-2.3400000000;0.9900000000;-6.8500000000;-12.0625000000;-20.7500000000;-8.8750000000;10.5000000000;-20.2500000000;37.6875000000;0.0853880000;0.1129760000;-0.9868770000;0.0776980000
1146;-2.8000000000;0.2100000000;-5.5100000000;-25.3750000000;-41.2500000000;-14.3125000000;11.1875000000;-21.0000000000;36.0625000000;0.0975950000;0.1176150000;-0.9844970000;0.0863650000
1147;-4.0400000000;0.8900000000;-5.3300000000;-42.6875000000;-94.4375000000;-29.8750000000;11.1875000000;-21.0000000000;36.0625000000;0.1222530000;0.1253050000;-0.9794310000;0.1000980000
1148;-4.6600000000;0.8000000000;-5.3300000000;-46.3125000000;-115.2500000000;-29.3750000000;13.0625000000;-22.0625000000;34.8750000000;0.1583860000;0.1341550000;-0.9709470000;0.1191410000
1149;-6.2200000000;1.4700000000;-3.4400000000;-27.7500000000;-142.5000000000;-40.8750000000;16.7500000000;-24.3750000000;32.5625000000;0.2039180000;0.1439210000;-0.9590450000;0.1338500000
1150;-8.2400000000;2.6500000000;-6.5400000000;-43.1250000000;-201.1250000000;-43.2500000000;21.1875000000;-24.6875000000;29.7500000000;0.2656250000;0.1515500000;-0.9398190000;0.1522830000
1151;-8.2900000000;2.5300000000;-6.3900000000;-44.8125000000;-204.0625000000;-37.8125000000;21.1875000000;-24.6875000000;29.7500000000;0.3143310000;0.1559450000;-0.9208980000;0.1698000000
1152;-10.2700000000;1.8600000000;-5.0400000000;-19.3750000000;-180.0000000000;-34.5625000000;27.0625000000;-25.0625000000;25.1875000000;0.3858640000;0.1588750000;-0.8897090000;0.1851810000
1153;-11.1400000000;2.8700000000;-6.4000000000;-22.0625000000;-208.3750000000;-51.6250000000;31.8750000000;-25.1875000000;20.0000000000;0.4478150000;0.1632690000;-0.8568730000;0.1964720000
1154;-13.0700000000;0.9000000000;-7.1500000000;-15.0625000000;-188.5625000000;-21.3750000000;35.5625000000;-24.3750000000;13.0000000000;0.5041500000;0.1596070000;-0.8236080000;0.2050780000
1155;-11.4400000000;0.9300000000;-5.3800000000;25.6875000000;-205.4375000000;-73.5000000000;37.5000000000;-24.7500000000;7.0625000000;0.5478520000;0.1603390000;-0.7951050000;0.2047730000
1156;-11.1800000000;4.4100000000;-4.4700000000;73.8125000000;-169.6875000000;-43.3125000000;37.5000000000;-24.7500000000;7.0625000000;0.6048580000;0.1514280000;-0.7597050000;0.1843870000
1157;-11.8000000000;0.1600000000;-3.3200000000;11.2500000000;-135.7500000000;-3.7500000000;40.0625000000;-22.0000000000;0.8750000000;0.6517940000;0.1361690000;-0.7236330000;0.1813960000
1158;-10.5400000000;1.9900000000;-3.4400000000;28.9375000000;-128.6250000000;-25.0000000000;40.0625000000;-20.7500000000;-1.0625000000;0.6850590000;0.1277470000;-0.6952510000;0.1762700000
1159;-10.7500000000;0.9500000000;-2.9600000000;30.5625000000;-97.3125000000;-2.8750000000;40.0000000000;-21.1875000000;-5.7500000000;0.7105100000;0.1162110000;-0.6726070000;0.1712650000
1160;-10.1000000000;-0.0500000000;-2.4300000000;-8.2500000000;-63.1250000000;-7.3750000000;38.5000000000;-21.6875000000;-7.5625000000;0.7225340000;0.1140750000;-0.6596070000;0.1727290000
1161;-10.7400000000;0.3600000000;-2.4000000000;-11.6250000000;-44.2500000000;-9.1875000000;38.5000000000;-21.6875000000;-7.5625000000;0.7335820000;0.1160280000;-0.6467290000;0.1735840000
1162;-10.0500000000;-0.4900000000;-1.4600000000;-23.8125000000;-7.3750000000;-14.1875000000;37.1875000000;-21.2500000000;-10.0000000000;0.7382200000;0.1246950000;-0.6387940000;0.1773070000
1163;-9.3000000000;1.2500000000;-0.5300000000;22.0625000000;2.1250000000;-24.7500000000;36.8750000000;-21.3750000000;-11.6875000000;0.7396850000;0.1262210000;-0.6392820000;0.1681520000
1164;-9.8900000000;0.4800000000;0.7500000000;1.5625000000;17.2500000000;-4.8750000000;37.5000000000;-21.0000000000;-11.6875000000;0.7371830000;0.1274410000;-0.6430050000;0.1640010000
1165;-10.5100000000;-0.4800000000;1.3900000000;2.8125000000;13.2500000000;-5.2500000000;37.5000000000;-19.1875000000;-10.5000000000;0.7348630000;0.1293330000;-0.6453860000;0.1634520000
1166;-9.8200000000;0.3200000000;0.3100000000;20.5000000000;6.0625000000;-2.8125000000;37.5000000000;-19.1875000000;-10.5000000000;0.7343140000;0.1260380000;-0.6481930000;0.1572880000
1167;-8.8000000000;0.1900000000;0.2700000000;-24.0625000000;22.4375000000;-7.0625000000;38.5625000000;-18.0625000000;-11.7500000000;0.7292480000;0.1317140000;-0.6525270000;0.1583250000
1168;-9.1200000000;0.5000000000;0.8900000000;-1.6875000000;24.8125000000;-6.2500000000;39.0000000000;-20.2500000000;-10.1875000000;0.7233890000;0.1367800000;-0.6582030000;0.1572880000
1169;-9.5400000000;0.0500000000;0.6100000000;-0.0625000000;12.3750000000;1.7500000000;38.8750000000;-19.2500000000;-10.1875000000;0.7211300000;0.1359860000;-0.6611940000;0.1557620000
1170;-9.5100000000;-0.1000000000;0.7200000000;-15.9375000000;18.0000000000;-5.4375000000;38.8750000000;-18.5625000000;-9.0000000000;0.7179570000;0.1383670000;-0.6642460000;0.1554570000
1171;-9.9100000000;0.2900000000;0.9700000000;-6.7500000000;10.3125000000;-2.9375000000;38.8750000000;-18.5625000000;-9.0000000000;0.7142940000;0.1425170000;-0.6672360000;0.1558840000
1172;-9.7100000000;0.2700000000;0.0200000000;-8.6250000000;1.8750000000;2.0625000000;39.5625000000;-17.7500000000;-9.3750000000;0.7135010000;0.1439820000;-0.6675420000;0.1567380000
1173;-9.7600000000;-0.2800000000;0.0000000000;-12.9375000000;11.8125000000;5.6250000000;39.5625000000;-19.2500000000;-8.1875000000;0.7114260000;0.1428830000;-0.6699220000;0.1571040000
1174;-9.9600000000;-0.5100000000;0.4900000000;-5.1250000000;8.3125000000;-1.9375000000;40.0000000000;-19.6875000000;-8.1875000000;0.7085570000;0.1437990000;-0.6728520000;0.1566770000
1175;-10.0000000000;0.4100000000;0.7500000000;6.1875000000;4.6250000000;-0.3750000000;40.0000000000;-18.8750000000;-7.8750000000;0.7082520000;0.1406250000;-0.6749270000;0.1518550000
1176;-9.6700000000;-0.0800000000;-0.0700000000;-19.3125000000;3.4375000000;0.4375000000;40.0000000000;-18.8750000000;-7.8750000000;0.7070310000;0.1434330000;-0.6748660000;0.1550290000
1177;-9.4900000000;0.2200000000;0.2400000000;7.4375000000;3.3750000000;-4.7500000000;39.5625000000;-18.5625000000;-8.1875000000;0.7062990000;0.1439820000;-0.6759030000;0.1533200000
1178;-9.6200000000;0.6800000000;0.2400000000;-1.1875000000;2.1875000000;2.5625000000;40.3750000000;-18.8750000000;-8.1875000000;0.7065430000;0.1409300000;-0.6771240000;0.1496580000
1179;-9.7900000000;0.0300000000;0.4400000000;-17.1250000000;3.9375000000;3.5625000000;40.0000000000;-18.5625000000;-8.5625000000;0.7050170000;0.1425170000;-0.6777950000;0.1525270000
1180;-9.9100000000;0.0700000000;0.3500000000;-0.3125000000;-5.0000000000;4.8750000000;38.8750000000;-18.8750000000;-8.1875000000;0.7051390000;0.1414180000;-0.6776730000;0.1533810000
1181;-9.7600000000;-0.2400000000;-0.5600000000;-14.0625000000;-0.6875000000;4.1875000000;38.8750000000;-18.8750000000;-8.1875000000;0.7053830000;0.1419070000;-0.6765750000;0.1564940000
1182;-9.9300000000;-0.1700000000;0.1400000000;0.8125000000;-1.0625000000;-2.1250000000;39.1875000000;-17.7500000000;-9.0000000000;0.7047120000;0.1440430000;-0.6763920000;0.1583250000
1183;-9.6700000000;0.4900000000;-0.1400000000;-1.8125000000;-3.6250000000;3.3125000000;39.1875000000;-18.8750000000;-8.1875000000;0.7062380000;0.1408690000;-0.6760860000;0.1558840000
1184;-9.5600000000;-0.3600000000;-0.5000000000;-18.1250000000;4.7500000000;3.3750000000;39.1875000000;-18.5625000000;-9.0000000000;0.7053220000;0.1425170000;-0.6758420000;0.1595460000
1185;-10.0000000000;-0.0100000000;0.2900000000;12.8750000000;1.8125000000;-4.3125000000;38.8750000000;-19.6875000000;-8.1875000000;0.7047120000;0.1419070000;-0.6772460000;0.1569820000
1186;-9.9400000000;0.2700000000;-0.1600000000;2.8125000000;-0.3750000000;-0.3125000000;38.8750000000;-19.6875000000;-8.1875000000;0.7055660000;0.1399540000;-0.6773070000;0.1544190000
1187;-9.8600000000;-0.0500000000;0.1500000000;0.6250000000;4.7500000000;-3.0000000000;40.0000000000;-18.8750000000;-7.8750000000;0.7052000000;0.1392820000;-0.6782840000;0.1525270000
1188;-9.6300000000;0.4300000000;0.1000000000;4.7500000000;0.5625000000;-3.0000000000;39.5625000000;-19.6875000000;-9.0000000000;0.7053220000;0.1378170000;-0.6791380000;0.1494750000
1189;-9.6000000000;-0.0300000000;-0.3600000000;-4.0625000000;1.6875000000;-3.0625000000;38.8750000000;-18.5625000000;-8.5625000000;0.7052610000;0.1383060000;-0.6791380000;0.1491090000
1190;-9.8000000000;0.3000000000;0.2700000000;0.1875000000;3.3125000000;-1.2500000000;39.5625000000;-17.3750000000;-8.1875000000;0.7045290000;0.1386110000;-0.6800540000;0.1480100000
1191;-9.5900000000;0.2100000000;0.2300000000;-7.0625000000;2.1875000000;2.0625000000;39.5625000000;-17.3750000000;-8.1875000000;0.7038570000;0.1395870000;-0.6803590000;0.1492920000
1192;-9.6500000000;0.2000000000;0.3100000000;1.1250000000;-3.4375000000;7.1250000000;39.5625000000;-17.3750000000;-9.3750000000;0.7035520000;0.1389770000;-0.6803590000;0.1511840000
1193;-9.6600000000;0.0900000000;0.1700000000;-5.6875000000;-2.1875000000;7.4375000000;39.1875000000;-18.8750000000;-7.0000000000;0.7041630000;0.1354370000;-0.6803590000;0.1513670000
1194;-10.1000000000;-0.2900000000;0.4700000000;-4.8750000000;-5.4375000000;5.0000000000;39.5625000000;-17.0625000000;-7.8750000000;0.7042850000;0.1351320000;-0.6796870000;0.1541140000
1195;-9.8700000000;-0.2000000000;0.1200000000;2.5000000000;-7.9375000000;-0.3750000000;39.1875000000;-19.6875000000;-8.5625000000;0.7062380000;0.1334840000;-0.6781010000;0.1535640000
1196;-9.7900000000;0.3900000000;0.0000000000;-4.6875000000;-5.2500000000;-0.5000000000;39.1875000000;-19.6875000000;-8.5625000000;0.7077030000;0.1336670000;-0.6765750000;0.1535640000
1197;-9.7000000000;0.0900000000;-0.1200000000;5.1875000000;-6.9375000000;-1.2500000000;38.8750000000;-19.2500000000;-9.0000000000;0.7084350000;0.1334840000;-0.6759640000;0.1530760000
1198;-9.5800000000;0.6200000000;-0.2600000000;-1.4375000000;0.2500000000;2.6250000000;38.8750000000;-18.1875000000;-9.3750000000;0.7086180000;0.1323240000;-0.6760250000;0.1527100000
1199;-9.8300000000;0.0700000000;0.1300000000;-4.7500000000;0.4375000000;3.4375000000;38.5000000000;-17.3750000000;-9.3750000000;0.7081300000;0.1325680000;-0.6760860000;0.1546020000
1200;-9.8900000000;0.3500000000;0.2100000000;9.5625000000;-1.3750000000;1.1875000000;38.8750000000;-17.7500000000;-8.5625000000;0.7084960000;0.1301270000;-0.6765140000;0.1530150000
1201;-9.8400000000;0.2100000000;-0.1100000000;-1.6250000000;1.7500000000;3.4375000000;38.8750000000;-17.7500000000;-8.5625000000;0.7072750000;0.1291500000;-0.6779170000;0.1531980000
1202;-9.9500000000;-0.0600000000;-0.5200000000;5.6875000000;4.8750000000;0.3125000000;38.1875000000;-18.5625000000;-9.3750000000;0.7062380000;0.1286620000;-0.6790160000;0.1535640000
1203;-9.8000000000;1.1400000000;-1.7100000000;6.5625000000;13.3750000000;3.5625000000;38.5000000000;-20.7500000000;-10.1875000000;0.7045290000;0.1265870000;-0.6817630000;0.1509400000
1204;-9.8800000000;0.4700000000;-4.0600000000;-4.0000000000;33.8125000000;9.6250000000;38.1875000000;-20.0625000000;-8.1875000000;0.6973270000;0.1253660000;-0.6893920000;0.1508180000
1205;-10.7000000000;0.9200000000;-5.3000000000;2.0000000000;76.0625000000;10.5625000000;38.1875000000;-20.0625000000;-8.1875000000;0.6803590000;0.1259770000;-0.7062380000;0.1497800000
1206;-11.7700000000;0.0800000000;-6.6500000000;-29.8125000000;111.1250000000;45.1250000000;38.5000000000;-20.3750000000;-8.1875000000;0.6513670000;0.1276250000;-0.7307130000;0.1596070000
1207;-11.7400000000;0.0800000000;-8.0700000000;-8.8750000000;143.1250000000;15.5000000000;39.1875000000;-20.3750000000;-5.5000000000;0.6148070000;0.1334840000;-0.7603150000;0.1615600000
1208;-12.7600000000;2.8300000000;-10.4100000000;14.1250000000;188.2500000000;36.3125000000;39.5625000000;-21.5000000000;-3.5000000000;0.5656740000;0.1322020000;-0.7989500000;0.1557010000
1209;-14.1200000000;-0.4600000000;-9.3900000000;-9.6250000000;240.8750000000;22.8125000000;40.0000000000;-19.2500000000;4.3750000000;0.5156250000;0.1376950000;-0.8309940000;0.1567990000
1210;-13.7300000000;2.8100000000;-7.8300000000;118.5000000000;256.1875000000;26.5000000000;40.0000000000;-19.2500000000;4.3750000000;0.4462280000;0.1317140000;-0.8762210000;0.1256710000
1211;-13.0400000000;1.5000000000;-7.8700000000;24.8750000000;284.5625000000;26.9375000000;38.8750000000;-21.0625000000;11.5000000000;0.3424680000;0.1231080000;-0.9266360000;0.0941770000
1212;-11.5400000000;1.9200000000;-5.8300000000;3.2500000000;284.3750000000;17.6875000000;35.1875000000;-20.0000000000;20.8750000000;0.2504880000;0.1278690000;-0.9557500000;0.0859990000
1213;-8.7900000000;2.6700000000;-5.5900000000;0.4375000000;266.8750000000;26.3750000000;28.5000000000;-20.0000000000;28.2500000000;0.1622310000;0.1256710000;-0.9759520000;0.0737920000
1214;-5.0400000000;1.5500000000;-1.0700000000;20.6250000000;204.6875000000;17.3750000000;20.7500000000;-19.6875000000;34.2500000000;0.1041870000;0.1260380000;-0.9840090000;0.0709840000
1215;-2.0000000000;1.6300000000;-0.7400000000;161.6250000000;123.4375000000;56.1875000000;20.7500000000;-19.6875000000;34.2500000000;0.0588990000;0.1110840000;-0.9918210000;0.0220950000
1216;-2.3400000000;0.4800000000;0.0800000000;86.0000000000;82.1875000000;57.8750000000;12.6875000000;-18.8750000000;37.6875000000;0.0250850000;0.0839840000;-0.9957890000;-0.0262450000
1217;-1.9000000000;-1.2200000000;-4.4100000000;4.6875000000;19.0000000000;56.6250000000;7.5000000000;-13.7500000000;40.5000000000;0.0167850000;0.0645750000;-0.9972530000;-0.0321040000
1218;-2.9300000000;-2.0600000000;-5.1100000000;52.0000000000;17.1250000000;44.8125000000;3.7500000000;-12.2500000000;42.5000000000;0.0134280000;0.0485840000;-0.9976810000;-0.0460820000
1219;-1.1400000000;-2.1100000000;-7.5900000000;-8.8750000000;-23.2500000000;9.7500000000;3.0625000000;-11.1875000000;42.5000000000;0.0178220000;0.0440670000;-0.9977420000;-0.0469970000
1220;-0.4400000000;-0.2200000000;-10.5100000000;-37.6875000000;-25.2500000000;1.3750000000;3.0625000000;-11.1875000000;42.5000000000;0.0259400000;0.0440060000;-0.9979860000;-0.0383910000
1221;-0.1100000000;-0.9500000000;-13.0900000000;-53.9375000000;-22.8750000000;-8.8750000000;3.5000000000;-11.1875000000;42.0625000000;0.0344240000;0.0466920000;-0.9981690000;-0.0158080000
1222;-0.8500000000;-0.2500000000;-9.8400000000;-2.1875000000;-3.8750000000;-3.6250000000;4.2500000000;-13.3750000000;41.3750000000;0.0368650000;0.0490720000;-0.9980470000;-0.0139160000
1223;-0.5300000000;-0.2800000000;-10.4900000000;-37.1250000000;-10.5000000000;-8.6875000000;5.0000000000;-14.0625000000;41.3750000000;0.0396120000;0.0529790000;-0.9978030000;-0.0023800000
1224;-1.2100000000;0.4100000000;-8.6000000000;0.5625000000;-0.8750000000;-2.5000000000;5.3750000000;-14.8750000000;41.3750000000;0.0398560000;0.0541380000;-0.9977420000;-0.0013430000
1225;-0.5600000000;0.3200000000;-8.9500000000;-23.1250000000;-11.5625000000;-0.5625000000;5.3750000000;-14.8750000000;41.3750000000;0.0422970000;0.0549930000;-0.9975590000;0.0039670000
1226;-1.1100000000;-0.2800000000;-9.3100000000;-5.3125000000;-17.1875000000;4.7500000000;5.7500000000;-16.0000000000;41.0000000000;0.0468750000;0.0551150000;-0.9973140000;0.0084840000
1227;-0.8900000000;-0.0700000000;-10.0700000000;-13.8750000000;-16.7500000000;-0.1875000000;6.0625000000;-15.5625000000;40.5625000000;0.0530400000;0.0554810000;-0.9970090000;0.0114750000
1228;-1.6400000000;-0.1900000000;-9.8100000000;-12.5000000000;-12.1250000000;-8.0000000000;7.5625000000;-15.2500000000;39.8750000000;0.0572510000;0.0598750000;-0.9963990000;0.0173950000
1229;-0.9300000000;0.2200000000;-10.2500000000;-9.5625000000;-16.2500000000;-9.0625000000;7.5625000000;-16.0000000000;38.6875000000;0.0620120000;0.0645750000;-0.9957890000;0.0207520000
1230;-1.6400000000;0.6800000000;-10.1800000000;-8.8750000000;-5.1875000000;-8.6250000000;7.5625000000;-16.0000000000;38.6875000000;0.0651860000;0.0679320000;-0.9952390000;0.0239870000
1231;-1.1100000000;0.9400000000;-10.1400000000;-7.9375000000;-3.6875000000;-6.8125000000;8.6875000000;-16.5000000000;40.1875000000;0.0661620000;0.0728760000;-0.9947510000;0.0275270000
1232;-1.2900000000;1.1000000000;-9.4500000000;-4.9375000000;0.4375000000;-0.3750000000;8.6875000000;-17.1875000000;38.5625000000;0.0662840000;0.0755620000;-0.9945070000;0.0284420000
1233;-1.7000000000;0.7100000000;-9.6100000000;-2.8750000000;-1.4375000000;4.3750000000;8.2500000000;-17.5000000000;39.5000000000;0.0664060000;0.0750730000;-0.9945070000;0.0303340000
1234;-1.2200000000;0.5100000000;-9.7400000000;-7.9375000000;-4.0000000000;1.5000000000;8.6875000000;-17.5000000000;39.0000000000;0.0666500000;0.0748290000;-0.9944460000;0.0328370000
1235;-1.4300000000;0.6200000000;-9.3500000000;-4.9375000000;-1.4375000000;3.4375000000;8.6875000000;-17.5000000000;39.0000000000;0.0677490000;0.0742190000;-0.9943850000;0.0341190000
1236;-1.4700000000;-0.0600000000;-9.6800000000;-12.0625000000;-5.1875000000;2.0625000000;8.6875000000;-17.8750000000;38.5625000000;0.0681760000;0.0742190000;-0.9942020000;0.0380860000
1237;-1.6700000000;0.2500000000;-9.5000000000;-0.8125000000;-3.1875000000;-0.0625000000;8.2500000000;-18.2500000000;39.3750000000;0.0698240000;0.0739140000;-0.9940190000;0.0391240000
1238;-1.6300000000;0.4700000000;-9.3200000000;-14.5000000000;-4.4375000000;-5.5000000000;8.6875000000;-17.8750000000;38.6875000000;0.0704960000;0.0758670000;-0.9937130000;0.0427250000
1239;-2.0400000000;0.3700000000;-9.7700000000;-9.6250000000;-6.5625000000;-7.3750000000;10.0625000000;-18.6875000000;39.0000000000;0.0723270000;0.0803830000;-0.9930420000;0.0465090000
1240;-1.8200000000;1.2800000000;-10.8300000000;-11.5625000000;-5.5625000000;-13.1250000000;10.0625000000;-18.6875000000;39.0000000000;0.0745240000;0.0844120000;-0.9923710000;0.0504760000
1241;-1.0300000000;1.0700000000;-11.2800000000;-3.1250000000;-2.6875000000;-9.3750000000;9.5000000000;-18.6875000000;37.0000000000;0.0758670000;0.0896610000;-0.9916380000;0.0533450000
1242;-2.6900000000;1.1400000000;-8.1800000000;13.6250000000;13.8125000000;-4.9375000000;10.0625000000;-19.7500000000;37.7500000000;0.0729370000;0.0929570000;-0.9918210000;0.0488890000
1243;-1.3600000000;2.3300000000;-7.6600000000;2.1250000000;-5.4375000000;-12.0000000000;10.0625000000;-19.7500000000;38.1875000000;0.0725710000;0.0972290000;-0.9914550000;0.0478520000
1244;-1.8100000000;1.5200000000;-9.5600000000;-17.6250000000;-13.6875000000;6.4375000000;10.0625000000;-18.6875000000;38.5625000000;0.0756840000;0.0986940000;-0.9910280000;0.0486450000
1245;-1.1300000000;0.8200000000;-9.7900000000;9.3125000000;-10.6250000000;3.1250000000;10.0625000000;-18.6875000000;38.5625000000;0.0808110000;0.0968020000;-0.9905400000;0.0537720000
1246;-2.1000000000;0.7300000000;-9.5800000000;-17.1250000000;-6.8125000000;7.4375000000;10.0625000000;-19.0000000000;37.3750000000;0.0827030000;0.0949100000;-0.9906620000;0.0527950000
1247;-1.5300000000;-0.0800000000;-10.7000000000;-8.8125000000;-6.1250000000;0.0625000000;10.8750000000;-19.0000000000;37.3750000000;0.0844120000;0.0960690000;-0.9898680000;0.0615840000
1248;-2.1200000000;0.6000000000;-8.3800000000;-0.1250000000;-2.6250000000;4.1250000000;10.5000000000;-20.5000000000;37.0000000000;0.0847780000;0.0950930000;-0.9901120000;0.0591430000
1249;-0.9900000000;0.7400000000;-9.9800000000;-10.1875000000;-3.2500000000;-2.3750000000;10.5000000000;-20.1875000000;37.0000000000;0.0864870000;0.0961910000;-0.9894410000;0.0648800000
1250;-1.7000000000;0.8900000000;-8.4400000000;-17.9375000000;1.4375000000;1.5625000000;10.5000000000;-20.1875000000;37.0000000000;0.0850220000;0.0961300000;-0.9894410000;0.0671390000
1251;-1.9500000000;0.0600000000;-9.8200000000;-6.7500000000;-8.4375000000;-1.0000000000;10.8750000000;-20.1875000000;35.8750000000;0.0863040000;0.0969240000;-0.9888920000;0.0727540000
1252;-2.6500000000;1.2100000000;-9.5500000000;-3.5625000000;-1.3125000000;-8.9375000000;10.5000000000;-21.1875000000;37.0000000000;0.0874630000;0.0995480000;-0.9884030000;0.0737920000
1253;-1.7000000000;2.0500000000;-10.3800000000;-7.2500000000;-3.1875000000;-12.0625000000;10.8750000000;-21.1875000000;37.3750000000;0.0885620000;0.1033940000;-0.9877930000;0.0756230000
1254;-2.2000000000;2.4000000000;-9.1800000000;9.8750000000;6.6250000000;3.0625000000;11.2500000000;-21.1875000000;37.0000000000;0.0876460000;0.1043090000;-0.9879760000;0.0729980000
1255;-1.7500000000;1.0700000000;-10.1400000000;0.8750000000;-5.8750000000;3.1875000000;11.2500000000;-21.1875000000;37.0000000000;0.0883790000;0.1028440000;-0.9879760000;0.0740970000
1256;-2.0800000000;0.8000000000;-8.2200000000;-0.4375000000;2.0000000000;2.8125000000;10.5000000000;-20.5000000000;37.3750000000;0.0876460000;0.1010740000;-0.9884030000;0.0714110000
1257;-1.6800000000;1.2400000000;-9.0300000000;-8.5625000000;-5.3125000000;-2.8125000000;10.5000000000;-21.5625000000;37.0000000000;0.0889890000;0.1014400000;-0.9880370000;0.0747070000
1258;-1.5900000000;1.1000000000;-8.2500000000;-3.1250000000;-3.3125000000;0.6875000000;10.8750000000;-21.1875000000;37.0000000000;0.0900270000;0.1015630000;-0.9878540000;0.0758670000
1259;-1.7600000000;1.7800000000;-8.3600000000;14.7500000000;-7.7500000000;0.8750000000;10.8750000000;-21.1875000000;37.0000000000;0.0930180000;0.1008910000;-0.9878540000;0.0731200000
1260;-1.9700000000;1.0800000000;-10.6300000000;-30.5000000000;-17.8125000000;-2.9375000000;11.2500000000;-21.5625000000;37.0000000000;0.0971680000;0.1015630000;-0.9867550000;0.0805660000
1261;-2.0500000000;1.1800000000;-10.4600000000;5.9375000000;-10.0000000000;-5.0000000000;11.2500000000;-20.5000000000;37.0000000000;0.1014400000;0.1029660000;-0.9862060000;0.0808720000
1262;-2.7700000000;3.0300000000;-8.5300000000;16.3125000000;-4.8125000000;-5.6250000000;12.3750000000;-22.0000000000;35.5000000000;0.1037600000;0.1051030000;-0.9861450000;0.0756840000
1263;-2.0600000000;2.5300000000;-8.8900000000;-4.6875000000;-10.0625000000;1.9375000000;11.5625000000;-22.0000000000;36.2500000000;0.1057740000;0.1046750000;-0.9858400000;0.0771480000
1264;-1.9600000000;2.1900000000;-9.2700000000;13.1875000000;-16.0625000000;13.1875000000;11.5625000000;-22.0000000000;36.2500000000;0.1106570000;0.1008300000;-0.9859010000;0.0745850000
1265;-2.0100000000;0.4100000000;-10.7200000000;-12.0625000000;-13.2500000000;15.2500000000;11.5625000000;-21.5625000000;36.1875000000;0.1162110000;0.0936890000;-0.9857180000;0.0782470000
1266;-1.9800000000;0.9000000000;-9.5600000000;7.5625000000;-3.5000000000;10.0625000000;12.7500000000;-20.8750000000;37.0000000000;0.1174320000;0.0899660000;-0.9859620000;0.0772710000
1267;-2.3900000000;0.2500000000;-9.8100000000;-1.8750000000;-0.3750000000;11.8125000000;12.7500000000;-21.5625000000;36.6875000000;0.1174320000;0.0859370000;-0.9863280000;0.0773320000
1268;-2.8800000000;0.7200000000;-9.5400000000;-0.4375000000;2.5625000000;4.3125000000;12.0000000000;-22.3750000000;35.8750000000;0.1163940000;0.0841060000;-0.9865720000;0.0775760000
1269;-2.1200000000;1.6800000000;-9.2100000000;7.8125000000;1.6250000000;2.5625000000;12.0000000000;-22.3750000000;35.8750000000;0.1163330000;0.0830080000;-0.9868770000;0.0753780000
1270;-2.1200000000;1.3400000000;-9.5800000000;-3.1250000000;4.6875000000;6.0625000000;12.3750000000;-22.0000000000;35.8750000000;0.1147460000;0.0809330000;-0.9871830000;0.0758060000
1271;-2.3000000000;1.2200000000;-9.2500000000;-0.4375000000;6.1875000000;5.5625000000;12.7500000000;-21.5625000000;36.6875000000;0.1123050000;0.0792850000;-0.9875490000;0.0764770000
1272;-2.4100000000;1.1500000000;-9.5900000000;-13.1875000000;5.6250000000;3.1875000000;12.7500000000;-21.1875000000;36.2500000000;0.1106570000;0.0794680000;-0.9875490000;0.0787350000
1273;-2.4700000000;1.0800000000;-9.4600000000;-1.2500000000;5.5000000000;2.7500000000;11.5625000000;-21.5625000000;36.2500000000;0.1088870000;0.0791020000;-0.9876100000;0.0807500000
1274;-2.0300000000;1.7400000000;-9.0100000000;2.1875000000;3.2500000000;0.6875000000;11.5625000000;-21.5625000000;36.2500000000;0.1077880000;0.0787960000;-0.9878540000;0.0794070000
1275;-2.3300000000;1.5100000000;-9.1100000000;-6.1250000000;4.6250000000;4.3125000000;11.5625000000;-23.0625000000;35.8750000000;0.1060790000;0.0775150000;-0.9880370000;0.0810550000
1276;-2.2900000000;1.3700000000;-8.6700000000;-0.7500000000;1.1875000000;5.0625000000;11.2500000000;-22.6875000000;36.2500000000;0.1054690000;0.0758060000;-0.9881590000;0.0819090000
1277;-2.1300000000;1.3100000000;-9.6900000000;-10.0625000000;-4.5000000000;3.2500000000;11.5625000000;-22.6875000000;35.5000000000;0.1060790000;0.0751950000;-0.9879150000;0.0842900000
1278;-2.3200000000;1.0400000000;-9.5100000000;-7.4375000000;0.0000000000;1.3125000000;11.5625000000;-23.0625000000;35.0625000000;0.1062010000;0.0750730000;-0.9876100000;0.0876460000
1279;-2.0900000000;1.5100000000;-9.1400000000;-2.6250000000;-0.6875000000;-1.5000000000;11.5625000000;-23.0625000000;35.0625000000;0.1065060000;0.0755000000;-0.9874880000;0.0881960000
1280;-2.3600000000;1.2300000000;-9.3500000000;-5.0000000000;-1.7500000000;-1.3750000000;11.2500000000;-23.0625000000;37.0000000000;0.1066890000;0.0761720000;-0.9872440000;0.0902100000
1281;-2.1000000000;1.7600000000;-9.3400000000;0.4375000000;-1.8125000000;-3.2500000000;11.5625000000;-23.3750000000;35.8750000000;0.1076660000;0.0770870000;-0.9870610000;0.0903320000
1282;-2.2400000000;1.6500000000;-9.1600000000;-5.3125000000;-1.2500000000;-3.3125000000;10.8750000000;-23.7500000000;34.6875000000;0.1079100000;0.0780640000;-0.9868770000;0.0915530000
1283;-2.1700000000;1.9500000000;-9.1800000000;-1.5625000000;-3.5000000000;-1.8750000000;11.5625000000;-23.7500000000;35.8750000000;0.1087650000;0.0789790000;-0.9865720000;0.0928960000
1284;-2.4000000000;1.6800000000;-9.9700000000;-2.6875000000;-5.2500000000;0.8750000000;11.5625000000;-23.7500000000;35.8750000000;0.1102910000;0.0787350000;-0.9863280000;0.0934450000
1285;-2.1300000000;1.7500000000;-9.4400000000;0.6250000000;1.3125000000;-0.6250000000;11.5625000000;-23.7500000000;36.6875000000;0.1107180000;0.0786740000;-0.9862670000;0.0938110000
1286;-2.2400000000;1.6200000000;-9.6200000000;-1.3750000000;0.6250000000;2.0625000000;11.5625000000;-23.3750000000;34.6875000000;0.1102910000;0.0784910000;-0.9863280000;0.0937500000
1287;-2.2700000000;1.7000000000;-9.0100000000;5.0625000000;3.0000000000;2.2500000000;11.2500000000;-23.3750000000;35.0625000000;0.1096800000;0.0775150000;-0.9865720000;0.0929570000
1288;-2.2000000000;1.5300000000;-8.8700000000;-1.1875000000;0.6875000000;-0.0625000000;12.0000000000;-23.3750000000;35.8750000000;0.1088260000;0.0772710000;-0.9866940000;0.0927120000
1289;-2.2400000000;1.4600000000;-9.2700000000;-2.5000000000;-2.6250000000;0.6250000000;12.0000000000;-23.3750000000;35.8750000000;0.1094360000;0.0771480000;-0.9865720000;0.0932620000
1290;-2.2300000000;1.5400000000;-9.7600000000;0.4375000000;-2.7500000000;-1.0000000000;11.2500000000;-23.3750000000;33.8750000000;0.1102290000;0.0772090000;-0.9864500000;0.0937500000
1291;-2.2000000000;1.6700000000;-8.9600000000;-0.5000000000;1.6250000000;-1.6250000000;11.5625000000;-23.7500000000;36.2500000000;0.1101070000;0.0778810000;-0.9864500000;0.0935670000
1292;-2.5300000000;1.7900000000;-9.1500000000;-0.8125000000;-1.6250000000;0.5625000000;11.2500000000;-23.7500000000;34.6875000000;0.1102290000;0.0781860000;-0.9863890000;0.0939330000
1293;-2.2600000000;1.6800000000;-9.7400000000;1.9375000000;1.7500000000;-1.6250000000;12.7500000000;-23.7500000000;35.8750000000;0.1107180000;0.0781250000;-0.9862670000;0.0942990000
1294;-2.0200000000;2.0000000000;-9.2300000000;0.6875000000;4.7500000000;2.1875000000;12.7500000000;-23.7500000000;35.8750000000;0.1098020000;0.0783690000;-0.9863890000;0.0938720000
1295;-2.4800000000;1.4000000000;-9.0100000000;2.8750000000;-2.2500000000;2.6250000000;12.0000000000;-23.3750000000;34.2500000000;0.1090090000;0.0775760000;-0.9865720000;0.0937500000
1296;-2.0100000000;1.5800000000;-9.4700000000;0.4375000000;0.0625000000;-0.8750000000;12.3750000000;-23.3750000000;36.2500000000;0.1098020000;0.0773320000;-0.9865720000;0.0931400000
1297;-2.3200000000;1.5900000000;-9.2400000000;-0.0625000000;1.0000000000;0.9375000000;12.0000000000;-23.7500000000;35.5000000000;0.1093750000;0.0775150000;-0.9865720000;0.0932010000
1298;-2.2200000000;1.5700000000;-9.1800000000;3.2500000000;0.6250000000;-0.2500000000;11.5625000000;-23.7500000000;35.8750000000;0.1093750000;0.0773930000;-0.9866330000;0.0925900000
1299;-2.3600000000;1.5400000000;-9.2300000000;-2.0000000000;0.0000000000;0.0625000000;11.5625000000;-23.7500000000;35.8750000000;0.1093750000;0.0774540000;-0.9866330000;0.0929570000
1300;-2.2300000000;1.4700000000;-9.1200000000;-0.1875000000;-0.3750000000;-0.8125000000;10.8750000000;-23.7500000000;35.0625000000;0.1095580000;0.0774540000;-0.9865720000;0.0927730000
1301;-2.0600000000;1.8300000000;-9.5800000000;0.8750000000;-2.5000000000;-0.7500000000;12.0000000000;-24.0625000000;36.2500000000;0.1102910000;0.0778810000;-0.9864500000;0.0930180000
1302;-2.3800000000;1.6800000000;-9.1200000000;-3.8125000000;1.3125000000;-0.3125000000;12.0000000000;-24.0625000000;35.8750000000;0.1101070000;0.0779420000;-0.9864500000;0.0933840000
1303;-2.3100000000;1.5100000000;-9.5700000000;3.1250000000;-2.2500000000;-1.4375000000;12.3750000000;-23.3750000000;33.8750000000;0.1105960000;0.0781860000;-0.9863280000;0.0936280000
1304;-2.0100000000;2.0000000000;-9.4100000000;-0.2500000000;0.3125000000;-0.0625000000;12.3750000000;-23.3750000000;33.8750000000;0.1109010000;0.0784300000;-0.9863280000;0.0930790000
1305;-2.3000000000;1.7800000000;-9.5800000000;-1.0000000000;1.8125000000;1.0625000000;12.0000000000;-22.5625000000;35.5000000000;0.1104130000;0.0781860000;-0.9863280000;0.0938720000
1306;-2.2500000000;1.6700000000;-9.1000000000;1.2500000000;-0.6875000000;0.0000000000;11.2500000000;-23.7500000000;35.0625000000;0.1102290000;0.0780640000;-0.9864500000;0.0933230000
1307;-2.2500000000;1.5300000000;-9.2700000000;-0.5625000000;0.2500000000;-0.2500000000;12.0000000000;-23.7500000000;36.6875000000;0.1104130000;0.0779420000;-0.9864500000;0.0932620000
1308;-2.2700000000;1.6300000000;-9.3900000000;0.8750000000;-0.8750000000;-0.1250000000;12.3750000000;-24.0625000000;34.2500000000;0.1105960000;0.0778810000;-0.9864500000;0.0930790000
1309;-2.1500000000;1.7500000000;-9.3500000000;-1.5000000000;2.1250000000;1.0000000000;12.3750000000;-24.0625000000;34.2500000000;0.1103520000;0.0777590000;-0.9864500000;0.0928960000
1310;-2.4100000000;1.4800000000;-9.2500000000;-0.8125000000;1.3125000000;0.2500000000;11.2500000000;-24.0625000000;34.6875000000;0.1097410000;0.0776370000;-0.9865110000;0.0936890000
1311;-2.1900000000;1.7800000000;-9.1600000000;0.5000000000;-0.8750000000;0.2500000000;11.5625000000;-24.7500000000;34.6875000000;0.1098630000;0.0776370000;-0.9865110000;0.0933840000
1312;-2.3500000000;1.5500000000;-9.2800000000;-2.1250000000;-1.0000000000;-0.5000000000;11.2500000000;-24.0625000000;34.6875000000;0.1102910000;0.0776370000;-0.9863890000;0.0939330000
1313;-2.0500000000;2.0200000000;-9.8100000000;4.4375000000;-0.4375000000;-1.8750000000;11.2500000000;-24.0625000000;34.6875000000;0.1106570000;0.0778810000;-0.9864500000;0.0930180000
1314;-2.4500000000;1.7100000000;-8.9900000000;-3.6875000000;2.3750000000;1.3750000000;11.5625000000;-23.7500000000;36.2500000000;0.1098020000;0.0776980000;-0.9864500000;0.0938110000
1315;-2.1300000000;1.7500000000;-9.3500000000;5.1250000000;-0.3750000000;0.0000000000;11.5625000000;-23.0000000000;35.0625000000;0.1101070000;0.0774540000;-0.9865720000;0.0927120000
1316;-2.2500000000;1.5600000000;-9.2900000000;-3.3750000000;-0.4375000000;1.0000000000;11.2500000000;-23.3750000000;35.5000000000;0.1099850000;0.0774540000;-0.9864500000;0.0936890000
1317;-2.2400000000;1.7000000000;-8.9700000000;-2.6875000000;-0.1250000000;1.0000000000;11.2500000000;-23.7500000000;34.6875000000;0.1099850000;0.0772090000;-0.9864500000;0.0942990000
1318;-2.3500000000;1.5400000000;-9.5500000000;2.2500000000;-4.8125000000;0.1250000000;11.2500000000;-23.7500000000;34.6875000000;0.1110230000;0.0771480000;-0.9863280000;0.0944210000
1319;-2.2500000000;1.5800000000;-9.2700000000;-3.0000000000;0.0000000000;-2.2500000000;11.5625000000;-23.3750000000;35.0000000000;0.1115720000;0.0776370000;-0.9862060000;0.0946660000
1320;-2.2500000000;1.8400000000;-9.0800000000;-2.7500000000;-2.7500000000;-0.3750000000;11.5625000000;-23.7500000000;35.8750000000;0.1123050000;0.0778200000;-0.9860230000;0.0953370000
1321;-2.3900000000;1.6200000000;-9.0900000000;-4.3750000000;-3.8125000000;-0.3750000000;11.2500000000;-23.3750000000;35.0625000000;0.1135250000;0.0778810000;-0.9857180000;0.0971070000
1322;-2.3100000000;1.6800000000;-9.0400000000;-6.3125000000;-5.0000000000;-3.5625000000;12.7500000000;-23.7500000000;35.5000000000;0.1146850000;0.0786740000;-0.9853520000;0.0986940000
1323;-2.3900000000;1.7100000000;-9.3300000000;-7.7500000000;-7.7500000000;-1.3125000000;12.7500000000;-23.7500000000;35.5000000000;0.1167600000;0.0795290000;-0.9848020000;0.1009520000
1324;-2.2800000000;1.6900000000;-9.0800000000;-7.6875000000;-6.5000000000;-3.2500000000;11.5625000000;-24.5000000000;35.5000000000;0.1195680000;0.0807500000;-0.9840700000;0.1041870000
1325;-2.5000000000;1.8800000000;-8.3400000000;-10.5625000000;-8.0625000000;-3.0000000000;12.0000000000;-24.7500000000;34.6875000000;0.1218870000;0.0819700000;-0.9832760000;0.1077270000
1326;-2.7200000000;1.6000000000;-8.3500000000;-18.0000000000;-16.8125000000;-3.6250000000;12.3750000000;-24.7500000000;34.6875000000;0.1266480000;0.0832520000;-0.9819340000;0.1134030000
1327;-2.7700000000;1.6500000000;-8.6400000000;-19.9375000000;-19.5000000000;-7.7500000000;12.7500000000;-25.5625000000;33.5000000000;0.1312260000;0.0849610000;-0.9805910000;0.1184080000
1328;-3.1000000000;1.6800000000;-8.2000000000;-24.0000000000;-24.1875000000;-10.9375000000;12.7500000000;-25.5625000000;33.5000000000;0.1383670000;0.0885010000;-0.9783330000;0.1261600000
1329;-2.8500000000;2.3900000000;-6.3900000000;-11.6875000000;-33.1250000000;-10.2500000000;13.5000000000;-26.2500000000;33.0625000000;0.1514280000;0.0924680000;-0.9750980000;0.1331180000
1330;-3.8600000000;1.0900000000;-7.1200000000;-44.6875000000;-49.4375000000;-13.1875000000;15.2500000000;-26.2500000000;31.1875000000;0.1662600000;0.0977170000;-0.9700930000;0.1474610000
1331;-4.4900000000;1.8600000000;-5.4400000000;-28.0000000000;-60.0625000000;-27.5000000000;16.0625000000;-26.0000000000;31.5000000000;0.1857300000;0.1051030000;-0.9639280000;0.1591800000
1332;-5.3300000000;0.6500000000;-6.9600000000;-68.3125000000;-84.2500000000;-29.2500000000;18.0000000000;-28.6875000000;28.7500000000;0.2042850000;0.1108400000;-0.9571530000;0.1728520000
1333;-6.1900000000;1.5400000000;-5.9900000000;-31.2500000000;-99.5000000000;-56.8125000000;18.0000000000;-28.6875000000;28.7500000000;0.2356570000;0.1248170000;-0.9445800000;0.1915280000
1334;-6.9600000000;2.8800000000;-6.0000000000;-21.1250000000;-116.8125000000;-52.5625000000;21.2500000000;-29.6875000000;25.1875000000;0.2833250000;0.1409910000;-0.9276730000;0.1983030000
1335;-7.9900000000;1.6400000000;-4.6600000000;-25.8750000000;-136.4375000000;-68.6250000000;23.7500000000;-29.0625000000;24.8750000000;0.3159180000;0.1514890000;-0.9135740000;0.2062990000
1336;-9.4500000000;3.1900000000;-5.7500000000;13.0000000000;-172.6250000000;-57.2500000000;27.8750000000;-28.6875000000;21.1875000000;0.3692630000;0.1593630000;-0.8924560000;0.2043460000
1337;-9.4900000000;2.6900000000;-7.0200000000;-15.3125000000;-168.7500000000;-44.9375000000;32.1875000000;-27.8750000000;17.3750000000;0.4237670000;0.1624760000;-0.8658450000;0.2105100000
1338;-10.7200000000;2.0800000000;-4.2300000000;12.3750000000;-150.4375000000;-42.3125000000;32.1875000000;-27.8750000000;17.3750000000;0.4713750000;0.1635130000;-0.8404540000;0.2115480000
1339;-11.8200000000;3.3600000000;-4.7100000000;-41.0625000000;-173.7500000000;-55.3125000000;34.7500000000;-25.6875000000;11.0625000000;0.5216060000;0.1696780000;-0.8074950000;0.2170410000
1340;-9.7600000000;3.2100000000;-5.6400000000;-14.7500000000;-142.5625000000;-42.4375000000;37.0000000000;-24.1875000000;6.0000000000;0.5653690000;0.1771850000;-0.7730100000;0.2268680000
1341;-11.0000000000;1.3700000000;-2.6100000000;0.6250000000;-95.0000000000;-16.3125000000;39.2500000000;-23.0625000000;2.0000000000;0.5958250000;0.1742550000;-0.7502440000;0.2275390000
1342;-10.9800000000;0.7900000000;-1.7700000000;-24.8125000000;-92.9375000000;-27.0000000000;40.0000000000;-23.0625000000;-1.8750000000;0.6192630000;0.1751710000;-0.7292480000;0.2324220000
1343;-11.1000000000;2.0600000000;-2.6800000000;-35.4375000000;-102.2500000000;-32.1250000000;40.0000000000;-23.0625000000;-1.8750000000;0.6441650000;0.1812740000;-0.7037960000;0.2385250000
1344;-9.8400000000;2.0700000000;-4.1800000000;-49.6875000000;-86.2500000000;-27.6250000000;38.3750000000;-20.8750000000;-7.3750000000;0.6657100000;0.1918950000;-0.6763920000;0.2500610000
1345;-9.8200000000;1.9800000000;-3.4200000000;-23.0625000000;-50.6250000000;-19.3750000000;38.1875000000;-21.1875000000;-9.0000000000;0.6803590000;0.1981200000;-0.6578980000;0.2550050000
1346;-9.9400000000;1.2300000000;-1.7900000000;-8.6875000000;-12.4375000000;-8.5625000000;37.7500000000;-21.1875000000;-14.1875000000;0.6851810000;0.2017210000;-0.6511230000;0.2567140000
1347;-9.8800000000;0.8700000000;-0.8000000000;4.3750000000;0.1875000000;-5.8125000000;37.3750000000;-19.3750000000;-13.3750000000;0.6871340000;0.2010500000;-0.6504520000;0.2535400000
1348;-9.7300000000;1.1900000000;-0.2300000000;7.3125000000;4.5625000000;-5.8750000000;37.3750000000;-19.3750000000;-13.3750000000;0.6875610000;0.2012330000;-0.6512450000;0.2503050000
1349;-9.7200000000;0.8400000000;0.2800000000;-3.1250000000;8.0625000000;1.0000000000;37.0000000000;-20.3750000000;-13.5000000000;0.6859740000;0.2019650000;-0.6529540000;0.2495730000
1350;-9.5800000000;0.5500000000;0.5400000000;8.4375000000;-1.1250000000;-0.3125000000;37.2500000000;-20.3750000000;-14.2500000000;0.6854250000;0.2019650000;-0.6536870000;0.2492680000
1351;-9.8800000000;0.7100000000;0.4500000000;2.3125000000;-1.3125000000;1.5625000000;38.0625000000;-20.0625000000;-13.7500000000;0.6864620000;0.1996460000;-0.6538700000;0.2476810000
1352;-9.7600000000;0.2100000000;0.4400000000;-4.6250000000;-1.0000000000;0.4375000000;37.2500000000;-20.0625000000;-13.5000000000;0.6860350000;0.2006230000;-0.6533810000;0.2493900000
1353;-9.7200000000;0.5600000000;0.0800000000;2.2500000000;-1.9375000000;-1.0000000000;37.2500000000;-20.0625000000;-13.5000000000;0.6864010000;0.2002560000;-0.6532590000;0.2489620000
1354;-9.6800000000;0.6800000000;-0.0600000000;-1.2500000000;1.9375000000;2.0625000000;37.6875000000;-20.0000000000;-13.5000000000;0.6871340000;0.1981200000;-0.6539310000;0.2469480000
1355;-9.8400000000;-0.1400000000;0.2500000000;-4.3125000000;4.0625000000;1.3125000000;37.6875000000;-20.2500000000;-14.2500000000;0.6854250000;0.1984250000;-0.6555180000;0.2472530000
1356;-9.7700000000;0.5500000000;0.2700000000;5.8125000000;2.6250000000;-1.3125000000;37.2500000000;-20.2500000000;-14.5625000000;0.6857910000;0.1965940000;-0.6567380000;0.2445680000
1357;-9.7400000000;0.3200000000;0.3700000000;-12.9375000000;5.6875000000;-0.1875000000;37.6875000000;-20.6875000000;-13.5000000000;0.6849370000;0.1968380000;-0.6577150000;0.2438960000
1358;-9.7700000000;0.1400000000;0.6500000000;-8.0000000000;2.0000000000;-3.3125000000;37.6875000000;-20.6875000000;-13.5000000000;0.6833500000;0.2005620000;-0.6576540000;0.2456670000
1359;-9.8400000000;0.6800000000;0.2700000000;3.1250000000;-4.0625000000;-2.3125000000;37.6875000000;-21.0000000000;-13.5000000000;0.6852420000;0.1984250000;-0.6574710000;0.2424930000
1360;-9.5600000000;0.6400000000;0.0000000000;-5.1875000000;2.5625000000;0.0000000000;38.0625000000;-19.1875000000;-13.7500000000;0.6853030000;0.1990360000;-0.6571660000;0.2426150000
1361;-9.9300000000;0.6200000000;0.3800000000;-3.6250000000;1.5625000000;1.6250000000;37.2500000000;-19.1875000000;-13.5000000000;0.6846920000;0.1987300000;-0.6580810000;0.2422490000
1362;-9.6400000000;0.4800000000;0.0300000000;-9.2500000000;3.2500000000;1.8125000000;37.6875000000;-20.0000000000;-14.2500000000;0.6832280000;0.1997680000;-0.6587520000;0.2435300000
1363;-9.7200000000;0.4300000000;0.3800000000;-10.3750000000;3.6250000000;2.9375000000;37.6875000000;-20.0000000000;-14.2500000000;0.6810300000;0.2019650000;-0.6593630000;0.2462160000
1364;-9.9300000000;0.0600000000;0.4300000000;3.9375000000;-2.1875000000;0.3750000000;36.8750000000;-18.5000000000;-13.7500000000;0.6806640000;0.2021480000;-0.6593630000;0.2470700000
1365;-9.6600000000;0.3700000000;0.1000000000;-1.0625000000;-1.8125000000;-1.1875000000;37.6875000000;-20.2500000000;-14.2500000000;0.6817020000;0.2008670000;-0.6593630000;0.2452390000
1366;-9.7400000000;0.6200000000;0.2400000000;-5.1875000000;-0.3750000000;-1.1875000000;37.6875000000;-20.0000000000;-13.0625000000;0.6817020000;0.2007450000;-0.6597900000;0.2442020000
1367;-9.8000000000;0.2400000000;0.0400000000;-5.3750000000;-1.1875000000;0.8750000000;37.2500000000;-20.0000000000;-13.7500000000;0.6812740000;0.2013550000;-0.6600340000;0.2443240000
1368;-9.7200000000;0.6800000000;0.0600000000;2.5000000000;1.6250000000;-0.3750000000;37.2500000000;-20.0000000000;-13.7500000000;0.6809080000;0.2007450000;-0.6610720000;0.2429810000
1369;-9.7000000000;0.4300000000;0.1100000000;-6.6250000000;3.3125000000;0.5000000000;37.2500000000;-17.6875000000;-15.0000000000;0.6795650000;0.2029420000;-0.6611330000;0.2446900000
1370;-9.7300000000;0.5200000000;0.5100000000;7.2500000000;-0.9375000000;-1.8125000000;37.2500000000;-20.0000000000;-14.2500000000;0.6799320000;0.2022090000;-0.6614990000;0.2433470000
1371;-9.6800000000;0.4700000000;0.1000000000;-0.4375000000;-2.1875000000;-0.5000000000;37.2500000000;-20.0000000000;-13.0625000000;0.6810910000;0.2001950000;-0.6616210000;0.2413330000
1372;-9.7200000000;0.3500000000;0.4800000000;-4.0625000000;1.0000000000;-1.0000000000;37.2500000000;-20.0000000000;-13.0625000000;0.6808470000;0.2009280000;-0.6615600000;0.2416380000
1373;-9.7800000000;0.4200000000;0.2200000000;2.8125000000;-4.3125000000;-1.2500000000;36.8750000000;-19.5625000000;-13.7500000000;0.6817630000;0.2005000000;-0.6609500000;0.2411500000
1374;-9.7100000000;0.5000000000;0.0400000000;-2.3750000000;-1.0625000000;0.0000000000;37.2500000000;-19.5625000000;-14.2500000000;0.6821290000;0.2005000000;-0.6604610000;0.2413940000
1375;-9.8000000000;0.4500000000;0.0500000000;2.4375000000;-1.2500000000;0.3750000000;37.2500000000;-20.2500000000;-14.2500000000;0.6820680000;0.1998290000;-0.6610720000;0.2405400000
1376;-9.6700000000;0.5700000000;-0.0600000000;2.9375000000;0.0625000000;0.8750000000;36.8750000000;-20.0000000000;-13.7500000000;0.6818850000;0.1983640000;-0.6621700000;0.2391970000
1377;-9.7800000000;0.3500000000;0.2400000000;-1.5000000000;4.4375000000;2.8125000000;36.8750000000;-20.0000000000;-13.7500000000;0.6804200000;0.1980590000;-0.6637570000;0.2392580000
1378;-9.8300000000;0.1100000000;0.4200000000;0.8125000000;2.8750000000;1.1250000000;38.0625000000;-19.5625000000;-13.0625000000;0.6796870000;0.1973270000;-0.6651610000;0.2380980000
1379;-9.7900000000;0.4300000000;0.3600000000;2.6250000000;-0.3125000000;-0.5000000000;37.6875000000;-20.0000000000;-14.2500000000;0.6799320000;0.1968380000;-0.6653440000;0.2373050000
1380;-9.6700000000;0.3000000000;0.2900000000;-2.3750000000;0.4375000000;-0.6875000000;36.8750000000;-19.5625000000;-13.5000000000;0.6798710000;0.1973270000;-0.6652220000;0.2373660000
1381;-9.7000000000;0.4900000000;0.2400000000;-0.4375000000;-1.7500000000;-0.7500000000;37.2500000000;-19.5625000000;-14.5625000000;0.6801150000;0.1975100000;-0.6649170000;0.2373050000
1382;-9.8200000000;0.5500000000;0.1400000000;-3.9375000000;-0.5000000000;0.1875000000;37.2500000000;-19.5625000000;-14.5625000000;0.6800540000;0.1979370000;-0.6646120000;0.2379760000
1383;-9.7100000000;0.4900000000;0.1400000000;-3.2500000000;0.6875000000;0.5625000000;37.6875000000;-20.6875000000;-13.0625000000;0.6798100000;0.1974490000;-0.6651610000;0.2374880000
1384;-9.7500000000;0.5600000000;0.1800000000;2.5625000000;-1.4375000000;0.1875000000;36.8750000000;-19.1875000000;-16.1875000000;0.6793820000;0.1987920000;-0.6646730000;0.2390140000
1385;-9.7800000000;0.5600000000;-0.0100000000;-1.2500000000;0.3125000000;2.6250000000;37.6875000000;-18.0625000000;-13.0625000000;0.6790770000;0.1981810000;-0.6650390000;0.2393190000
1386;-9.9100000000;0.8000000000;-0.1900000000;-2.4375000000;1.5625000000;2.4375000000;37.6875000000;-18.0625000000;-13.7500000000;0.6776120000;0.1983640000;-0.6660160000;0.2404790000
1387;-9.7100000000;1.1400000000;-1.0600000000;2.8125000000;2.8125000000;4.0000000000;37.6875000000;-18.0625000000;-13.7500000000;0.6771240000;0.1974490000;-0.6666260000;0.2411500000
1388;-9.9800000000;1.6100000000;-2.2400000000;-3.0000000000;15.5625000000;6.0625000000;36.5625000000;-18.7500000000;-13.0625000000;0.6731570000;0.1968990000;-0.6705930000;0.2415160000
1389;-10.2100000000;2.0700000000;-3.6000000000;4.6250000000;33.8125000000;13.3750000000;37.2500000000;-20.0000000000;-13.0625000000;0.6653440000;0.1954350000;-0.6789550000;0.2410890000
1390;-10.6400000000;2.3500000000;-5.5000000000;-4.1250000000;59.5625000000;18.0000000000;37.6875000000;-20.0000000000;-13.0625000000;0.6546630000;0.1958010000;-0.6888430000;0.2418820000
1391;-11.4100000000;3.0500000000;-7.5900000000;23.5625000000;95.5000000000;37.9375000000;37.6875000000;-20.6875000000;-11.0625000000;0.6347050000;0.1922610000;-0.7093510000;0.2388310000
1392;-12.1400000000;3.1100000000;-8.2500000000;7.9375000000;153.6250000000;44.7500000000;37.6875000000;-20.6875000000;-11.0625000000;0.5994870000;0.1906130000;-0.7402950000;0.2370610000
1393;-13.2700000000;3.4300000000;-8.5700000000;59.1875000000;202.3125000000;67.9375000000;38.7500000000;-21.3750000000;-8.2500000000;0.5503540000;0.1815190000;-0.7832030000;0.2253420000
1394;-12.9800000000;3.7900000000;-7.0900000000;65.9375000000;250.5000000000;68.8750000000;39.8750000000;-21.3750000000;-2.3750000000;0.4846800000;0.1687620000;-0.8329470000;0.2070310000
1395;-13.4800000000;3.0100000000;-6.7000000000;87.0625000000;292.0625000000;93.4375000000;38.3750000000;-21.7500000000;6.1875000000;0.4036250000;0.1493530000;-0.8844600000;0.1801150000
1396;-11.5000000000;4.6900000000;-4.7900000000;102.2500000000;299.5000000000;78.5000000000;34.0000000000;-22.8750000000;17.1875000000;0.3107910000;0.1286010000;-0.9301150000;0.1475830000
1397;-9.9300000000;0.8300000000;-2.0700000000;104.2500000000;300.5000000000;110.4375000000;34.0000000000;-22.8750000000;17.1875000000;0.2152100000;0.1011350000;-0.9649660000;0.1110840000
1398;-6.4600000000;3.5500000000;-1.8000000000;101.0000000000;210.3125000000;56.3750000000;27.3750000000;-24.0000000000;26.6875000000;0.1334840000;0.0765380000;-0.9856570000;0.0693970000
1399;-4.3500000000;-0.9300000000;-5.7000000000;49.5000000000;129.7500000000;64.6250000000;17.5000000000;-23.2500000000;33.2500000000;0.0808720000;0.0556640000;-0.9938350000;0.0508420000
1400;-1.6100000000;0.7600000000;-5.0300000000;91.1250000000;91.8750000000;30.1250000000;10.0000000000;-21.3750000000;36.7500000000;0.0472410000;0.0417480000;-0.9978030000;0.0214230000
1401;-1.9900000000;-1.5900000000;-6.9300000000;-10.8125000000;60.0625000000;30.3750000000;5.6875000000;-17.2500000000;39.6875000000;0.0232540000;0.0322270000;-0.9991460000;0.0110470000
1402;-0.9100000000;-1.0700000000;-7.9600000000;47.6250000000;17.6250000000;23.1250000000;5.6875000000;-17.2500000000;39.6875000000;0.0131230000;0.0238040000;-0.9996340000;0.0053710000
1403;-0.5400000000;-0.6200000000;-8.6900000000;5.8750000000;6.0625000000;13.5625000000;3.0000000000;-16.5625000000;39.2500000000;0.0096440000;0.0173340000;-0.9998170000;-0.0050660000
1404;-0.9800000000;-1.3000000000;-8.2100000000;17.6875000000;11.7500000000;5.2500000000;2.6875000000;-16.3750000000;41.7500000000;0.0061650000;0.0152590000;-0.9998780000;-0.0055540000
1405;-0.4600000000;-0.1800000000;-8.5200000000;17.8125000000;-3.6250000000;-2.4375000000;1.1875000000;-16.0000000000;40.5000000000;0.0057370000;0.0145260000;-0.9997560000;-0.0147090000
1406;-0.5200000000;0.3100000000;-8.6000000000;-16.0000000000;-0.8750000000;-11.1875000000;1.1875000000;-14.8750000000;41.7500000000;0.0062260000;0.0173340000;-0.9997560000;-0.0121460000
1407;-0.8200000000;-0.0600000000;-9.0800000000;-8.5000000000;-9.2500000000;-5.5000000000;1.1875000000;-14.8750000000;41.7500000000;0.0079960000;0.0205690000;-0.9997560000;-0.0074460000
1408;0.0700000000;1.0100000000;-9.4100000000;-8.1875000000;-14.1875000000;-4.7500000000;1.5625000000;-15.3750000000;39.8750000000;0.0130620000;0.0224610000;-0.9996340000;-0.0051880000
1409;-0.6900000000;0.4600000000;-9.1200000000;-18.1875000000;-9.3125000000;0.5000000000;2.2500000000;-14.5000000000;41.3750000000;0.0156860000;0.0236210000;-0.9995730000;0.0003660000
1410;-0.6500000000;0.1800000000;-10.0600000000;-25.6875000000;-16.5000000000;-0.4375000000;3.0000000000;-16.0625000000;41.0000000000;0.0206300000;0.0255740000;-0.9993900000;0.0092160000
1411;-0.4800000000;0.7300000000;-9.7500000000;-12.1875000000;-7.6875000000;0.8125000000;3.7500000000;-17.7500000000;39.7500000000;0.0245970000;0.0272830000;-0.9992680000;0.0128780000
1412;-1.0900000000;0.0000000000;-10.1000000000;-14.8750000000;-7.6250000000;-2.0000000000;3.7500000000;-17.7500000000;39.7500000000;0.0273440000;0.0277100000;-0.9990840000;0.0193480000
1413;-0.4000000000;1.7200000000;-9.5500000000;7.1250000000;-7.9375000000;-4.6250000000;3.7500000000;-17.7500000000;39.7500000000;0.0299680000;0.0293580000;-0.9989620000;0.0185550000
1414;-0.8700000000;1.3000000000;-10.1700000000;-18.0000000000;-2.3125000000;5.5625000000;3.3750000000;-17.3750000000;40.1875000000;0.0316770000;0.0290530000;-0.9988400000;0.0221560000
1415;-1.1900000000;-0.1800000000;-9.1500000000;8.1250000000;-3.8750000000;5.6250000000;4.1875000000;-18.8750000000;39.0000000000;0.0317990000;0.0272220000;-0.9988400000;0.0233150000
1416;-0.4400000000;1.1600000000;-10.2700000000;-18.0625000000;-0.9375000000;8.4375000000;3.7500000000;-18.5625000000;39.0000000000;0.0335690000;0.0261840000;-0.9987790000;0.0256960000
1417;-1.5200000000;-0.7200000000;-9.4200000000;6.5000000000;1.0000000000;7.6875000000;3.7500000000;-18.5625000000;39.0000000000;0.0323490000;0.0226440000;-0.9988400000;0.0268550000
1418;-0.7900000000;0.0000000000;-9.8800000000;-0.0625000000;1.0000000000;2.3750000000;4.1875000000;-19.2500000000;38.6875000000;0.0327150000;0.0224000000;-0.9988400000;0.0263060000
1419;-0.8400000000;0.4300000000;-9.3500000000;5.3125000000;-1.8125000000;-2.6250000000;4.1875000000;-18.1875000000;39.7500000000;0.0325320000;0.0233150000;-0.9989010000;0.0241090000
1420;-1.1800000000;0.4200000000;-9.0300000000;-1.3125000000;-1.7500000000;-2.8125000000;4.1875000000;-18.8750000000;39.3750000000;0.0332640000;0.0252690000;-0.9988400000;0.0244750000
1421;-0.8300000000;0.7800000000;-9.7200000000;-2.5000000000;-7.5625000000;-5.6875000000;4.5000000000;-18.1875000000;39.7500000000;0.0352170000;0.0280760000;-0.9986570000;0.0253910000
1422;-0.9600000000;0.9100000000;-9.7000000000;-4.6875000000;-3.4375000000;-2.5000000000;4.5000000000;-18.1875000000;39.7500000000;0.0373540000;0.0301510000;-0.9984740000;0.0278320000
1423;-0.8300000000;1.0500000000;-9.9800000000;-4.4375000000;-6.6875000000;-3.7500000000;5.6875000000;-18.5625000000;39.3750000000;0.0391240000;0.0338750000;-0.9982300000;0.0291750000
1424;-1.1400000000;0.5400000000;-9.6400000000;-2.8125000000;-2.3750000000;-3.5625000000;5.2500000000;-18.1875000000;39.7500000000;0.0402220000;0.0365600000;-0.9980470000;0.0305790000
1425;-0.7400000000;1.2300000000;-9.6200000000;-8.0625000000;-3.1875000000;-5.6250000000;4.8750000000;-18.8750000000;39.0000000000;0.0412600000;0.0384520000;-0.9978640000;0.0327760000
1426;-1.3300000000;0.6000000000;-9.8200000000;0.4375000000;-6.3750000000;-1.2500000000;4.8750000000;-18.8750000000;39.0000000000;0.0430910000;0.0396120000;-0.9977420000;0.0337520000
1427;-0.7300000000;1.0500000000;-9.7100000000;-6.1875000000;-2.3750000000;-5.7500000000;5.2500000000;-18.5625000000;39.0000000000;0.0440670000;0.0411380000;-0.9975590000;0.0352170000
1428;-1.3200000000;0.7800000000;-9.5400000000;-1.1875000000;-2.8125000000;-1.4375000000;5.2500000000;-18.8750000000;38.5625000000;0.0448610000;0.0421140000;-0.9974370000;0.0363160000
1429;-0.9200000000;1.1100000000;-9.3000000000;-5.4375000000;-3.7500000000;-2.3125000000;5.6875000000;-19.6875000000;38.5625000000;0.0460210000;0.0434570000;-0.9973140000;0.0371090000
1430;-1.4100000000;0.5000000000;-9.5500000000;-7.8750000000;-5.1875000000;1.0625000000;6.0000000000;-18.8750000000;39.0000000000;0.0476070000;0.0442500000;-0.9970700000;0.0397950000
1431;-0.9900000000;1.0300000000;-10.1100000000;-5.1250000000;-3.8125000000;-2.2500000000;6.0000000000;-18.8750000000;39.0000000000;0.0490720000;0.0448000000;-0.9969480000;0.0410770000
1432;-1.2900000000;0.7400000000;-9.7600000000;-1.9375000000;-1.3750000000;-1.0625000000;6.3750000000;-19.6875000000;37.8750000000;0.0495000000;0.0468140000;-0.9967650000;0.0426640000
1433;-1.0700000000;1.1100000000;-9.6000000000;4.0625000000;-1.1250000000;-2.0000000000;7.0625000000;-19.2500000000;39.7500000000;0.0500490000;0.0493160000;-0.9966430000;0.0419920000
1434;-1.3600000000;0.9900000000;-9.2300000000;-4.6875000000;-0.2500000000;-0.6875000000;6.3750000000;-20.3750000000;38.1875000000;0.0499270000;0.0500490000;-0.9965820000;0.0430300000
1435;-1.0900000000;1.0400000000;-9.7100000000;0.8750000000;-3.8125000000;0.0000000000;6.6875000000;-20.3750000000;37.8750000000;0.0508420000;0.0509030000;-0.9964600000;0.0429080000
1436;-1.3900000000;0.8900000000;-9.6700000000;-0.1250000000;-1.3750000000;0.3750000000;6.6875000000;-20.3750000000;37.8750000000;0.0516360000;0.0509030000;-0.9964600000;0.0430300000
1437;-1.0700000000;1.1700000000;-9.8000000000;-4.2500000000;0.1250000000;0.0000000000;6.3750000000;-20.3750000000;39.3750000000;0.0520020000;0.0510250000;-0.9963380000;0.0445560000
1438;-1.5400000000;0.6900000000;-9.4200000000;-2.1875000000;-0.3125000000;0.1250000000;6.3750000000;-19.6875000000;38.1875000000;0.0520630000;0.0512080000;-0.9962770000;0.0454100000
1439;-1.0200000000;1.0300000000;-9.9200000000;-2.6250000000;-2.0000000000;-1.2500000000;6.6875000000;-19.6875000000;37.0000000000;0.0528560000;0.0526120000;-0.9961550000;0.0463260000
1440;-1.3300000000;1.1100000000;-9.3400000000;0.2500000000;1.4375000000;0.6250000000;7.0625000000;-20.0625000000;38.1875000000;0.0526120000;0.0537110000;-0.9960940000;0.0458370000
1441;-1.3300000000;1.0000000000;-9.2400000000;-0.8125000000;-1.5000000000;0.1250000000;7.0625000000;-20.0625000000;38.1875000000;0.0527340000;0.0537110000;-0.9960330000;0.0470580000
1442;-1.0000000000;0.9800000000;-10.0500000000;-0.9375000000;-5.3125000000;0.1250000000;7.0625000000;-20.3750000000;38.5625000000;0.0550540000;0.0543820000;-0.9958500000;0.0473020000
1443;-1.4600000000;0.5800000000;-9.5800000000;0.0625000000;2.1875000000;0.5000000000;6.6875000000;-20.7500000000;38.5625000000;0.0546260000;0.0544430000;-0.9958500000;0.0476680000
1444;-1.1600000000;1.2100000000;-9.3500000000;-2.8750000000;-1.0625000000;-2.3125000000;6.3750000000;-20.7500000000;38.1875000000;0.0549320000;0.0551150000;-0.9958500000;0.0478520000
1445;-1.4300000000;0.9100000000;-9.3200000000;-2.5000000000;-1.3125000000;2.3750000000;7.5000000000;-20.7500000000;37.3750000000;0.0550540000;0.0564580000;-0.9956670000;0.0492550000
1446;-1.2700000000;0.7900000000;-9.7000000000;-2.8750000000;-4.6250000000;-0.8125000000;7.5000000000;-20.7500000000;37.3750000000;0.0561520000;0.0562740000;-0.9956050000;0.0499880000
1447;-1.3400000000;0.8900000000;-9.8800000000;-3.0625000000;-2.5000000000;-0.0625000000;6.6875000000;-20.7500000000;38.1875000000;0.0572510000;0.0565800000;-0.9954830000;0.0508420000
1448;-1.1900000000;0.9400000000;-10.0000000000;0.6250000000;0.0000000000;-1.9375000000;7.5000000000;-20.0625000000;39.3750000000;0.0576780000;0.0576170000;-0.9953610000;0.0507810000
1449;-1.4600000000;1.1600000000;-9.2400000000;0.6875000000;3.8125000000;0.5625000000;7.8750000000;-20.0625000000;39.3750000000;0.0565190000;0.0596310000;-0.9953000000;0.0509640000
1450;-1.1000000000;1.2000000000;-9.4000000000;-2.3125000000;-2.5000000000;-0.2500000000;6.6875000000;-20.3750000000;37.8750000000;0.0565190000;0.0595700000;-0.9953000000;0.0509640000
1451;-1.5200000000;0.9200000000;-9.4100000000;-2.3750000000;-0.5625000000;2.6250000000;6.6875000000;-20.3750000000;37.8750000000;0.0570680000;0.0592040000;-0.9953000000;0.0513920000
1452;-1.1900000000;1.0200000000;-9.5300000000;-4.8125000000;-2.0625000000;0.3750000000;7.5000000000;-20.0625000000;37.0000000000;0.0573120000;0.0601200000;-0.9951170000;0.0530400000
1453;-1.5300000000;0.6000000000;-9.8200000000;-1.8125000000;-3.8750000000;-0.5625000000;7.5000000000;-21.0625000000;39.0000000000;0.0584720000;0.0605470000;-0.9949950000;0.0543820000
1454;-1.2000000000;1.5100000000;-10.1400000000;-4.8125000000;0.4375000000;-2.4375000000;7.8750000000;-20.7500000000;37.0000000000;0.0590820000;0.0629270000;-0.9947510000;0.0549930000
1455;-1.7300000000;1.0900000000;-9.2700000000;3.8125000000;1.0625000000;-0.8750000000;7.5000000000;-20.7500000000;39.0000000000;0.0581670000;0.0636600000;-0.9946900000;0.0556640000
1456;-0.9100000000;1.9100000000;-9.6800000000;1.7500000000;-2.0000000000;-2.9375000000;7.5000000000;-20.7500000000;39.0000000000;0.0591430000;0.0640260000;-0.9947510000;0.0537720000
1457;-1.7400000000;0.8800000000;-9.4400000000;-1.0000000000;-0.8750000000;1.4375000000;7.5000000000;-21.0625000000;36.5625000000;0.0586550000;0.0642090000;-0.9946900000;0.0552980000
1458;-1.2000000000;1.0400000000;-9.4400000000;-0.2500000000;-1.8750000000;-3.2500000000;6.6875000000;-21.0625000000;37.8750000000;0.0594480000;0.0643310000;-0.9946290000;0.0551150000
1459;-1.6200000000;0.9900000000;-9.5800000000;-4.0000000000;0.5000000000;0.6250000000;7.5000000000;-20.7500000000;37.8750000000;0.0596920000;0.0649410000;-0.9945070000;0.0562740000
1460;-1.4000000000;1.2500000000;-9.2400000000;-0.8125000000;-1.3750000000;-2.2500000000;7.8750000000;-21.5000000000;37.8750000000;0.0598750000;0.0658570000;-0.9944460000;0.0564580000
1461;-1.3900000000;1.1700000000;-10.0200000000;-3.3750000000;-5.0625000000;0.1875000000;7.8750000000;-21.5000000000;37.8750000000;0.0612180000;0.0662840000;-0.9942630000;0.0573730000
1462;-1.3500000000;1.3900000000;-9.7000000000;0.7500000000;-0.1875000000;-1.0625000000;7.8750000000;-20.7500000000;37.8750000000;0.0615840000;0.0668950000;-0.9941410000;0.0580440000
1463;-1.4900000000;1.3000000000;-9.1100000000;-1.2500000000;-0.1875000000;-1.0000000000;7.0625000000;-20.7500000000;37.3750000000;0.0614010000;0.0669560000;-0.9941410000;0.0581050000
1464;-1.4200000000;0.9500000000;-9.9500000000;-0.9375000000;-5.0000000000;0.6875000000;7.8750000000;-20.7500000000;37.0000000000;0.0623780000;0.0672610000;-0.9940190000;0.0590820000
1465;-1.5000000000;1.2400000000;-9.3300000000;-3.0625000000;3.4375000000;-1.2500000000;7.8750000000;-20.7500000000;37.0000000000;0.0624390000;0.0678710000;-0.9939580000;0.0593870000
1466;-1.3500000000;1.5200000000;-9.7400000000;-2.5625000000;-1.3750000000;0.1875000000;7.8750000000;-20.7500000000;37.0000000000;0.0621950000;0.0680540000;-0.9938960000;0.0601200000
1467;-1.4700000000;1.0700000000;-9.4000000000;2.6250000000;0.9375000000;0.6250000000;7.5000000000;-20.7500000000;37.3750000000;0.0621340000;0.0678100000;-0.9939580000;0.0604250000
1468;-1.3800000000;1.2800000000;-9.6500000000;-4.8125000000;-0.5000000000;0.9375000000;6.6875000000;-21.0625000000;36.2500000000;0.0621340000;0.0672610000;-0.9938960000;0.0611570000
1469;-1.5800000000;0.9600000000;-9.4200000000;3.5000000000;-1.7500000000;0.1250000000;7.8750000000;-21.0625000000;36.5625000000;0.0625000000;0.0673220000;-0.9938960000;0.0609740000
1470;-1.1800000000;1.3500000000;-9.8100000000;-2.1250000000;-0.3125000000;-1.0625000000;8.1875000000;-20.7500000000;37.3750000000;0.0630490000;0.0684200000;-0.9937740000;0.0610350000
1471;-1.6100000000;1.0800000000;-9.5700000000;3.5000000000;1.7500000000;0.2500000000;8.1875000000;-20.7500000000;37.3750000000;0.0625000000;0.0682980000;-0.9938350000;0.0609130000
1472;-1.3400000000;1.5500000000;-9.3700000000;-1.3750000000;-0.8125000000;-0.4375000000;7.8750000000;-21.5000000000;36.6875000000;0.0623170000;0.0683590000;-0.9938960000;0.0605470000
1473;-1.4500000000;1.4500000000;-9.5600000000;0.4375000000;1.3125000000;3.7500000000;8.1875000000;-21.0625000000;37.3750000000;0.0623170000;0.0675050000;-0.9938960000;0.0608520000
1474;-1.4500000000;0.9100000000;-9.4700000000;0.0000000000;-0.6875000000;1.0000000000;7.5000000000;-20.7500000000;36.5625000000;0.0622560000;0.0667110000;-0.9940190000;0.0604250000
1475;-1.4400000000;1.3400000000;-9.4100000000;-3.0625000000;-1.1875000000;-1.1250000000;7.8750000000;-20.7500000000;38.1875000000;0.0626220000;0.0669560000;-0.9938960000;0.0614010000
1476;-1.6300000000;0.9300000000;-9.7100000000;1.4375000000;0.2500000000;-1.9375000000;7.8750000000;-20.7500000000;38.1875000000;0.0632320000;0.0670780000;-0.9938350000;0.0612180000
1477;-1.2800000000;1.6900000000;-9.4100000000;-1.6875000000;-0.8125000000;-2.4375000000;7.5000000000;-21.5000000000;37.0000000000;0.0632320000;0.0681150000;-0.9937740000;0.0612790000
1478;-1.7400000000;1.2300000000;-9.3500000000;-2.5000000000;0.1250000000;1.8125000000;7.5000000000;-21.0625000000;37.8750000000;0.0631100000;0.0678100000;-0.9937740000;0.0622560000
1479;-1.2800000000;1.2900000000;-9.5700000000;0.7500000000;-2.0625000000;-1.6250000000;7.5000000000;-21.0625000000;36.2500000000;0.0638430000;0.0679320000;-0.9937130000;0.0619510000
1480;-1.5600000000;1.0100000000;-9.6500000000;-3.7500000000;-0.7500000000;2.5000000000;7.5000000000;-21.0625000000;36.2500000000;0.0640260000;0.0675050000;-0.9936520000;0.0629270000
1481;-1.4700000000;1.1100000000;-9.7500000000;3.0000000000;0.1250000000;-1.8125000000;7.8750000000;-21.0625000000;38.1875000000;0.0642090000;0.0677490000;-0.9937130000;0.0618900000
1482;-1.4600000000;1.4300000000;-9.3300000000;-3.5000000000;2.1250000000;0.6875000000;7.5000000000;-21.5000000000;36.1875000000;0.0634770000;0.0678710000;-0.9937130000;0.0626830000
1483;-1.5100000000;0.9800000000;-9.4500000000;3.6250000000;-0.9375000000;1.1250000000;7.0625000000;-21.0625000000;37.5000000000;0.0636600000;0.0673220000;-0.9937740000;0.0617070000
1484;-1.5200000000;1.1300000000;-9.4600000000;-4.0000000000;-0.5000000000;0.0000000000;8.1875000000;-21.5000000000;37.3750000000;0.0637820000;0.0674440000;-0.9937130000;0.0626830000
1485;-1.4100000000;1.2600000000;-9.1900000000;-0.1875000000;-1.3750000000;-0.8125000000;8.1875000000;-21.5000000000;37.3750000000;0.0640260000;0.0675660000;-0.9936520000;0.0628050000
1486;-1.5200000000;1.3200000000;-9.8500000000;-3.8125000000;-3.2500000000;0.0625000000;8.1875000000;-21.5000000000;38.1875000000;0.0651860000;0.0677490000;-0.9934690000;0.0641480000
1487;-1.5500000000;1.0600000000;-9.9000000000;1.3750000000;-1.2500000000;-0.3125000000;7.8750000000;-21.8750000000;37.3750000000;0.0656740000;0.0677490000;-0.9934690000;0.0640260000
1488;-1.4300000000;1.5300000000;-9.6600000000;-0.9375000000;1.9375000000;-0.1875000000;9.0000000000;-21.0625000000;37.3750000000;0.0653080000;0.0679320000;-0.9934690000;0.0640260000
1489;-1.8300000000;0.9500000000;-9.1600000000;2.8750000000;2.6250000000;0.3750000000;8.1875000000;-21.5000000000;37.3750000000;0.0644530000;0.0678100000;-0.9935910000;0.0635380000
1490;-1.1500000000;1.6700000000;-9.4500000000;-1.9375000000;-2.2500000000;-1.8750000000;8.1875000000;-21.5000000000;37.3750000000;0.0648190000;0.0682980000;-0.9935300000;0.0633540000
1491;-1.8100000000;0.9100000000;-9.5000000000;0.6250000000;-0.5000000000;0.2500000000;7.8750000000;-20.7500000000;37.0625000000;0.0650630000;0.0681150000;-0.9935300000;0.0637820000
1492;-1.3900000000;1.5000000000;-9.3300000000;-2.5625000000;-1.3125000000;-2.8125000000;8.1875000000;-21.5000000000;37.3750000000;0.0654300000;0.0689700000;-0.9934080000;0.0643920000
1493;-1.6700000000;1.1300000000;-9.8000000000;-0.7500000000;-3.1875000000;-0.1250000000;8.5625000000;-20.7500000000;37.0000000000;0.0664670000;0.0689700000;-0.9932860000;0.0647580000
1494;-1.2000000000;1.8300000000;-9.7500000000;-0.9375000000;-0.2500000000;-3.0625000000;8.1875000000;-21.0625000000;36.6875000000;0.0665280000;0.0696410000;-0.9932250000;0.0646360000
1495;-1.7800000000;1.3500000000;-9.4200000000;1.0625000000;1.8125000000;2.6875000000;8.1875000000;-21.0625000000;36.6875000000;0.0661620000;0.0695190000;-0.9932250000;0.0653080000
1496;-1.1600000000;1.7100000000;-9.4900000000;1.5625000000;-0.5000000000;0.1875000000;7.8750000000;-21.5000000000;38.1875000000;0.0659180000;0.0689700000;-0.9933470000;0.0645140000
1497;-1.8900000000;0.8600000000;-9.2100000000;-3.6875000000;1.6250000000;4.1875000000;8.1875000000;-20.7500000000;37.0000000000;0.0654300000;0.0678710000;-0.9934080000;0.0656130000
1498;-1.2700000000;1.1000000000;-9.8300000000;3.5625000000;-2.8750000000;-0.8750000000;8.1875000000;-21.5000000000;37.0000000000;0.0662230000;0.0676880000;-0.9934080000;0.0648800000
1499;-1.8100000000;1.2000000000;-9.2800000000;-1.8125000000;2.2500000000;-0.0625000000;7.8750000000;-22.2500000000;37.5000000000;0.0659180000;0.0679320000;-0.9934080000;0.0650630000
1500;-1.3100000000;1.3100000000;-9.6300000000;5.3125000000;-2.0625000000;-2.5000000000;7.8750000000;-22.2500000000;37.5000000000;0.0661620000;0.0681150000;-0.9934080000;0.0643920000
1501;-1.5800000000;1.5100000000;-9.4200000000;-4.3125000000;1.8125000000;0.6875000000;7.8750000000;-21.8750000000;36.6875000000;0.0659180000;0.0685420000;-0.9933470000;0.0644530000
1502;-1.4600000000;1.3300000000;-9.6200000000;3.6875000000;-0.4375000000;1.0625000000;8.5625000000;-21.5000000000;37.8750000000;0.0659790000;0.0681760000;-0.9934080000;0.0640260000
1503;-1.3900000000;1.2300000000;-9.6800000000;-3.0000000000;0.1250000000;1.3125000000;8.5625000000;-20.7500000000;37.0000000000;0.0661010000;0.0679930000;-0.9934080000;0.0642700000
1504;-1.5900000000;1.0600000000;-9.1200000000;-0.1875000000;3.2500000000;0.4375000000;7.5000000000;-21.5000000000;36.6875000000;0.0657350000;0.0679930000;-0.9934080000;0.0646970000
1505;-1.8800000000;0.7600000000;-7.6300000000;-5.3750000000;-3.0625000000;-1.9375000000;7.5000000000;-21.5000000000;36.6875000000;0.0656130000;0.0684810000;-0.9933470000;0.0656740000
1506;-2.7000000000;0.2100000000;-5.9500000000;-13.8750000000;-15.5625000000;-7.7500000000;7.8750000000;-21.0625000000;37.0000000000;0.0688480000;0.0701290000;-0.9927370000;0.0695800000
1507;-2.4500000000;0.4500000000;-5.5800000000;-22.1875000000;-48.2500000000;-18.6875000000;8.1875000000;-22.2500000000;37.0000000000;0.0802000000;0.0744630000;-0.9910890000;0.0762330000
1508;-3.7300000000;1.2100000000;-5.3300000000;-29.0000000000;-89.0625000000;-21.3750000000;9.3750000000;-22.5625000000;36.6875000000;0.1047970000;0.0810550000;-0.9874270000;0.0863040000
1509;-4.9700000000;1.5300000000;-3.4300000000;-36.2500000000;-128.5000000000;-30.2500000000;12.2500000000;-23.0000000000;34.6875000000;0.1419070000;0.0892330000;-0.9807740000;0.0997920000
1510;-8.1200000000;2.0100000000;-2.2400000000;-40.6250000000;-209.1250000000;-39.5000000000;12.2500000000;-23.0000000000;34.6875000000;0.1992190000;0.0969850000;-0.9681400000;0.1168820000
1511;-11.2500000000;2.2100000000;-6.8500000000;-57.6250000000;-318.7500000000;-5.6250000000;17.0625000000;-23.7500000000;32.3750000000;0.2891240000;0.0958250000;-0.9422000000;0.1395870000
1512;-9.6500000000;0.8200000000;-7.4100000000;-0.5625000000;-297.7500000000;-29.9375000000;24.0625000000;-26.3750000000;26.0000000000;0.3885500000;0.0883790000;-0.9036250000;0.1571660000
1513;-10.2900000000;2.1400000000;-3.4900000000;-19.5000000000;-221.4375000000;-58.8750000000;31.0625000000;-26.0000000000;19.0000000000;0.4634400000;0.0897830000;-0.8672490000;0.1583860000
1514;-13.1700000000;4.9200000000;-4.1600000000;-23.5625000000;-228.5625000000;-41.8125000000;35.5625000000;-24.1875000000;12.0000000000;0.5293580000;0.0981450000;-0.8269040000;0.1624760000
1515;-12.5900000000;1.4500000000;-7.4800000000;-62.8125000000;-208.8125000000;1.1875000000;35.5625000000;-24.1875000000;12.0000000000;0.5885010000;0.0965580000;-0.7820430000;0.1807860000
1516;-11.3300000000;2.7300000000;-5.3000000000;-51.5000000000;-157.6250000000;-38.1875000000;38.2500000000;-24.0625000000;4.1875000000;0.6359250000;0.1055300000;-0.7378540000;0.2000730000
1517;-11.6100000000;3.0300000000;-4.7400000000;8.1875000000;-109.5625000000;-18.0625000000;39.0625000000;-25.1875000000;-2.7500000000;0.6682130000;0.1056520000;-0.7092900000;0.1981810000
1518;-10.7800000000;1.4200000000;-2.6700000000;-29.8750000000;-59.0625000000;-7.3125000000;38.2500000000;-22.2500000000;-7.0000000000;0.6865840000;0.1054080000;-0.6898800000;0.2037960000
1519;-9.5000000000;1.9800000000;-1.6300000000;-2.8125000000;-41.3750000000;-17.0000000000;37.8750000000;-24.7500000000;-10.6875000000;0.6979370000;0.1095580000;-0.6771240000;0.2058720000
1520;-10.4000000000;1.8400000000;-0.2100000000;13.2500000000;-22.5625000000;-9.1250000000;37.8750000000;-24.7500000000;-10.6875000000;0.7058110000;0.1082760000;-0.6705930000;0.2011110000
1521;-9.8700000000;0.6200000000;0.3800000000;6.2500000000;-21.3125000000;-4.8750000000;37.0625000000;-23.7500000000;-11.0000000000;0.7109990000;0.1054690000;-0.6661990000;0.1989140000
1522;-10.1400000000;1.5000000000;0.9400000000;2.5000000000;-27.1250000000;-17.6875000000;36.2500000000;-22.2500000000;-12.6875000000;0.7172850000;0.1055300000;-0.6604000000;0.1953740000
1523;-10.1500000000;1.6800000000;0.1000000000;11.6250000000;-43.5625000000;-11.5000000000;36.2500000000;-23.7500000000;-11.8750000000;0.7271730000;0.1051640000;-0.6507570000;0.1916500000
1524;-10.1500000000;0.8300000000;-0.6300000000;-9.9375000000;-27.5625000000;2.1875000000;36.6875000000;-23.3750000000;-12.7500000000;0.7352910000;0.1021120000;-0.6419680000;0.1918330000
1525;-9.8400000000;-0.2600000000;0.5000000000;-6.0625000000;-2.0000000000;-10.1875000000;36.6875000000;-23.3750000000;-12.7500000000;0.7370000000;0.1062620000;-0.6386110000;0.1943360000
1526;-9.5900000000;0.9500000000;1.0500000000;3.8750000000;-6.6875000000;-14.6250000000;35.8750000000;-23.7500000000;-14.2500000000;0.7389530000;0.1084590000;-0.6372070000;0.1901250000
1527;-9.8600000000;0.9800000000;0.8100000000;-8.0000000000;-7.4375000000;-1.8125000000;35.7500000000;-21.5000000000;-13.1875000000;0.7409670000;0.1099850000;-0.6348270000;0.1893920000
1528;-9.6100000000;0.5600000000;0.5200000000;-11.3125000000;-3.0625000000;-5.0000000000;35.7500000000;-21.5000000000;-13.1875000000;0.7418820000;0.1132200000;-0.6326290000;0.1912840000
1529;-9.6600000000;1.1600000000;0.9300000000;-7.1250000000;4.3750000000;-5.5000000000;35.7500000000;-22.2500000000;-14.7500000000;0.7415160000;0.1163330000;-0.6325680000;0.1911010000
1530;-9.6900000000;0.6500000000;1.3000000000;-1.7500000000;5.5625000000;-1.3750000000;35.7500000000;-22.2500000000;-14.7500000000;0.7399290000;0.1191410000;-0.6336670000;0.1917720000
1531;-9.5700000000;0.9300000000;1.5100000000;4.6875000000;5.0625000000;-2.1875000000;35.7500000000;-23.0000000000;-14.0625000000;0.7396240000;0.1171260000;-0.6354370000;0.1881100000
1532;-9.6400000000;0.6600000000;1.6100000000;-4.0625000000;4.6875000000;0.6250000000;35.3750000000;-20.3750000000;-13.5625000000;0.7387080000;0.1171260000;-0.6367800000;0.1873780000
1533;-9.5200000000;0.7800000000;1.5000000000;1.7500000000;-0.6250000000;-1.3125000000;36.1875000000;-23.0000000000;-14.0625000000;0.7390140000;0.1159670000;-0.6371460000;0.1856080000
1534;-9.7600000000;0.8400000000;0.9300000000;1.6875000000;-1.9375000000;3.0000000000;36.5625000000;-21.8750000000;-13.5625000000;0.7398070000;0.1135860000;-0.6370240000;0.1842650000
1535;-9.5900000000;-0.0700000000;1.2600000000;-7.7500000000;7.1250000000;-0.3750000000;36.5625000000;-21.8750000000;-13.5625000000;0.7380980000;0.1157840000;-0.6378780000;0.1868290000
1536;-9.5700000000;0.8300000000;1.6500000000;12.5625000000;3.3125000000;-3.8125000000;35.7500000000;-22.5625000000;-14.0625000000;0.7379760000;0.1140140000;-0.6394040000;0.1832280000
1537;-9.5700000000;0.6500000000;1.4700000000;-5.4375000000;1.1875000000;1.5625000000;35.3750000000;-23.0000000000;-13.5625000000;0.7379760000;0.1132200000;-0.6398320000;0.1822510000
1538;-9.6700000000;0.3400000000;1.5300000000;1.6250000000;0.0000000000;-1.5625000000;36.8750000000;-22.2500000000;-12.3750000000;0.7384640000;0.1115110000;-0.6401980000;0.1799320000
1539;-9.7600000000;0.6500000000;1.0700000000;-0.9375000000;-2.9375000000;-1.3125000000;36.8750000000;-22.2500000000;-12.3750000000;0.7390140000;0.1113890000;-0.6398320000;0.1791380000
1540;-9.4800000000;0.4000000000;1.0200000000;-9.5625000000;0.8750000000;-2.0000000000;36.5625000000;-21.0625000000;-13.5625000000;0.7388920000;0.1140140000;-0.6390380000;0.1807250000
1541;-9.5600000000;0.8900000000;1.4500000000;5.8125000000;2.9375000000;-3.6250000000;35.0625000000;-20.7500000000;-13.5625000000;0.7385860000;0.1141360000;-0.6398930000;0.1788940000
1542;-9.6300000000;0.5900000000;1.3600000000;-5.0625000000;1.6875000000;0.3750000000;36.5625000000;-21.8750000000;-13.2500000000;0.7383420000;0.1138310000;-0.6404420000;0.1781620000
1543;-9.6500000000;0.7300000000;1.2800000000;-0.8125000000;0.9375000000;-1.0000000000;36.5625000000;-21.5000000000;-14.0625000000;0.7380980000;0.1144410000;-0.6405030000;0.1784670000
1544;-9.7400000000;0.4000000000;1.0800000000;-4.3125000000;1.5625000000;2.4375000000;36.5625000000;-21.5000000000;-14.0625000000;0.7375490000;0.1143800000;-0.6410520000;0.1787720000
1545;-9.5200000000;0.1500000000;1.3100000000;-8.5625000000;4.8750000000;-1.3750000000;36.5625000000;-21.8750000000;-14.7500000000;0.7360230000;0.1176760000;-0.6416020000;0.1810300000
1546;-9.5400000000;1.1100000000;1.3000000000;8.6875000000;-1.1250000000;-2.8750000000;36.5625000000;-21.8750000000;-13.2500000000;0.7368770000;0.1155400000;-0.6419680000;0.1776730000
1547;-9.6800000000;0.3700000000;1.1800000000;-10.2500000000;1.6250000000;3.2500000000;36.8750000000;-21.8750000000;-13.5625000000;0.7362060000;0.1165770000;-0.6420290000;0.1794430000
1548;-9.6400000000;0.4600000000;1.4500000000;6.2500000000;0.8125000000;-2.1875000000;36.1875000000;-21.0625000000;-13.5625000000;0.7359620000;0.1165770000;-0.6424560000;0.1788940000
1549;-9.5400000000;0.7600000000;1.1200000000;-4.5625000000;-2.1250000000;1.6875000000;36.1875000000;-21.0625000000;-13.5625000000;0.7363890000;0.1162110000;-0.6420900000;0.1786500000
1550;-9.7000000000;0.5500000000;1.1300000000;1.9375000000;0.9375000000;1.5625000000;36.8750000000;-20.3750000000;-13.2500000000;0.7362670000;0.1157230000;-0.6421510000;0.1792600000
1551;-9.6000000000;0.5900000000;1.2300000000;-1.5625000000;1.0625000000;2.5000000000;36.5625000000;-22.5625000000;-13.5625000000;0.7358400000;0.1148070000;-0.6428830000;0.1789550000
1552;-9.7200000000;0.2400000000;1.1800000000;-1.5000000000;0.9375000000;2.1250000000;36.8750000000;-21.8750000000;-12.8750000000;0.7357180000;0.1135860000;-0.6434330000;0.1782840000
1553;-9.6600000000;0.4600000000;1.2900000000;0.5000000000;0.4375000000;-1.1250000000;36.8750000000;-21.8750000000;-14.0625000000;0.7355960000;0.1138920000;-0.6436160000;0.1781010000
1554;-9.6400000000;0.4500000000;1.2100000000;-4.0625000000;0.4375000000;0.1250000000;36.8750000000;-21.8750000000;-14.0625000000;0.7355350000;0.1143800000;-0.6434940000;0.1784060000
1555;-9.6000000000;0.4300000000;1.4200000000;-0.6250000000;-0.6250000000;-2.8125000000;36.1875000000;-20.7500000000;-15.5625000000;0.7348630000;0.1172490000;-0.6431880000;0.1802980000
1556;-9.6300000000;0.8500000000;1.2800000000;-0.5000000000;-2.5625000000;-0.8750000000;36.1875000000;-21.5000000000;-13.2500000000;0.7357790000;0.1167600000;-0.6425780000;0.1791990000
1557;-9.6400000000;0.5600000000;1.2200000000;-4.0625000000;-1.3125000000;0.5000000000;36.1875000000;-21.5000000000;-14.0625000000;0.7358400000;0.1174320000;-0.6421510000;0.1800540000
1558;-9.6600000000;0.7400000000;1.2500000000;2.8125000000;-2.5625000000;-0.2500000000;36.8750000000;-20.0625000000;-13.5625000000;0.7361450000;0.1174320000;-0.6417850000;0.1799930000
1559;-9.6600000000;0.5800000000;1.3100000000;-3.4375000000;-0.8125000000;1.5625000000;36.8750000000;-20.0625000000;-13.5625000000;0.7360840000;0.1173710000;-0.6416630000;0.1806640000
1560;-9.5600000000;0.5100000000;1.4400000000;2.3125000000;-2.3125000000;-0.1875000000;36.5625000000;-20.7500000000;-14.0625000000;0.7363280000;0.1172490000;-0.6412960000;0.1809690000
1561;-9.6900000000;0.5600000000;1.4200000000;-2.7500000000;-4.1250000000;1.0625000000;36.8750000000;-21.5000000000;-15.2500000000;0.7370610000;0.1170040000;-0.6404420000;0.1813960000
1562;-9.5300000000;0.4000000000;1.1800000000;-4.3750000000;-5.0625000000;0.8125000000;36.5625000000;-21.8750000000;-14.0625000000;0.7377320000;0.1177980000;-0.6391600000;0.1827390000
1563;-9.5800000000;0.7800000000;1.2400000000;2.6875000000;-4.6875000000;0.3750000000;35.7500000000;-20.7500000000;-13.2500000000;0.7385250000;0.1168210000;-0.6386110000;0.1818850000
1564;-9.6700000000;0.5400000000;1.2700000000;-6.5625000000;-1.0625000000;3.1250000000;35.7500000000;-20.7500000000;-13.2500000000;0.7387080000;0.1171880000;-0.6379390000;0.1833500000
1565;-9.6500000000;0.4000000000;1.5600000000;1.8125000000;-2.1875000000;-0.5625000000;35.7500000000;-21.0625000000;-14.7500000000;0.7385860000;0.1177370000;-0.6376950000;0.1843260000
1566;-9.5500000000;0.6100000000;1.1300000000;-3.6250000000;-4.0000000000;0.8750000000;36.1875000000;-21.8750000000;-14.0625000000;0.7396240000;0.1167600000;-0.6368410000;0.1837770000
1567;-9.8900000000;0.3900000000;1.1500000000;-5.8125000000;0.3125000000;1.3125000000;35.7500000000;-21.8750000000;-14.7500000000;0.7395630000;0.1177980000;-0.6362920000;0.1852420000
1568;-9.9500000000;0.8800000000;0.4400000000;-4.0625000000;-3.7500000000;-0.1250000000;35.3750000000;-21.8750000000;-14.3750000000;0.7398680000;0.1184690000;-0.6355590000;0.1860350000
1569;-9.8300000000;1.0200000000;-1.4100000000;-9.1875000000;12.1875000000;2.5625000000;35.3750000000;-21.8750000000;-14.3750000000;0.7388920000;0.1199340000;-0.6359250000;0.1877440000
1570;-10.4600000000;1.3300000000;-1.8400000000;-6.1250000000;40.2500000000;2.7500000000;35.3750000000;-21.8750000000;-14.3750000000;0.7315060000;0.1240840000;-0.6432500000;0.1889650000
1571;-11.0600000000;1.6700000000;-3.3900000000;1.1875000000;57.9375000000;11.9375000000;35.3750000000;-20.0625000000;-14.3750000000;0.7197880000;0.1246950000;-0.6563720000;0.1884770000
1572;-12.2000000000;1.1400000000;-6.4100000000;-39.8125000000;98.5000000000;26.5625000000;36.5625000000;-21.5000000000;-12.8750000000;0.6996460000;0.1302490000;-0.6748660000;0.1952510000
1573;-12.0600000000;2.2500000000;-6.3900000000;20.6875000000;154.5000000000;24.5000000000;37.2500000000;-22.2500000000;-10.8750000000;0.6669310000;0.1353760000;-0.7058720000;0.1965940000
1574;-13.4200000000;3.0100000000;-5.2900000000;-0.3125000000;207.3750000000;46.5000000000;37.2500000000;-22.2500000000;-10.8750000000;0.6182860000;0.1341550000;-0.7504270000;0.1912840000
1575;-13.2600000000;-0.0700000000;-4.2000000000;23.5000000000;227.0000000000;48.0625000000;38.3750000000;-19.6875000000;-6.8750000000;0.5571290000;0.1362920000;-0.7962650000;0.1922610000
1576;-12.7100000000;2.5400000000;-2.8000000000;94.0000000000;231.6250000000;28.8750000000;39.0625000000;-23.7500000000;0.1875000000;0.4941410000;0.1267700000;-0.8440550000;0.1655270000
1577;-11.3500000000;2.0200000000;-4.3600000000;16.8125000000;225.7500000000;37.1875000000;38.7500000000;-21.0625000000;8.2500000000;0.4281010000;0.1207890000;-0.8834230000;0.1472170000
1578;-10.2800000000;0.8100000000;-3.6100000000;75.6250000000;213.5625000000;24.1875000000;35.0000000000;-21.5000000000;16.8750000000;0.3604740000;0.1166990000;-0.9161380000;0.1309810000
1579;-7.9700000000;3.9200000000;-4.6000000000;66.3750000000;171.4375000000;17.8125000000;35.0000000000;-21.5000000000;16.8750000000;0.3048710000;0.1087040000;-0.9411010000;0.0979000000
1580;-7.5800000000;0.6900000000;-5.8600000000;2.9375000000;167.9375000000;21.6250000000;31.6875000000;-22.5625000000;24.3750000000;0.2500610000;0.1051640000;-0.9581300000;0.0913090000
1581;-5.8900000000;1.6700000000;-4.9900000000;61.5000000000;131.0625000000;9.3750000000;26.7500000000;-20.8750000000;28.2500000000;0.2035520000;0.1020510000;-0.9711300000;0.0710450000
1582;-4.3800000000;1.6800000000;-6.7500000000;13.7500000000;113.6875000000;23.1875000000;22.0625000000;-21.1875000000;32.5000000000;0.1656490000;0.0954590000;-0.9798580000;0.0578610000
1583;-3.7300000000;0.8600000000;-5.4500000000;47.5000000000;101.3750000000;20.5625000000;18.2500000000;-19.7500000000;35.2500000000;0.1299440000;0.0897220000;-0.9864500000;0.0445560000
1584;-2.8400000000;0.1900000000;-5.3100000000;48.3750000000;62.1250000000;25.6875000000;18.2500000000;-19.7500000000;35.2500000000;0.1062010000;0.0802610000;-0.9907840000;0.0253300000
1585;-2.2800000000;-1.0700000000;-6.9200000000;21.2500000000;30.1875000000;22.7500000000;13.8750000000;-18.6875000000;36.5000000000;0.0926510000;0.0710450000;-0.9930420000;0.0156250000
1586;-1.8800000000;-0.0900000000;-7.7000000000;15.6875000000;18.2500000000;8.5000000000;11.2500000000;-16.5000000000;38.8750000000;0.0859990000;0.0660400000;-0.9940800000;0.0078130000
1587;-1.6700000000;-0.1800000000;-7.2300000000;-11.2500000000;17.2500000000;5.6250000000;11.0000000000;-16.0625000000;38.8750000000;0.0800170000;0.0665280000;-0.9945070000;0.0101930000
1588;-1.9800000000;0.0200000000;-9.1000000000;-12.6875000000;-11.5625000000;3.1875000000;9.7500000000;-16.5000000000;40.0625000000;0.0816650000;0.0669560000;-0.9942630000;0.0155640000
1589;-2.2100000000;-0.0800000000;-9.1200000000;-14.9375000000;-1.3125000000;0.7500000000;9.7500000000;-16.5000000000;40.0625000000;0.0832520000;0.0662840000;-0.9941410000;0.0183720000
1590;-1.3400000000;0.1400000000;-9.9000000000;-21.3750000000;-13.3125000000;-8.4375000000;9.7500000000;-16.7500000000;38.8750000000;0.0858150000;0.0700680000;-0.9934690000;0.0263670000
1591;-2.1400000000;0.8300000000;-10.5800000000;-1.1250000000;-7.3750000000;2.8750000000;9.7500000000;-16.7500000000;38.8750000000;0.0886230000;0.0712280000;-0.9931030000;0.0283810000
1592;-1.6800000000;0.5200000000;-9.4600000000;-11.6250000000;1.7500000000;-4.9375000000;9.7500000000;-17.5000000000;38.5000000000;0.0878300000;0.0726320000;-0.9929810000;0.0317380000
1593;-1.9100000000;0.8900000000;-9.9000000000;-8.9375000000;-5.1250000000;1.8125000000;9.7500000000;-17.5000000000;38.5000000000;0.0883790000;0.0729980000;-0.9927980000;0.0340580000
1594;-1.9500000000;0.7500000000;-9.5400000000;2.1250000000;2.7500000000;3.3125000000;10.5625000000;-17.8750000000;37.2500000000;0.0884400000;0.0736690000;-0.9927370000;0.0347290000
1595;-1.6800000000;1.1900000000;-8.5500000000;-1.3125000000;-3.0000000000;4.3750000000;10.5625000000;-17.5000000000;38.1875000000;0.0888060000;0.0737920000;-0.9926760000;0.0350340000
1596;-2.1200000000;0.8900000000;-9.3700000000;6.7500000000;-10.8750000000;8.0625000000;10.1875000000;-18.2500000000;38.5625000000;0.0923460000;0.0712890000;-0.9925540000;0.0343630000
1597;-2.0000000000;0.3900000000;-10.0000000000;-10.5000000000;-5.6875000000;2.5625000000;10.5625000000;-18.2500000000;38.1875000000;0.0939330000;0.0711670000;-0.9923710000;0.0365600000
1598;-1.9900000000;0.3900000000;-9.8300000000;-7.3750000000;-2.2500000000;1.8125000000;10.5625000000;-18.2500000000;38.1875000000;0.0947270000;0.0706790000;-0.9921870000;0.0395510000
1599;-2.3500000000;0.3300000000;-9.9000000000;4.6875000000;0.0000000000;1.9375000000;11.0000000000;-18.6875000000;37.7500000000;0.0955200000;0.0713500000;-0.9921260000;0.0386960000
1600;-1.9000000000;0.5300000000;-8.9200000000;-4.2500000000;4.8750000000;-1.2500000000;11.0000000000;-19.0000000000;37.3750000000;0.0938110000;0.0731200000;-0.9921260000;0.0395510000
1601;-2.3700000000;1.0600000000;-9.3800000000;5.7500000000;-4.7500000000;2.1250000000;10.5625000000;-18.6875000000;37.7500000000;0.0949100000;0.0729980000;-0.9920650000;0.0386960000
1602;-1.9600000000;0.3700000000;-9.9100000000;-6.3750000000;0.4375000000;0.1250000000;9.7500000000;-19.7500000000;38.1875000000;0.0953980000;0.0723880000;-0.9920040000;0.0396120000
1603;-2.1700000000;0.6400000000;-9.2300000000;-3.6875000000;1.0000000000;-2.7500000000;9.7500000000;-19.7500000000;38.1875000000;0.0944210000;0.0735470000;-0.9919430000;0.0416260000
1604;-1.8700000000;0.9300000000;-9.8600000000;-1.3125000000;-2.9375000000;-1.7500000000;10.5625000000;-18.6875000000;38.1875000000;0.0955200000;0.0747070000;-0.9917600000;0.0415040000
1605;-2.0800000000;1.0100000000;-9.1600000000;-3.7500000000;1.3125000000;-0.0625000000;10.5625000000;-18.2500000000;37.3750000000;0.0949100000;0.0756840000;-0.9916990000;0.0429080000
1606;-1.9600000000;0.6500000000;-9.4100000000;1.0000000000;-4.1875000000;-0.1250000000;11.0000000000;-19.0000000000;38.5625000000;0.0960690000;0.0761110000;-0.9915160000;0.0430300000
1607;-1.9500000000;1.0300000000;-9.4500000000;-10.8125000000;-0.6875000000;0.3750000000;11.6875000000;-18.6875000000;37.3750000000;0.0961910000;0.0786130000;-0.9912110000;0.0451660000
1608;-2.3500000000;0.3200000000;-9.3700000000;-7.6250000000;-2.5625000000;-0.1250000000;11.6875000000;-18.6875000000;37.3750000000;0.0962520000;0.0785520000;-0.9910280000;0.0486450000
1609;-1.8200000000;1.2700000000;-10.3100000000;-2.5000000000;-3.8750000000;-3.6250000000;11.6875000000;-19.0000000000;37.3750000000;0.0978390000;0.0816040000;-0.9906010000;0.0498050000
1610;-2.4600000000;0.9000000000;-9.2300000000;-2.7500000000;4.8750000000;-0.1875000000;10.5625000000;-19.3750000000;37.0000000000;0.0964970000;0.0820310000;-0.9906620000;0.0509640000
1611;-1.9800000000;1.2200000000;-9.4900000000;0.5625000000;-2.9375000000;0.6875000000;11.2500000000;-20.1875000000;36.2500000000;0.0971070000;0.0825200000;-0.9905400000;0.0509640000
1612;-2.1000000000;0.8000000000;-9.3900000000;-2.8750000000;0.3750000000;2.1875000000;10.1875000000;-19.7500000000;37.3750000000;0.0972290000;0.0816650000;-0.9906010000;0.0512080000
1613;-2.0600000000;0.8200000000;-9.4000000000;0.2500000000;-0.7500000000;-0.1250000000;10.1875000000;-19.7500000000;37.3750000000;0.0973510000;0.0816040000;-0.9905400000;0.0524290000
1614;-1.9300000000;1.0200000000;-9.7300000000;-0.3125000000;-2.0000000000;-1.7500000000;11.0000000000;-19.0000000000;37.3750000000;0.0977170000;0.0819700000;-0.9904790000;0.0520630000
1615;-2.4600000000;0.9200000000;-8.9800000000;-2.3750000000;2.6875000000;-0.4375000000;11.0000000000;-19.7500000000;36.5625000000;0.0973510000;0.0827640000;-0.9904170000;0.0527950000
1616;-1.9300000000;1.1900000000;-9.5900000000;2.0625000000;-3.6250000000;-0.2500000000;11.6875000000;-19.3750000000;36.6875000000;0.0979000000;0.0842290000;-0.9902340000;0.0524900000
1617;-2.1500000000;0.6700000000;-9.2700000000;-6.5000000000;1.6875000000;1.3125000000;12.0625000000;-19.3750000000;37.0000000000;0.0975950000;0.0859990000;-0.9900510000;0.0539550000
1618;-2.0500000000;1.0000000000;-9.5900000000;-1.3750000000;-1.4375000000;-0.4375000000;12.0625000000;-19.3750000000;37.0000000000;0.0976560000;0.0863040000;-0.9899290000;0.0552980000
1619;-2.0900000000;0.8700000000;-9.7000000000;-0.6250000000;-1.5625000000;0.5000000000;11.2500000000;-19.3750000000;37.8750000000;0.0982670000;0.0864260000;-0.9898680000;0.0554810000
1620;-2.0200000000;1.2300000000;-9.4500000000;1.0000000000;3.1250000000;-0.2500000000;11.0000000000;-20.5000000000;37.0000000000;0.0979000000;0.0864870000;-0.9898680000;0.0554810000
1621;-2.2000000000;0.9900000000;-9.3100000000;-0.7500000000;-1.3125000000;2.1250000000;11.2500000000;-19.7500000000;37.3750000000;0.0973510000;0.0864260000;-0.9899290000;0.0555420000
1622;-2.0400000000;0.7100000000;-9.5900000000;-0.3750000000;0.0625000000;0.7500000000;11.6875000000;-19.7500000000;37.3750000000;0.0979000000;0.0867920000;-0.9898070000;0.0562130000
1623;-1.9800000000;1.3700000000;-9.6600000000;-2.5625000000;-1.0625000000;-1.1250000000;11.6875000000;-19.7500000000;37.3750000000;0.0977170000;0.0872190000;-0.9898070000;0.0563350000
1624;-2.2400000000;0.9100000000;-9.2100000000;4.5000000000;1.8125000000;1.2500000000;11.0000000000;-20.5000000000;35.8750000000;0.0977780000;0.0869750000;-0.9898070000;0.0562130000
1625;-1.9500000000;1.2100000000;-9.4700000000;-4.1875000000;-3.0000000000;-1.6875000000;11.2500000000;-20.1875000000;37.3750000000;0.0977170000;0.0873410000;-0.9897460000;0.0565190000
1626;-2.2500000000;0.9300000000;-9.5600000000;0.0625000000;-2.2500000000;1.3125000000;11.2500000000;-19.3750000000;37.3750000000;0.0987550000;0.0875240000;-0.9896240000;0.0571900000
1627;-2.0200000000;0.9200000000;-9.2500000000;-5.6875000000;0.0625000000;-2.0625000000;10.5625000000;-20.5000000000;35.8750000000;0.0986940000;0.0875240000;-0.9895630000;0.0584110000
1628;-2.3000000000;1.0700000000;-9.5600000000;-2.5625000000;-3.8750000000;-0.6250000000;10.5625000000;-20.5000000000;35.8750000000;0.0994870000;0.0882570000;-0.9893190000;0.0596310000
1629;-2.0800000000;1.0700000000;-9.5800000000;-0.5625000000;-0.0625000000;-1.5625000000;11.6875000000;-20.1875000000;36.1875000000;0.1002200000;0.0892330000;-0.9891360000;0.0599980000
1630;-2.1200000000;1.4300000000;-9.7100000000;-1.3750000000;-0.7500000000;-1.3125000000;11.6875000000;-21.1875000000;38.1875000000;0.1001590000;0.0900270000;-0.9890140000;0.0606690000
1631;-2.2100000000;1.1000000000;-9.0900000000;1.2500000000;1.8750000000;0.8125000000;11.0000000000;-19.7500000000;37.0000000000;0.1000370000;0.0897830000;-0.9891360000;0.0599370000
1632;-2.0500000000;1.3700000000;-9.1300000000;-4.8750000000;-1.6250000000;0.9375000000;11.2500000000;-20.1875000000;36.6875000000;0.0997310000;0.0898440000;-0.9890750000;0.0612180000
1633;-2.2100000000;0.8100000000;-9.4800000000;-2.8750000000;-1.5000000000;1.7500000000;11.2500000000;-20.1875000000;36.6875000000;0.1003420000;0.0892330000;-0.9889530000;0.0624390000
1634;-2.0200000000;1.1900000000;-9.6900000000;-2.4375000000;-1.5000000000;-1.5000000000;12.0625000000;-20.5000000000;37.3750000000;0.1005860000;0.0902710000;-0.9887700000;0.0637820000
1635;-2.4000000000;1.0400000000;-9.2700000000;-0.3750000000;-1.3750000000;-0.3750000000;11.2500000000;-20.5000000000;35.8750000000;0.1007080000;0.0904540000;-0.9887080000;0.0642090000
1636;-2.1100000000;0.9500000000;-9.4600000000;-1.6250000000;-3.6250000000;-2.5625000000;11.6875000000;-20.5000000000;36.6875000000;0.1017460000;0.0910640000;-0.9885250000;0.0645140000
1637;-2.1700000000;1.4100000000;-9.4000000000;-0.5625000000;-1.8125000000;0.3750000000;11.6875000000;-20.5000000000;37.0000000000;0.1026610000;0.0914310000;-0.9884030000;0.0643310000
1638;-2.1000000000;0.9900000000;-9.6900000000;-4.0000000000;-1.5000000000;-1.5000000000;11.6875000000;-20.5000000000;37.0000000000;0.1030880000;0.0917970000;-0.9882200000;0.0661010000
1639;-2.2300000000;1.3800000000;-9.3700000000;2.3125000000;0.0000000000;0.8125000000;11.2500000000;-20.1875000000;37.7500000000;0.1035160000;0.0917360000;-0.9882200000;0.0653690000
1640;-2.1600000000;1.0200000000;-9.2100000000;-7.1250000000;0.2500000000;-1.1250000000;11.6875000000;-20.1875000000;36.1875000000;0.1029660000;0.0921020000;-0.9880980000;0.0673830000
1641;-2.1800000000;1.3500000000;-9.3700000000;-0.8125000000;-2.6875000000;0.4375000000;12.0625000000;-20.5000000000;35.8750000000;0.1035160000;0.0928340000;-0.9879150000;0.0681760000
1642;-2.2600000000;0.8500000000;-9.5300000000;-2.8125000000;-2.0625000000;0.0000000000;11.6875000000;-21.1875000000;36.6875000000;0.1040650000;0.0927120000;-0.9878540000;0.0689700000
1643;-2.2000000000;1.3800000000;-9.5700000000;-3.8750000000;0.7500000000;1.0000000000;11.6875000000;-21.1875000000;36.6875000000;0.1043090000;0.0930180000;-0.9877320000;0.0697020000
1644;-2.3300000000;0.8900000000;-9.5200000000;2.3125000000;-1.8125000000;-2.2500000000;11.0000000000;-20.8750000000;36.1875000000;0.1044310000;0.0928340000;-0.9877320000;0.0698850000
1645;-2.1500000000;1.5600000000;-9.3300000000;-0.3125000000;0.5000000000;1.6250000000;12.0625000000;-21.5625000000;36.5625000000;0.1047360000;0.0931400000;-0.9876710000;0.0693360000
1646;-2.4800000000;0.9400000000;-9.2700000000;-0.3125000000;-0.3750000000;-0.7500000000;12.0625000000;-21.5625000000;37.0000000000;0.1044920000;0.0929570000;-0.9877320000;0.0697020000
1647;-1.9800000000;1.3300000000;-8.8500000000;0.2500000000;-1.2500000000;-1.1875000000;12.0625000000;-21.5625000000;37.0000000000;0.1049800000;0.0933840000;-0.9876100000;0.0697020000
1648;-2.4500000000;0.8900000000;-9.7600000000;-1.3750000000;-5.6250000000;2.1250000000;11.6875000000;-21.5625000000;35.3750000000;0.1066280000;0.0929570000;-0.9874270000;0.0702510000
1649;-2.0900000000;1.4000000000;-9.7000000000;-1.3750000000;-2.0625000000;-3.0000000000;11.2500000000;-20.8750000000;36.1875000000;0.1074830000;0.0935670000;-0.9872440000;0.0709230000
1650;-2.4900000000;1.3700000000;-9.4300000000;-1.1250000000;0.1250000000;-0.8125000000;13.1875000000;-20.8750000000;35.0000000000;0.1073610000;0.0961910000;-0.9870000000;0.0712890000
1651;-2.2100000000;1.5400000000;-9.1700000000;2.5000000000;-0.5000000000;-1.0000000000;12.0625000000;-21.1875000000;36.2500000000;0.1073610000;0.0962520000;-0.9870000000;0.0709230000
1652;-2.2600000000;1.5300000000;-9.4900000000;-4.6250000000;-1.5625000000;0.3125000000;12.0625000000;-21.1875000000;36.2500000000;0.1075440000;0.0963750000;-0.9868770000;0.0720210000
1653;-2.4800000000;1.1300000000;-9.3600000000;-0.4375000000;0.3750000000;2.0625000000;11.6875000000;-20.8750000000;37.3750000000;0.1077270000;0.0952760000;-0.9869380000;0.0726320000
1654;-2.2300000000;1.2600000000;-9.6000000000;0.8750000000;-2.0625000000;-0.3750000000;12.5000000000;-21.1875000000;36.6875000000;0.1082150000;0.0952760000;-0.9868770000;0.0725100000
1655;-2.6200000000;1.0100000000;-9.2200000000;3.0625000000;1.4375000000;1.4375000000;12.5000000000;-21.1875000000;36.1875000000;0.1082760000;0.0949100000;-0.9870000000;0.0715330000
1656;-2.0800000000;1.4400000000;-9.4100000000;2.4375000000;-1.6875000000;-2.1875000000;12.5000000000;-22.0000000000;36.2500000000;0.1085820000;0.0950930000;-0.9870000000;0.0707400000
1657;-2.5800000000;1.4600000000;-9.1000000000;1.1875000000;-0.3750000000;-0.5625000000;12.5000000000;-22.0000000000;36.2500000000;0.1088260000;0.0953980000;-0.9869380000;0.0703740000
1658;-2.2100000000;1.4600000000;-9.3200000000;-5.6875000000;-0.3125000000;-0.6875000000;12.5000000000;-21.1875000000;35.8750000000;0.1089480000;0.0955810000;-0.9868160000;0.0722050000
1659;-2.5300000000;1.0200000000;-9.5800000000;-1.4375000000;-2.2500000000;1.5625000000;12.0625000000;-20.8750000000;35.8750000000;0.1098020000;0.0951540000;-0.9866940000;0.0730590000
1660;-2.0900000000;1.3100000000;-9.3500000000;-0.9375000000;-0.6250000000;-0.4375000000;12.0625000000;-20.8750000000;37.0000000000;0.1102290000;0.0951540000;-0.9866330000;0.0734860000
1661;-2.5900000000;1.0300000000;-9.0900000000;-2.7500000000;0.1250000000;1.3750000000;12.5000000000;-21.5625000000;36.6875000000;0.1100460000;0.0951540000;-0.9865720000;0.0740970000
1662;-2.1400000000;1.2400000000;-9.5200000000;-0.6875000000;-2.8750000000;-0.4375000000;12.5000000000;-21.5625000000;36.6875000000;0.1105350000;0.0950930000;-0.9865110000;0.0747680000
1663;-2.6000000000;1.2500000000;-9.2200000000;-2.0625000000;0.1250000000;0.2500000000;12.0625000000;-20.8750000000;36.1875000000;0.1109620000;0.0952760000;-0.9863890000;0.0753780000
1664;-2.2700000000;1.2300000000;-9.6900000000;-0.7500000000;-1.5625000000;-0.1250000000;12.5000000000;-20.8750000000;35.8750000000;0.1112670000;0.0953980000;-0.9862670000;0.0759280000
1665;-2.4200000000;1.4100000000;-9.4400000000;2.2500000000;1.0625000000;0.0000000000;12.7500000000;-22.0000000000;36.2500000000;0.1110840000;0.0955810000;-0.9863280000;0.0754390000
1666;-2.3000000000;1.2900000000;-9.1900000000;1.5000000000;0.6875000000;-0.3125000000;13.1875000000;-21.5625000000;35.0000000000;0.1110230000;0.0955810000;-0.9863280000;0.0752560000
1667;-2.5000000000;1.5200000000;-8.6900000000;-0.4375000000;0.2500000000;0.1875000000;13.1875000000;-21.5625000000;35.0000000000;0.1109010000;0.0955200000;-0.9863890000;0.0747680000
1668;-2.3300000000;1.3500000000;-9.7200000000;-0.7500000000;-6.3125000000;0.3125000000;13.5625000000;-21.1875000000;36.1875000000;0.1126100000;0.0952150000;-0.9862060000;0.0753780000
1669;-2.4900000000;1.2400000000;-9.4400000000;-5.3750000000;1.3125000000;0.8750000000;12.5000000000;-22.0000000000;36.1875000000;0.1126100000;0.0952150000;-0.9860840000;0.0764770000
1670;-2.4400000000;1.2300000000;-9.5200000000;-0.0625000000;-1.2500000000;0.5000000000;13.1875000000;-20.8750000000;36.6875000000;0.1128540000;0.0951540000;-0.9860230000;0.0772710000
1671;-2.5100000000;1.2600000000;-9.0700000000;-0.3125000000;0.5000000000;0.5625000000;13.1875000000;-20.5000000000;35.0625000000;0.1129760000;0.0950930000;-0.9860840000;0.0765990000
1672;-2.4500000000;1.0700000000;-9.2300000000;-1.2500000000;-1.7500000000;-0.7500000000;13.1875000000;-20.5000000000;35.0625000000;0.1132810000;0.0951540000;-0.9859620000;0.0771480000
1673;-2.4900000000;1.5500000000;-9.4900000000;-3.0625000000;-0.7500000000;-0.4375000000;12.0625000000;-21.5625000000;35.0625000000;0.1140140000;0.0955810000;-0.9858400000;0.0772710000
1674;-2.4400000000;1.3500000000;-9.4500000000;-0.8125000000;-1.5625000000;-1.5000000000;13.5625000000;-21.5625000000;36.2500000000;0.1141360000;0.0958860000;-0.9857180000;0.0784300000
1675;-2.3900000000;1.8700000000;-9.6500000000;-0.3125000000;0.2500000000;-0.5000000000;12.5000000000;-22.0000000000;35.8750000000;0.1146240000;0.0960080000;-0.9857180000;0.0778200000
1676;-2.4300000000;1.3300000000;-9.2200000000;-0.6250000000;1.1875000000;0.3125000000;12.5000000000;-21.5625000000;35.0000000000;0.1138920000;0.0960080000;-0.9857180000;0.0786130000
1677;-2.4600000000;1.5000000000;-9.2200000000;2.1875000000;-0.9375000000;1.5000000000;12.5000000000;-21.5625000000;35.0000000000;0.1142580000;0.0955810000;-0.9857790000;0.0776980000
1678;-2.5400000000;1.1300000000;-9.1700000000;-2.3750000000;0.6250000000;1.3750000000;12.7500000000;-22.0000000000;35.8750000000;0.1143190000;0.0951540000;-0.9857180000;0.0786130000
1679;-2.4700000000;1.3100000000;-8.5900000000;-5.0000000000;-2.5000000000;-0.3750000000;12.7500000000;-21.1875000000;35.5000000000;0.1146240000;0.0952760000;-0.9855960000;0.0795900000
1680;-2.6600000000;1.1000000000;-8.5300000000;-10.2500000000;-7.6250000000;-1.7500000000;12.5000000000;-21.5625000000;37.0000000000;0.1163940000;0.0957030000;-0.9851070000;0.0825200000
1681;-2.6900000000;1.3700000000;-8.1700000000;-24.1250000000;-12.5625000000;-4.1250000000;12.7500000000;-22.0000000000;35.5000000000;0.1199340000;0.0973510000;-0.9840090000;0.0889280000
1682;-2.8300000000;1.8900000000;-7.1900000000;-31.1875000000;-20.1875000000;-2.6875000000;12.7500000000;-22.0000000000;35.5000000000;0.1251830000;0.0991210000;-0.9822390000;0.0986330000
1683;-3.3400000000;1.3500000000;-5.5800000000;-37.7500000000;-43.5625000000;-2.1250000000;13.1875000000;-22.3750000000;34.2500000000;0.1346440000;0.1002200000;-0.9794310000;0.1118160000
1684;-4.1300000000;1.4300000000;-3.5400000000;-37.1250000000;-78.1250000000;-6.8750000000;13.5625000000;-23.8750000000;33.5000000000;0.1549680000;0.1008300000;-0.9747310000;0.1254270000
1685;-5.4800000000;1.2300000000;-3.3800000000;-64.1875000000;-123.8125000000;-16.8125000000;15.7500000000;-25.2500000000;32.6875000000;0.1885990000;0.1033940000;-0.9656980000;0.1455080000
1686;-6.9800000000;1.2300000000;-3.1900000000;-70.3750000000;-158.0625000000;-35.9375000000;18.6875000000;-27.1875000000;29.1875000000;0.2351680000;0.1105960000;-0.9500730000;0.1726070000
1687;-9.6300000000;2.0300000000;-2.1900000000;-51.8125000000;-193.5000000000;-41.8750000000;18.6875000000;-27.1875000000;29.1875000000;0.2918700000;0.1174320000;-0.9296260000;0.1920780000
1688;-11.8900000000;1.7200000000;-5.5200000000;-83.2500000000;-250.9375000000;-57.8750000000;23.5000000000;-29.0000000000;24.3750000000;0.3637080000;0.1243900000;-0.8968510000;0.2186890000
1689;-11.2900000000;4.7500000000;-7.4900000000;-10.0000000000;-241.9375000000;-66.4375000000;28.0000000000;-29.0625000000;18.5000000000;0.4420780000;0.1315920000;-0.8563230000;0.2323610000
1690;-12.2900000000;1.6700000000;-5.4200000000;-15.3750000000;-207.0000000000;-49.2500000000;32.0625000000;-29.0625000000;11.0625000000;0.5069580000;0.1309810000;-0.8178100000;0.2387700000
1691;-13.2100000000;4.1100000000;-4.2600000000;-1.8750000000;-225.9375000000;-73.5625000000;35.3750000000;-28.0000000000;3.5625000000;0.5699460000;0.1312260000;-0.7765500000;0.2343140000
1692;-12.2500000000;3.7800000000;-6.2100000000;-5.0625000000;-169.1875000000;-49.5625000000;35.3750000000;-28.0000000000;3.5625000000;0.6243900000;0.1320800000;-0.7334590000;0.2340090000
1693;-10.8100000000;2.4600000000;-1.9200000000;70.5625000000;-117.8750000000;-40.5000000000;37.2500000000;-25.3750000000;-2.6875000000;0.6613160000;0.1226200000;-0.7067870000;0.2194210000
1694;-11.6100000000;4.1900000000;-0.8100000000;24.5625000000;-135.8750000000;-17.8750000000;37.2500000000;-25.0000000000;-7.3750000000;0.6954350000;0.1087650000;-0.6799930000;0.2052610000
1695;-11.1800000000;1.4500000000;-3.0100000000;-33.7500000000;-122.6875000000;-8.8125000000;36.1875000000;-24.2500000000;-9.7500000000;0.7248540000;0.1066890000;-0.6463620000;0.2130740000
1696;-10.0300000000;0.6400000000;-3.2500000000;19.1875000000;-72.7500000000;-15.8750000000;35.0625000000;-22.7500000000;-14.1875000000;0.7437130000;0.1021730000;-0.6260380000;0.2110600000
1697;-10.1200000000;2.2100000000;-1.4200000000;2.9375000000;-20.1875000000;-2.8750000000;35.0625000000;-22.7500000000;-14.1875000000;0.7517700000;0.0967410000;-0.6192630000;0.2048950000
1698;-10.0500000000;0.7300000000;-1.0200000000;-38.9375000000;-8.1250000000;-0.6250000000;33.8750000000;-25.3750000000;-15.5000000000;0.7535400000;0.1010740000;-0.6148680000;0.2095950000
1699;-9.7700000000;0.5200000000;-0.7000000000;4.1875000000;-0.9375000000;-5.8750000000;33.2500000000;-24.0000000000;-16.5625000000;0.7542110000;0.1062620000;-0.6124270000;0.2117310000
1700;-9.5100000000;0.9200000000;-0.1500000000;15.6875000000;13.1250000000;-4.2500000000;34.0000000000;-25.0000000000;-16.6875000000;0.7528080000;0.1043090000;-0.6159670000;0.2072750000
1701;-10.0000000000;0.5800000000;0.9800000000;-4.4375000000;34.0000000000;-3.8750000000;34.0000000000;-25.0000000000;-16.6875000000;0.7463990000;0.1080320000;-0.6236570000;0.2054440000
1702;-9.9300000000;0.0600000000;1.7200000000;6.2500000000;31.0000000000;-11.0000000000;34.0000000000;-24.6875000000;-16.6875000000;0.7404790000;0.1113280000;-0.6315920000;0.2009890000
1703;-9.4800000000;0.9900000000;1.9700000000;16.2500000000;22.9375000000;-15.4375000000;33.8750000000;-22.7500000000;-14.6875000000;0.7368770000;0.1123660000;-0.6380620000;0.1930540000
1704;-9.8200000000;0.6500000000;1.9000000000;-17.2500000000;19.0000000000;-5.7500000000;34.2500000000;-23.1875000000;-12.7500000000;0.7327880000;0.1165770000;-0.6424560000;0.1913450000
1705;-9.5500000000;0.2500000000;1.8000000000;-8.6250000000;10.3750000000;-11.2500000000;35.6875000000;-23.5625000000;-12.5000000000;0.7302860000;0.1225590000;-0.6443480000;0.1910400000
1706;-9.6000000000;1.5300000000;1.2700000000;-3.8750000000;4.0625000000;-9.0625000000;35.6875000000;-23.5625000000;-12.5000000000;0.7301640000;0.1244510000;-0.6452030000;0.1875000000
1707;-9.3400000000;0.7000000000;0.7000000000;-25.5625000000;9.3750000000;-1.9375000000;36.0625000000;-20.5625000000;-12.0625000000;0.7276000000;0.1314090000;-0.6455080000;0.1915890000
1708;-9.8100000000;0.8400000000;1.2100000000;1.3750000000;12.5625000000;-2.5000000000;36.0625000000;-20.5625000000;-12.0625000000;0.7253420000;0.1317750000;-0.6486210000;0.1892700000
1709;-9.5400000000;0.5500000000;1.4500000000;-2.1875000000;8.1250000000;-1.9375000000;36.5000000000;-21.0000000000;-12.5000000000;0.7238160000;0.1318970000;-0.6508790000;0.1872560000
1710;-9.5100000000;0.5100000000;1.5000000000;-0.5000000000;4.8750000000;-2.6875000000;37.1875000000;-20.2500000000;-12.0625000000;0.7236330000;0.1314090000;-0.6516720000;0.1856080000
1711;-9.7700000000;0.6300000000;1.4800000000;-4.6250000000;-1.8750000000;0.1875000000;37.1875000000;-20.2500000000;-12.0625000000;0.7241820000;0.1316530000;-0.6508790000;0.1858520000
1712;-9.5100000000;0.3500000000;0.9200000000;-8.7500000000;-4.3750000000;0.6875000000;37.1875000000;-21.2500000000;-11.2500000000;0.7254640000;0.1317750000;-0.6492920000;0.1864620000
1713;-9.8300000000;0.4400000000;0.9000000000;-2.6250000000;-3.5000000000;0.3750000000;36.5000000000;-21.0000000000;-12.5000000000;0.7261350000;0.1317750000;-0.6485600000;0.1864620000
1714;-9.6800000000;0.4300000000;0.9100000000;-4.5000000000;-3.0625000000;-0.9375000000;36.7500000000;-21.6875000000;-13.2500000000;0.7262570000;0.1324460000;-0.6482540000;0.1864620000
1715;-9.6600000000;0.5000000000;0.9400000000;-8.5625000000;-3.0625000000;0.3125000000;36.5000000000;-19.0625000000;-13.2500000000;0.7261960000;0.1336670000;-0.6477050000;0.1876830000
1716;-9.8100000000;0.3900000000;0.7200000000;-4.3750000000;-3.6250000000;0.9375000000;36.5000000000;-19.0625000000;-13.2500000000;0.7261350000;0.1347660000;-0.6471560000;0.1890870000
1717;-9.8100000000;0.3300000000;0.7900000000;-0.2500000000;-1.0625000000;-0.3125000000;36.0625000000;-20.6875000000;-11.6875000000;0.7260130000;0.1336670000;-0.6481320000;0.1868900000
1718;-9.5900000000;0.5000000000;0.8300000000;-0.5000000000;-0.8125000000;-0.8750000000;36.5000000000;-21.2500000000;-13.6875000000;0.7256470000;0.1337890000;-0.6487430000;0.1863400000
1719;-9.6000000000;0.5700000000;0.9600000000;0.7500000000;1.0625000000;1.0000000000;36.5000000000;-21.2500000000;-12.8750000000;0.7254030000;0.1326290000;-0.6494750000;0.1853640000
1720;-9.7800000000;0.3600000000;1.0100000000;-2.4375000000;-0.9375000000;3.2500000000;37.1875000000;-20.2500000000;-13.6875000000;0.7251590000;0.1325070000;-0.6495970000;0.1862180000
1721;-9.6800000000;0.3400000000;0.9400000000;3.6250000000;-1.5625000000;0.8750000000;37.1875000000;-20.2500000000;-13.6875000000;0.7254030000;0.1317750000;-0.6493530000;0.1865230000
1722;-9.6300000000;0.6800000000;1.1800000000;-0.1250000000;1.2500000000;-0.2500000000;36.7500000000;-21.0625000000;-13.6875000000;0.7253420000;0.1314090000;-0.6496580000;0.1859740000
1723;-9.7000000000;0.3000000000;1.2000000000;-0.3125000000;-2.4375000000;0.9375000000;36.5000000000;-21.3750000000;-12.8750000000;0.7256470000;0.1306150000;-0.6495360000;0.1855470000
1724;-9.7500000000;0.4300000000;1.0700000000;2.6250000000;-2.9375000000;0.1250000000;36.7500000000;-21.0000000000;-13.2500000000;0.7265620000;0.1296390000;-0.6489870000;0.1848140000
1725;-9.6700000000;0.2100000000;1.0500000000;-3.3750000000;-2.5625000000;-1.0625000000;36.0625000000;-21.2500000000;-13.6875000000;0.7269290000;0.1302490000;-0.6483150000;0.1850590000
1726;-9.6800000000;0.5700000000;1.0600000000;2.0625000000;-3.3125000000;-2.0625000000;36.0625000000;-21.2500000000;-13.6875000000;0.7276000000;0.1306150000;-0.6477660000;0.1843260000
1727;-9.6000000000;0.4500000000;1.0100000000;-5.0000000000;-2.1250000000;0.0000000000;36.0625000000;-19.8750000000;-12.7500000000;0.7279660000;0.1309200000;-0.6471560000;0.1846310000
1728;-9.7200000000;0.4100000000;1.2000000000;-0.3750000000;-2.8750000000;-1.1250000000;36.5000000000;-21.2500000000;-14.5000000000;0.7282100000;0.1315920000;-0.6466060000;0.1852420000
1729;-9.5600000000;0.8000000000;0.9800000000;2.1250000000;-4.3750000000;-0.6875000000;36.5000000000;-19.5625000000;-13.2500000000;0.7293090000;0.1309200000;-0.6456910000;0.1845700000
1730;-9.6400000000;0.5800000000;1.1500000000;-2.8750000000;-0.8750000000;2.7500000000;36.0625000000;-21.3750000000;-14.5000000000;0.7295530000;0.1307370000;-0.6452030000;0.1853640000
1731;-9.8100000000;0.4400000000;1.1200000000;1.2500000000;-2.3750000000;2.7500000000;36.0625000000;-21.3750000000;-14.5000000000;0.7296140000;0.1303100000;-0.6449580000;0.1862790000
1732;-9.6700000000;0.4400000000;0.6800000000;-0.8750000000;-2.1875000000;1.2500000000;36.5000000000;-21.3750000000;-14.0625000000;0.7297360000;0.1296390000;-0.6448970000;0.1865230000
1733;-9.7500000000;0.8900000000;0.1100000000;-3.0625000000;-0.8125000000;0.4375000000;35.6875000000;-22.5000000000;-12.8750000000;0.7302860000;0.1281130000;-0.6450200000;0.1850590000
1734;-9.9200000000;0.4000000000;-0.6200000000;-5.5625000000;13.0000000000;5.4375000000;36.0625000000;-20.5625000000;-13.6875000000;0.7284550000;0.1289060000;-0.6464230000;0.1867070000
1735;-10.1400000000;1.2100000000;-0.7500000000;-1.3750000000;28.0625000000;0.1875000000;36.7500000000;-20.3750000000;-14.5000000000;0.7229610000;0.1310420000;-0.6520390000;0.1870730000
1736;-10.1100000000;0.9600000000;-2.2000000000;-10.8125000000;35.1250000000;8.0000000000;36.7500000000;-20.3750000000;-14.5000000000;0.7153320000;0.1334230000;-0.6596070000;0.1881100000
1737;-10.3400000000;1.7000000000;-2.7500000000;1.5000000000;59.0625000000;4.8125000000;36.5000000000;-21.3750000000;-15.1875000000;0.7033080000;0.1374510000;-0.6712040000;0.1895140000
1738;-11.6900000000;1.4800000000;-4.2400000000;-21.4375000000;85.6250000000;22.8750000000;36.7500000000;-21.7500000000;-11.2500000000;0.6852420000;0.1387330000;-0.6894530000;0.1894530000
1739;-11.1800000000;2.7900000000;-5.8000000000;-9.5000000000;120.1875000000;17.6875000000;38.0000000000;-21.0000000000;-10.0625000000;0.6571660000;0.1457520000;-0.7134400000;0.1947020000
1740;-12.4500000000;3.2200000000;-6.1900000000;10.3750000000;173.8125000000;55.8750000000;38.2500000000;-21.6875000000;-7.7500000000;0.6179810000;0.1436160000;-0.7485350000;0.1928100000
1741;-13.0500000000;1.3100000000;-6.0400000000;-20.5000000000;201.3750000000;58.6875000000;38.2500000000;-21.6875000000;-7.7500000000;0.5626220000;0.1445310000;-0.7889400000;0.2003170000
1742;-13.0200000000;1.8700000000;-6.6200000000;37.4375000000;226.1875000000;59.5625000000;39.3750000000;-22.7500000000;-0.6875000000;0.5000000000;0.1380620000;-0.8324580000;0.1947630000
1743;-13.0100000000;0.6400000000;-5.7900000000;12.9375000000;248.1875000000;55.6875000000;38.2500000000;-24.6875000000;4.5000000000;0.4281010000;0.1329350000;-0.8745120000;0.1850590000
1744;-11.5200000000;0.7000000000;-3.0600000000;103.8750000000;213.9375000000;19.7500000000;35.6875000000;-24.0000000000;12.6875000000;0.3590090000;0.1300050000;-0.9098510000;0.1622310000
1745;-8.1200000000;2.6100000000;-7.6000000000;75.5625000000;178.9375000000;18.3125000000;32.3750000000;-26.0625000000;20.0625000000;0.3046260000;0.1206050000;-0.9369510000;0.1217650000
1746;-8.1600000000;0.7600000000;-5.1300000000;30.4375000000;200.8750000000;6.0000000000;32.3750000000;-26.0625000000;20.0625000000;0.2420650000;0.1231080000;-0.9562990000;0.1084590000
1747;-5.5400000000;4.1300000000;-3.6100000000;122.5625000000;144.8750000000;15.8125000000;27.5625000000;-22.5000000000;26.0000000000;0.1915280000;0.1171260000;-0.9721070000;0.0678100000
1748;-4.6000000000;1.8500000000;-4.4400000000;21.3125000000;139.4375000000;40.6875000000;22.7500000000;-21.2500000000;31.8750000000;0.1478880000;0.1043090000;-0.9825440000;0.0429690000
1749;-3.0700000000;-0.6600000000;-2.8200000000;20.5000000000;94.8125000000;19.1875000000;17.2500000000;-18.3750000000;36.5000000000;0.1077880000;0.0969240000;-0.9885860000;0.0404050000
1750;-2.2700000000;0.5700000000;-5.4600000000;35.5625000000;37.0000000000;29.3125000000;12.5000000000;-17.5625000000;37.0000000000;0.0908810000;0.0880740000;-0.9916380000;0.0243530000
1751;-1.7600000000;-1.2100000000;-6.6700000000;-11.8750000000;13.8750000000;19.8125000000;12.5000000000;-17.5625000000;37.0000000000;0.0828860000;0.0796510000;-0.9930420000;0.0247190000
1752;-2.4700000000;-1.2800000000;-8.3300000000;-14.1875000000;-3.3750000000;4.6875000000;11.2500000000;-16.8750000000;37.7500000000;0.0817870000;0.0763550000;-0.9932860000;0.0290530000
1753;-1.5400000000;0.1400000000;-8.6700000000;-9.1875000000;-3.1875000000;-6.8125000000;10.1875000000;-17.5625000000;36.6875000000;0.0833740000;0.0781860000;-0.9928590000;0.0335080000
1754;-2.2100000000;0.6800000000;-8.8400000000;-29.1875000000;-8.5000000000;-4.0625000000;10.1875000000;-18.0000000000;38.6875000000;0.0845950000;0.0812990000;-0.9923100000;0.0400390000
1755;-2.0300000000;0.9400000000;-9.5000000000;-21.6875000000;-13.0625000000;-5.8750000000;11.0000000000;-18.3750000000;37.5000000000;0.0880740000;0.0859370000;-0.9912110000;0.0488280000
1756;-1.9500000000;1.5700000000;-9.7000000000;-16.6250000000;-14.5000000000;-4.0000000000;11.0000000000;-18.3750000000;37.5000000000;0.0927730000;0.0874630000;-0.9904170000;0.0526120000
1757;-2.2200000000;1.2000000000;-9.6400000000;-21.5000000000;-10.3750000000;-0.1250000000;11.2500000000;-19.0625000000;36.6875000000;0.0955200000;0.0901490000;-0.9895020000;0.0602420000
1758;-2.3800000000;0.8900000000;-10.1000000000;-12.8125000000;-12.0000000000;-0.3125000000;11.6875000000;-19.8750000000;36.0000000000;0.0989380000;0.0921020000;-0.9886470000;0.0656740000
1759;-2.0100000000;1.0400000000;-10.4100000000;-15.8125000000;-6.3750000000;-3.2500000000;12.0625000000;-19.8750000000;35.5625000000;0.1010130000;0.0952760000;-0.9877930000;0.0707400000
1760;-2.5400000000;1.4600000000;-9.0100000000;2.1875000000;0.8750000000;-3.3125000000;12.0625000000;-19.8750000000;35.5625000000;0.1011350000;0.0971680000;-0.9875490000;0.0713500000
1761;-2.0100000000;1.3400000000;-9.7700000000;-4.4375000000;-5.3750000000;-2.0000000000;12.0625000000;-20.5625000000;36.2500000000;0.1023560000;0.0977780000;-0.9873050000;0.0719600000
1762;-2.2500000000;1.5900000000;-9.1900000000;1.3125000000;1.3125000000;-1.9375000000;12.5000000000;-20.5625000000;36.2500000000;0.1022340000;0.0997310000;-0.9871220000;0.0722660000
1763;-2.1700000000;1.6500000000;-9.2300000000;-4.0000000000;-1.3125000000;-1.3125000000;12.5000000000;-21.0000000000;36.2500000000;0.1024170000;0.1008910000;-0.9868160000;0.0739140000
1764;-2.3800000000;1.2300000000;-9.2600000000;-1.0625000000;-2.0625000000;2.3125000000;13.1875000000;-21.0000000000;35.8750000000;0.1026610000;0.1024170000;-0.9866330000;0.0745240000
1765;-2.2300000000;1.3200000000;-9.7700000000;-2.9375000000;-1.5625000000;1.6875000000;13.1875000000;-21.0000000000;35.8750000000;0.1036990000;0.1020510000;-0.9864500000;0.0761720000
1766;-2.2000000000;1.1300000000;-9.6500000000;0.4375000000;-1.3125000000;0.5625000000;12.5000000000;-20.5625000000;35.8750000000;0.1035160000;0.1023560000;-0.9863890000;0.0762330000
1767;-2.4700000000;1.4500000000;-9.0600000000;2.5625000000;2.2500000000;1.7500000000;12.7500000000;-21.2500000000;35.8750000000;0.1031490000;0.1028440000;-0.9864500000;0.0755000000
1768;-1.9700000000;1.2400000000;-9.6600000000;-2.9375000000;-2.6250000000;0.9375000000;12.7500000000;-21.0000000000;36.6875000000;0.1033940000;0.1030270000;-0.9863280000;0.0762330000
1769;-2.6400000000;1.2300000000;-8.8500000000;-0.3125000000;2.7500000000;1.3750000000;12.5000000000;-21.2500000000;34.6875000000;0.1030880000;0.1036990000;-0.9862670000;0.0765380000
1770;-2.1200000000;1.0600000000;-9.6700000000;-6.8125000000;-4.4375000000;-1.3750000000;12.5000000000;-21.2500000000;34.6875000000;0.1032710000;0.1036380000;-0.9861450000;0.0781860000
1771;-2.4600000000;1.7700000000;-9.6500000000;3.8750000000;-1.5000000000;-1.5000000000;13.1875000000;-21.0000000000;36.3750000000;0.1044920000;0.1060180000;-0.9857790000;0.0781860000
1772;-2.3200000000;1.6800000000;-9.1100000000;-7.9375000000;2.5000000000;-1.5625000000;12.7500000000;-21.2500000000;35.1875000000;0.1034550000;0.1073000000;-0.9855960000;0.0800780000
1773;-2.4000000000;1.4400000000;-9.1100000000;4.2500000000;-4.7500000000;0.2500000000;12.7500000000;-21.6875000000;35.5625000000;0.1046140000;0.1075440000;-0.9854740000;0.0798340000
1774;-2.3600000000;1.4000000000;-9.6200000000;-3.9375000000;-4.4375000000;-1.6250000000;13.1875000000;-21.2500000000;35.5625000000;0.1060180000;0.1090090000;-0.9851070000;0.0805660000
1775;-2.3500000000;1.4200000000;-9.8000000000;1.2500000000;-3.8750000000;-3.5625000000;13.1875000000;-21.2500000000;35.5625000000;0.1069340000;0.1096800000;-0.9848630000;0.0808720000
1776;-2.4800000000;1.6700000000;-9.2800000000;-2.2500000000;3.6250000000;1.9375000000;12.7500000000;-21.6875000000;35.8750000000;0.1065670000;0.1099850000;-0.9848020000;0.0815430000
1777;-2.3500000000;1.2300000000;-9.0300000000;-1.8125000000;-0.3750000000;0.4375000000;13.5625000000;-21.6875000000;35.5625000000;0.1060180000;0.1109010000;-0.9847410000;0.0822140000
1778;-2.4200000000;1.5600000000;-8.9600000000;0.1875000000;-2.9375000000;1.3750000000;13.1875000000;-21.6875000000;35.8750000000;0.1069340000;0.1110840000;-0.9845580000;0.0826420000
1779;-2.5200000000;0.9900000000;-9.1000000000;-8.1875000000;-2.1250000000;1.2500000000;12.7500000000;-21.2500000000;35.5625000000;0.1072390000;0.1109010000;-0.9843750000;0.0849000000
1780;-2.4600000000;1.2800000000;-9.8300000000;-6.1250000000;-5.5000000000;-2.0625000000;12.7500000000;-21.2500000000;35.5625000000;0.1083370000;0.1114500000;-0.9840090000;0.0868530000
1781;-2.5900000000;1.7000000000;-9.5100000000;0.3125000000;-0.4375000000;-1.9375000000;14.2500000000;-22.0625000000;34.6875000000;0.1093140000;0.1143190000;-0.9834590000;0.0880740000
1782;-2.3300000000;1.6900000000;-9.6600000000;-1.0000000000;-0.9375000000;-3.8750000000;13.8750000000;-23.1875000000;34.6875000000;0.1090700000;0.1159670000;-0.9832760000;0.0882570000
1783;-2.3600000000;1.7900000000;-9.2000000000;4.9375000000;2.5000000000;0.0625000000;14.2500000000;-22.0625000000;35.5625000000;0.1092530000;0.1181640000;-0.9830930000;0.0870970000
1784;-2.6100000000;1.6700000000;-8.8000000000;-3.6875000000;2.9375000000;0.4375000000;13.8750000000;-21.6875000000;35.5625000000;0.1076050000;0.1188960000;-0.9832150000;0.0872800000
1785;-2.3100000000;1.5800000000;-9.3700000000;2.3750000000;-3.3125000000;2.6250000000;13.8750000000;-21.6875000000;35.5625000000;0.1083370000;0.1182860000;-0.9831540000;0.0877690000
1786;-2.5400000000;1.0600000000;-9.4000000000;-5.0000000000;-0.5625000000;2.6875000000;13.5625000000;-22.0625000000;34.3750000000;0.1082760000;0.1178590000;-0.9831540000;0.0884400000
1787;-2.2700000000;1.4500000000;-8.9200000000;0.8750000000;-1.1875000000;-1.9375000000;13.8750000000;-22.5000000000;34.6875000000;0.1085820000;0.1187740000;-0.9829100000;0.0890500000
1788;-2.5600000000;1.5600000000;-9.2300000000;-5.5625000000;-3.6875000000;1.0000000000;13.1875000000;-22.5000000000;33.8750000000;0.1090090000;0.1192020000;-0.9827270000;0.0900880000
1789;-2.5700000000;1.4800000000;-9.2400000000;-1.7500000000;-2.4375000000;-1.2500000000;13.8750000000;-21.6875000000;34.2500000000;0.1100460000;0.1204830000;-0.9823000000;0.0917360000
1790;-2.2100000000;2.2000000000;-9.9300000000;-0.5000000000;-5.2500000000;-2.8750000000;13.8750000000;-21.6875000000;34.2500000000;0.1115720000;0.1213380000;-0.9819950000;0.0923460000
1791;-2.8000000000;1.2900000000;-9.2500000000;-3.5000000000;2.6875000000;2.0625000000;13.8750000000;-22.0625000000;35.5000000000;0.1115720000;0.1215820000;-0.9818730000;0.0930180000
1792;-2.4500000000;2.0200000000;-9.4700000000;2.0000000000;-1.5000000000;-2.0000000000;13.8750000000;-22.7500000000;34.3750000000;0.1116940000;0.1221920000;-0.9818120000;0.0930180000
1793;-2.5700000000;1.4300000000;-9.2100000000;1.2500000000;0.1875000000;2.1250000000;13.1875000000;-22.7500000000;33.8750000000;0.1117550000;0.1217650000;-0.9818730000;0.0927120000
1794;-2.3800000000;1.6800000000;-8.9500000000;-2.3125000000;2.0625000000;0.9375000000;13.1875000000;-23.1875000000;34.0000000000;0.1115720000;0.1213990000;-0.9819340000;0.0928960000
1795;-2.7200000000;1.2100000000;-9.2800000000;-1.1875000000;-2.7500000000;1.6875000000;13.1875000000;-23.1875000000;34.0000000000;0.1113890000;0.1209720000;-0.9819340000;0.0935060000
1796;-2.2200000000;1.6800000000;-9.3800000000;0.4375000000;-2.1875000000;-2.9375000000;13.8750000000;-22.7500000000;33.8750000000;0.1126100000;0.1216430000;-0.9816890000;0.0938720000
1797;-2.7800000000;1.4300000000;-9.1800000000;-4.3125000000;0.6875000000;0.8125000000;13.1875000000;-22.0625000000;34.3750000000;0.1121220000;0.1217650000;-0.9816890000;0.0942990000
1798;-2.4200000000;1.7400000000;-9.4000000000;2.4375000000;-1.7500000000;-1.5625000000;14.2500000000;-22.0625000000;34.6875000000;0.1128540000;0.1230470000;-0.9813840000;0.0948490000
1799;-2.5200000000;1.7400000000;-9.5200000000;-3.5000000000;-0.1875000000;0.0000000000;13.8750000000;-22.5000000000;33.8750000000;0.1129760000;0.1234740000;-0.9813230000;0.0952150000
1800;-2.6700000000;1.5900000000;-9.2500000000;2.5000000000;1.0000000000;1.1250000000;13.8750000000;-22.5000000000;33.8750000000;0.1126710000;0.1230470000;-0.9813840000;0.0951540000
1801;-2.4900000000;1.7900000000;-9.4200000000;0.8125000000;0.4375000000;1.3125000000;13.8750000000;-22.7500000000;35.5625000000;0.1130980000;0.1227420000;-0.9813840000;0.0949100000
1802;-2.7000000000;1.3300000000;-9.1500000000;2.1250000000;2.0000000000;0.5000000000;13.1875000000;-23.1875000000;35.0625000000;0.1127320000;0.1220090000;-0.9815670000;0.0944210000
1803;-2.4600000000;1.7500000000;-8.9500000000;0.8125000000;-0.4375000000;0.5000000000;14.2500000000;-22.0625000000;35.0625000000;0.1126710000;0.1228640000;-0.9815060000;0.0938720000
1804;-2.6900000000;1.2800000000;-9.1300000000;-4.6875000000;-2.5000000000;0.1875000000;13.5625000000;-22.0625000000;34.0000000000;0.1129760000;0.1227420000;-0.9813840000;0.0950930000
1805;-2.4100000000;1.6800000000;-9.5000000000;0.8750000000;-1.3125000000;-1.4375000000;13.5625000000;-22.0625000000;34.0000000000;0.1138310000;0.1232910000;-0.9812010000;0.0952150000
1806;-2.5400000000;1.6600000000;-9.4500000000;-1.5000000000;-1.2500000000;-0.9375000000;13.8750000000;-23.1875000000;35.1875000000;0.1141360000;0.1237180000;-0.9810790000;0.0957640000
1807;-2.6900000000;1.6800000000;-9.1700000000;0.6250000000;0.6250000000;0.2500000000;13.1875000000;-23.1875000000;34.6875000000;0.1141970000;0.1233520000;-0.9810790000;0.0958250000
1808;-2.4200000000;1.7700000000;-9.4700000000;0.3750000000;-2.3750000000;-1.1875000000;14.2500000000;-22.7500000000;33.1875000000;0.1146850000;0.1242070000;-0.9808960000;0.0960080000
1809;-2.6800000000;1.6500000000;-9.3500000000;-2.9375000000;2.0625000000;2.6875000000;13.5625000000;-22.7500000000;34.3750000000;0.1140750000;0.1237790000;-0.9809570000;0.0966800000
1810;-2.5100000000;1.6700000000;-9.2800000000;2.4375000000;0.6250000000;0.0625000000;13.5625000000;-22.7500000000;34.3750000000;0.1141970000;0.1235960000;-0.9810790000;0.0954590000
1811;-2.6900000000;1.4900000000;-9.0100000000;-1.8750000000;-0.3750000000;0.8125000000;13.8750000000;-22.0625000000;34.0000000000;0.1141360000;0.1237180000;-0.9810180000;0.0963750000
1812;-2.4900000000;1.5800000000;-9.2300000000;1.3125000000;-0.3750000000;-1.3125000000;13.8750000000;-22.5000000000;33.8750000000;0.1144410000;0.1240230000;-0.9809570000;0.0960690000
1813;-2.5400000000;1.4800000000;-9.4600000000;-2.0000000000;-0.9375000000;-1.0625000000;14.2500000000;-22.7500000000;34.6875000000;0.1146850000;0.1245730000;-0.9808350000;0.0964970000
1814;-2.5900000000;1.9000000000;-9.2600000000;0.1875000000;0.6250000000;-0.4375000000;13.8750000000;-22.5000000000;34.3750000000;0.1146850000;0.1248170000;-0.9807740000;0.0964970000
1815;-2.4600000000;1.8800000000;-9.3600000000;2.6875000000;-1.1875000000;0.5000000000;13.8750000000;-22.5000000000;34.3750000000;0.1150510000;0.1245730000;-0.9808350000;0.0962520000
1816;-2.5000000000;1.5200000000;-9.2500000000;-2.3750000000;2.1250000000;1.5625000000;13.5625000000;-22.7500000000;33.8750000000;0.1143800000;0.1242070000;-0.9808960000;0.0968630000
1817;-2.6800000000;1.6400000000;-9.0700000000;0.7500000000;0.8125000000;2.6250000000;13.1875000000;-22.7500000000;34.3750000000;0.1144410000;0.1231690000;-0.9810180000;0.0969240000
1818;-2.5800000000;1.1100000000;-9.1800000000;-0.9375000000;-3.0625000000;0.1875000000;13.8750000000;-22.5000000000;33.8750000000;0.1146850000;0.1230470000;-0.9808960000;0.0974730000
1819;-2.5300000000;1.5900000000;-9.5000000000;-3.3125000000;-1.3125000000;1.6250000000;13.8750000000;-22.5000000000;33.8750000000;0.1155400000;0.1230470000;-0.9807740000;0.0978390000
1820;-2.7100000000;1.2200000000;-9.3100000000;1.1875000000;0.8125000000;-1.5000000000;13.5625000000;-22.7500000000;34.6875000000;0.1153560000;0.1232300000;-0.9807740000;0.0980220000
1821;-2.5000000000;2.0600000000;-8.9900000000;0.0000000000;-0.7500000000;-1.6250000000;13.8750000000;-22.7500000000;34.3750000000;0.1156620000;0.1240230000;-0.9806520000;0.0977780000
1822;-2.7400000000;1.5100000000;-9.3900000000;-1.4375000000;-1.1875000000;0.4375000000;14.2500000000;-22.0625000000;34.3750000000;0.1159670000;0.1245730000;-0.9804690000;0.0985720000
1823;-2.4300000000;1.8700000000;-9.2900000000;-2.8125000000;-1.3750000000;-1.5625000000;13.8750000000;-23.1875000000;34.3750000000;0.1160890000;0.1248170000;-0.9804080000;0.0988770000
1824;-2.6900000000;1.5200000000;-9.2800000000;-0.1250000000;-0.6875000000;0.3750000000;13.8750000000;-23.1875000000;34.3750000000;0.1163940000;0.1248780000;-0.9802860000;0.0997920000
1825;-2.4800000000;1.7900000000;-9.2500000000;-0.2500000000;-0.5625000000;-1.9375000000;14.2500000000;-22.7500000000;34.3750000000;0.1168210000;0.1252440000;-0.9801640000;0.0995480000
1826;-2.7400000000;1.6800000000;-9.1400000000;0.4375000000;0.6875000000;-0.2500000000;14.6875000000;-23.5625000000;34.3750000000;0.1168820000;0.1252440000;-0.9801640000;0.0996090000
1827;-2.5200000000;1.6200000000;-9.0800000000;-1.9375000000;-1.5625000000;-1.4375000000;13.5625000000;-23.1875000000;33.5625000000;0.1174320000;0.1255490000;-0.9799800000;0.1002810000
1828;-2.6300000000;1.6700000000;-9.3800000000;-1.3750000000;-1.1875000000;-0.8750000000;14.2500000000;-22.5000000000;34.6875000000;0.1180420000;0.1257320000;-0.9798580000;0.1004030000
1829;-2.6800000000;1.4700000000;-9.3600000000;-0.6250000000;-0.5000000000;-2.1875000000;14.2500000000;-22.5000000000;34.6875000000;0.1181640000;0.1262820000;-0.9797360000;0.1008910000
1830;-2.5300000000;1.7900000000;-9.1600000000;-1.5000000000;-0.0625000000;-0.8125000000;14.2500000000;-22.5000000000;33.1875000000;0.1184080000;0.1269530000;-0.9796140000;0.1008910000
1831;-2.6300000000;1.7700000000;-9.3500000000;-0.1875000000;-1.1250000000;-0.1250000000;14.0000000000;-22.5000000000;33.1875000000;0.1185910000;0.1270140000;-0.9795530000;0.1012570000
1832;-2.5600000000;1.7900000000;-9.3900000000;-0.6875000000;-1.3125000000;-0.7500000000;14.2500000000;-23.1875000000;33.8750000000;0.1188350000;0.1271970000;-0.9794310000;0.1017460000
1833;-2.7300000000;1.7700000000;-9.2300000000;-1.0000000000;1.9375000000;2.8750000000;14.2500000000;-23.1875000000;33.5625000000;0.1187740000;0.1268310000;-0.9794920000;0.1019900000
1834;-2.5800000000;1.3900000000;-9.0300000000;-0.5625000000;0.0625000000;0.5625000000;14.2500000000;-23.1875000000;33.5625000000;0.1180420000;0.1262820000;-0.9796140000;0.1024170000
1835;-2.5600000000;1.6000000000;-9.5100000000;-0.4375000000;-3.1250000000;2.5000000000;14.2500000000;-22.5000000000;34.3750000000;0.1188350000;0.1260380000;-0.9795530000;0.1022950000
1836;-2.7100000000;1.2000000000;-9.1000000000;-1.5000000000;1.8125000000;-0.2500000000;13.5625000000;-22.5000000000;34.0000000000;0.1186520000;0.1256710000;-0.9795530000;0.1029050000
1837;-2.5500000000;1.9600000000;-9.3200000000;0.3125000000;-3.1250000000;-1.8750000000;15.3750000000;-24.2500000000;34.0000000000;0.1188350000;0.1263430000;-0.9794310000;0.1028440000
1838;-2.6400000000;1.6300000000;-9.2400000000;1.0625000000;0.6250000000;-0.5625000000;13.8750000000;-24.0000000000;34.6875000000;0.1193850000;0.1263430000;-0.9793700000;0.1027220000
1839;-2.5600000000;1.6300000000;-9.1100000000;-2.3750000000;-1.0000000000;-1.2500000000;13.8750000000;-24.0000000000;34.6875000000;0.1190800000;0.1268310000;-0.9793090000;0.1032100000
1840;-2.5800000000;1.8400000000;-9.2300000000;-0.0625000000;-1.0000000000;1.1250000000;14.6875000000;-22.5000000000;32.7500000000;0.1197510000;0.1268920000;-0.9792480000;0.1032710000
1841;-2.6400000000;1.7100000000;-9.2800000000;-4.5625000000;-0.2500000000;0.7500000000;14.2500000000;-22.7500000000;33.5625000000;0.1195070000;0.1267700000;-0.9791260000;0.1049190000
1842;-2.8500000000;1.4800000000;-9.3200000000;0.2500000000;-1.2500000000;0.6250000000;14.2500000000;-23.1875000000;34.6875000000;0.1200560000;0.1265260000;-0.9790650000;0.1052250000
1843;-2.5300000000;2.0300000000;-9.3400000000;2.0625000000;1.3750000000;0.0625000000;13.8750000000;-24.0000000000;33.1875000000;0.1204220000;0.1264650000;-0.9790650000;0.1043090000
1844;-2.8200000000;1.3400000000;-9.0000000000;0.7500000000;1.3750000000;0.8125000000;13.8750000000;-24.0000000000;33.1875000000;0.1193850000;0.1261600000;-0.9792480000;0.1042480000
1845;-2.5200000000;2.0000000000;-9.1100000000;-2.0625000000;0.0625000000;-1.1250000000;14.6875000000;-23.1875000000;34.0000000000;0.1195070000;0.1264040000;-0.9792480000;0.1038820000
1846;-2.7600000000;1.4100000000;-9.2900000000;-1.8125000000;-1.3750000000;0.5000000000;14.2500000000;-23.1875000000;34.6875000000;0.1195680000;0.1262820000;-0.9791870000;0.1049190000
1847;-2.5100000000;1.7900000000;-9.3800000000;-0.1250000000;-0.7500000000;-3.0625000000;13.5625000000;-22.7500000000;33.8750000000;0.1199340000;0.1267700000;-0.9790650000;0.1049800000
1848;-2.6900000000;1.8600000000;-9.1500000000;-0.6250000000;0.6250000000;-0.5000000000;14.2500000000;-23.5625000000;34.6875000000;0.1198730000;0.1273190000;-0.9789430000;0.1052250000
1849;-2.7300000000;1.5300000000;-9.2900000000;1.1250000000;-1.3750000000;-0.5625000000;14.2500000000;-23.5625000000;34.6875000000;0.1200560000;0.1273190000;-0.9789430000;0.1049190000
1850;-2.4800000000;2.1900000000;-9.4600000000;-0.0625000000;1.2500000000;2.2500000000;14.6875000000;-23.1875000000;33.5625000000;0.1206050000;0.1272580000;-0.9790040000;0.1042480000
1851;-2.7900000000;1.4000000000;-8.9200000000;-3.6875000000;1.9375000000;2.5000000000;14.6875000000;-23.1875000000;32.7500000000;0.1191410000;0.1266480000;-0.9790650000;0.1058350000
1852;-2.5000000000;1.9000000000;-9.4300000000;2.0625000000;-2.1250000000;1.0000000000;14.2500000000;-23.5625000000;34.3750000000;0.1196900000;0.1261600000;-0.9791260000;0.1054080000
1853;-2.7000000000;1.3500000000;-9.1200000000;-0.6875000000;1.3125000000;0.5625000000;13.8750000000;-22.7500000000;33.1875000000;0.1192630000;0.1258540000;-0.9791260000;0.1057740000
1854;-2.5400000000;1.7400000000;-9.5000000000;3.0625000000;-2.0625000000;-1.2500000000;13.8750000000;-22.7500000000;33.1875000000;0.1196900000;0.1259160000;-0.9791870000;0.1051030000
1855;-2.7900000000;1.8800000000;-8.9000000000;-0.1875000000;2.5625000000;0.0000000000;14.2500000000;-23.1875000000;34.0000000000;0.1195680000;0.1262210000;-0.9791870000;0.1044310000
1856;-2.7500000000;1.6200000000;-8.9100000000;1.0000000000;-2.1250000000;-0.9375000000;14.2500000000;-23.1875000000;34.3750000000;0.1193240000;0.1263430000;-0.9791870000;0.1047360000
1857;-2.6000000000;1.9800000000;-9.2700000000;-3.4375000000;-0.5625000000;2.7500000000;14.2500000000;-23.5625000000;34.0000000000;0.1202390000;0.1257930000;-0.9791260000;0.1047360000
1858;-2.6400000000;1.6900000000;-9.2300000000;-2.9375000000;-1.0000000000;2.4375000000;14.2500000000;-22.7500000000;33.1875000000;0.1198120000;0.1252440000;-0.9790650000;0.1066280000
1859;-2.7000000000;1.8300000000;-9.2300000000;-1.0000000000;-1.5625000000;3.3125000000;14.2500000000;-22.7500000000;33.1875000000;0.1203610000;0.1243900000;-0.9791260000;0.1068730000
1860;-2.5900000000;1.5400000000;-9.3400000000;0.9375000000;-0.1250000000;0.6250000000;14.6875000000;-23.5625000000;33.5625000000;0.1207890000;0.1237180000;-0.9791260000;0.1068730000
1861;-2.7800000000;1.5600000000;-8.6100000000;-2.3125000000;-0.7500000000;0.0625000000;14.6875000000;-23.1875000000;33.5625000000;0.1205440000;0.1239010000;-0.9790650000;0.1073000000
1862;-2.7300000000;1.5300000000;-8.2200000000;-4.2500000000;-6.0625000000;-1.3125000000;13.8750000000;-24.0000000000;33.5625000000;0.1221310000;0.1243290000;-0.9786380000;0.1088260000
1863;-2.6800000000;1.5900000000;-7.3300000000;-11.4375000000;-11.0000000000;-4.3125000000;14.6875000000;-24.0000000000;33.8750000000;0.1253660000;0.1256100000;-0.9776610000;0.1126710000
1864;-3.0300000000;1.6100000000;-5.9200000000;-26.1875000000;-27.2500000000;-5.7500000000;14.6875000000;-24.0000000000;33.8750000000;0.1318360000;0.1272580000;-0.9756470000;0.1203610000
1865;-3.9300000000;1.6400000000;-3.6400000000;-38.8750000000;-57.8125000000;-8.1250000000;14.6875000000;-24.0000000000;32.3750000000;0.1450810000;0.1296390000;-0.9718020000;0.1333010000
1866;-4.8700000000;1.1400000000;-4.8200000000;-49.9375000000;-99.9375000000;-13.5625000000;15.7500000000;-26.0625000000;32.3750000000;0.1716310000;0.1316530000;-0.9643550000;0.1522830000
1867;-6.9300000000;0.2100000000;-4.6100000000;-57.9375000000;-111.3750000000;-21.8125000000;19.0625000000;-27.5625000000;30.0625000000;0.2056880000;0.1368410000;-0.9531860000;0.1743770000
1868;-7.4400000000;1.8000000000;-4.1400000000;-53.0625000000;-146.4375000000;-53.5625000000;19.0625000000;-27.5625000000;30.0625000000;0.2509770000;0.1477050000;-0.9364620000;0.1953740000
1869;-8.5700000000;3.9000000000;-6.4800000000;-38.6875000000;-178.1250000000;-48.0625000000;21.6875000000;-29.0625000000;27.0000000000;0.3071900000;0.1551510000;-0.9146120000;0.2122800000
1870;-10.5500000000;0.8300000000;-6.1300000000;-62.3125000000;-173.4375000000;-50.0625000000;26.1875000000;-29.0625000000;21.5000000000;0.3606570000;0.1633910000;-0.8878780000;0.2342530000
1871;-11.4600000000;3.3700000000;-4.6700000000;12.9375000000;-175.4375000000;-66.3125000000;29.7500000000;-29.5000000000;17.1875000000;0.4176640000;0.1688840000;-0.8612060000;0.2353520000
1872;-11.9500000000;2.0200000000;-6.7300000000;-24.9375000000;-192.8750000000;-58.1250000000;33.1875000000;-28.0000000000;12.0000000000;0.4761350000;0.1724850000;-0.8277590000;0.2416990000
1873;-11.2400000000;3.8800000000;-6.7900000000;-25.6250000000;-207.3125000000;-88.5000000000;33.1875000000;-28.0000000000;12.0000000000;0.5237430000;0.1809690000;-0.7951050000;0.2465210000
1874;-11.7500000000;1.9900000000;-4.6100000000;-5.6875000000;-137.1250000000;-50.6875000000;35.0000000000;-26.0625000000;5.0000000000;0.5798340000;0.1867680000;-0.7537230000;0.2467040000
1875;-10.7800000000;4.1400000000;-4.4500000000;13.2500000000;-150.3125000000;-58.3125000000;38.2500000000;-24.6875000000;-1.0000000000;0.6212770000;0.1875000000;-0.7210690000;0.2426760000
1876;-10.3200000000;3.8000000000;-4.9400000000;11.5000000000;-125.3125000000;-38.0000000000;38.2500000000;-20.5625000000;-4.8750000000;0.6567380000;0.1838380000;-0.6912230000;0.2390140000
1877;-10.5600000000;1.5100000000;-2.8100000000;-13.6250000000;-69.6875000000;-23.0000000000;38.6875000000;-21.2500000000;-9.6875000000;0.6720580000;0.1859740000;-0.6749880000;0.2411500000
1878;-10.3000000000;1.3700000000;-1.6900000000;3.7500000000;-48.1250000000;-16.6875000000;38.6875000000;-21.2500000000;-9.6875000000;0.6846920000;0.1861570000;-0.6624760000;0.2401730000
1879;-9.5500000000;1.1100000000;-2.6000000000;-16.0000000000;-30.2500000000;-6.6875000000;37.5625000000;-21.0000000000;-11.6875000000;0.6954960000;0.1864010000;-0.6506960000;0.2411500000
1880;-9.7200000000;0.5000000000;-1.1900000000;-22.5625000000;-6.3125000000;-10.7500000000;36.5000000000;-20.5625000000;-12.7500000000;0.6970210000;0.1921390000;-0.6466060000;0.2431640000
1881;-9.8700000000;0.8900000000;-0.9400000000;2.8125000000;-3.9375000000;-3.4375000000;36.7500000000;-21.1875000000;-13.3750000000;0.6984860000;0.1925660000;-0.6453860000;0.2419430000
1882;-9.7100000000;-0.0300000000;-0.4000000000;-7.3125000000;11.5000000000;-1.7500000000;37.5000000000;-18.2500000000;-13.3750000000;0.6968990000;0.1943360000;-0.6462400000;0.2426760000
1883;-9.8500000000;0.5400000000;0.2400000000;12.7500000000;16.5000000000;-4.3750000000;37.5000000000;-18.2500000000;-13.3750000000;0.6945800000;0.1943970000;-0.6500850000;0.2390750000
1884;-9.7700000000;0.2500000000;0.7100000000;-5.1250000000;16.7500000000;-2.3750000000;35.5625000000;-20.1875000000;-13.0000000000;0.6903080000;0.1966550000;-0.6548460000;0.2366330000
1885;-9.8400000000;0.3200000000;0.8400000000;10.5625000000;8.3125000000;-1.8125000000;36.3750000000;-19.7500000000;-12.2500000000;0.6887210000;0.1961670000;-0.6575320000;0.2340090000
1886;-9.5500000000;0.5000000000;0.7000000000;-3.2500000000;7.7500000000;-0.7500000000;37.5000000000;-18.5625000000;-11.5000000000;0.6878660000;0.1961060000;-0.6588130000;0.2331540000
1887;-9.7900000000;-0.1600000000;0.6600000000;-9.9375000000;4.5000000000;1.0000000000;37.0000000000;-18.5625000000;-11.8750000000;0.6857910000;0.1989750000;-0.6593020000;0.2352910000
1888;-9.5900000000;0.5500000000;0.5300000000;4.4375000000;1.6875000000;-2.6875000000;37.0000000000;-18.5625000000;-11.8750000000;0.6856690000;0.1991580000;-0.6596680000;0.2344970000
1889;-9.8400000000;0.3400000000;0.3200000000;-8.8125000000;1.3125000000;3.5000000000;37.0000000000;-18.5625000000;-11.5000000000;0.6856690000;0.1979980000;-0.6605830000;0.2329100000
1890;-9.8400000000;-0.1300000000;0.3800000000;-4.8750000000;-0.0625000000;-1.1875000000;37.3750000000;-19.6875000000;-10.6875000000;0.6854860000;0.1975710000;-0.6608890000;0.2330930000
1891;-9.7800000000;0.5000000000;0.1600000000;5.3750000000;-3.0625000000;-1.4375000000;37.0000000000;-18.8750000000;-11.8750000000;0.6874390000;0.1941530000;-0.6612550000;0.2290650000
1892;-9.7500000000;0.1800000000;-0.5300000000;-28.1250000000;3.3125000000;0.8125000000;37.0000000000;-18.8750000000;-11.5000000000;0.6870120000;0.1955570000;-0.6607060000;0.2307130000
1893;-9.7700000000;-0.3500000000;0.1500000000;-41.7500000000;13.8125000000;-2.0000000000;37.0000000000;-18.8750000000;-11.5000000000;0.6816410000;0.2063600000;-0.6599730000;0.2391970000
1894;-9.8100000000;0.5400000000;0.4900000000;3.7500000000;1.2500000000;-6.0625000000;37.0000000000;-17.7500000000;-12.2500000000;0.6798710000;0.2104490000;-0.6603390000;0.2398070000
1895;-9.7100000000;0.4800000000;0.0100000000;4.6875000000;-3.4375000000;-1.2500000000;37.3750000000;-18.8750000000;-11.5000000000;0.6822510000;0.2067260000;-0.6606450000;0.2352290000
1896;-9.9400000000;0.5200000000;0.4500000000;14.5000000000;-0.8125000000;-2.3750000000;37.3750000000;-19.6875000000;-11.8750000000;0.6840210000;0.2027590000;-0.6616820000;0.2305910000
1897;-9.6700000000;0.4400000000;-0.1800000000;2.4375000000;-1.3750000000;0.1250000000;37.0000000000;-17.0625000000;-13.0625000000;0.6849370000;0.2003780000;-0.6621090000;0.2286380000
1898;-9.6800000000;0.2200000000;0.5600000000;-6.3125000000;7.0000000000;2.0625000000;37.0000000000;-17.0625000000;-13.0625000000;0.6835330000;0.2014160000;-0.6629030000;0.2296140000
1899;-9.7400000000;0.3000000000;0.2300000000;7.2500000000;-2.4375000000;3.3125000000;37.6875000000;-18.5625000000;-10.6875000000;0.6838380000;0.1983030000;-0.6643680000;0.2273560000
1900;-9.7600000000;0.0300000000;0.1800000000;-2.9375000000;0.4375000000;3.8750000000;37.3750000000;-18.5625000000;-11.0625000000;0.6847530000;0.1947630000;-0.6649170000;0.2258910000
1901;-9.9600000000;-0.0100000000;0.3900000000;4.0625000000;-2.1875000000;1.7500000000;37.0000000000;-18.5625000000;-12.6875000000;0.6845700000;0.1942140000;-0.6651000000;0.2264400000
1902;-9.6700000000;0.4100000000;-0.3100000000;5.2500000000;-4.1875000000;-0.3750000000;37.3750000000;-18.8750000000;-11.5000000000;0.6866460000;0.1905520000;-0.6649170000;0.2236330000
1903;-9.8200000000;-0.1800000000;-0.0700000000;-13.0625000000;4.6250000000;1.1875000000;37.3750000000;-18.8750000000;-11.5000000000;0.6857910000;0.1920170000;-0.6649170000;0.2252200000
1904;-9.8900000000;0.1700000000;0.0700000000;7.8125000000;0.6875000000;-2.3125000000;37.3750000000;-17.7500000000;-11.5000000000;0.6850590000;0.1927490000;-0.6655880000;0.2247310000
1905;-9.6500000000;0.1700000000;-0.3300000000;-4.8750000000;2.8125000000;-2.0625000000;37.0000000000;-18.5625000000;-11.8750000000;0.6855470000;0.1918950000;-0.6660770000;0.2225950000
1906;-9.6900000000;0.3500000000;0.4700000000;3.0000000000;6.3125000000;-4.3750000000;37.6875000000;-18.8750000000;-12.6875000000;0.6841430000;0.1937260000;-0.6671750000;0.2219850000
1907;-9.7600000000;0.5100000000;0.1200000000;9.6250000000;-1.4375000000;-0.3125000000;38.0625000000;-18.5625000000;-11.8750000000;0.6849370000;0.1913450000;-0.6682740000;0.2183840000
1908;-9.8400000000;0.2300000000;0.4400000000;-8.1875000000;6.3125000000;0.2500000000;38.0625000000;-18.5625000000;-11.8750000000;0.6840210000;0.1921390000;-0.6688230000;0.2186890000
1909;-9.6600000000;0.5000000000;0.5100000000;2.6875000000;-1.2500000000;-1.5625000000;37.3750000000;-18.5625000000;-11.5000000000;0.6833500000;0.1927490000;-0.6693730000;0.2185670000
1910;-9.6400000000;0.2600000000;-0.2800000000;-1.5000000000;-4.7500000000;2.7500000000;37.7500000000;-19.2500000000;-9.8750000000;0.6856080000;0.1883540000;-0.6694340000;0.2152710000
1911;-9.7700000000;0.0400000000;0.2100000000;-2.5000000000;1.2500000000;1.3750000000;38.7500000000;-18.5625000000;-12.6875000000;0.6851200000;0.1890870000;-0.6691280000;0.2169800000
1912;-9.8400000000;0.1400000000;0.0300000000;6.7500000000;-5.1250000000;0.5000000000;37.7500000000;-18.8750000000;-12.2500000000;0.6860960000;0.1874390000;-0.6689450000;0.2160640000
1913;-9.6800000000;0.2700000000;0.0000000000;-3.9375000000;0.3125000000;1.3750000000;37.7500000000;-18.8750000000;-12.2500000000;0.6865840000;0.1870730000;-0.6684570000;0.2162480000
1914;-9.8700000000;0.0100000000;0.1200000000;-3.7500000000;-1.3750000000;1.3125000000;37.0000000000;-18.5625000000;-11.0625000000;0.6862180000;0.1870730000;-0.6688230000;0.2161870000
1915;-9.7100000000;0.3300000000;-0.0400000000;3.7500000000;-2.6250000000;-0.9375000000;38.0625000000;-18.8750000000;-11.5000000000;0.6870120000;0.1859740000;-0.6688840000;0.2143550000
1916;-9.8600000000;0.1300000000;0.0600000000;-5.0000000000;0.7500000000;0.9375000000;37.7500000000;-18.8750000000;-12.6875000000;0.6867680000;0.1865230000;-0.6688230000;0.2149660000
1917;-9.7000000000;0.2800000000;0.1500000000;0.3125000000;-0.5625000000;-1.0625000000;37.7500000000;-17.7500000000;-12.6875000000;0.6865840000;0.1869510000;-0.6689450000;0.2149050000
1918;-9.7400000000;0.3400000000;0.0300000000;-3.6250000000;0.5000000000;1.3750000000;37.7500000000;-17.7500000000;-12.6875000000;0.6864620000;0.1864620000;-0.6691890000;0.2148440000
1919;-9.7900000000;0.0300000000;0.1800000000;-1.5625000000;0.3750000000;0.3125000000;38.0625000000;-19.2500000000;-11.0625000000;0.6863400000;0.1857300000;-0.6697390000;0.2141110000
1920;-9.7900000000;0.3200000000;0.2300000000;2.6250000000;-2.8125000000;0.0625000000;37.3750000000;-17.7500000000;-12.6875000000;0.6869510000;0.1851200000;-0.6694950000;0.2135620000
1921;-9.7900000000;0.2400000000;0.0100000000;-3.6875000000;0.4375000000;0.1875000000;37.7500000000;-17.7500000000;-11.8750000000;0.6867680000;0.1857910000;-0.6693120000;0.2141720000
1922;-9.7300000000;0.1800000000;0.0900000000;-4.6875000000;1.8750000000;0.1875000000;37.7500000000;-17.7500000000;-11.8750000000;0.6859130000;0.1864010000;-0.6699830000;0.2142330000
1923;-9.7300000000;0.3200000000;0.2600000000;4.6875000000;-1.4375000000;-0.4375000000;37.3750000000;-19.2500000000;-11.8750000000;0.6861570000;0.1859130000;-0.6701050000;0.2136230000
1924;-9.9200000000;-0.1100000000;-0.2600000000;-4.6875000000;-0.9375000000;1.0625000000;37.7500000000;-17.7500000000;-11.8750000000;0.6860350000;0.1864620000;-0.6698000000;0.2144780000
1925;-9.7000000000;0.0600000000;-0.0700000000;1.2500000000;4.7500000000;-2.4375000000;37.7500000000;-18.5625000000;-10.2500000000;0.6858520000;0.1856080000;-0.6709590000;0.2120360000
1926;-9.5900000000;0.5100000000;0.1700000000;2.3125000000;2.5000000000;-1.1250000000;37.0000000000;-16.6875000000;-11.0625000000;0.6854860000;0.1856080000;-0.6716920000;0.2108760000
1927;-9.8300000000;0.1700000000;0.1500000000;-4.7500000000;3.4375000000;0.9375000000;37.0000000000;-16.6875000000;-11.0625000000;0.6847530000;0.1864010000;-0.6720580000;0.2114870000
1928;-9.8000000000;0.0200000000;0.3400000000;-3.0625000000;1.4375000000;-1.9375000000;38.0625000000;-16.6875000000;-12.2500000000;0.6837770000;0.1886600000;-0.6720580000;0.2125850000
1929;-9.7000000000;0.5000000000;0.1600000000;0.3125000000;-1.1875000000;0.3750000000;37.3750000000;-19.2500000000;-11.8750000000;0.6843260000;0.1879880000;-0.6718750000;0.2119750000
1930;-9.7500000000;0.2300000000;0.1700000000;-2.6250000000;-0.5625000000;1.3750000000;38.0625000000;-18.1875000000;-11.8750000000;0.6840820000;0.1882930000;-0.6717530000;0.2128910000
1931;-9.7400000000;0.4300000000;0.2600000000;1.6875000000;-1.6250000000;0.8750000000;38.7500000000;-18.5625000000;-11.0625000000;0.6845090000;0.1871950000;-0.6718750000;0.2120970000
1932;-9.8200000000;0.1800000000;0.0300000000;-2.6875000000;-1.9375000000;1.6875000000;38.7500000000;-18.5625000000;-11.0625000000;0.6846920000;0.1870120000;-0.6715090000;0.2128300000
1933;-9.7400000000;0.1700000000;0.1500000000;3.7500000000;-1.0625000000;-1.0000000000;38.0625000000;-17.3750000000;-12.2500000000;0.6847530000;0.1872560000;-0.6714480000;0.2127080000
1934;-9.7000000000;0.3700000000;-0.1300000000;4.0000000000;-2.6875000000;1.4375000000;37.7500000000;-19.2500000000;-11.5000000000;0.6858520000;0.1849370000;-0.6714480000;0.2110600000
1935;-9.7900000000;0.2100000000;0.0700000000;-5.1250000000;1.3125000000;1.8125000000;37.3750000000;-16.6875000000;-11.5000000000;0.6852420000;0.1854860000;-0.6716310000;0.2120360000
1936;-9.8200000000;0.1000000000;0.1600000000;1.9375000000;-1.1250000000;0.3125000000;37.7500000000;-18.5625000000;-11.5000000000;0.6848750000;0.1857910000;-0.6718140000;0.2122800000
1937;-9.8400000000;0.2100000000;0.0100000000;-2.5625000000;-0.2500000000;0.1875000000;37.7500000000;-18.5625000000;-11.5000000000;0.6849980000;0.1857300000;-0.6718140000;0.2120360000
1938;-9.7100000000;0.1700000000;0.0800000000;-1.3750000000;1.6250000000;-1.3750000000;37.7500000000;-19.2500000000;-14.1875000000;0.6840820000;0.1878660000;-0.6718750000;0.2129520000
1939;-9.8200000000;0.3200000000;0.1800000000;1.1250000000;-1.4375000000;0.0625000000;37.3750000000;-18.1875000000;-12.6875000000;0.6842650000;0.1877440000;-0.6717530000;0.2127690000
1940;-9.7400000000;0.2400000000;0.1500000000;-1.8125000000;1.0625000000;-0.5000000000;37.7500000000;-17.7500000000;-11.5000000000;0.6840210000;0.1880490000;-0.6718750000;0.2128910000
1941;-9.7700000000;0.2000000000;0.0800000000;-1.9375000000;-0.1875000000;-0.1250000000;37.3750000000;-18.8750000000;-13.0625000000;0.6837160000;0.1887210000;-0.6718750000;0.2133790000
1942;-9.7200000000;0.4300000000;0.2200000000;4.1250000000;-1.2500000000;-0.4375000000;37.3750000000;-18.8750000000;-13.0625000000;0.6838380000;0.1887210000;-0.6718140000;0.2131350000
1943;-9.8200000000;0.3000000000;0.0400000000;0.9375000000;-1.0625000000;2.3125000000;37.0000000000;-18.8750000000;-12.2500000000;0.6842040000;0.1873780000;-0.6719360000;0.2128300000
1944;-9.8800000000;-0.0800000000;0.0300000000;-2.2500000000;1.0000000000;0.9375000000;37.3750000000;-18.5625000000;-11.8750000000;0.6836550000;0.1876220000;-0.6721190000;0.2136230000
1945;-9.6400000000;0.3700000000;0.0300000000;5.1250000000;1.0000000000;-1.3125000000;37.3750000000;-18.5625000000;-13.0625000000;0.6838380000;0.1871950000;-0.6723630000;0.2127690000
1946;-9.7900000000;0.1000000000;-0.0400000000;-4.0625000000;1.7500000000;0.6875000000;37.7500000000;-17.7500000000;-12.2500000000;0.6832890000;0.1878050000;-0.6726070000;0.2131350000
1947;-9.7900000000;-0.0100000000;0.2300000000;-5.4375000000;3.1875000000;-1.6875000000;37.7500000000;-17.7500000000;-12.2500000000;0.6820680000;0.1898190000;-0.6730350000;0.2138060000
1948;-9.7800000000;0.4100000000;0.0400000000;1.3125000000;-0.1875000000;-1.2500000000;37.3750000000;-17.0625000000;-12.2500000000;0.6821290000;0.1903080000;-0.6730350000;0.2133180000
1949;-9.7200000000;0.2400000000;0.1500000000;-4.3125000000;3.3125000000;-1.1875000000;37.3750000000;-18.8750000000;-12.6875000000;0.6813350000;0.1918950000;-0.6731570000;0.2139890000
1950;-9.8200000000;0.3300000000;0.2700000000;1.9375000000;-1.8125000000;0.1250000000;37.3750000000;-18.5625000000;-12.2500000000;0.6811520000;0.1923830000;-0.6732180000;0.2140500000
1951;-9.7400000000;0.3400000000;0.0300000000;-0.1875000000;0.8125000000;0.3125000000;37.7500000000;-19.2500000000;-11.8750000000;0.6815190000;0.1915890000;-0.6732790000;0.2133790000
1952;-9.7400000000;0.2300000000;0.2500000000;0.5000000000;0.1250000000;0.0625000000;37.7500000000;-19.2500000000;-11.8750000000;0.6812740000;0.1918330000;-0.6734010000;0.2135010000
1953;-9.8000000000;0.2300000000;0.0600000000;2.3125000000;-2.5000000000;0.8750000000;37.7500000000;-18.5625000000;-12.6875000000;0.6817630000;0.1912230000;-0.6731570000;0.2132570000
1954;-9.7100000000;0.2100000000;0.0000000000;-1.0000000000;0.1250000000;0.1875000000;38.0625000000;-17.0625000000;-11.5000000000;0.6819460000;0.1909180000;-0.6730350000;0.2133180000
1955;-9.8200000000;0.2000000000;0.0100000000;-0.1250000000;-1.3125000000;0.7500000000;38.0625000000;-18.1875000000;-11.5000000000;0.6820070000;0.1908570000;-0.6730350000;0.2132570000
1956;-9.7500000000;0.2500000000;0.0900000000;0.2500000000;0.2500000000;-0.5000000000;38.0625000000;-17.0625000000;-12.2500000000;0.6817630000;0.1914060000;-0.6729740000;0.2136840000
1957;-9.7500000000;0.1900000000;0.0800000000;0.3750000000;-1.3125000000;0.0000000000;38.0625000000;-17.0625000000;-12.2500000000;0.6818850000;0.1914060000;-0.6728520000;0.2136230000
1958;-9.8400000000;0.3200000000;0.0500000000;0.6250000000;-0.5000000000;-0.0625000000;37.7500000000;-18.5625000000;-12.6875000000;0.6820680000;0.1911620000;-0.6728520000;0.2134400000
1959;-9.7600000000;0.2800000000;0.0800000000;2.5625000000;-1.3125000000;0.0000000000;37.3750000000;-17.0625000000;-11.5000000000;0.6821290000;0.1909790000;-0.6728520000;0.2133180000
1960;-9.7300000000;0.3600000000;0.0300000000;-0.8125000000;1.0000000000;0.9375000000;37.0000000000;-19.2500000000;-12.2500000000;0.6820680000;0.1905520000;-0.6730960000;0.2130740000
1961;-9.8500000000;-0.0100000000;0.0800000000;-1.7500000000;1.6875000000;1.5000000000;37.6875000000;-17.3750000000;-12.2500000000;0.6812740000;0.1909180000;-0.6735230000;0.2139890000
1962;-9.8300000000;0.0600000000;0.2100000000;1.4375000000;-0.3750000000;-1.1250000000;37.6875000000;-17.3750000000;-12.2500000000;0.6812740000;0.1909180000;-0.6736450000;0.2136230000
1963;-9.6800000000;0.3200000000;0.0500000000;-0.7500000000;0.3125000000;-0.9375000000;37.7500000000;-18.8750000000;-12.2500000000;0.6814580000;0.1911620000;-0.6734620000;0.2131960000
1964;-9.7900000000;0.3000000000;0.0400000000;-0.5000000000;-0.9375000000;-0.5625000000;38.0625000000;-18.1875000000;-11.5000000000;0.6814580000;0.1914670000;-0.6734010000;0.2133790000
1965;-9.7900000000;0.3300000000;0.0200000000;0.4375000000;0.1250000000;-0.0625000000;37.7500000000;-18.8750000000;-13.0000000000;0.6814580000;0.1913450000;-0.6734010000;0.2133790000
1966;-9.7900000000;0.1400000000;0.0800000000;-1.8750000000;1.2500000000;0.1875000000;37.6875000000;-17.3750000000;-11.5000000000;0.6810300000;0.1917720000;-0.6736450000;0.2136840000
1967;-9.7500000000;0.3000000000;0.2200000000;2.9375000000;-0.9375000000;-0.1875000000;37.6875000000;-17.3750000000;-11.5000000000;0.6810300000;0.1914670000;-0.6738280000;0.2133790000
1968;-9.7700000000;0.1400000000;-0.0500000000;-1.5625000000;-0.1875000000;0.6875000000;38.0625000000;-19.6875000000;-12.2500000000;0.6812740000;0.1910400000;-0.6737060000;0.2133180000
1969;-9.8100000000;0.3000000000;0.1500000000;-0.5000000000;1.1250000000;0.0625000000;37.3750000000;-18.8750000000;-12.6875000000;0.6809080000;0.1914060000;-0.6739500000;0.2133790000
1970;-9.7800000000;0.1000000000;-0.2000000000;-0.3125000000;0.2500000000;0.0000000000;37.3750000000;-18.8750000000;-12.2500000000;0.6807860000;0.1915280000;-0.6740110000;0.2135010000
1971;-9.6900000000;0.3300000000;0.0900000000;0.8125000000;3.2500000000;-0.8750000000;37.7500000000;-18.5625000000;-13.5000000000;0.6802980000;0.1917720000;-0.6746220000;0.2130130000
1972;-9.7300000000;0.0900000000;0.1000000000;-1.3125000000;0.7500000000;0.6250000000;37.7500000000;-18.5625000000;-13.5000000000;0.6798100000;0.1920780000;-0.6748660000;0.2133180000
1973;-9.7700000000;0.2200000000;0.0400000000;0.2500000000;0.5000000000;-0.4375000000;37.3750000000;-18.5625000000;-12.2500000000;0.6798100000;0.1920780000;-0.6748660000;0.2131960000
1974;-9.8000000000;0.2600000000;0.1200000000;-0.3125000000;-0.3750000000;-0.4375000000;37.7500000000;-18.5625000000;-12.6875000000;0.6798710000;0.1921390000;-0.6748660000;0.2131350000
1975;-9.7300000000;0.2400000000;0.0500000000;0.0625000000;0.1250000000;-0.4375000000;37.7500000000;-18.1875000000;-11.8750000000;0.6797490000;0.1923830000;-0.6748660000;0.2132570000
1976;-9.7100000000;0.3100000000;0.0300000000;0.1875000000;0.5625000000;0.3125000000;38.0625000000;-18.5625000000;-11.8750000000;0.6796870000;0.1923830000;-0.6749270000;0.2132570000
1977;-9.8700000000;0.2500000000;0.0400000000;-0.5000000000;0.3750000000;1.3125000000;38.0625000000;-18.5625000000;-11.8750000000;0.6796260000;0.1922610000;-0.6749880000;0.2133790000
1978;-9.7600000000;0.1000000000;0.0000000000;2.3750000000;0.6875000000;-1.0000000000;38.0625000000;-18.1875000000;-11.5000000000;0.6795650000;0.1922000000;-0.6751710000;0.2130130000
1979;-9.7100000000;0.2100000000;0.0300000000;-1.1250000000;0.5625000000;0.0000000000;38.0625000000;-18.8750000000;-11.5000000000;0.6795040000;0.1920780000;-0.6753540000;0.2126460000
1980;-9.7900000000;0.2400000000;0.2300000000;0.5000000000;0.0000000000;-0.6250000000;37.0000000000;-18.5625000000;-11.0625000000;0.6795040000;0.1922000000;-0.6754150000;0.2125850000
1981;-9.7000000000;0.2600000000;-0.0200000000;0.4375000000;-1.5000000000;-0.1250000000;37.7500000000;-18.8750000000;-12.2500000000;0.6798100000;0.1920170000;-0.6751100000;0.2126460000
1982;-9.8500000000;0.2500000000;0.1400000000;-2.4375000000;-0.3750000000;0.8125000000;37.7500000000;-18.8750000000;-12.2500000000;0.6796870000;0.1923220000;-0.6749880000;0.2131960000
1983;-9.7400000000;0.2700000000;-0.0400000000;2.5000000000;-0.8750000000;-0.8750000000;37.3750000000;-18.1875000000;-11.0625000000;0.6798710000;0.1921390000;-0.6749270000;0.2128910000
1984;-9.7500000000;0.3700000000;0.1100000000;0.3750000000;-0.2500000000;1.1875000000;37.3750000000;-17.7500000000;-12.6875000000;0.6798100000;0.1917110000;-0.6751100000;0.2128910000
1985;-9.7600000000;0.1000000000;0.0000000000;-0.8125000000;0.0000000000;1.0625000000;37.3750000000;-18.8750000000;-13.0625000000;0.6796260000;0.1916500000;-0.6752320000;0.2132570000
1986;-9.8200000000;0.1800000000;0.1000000000;0.5000000000;-0.5625000000;-0.0625000000;37.3750000000;-18.8750000000;-13.0625000000;0.6796870000;0.1916500000;-0.6751710000;0.2130740000
1987;-9.7100000000;0.3000000000;0.0100000000;-0.6875000000;-0.8750000000;-0.9375000000;38.5000000000;-18.8750000000;-12.6875000000;0.6798710000;0.1919560000;-0.6749270000;0.2130740000
1988;-9.7500000000;0.3300000000;0.1200000000;-0.2500000000;-0.1875000000;0.3750000000;38.5000000000;-18.8750000000;-12.2500000000;0.6798100000;0.1918950000;-0.6749880000;0.2131960000
1989;-9.7900000000;0.2100000000;0.0000000000;-0.2500000000;-0.8125000000;0.5625000000;37.0000000000;-18.8750000000;-12.2500000000;0.6798710000;0.1917720000;-0.6749270000;0.2133180000
1990;-9.7500000000;0.2700000000;0.2100000000;-0.2500000000;0.3125000000;-0.0625000000;36.5625000000;-18.8750000000;-12.6875000000;0.6798710000;0.1917720000;-0.6749270000;0.2132570000
1991;-9.7900000000;0.2300000000;0.0400000000;0.1250000000;-1.8750000000;0.4375000000;36.5625000000;-18.8750000000;-12.6875000000;0.6801150000;0.1916500000;-0.6746830000;0.2133180000
1992;-9.6900000000;0.2700000000;0.1300000000;0.8750000000;-0.5000000000;0.4375000000;37.7500000000;-18.5625000000;-11.0625000000;0.6802980000;0.1914670000;-0.6745610000;0.2131960000
1993;-9.8000000000;0.3000000000;0.1500000000;0.9375000000;-1.9375000000;0.5625000000;38.0625000000;-18.5625000000;-12.6875000000;0.6807250000;0.1911010000;-0.6742550000;0.2132570000
1994;-9.8700000000;0.0800000000;0.0800000000;-1.0000000000;-1.3125000000;0.2500000000;37.7500000000;-17.7500000000;-13.0625000000;0.6809690000;0.1910400000;-0.6739500000;0.2135620000
1995;-9.8200000000;0.2600000000;-0.0200000000;2.6250000000;-1.5000000000;-0.6250000000;37.7500000000;-18.5625000000;-11.0625000000;0.6812740000;0.1906740000;-0.6738890000;0.2130130000
1996;-10.3000000000;1.0900000000;-1.0700000000;-4.1875000000;-1.6875000000;1.3750000000;37.7500000000;-18.5625000000;-11.0625000000;0.6815800000;0.1907960000;-0.6734620000;0.2133790000
1997;-9.2300000000;1.6500000000;-4.1400000000;-11.7500000000;19.6250000000;0.7500000000;38.0625000000;-18.5625000000;-11.5000000000;0.6770020000;0.1937870000;-0.6765750000;0.2152100000
1998;-10.5200000000;2.1100000000;-4.2400000000;13.6875000000;57.5000000000;13.3125000000;37.0000000000;-19.6875000000;-11.5000000000;0.6646730000;0.1922610000;-0.6903690000;0.2111210000
1999;-11.1300000000;1.6700000000;-5.7700000000;-3.1250000000;81.8125000000;26.8750000000;37.7500000000;-18.5625000000;-10.6875000000;0.6442870000;0.1921390000;-0.7093510000;0.2115480000
2000;-11.5800000000;2.0000000000;-7.4600000000;16.1250000000;111.0000000000;35.2500000000;38.5000000000;-18.5625000000;-8.6875000000;0.6248780000;0.1903080000;-0.7274780000;0.2100220000
2001;-11.8100000000;2.8100000000;-6.0400000000;30.6250000000;158.4375000000;38.0000000000;38.5000000000;-18.5625000000;-8.6875000000;0.5876460000;0.1854860000;-0.7611080000;0.2024540000
2002;-13.2200000000;1.7700000000;-5.9300000000;17.5000000000;177.3125000000;58.0625000000;39.5625000000;-17.7500000000;-4.3750000000;0.5404050000;0.1784060000;-0.7990110000;0.1942140000
2003;-12.6500000000;1.7200000000;-5.9800000000;42.0000000000;189.9375000000;49.5000000000;39.5625000000;-19.2500000000;0.0000000000;0.4876710000;0.1722410000;-0.8352050000;0.1870730000
2004;-12.6500000000;1.9400000000;-7.0100000000;57.6875000000;195.3750000000;56.1250000000;38.5000000000;-21.5000000000;6.8750000000;0.4313350000;0.1580200000;-0.8725590000;0.1662600000
2005;-11.6200000000;1.0000000000;-5.8900000000;13.8125000000;224.6875000000;36.1875000000;36.2500000000;-20.6875000000;14.3750000000;0.3666990000;0.1533810000;-0.9043580000;0.1552120000
2006;-10.6000000000;1.3500000000;-6.7400000000;88.9375000000;201.4375000000;45.8125000000;36.2500000000;-20.6875000000;14.3750000000;0.3019410000;0.1424560000;-0.9341430000;0.1262820000
2007;-8.7100000000;0.9300000000;-8.0400000000;4.9375000000;221.1250000000;28.7500000000;32.5625000000;-22.5000000000;20.5625000000;0.2363890000;0.1352540000;-0.9561770000;0.1074220000
2008;-7.1700000000;0.9100000000;-6.7800000000;48.0625000000;215.3125000000;28.1875000000;27.3750000000;-21.0000000000;27.0000000000;0.1622920000;0.1329960000;-0.9732060000;0.0937500000
2009;-5.2800000000;2.9900000000;-6.3300000000;133.7500000000;178.6250000000;28.3750000000;20.2500000000;-22.1875000000;31.5625000000;0.1040650000;0.1229860000;-0.9856570000;0.0496220000
2010;-3.0900000000;0.1100000000;-2.1700000000;85.0000000000;193.0000000000;34.7500000000;14.5000000000;-18.5000000000;37.1875000000;0.0458980000;0.1108400000;-0.9927370000;0.0089720000
2011;-0.0100000000;1.3700000000;1.5600000000;118.7500000000;140.8750000000;12.0000000000;14.5000000000;-18.5000000000;37.1875000000;-0.0068970000;0.1034550000;-0.9940190000;-0.0337520000
2012;-0.3900000000;0.0000000000;1.8000000000;38.3125000000;48.8125000000;29.1875000000;6.0000000000;-14.0000000000;40.6875000000;-0.0319210000;0.0951540000;-0.9929810000;-0.0621340000
2013;-0.8800000000;-2.1600000000;-1.1500000000;-63.3750000000;-52.8750000000;19.5625000000;0.8750000000;-9.6875000000;41.5625000000;-0.0272830000;0.0865480000;-0.9945070000;-0.0527340000
2014;-1.6000000000;-0.4700000000;-6.1300000000;-77.7500000000;-115.9375000000;-5.9375000000;0.5625000000;-10.0625000000;41.0000000000;0.0036010000;0.0872190000;-0.9959110000;-0.0241700000
2015;-2.8000000000;-0.4900000000;-6.1000000000;-83.1875000000;-115.5000000000;-9.5000000000;4.5625000000;-13.2500000000;40.2500000000;0.0408940000;0.0899660000;-0.9950560000;0.0065920000
2016;-4.9000000000;-0.4200000000;-4.4200000000;-88.1250000000;-135.0625000000;-29.8125000000;4.5625000000;-13.2500000000;40.2500000000;0.0795900000;0.0982670000;-0.9912110000;0.0389400000
2017;-6.7500000000;2.1400000000;-5.2900000000;-86.2500000000;-170.6875000000;-45.7500000000;9.0625000000;-16.2500000000;38.2500000000;0.1312260000;0.1135250000;-0.9819950000;0.0746460000
2018;-8.5200000000;2.8400000000;-6.1300000000;-91.4375000000;-200.1250000000;-37.3125000000;14.1875000000;-18.7500000000;35.0625000000;0.1896970000;0.1242070000;-0.9680180000;0.1074220000
2019;-10.3100000000;3.4600000000;-7.6600000000;-111.1875000000;-236.6250000000;-57.6875000000;20.8750000000;-23.6875000000;32.0000000000;0.2598880000;0.1382450000;-0.9437260000;0.1505740000
2020;-11.3500000000;3.8400000000;-5.0600000000;-36.6250000000;-221.3125000000;-36.5625000000;27.5000000000;-25.5000000000;23.6875000000;0.3309940000;0.1466060000;-0.9157100000;0.1745000000
2021;-15.1300000000;2.1500000000;-6.9400000000;-82.2500000000;-269.5625000000;-51.8750000000;27.5000000000;-25.5000000000;23.6875000000;0.4050900000;0.1510010000;-0.8789060000;0.2015380000
2022;-12.9200000000;3.4700000000;-7.3100000000;-15.1250000000;-275.0000000000;-68.3750000000;32.2500000000;-24.6875000000;16.2500000000;0.4891360000;0.1585080000;-0.8287350000;0.2210080000
2023;-15.5100000000;0.7600000000;-6.5200000000;-41.1250000000;-219.1875000000;-44.5000000000;36.0000000000;-25.5625000000;7.3750000000;0.5604250000;0.1558230000;-0.7808840000;0.2277830000
2024;-12.3400000000;2.7000000000;-7.7800000000;-0.4375000000;-208.4375000000;-79.1250000000;38.1875000000;-24.0625000000;-0.8750000000;0.6176150000;0.1637570000;-0.7322390000;0.2358400000
2025;-11.7700000000;2.5300000000;-8.7200000000;10.2500000000;-143.9375000000;-28.7500000000;38.0000000000;-21.0625000000;-7.5625000000;0.6636350000;0.1533200000;-0.6958010000;0.2279050000
2026;-9.3000000000;1.1300000000;-6.4800000000;-29.0625000000;-65.5625000000;-61.3125000000;38.0000000000;-21.0625000000;-7.5625000000;0.6884160000;0.1633300000;-0.6689450000;0.2278440000
2027;-9.3400000000;6.4700000000;-4.1500000000;-15.8750000000;-13.6250000000;-30.3750000000;36.5000000000;-22.2500000000;-11.5000000000;0.6971440000;0.1766970000;-0.6585080000;0.2215580000
2028;-9.9000000000;3.0700000000;-5.9300000000;-44.8125000000;22.9375000000;15.5625000000;36.0000000000;-20.0625000000;-13.5625000000;0.6916500000;0.1862790000;-0.6577760000;0.2327880000
2029;-10.7700000000;3.8700000000;-7.2700000000;54.2500000000;59.8750000000;20.6875000000;36.3750000000;-18.5625000000;-14.0000000000;0.6817020000;0.1798710000;-0.6712650000;0.2286380000
2030;-12.1100000000;4.6400000000;-8.8600000000;31.0000000000;109.7500000000;33.3125000000;37.5000000000;-20.0625000000;-12.7500000000;0.6579590000;0.1713870000;-0.6992190000;0.2210080000
2031;-13.6600000000;2.7700000000;-7.1900000000;50.8125000000;199.1875000000;46.6250000000;37.5000000000;-20.0625000000;-12.7500000000;0.6128540000;0.1656490000;-0.7426760000;0.2131960000
2032;-14.3400000000;2.0600000000;-6.5500000000;64.6250000000;218.6875000000;57.4375000000;38.5625000000;-21.0625000000;-8.1875000000;0.5574950000;0.1521610000;-0.7926030000;0.1945800000
2033;-14.8900000000;0.8600000000;-6.2000000000;66.2500000000;241.3125000000;49.0000000000;39.5625000000;-22.5625000000;-1.0625000000;0.4933470000;0.1416630000;-0.8399660000;0.1760250000
2034;-13.6500000000;1.6600000000;-5.6100000000;96.3750000000;246.1250000000;37.2500000000;38.0625000000;-20.7500000000;8.2500000000;0.4234620000;0.1292720000;-0.8849490000;0.1443480000
2035;-12.5400000000;2.8600000000;-5.1100000000;70.3750000000;252.3750000000;24.5625000000;38.0625000000;-20.7500000000;8.2500000000;0.3486330000;0.1224980000;-0.9220580000;0.1149290000
2036;-10.9500000000;-0.3700000000;-3.8500000000;29.6250000000;240.9375000000;23.5000000000;35.0625000000;-22.2500000000;17.7500000000;0.2722170000;0.1202390000;-0.9497680000;0.0970460000
2037;-8.7800000000;1.7300000000;-7.1200000000;84.7500000000;196.7500000000;15.3125000000;29.2500000000;-21.8750000000;24.8750000000;0.2095340000;0.1147460000;-0.9688720000;0.0646970000
2038;-7.0800000000;-0.3400000000;-5.7300000000;-32.1250000000;208.7500000000;1.1875000000;24.0625000000;-20.0625000000;30.7500000000;0.1414790000;0.1177370000;-0.9810180000;0.0609130000
2039;-3.6700000000;1.4600000000;-5.4100000000;74.0000000000;168.0000000000;9.7500000000;17.3750000000;-18.8750000000;35.5000000000;0.0858760000;0.1162720000;-0.9888310000;0.0357670000
2040;-2.2500000000;1.5500000000;-2.1100000000;79.3750000000;152.5000000000;11.5625000000;17.3750000000;-18.8750000000;35.5000000000;0.0489500000;0.1129760000;-0.9923100000;0.0105590000
2041;0.0700000000;2.5300000000;1.5600000000;145.5000000000;103.8750000000;21.5625000000;11.1875000000;-17.0625000000;38.2500000000;0.0059200000;0.1033330000;-0.9934690000;-0.0474850000
2042;-0.6400000000;-0.9000000000;-2.3800000000;-0.4375000000;19.6250000000;43.7500000000;6.3750000000;-12.5625000000;41.1875000000;-0.0023800000;0.0897830000;-0.9943240000;-0.0568240000
2043;-0.7700000000;-3.7500000000;-6.8900000000;-34.2500000000;-45.1875000000;25.1875000000;2.5000000000;-9.2500000000;42.6875000000;0.0096440000;0.0805050000;-0.9957890000;-0.0434570000
2044;-1.9700000000;-0.4200000000;-8.5800000000;-26.3125000000;-65.0625000000;-6.8125000000;4.0000000000;-10.5000000000;40.3750000000;0.0255130000;0.0816040000;-0.9956050000;-0.0377810000
2045;-2.4100000000;-1.4700000000;-5.8100000000;-78.1250000000;-61.6250000000;-7.3125000000;4.0000000000;-10.5000000000;40.3750000000;0.0444950000;0.0845340000;-0.9953610000;-0.0128780000
2046;-3.1900000000;1.5500000000;-3.7400000000;-12.6875000000;-95.8125000000;-17.6250000000;6.1875000000;-12.2500000000;40.8750000000;0.0798950000;0.0923460000;-0.9924930000;0.0027470000
2047;-4.6800000000;0.3700000000;-5.9500000000;-101.5625000000;-141.8125000000;-7.3750000000;9.1875000000;-14.5000000000;40.0625000000;0.1235350000;0.1002810000;-0.9865720000;0.0365600000
2048;-6.8000000000;2.2800000000;-1.9200000000;-49.5625000000;-149.0000000000;-13.7500000000;13.8750000000;-15.5625000000;36.8750000000;0.1730350000;0.1055910000;-0.9771120000;0.0645750000
2049;-9.3100000000;2.1700000000;-8.3000000000;-180.7500000000;-235.8125000000;-37.8125000000;18.5625000000;-19.6875000000;34.5000000000;0.2224120000;0.1145630000;-0.9624630000;0.1052860000
2050;-9.7300000000;3.4700000000;-6.7300000000;-57.8750000000;-217.0000000000;-28.1250000000;18.5625000000;-19.6875000000;34.5000000000;0.2932740000;0.1267090000;-0.9356690000;0.1500240000
2051;-12.9700000000;1.7300000000;-6.1300000000;-120.8125000000;-262.6250000000;-60.8125000000;24.8750000000;-24.0000000000;27.0625000000;0.3856200000;0.1407470000;-0.8910520000;0.1937870000
2052;-12.4600000000;4.7400000000;-4.8900000000;-26.9375000000;-284.3750000000;-104.5625000000;31.1875000000;-25.8750000000;18.8750000000;0.4736940000;0.1567380000;-0.8413700000;0.2076420000
2053;-14.6100000000;1.5400000000;-5.2600000000;-48.3750000000;-261.3750000000;-43.5000000000;35.6875000000;-26.2500000000;9.0625000000;0.5473630000;0.1584470000;-0.7907710000;0.2235110000
2054;-12.8500000000;3.1500000000;-4.5700000000;-49.6250000000;-225.8125000000;-73.1250000000;38.2500000000;-23.8750000000;-0.3750000000;0.5942990000;0.1671140000;-0.7505490000;0.2356570000
2055;-12.8300000000;2.3600000000;-5.4500000000;3.5000000000;-182.8750000000;-36.7500000000;38.2500000000;-23.8750000000;-0.3750000000;0.6475220000;0.1641850000;-0.7050780000;0.2380980000
2056;-12.1300000000;1.4600000000;-3.6900000000;-16.8125000000;-115.9375000000;-40.9375000000;38.7500000000;-23.0625000000;-8.5000000000;0.6894530000;0.1650390000;-0.6632690000;0.2398680000
2057;-11.1100000000;3.2500000000;-4.3500000000;-25.6250000000;-107.7500000000;-45.4375000000;36.1875000000;-22.0000000000;-14.8750000000;0.7087400000;0.1696780000;-0.6412350000;0.2401120000
2058;-9.5500000000;3.6300000000;-4.8600000000;10.1875000000;-24.5000000000;-18.8125000000;35.5000000000;-21.5625000000;-17.5625000000;0.7238770000;0.1728520000;-0.6240840000;0.2379760000
2059;-11.0600000000;4.1600000000;-3.4200000000;0.9375000000;8.2500000000;13.0000000000;34.7500000000;-21.1875000000;-20.0000000000;0.7237550000;0.1708370000;-0.6253660000;0.2363890000
2060;-10.5600000000;2.3900000000;-5.9400000000;8.7500000000;35.0625000000;15.7500000000;34.7500000000;-21.1875000000;-20.0000000000;0.7180180000;0.1677250000;-0.6317140000;0.2393190000
2061;-12.2600000000;3.7900000000;-6.3600000000;20.5000000000;118.5625000000;30.0625000000;34.7500000000;-20.1875000000;-19.5625000000;0.6990360000;0.1646730000;-0.6552730000;0.2343140000
2062;-13.3700000000;2.2000000000;-5.8100000000;4.8125000000;162.3750000000;31.1875000000;34.3750000000;-22.0000000000;-17.5625000000;0.6619870000;0.1682130000;-0.6919560000;0.2337650000
2063;-14.9500000000;2.1700000000;-6.4900000000;63.8125000000;188.9375000000;44.3125000000;36.2500000000;-21.5625000000;-14.1875000000;0.6190190000;0.1616210000;-0.7363280000;0.2203370000
2064;-15.1700000000;2.6400000000;-5.6300000000;59.1875000000;241.5000000000;52.5625000000;39.1875000000;-22.0000000000;-7.0000000000;0.5629270000;0.1531370000;-0.7866210000;0.2022710000
2065;-14.8500000000;0.0500000000;-3.3000000000;82.6875000000;269.5625000000;45.1250000000;39.1875000000;-22.0000000000;-7.0000000000;0.4903560000;0.1450200000;-0.8402100000;0.1802980000
2066;-13.9900000000;1.9800000000;-3.1900000000;96.3125000000;264.3125000000;26.5625000000;38.5000000000;-23.8750000000;0.7500000000;0.4157100000;0.1347050000;-0.8881230000;0.1423950000
2067;-12.0300000000;-1.2900000000;-3.1700000000;27.6875000000;235.3125000000;8.0625000000;37.3750000000;-23.5000000000;12.2500000000;0.3390500000;0.1353760000;-0.9229130000;0.1224370000
2068;-9.8400000000;2.2400000000;-4.2300000000;172.0000000000;195.1875000000;-4.5625000000;33.6875000000;-22.3750000000;20.8750000000;0.2790530000;0.1309200000;-0.9484250000;0.0737300000
2069;-6.8500000000;4.7900000000;-8.3900000000;3.2500000000;202.0625000000;16.8750000000;30.0000000000;-19.7500000000;27.5000000000;0.2213750000;0.1240230000;-0.9666140000;0.0363160000
2070;-7.0500000000;2.5200000000;-6.1100000000;-101.3750000000;259.0625000000;65.1250000000;30.0000000000;-19.7500000000;27.5000000000;0.1355590000;0.1190800000;-0.9817500000;0.0598140000
2071;-3.3800000000;-0.2300000000;-2.8700000000;99.1875000000;209.4375000000;81.6875000000;23.5625000000;-15.6875000000;32.6875000000;0.0577390000;0.0933230000;-0.9929200000;0.0457760000
2072;-1.8600000000;1.8900000000;2.4400000000;167.6250000000;142.1875000000;28.1250000000;14.0000000000;-20.8750000000;35.0625000000;0.0039670000;0.0792850000;-0.9968260000;-0.0092770000
2073;0.1500000000;1.0500000000;1.0900000000;46.9375000000;43.7500000000;38.6875000000;5.8750000000;-16.3750000000;39.7500000000;-0.0203250000;0.0676880000;-0.9963990000;-0.0462650000
2074;-0.3000000000;-3.0500000000;-4.4100000000;-60.6250000000;-56.0000000000;38.4375000000;1.7500000000;-12.0000000000;41.0000000000;-0.0132450000;0.0544430000;-0.9978640000;-0.0343630000
2075;-2.7700000000;-2.1800000000;-7.9200000000;-11.8750000000;-93.0625000000;-1.6250000000;1.7500000000;-12.0000000000;41.0000000000;0.0144650000;0.0509030000;-0.9983520000;-0.0220950000
2076;-2.4400000000;-2.3800000000;-7.6600000000;-71.5000000000;-73.3125000000;-18.8125000000;2.6875000000;-14.1875000000;41.5000000000;0.0413820000;0.0549930000;-0.9976200000;-0.0063480000
2077;-3.9400000000;0.5800000000;-3.7700000000;-53.2500000000;-85.9375000000;-48.5625000000;7.0625000000;-14.6875000000;40.2500000000;0.0660400000;0.0694580000;-0.9952390000;0.0166630000
2078;-3.9100000000;1.1300000000;-3.9200000000;-71.0000000000;-136.5625000000;-40.6250000000;10.0000000000;-17.5625000000;37.8750000000;0.1048580000;0.0841670000;-0.9900510000;0.0420530000
2079;-6.0900000000;3.6200000000;-1.7300000000;-58.5625000000;-162.1875000000;-35.3750000000;14.3750000000;-18.7500000000;36.5000000000;0.1536870000;0.1022950000;-0.9807130000;0.0641480000
2080;-9.6700000000;2.9300000000;-4.0100000000;-146.8125000000;-226.2500000000;-28.3750000000;14.3750000000;-18.7500000000;36.5000000000;0.2163700000;0.1119380000;-0.9639890000;0.1069340000
2081;-11.5100000000;3.7500000000;-7.1100000000;-115.8125000000;-244.0000000000;-30.3125000000;20.2500000000;-22.0625000000;32.5000000000;0.2903440000;0.1228640000;-0.9364620000;0.1537480000
2082;-12.4200000000;2.7800000000;-6.8300000000;-100.8750000000;-244.6875000000;-59.9375000000;26.5625000000;-26.0625000000;24.1875000000;0.3643800000;0.1355590000;-0.9006960000;0.1938480000
2083;-14.9600000000;4.5100000000;-9.3300000000;-93.0625000000;-268.8750000000;-57.5000000000;31.3750000000;-27.2500000000;15.1875000000;0.4415280000;0.1469120000;-0.8558350000;0.2257690000
2084;-11.1600000000;4.0500000000;-8.2700000000;-20.1250000000;-241.3750000000;-76.4375000000;35.3750000000;-27.6875000000;6.8750000000;0.5150760000;0.1535030000;-0.8089600000;0.2382200000
2085;-14.3500000000;2.0900000000;-6.4700000000;-98.0625000000;-173.3125000000;-38.2500000000;35.3750000000;-27.6875000000;6.8750000000;0.5662840000;0.1616820000;-0.7672120000;0.2542110000
2086;-10.8500000000;0.4500000000;-5.3200000000;-7.9375000000;-151.3125000000;-83.1875000000;37.6875000000;-26.1875000000;-0.8750000000;0.6095580000;0.1749880000;-0.7266240000;0.2642820000
2087;-9.5700000000;3.9700000000;-2.8100000000;26.3125000000;-110.1250000000;-74.1875000000;37.2500000000;-24.6875000000;-6.6875000000;0.6489870000;0.1782230000;-0.6970830000;0.2472530000
2088;-10.1900000000;3.0500000000;-0.4900000000;13.7500000000;-76.1875000000;-31.8125000000;37.2500000000;-21.3750000000;-11.5000000000;0.6721190000;0.1778560000;-0.6773680000;0.2403560000
2089;-12.3000000000;1.4400000000;-0.6800000000;-39.3750000000;-85.7500000000;-18.4375000000;37.2500000000;-21.3750000000;-11.5000000000;0.6900020000;0.1820070000;-0.6554570000;0.2473140000
2090;-9.9200000000;2.9800000000;-5.7300000000;-26.6250000000;-72.1875000000;-23.5000000000;36.8750000000;-21.2500000000;-13.0625000000;0.7062990000;0.1880490000;-0.6335450000;0.2538450000
2091;-10.1900000000;3.8000000000;-4.9400000000;-0.5000000000;12.9375000000;2.9375000000;35.3750000000;-19.5000000000;-16.2500000000;0.7062380000;0.1880490000;-0.6337890000;0.2534180000
2092;-10.4400000000;2.6400000000;-3.7500000000;5.2500000000;39.8750000000;10.5000000000;34.6875000000;-21.2500000000;-17.0625000000;0.6973270000;0.1886600000;-0.6435550000;0.2529910000
2093;-10.3000000000;2.7700000000;-4.8900000000;30.5625000000;68.7500000000;19.5000000000;35.2500000000;-21.6875000000;-16.2500000000;0.6834110000;0.1826780000;-0.6624150000;0.2464600000
2094;-11.7500000000;3.6900000000;-5.1000000000;35.3125000000;122.1250000000;45.0625000000;35.2500000000;-21.6875000000;-16.2500000000;0.6560670000;0.1763310000;-0.6931760000;0.2407230000
2095;-13.1600000000;2.1100000000;-5.5200000000;20.4375000000;151.8750000000;44.1250000000;35.6875000000;-21.1875000000;-14.7500000000;0.6177370000;0.1723630000;-0.7297360000;0.2370000000
2096;-13.6400000000;2.4300000000;-6.6000000000;82.0625000000;185.1875000000;57.6250000000;36.7500000000;-21.5625000000;-12.0625000000;0.5720210000;0.1575320000;-0.7746580000;0.2188720000
2097;-14.1400000000;3.6400000000;-5.2900000000;70.1250000000;218.8125000000;52.7500000000;38.6875000000;-23.5000000000;-6.0625000000;0.5132450000;0.1452030000;-0.8222660000;0.1985470000
2098;-14.7200000000;0.2500000000;-5.9500000000;45.5000000000;242.2500000000;57.6875000000;38.2500000000;-23.8750000000;3.0000000000;0.4619750000;0.1383060000;-0.8555910000;0.1882320000
2099;-13.1000000000;2.6100000000;-4.5700000000;82.0625000000;263.8125000000;34.3125000000;38.2500000000;-23.8750000000;3.0000000000;0.3860470000;0.1306760000;-0.8989870000;0.1604000000
2100;-11.9600000000;1.7600000000;-4.6200000000;-27.3125000000;273.5000000000;54.5000000000;36.0625000000;-25.2500000000;12.0000000000;0.2796020000;0.1278080000;-0.9399410000;0.1482540000
2101;-9.8800000000;1.0800000000;-4.9400000000;21.2500000000;228.1250000000;41.2500000000;32.3750000000;-24.8750000000;20.5625000000;0.2017210000;0.1256710000;-0.9610600000;0.1409300000
2102;-6.8800000000;3.9400000000;-7.5800000000;29.7500000000;201.0625000000;44.7500000000;25.3750000000;-26.7500000000;26.5625000000;0.1345210000;0.1174930000;-0.9762570000;0.1224370000
2103;-5.0300000000;1.6900000000;-5.6200000000;2.3750000000;209.5000000000;37.0625000000;19.5000000000;-24.7500000000;31.6875000000;0.0810550000;0.1136470000;-0.9829710000;0.1193850000
2104;-2.4400000000;0.6200000000;0.2900000000;143.0625000000;179.1875000000;27.6250000000;19.5000000000;-24.7500000000;31.6875000000;0.0187380000;0.1090090000;-0.9902950000;0.0841670000
2105;-2.0400000000;2.1200000000;4.1100000000;156.0625000000;132.8125000000;22.6875000000;11.0000000000;-26.2500000000;34.6875000000;-0.0354000000;0.1030270000;-0.9940190000;0.0086060000
2106;0.3000000000;-0.1300000000;0.1900000000;-34.4375000000;-6.1250000000;23.0000000000;4.3750000000;-19.6875000000;38.3750000000;-0.0400390000;0.0949100000;-0.9946290000;0.0092770000
2107;-1.7800000000;-2.2700000000;-7.6200000000;-90.5000000000;-117.9375000000;4.5625000000;-0.3750000000;-15.2500000000;40.2500000000;-0.0078130000;0.0903320000;-0.9949950000;0.0421140000
2108;-2.6100000000;-0.5100000000;-9.8100000000;-2.2500000000;-106.0000000000;-21.2500000000;4.0625000000;-19.6875000000;39.5625000000;0.0217900000;0.0934450000;-0.9942630000;0.0479130000
2109;-3.6900000000;0.0100000000;-4.3600000000;-58.4375000000;-78.1250000000;-44.3125000000;4.0625000000;-19.6875000000;39.5625000000;0.0491330000;0.1040040000;-0.9912720000;0.0648800000
2110;-3.9600000000;1.7100000000;-4.8900000000;-80.0000000000;-121.7500000000;-52.8750000000;8.0625000000;-20.3750000000;37.2500000000;0.0924680000;0.1239010000;-0.9830320000;0.0983890000
2111;-5.8800000000;3.2200000000;-2.7200000000;-50.5625000000;-149.1250000000;-52.2500000000;12.1875000000;-21.8750000000;35.6875000000;0.1275630000;0.1351320000;-0.9755860000;0.1168820000
2112;-9.1100000000;3.0400000000;-4.4200000000;-123.0625000000;-198.0000000000;-50.8750000000;17.6875000000;-23.7500000000;33.2500000000;0.1836550000;0.1480710000;-0.9598390000;0.1518550000
2113;-10.3100000000;4.2800000000;-4.8300000000;-79.5625000000;-228.0625000000;-51.5625000000;23.2500000000;-26.2500000000;26.1875000000;0.2528080000;0.1606450000;-0.9340210000;0.1944580000
2114;-12.8600000000;3.8400000000;-7.0800000000;-125.0625000000;-254.8125000000;-62.5000000000;23.2500000000;-26.2500000000;26.1875000000;0.3263550000;0.1699830000;-0.8998410000;0.2342530000
2115;-14.6800000000;5.4300000000;-7.2400000000;-55.4375000000;-263.8750000000;-82.1875000000;29.1875000000;-28.2500000000;19.0625000000;0.4059450000;0.1829220000;-0.8544920000;0.2676390000
2116;-12.8700000000;1.2700000000;-9.9100000000;-87.8125000000;-252.0625000000;-74.2500000000;33.5625000000;-29.0625000000;9.2500000000;0.4801030000;0.1876220000;-0.8058470000;0.2914430000
2117;-13.1300000000;5.6700000000;-4.4800000000;-61.6250000000;-169.1875000000;-119.1250000000;36.8750000000;-27.6875000000;0.2500000000;0.5411990000;0.2090450000;-0.7544560000;0.3069460000
2118;-11.6200000000;2.6100000000;-5.2500000000;-32.1875000000;-168.4375000000;-82.3125000000;36.8750000000;-24.3750000000;-7.8750000000;0.5886840000;0.2246700000;-0.7104490000;0.3134770000
2119;-9.5900000000;2.0700000000;-3.5900000000;56.3125000000;-129.7500000000;-86.4375000000;36.8750000000;-24.3750000000;-7.8750000000;0.6345830000;0.2225340000;-0.6760250000;0.3013920000
2120;-9.0500000000;4.5300000000;-0.7600000000;64.6875000000;-76.0625000000;-74.1875000000;36.8750000000;-22.1875000000;-14.1875000000;0.6689450000;0.2171630000;-0.6553960000;0.2753300000
2121;-11.4400000000;3.7300000000;0.6600000000;56.3125000000;-61.3125000000;-33.2500000000;37.2500000000;-20.3750000000;-15.3750000000;0.6913450000;0.2069090000;-0.6439210000;0.2542110000
2122;-10.8600000000;1.8500000000;-2.4000000000;-14.5000000000;-69.5000000000;-9.3125000000;36.1875000000;-19.1875000000;-14.6875000000;0.7082520000;0.2026980000;-0.6266480000;0.2542110000
2123;-9.5900000000;3.6800000000;-4.4100000000;1.3750000000;-20.8125000000;-3.1875000000;35.0000000000;-18.8750000000;-18.2500000000;0.7178340000;0.2023930000;-0.6145630000;0.2569580000
2124;-10.2300000000;2.8300000000;-3.4600000000;-1.6250000000;38.1250000000;22.7500000000;35.0000000000;-18.8750000000;-18.2500000000;0.7129520000;0.1994630000;-0.6206050000;0.2583620000
2125;-10.9900000000;2.4300000000;-3.9100000000;14.1250000000;59.0000000000;24.3125000000;33.7500000000;-20.0000000000;-19.0625000000;0.7000120000;0.1982420000;-0.6348880000;0.2600100000
2126;-11.8400000000;2.9700000000;-5.2800000000;30.5000000000;98.7500000000;36.6250000000;35.0000000000;-20.5625000000;-18.0000000000;0.6817630000;0.1912230000;-0.6580810000;0.2561040000
2127;-12.9400000000;2.5100000000;-5.2800000000;40.0000000000;140.1875000000;49.8750000000;35.2500000000;-19.5000000000;-16.3750000000;0.6503910000;0.1837160000;-0.6932370000;0.2503660000
2128;-13.8900000000;2.0300000000;-5.9600000000;50.9375000000;175.1875000000;58.0625000000;37.1875000000;-21.0000000000;-10.8750000000;0.6098630000;0.1731570000;-0.7349850000;0.2405400000
2129;-14.4700000000;2.0600000000;-4.5900000000;70.9375000000;226.8750000000;52.7500000000;37.1875000000;-21.0000000000;-10.8750000000;0.5566410000;0.1632690000;-0.7832640000;0.2236330000
2130;-15.0500000000;2.5200000000;-5.6200000000;12.0625000000;250.5000000000;70.8125000000;38.2500000000;-22.5625000000;-4.5625000000;0.4879760000;0.1561890000;-0.8330690000;0.2086180000
2131;-13.7400000000;-1.0100000000;-3.7600000000;-63.7500000000;264.0625000000;47.9375000000;38.2500000000;-24.0625000000;4.0625000000;0.4045410000;0.1657100000;-0.8717040000;0.2214360000
2132;-11.9700000000;1.7000000000;-4.0900000000;133.1250000000;215.2500000000;34.5625000000;35.0000000000;-25.5000000000;10.6875000000;0.3344120000;0.1622920000;-0.9085080000;0.1908570000
2133;-8.7300000000;2.7900000000;-5.1700000000;50.3750000000;195.0000000000;14.6250000000;32.7500000000;-25.0000000000;20.0625000000;0.2766110000;0.1578370000;-0.9353640000;0.1539310000
2134;-8.7900000000;1.2400000000;-4.2000000000;71.0000000000;183.2500000000;25.1250000000;32.7500000000;-25.0000000000;20.0625000000;0.2172240000;0.1563720000;-0.9548340000;0.1290280000
2135;-6.8800000000;2.2200000000;-6.0900000000;103.7500000000;127.5000000000;14.6875000000;28.2500000000;-24.5625000000;25.5625000000;0.1732180000;0.1503300000;-0.9689940000;0.0920410000
2136;-4.0500000000;2.1500000000;-6.0300000000;127.9375000000;138.3125000000;2.4375000000;23.1875000000;-22.0625000000;31.5000000000;0.1368410000;0.1442260000;-0.9789430000;0.0462040000
2137;-1.7900000000;2.2200000000;-1.4300000000;107.0625000000;156.0000000000;14.1875000000;19.7500000000;-18.7500000000;35.6875000000;0.0912480000;0.1378170000;-0.9862670000;0.0001220000
2138;-0.9700000000;2.0100000000;0.6900000000;48.1875000000;95.1875000000;24.5625000000;14.6875000000;-15.0625000000;38.8750000000;0.0536500000;0.1284790000;-0.9897460000;-0.0308840000
2139;-0.7100000000;-0.8300000000;-2.4300000000;-69.6875000000;3.6875000000;36.0625000000;14.6875000000;-15.0625000000;38.8750000000;0.0394900000;0.1169430000;-0.9921260000;-0.0212400000
2140;-2.1200000000;-2.4900000000;-7.9300000000;-16.5625000000;-39.8125000000;14.3750000000;9.7500000000;-11.7500000000;39.2500000000;0.0479740000;0.1096800000;-0.9927980000;-0.0064700000
2141;-1.7200000000;-1.4000000000;-7.8700000000;-50.5000000000;-37.3750000000;-12.6875000000;9.5000000000;-14.1875000000;39.7500000000;0.0599980000;0.1111450000;-0.9920040000;0.0048220000
2142;-3.0200000000;0.3800000000;-4.5200000000;-52.0000000000;-33.1250000000;-18.9375000000;11.0000000000;-15.3750000000;40.1875000000;0.0697020000;0.1222530000;-0.9897460000;0.0243530000
2143;-2.7200000000;0.1000000000;-4.7400000000;-83.0625000000;-76.7500000000;-16.3750000000;11.0000000000;-15.3750000000;40.1875000000;0.0898440000;0.1322630000;-0.9857180000;0.0523070000
2144;-4.7500000000;1.6000000000;-2.7600000000;-32.2500000000;-115.0000000000;-36.6875000000;12.0625000000;-16.7500000000;38.2500000000;0.1234740000;0.1429440000;-0.9791260000;0.0748290000
2145;-5.8400000000;3.1300000000;-1.2400000000;-61.3750000000;-137.8750000000;-19.8750000000;15.3750000000;-19.0000000000;36.2500000000;0.1651610000;0.1540530000;-0.9691770000;0.0985110000
2146;-9.3700000000;3.2200000000;-4.9500000000;-152.8125000000;-200.6875000000;-24.6250000000;19.7500000000;-21.1875000000;33.5000000000;0.2206420000;0.1629030000;-0.9494630000;0.1525270000
2147;-11.2600000000;4.9600000000;-5.8100000000;-120.3125000000;-210.8750000000;-24.7500000000;24.2500000000;-24.8750000000;26.5000000000;0.2821040000;0.1703490000;-0.9218140000;0.2039790000
2148;-12.6800000000;3.9500000000;-6.5100000000;-151.5625000000;-227.6250000000;-35.5625000000;24.2500000000;-24.8750000000;26.5000000000;0.3445430000;0.1778560000;-0.8851320000;0.2574460000
2149;-14.1000000000;6.1100000000;-8.0100000000;-81.8125000000;-223.2500000000;-45.0625000000;29.7500000000;-28.3750000000;17.7500000000;0.4094240000;0.1820680000;-0.8446040000;0.2930300000
2150;-12.0600000000;2.6100000000;-8.5200000000;-114.2500000000;-218.6250000000;-61.1250000000;33.1875000000;-30.2500000000;9.1875000000;0.4676510000;0.1892090000;-0.7990720000;0.3270870000
2151;-13.8700000000;6.0800000000;-7.1500000000;8.6250000000;-164.4375000000;-66.6875000000;34.5625000000;-29.5625000000;-0.6875000000;0.5209350000;0.1909790000;-0.7633670000;0.3307500000
2152;-10.5100000000;1.1300000000;-8.4900000000;-45.0625000000;-141.8750000000;-51.5000000000;35.0000000000;-28.5625000000;-6.1875000000;0.5513310000;0.1920170000;-0.7379760000;0.3384400000
2153;-8.8400000000;2.5200000000;-3.5100000000;52.3125000000;-71.2500000000;-86.6875000000;35.0000000000;-28.5625000000;-6.1875000000;0.5849610000;0.1964720000;-0.7156980000;0.3271480000
2154;-9.5100000000;4.1800000000;-0.2200000000;12.4375000000;-70.0625000000;-89.7500000000;34.5625000000;-27.0625000000;-11.2500000000;0.6184690000;0.2066650000;-0.6962890000;0.3000490000
2155;-11.1500000000;3.0100000000;-0.0400000000;-13.7500000000;-83.1250000000;-40.9375000000;35.0000000000;-25.1875000000;-12.0625000000;0.6406250000;0.2128300000;-0.6744380000;0.2990110000
2156;-10.2100000000;3.0300000000;-4.8700000000;-24.5625000000;-90.5625000000;-26.8125000000;35.0000000000;-23.0000000000;-15.2500000000;0.6621700000;0.2144170000;-0.6503910000;0.3042600000
2157;-10.0800000000;5.9800000000;-6.5100000000;8.0000000000;-25.9375000000;-10.8750000000;34.5625000000;-22.1875000000;-17.1875000000;0.6714480000;0.2127690000;-0.6421510000;0.3025510000
2158;-9.3000000000;3.7100000000;-6.2800000000;4.0000000000;43.8750000000;15.6250000000;34.5625000000;-22.1875000000;-17.1875000000;0.6654660000;0.2136230000;-0.6472780000;0.3041380000
2159;-10.8900000000;5.0700000000;-5.6900000000;58.7500000000;103.5000000000;33.1875000000;33.7500000000;-22.5625000000;-18.7500000000;0.6427610000;0.2041630000;-0.6787110000;0.2906490000
2160;-12.0900000000;4.5400000000;-5.2200000000;23.8125000000;130.0625000000;52.2500000000;35.2500000000;-22.8750000000;-16.5000000000;0.6096190000;0.1988530000;-0.7120970000;0.2859500000
2161;-13.2400000000;4.1400000000;-5.8200000000;54.9375000000;159.4375000000;73.1250000000;36.5000000000;-23.6875000000;-11.0000000000;0.5673220000;0.1856690000;-0.7528690000;0.2772220000
2162;-13.8700000000;2.6300000000;-6.6200000000;74.3750000000;174.2500000000;77.2500000000;36.5000000000;-25.0625000000;-5.8750000000;0.5324100000;0.1730960000;-0.7843630000;0.2671510000
2163;-13.9800000000;4.0600000000;-6.4000000000;117.3125000000;210.7500000000;59.3125000000;36.5000000000;-25.0625000000;-5.8750000000;0.4788820000;0.1542360000;-0.8305660000;0.2388920000
2164;-13.7600000000;2.8200000000;-5.7200000000;67.3750000000;240.6875000000;65.3125000000;36.7500000000;-26.5625000000;0.3750000000;0.3934940000;0.1366580000;-0.8854980000;0.2058110000
2165;-13.1600000000;-0.1000000000;-4.1900000000;3.7500000000;237.0000000000;43.6875000000;35.0000000000;-27.0000000000;10.2500000000;0.3180540000;0.1375120000;-0.9172360000;0.1965940000
2166;-10.7600000000;1.7400000000;-4.5700000000;181.8750000000;196.6875000000;12.6875000000;31.2500000000;-28.5000000000;17.6875000000;0.2604980000;0.1284180000;-0.9466550000;0.1394650000
2167;-7.7800000000;4.0900000000;-5.2600000000;92.5625000000;188.0625000000;-1.2500000000;27.1875000000;-24.3750000000;26.7500000000;0.2199710000;0.1268310000;-0.9619140000;0.1013790000
2168;-6.4800000000;0.1000000000;-2.6000000000;-24.5000000000;197.1875000000;4.6875000000;27.1875000000;-24.3750000000;26.7500000000;0.1547240000;0.1314700000;-0.9746700000;0.0936890000
2169;-4.1700000000;0.9300000000;-2.3000000000;132.1250000000;126.3125000000;5.1875000000;22.3750000000;-22.5625000000;29.8750000000;0.1085820000;0.1309200000;-0.9835820000;0.0600590000
2170;-1.3700000000;-0.3500000000;-2.3600000000;95.2500000000;89.1250000000;2.5625000000;16.1875000000;-22.1875000000;33.7500000000;0.0815430000;0.1268310000;-0.9884030000;0.0169680000
2171;-0.4100000000;2.0900000000;-0.4400000000;53.0625000000;67.0625000000;-9.3125000000;13.1875000000;-17.3750000000;38.5625000000;0.0588380000;0.1288450000;-0.9898680000;-0.0064090000
2172;-1.5700000000;0.2700000000;-2.3100000000;-45.8750000000;-24.0625000000;31.1875000000;11.0000000000;-14.0625000000;39.7500000000;0.0558470000;0.1212770000;-0.9910280000;-0.0025630000
2173;-2.4600000000;-1.0400000000;-6.4600000000;-74.3125000000;-82.8750000000;12.9375000000;11.0000000000;-14.0625000000;39.7500000000;0.0753780000;0.1152950000;-0.9901730000;0.0242310000
2174;-3.4700000000;0.0500000000;-5.9900000000;-81.3125000000;-74.3125000000;-4.1250000000;10.1875000000;-15.1875000000;39.0000000000;0.0986940000;0.1163940000;-0.9868770000;0.0522460000
2175;-4.1200000000;0.9200000000;-2.5700000000;-87.3125000000;-94.8750000000;-11.5000000000;12.5000000000;-17.6875000000;37.0000000000;0.1229860000;0.1207890000;-0.9815060000;0.0830690000
2176;-6.4200000000;1.2900000000;-3.4800000000;-132.3750000000;-149.6875000000;-29.1250000000;15.0000000000;-20.6875000000;35.7500000000;0.1618040000;0.1293330000;-0.9698490000;0.1281740000
2177;-8.3100000000;2.9100000000;-4.6700000000;-88.8750000000;-188.1875000000;-33.4375000000;19.7500000000;-25.5000000000;30.0000000000;0.2158200000;0.1376950000;-0.9523320000;0.1659550000
2178;-11.7200000000;3.0000000000;-6.6700000000;-154.5000000000;-209.3125000000;-53.1250000000;19.7500000000;-25.5000000000;30.0000000000;0.2763670000;0.1497800000;-0.9249880000;0.2133790000
2179;-10.9600000000;4.8400000000;-6.0100000000;-66.6250000000;-212.5625000000;-75.0625000000;24.2500000000;-27.6875000000;24.0625000000;0.3426510000;0.1670530000;-0.8892210000;0.2529300000
2180;-13.6200000000;4.3500000000;-6.5300000000;-115.0000000000;-205.1875000000;-55.4375000000;29.7500000000;-29.8750000000;14.2500000000;0.4036250000;0.1757810000;-0.8531490000;0.2799680000
2181;-11.8300000000;3.3500000000;-6.0700000000;-53.1250000000;-186.3125000000;-98.4375000000;33.7500000000;-29.6875000000;8.3750000000;0.4620970000;0.1936040000;-0.8087770000;0.3079830000
2182;-11.5500000000;6.7500000000;-7.5000000000;-34.6250000000;-164.0000000000;-88.9375000000;35.6875000000;-28.5625000000;-0.2500000000;0.5184330000;0.2055660000;-0.7700810000;0.3096310000
2183;-11.7100000000;3.2300000000;-5.8800000000;-43.5000000000;-101.5000000000;-70.0625000000;35.6875000000;-28.5625000000;-0.2500000000;0.5556030000;0.2197880000;-0.7360840000;0.3181760000
2184;-11.8600000000;3.3500000000;-3.9800000000;15.2500000000;-97.5000000000;-71.0625000000;37.1875000000;-26.0625000000;-7.0000000000;0.5851440000;0.2288210000;-0.7122800000;0.3129270000
2185;-9.6800000000;3.0100000000;-4.6100000000;49.6875000000;-86.0625000000;-56.1250000000;36.7500000000;-22.7500000000;-8.7500000000;0.6175540000;0.2256470000;-0.6916500000;0.2988890000
2186;-9.4000000000;3.2600000000;-2.6700000000;31.3125000000;-60.5625000000;-42.6250000000;37.1875000000;-22.6875000000;-12.8750000000;0.6411130000;0.2213130000;-0.6778560000;0.2838130000
2187;-10.2300000000;3.0300000000;-2.4300000000;-10.8750000000;-43.4375000000;-9.6875000000;36.7500000000;-19.6875000000;-13.6875000000;0.6541750000;0.2199100000;-0.6671140000;0.2804570000
2188;-9.2900000000;3.1700000000;-4.3200000000;5.7500000000;-15.0625000000;-0.8750000000;36.7500000000;-19.6875000000;-13.6875000000;0.6603390000;0.2195430000;-0.6597900000;0.2836300000
2189;-10.3000000000;4.0700000000;-6.5000000000;16.8125000000;25.1875000000;23.1875000000;36.5000000000;-20.5000000000;-14.3750000000;0.6577760000;0.2149660000;-0.6643070000;0.2825320000
2190;-10.1800000000;3.5100000000;-7.5000000000;25.3125000000;82.4375000000;24.1250000000;36.5000000000;-20.6875000000;-14.8750000000;0.6431270000;0.2103880000;-0.6812130000;0.2794800000
2191;-11.7400000000;4.2600000000;-7.2500000000;29.1250000000;136.1250000000;50.8750000000;36.5000000000;-22.1875000000;-13.2500000000;0.6141970000;0.2050780000;-0.7118530000;0.2719120000
2192;-12.8100000000;3.2700000000;-6.6100000000;47.2500000000;162.0000000000;61.5625000000;37.5000000000;-22.1875000000;-9.2500000000;0.5730590000;0.1987300000;-0.7493290000;0.2657470000
2193;-13.7800000000;3.4000000000;-7.7900000000;64.1875000000;203.0625000000;69.7500000000;37.5000000000;-22.1875000000;-9.2500000000;0.5229490000;0.1843870000;-0.7943730000;0.2479250000
2194;-13.5800000000;1.8500000000;-5.5500000000;23.1875000000;225.5625000000;61.5000000000;37.7500000000;-23.2500000000;-3.7500000000;0.4580690000;0.1789550000;-0.8376460000;0.2376710000
2195;-13.6100000000;2.9600000000;-4.5200000000;140.0000000000;209.1875000000;62.8125000000;37.3750000000;-23.6875000000;4.7500000000;0.3976440000;0.1620480000;-0.8800050000;0.2028810000
2196;-12.0200000000;1.6700000000;-5.3800000000;78.3750000000;214.5625000000;50.0000000000;34.8750000000;-25.8750000000;12.2500000000;0.3342900000;0.1479490000;-0.9149780000;0.1709590000
2197;-10.9500000000;2.5600000000;-4.1700000000;21.5000000000;221.0000000000;25.1250000000;31.8750000000;-25.0625000000;20.8750000000;0.2646480000;0.1499020000;-0.9396970000;0.1564330000
2198;-8.7200000000;1.7100000000;-5.1200000000;-85.6250000000;192.6875000000;37.6875000000;31.8750000000;-25.0625000000;20.8750000000;0.1955570000;0.1513060000;-0.9550170000;0.1637570000
2199;-6.7100000000;1.4300000000;-5.5200000000;111.5625000000;118.3750000000;34.2500000000;26.3750000000;-25.0625000000;25.5625000000;0.1476440000;0.1484370000;-0.9659420000;0.1521610000
2200;-3.7200000000;3.0300000000;-5.1700000000;190.8125000000;124.9375000000;24.3125000000;20.8750000000;-28.0625000000;28.0000000000;0.1148680000;0.1367190000;-0.9799190000;0.0887450000
2201;-3.3200000000;2.7800000000;-1.2300000000;114.0625000000;152.8125000000;30.6250000000;16.7500000000;-23.6875000000;34.5625000000;0.0704960000;0.1260990000;-0.9887080000;0.0402830000
2202;-0.3500000000;-0.7700000000;0.8700000000;70.8750000000;115.0000000000;33.9375000000;16.7500000000;-23.6875000000;34.5625000000;0.0328980000;0.1142580000;-0.9928590000;0.0114140000
2203;-1.5500000000;0.4700000000;-0.8300000000;-14.0625000000;15.7500000000;30.5625000000;11.6875000000;-19.1875000000;37.0000000000;0.0225830000;0.1048580000;-0.9942020000;0.0104370000
2204;-0.9800000000;-1.5900000000;-7.2300000000;-65.3750000000;-86.4375000000;9.5000000000;7.5625000000;-15.5625000000;40.0625000000;0.0423580000;0.0983280000;-0.9936520000;0.0349120000
2205;-3.0000000000;0.2400000000;-7.4700000000;-40.1250000000;-75.7500000000;-11.5625000000;6.5000000000;-16.5625000000;38.1875000000;0.0675660000;0.1007080000;-0.9912110000;0.0525510000
2206;-3.5100000000;-0.5100000000;-5.0200000000;-94.6250000000;-75.6875000000;-23.2500000000;9.6875000000;-20.0000000000;37.8750000000;0.0835570000;0.1052250000;-0.9882200000;0.0734250000
2207;-4.4100000000;1.4500000000;-3.6100000000;-60.3125000000;-107.8750000000;-38.9375000000;9.6875000000;-20.0000000000;37.8750000000;0.1134640000;0.1166990000;-0.9815060000;0.1007690000
2208;-4.9800000000;1.7300000000;-4.1600000000;-96.2500000000;-152.8750000000;-45.8125000000;12.6875000000;-22.1875000000;35.1875000000;0.1699830000;0.1349490000;-0.9659420000;0.1409300000
2209;-8.4200000000;3.9500000000;-2.5900000000;-60.6250000000;-163.6875000000;-51.0000000000;17.5000000000;-24.6875000000;32.7500000000;0.2218020000;0.1500240000;-0.9487300000;0.1680910000
2210;-10.7400000000;3.4400000000;-7.1700000000;-165.0000000000;-227.9375000000;-37.2500000000;21.5625000000;-26.5625000000;27.2500000000;0.2853390000;0.1618040000;-0.9178470000;0.2235720000
2211;-9.9500000000;5.0500000000;-4.7100000000;-34.0000000000;-215.6250000000;-64.6250000000;27.8750000000;-27.3750000000;20.1875000000;0.3382570000;0.1675420000;-0.8930050000;0.2451170000
2212;-14.2200000000;3.4900000000;-5.2000000000;-123.3125000000;-216.0625000000;-43.0000000000;27.8750000000;-27.3750000000;20.1875000000;0.3997800000;0.1746220000;-0.8569950000;0.2743530000
2213;-14.3600000000;4.4500000000;-4.9900000000;-53.5625000000;-219.7500000000;-86.6250000000;31.5625000000;-29.6875000000;13.0625000000;0.4797970000;0.1892700000;-0.7987060000;0.3098750000
2214;-14.5200000000;3.6800000000;-8.3900000000;-92.5625000000;-243.1875000000;-83.9375000000;36.0000000000;-29.6875000000;4.7500000000;0.5464480000;0.1994630000;-0.7428590000;0.3313600000
2215;-10.3400000000;2.8600000000;-6.0400000000;-16.6875000000;-157.3750000000;-120.9375000000;36.3750000000;-27.6875000000;-4.1875000000;0.5993650000;0.2148440000;-0.6972050000;0.3294680000
2216;-11.8500000000;4.7700000000;-0.9600000000;43.4375000000;-78.4375000000;-85.5000000000;36.3750000000;-22.8750000000;-12.0000000000;0.6245120000;0.2194210000;-0.6814580000;0.3121340000
2217;-10.7400000000;2.5900000000;-2.5900000000;3.5625000000;-90.6250000000;-46.8125000000;36.3750000000;-22.8750000000;-12.0000000000;0.6515500000;0.2184450000;-0.6607670000;0.3019410000
2218;-9.8700000000;4.4800000000;-3.0000000000;22.1250000000;-68.6250000000;-48.0625000000;36.6875000000;-21.3750000000;-14.0000000000;0.6793820000;0.2169800000;-0.6376340000;0.2911990000
2219;-10.3500000000;3.6400000000;-3.7500000000;-25.6875000000;-25.6875000000;-12.5000000000;35.5625000000;-21.0625000000;-15.5000000000;0.6868290000;0.2194820000;-0.6282350000;0.2922360000
2220;-9.3000000000;3.2500000000;-4.5000000000;-32.6250000000;6.5625000000;-5.3750000000;34.8750000000;-20.5625000000;-17.2500000000;0.6836550000;0.2297360000;-0.6250610000;0.2985840000
2221;-10.8500000000;3.0100000000;-4.5400000000;13.0625000000;35.5625000000;19.7500000000;33.6875000000;-19.5000000000;-18.3750000000;0.6782230000;0.2286990000;-0.6316530000;0.2978520000
2222;-10.2600000000;3.3600000000;-5.2800000000;29.8125000000;74.5000000000;23.6250000000;33.6875000000;-19.5000000000;-18.3750000000;0.6654660000;0.2241210000;-0.6486210000;0.2937620000
2223;-11.4900000000;4.5000000000;-5.8000000000;32.8125000000;112.5000000000;45.7500000000;35.5625000000;-20.0625000000;-16.7500000000;0.6423950000;0.2179570000;-0.6767580000;0.2860720000
2224;-12.4800000000;3.4700000000;-4.6700000000;58.7500000000;152.1250000000;61.6250000000;36.3750000000;-17.8750000000;-14.5000000000;0.6070560000;0.2084350000;-0.7145390000;0.2783200000
2225;-13.5000000000;1.2900000000;-5.2300000000;47.8125000000;177.5000000000;66.0625000000;37.7500000000;-21.5625000000;-10.5625000000;0.5632320000;0.1947630000;-0.7576900000;0.2659300000
2226;-13.5300000000;3.3500000000;-3.8100000000;97.4375000000;207.5000000000;49.8750000000;38.1875000000;-22.6875000000;-2.6875000000;0.5110470000;0.1837770000;-0.8039550000;0.2423100000
2227;-13.3900000000;2.4100000000;-4.8800000000;12.0000000000;207.8750000000;60.8125000000;38.1875000000;-22.6875000000;-2.6875000000;0.4519040000;0.1747440000;-0.8458250000;0.2232670000
2228;-11.2700000000;1.6300000000;-4.8200000000;62.2500000000;202.1250000000;39.6875000000;38.5625000000;-24.1875000000;4.6875000000;0.3905030000;0.1723020000;-0.8790280000;0.2123410000
2229;-10.4800000000;4.5300000000;-4.6100000000;112.2500000000;207.0000000000;45.8125000000;36.0000000000;-24.1875000000;11.7500000000;0.3321530000;0.1593020000;-0.9139400000;0.1704710000
2230;-9.0000000000;1.0900000000;-5.9800000000;-97.3750000000;213.3125000000;58.6875000000;32.6875000000;-25.2500000000;20.5000000000;0.2620850000;0.1545410000;-0.9372560000;0.1701660000
2231;-8.2300000000;1.9000000000;-5.1700000000;59.0000000000;179.2500000000;52.3750000000;27.0625000000;-26.0000000000;24.7500000000;0.1958010000;0.1514890000;-0.9534910000;0.1718140000
2232;-5.1700000000;2.6200000000;-7.7300000000;103.6875000000;153.2500000000;83.8750000000;27.0625000000;-26.0000000000;24.7500000000;0.1453860000;0.1293330000;-0.9719240000;0.1322630000
2233;-4.0400000000;2.2100000000;-7.2800000000;-0.1875000000;186.6250000000;59.3750000000;21.5625000000;-26.7500000000;29.0625000000;0.0868530000;0.1129150000;-0.9829710000;0.1159670000
2234;-2.6600000000;-0.6800000000;-1.1200000000;65.0625000000;173.3125000000;44.0000000000;15.6875000000;-26.3750000000;33.6875000000;0.0238040000;0.1017460000;-0.9892580000;0.1019290000
2235;-1.8200000000;0.9100000000;1.8400000000;105.0625000000;88.0625000000;26.5625000000;7.8750000000;-25.5625000000;35.0000000000;-0.0142820000;0.0955810000;-0.9933470000;0.0621950000
2236;-0.6300000000;-0.6100000000;-1.9800000000;-38.9375000000;-17.2500000000;12.3125000000;2.0000000000;-21.1875000000;38.0625000000;-0.0222780000;0.0887450000;-0.9943240000;0.0543210000
2237;-0.9200000000;0.0300000000;-6.8900000000;-66.0000000000;-77.7500000000;-15.5625000000;2.0000000000;-21.1875000000;38.0625000000;-0.0045780000;0.0891110000;-0.9928590000;0.0790410000
2238;-1.8100000000;0.2100000000;-8.1300000000;-46.7500000000;-79.9375000000;-22.8750000000;1.1875000000;-21.1875000000;38.1875000000;0.0226440000;0.0939940000;-0.9902950000;0.0996700000
2239;-2.8900000000;0.6400000000;-3.9000000000;-47.8125000000;-65.9375000000;-39.5625000000;5.2500000000;-24.1875000000;37.5000000000;0.0445560000;0.1043090000;-0.9866330000;0.1170650000
2240;-4.6500000000;2.2500000000;-4.7200000000;-89.2500000000;-115.3750000000;-57.0000000000;8.3750000000;-25.2500000000;35.5000000000;0.0747680000;0.1198730000;-0.9796140000;0.1427610000
2241;-5.8600000000;1.8900000000;-3.6500000000;-57.8750000000;-139.3125000000;-60.5625000000;12.5000000000;-27.5000000000;32.0000000000;0.1186520000;0.1362300000;-0.9685060000;0.1714480000
2242;-8.3000000000;4.5400000000;-3.7600000000;-79.5625000000;-189.9375000000;-70.1250000000;12.5000000000;-27.5000000000;32.0000000000;0.1738890000;0.1511230000;-0.9530030000;0.1968380000
2243;-9.7700000000;5.0900000000;-6.9500000000;-123.1250000000;-233.6250000000;-79.7500000000;17.5000000000;-29.5000000000;28.2500000000;0.2432860000;0.1674800000;-0.9246220000;0.2405400000
2244;-12.5500000000;3.6800000000;-5.5400000000;-56.6250000000;-216.1250000000;-68.2500000000;23.7500000000;-30.1875000000;21.5625000000;0.3135990000;0.1762080000;-0.8933720000;0.2692870000
2245;-12.7600000000;2.6300000000;-5.6700000000;-61.6875000000;-246.8750000000;-121.0625000000;30.3750000000;-31.3750000000;14.1875000000;0.3877560000;0.1906740000;-0.8530880000;0.2924190000
2246;-14.8800000000;5.0600000000;-7.5200000000;-47.2500000000;-219.7500000000;-70.6250000000;33.6875000000;-28.3750000000;7.0625000000;0.4604490000;0.2000120000;-0.8087770000;0.3063960000
2247;-13.2100000000;1.9100000000;-6.2000000000;-42.0000000000;-185.5000000000;-129.8750000000;33.6875000000;-28.3750000000;7.0625000000;0.5227050000;0.2171630000;-0.7593990000;0.3207400000
2248;-13.3300000000;7.3100000000;-5.7100000000;13.2500000000;-168.6250000000;-92.5625000000;36.0000000000;-27.7500000000;-3.1875000000;0.5785520000;0.2272340000;-0.7190550000;0.3106690000
2249;-10.4200000000;3.1400000000;-7.0800000000;15.1250000000;-96.4375000000;-54.5625000000;37.3750000000;-21.8750000000;-7.0000000000;0.6170650000;0.2247920000;-0.6896360000;0.3051150000
2250;-10.3600000000;2.7200000000;-2.0200000000;18.0625000000;-48.1875000000;-52.4375000000;37.3750000000;-20.5000000000;-12.1875000000;0.6371460000;0.2279050000;-0.6749270000;0.2942500000
2251;-9.9300000000;3.6400000000;-3.7300000000;-18.9375000000;-74.3125000000;-50.1875000000;36.5000000000;-21.8750000000;-13.3750000000;0.6572270000;0.2340090000;-0.6547850000;0.2908330000
2252;-10.2300000000;3.5400000000;-3.9800000000;17.1875000000;-29.3750000000;-6.4375000000;36.5000000000;-21.8750000000;-13.3750000000;0.6687010000;0.2307740000;-0.6458740000;0.2871700000
2253;-9.8300000000;3.4300000000;-5.4300000000;-37.6250000000;-0.0625000000;-0.8125000000;36.0000000000;-18.5000000000;-15.0000000000;0.6700440000;0.2330320000;-0.6417850000;0.2913820000
2254;-10.1600000000;3.4600000000;-7.1200000000;34.7500000000;53.8750000000;26.0625000000;35.5625000000;-20.6875000000;-16.1875000000;0.6612550000;0.2332760000;-0.6505740000;0.2917480000
2255;-11.7200000000;3.3300000000;-7.3000000000;38.6875000000;99.4375000000;36.3750000000;36.0000000000;-20.2500000000;-16.5625000000;0.6406860000;0.2252810000;-0.6771240000;0.2833250000
2256;-12.2500000000;3.4500000000;-9.0000000000;29.5000000000;147.0000000000;36.0000000000;36.0000000000;-20.2500000000;-16.5625000000;0.6071780000;0.2230830000;-0.7121580000;0.2727050000
2257;-14.4100000000;3.2800000000;-7.2400000000;62.8125000000;202.4375000000;55.5000000000;37.0625000000;-21.0000000000;-12.2500000000;0.5578610000;0.2162480000;-0.7597660000;0.2545170000
2258;-14.7500000000;2.1400000000;-5.3900000000;96.8125000000;209.3750000000;67.1875000000;38.5625000000;-19.5000000000;-6.7500000000;0.5032350000;0.1997680000;-0.8095090000;0.2270510000
2259;-13.7500000000;2.3000000000;-5.5500000000;58.5625000000;235.8750000000;58.7500000000;38.1875000000;-21.2500000000;2.6875000000;0.4382930000;0.1889650000;-0.8549800000;0.2030030000
2260;-13.1800000000;1.2300000000;-3.5800000000;68.0625000000;241.8750000000;46.0625000000;37.3750000000;-22.1875000000;10.5000000000;0.3666990000;0.1826170000;-0.8948970000;0.1768800000
2261;-11.7700000000;3.2800000000;-3.4000000000;137.7500000000;221.2500000000;39.5625000000;37.3750000000;-22.1875000000;10.5000000000;0.3189090000;0.1701050000;-0.9221190000;0.1381840000
2262;-9.0900000000;1.4500000000;-5.5400000000;-46.4375000000;221.4375000000;34.8750000000;34.5000000000;-23.2500000000;18.3750000000;0.2312620000;0.1645510000;-0.9509890000;0.1226200000
2263;-7.9300000000;1.6200000000;-6.5800000000;-79.9375000000;227.8750000000;38.5000000000;28.5625000000;-20.3750000000;25.0000000000;0.1517940000;0.1678470000;-0.9642330000;0.1381840000
2264;-5.6300000000;1.1700000000;-5.0300000000;-41.5000000000;210.8125000000;49.6250000000;21.8750000000;-23.5625000000;30.5625000000;0.0771480000;0.1652220000;-0.9724730000;0.1449580000
2265;-3.2500000000;-0.2400000000;-2.3100000000;2.5625000000;168.0625000000;35.7500000000;13.7500000000;-26.8750000000;31.6875000000;0.0302120000;0.1622920000;-0.9763790000;0.1392820000
2266;-1.2400000000;1.0400000000;-1.3000000000;205.8125000000;93.6875000000;26.7500000000;13.7500000000;-26.8750000000;31.6875000000;-0.0029300000;0.1567990000;-0.9833370000;0.0917360000
2267;0.0500000000;1.5800000000;-0.8900000000;109.0625000000;41.5000000000;31.0000000000;8.2500000000;-26.0625000000;35.3750000000;-0.0166630000;0.1471560000;-0.9886470000;0.0262450000
2268;-0.7500000000;-1.6000000000;-2.1900000000;-57.7500000000;-4.5000000000;8.1875000000;4.6875000000;-19.0000000000;39.2500000000;-0.0190430000;0.1425780000;-0.9888310000;0.0395510000
2269;-1.9400000000;0.0500000000;-4.4800000000;-51.6875000000;-78.5000000000;-16.1875000000;3.1875000000;-17.5000000000;38.8750000000;0.0010990000;0.1459350000;-0.9873660000;0.0614010000
2270;-3.1200000000;-0.6600000000;-5.5200000000;-71.3125000000;-117.0000000000;-21.3125000000;5.0000000000;-20.0625000000;37.7500000000;0.0269780000;0.1485600000;-0.9851680000;0.0814210000
2271;-4.7000000000;0.3900000000;-3.0700000000;-45.3750000000;-127.8125000000;-48.6875000000;5.0000000000;-20.0625000000;37.7500000000;0.0660400000;0.1588750000;-0.9791260000;0.1082760000
2272;-7.4300000000;1.7200000000;-3.7700000000;-99.6250000000;-177.3125000000;-66.8125000000;9.5000000000;-22.0000000000;36.1875000000;0.1305540000;0.1802370000;-0.9631350000;0.1510010000
2273;-9.5300000000;3.0400000000;-6.7500000000;-121.0000000000;-211.3750000000;-72.6875000000;16.7500000000;-23.5000000000;32.2500000000;0.1939090000;0.1979980000;-0.9400020000;0.1988530000
2274;-10.7400000000;2.6200000000;-7.8800000000;-149.5000000000;-238.8750000000;-105.5625000000;22.3750000000;-26.8750000000;26.3750000000;0.2645870000;0.2223510000;-0.9038090000;0.2523190000
2275;-12.3400000000;6.1900000000;-6.1600000000;-28.3750000000;-212.1250000000;-93.3750000000;29.7500000000;-28.6875000000;18.0625000000;0.3186650000;0.2357790000;-0.8778080000;0.2688600000
2276;-12.7400000000;2.1800000000;-8.0000000000;-145.4375000000;-211.3125000000;-84.0625000000;29.7500000000;-28.6875000000;18.0625000000;0.3785400000;0.2489010000;-0.8380130000;0.3040770000
2277;-11.8900000000;4.6700000000;-4.2200000000;-6.5000000000;-195.6875000000;-133.3750000000;34.5625000000;-26.1875000000;10.5625000000;0.4417110000;0.2701420000;-0.7904050000;0.3273930000
2278;-13.8200000000;5.5900000000;-4.7600000000;-16.3125000000;-209.3125000000;-94.8125000000;36.7500000000;-25.5625000000;1.1875000000;0.5076900000;0.2751460000;-0.7489620000;0.3249510000
2279;-11.9600000000;3.5000000000;-5.3500000000;-30.6875000000;-176.4375000000;-82.6250000000;39.3750000000;-20.8750000000;-4.3750000000;0.5725710000;0.2826540000;-0.6907350000;0.3394170000
2280;-11.3100000000;1.6800000000;-5.2300000000;13.6250000000;-132.6875000000;-67.1875000000;39.0000000000;-18.2500000000;-11.0000000000;0.6032100000;0.2805790000;-0.6660160000;0.3374020000
2281;-10.6000000000;2.1300000000;-3.2500000000;51.2500000000;-89.1250000000;-69.1875000000;39.0000000000;-18.2500000000;-11.0000000000;0.6373900000;0.2780760000;-0.6406860000;0.3254390000
2282;-9.5300000000;3.0500000000;-3.1100000000;47.8125000000;-72.1250000000;-60.6250000000;36.7500000000;-17.5625000000;-15.6875000000;0.6625370000;0.2727050000;-0.6265260000;0.3067630000
2283;-10.1500000000;2.2400000000;-2.3900000000;26.8750000000;-22.5000000000;-24.1875000000;36.7500000000;-17.5000000000;-16.5000000000;0.6774290000;0.2680050000;-0.6187740000;0.2938840000
2284;-10.3600000000;2.5000000000;-3.0600000000;-17.0625000000;-4.4375000000;-5.8125000000;36.0000000000;-17.5000000000;-16.8750000000;0.6806030000;0.2691650000;-0.6155400000;0.2924190000
2285;-10.1800000000;2.7200000000;-4.8200000000;-25.0000000000;10.7500000000;13.3750000000;36.3750000000;-16.6875000000;-17.0000000000;0.6760860000;0.2752690000;-0.6146240000;0.2990110000
2286;-11.2300000000;3.0800000000;-7.8000000000;7.1250000000;52.3125000000;38.4375000000;36.3750000000;-16.6875000000;-17.0000000000;0.6679690000;0.2734380000;-0.6227420000;0.3020020000
2287;-11.9800000000;3.4600000000;-5.5400000000;27.3125000000;136.0000000000;39.1250000000;36.0000000000;-16.6875000000;-17.5000000000;0.6405640000;0.2723390000;-0.6529540000;0.2985840000
2288;-14.6400000000;4.9000000000;-4.8800000000;57.6250000000;161.4375000000;78.3125000000;37.0000000000;-14.8750000000;-15.5000000000;0.6051640000;0.2615360000;-0.6963500000;0.2836300000
2289;-14.1300000000;1.5600000000;-6.0100000000;36.2500000000;164.8125000000;91.8750000000;38.5000000000;-16.6875000000;-9.5625000000;0.5601200000;0.2473750000;-0.7395020000;0.2796020000
2290;-16.1600000000;5.1100000000;-6.5400000000;85.0000000000;214.0000000000;79.5625000000;40.2500000000;-19.0000000000;-3.3750000000;0.5087890000;0.2303470000;-0.7880860000;0.2588500000
2291;-14.0000000000;-0.0300000000;-5.0400000000;-1.1250000000;256.3125000000;107.4375000000;40.2500000000;-19.0000000000;-3.3750000000;0.4362790000;0.2171630000;-0.8377080000;0.2464600000
2292;-13.0100000000;1.4600000000;-2.9500000000;124.4375000000;258.9375000000;60.3125000000;38.5000000000;-22.6875000000;4.8750000000;0.3572390000;0.2102660000;-0.8820800000;0.2238160000
2293;-10.3200000000;2.3800000000;-6.2100000000;164.7500000000;232.8125000000;60.0625000000;35.0625000000;-25.5625000000;13.5625000000;0.2918700000;0.1882930000;-0.9243770000;0.1578370000
2294;-9.8000000000;1.7500000000;-8.0200000000;-34.3125000000;300.3750000000;66.3125000000;30.7500000000;-23.3750000000;23.7500000000;0.2047730000;0.1777340000;-0.9528200000;0.1365970000
2295;-7.6900000000;-0.2200000000;-4.1000000000;-111.0000000000;341.5000000000;86.6875000000;22.6875000000;-22.6875000000;29.6875000000;0.0843510000;0.1721800000;-0.9694820000;0.1526490000
2296;-5.2300000000;-2.5100000000;1.3800000000;-7.6250000000;262.6250000000;59.1250000000;22.6875000000;-22.6875000000;29.6875000000;-0.0232540000;0.1647950000;-0.9734500000;0.1569820000
2297;-2.0300000000;-1.5000000000;5.0000000000;112.6875000000;129.4375000000;0.6875000000;10.5000000000;-28.5625000000;32.8750000000;-0.0864260000;0.1664430000;-0.9740600000;0.1265870000
2298;0.5800000000;0.6900000000;3.0200000000;9.8750000000;-28.0000000000;-8.6250000000;-0.5625000000;-29.1875000000;34.3750000000;-0.0922240000;0.1718140000;-0.9754640000;0.1022950000
2299;-0.4800000000;-0.3200000000;-3.3100000000;-28.0000000000;-143.9375000000;-32.5625000000;-3.0625000000;-25.0625000000;37.6875000000;-0.0590820000;0.1743160000;-0.9752200000;0.1228640000
2300;-2.9100000000;1.3600000000;-7.1900000000;12.0000000000;-156.2500000000;-33.8750000000;0.7500000000;-25.3750000000;34.8750000000;-0.0050660000;0.1789550000;-0.9749760000;0.1317750000
2301;-2.8400000000;1.3600000000;-6.3200000000;-18.0625000000;-147.4375000000;-56.5000000000;0.7500000000;-25.3750000000;34.8750000000;0.0451050000;0.1874390000;-0.9708860000;0.1420900000
2302;-5.1400000000;2.9300000000;-3.8300000000;-24.2500000000;-174.6875000000;-56.5000000000;6.5625000000;-25.7500000000;35.6875000000;0.0996090000;0.1984250000;-0.9623410000;0.1567380000
2303;-7.6200000000;3.0000000000;-7.5000000000;-86.7500000000;-214.9375000000;-66.4375000000;12.8750000000;-25.0000000000;32.5000000000;0.1625370000;0.2089840000;-0.9451900000;0.1911620000
2304;-8.1000000000;3.9500000000;-4.7900000000;-18.3750000000;-203.2500000000;-66.7500000000;19.8750000000;-26.0625000000;29.3750000000;0.2304080000;0.2185060000;-0.9236450000;0.2144170000
2305;-11.6500000000;4.6700000000;-7.5700000000;-71.9375000000;-232.8125000000;-57.8750000000;26.1875000000;-27.5625000000;23.8750000000;0.3003540000;0.2250980000;-0.8941650000;0.2440190000
2306;-11.2400000000;4.5600000000;-8.5000000000;-14.6250000000;-218.8750000000;-44.5000000000;26.1875000000;-27.5625000000;23.8750000000;0.3726810000;0.2262570000;-0.8585210000;0.2698970000
2307;-13.1700000000;1.3900000000;-8.5600000000;-27.1250000000;-217.7500000000;-77.2500000000;32.5000000000;-27.2500000000;15.2500000000;0.4359740000;0.2265620000;-0.8226320000;0.2861330000
2308;-12.2800000000;6.1300000000;-9.0100000000;-32.2500000000;-179.4375000000;-61.0625000000;35.0625000000;-27.6875000000;9.5000000000;0.4970700000;0.2312010000;-0.7825930000;0.2950440000
2309;-11.2800000000;0.7200000000;-7.7000000000;-35.8750000000;-128.1250000000;-59.1875000000;38.0000000000;-24.6875000000;1.5625000000;0.5353390000;0.2380980000;-0.7510380000;0.3043820000
2310;-10.4400000000;3.5300000000;-2.9600000000;71.3125000000;-106.1250000000;-75.5000000000;38.0000000000;-24.6875000000;1.5625000000;0.5741580000;0.2358400000;-0.7299190000;0.2863160000
2311;-10.4400000000;4.2900000000;-6.4800000000;-19.5625000000;-117.2500000000;-19.0625000000;38.7500000000;-23.2500000000;-4.0000000000;0.6088870000;0.2299800000;-0.7030640000;0.2864990000
2312;-8.9100000000;1.1900000000;-5.9300000000;-11.1875000000;-52.6875000000;-34.4375000000;38.5000000000;-21.6875000000;-5.8750000000;0.6259770000;0.2338260000;-0.6856690000;0.2886960000
2313;-10.7600000000;2.0400000000;-1.6800000000;18.7500000000;-32.1250000000;-33.8125000000;38.0625000000;-19.0625000000;-10.1875000000;0.6377560000;0.2354740000;-0.6776730000;0.2804570000
2314;-9.6400000000;1.3900000000;-3.1600000000;14.5625000000;-37.6875000000;-15.4375000000;37.3750000000;-20.5625000000;-9.8750000000;0.6497190000;0.2329710000;-0.6687620000;0.2763060000
2315;-9.6900000000;1.3700000000;-2.2200000000;11.5000000000;-9.2500000000;-8.8750000000;37.3750000000;-20.5625000000;-9.8750000000;0.6541750000;0.2310180000;-0.6669920000;0.2717290000
2316;-9.0300000000;1.7500000000;-1.6900000000;-20.0000000000;10.1875000000;-11.6875000000;36.6875000000;-18.3750000000;-11.3750000000;0.6522220000;0.2376710000;-0.6663820000;0.2721560000
2317;-9.5200000000;1.8700000000;-0.6000000000;-8.0000000000;12.3125000000;1.4375000000;37.3750000000;-19.0000000000;-11.0625000000;0.6486210000;0.2412720000;-0.6680910000;0.2733760000
2318;-9.6300000000;1.1600000000;-1.0100000000;9.8125000000;6.5000000000;13.8750000000;37.3750000000;-17.1875000000;-10.7500000000;0.6465450000;0.2374270000;-0.6712650000;0.2738650000
2319;-9.8300000000;0.5500000000;-0.9900000000;1.2500000000;22.7500000000;11.7500000000;37.6875000000;-19.0000000000;-11.5000000000;0.6428830000;0.2357790000;-0.6752320000;0.2742920000
2320;-10.0900000000;0.9500000000;-0.1900000000;9.6875000000;20.0000000000;10.8125000000;37.6875000000;-19.0000000000;-11.5000000000;0.6370850000;0.2341310000;-0.6817020000;0.2730100000
2321;-9.7100000000;0.4100000000;-0.6100000000;5.3125000000;10.8750000000;14.1875000000;37.6875000000;-17.8750000000;-9.5625000000;0.6333620000;0.2272950000;-0.6882320000;0.2711790000
2322;-9.6600000000;0.7300000000;-0.3400000000;7.6875000000;6.5625000000;8.5000000000;37.6875000000;-20.5000000000;-10.2500000000;0.6322020000;0.2214360000;-0.6922610000;0.2683110000
2323;-10.4400000000;0.8300000000;-1.2500000000;-1.2500000000;1.5625000000;12.2500000000;38.0625000000;-18.6875000000;-10.0000000000;0.6310420000;0.2179570000;-0.6940310000;0.2695920000
2324;-9.8000000000;-0.0800000000;-1.1600000000;-3.2500000000;14.2500000000;2.7500000000;37.0000000000;-19.3750000000;-9.0625000000;0.6290280000;0.2167970000;-0.6962280000;0.2694700000
2325;-9.6300000000;1.0200000000;-0.4100000000;14.5000000000;12.1250000000;-2.3750000000;37.0000000000;-19.3750000000;-9.0625000000;0.6266480000;0.2156980000;-0.7003780000;0.2650150000
2326;-9.6100000000;0.6400000000;-1.2500000000;-16.4375000000;4.5625000000;-0.7500000000;37.3750000000;-19.3750000000;-8.3750000000;0.6246340000;0.2173460000;-0.7015990000;0.2651370000
2327;-9.7600000000;0.2100000000;-0.7600000000;-13.9375000000;9.5625000000;-5.4375000000;38.0625000000;-20.5000000000;-7.5625000000;0.6226200000;0.2202150000;-0.7025760000;0.2650150000
2328;-9.6400000000;1.2500000000;-0.7400000000;8.8750000000;4.0625000000;-4.3125000000;38.5000000000;-19.0000000000;-8.7500000000;0.6226810000;0.2199710000;-0.7039790000;0.2614750000
2329;-9.5900000000;1.0400000000;-0.7400000000;-12.0000000000;4.8750000000;-3.8125000000;38.0625000000;-20.1875000000;-8.3750000000;0.6220090000;0.2210690000;-0.7042850000;0.2611690000
2330;-9.4800000000;1.1300000000;-0.5600000000;-7.2500000000;2.2500000000;-3.5000000000;38.0625000000;-20.1875000000;-8.3750000000;0.6207890000;0.2241820000;-0.7037350000;0.2628170000
2331;-9.9500000000;1.1700000000;-1.0000000000;-8.5625000000;-5.1875000000;1.6250000000;38.8750000000;-20.5000000000;-8.7500000000;0.6215820000;0.2243040000;-0.7024540000;0.2644040000
2332;-9.4600000000;0.7000000000;-1.5600000000;-5.5625000000;-4.9375000000;-1.5625000000;38.5000000000;-18.2500000000;-8.0000000000;0.6224980000;0.2249760000;-0.7008060000;0.2659300000
2333;-9.5100000000;1.4200000000;-0.9200000000;2.0625000000;0.5000000000;-1.1250000000;38.5000000000;-20.0625000000;-7.5625000000;0.6235960000;0.2225950000;-0.7016600000;0.2630620000
2334;-10.0300000000;0.9500000000;-1.3100000000;-9.5625000000;-3.7500000000;4.5000000000;39.1875000000;-19.7500000000;-8.7500000000;0.6239010000;0.2216800000;-0.7014160000;0.2639160000
2335;-9.5900000000;0.4600000000;-1.6000000000;-4.5625000000;-0.3125000000;-0.3750000000;39.1875000000;-19.7500000000;-8.7500000000;0.6234130000;0.2231450000;-0.7001950000;0.2671510000
2336;-9.7700000000;1.2300000000;-1.2500000000;1.1875000000;3.8125000000;0.1250000000;38.5000000000;-19.7500000000;-9.0625000000;0.6234740000;0.2219850000;-0.7012940000;0.2648320000
2337;-9.4700000000;0.7100000000;-1.4100000000;-11.8750000000;6.1250000000;0.8125000000;39.1875000000;-19.7500000000;-7.5625000000;0.6223750000;0.2218630000;-0.7022090000;0.2651370000
2338;-9.7700000000;0.9000000000;-0.6000000000;5.2500000000;2.0000000000;-1.0000000000;38.5000000000;-19.7500000000;-8.7500000000;0.6212160000;0.2224120000;-0.7033080000;0.2644650000
2339;-9.5200000000;1.0500000000;-0.9700000000;0.4375000000;-2.3750000000;0.7500000000;38.8750000000;-17.8750000000;-7.5625000000;0.6222530000;0.2207030000;-0.7034910000;0.2630620000
2340;-9.8000000000;0.6500000000;-1.1100000000;-7.2500000000;-1.5000000000;1.7500000000;38.8750000000;-17.8750000000;-7.5625000000;0.6218870000;0.2212520000;-0.7030640000;0.2645870000
2341;-9.7800000000;1.0500000000;-1.1600000000;1.7500000000;-0.1250000000;-1.1250000000;38.5000000000;-19.7500000000;-8.3750000000;0.6225590000;0.2202150000;-0.7031250000;0.2637330000
2342;-9.5200000000;1.0300000000;-1.0400000000;-1.5625000000;-0.9375000000;-0.8125000000;38.5000000000;-18.2500000000;-7.5625000000;0.6229860000;0.2196660000;-0.7031250000;0.2630620000
2343;-9.6300000000;0.9200000000;-1.2100000000;-0.5625000000;-3.0625000000;1.0625000000;37.6875000000;-19.7500000000;-8.7500000000;0.6233520000;0.2185060000;-0.7033080000;0.2626950000
2344;-9.6300000000;0.8300000000;-1.2000000000;0.3750000000;0.5625000000;0.2500000000;38.0625000000;-18.6875000000;-9.0625000000;0.6225590000;0.2188720000;-0.7039790000;0.2625120000
2345;-9.6700000000;0.9100000000;-1.0900000000;-0.2500000000;-1.3125000000;0.7500000000;38.0625000000;-18.6875000000;-9.0625000000;0.6223140000;0.2189330000;-0.7042240000;0.2624510000
2346;-9.7000000000;0.9600000000;-1.0900000000;0.8125000000;-0.7500000000;0.8750000000;38.8750000000;-19.7500000000;-8.7500000000;0.6224370000;0.2183230000;-0.7044070000;0.2620850000
2347;-9.6500000000;0.9700000000;-1.0800000000;1.8125000000;-1.7500000000;0.6875000000;38.0625000000;-19.0000000000;-8.7500000000;0.6226810000;0.2174680000;-0.7046510000;0.2617190000
2348;-9.7500000000;0.8500000000;-0.8800000000;-1.1250000000;-1.1250000000;0.2500000000;39.1875000000;-19.3750000000;-8.3750000000;0.6228640000;0.2168580000;-0.7047730000;0.2613530000
2349;-9.8200000000;0.8400000000;-0.9200000000;5.0625000000;-4.3750000000;-0.5625000000;38.5000000000;-20.0625000000;-9.5625000000;0.6238400000;0.2160640000;-0.7042850000;0.2609250000
2350;-9.6300000000;1.0700000000;-1.2800000000;0.7500000000;-2.8125000000;-0.4375000000;38.5000000000;-20.0625000000;-9.5625000000;0.6251830000;0.2150270000;-0.7037960000;0.2600710000
2351;-9.8000000000;0.8500000000;-1.2000000000;0.2500000000;-1.9375000000;-0.1250000000;38.8750000000;-18.2500000000;-9.0625000000;0.6251830000;0.2155760000;-0.7033690000;0.2606810000
2352;-9.6300000000;1.0200000000;-1.1800000000;0.7500000000;-0.9375000000;-1.4375000000;38.0625000000;-20.0625000000;-9.0625000000;0.6251830000;0.2151490000;-0.7039180000;0.2595210000
2353;-9.6700000000;0.9500000000;-1.0600000000;-1.1875000000;1.1250000000;-0.4375000000;38.5000000000;-19.3750000000;-9.0625000000;0.6245730000;0.2153930000;-0.7044680000;0.2592160000
2354;-9.7800000000;0.8600000000;-0.8100000000;-0.5000000000;-0.1875000000;0.5625000000;39.1875000000;-19.3750000000;-8.7500000000;0.6243290000;0.2153320000;-0.7047730000;0.2591550000
2355;-9.6800000000;0.9500000000;-1.0000000000;0.6250000000;0.0625000000;-1.0000000000;39.1875000000;-19.3750000000;-8.7500000000;0.6244510000;0.2153930000;-0.7047120000;0.2589720000
2356;-9.6500000000;1.0500000000;-0.9600000000;0.1875000000;-0.1875000000;-0.4375000000;38.5000000000;-18.2500000000;-9.5625000000;0.6241460000;0.2161250000;-0.7046510000;0.2592770000
2357;-9.6400000000;0.9100000000;-1.0400000000;-1.5625000000;-0.3125000000;0.0625000000;38.5000000000;-19.7500000000;-8.3750000000;0.6243900000;0.2151490000;-0.7050170000;0.2584840000
2358;-9.7100000000;0.9000000000;-0.7600000000;-0.1250000000;-1.6250000000;0.0000000000;37.6875000000;-20.0625000000;-10.0000000000;0.6244510000;0.2152100000;-0.7049560000;0.2585450000
2359;-9.6600000000;0.8600000000;-1.1100000000;-0.2500000000;-3.0625000000;-0.5000000000;38.5000000000;-20.8750000000;-9.5625000000;0.6252440000;0.2145390000;-0.7044680000;0.2583620000
2360;-9.6700000000;0.8900000000;-0.9400000000;0.8125000000;-0.1250000000;-1.1250000000;38.5000000000;-20.8750000000;-9.5625000000;0.6254880000;0.2144780000;-0.7044070000;0.2581180000
2361;-9.8100000000;0.7200000000;-1.1900000000;-2.9375000000;-2.2500000000;-1.3125000000;37.6875000000;-20.5000000000;-8.7500000000;0.6259770000;0.2136840000;-0.7045290000;0.2570800000
2362;-9.5900000000;0.8900000000;-1.1700000000;3.8750000000;1.7500000000;-2.1250000000;38.8750000000;-20.5000000000;-8.7500000000;0.6264650000;0.2130740000;-0.7048340000;0.2557370000
2363;-9.5800000000;1.0300000000;-0.9600000000;7.6250000000;3.0625000000;0.2500000000;38.0625000000;-20.0625000000;-10.2500000000;0.6262820000;0.2120970000;-0.7059330000;0.2539060000
2364;-9.8000000000;0.8100000000;-1.1400000000;-0.0625000000;0.3750000000;-0.3125000000;38.8750000000;-19.7500000000;-8.3750000000;0.6262820000;0.2115480000;-0.7063600000;0.2530520000
2365;-9.7400000000;0.8300000000;-1.0200000000;3.1250000000;1.2500000000;-1.4375000000;38.8750000000;-19.7500000000;-8.3750000000;0.6261600000;0.2114870000;-0.7069700000;0.2518310000
2366;-9.6100000000;0.8400000000;-1.1700000000;-1.6875000000;2.0625000000;-1.5625000000;38.0625000000;-20.0625000000;-9.0625000000;0.6257930000;0.2117310000;-0.7075200000;0.2509770000
2367;-9.7400000000;0.8400000000;-0.7400000000;-0.5625000000;0.2500000000;-0.1250000000;38.0625000000;-18.6875000000;-8.3750000000;0.6253660000;0.2122190000;-0.7077640000;0.2509770000
2368;-9.7100000000;0.8200000000;-1.0800000000;1.3750000000;-2.9375000000;-0.1250000000;38.8750000000;-19.7500000000;-7.5625000000;0.6264040000;0.2106930000;-0.7077030000;0.2498780000
2369;-9.6400000000;0.9000000000;-0.9300000000;-0.5625000000;0.6875000000;-1.1875000000;38.5000000000;-19.3750000000;-8.7500000000;0.6264650000;0.2109370000;-0.7076420000;0.2496950000
2370;-9.7700000000;0.9000000000;-0.8600000000;0.3750000000;-1.5000000000;0.0625000000;38.5000000000;-19.3750000000;-8.7500000000;0.6267090000;0.2108150000;-0.7074580000;0.2496950000
2371;-9.6500000000;0.8600000000;-1.0900000000;3.4375000000;-2.3750000000;0.1250000000;38.8750000000;-17.1875000000;-10.0000000000;0.6266480000;0.2120360000;-0.7066650000;0.2510380000
2372;-9.7100000000;0.8200000000;-1.0100000000;-0.6250000000;-0.9375000000;0.5000000000;38.8750000000;-20.1875000000;-9.0625000000;0.6268310000;0.2117310000;-0.7066040000;0.2507930000
2373;-9.7600000000;0.8200000000;-0.8600000000;-1.3750000000;-2.0625000000;0.6875000000;38.5000000000;-19.7500000000;-10.0000000000;0.6269530000;0.2119140000;-0.7062990000;0.2512820000
2374;-9.6100000000;0.8800000000;-1.2700000000;3.0000000000;-3.6250000000;1.3750000000;38.5000000000;-19.7500000000;-10.0000000000;0.6277470000;0.2111820000;-0.7058110000;0.2513430000
2375;-9.6900000000;0.7500000000;-1.1100000000;-2.6250000000;1.4375000000;0.5625000000;38.5000000000;-19.7500000000;-8.7500000000;0.6275630000;0.2111820000;-0.7059330000;0.2514650000
2376;-9.6800000000;0.7800000000;-1.0400000000;4.1250000000;-0.6875000000;-0.7500000000;38.0625000000;-17.8750000000;-9.0625000000;0.6274410000;0.2113650000;-0.7061770000;0.2509770000
2377;-9.6900000000;0.8100000000;-0.8900000000;-1.1250000000;0.6250000000;0.1250000000;38.8750000000;-19.7500000000;-10.2500000000;0.6272580000;0.2114260000;-0.7063600000;0.2507930000
2378;-9.7300000000;0.6300000000;-0.8500000000;1.1250000000;-0.1875000000;-1.6875000000;38.0625000000;-17.8750000000;-9.5625000000;0.6268920000;0.2128300000;-0.7060550000;0.2515260000
2379;-9.7300000000;1.1000000000;-0.8700000000;2.3750000000;-1.6250000000;-2.2500000000;38.0625000000;-17.8750000000;-9.5625000000;0.6276250000;0.2127080000;-0.7058720000;0.2501830000
2380;-9.6200000000;0.7500000000;-1.2200000000;-6.0000000000;-1.5000000000;0.5000000000;38.8750000000;-19.7500000000;-8.3750000000;0.6277470000;0.2136840000;-0.7050780000;0.2512820000
2381;-9.7200000000;1.1300000000;-0.9900000000;2.5000000000;0.0000000000;-0.1875000000;38.5000000000;-18.6875000000;-9.5000000000;0.6276250000;0.2133790000;-0.7053220000;0.2511600000
2382;-9.7700000000;0.7400000000;-0.9800000000;-0.7500000000;1.1250000000;1.8750000000;38.8750000000;-18.2500000000;-8.7500000000;0.6270750000;0.2131350000;-0.7056880000;0.2515870000
2383;-9.6400000000;0.7600000000;-0.9300000000;1.1875000000;0.5000000000;0.2500000000;38.5000000000;-20.1875000000;-8.7500000000;0.6269530000;0.2130130000;-0.7059940000;0.2512820000
2384;-9.6900000000;0.8100000000;-0.8700000000;2.0000000000;-0.6250000000;-0.1875000000;38.5000000000;-20.1875000000;-8.7500000000;0.6270750000;0.2127080000;-0.7060550000;0.2509160000
2385;-9.6200000000;0.8500000000;-0.9600000000;-0.1875000000;-0.6875000000;-0.2500000000;37.6875000000;-19.3750000000;-9.5000000000;0.6272580000;0.2125240000;-0.7060550000;0.2507930000
2386;-9.8200000000;0.7900000000;-0.8400000000;0.0625000000;-1.0625000000;-0.2500000000;38.8750000000;-20.1875000000;-8.3750000000;0.6274410000;0.2124630000;-0.7058720000;0.2507930000
2387;-9.6600000000;0.9400000000;-1.0100000000;-0.0625000000;-0.5625000000;-0.4375000000;38.5000000000;-19.3750000000;-10.2500000000;0.6275020000;0.2124020000;-0.7058720000;0.2507930000
2388;-9.7300000000;0.9000000000;-0.8200000000;-0.4375000000;-0.3125000000;0.7500000000;38.0625000000;-19.7500000000;-10.0000000000;0.6274410000;0.2124630000;-0.7058720000;0.2509770000
2389;-9.7200000000;0.8500000000;-0.9300000000;-0.7500000000;-1.5625000000;0.6250000000;38.0625000000;-19.7500000000;-10.0000000000;0.6276250000;0.2120970000;-0.7056270000;0.2513430000
2390;-9.6800000000;0.7900000000;-0.9300000000;-0.7500000000;-1.6875000000;0.8750000000;38.5000000000;-17.8750000000;-9.0625000000;0.6278080000;0.2120360000;-0.7053220000;0.2517700000
2391;-9.6700000000;0.8800000000;-1.0000000000;-0.1875000000;-1.2500000000;-0.0625000000;38.5000000000;-19.3750000000;-8.7500000000;0.6280520000;0.2119140000;-0.7051390000;0.2518920000
2392;-9.7500000000;0.7600000000;-0.9600000000;-2.6875000000;-0.8750000000;0.5625000000;38.5000000000;-19.7500000000;-9.0625000000;0.6279910000;0.2120970000;-0.7050170000;0.2521970000
2393;-9.6700000000;0.8500000000;-0.8300000000;0.0000000000;-1.0625000000;-0.2500000000;38.5000000000;-18.6875000000;-10.2500000000;0.6281130000;0.2124020000;-0.7047120000;0.2525020000
2394;-9.6900000000;0.8900000000;-1.1400000000;0.2500000000;-1.4375000000;-0.0625000000;38.5000000000;-18.6875000000;-10.2500000000;0.6283570000;0.2123410000;-0.7044680000;0.2525020000
2395;-9.7000000000;0.8800000000;-0.9200000000;-1.2500000000;1.4375000000;-0.0625000000;39.1875000000;-19.7500000000;-8.7500000000;0.6279300000;0.2125850000;-0.7047730000;0.2526250000
2396;-9.7500000000;0.6800000000;-1.0100000000;-1.0000000000;0.1250000000;-0.2500000000;38.5000000000;-19.7500000000;-8.7500000000;0.6275020000;0.2131350000;-0.7048950000;0.2529300000
2397;-9.5700000000;1.0400000000;-0.8200000000;1.6250000000;0.6250000000;-1.5625000000;39.1875000000;-20.5000000000;-9.5625000000;0.6276250000;0.2131960000;-0.7050170000;0.2521360000
2398;-9.7600000000;0.8800000000;-0.9300000000;-1.0000000000;-1.2500000000;-0.2500000000;38.0625000000;-17.8750000000;-9.0625000000;0.6276860000;0.2134400000;-0.7048340000;0.2523190000
2399;-9.7400000000;0.7300000000;-0.7600000000;-1.5625000000;1.1250000000;-0.4375000000;38.0625000000;-17.8750000000;-9.0625000000;0.6275020000;0.2138670000;-0.7047730000;0.2526860000
2400;-9.7200000000;0.9000000000;-0.9000000000;2.4375000000;0.3750000000;-0.3750000000;38.0625000000;-19.3750000000;-10.0000000000;0.6275020000;0.2135620000;-0.7050170000;0.2521360000
2401;-9.5800000000;0.9000000000;-0.9200000000;0.1250000000;0.0625000000;-0.5000000000;37.6875000000;-19.7500000000;-10.6875000000;0.6275020000;0.2134400000;-0.7050780000;0.2520140000
2402;-9.7600000000;0.9000000000;-0.8800000000;0.0625000000;-0.6875000000;0.3125000000;38.5000000000;-17.8750000000;-10.2500000000;0.6275630000;0.2133790000;-0.7050780000;0.2520140000
2403;-9.7000000000;0.6900000000;-1.0800000000;-1.1875000000;-0.5000000000;0.7500000000;38.5000000000;-18.6875000000;-10.0000000000;0.6275020000;0.2132570000;-0.7050780000;0.2522580000
2404;-9.6700000000;0.8900000000;-0.7600000000;0.1250000000;1.0000000000;-1.0000000000;38.5000000000;-18.6875000000;-10.0000000000;0.6272580000;0.2136840000;-0.7052000000;0.2521360000
2405;-9.7100000000;0.7700000000;-0.9300000000;0.9375000000;-1.8125000000;0.6875000000;38.5000000000;-19.3750000000;-9.5625000000;0.6274410000;0.2135620000;-0.7050780000;0.2521360000
2406;-9.7200000000;0.7200000000;-1.0400000000;-0.5625000000;-0.3750000000;-0.2500000000;38.5000000000;-19.7500000000;-10.7500000000;0.6276250000;0.2135010000;-0.7049560000;0.2521360000
2407;-9.6100000000;1.0000000000;-0.8500000000;0.1250000000;-0.3125000000;-1.0000000000;37.6875000000;-20.0625000000;-8.0000000000;0.6276250000;0.2138060000;-0.7049560000;0.2518310000
2408;-9.7400000000;0.9300000000;-0.8800000000;-1.1875000000;-1.6250000000;0.5625000000;38.0625000000;-19.7500000000;-9.0625000000;0.6277470000;0.2138060000;-0.7047730000;0.2520750000
2409;-9.6700000000;0.8900000000;-0.9100000000;0.8750000000;-0.4375000000;0.5625000000;38.0625000000;-19.7500000000;-9.0625000000;0.6278080000;0.2135620000;-0.7046510000;0.2523190000
2410;-9.7000000000;0.8100000000;-0.8800000000;0.4375000000;0.3125000000;0.2500000000;38.8750000000;-19.7500000000;-9.0625000000;0.6278080000;0.2134400000;-0.7047730000;0.2522580000
2411;-9.6500000000;0.9000000000;-0.8400000000;0.2500000000;-0.3750000000;-0.1250000000;37.3750000000;-20.1875000000;-10.0000000000;0.6278080000;0.2134400000;-0.7047730000;0.2522580000
2412;-9.6900000000;0.8200000000;-0.8400000000;-0.6875000000;-1.2500000000;0.7500000000;38.0625000000;-20.1875000000;-9.0625000000;0.6279910000;0.2133180000;-0.7045900000;0.2524410000
2413;-9.7400000000;0.6500000000;-1.1400000000;0.9375000000;-1.0625000000;0.4375000000;38.0625000000;-18.6875000000;-9.5625000000;0.6281130000;0.2131960000;-0.7044680000;0.2525630000
2414;-9.6900000000;0.8600000000;-0.7800000000;-0.2500000000;1.3750000000;-1.2500000000;38.0625000000;-18.6875000000;-9.5625000000;0.6278080000;0.2136230000;-0.7047120000;0.2521360000
2415;-9.6700000000;0.8900000000;-0.8000000000;1.1875000000;-1.1250000000;-0.4375000000;38.5000000000;-19.3750000000;-10.0000000000;0.6280520000;0.2135620000;-0.7046510000;0.2518310000
2416;-9.7300000000;0.8500000000;-0.9200000000;0.2500000000;-0.1250000000;0.0000000000;38.0625000000;-19.7500000000;-9.5625000000;0.6282350000;0.2135010000;-0.7044680000;0.2518920000
2417;-9.7400000000;0.7800000000;-0.8000000000;0.0000000000;0.0000000000;-0.3750000000;38.0625000000;-19.0000000000;-9.5625000000;0.6281740000;0.2136230000;-0.7044680000;0.2519530000
2418;-9.6200000000;0.8200000000;-0.8500000000;0.1875000000;-0.3125000000;-1.0625000000;38.5000000000;-19.7500000000;-10.2500000000;0.6283570000;0.2135620000;-0.7044680000;0.2515260000
2419;-9.6700000000;0.8400000000;-0.7600000000;0.8750000000;-1.1875000000;-0.5000000000;38.5000000000;-19.7500000000;-10.2500000000;0.6285400000;0.2135620000;-0.7043460000;0.2513430000
2420;-9.6200000000;0.8800000000;-0.8800000000;0.0000000000;-1.8125000000;0.5625000000;38.5000000000;-19.3750000000;-10.2500000000;0.6290280000;0.2133180000;-0.7039790000;0.2514650000
2421;-9.8700000000;0.6700000000;-0.8300000000;-2.6875000000;-1.5000000000;1.0000000000;38.0625000000;-17.8750000000;-8.7500000000;0.6290280000;0.2133790000;-0.7036740000;0.2521970000
2422;-9.6800000000;0.8700000000;-1.1200000000;2.1875000000;0.6875000000;-1.1875000000;37.6875000000;-19.7500000000;-9.5625000000;0.6292110000;0.2133790000;-0.7036740000;0.2518310000
2423;-9.6600000000;0.8500000000;-0.7600000000;0.8750000000;-0.2500000000;1.1250000000;38.5000000000;-20.1875000000;-9.5625000000;0.6290890000;0.2131960000;-0.7039180000;0.2516480000
2424;-9.7800000000;0.6400000000;-0.9600000000;-0.6250000000;-0.0625000000;-0.2500000000;38.5000000000;-20.1875000000;-9.5625000000;0.6290890000;0.2133180000;-0.7037960000;0.2516480000
2425;-9.7400000000;0.8300000000;-0.7700000000;-0.8125000000;1.0000000000;-1.3750000000;38.5000000000;-19.3750000000;-9.5625000000;0.6289670000;0.2139890000;-0.7038570000;0.2514040000
2426;-9.6700000000;0.8000000000;-1.0200000000;-0.7500000000;0.8125000000;-1.0625000000;37.6875000000;-19.7500000000;-8.7500000000;0.6287230000;0.2145390000;-0.7039180000;0.2513430000
2427;-9.6300000000;1.1000000000;-0.7800000000;1.8750000000;0.5000000000;-0.3125000000;38.5000000000;-18.6875000000;-8.3750000000;0.6287230000;0.2142940000;-0.7041630000;0.2508540000
2428;-9.7700000000;0.6900000000;-0.8600000000;-1.0000000000;0.5625000000;1.1875000000;38.0625000000;-19.7500000000;-10.0000000000;0.6284790000;0.2142330000;-0.7042240000;0.2514040000
2429;-9.6900000000;0.7600000000;-0.7100000000;0.0000000000;0.3125000000;-0.5625000000;38.0625000000;-19.7500000000;-10.0000000000;0.6283570000;0.2142330000;-0.7043460000;0.2513430000
2430;-9.7300000000;0.7800000000;-0.7500000000;0.8750000000;-1.9375000000;-0.1250000000;38.5000000000;-19.7500000000;-9.0625000000;0.6288450000;0.2139280000;-0.7040410000;0.2512820000
2431;-9.6500000000;0.9100000000;-0.8100000000;0.9375000000;-1.1875000000;0.1250000000;38.0625000000;-17.8750000000;-9.0625000000;0.6292720000;0.2135620000;-0.7038570000;0.2510990000
2432;-9.7000000000;0.7700000000;-0.8700000000;0.3125000000;-2.1875000000;0.6875000000;38.0625000000;-20.5000000000;-9.0625000000;0.6295780000;0.2133180000;-0.7035520000;0.2512820000
2433;-9.7700000000;0.7900000000;-0.8800000000;-0.2500000000;-0.3125000000;0.1875000000;38.0625000000;-20.5000000000;-9.0625000000;0.6297610000;0.2132570000;-0.7034300000;0.2513430000
2434;-9.7300000000;0.7600000000;-0.8200000000;1.1875000000;-0.9375000000;0.2500000000;37.6875000000;-19.3750000000;-9.5625000000;0.6299440000;0.2129520000;-0.7033690000;0.2510990000
2435;-9.7200000000;0.7200000000;-0.9500000000;-0.5625000000;-0.5000000000;0.2500000000;38.0625000000;-19.7500000000;-9.5625000000;0.6300050000;0.2130130000;-0.7033080000;0.2510990000
2436;-9.6400000000;0.8200000000;-0.8600000000;0.6250000000;0.3125000000;-0.6875000000;37.6875000000;-17.8750000000;-9.0625000000;0.6299440000;0.2130740000;-0.7034300000;0.2508540000
2437;-9.7400000000;0.8400000000;-0.7900000000;-1.9375000000;-0.1875000000;0.3750000000;37.6875000000;-18.2500000000;-10.7500000000;0.6298830000;0.2131960000;-0.7033690000;0.2510380000
2438;-9.7200000000;0.8200000000;-0.8700000000;1.5625000000;-0.5000000000;0.0625000000;37.6875000000;-18.2500000000;-10.7500000000;0.6300050000;0.2130740000;-0.7033690000;0.2510380000
2439;-9.6800000000;0.8900000000;-0.7100000000;0.0000000000;0.5625000000;0.4375000000;38.5000000000;-17.8750000000;-10.6875000000;0.6299440000;0.2130130000;-0.7034300000;0.2510380000
2440;-9.7400000000;0.7300000000;-0.7700000000;3.2500000000;-2.4375000000;0.5625000000;37.3750000000;-18.2500000000;-10.2500000000;0.6305540000;0.2122190000;-0.7032470000;0.2506710000
2441;-9.7000000000;0.7100000000;-0.7100000000;0.6875000000;-0.8750000000;-1.3750000000;38.0625000000;-17.8750000000;-10.7500000000;0.6310420000;0.2121580000;-0.7030030000;0.2502440000
2442;-9.7200000000;0.7600000000;-0.6600000000;1.6875000000;-4.2500000000;-1.5000000000;38.5000000000;-20.0625000000;-9.5625000000;0.6317750000;0.2120970000;-0.7023930000;0.2500000000
2443;-9.6600000000;0.9500000000;-0.7500000000;1.5000000000;-5.0000000000;-1.7500000000;38.5000000000;-20.0625000000;-9.5625000000;0.6332400000;0.2116090000;-0.7014770000;0.2494510000
2444;-9.8200000000;0.8700000000;-0.6900000000;-1.3125000000;-3.1875000000;-1.8750000000;38.5000000000;-17.8750000000;-9.5625000000;0.6340940000;0.2118530000;-0.7005620000;0.2495120000
2445;-9.6700000000;0.9000000000;-0.7800000000;1.0625000000;-5.1250000000;0.1875000000;38.5000000000;-19.7500000000;-10.0000000000;0.6353150000;0.2112430000;-0.6996460000;0.2495730000
2446;-9.6800000000;0.6700000000;-0.8400000000;-1.3125000000;-2.3125000000;1.3750000000;38.5000000000;-19.0000000000;-10.2500000000;0.6359250000;0.2108150000;-0.6989140000;0.2503050000
2447;-9.8600000000;0.6900000000;-0.7500000000;1.3750000000;-3.1250000000;0.5625000000;38.0625000000;-19.7500000000;-10.0000000000;0.6364140000;0.2105710000;-0.6985470000;0.2503660000
2448;-9.6700000000;0.7800000000;-0.9300000000;2.3125000000;-1.3125000000;-0.6250000000;38.0625000000;-19.7500000000;-10.0000000000;0.6369020000;0.2102660000;-0.6983640000;0.2498170000
2449;-9.8200000000;0.7800000000;-0.7700000000;-1.0000000000;0.5625000000;0.0625000000;38.5000000000;-19.7500000000;-9.5625000000;0.6366580000;0.2103270000;-0.6986690000;0.2496340000
2450;-9.7800000000;0.6400000000;-0.9700000000;-0.3125000000;1.6875000000;-0.5000000000;38.0625000000;-19.3750000000;-9.5000000000;0.6361690000;0.2106930000;-0.6990360000;0.2495120000
2451;-9.6800000000;0.7600000000;-0.6800000000;2.3125000000;3.1250000000;-1.0000000000;37.6875000000;-19.7500000000;-10.2500000000;0.6354980000;0.2109990000;-0.6998900000;0.2485960000
2452;-9.7000000000;0.7300000000;-0.6300000000;-1.1875000000;1.3750000000;-0.5625000000;38.0625000000;-20.1875000000;-10.0000000000;0.6350710000;0.2113650000;-0.7002560000;0.2483520000
2453;-9.7600000000;0.6500000000;-0.6600000000;0.4375000000;0.2500000000;-2.1875000000;38.0625000000;-20.1875000000;-10.0000000000;0.6350710000;0.2117920000;-0.7001950000;0.2479860000
2454;-9.7100000000;0.8900000000;-0.6800000000;0.0625000000;-0.1875000000;-1.1875000000;38.5000000000;-18.6875000000;-9.5625000000;0.6353150000;0.2119750000;-0.7001950000;0.2473750000
2455;-9.6700000000;0.8700000000;-0.6800000000;-0.1875000000;-0.5000000000;-0.8750000000;38.0625000000;-19.0000000000;-10.0000000000;0.6353760000;0.2121580000;-0.7001340000;0.2472530000
2456;-9.7200000000;0.8300000000;-0.6600000000;1.3750000000;-1.5625000000;0.3125000000;38.8750000000;-19.7500000000;-9.5625000000;0.6356200000;0.2117310000;-0.7000730000;0.2471920000
2457;-9.7400000000;0.6700000000;-0.6500000000;2.3750000000;-1.5625000000;0.1250000000;38.0625000000;-19.7500000000;-10.6875000000;0.6361080000;0.2111210000;-0.6998900000;0.2469480000
2458;-9.7000000000;0.7500000000;-0.6300000000;3.6875000000;-3.2500000000;-0.7500000000;38.0625000000;-19.7500000000;-10.6875000000;0.6369630000;0.2103270000;-0.6995850000;0.2462160000
2459;-9.7100000000;0.7600000000;-0.7100000000;0.7500000000;-3.3750000000;0.5000000000;38.5000000000;-17.1875000000;-9.0625000000;0.6379390000;0.2096560000;-0.6989750000;0.2460330000
2460;-9.7100000000;0.8800000000;-0.7100000000;6.1250000000;-4.6875000000;1.6250000000;37.6875000000;-19.7500000000;-9.5625000000;0.6390990000;0.2081910000;-0.6985470000;0.2455440000
2461;-9.6400000000;1.2500000000;-1.1900000000;-5.8125000000;-4.0000000000;6.0625000000;38.8750000000;-19.7500000000;-10.6875000000;0.6398320000;0.2064210000;-0.6979370000;0.2467040000
2462;-9.7800000000;0.8700000000;-1.2800000000;-3.6250000000;5.1875000000;5.6250000000;37.6875000000;-20.5000000000;-10.0000000000;0.6382450000;0.2070310000;-0.6981200000;0.2498170000
2463;-9.8900000000;0.9400000000;-1.1300000000;10.6875000000;6.6250000000;5.4375000000;37.6875000000;-20.5000000000;-10.0000000000;0.6361690000;0.2047730000;-0.7011110000;0.2487180000
2464;-9.7400000000;1.2800000000;-2.0500000000;5.9375000000;9.6875000000;6.5625000000;37.6875000000;-17.5000000000;-10.6875000000;0.6333010000;0.2025150000;-0.7047120000;0.2474980000
2465;-9.6300000000;2.6000000000;-4.0700000000;13.3750000000;14.4375000000;4.3750000000;38.5000000000;-19.7500000000;-10.6875000000;0.6304930000;0.2002560000;-0.7085570000;0.2455440000
2466;-9.7300000000;3.3200000000;-6.4800000000;18.2500000000;39.9375000000;21.2500000000;38.0625000000;-20.8750000000;-10.0000000000;0.6239620000;0.1943970000;-0.7171630000;0.2420040000
2467;-9.7900000000;4.9100000000;-9.5700000000;37.0000000000;66.6875000000;32.1875000000;37.6875000000;-20.5000000000;-9.5000000000;0.6093750000;0.1896360000;-0.7317500000;0.2392580000
2468;-11.5500000000;4.2600000000;-8.4900000000;76.5625000000;152.0000000000;60.8750000000;37.6875000000;-20.5000000000;-9.5000000000;0.5798950000;0.1702270000;-0.7646480000;0.2236940000
2469;-12.2300000000;3.9500000000;-6.3200000000;50.2500000000;180.5000000000;59.5625000000;38.8750000000;-20.5000000000;-6.3750000000;0.5316160000;0.1572880000;-0.8049320000;0.2114260000
2470;-12.4100000000;4.4600000000;-4.4400000000;96.3750000000;181.4375000000;81.3125000000;39.1875000000;-21.1875000000;0.2500000000;0.4801640000;0.1355590000;-0.8450930000;0.1918330000
2471;-11.5800000000;2.5200000000;-1.3900000000;111.0625000000;151.3750000000;79.8750000000;37.3750000000;-24.5000000000;7.3750000000;0.4309690000;0.1054080000;-0.8804320000;0.1672970000
2472;-9.6200000000;2.2400000000;-0.8500000000;106.2500000000;151.6250000000;74.1875000000;34.3750000000;-24.0625000000;14.8750000000;0.3856200000;0.0758670000;-0.9088750000;0.1397090000
2473;-9.8100000000;-1.7400000000;2.4700000000;86.8125000000;98.0000000000;39.3125000000;34.3750000000;-24.0625000000;14.8750000000;0.3458250000;0.0508420000;-0.9298710000;0.1146240000
2474;-6.5300000000;1.6700000000;-0.0700000000;71.2500000000;28.1875000000;16.0000000000;31.0625000000;-25.1875000000;18.7500000000;0.3305660000;0.0385130000;-0.9385380000;0.0913090000
2475;-6.5800000000;0.5100000000;-3.0000000000;17.0000000000;-5.3125000000;22.9375000000;28.5000000000;-24.2500000000;24.3750000000;0.3281250000;0.0268550000;-0.9405520000;0.0831300000
2476;-6.1700000000;0.1300000000;-4.9100000000;7.3125000000;-16.3750000000;11.2500000000;27.2500000000;-23.8750000000;25.0625000000;0.3327640000;0.0211790000;-0.9392090000;0.0819090000
2477;-6.0400000000;1.1000000000;-7.9400000000;-13.1875000000;-24.0625000000;11.0625000000;27.6875000000;-23.0625000000;24.3750000000;0.3397830000;0.0186770000;-0.9363400000;0.0867310000
2478;-6.9900000000;0.0200000000;-8.4400000000;-21.6250000000;-8.6875000000;-7.3750000000;27.6875000000;-23.0625000000;24.3750000000;0.3426510000;0.0206910000;-0.9344480000;0.0947880000
2479;-6.3200000000;2.1700000000;-8.5700000000;-11.8750000000;-4.1250000000;-6.5000000000;27.6875000000;-24.8750000000;23.8750000000;0.3447270000;0.0250240000;-0.9332890000;0.0976560000
2480;-6.6500000000;1.0100000000;-7.6800000000;-14.5625000000;6.6875000000;-5.3125000000;28.3750000000;-24.3750000000;24.2500000000;0.3435060000;0.0283200000;-0.9332280000;0.1012570000
2481;-6.2100000000;2.8100000000;-6.5600000000;2.5625000000;5.8750000000;-10.3125000000;28.3750000000;-24.3750000000;23.1875000000;0.3417970000;0.0316770000;-0.9338990000;0.1000370000
2482;-6.3800000000;1.8000000000;-6.8500000000;-10.5000000000;-0.4375000000;0.6250000000;28.3750000000;-24.3750000000;23.1875000000;0.3414920000;0.0328980000;-0.9336550000;0.1026610000
2483;-6.4700000000;1.6800000000;-6.4500000000;-8.5625000000;1.1250000000;-3.4375000000;29.1875000000;-24.3750000000;23.5000000000;0.3411870000;0.0349730000;-0.9334110000;0.1051030000
2484;-6.2400000000;2.3600000000;-7.2000000000;-5.0000000000;-11.6250000000;-0.2500000000;28.3750000000;-24.7500000000;23.8750000000;0.3444820000;0.0358280000;-0.9320070000;0.1069340000
2485;-6.5900000000;1.4800000000;-7.4900000000;-11.5000000000;-5.8750000000;-1.0000000000;29.1875000000;-24.7500000000;23.5000000000;0.3458860000;0.0419920000;-0.9306030000;0.1123050000
2486;-6.3700000000;2.1800000000;-6.9500000000;-11.2500000000;-2.1250000000;-1.9375000000;29.1875000000;-25.0625000000;22.3750000000;0.3457640000;0.0488890000;-0.9297490000;0.1167600000
2487;-6.7200000000;1.5600000000;-6.9500000000;-8.3125000000;-10.1250000000;-0.7500000000;29.1875000000;-25.0625000000;22.3750000000;0.3475950000;0.0499270000;-0.9285890000;0.1200560000
2488;-6.4800000000;2.2000000000;-7.2600000000;-6.1250000000;-6.9375000000;-1.1875000000;28.7500000000;-25.7500000000;23.1875000000;0.3505250000;0.0543210000;-0.9267580000;0.1234740000
2489;-6.8100000000;1.6000000000;-6.9600000000;-6.1250000000;-4.1250000000;0.5625000000;28.7500000000;-24.6875000000;23.0625000000;0.3511960000;0.0579220000;-0.9258420000;0.1268310000
2490;-6.8200000000;1.9800000000;-7.1000000000;0.8750000000;-8.1250000000;-1.3125000000;28.3750000000;-25.3750000000;21.5625000000;0.3532710000;0.0614010000;-0.9246830000;0.1281740000
2491;-6.3900000000;2.2300000000;-7.7100000000;-5.3125000000;-5.1875000000;-2.1250000000;29.1875000000;-25.3750000000;20.7500000000;0.3542480000;0.0662230000;-0.9235840000;0.1308590000
2492;-6.8900000000;2.0400000000;-7.1600000000;-5.1875000000;2.5000000000;-0.3125000000;29.1875000000;-25.3750000000;20.7500000000;0.3540650000;0.0671390000;-0.9233400000;0.1324460000
2493;-6.5500000000;2.2300000000;-6.7100000000;0.9375000000;-0.7500000000;-3.1250000000;29.1875000000;-25.3750000000;21.5625000000;0.3535770000;0.0711060000;-0.9230350000;0.1337890000
2494;-6.7700000000;1.8900000000;-7.1400000000;-4.3125000000;0.0000000000;2.4375000000;30.5625000000;-25.7500000000;20.3750000000;0.3530270000;0.0760500000;-0.9224850000;0.1365970000
2495;-6.6800000000;1.9600000000;-6.5600000000;-3.0625000000;1.1250000000;-2.5000000000;29.8750000000;-25.7500000000;21.1875000000;0.3521730000;0.0803830000;-0.9221190000;0.1387940000
2496;-6.5000000000;2.3800000000;-6.9600000000;-2.1250000000;-4.8750000000;1.7500000000;29.5000000000;-24.2500000000;21.5625000000;0.3525390000;0.0833130000;-0.9214480000;0.1403200000
2497;-6.9900000000;1.6700000000;-6.6800000000;-4.1875000000;-1.1250000000;0.1875000000;29.5000000000;-24.2500000000;21.5625000000;0.3529660000;0.0831300000;-0.9210210000;0.1420290000
2498;-6.4000000000;2.6100000000;-7.0900000000;-0.3750000000;-7.3125000000;-2.6875000000;29.8750000000;-25.3750000000;21.1875000000;0.3546750000;0.0867920000;-0.9198000000;0.1434330000
2499;-6.9100000000;1.6800000000;-7.1500000000;-7.3750000000;-1.7500000000;3.4375000000;29.8750000000;-25.7500000000;21.1875000000;0.3549190000;0.0892940000;-0.9190060000;0.1466060000
2500;-6.7300000000;2.1800000000;-6.6000000000;-3.3125000000;0.1250000000;-2.9375000000;29.8750000000;-26.1875000000;21.1875000000;0.3544920000;0.0921630000;-0.9185790000;0.1484990000
2501;-6.6500000000;2.2800000000;-6.8500000000;-2.0625000000;-3.5000000000;0.7500000000;29.1875000000;-26.1875000000;20.3750000000;0.3551640000;0.0939940000;-0.9180300000;0.1489870000
2502;-6.9100000000;2.0300000000;-6.7400000000;-7.2500000000;-0.6250000000;0.8750000000;29.1875000000;-26.1875000000;20.3750000000;0.3556520000;0.0943600000;-0.9174800000;0.1512450000
2503;-6.7700000000;2.3000000000;-7.1500000000;-1.5625000000;-4.1875000000;-2.1875000000;30.5625000000;-26.5625000000;20.3750000000;0.3555910000;0.0982670000;-0.9165040000;0.1544800000
2504;-6.8400000000;2.4200000000;-6.9100000000;-0.7500000000;1.1250000000;1.0000000000;30.5625000000;-26.5625000000;20.7500000000;0.3559570000;0.1001590000;-0.9161380000;0.1548460000
2505;-6.7800000000;2.2000000000;-6.9200000000;5.1250000000;-2.8750000000;0.3125000000;29.8750000000;-26.5625000000;21.1875000000;0.3558350000;0.1005250000;-0.9160770000;0.1551510000
2506;-6.4800000000;2.6300000000;-6.8700000000;2.5000000000;1.4375000000;2.1250000000;30.2500000000;-26.1875000000;20.3750000000;0.3560180000;0.1013180000;-0.9161990000;0.1536250000
2507;-6.8800000000;1.6600000000;-6.3100000000;0.2500000000;2.5625000000;3.5625000000;30.2500000000;-26.1875000000;20.3750000000;0.3547360000;0.1002810000;-0.9166260000;0.1546630000
2508;-6.7700000000;2.1800000000;-6.4700000000;-1.0000000000;-3.3750000000;0.5625000000;29.8750000000;-26.1875000000;20.3750000000;0.3547970000;0.1015010000;-0.9164430000;0.1549680000
2509;-6.6800000000;1.9700000000;-7.4400000000;-2.3125000000;-6.6875000000;0.5625000000;29.5000000000;-24.6875000000;20.7500000000;0.3560790000;0.1030270000;-0.9153440000;0.1571660000
2510;-6.9100000000;2.2000000000;-7.1200000000;-2.1250000000;1.3750000000;-1.6875000000;30.2500000000;-26.5625000000;20.0000000000;0.3562620000;0.1052860000;-0.9148560000;0.1582030000
2511;-6.8800000000;2.1300000000;-6.9000000000;2.0625000000;0.4375000000;-0.5000000000;28.7500000000;-25.0625000000;21.1875000000;0.3562010000;0.1057130000;-0.9148560000;0.1582030000
2512;-6.6700000000;2.3900000000;-6.6600000000;4.5625000000;2.0625000000;-1.7500000000;28.7500000000;-25.0625000000;21.1875000000;0.3562010000;0.1055910000;-0.9151000000;0.1566160000
2513;-6.8700000000;2.1000000000;-6.1700000000;-2.0000000000;2.8750000000;0.3125000000;30.2500000000;-26.1875000000;20.0000000000;0.3547360000;0.1080320000;-0.9152830000;0.1572880000
2514;-6.9400000000;2.1200000000;-6.5200000000;0.2500000000;-4.3125000000;-0.0625000000;29.5000000000;-25.7500000000;20.7500000000;0.3554080000;0.1082760000;-0.9149170000;0.1577150000
2515;-6.6100000000;2.5600000000;-6.9600000000;-3.5625000000;-6.2500000000;-1.8750000000;30.2500000000;-26.5625000000;19.5000000000;0.3568730000;0.1108400000;-0.9136960000;0.1596680000
2516;-7.1100000000;1.8500000000;-6.8900000000;-5.6875000000;-1.2500000000;2.1250000000;29.8750000000;-25.7500000000;20.3750000000;0.3576660000;0.1114500000;-0.9129640000;0.1616820000
2517;-6.8500000000;2.2700000000;-7.1600000000;1.3750000000;-3.4375000000;-4.0000000000;29.8750000000;-25.7500000000;20.3750000000;0.3584590000;0.1119380000;-0.9125370000;0.1621090000
2518;-6.7700000000;2.3100000000;-6.9000000000;-0.2500000000;1.5625000000;-0.6250000000;29.8750000000;-25.3750000000;21.5000000000;0.3588870000;0.1124880000;-0.9124150000;0.1614990000
2519;-6.9400000000;2.1900000000;-6.4600000000;2.0625000000;1.3125000000;-2.1875000000;29.8750000000;-26.1875000000;19.5625000000;0.3580930000;0.1136470000;-0.9125980000;0.1613770000
2520;-6.7100000000;2.4100000000;-6.5900000000;1.8750000000;-2.9375000000;-1.3125000000;29.0625000000;-26.5625000000;19.1875000000;0.3587040000;0.1139530000;-0.9124150000;0.1607670000
2521;-6.7400000000;2.0900000000;-6.6900000000;-1.9375000000;-0.3750000000;0.3750000000;30.5625000000;-25.7500000000;20.0000000000;0.3591310000;0.1152340000;-0.9119260000;0.1618040000
2522;-6.8000000000;2.2400000000;-6.7500000000;-2.3125000000;-4.1250000000;-2.5625000000;30.5625000000;-25.7500000000;20.0000000000;0.3593140000;0.1158450000;-0.9116210000;0.1625980000
2523;-6.7400000000;2.3800000000;-7.0900000000;-3.0000000000;-4.1250000000;0.7500000000;30.5625000000;-24.2500000000;20.3750000000;0.3610840000;0.1178590000;-0.9104000000;0.1638790000
2524;-7.0500000000;2.0200000000;-6.5600000000;-3.1875000000;2.1875000000;-1.2500000000;30.5625000000;-25.7500000000;20.3750000000;0.3601680000;0.1189580000;-0.9102780000;0.1658330000
2525;-6.7900000000;2.6100000000;-6.8400000000;0.6250000000;-2.6875000000;0.0625000000;30.2500000000;-26.1875000000;19.1875000000;0.3605960000;0.1199340000;-0.9100340000;0.1654050000
2526;-6.8600000000;2.0600000000;-6.8500000000;-3.1250000000;1.5625000000;0.4375000000;30.2500000000;-26.5625000000;19.5625000000;0.3603520000;0.1203000000;-0.9099120000;0.1666870000
2527;-7.0100000000;2.4600000000;-6.6100000000;1.8125000000;0.4375000000;0.6250000000;30.2500000000;-26.5625000000;19.5625000000;0.3600460000;0.1201170000;-0.9100340000;0.1665650000
2528;-6.7900000000;2.1800000000;-6.7200000000;-0.8125000000;0.9375000000;0.5625000000;29.8750000000;-26.1875000000;19.5000000000;0.3598020000;0.1199950000;-0.9100950000;0.1668700000
2529;-6.9600000000;2.2500000000;-6.6300000000;-1.6875000000;1.4375000000;2.4375000000;30.2500000000;-27.2500000000;20.3750000000;0.3592530000;0.1193850000;-0.9103390000;0.1673580000
2530;-6.9700000000;2.0300000000;-6.6000000000;-1.7500000000;-0.2500000000;1.0000000000;29.8750000000;-26.1875000000;20.7500000000;0.3590090000;0.1190800000;-0.9103390000;0.1679690000
2531;-6.9200000000;2.2900000000;-6.4400000000;0.1875000000;-0.4375000000;-0.0625000000;29.8750000000;-24.6875000000;19.5000000000;0.3590090000;0.1201170000;-0.9100950000;0.1683960000
2532;-6.9200000000;1.8300000000;-6.8000000000;-0.8125000000;-1.1875000000;-1.2500000000;29.8750000000;-24.6875000000;19.5000000000;0.3595580000;0.1203610000;-0.9097290000;0.1690670000
2533;-6.8100000000;2.3200000000;-6.9200000000;-1.8125000000;-1.0000000000;0.3750000000;30.5625000000;-26.5625000000;19.5625000000;0.3598020000;0.1212770000;-0.9094850000;0.1694340000
2534;-7.0600000000;2.0800000000;-6.5600000000;-0.4375000000;1.0000000000;-1.4375000000;30.2500000000;-26.1875000000;20.0000000000;0.3596190000;0.1217650000;-0.9093630000;0.1699220000
2535;-6.7200000000;2.6300000000;-6.6600000000;0.9375000000;-1.3125000000;-2.0625000000;29.8750000000;-26.1875000000;19.1875000000;0.3598630000;0.1223750000;-0.9092410000;0.1696170000
2536;-6.9900000000;2.3000000000;-6.6200000000;-2.5000000000;-0.1875000000;0.7500000000;29.8750000000;-26.1875000000;19.1875000000;0.3599240000;0.1231690000;-0.9089360000;0.1706540000
2537;-6.8400000000;2.2000000000;-6.7500000000;-0.0625000000;-1.2500000000;0.3125000000;29.8750000000;-26.1875000000;18.3750000000;0.3601680000;0.1230470000;-0.9088130000;0.1709590000
2538;-6.9100000000;2.2300000000;-6.7900000000;0.6250000000;-0.6250000000;0.5000000000;30.2500000000;-26.5625000000;19.5625000000;0.3604130000;0.1228640000;-0.9087520000;0.1708980000
2539;-6.9400000000;2.1300000000;-6.5100000000;-2.6250000000;1.6875000000;-0.5625000000;29.8750000000;-26.5625000000;18.7500000000;0.3598630000;0.1234740000;-0.9087520000;0.1716310000
2540;-6.8400000000;2.4900000000;-6.6800000000;1.9375000000;-1.4375000000;-0.5000000000;30.5625000000;-25.0625000000;19.1875000000;0.3600460000;0.1249390000;-0.9084470000;0.1718140000
2541;-6.9900000000;2.0300000000;-6.7000000000;-3.6875000000;1.0000000000;1.5000000000;30.5625000000;-25.0625000000;19.1875000000;0.3597410000;0.1249390000;-0.9083250000;0.1729130000
2542;-6.9100000000;2.1900000000;-6.4400000000;2.3125000000;-1.5000000000;-1.4375000000;30.2500000000;-26.1875000000;20.3750000000;0.3601070000;0.1250610000;-0.9082640000;0.1723630000
2543;-6.8200000000;2.3100000000;-6.7500000000;-2.1250000000;-0.7500000000;-0.1875000000;31.0000000000;-26.8750000000;20.0000000000;0.3604740000;0.1253660000;-0.9080200000;0.1727910000
2544;-7.0400000000;2.0600000000;-6.2500000000;-2.1250000000;0.7500000000;-1.0000000000;30.2500000000;-26.5625000000;19.5625000000;0.3600460000;0.1259770000;-0.9079590000;0.1734620000
2545;-6.7800000000;2.4800000000;-6.5400000000;-0.7500000000;-4.5000000000;-1.5000000000;30.5625000000;-26.5625000000;19.5625000000;0.3610840000;0.1262210000;-0.9075320000;0.1732180000
2546;-7.0200000000;2.1300000000;-7.1100000000;-4.5625000000;-4.0000000000;1.3750000000;30.5625000000;-26.5625000000;19.5625000000;0.3620610000;0.1262820000;-0.9068600000;0.1749270000
2547;-7.1000000000;2.3600000000;-6.5500000000;-0.3125000000;1.2500000000;-2.0000000000;29.8750000000;-26.5625000000;20.3750000000;0.3623050000;0.1260990000;-0.9067380000;0.1749880000
2548;-6.8000000000;2.3600000000;-6.9700000000;1.7500000000;-2.7500000000;0.2500000000;29.8750000000;-27.2500000000;19.1875000000;0.3629150000;0.1257320000;-0.9066770000;0.1745610000
2549;-7.0700000000;2.1000000000;-6.3500000000;0.5625000000;3.4375000000;0.0625000000;30.5625000000;-26.5625000000;18.3750000000;0.3620000000;0.1264040000;-0.9069210000;0.1745610000
2550;-6.8400000000;2.2300000000;-6.4200000000;0.1875000000;0.1875000000;-1.0000000000;30.5625000000;-24.6875000000;18.7500000000;0.3616940000;0.1281130000;-0.9067380000;0.1748660000
2551;-7.0100000000;2.0500000000;-6.4200000000;-0.2500000000;-2.0625000000;0.6250000000;30.5625000000;-24.6875000000;18.7500000000;0.3621830000;0.1281130000;-0.9064940000;0.1749880000
2552;-6.8100000000;2.3700000000;-6.6600000000;-1.0000000000;-0.1875000000;-0.3125000000;31.3750000000;-26.8750000000;19.1875000000;0.3625490000;0.1287840000;-0.9061890000;0.1755370000
2553;-7.1000000000;2.2400000000;-6.7100000000;-3.3125000000;-2.3125000000;0.0000000000;30.2500000000;-26.5625000000;18.3750000000;0.3629760000;0.1290280000;-0.9057620000;0.1765140000
2554;-6.7800000000;2.3500000000;-6.9500000000;2.0000000000;-0.5625000000;-0.9375000000;30.5625000000;-27.2500000000;19.1875000000;0.3634640000;0.1286620000;-0.9057620000;0.1759030000
2555;-7.0300000000;2.2900000000;-6.3700000000;-1.3125000000;2.5625000000;0.7500000000;31.0000000000;-26.8750000000;18.3750000000;0.3628540000;0.1287230000;-0.9060060000;0.1758420000
2556;-6.8900000000;2.0100000000;-6.2900000000;2.2500000000;-0.2500000000;0.0625000000;31.0000000000;-26.8750000000;18.3750000000;0.3626710000;0.1285400000;-0.9060670000;0.1760250000
2557;-6.9300000000;2.2400000000;-6.7100000000;-3.6875000000;-2.6875000000;1.0000000000;30.2500000000;-26.5625000000;19.5625000000;0.3634030000;0.1285400000;-0.9056400000;0.1766360000
2558;-6.8800000000;2.0800000000;-6.5400000000;0.1875000000;0.1250000000;-0.6250000000;29.8750000000;-26.5625000000;18.7500000000;0.3634640000;0.1287230000;-0.9055790000;0.1768800000
2559;-6.9100000000;2.2100000000;-6.8300000000;0.5625000000;-3.0625000000;-0.9375000000;30.5625000000;-26.8750000000;18.7500000000;0.3640140000;0.1286620000;-0.9053340000;0.1768190000
2560;-6.8100000000;2.3500000000;-6.6300000000;-1.5000000000;1.8750000000;0.0000000000;29.8750000000;-26.8750000000;18.3750000000;0.3640140000;0.1287230000;-0.9053340000;0.1766970000
2561;-7.0400000000;2.1500000000;-6.4300000000;-1.4375000000;-1.0625000000;0.1875000000;29.8750000000;-26.8750000000;18.3750000000;0.3636470000;0.1287840000;-0.9053960000;0.1773680000
2562;-6.7800000000;2.3600000000;-6.4600000000;0.3125000000;-0.6250000000;-0.8750000000;31.0000000000;-25.7500000000;18.3750000000;0.3641970000;0.1287230000;-0.9052120000;0.1770630000
2563;-7.0000000000;2.1600000000;-6.4400000000;-2.4375000000;-1.8750000000;0.4375000000;30.5625000000;-25.3750000000;18.7500000000;0.3645020000;0.1289060000;-0.9049070000;0.1778560000
2564;-7.0300000000;2.3000000000;-6.4600000000;-1.9375000000;-2.3750000000;0.8125000000;30.5625000000;-26.8750000000;18.7500000000;0.3652340000;0.1287840000;-0.9045410000;0.1782840000
2565;-7.0400000000;2.0000000000;-6.9100000000;-0.3125000000;-2.6250000000;-0.6875000000;30.5625000000;-26.5625000000;18.3750000000;0.3660280000;0.1289060000;-0.9040530000;0.1792600000
2566;-6.8000000000;2.4400000000;-6.5300000000;0.7500000000;-0.1250000000;-2.0000000000;30.5625000000;-26.5625000000;18.3750000000;0.3664550000;0.1292720000;-0.9039310000;0.1785280000
2567;-7.0700000000;2.0600000000;-6.4400000000;-1.7500000000;-0.0625000000;0.9375000000;31.0000000000;-26.1875000000;18.7500000000;0.3663940000;0.1293330000;-0.9039310000;0.1788940000
2568;-7.0100000000;2.3100000000;-6.3600000000;0.8750000000;-1.1250000000;-1.5625000000;31.0000000000;-26.5625000000;17.1875000000;0.3665160000;0.1295170000;-0.9038090000;0.1788330000
2569;-6.9700000000;2.3300000000;-6.7900000000;-0.9375000000;-0.7500000000;1.0625000000;31.0000000000;-25.3750000000;18.0000000000;0.3671880000;0.1293330000;-0.9035640000;0.1789550000
2570;-7.1000000000;1.9300000000;-6.2300000000;0.4375000000;0.9375000000;-0.8125000000;30.5625000000;-25.3750000000;19.1875000000;0.3667600000;0.1293330000;-0.9036870000;0.1791380000
2571;-6.7500000000;2.4700000000;-6.6900000000;1.2500000000;-0.9375000000;1.3750000000;30.5625000000;-25.3750000000;19.1875000000;0.3673100000;0.1290280000;-0.9036250000;0.1784060000
2572;-7.2800000000;1.7800000000;-6.0300000000;-3.4375000000;0.7500000000;0.6875000000;30.5625000000;-26.8750000000;18.7500000000;0.3665770000;0.1292110000;-0.9036870000;0.1796260000
2573;-6.7700000000;2.4900000000;-6.9300000000;1.8750000000;-3.0000000000;0.2500000000;31.0000000000;-26.5625000000;18.3750000000;0.3676760000;0.1288450000;-0.9033810000;0.1791990000
2574;-7.1900000000;1.9800000000;-6.4900000000;-1.6250000000;1.8750000000;-0.2500000000;31.0000000000;-27.2500000000;18.3750000000;0.3672490000;0.1290890000;-0.9033810000;0.1799320000
2575;-6.7800000000;2.4000000000;-6.4300000000;1.1875000000;0.3750000000;-1.0000000000;31.0000000000;-27.2500000000;18.7500000000;0.3674320000;0.1292110000;-0.9034420000;0.1790770000
2576;-7.0800000000;2.1400000000;-6.4600000000;-3.1875000000;1.2500000000;2.1875000000;31.0000000000;-27.2500000000;18.7500000000;0.3668820000;0.1292720000;-0.9035030000;0.1798710000
2577;-6.9100000000;2.3700000000;-6.2800000000;3.3750000000;-0.8125000000;-0.7500000000;31.0000000000;-26.8750000000;18.3750000000;0.3668210000;0.1292720000;-0.9035030000;0.1798710000
2578;-7.0000000000;2.3000000000;-6.7400000000;-3.9375000000;-1.8750000000;2.8750000000;31.0000000000;-26.5625000000;18.7500000000;0.3673100000;0.1286620000;-0.9033810000;0.1799320000
2579;-7.0700000000;1.9700000000;-6.5600000000;2.1250000000;1.1875000000;-0.1250000000;30.5625000000;-26.8750000000;19.1875000000;0.3672490000;0.1283570000;-0.9033200000;0.1806030000
2580;-6.9800000000;2.3600000000;-6.3000000000;0.8125000000;-0.3125000000;-0.4375000000;30.5625000000;-26.5625000000;18.0000000000;0.3671260000;0.1283570000;-0.9035640000;0.1796870000
2581;-6.9500000000;2.1500000000;-6.3000000000;-3.0625000000;0.4375000000;1.1875000000;30.5625000000;-26.5625000000;18.0000000000;0.3671880000;0.1282350000;-0.9034420000;0.1803590000
2582;-7.1300000000;2.1600000000;-6.3900000000;1.6875000000;-4.3125000000;-0.5625000000;31.3750000000;-26.1875000000;18.0000000000;0.3677980000;0.1281740000;-0.9031370000;0.1806640000
2583;-6.9100000000;2.3000000000;-6.7400000000;-1.5000000000;-0.5625000000;0.1875000000;30.5625000000;-26.5625000000;18.3750000000;0.3684690000;0.1280520000;-0.9028320000;0.1808470000
2584;-7.1700000000;1.9700000000;-6.6800000000;2.2500000000;-1.5625000000;-2.0625000000;30.5625000000;-26.5625000000;18.7500000000;0.3686520000;0.1282960000;-0.9027710000;0.1806640000
2585;-6.9000000000;2.5100000000;-6.7200000000;3.2500000000;0.6250000000;-1.3750000000;30.2500000000;-26.8750000000;17.5625000000;0.3687130000;0.1284180000;-0.9029540000;0.1795040000
2586;-6.8700000000;2.2900000000;-6.2400000000;0.1250000000;1.8750000000;-0.3125000000;30.2500000000;-26.8750000000;17.5625000000;0.3679810000;0.1286010000;-0.9031980000;0.1795650000
2587;-7.2800000000;2.1100000000;-6.0900000000;-0.6250000000;-0.2500000000;1.6875000000;30.5625000000;-26.5625000000;18.0000000000;0.3674320000;0.1282960000;-0.9033810000;0.1799320000
2588;-6.7900000000;2.4200000000;-6.3500000000;0.0000000000;-2.3125000000;0.4375000000;30.5625000000;-25.7500000000;18.0000000000;0.3682250000;0.1281130000;-0.9031370000;0.1799930000
2589;-7.0600000000;2.0100000000;-6.0000000000;-4.7500000000;-1.2500000000;2.5625000000;31.0000000000;-26.5625000000;18.0000000000;0.3684080000;0.1278690000;-0.9027710000;0.1815190000
2590;-7.0800000000;1.9300000000;-5.6000000000;-1.6875000000;-6.5000000000;-0.5625000000;31.0000000000;-26.5625000000;18.0000000000;0.3699950000;0.1278690000;-0.9018550000;0.1826170000
2591;-7.1100000000;1.6500000000;-4.5000000000;-7.3125000000;-14.0625000000;-3.8125000000;30.5625000000;-26.8750000000;18.3750000000;0.3739010000;0.1287230000;-0.8997800000;0.1844480000
2592;-7.3200000000;1.3200000000;-2.7100000000;-11.1250000000;-27.3125000000;-9.6250000000;31.0000000000;-26.8750000000;18.3750000000;0.3817750000;0.1311040000;-0.8954470000;0.1878050000
2593;-8.0400000000;1.0800000000;-1.0900000000;-19.7500000000;-57.5625000000;-15.5625000000;31.0000000000;-26.5625000000;17.5625000000;0.3981320000;0.1347660000;-0.8864750000;0.1937870000
2594;-8.1000000000;1.8600000000;-1.7700000000;-22.1250000000;-110.5625000000;-27.8125000000;32.8750000000;-26.5625000000;15.6875000000;0.4294430000;0.1399540000;-0.8690800000;0.2018430000
2595;-10.2300000000;2.8600000000;-2.1400000000;-34.3750000000;-135.5000000000;-19.6875000000;32.8750000000;-26.5625000000;15.6875000000;0.4680180000;0.1422730000;-0.8455810000;0.2139280000
2596;-11.0700000000;1.0700000000;-1.6000000000;-58.8125000000;-139.3750000000;-17.6250000000;33.8750000000;-26.8750000000;12.8750000000;0.5060420000;0.1457520000;-0.8173830000;0.2337040000
2597;-10.6900000000;2.2900000000;-3.4300000000;-49.6875000000;-171.4375000000;-57.0625000000;35.7500000000;-27.6875000000;8.1875000000;0.5524290000;0.1548460000;-0.7809450000;0.2469480000
2598;-11.1800000000;3.6800000000;-3.8800000000;-9.0000000000;-146.7500000000;-35.0000000000;37.5625000000;-26.1875000000;1.8750000000;0.5940550000;0.1559450000;-0.7480470000;0.2515260000
2599;-11.1400000000;1.5400000000;-1.5600000000;-38.3750000000;-119.1875000000;-17.1875000000;36.8750000000;-25.7500000000;-4.2500000000;0.6173100000;0.1559450000;-0.7259520000;0.2599490000
2600;-11.0100000000;2.9900000000;-2.8300000000;-15.6875000000;-137.6875000000;-30.2500000000;36.8750000000;-25.7500000000;-4.2500000000;0.6488650000;0.1577150000;-0.6946410000;0.2674560000
2601;-10.6200000000;2.3100000000;-2.8500000000;-13.2500000000;-97.8125000000;-5.8750000000;37.2500000000;-24.6875000000;-7.5000000000;0.6821900000;0.1517940000;-0.6605220000;0.2743530000
2602;-10.2400000000;0.7000000000;-0.8400000000;-37.1250000000;-46.0000000000;-8.7500000000;35.7500000000;-24.6875000000;-13.0625000000;0.6937260000;0.1566160000;-0.6433110000;0.2833860000
2603;-10.4600000000;2.2100000000;-0.9800000000;-22.6250000000;-55.6250000000;-19.4375000000;34.2500000000;-24.2500000000;-14.5625000000;0.7064820000;0.1597900000;-0.6277470000;0.2851560000
2604;-9.3500000000;1.9300000000;-2.2800000000;-6.8750000000;-34.0625000000;-8.1250000000;34.1875000000;-24.6875000000;-17.0000000000;0.7144780000;0.1585080000;-0.6191410000;0.2847290000
2605;-9.8200000000;1.7500000000;-0.4800000000;-4.0000000000;6.5625000000;-4.9375000000;34.1875000000;-24.6875000000;-17.0000000000;0.7162480000;0.1600950000;-0.6168210000;0.2844240000
2606;-9.7100000000;1.2600000000;0.6500000000;-5.4375000000;17.3750000000;-0.1250000000;33.5000000000;-24.2500000000;-18.6875000000;0.7129520000;0.1619870000;-0.6211550000;0.2821660000
2607;-9.5800000000;0.8200000000;1.2400000000;19.3125000000;16.4375000000;-2.5000000000;34.1875000000;-23.2500000000;-17.5625000000;0.7103270000;0.1607060000;-0.6264040000;0.2778930000
2608;-9.5200000000;1.3800000000;1.4400000000;10.6250000000;12.6250000000;-3.2500000000;34.0625000000;-23.8750000000;-17.0625000000;0.7085570000;0.1593020000;-0.6306760000;0.2735600000
2609;-9.6500000000;1.4800000000;0.9800000000;-12.6250000000;11.2500000000;0.8125000000;33.6875000000;-24.2500000000;-16.3750000000;0.7064210000;0.1622920000;-0.6318360000;0.2745970000
2610;-9.5700000000;0.8900000000;1.2000000000;-6.5000000000;14.3750000000;0.9375000000;33.6875000000;-24.2500000000;-16.3750000000;0.7026980000;0.1655270000;-0.6342770000;0.2766720000
2611;-9.4400000000;1.6500000000;1.2800000000;12.3750000000;10.6875000000;-0.6875000000;34.0625000000;-22.5000000000;-16.6875000000;0.7001340000;0.1643680000;-0.6387940000;0.2733150000
2612;-9.4400000000;1.1100000000;1.3400000000;-8.0625000000;13.2500000000;5.7500000000;34.8750000000;-21.7500000000;-16.6875000000;0.6980590000;0.1645510000;-0.6410520000;0.2733150000
2613;-9.7200000000;0.8200000000;1.7200000000;8.8750000000;7.6250000000;2.2500000000;34.8750000000;-23.2500000000;-15.1875000000;0.6961670000;0.1624150000;-0.6445310000;0.2713010000
2614;-9.4700000000;1.3900000000;0.9300000000;1.8750000000;1.5625000000;1.7500000000;34.0625000000;-22.8750000000;-15.5625000000;0.6965330000;0.1595460000;-0.6460570000;0.2683720000
2615;-9.7000000000;0.7400000000;1.3300000000;-1.6875000000;6.7500000000;2.3125000000;34.0625000000;-22.8750000000;-15.5625000000;0.6949460000;0.1597290000;-0.6473390000;0.2692260000
2616;-9.5200000000;1.1500000000;1.2300000000;7.2500000000;-0.3750000000;-1.8125000000;34.5000000000;-22.8750000000;-14.6875000000;0.6954960000;0.1571040000;-0.6487430000;0.2659300000
2617;-9.6500000000;1.1800000000;0.9000000000;-8.1875000000;0.3750000000;3.2500000000;36.0000000000;-23.5625000000;-15.5625000000;0.6959840000;0.1559450000;-0.6488650000;0.2650760000
2618;-9.5800000000;0.9400000000;0.9900000000;5.6875000000;-0.1875000000;-2.3125000000;34.8750000000;-23.2500000000;-14.6875000000;0.6961670000;0.1552120000;-0.6491090000;0.2642820000
2619;-9.4600000000;1.5900000000;0.6200000000;-1.5625000000;-1.5000000000;-2.0000000000;34.5000000000;-21.7500000000;-15.5625000000;0.6970830000;0.1544800000;-0.6491700000;0.2623900000
2620;-9.6500000000;1.0700000000;0.9600000000;-9.0625000000;5.6875000000;2.3125000000;34.5000000000;-21.7500000000;-15.5625000000;0.6959230000;0.1563720000;-0.6491700000;0.2642820000
2621;-9.6400000000;1.1300000000;1.2900000000;5.3125000000;1.4375000000;-0.2500000000;34.8750000000;-21.7500000000;-15.1875000000;0.6948850000;0.1569210000;-0.6500240000;0.2645260000
2622;-9.5400000000;1.3500000000;0.9400000000;0.3125000000;-1.6250000000;1.1875000000;34.8750000000;-22.8750000000;-15.5625000000;0.6956180000;0.1552120000;-0.6502690000;0.2631230000
2623;-9.5800000000;0.8500000000;1.1400000000;-3.1250000000;-1.3125000000;1.5000000000;35.5625000000;-23.8750000000;-15.5625000000;0.6957400000;0.1547850000;-0.6500850000;0.2634890000
2624;-9.6100000000;1.2300000000;0.8800000000;1.3125000000;-4.1250000000;-0.2500000000;35.1875000000;-23.5625000000;-15.1875000000;0.6971440000;0.1525880000;-0.6497800000;0.2617190000
2625;-9.4800000000;1.1200000000;0.8300000000;-7.8125000000;-0.1875000000;1.1875000000;35.1875000000;-23.5625000000;-15.1875000000;0.6971440000;0.1535030000;-0.6489870000;0.2631230000
2626;-9.7200000000;0.9600000000;1.0400000000;-5.3750000000;-0.8750000000;0.5000000000;35.1875000000;-20.5625000000;-14.6875000000;0.6966550000;0.1554570000;-0.6484370000;0.2647090000
2627;-9.5500000000;1.3200000000;0.7000000000;-1.1875000000;-2.5625000000;-0.1875000000;35.1875000000;-21.7500000000;-15.5625000000;0.6970210000;0.1560060000;-0.6477050000;0.2651980000
2628;-9.5800000000;1.1100000000;0.7700000000;-4.3125000000;2.5000000000;1.2500000000;34.5000000000;-21.7500000000;-14.6875000000;0.6967160000;0.1557620000;-0.6481320000;0.2649540000
2629;-9.7100000000;1.0300000000;1.1200000000;1.8750000000;2.0000000000;-0.3125000000;34.0625000000;-23.2500000000;-15.8750000000;0.6959840000;0.1560060000;-0.6490480000;0.2645870000
2630;-9.4800000000;1.2600000000;0.9400000000;1.7500000000;0.2500000000;-1.5000000000;34.0625000000;-23.2500000000;-15.8750000000;0.6962280000;0.1555790000;-0.6492920000;0.2636110000
2631;-9.6900000000;1.0700000000;1.2000000000;-3.5000000000;1.0625000000;-0.0625000000;35.1875000000;-23.5625000000;-14.3750000000;0.6967160000;0.1543580000;-0.6498410000;0.2617190000
2632;-9.6500000000;0.9600000000;1.0700000000;-0.3750000000;-2.8125000000;-1.6875000000;34.0625000000;-23.5625000000;-15.8750000000;0.6973270000;0.1546020000;-0.6492310000;0.2614140000
2633;-9.5400000000;1.4000000000;0.8400000000;2.1250000000;-3.4375000000;-2.1250000000;34.0625000000;-23.2500000000;-16.3750000000;0.6985470000;0.1542970000;-0.6483760000;0.2603760000
2634;-9.6200000000;1.0800000000;0.8000000000;-5.6250000000;0.2500000000;1.0000000000;34.0625000000;-22.5000000000;-16.3750000000;0.6985470000;0.1551510000;-0.6478270000;0.2611690000
2635;-9.5800000000;1.1600000000;0.8200000000;5.5000000000;0.1875000000;-0.6250000000;34.0625000000;-22.5000000000;-16.3750000000;0.6985470000;0.1548460000;-0.6480710000;0.2608640000
2636;-9.5500000000;1.1200000000;0.9200000000;-1.5000000000;2.8750000000;0.8125000000;34.8750000000;-23.5625000000;-15.5625000000;0.6984250000;0.1535030000;-0.6491700000;0.2592770000
2637;-9.5600000000;1.0100000000;1.2200000000;3.9375000000;-0.2500000000;-0.3750000000;33.6875000000;-22.0625000000;-14.6875000000;0.6984860000;0.1527100000;-0.6497800000;0.2580570000
2638;-9.5000000000;1.3400000000;1.1100000000;-2.0000000000;-2.5000000000;1.0000000000;34.0625000000;-22.8750000000;-16.3750000000;0.6989140000;0.1524660000;-0.6493530000;0.2579960000
2639;-9.6100000000;0.9100000000;1.0100000000;-1.6250000000;-2.9375000000;0.2500000000;34.8750000000;-23.8750000000;-15.5625000000;0.6996460000;0.1516110000;-0.6488040000;0.2579350000
2640;-9.4900000000;1.2200000000;1.0300000000;0.8125000000;-1.4375000000;-0.3750000000;34.8750000000;-23.8750000000;-15.5625000000;0.7002560000;0.1512450000;-0.6483760000;0.2576900000
2641;-9.6500000000;1.1300000000;1.1600000000;-5.8750000000;-1.8750000000;1.6875000000;34.8750000000;-23.2500000000;-15.8750000000;0.7003170000;0.1516110000;-0.6478880000;0.2585450000
2642;-9.5100000000;0.9400000000;0.8900000000;3.0625000000;-4.6250000000;-1.0000000000;34.8750000000;-23.2500000000;-14.6875000000;0.7016600000;0.1501460000;-0.6471560000;0.2575680000
2643;-9.6500000000;1.2800000000;1.0100000000;1.1250000000;-2.1875000000;-0.7500000000;34.0625000000;-23.5625000000;-15.1875000000;0.7028810000;0.1483760000;-0.6470340000;0.2555540000
2644;-9.6300000000;1.0300000000;1.0700000000;-5.8750000000;-0.6250000000;0.3125000000;34.5000000000;-21.3750000000;-17.0625000000;0.7022710000;0.1508790000;-0.6461180000;0.2580570000
2645;-9.5200000000;1.2300000000;0.8700000000;0.1875000000;-3.4375000000;-1.0625000000;34.5000000000;-21.3750000000;-17.0625000000;0.7026370000;0.1515500000;-0.6454470000;0.2583010000
2646;-9.8000000000;1.2200000000;0.4100000000;-2.4375000000;0.9375000000;1.3750000000;34.5000000000;-23.2500000000;-15.5625000000;0.7031250000;0.1506960000;-0.6453250000;0.2578130000
2647;-9.7100000000;1.5300000000;-1.0300000000;-4.3750000000;1.7500000000;-1.9375000000;34.5000000000;-22.8750000000;-16.6875000000;0.7026370000;0.1523440000;-0.6453250000;0.2581180000
2648;-10.2600000000;3.4600000000;-4.3800000000;3.1250000000;17.3125000000;-8.1250000000;34.5000000000;-23.2500000000;-16.2500000000;0.7000730000;0.1551510000;-0.6486820000;0.2550050000
2649;-10.5800000000;2.0600000000;-4.3200000000;9.5625000000;79.3750000000;18.5000000000;34.5000000000;-23.2500000000;-16.2500000000;0.6842650000;0.1530150000;-0.6672970000;0.2512210000
2650;-11.7100000000;3.0800000000;-6.0500000000;25.8750000000;99.6250000000;26.1875000000;34.8750000000;-23.2500000000;-14.6875000000;0.6608280000;0.1507570000;-0.6927490000;0.2462160000
2651;-11.6900000000;2.4500000000;-8.1200000000;48.5625000000;160.0000000000;32.1875000000;36.3750000000;-21.0000000000;-12.3750000000;0.6243900000;0.1460570000;-0.7304080000;0.2350460000
2652;-12.8800000000;4.9600000000;-7.1100000000;75.3125000000;215.2500000000;27.7500000000;37.7500000000;-23.2500000000;-8.3750000000;0.5718380000;0.1394040000;-0.7802120000;0.2117920000
2653;-13.6400000000;2.0500000000;-3.5700000000;59.8125000000;272.3125000000;62.4375000000;38.1875000000;-23.8750000000;-0.6875000000;0.5185550000;0.1329960000;-0.8211670000;0.1976320000
2654;-13.1400000000;2.7300000000;-1.5500000000;91.0000000000;249.3125000000;49.4375000000;38.1875000000;-23.8750000000;-0.6875000000;0.4255980000;0.1174930000;-0.8818970000;0.1653440000
2655;-10.2600000000;1.2600000000;0.6400000000;91.7500000000;204.6875000000;41.8750000000;36.0000000000;-24.6875000000;8.2500000000;0.3629760000;0.1026000000;-0.9162600000;0.1349490000
2656;-7.3800000000;3.5900000000;0.0600000000;77.9375000000;137.6250000000;19.7500000000;32.2500000000;-25.0625000000;17.7500000000;0.3197020000;0.0932010000;-0.9367680000;0.1076660000
2657;-6.5300000000;1.9300000000;0.0600000000;56.6250000000;91.6875000000;35.6875000000;28.5625000000;-23.2500000000;25.0000000000;0.2891850000;0.0796510000;-0.9497680000;0.0893550000
2658;-6.0800000000;0.7300000000;-2.1300000000;29.6875000000;27.7500000000;38.0000000000;26.0625000000;-22.5000000000;27.1875000000;0.2789920000;0.0692140000;-0.9542240000;0.0823970000
2659;-5.4000000000;-0.3000000000;-5.3100000000;3.0000000000;-18.9375000000;35.1250000000;26.0625000000;-22.5000000000;27.1875000000;0.2793580000;0.0562740000;-0.9550170000;0.0820310000
2660;-5.7900000000;-1.3500000000;-7.4500000000;-22.1875000000;-27.3125000000;21.3750000000;24.5625000000;-22.5000000000;28.3750000000;0.2890010000;0.0473020000;-0.9517210000;0.0918580000
2661;-5.5600000000;-0.0200000000;-9.5700000000;-40.0625000000;-24.3750000000;-0.6250000000;23.7500000000;-23.5000000000;27.5625000000;0.2966920000;0.0497440000;-0.9479370000;0.1043700000
2662;-6.6100000000;-0.5100000000;-7.7800000000;-15.8750000000;-3.3125000000;-7.0000000000;24.7500000000;-23.7500000000;26.5000000000;0.2984010000;0.0536500000;-0.9465330000;0.1102290000
2663;-5.2500000000;3.1100000000;-8.9700000000;-4.6250000000;-15.5000000000;-22.8125000000;24.7500000000;-24.5625000000;26.5000000000;0.3020630000;0.0587770000;-0.9450070000;0.1105350000
2664;-6.7100000000;0.6300000000;-6.4300000000;-10.6250000000;10.9375000000;-4.0000000000;24.7500000000;-24.5625000000;26.5000000000;0.3022460000;0.0632320000;-0.9443970000;0.1127320000
2665;-5.6200000000;3.1800000000;-6.5200000000;4.6250000000;-14.3750000000;-20.1875000000;25.8750000000;-24.5000000000;25.6875000000;0.3047490000;0.0687260000;-0.9434810000;0.1106570000
2666;-5.8500000000;1.5600000000;-8.3000000000;-13.3125000000;-22.7500000000;-3.8125000000;25.0625000000;-24.5000000000;25.6875000000;0.3118290000;0.0708010000;-0.9406130000;0.1137700000
2667;-6.2500000000;2.2600000000;-7.9300000000;-7.5625000000;-9.1875000000;-8.1875000000;26.2500000000;-24.5000000000;24.8750000000;0.3153690000;0.0736690000;-0.9389650000;0.1160280000
2668;-6.1500000000;1.6700000000;-8.4500000000;-13.8750000000;-12.0625000000;-7.6875000000;27.0000000000;-24.0625000000;24.8750000000;0.3182370000;0.0759890000;-0.9374390000;0.1190190000
2669;-5.8800000000;2.5200000000;-7.8000000000;-0.6250000000;-3.5625000000;-4.7500000000;27.0000000000;-24.0625000000;24.8750000000;0.3204960000;0.0783690000;-0.9364010000;0.1196290000
2670;-6.1900000000;1.5600000000;-7.6100000000;-8.0625000000;-0.2500000000;0.5625000000;27.3750000000;-24.5000000000;24.5000000000;0.3209840000;0.0817870000;-0.9355470000;0.1226200000
2671;-6.0800000000;2.2700000000;-7.4500000000;-0.4375000000;-0.5625000000;-5.8125000000;27.7500000000;-24.8750000000;23.6875000000;0.3200070000;0.0859370000;-0.9353030000;0.1242070000
2672;-6.0100000000;2.1700000000;-7.3300000000;-1.5000000000;-0.3750000000;1.0000000000;27.0000000000;-24.5000000000;24.5000000000;0.3203740000;0.0876460000;-0.9349370000;0.1247560000
2673;-6.2200000000;1.6300000000;-7.0700000000;1.5000000000;-5.6250000000;-0.3750000000;27.0000000000;-24.5000000000;25.2500000000;0.3200070000;0.0870970000;-0.9350590000;0.1254270000
2674;-6.1600000000;2.0500000000;-7.6300000000;-6.6250000000;-6.0625000000;0.9375000000;27.0000000000;-24.5000000000;25.2500000000;0.3222660000;0.0870360000;-0.9342040000;0.1259160000
2675;-6.3200000000;1.4700000000;-7.8600000000;-4.0625000000;-1.7500000000;1.6875000000;27.7500000000;-24.0625000000;23.2500000000;0.3226930000;0.0899660000;-0.9332890000;0.1295780000
2676;-6.2300000000;1.9800000000;-7.5800000000;1.6250000000;-0.9375000000;-0.5625000000;27.0000000000;-24.5000000000;23.6875000000;0.3225710000;0.0913090000;-0.9331050000;0.1300660000
2677;-6.0700000000;1.6600000000;-7.3600000000;-0.4375000000;1.6250000000;-0.4375000000;27.7500000000;-24.5000000000;23.2500000000;0.3223270000;0.0935670000;-0.9328610000;0.1307980000
2678;-6.0800000000;1.9000000000;-7.3700000000;2.1250000000;1.2500000000;-0.5625000000;27.3750000000;-25.1875000000;22.1875000000;0.3215330000;0.0959470000;-0.9328610000;0.1311040000
2679;-6.2100000000;2.3600000000;-7.3900000000;-9.7500000000;1.9375000000;3.5000000000;27.3750000000;-25.1875000000;22.1875000000;0.3211060000;0.0961910000;-0.9328000000;0.1325680000
2680;-6.3000000000;1.3900000000;-7.3300000000;1.0625000000;-0.5625000000;0.2500000000;28.0625000000;-24.8750000000;23.0000000000;0.3200070000;0.0985720000;-0.9324340000;0.1356810000
2681;-6.0400000000;2.2800000000;-7.1700000000;-1.1250000000;-0.5625000000;0.5000000000;27.3750000000;-24.8750000000;23.2500000000;0.3203130000;0.0998540000;-0.9323120000;0.1351320000
2682;-6.3500000000;1.2400000000;-6.7800000000;-5.1250000000;-1.5625000000;2.0000000000;28.5000000000;-25.1875000000;24.5000000000;0.3198240000;0.1011960000;-0.9318850000;0.1380000000
2683;-6.1700000000;2.0200000000;-7.4800000000;-6.0000000000;-7.6875000000;1.4375000000;27.3750000000;-24.8750000000;23.2500000000;0.3214720000;0.1024780000;-0.9309690000;0.1397090000
2684;-6.3800000000;1.3800000000;-7.7200000000;-10.0625000000;-3.6875000000;-2.0625000000;27.3750000000;-24.8750000000;23.2500000000;0.3228760000;0.1030880000;-0.9298100000;0.1433720000
2685;-6.1000000000;2.5000000000;-7.4600000000;-0.6250000000;-3.0000000000;-4.2500000000;27.7500000000;-25.1875000000;23.2500000000;0.3234860000;0.1056520000;-0.9292600000;0.1437990000
2686;-6.3900000000;1.6000000000;-7.6800000000;-4.8125000000;-1.1250000000;1.5625000000;27.7500000000;-26.0000000000;23.0000000000;0.3242800000;0.1065670000;-0.9285890000;0.1456300000
2687;-6.1700000000;2.5100000000;-7.0600000000;2.3750000000;-2.1250000000;-6.5000000000;28.8750000000;-25.5625000000;21.7500000000;0.3237300000;0.1104740000;-0.9282230000;0.1463010000
2688;-6.1900000000;2.5300000000;-7.6200000000;-9.2500000000;-0.4375000000;5.3125000000;28.0625000000;-26.0000000000;22.5625000000;0.3245240000;0.1113280000;-0.9276120000;0.1477050000
2689;-6.4700000000;1.5100000000;-7.0700000000;5.1875000000;-0.2500000000;0.2500000000;28.0625000000;-26.0000000000;22.5625000000;0.3236080000;0.1104740000;-0.9277950000;0.1491700000
2690;-5.9300000000;2.8400000000;-7.1700000000;-1.8750000000;-1.5000000000;2.0625000000;28.0625000000;-25.1875000000;22.5625000000;0.3242190000;0.1112060000;-0.9276730000;0.1480710000
2691;-6.5600000000;1.3100000000;-7.0200000000;-4.1875000000;0.5000000000;3.0625000000;28.0625000000;-25.5625000000;22.1875000000;0.3233030000;0.1116940000;-0.9274290000;0.1512450000
2692;-6.1000000000;2.4500000000;-7.3700000000;2.3125000000;-4.3750000000;-0.1875000000;28.8750000000;-26.0000000000;22.1875000000;0.3242800000;0.1134030000;-0.9269410000;0.1510010000
2693;-6.4300000000;1.6500000000;-7.4100000000;-5.8750000000;0.4375000000;2.0000000000;28.0625000000;-25.5625000000;22.1875000000;0.3241580000;0.1141360000;-0.9265140000;0.1533200000
2694;-6.1800000000;2.2100000000;-7.0900000000;2.0625000000;-2.2500000000;-1.8125000000;28.0625000000;-25.5625000000;22.1875000000;0.3246460000;0.1145020000;-0.9263310000;0.1528930000
2695;-6.5700000000;1.9600000000;-7.4500000000;-5.1250000000;-1.1875000000;1.5625000000;27.7500000000;-25.5625000000;22.5625000000;0.3248290000;0.1146850000;-0.9259640000;0.1546020000
2696;-6.1300000000;2.2600000000;-7.2700000000;3.6250000000;0.4375000000;-1.5000000000;28.0625000000;-25.1875000000;22.1875000000;0.3251340000;0.1157840000;-0.9258420000;0.1538090000
2697;-6.4600000000;1.7700000000;-6.8600000000;-6.1875000000;1.9375000000;1.8125000000;28.5000000000;-25.1875000000;21.0000000000;0.3239750000;0.1184690000;-0.9255370000;0.1560060000
2698;-6.0700000000;2.6200000000;-6.9400000000;1.8125000000;-4.9375000000;-3.4375000000;27.7500000000;-25.1875000000;22.5000000000;0.3251950000;0.1189580000;-0.9250490000;0.1559450000
2699;-6.5900000000;1.5900000000;-7.5000000000;-9.5625000000;-1.5000000000;1.5625000000;27.7500000000;-25.1875000000;22.5000000000;0.3258060000;0.1188350000;-0.9243770000;0.1590580000
2700;-6.2600000000;2.2100000000;-7.1800000000;2.6250000000;-4.1875000000;-4.8125000000;27.7500000000;-26.0000000000;21.3750000000;0.3268430000;0.1199340000;-0.9239500000;0.1584470000
2701;-6.3600000000;2.2600000000;-7.5500000000;-5.0000000000;-2.8125000000;1.3125000000;27.7500000000;-24.5000000000;22.5625000000;0.3276370000;0.1202390000;-0.9234010000;0.1596680000
2702;-6.4000000000;2.0000000000;-7.1700000000;2.8750000000;1.5000000000;-2.8125000000;28.5000000000;-25.5625000000;21.3750000000;0.3272090000;0.1218260000;-0.9234010000;0.1596680000
2703;-6.1900000000;2.3600000000;-6.8900000000;-1.3750000000;-1.0000000000;-1.3125000000;28.5000000000;-25.5625000000;21.3750000000;0.3272090000;0.1236570000;-0.9230350000;0.1600950000
2704;-6.4100000000;1.8200000000;-7.3600000000;-0.8125000000;1.8125000000;-0.7500000000;28.0625000000;-23.6875000000;21.7500000000;0.3273320000;0.1233520000;-0.9229740000;0.1605830000
2705;-6.3000000000;2.2600000000;-6.9000000000;1.9375000000;-0.5625000000;-0.6875000000;27.3750000000;-26.0625000000;22.1875000000;0.3273930000;0.1232300000;-0.9230350000;0.1600340000
2706;-6.4400000000;1.9400000000;-7.1800000000;-1.5625000000;-0.7500000000;2.3750000000;27.0000000000;-25.5625000000;21.3750000000;0.3275760000;0.1226810000;-0.9229740000;0.1605220000
2707;-6.3100000000;2.1800000000;-7.2300000000;-0.6875000000;-0.8125000000;-0.1875000000;28.0625000000;-26.3750000000;21.3750000000;0.3276370000;0.1228640000;-0.9228520000;0.1608280000
2708;-6.4600000000;1.8200000000;-7.2200000000;-0.3750000000;-0.3125000000;1.8125000000;28.0625000000;-26.3750000000;21.3750000000;0.3275760000;0.1235960000;-0.9226680000;0.1615600000
2709;-6.3500000000;2.0100000000;-7.3000000000;2.6250000000;2.3750000000;-1.5625000000;28.5000000000;-26.0000000000;21.0000000000;0.3272090000;0.1237790000;-0.9229130000;0.1607060000
2710;-6.3500000000;2.4400000000;-7.1800000000;-1.4375000000;1.1250000000;1.6875000000;28.0625000000;-26.0000000000;22.1875000000;0.3266600000;0.1237790000;-0.9230960000;0.1608280000
2711;-6.5300000000;1.5500000000;-6.9700000000;3.4375000000;1.6250000000;-0.5625000000;28.5000000000;-25.5625000000;22.5625000000;0.3261720000;0.1235960000;-0.9234010000;0.1603390000
2712;-6.0200000000;3.1300000000;-7.0200000000;0.4375000000;-3.0000000000;-2.4375000000;28.5000000000;-26.6875000000;21.0000000000;0.3265380000;0.1248780000;-0.9232180000;0.1594850000
2713;-6.5900000000;1.4300000000;-7.1800000000;-6.8125000000;0.4375000000;3.2500000000;28.5000000000;-26.6875000000;21.0000000000;0.3265380000;0.1243290000;-0.9228520000;0.1620480000
2714;-6.2700000000;2.6900000000;-7.0800000000;3.0000000000;-3.0625000000;-3.8750000000;27.7500000000;-26.0000000000;21.3750000000;0.3272090000;0.1249390000;-0.9226070000;0.1614990000
2715;-6.4200000000;1.8900000000;-7.3100000000;-5.7500000000;-0.0625000000;2.1250000000;28.5000000000;-26.6875000000;21.7500000000;0.3272710000;0.1248170000;-0.9223630000;0.1630860000
2716;-6.4500000000;1.8600000000;-6.8400000000;3.0625000000;-0.3125000000;-3.1875000000;28.8750000000;-26.3750000000;20.5625000000;0.3270870000;0.1268920000;-0.9221800000;0.1629030000
2717;-6.2900000000;2.2200000000;-7.2900000000;-2.5000000000;-1.6875000000;2.8750000000;27.7500000000;-26.3750000000;22.1875000000;0.3278200000;0.1265260000;-0.9219360000;0.1629030000
2718;-6.5300000000;1.5800000000;-6.9100000000;-1.5000000000;-0.3750000000;-1.3750000000;27.7500000000;-26.3750000000;22.1875000000;0.3272710000;0.1265260000;-0.9218750000;0.1644290000
2719;-6.1600000000;2.5800000000;-7.2700000000;1.0000000000;-2.6250000000;-1.2500000000;28.0625000000;-26.3750000000;21.7500000000;0.3284910000;0.1269530000;-0.9215700000;0.1633910000
2720;-6.5400000000;1.6300000000;-7.0200000000;-1.9375000000;-1.1250000000;-0.7500000000;29.1875000000;-26.0000000000;22.5000000000;0.3286130000;0.1275020000;-0.9213260000;0.1642460000
2721;-6.1900000000;2.6300000000;-6.8900000000;-0.6250000000;-2.8750000000;-4.0625000000;28.5000000000;-25.5625000000;21.3750000000;0.3293460000;0.1286010000;-0.9209590000;0.1638180000
2722;-6.5800000000;1.7200000000;-7.4200000000;-6.7500000000;-2.1250000000;1.2500000000;27.7500000000;-26.0000000000;22.1875000000;0.3301390000;0.1285400000;-0.9203490000;0.1656490000
2723;-6.4100000000;2.2500000000;-6.8300000000;4.3750000000;0.1875000000;-5.5000000000;27.7500000000;-26.0000000000;22.1875000000;0.3303220000;0.1293950000;-0.9202270000;0.1652220000
2724;-6.3900000000;2.5100000000;-7.2300000000;-5.1875000000;-4.2500000000;2.0000000000;28.5000000000;-26.0000000000;21.7500000000;0.3312990000;0.1298830000;-0.9198610000;0.1651610000
2725;-6.5800000000;1.7900000000;-6.9800000000;2.2500000000;-0.2500000000;-1.7500000000;28.8750000000;-25.5625000000;21.7500000000;0.3316650000;0.1298220000;-0.9195560000;0.1660770000
2726;-6.3000000000;2.4400000000;-7.1000000000;-2.0625000000;-3.5000000000;-1.0625000000;27.7500000000;-26.3750000000;20.5625000000;0.3324580000;0.1304930000;-0.9191890000;0.1658330000
2727;-6.5900000000;1.9700000000;-7.2200000000;-1.7500000000;-1.4375000000;-0.0625000000;28.8750000000;-26.0000000000;21.2500000000;0.3330080000;0.1304930000;-0.9188840000;0.1666260000
2728;-6.3800000000;2.3000000000;-7.1900000000;1.1875000000;0.1875000000;-1.6250000000;28.8750000000;-26.0000000000;21.2500000000;0.3332520000;0.1309810000;-0.9187010000;0.1666260000
2729;-6.5400000000;1.9800000000;-6.8900000000;-1.2500000000;1.3125000000;0.6250000000;27.7500000000;-26.0000000000;21.2500000000;0.3330080000;0.1306760000;-0.9188840000;0.1662600000
2730;-6.3600000000;2.3900000000;-7.0600000000;1.3125000000;-0.1250000000;-0.4375000000;28.5000000000;-26.6875000000;21.7500000000;0.3330080000;0.1307980000;-0.9188230000;0.1664430000
2731;-6.6400000000;1.9300000000;-6.8200000000;-1.9375000000;0.0625000000;0.3125000000;28.0625000000;-26.0000000000;19.3750000000;0.3329470000;0.1307980000;-0.9187620000;0.1668700000
2732;-6.3100000000;2.4800000000;-7.0500000000;0.8750000000;-2.6875000000;0.0000000000;27.7500000000;-25.5625000000;21.3750000000;0.3336790000;0.1306150000;-0.9186400000;0.1666260000
2733;-6.5800000000;1.8700000000;-7.1400000000;-1.7500000000;0.4375000000;2.0000000000;27.7500000000;-25.5625000000;21.3750000000;0.3338010000;0.1301880000;-0.9184570000;0.1674190000
2734;-6.3800000000;2.2600000000;-7.0900000000;0.3750000000;-0.5625000000;-0.6250000000;28.5000000000;-26.3750000000;21.2500000000;0.3337400000;0.1301880000;-0.9185180000;0.1674800000
2735;-6.6100000000;1.7800000000;-7.1700000000;-2.4375000000;1.2500000000;1.1250000000;28.5000000000;-25.5625000000;21.0000000000;0.3336790000;0.1300050000;-0.9184570000;0.1677250000
2736;-6.3900000000;2.4100000000;-7.1300000000;5.1875000000;-0.8125000000;-1.6875000000;28.5000000000;-26.3750000000;20.1875000000;0.3336790000;0.1302490000;-0.9186400000;0.1668700000
2737;-6.6900000000;1.8400000000;-6.4900000000;-3.2500000000;1.8750000000;0.5625000000;29.1875000000;-26.0000000000;21.2500000000;0.3333130000;0.1303710000;-0.9187620000;0.1668090000
2738;-6.2300000000;2.5300000000;-7.2100000000;2.9375000000;-3.3750000000;-2.5000000000;29.1875000000;-26.0000000000;21.2500000000;0.3341670000;0.1307980000;-0.9183960000;0.1666870000
2739;-6.7800000000;1.6900000000;-6.8400000000;-6.3750000000;0.7500000000;1.6875000000;29.1875000000;-25.1875000000;21.2500000000;0.3342290000;0.1307980000;-0.9182130000;0.1674800000
2740;-6.3600000000;2.3000000000;-7.3600000000;3.3750000000;-3.3750000000;-2.8125000000;28.5000000000;-26.3750000000;20.5625000000;0.3350830000;0.1312260000;-0.9177860000;0.1678470000
2741;-6.4200000000;2.7000000000;-7.1700000000;-1.2500000000;2.5625000000;0.7500000000;28.8750000000;-26.3750000000;21.0000000000;0.3354490000;0.1314700000;-0.9177860000;0.1670530000
2742;-6.7500000000;1.5500000000;-6.6700000000;0.0625000000;1.6250000000;0.1875000000;28.8750000000;-26.3750000000;20.5625000000;0.3340450000;0.1313480000;-0.9180910000;0.1682130000
2743;-6.0500000000;2.9300000000;-6.7000000000;4.3750000000;-3.0625000000;-2.4375000000;28.8750000000;-26.3750000000;20.5625000000;0.3350220000;0.1312870000;-0.9180910000;0.1660770000
2744;-7.0300000000;1.1100000000;-6.7200000000;-12.9375000000;0.1250000000;4.5625000000;27.7500000000;-26.0000000000;21.7500000000;0.3348390000;0.1311040000;-0.9176640000;0.1689450000
2745;-6.2700000000;2.6300000000;-7.6600000000;8.3125000000;-7.6875000000;-4.8125000000;29.1875000000;-26.3750000000;22.1875000000;0.3366700000;0.1315920000;-0.9169920000;0.1687010000
2746;-6.5300000000;2.1900000000;-7.3200000000;-9.0625000000;3.9375000000;1.6250000000;28.8750000000;-26.0000000000;21.3750000000;0.3367920000;0.1320190000;-0.9167480000;0.1695560000
2747;-6.6200000000;1.8000000000;-6.5700000000;6.6875000000;-0.4375000000;-5.0000000000;29.1875000000;-26.0000000000;20.5625000000;0.3363040000;0.1327510000;-0.9169310000;0.1690060000
2748;-6.4500000000;2.7300000000;-6.8700000000;-5.6250000000;-2.0000000000;3.0625000000;29.1875000000;-26.0000000000;20.5625000000;0.3371580000;0.1330570000;-0.9165650000;0.1688840000
2749;-6.6900000000;1.7100000000;-7.0100000000;0.7500000000;-1.2500000000;-3.0000000000;28.8750000000;-25.5625000000;20.1875000000;0.3373410000;0.1334840000;-0.9161990000;0.1701660000
2750;-6.3300000000;2.7300000000;-6.9900000000;-3.1875000000;-0.3750000000;1.9375000000;28.8750000000;-26.0000000000;22.1875000000;0.3378300000;0.1336060000;-0.9160770000;0.1697390000
2751;-6.6200000000;1.9000000000;-6.9000000000;-3.6875000000;-1.5625000000;0.6250000000;29.1875000000;-26.0000000000;20.5625000000;0.3378910000;0.1336670000;-0.9157710000;0.1712650000
2752;-6.6100000000;2.4000000000;-6.9200000000;1.1250000000;-0.8750000000;1.3125000000;29.1875000000;-26.6875000000;21.0000000000;0.3383790000;0.1332400000;-0.9157100000;0.1708980000
2753;-6.5900000000;1.8400000000;-7.0500000000;3.1875000000;-1.7500000000;-0.1250000000;29.1875000000;-26.6875000000;21.0000000000;0.3383180000;0.1331180000;-0.9155270000;0.1719970000
2754;-6.3100000000;2.6400000000;-7.1300000000;-2.9375000000;-0.9375000000;0.4375000000;29.1875000000;-26.3750000000;20.1875000000;0.3389280000;0.1330570000;-0.9154660000;0.1714480000
2755;-7.0300000000;1.5000000000;-6.7500000000;-2.1875000000;1.8750000000;0.5625000000;29.5625000000;-26.3750000000;21.0000000000;0.3381350000;0.1329350000;-0.9154660000;0.1730350000
2756;-6.2000000000;3.1500000000;-7.2500000000;6.3750000000;-4.4375000000;-3.8125000000;29.1875000000;-26.3750000000;20.1875000000;0.3393550000;0.1330570000;-0.9152830000;0.1714480000
2757;-6.9400000000;1.4000000000;-7.4300000000;-8.1250000000;0.3125000000;2.4375000000;29.1875000000;-26.3750000000;20.1875000000;0.3391110000;0.1329350000;-0.9149780000;0.1734620000
2758;-6.2800000000;2.6700000000;-7.4100000000;10.4375000000;1.2500000000;-4.8750000000;28.5000000000;-26.0000000000;19.7500000000;0.3393550000;0.1336060000;-0.9152830000;0.1709590000
2759;-6.6700000000;1.8200000000;-6.7000000000;0.1875000000;6.6875000000;1.5625000000;29.1875000000;-26.3750000000;19.3750000000;0.3375240000;0.1335450000;-0.9161990000;0.1698000000
2760;-6.3500000000;2.5500000000;-6.5700000000;8.0000000000;3.6250000000;-2.5000000000;28.8750000000;-26.3750000000;21.0000000000;0.3366090000;0.1336060000;-0.9169310000;0.1675420000
2761;-6.7800000000;1.6700000000;-6.8000000000;-3.5000000000;0.0000000000;1.6875000000;29.5625000000;-25.5625000000;21.0000000000;0.3361210000;0.1334840000;-0.9170530000;0.1680910000
2762;-6.3000000000;2.5600000000;-6.9800000000;5.1875000000;-0.3125000000;-1.8750000000;29.5625000000;-25.5625000000;21.0000000000;0.3364870000;0.1336060000;-0.9170530000;0.1671140000
2763;-6.6500000000;1.6600000000;-6.8200000000;-5.1250000000;2.1250000000;1.3750000000;29.1875000000;-26.0000000000;21.2500000000;0.3355710000;0.1337890000;-0.9171750000;0.1681520000
2764;-6.3800000000;2.5200000000;-6.9000000000;1.2500000000;-1.5000000000;-1.6250000000;28.0625000000;-25.5625000000;20.5625000000;0.3359380000;0.1340330000;-0.9170530000;0.1677860000
2765;-6.5900000000;1.7900000000;-6.9200000000;-6.8125000000;-1.8750000000;1.1875000000;28.5000000000;-25.5625000000;19.7500000000;0.3361820000;0.1342160000;-0.9166260000;0.1696780000
2766;-6.6200000000;2.2100000000;-6.9100000000;-0.8750000000;-2.2500000000;-1.1875000000;29.1875000000;-26.3750000000;21.0000000000;0.3367310000;0.1345210000;-0.9163210000;0.1699830000
2767;-6.4400000000;2.3200000000;-7.3900000000;-2.1250000000;-4.1250000000;-0.3125000000;29.1875000000;-26.3750000000;21.0000000000;0.3378300000;0.1348880000;-0.9157100000;0.1708980000
2768;-6.6200000000;1.9800000000;-6.9800000000;-2.1875000000;2.1250000000;-0.8125000000;28.8750000000;-26.0000000000;19.3750000000;0.3374630000;0.1351930000;-0.9156490000;0.1716310000
2769;-6.4200000000;2.6000000000;-6.9500000000;1.3125000000;-0.6250000000;0.1875000000;29.1875000000;-26.0000000000;19.7500000000;0.3375850000;0.1350100000;-0.9157100000;0.1711430000
2770;-6.6900000000;1.5700000000;-6.8300000000;-2.6875000000;0.5000000000;0.2500000000;29.1875000000;-26.3750000000;20.5625000000;0.3374020000;0.1350100000;-0.9156490000;0.1718750000
2771;-6.3800000000;2.5000000000;-6.5300000000;1.0000000000;-1.1875000000;-1.4375000000;29.1875000000;-26.3750000000;20.5625000000;0.3377080000;0.1353150000;-0.9155880000;0.1711430000
2772;-6.7700000000;1.5000000000;-5.4200000000;-8.6250000000;-5.0000000000;0.1250000000;29.1875000000;-26.3750000000;20.5625000000;0.3382570000;0.1359250000;-0.9149170000;0.1733400000
2773;-6.9000000000;1.3200000000;-4.2900000000;-5.6875000000;-16.6250000000;-6.1250000000;28.8750000000;-26.0000000000;21.0000000000;0.3432620000;0.1375120000;-0.9122310000;0.1763310000
2774;-7.4000000000;0.8000000000;-2.7100000000;-11.9375000000;-31.4375000000;-10.4375000000;29.5625000000;-26.0000000000;21.0000000000;0.3525390000;0.1403200000;-0.9075320000;0.1801150000
2775;-7.4200000000;1.3300000000;-3.8100000000;-33.4375000000;-68.2500000000;-24.3125000000;30.0000000000;-25.5625000000;19.7500000000;0.3713990000;0.1471560000;-0.8968510000;0.1898190000
2776;-8.1400000000;2.3800000000;-4.2500000000;-33.0625000000;-87.3750000000;-30.8125000000;30.2500000000;-25.1875000000;16.2500000000;0.3904420000;0.1546630000;-0.8856200000;0.1983640000
2777;-9.1800000000;1.0500000000;-3.2100000000;-48.5000000000;-95.0625000000;-27.4375000000;30.2500000000;-25.1875000000;16.2500000000;0.4166870000;0.1618650000;-0.8690190000;0.2122190000
2778;-9.2200000000;3.0700000000;-3.9300000000;-33.3750000000;-127.5625000000;-44.6250000000;33.2500000000;-26.0000000000;14.2500000000;0.4500730000;0.1726680000;-0.8463130000;0.2266240000
2779;-10.6200000000;1.7800000000;-4.9400000000;-46.5000000000;-121.1250000000;-21.7500000000;35.0625000000;-26.0625000000;8.7500000000;0.4933470000;0.1810300000;-0.8148190000;0.2448730000
2780;-9.8700000000;1.2200000000;-2.9200000000;-41.6250000000;-104.9375000000;-48.3125000000;36.2500000000;-24.5625000000;6.0000000000;0.5144650000;0.1891480000;-0.7962650000;0.2560420000
2781;-10.1600000000;4.2100000000;-4.1600000000;1.8750000000;-124.5000000000;-48.2500000000;37.2500000000;-24.5625000000;1.2500000000;0.5500490000;0.1947020000;-0.7708740000;0.2556150000
2782;-10.7300000000;0.4100000000;-3.2500000000;-48.8125000000;-89.6250000000;-22.7500000000;37.2500000000;-24.5625000000;1.2500000000;0.5792240000;0.1992800000;-0.7445070000;0.2655030000
2783;-10.3100000000;1.5000000000;-0.7600000000;-3.8125000000;-68.1875000000;-41.3750000000;37.6875000000;-21.6875000000;-1.7500000000;0.5975950000;0.2057500000;-0.7261350000;0.2706910000
2784;-10.4000000000;3.8200000000;-3.6800000000;13.6875000000;-102.1875000000;-37.3125000000;38.0625000000;-22.7500000000;-5.7500000000;0.6246340000;0.2059940000;-0.7053830000;0.2641600000
2785;-9.6600000000;1.0800000000;-4.0000000000;-26.5625000000;-69.7500000000;-7.6250000000;38.0000000000;-21.2500000000;-8.5625000000;0.6457520000;0.2047730000;-0.6841430000;0.2702030000
2786;-9.9900000000;1.7100000000;-1.4100000000;-4.5625000000;-22.4375000000;-19.9375000000;37.5625000000;-20.8750000000;-11.6875000000;0.6542360000;0.2081300000;-0.6737670000;0.2733150000
2787;-9.9400000000;2.4200000000;-2.0800000000;-2.6250000000;-25.7500000000;-10.8125000000;37.5625000000;-20.8750000000;-11.6875000000;0.6616210000;0.2099610000;-0.6668090000;0.2711180000
2788;-9.7700000000;0.6800000000;-1.8500000000;-13.9375000000;-4.8750000000;-0.9375000000;36.8750000000;-20.3750000000;-12.0625000000;0.6644900000;0.2104490000;-0.6630250000;0.2731320000
2789;-9.5800000000;0.9700000000;-0.4400000000;12.0000000000;14.2500000000;-5.8750000000;36.8750000000;-18.5625000000;-12.1875000000;0.6637570000;0.2104490000;-0.6651610000;0.2697140000
2790;-9.7000000000;1.0200000000;0.4800000000;2.5625000000;15.2500000000;-2.7500000000;38.0000000000;-18.5625000000;-12.5625000000;0.6613160000;0.2104490000;-0.6694950000;0.2648930000
2791;-9.8200000000;0.6900000000;0.5400000000;3.3750000000;3.7500000000;2.0000000000;36.0625000000;-19.3750000000;-12.1875000000;0.6601560000;0.2092290000;-0.6718140000;0.2627560000
2792;-9.7300000000;0.4800000000;-0.1700000000;-2.6250000000;-3.8750000000;-0.5000000000;36.0625000000;-19.3750000000;-12.1875000000;0.6605220000;0.2088010000;-0.6714480000;0.2632450000
2793;-9.6400000000;0.7600000000;0.0500000000;0.8125000000;0.1875000000;-2.1250000000;37.5000000000;-19.0000000000;-11.3750000000;0.6613770000;0.2079470000;-0.6715090000;0.2616580000
2794;-9.6400000000;0.8400000000;-0.1700000000;0.0000000000;-1.8125000000;1.0625000000;37.0625000000;-19.3750000000;-11.3750000000;0.6622310000;0.2059940000;-0.6719970000;0.2597660000
2795;-9.7100000000;0.6100000000;0.1300000000;-3.1250000000;0.0000000000;2.1250000000;37.5000000000;-18.1875000000;-12.1875000000;0.6618650000;0.2059330000;-0.6719970000;0.2607420000
2796;-9.8100000000;0.5000000000;0.2300000000;1.1875000000;-1.8750000000;1.2500000000;37.0625000000;-20.3750000000;-12.1875000000;0.6625370000;0.2043460000;-0.6721800000;0.2598270000
2797;-9.8600000000;0.8100000000;0.3100000000;-2.8750000000;-6.0625000000;-0.3750000000;37.0625000000;-20.3750000000;-12.1875000000;0.6634520000;0.2039790000;-0.6712650000;0.2599490000
2798;-9.5700000000;0.7000000000;-0.1700000000;-2.8125000000;-5.1875000000;1.6250000000;37.8750000000;-20.0625000000;-12.1875000000;0.6652220000;0.2028200000;-0.6698000000;0.2602540000
2799;-9.7800000000;0.6400000000;-0.0300000000;0.0000000000;-3.1250000000;2.6250000000;36.7500000000;-20.3750000000;-12.1875000000;0.6663210000;0.2005620000;-0.6696780000;0.2594600000
2800;-9.7100000000;0.6800000000;0.0400000000;1.2500000000;-0.5000000000;1.0625000000;37.5000000000;-20.3750000000;-11.7500000000;0.6670530000;0.1981810000;-0.6704100000;0.2575070000
2801;-9.8800000000;0.6300000000;0.2500000000;-2.8125000000;-3.0000000000;0.4375000000;36.7500000000;-20.3750000000;-12.1875000000;0.6677250000;0.1967770000;-0.6705320000;0.2566530000
2802;-9.5200000000;0.8100000000;-0.2900000000;4.3750000000;-0.6250000000;0.9375000000;36.7500000000;-20.3750000000;-12.1875000000;0.6683960000;0.1961060000;-0.6701050000;0.2564700000
2803;-9.7700000000;0.7500000000;-0.0500000000;-3.4375000000;4.0625000000;2.4375000000;37.5000000000;-19.0000000000;-13.7500000000;0.6672970000;0.1961670000;-0.6709590000;0.2569580000
2804;-9.7600000000;0.6100000000;0.3900000000;4.0000000000;2.2500000000;-0.1875000000;36.3750000000;-20.3750000000;-13.0000000000;0.6668090000;0.1954960000;-0.6719970000;0.2561650000
2805;-9.8000000000;0.8500000000;0.3600000000;-1.4375000000;-2.9375000000;0.6250000000;36.7500000000;-19.6875000000;-12.5625000000;0.6671750000;0.1947630000;-0.6719360000;0.2556760000
2806;-9.6400000000;0.7400000000;0.0600000000;-0.5000000000;0.7500000000;0.3125000000;36.7500000000;-20.3750000000;-12.1875000000;0.6677250000;0.1936650000;-0.6721190000;0.2547610000
2807;-9.8200000000;0.4200000000;0.1900000000;2.4375000000;-1.3125000000;-1.5000000000;36.7500000000;-20.3750000000;-12.1875000000;0.6679690000;0.1939700000;-0.6719360000;0.2543950000
2808;-9.6000000000;0.7500000000;0.1800000000;-0.8750000000;0.0000000000;-1.6875000000;37.8750000000;-18.5625000000;-12.5625000000;0.6683350000;0.1941530000;-0.6718750000;0.2534180000
2809;-9.7800000000;0.7200000000;0.1300000000;-7.1250000000;-1.5000000000;0.6250000000;36.7500000000;-18.1875000000;-12.1875000000;0.6682740000;0.1952510000;-0.6712040000;0.2545780000
2810;-9.7300000000;0.5600000000;-0.0100000000;2.4375000000;-2.5000000000;-3.3125000000;37.5000000000;-20.3750000000;-11.7500000000;0.6695560000;0.1942140000;-0.6708980000;0.2526250000
2811;-9.5700000000;1.2200000000;-0.2000000000;0.6875000000;-1.5625000000;-0.8125000000;37.5000000000;-20.3750000000;-11.7500000000;0.6707760000;0.1925050000;-0.6710210000;0.2504880000
2812;-9.8200000000;0.4400000000;-0.0200000000;-1.4375000000;2.4375000000;-0.1875000000;37.0625000000;-20.7500000000;-12.1875000000;0.6701050000;0.1929320000;-0.6713870000;0.2508540000
2813;-9.6300000000;0.7000000000;0.2600000000;6.3125000000;3.0000000000;-3.1250000000;36.3750000000;-20.0625000000;-11.7500000000;0.6706540000;0.1909180000;-0.6727290000;0.2473140000
2814;-9.6400000000;0.9600000000;0.4000000000;-0.3125000000;-0.6250000000;1.0625000000;37.5000000000;-18.5625000000;-11.3750000000;0.6709590000;0.1901250000;-0.6729740000;0.2466430000
2815;-9.8200000000;0.2400000000;0.2400000000;0.8750000000;-2.8750000000;-0.6875000000;36.7500000000;-18.5625000000;-11.7500000000;0.6715090000;0.1898800000;-0.6724240000;0.2467040000
2816;-9.5400000000;0.9400000000;0.2900000000;5.9375000000;-2.7500000000;-2.9375000000;36.7500000000;-18.5625000000;-11.7500000000;0.6728520000;0.1888430000;-0.6721190000;0.2448120000
2817;-9.7500000000;0.7000000000;0.2400000000;-5.5000000000;-3.4375000000;1.1875000000;36.7500000000;-18.5625000000;-11.7500000000;0.6733400000;0.1893310000;-0.6710820000;0.2459110000
2818;-9.7100000000;0.5100000000;0.2100000000;2.0625000000;-4.6250000000;-0.3750000000;37.0625000000;-19.3750000000;-11.3750000000;0.6746830000;0.1878050000;-0.6704100000;0.2451780000
2819;-9.7200000000;0.6300000000;0.0500000000;-1.2500000000;-4.3125000000;-0.2500000000;36.3750000000;-17.8750000000;-13.0000000000;0.6754150000;0.1879270000;-0.6694950000;0.2456670000
2820;-9.6400000000;0.6500000000;-0.0200000000;-2.3750000000;-1.3750000000;-0.3750000000;37.0625000000;-19.0000000000;-12.5625000000;0.6751710000;0.1885380000;-0.6693730000;0.2459720000
2821;-9.7600000000;0.7400000000;0.0900000000;0.0000000000;-0.6250000000;0.3125000000;37.0625000000;-19.0000000000;-12.5625000000;0.6749880000;0.1886600000;-0.6696170000;0.2458500000
2822;-9.7500000000;0.5900000000;0.2200000000;-0.5000000000;1.3125000000;-0.0625000000;36.7500000000;-20.3750000000;-12.1875000000;0.6750490000;0.1876220000;-0.6704100000;0.2443850000
2823;-9.7100000000;0.6900000000;0.4200000000;1.8750000000;-1.6875000000;-1.0000000000;36.7500000000;-20.0625000000;-12.5625000000;0.6755980000;0.1870120000;-0.6702880000;0.2435910000
2824;-9.6600000000;0.8200000000;0.3100000000;-1.1250000000;-2.6250000000;0.9375000000;37.0625000000;-20.0625000000;-12.1875000000;0.6763310000;0.1859130000;-0.6699220000;0.2432250000
2825;-9.7500000000;0.3900000000;0.2700000000;-0.8750000000;-3.1875000000;-0.0625000000;37.0625000000;-20.0625000000;-12.1875000000;0.6768800000;0.1852420000;-0.6696170000;0.2431030000
2826;-9.6800000000;0.7400000000;0.2300000000;3.7500000000;-2.8125000000;-1.3125000000;37.0625000000;-20.0625000000;-12.1875000000;0.6779790000;0.1842650000;-0.6691890000;0.2421260000
2827;-9.7400000000;0.4700000000;0.3100000000;-3.9375000000;-1.4375000000;-0.1250000000;37.0625000000;-19.6875000000;-13.7500000000;0.6782230000;0.1849370000;-0.6684570000;0.2429200000
2828;-9.6500000000;0.6700000000;0.2800000000;3.5000000000;-2.9375000000;-1.4375000000;37.0625000000;-20.0625000000;-13.3750000000;0.6790160000;0.1846310000;-0.6679690000;0.2421260000
2829;-9.7100000000;0.6700000000;0.0800000000;-3.1250000000;-1.3125000000;0.0000000000;36.3750000000;-20.3750000000;-13.7500000000;0.6792600000;0.1846920000;-0.6676640000;0.2423100000
2830;-9.7800000000;0.5600000000;0.0500000000;-1.6875000000;-0.6875000000;-1.6875000000;36.3750000000;-20.0625000000;-12.5625000000;0.6790160000;0.1853640000;-0.6678470000;0.2420650000
2831;-9.7200000000;0.9000000000;-0.4900000000;2.2500000000;2.0000000000;-1.3125000000;36.3750000000;-20.0625000000;-12.5625000000;0.6790160000;0.1853640000;-0.6682740000;0.2408450000
2832;-9.9300000000;0.6400000000;-0.9700000000;-3.6250000000;10.3125000000;-2.3750000000;36.3750000000;-18.5625000000;-14.1875000000;0.6760860000;0.1882930000;-0.6701660000;0.2414550000
2833;-9.6800000000;1.9100000000;-2.5900000000;-3.8125000000;25.0000000000;-5.7500000000;36.7500000000;-18.1875000000;-12.5625000000;0.6713260000;0.1920170000;-0.6746220000;0.2395020000
2834;-10.1500000000;2.3500000000;-4.0100000000;-8.3125000000;45.4375000000;13.7500000000;36.7500000000;-19.6875000000;-12.5625000000;0.6636350000;0.1946410000;-0.6812130000;0.2401120000
2835;-10.6700000000;2.1100000000;-4.7300000000;16.9375000000;69.5625000000;19.6250000000;37.5000000000;-18.1875000000;-11.3750000000;0.6482540000;0.1931150000;-0.6967770000;0.2387700000
2836;-10.8000000000;3.3600000000;-6.4600000000;17.7500000000;105.5625000000;29.6250000000;37.5000000000;-18.1875000000;-11.3750000000;0.6264040000;0.1904300000;-0.7189330000;0.2334590000
2837;-11.4500000000;2.6600000000;-5.1000000000;30.0000000000;148.5625000000;42.8750000000;38.2500000000;-19.6875000000;-9.0625000000;0.5910640000;0.1854860000;-0.7515870000;0.2265010000
2838;-11.8000000000;2.8000000000;-4.5000000000;47.8125000000;169.5000000000;52.6250000000;39.0000000000;-20.7500000000;-5.5000000000;0.5484010000;0.1762700000;-0.7888180000;0.2142330000
2839;-11.2800000000;2.7400000000;-4.4500000000;48.8750000000;175.8125000000;54.3125000000;38.5625000000;-21.8750000000;0.2500000000;0.4992070000;0.1651000000;-0.8264770000;0.2010500000
2840;-11.1500000000;1.6200000000;-2.7300000000;62.5000000000;187.2500000000;57.3125000000;37.0625000000;-21.5625000000;6.1875000000;0.4460450000;0.1520390000;-0.8625490000;0.1843260000
2841;-9.7700000000;2.2800000000;-2.3900000000;66.0625000000;155.1875000000;47.8125000000;37.0625000000;-21.5625000000;6.1875000000;0.3960570000;0.1372680000;-0.8932500000;0.1624760000
2842;-8.1200000000;1.2600000000;-1.0300000000;66.3750000000;128.1875000000;40.3125000000;34.8750000000;-22.2500000000;12.8750000000;0.3539430000;0.1228030000;-0.9160770000;0.1429440000
2843;-7.1500000000;2.0700000000;-1.8200000000;39.2500000000;76.3125000000;32.8750000000;31.8750000000;-24.5000000000;18.3750000000;0.3242800000;0.1109620000;-0.9309080000;0.1262210000
2844;-6.7500000000;0.0900000000;-3.1200000000;25.3125000000;36.6875000000;34.2500000000;28.5625000000;-22.1875000000;22.7500000000;0.3076170000;0.0994260000;-0.9386600000;0.1198730000
2845;-6.1300000000;-0.5800000000;-4.8700000000;19.8750000000;-0.0625000000;20.5625000000;26.6875000000;-22.5625000000;25.8750000000;0.3027950000;0.0897830000;-0.9417110000;0.1157840000
2846;-5.7900000000;1.4400000000;-7.6600000000;6.3750000000;-10.2500000000;10.6875000000;26.6875000000;-22.5625000000;25.8750000000;0.3060910000;0.0841670000;-0.9416500000;0.1116940000
2847;-5.8300000000;-0.7700000000;-7.5400000000;-17.0625000000;5.0000000000;8.3750000000;26.2500000000;-23.6875000000;24.2500000000;0.3052370000;0.0842290000;-0.9410400000;0.1192630000
2848;-6.0500000000;2.6500000000;-7.7700000000;2.0000000000;4.5000000000;-5.9375000000;26.2500000000;-24.3750000000;25.5000000000;0.3035280000;0.0874020000;-0.9414670000;0.1178590000
2849;-5.9200000000;1.0900000000;-7.2500000000;-18.7500000000;12.3125000000;-1.3750000000;25.1875000000;-24.0000000000;26.2500000000;0.3002930000;0.0888670000;-0.9417110000;0.1231080000
2850;-5.9000000000;2.2100000000;-6.7100000000;6.3125000000;4.4375000000;-1.1875000000;25.5625000000;-24.8750000000;24.2500000000;0.2979130000;0.0919190000;-0.9422610000;0.1221920000
2851;-5.6900000000;1.4300000000;-7.5900000000;-14.3125000000;-2.8750000000;-0.1875000000;25.5625000000;-24.8750000000;24.2500000000;0.2979130000;0.0925900000;-0.9418330000;0.1250610000
2852;-5.8500000000;2.1000000000;-7.4400000000;-0.8125000000;-0.6250000000;1.8125000000;24.7500000000;-24.7500000000;24.6875000000;0.2984620000;0.0941160000;-0.9412230000;0.1270140000
2853;-5.9900000000;1.3300000000;-7.0400000000;-11.4375000000;-2.8125000000;-1.8125000000;25.5625000000;-24.3750000000;23.8750000000;0.2980960000;0.0970460000;-0.9404910000;0.1311650000
2854;-5.5600000000;2.8200000000;-7.9300000000;-12.5625000000;-12.8750000000;-1.8750000000;25.8750000000;-23.5625000000;23.8750000000;0.3005980000;0.1013180000;-0.9387210000;0.1347050000
2855;-6.4600000000;1.0500000000;-7.6200000000;-12.0625000000;-1.0625000000;0.8750000000;25.5000000000;-26.2500000000;24.0000000000;0.3018800000;0.1018680000;-0.9375000000;0.1400760000
2856;-5.7700000000;2.3600000000;-7.2700000000;-2.0625000000;-10.3750000000;-9.0625000000;25.5000000000;-26.2500000000;24.0000000000;0.3035890000;0.1044310000;-0.9364620000;0.1414790000
2857;-6.1000000000;2.1600000000;-7.9700000000;-13.1875000000;-2.2500000000;3.4375000000;25.8750000000;-24.0000000000;24.6875000000;0.3054810000;0.1055300000;-0.9352420000;0.1442870000
2858;-6.0600000000;1.7100000000;-7.5200000000;5.0000000000;-6.8750000000;-9.5625000000;25.5000000000;-25.0625000000;23.5000000000;0.3068240000;0.1074220000;-0.9345090000;0.1448970000
2859;-5.9300000000;2.7800000000;-7.8800000000;-2.9375000000;-2.1250000000;-0.3125000000;26.5625000000;-25.0625000000;23.5000000000;0.3078610000;0.1093750000;-0.9338990000;0.1453250000
2860;-6.2100000000;1.7400000000;-7.2300000000;-0.6250000000;-0.8750000000;-3.0625000000;27.0000000000;-25.5000000000;23.8750000000;0.3079220000;0.1106570000;-0.9335940000;0.1462400000
2861;-6.1400000000;2.4700000000;-7.3900000000;-7.1875000000;-3.1250000000;3.1250000000;27.0000000000;-25.5000000000;23.8750000000;0.3089600000;0.1106570000;-0.9331670000;0.1466670000
2862;-6.0300000000;1.9100000000;-7.1700000000;3.8750000000;-1.0625000000;-0.1875000000;27.0000000000;-25.5000000000;23.0625000000;0.3092040000;0.1116330000;-0.9327390000;0.1480100000
2863;-6.0500000000;2.3300000000;-7.8400000000;-6.1250000000;-6.0625000000;3.2500000000;27.0000000000;-25.5000000000;23.5000000000;0.3105470000;0.1116940000;-0.9321900000;0.1489260000
2864;-6.1100000000;1.3800000000;-7.4600000000;-3.2500000000;0.5625000000;0.5000000000;26.5625000000;-25.8750000000;21.5625000000;0.3104860000;0.1132200000;-0.9316410000;0.1508790000
2865;-6.0500000000;2.2000000000;-7.3200000000;1.2500000000;-3.0625000000;-2.2500000000;26.5625000000;-25.8750000000;22.2500000000;0.3110350000;0.1142580000;-0.9314580000;0.1502080000
2866;-6.1800000000;1.8900000000;-7.2800000000;-3.1875000000;-1.0000000000;-0.6875000000;26.5625000000;-25.8750000000;22.2500000000;0.3119510000;0.1145020000;-0.9310300000;0.1508790000
2867;-6.1200000000;2.1100000000;-7.5400000000;-0.8750000000;-2.5000000000;-1.7500000000;26.5625000000;-25.8750000000;22.0000000000;0.3126220000;0.1159060000;-0.9304810000;0.1517940000
2868;-6.2700000000;2.0200000000;-7.2400000000;-0.4375000000;-1.3125000000;-2.2500000000;26.5625000000;-25.8750000000;23.0625000000;0.3134770000;0.1164550000;-0.9301760000;0.1516720000
2869;-5.9900000000;2.3600000000;-7.3000000000;1.0625000000;-2.0000000000;-2.7500000000;27.0000000000;-25.5000000000;22.2500000000;0.3142700000;0.1176760000;-0.9297490000;0.1514280000
2870;-6.2800000000;1.8900000000;-6.9800000000;-5.1875000000;-0.9375000000;0.1250000000;27.0000000000;-25.5000000000;22.2500000000;0.3144530000;0.1187130000;-0.9293210000;0.1530150000
2871;-6.0400000000;2.0400000000;-7.2500000000;-0.3125000000;-5.2500000000;-2.2500000000;27.3750000000;-26.2500000000;22.2500000000;0.3160400000;0.1192630000;-0.9286500000;0.1533810000
2872;-6.0600000000;2.5000000000;-7.7700000000;-3.9375000000;-4.7500000000;-1.9375000000;27.0000000000;-25.8750000000;22.6875000000;0.3173830000;0.1202390000;-0.9278560000;0.1544800000
2873;-6.5700000000;1.5300000000;-7.1200000000;-3.6875000000;1.4375000000;0.4375000000;27.0000000000;-25.5000000000;23.0625000000;0.3170170000;0.1205440000;-0.9277340000;0.1558230000
2874;-5.8500000000;3.1800000000;-7.6300000000;2.0000000000;-4.6875000000;-3.0625000000;27.6875000000;-26.5625000000;22.7500000000;0.3181760000;0.1211550000;-0.9274290000;0.1548460000
2875;-6.7100000000;1.1500000000;-7.1300000000;-5.3125000000;2.5625000000;3.0000000000;27.6875000000;-26.5625000000;22.7500000000;0.3177490000;0.1205440000;-0.9273070000;0.1568600000
2876;-5.8700000000;2.7400000000;-6.9800000000;8.5625000000;-2.8125000000;-5.0625000000;27.0000000000;-25.5000000000;22.2500000000;0.3187260000;0.1209720000;-0.9273680000;0.1542360000
2877;-6.4400000000;1.5500000000;-6.9700000000;-7.3750000000;-1.8125000000;3.0000000000;27.3750000000;-26.2500000000;22.0000000000;0.3191530000;0.1210940000;-0.9268800000;0.1561890000
2878;-6.2500000000;1.9900000000;-6.8700000000;2.0625000000;-4.8125000000;-4.8750000000;27.3750000000;-26.2500000000;22.3750000000;0.3206790000;0.1218870000;-0.9262700000;0.1559450000
2879;-6.1300000000;2.5800000000;-7.6400000000;-6.3125000000;-8.9375000000;-1.5625000000;28.5000000000;-25.0625000000;22.0000000000;0.3221440000;0.1243900000;-0.9251710000;0.1574100000
2880;-6.5800000000;1.5800000000;-7.6400000000;-4.6875000000;-0.6250000000;0.4375000000;28.5000000000;-25.0625000000;22.0000000000;0.3233640000;0.1245120000;-0.9243160000;0.1597290000
2881;-6.1100000000;2.5900000000;-7.4800000000;4.3125000000;-3.4375000000;-4.3750000000;28.0625000000;-25.8750000000;21.5000000000;0.3242800000;0.1262210000;-0.9239500000;0.1587520000
2882;-6.4300000000;1.9800000000;-6.9300000000;-3.0000000000;2.0625000000;0.3125000000;27.6875000000;-26.2500000000;21.5625000000;0.3237920000;0.1265870000;-0.9240110000;0.1592410000
2883;-6.2400000000;2.1500000000;-7.0200000000;1.5625000000;-2.3125000000;-1.1875000000;28.3750000000;-26.2500000000;22.0000000000;0.3243410000;0.1268310000;-0.9238280000;0.1589360000
2884;-6.3700000000;2.3300000000;-7.1800000000;-1.4375000000;-2.7500000000;1.3125000000;28.0625000000;-25.5000000000;22.0000000000;0.3250120000;0.1268920000;-0.9235230000;0.1592410000
2885;-6.5000000000;1.6600000000;-7.4600000000;-3.6250000000;-2.6250000000;0.1250000000;28.0625000000;-25.5000000000;22.0000000000;0.3251950000;0.1267700000;-0.9231570000;0.1611330000
2886;-6.0300000000;2.7600000000;-7.4200000000;4.6250000000;-1.7500000000;-2.8750000000;28.5000000000;-25.0625000000;22.0000000000;0.3262940000;0.1272580000;-0.9229740000;0.1596680000
2887;-6.6000000000;1.6000000000;-6.9300000000;-6.9375000000;2.0000000000;1.9375000000;27.6875000000;-24.7500000000;22.0000000000;0.3254390000;0.1274410000;-0.9229130000;0.1614380000
2888;-6.3600000000;2.3100000000;-7.0300000000;3.5625000000;-3.5000000000;-3.3125000000;27.6875000000;-25.5000000000;21.5000000000;0.3261110000;0.1276250000;-0.9227910000;0.1606450000
2889;-6.3100000000;2.1700000000;-7.0800000000;-2.4375000000;-1.4375000000;-1.0000000000;27.0000000000;-25.5000000000;22.0000000000;0.3269650000;0.1277470000;-0.9224850000;0.1607670000
2890;-6.5800000000;2.1700000000;-7.1200000000;-2.2500000000;-2.3125000000;0.3125000000;27.0000000000;-25.5000000000;22.0000000000;0.3276370000;0.1278080000;-0.9221190000;0.1613770000
2891;-6.3700000000;1.8500000000;-7.0600000000;0.1875000000;-3.5625000000;-3.0000000000;27.6875000000;-26.2500000000;20.7500000000;0.3285520000;0.1282960000;-0.9215700000;0.1621700000
2892;-6.5900000000;1.9400000000;-7.1800000000;-2.7500000000;0.5000000000;0.9375000000;28.5000000000;-25.8750000000;20.3750000000;0.3294070000;0.1298220000;-0.9210820000;0.1622310000
2893;-6.5200000000;1.9900000000;-7.0800000000;5.2500000000;-2.0625000000;-3.6250000000;28.0625000000;-26.5625000000;21.0625000000;0.3290410000;0.1301270000;-0.9210820000;0.1624150000
2894;-6.1900000000;2.6200000000;-7.2300000000;-0.8125000000;-2.0625000000;-2.6250000000;28.0625000000;-25.5000000000;20.3750000000;0.3303830000;0.1311650000;-0.9207760000;0.1607060000
2895;-6.6700000000;1.7200000000;-6.7800000000;-3.6875000000;0.3750000000;0.2500000000;28.0625000000;-25.5000000000;20.3750000000;0.3299560000;0.1312870000;-0.9206540000;0.1621090000
2896;-6.3000000000;2.5600000000;-7.0500000000;1.4375000000;-4.4375000000;-3.4375000000;28.5000000000;-25.8750000000;21.5625000000;0.3311770000;0.1317140000;-0.9202270000;0.1616210000
2897;-6.4600000000;2.0200000000;-7.3000000000;-4.9375000000;-2.0000000000;1.4375000000;27.6875000000;-25.5000000000;20.7500000000;0.3322140000;0.1318360000;-0.9196780000;0.1627200000
2898;-6.5300000000;2.1100000000;-7.0600000000;2.4375000000;-1.3750000000;-1.8750000000;28.5000000000;-25.0625000000;21.0625000000;0.3322750000;0.1321410000;-0.9195560000;0.1631470000
2899;-6.3500000000;2.4500000000;-7.3800000000;-0.3750000000;-2.1875000000;0.7500000000;27.6875000000;-25.0625000000;19.5625000000;0.3332520000;0.1325070000;-0.9191890000;0.1627810000
2900;-6.6400000000;1.6700000000;-6.6900000000;-2.8750000000;3.9375000000;0.7500000000;27.6875000000;-25.0625000000;19.5625000000;0.3320920000;0.1324460000;-0.9193730000;0.1640010000
2901;-6.3700000000;2.4200000000;-6.9600000000;0.0000000000;-1.3125000000;1.3125000000;29.1875000000;-25.0625000000;21.0625000000;0.3321530000;0.1330570000;-0.9193730000;0.1636350000
2902;-6.6600000000;1.3900000000;-6.9000000000;-3.6875000000;-1.3750000000;1.6875000000;28.5000000000;-26.2500000000;20.3750000000;0.3320310000;0.1329350000;-0.9190670000;0.1655270000
2903;-6.1500000000;2.5300000000;-7.4800000000;3.1250000000;-4.8125000000;-2.6250000000;28.7500000000;-26.2500000000;20.0000000000;0.3334960000;0.1331180000;-0.9185790000;0.1649780000
2904;-6.8400000000;1.4100000000;-6.9300000000;-5.8750000000;2.8125000000;1.1250000000;29.1875000000;-25.5000000000;19.5625000000;0.3332520000;0.1332400000;-0.9185180000;0.1658940000
2905;-6.1800000000;2.9000000000;-7.2600000000;6.6875000000;-2.6875000000;-4.9375000000;29.1875000000;-25.5000000000;19.5625000000;0.3337400000;0.1339720000;-0.9184570000;0.1647340000
2906;-6.7600000000;1.7100000000;-6.6800000000;-6.8750000000;2.7500000000;2.8125000000;28.3750000000;-25.8750000000;21.5000000000;0.3336180000;0.1341550000;-0.9183350000;0.1654050000
2907;-6.3400000000;2.7800000000;-7.2300000000;4.6875000000;-3.3750000000;-2.7500000000;28.5000000000;-25.8750000000;21.0625000000;0.3336790000;0.1345210000;-0.9182130000;0.1657710000
2908;-6.6700000000;1.8600000000;-6.9900000000;-5.5000000000;0.9375000000;2.7500000000;28.7500000000;-25.5000000000;20.3750000000;0.3341670000;0.1340940000;-0.9180300000;0.1660770000
2909;-6.4400000000;2.1500000000;-6.9800000000;3.1875000000;-0.2500000000;-0.8750000000;28.7500000000;-25.5000000000;20.0000000000;0.3339230000;0.1339110000;-0.9181520000;0.1661990000
2910;-6.4500000000;2.3400000000;-7.0100000000;-2.9375000000;-1.5625000000;2.3750000000;28.7500000000;-25.5000000000;20.0000000000;0.3342290000;0.1338500000;-0.9180300000;0.1660770000
2911;-6.6800000000;1.5800000000;-6.9400000000;-1.2500000000;0.1250000000;-0.2500000000;28.0625000000;-25.5000000000;22.0000000000;0.3339840000;0.1334840000;-0.9178470000;0.1677860000
2912;-6.3000000000;2.6600000000;-6.8700000000;0.1250000000;-1.6250000000;-0.1875000000;28.3750000000;-25.8750000000;20.7500000000;0.3345340000;0.1336670000;-0.9178470000;0.1666870000
2913;-6.7000000000;1.4900000000;-7.1700000000;-2.6875000000;-0.4375000000;0.6875000000;28.0625000000;-25.8750000000;21.0625000000;0.3345950000;0.1334840000;-0.9175420000;0.1682130000
2914;-6.3700000000;2.4700000000;-7.0400000000;2.4375000000;0.1250000000;-2.0625000000;29.1875000000;-25.8750000000;20.7500000000;0.3348390000;0.1340940000;-0.9176030000;0.1671750000
2915;-6.7100000000;1.7200000000;-6.7900000000;-1.1875000000;-0.8125000000;1.0000000000;29.1875000000;-25.8750000000;20.7500000000;0.3347780000;0.1340330000;-0.9174800000;0.1677860000
2916;-6.3000000000;2.6700000000;-6.9800000000;0.3750000000;-3.9375000000;-2.6875000000;28.7500000000;-25.8750000000;20.0000000000;0.3358150000;0.1344600000;-0.9171750000;0.1672970000
2917;-6.6500000000;1.9200000000;-7.1600000000;-5.1250000000;-0.6875000000;3.1875000000;28.0625000000;-25.8750000000;21.5625000000;0.3363040000;0.1342770000;-0.9166870000;0.1688840000
2918;-6.5600000000;2.0600000000;-6.9600000000;3.2500000000;-2.1875000000;-3.5000000000;28.0625000000;-24.0000000000;20.0000000000;0.3364870000;0.1345210000;-0.9166260000;0.1688840000
2919;-6.3800000000;2.5300000000;-7.2800000000;0.7500000000;-1.9375000000;0.8750000000;28.7500000000;-26.2500000000;20.7500000000;0.3369750000;0.1343990000;-0.9165040000;0.1686400000
2920;-6.7200000000;1.5600000000;-6.6500000000;2.4375000000;1.6875000000;-1.5625000000;28.7500000000;-26.2500000000;20.7500000000;0.3358760000;0.1343380000;-0.9167480000;0.1694950000
2921;-6.3600000000;2.5900000000;-7.0300000000;-1.2500000000;-1.1875000000;-0.1250000000;28.7500000000;-24.3750000000;20.3750000000;0.3366700000;0.1343380000;-0.9166870000;0.1683350000
2922;-6.8500000000;1.5100000000;-6.6000000000;-1.8125000000;-1.5000000000;-0.1250000000;28.0625000000;-25.8750000000;20.3750000000;0.3364260000;0.1343990000;-0.9164430000;0.1698000000
2923;-6.3500000000;2.6500000000;-7.3500000000;1.1250000000;-2.1250000000;-1.5625000000;28.7500000000;-25.8750000000;20.3750000000;0.3374630000;0.1346440000;-0.9161380000;0.1692500000
2924;-6.7500000000;1.9900000000;-6.9300000000;-5.8750000000;1.8125000000;2.5000000000;28.7500000000;-25.8750000000;20.3750000000;0.3367310000;0.1348270000;-0.9160770000;0.1708370000
2925;-6.3300000000;2.7600000000;-7.0200000000;4.7500000000;-2.6250000000;-2.9375000000;29.1875000000;-25.8750000000;19.1875000000;0.3373410000;0.1348270000;-0.9160160000;0.1699830000
2926;-6.7700000000;1.8700000000;-6.9700000000;-7.1250000000;2.3125000000;2.6250000000;29.1875000000;-25.8750000000;21.0625000000;0.3366700000;0.1347050000;-0.9160160000;0.1715090000
2927;-6.4400000000;2.2600000000;-6.7100000000;5.4375000000;-1.1875000000;-3.1250000000;28.7500000000;-25.8750000000;19.1875000000;0.3370970000;0.1350100000;-0.9160160000;0.1704710000
2928;-6.6700000000;1.9900000000;-6.9800000000;-6.6250000000;0.0000000000;4.1875000000;29.5625000000;-25.5000000000;20.0000000000;0.3372190000;0.1346440000;-0.9158940000;0.1711430000
2929;-6.5000000000;1.9400000000;-6.7700000000;4.4375000000;-1.0000000000;-4.0000000000;29.5625000000;-25.5000000000;20.0000000000;0.3370970000;0.1350100000;-0.9157710000;0.1717530000
2930;-6.6400000000;2.2100000000;-6.7900000000;-5.6250000000;-0.3750000000;2.1875000000;28.3750000000;-26.5625000000;20.7500000000;0.3375240000;0.1353150000;-0.9155270000;0.1721190000
2931;-6.6400000000;1.8800000000;-7.1100000000;3.0000000000;-2.6875000000;-2.1250000000;29.5625000000;-26.2500000000;20.7500000000;0.3383180000;0.1355590000;-0.9152220000;0.1719970000
2932;-6.5100000000;2.4300000000;-6.7000000000;-1.8750000000;-0.1250000000;-2.1250000000;28.3750000000;-25.8750000000;20.3750000000;0.3385620000;0.1362920000;-0.9150390000;0.1718750000
2933;-6.6500000000;2.0200000000;-7.0800000000;-2.3125000000;-1.6875000000;1.6250000000;29.1875000000;-26.2500000000;20.3750000000;0.3389890000;0.1361690000;-0.9147340000;0.1726680000
2934;-6.6800000000;2.2100000000;-6.8600000000;0.8125000000;0.5625000000;-1.0000000000;29.1875000000;-26.2500000000;20.3750000000;0.3390500000;0.1362920000;-0.9146730000;0.1726680000
2935;-6.4500000000;2.4900000000;-7.3000000000;0.4375000000;0.0000000000;3.5625000000;28.7500000000;-25.8750000000;20.0000000000;0.3391110000;0.1356810000;-0.9147340000;0.1728520000
2936;-6.6900000000;1.7400000000;-6.6000000000;1.1250000000;3.8750000000;-0.3750000000;29.5625000000;-26.5625000000;20.0000000000;0.3379520000;0.1356200000;-0.9152220000;0.1725460000
2937;-6.3400000000;2.3700000000;-6.6700000000;2.0000000000;-0.6250000000;0.7500000000;29.1875000000;-26.2500000000;19.5625000000;0.3381960000;0.1353760000;-0.9153440000;0.1717530000
2938;-6.7300000000;1.7400000000;-6.6400000000;-4.1875000000;-0.7500000000;2.0625000000;28.0625000000;-26.5625000000;22.0000000000;0.3380130000;0.1350710000;-0.9152220000;0.1728520000
2939;-6.5900000000;2.1300000000;-6.7600000000;0.5000000000;-2.7500000000;-2.5625000000;28.0625000000;-26.5625000000;22.0000000000;0.3385620000;0.1354370000;-0.9148560000;0.1734620000
2940;-6.6700000000;2.3300000000;-7.2800000000;-4.1250000000;-4.3125000000;1.8750000000;28.5000000000;-25.8750000000;19.1875000000;0.3401490000;0.1353760000;-0.9141240000;0.1741940000
2941;-6.6500000000;1.9000000000;-7.2300000000;2.0625000000;0.6250000000;-1.8125000000;28.7500000000;-25.8750000000;20.3750000000;0.3401490000;0.1356200000;-0.9141240000;0.1741330000
2942;-6.5200000000;2.6500000000;-6.7400000000;-0.7500000000;1.8750000000;0.8125000000;29.5625000000;-25.8750000000;19.5625000000;0.3396610000;0.1356810000;-0.9143680000;0.1737060000
2943;-6.7900000000;1.6500000000;-6.7400000000;0.4375000000;0.5000000000;-0.0625000000;29.1875000000;-26.5625000000;20.3750000000;0.3396000000;0.1356200000;-0.9143070000;0.1740720000
2944;-6.4700000000;2.7900000000;-6.6600000000;0.2500000000;-0.5000000000;0.4375000000;29.1875000000;-26.5625000000;20.3750000000;0.3398440000;0.1358030000;-0.9143680000;0.1733400000
2945;-6.7000000000;1.7300000000;-7.0400000000;-1.0000000000;-4.0625000000;1.0625000000;29.1875000000;-26.5625000000;19.5625000000;0.3403320000;0.1354980000;-0.9139400000;0.1748660000
2946;-6.7100000000;2.3300000000;-6.9400000000;-3.6250000000;1.1250000000;0.5625000000;28.5000000000;-26.5625000000;19.5625000000;0.3406980000;0.1354370000;-0.9138180000;0.1747440000
2947;-6.5800000000;2.1700000000;-6.9700000000;4.0625000000;-1.8125000000;-0.6875000000;29.1875000000;-26.2500000000;19.1875000000;0.3406370000;0.1354370000;-0.9137570000;0.1752320000
2948;-6.6700000000;2.2600000000;-6.9600000000;-3.5000000000;1.7500000000;1.4375000000;29.1875000000;-26.5625000000;18.7500000000;0.3405760000;0.1353760000;-0.9138180000;0.1751710000
2949;-6.6400000000;2.1000000000;-6.9200000000;2.6875000000;0.0625000000;-1.3750000000;29.1875000000;-26.5625000000;18.7500000000;0.3403320000;0.1353150000;-0.9138790000;0.1752320000
2950;-6.4800000000;2.4700000000;-6.8100000000;-0.1875000000;0.3125000000;1.6250000000;29.5625000000;-26.5625000000;20.3750000000;0.3404540000;0.1351930000;-0.9140010000;0.1744380000
2951;-6.8900000000;1.7000000000;-6.6800000000;-0.4375000000;-1.0000000000;-0.3125000000;29.5625000000;-27.0000000000;19.5625000000;0.3401490000;0.1350710000;-0.9139400000;0.1754150000
2952;-6.2600000000;2.9100000000;-7.1800000000;3.3125000000;-3.2500000000;-1.5000000000;28.8750000000;-25.8750000000;19.1875000000;0.3414310000;0.1352540000;-0.9136960000;0.1741330000
2953;-6.9400000000;1.5300000000;-6.8400000000;-5.7500000000;3.4375000000;1.7500000000;29.5625000000;-25.8750000000;18.7500000000;0.3406370000;0.1350100000;-0.9137570000;0.1754760000
2954;-6.3500000000;2.9200000000;-6.7600000000;5.1875000000;-2.6250000000;-3.1250000000;29.5625000000;-25.8750000000;18.7500000000;0.3407590000;0.1354980000;-0.9138180000;0.1745610000
2955;-6.8400000000;1.8200000000;-6.9000000000;-7.4375000000;1.6250000000;2.3750000000;28.7500000000;-26.5625000000;19.1875000000;0.3406370000;0.1351320000;-0.9136960000;0.1757200000
2956;-6.3600000000;2.8400000000;-6.7200000000;4.1875000000;-0.5000000000;-3.1250000000;28.8750000000;-25.8750000000;20.7500000000;0.3401490000;0.1357420000;-0.9137570000;0.1757810000
2957;-6.9300000000;1.7500000000;-6.8800000000;-8.5625000000;-0.3750000000;4.6875000000;28.7500000000;-25.8750000000;20.0000000000;0.3402710000;0.1350710000;-0.9136960000;0.1765140000
2958;-6.4700000000;2.3700000000;-6.7600000000;4.0000000000;-0.5000000000;-4.0000000000;29.1875000000;-25.8750000000;18.7500000000;0.3401490000;0.1354980000;-0.9135130000;0.1773070000
2959;-6.7600000000;2.1300000000;-6.8600000000;-3.6250000000;0.2500000000;3.2500000000;29.1875000000;-25.8750000000;18.7500000000;0.3405760000;0.1351320000;-0.9135740000;0.1765140000
2960;-6.5200000000;2.1300000000;-6.8800000000;3.0625000000;-1.2500000000;-2.3750000000;28.8750000000;-25.5000000000;19.5625000000;0.3406370000;0.1351320000;-0.9133910000;0.1771850000
2961;-6.8500000000;2.0800000000;-6.8300000000;-3.3750000000;0.8125000000;2.6875000000;29.1875000000;-25.0625000000;18.7500000000;0.3408200000;0.1350100000;-0.9134520000;0.1768190000
2962;-6.5300000000;2.3300000000;-7.1100000000;4.5000000000;-1.0625000000;-1.2500000000;29.1875000000;-26.2500000000;19.5625000000;0.3408810000;0.1351320000;-0.9133300000;0.1769410000
2963;-6.5400000000;2.5800000000;-6.6600000000;-1.1875000000;1.8125000000;1.5000000000;29.5625000000;-26.2500000000;19.1875000000;0.3405760000;0.1350710000;-0.9135740000;0.1764530000
2964;-6.5300000000;2.2400000000;-6.7800000000;2.9375000000;-2.1250000000;-1.7500000000;29.5625000000;-26.2500000000;19.1875000000;0.3408810000;0.1350710000;-0.9135130000;0.1763310000
2965;-6.6400000000;2.3600000000;-6.8000000000;-3.4375000000;0.0625000000;3.3750000000;29.1875000000;-26.2500000000;19.5625000000;0.3411870000;0.1347050000;-0.9133910000;0.1764530000
2966;-6.8200000000;1.6700000000;-6.4600000000;1.6250000000;-2.6250000000;-2.0000000000;28.5000000000;-26.2500000000;18.7500000000;0.3411870000;0.1348270000;-0.9132080000;0.1774900000
2967;-6.5200000000;2.3300000000;-6.4300000000;-2.3125000000;-4.5000000000;-0.6875000000;28.7500000000;-25.8750000000;20.0000000000;0.3427730000;0.1350100000;-0.9126590000;0.1769410000
2968;-6.8000000000;1.7900000000;-6.1200000000;-6.9375000000;-8.6250000000;-2.8750000000;29.1875000000;-26.2500000000;19.5625000000;0.3447270000;0.1359250000;-0.9113770000;0.1790770000
2969;-6.8400000000;1.6500000000;-5.6100000000;-6.8750000000;-16.1875000000;-6.8750000000;29.1875000000;-26.2500000000;19.5625000000;0.3483890000;0.1379390000;-0.9091190000;0.1818240000
2970;-7.1100000000;1.2500000000;-4.8700000000;-12.6875000000;-24.8125000000;-12.1875000000;29.1875000000;-26.2500000000;20.7500000000;0.3555300000;0.1406250000;-0.9055180000;0.1842040000
2971;-7.2100000000;1.0600000000;-3.6400000000;-23.1250000000;-36.6875000000;-22.5625000000;29.5625000000;-27.0000000000;18.3750000000;0.3649900000;0.1466670000;-0.8995970000;0.1896970000
2972;-7.3200000000;1.8500000000;-3.3300000000;-21.1250000000;-54.8125000000;-24.1875000000;31.3750000000;-26.2500000000;17.5625000000;0.3808590000;0.1545410000;-0.8902590000;0.1963500000
2973;-8.5200000000;1.7400000000;-3.1500000000;-38.9375000000;-69.1250000000;-20.7500000000;31.3750000000;-25.5000000000;15.2500000000;0.4005130000;0.1618040000;-0.8775630000;0.2080690000
2974;-9.2200000000;0.4700000000;-2.7800000000;-46.3750000000;-98.6250000000;-45.5625000000;31.3750000000;-25.5000000000;15.2500000000;0.4251100000;0.1723020000;-0.8598630000;0.2239990000
2975;-9.2300000000;3.2300000000;-3.2500000000;-27.2500000000;-120.3125000000;-44.5625000000;32.8750000000;-25.0625000000;12.5000000000;0.4599000000;0.1829830000;-0.8371580000;0.2326660000
2976;-10.6700000000;1.6800000000;-3.8000000000;-50.9375000000;-117.2500000000;-33.6875000000;34.7500000000;-25.5000000000;8.5625000000;0.4935300000;0.1907960000;-0.8117680000;0.2471310000
2977;-10.7500000000;0.7300000000;-2.5500000000;-29.5625000000;-116.2500000000;-53.1250000000;36.6875000000;-23.6875000000;5.0000000000;0.5266720000;0.2003780000;-0.7854000000;0.2559810000
2978;-11.1100000000;3.5500000000;-2.9100000000;-11.4375000000;-142.5000000000;-58.9375000000;36.6875000000;-23.6875000000;5.0000000000;0.5662230000;0.2062380000;-0.7552490000;0.2577510000
2979;-11.3700000000;1.9500000000;-3.6000000000;-51.2500000000;-114.6875000000;-40.2500000000;37.2500000000;-23.5625000000;-0.0625000000;0.5964970000;0.2155150000;-0.7241820000;0.2706300000
2980;-10.3800000000;2.7500000000;-4.1000000000;-22.2500000000;-109.9375000000;-46.1875000000;38.3750000000;-22.5625000000;-5.1875000000;0.6248170000;0.2218630000;-0.6956790000;0.2763670000
2981;-9.8800000000;2.3500000000;-3.7000000000;-9.5625000000;-71.6875000000;-28.3125000000;38.0625000000;-19.3750000000;-8.3750000000;0.6450200000;0.2239380000;-0.6757200000;0.2778930000
2982;-10.2700000000;1.4100000000;-1.5300000000;-23.2500000000;-37.4375000000;-20.0625000000;37.2500000000;-17.7500000000;-12.2500000000;0.6522220000;0.2288820000;-0.6655880000;0.2814330000
2983;-10.1200000000;1.8100000000;-1.6100000000;-15.5000000000;-34.8750000000;-16.5000000000;37.2500000000;-17.7500000000;-12.2500000000;0.6616210000;0.2333370000;-0.6533200000;0.2844850000
2984;-9.6100000000;1.5100000000;-1.8600000000;-21.9375000000;-18.1875000000;-7.8125000000;36.6875000000;-19.5625000000;-14.2500000000;0.6677250000;0.2382810000;-0.6431880000;0.2892460000
2985;-9.8900000000;0.9500000000;-0.9500000000;-22.1875000000;0.5625000000;-1.7500000000;36.1875000000;-18.8750000000;-14.6875000000;0.6672360000;0.2420040000;-0.6411130000;0.2918700000
2986;-9.6000000000;1.3700000000;-0.6800000000;15.2500000000;4.6875000000;1.1250000000;36.1875000000;-16.2500000000;-16.2500000000;0.6669310000;0.2401730000;-0.6431270000;0.2896730000
2987;-9.7400000000;0.7000000000;-0.4800000000;1.5625000000;16.5625000000;9.1875000000;35.8750000000;-18.8750000000;-15.5625000000;0.6652830000;0.2367550000;-0.6472170000;0.2870480000
2988;-9.6700000000;0.3500000000;0.1600000000;-4.5625000000;24.6875000000;6.4375000000;35.8750000000;-18.8750000000;-15.5625000000;0.6594240000;0.2379760000;-0.6524660000;0.2877810000
2989;-9.8700000000;0.4000000000;0.6900000000;8.6875000000;16.7500000000;4.6250000000;36.1875000000;-18.3750000000;-14.3750000000;0.6547240000;0.2356570000;-0.6596680000;0.2839360000
2990;-9.7000000000;0.1500000000;0.2800000000;0.2500000000;7.8125000000;3.3125000000;36.5625000000;-17.2500000000;-13.5625000000;0.6532590000;0.2344360000;-0.6622310000;0.2824100000
2991;-9.6300000000;0.5300000000;0.4600000000;2.2500000000;6.5625000000;0.1250000000;37.2500000000;-17.2500000000;-14.3750000000;0.6517940000;0.2348020000;-0.6638180000;0.2816770000
2992;-9.7400000000;0.5100000000;0.0500000000;-4.8125000000;1.9375000000;2.1875000000;36.1875000000;-16.8750000000;-12.7500000000;0.6511230000;0.2348630000;-0.6644290000;0.2817990000
2993;-9.7700000000;0.1900000000;0.3600000000;-6.3750000000;3.7500000000;0.5000000000;36.1875000000;-16.8750000000;-12.7500000000;0.6496580000;0.2365110000;-0.6644900000;0.2836910000
2994;-9.9000000000;0.8900000000;0.1800000000;3.3750000000;-2.9375000000;-1.2500000000;36.8750000000;-17.6875000000;-12.3750000000;0.6507570000;0.2347410000;-0.6649170000;0.2816770000
2995;-9.5700000000;0.6500000000;-0.5300000000;-2.8125000000;-2.2500000000;1.0625000000;37.2500000000;-19.1875000000;-12.3750000000;0.6521000000;0.2326050000;-0.6647950000;0.2805180000
2996;-9.8800000000;0.5500000000;0.1400000000;1.1250000000;5.6875000000;1.6250000000;38.0625000000;-18.3750000000;-12.7500000000;0.6515500000;0.2312620000;-0.6663820000;0.2791140000
2997;-9.6300000000;0.6300000000;-0.0600000000;1.1875000000;0.3125000000;0.8125000000;37.6875000000;-18.3750000000;-12.7500000000;0.6518550000;0.2296140000;-0.6672360000;0.2776490000
2998;-9.6300000000;0.6300000000;0.0100000000;-0.5000000000;2.5625000000;1.4375000000;37.6875000000;-18.3750000000;-12.7500000000;0.6513060000;0.2296750000;-0.6677250000;0.2778320000
2999;-9.7500000000;0.4800000000;0.2600000000;-2.0625000000;0.3125000000;1.8125000000;36.5625000000;-17.2500000000;-14.3750000000;0.6506350000;0.2300420000;-0.6678470000;0.2787480000
3000;-9.7300000000;0.6200000000;0.3000000000;1.0000000000;-2.6250000000;0.6875000000;37.2500000000;-17.6875000000;-12.7500000000;0.6513060000;0.2294310000;-0.6674190000;0.2787480000
3001;-9.7400000000;0.4200000000;-0.0500000000;-2.3125000000;-4.7500000000;0.5000000000;37.2500000000;-19.5000000000;-13.5625000000;0.6525880000;0.2285160000;-0.6665040000;0.2786870000
3002;-9.6900000000;0.9200000000;-0.0500000000;2.8125000000;-3.9375000000;-1.6250000000;37.2500000000;-17.2500000000;-14.0000000000;0.6538090000;0.2281490000;-0.6656490000;0.2781980000
3003;-9.6600000000;0.6700000000;-0.4000000000;-4.0625000000;-3.8125000000;2.5625000000;37.2500000000;-17.2500000000;-14.0000000000;0.6545410000;0.2278440000;-0.6647340000;0.2789310000
3004;-9.8300000000;0.3700000000;-0.1400000000;-5.8125000000;1.9375000000;2.6250000000;36.5625000000;-19.5000000000;-13.1875000000;0.6544800000;0.2270510000;-0.6647950000;0.2795410000
3005;-9.8600000000;0.5700000000;-0.2900000000;3.9375000000;0.1875000000;-0.0625000000;37.2500000000;-19.5000000000;-13.5625000000;0.6548460000;0.2252200000;-0.6656490000;0.2780760000
3006;-9.6200000000;0.6300000000;-0.1100000000;3.5000000000;4.1250000000;-0.4375000000;36.5625000000;-16.8750000000;-13.5625000000;0.6539920000;0.2253420000;-0.6670530000;0.2766720000
3007;-9.6600000000;0.6600000000;0.1700000000;3.0625000000;2.1875000000;0.5625000000;37.2500000000;-18.7500000000;-12.7500000000;0.6539310000;0.2238160000;-0.6685180000;0.2744750000
3008;-9.7700000000;0.5700000000;0.2600000000;-0.0625000000;-0.1250000000;-1.3125000000;37.2500000000;-17.6875000000;-12.3750000000;0.6539310000;0.2239380000;-0.6688840000;0.2736210000
3009;-9.6500000000;0.6800000000;0.0500000000;1.8750000000;-3.1250000000;-1.8750000000;37.2500000000;-18.3750000000;-14.0000000000;0.6547240000;0.2241210000;-0.6681520000;0.2732540000
3010;-9.7600000000;0.6700000000;0.0300000000;-3.0625000000;-1.8125000000;0.6250000000;36.8750000000;-19.1875000000;-13.1875000000;0.6554570000;0.2233280000;-0.6678470000;0.2728270000
3011;-9.7700000000;0.3800000000;-0.0800000000;0.7500000000;-2.6875000000;0.0000000000;36.5625000000;-18.3750000000;-13.1875000000;0.6558230000;0.2233890000;-0.6672970000;0.2733760000
3012;-9.6600000000;0.8300000000;-0.0900000000;3.5625000000;-1.3125000000;-1.1875000000;36.5625000000;-18.3750000000;-13.1875000000;0.6567990000;0.2224730000;-0.6671750000;0.2720950000
3013;-9.6600000000;0.5900000000;0.0000000000;-2.3750000000;-0.1875000000;1.1875000000;36.8750000000;-19.1875000000;-13.5625000000;0.6567990000;0.2224120000;-0.6671750000;0.2722170000
3014;-9.8200000000;0.6300000000;0.0900000000;0.8125000000;-1.2500000000;1.0625000000;36.5625000000;-18.0000000000;-14.7500000000;0.6566160000;0.2225950000;-0.6669310000;0.2728880000
3015;-9.7100000000;0.4000000000;-0.0600000000;-2.0000000000;-1.4375000000;-0.3750000000;36.5625000000;-16.8750000000;-13.1875000000;0.6567990000;0.2229000000;-0.6665040000;0.2733150000
3016;-9.6700000000;0.6800000000;0.2200000000;1.6250000000;-0.6875000000;-1.8125000000;37.6875000000;-19.1875000000;-12.0000000000;0.6578980000;0.2211910000;-0.6670530000;0.2707520000
3017;-9.7000000000;0.6700000000;-0.0800000000;0.3750000000;-3.7500000000;0.4375000000;37.6875000000;-19.1875000000;-12.0000000000;0.6587520000;0.2207640000;-0.6664430000;0.2705080000
3018;-9.7400000000;0.5700000000;0.0100000000;-1.8750000000;0.2500000000;0.0625000000;37.2500000000;-17.6875000000;-13.1875000000;0.6587520000;0.2210080000;-0.6661990000;0.2708740000
3019;-9.6800000000;0.7400000000;0.0500000000;-0.3125000000;-0.4375000000;0.2500000000;36.5625000000;-17.6875000000;-12.7500000000;0.6588130000;0.2208860000;-0.6662600000;0.2706910000
3020;-9.7300000000;0.3900000000;0.0500000000;-1.0000000000;-0.3750000000;0.8750000000;36.5625000000;-19.1875000000;-14.3750000000;0.6585690000;0.2210690000;-0.6661990000;0.2712400000
3021;-9.6500000000;0.6200000000;0.0900000000;3.2500000000;-1.2500000000;-1.0625000000;37.6875000000;-19.1875000000;-14.0000000000;0.6591800000;0.2203370000;-0.6662600000;0.2703250000
3022;-9.9000000000;0.6500000000;0.1100000000;-4.3750000000;-0.7500000000;1.4375000000;37.6875000000;-19.1875000000;-14.0000000000;0.6591800000;0.2205810000;-0.6659550000;0.2708740000
3023;-9.7300000000;0.5000000000;0.2000000000;4.6250000000;-0.6250000000;-2.3750000000;37.0000000000;-19.1875000000;-13.5625000000;0.6595460000;0.2203370000;-0.6659550000;0.2700810000
3024;-9.6100000000;0.7400000000;0.0900000000;-2.4375000000;-2.0000000000;-0.2500000000;37.2500000000;-19.1875000000;-13.1875000000;0.6606450000;0.2190550000;-0.6659550000;0.2684940000
3025;-9.7600000000;0.5400000000;0.2100000000;-2.6250000000;-1.3750000000;0.1875000000;36.8750000000;-18.0000000000;-12.3750000000;0.6610720000;0.2189330000;-0.6655270000;0.2685550000
3026;-9.7800000000;0.5900000000;0.0200000000;0.3125000000;-4.4375000000;-1.0625000000;37.2500000000;-19.1875000000;-13.5625000000;0.6621090000;0.2183840000;-0.6647950000;0.2681880000
3027;-9.6300000000;0.7100000000;0.0400000000;-1.0625000000;-0.8125000000;-1.0625000000;37.2500000000;-19.1875000000;-13.5625000000;0.6624150000;0.2186280000;-0.6644900000;0.2680050000
3028;-9.8700000000;0.6800000000;-0.0900000000;-2.7500000000;-2.3750000000;0.9375000000;37.2500000000;-19.5000000000;-14.0000000000;0.6623540000;0.2187500000;-0.6644900000;0.2682500000
3029;-9.6800000000;0.9900000000;-0.7300000000;5.5625000000;1.5000000000;0.6250000000;36.1875000000;-17.6875000000;-14.0000000000;0.6626590000;0.2179570000;-0.6646120000;0.2677000000
3030;-9.8300000000;1.3700000000;-2.2400000000;-1.3125000000;4.7500000000;0.8750000000;36.1875000000;-19.1875000000;-13.5625000000;0.6618040000;0.2175900000;-0.6659550000;0.2668460000
3031;-9.9900000000;1.5900000000;-3.5700000000;-2.4375000000;30.2500000000;3.9375000000;36.8750000000;-18.0000000000;-13.1875000000;0.6553960000;0.2202150000;-0.6715700000;0.2663570000
3032;-10.3400000000;2.2500000000;-3.3500000000;15.2500000000;57.0000000000;13.6250000000;36.8750000000;-18.0000000000;-13.1875000000;0.6431270000;0.2191770000;-0.6854250000;0.2617800000
3033;-10.0600000000;3.2800000000;-6.7000000000;7.9375000000;66.3750000000;24.4375000000;37.2500000000;-17.2500000000;-12.0000000000;0.6266480000;0.2177120000;-0.7018430000;0.2594600000
3034;-11.4800000000;2.7400000000;-6.5100000000;37.0625000000;120.1875000000;47.8750000000;37.6875000000;-19.5000000000;-10.5000000000;0.5984500000;0.2101440000;-0.7308350000;0.2521970000
3035;-12.2600000000;2.9700000000;-5.7000000000;40.9375000000;158.1875000000;51.8125000000;38.0625000000;-20.1875000000;-6.8750000000;0.5684810000;0.2037350000;-0.7587280000;0.2442020000
3036;-11.8000000000;3.2500000000;-6.0800000000;62.5000000000;180.4375000000;62.8750000000;38.0625000000;-20.1875000000;-6.8750000000;0.5224610000;0.1918950000;-0.7985840000;0.2290040000
3037;-12.1800000000;2.4400000000;-3.7500000000;68.5000000000;217.2500000000;67.9375000000;38.3750000000;-21.0000000000;-1.0625000000;0.4488530000;0.1730960000;-0.8527220000;0.2036130000
3038;-10.7900000000;1.7200000000;-1.5000000000;58.1875000000;202.7500000000;56.9375000000;37.2500000000;-23.1875000000;6.7500000000;0.3874510000;0.1605830000;-0.8892820000;0.1824950000
3039;-8.9700000000;1.4000000000;-0.6700000000;83.6250000000;158.7500000000;52.5000000000;33.5625000000;-22.0000000000;15.7500000000;0.3386840000;0.1446530000;-0.9165040000;0.1561280000
3040;-7.2800000000;1.9300000000;-1.3300000000;61.9375000000;106.9375000000;34.8125000000;30.3750000000;-23.5000000000;21.0000000000;0.3117070000;0.1339720000;-0.9304200000;0.1386110000
3041;-6.5700000000;0.5700000000;-2.6600000000;26.6875000000;61.0000000000;33.8125000000;30.3750000000;-23.5000000000;21.0000000000;0.2871700000;0.1228030000;-0.9415280000;0.1262210000
3042;-5.7000000000;0.3400000000;-5.0500000000;23.7500000000;15.5625000000;21.8750000000;28.1875000000;-23.1875000000;23.6875000000;0.2763670000;0.1115110000;-0.9470830000;0.1192020000
3043;-5.6900000000;0.1600000000;-6.4000000000;14.2500000000;1.0625000000;15.8750000000;25.5000000000;-22.7500000000;25.5625000000;0.2758180000;0.1049800000;-0.9484250000;0.1156620000
3044;-5.4800000000;0.4000000000;-7.5200000000;-12.3125000000;-7.4375000000;-0.4375000000;24.6875000000;-23.3750000000;26.3750000000;0.2774660000;0.1051030000;-0.9475100000;0.1190190000
3045;-5.7300000000;1.6000000000;-8.9900000000;-13.7500000000;-2.8125000000;-3.1250000000;24.7500000000;-24.1875000000;25.5625000000;0.2780760000;0.1060180000;-0.9470210000;0.1206670000
3046;-5.3700000000;1.5300000000;-8.0600000000;-2.1875000000;6.0000000000;-7.1875000000;24.7500000000;-24.1875000000;25.5625000000;0.2774660000;0.1090700000;-0.9464110000;0.1242680000
3047;-5.5100000000;2.6100000000;-7.5500000000;1.8750000000;6.5000000000;0.2500000000;24.5625000000;-23.7500000000;25.6875000000;0.2747800000;0.1095580000;-0.9475710000;0.1210940000
3048;-5.5300000000;1.5800000000;-6.7300000000;-1.6875000000;4.3125000000;0.3750000000;25.0000000000;-23.2500000000;26.5000000000;0.2733760000;0.1100460000;-0.9477540000;0.1220090000
3049;-5.4600000000;2.3200000000;-7.9300000000;-6.8750000000;-9.3125000000;2.8125000000;25.7500000000;-23.2500000000;25.6875000000;0.2754520000;0.1097410000;-0.9469600000;0.1237180000
3050;-5.8300000000;1.2800000000;-7.4300000000;-5.1875000000;-2.5625000000;2.6875000000;24.6875000000;-23.6875000000;25.5625000000;0.2761230000;0.1093750000;-0.9465330000;0.1259160000
3051;-5.2500000000;2.1600000000;-8.0900000000;-13.3125000000;-6.6250000000;0.5000000000;24.6875000000;-23.6875000000;25.5625000000;0.2778320000;0.1100460000;-0.9454960000;0.1291500000
3052;-5.7200000000;1.7200000000;-7.5500000000;-8.1250000000;-2.4375000000;2.4375000000;24.6875000000;-24.0625000000;25.2500000000;0.2783810000;0.1118770000;-0.9443970000;0.1345210000
3053;-5.5500000000;1.6000000000;-8.0200000000;-6.8750000000;-7.3750000000;-2.3750000000;25.3750000000;-24.0625000000;25.6875000000;0.2800900000;0.1142580000;-0.9431760000;0.1374510000
3054;-5.5600000000;1.7600000000;-7.8100000000;-6.2500000000;-3.0000000000;-0.4375000000;25.0000000000;-24.5000000000;25.6875000000;0.2809450000;0.1151120000;-0.9426270000;0.1388550000
3055;-5.7200000000;2.0200000000;-7.6000000000;-5.5000000000;-4.0000000000;0.5625000000;25.7500000000;-24.7500000000;24.7500000000;0.2813720000;0.1178590000;-0.9417720000;0.1414790000
3056;-5.8200000000;1.4200000000;-7.5300000000;-2.0625000000;-5.8125000000;-3.5000000000;25.7500000000;-24.7500000000;24.7500000000;0.2828370000;0.1182250000;-0.9411010000;0.1426390000
3057;-5.4200000000;2.5000000000;-7.9300000000;-5.8125000000;-6.5625000000;-0.1250000000;24.5625000000;-24.0625000000;24.3750000000;0.2852170000;0.1198730000;-0.9400020000;0.1436770000
3058;-6.0200000000;1.7300000000;-7.8100000000;-4.6250000000;-4.5625000000;0.1250000000;24.5625000000;-23.2500000000;24.3750000000;0.2859500000;0.1204830000;-0.9392700000;0.1464230000
3059;-5.4900000000;2.4100000000;-8.1100000000;-1.6875000000;-6.2500000000;-5.3750000000;26.0625000000;-25.1875000000;24.0000000000;0.2877810000;0.1229860000;-0.9382320000;0.1475830000
3060;-5.7600000000;2.2300000000;-7.6700000000;-6.3125000000;0.3125000000;2.5000000000;25.7500000000;-24.7500000000;23.6875000000;0.2882080000;0.1243290000;-0.9376830000;0.1488650000
3061;-5.8900000000;1.6500000000;-7.1100000000;-1.3750000000;-1.8125000000;-1.8125000000;25.7500000000;-24.7500000000;23.6875000000;0.2880860000;0.1246950000;-0.9374390000;0.1505740000
3062;-5.5700000000;2.7200000000;-7.7800000000;-2.8750000000;-8.6875000000;-0.9375000000;26.0625000000;-24.5000000000;24.5000000000;0.2902830000;0.1259770000;-0.9365230000;0.1510620000
3063;-6.0200000000;1.6700000000;-7.6700000000;-9.6875000000;0.3125000000;1.0625000000;26.0625000000;-25.1875000000;23.1875000000;0.2908940000;0.1273800000;-0.9355470000;0.1544800000
3064;-5.5600000000;2.7100000000;-7.9100000000;4.0625000000;-9.1250000000;-3.5625000000;26.8750000000;-25.5625000000;23.6875000000;0.2923580000;0.1293330000;-0.9347530000;0.1551510000
3065;-5.9400000000;1.7100000000;-7.8600000000;-7.7500000000;1.3125000000;5.3125000000;26.0625000000;-24.5000000000;22.8750000000;0.2930910000;0.1296390000;-0.9341430000;0.1570430000
3066;-5.8100000000;2.1800000000;-7.4000000000;3.6875000000;-0.5625000000;-3.2500000000;26.0625000000;-24.5000000000;22.8750000000;0.2922970000;0.1298830000;-0.9342650000;0.1574710000
3067;-5.7600000000;2.4000000000;-7.4900000000;-2.3125000000;-0.3125000000;2.0000000000;25.7500000000;-25.1875000000;22.5625000000;0.2929080000;0.1302490000;-0.9341430000;0.1569820000
3068;-5.9600000000;1.6500000000;-7.2600000000;-2.5625000000;-1.8750000000;-1.5000000000;25.7500000000;-25.5625000000;22.8750000000;0.2925420000;0.1302490000;-0.9339600000;0.1586910000
3069;-5.7500000000;2.6200000000;-7.4700000000;-0.5625000000;-4.3750000000;0.5000000000;26.0625000000;-25.1875000000;22.0625000000;0.2939450000;0.1315920000;-0.9334110000;0.1582640000
3070;-6.0300000000;1.5900000000;-7.5000000000;-3.7500000000;-2.6250000000;-1.6250000000;26.0625000000;-24.7500000000;22.5625000000;0.2945560000;0.1326900000;-0.9326170000;0.1607060000
3071;-5.8300000000;2.5600000000;-7.4300000000;0.6875000000;-2.8750000000;-2.8125000000;26.0625000000;-24.7500000000;22.5625000000;0.2957150000;0.1334230000;-0.9323120000;0.1597900000
3072;-6.0300000000;1.7100000000;-7.3300000000;-3.1250000000;-2.5000000000;-0.8750000000;26.8750000000;-25.5625000000;22.0625000000;0.2960210000;0.1354370000;-0.9316410000;0.1613160000
3073;-5.8200000000;2.4500000000;-7.3700000000;-1.8750000000;-3.9375000000;-2.6875000000;26.5000000000;-25.1875000000;23.2500000000;0.2971190000;0.1364750000;-0.9311520000;0.1614380000
3074;-6.0300000000;2.0500000000;-7.7000000000;-3.3125000000;-4.9375000000;-1.4375000000;26.0625000000;-24.7500000000;22.8750000000;0.2985230000;0.1371460000;-0.9303590000;0.1628420000
3075;-5.9700000000;2.3200000000;-7.6600000000;0.6250000000;-1.6875000000;-2.1875000000;26.5000000000;-24.5000000000;22.8750000000;0.2995000000;0.1380000000;-0.9298710000;0.1629640000
3076;-5.9800000000;2.0800000000;-7.3500000000;1.6250000000;-1.5000000000;-2.2500000000;26.5000000000;-24.5000000000;22.8750000000;0.3000490000;0.1383060000;-0.9297490000;0.1624150000
3077;-5.8500000000;2.6500000000;-7.3900000000;0.7500000000;-2.2500000000;-0.8750000000;26.0625000000;-25.1875000000;21.7500000000;0.3007810000;0.1389770000;-0.9295040000;0.1619870000
3078;-6.2200000000;1.8200000000;-7.2400000000;-4.6250000000;1.7500000000;1.6875000000;26.8750000000;-25.5625000000;22.8750000000;0.3004150000;0.1387330000;-0.9294430000;0.1632080000
3079;-5.9400000000;2.2300000000;-7.1700000000;4.1250000000;-4.3750000000;-2.6875000000;27.2500000000;-25.1875000000;20.8750000000;0.3006590000;0.1409300000;-0.9289550000;0.1634520000
3080;-6.0400000000;2.2500000000;-7.5600000000;-6.0625000000;-1.1875000000;3.0000000000;26.8750000000;-25.5625000000;21.7500000000;0.3015750000;0.1409300000;-0.9285280000;0.1644290000
3081;-6.1900000000;1.7000000000;-7.3000000000;2.4375000000;-1.1250000000;-2.3750000000;26.8750000000;-25.5625000000;21.7500000000;0.3015140000;0.1412350000;-0.9283450000;0.1652830000
3082;-5.7900000000;2.4900000000;-7.4100000000;-0.1875000000;-4.9375000000;-0.8125000000;26.8750000000;-24.7500000000;22.0625000000;0.3029790000;0.1418460000;-0.9278560000;0.1647340000
3083;-6.2000000000;1.7400000000;-7.6200000000;-4.3125000000;0.5625000000;-1.2500000000;27.2500000000;-24.7500000000;22.0625000000;0.3031010000;0.1428830000;-0.9273680000;0.1662600000
3084;-5.9400000000;2.6500000000;-7.2800000000;3.6875000000;-2.2500000000;-3.5625000000;28.3750000000;-25.5625000000;22.8750000000;0.3037110000;0.1442870000;-0.9270630000;0.1657710000
3085;-6.2400000000;2.0000000000;-7.5800000000;-3.5000000000;-2.6250000000;0.9375000000;27.2500000000;-25.5625000000;22.8750000000;0.3045040000;0.1441650000;-0.9266970000;0.1665040000
3086;-6.0400000000;2.3000000000;-7.1900000000;1.5625000000;0.4375000000;-3.1250000000;27.2500000000;-25.5625000000;22.8750000000;0.3047490000;0.1445920000;-0.9267580000;0.1653440000
3087;-5.9900000000;2.5000000000;-7.3500000000;-2.7500000000;-1.5625000000;3.3750000000;27.5625000000;-25.1875000000;20.8750000000;0.3048100000;0.1459960000;-0.9262700000;0.1666870000
3088;-6.1400000000;1.7600000000;-7.2300000000;0.3125000000;-0.2500000000;0.1250000000;27.5625000000;-25.5625000000;22.5625000000;0.3049320000;0.1458130000;-0.9262080000;0.1669920000
3089;-5.9600000000;2.5900000000;-7.3500000000;0.3750000000;-2.6875000000;0.4375000000;27.5625000000;-25.5625000000;21.7500000000;0.3056030000;0.1460570000;-0.9259640000;0.1670530000
3090;-6.3900000000;1.3700000000;-7.4400000000;-2.4375000000;-2.1875000000;0.6250000000;27.5625000000;-25.5625000000;21.7500000000;0.3062130000;0.1458130000;-0.9255980000;0.1680910000
3091;-5.7700000000;2.6500000000;-7.2400000000;2.8750000000;-1.4375000000;-4.3125000000;27.2500000000;-25.1875000000;22.0625000000;0.3070070000;0.1467900000;-0.9253540000;0.1670530000
3092;-6.3200000000;1.8600000000;-7.3600000000;-6.1250000000;-0.3125000000;2.8750000000;27.5625000000;-25.1875000000;22.8750000000;0.3068240000;0.1467290000;-0.9251100000;0.1687010000
3093;-6.2700000000;1.9900000000;-7.1800000000;3.0000000000;-2.0000000000;-3.9375000000;27.5625000000;-25.5625000000;21.3750000000;0.3074950000;0.1476440000;-0.9248660000;0.1682740000
3094;-5.7800000000;2.7200000000;-7.4800000000;-0.6250000000;-2.9375000000;-0.6875000000;27.5625000000;-25.1875000000;21.7500000000;0.3084720000;0.1480710000;-0.9245610000;0.1677860000
3095;-6.3400000000;1.7800000000;-7.3600000000;-4.3750000000;0.5000000000;1.3125000000;27.5625000000;-25.1875000000;21.7500000000;0.3082280000;0.1480710000;-0.9243160000;0.1694950000
3096;-6.1000000000;2.7200000000;-7.1900000000;2.6875000000;-2.4375000000;-1.7500000000;27.2500000000;-24.7500000000;21.3750000000;0.3088990000;0.1486210000;-0.9240720000;0.1691280000
3097;-6.1900000000;2.0400000000;-7.3600000000;-3.2500000000;-0.8750000000;1.3750000000;28.0000000000;-24.7500000000;21.3750000000;0.3089600000;0.1492920000;-0.9237060000;0.1703490000
3098;-6.2000000000;2.1900000000;-7.3900000000;0.2500000000;-1.0000000000;1.1875000000;28.3750000000;-25.5625000000;21.3750000000;0.3090210000;0.1497800000;-0.9235230000;0.1707150000
3099;-6.1100000000;2.0700000000;-7.2500000000;0.8750000000;-0.4375000000;1.1875000000;27.5625000000;-26.2500000000;20.1875000000;0.3090820000;0.1497190000;-0.9235230000;0.1708370000
3100;-6.2300000000;2.0200000000;-7.2200000000;-2.3125000000;-0.2500000000;0.7500000000;27.5625000000;-26.2500000000;20.1875000000;0.3090210000;0.1497800000;-0.9234620000;0.1711430000
3101;-6.1900000000;2.0000000000;-7.4200000000;-2.0625000000;-0.6875000000;-1.0000000000;28.3750000000;-25.1875000000;20.5625000000;0.3090210000;0.1518550000;-0.9229130000;0.1723020000
3102;-6.1900000000;2.3100000000;-7.0900000000;-0.3125000000;0.8125000000;0.5625000000;27.2500000000;-24.7500000000;20.5625000000;0.3088380000;0.1524050000;-0.9228520000;0.1724240000
3103;-6.2300000000;1.9700000000;-7.2900000000;0.5000000000;-1.3750000000;-1.0000000000;26.8750000000;-25.1875000000;20.8750000000;0.3092650000;0.1526490000;-0.9226680000;0.1724850000
3104;-6.0400000000;2.6900000000;-7.2400000000;0.2500000000;-0.6250000000;-0.4375000000;28.3750000000;-26.0000000000;20.1875000000;0.3093260000;0.1539310000;-0.9223630000;0.1726070000
3105;-6.3700000000;1.7300000000;-7.3500000000;-2.8750000000;0.3125000000;1.4375000000;28.3750000000;-26.0000000000;20.1875000000;0.3091430000;0.1536870000;-0.9223020000;0.1737060000
3106;-6.0000000000;2.7400000000;-7.1200000000;3.3125000000;-0.7500000000;-1.8750000000;28.6875000000;-25.5625000000;21.0000000000;0.3093870000;0.1547240000;-0.9221800000;0.1729740000
3107;-6.2800000000;1.9200000000;-7.2100000000;-5.6250000000;0.3750000000;2.3125000000;27.5625000000;-24.7500000000;20.8750000000;0.3090820000;0.1546630000;-0.9219970000;0.1746220000
3108;-6.1600000000;2.1300000000;-7.1200000000;3.1875000000;-3.1250000000;-2.8750000000;28.3750000000;-25.5625000000;22.8750000000;0.3100590000;0.1549070000;-0.9217530000;0.1740110000
3109;-6.2500000000;2.0000000000;-7.4200000000;-7.1250000000;0.1875000000;3.5625000000;27.2500000000;-25.1875000000;19.7500000000;0.3102420000;0.1551510000;-0.9213870000;0.1751710000
3110;-6.2800000000;1.8900000000;-7.0900000000;4.2500000000;-0.3125000000;-2.1250000000;27.2500000000;-25.1875000000;19.7500000000;0.3093870000;0.1553340000;-0.9214480000;0.1761470000
3111;-5.9100000000;2.7600000000;-7.2400000000;-1.3750000000;-2.3125000000;-1.5000000000;27.5625000000;-25.5625000000;21.3750000000;0.3106690000;0.1557010000;-0.9212650000;0.1746830000
3112;-6.5600000000;1.6600000000;-7.0000000000;-5.0000000000;0.4375000000;0.8125000000;27.2500000000;-25.1875000000;22.1875000000;0.3104250000;0.1552730000;-0.9210820000;0.1765140000
3113;-5.9500000000;2.8800000000;-7.2200000000;3.0625000000;-4.8125000000;-3.5625000000;26.8750000000;-24.7500000000;21.0000000000;0.3115840000;0.1558230000;-0.9207150000;0.1757810000
3114;-6.4200000000;2.0300000000;-7.4100000000;-7.8125000000;-1.6875000000;3.0000000000;27.2500000000;-26.0000000000;21.7500000000;0.3123780000;0.1558230000;-0.9201050000;0.1774900000
3115;-6.2300000000;2.4900000000;-7.3900000000;3.1250000000;-1.1875000000;-1.4375000000;27.2500000000;-26.0000000000;21.7500000000;0.3126220000;0.1558840000;-0.9199220000;0.1781620000
3116;-6.3200000000;2.0500000000;-7.2400000000;-3.6250000000;-0.1875000000;2.0625000000;27.5625000000;-25.1875000000;20.1875000000;0.3126830000;0.1557010000;-0.9198610000;0.1784060000
3117;-6.1700000000;2.3000000000;-7.3300000000;3.7500000000;0.2500000000;-1.5000000000;28.6875000000;-25.5625000000;20.8750000000;0.3128050000;0.1555790000;-0.9199220000;0.1781620000
3118;-6.3000000000;2.2900000000;-7.0000000000;0.1250000000;1.8125000000;1.0000000000;28.0000000000;-25.1875000000;20.1875000000;0.3124390000;0.1554570000;-0.9201660000;0.1776120000
3119;-6.1600000000;2.4800000000;-7.1900000000;-0.3125000000;-1.7500000000;-2.3125000000;28.0000000000;-23.6875000000;20.5625000000;0.3124390000;0.1557620000;-0.9200440000;0.1779170000
3120;-6.3800000000;2.1100000000;-7.0600000000;-2.6250000000;-0.4375000000;0.8750000000;28.0000000000;-23.6875000000;20.5625000000;0.3128050000;0.1557010000;-0.9199220000;0.1778560000
3121;-6.0700000000;2.4700000000;-7.2200000000;0.6250000000;-1.8125000000;-1.3750000000;28.6875000000;-25.1875000000;20.5625000000;0.3132930000;0.1558840000;-0.9196170000;0.1784060000
3122;-6.3600000000;2.3300000000;-7.2900000000;-4.0000000000;-1.5000000000;2.0000000000;28.0000000000;-26.0000000000;21.0000000000;0.3136600000;0.1558230000;-0.9193730000;0.1789550000
3123;-6.2400000000;2.1900000000;-7.2600000000;0.5625000000;-0.7500000000;0.5625000000;28.6875000000;-26.2500000000;20.8750000000;0.3139040000;0.1554570000;-0.9191890000;0.1799320000
3124;-6.3000000000;2.4900000000;-7.1600000000;-0.8750000000;-0.1875000000;0.3750000000;29.0625000000;-25.5625000000;21.7500000000;0.3139650000;0.1553340000;-0.9192500000;0.1796870000
3125;-6.2700000000;2.1000000000;-7.3900000000;-0.6250000000;-0.2500000000;1.0625000000;29.0625000000;-25.5625000000;21.7500000000;0.3140870000;0.1549680000;-0.9191890000;0.1802980000
3126;-6.2500000000;2.3500000000;-6.8600000000;0.0000000000;2.5000000000;0.2500000000;27.5625000000;-25.5625000000;19.7500000000;0.3135990000;0.1549680000;-0.9193730000;0.1799930000
3127;-6.3200000000;2.1000000000;-6.9900000000;0.7500000000;-2.1875000000;0.5625000000;27.5625000000;-26.0000000000;20.8750000000;0.3136600000;0.1549070000;-0.9193120000;0.1804200000
3128;-6.1900000000;2.3700000000;-7.2800000000;-0.8125000000;-1.6875000000;-0.9375000000;28.0000000000;-25.5625000000;20.5625000000;0.3145750000;0.1547240000;-0.9190670000;0.1801760000
3129;-6.3000000000;2.1900000000;-7.3200000000;-0.6250000000;-0.5625000000;0.7500000000;28.3750000000;-26.0000000000;20.5625000000;0.3147580000;0.1547240000;-0.9189450000;0.1803590000
3130;-6.2000000000;2.5500000000;-7.2300000000;2.2500000000;-0.5625000000;-1.3125000000;28.3750000000;-26.0000000000;20.5625000000;0.3148190000;0.1549070000;-0.9189450000;0.1802370000
3131;-6.2500000000;2.6000000000;-7.1900000000;-1.3750000000;0.7500000000;0.8750000000;28.0000000000;-26.0000000000;19.3750000000;0.3148800000;0.1547240000;-0.9189450000;0.1800540000
3132;-6.3200000000;2.1000000000;-6.9300000000;0.1875000000;-0.3750000000;0.3750000000;28.0000000000;-26.0000000000;21.3750000000;0.3146970000;0.1546020000;-0.9189450000;0.1806030000
3133;-6.1800000000;2.6100000000;-7.1100000000;-2.0000000000;-2.7500000000;2.3125000000;28.6875000000;-26.0000000000;21.0000000000;0.3151860000;0.1544800000;-0.9187620000;0.1809080000
3134;-6.4100000000;1.8600000000;-7.3000000000;-0.7500000000;-2.0625000000;0.5625000000;27.5625000000;-26.2500000000;20.5625000000;0.3156740000;0.1541140000;-0.9183350000;0.1821900000
3135;-6.1100000000;2.6500000000;-7.1800000000;1.5625000000;-1.5000000000;-1.3750000000;27.5625000000;-26.2500000000;20.5625000000;0.3163450000;0.1542970000;-0.9182740000;0.1813960000
3136;-6.4700000000;2.0800000000;-7.1300000000;-3.9375000000;-0.0625000000;1.5625000000;28.0000000000;-25.5625000000;20.8750000000;0.3162230000;0.1542360000;-0.9180910000;0.1825560000
3137;-6.3000000000;2.2800000000;-7.2500000000;5.2500000000;-0.4375000000;-3.0625000000;28.3750000000;-25.5625000000;19.7500000000;0.3165280000;0.1544800000;-0.9180910000;0.1817020000
3138;-6.0900000000;2.6100000000;-7.1100000000;0.4375000000;1.8750000000;0.8125000000;27.5625000000;-26.0000000000;20.1875000000;0.3162230000;0.1544800000;-0.9183350000;0.1811520000
3139;-6.5400000000;1.7600000000;-6.7200000000;-2.8125000000;0.8750000000;-0.7500000000;28.0000000000;-26.2500000000;20.5625000000;0.3156130000;0.1548460000;-0.9183350000;0.1820070000
3140;-5.9100000000;3.1000000000;-7.2400000000;-1.7500000000;-3.1875000000;1.8125000000;28.0000000000;-26.2500000000;20.5625000000;0.3170780000;0.1548460000;-0.9179690000;0.1811520000
3141;-6.6300000000;1.7300000000;-7.2400000000;-2.1875000000;-0.1250000000;-0.0625000000;28.0000000000;-26.0000000000;21.3750000000;0.3167110000;0.1547240000;-0.9177250000;0.1831670000
3142;-6.0700000000;3.1000000000;-7.3600000000;5.1250000000;-2.8750000000;-2.8750000000;28.3750000000;-26.2500000000;20.5625000000;0.3176270000;0.1548460000;-0.9176640000;0.1818240000
3143;-6.4300000000;1.8800000000;-7.3900000000;-3.8750000000;0.8750000000;4.0000000000;28.3750000000;-26.0000000000;19.7500000000;0.3173220000;0.1541140000;-0.9176640000;0.1828610000
3144;-6.2700000000;2.5600000000;-6.8700000000;4.8750000000;2.6250000000;-2.0625000000;28.3750000000;-26.0000000000;19.7500000000;0.3166500000;0.1542360000;-0.9180910000;0.1816410000
3145;-6.3000000000;2.0500000000;-6.8700000000;-0.3125000000;-0.0625000000;1.9375000000;28.6875000000;-26.2500000000;21.0000000000;0.3166500000;0.1537480000;-0.9182740000;0.1813960000
3146;-6.2800000000;2.2900000000;-7.0800000000;0.9375000000;-0.7500000000;-2.0000000000;28.0000000000;-24.5000000000;21.0000000000;0.3169560000;0.1540530000;-0.9181520000;0.1811520000
3147;-6.2800000000;2.5200000000;-7.1600000000;-1.3125000000;-1.1250000000;0.1250000000;28.0000000000;-26.0000000000;20.1875000000;0.3172610000;0.1541140000;-0.9179690000;0.1813350000
3148;-6.4300000000;1.9800000000;-7.2800000000;-0.6875000000;-1.0000000000;-0.3125000000;29.0625000000;-26.2500000000;20.5625000000;0.3174440000;0.1542360000;-0.9177860000;0.1819460000
3149;-6.0500000000;2.9400000000;-7.3800000000;2.1250000000;0.3125000000;-0.6250000000;29.0625000000;-26.2500000000;20.5625000000;0.3178100000;0.1542970000;-0.9178470000;0.1809080000
3150;-6.5800000000;1.7700000000;-6.9700000000;-3.8125000000;2.4375000000;2.6250000000;27.2500000000;-24.0625000000;19.0000000000;0.3165890000;0.1539920000;-0.9181520000;0.1819460000
3151;-6.0000000000;2.9400000000;-6.9300000000;5.8750000000;-0.5625000000;-0.9375000000;27.5625000000;-26.2500000000;20.1875000000;0.3168950000;0.1537480000;-0.9183960000;0.1803590000
3152;-6.4800000000;1.8900000000;-6.7700000000;-7.1875000000;0.1250000000;3.2500000000;28.3750000000;-25.5625000000;20.1875000000;0.3163450000;0.1534420000;-0.9182130000;0.1823730000
3153;-6.1400000000;2.6500000000;-7.1700000000;2.3750000000;-4.5000000000;-1.6250000000;27.5625000000;-26.0000000000;21.3750000000;0.3172000000;0.1531980000;-0.9179690000;0.1823730000
3154;-6.5400000000;1.8600000000;-7.2200000000;-6.9375000000;-2.2500000000;1.8125000000;27.5625000000;-26.0000000000;21.3750000000;0.3179930000;0.1531980000;-0.9174190000;0.1835940000
3155;-6.2400000000;2.3100000000;-7.2500000000;4.5625000000;-2.2500000000;-3.1250000000;28.3750000000;-26.0000000000;20.5625000000;0.3190310000;0.1536250000;-0.9170530000;0.1834110000
3156;-6.1900000000;2.5900000000;-7.0800000000;-1.6875000000;-0.8750000000;-0.7500000000;28.0000000000;-26.0000000000;20.5625000000;0.3193360000;0.1541140000;-0.9168090000;0.1834720000
3157;-6.4700000000;2.0800000000;-6.5000000000;-3.3750000000;0.2500000000;-0.3750000000;28.3750000000;-25.5625000000;20.5625000000;0.3192140000;0.1544190000;-0.9166260000;0.1845700000
3158;-6.3700000000;2.3300000000;-5.9900000000;-1.3750000000;-5.5000000000;-2.7500000000;27.5625000000;-26.0000000000;19.7500000000;0.3201900000;0.1548460000;-0.9161990000;0.1846310000
3159;-6.3800000000;2.1100000000;-5.6800000000;-8.6875000000;-11.8125000000;-2.0625000000;27.5625000000;-26.0000000000;19.7500000000;0.3230590000;0.1556400000;-0.9146120000;0.1867070000
3160;-6.6800000000;1.6600000000;-4.4100000000;-14.5625000000;-19.2500000000;-4.3125000000;28.3750000000;-26.2500000000;20.1875000000;0.3290410000;0.1575930000;-0.9109500000;0.1926270000
3161;-6.9800000000;1.0000000000;-3.2100000000;-27.1875000000;-34.6250000000;-9.8750000000;29.0625000000;-27.0625000000;17.3750000000;0.3382570000;0.1611330000;-0.9050290000;0.2012940000
3162;-7.5000000000;0.5900000000;-1.8400000000;-41.8750000000;-52.6250000000;-21.8125000000;29.7500000000;-26.6875000000;18.1875000000;0.3483890000;0.1666260000;-0.8980710000;0.2104490000
3163;-8.9200000000;0.9100000000;-2.4100000000;-51.9375000000;-88.9375000000;-37.7500000000;30.1875000000;-25.5625000000;15.0625000000;0.3691410000;0.1785280000;-0.8834840000;0.2264400000
3164;-9.4500000000;3.0800000000;-4.7000000000;-62.5625000000;-126.7500000000;-54.7500000000;30.1875000000;-25.5625000000;15.0625000000;0.4035030000;0.1918950000;-0.8605960000;0.2443240000
3165;-10.2000000000;1.5200000000;-3.8100000000;-59.2500000000;-123.3125000000;-46.0625000000;32.5000000000;-25.2500000000;13.0625000000;0.4396360000;0.2048340000;-0.8334350000;0.2648320000
3166;-11.8600000000;2.1700000000;-2.6100000000;-29.9375000000;-124.8125000000;-60.1875000000;34.5625000000;-26.3750000000;8.3750000000;0.4754030000;0.2155760000;-0.8071290000;0.2757570000
3167;-11.4000000000;1.6700000000;-4.2100000000;-26.2500000000;-148.0000000000;-70.5000000000;35.7500000000;-23.0625000000;2.0625000000;0.5183720000;0.2261960000;-0.7740480000;0.2846680000
3168;-10.9800000000;3.3800000000;-3.7800000000;-1.6875000000;-129.8125000000;-76.3125000000;37.5625000000;-22.7500000000;-2.6875000000;0.5607910000;0.2362670000;-0.7401730000;0.2860720000
3169;-10.0100000000;3.3100000000;-3.0100000000;28.6875000000;-112.6875000000;-48.5000000000;37.5625000000;-22.7500000000;-2.6875000000;0.5978390000;0.2349850000;-0.7138670000;0.2788090000
3170;-10.8100000000;2.5500000000;-1.2900000000;10.0625000000;-96.3125000000;-28.9375000000;38.0000000000;-19.7500000000;-7.0000000000;0.6260990000;0.2315670000;-0.6914670000;0.2761230000
3171;-11.6700000000;1.4600000000;-2.3000000000;-11.8750000000;-118.9375000000;-24.5000000000;38.3750000000;-19.0625000000;-10.5625000000;0.6524660000;0.2286380000;-0.6658330000;0.2805180000
3172;-9.4900000000;1.4200000000;-4.0000000000;7.9375000000;-71.6875000000;-21.6875000000;36.8750000000;-17.5625000000;-13.2500000000;0.6749880000;0.2257690000;-0.6428830000;0.2831420000
3173;-9.3800000000;2.3400000000;-2.8700000000;1.8750000000;-19.6875000000;-10.1875000000;35.8750000000;-19.3750000000;-15.6875000000;0.6852420000;0.2241210000;-0.6339110000;0.2799070000
3174;-9.6100000000;1.4900000000;-1.6900000000;-22.8125000000;1.3750000000;2.5000000000;35.8750000000;-19.3750000000;-15.6875000000;0.6847530000;0.2271120000;-0.6320800000;0.2828980000
3175;-9.6300000000;0.8600000000;-0.9600000000;11.3125000000;11.0000000000;6.3125000000;35.3750000000;-19.7500000000;-15.7500000000;0.6822510000;0.2277830000;-0.6337280000;0.2846680000
3176;-10.0100000000;0.5700000000;-0.1700000000;4.6250000000;28.3125000000;12.1250000000;34.5000000000;-19.7500000000;-15.7500000000;0.6773680000;0.2254030000;-0.6404420000;0.2830810000
3177;-10.0000000000;-0.0600000000;0.5000000000;-1.0625000000;35.6250000000;9.9375000000;35.1875000000;-19.3750000000;-15.8750000000;0.6688840000;0.2263790000;-0.6489260000;0.2832030000
3178;-9.8800000000;0.2800000000;0.9200000000;16.0625000000;29.6250000000;5.0625000000;34.3750000000;-19.7500000000;-15.3750000000;0.6621090000;0.2257080000;-0.6575930000;0.2797240000
3179;-9.7900000000;0.1600000000;1.1500000000;3.1875000000;25.1250000000;4.4375000000;34.3750000000;-19.7500000000;-15.3750000000;0.6564330000;0.2250980000;-0.6647950000;0.2766720000
3180;-9.8300000000;0.0100000000;1.3000000000;3.3750000000;13.5625000000;-0.1250000000;36.5625000000;-20.5000000000;-13.0625000000;0.6521000000;0.2261350000;-0.6691890000;0.2753300000
3181;-9.6900000000;0.4500000000;0.7800000000;-0.3750000000;3.8125000000;-2.1250000000;35.1875000000;-18.6875000000;-13.8750000000;0.6524050000;0.2267460000;-0.6693120000;0.2737430000
3182;-9.6600000000;0.4100000000;0.5600000000;-6.6250000000;0.7500000000;-3.5000000000;36.2500000000;-20.0625000000;-11.5000000000;0.6517330000;0.2288820000;-0.6690060000;0.2742920000
3183;-9.6700000000;0.6500000000;0.4400000000;1.8125000000;-2.8750000000;-3.4375000000;37.0000000000;-19.0625000000;-13.1875000000;0.6528930000;0.2296750000;-0.6678470000;0.2737430000
3184;-9.5400000000;0.8500000000;0.0800000000;-4.0000000000;-0.5000000000;-1.3750000000;37.0000000000;-19.0625000000;-13.1875000000;0.6533810000;0.2305910000;-0.6669920000;0.2739260000
3185;-9.6700000000;0.6700000000;0.4600000000;-1.1250000000;3.0625000000;1.5000000000;36.5625000000;-18.6875000000;-12.7500000000;0.6526490000;0.2312010000;-0.6671750000;0.2747190000
3186;-9.6500000000;0.7700000000;0.6000000000;2.7500000000;-0.1250000000;3.0000000000;36.5625000000;-17.1875000000;-13.1875000000;0.6524050000;0.2301640000;-0.6679080000;0.2744750000
3187;-9.6700000000;0.6500000000;0.5100000000;-2.6250000000;-1.4375000000;4.5000000000;36.5625000000;-19.0625000000;-12.3750000000;0.6534420000;0.2276000000;-0.6677860000;0.2743530000
3188;-9.7300000000;0.4900000000;0.4300000000;0.3125000000;-6.3125000000;2.9375000000;36.5625000000;-18.6875000000;-13.5625000000;0.6552120000;0.2260740000;-0.6661380000;0.2755130000
3189;-9.7700000000;0.7600000000;-0.1100000000;-0.6875000000;-7.1875000000;4.2500000000;36.5625000000;-18.6875000000;-13.5625000000;0.6566770000;0.2244260000;-0.6646730000;0.2767940000
3190;-9.6600000000;0.5700000000;-0.1700000000;-1.2500000000;-1.7500000000;5.0000000000;35.5625000000;-19.3750000000;-12.7500000000;0.6575930000;0.2217410000;-0.6646730000;0.2768550000
3191;-9.8200000000;0.5400000000;0.1300000000;-3.2500000000;-3.0000000000;4.3125000000;35.8750000000;-19.7500000000;-14.0000000000;0.6577760000;0.2204590000;-0.6646120000;0.2775270000
3192;-9.7600000000;0.4600000000;-0.0300000000;-3.4375000000;-2.2500000000;3.2500000000;35.5625000000;-19.0625000000;-14.3750000000;0.6577150000;0.2205200000;-0.6641850000;0.2786250000
3193;-9.7400000000;0.5600000000;0.3000000000;-1.5000000000;-0.6875000000;1.9375000000;35.8750000000;-18.6875000000;-14.3750000000;0.6575320000;0.2207030000;-0.6640010000;0.2793580000
3194;-9.8400000000;0.4800000000;-0.2100000000;-4.7500000000;-0.6250000000;0.2500000000;35.8750000000;-18.6875000000;-14.3750000000;0.6575930000;0.2213130000;-0.6631470000;0.2807620000
3195;-9.5700000000;0.5500000000;0.0100000000;-0.2500000000;3.5625000000;-0.6250000000;35.8750000000;-18.2500000000;-13.8750000000;0.6569210000;0.2220460000;-0.6635130000;0.2808840000
3196;-9.7700000000;0.8600000000;0.4500000000;-0.7500000000;-0.0625000000;0.7500000000;35.1875000000;-20.0625000000;-14.0000000000;0.6573490000;0.2204590000;-0.6644290000;0.2789920000
3197;-9.5900000000;0.5900000000;0.1400000000;-2.2500000000;0.9375000000;1.3125000000;35.5625000000;-19.7500000000;-14.7500000000;0.6570430000;0.2206420000;-0.6644900000;0.2794800000
3198;-9.6500000000;0.8900000000;0.7500000000;0.1250000000;3.9375000000;-0.6875000000;35.5625000000;-19.7500000000;-14.7500000000;0.6563110000;0.2210080000;-0.6652220000;0.2791140000
3199;-9.6400000000;0.9900000000;0.7300000000;-1.0000000000;-4.2500000000;2.2500000000;36.2500000000;-19.0625000000;-14.6875000000;0.6567380000;0.2204590000;-0.6646730000;0.2798460000
3200;-9.7000000000;0.8300000000;0.4000000000;-1.6875000000;-4.8750000000;2.6875000000;34.7500000000;-20.0625000000;-12.6875000000;0.6587520000;0.2172240000;-0.6639400000;0.2793580000
3201;-9.8500000000;0.5700000000;-0.0800000000;2.9375000000;-5.6250000000;1.1250000000;35.8750000000;-18.6875000000;-15.3750000000;0.6598510000;0.2162480000;-0.6629640000;0.2799070000
3202;-9.5300000000;0.8300000000;-0.0100000000;1.9375000000;0.5625000000;1.1250000000;35.8750000000;-20.0625000000;-13.5000000000;0.6608890000;0.2139280000;-0.6635130000;0.2778320000
3203;-9.6400000000;0.7400000000;0.3200000000;0.5000000000;-0.0625000000;3.6875000000;35.8750000000;-20.0625000000;-13.5000000000;0.6604000000;0.2133790000;-0.6639400000;0.2784420000
3204;-9.8100000000;0.4900000000;0.3000000000;-3.3750000000;-1.1250000000;3.7500000000;36.5625000000;-20.0625000000;-14.2500000000;0.6604610000;0.2124020000;-0.6638790000;0.2792970000
3205;-9.7300000000;0.5800000000;0.4700000000;-1.1250000000;-1.1875000000;0.0625000000;35.1875000000;-20.5000000000;-14.2500000000;0.6613770000;0.2121580000;-0.6633300000;0.2785640000
3206;-9.7000000000;0.8700000000;0.4600000000;-1.0000000000;-4.8750000000;1.0625000000;35.1875000000;-20.8750000000;-14.2500000000;0.6627810000;0.2105710000;-0.6626590000;0.2779540000
3207;-9.6500000000;0.7900000000;0.2700000000;-3.3125000000;-3.1875000000;0.3750000000;35.5625000000;-20.0625000000;-14.6875000000;0.6632690000;0.2106320000;-0.6618650000;0.2786870000
3208;-9.6900000000;0.9700000000;0.3700000000;-0.5000000000;-2.3750000000;0.6875000000;35.5625000000;-20.0625000000;-14.6875000000;0.6637570000;0.2105100000;-0.6611940000;0.2791140000
3209;-9.7600000000;0.6100000000;0.0900000000;-1.9375000000;-2.1875000000;0.7500000000;35.5625000000;-19.0625000000;-14.2500000000;0.6640620000;0.2104490000;-0.6606450000;0.2798460000
3210;-9.6200000000;0.9900000000;0.2400000000;3.4375000000;1.0000000000;-1.0000000000;35.1875000000;-19.0625000000;-15.0625000000;0.6640620000;0.2101440000;-0.6611330000;0.2788700000
3211;-9.7100000000;0.7400000000;0.3700000000;-0.5000000000;1.5625000000;1.0625000000;35.5625000000;-20.0625000000;-15.0625000000;0.6636960000;0.2100220000;-0.6616210000;0.2786870000
3212;-9.8200000000;0.6000000000;0.3200000000;-0.7500000000;0.9375000000;-0.6250000000;35.1875000000;-19.7500000000;-13.8750000000;0.6639400000;0.2097780000;-0.6619260000;0.2775270000
3213;-9.5600000000;0.9100000000;0.3500000000;0.7500000000;1.8750000000;-1.3750000000;35.1875000000;-19.7500000000;-13.8750000000;0.6638790000;0.2099610000;-0.6621700000;0.2769780000
3214;-9.7300000000;0.6400000000;0.6300000000;-3.5625000000;1.5625000000;0.1875000000;35.5625000000;-20.8750000000;-15.8750000000;0.6633910000;0.2108150000;-0.6622310000;0.2772830000
3215;-9.6800000000;0.8400000000;0.4000000000;3.1875000000;-1.2500000000;-1.9375000000;35.5625000000;-19.7500000000;-13.8750000000;0.6644290000;0.2099000000;-0.6621700000;0.2758180000
3216;-9.6300000000;0.9700000000;0.5600000000;-3.0000000000;-0.1250000000;-0.1250000000;35.1875000000;-20.0625000000;-13.0625000000;0.6650390000;0.2087400000;-0.6624760000;0.2743530000
3217;-9.7600000000;0.7000000000;0.1600000000;-0.2500000000;-2.3750000000;0.1250000000;35.1875000000;-18.2500000000;-14.6875000000;0.6652220000;0.2089840000;-0.6619260000;0.2749630000
3218;-9.5700000000;1.0200000000;0.1500000000;2.3125000000;1.3125000000;-0.4375000000;35.1875000000;-18.2500000000;-14.6875000000;0.6655880000;0.2083740000;-0.6620480000;0.2743530000
3219;-9.7300000000;0.7100000000;0.4800000000;-0.8125000000;2.5000000000;2.1875000000;35.5625000000;-20.8750000000;-13.5000000000;0.6654050000;0.2064210000;-0.6635130000;0.2727050000
3220;-9.9200000000;0.5000000000;0.3200000000;-0.6250000000;0.0625000000;1.2500000000;35.1875000000;-19.7500000000;-14.2500000000;0.6652830000;0.2059330000;-0.6637570000;0.2727050000
3221;-9.6800000000;0.6600000000;0.0500000000;-3.3750000000;2.1875000000;-2.6875000000;35.1875000000;-19.0625000000;-14.6875000000;0.6649170000;0.2074580000;-0.6634520000;0.2733150000
3222;-9.8400000000;1.2000000000;-0.2000000000;3.1875000000;2.2500000000;-1.5625000000;35.1875000000;-18.6875000000;-13.8750000000;0.6646730000;0.2080080000;-0.6640010000;0.2722170000
3223;-9.7700000000;0.7600000000;-1.2500000000;-1.0000000000;9.4375000000;0.6875000000;35.1875000000;-18.6875000000;-13.8750000000;0.6635130000;0.2084960000;-0.6651000000;0.2718510000
3224;-10.0200000000;0.9900000000;-1.5100000000;2.2500000000;25.0625000000;-4.7500000000;35.8750000000;-18.2500000000;-15.0625000000;0.6589360000;0.2111210000;-0.6694950000;0.2702640000
3225;-10.0000000000;2.1100000000;-3.1900000000;0.2500000000;26.7500000000;-3.6875000000;35.8750000000;-20.0625000000;-14.2500000000;0.6539310000;0.2145390000;-0.6746830000;0.2667850000
3226;-10.2000000000;1.4100000000;-4.5600000000;3.2500000000;58.7500000000;7.9375000000;35.5625000000;-19.7500000000;-12.6875000000;0.6437990000;0.2149660000;-0.6855470000;0.2631840000
3227;-10.2700000000;3.2600000000;-4.8700000000;19.6875000000;86.9375000000;13.7500000000;37.3750000000;-20.0625000000;-11.8750000000;0.6256710000;0.2168580000;-0.7042240000;0.2561650000
3228;-11.0900000000;3.6600000000;-5.9000000000;27.0625000000;111.4375000000;31.1875000000;37.3750000000;-20.0625000000;-11.8750000000;0.6002200000;0.2131960000;-0.7300420000;0.2478030000
3229;-11.9700000000;2.1300000000;-4.8700000000;51.5000000000;146.5000000000;50.6875000000;38.0625000000;-19.3750000000;-8.8750000000;0.5663450000;0.2052610000;-0.7622680000;0.2366330000
3230;-11.4100000000;2.7500000000;-3.6700000000;60.6875000000;163.5000000000;44.1250000000;38.5000000000;-18.6875000000;-4.5000000000;0.5248410000;0.1948240000;-0.7990110000;0.2194210000
3231;-11.2600000000;3.1100000000;-4.0200000000;45.2500000000;161.5625000000;51.5625000000;38.0625000000;-20.8750000000;1.3750000000;0.4797360000;0.1843870000;-0.8336180000;0.2023320000
3232;-10.4200000000;1.2900000000;-1.9400000000;63.8750000000;168.2500000000;53.0625000000;37.0000000000;-22.3750000000;8.5000000000;0.4313350000;0.1713870000;-0.8659670000;0.1860960000
3233;-9.1600000000;2.3600000000;-0.7000000000;66.2500000000;134.1250000000;36.6875000000;37.0000000000;-22.3750000000;8.5000000000;0.3883670000;0.1576540000;-0.8934330000;0.1616210000
3234;-7.8400000000;1.2100000000;-1.5200000000;13.3125000000;96.4375000000;39.4375000000;34.1875000000;-23.5000000000;13.0625000000;0.3548580000;0.1476440000;-0.9107060000;0.1513060000
3235;-7.1800000000;0.5100000000;-1.8600000000;15.9375000000;63.8750000000;32.1875000000;31.8750000000;-23.5000000000;17.7500000000;0.3297120000;0.1397710000;-0.9218750000;0.1478880000
3236;-6.5700000000;0.9300000000;-4.5700000000;12.1875000000;13.7500000000;25.1250000000;29.5625000000;-22.3750000000;21.3750000000;0.3193360000;0.1311650000;-0.9274290000;0.1440430000
3237;-6.1500000000;0.6500000000;-7.2500000000;3.3750000000;2.9375000000;17.1250000000;28.5000000000;-23.7500000000;21.3750000000;0.3175050000;0.1245120000;-0.9287720000;0.1452640000
3238;-6.2700000000;0.6800000000;-6.7200000000;4.9375000000;16.5000000000;12.1875000000;28.5000000000;-23.7500000000;21.3750000000;0.3132320000;0.1198120000;-0.9310300000;0.1437990000
3239;-6.2000000000;0.5100000000;-6.8700000000;-9.7500000000;10.3750000000;3.8125000000;27.7500000000;-24.8750000000;22.8750000000;0.3086550000;0.1193850000;-0.9322510000;0.1462400000
3240;-6.2800000000;1.6700000000;-6.1300000000;9.1875000000;10.4375000000;-2.6875000000;27.7500000000;-23.7500000000;22.1875000000;0.3067630000;0.1232910000;-0.9328000000;0.1433110000
3241;-6.2500000000;1.4300000000;-6.8500000000;-8.5625000000;-4.4375000000;-6.1250000000;27.6875000000;-24.8750000000;22.5000000000;0.3061520000;0.1269530000;-0.9322510000;0.1451420000
3242;-5.7300000000;2.8300000000;-6.6500000000;-1.9375000000;-3.0625000000;-5.5625000000;26.5625000000;-24.5625000000;23.3750000000;0.3076170000;0.1290890000;-0.9315190000;0.1448360000
3243;-6.4500000000;1.3400000000;-6.5800000000;-14.0625000000;-11.1250000000;-3.6250000000;26.5625000000;-24.5625000000;23.3750000000;0.3092650000;0.1304320000;-0.9301150000;0.1491090000
3244;-5.9700000000;2.6300000000;-6.8100000000;-6.3750000000;-16.0625000000;-5.6250000000;27.0000000000;-24.5625000000;21.7500000000;0.3135990000;0.1338500000;-0.9277340000;0.1517330000
3245;-6.1900000000;2.5100000000;-7.6900000000;-21.6875000000;-17.0000000000;-0.1875000000;27.0000000000;-25.2500000000;21.7500000000;0.3181760000;0.1357420000;-0.9248660000;0.1580200000
3246;-6.6600000000;1.6500000000;-7.2900000000;-11.3125000000;-8.2500000000;-5.2500000000;27.2500000000;-25.2500000000;20.1875000000;0.3205570000;0.1383670000;-0.9227290000;0.1633910000
3247;-6.1800000000;2.4700000000;-7.3000000000;-6.5625000000;-10.4375000000;-4.0000000000;27.6875000000;-25.2500000000;19.3750000000;0.3233030000;0.1417240000;-0.9207150000;0.1663820000
3248;-6.4500000000;2.3300000000;-7.0300000000;-9.2500000000;-10.6875000000;-3.1250000000;27.6875000000;-25.2500000000;19.3750000000;0.3256230000;0.1433110000;-0.9190060000;0.1698610000
3249;-6.4400000000;2.2400000000;-7.1900000000;-11.3750000000;-4.8125000000;-0.5625000000;28.0625000000;-25.2500000000;19.7500000000;0.3277590000;0.1445920000;-0.9174190000;0.1730960000
3250;-6.8200000000;1.8500000000;-7.1100000000;-2.3750000000;-14.1250000000;-6.1250000000;28.0625000000;-25.6875000000;19.3750000000;0.3302000000;0.1464840000;-0.9157100000;0.1760250000
3251;-6.3700000000;2.4300000000;-7.8200000000;0.3125000000;-8.3125000000;-4.0625000000;28.7500000000;-25.2500000000;19.0000000000;0.3331910000;0.1487430000;-0.9141850000;0.1763920000
3252;-6.6700000000;2.4000000000;-7.0200000000;-1.5625000000;2.3125000000;-2.4375000000;28.5000000000;-25.2500000000;19.0000000000;0.3328250000;0.1502080000;-0.9140010000;0.1766970000
3253;-6.5900000000;2.4200000000;-6.8400000000;2.0000000000;0.9375000000;-0.4375000000;28.5000000000;-25.2500000000;19.0000000000;0.3328860000;0.1502690000;-0.9141240000;0.1759640000
3254;-6.5800000000;2.3500000000;-6.3200000000;-2.3125000000;0.6875000000;-0.6875000000;29.1875000000;-25.6875000000;19.3750000000;0.3325810000;0.1509400000;-0.9140620000;0.1763920000
3255;-6.3900000000;2.5000000000;-7.1200000000;-3.0000000000;-5.6250000000;0.0625000000;29.1875000000;-25.6875000000;19.0000000000;0.3337400000;0.1516720000;-0.9132080000;0.1779170000
3256;-6.9100000000;1.8300000000;-6.7400000000;-4.8750000000;-1.0000000000;1.2500000000;28.3750000000;-24.1875000000;18.5625000000;0.3337400000;0.1524660000;-0.9128420000;0.1792600000
3257;-6.4200000000;2.4200000000;-7.1500000000;2.2500000000;-5.4375000000;-3.8125000000;28.3750000000;-24.1875000000;18.5625000000;0.3350830000;0.1531370000;-0.9121090000;0.1796870000
3258;-6.6400000000;2.3800000000;-6.8800000000;-4.3750000000;0.7500000000;-0.0625000000;29.1875000000;-25.6875000000;18.5625000000;0.3354490000;0.1544190000;-0.9116210000;0.1806030000
3259;-6.8600000000;1.8900000000;-7.1900000000;0.9375000000;-1.9375000000;-1.5000000000;29.8750000000;-26.3750000000;18.1875000000;0.3356320000;0.1555790000;-0.9112550000;0.1809690000
3260;-6.2700000000;3.2500000000;-6.9100000000;3.9375000000;-1.2500000000;-3.8125000000;29.5000000000;-26.3750000000;18.5625000000;0.3362430000;0.1563110000;-0.9111940000;0.1795040000
3261;-6.9600000000;1.6200000000;-6.5500000000;-7.0625000000;2.8125000000;4.1250000000;29.5000000000;-26.0625000000;18.1875000000;0.3353270000;0.1563720000;-0.9111940000;0.1811520000
3262;-6.5000000000;2.4900000000;-6.3400000000;7.1250000000;-0.3750000000;-2.3125000000;29.5000000000;-26.0625000000;18.1875000000;0.3351440000;0.1563720000;-0.9114380000;0.1802370000
3263;-6.5300000000;2.2800000000;-6.8900000000;-4.4375000000;-3.6875000000;2.7500000000;29.1875000000;-25.2500000000;17.7500000000;0.3358760000;0.1572270000;-0.9108280000;0.1813960000
3264;-6.9700000000;1.5500000000;-6.9100000000;-5.3125000000;-0.3750000000;2.6875000000;29.5000000000;-25.2500000000;18.5625000000;0.3355100000;0.1576540000;-0.9104000000;0.1835940000
3265;-6.5100000000;2.4500000000;-6.7100000000;6.5000000000;-3.3750000000;-3.8750000000;28.3750000000;-26.0625000000;18.5625000000;0.3366090000;0.1578370000;-0.9102780000;0.1820070000
3266;-6.5900000000;2.2700000000;-6.7800000000;-7.8750000000;-1.6875000000;0.4375000000;29.5000000000;-25.6875000000;19.0000000000;0.3369750000;0.1583250000;-0.9099120000;0.1829830000
3267;-6.8100000000;1.9600000000;-6.6600000000;-0.5000000000;-1.6250000000;0.5625000000;29.5000000000;-25.6875000000;19.0000000000;0.3373410000;0.1585690000;-0.9094240000;0.1842650000
3268;-6.6000000000;2.2600000000;-6.9300000000;0.6875000000;-4.7500000000;-2.6250000000;29.1875000000;-25.6875000000;18.1875000000;0.3386840000;0.1594240000;-0.9088130000;0.1842650000
3269;-6.6800000000;2.1700000000;-6.7800000000;-2.4375000000;-1.8125000000;-0.9375000000;29.5000000000;-26.0625000000;17.0000000000;0.3392330000;0.1610110000;-0.9081420000;0.1851200000
3270;-6.8200000000;2.1600000000;-6.8200000000;0.5625000000;-3.4375000000;-1.5625000000;29.1875000000;-25.6875000000;17.7500000000;0.3399660000;0.1617430000;-0.9076540000;0.1856690000
3271;-6.5500000000;2.5500000000;-6.8000000000;-1.1875000000;-2.5625000000;-1.5625000000;29.5000000000;-25.2500000000;17.3750000000;0.3408810000;0.1628420000;-0.9070430000;0.1859130000
3272;-6.9400000000;2.1300000000;-6.7600000000;-2.5000000000;0.2500000000;1.3125000000;29.5000000000;-25.2500000000;17.3750000000;0.3410640000;0.1629640000;-0.9067380000;0.1869510000
3273;-6.6000000000;2.7300000000;-6.7500000000;2.8750000000;-1.1250000000;-2.5625000000;30.2500000000;-25.6875000000;17.0000000000;0.3406980000;0.1648560000;-0.9063720000;0.1875610000
3274;-6.7600000000;2.0600000000;-6.5600000000;-2.8750000000;0.3125000000;2.5000000000;29.8750000000;-25.6875000000;18.5625000000;0.3411870000;0.1644900000;-0.9064330000;0.1870120000
3275;-6.7900000000;2.2000000000;-6.4200000000;2.3750000000;-2.3125000000;-2.5625000000;30.2500000000;-24.8750000000;18.5625000000;0.3411250000;0.1649780000;-0.9061890000;0.1878660000
3276;-6.7000000000;2.6700000000;-6.6900000000;-1.5000000000;-6.2500000000;-2.2500000000;30.2500000000;-26.0625000000;17.3750000000;0.3429570000;0.1660160000;-0.9053960000;0.1872560000
3277;-6.9500000000;1.7000000000;-6.9600000000;-4.9375000000;-3.0625000000;1.0625000000;30.2500000000;-26.0625000000;17.3750000000;0.3439330000;0.1659550000;-0.9045410000;0.1896360000
3278;-6.6300000000;2.7700000000;-6.6700000000;1.6250000000;-2.2500000000;-4.1875000000;30.6875000000;-26.0625000000;17.0000000000;0.3445430000;0.1677250000;-0.9040530000;0.1894530000
3279;-7.0300000000;1.9600000000;-6.9400000000;-3.3750000000;-2.6250000000;0.5625000000;29.8750000000;-26.0625000000;17.8750000000;0.3452760000;0.1679690000;-0.9035640000;0.1901860000
3280;-6.6700000000;2.5800000000;-6.6800000000;5.1250000000;0.8750000000;-3.3750000000;29.5000000000;-24.8750000000;17.7500000000;0.3459470000;0.1680910000;-0.9035030000;0.1891480000
3281;-6.8300000000;2.3300000000;-6.3100000000;-2.0000000000;0.6250000000;0.2500000000;29.8750000000;-26.0625000000;18.1875000000;0.3457030000;0.1682130000;-0.9036870000;0.1885380000
3282;-6.7700000000;2.2600000000;-6.6600000000;0.8750000000;-2.4375000000;0.1250000000;29.8750000000;-26.0625000000;18.1875000000;0.3461300000;0.1679690000;-0.9035030000;0.1888430000
3283;-6.8500000000;2.3900000000;-6.5200000000;-2.1875000000;-0.8125000000;0.4375000000;30.2500000000;-25.2500000000;18.1875000000;0.3464970000;0.1681520000;-0.9032590000;0.1892090000
3284;-6.9300000000;1.9600000000;-6.9000000000;-1.9375000000;-3.0625000000;0.6875000000;30.2500000000;-26.0625000000;17.0000000000;0.3468020000;0.1681520000;-0.9028320000;0.1904910000
3285;-6.6700000000;2.7000000000;-6.7300000000;0.2500000000;-0.3750000000;-0.8125000000;29.5000000000;-25.2500000000;18.5625000000;0.3475340000;0.1679080000;-0.9026490000;0.1903690000
3286;-7.1800000000;1.6200000000;-6.4900000000;-3.9375000000;1.8125000000;3.1875000000;29.5000000000;-26.0625000000;17.0000000000;0.3468020000;0.1675420000;-0.9028320000;0.1910400000
3287;-6.5900000000;2.7200000000;-6.7600000000;6.3750000000;-2.2500000000;-3.3750000000;29.5000000000;-26.0625000000;17.0000000000;0.3474120000;0.1676640000;-0.9027710000;0.1903690000
3288;-6.8600000000;2.1800000000;-6.3200000000;-4.9375000000;2.1875000000;2.1875000000;29.5000000000;-26.0625000000;16.5625000000;0.3471070000;0.1676640000;-0.9028320000;0.1904910000
3289;-6.9800000000;1.7800000000;-6.3400000000;-2.8125000000;-1.9375000000;-1.3125000000;30.2500000000;-25.2500000000;17.3750000000;0.3467410000;0.1680910000;-0.9025880000;0.1918330000
3290;-6.5400000000;2.9900000000;-7.1000000000;7.1250000000;-6.7500000000;-1.1250000000;29.5000000000;-25.6875000000;17.3750000000;0.3493650000;0.1678470000;-0.9020390000;0.1900020000
3291;-7.3700000000;1.5800000000;-6.3700000000;-5.2500000000;2.2500000000;0.4375000000;29.8750000000;-26.0625000000;17.7500000000;0.3485110000;0.1677860000;-0.9020390000;0.1916500000
3292;-6.6000000000;2.7500000000;-6.9500000000;10.1250000000;-4.8750000000;-3.1875000000;29.8750000000;-26.0625000000;17.7500000000;0.3504030000;0.1677250000;-0.9018550000;0.1890870000
3293;-6.9400000000;2.1400000000;-6.3900000000;-0.3750000000;3.3125000000;0.6875000000;30.6875000000;-25.6875000000;17.7500000000;0.3504640000;0.1676030000;-0.9020390000;0.1883540000
3294;-6.9100000000;2.1200000000;-5.9300000000;0.8750000000;0.5625000000;-1.8750000000;30.6875000000;-25.2500000000;17.7500000000;0.3496700000;0.1680300000;-0.9022830000;0.1881100000
3295;-6.8400000000;2.5000000000;-6.4500000000;-4.1875000000;-5.1250000000;1.4375000000;30.2500000000;-25.6875000000;17.0000000000;0.3509520000;0.1679690000;-0.9017330000;0.1883540000
3296;-6.9100000000;2.1400000000;-7.0300000000;0.3125000000;-2.3750000000;-0.3125000000;30.6875000000;-26.3750000000;17.0000000000;0.3517460000;0.1680910000;-0.9010620000;0.1898800000
3297;-6.8200000000;2.5400000000;-6.7300000000;-1.7500000000;0.8125000000;0.3750000000;30.6875000000;-26.3750000000;17.0000000000;0.3518680000;0.1680300000;-0.9011230000;0.1896970000
3298;-7.0800000000;1.9800000000;-6.6600000000;-1.7500000000;1.0625000000;0.0625000000;30.2500000000;-25.2500000000;17.3750000000;0.3513180000;0.1680910000;-0.9011230000;0.1906740000
3299;-6.7900000000;2.5100000000;-6.4300000000;4.1250000000;-0.2500000000;-0.8750000000;30.2500000000;-25.2500000000;17.7500000000;0.3515010000;0.1682130000;-0.9012450000;0.1894530000
3300;-6.9300000000;2.2900000000;-6.5300000000;-4.0000000000;0.0000000000;2.3750000000;30.2500000000;-25.2500000000;16.5625000000;0.3513180000;0.1680300000;-0.9011840000;0.1903080000
3301;-6.9800000000;2.0300000000;-6.5000000000;2.4375000000;-0.6250000000;-1.9375000000;29.8750000000;-26.0625000000;16.1875000000;0.3515630000;0.1682130000;-0.9011230000;0.1898800000
3302;-6.7300000000;2.7700000000;-6.6200000000;-5.5000000000;1.1875000000;3.6875000000;29.8750000000;-26.0625000000;16.1875000000;0.3516850000;0.1678470000;-0.9011230000;0.1900020000
3303;-7.0900000000;1.7700000000;-6.3900000000;-3.8750000000;-0.1875000000;-0.6875000000;30.2500000000;-25.6875000000;17.0000000000;0.3508300000;0.1682130000;-0.9009400000;0.1922000000
3304;-6.7500000000;2.8700000000;-6.4000000000;0.3125000000;-4.0000000000;1.8125000000;30.2500000000;-25.6875000000;17.3750000000;0.3519900000;0.1680910000;-0.9006350000;0.1916500000
3305;-7.2300000000;1.6500000000;-6.5900000000;-8.0625000000;0.1875000000;2.2500000000;30.6875000000;-26.0625000000;16.5625000000;0.3517460000;0.1680910000;-0.9002080000;0.1939090000
3306;-6.8200000000;2.5700000000;-6.6100000000;4.8750000000;-1.8125000000;-3.3750000000;30.6875000000;-26.0625000000;16.5625000000;0.3525390000;0.1682740000;-0.9001460000;0.1926270000
3307;-6.9400000000;2.3300000000;-6.5500000000;-4.3750000000;0.0625000000;1.9375000000;30.2500000000;-26.3750000000;16.6875000000;0.3524170000;0.1682130000;-0.9000240000;0.1936650000
3308;-7.0000000000;2.0800000000;-6.6100000000;0.5000000000;-0.2500000000;-1.9375000000;31.3750000000;-26.3750000000;16.5625000000;0.3524170000;0.1685180000;-0.8999020000;0.1938480000
3309;-6.8500000000;2.5500000000;-6.5200000000;-0.6250000000;-0.8750000000;0.5625000000;29.8750000000;-25.6875000000;16.1875000000;0.3526610000;0.1687010000;-0.8998410000;0.1936650000
3310;-6.9400000000;2.1000000000;-6.4700000000;-0.3750000000;0.1250000000;0.3125000000;29.8750000000;-25.6875000000;16.1875000000;0.3525390000;0.1687620000;-0.8997800000;0.1940920000
3311;-6.8400000000;2.5100000000;-6.2700000000;-0.8750000000;-0.4375000000;-1.0000000000;29.8750000000;-25.6875000000;16.1875000000;0.3526000000;0.1690060000;-0.8997190000;0.1940310000
3312;-6.9400000000;2.4300000000;-6.6100000000;-3.3125000000;-2.8750000000;2.9375000000;30.6875000000;-25.2500000000;16.1875000000;0.3530880000;0.1685790000;-0.8993530000;0.1953120000
3313;-7.1200000000;1.8700000000;-6.5200000000;1.3750000000;-1.8125000000;-1.6250000000;29.8750000000;-25.6875000000;17.3750000000;0.3535770000;0.1687010000;-0.8990480000;0.1953740000
3314;-6.7000000000;2.5700000000;-6.6500000000;-0.5625000000;-1.1875000000;-0.6250000000;30.6875000000;-25.6875000000;16.6875000000;0.3541870000;0.1688230000;-0.8989260000;0.1949460000
3315;-7.1500000000;1.8600000000;-6.6000000000;-3.9375000000;0.3750000000;2.5000000000;30.6875000000;-25.2500000000;16.6875000000;0.3539430000;0.1685790000;-0.8988650000;0.1959840000
3316;-6.8700000000;2.6000000000;-6.4100000000;3.7500000000;0.1250000000;-2.1250000000;30.6875000000;-25.2500000000;16.6875000000;0.3539430000;0.1688230000;-0.8988650000;0.1955570000
3317;-7.0400000000;2.2400000000;-6.5000000000;-3.3750000000;0.0625000000;2.1250000000;30.6875000000;-26.3750000000;16.6875000000;0.3538820000;0.1687010000;-0.8988040000;0.1961060000
3318;-6.8600000000;2.1700000000;-6.5800000000;4.5000000000;-1.1250000000;-2.5000000000;30.6875000000;-25.6875000000;16.5625000000;0.3543700000;0.1687620000;-0.8988040000;0.1951900000
3319;-6.8000000000;2.8800000000;-6.3200000000;-1.8750000000;1.7500000000;0.8750000000;30.6875000000;-25.6875000000;17.3750000000;0.3539430000;0.1688840000;-0.8989870000;0.1950680000
3320;-7.1900000000;1.8100000000;-6.4800000000;-1.3125000000;-0.5625000000;0.8750000000;30.6875000000;-25.2500000000;16.6875000000;0.3535770000;0.1687620000;-0.8988650000;0.1961670000
3321;-6.7300000000;2.8600000000;-6.4900000000;1.5000000000;-0.8750000000;0.1250000000;30.6875000000;-25.2500000000;16.6875000000;0.3542480000;0.1687010000;-0.8988650000;0.1951290000
3322;-7.2100000000;1.8400000000;-6.4100000000;-4.3125000000;-0.3750000000;2.6250000000;30.6875000000;-25.6875000000;15.8750000000;0.3538210000;0.1683350000;-0.8986820000;0.1970210000
3323;-6.8300000000;2.4100000000;-6.5300000000;0.8125000000;-1.0625000000;-1.3750000000;30.2500000000;-26.0625000000;15.8750000000;0.3543700000;0.1683960000;-0.8985600000;0.1966550000
3324;-7.0900000000;2.1300000000;-6.6900000000;-1.2500000000;-0.5000000000;1.8750000000;31.3750000000;-26.0625000000;18.1875000000;0.3542480000;0.1681520000;-0.8985600000;0.1970830000
3325;-6.9600000000;2.1900000000;-6.6100000000;3.8125000000;2.3750000000;-2.7500000000;29.8750000000;-26.0625000000;17.3750000000;0.3541260000;0.1684570000;-0.8987430000;0.1962890000
3326;-6.9900000000;2.4500000000;-6.2500000000;-0.9375000000;2.3750000000;1.6250000000;29.8750000000;-26.0625000000;17.3750000000;0.3536380000;0.1686400000;-0.8990480000;0.1953740000
3327;-7.0000000000;2.0300000000;-6.1200000000;0.6875000000;-0.5000000000;-0.8125000000;30.2500000000;-25.6875000000;16.6875000000;0.3529660000;0.1687620000;-0.8991090000;0.1963500000
3328;-6.8900000000;2.6300000000;-6.5300000000;-0.8125000000;-3.0000000000;1.1250000000;30.6875000000;-26.3750000000;17.3750000000;0.3540650000;0.1686400000;-0.8987430000;0.1961060000
3329;-6.9800000000;2.1400000000;-6.4700000000;-1.7500000000;-0.6875000000;0.2500000000;30.6875000000;-25.6875000000;17.3750000000;0.3540040000;0.1687620000;-0.8984990000;0.1972050000
3330;-6.9800000000;2.5100000000;-6.6700000000;-1.1250000000;-2.6250000000;-0.0625000000;30.2500000000;-26.3750000000;15.5000000000;0.3545530000;0.1687010000;-0.8982540000;0.1972660000
3331;-6.9700000000;2.2400000000;-6.8200000000;0.3125000000;0.2500000000;0.8750000000;30.2500000000;-26.3750000000;15.5000000000;0.3550420000;0.1683350000;-0.8981320000;0.1974490000
3332;-7.0100000000;2.3900000000;-6.1100000000;0.8750000000;2.7500000000;-1.0625000000;30.6875000000;-26.7500000000;16.5625000000;0.3540650000;0.1687620000;-0.8984990000;0.1972660000
3333;-7.0000000000;2.2800000000;-6.5900000000;1.0625000000;-0.9375000000;0.6875000000;29.8750000000;-24.1875000000;16.6875000000;0.3544310000;0.1683960000;-0.8984990000;0.1968380000
3334;-7.0000000000;2.2200000000;-6.1100000000;0.2500000000;1.6250000000;-1.6875000000;30.2500000000;-26.0625000000;17.0000000000;0.3540040000;0.1687010000;-0.8986210000;0.1967160000
3335;-6.8600000000;2.3900000000;-6.7000000000;-0.9375000000;-1.8750000000;-0.1250000000;31.3750000000;-26.0625000000;17.3750000000;0.3545530000;0.1688230000;-0.8983760000;0.1968380000
3336;-7.1700000000;2.1000000000;-6.2500000000;-3.1250000000;1.8750000000;0.5625000000;31.3750000000;-26.0625000000;17.3750000000;0.3543700000;0.1688840000;-0.8983150000;0.1972660000
3337;-6.8400000000;2.6700000000;-6.9300000000;3.9375000000;-2.8125000000;-0.3750000000;30.6875000000;-26.3750000000;15.8750000000;0.3546750000;0.1690060000;-0.8981930000;0.1971440000
3338;-7.0300000000;2.2300000000;-6.2800000000;-1.0000000000;2.8750000000;0.3125000000;31.0000000000;-26.3750000000;16.5625000000;0.3543700000;0.1687620000;-0.8983760000;0.1969600000
3339;-6.8500000000;2.3600000000;-6.2600000000;1.3125000000;0.1875000000;-1.6250000000;30.2500000000;-25.2500000000;15.8750000000;0.3542480000;0.1688840000;-0.8984990000;0.1965940000
3340;-7.0200000000;2.4800000000;-6.3500000000;-2.1250000000;-0.3125000000;3.2500000000;30.2500000000;-25.2500000000;16.1875000000;0.3543700000;0.1686400000;-0.8984990000;0.1966550000
3341;-7.1300000000;1.9000000000;-6.3800000000;1.0000000000;-1.8125000000;-0.8750000000;30.2500000000;-25.2500000000;16.1875000000;0.3542480000;0.1686400000;-0.8981930000;0.1982420000
3342;-6.7000000000;2.9900000000;-6.6200000000;-1.6250000000;-1.6250000000;0.3125000000;30.6875000000;-25.6875000000;16.5625000000;0.3552860000;0.1687010000;-0.8980100000;0.1972660000
3343;-7.2800000000;1.6500000000;-6.5700000000;-3.5625000000;1.5000000000;1.6250000000;30.6875000000;-24.1875000000;16.6875000000;0.3544310000;0.1685180000;-0.8978880000;0.1993410000
3344;-6.7200000000;2.9700000000;-6.5900000000;6.6250000000;-0.8750000000;-2.8750000000;30.6875000000;-26.7500000000;16.5625000000;0.3549800000;0.1685180000;-0.8981320000;0.1973880000
3345;-7.1200000000;2.0200000000;-6.4100000000;-6.1250000000;3.1250000000;3.4375000000;30.6875000000;-26.0625000000;15.8750000000;0.3542480000;0.1682130000;-0.8983150000;0.1980590000
3346;-6.7700000000;2.7200000000;-6.2100000000;5.3750000000;-1.1875000000;-2.5625000000;30.6875000000;-26.0625000000;15.8750000000;0.3540040000;0.1683350000;-0.8984990000;0.1975100000
3347;-6.9900000000;2.3400000000;-6.6600000000;-3.5000000000;-1.5625000000;3.8750000000;30.6875000000;-26.3750000000;16.6875000000;0.3548580000;0.1677860000;-0.8983150000;0.1974490000
3348;-7.0900000000;2.0100000000;-6.3700000000;0.3750000000;1.2500000000;-0.8750000000;31.0000000000;-26.0625000000;16.1875000000;0.3540650000;0.1677860000;-0.8982540000;0.1990360000
3349;-6.7000000000;3.1100000000;-6.5900000000;0.6875000000;-1.6875000000;1.5625000000;30.6875000000;-26.3750000000;16.5625000000;0.3547970000;0.1676030000;-0.8983150000;0.1975710000
3350;-7.2300000000;1.7200000000;-6.5400000000;0.9375000000;2.0000000000;-0.0625000000;30.2500000000;-25.6875000000;15.8750000000;0.3540650000;0.1673580000;-0.8983760000;0.1988530000
3351;-6.7600000000;2.9300000000;-6.3500000000;2.8750000000;-0.5000000000;-1.4375000000;30.2500000000;-25.6875000000;15.8750000000;0.3544920000;0.1673580000;-0.8986820000;0.1968380000
3352;-7.1500000000;1.9100000000;-6.6300000000;-3.0625000000;0.5625000000;1.9375000000;30.6875000000;-26.0625000000;16.1875000000;0.3541870000;0.1669920000;-0.8986210000;0.1978760000
3353;-6.7600000000;2.7600000000;-6.4100000000;5.7500000000;0.6250000000;-1.6875000000;30.6875000000;-26.0625000000;15.8750000000;0.3543090000;0.1669920000;-0.8988650000;0.1963500000
3354;-7.0700000000;2.2800000000;-6.4100000000;-4.6250000000;0.7500000000;2.9375000000;29.8750000000;-26.0625000000;15.8750000000;0.3538210000;0.1668090000;-0.8989870000;0.1969600000
3355;-6.8700000000;2.3000000000;-6.5100000000;4.1250000000;-0.5625000000;-1.5000000000;31.0000000000;-26.0625000000;17.3750000000;0.3539430000;0.1667480000;-0.8990480000;0.1964110000
3356;-6.9700000000;2.4600000000;-6.3400000000;-5.5625000000;0.9375000000;2.6250000000;31.0000000000;-26.0625000000;17.3750000000;0.3536990000;0.1666870000;-0.8991090000;0.1968990000
3357;-7.0700000000;2.0700000000;-6.6500000000;7.0625000000;-3.3125000000;-2.3125000000;30.2500000000;-26.0625000000;16.1875000000;0.3543090000;0.1666260000;-0.8989260000;0.1966550000
3358;-6.7500000000;2.4900000000;-6.5000000000;-3.1250000000;2.8125000000;0.3750000000;29.8750000000;-26.3750000000;15.8750000000;0.3543090000;0.1665650000;-0.8991090000;0.1959230000
3359;-6.9900000000;2.2000000000;-6.0400000000;1.8125000000;-1.6250000000;-1.5625000000;30.6875000000;-25.6875000000;16.1875000000;0.3541870000;0.1667480000;-0.8991090000;0.1958010000
3360;-6.9200000000;2.2700000000;-5.4600000000;-3.3750000000;-3.6875000000;-2.0000000000;30.6875000000;-25.6875000000;16.1875000000;0.3552860000;0.1672970000;-0.8984990000;0.1963500000
3361;-7.1800000000;1.6400000000;-5.0500000000;-8.6250000000;-9.7500000000;-0.9375000000;29.8750000000;-26.0625000000;15.8750000000;0.3577880000;0.1681520000;-0.8967290000;0.1990970000
3362;-7.1200000000;1.6900000000;-4.3100000000;-10.1250000000;-19.3125000000;-7.5000000000;30.6875000000;-26.3750000000;15.5000000000;0.3630370000;0.1703490000;-0.8933720000;0.2025760000
3363;-7.4500000000;1.5900000000;-3.2000000000;-22.2500000000;-31.8750000000;-9.6250000000;30.2500000000;-26.0625000000;15.8750000000;0.3717650000;0.1737670000;-0.8875730000;0.2092900000
3364;-8.0400000000;0.9100000000;-2.4700000000;-30.6875000000;-55.2500000000;-15.3750000000;31.3750000000;-26.0625000000;14.6875000000;0.3864140000;0.1785280000;-0.8778080000;0.2197880000
3365;-8.9600000000;1.1800000000;-1.3900000000;-28.3125000000;-84.6875000000;-24.5625000000;31.3750000000;-26.0625000000;14.6875000000;0.4033810000;0.1818240000;-0.8675540000;0.2271120000
3366;-9.7900000000;3.0300000000;-2.0700000000;-65.6250000000;-136.0625000000;-36.6250000000;32.1875000000;-26.3750000000;13.0625000000;0.4464110000;0.1915890000;-0.8374020000;0.2505490000
3367;-9.6900000000;2.6400000000;-3.7300000000;-75.8125000000;-154.8125000000;-23.7500000000;34.6875000000;-26.7500000000;8.3750000000;0.4863890000;0.1978150000;-0.8043210000;0.2780760000
3368;-10.5100000000;1.6300000000;-2.8700000000;-62.1250000000;-125.3750000000;-24.2500000000;35.0625000000;-25.2500000000;2.5000000000;0.5185550000;0.2038570000;-0.7741700000;0.3004150000
3369;-11.1000000000;2.3300000000;-1.6800000000;-53.4375000000;-121.1250000000;-52.8750000000;35.7500000000;-26.1875000000;-2.5625000000;0.5417480000;0.2114870000;-0.7511600000;0.3123780000
3370;-10.2800000000;3.5800000000;-3.7200000000;-29.1875000000;-142.1250000000;-60.0625000000;35.7500000000;-26.1875000000;-2.5625000000;0.5786740000;0.2179570000;-0.7185060000;0.3182980000
3371;-10.3300000000;2.6900000000;-2.9000000000;-22.3750000000;-95.8750000000;-44.0625000000;35.5000000000;-24.8750000000;-7.2500000000;0.6146240000;0.2239380000;-0.6832890000;0.3244020000
3372;-10.6000000000;2.7700000000;-2.1700000000;-5.1875000000;-71.0625000000;-35.9375000000;35.5000000000;-23.3750000000;-12.3750000000;0.6348270000;0.2259520000;-0.6641850000;0.3237300000
3373;-10.5600000000;1.7900000000;-1.2400000000;-18.1250000000;-43.6250000000;-24.1875000000;34.6875000000;-21.2500000000;-15.5000000000;0.6473390000;0.2299800000;-0.6495970000;0.3256840000
3374;-10.4800000000;1.2200000000;-1.0400000000;-23.5000000000;-35.7500000000;-26.4375000000;34.3750000000;-20.8750000000;-18.5000000000;0.6544190000;0.2352910000;-0.6392820000;0.3281860000
3375;-9.4700000000;1.8700000000;-1.1200000000;-1.4375000000;-25.5625000000;-27.1250000000;34.3750000000;-20.8750000000;-18.5000000000;0.6635740000;0.2398680000;-0.6288450000;0.3265990000
3376;-9.6700000000;2.3300000000;-0.7500000000;-14.6250000000;-10.2500000000;-13.6250000000;33.6875000000;-20.0625000000;-20.0000000000;0.6687010000;0.2451780000;-0.6218870000;0.3255000000
3377;-9.4200000000;1.7600000000;-0.6100000000;-36.0625000000;4.0000000000;0.1875000000;35.2500000000;-19.0625000000;-19.1875000000;0.6658940000;0.2526860000;-0.6188350000;0.3313600000
3378;-9.8900000000;1.2000000000;0.3100000000;-28.0625000000;17.7500000000;9.2500000000;34.0625000000;-19.0625000000;-20.0000000000;0.6594850000;0.2584840000;-0.6203000000;0.3369140000
3379;-9.9100000000;0.3000000000;0.4500000000;-12.9375000000;12.1875000000;5.9375000000;34.7500000000;-17.1875000000;-18.7500000000;0.6557010000;0.2604370000;-0.6221310000;0.3393550000
3380;-9.3400000000;1.3900000000;0.4800000000;21.2500000000;8.6250000000;-3.3750000000;34.7500000000;-17.1875000000;-18.7500000000;0.6549070000;0.2594600000;-0.6251220000;0.3361210000
3381;-9.8000000000;1.2000000000;0.7900000000;1.4375000000;14.6250000000;5.1875000000;34.0625000000;-19.0625000000;-18.3750000000;0.6542970000;0.2554930000;-0.6304930000;0.3302610000
3382;-9.7000000000;0.4700000000;0.4300000000;2.3750000000;7.7500000000;6.4375000000;34.7500000000;-19.2500000000;-18.5000000000;0.6519170000;0.2542720000;-0.6337280000;0.3297730000
3383;-9.5300000000;1.0500000000;0.6500000000;7.8750000000;11.2500000000;3.1250000000;34.0000000000;-18.1875000000;-18.0000000000;0.6509400000;0.2510990000;-0.6375120000;0.3267820000
3384;-9.7000000000;0.5600000000;0.9500000000;-3.2500000000;12.9375000000;6.1250000000;34.6875000000;-19.0000000000;-18.0000000000;0.6479490000;0.2504880000;-0.6412960000;0.3258060000
3385;-9.7600000000;0.6800000000;0.9200000000;4.5000000000;5.5000000000;3.0000000000;34.6875000000;-19.0000000000;-18.0000000000;0.6456300000;0.2504270000;-0.6436160000;0.3259280000
3386;-9.6200000000;0.8600000000;0.7800000000;0.0000000000;2.0625000000;2.4375000000;34.0000000000;-19.5625000000;-17.2500000000;0.6461790000;0.2478640000;-0.6451420000;0.3237920000
3387;-9.6700000000;0.6000000000;0.8300000000;-1.6875000000;-0.2500000000;1.5625000000;35.5625000000;-18.8750000000;-16.5000000000;0.6467290000;0.2471920000;-0.6449580000;0.3234860000
3388;-9.8200000000;0.8600000000;0.3700000000;-2.6875000000;-4.1250000000;0.3125000000;35.0625000000;-19.1875000000;-17.2500000000;0.6478880000;0.2467040000;-0.6440430000;0.3234250000
3389;-9.4700000000;0.9000000000;0.1400000000;-3.5625000000;-0.3125000000;-0.0625000000;34.2500000000;-19.1875000000;-17.5625000000;0.6483760000;0.2467040000;-0.6433110000;0.3239140000
3390;-9.7000000000;1.1600000000;0.6500000000;3.1875000000;0.7500000000;-2.0625000000;34.2500000000;-19.1875000000;-17.5625000000;0.6480100000;0.2473750000;-0.6434940000;0.3236690000
3391;-9.7200000000;0.9600000000;0.3200000000;-3.0625000000;-2.0625000000;1.1875000000;35.0625000000;-19.5625000000;-16.7500000000;0.6493530000;0.2453000000;-0.6438600000;0.3218380000
3392;-9.7000000000;0.8400000000;0.4900000000;-1.5625000000;1.6250000000;-0.3125000000;34.2500000000;-19.1875000000;-17.5625000000;0.6489260000;0.2457280000;-0.6436770000;0.3227540000
3393;-9.6700000000;1.0300000000;0.2700000000;2.3125000000;-1.3750000000;0.3750000000;35.5000000000;-19.1875000000;-17.2500000000;0.6495970000;0.2442020000;-0.6444700000;0.3209840000
3394;-9.5300000000;0.8500000000;0.3400000000;-1.1875000000;1.8125000000;1.1875000000;35.0625000000;-18.8750000000;-17.5625000000;0.6494750000;0.2442020000;-0.6444090000;0.3214110000
3395;-9.8100000000;0.7200000000;0.6200000000;-3.2500000000;1.2500000000;1.0000000000;35.0625000000;-18.8750000000;-17.5625000000;0.6487430000;0.2446290000;-0.6448360000;0.3217160000
3396;-9.6600000000;0.9300000000;0.3900000000;-1.3750000000;-1.0625000000;-0.6250000000;35.0625000000;-19.1875000000;-18.0000000000;0.6489260000;0.2449340000;-0.6444090000;0.3219600000
3397;-9.5900000000;0.9800000000;0.5000000000;-1.5000000000;0.2500000000;0.5000000000;35.5000000000;-18.0625000000;-16.5000000000;0.6490480000;0.2447510000;-0.6444090000;0.3217770000
3398;-9.6400000000;0.9800000000;0.5300000000;-1.8125000000;-0.7500000000;1.5000000000;34.6875000000;-18.0625000000;-16.7500000000;0.6489260000;0.2447510000;-0.6442870000;0.3223270000
3399;-9.7400000000;0.6400000000;0.4000000000;0.8750000000;-2.5000000000;0.9375000000;35.5000000000;-19.1875000000;-17.2500000000;0.6493530000;0.2440190000;-0.6441650000;0.3223270000
3400;-9.5500000000;1.1300000000;0.4200000000;1.9375000000;0.0000000000;-1.0000000000;35.5000000000;-19.1875000000;-17.2500000000;0.6499020000;0.2435300000;-0.6440430000;0.3217160000
3401;-9.6500000000;0.8500000000;0.4500000000;-3.0000000000;0.1875000000;1.6250000000;35.0625000000;-19.1875000000;-18.0000000000;0.6495970000;0.2435300000;-0.6442260000;0.3220210000
3402;-9.7000000000;0.9100000000;0.5100000000;-3.0000000000;-0.5000000000;1.1875000000;34.6875000000;-19.5625000000;-18.0000000000;0.6495360000;0.2432250000;-0.6442870000;0.3222660000
3403;-9.6600000000;0.7200000000;0.3100000000;-2.2500000000;-0.8125000000;-0.5625000000;34.6875000000;-19.1875000000;-18.5000000000;0.6495360000;0.2438350000;-0.6437380000;0.3228760000
3404;-9.5100000000;1.0300000000;0.4900000000;2.9375000000;0.8125000000;-1.6250000000;35.0625000000;-19.8750000000;-17.5625000000;0.6502080000;0.2429810000;-0.6443480000;0.3210450000
3405;-9.7000000000;1.0600000000;0.5600000000;-4.6250000000;-1.0625000000;2.3125000000;35.0625000000;-19.8750000000;-17.5625000000;0.6499630000;0.2433470000;-0.6439820000;0.3218990000
3406;-9.7000000000;0.6700000000;0.4800000000;2.1875000000;-0.8125000000;-0.1250000000;34.6875000000;-19.5625000000;-16.7500000000;0.6506960000;0.2419430000;-0.6442870000;0.3209840000
3407;-9.6900000000;1.0800000000;0.6600000000;1.3750000000;-1.9375000000;-0.7500000000;35.0625000000;-19.5625000000;-17.5625000000;0.6516110000;0.2408450000;-0.6444090000;0.3196410000
3408;-9.5700000000;0.9700000000;0.5500000000;-1.9375000000;-2.0000000000;0.6875000000;34.6875000000;-17.6875000000;-17.5625000000;0.6518550000;0.2409060000;-0.6437990000;0.3202510000
3409;-9.7400000000;0.8500000000;0.6700000000;0.5625000000;-3.9375000000;0.8125000000;35.0625000000;-18.5000000000;-18.0000000000;0.6526490000;0.2403560000;-0.6430050000;0.3206180000
3410;-9.6700000000;1.0000000000;0.4100000000;-0.5000000000;-2.5000000000;0.2500000000;35.0625000000;-18.5000000000;-18.0000000000;0.6533200000;0.2401730000;-0.6422730000;0.3209840000
3411;-9.7000000000;0.9200000000;0.3700000000;1.0625000000;-2.5000000000;0.3750000000;35.0625000000;-19.1875000000;-18.0000000000;0.6538090000;0.2396850000;-0.6419070000;0.3210450000
3412;-9.6000000000;1.2000000000;0.2000000000;0.4375000000;0.3750000000;2.1875000000;35.0625000000;-19.5625000000;-17.5625000000;0.6536870000;0.2383420000;-0.6428830000;0.3203740000
3413;-9.7000000000;0.9600000000;-0.0500000000;-0.4375000000;2.7500000000;4.1875000000;34.2500000000;-19.8750000000;-17.5625000000;0.6528930000;0.2370000000;-0.6444090000;0.3198850000
3414;-9.6900000000;1.4200000000;-0.3300000000;3.0000000000;5.9375000000;1.3125000000;34.2500000000;-19.8750000000;-17.5625000000;0.6518550000;0.2361450000;-0.6462400000;0.3188480000
3415;-9.6300000000;1.8500000000;-1.0800000000;-2.3125000000;13.6875000000;5.6875000000;34.6875000000;-19.5625000000;-17.5625000000;0.6485600000;0.2365110000;-0.6493530000;0.3190310000
3416;-9.7100000000;1.7800000000;-1.5900000000;3.6875000000;31.1250000000;10.9375000000;34.2500000000;-19.1875000000;-17.5625000000;0.6412960000;0.2370610000;-0.6565550000;0.3185420000
3417;-9.8700000000;2.6800000000;-1.9300000000;11.1250000000;46.2500000000;13.3125000000;35.5000000000;-19.8750000000;-17.5625000000;0.6309200000;0.2365110000;-0.6682740000;0.3152470000
3418;-10.2600000000;2.4900000000;-2.4600000000;21.5000000000;52.7500000000;26.6250000000;35.5000000000;-19.8750000000;-15.5625000000;0.6213380000;0.2335820000;-0.6794430000;0.3126830000
3419;-10.2300000000;2.7500000000;-4.0100000000;41.1250000000;68.0000000000;29.3125000000;35.5000000000;-19.8750000000;-15.5625000000;0.6069950000;0.2262570000;-0.6975100000;0.3062740000
3420;-10.4100000000;2.7700000000;-3.5000000000;47.5625000000;100.1250000000;32.6250000000;36.1875000000;-19.8750000000;-13.6875000000;0.5795290000;0.2161870000;-0.7297360000;0.2913210000
3421;-11.0500000000;2.7500000000;-3.9600000000;46.3125000000;110.1250000000;46.4375000000;36.1875000000;-21.3750000000;-10.5000000000;0.5512700000;0.2065430000;-0.7583010000;0.2800290000
3422;-10.5700000000;2.3400000000;-4.6800000000;63.3125000000;123.4375000000;41.2500000000;36.1875000000;-22.8750000000;-7.7500000000;0.5197140000;0.1956790000;-0.7887570000;0.2636720000
3423;-10.7100000000;3.4200000000;-4.1300000000;71.8125000000;138.4375000000;37.8750000000;37.2500000000;-24.0000000000;-2.2500000000;0.4931030000;0.1871950000;-0.8129270000;0.2468870000
3424;-10.1500000000;2.5400000000;-4.0500000000;66.7500000000;131.8125000000;41.7500000000;37.2500000000;-24.0000000000;-2.2500000000;0.4558110000;0.1760860000;-0.8424070000;0.2271120000
3425;-9.3500000000;3.1200000000;-3.7500000000;75.4375000000;131.3750000000;41.3750000000;36.5000000000;-24.6875000000;5.5625000000;0.4105220000;0.1589970000;-0.8757930000;0.1978760000
3426;-8.9900000000;1.8100000000;-2.8100000000;44.7500000000;118.6250000000;38.5625000000;34.3750000000;-25.0625000000;9.0625000000;0.3741460000;0.1480100000;-0.8972170000;0.1819460000
3427;-7.7500000000;2.0500000000;-1.7700000000;74.6250000000;90.6875000000;28.5000000000;32.5625000000;-24.0000000000;14.1875000000;0.3468630000;0.1359250000;-0.9141240000;0.1599120000
3428;-6.9400000000;2.1200000000;-2.0500000000;44.6250000000;57.6875000000;32.0000000000;29.8750000000;-25.5000000000;18.5625000000;0.3321530000;0.1267090000;-0.9230350000;0.1470340000
3429;-6.1800000000;1.3500000000;-3.0500000000;12.1875000000;23.3750000000;29.3125000000;29.8750000000;-25.5000000000;18.5625000000;0.3201900000;0.1165160000;-0.9293210000;0.1423950000
3430;-6.5800000000;0.5700000000;-5.5300000000;-7.5000000000;-8.3750000000;29.0000000000;28.7500000000;-24.6875000000;21.0000000000;0.3185420000;0.1055300000;-0.9304810000;0.1470950000
3431;-5.8800000000;0.0600000000;-6.9100000000;-6.5625000000;-14.6875000000;7.8750000000;27.2500000000;-24.0000000000;21.7500000000;0.3217160000;0.1036380000;-0.9287720000;0.1522830000
3432;-6.5300000000;1.8300000000;-7.7000000000;-14.0625000000;-9.7500000000;6.0625000000;27.6875000000;-25.0625000000;21.7500000000;0.3238530000;0.1054690000;-0.9272460000;0.1553960000
3433;-6.5300000000;0.5500000000;-6.8600000000;-10.6250000000;-1.6250000000;-6.6875000000;27.2500000000;-25.0625000000;21.0000000000;0.3235470000;0.1090090000;-0.9259030000;0.1618040000
3434;-6.1700000000;3.0200000000;-6.4900000000;-2.1250000000;-4.1875000000;-5.1875000000;27.2500000000;-25.0625000000;21.0000000000;0.3255620000;0.1113890000;-0.9251710000;0.1602780000
3435;-7.0800000000;1.1300000000;-6.4900000000;-15.2500000000;-8.8125000000;-2.8750000000;27.6875000000;-25.8750000000;20.5625000000;0.3262940000;0.1151730000;-0.9233400000;0.1666260000
3436;-6.0500000000;3.1800000000;-7.0800000000;0.0000000000;-16.8125000000;-12.7500000000;27.6875000000;-25.8750000000;20.5625000000;0.3311160000;0.1196290000;-0.9208980000;0.1674800000
3437;-6.8000000000;2.0900000000;-7.6400000000;-17.0625000000;-10.8750000000;-1.1875000000;27.6875000000;-26.1875000000;19.0000000000;0.3350830000;0.1239620000;-0.9180300000;0.1718140000
3438;-6.3900000000;2.4800000000;-6.9600000000;-4.8750000000;-7.4375000000;-11.8750000000;28.6875000000;-25.7500000000;19.0000000000;0.3367310000;0.1291500000;-0.9160160000;0.1755980000
3439;-6.4300000000;3.6400000000;-8.1800000000;-9.6875000000;-9.5000000000;-0.4375000000;28.6875000000;-25.7500000000;19.0000000000;0.3402710000;0.1312260000;-0.9143680000;0.1759030000
3440;-6.8800000000;1.6700000000;-6.7400000000;-1.5000000000;8.6875000000;-1.5625000000;28.2500000000;-26.0625000000;17.7500000000;0.3385620000;0.1338500000;-0.9138790000;0.1798100000
3441;-6.2900000000;3.3500000000;-7.0900000000;7.6250000000;-3.2500000000;-3.3125000000;28.3750000000;-26.0625000000;19.0000000000;0.3387450000;0.1345830000;-0.9143070000;0.1765140000
3442;-6.6200000000;1.8600000000;-6.5600000000;-2.3125000000;8.1875000000;3.4375000000;28.0000000000;-26.0625000000;18.1875000000;0.3375850000;0.1345210000;-0.9146120000;0.1771240000
3443;-6.4900000000;2.7300000000;-6.4300000000;5.1250000000;-2.5000000000;-1.8125000000;28.6875000000;-25.7500000000;18.1875000000;0.3364870000;0.1359860000;-0.9149780000;0.1763310000
3444;-6.8600000000;1.7400000000;-6.5700000000;-6.5000000000;1.1875000000;3.0000000000;28.6875000000;-25.7500000000;18.1875000000;0.3367310000;0.1354370000;-0.9147950000;0.1772460000
3445;-6.5400000000;2.7600000000;-7.2600000000;2.5000000000;-5.8750000000;-2.1875000000;29.0625000000;-23.8750000000;19.3750000000;0.3370970000;0.1376950000;-0.9140620000;0.1785280000
3446;-6.6900000000;2.0600000000;-6.9200000000;-2.6875000000;2.0625000000;3.0000000000;28.6875000000;-25.8750000000;19.0000000000;0.3376460000;0.1375730000;-0.9138790000;0.1785890000
3447;-6.5500000000;2.3300000000;-6.8100000000;3.8750000000;-2.1875000000;-3.8750000000;28.6875000000;-26.0625000000;17.0000000000;0.3367310000;0.1401370000;-0.9135740000;0.1799930000
3448;-6.4800000000;2.9900000000;-7.0100000000;-0.9375000000;0.0000000000;0.3750000000;28.2500000000;-25.7500000000;18.1875000000;0.3376460000;0.1408690000;-0.9133300000;0.1787110000
3449;-6.5800000000;2.3200000000;-6.5700000000;-0.0625000000;1.3125000000;1.4375000000;28.2500000000;-25.7500000000;18.1875000000;0.3368530000;0.1406250000;-0.9134520000;0.1799930000
3450;-6.4900000000;2.3600000000;-6.4000000000;-3.5625000000;-1.3125000000;3.0625000000;28.6875000000;-26.0625000000;19.0000000000;0.3368530000;0.1401980000;-0.9134520000;0.1801760000
3451;-6.8300000000;1.5000000000;-6.4600000000;-6.0625000000;-3.6875000000;0.6250000000;29.0625000000;-24.2500000000;19.0000000000;0.3369750000;0.1420290000;-0.9124760000;0.1834110000
3452;-6.6400000000;2.0900000000;-6.8900000000;-1.3125000000;-9.8125000000;-5.0625000000;27.8750000000;-26.5000000000;19.0000000000;0.3393550000;0.1430660000;-0.9113160000;0.1841430000
3453;-6.5200000000;2.4400000000;-7.2400000000;-4.9375000000;-3.8750000000;-4.3125000000;29.3750000000;-26.0625000000;18.1875000000;0.3416140000;0.1456910000;-0.9097900000;0.1852420000
3454;-6.8000000000;2.6200000000;-7.1300000000;-1.5625000000;-2.1875000000;-3.9375000000;29.3750000000;-26.0625000000;18.1875000000;0.3423460000;0.1473390000;-0.9091190000;0.1860960000
3455;-6.7700000000;2.4200000000;-6.6100000000;-0.5625000000;0.5000000000;-2.9375000000;29.3750000000;-26.0625000000;18.1875000000;0.3424070000;0.1488650000;-0.9088130000;0.1862180000
3456;-6.5400000000;3.0800000000;-6.9500000000;-2.4375000000;-1.7500000000;0.5000000000;29.3750000000;-26.0625000000;17.3750000000;0.3427120000;0.1502690000;-0.9083250000;0.1867070000
3457;-6.8800000000;2.0400000000;-6.4400000000;-1.3750000000;1.7500000000;-0.6875000000;29.3750000000;-24.5625000000;17.3750000000;0.3417360000;0.1521610000;-0.9080810000;0.1884160000
3458;-6.5300000000;2.4400000000;-6.5800000000;1.1875000000;-2.2500000000;-1.0625000000;28.6875000000;-25.8750000000;18.1875000000;0.3423460000;0.1523440000;-0.9078980000;0.1880490000
3459;-6.5900000000;2.4500000000;-6.6700000000;-3.5625000000;-1.4375000000;2.8750000000;28.6875000000;-25.8750000000;18.1875000000;0.3428960000;0.1520390000;-0.9075930000;0.1887210000
3460;-6.9400000000;1.7800000000;-6.6500000000;1.9375000000;-3.1875000000;-3.3750000000;29.0625000000;-26.5000000000;18.1875000000;0.3432010000;0.1524050000;-0.9071660000;0.1896970000
3461;-6.4400000000;3.1300000000;-7.1800000000;0.0000000000;-3.0625000000;-0.6875000000;29.7500000000;-25.7500000000;17.7500000000;0.3448490000;0.1536870000;-0.9064940000;0.1888430000
3462;-7.0600000000;1.7800000000;-6.6700000000;-8.0000000000;2.7500000000;0.5000000000;29.3750000000;-26.0625000000;17.7500000000;0.3440550000;0.1544190000;-0.9063110000;0.1907960000
3463;-6.6400000000;2.8300000000;-6.6300000000;7.8750000000;-1.1875000000;-3.6250000000;29.3750000000;-26.5000000000;17.7500000000;0.3448490000;0.1547240000;-0.9064330000;0.1885380000
3464;-6.6700000000;2.4100000000;-6.5700000000;-2.9375000000;-0.1875000000;1.1875000000;29.3750000000;-26.5000000000;17.7500000000;0.3447880000;0.1546630000;-0.9063720000;0.1888430000
3465;-6.7900000000;2.6300000000;-6.6100000000;0.5625000000;-1.4375000000;0.4375000000;29.0625000000;-25.7500000000;17.3750000000;0.3450930000;0.1546630000;-0.9061890000;0.1893310000
3466;-6.8000000000;2.2400000000;-6.6000000000;-0.8750000000;-1.9375000000;1.3125000000;29.3750000000;-26.0625000000;17.3750000000;0.3456420000;0.1544190000;-0.9058230000;0.1900630000
3467;-6.7600000000;2.3400000000;-6.7200000000;-3.5000000000;-1.0000000000;2.2500000000;29.7500000000;-25.7500000000;17.3750000000;0.3457030000;0.1546630000;-0.9055180000;0.1914670000
3468;-6.8700000000;1.9700000000;-6.8600000000;-3.6250000000;-1.6875000000;0.3125000000;29.7500000000;-25.7500000000;17.3750000000;0.3457030000;0.1549070000;-0.9051510000;0.1928710000
3469;-6.5600000000;2.4700000000;-6.6100000000;1.5625000000;-0.0625000000;-2.1250000000;29.3750000000;-26.0625000000;17.3750000000;0.3460080000;0.1552730000;-0.9051510000;0.1921390000
3470;-6.8500000000;2.3100000000;-6.8500000000;-1.4375000000;-1.5625000000;0.6875000000;28.6875000000;-25.3750000000;18.1875000000;0.3461910000;0.1553340000;-0.9049680000;0.1926270000
3471;-6.7800000000;2.2300000000;-6.3600000000;0.6250000000;1.2500000000;-2.8750000000;29.3750000000;-26.0625000000;17.7500000000;0.3461300000;0.1560060000;-0.9049070000;0.1923830000
3472;-6.7300000000;2.7400000000;-6.6800000000;0.5625000000;-2.4375000000;-0.3750000000;29.0625000000;-26.0625000000;17.3750000000;0.3468020000;0.1561890000;-0.9047850000;0.1916500000
3473;-6.7700000000;2.2600000000;-6.5900000000;-2.4375000000;-0.3750000000;0.3125000000;29.0625000000;-26.0625000000;17.3750000000;0.3469240000;0.1565550000;-0.9043580000;0.1929320000
3474;-6.8200000000;2.6600000000;-6.5900000000;-1.4375000000;-1.0625000000;1.3125000000;29.3750000000;-25.7500000000;17.0000000000;0.3471070000;0.1564330000;-0.9042970000;0.1931760000
3475;-6.7400000000;2.4600000000;-6.7500000000;0.5000000000;-3.3125000000;1.3750000000;29.3750000000;-26.0625000000;16.1875000000;0.3477170000;0.1563720000;-0.9038700000;0.1940920000
3476;-6.8900000000;2.5000000000;-6.9200000000;-2.5000000000;-0.8125000000;3.6875000000;29.7500000000;-26.0625000000;17.0000000000;0.3475950000;0.1558230000;-0.9037480000;0.1951900000
3477;-6.7900000000;2.2700000000;-6.4900000000;3.8750000000;2.2500000000;0.0625000000;29.0625000000;-25.3750000000;18.1875000000;0.3472900000;0.1552730000;-0.9040530000;0.1948850000
3478;-6.6300000000;2.6800000000;-6.4800000000;0.6875000000;0.5625000000;2.5000000000;29.0625000000;-25.3750000000;18.1875000000;0.3472290000;0.1549070000;-0.9044190000;0.1936040000
3479;-7.1100000000;1.5900000000;-6.3600000000;-3.8750000000;0.9375000000;2.5625000000;29.0625000000;-25.7500000000;16.1875000000;0.3461300000;0.1547850000;-0.9043580000;0.1957400000
3480;-6.4600000000;3.0900000000;-6.5700000000;4.1250000000;-2.6250000000;-3.3125000000;29.0625000000;-26.0625000000;17.0000000000;0.3471680000;0.1550900000;-0.9042360000;0.1943970000
3481;-7.0600000000;1.7500000000;-6.5000000000;-8.6250000000;-0.1875000000;2.9375000000;29.0625000000;-26.0625000000;16.5625000000;0.3469240000;0.1552730000;-0.9038090000;0.1966550000
3482;-6.7100000000;2.4200000000;-6.4900000000;-0.6875000000;-1.3125000000;-4.4375000000;28.6875000000;-26.0625000000;17.0000000000;0.3473510000;0.1559450000;-0.9035030000;0.1968380000
3483;-6.6900000000;2.7400000000;-6.7300000000;-2.2500000000;-3.3125000000;0.6875000000;28.6875000000;-26.0625000000;17.0000000000;0.3484500000;0.1565550000;-0.9030150000;0.1965940000
3484;-7.0800000000;2.2000000000;-6.6700000000;-2.0000000000;-0.3750000000;-1.3125000000;29.3750000000;-26.0625000000;17.0000000000;0.3483890000;0.1572270000;-0.9025270000;0.1983030000
3485;-6.5700000000;3.2600000000;-6.7200000000;1.9375000000;-2.2500000000;-2.5625000000;29.0625000000;-26.0625000000;17.3750000000;0.3491210000;0.1576540000;-0.9024050000;0.1973880000
3486;-7.0600000000;1.9000000000;-6.4900000000;-6.0000000000;1.2500000000;2.9375000000;29.0625000000;-26.0625000000;16.1875000000;0.3488770000;0.1571660000;-0.9023440000;0.1984860000
3487;-6.7000000000;2.8400000000;-6.5400000000;4.2500000000;-2.0000000000;-1.8125000000;30.1875000000;-26.5000000000;16.5625000000;0.3489380000;0.1579590000;-0.9022220000;0.1983030000
3488;-6.9400000000;1.9900000000;-6.6400000000;-4.3750000000;-1.3750000000;1.9375000000;30.1875000000;-26.5000000000;16.5625000000;0.3492430000;0.1578370000;-0.9019170000;0.1991580000
3489;-6.7400000000;2.7100000000;-6.5600000000;3.2500000000;0.1250000000;-2.1875000000;29.0625000000;-26.5000000000;17.3750000000;0.3495480000;0.1577150000;-0.9019170000;0.1986690000
3490;-6.7900000000;2.8700000000;-6.9500000000;-2.0625000000;-0.7500000000;2.2500000000;29.0625000000;-26.5000000000;15.8750000000;0.3497310000;0.1577150000;-0.9018550000;0.1985470000
3491;-7.0900000000;1.9600000000;-6.5800000000;0.8750000000;3.1875000000;1.3125000000;29.0625000000;-26.5000000000;16.5625000000;0.3487550000;0.1570430000;-0.9021000000;0.1997070000
3492;-6.4900000000;3.1500000000;-6.4300000000;7.4375000000;0.8125000000;-2.5625000000;29.3750000000;-26.8750000000;16.5625000000;0.3487550000;0.1570430000;-0.9027100000;0.1969600000
3493;-7.0000000000;1.9900000000;-6.3500000000;-2.9375000000;2.0000000000;5.1250000000;29.3750000000;-26.8750000000;16.5625000000;0.3483280000;0.1561280000;-0.9030150000;0.1971440000
3494;-6.7800000000;2.3900000000;-5.9800000000;1.7500000000;-0.3125000000;-2.8750000000;29.3750000000;-25.7500000000;17.0000000000;0.3477170000;0.1560670000;-0.9031980000;0.1974490000
3495;-6.7900000000;2.3800000000;-6.7700000000;-3.3750000000;-4.5625000000;2.0000000000;29.3750000000;-25.0000000000;17.0000000000;0.3491820000;0.1558840000;-0.9027100000;0.1972660000
3496;-7.0900000000;1.9700000000;-6.5300000000;-1.8750000000;-2.6875000000;-1.6250000000;29.0625000000;-26.5000000000;16.6875000000;0.3496700000;0.1561890000;-0.9020390000;0.1991580000
3497;-6.6700000000;2.7900000000;-6.9700000000;-1.3125000000;-4.6875000000;-2.7500000000;29.3750000000;-26.5000000000;16.5625000000;0.3511960000;0.1569820000;-0.9013670000;0.1989140000
3498;-7.0100000000;2.2000000000;-6.6100000000;-2.6875000000;1.5625000000;0.0000000000;29.3750000000;-26.5000000000;16.5625000000;0.3515010000;0.1571040000;-0.9011230000;0.1992190000
3499;-6.6400000000;3.2400000000;-6.5700000000;5.4375000000;0.2500000000;-3.3750000000;29.7500000000;-25.0000000000;17.0000000000;0.3513790000;0.1575930000;-0.9013060000;0.1983640000
3500;-7.0500000000;2.1400000000;-6.2400000000;-4.6875000000;2.6875000000;2.6875000000;29.7500000000;-26.5000000000;17.0000000000;0.3511350000;0.1574710000;-0.9014280000;0.1984250000
3501;-6.7400000000;2.8600000000;-6.1400000000;3.6250000000;-1.7500000000;-1.6875000000;29.3750000000;-25.7500000000;16.5625000000;0.3508910000;0.1575320000;-0.9014890000;0.1983640000
3502;-6.9800000000;2.1100000000;-6.4100000000;-7.0625000000;-3.2500000000;3.3125000000;29.7500000000;-25.3750000000;16.5625000000;0.3516240000;0.1572270000;-0.9010010000;0.1994020000
3503;-6.8500000000;2.3700000000;-6.6100000000;-0.0625000000;-3.3750000000;-0.6875000000;29.7500000000;-25.3750000000;16.5625000000;0.3525390000;0.1570430000;-0.9003910000;0.2008060000
3504;-6.9500000000;2.2900000000;-6.8300000000;-1.8750000000;-2.9375000000;1.2500000000;28.6875000000;-26.0625000000;16.1875000000;0.3533940000;0.1571040000;-0.8999630000;0.2011720000
3505;-6.9600000000;2.0800000000;-6.4900000000;0.8750000000;1.5000000000;-2.1875000000;29.3750000000;-26.5000000000;16.5625000000;0.3534550000;0.1572270000;-0.8997800000;0.2017210000
3506;-6.7700000000;2.8900000000;-6.5300000000;1.7500000000;-1.3125000000;-3.3125000000;30.1875000000;-26.8750000000;16.2500000000;0.3538210000;0.1580200000;-0.8999020000;0.2000120000
3507;-6.9100000000;2.3100000000;-6.5600000000;-1.4375000000;0.7500000000;-1.0000000000;29.3750000000;-26.5000000000;15.8750000000;0.3540040000;0.1583250000;-0.8997190000;0.2002560000
3508;-6.8700000000;2.5000000000;-5.9900000000;-0.0625000000;0.0625000000;-4.1250000000;29.3750000000;-26.5000000000;15.8750000000;0.3538210000;0.1592410000;-0.8997190000;0.1999510000
3509;-6.8700000000;2.6900000000;-6.6200000000;-4.9375000000;-3.5625000000;1.8125000000;29.7500000000;-26.0625000000;15.5000000000;0.3548580000;0.1594240000;-0.8991090000;0.2005620000
3510;-7.0800000000;2.1500000000;-6.6400000000;4.3125000000;-1.1875000000;-2.7500000000;29.7500000000;-26.5000000000;16.2500000000;0.3554080000;0.1596070000;-0.8988040000;0.2008670000
3511;-6.7500000000;2.9800000000;-6.7400000000;-0.5000000000;-1.5000000000;1.6875000000;29.3750000000;-25.0000000000;16.2500000000;0.3560790000;0.1595460000;-0.8986820000;0.2001950000
3512;-7.1900000000;1.8800000000;-6.3400000000;-6.0625000000;2.4375000000;2.5625000000;29.7500000000;-23.8750000000;16.0000000000;0.3552860000;0.1593020000;-0.8987430000;0.2015380000
3513;-6.7200000000;2.9900000000;-6.3100000000;-0.6250000000;-2.4375000000;0.2500000000;29.7500000000;-23.8750000000;16.0000000000;0.3556520000;0.1593630000;-0.8987430000;0.2008060000
3514;-7.2200000000;2.0800000000;-6.6300000000;-6.7500000000;0.3750000000;2.8750000000;30.1875000000;-27.1875000000;15.0625000000;0.3553470000;0.1589360000;-0.8984370000;0.2031250000
3515;-6.9000000000;2.3300000000;-6.5000000000;8.6875000000;0.0000000000;-3.8125000000;30.1875000000;-26.5000000000;15.5625000000;0.3556520000;0.1592410000;-0.8986210000;0.2016600000
3516;-6.7600000000;2.6500000000;-6.4700000000;-2.3125000000;1.7500000000;0.6875000000;30.1875000000;-25.0000000000;15.0625000000;0.3552860000;0.1592410000;-0.8988040000;0.2014160000
3517;-7.0500000000;2.0300000000;-6.3000000000;1.1875000000;0.4375000000;-1.3125000000;30.1875000000;-25.0000000000;15.0625000000;0.3551640000;0.1594850000;-0.8988650000;0.2012940000
3518;-6.8000000000;2.9300000000;-6.5200000000;1.8750000000;-0.5625000000;0.1875000000;29.3750000000;-26.7500000000;16.0000000000;0.3555300000;0.1593630000;-0.8988650000;0.2005000000
3519;-7.0500000000;2.2000000000;-6.3600000000;-1.3750000000;1.5000000000;0.9375000000;29.7500000000;-26.0625000000;17.0625000000;0.3550420000;0.1592410000;-0.8989870000;0.2009890000
3520;-6.7900000000;3.0100000000;-6.4300000000;3.4375000000;-3.1250000000;-0.3750000000;29.0625000000;-26.8750000000;15.5000000000;0.3558350000;0.1588750000;-0.8988650000;0.2003170000
3521;-7.1700000000;1.7300000000;-6.3900000000;-8.0625000000;2.3125000000;4.9375000000;29.3750000000;-26.5000000000;16.2500000000;0.3548580000;0.1582640000;-0.8988650000;0.2026980000
3522;-6.8500000000;2.6900000000;-6.3300000000;7.8750000000;-2.3125000000;-4.7500000000;29.3750000000;-26.5000000000;16.2500000000;0.3556520000;0.1585080000;-0.8988650000;0.2009280000
3523;-6.8900000000;2.2500000000;-6.6200000000;-6.1250000000;-0.1250000000;1.6875000000;29.3750000000;-26.8750000000;16.0000000000;0.3557740000;0.1586300000;-0.8986210000;0.2019650000
3524;-7.1100000000;2.2500000000;-6.6300000000;2.9375000000;0.6875000000;-1.3750000000;29.7500000000;-26.8750000000;17.5000000000;0.3556520000;0.1589360000;-0.8986820000;0.2015990000
3525;-6.7400000000;2.8100000000;-6.4000000000;1.6875000000;0.5000000000;-1.6875000000;29.0625000000;-26.0625000000;15.0000000000;0.3557130000;0.1592410000;-0.8988040000;0.2006840000
3526;-6.9900000000;2.2900000000;-6.5300000000;-2.3125000000;1.3750000000;1.3750000000;30.1875000000;-25.7500000000;16.2500000000;0.3552860000;0.1591800000;-0.8988040000;0.2012940000
3527;-6.8600000000;2.6200000000;-6.1100000000;4.5000000000;-0.0625000000;-2.1875000000;30.1875000000;-25.7500000000;16.2500000000;0.3550420000;0.1594850000;-0.8991090000;0.2004390000
3528;-6.8500000000;2.6700000000;-6.5100000000;-2.8750000000;-2.3750000000;2.5000000000;30.1875000000;-26.0625000000;16.6875000000;0.3556520000;0.1592410000;-0.8987430000;0.2010500000
3529;-7.0900000000;2.2100000000;-6.6100000000;0.8750000000;-1.1250000000;-0.6250000000;29.3750000000;-25.7500000000;17.0000000000;0.3559570000;0.1592410000;-0.8985600000;0.2013550000
3530;-6.8000000000;2.7800000000;-6.6200000000;1.8125000000;-1.4375000000;0.8125000000;30.8750000000;-26.0625000000;16.5625000000;0.3563840000;0.1589360000;-0.8985600000;0.2006840000
3531;-7.1200000000;2.1400000000;-6.2900000000;-0.6250000000;2.0000000000;-0.5625000000;30.1875000000;-25.7500000000;16.5625000000;0.3560790000;0.1589970000;-0.8986210000;0.2009890000
3532;-6.8200000000;2.7100000000;-6.5100000000;1.6250000000;-0.5625000000;-2.3750000000;30.1875000000;-25.7500000000;16.5625000000;0.3560180000;0.1594240000;-0.8987430000;0.2001950000
3533;-7.0200000000;2.2800000000;-6.4200000000;-1.8750000000;0.5625000000;-0.5000000000;29.0625000000;-26.5000000000;16.5625000000;0.3559570000;0.1596070000;-0.8986820000;0.2004390000
3534;-6.8400000000;2.4600000000;-6.2500000000;0.3750000000;0.6875000000;-3.2500000000;29.3750000000;-26.5000000000;17.0000000000;0.3559570000;0.1604000000;-0.8986210000;0.2001340000
3535;-6.8900000000;2.5900000000;-6.3400000000;-2.3750000000;-1.3750000000;0.8125000000;29.7500000000;-26.0625000000;16.5625000000;0.3562620000;0.1605830000;-0.8983150000;0.2006840000
3536;-7.1000000000;2.1500000000;-6.2800000000;-2.4375000000;-2.4375000000;-0.5000000000;29.7500000000;-25.7500000000;17.0000000000;0.3565670000;0.1607670000;-0.8979490000;0.2015990000
3537;-6.8400000000;2.6400000000;-5.9500000000;-2.6875000000;-3.5000000000;-2.0000000000;29.7500000000;-25.7500000000;17.0000000000;0.3575440000;0.1613770000;-0.8974000000;0.2020260000
3538;-7.1900000000;2.0300000000;-5.7400000000;-9.6875000000;-6.2500000000;0.6875000000;30.5625000000;-26.5000000000;17.0000000000;0.3588260000;0.1618650000;-0.8962400000;0.2045900000
3539;-7.2800000000;1.7700000000;-5.3900000000;-2.6250000000;-13.0000000000;-6.1875000000;29.7500000000;-26.0625000000;16.1875000000;0.3619380000;0.1630250000;-0.8942870000;0.2064820000
3540;-7.2100000000;1.3400000000;-4.5300000000;-11.4375000000;-14.5625000000;-12.3125000000;29.7500000000;-26.5000000000;15.5000000000;0.3665160000;0.1660770000;-0.8914180000;0.2084960000
3541;-7.2600000000;0.9700000000;-2.9500000000;-21.1250000000;-24.2500000000;-21.5625000000;30.1875000000;-25.0000000000;15.0000000000;0.3725590000;0.1721190000;-0.8867800000;0.2125240000
3542;-7.7700000000;1.3400000000;-2.9600000000;-38.6250000000;-52.7500000000;-25.9375000000;30.1875000000;-25.0000000000;15.0000000000;0.3849490000;0.1807860000;-0.8775630000;0.2213750000
3543;-8.4500000000;2.0300000000;-3.9500000000;-52.1250000000;-70.3750000000;-32.0000000000;31.2500000000;-25.0000000000;15.0000000000;0.4033200000;0.1912840000;-0.8632810000;0.2357180000
3544;-9.6900000000;0.7300000000;-3.4900000000;-62.1250000000;-70.6250000000;-37.8750000000;32.6875000000;-26.5000000000;12.3750000000;0.4227290000;0.2036130000;-0.8460690000;0.2528690000
3545;-10.0000000000;1.2400000000;-2.9200000000;-60.1250000000;-77.6250000000;-55.5625000000;34.5625000000;-25.7500000000;8.7500000000;0.4436040000;0.2199100000;-0.8264160000;0.2681270000
3546;-9.8400000000;2.5000000000;-3.8700000000;-59.6250000000;-97.5000000000;-67.5000000000;35.3750000000;-25.0625000000;4.8750000000;0.4693600000;0.2398680000;-0.8012700000;0.2830200000
3547;-10.2000000000;2.1000000000;-2.8400000000;-42.2500000000;-89.1875000000;-61.5625000000;35.3750000000;-25.0625000000;4.8750000000;0.4964600000;0.2554320000;-0.7761230000;0.2931520000
3548;-11.2700000000;2.9100000000;-2.8900000000;-59.7500000000;-112.6875000000;-69.8125000000;36.7500000000;-24.3750000000;1.0000000000;0.5239260000;0.2708130000;-0.7486570000;0.3028560000
3549;-10.1600000000;3.0500000000;-4.2600000000;-48.0625000000;-111.3125000000;-62.5000000000;37.1875000000;-22.1875000000;-3.3750000000;0.5529790000;0.2864380000;-0.7156370000;0.3161620000
3550;-10.0600000000;2.7300000000;-3.4600000000;-21.9375000000;-69.4375000000;-44.5000000000;37.8750000000;-19.5625000000;-6.8750000000;0.5767210000;0.2941280000;-0.6912840000;0.3210450000
3551;-10.4600000000;1.7500000000;-2.6800000000;-45.5625000000;-44.9375000000;-35.8750000000;38.6875000000;-18.3750000000;-10.5000000000;0.5893550000;0.3040160000;-0.6735230000;0.3265380000
3552;-9.4900000000;1.3400000000;-1.9000000000;-34.2500000000;-24.5000000000;-37.0000000000;38.6875000000;-18.3750000000;-10.5000000000;0.5961910000;0.3175660000;-0.6582030000;0.3322750000
3553;-10.3900000000;2.0300000000;-1.6700000000;-13.5625000000;-24.3125000000;-26.9375000000;37.8750000000;-16.8750000000;-12.3750000000;0.6040650000;0.3241580000;-0.6481320000;0.3316650000
3554;-9.4200000000;1.8500000000;-3.0000000000;-17.6250000000;-25.6250000000;-13.3750000000;37.0625000000;-14.2500000000;-14.3750000000;0.6103520000;0.3287960000;-0.6381840000;0.3347170000
3555;-9.0700000000;1.7500000000;-2.1000000000;-4.7500000000;2.6250000000;-5.0625000000;37.1875000000;-13.0625000000;-14.3750000000;0.6123660000;0.3305050000;-0.6351930000;0.3351440000
3556;-9.6200000000;1.6500000000;-0.9900000000;-12.2500000000;13.0000000000;4.0625000000;37.8750000000;-14.8750000000;-14.3750000000;0.6104130000;0.3308110000;-0.6379390000;0.3331910000
3557;-9.9000000000;0.4800000000;-0.7600000000;7.0000000000;5.0625000000;10.9375000000;37.8750000000;-14.8750000000;-14.3750000000;0.6069340000;0.3308720000;-0.6401370000;0.3352050000
3558;-9.7000000000;0.4900000000;-0.6600000000;16.7500000000;13.5625000000;8.4375000000;36.6875000000;-13.0000000000;-14.7500000000;0.6064450000;0.3251950000;-0.6454470000;0.3314820000
3559;-9.9700000000;0.0200000000;-0.0700000000;4.5625000000;13.2500000000;7.6875000000;37.5000000000;-14.7500000000;-14.7500000000;0.6040650000;0.3215940000;-0.6512450000;0.3279420000
3560;-9.8700000000;-0.2400000000;-0.3300000000;18.4375000000;0.0625000000;4.6875000000;37.0625000000;-14.6875000000;-12.7500000000;0.6047970000;0.3159790000;-0.6552730000;0.3240970000
3561;-9.5000000000;0.3300000000;-0.6200000000;16.0625000000;2.1250000000;3.2500000000;37.0625000000;-13.6875000000;-12.7500000000;0.6071170000;0.3098750000;-0.6583860000;0.3191530000
3562;-9.8600000000;0.1100000000;-0.4200000000;-11.1250000000;6.0000000000;5.3750000000;37.0625000000;-13.6875000000;-12.7500000000;0.6049190000;0.3100590000;-0.6598510000;0.3203130000
3563;-9.7800000000;-0.0300000000;-0.5000000000;-1.0000000000;1.6875000000;0.4375000000;37.5000000000;-13.6875000000;-12.0000000000;0.6038210000;0.3101810000;-0.6604610000;0.3208620000
3564;-9.8000000000;0.1100000000;-0.6800000000;-6.0625000000;1.8125000000;-1.0625000000;37.5000000000;-15.0625000000;-12.7500000000;0.6041260000;0.3103030000;-0.6605830000;0.3199460000
3565;-9.8400000000;0.2900000000;-0.4300000000;2.5000000000;1.8750000000;-3.4375000000;37.5000000000;-14.0000000000;-12.0000000000;0.6048580000;0.3108520000;-0.6606450000;0.3179320000
3566;-9.6300000000;0.5100000000;-0.6700000000;-0.1250000000;-1.8125000000;-2.6875000000;37.7500000000;-14.3750000000;-12.7500000000;0.6058350000;0.3105470000;-0.6604610000;0.3167110000
3567;-9.6700000000;0.4600000000;-0.4600000000;-1.0625000000;0.3125000000;-1.0000000000;37.7500000000;-14.3750000000;-12.7500000000;0.6056520000;0.3113400000;-0.6600950000;0.3171390000
3568;-9.7700000000;0.5500000000;-0.4700000000;1.1250000000;-6.2500000000;0.5000000000;37.0625000000;-13.6875000000;-12.7500000000;0.6067500000;0.3105470000;-0.6594240000;0.3170780000
3569;-9.6900000000;0.5000000000;-0.6200000000;1.0000000000;-5.8125000000;2.1250000000;37.7500000000;-14.6875000000;-13.1875000000;0.6083370000;0.3087160000;-0.6586300000;0.3174440000
3570;-9.7300000000;0.3200000000;-0.5000000000;2.8125000000;-5.2500000000;2.8125000000;37.7500000000;-13.2500000000;-13.5625000000;0.6094970000;0.3071290000;-0.6580810000;0.3180540000
3571;-9.8300000000;0.4600000000;-0.6500000000;5.1875000000;-8.0000000000;1.5000000000;37.7500000000;-13.2500000000;-13.5625000000;0.6117550000;0.3042600000;-0.6575930000;0.3174440000
3572;-9.6500000000;0.2000000000;-1.0600000000;-1.3125000000;-3.5625000000;0.1250000000;37.7500000000;-15.0625000000;-13.5625000000;0.6125490000;0.3038940000;-0.6566770000;0.3181760000
3573;-9.7200000000;0.4500000000;-0.5100000000;1.6875000000;1.8125000000;-0.4375000000;37.0625000000;-14.3750000000;-13.5625000000;0.6125490000;0.3035890000;-0.6571660000;0.3173830000
3574;-9.7900000000;0.3000000000;-0.6600000000;-0.1875000000;-2.8125000000;1.0000000000;37.0625000000;-14.6875000000;-14.3750000000;0.6129150000;0.3032230000;-0.6569210000;0.3175660000
3575;-9.7000000000;0.4000000000;-0.6600000000;0.8750000000;0.8125000000;-0.7500000000;37.7500000000;-15.5000000000;-14.0000000000;0.6132200000;0.3025510000;-0.6575930000;0.3162230000
3576;-9.7100000000;0.4700000000;-0.2800000000;-1.3750000000;2.6875000000;0.3125000000;37.7500000000;-15.5000000000;-14.0000000000;0.6127320000;0.3028560000;-0.6580200000;0.3160400000
3577;-9.7500000000;0.3600000000;-0.4100000000;-0.3750000000;-1.0000000000;1.8125000000;36.6875000000;-14.0000000000;-14.7500000000;0.6123660000;0.3027340000;-0.6580200000;0.3167720000
3578;-9.7600000000;0.3800000000;-0.4800000000;0.6250000000;-1.0000000000;1.1875000000;36.6875000000;-14.3750000000;-13.1875000000;0.6127320000;0.3019410000;-0.6581420000;0.3166500000
3579;-9.7900000000;0.4100000000;-0.4600000000;-1.3750000000;-0.6875000000;0.3750000000;37.5000000000;-15.7500000000;-12.3750000000;0.6137080000;0.2999880000;-0.6588750000;0.3150020000
3580;-9.6700000000;0.4300000000;-0.5600000000;0.1875000000;-0.4375000000;0.0000000000;37.0625000000;-15.5000000000;-14.3750000000;0.6139530000;0.2996830000;-0.6589970000;0.3146970000
3581;-9.7400000000;0.4900000000;-0.4500000000;0.8125000000;-1.3750000000;0.0000000000;37.0625000000;-15.5000000000;-14.3750000000;0.6141360000;0.2994380000;-0.6589360000;0.3145750000
3582;-9.9200000000;0.2700000000;-0.6700000000;-2.4375000000;-1.9375000000;0.5625000000;37.0625000000;-14.3750000000;-12.3750000000;0.6147460000;0.2987670000;-0.6587520000;0.3144530000
3583;-9.6600000000;0.4800000000;-0.7200000000;3.8125000000;0.3125000000;-1.5000000000;37.5000000000;-15.7500000000;-13.5625000000;0.6155400000;0.2974240000;-0.6596680000;0.3122560000
3584;-9.8100000000;0.5000000000;-0.4100000000;-1.0625000000;2.4375000000;0.6250000000;36.2500000000;-16.1875000000;-13.5625000000;0.6156010000;0.2961430000;-0.6608890000;0.3107300000
3585;-9.7900000000;0.3100000000;-0.6400000000;2.3125000000;0.5000000000;0.5625000000;36.6875000000;-13.6875000000;-14.0000000000;0.6154170000;0.2962650000;-0.6608890000;0.3109130000
3586;-9.6500000000;0.5000000000;-0.2600000000;0.6250000000;2.7500000000;0.7500000000;36.6875000000;-13.6875000000;-14.0000000000;0.6151730000;0.2960210000;-0.6616210000;0.3102420000
3587;-9.9300000000;0.4000000000;-0.2900000000;-2.0000000000;-0.3125000000;2.3750000000;36.2500000000;-15.7500000000;-15.1875000000;0.6145020000;0.2959590000;-0.6618040000;0.3110960000
3588;-9.6700000000;0.2400000000;-0.7200000000;1.3125000000;-1.4375000000;0.8750000000;36.2500000000;-16.1875000000;-12.7500000000;0.6156010000;0.2937620000;-0.6624150000;0.3098140000
3589;-9.7000000000;0.4800000000;-0.2600000000;1.0000000000;1.6250000000;-0.5000000000;37.0625000000;-15.5000000000;-12.7500000000;0.6159670000;0.2926030000;-0.6632690000;0.3082890000
3590;-9.6900000000;0.3200000000;-0.5800000000;-1.8750000000;-2.5625000000;0.3750000000;37.7500000000;-15.7500000000;-13.5625000000;0.6163940000;0.2922360000;-0.6630250000;0.3082890000
3591;-9.8200000000;0.5400000000;-0.4700000000;1.6250000000;-1.3125000000;-0.6250000000;37.7500000000;-15.7500000000;-13.5625000000;0.6168210000;0.2920530000;-0.6626590000;0.3082890000
3592;-9.7000000000;0.4700000000;-0.6500000000;-1.4375000000;-1.4375000000;-0.1250000000;36.6875000000;-14.6875000000;-13.5625000000;0.6171260000;0.2920530000;-0.6622920000;0.3085330000
3593;-9.7900000000;0.4500000000;-0.5700000000;0.8125000000;-1.1875000000;0.0625000000;36.6875000000;-16.1875000000;-14.0000000000;0.6175540000;0.2913820000;-0.6624760000;0.3079830000
3594;-9.7800000000;0.5600000000;-0.6200000000;0.5625000000;-0.7500000000;1.1250000000;36.2500000000;-15.0625000000;-14.0000000000;0.6177980000;0.2908330000;-0.6625370000;0.3078610000
3595;-9.7600000000;0.1700000000;-0.6900000000;0.3750000000;0.3125000000;0.7500000000;37.0625000000;-14.0000000000;-14.0000000000;0.6173100000;0.2911990000;-0.6624760000;0.3087160000
3596;-9.6700000000;0.5200000000;-0.3600000000;2.3750000000;2.5000000000;-1.0625000000;37.0625000000;-14.0000000000;-14.0000000000;0.6172490000;0.2908330000;-0.6631470000;0.3076170000
3597;-9.7400000000;0.2500000000;-0.4800000000;-1.6250000000;-0.6250000000;0.8125000000;37.0625000000;-15.0625000000;-14.3750000000;0.6169430000;0.2911380000;-0.6632080000;0.3079220000
3598;-9.7600000000;0.4300000000;-0.4500000000;0.8125000000;0.1875000000;-0.3125000000;37.5000000000;-15.5000000000;-13.1875000000;0.6173710000;0.2905270000;-0.6633300000;0.3073120000
3599;-9.7300000000;0.3600000000;-0.4100000000;-0.8125000000;-0.2500000000;-0.3125000000;36.6875000000;-15.5000000000;-14.0000000000;0.6174320000;0.2905270000;-0.6633300000;0.3071900000
3600;-9.7100000000;0.5000000000;-0.3400000000;-0.3125000000;-0.6875000000;-0.6875000000;36.6875000000;-14.0000000000;-14.0000000000;0.6173100000;0.2911380000;-0.6629640000;0.3076170000
3601;-9.8200000000;0.4600000000;-0.6200000000;-0.4375000000;-2.4375000000;-0.3125000000;36.6875000000;-14.0000000000;-14.0000000000;0.6178590000;0.2910160000;-0.6624760000;0.3077390000
3602;-9.6100000000;0.9200000000;-0.6800000000;1.4375000000;-0.9375000000;-0.5000000000;36.2500000000;-16.1875000000;-14.0000000000;0.6185910000;0.2901610000;-0.6624150000;0.3071290000
3603;-9.7200000000;0.7800000000;-0.9600000000;-1.6250000000;1.3125000000;4.0000000000;37.5000000000;-14.3750000000;-14.0000000000;0.6181030000;0.2900390000;-0.6625980000;0.3078610000
3604;-9.7800000000;1.0400000000;-1.2800000000;-0.1875000000;5.1875000000;3.3750000000;37.7500000000;-15.0625000000;-13.5625000000;0.6170040000;0.2895510000;-0.6636350000;0.3083500000
3605;-9.5100000000;2.2000000000;-2.6200000000;0.0625000000;3.1250000000;3.3750000000;37.0625000000;-15.5000000000;-13.5625000000;0.6158450000;0.2891850000;-0.6647950000;0.3084720000
3606;-9.9900000000;2.3600000000;-3.0500000000;9.6875000000;28.6250000000;23.0000000000;37.0625000000;-15.5000000000;-13.5625000000;0.6113280000;0.2861330000;-0.6703490000;0.3082280000
3607;-9.9800000000;1.9200000000;-3.0400000000;1.5625000000;44.4375000000;29.6250000000;36.6875000000;-16.5625000000;-12.7500000000;0.5997310000;0.2814330000;-0.6827390000;0.3082890000
3608;-10.6900000000;3.0500000000;-4.8400000000;33.2500000000;49.3125000000;31.1250000000;38.1875000000;-17.2500000000;-11.5625000000;0.5888060000;0.2739870000;-0.6973880000;0.3030400000
3609;-9.9300000000;3.5600000000;-5.4100000000;37.3750000000;76.3750000000;46.3125000000;37.7500000000;-17.0000000000;-10.3750000000;0.5727540000;0.2633670000;-0.7173460000;0.2966310000
3610;-11.1800000000;3.5100000000;-3.7800000000;51.8750000000;108.1875000000;69.1250000000;38.5625000000;-18.0625000000;-7.6875000000;0.5466310000;0.2484130000;-0.7463380000;0.2871700000
3611;-10.9900000000;2.8500000000;-5.3600000000;46.6250000000;99.5000000000;76.3750000000;38.5625000000;-18.0625000000;-7.6875000000;0.5166630000;0.2313840000;-0.7750850000;0.2807010000
3612;-11.2500000000;2.8400000000;-4.5500000000;70.4375000000;134.6250000000;71.6250000000;37.7500000000;-19.1875000000;-3.6875000000;0.4821780000;0.2121580000;-0.8066410000;0.2679440000
3613;-10.7700000000;3.3500000000;-3.8200000000;73.9375000000;139.0625000000;67.5000000000;36.2500000000;-20.8750000000;1.3750000000;0.4422610000;0.1935420000;-0.8397830000;0.2483520000
3614;-9.8200000000;1.7500000000;-3.7700000000;69.1250000000;140.1875000000;64.1875000000;35.5625000000;-24.2500000000;5.2500000000;0.4006960000;0.1749880000;-0.8695680000;0.2296140000
3615;-9.2000000000;1.9800000000;-3.0500000000;91.6250000000;135.1875000000;55.6875000000;32.5625000000;-24.1875000000;11.8750000000;0.3601680000;0.1573490000;-0.8966060000;0.2040410000
3616;-7.5700000000;1.8800000000;-2.6100000000;74.6250000000;106.8750000000;43.0000000000;32.5625000000;-24.1875000000;11.8750000000;0.3246460000;0.1411130000;-0.9180300000;0.1785890000
3617;-6.7900000000;1.1100000000;-3.2800000000;56.7500000000;77.2500000000;37.0625000000;29.6875000000;-25.3750000000;16.7500000000;0.2978520000;0.1271360000;-0.9326170000;0.1591190000
3618;-5.9200000000;1.4600000000;-4.0500000000;47.2500000000;45.0000000000;25.8125000000;27.0625000000;-25.0000000000;21.0625000000;0.2804570000;0.1158450000;-0.9420170000;0.1432500000
3619;-6.2100000000;-0.0400000000;-5.1900000000;26.3125000000;27.5625000000;23.5000000000;24.7500000000;-24.1875000000;23.7500000000;0.2708130000;0.1069340000;-0.9472050000;0.1343990000
3620;-4.9700000000;1.0200000000;-6.1200000000;15.8750000000;1.8750000000;1.5000000000;23.3750000000;-23.0625000000;25.7500000000;0.2694090000;0.1043090000;-0.9485470000;0.1298220000
3621;-5.5400000000;0.7000000000;-7.5300000000;-15.9375000000;-7.8750000000;0.3750000000;23.3750000000;-23.0625000000;25.7500000000;0.2717290000;0.1040040000;-0.9478150000;0.1303100000
3622;-5.4000000000;1.0900000000;-7.0000000000;-3.8750000000;-2.4375000000;-7.3750000000;24.0000000000;-24.0000000000;24.5625000000;0.2728270000;0.1092530000;-0.9462890000;0.1349490000
3623;-5.6500000000;1.9300000000;-7.6200000000;-12.5625000000;-10.1250000000;-9.2500000000;24.3750000000;-24.5625000000;24.5625000000;0.2747800000;0.1146240000;-0.9447630000;0.1372070000
3624;-5.4300000000;2.1200000000;-7.3300000000;-12.1250000000;-8.3125000000;-11.1875000000;24.3750000000;-23.5000000000;25.3750000000;0.2775880000;0.1199950000;-0.9426880000;0.1410520000
3625;-5.7600000000;2.4100000000;-7.8900000000;-12.0000000000;-12.3750000000;-8.0000000000;24.3750000000;-23.5000000000;25.3750000000;0.2810060000;0.1254270000;-0.9403690000;0.1447140000
3626;-5.6900000000;2.0900000000;-7.2700000000;-11.3125000000;-9.2500000000;-9.6875000000;25.1875000000;-24.1875000000;23.7500000000;0.2841190000;0.1287840000;-0.9384770000;0.1482540000
3627;-5.4300000000;2.9200000000;-8.3400000000;-8.3125000000;-16.5625000000;-5.4375000000;25.5000000000;-23.8750000000;23.7500000000;0.2889400000;0.1327510000;-0.9359130000;0.1515500000
3628;-6.1400000000;1.7100000000;-7.4100000000;-8.7500000000;-7.3750000000;-5.2500000000;25.1875000000;-24.1875000000;22.5625000000;0.2902220000;0.1354370000;-0.9344480000;0.1557620000
3629;-5.6000000000;2.6000000000;-7.8800000000;-5.6875000000;-10.3125000000;-3.0000000000;25.8750000000;-24.1875000000;22.2500000000;0.2931520000;0.1384280000;-0.9326780000;0.1581420000
3630;-5.9400000000;2.0800000000;-7.7900000000;-6.4375000000;-5.0625000000;-2.1250000000;25.8750000000;-24.1875000000;22.2500000000;0.2944950000;0.1390380000;-0.9318850000;0.1597290000
3631;-6.0300000000;2.4700000000;-7.9500000000;-2.8125000000;-3.5625000000;-1.1875000000;26.6875000000;-24.1875000000;21.8750000000;0.2956540000;0.1420900000;-0.9306640000;0.1619260000
3632;-5.9600000000;2.0500000000;-7.7200000000;2.3750000000;0.9375000000;-2.0000000000;26.6875000000;-24.1875000000;21.5000000000;0.2954710000;0.1444700000;-0.9303590000;0.1619870000
3633;-5.9400000000;2.6000000000;-7.3000000000;4.0000000000;0.6875000000;2.1250000000;25.8750000000;-24.1875000000;22.5625000000;0.2954100000;0.1438600000;-0.9306640000;0.1608280000
3634;-5.9700000000;1.6400000000;-7.3000000000;-0.3125000000;-1.1250000000;-0.7500000000;26.6875000000;-24.5625000000;21.0625000000;0.2953490000;0.1454470000;-0.9302980000;0.1616210000
3635;-5.8300000000;2.3100000000;-7.3000000000;-0.4375000000;-0.1875000000;-0.2500000000;26.6875000000;-24.5625000000;21.0625000000;0.2956540000;0.1455080000;-0.9302980000;0.1610110000
3636;-6.2600000000;1.4000000000;-7.0200000000;-3.1875000000;-3.1875000000;-0.8125000000;27.0000000000;-23.8750000000;21.8750000000;0.2960820000;0.1478880000;-0.9294430000;0.1630860000
3637;-5.6000000000;2.5600000000;-7.7500000000;0.6250000000;-7.6875000000;-2.3750000000;26.6875000000;-25.0000000000;21.5000000000;0.2985230000;0.1491090000;-0.9284670000;0.1630250000
3638;-6.2500000000;1.8900000000;-7.1800000000;-10.7500000000;-0.1250000000;-0.0625000000;27.0000000000;-25.0000000000;21.5000000000;0.2982790000;0.1507570000;-0.9277950000;0.1657100000
3639;-6.0100000000;2.2600000000;-7.1200000000;2.8750000000;-10.2500000000;-7.1875000000;26.6875000000;-24.1875000000;21.5000000000;0.3001100000;0.1525880000;-0.9268800000;0.1660160000
3640;-6.1300000000;2.3900000000;-7.7200000000;-7.6875000000;-5.8750000000;1.9375000000;26.6875000000;-24.1875000000;21.5000000000;0.3029170000;0.1530150000;-0.9257200000;0.1668090000
3641;-6.2600000000;1.8700000000;-7.2400000000;-2.1875000000;-4.1875000000;-3.1250000000;27.7500000000;-24.1875000000;21.5000000000;0.3037720000;0.1557620000;-0.9244380000;0.1700440000
3642;-5.9900000000;2.4400000000;-7.3700000000;-5.5625000000;-5.5625000000;-2.6250000000;27.7500000000;-25.0000000000;21.5000000000;0.3055420000;0.1572270000;-0.9234010000;0.1711430000
3643;-6.2800000000;1.8000000000;-7.1800000000;-5.1875000000;-5.5625000000;-1.7500000000;27.0000000000;-23.8750000000;23.0000000000;0.3069460000;0.1578980000;-0.9224240000;0.1731570000
3644;-6.1600000000;2.4500000000;-7.4500000000;-3.1250000000;-8.0000000000;-3.8750000000;27.0000000000;-23.8750000000;20.6875000000;0.3088990000;0.1589970000;-0.9215090000;0.1735230000
3645;-6.2700000000;2.1200000000;-7.6900000000;-5.5000000000;-5.2500000000;-2.5625000000;27.0000000000;-23.8750000000;20.6875000000;0.3106690000;0.1601560000;-0.9202880000;0.1755980000
3646;-6.1300000000;2.2200000000;-7.2900000000;2.7500000000;-0.6250000000;-5.5000000000;28.5000000000;-25.0000000000;20.6875000000;0.3114010000;0.1622310000;-0.9196780000;0.1756590000
3647;-6.1900000000;2.5200000000;-7.1100000000;-3.1250000000;-0.1250000000;-1.6250000000;28.0625000000;-25.0000000000;19.8750000000;0.3116460000;0.1638790000;-0.9193730000;0.1753540000
3648;-6.4000000000;2.0200000000;-6.7800000000;-0.1875000000;-3.0000000000;-1.5625000000;28.0625000000;-24.5625000000;21.7500000000;0.3119510000;0.1644290000;-0.9190670000;0.1761470000
3649;-6.2400000000;2.3100000000;-6.9600000000;-2.2500000000;-5.4375000000;-3.0000000000;28.0625000000;-25.0000000000;20.2500000000;0.3137210000;0.1651610000;-0.9182130000;0.1764530000
3650;-6.3300000000;2.3400000000;-7.4000000000;-5.8125000000;-5.6875000000;-0.3750000000;28.0625000000;-25.0000000000;20.2500000000;0.3153690000;0.1656490000;-0.9172360000;0.1782230000
3651;-6.4800000000;1.8000000000;-7.3800000000;-3.6250000000;-2.7500000000;-2.2500000000;28.5000000000;-24.1875000000;19.8750000000;0.3161620000;0.1672970000;-0.9162600000;0.1804200000
3652;-6.1700000000;2.9200000000;-7.4500000000;1.7500000000;-3.8125000000;-3.8125000000;28.5000000000;-23.8750000000;19.5000000000;0.3171390000;0.1698000000;-0.9154660000;0.1804810000
3653;-6.4900000000;1.9900000000;-7.0700000000;-5.0625000000;2.6875000000;1.1250000000;28.8750000000;-25.0000000000;19.8750000000;0.3170780000;0.1701050000;-0.9152220000;0.1813960000
3654;-6.3600000000;2.6100000000;-6.8600000000;3.0625000000;-3.3750000000;-3.9375000000;29.1875000000;-24.5625000000;18.6875000000;0.3166500000;0.1727290000;-0.9147340000;0.1820680000
3655;-6.2900000000;2.1400000000;-7.1700000000;-6.6250000000;-1.4375000000;0.4375000000;29.1875000000;-24.5625000000;18.6875000000;0.3176880000;0.1729740000;-0.9141850000;0.1828000000
3656;-6.4300000000;2.2100000000;-7.1300000000;-0.1875000000;-3.3125000000;-2.9375000000;29.1875000000;-25.0000000000;20.2500000000;0.3180540000;0.1735840000;-0.9138180000;0.1835940000
3657;-6.2900000000;2.5600000000;-7.4100000000;-2.7500000000;-0.6250000000;0.0625000000;28.5000000000;-23.8750000000;19.5000000000;0.3189090000;0.1744380000;-0.9132080000;0.1840820000
3658;-6.5600000000;2.1500000000;-7.0100000000;-2.0625000000;-0.5000000000;-1.6875000000;28.5000000000;-24.5625000000;19.8750000000;0.3184200000;0.1749880000;-0.9130860000;0.1852420000
3659;-6.2100000000;2.7700000000;-7.0300000000;0.1875000000;-1.1875000000;-1.0000000000;29.5625000000;-24.1875000000;18.6875000000;0.3186650000;0.1771240000;-0.9125370000;0.1853030000
3660;-6.4900000000;2.0900000000;-7.2900000000;-3.0625000000;0.7500000000;2.6250000000;29.5625000000;-24.1875000000;18.6875000000;0.3184810000;0.1766970000;-0.9124760000;0.1864620000
3661;-6.3500000000;2.4400000000;-6.8000000000;1.8125000000;0.8750000000;-1.2500000000;28.5000000000;-25.0000000000;19.0625000000;0.3179930000;0.1766970000;-0.9126590000;0.1862790000
3662;-6.3600000000;2.3200000000;-7.1400000000;-2.5625000000;-0.7500000000;2.5000000000;28.8750000000;-24.5625000000;19.8750000000;0.3183590000;0.1763310000;-0.9125980000;0.1863400000
3663;-6.4400000000;1.8400000000;-6.8400000000;0.1875000000;0.3125000000;-0.8125000000;28.5000000000;-24.5625000000;19.8750000000;0.3179320000;0.1761470000;-0.9125980000;0.1873780000
3664;-6.2600000000;2.4800000000;-7.0700000000;-1.1875000000;-2.6875000000;-1.3750000000;29.1875000000;-25.0000000000;19.5000000000;0.3186650000;0.1766360000;-0.9123540000;0.1867070000
3665;-6.6400000000;1.9600000000;-7.0300000000;-1.1875000000;-2.0000000000;-1.8125000000;29.1875000000;-25.0000000000;19.5000000000;0.3190920000;0.1769410000;-0.9119260000;0.1876830000
3666;-6.2900000000;2.4800000000;-6.9300000000;2.0625000000;-2.3125000000;-4.2500000000;28.5000000000;-23.8750000000;18.6875000000;0.3200070000;0.1783450000;-0.9114990000;0.1871340000
3667;-6.5200000000;2.3300000000;-7.0800000000;-5.4375000000;-1.8125000000;-0.1875000000;28.8750000000;-25.0000000000;18.6875000000;0.3207400000;0.1790160000;-0.9109500000;0.1876830000
3668;-6.5900000000;2.1000000000;-7.0300000000;-1.3750000000;-1.3125000000;-1.8125000000;29.1875000000;-24.1875000000;19.0625000000;0.3208620000;0.1799930000;-0.9104610000;0.1889650000
3669;-6.2600000000;2.9400000000;-7.0700000000;-1.0000000000;-2.9375000000;1.0000000000;29.5625000000;-24.5625000000;19.5000000000;0.3216550000;0.1804810000;-0.9100340000;0.1890870000
3670;-6.6600000000;2.0200000000;-7.3600000000;-1.5625000000;0.7500000000;0.9375000000;29.5625000000;-24.5625000000;19.5000000000;0.3215940000;0.1799930000;-0.9099730000;0.1901860000
3671;-6.3600000000;2.5600000000;-6.8300000000;2.7500000000;0.8750000000;-0.5625000000;29.1875000000;-25.0000000000;18.0000000000;0.3211670000;0.1804810000;-0.9101560000;0.1893310000
3672;-6.4700000000;2.3400000000;-7.1700000000;-4.7500000000;1.5625000000;3.9375000000;29.5625000000;-25.0000000000;18.6875000000;0.3206180000;0.1802980000;-0.9101560000;0.1906740000
3673;-6.6500000000;1.4700000000;-6.4000000000;5.6250000000;1.4375000000;-1.5000000000;29.1875000000;-25.3750000000;18.6875000000;0.3203740000;0.1801760000;-0.9104610000;0.1896360000
3674;-6.3100000000;2.5100000000;-6.9600000000;3.8125000000;-5.4375000000;0.6250000000;29.1875000000;-24.1875000000;18.6875000000;0.3221440000;0.1802980000;-0.9100340000;0.1885380000
3675;-6.7400000000;1.5400000000;-6.8900000000;2.6250000000;-5.1250000000;-4.4375000000;29.1875000000;-24.1875000000;18.6875000000;0.3230590000;0.1809080000;-0.9093020000;0.1898800000
3676;-6.2800000000;3.0800000000;-7.3400000000;-2.3750000000;-6.5000000000;-2.2500000000;29.1875000000;-24.1875000000;18.2500000000;0.3255620000;0.1824950000;-0.9082640000;0.1890870000
3677;-6.9000000000;1.6300000000;-7.0200000000;-3.9375000000;3.0625000000;0.1875000000;29.5625000000;-24.5625000000;19.0625000000;0.3248290000;0.1829830000;-0.9079590000;0.1914060000
3678;-6.2600000000;3.0700000000;-6.9100000000;5.6250000000;-0.3125000000;-3.7500000000;29.5625000000;-24.1875000000;18.6875000000;0.3250120000;0.1838990000;-0.9080200000;0.1900020000
3679;-6.7900000000;1.8900000000;-6.9200000000;-10.4375000000;2.8750000000;4.3750000000;29.5625000000;-24.1875000000;18.6875000000;0.3236080000;0.1845090000;-0.9077760000;0.1928100000
3680;-6.3000000000;2.5300000000;-6.8400000000;5.3125000000;1.3125000000;-2.7500000000;30.0000000000;-23.8750000000;19.0625000000;0.3231810000;0.1849370000;-0.9080200000;0.1920780000
3681;-6.5700000000;2.2100000000;-7.0000000000;-6.5625000000;3.6250000000;5.0625000000;29.1875000000;-24.5625000000;18.2500000000;0.3218990000;0.1844480000;-0.9083250000;0.1932980000
3682;-6.3600000000;2.2400000000;-6.7400000000;3.3750000000;1.0000000000;-0.8750000000;29.1875000000;-25.3750000000;18.2500000000;0.3212890000;0.1843260000;-0.9085690000;0.1931150000
3683;-6.5700000000;2.2000000000;-6.8300000000;-5.6250000000;-0.1875000000;1.5625000000;29.5625000000;-25.0000000000;18.2500000000;0.3212280000;0.1843260000;-0.9083250000;0.1942140000
3684;-6.3800000000;2.5200000000;-7.1800000000;1.6250000000;-4.2500000000;-2.0625000000;29.5625000000;-25.0000000000;18.2500000000;0.3218990000;0.1845700000;-0.9080200000;0.1945800000
3685;-6.5900000000;2.2400000000;-6.9800000000;-1.5000000000;0.2500000000;0.8125000000;29.1875000000;-23.5000000000;18.6875000000;0.3225100000;0.1846310000;-0.9077760000;0.1947020000
3686;-6.4100000000;2.3600000000;-6.8200000000;-1.1875000000;-0.4375000000;-0.9375000000;29.5625000000;-24.5625000000;19.0625000000;0.3225100000;0.1849980000;-0.9075930000;0.1951290000
3687;-6.5600000000;2.3100000000;-6.8900000000;0.2500000000;-0.8125000000;1.1250000000;28.5000000000;-25.0000000000;18.6875000000;0.3227540000;0.1848750000;-0.9074710000;0.1952510000
3688;-6.6400000000;2.0600000000;-6.7100000000;-1.9375000000;-0.1875000000;-1.4375000000;28.8750000000;-25.0000000000;18.6875000000;0.3225710000;0.1851810000;-0.9074100000;0.1957400000
3689;-6.3200000000;2.7700000000;-7.2600000000;1.5000000000;-2.4375000000;-1.0000000000;28.8750000000;-25.0000000000;18.6875000000;0.3236690000;0.1855470000;-0.9070430000;0.1951900000
3690;-6.7500000000;2.0600000000;-6.7700000000;-4.4375000000;1.6875000000;0.0625000000;30.0000000000;-24.5625000000;19.0625000000;0.3228760000;0.1858520000;-0.9069820000;0.1964720000
3691;-6.3900000000;2.4700000000;-6.7800000000;1.2500000000;-1.5000000000;-1.5000000000;29.1875000000;-23.0625000000;18.2500000000;0.3233030000;0.1862180000;-0.9067380000;0.1966550000
3692;-6.6400000000;2.2500000000;-6.7600000000;-3.1875000000;-3.0000000000;0.2500000000;29.5625000000;-24.5625000000;19.5000000000;0.3242800000;0.1861570000;-0.9061890000;0.1975710000
3693;-6.4900000000;2.4600000000;-6.8500000000;-0.5625000000;-1.3125000000;-1.1250000000;29.1875000000;-24.5625000000;17.5000000000;0.3248290000;0.1863400000;-0.9058840000;0.1977540000
3694;-6.6100000000;2.4400000000;-7.1000000000;-2.8750000000;-3.9375000000;-0.0625000000;29.1875000000;-24.5625000000;17.5000000000;0.3254390000;0.1864620000;-0.9054570000;0.1987300000
3695;-6.4500000000;2.3600000000;-7.0700000000;1.7500000000;-0.4375000000;-1.0000000000;29.1875000000;-25.0000000000;18.2500000000;0.3262330000;0.1862180000;-0.9052730000;0.1983030000
3696;-6.6100000000;2.4400000000;-6.8500000000;-0.1875000000;1.6875000000;1.7500000000;29.1875000000;-25.0000000000;17.8750000000;0.3256230000;0.1861570000;-0.9055180000;0.1982420000
3697;-6.6700000000;1.9900000000;-6.5500000000;1.0000000000;0.5625000000;0.4375000000;30.3750000000;-25.0000000000;17.8750000000;0.3253780000;0.1859130000;-0.9057010000;0.1982420000
3698;-6.2400000000;2.9400000000;-6.9800000000;1.1250000000;-3.3125000000;-0.6250000000;29.5625000000;-24.5625000000;17.5000000000;0.3261720000;0.1859130000;-0.9055180000;0.1976930000
3699;-6.9300000000;1.7700000000;-6.6600000000;-5.8750000000;0.4375000000;2.5625000000;29.5625000000;-24.5625000000;17.5000000000;0.3261110000;0.1853640000;-0.9053340000;0.1992800000
3700;-6.3600000000;2.9100000000;-6.9500000000;4.8750000000;-4.3750000000;-3.1250000000;30.3750000000;-25.0000000000;17.8750000000;0.3270260000;0.1856690000;-0.9050290000;0.1987920000
3701;-6.7100000000;2.1800000000;-6.8400000000;-6.6875000000;0.0000000000;3.3750000000;30.0000000000;-25.0000000000;18.2500000000;0.3275150000;0.1853640000;-0.9046630000;0.1998900000
3702;-6.5700000000;2.2000000000;-6.7900000000;2.3125000000;-1.9375000000;-2.3125000000;29.5625000000;-25.3750000000;18.6875000000;0.3275760000;0.1854250000;-0.9044800000;0.2006230000
3703;-6.5000000000;2.6300000000;-7.0000000000;-3.3750000000;-1.2500000000;2.6875000000;29.5625000000;-25.0000000000;17.0625000000;0.3285520000;0.1853030000;-0.9042360000;0.2002560000
3704;-6.7900000000;1.8000000000;-6.6200000000;0.0000000000;-0.0625000000;-0.5625000000;29.5625000000;-25.0000000000;17.0625000000;0.3278810000;0.1853030000;-0.9041140000;0.2019650000
3705;-6.4700000000;2.7500000000;-6.8200000000;1.7500000000;-2.1250000000;-0.8750000000;29.1875000000;-26.0625000000;19.0625000000;0.3291020000;0.1853030000;-0.9039920000;0.2003780000
3706;-6.7200000000;1.9400000000;-6.9100000000;-3.3750000000;-0.8750000000;0.5625000000;30.3750000000;-24.5625000000;17.0625000000;0.3290410000;0.1854860000;-0.9036870000;0.2017820000
3707;-6.4200000000;3.0300000000;-7.0400000000;4.6250000000;-1.5625000000;-0.8125000000;30.0000000000;-25.3750000000;18.2500000000;0.3297120000;0.1856690000;-0.9036250000;0.2007450000
3708;-6.8200000000;1.8200000000;-6.6900000000;-6.1250000000;2.6875000000;2.3125000000;29.5625000000;-25.3750000000;19.5000000000;0.3286740000;0.1853640000;-0.9036870000;0.2022090000
3709;-6.3400000000;3.2300000000;-6.7500000000;5.2500000000;-2.4375000000;-2.1250000000;29.5625000000;-25.3750000000;19.5000000000;0.3292240000;0.1854860000;-0.9038090000;0.2009280000
3710;-6.8600000000;1.8800000000;-6.6600000000;-6.9375000000;1.2500000000;3.9375000000;30.0000000000;-25.0000000000;18.2500000000;0.3289180000;0.1849980000;-0.9036250000;0.2025150000
3711;-6.5200000000;2.6100000000;-6.8300000000;5.8750000000;-3.3125000000;-2.8125000000;30.0000000000;-23.8750000000;18.2500000000;0.3292850000;0.1849980000;-0.9036250000;0.2020870000
3712;-6.5800000000;2.3800000000;-7.0900000000;-3.6250000000;-0.3125000000;2.2500000000;29.5625000000;-25.6875000000;16.7500000000;0.3303220000;0.1846920000;-0.9033810000;0.2018430000
3713;-6.7100000000;2.1400000000;-6.8700000000;1.8125000000;0.5625000000;-2.5000000000;29.1875000000;-25.0000000000;17.5000000000;0.3296510000;0.1848750000;-0.9033810000;0.2026370000
3714;-6.5000000000;2.8800000000;-6.6200000000;-1.8125000000;1.3125000000;-0.6250000000;29.1875000000;-25.0000000000;17.5000000000;0.3298950000;0.1851810000;-0.9035030000;0.2013550000
3715;-6.8700000000;1.9500000000;-6.4300000000;-3.5625000000;-0.4375000000;0.9375000000;29.1875000000;-24.5625000000;17.8750000000;0.3292850000;0.1852420000;-0.9033810000;0.2029420000
3716;-6.4900000000;2.4400000000;-6.5200000000;3.8750000000;-3.7500000000;-2.8750000000;29.1875000000;-25.3750000000;17.8750000000;0.3307500000;0.1851810000;-0.9031370000;0.2016600000
3717;-6.6500000000;2.0200000000;-5.7200000000;-7.6875000000;-4.1250000000;-3.3125000000;28.8750000000;-25.0000000000;17.0625000000;0.3314820000;0.1861570000;-0.9024050000;0.2029420000
3718;-6.7100000000;2.3500000000;-5.8100000000;-8.6875000000;-12.2500000000;-3.3750000000;30.3750000000;-24.5625000000;18.2500000000;0.3342900000;0.1876220000;-0.9005130000;0.2053220000
3719;-6.8600000000;1.7500000000;-4.8700000000;-18.4375000000;-17.3125000000;-4.8750000000;30.3750000000;-24.5625000000;18.2500000000;0.3380130000;0.1895750000;-0.8974610000;0.2106320000
3720;-7.2900000000;1.4300000000;-3.2400000000;-25.0000000000;-25.6875000000;-9.8750000000;30.0000000000;-25.6875000000;16.6875000000;0.3438110000;0.1931150000;-0.8927000000;0.2181400000
3721;-7.6800000000;1.2900000000;-3.1000000000;-37.6875000000;-49.1250000000;-17.0625000000;29.5625000000;-25.3750000000;16.2500000000;0.3541870000;0.1980590000;-0.8847050000;0.2294920000
3722;-7.1300000000;2.4000000000;-3.2600000000;-41.5000000000;-72.8125000000;-28.3750000000;31.5000000000;-26.5000000000;14.7500000000;0.3728030000;0.2054440000;-0.8715820000;0.2431640000
3723;-9.5800000000;1.7700000000;-2.8600000000;-69.5625000000;-79.6250000000;-21.0000000000;31.5000000000;-25.3750000000;12.0000000000;0.3931880000;0.2131350000;-0.8555910000;0.2606810000
3724;-9.7600000000;0.7500000000;-3.6000000000;-65.0000000000;-117.5625000000;-56.4375000000;31.5000000000;-25.3750000000;12.0000000000;0.4205930000;0.2246700000;-0.8317260000;0.2844240000
3725;-9.0500000000;3.4800000000;-4.2800000000;-38.7500000000;-110.2500000000;-57.2500000000;33.6875000000;-26.0625000000;8.7500000000;0.4554440000;0.2370000000;-0.8051150000;0.2970580000
3726;-11.3100000000;2.5500000000;-3.3100000000;-86.3750000000;-100.5000000000;-30.8125000000;35.1875000000;-25.0000000000;2.1875000000;0.4802250000;0.2485350000;-0.7792360000;0.3168950000
3727;-9.9200000000;3.5600000000;-4.6500000000;-80.3125000000;-110.7500000000;-62.6250000000;36.5625000000;-24.1875000000;-0.5000000000;0.5063480000;0.2655640000;-0.7459110000;0.3416140000
3728;-9.7200000000;4.1400000000;-4.7800000000;-48.4375000000;-72.8125000000;-37.7500000000;37.0000000000;-22.0625000000;-7.1875000000;0.5294800000;0.2771000000;-0.7187500000;0.3554080000
3729;-10.5900000000;1.8800000000;-2.1600000000;-45.3750000000;-37.8125000000;-30.8125000000;37.0000000000;-22.0625000000;-7.1875000000;0.5399780000;0.2872310000;-0.7016600000;0.3655400000
3730;-10.4300000000;0.9400000000;-1.2200000000;-29.7500000000;-45.0000000000;-47.0625000000;36.1875000000;-21.3750000000;-10.2500000000;0.5505980000;0.2988280000;-0.6853640000;0.3712770000
3731;-9.9000000000;2.6000000000;-1.5100000000;-4.9375000000;-51.4375000000;-52.6250000000;37.0000000000;-19.8750000000;-12.2500000000;0.5676880000;0.3065190000;-0.6691890000;0.3687130000
3732;-9.9200000000;2.6000000000;-2.3800000000;-26.9375000000;-59.4375000000;-46.2500000000;35.5000000000;-18.7500000000;-14.1875000000;0.5847170000;0.3133540000;-0.6504520000;0.3698730000
3733;-9.4000000000;3.4200000000;-2.9400000000;-9.8125000000;-44.8125000000;-35.6875000000;35.2500000000;-17.2500000000;-16.2500000000;0.5986940000;0.3172000000;-0.6358030000;0.3696900000
3734;-9.3500000000;3.0100000000;-2.3500000000;-10.4375000000;-8.0625000000;-16.3125000000;35.2500000000;-17.2500000000;-16.2500000000;0.6049190000;0.3204960000;-0.6293950000;0.3676760000
3735;-9.4700000000;2.2200000000;-1.4800000000;-9.1875000000;0.1875000000;-6.0000000000;36.2500000000;-16.1875000000;-16.5625000000;0.6058960000;0.3223270000;-0.6282350000;0.3665160000
3736;-9.6000000000;1.8700000000;-0.7600000000;7.3750000000;7.6875000000;4.3750000000;35.1875000000;-15.6875000000;-17.3750000000;0.6055300000;0.3198240000;-0.6314090000;0.3638310000
3737;-9.6600000000;1.1400000000;-0.7300000000;10.1250000000;10.0625000000;11.5000000000;36.1875000000;-16.5000000000;-17.0625000000;0.6033330000;0.3165890000;-0.6358030000;0.3626710000
3738;-9.6800000000;0.8400000000;-0.4500000000;9.0000000000;18.0625000000;11.8750000000;36.1875000000;-16.5000000000;-17.0625000000;0.6003420000;0.3148800000;-0.6399540000;0.3617550000
3739;-9.8500000000;0.5900000000;0.0500000000;13.1875000000;17.8750000000;10.5000000000;36.1875000000;-15.0000000000;-15.8750000000;0.5952760000;0.3115230000;-0.6478880000;0.3588870000
3740;-9.8300000000;0.5800000000;0.0400000000;7.8750000000;9.4375000000;8.9375000000;35.8750000000;-17.1875000000;-15.8750000000;0.5941160000;0.3065800000;-0.6532590000;0.3553470000
3741;-9.8100000000;0.2800000000;-0.0800000000;0.3750000000;5.5625000000;6.8125000000;35.8750000000;-17.5000000000;-14.6875000000;0.5950930000;0.3039550000;-0.6549680000;0.3528440000
3742;-9.7600000000;0.5000000000;0.0400000000;3.3125000000;2.0000000000;1.5625000000;35.7500000000;-17.5000000000;-15.3750000000;0.5968020000;0.3026120000;-0.6552730000;0.3505250000
3743;-9.7500000000;0.6300000000;-0.1700000000;-0.8750000000;-3.1875000000;-0.6875000000;35.7500000000;-17.5000000000;-15.3750000000;0.5985110000;0.3027340000;-0.6539310000;0.3500370000
3744;-9.6400000000;0.6400000000;-0.3900000000;-4.0625000000;-4.5000000000;-2.6875000000;35.7500000000;-16.0000000000;-13.8750000000;0.6005250000;0.3023070000;-0.6524050000;0.3497310000
3745;-9.7900000000;0.8700000000;-0.3100000000;-3.6875000000;-2.4375000000;-3.8750000000;35.7500000000;-15.5625000000;-14.2500000000;0.6015620000;0.3031010000;-0.6512450000;0.3494870000
3746;-9.6300000000;0.9400000000;-0.2600000000;-2.1875000000;-2.9375000000;-3.8125000000;36.5625000000;-17.5000000000;-15.8750000000;0.6032100000;0.3026120000;-0.6506350000;0.3482670000
3747;-9.7000000000;1.1200000000;-0.1700000000;-0.8750000000;-5.0000000000;-2.8125000000;36.1875000000;-16.7500000000;-14.2500000000;0.6051640000;0.3006590000;-0.6506350000;0.3465580000
3748;-9.6800000000;0.9600000000;-0.4400000000;-0.2500000000;-7.3125000000;-1.2500000000;36.1875000000;-16.7500000000;-14.2500000000;0.6065670000;0.3004150000;-0.6489870000;0.3474120000
3749;-9.6900000000;0.9700000000;-0.5800000000;2.1875000000;-6.9375000000;-1.7500000000;35.7500000000;-17.0625000000;-15.8750000000;0.6089480000;0.2980350000;-0.6485600000;0.3459470000
3750;-9.7000000000;0.9200000000;-0.5200000000;-1.0000000000;-3.1250000000;-0.8750000000;35.7500000000;-16.3750000000;-15.3750000000;0.6096190000;0.2968750000;-0.6489870000;0.3450930000
3751;-9.7200000000;0.7500000000;-0.4500000000;-0.8125000000;-1.6875000000;-0.6250000000;35.7500000000;-14.8750000000;-15.8750000000;0.6094970000;0.2972410000;-0.6488650000;0.3452150000
3752;-9.6800000000;0.9400000000;-0.5800000000;0.6250000000;-1.5625000000;-0.2500000000;35.5000000000;-17.5000000000;-15.3750000000;0.6108400000;0.2948000000;-0.6500240000;0.3426510000
3753;-9.7000000000;0.8000000000;-0.3000000000;-1.6875000000;1.6250000000;0.0000000000;35.5000000000;-17.5000000000;-15.3750000000;0.6101070000;0.2951660000;-0.6505130000;0.3426510000
3754;-9.7500000000;0.6700000000;-0.2500000000;-0.8750000000;-1.1250000000;-0.1875000000;35.5000000000;-16.0000000000;-15.3750000000;0.6102910000;0.2949220000;-0.6505740000;0.3425290000
3755;-9.6600000000;0.8900000000;-0.1600000000;1.6250000000;1.1875000000;-1.5000000000;35.8750000000;-16.3750000000;-15.3750000000;0.6109010000;0.2941280000;-0.6511230000;0.3411250000
3756;-9.7000000000;0.8900000000;0.1200000000;-2.3125000000;-1.1875000000;0.6250000000;35.3750000000;-16.7500000000;-17.0625000000;0.6107790000;0.2943120000;-0.6510620000;0.3412480000
3757;-9.7000000000;0.7800000000;-0.0800000000;0.3125000000;-3.8750000000;0.6250000000;37.0000000000;-15.5625000000;-15.0625000000;0.6114500000;0.2939450000;-0.6502690000;0.3419190000
3758;-9.6600000000;0.8200000000;-0.2200000000;-1.3750000000;-3.1250000000;-0.0625000000;37.0000000000;-15.5625000000;-15.0625000000;0.6122440000;0.2935790000;-0.6494140000;0.3424070000
3759;-9.7400000000;0.8400000000;-0.2000000000;-0.2500000000;-3.1875000000;-0.5625000000;35.5000000000;-16.7500000000;-16.2500000000;0.6130980000;0.2929080000;-0.6489260000;0.3424070000
3760;-9.6600000000;0.9100000000;-0.3300000000;0.3750000000;-4.0625000000;-0.5000000000;36.2500000000;-16.0000000000;-15.0625000000;0.6142580000;0.2916870000;-0.6485600000;0.3420410000
3761;-9.7900000000;0.7600000000;-0.5300000000;-1.7500000000;-1.6875000000;0.3125000000;35.0625000000;-17.0625000000;-15.8750000000;0.6149900000;0.2904660000;-0.6488650000;0.3411870000
3762;-9.7600000000;0.9600000000;-0.6600000000;1.1250000000;0.7500000000;-0.8125000000;35.3750000000;-17.0625000000;-16.2500000000;0.6146240000;0.2900390000;-0.6501460000;0.3397830000
3763;-9.6100000000;1.3200000000;-1.1800000000;-2.8750000000;5.1250000000;-0.5000000000;35.3750000000;-17.0625000000;-16.2500000000;0.6130370000;0.2908330000;-0.6514890000;0.3393550000
3764;-9.6500000000;2.3000000000;-2.2700000000;0.6875000000;11.8125000000;1.6250000000;34.6875000000;-15.2500000000;-18.2500000000;0.6101680000;0.2938840000;-0.6524050000;0.3402100000
3765;-9.6600000000;1.9700000000;-3.0000000000;8.6250000000;33.2500000000;15.5000000000;36.1875000000;-17.5000000000;-16.2500000000;0.6048580000;0.2915650000;-0.6597290000;0.3375240000
3766;-9.9200000000;2.5400000000;-2.9900000000;11.9375000000;45.6250000000;17.1250000000;35.8750000000;-17.5000000000;-16.2500000000;0.5939940000;0.2904050000;-0.6716920000;0.3342290000
3767;-9.7000000000;4.0600000000;-4.7900000000;34.1250000000;55.3125000000;31.8125000000;37.0000000000;-16.7500000000;-14.6875000000;0.5828250000;0.2853390000;-0.6864010000;0.3282470000
3768;-10.7400000000;2.8800000000;-4.8200000000;29.9375000000;96.5625000000;52.4375000000;37.0000000000;-16.7500000000;-14.6875000000;0.5613400000;0.2767940000;-0.7102660000;0.3220830000
3769;-10.8700000000;3.3000000000;-4.7600000000;54.8125000000;111.0000000000;52.4375000000;37.2500000000;-17.8750000000;-11.0625000000;0.5337520000;0.2665410000;-0.7400510000;0.3105470000
3770;-10.9900000000;4.0300000000;-5.1900000000;73.0625000000;132.4375000000;69.5000000000;37.3750000000;-17.8750000000;-8.0000000000;0.5022580000;0.2515870000;-0.7737430000;0.2927860000
3771;-11.1600000000;2.6200000000;-3.8000000000;69.1250000000;155.3125000000;62.8750000000;38.0625000000;-20.5000000000;-2.8750000000;0.4613650000;0.2362670000;-0.8104250000;0.2730100000
3772;-10.5800000000;2.7800000000;-3.2600000000;86.9375000000;146.8125000000;59.0625000000;36.5625000000;-22.5625000000;3.7500000000;0.4202270000;0.2209470000;-0.8445430000;0.2476810000
3773;-9.5600000000;2.5400000000;-3.5400000000;83.5000000000;141.0625000000;58.5000000000;36.5625000000;-22.5625000000;3.7500000000;0.3810420000;0.2039180000;-0.8743290000;0.2208250000
3774;-8.5300000000;1.9200000000;-1.1200000000;86.1250000000;122.9375000000;44.2500000000;34.7500000000;-23.3750000000;9.5625000000;0.3423460000;0.1878050000;-0.9002690000;0.1924440000
3775;-7.2000000000;2.3000000000;-2.1100000000;58.0000000000;72.3125000000;41.5625000000;32.1875000000;-23.3750000000;15.0625000000;0.3169560000;0.1729130000;-0.9169920000;0.1694950000
3776;-6.6900000000;0.9400000000;-3.2000000000;44.4375000000;37.9375000000;38.8125000000;31.0625000000;-23.3750000000;19.8750000000;0.3015750000;0.1579590000;-0.9271240000;0.1567990000
3777;-6.0000000000;0.7600000000;-4.5500000000;15.3125000000;12.4375000000;27.4375000000;28.0625000000;-22.0000000000;22.5625000000;0.2945560000;0.1456910000;-0.9324950000;0.1497190000
3778;-6.2600000000;-0.3500000000;-5.9900000000;-4.6250000000;-3.4375000000;20.6250000000;28.0625000000;-22.0000000000;22.5625000000;0.2927250000;0.1381840000;-0.9338380000;0.1519780000
3779;-5.7300000000;0.1100000000;-6.3200000000;-2.3750000000;-10.6250000000;-0.4375000000;26.6875000000;-23.8750000000;21.7500000000;0.2949830000;0.1354980000;-0.9332280000;0.1540530000
3780;-6.1300000000;1.1800000000;-6.9700000000;-21.8125000000;-17.2500000000;-3.8125000000;26.6875000000;-23.7500000000;22.5625000000;0.2991940000;0.1377560000;-0.9307250000;0.1591190000
3781;-6.1700000000;0.5700000000;-7.4000000000;-7.7500000000;-14.9375000000;-16.5000000000;26.2500000000;-24.0625000000;21.0625000000;0.3041380000;0.1433720000;-0.9274290000;0.1637570000
3782;-5.8000000000;2.7300000000;-7.2900000000;-20.1250000000;-15.0625000000;-17.1250000000;27.0000000000;-24.0625000000;21.5625000000;0.3088380000;0.1508180000;-0.9241330000;0.1670530000
3783;-6.5900000000;2.1000000000;-7.8900000000;-9.4375000000;-11.4375000000;-8.6250000000;27.0000000000;-24.0625000000;21.5625000000;0.3128050000;0.1547240000;-0.9212040000;0.1721190000
3784;-6.1800000000;3.2600000000;-7.2900000000;0.5625000000;-10.0625000000;-9.9375000000;28.5000000000;-23.8750000000;20.3750000000;0.3161620000;0.1607670000;-0.9189450000;0.1726070000
3785;-6.3200000000;2.7100000000;-7.5400000000;-8.2500000000;-7.3125000000;-4.6250000000;29.0625000000;-24.5625000000;20.3750000000;0.3186040000;0.1648560000;-0.9168090000;0.1754150000
3786;-6.3800000000;2.4200000000;-6.8700000000;-2.3125000000;-3.1875000000;-4.3750000000;28.0000000000;-23.3750000000;19.1875000000;0.3197630000;0.1677860000;-0.9156490000;0.1767580000
3787;-6.3800000000;2.3700000000;-6.8900000000;-8.5000000000;-8.9375000000;-2.6250000000;29.5000000000;-24.5625000000;19.1875000000;0.3215330000;0.1708980000;-0.9138180000;0.1798710000
3788;-6.5300000000;1.7300000000;-7.3500000000;-5.8125000000;-5.5000000000;-3.8125000000;29.5000000000;-24.5625000000;19.1875000000;0.3239140000;0.1718140000;-0.9122920000;0.1823730000
3789;-6.1400000000;2.8900000000;-7.5100000000;-1.0625000000;-9.2500000000;-6.6875000000;28.7500000000;-24.0625000000;18.7500000000;0.3264160000;0.1749270000;-0.9106450000;0.1833500000
3790;-6.7500000000;2.3000000000;-7.5500000000;-4.7500000000;-0.3125000000;1.0000000000;28.7500000000;-22.5625000000;19.5625000000;0.3272090000;0.1762080000;-0.9097290000;0.1849980000
3791;-6.4400000000;2.4300000000;-7.1400000000;4.3750000000;0.3125000000;-4.6250000000;29.5000000000;-24.1875000000;18.3750000000;0.3274540000;0.1779170000;-0.9095460000;0.1841430000
3792;-6.4300000000;2.8500000000;-6.8100000000;1.4375000000;3.6875000000;2.1875000000;29.5000000000;-24.1875000000;18.3750000000;0.3266600000;0.1774900000;-0.9100950000;0.1832280000
3793;-6.6500000000;1.9500000000;-6.6100000000;1.7500000000;-0.2500000000;1.3750000000;29.0625000000;-25.3750000000;18.0000000000;0.3262330000;0.1768190000;-0.9103390000;0.1832280000
3794;-6.5300000000;2.4400000000;-6.6600000000;-1.3125000000;-0.7500000000;2.1250000000;30.2500000000;-24.0625000000;19.1875000000;0.3262330000;0.1773680000;-0.9100950000;0.1838990000
3795;-6.6600000000;1.5800000000;-7.1600000000;-2.6250000000;-4.2500000000;1.1875000000;29.8750000000;-23.7500000000;18.3750000000;0.3267210000;0.1785890000;-0.9093020000;0.1858520000
3796;-6.1400000000;2.9700000000;-7.4600000000;1.6875000000;-2.7500000000;-2.1875000000;29.5000000000;-23.7500000000;18.7500000000;0.3276370000;0.1795650000;-0.9088130000;0.1856690000
3797;-7.0600000000;1.3900000000;-6.8800000000;-7.9375000000;3.7500000000;1.8750000000;29.5000000000;-23.7500000000;18.7500000000;0.3262940000;0.1797490000;-0.9088750000;0.1876220000
3798;-6.1800000000;2.9300000000;-6.9000000000;9.7500000000;-2.3750000000;-6.0000000000;29.5000000000;-22.6875000000;20.0000000000;0.3272710000;0.1806030000;-0.9088750000;0.1851200000
3799;-6.5700000000;2.1200000000;-7.0900000000;-7.2500000000;2.3125000000;2.6875000000;30.2500000000;-24.5625000000;19.1875000000;0.3263550000;0.1813350000;-0.9086910000;0.1868290000
3800;-6.4800000000;2.4200000000;-6.5800000000;3.3750000000;1.1875000000;-2.0000000000;29.8750000000;-24.1875000000;17.5625000000;0.3256230000;0.1833500000;-0.9085080000;0.1868900000
3801;-6.5800000000;2.1200000000;-6.5800000000;-4.3125000000;-1.0000000000;1.9375000000;30.2500000000;-23.8750000000;19.1875000000;0.3255620000;0.1840820000;-0.9082030000;0.1877440000
3802;-6.3900000000;2.5300000000;-7.1600000000;0.3750000000;-5.3750000000;-0.2500000000;30.2500000000;-23.8750000000;19.1875000000;0.3265990000;0.1840820000;-0.9076540000;0.1887210000
3803;-6.6900000000;2.1200000000;-6.9300000000;-7.2500000000;0.8750000000;2.3750000000;29.0625000000;-24.1875000000;18.7500000000;0.3264770000;0.1841430000;-0.9072270000;0.1908570000
3804;-6.4800000000;2.2500000000;-7.0800000000;1.5625000000;-3.5625000000;-3.4375000000;29.8750000000;-23.8750000000;19.1875000000;0.3273930000;0.1848750000;-0.9067380000;0.1909790000
3805;-6.6400000000;2.1500000000;-6.9900000000;-4.2500000000;1.3750000000;2.0625000000;29.8750000000;-24.1875000000;18.7500000000;0.3269650000;0.1852420000;-0.9065550000;0.1920780000
3806;-6.6300000000;2.1000000000;-6.6400000000;1.6250000000;0.8125000000;-3.0625000000;29.5000000000;-24.1875000000;18.7500000000;0.3265380000;0.1856080000;-0.9066770000;0.1921390000
3807;-6.3500000000;2.4800000000;-6.3200000000;1.6250000000;-1.1250000000;-1.5000000000;29.5000000000;-24.1875000000;18.7500000000;0.3273320000;0.1858520000;-0.9066770000;0.1905520000
3808;-6.9600000000;1.6900000000;-6.1900000000;-8.6250000000;-4.5625000000;-0.1875000000;29.0625000000;-24.5000000000;18.0000000000;0.3281250000;0.1865840000;-0.9056400000;0.1931150000
3809;-6.4200000000;2.4100000000;-7.1100000000;-0.5000000000;-11.3125000000;-5.7500000000;29.8750000000;-24.5000000000;19.5625000000;0.3316650000;0.1878050000;-0.9039310000;0.1939700000
3810;-6.7100000000;2.4300000000;-7.2600000000;-10.5000000000;-5.2500000000;1.1250000000;29.8750000000;-24.5000000000;17.1875000000;0.3329470000;0.1892700000;-0.9027710000;0.1959840000
3811;-6.7800000000;2.1300000000;-7.1800000000;-1.1250000000;-2.6875000000;-2.2500000000;30.2500000000;-23.7500000000;18.3750000000;0.3333740000;0.1903080000;-0.9017940000;0.1984860000
3812;-6.4100000000;3.0800000000;-6.6700000000;-0.5625000000;-1.0625000000;-2.6875000000;30.2500000000;-23.7500000000;18.3750000000;0.3339230000;0.1912840000;-0.9014890000;0.1979980000
3813;-6.8300000000;2.1100000000;-6.6400000000;-5.5000000000;-0.5625000000;3.6875000000;29.5000000000;-22.5625000000;18.0000000000;0.3338620000;0.1911620000;-0.9011840000;0.1996460000
3814;-6.7300000000;2.1000000000;-6.5000000000;3.0625000000;-3.8750000000;-3.0625000000;30.5625000000;-25.0000000000;16.8750000000;0.3341060000;0.1917720000;-0.9008180000;0.2002560000
3815;-6.6700000000;2.3700000000;-7.0300000000;-6.6250000000;-2.8125000000;2.8125000000;30.2500000000;-24.5625000000;17.5625000000;0.3356930000;0.1918950000;-0.9001460000;0.2006230000
3816;-6.9100000000;1.8200000000;-6.4100000000;-2.2500000000;-0.0625000000;-0.7500000000;29.8750000000;-24.1875000000;16.7500000000;0.3347780000;0.1925050000;-0.8997800000;0.2032470000
3817;-6.6200000000;2.6100000000;-6.6300000000;0.1250000000;-5.1875000000;-1.6250000000;29.8750000000;-24.1875000000;16.7500000000;0.3363650000;0.1927490000;-0.8993530000;0.2022710000
3818;-6.9000000000;1.9300000000;-6.7000000000;-5.8125000000;-2.4375000000;-0.3750000000;29.5000000000;-23.8750000000;17.5625000000;0.3372190000;0.1932980000;-0.8983760000;0.2043460000
3819;-6.6400000000;2.8200000000;-6.8200000000;1.3125000000;-4.1250000000;-4.4375000000;30.5625000000;-25.3750000000;17.1875000000;0.3381960000;0.1943360000;-0.8977660000;0.2045290000
3820;-6.8900000000;2.3600000000;-7.0700000000;-5.3125000000;-1.8125000000;0.6250000000;30.2500000000;-25.0000000000;18.0000000000;0.3393550000;0.1943360000;-0.8972170000;0.2052000000
3821;-6.8500000000;2.4200000000;-6.5300000000;3.0000000000;1.1875000000;-3.3125000000;30.2500000000;-24.5000000000;17.1875000000;0.3389280000;0.1949460000;-0.8971560000;0.2054440000
3822;-6.6900000000;2.8800000000;-6.7000000000;-0.8125000000;-0.8750000000;1.2500000000;30.2500000000;-24.5000000000;17.1875000000;0.3394780000;0.1950070000;-0.8971560000;0.2045290000
3823;-6.9800000000;1.8900000000;-6.5700000000;-1.0625000000;-0.3125000000;-0.5000000000;30.2500000000;-24.8750000000;16.0625000000;0.3389890000;0.1948850000;-0.8970950000;0.2058110000
3824;-6.5400000000;2.7500000000;-6.5000000000;3.3125000000;-0.5000000000;-2.2500000000;30.2500000000;-22.5625000000;15.1875000000;0.3391720000;0.1974490000;-0.8966060000;0.2050170000
3825;-6.8900000000;2.1300000000;-6.7200000000;-2.8125000000;-0.6875000000;1.7500000000;30.5625000000;-25.0000000000;18.0000000000;0.3392940000;0.1970830000;-0.8965450000;0.2056270000
3826;-6.7000000000;2.6300000000;-6.5400000000;3.4375000000;-0.6250000000;-1.9375000000;31.3750000000;-23.5000000000;16.3750000000;0.3390500000;0.1990360000;-0.8960570000;0.2061160000
3827;-6.9900000000;2.1300000000;-6.8300000000;-3.0625000000;-1.5000000000;0.3125000000;31.3750000000;-23.5000000000;16.3750000000;0.3392330000;0.1990970000;-0.8959960000;0.2061770000
3828;-6.6800000000;2.6700000000;-6.6200000000;2.9375000000;0.0000000000;-2.3750000000;30.2500000000;-23.8750000000;17.1875000000;0.3397220000;0.1993410000;-0.8958130000;0.2058110000
3829;-6.8900000000;2.3500000000;-6.4400000000;-3.5000000000;-0.0625000000;1.5000000000;31.7500000000;-25.0000000000;16.3750000000;0.3393550000;0.2001950000;-0.8956300000;0.2064210000
3830;-6.8000000000;2.1100000000;-6.6100000000;-0.6250000000;-2.2500000000;-0.8750000000;31.3750000000;-24.1875000000;15.5625000000;0.3392940000;0.2017820000;-0.8949580000;0.2079470000
3831;-6.8800000000;2.3400000000;-6.4700000000;-2.4375000000;-1.6875000000;-0.7500000000;30.5625000000;-22.3750000000;15.1875000000;0.3393550000;0.2044680000;-0.8941040000;0.2088010000
3832;-6.7500000000;2.3600000000;-6.7800000000;0.1875000000;-2.0000000000;-1.1875000000;30.5625000000;-22.3750000000;15.1875000000;0.3400270000;0.2047730000;-0.8936160000;0.2095340000
3833;-6.9800000000;2.1900000000;-6.5000000000;-4.3750000000;-1.1875000000;-0.8750000000;31.3750000000;-25.0000000000;17.5625000000;0.3402100000;0.2052000000;-0.8933110000;0.2102050000
3834;-6.6300000000;2.7600000000;-6.8500000000;3.2500000000;-3.0625000000;-2.8125000000;30.5625000000;-24.1875000000;15.5625000000;0.3413700000;0.2057500000;-0.8927610000;0.2099610000
3835;-6.8600000000;2.5100000000;-6.4900000000;-5.0625000000;2.5625000000;1.3750000000;31.0000000000;-24.1875000000;17.5625000000;0.3410030000;0.2059330000;-0.8927000000;0.2105710000
3836;-7.0000000000;2.1900000000;-6.5900000000;5.4375000000;-1.9375000000;-0.6875000000;31.0000000000;-25.0000000000;15.1875000000;0.3411870000;0.2058110000;-0.8927610000;0.2103270000
3837;-6.7000000000;2.8900000000;-6.4900000000;-0.5000000000;-0.3125000000;2.5625000000;31.0000000000;-25.0000000000;15.1875000000;0.3416750000;0.2054440000;-0.8928220000;0.2095950000
3838;-7.1300000000;1.9400000000;-6.5500000000;-2.1875000000;-1.7500000000;0.7500000000;31.3750000000;-24.5625000000;16.3750000000;0.3413700000;0.2053830000;-0.8925170000;0.2112430000
3839;-6.6100000000;2.7600000000;-6.7300000000;3.6250000000;-2.8750000000;0.0000000000;31.0000000000;-23.8750000000;16.3750000000;0.3426510000;0.2050780000;-0.8923950000;0.2102050000
3840;-7.1800000000;1.9000000000;-6.5100000000;-7.0625000000;0.7500000000;2.3750000000;30.2500000000;-25.0000000000;16.7500000000;0.3422850000;0.2041630000;-0.8923950000;0.2115480000
3841;-6.8300000000;2.2700000000;-6.5000000000;4.4375000000;-1.3750000000;-2.8750000000;31.0000000000;-25.0000000000;15.6875000000;0.3428340000;0.2044680000;-0.8922730000;0.2108760000
3842;-6.8800000000;2.5100000000;-6.6200000000;-2.1250000000;-2.0000000000;1.6250000000;31.0000000000;-25.0000000000;15.6875000000;0.3435060000;0.2044680000;-0.8921510000;0.2103880000
3843;-6.9100000000;2.1900000000;-6.7300000000;3.5000000000;0.4375000000;-2.3750000000;31.0000000000;-24.5625000000;16.3750000000;0.3438110000;0.2047730000;-0.8919680000;0.2104490000
3844;-6.7700000000;2.8700000000;-6.1700000000;-1.7500000000;0.1250000000;-0.9375000000;31.3750000000;-24.5625000000;16.8750000000;0.3438110000;0.2052610000;-0.8920290000;0.2095950000
3845;-7.0300000000;2.1400000000;-6.5700000000;-3.0000000000;-2.9375000000;1.2500000000;31.3750000000;-23.8750000000;16.7500000000;0.3442380000;0.2050170000;-0.8916630000;0.2106930000
3846;-6.8800000000;2.5200000000;-6.5000000000;0.0000000000;-0.6875000000;0.1250000000;31.3750000000;-23.8750000000;16.7500000000;0.3446660000;0.2047730000;-0.8915410000;0.2106320000
3847;-7.0200000000;2.2400000000;-6.6200000000;-1.8750000000;-2.1250000000;1.9375000000;30.2500000000;-24.1875000000;16.0625000000;0.3449100000;0.2045900000;-0.8912960000;0.2116090000
3848;-6.8300000000;2.3300000000;-6.7800000000;1.9375000000;-2.2500000000;0.8750000000;31.0000000000;-24.1875000000;16.0625000000;0.3455810000;0.2040410000;-0.8911740000;0.2115480000
3849;-6.8700000000;2.3300000000;-6.7100000000;-1.5625000000;0.0000000000;0.4375000000;31.0000000000;-24.1875000000;16.3750000000;0.3453980000;0.2041020000;-0.8911740000;0.2117920000
3850;-7.0600000000;2.2100000000;-6.2800000000;0.6875000000;2.5000000000;0.1250000000;30.5625000000;-24.1875000000;15.5625000000;0.3450320000;0.2041020000;-0.8914180000;0.2114260000
3851;-6.8700000000;2.3600000000;-6.5700000000;1.7500000000;-0.8750000000;-1.1250000000;30.5625000000;-24.1875000000;15.5625000000;0.3452760000;0.2042850000;-0.8913570000;0.2109990000
3852;-6.8100000000;2.6400000000;-6.3100000000;1.4375000000;0.1875000000;-0.7500000000;31.0000000000;-24.1875000000;16.3750000000;0.3455200000;0.2044070000;-0.8913570000;0.2105710000
3853;-7.0400000000;2.1900000000;-6.4600000000;-1.6875000000;0.1875000000;0.0625000000;30.5625000000;-24.1875000000;17.1875000000;0.3453370000;0.2044070000;-0.8912960000;0.2111820000
3854;-6.8100000000;2.6800000000;-6.3900000000;1.6875000000;-1.6250000000;-1.0000000000;31.0000000000;-23.8750000000;15.1875000000;0.3458860000;0.2044070000;-0.8911740000;0.2106930000
3855;-6.9900000000;2.2200000000;-6.5100000000;-3.6250000000;-2.0000000000;1.3125000000;30.2500000000;-24.1875000000;15.1875000000;0.3460690000;0.2044680000;-0.8908690000;0.2116700000
3856;-7.0000000000;2.4000000000;-6.5900000000;-0.1875000000;-2.3125000000;-1.3750000000;30.2500000000;-24.1875000000;15.1875000000;0.3466190000;0.2044070000;-0.8905030000;0.2122800000
3857;-6.9700000000;2.4000000000;-6.5800000000;-2.1875000000;-1.0000000000;0.8125000000;31.0000000000;-23.8750000000;16.3750000000;0.3471680000;0.2043460000;-0.8902590000;0.2126460000
3858;-6.9800000000;2.1700000000;-6.6300000000;0.3125000000;-1.1250000000;-0.0625000000;31.3750000000;-24.1875000000;15.6875000000;0.3474120000;0.2043460000;-0.8900760000;0.2129520000
3859;-6.9000000000;2.4600000000;-6.5900000000;-0.2500000000;0.4375000000;-1.6250000000;31.0000000000;-24.5625000000;15.1875000000;0.3474730000;0.2048340000;-0.8900150000;0.2127080000
3860;-6.9800000000;2.2700000000;-6.3000000000;-0.7500000000;1.1250000000;0.2500000000;30.5625000000;-24.5625000000;14.8750000000;0.3471680000;0.2049560000;-0.8900150000;0.2130130000
3861;-6.9000000000;2.3900000000;-6.5500000000;1.6250000000;-1.8750000000;-1.2500000000;30.5625000000;-24.5625000000;14.8750000000;0.3474730000;0.2049560000;-0.8898930000;0.2128910000
3862;-6.9500000000;2.4000000000;-6.3600000000;-1.3750000000;1.2500000000;-0.1250000000;31.3750000000;-24.1875000000;14.7500000000;0.3475950000;0.2052000000;-0.8898930000;0.2126460000
3863;-7.0100000000;2.3800000000;-6.5100000000;-1.8125000000;-1.5000000000;-0.7500000000;30.2500000000;-24.1875000000;15.1875000000;0.3475950000;0.2055660000;-0.8896480000;0.2133180000
3864;-6.8700000000;2.5200000000;-6.5900000000;0.1875000000;-1.6875000000;-0.6250000000;30.5625000000;-24.1875000000;15.1875000000;0.3483280000;0.2054440000;-0.8894040000;0.2131960000
3865;-6.9800000000;2.4600000000;-6.6700000000;-2.0625000000;1.0625000000;-0.2500000000;31.3750000000;-25.0000000000;16.0625000000;0.3479610000;0.2056880000;-0.8893430000;0.2137450000
3866;-6.9800000000;2.5300000000;-6.5000000000;2.9375000000;0.7500000000;1.1250000000;31.3750000000;-25.0000000000;16.0625000000;0.3477170000;0.2052610000;-0.8895870000;0.2134400000
3867;-6.9700000000;2.2600000000;-6.2800000000;-0.5625000000;1.6875000000;0.5625000000;31.7500000000;-22.6875000000;16.3750000000;0.3469850000;0.2052000000;-0.8898320000;0.2136230000
3868;-6.9400000000;2.5500000000;-6.2500000000;-0.9375000000;0.5625000000;0.6875000000;31.3750000000;-24.5625000000;16.8750000000;0.3468630000;0.2050780000;-0.8898930000;0.2138060000
3869;-7.0600000000;2.0300000000;-6.2700000000;-2.5625000000;-2.5625000000;0.1250000000;31.0000000000;-24.1875000000;15.6875000000;0.3469240000;0.2049560000;-0.8896480000;0.2147220000
3870;-6.9100000000;2.6700000000;-6.6700000000;0.0625000000;-2.3750000000;-0.6875000000;31.0000000000;-25.3750000000;16.0625000000;0.3480220000;0.2050170000;-0.8892210000;0.2147220000
3871;-7.1200000000;2.1300000000;-6.4800000000;-4.6875000000;0.6250000000;0.7500000000;31.0000000000;-25.3750000000;16.0625000000;0.3476560000;0.2052610000;-0.8889770000;0.2161250000
3872;-6.8600000000;2.7400000000;-6.6800000000;3.0000000000;-1.3750000000;-1.5000000000;31.3750000000;-25.0000000000;15.6875000000;0.3479610000;0.2052610000;-0.8889770000;0.2157590000
3873;-7.0900000000;2.2800000000;-6.4300000000;-2.4375000000;2.0000000000;1.6875000000;31.0000000000;-24.1875000000;14.8750000000;0.3480220000;0.2050780000;-0.8890380000;0.2155150000
3874;-6.7500000000;2.6700000000;-6.4700000000;4.1250000000;-0.3750000000;-1.6250000000;31.3750000000;-24.1875000000;16.0625000000;0.3475340000;0.2051390000;-0.8891600000;0.2156980000
3875;-7.0000000000;2.3100000000;-6.2600000000;-0.3125000000;1.5625000000;3.0000000000;31.0000000000;-24.1875000000;14.3750000000;0.3478390000;0.2045900000;-0.8894650000;0.2145390000
3876;-7.0100000000;2.2200000000;-6.0900000000;0.3125000000;-0.8125000000;-0.6875000000;31.0000000000;-24.1875000000;14.3750000000;0.3472900000;0.2045900000;-0.8894040000;0.2154540000
3877;-6.9400000000;2.6500000000;-6.4100000000;-1.3750000000;-3.3125000000;0.9375000000;31.3750000000;-23.8750000000;14.8750000000;0.3483280000;0.2045290000;-0.8890990000;0.2152710000
3878;-7.1500000000;1.8500000000;-6.5600000000;-3.8750000000;-1.9375000000;0.3750000000;31.3750000000;-24.5625000000;16.0625000000;0.3483890000;0.2044680000;-0.8886110000;0.2172240000
3879;-6.8400000000;2.9700000000;-6.5800000000;0.6250000000;-2.4375000000;-0.8750000000;31.0000000000;-25.0000000000;15.6875000000;0.3494260000;0.2046510000;-0.8882450000;0.2169190000
3880;-7.2800000000;1.9100000000;-6.5600000000;0.0000000000;0.8125000000;0.5000000000;31.7500000000;-23.0625000000;15.1875000000;0.3491210000;0.2045900000;-0.8880000000;0.2183230000
3881;-6.7100000000;3.0100000000;-6.5200000000;4.1875000000;-0.2500000000;-1.9375000000;31.7500000000;-23.0625000000;15.1875000000;0.3496090000;0.2047730000;-0.8881840000;0.2166750000
3882;-7.1400000000;2.1600000000;-6.2600000000;-4.8750000000;2.6875000000;1.6875000000;31.7500000000;-24.1875000000;14.5000000000;0.3488160000;0.2048340000;-0.8883060000;0.2175290000
3883;-6.8600000000;2.7800000000;-6.3800000000;5.2500000000;-0.8750000000;-1.8750000000;31.0000000000;-25.0000000000;15.6875000000;0.3489380000;0.2047730000;-0.8884280000;0.2166750000
3884;-7.0600000000;2.4000000000;-6.4800000000;-3.8750000000;1.1875000000;2.5625000000;31.7500000000;-25.0000000000;16.3750000000;0.3486940000;0.2045900000;-0.8884890000;0.2170410000
3885;-6.9000000000;2.6300000000;-6.6200000000;3.6250000000;-0.5625000000;-0.0625000000;32.0625000000;-24.5625000000;14.0625000000;0.3485720000;0.2043460000;-0.8886110000;0.2171020000
3886;-7.0000000000;2.5500000000;-6.5400000000;-0.9375000000;1.4375000000;2.5000000000;32.0625000000;-24.5625000000;14.0625000000;0.3482060000;0.2037350000;-0.8889160000;0.2170410000
3887;-6.9300000000;2.6200000000;-6.5800000000;0.9375000000;3.3125000000;2.7500000000;31.3750000000;-25.0000000000;15.2500000000;0.3473510000;0.2030030000;-0.8894040000;0.2170410000
3888;-6.9500000000;2.4000000000;-6.1300000000;2.0000000000;4.0625000000;3.5625000000;30.5625000000;-24.5625000000;16.0625000000;0.3460690000;0.2020260000;-0.8901980000;0.2167970000
3889;-7.0400000000;1.9800000000;-5.5200000000;-0.7500000000;-0.2500000000;1.6250000000;31.0000000000;-25.0000000000;15.5625000000;0.3453370000;0.2012940000;-0.8906250000;0.2168580000
3890;-7.0900000000;1.5700000000;-4.8500000000;-3.5000000000;-9.0000000000;-2.6875000000;30.5625000000;-25.0000000000;16.3750000000;0.3467410000;0.2015380000;-0.8897710000;0.2178960000
3891;-6.9900000000;1.8200000000;-4.3500000000;-7.5000000000;-23.0000000000;-9.3125000000;30.5625000000;-25.0000000000;16.3750000000;0.3520510000;0.2031860000;-0.8867800000;0.2200930000
3892;-7.2600000000;1.8600000000;-4.2800000000;-26.2500000000;-35.0000000000;-9.6250000000;31.3750000000;-24.5625000000;16.3750000000;0.3607180000;0.2057500000;-0.8810420000;0.2264400000
3893;-7.8300000000;1.1300000000;-4.2000000000;-33.1875000000;-44.4375000000;-18.8750000000;31.7500000000;-23.5000000000;15.1875000000;0.3717040000;0.2114260000;-0.8722530000;0.2373050000
3894;-7.6800000000;2.2800000000;-3.5000000000;-50.8125000000;-48.4375000000;-31.8125000000;32.0625000000;-24.1875000000;12.8750000000;0.3844600000;0.2218020000;-0.8607180000;0.2492680000
3895;-8.2200000000;3.3200000000;-4.3600000000;-77.5625000000;-58.1250000000;-29.8125000000;33.1875000000;-23.5000000000;10.5000000000;0.3972170000;0.2360840000;-0.8444820000;0.2708130000
3896;-8.7600000000;1.8200000000;-4.1600000000;-73.5625000000;-47.6250000000;-29.8750000000;33.1875000000;-23.5000000000;10.5000000000;0.4082640000;0.2496950000;-0.8272710000;0.2943120000
3897;-9.8100000000;0.7100000000;-2.5000000000;-57.6250000000;-46.7500000000;-38.6250000000;33.5625000000;-25.0000000000;7.6875000000;0.4191890000;0.2626340000;-0.8119510000;0.3099370000
3898;-9.3500000000;2.6600000000;-1.9300000000;-51.1250000000;-86.7500000000;-70.0000000000;35.0625000000;-23.8750000000;3.7500000000;0.4394530000;0.2805790000;-0.7897340000;0.3233030000
3899;-10.3200000000;3.5500000000;-4.8100000000;-46.8125000000;-105.9375000000;-52.1250000000;36.0625000000;-23.8750000000;1.8750000000;0.4680790000;0.2908330000;-0.7635500000;0.3366090000
3900;-9.7000000000;2.1700000000;-4.7300000000;-40.3750000000;-93.8125000000;-58.5625000000;36.5000000000;-23.0625000000;-4.0625000000;0.4935910000;0.3008420000;-0.7384640000;0.3471680000
3901;-9.6900000000;4.4200000000;-4.8800000000;4.2500000000;-72.4375000000;-44.0000000000;36.5000000000;-23.0625000000;-4.0625000000;0.5180660000;0.3063960000;-0.7189330000;0.3476560000
3902;-9.9500000000;3.1300000000;-4.4900000000;-1.3125000000;-47.7500000000;-29.8125000000;37.5625000000;-20.8750000000;-5.8750000000;0.5357670000;0.3081670000;-0.7050170000;0.3477170000
3903;-9.4900000000;1.6900000000;-3.4400000000;3.8125000000;-25.0625000000;-30.8125000000;37.5625000000;-17.1875000000;-8.6875000000;0.5471190000;0.3110350000;-0.6961060000;0.3454590000
3904;-9.5800000000;1.8200000000;-1.5700000000;3.1250000000;-21.8125000000;-29.1875000000;37.6875000000;-18.3750000000;-9.0000000000;0.5560910000;0.3148190000;-0.6891480000;0.3416140000
3905;-9.7900000000;1.1700000000;-1.5800000000;-17.2500000000;-34.3750000000;-24.5625000000;37.6875000000;-18.3750000000;-9.0000000000;0.5649410000;0.3187870000;-0.6795040000;0.3428340000
3906;-9.7300000000;0.7500000000;-1.8400000000;-10.2500000000;-33.3125000000;-26.5000000000;37.5625000000;-17.5625000000;-11.0000000000;0.5741580000;0.3230590000;-0.6689450000;0.3441770000
3907;-9.9500000000;1.0800000000;-1.8500000000;-17.7500000000;-22.2500000000;-26.5625000000;37.2500000000;-17.5625000000;-11.3750000000;0.5797730000;0.3277590000;-0.6625370000;0.3427730000
3908;-9.5200000000;1.0400000000;-1.4900000000;-17.8125000000;-14.9375000000;-23.0625000000;37.2500000000;-16.5000000000;-12.2500000000;0.5839840000;0.3328860000;-0.6566160000;0.3421020000
3909;-9.5000000000;1.4800000000;-1.4800000000;-5.7500000000;-15.6250000000;-16.5625000000;37.1875000000;-14.2500000000;-13.8750000000;0.5877080000;0.3353880000;-0.6522830000;0.3415530000
3910;-9.3800000000;1.5000000000;-1.4600000000;-9.9375000000;-7.6875000000;-10.0000000000;37.1875000000;-14.2500000000;-13.8750000000;0.5904540000;0.3387450000;-0.6475830000;0.3424070000
3911;-9.7500000000;1.1900000000;-1.1100000000;-10.0000000000;0.5000000000;-1.5000000000;36.8750000000;-14.1875000000;-13.0625000000;0.5869750000;0.3385010000;-0.6496580000;0.3446660000
3912;-9.7400000000;0.5900000000;-0.9700000000;-2.0625000000;2.6875000000;2.3125000000;37.5625000000;-14.5000000000;-14.6875000000;0.5865480000;0.3376460000;-0.6506960000;0.3442990000
3913;-9.6700000000;0.9000000000;-0.6700000000;0.4375000000;7.6250000000;2.5000000000;36.3750000000;-12.2500000000;-14.2500000000;0.5846560000;0.3380130000;-0.6524050000;0.3439940000
3914;-9.6000000000;0.4900000000;-0.4200000000;1.6250000000;4.6875000000;5.1875000000;36.5000000000;-14.1875000000;-14.2500000000;0.5837400000;0.3367310000;-0.6542360000;0.3432620000
3915;-9.7100000000;0.4600000000;-0.7100000000;7.3750000000;0.6250000000;6.3125000000;36.5000000000;-14.1875000000;-14.2500000000;0.5835570000;0.3342290000;-0.6560060000;0.3426510000
3916;-9.8500000000;0.1300000000;-0.6600000000;-0.5000000000;3.2500000000;5.8750000000;37.2500000000;-13.5000000000;-13.8750000000;0.5825810000;0.3324580000;-0.6575930000;0.3430180000
3917;-9.8000000000;-0.0100000000;-0.5700000000;1.7500000000;1.8125000000;3.7500000000;37.5625000000;-14.1875000000;-14.2500000000;0.5818480000;0.3314210000;-0.6586910000;0.3431400000
3918;-9.7800000000;-0.1400000000;-0.6900000000;-1.5625000000;1.1250000000;-0.5000000000;37.2500000000;-13.5000000000;-13.0625000000;0.5834960000;0.3331300000;-0.6572880000;0.3413700000
3919;-9.8100000000;0.1800000000;-0.4200000000;-3.0625000000;1.0625000000;-4.1875000000;37.2500000000;-15.2500000000;-13.8750000000;0.5850830000;0.3336790000;-0.6567380000;0.3391720000
3920;-9.6900000000;0.3800000000;-0.6700000000;-3.5000000000;-3.9375000000;-4.5625000000;37.2500000000;-15.2500000000;-13.8750000000;0.5856930000;0.3350830000;-0.6553960000;0.3393550000
3921;-9.5900000000;0.7300000000;-0.6500000000;-2.5625000000;-2.3750000000;-3.4375000000;36.8750000000;-14.5000000000;-13.5000000000;0.5873410000;0.3352660000;-0.6542970000;0.3384400000
3922;-9.8000000000;0.5800000000;-0.7000000000;-0.5625000000;-4.4375000000;-0.4375000000;36.8750000000;-12.2500000000;-14.2500000000;0.5877080000;0.3356320000;-0.6533810000;0.3392330000
3923;-9.6700000000;0.6900000000;-0.7800000000;0.8125000000;-2.1250000000;-0.5625000000;36.0625000000;-14.5000000000;-13.0625000000;0.5894780000;0.3333130000;-0.6536250000;0.3379520000
3924;-9.6500000000;0.5700000000;-0.6800000000;1.6875000000;-1.0625000000;1.5000000000;36.5000000000;-14.7500000000;-13.0625000000;0.5906370000;0.3306880000;-0.6547240000;0.3363650000
3925;-9.7400000000;0.4600000000;-0.6800000000;3.2500000000;-1.6875000000;1.5625000000;36.5000000000;-14.7500000000;-13.0625000000;0.5910640000;0.3295900000;-0.6549680000;0.3361820000
3926;-9.6700000000;0.4200000000;-0.7900000000;0.9375000000;-1.2500000000;2.1250000000;36.8750000000;-15.1875000000;-13.8750000000;0.5923460000;0.3269040000;-0.6558230000;0.3347780000
3927;-9.9000000000;0.4100000000;-0.6200000000;-0.1250000000;-0.3125000000;2.1875000000;37.2500000000;-14.3750000000;-13.5000000000;0.5926510000;0.3254390000;-0.6565550000;0.3343510000
3928;-9.7100000000;0.2000000000;-0.8500000000;3.5000000000;-1.2500000000;1.3750000000;37.5625000000;-14.7500000000;-14.2500000000;0.5933840000;0.3242190000;-0.6567990000;0.3338010000
3929;-9.7300000000;0.3800000000;-0.5800000000;-0.5625000000;1.9375000000;0.4375000000;37.2500000000;-13.6875000000;-14.6875000000;0.5933840000;0.3240970000;-0.6572270000;0.3330080000
3930;-9.9200000000;0.1400000000;-0.6300000000;-3.0000000000;-0.4375000000;1.0000000000;37.2500000000;-13.6875000000;-14.6875000000;0.5930790000;0.3245850000;-0.6570430000;0.3334960000
3931;-9.7100000000;0.3400000000;-0.8800000000;-4.5000000000;2.0625000000;-1.0000000000;36.5000000000;-14.7500000000;-14.6875000000;0.5932010000;0.3248900000;-0.6567990000;0.3333740000
3932;-9.6700000000;0.4600000000;-0.5600000000;-3.8125000000;3.8125000000;-1.8750000000;36.5000000000;-14.7500000000;-13.8750000000;0.5925290000;0.3256840000;-0.6574100000;0.3326420000
3933;-9.7600000000;0.6800000000;-0.7200000000;-1.8125000000;-0.5000000000;0.1250000000;36.8750000000;-13.6875000000;-14.6875000000;0.5922240000;0.3262330000;-0.6573490000;0.3327640000
3934;-9.6600000000;0.5200000000;-0.6900000000;-0.8750000000;2.4375000000;-0.0625000000;36.5000000000;-14.3750000000;-14.2500000000;0.5917360000;0.3267820000;-0.6573490000;0.3331300000
3935;-9.8100000000;0.4500000000;-0.5000000000;0.0625000000;1.1250000000;0.6875000000;36.5000000000;-14.3750000000;-14.2500000000;0.5911870000;0.3271480000;-0.6575320000;0.3332520000
3936;-9.7000000000;0.4500000000;-0.6700000000;1.1875000000;0.0000000000;0.6250000000;38.0000000000;-15.1875000000;-14.6875000000;0.5917970000;0.3261720000;-0.6578980000;0.3325200000
3937;-9.7800000000;0.3800000000;-0.7600000000;0.1875000000;0.8125000000;0.1875000000;36.5000000000;-14.3750000000;-13.5000000000;0.5922240000;0.3253170000;-0.6583860000;0.3316040000
3938;-9.5800000000;0.7400000000;-0.9200000000;0.3125000000;1.8750000000;-0.5000000000;36.8750000000;-15.1875000000;-14.6875000000;0.5921630000;0.3248900000;-0.6589970000;0.3309330000
3939;-9.5600000000;1.2100000000;-1.6600000000;3.1250000000;3.0000000000;0.9375000000;36.8750000000;-14.7500000000;-13.8750000000;0.5922850000;0.3239750000;-0.6599730000;0.3297120000
3940;-9.6200000000;1.8100000000;-2.0800000000;2.3750000000;7.5000000000;2.3750000000;36.8750000000;-14.7500000000;-13.8750000000;0.5909420000;0.3236080000;-0.6618040000;0.3287350000
3941;-9.8700000000;1.4200000000;-3.0300000000;19.0625000000;11.3750000000;10.6250000000;37.2500000000;-14.0625000000;-14.2500000000;0.5891110000;0.3208620000;-0.6657100000;0.3268430000
3942;-9.6400000000;2.2200000000;-3.7900000000;30.3125000000;32.0000000000;8.6250000000;38.0000000000;-15.1875000000;-14.2500000000;0.5859990000;0.3156740000;-0.6742550000;0.3199460000
3943;-9.8900000000;2.8300000000;-4.2100000000;21.7500000000;57.3750000000;29.9375000000;37.2500000000;-14.3750000000;-11.8750000000;0.5758060000;0.3107300000;-0.6885990000;0.3125610000
3944;-10.3100000000;1.8500000000;-4.1000000000;32.8125000000;76.1875000000;47.7500000000;38.0000000000;-14.7500000000;-11.8750000000;0.5571900000;0.3033450000;-0.7090450000;0.3078000000
3945;-10.5100000000;2.2400000000;-4.3600000000;64.0000000000;90.2500000000;50.5625000000;38.0000000000;-14.7500000000;-11.8750000000;0.5372920000;0.2893070000;-0.7354130000;0.2946170000
3946;-10.5000000000;1.7200000000;-3.8500000000;41.5000000000;110.0625000000;56.6875000000;39.0625000000;-16.6875000000;-7.1875000000;0.5110470000;0.2757570000;-0.7640380000;0.2810060000
3947;-10.2200000000;2.2400000000;-3.7200000000;64.6250000000;112.4375000000;52.1250000000;39.0625000000;-15.5000000000;-2.8750000000;0.4810790000;0.2636110000;-0.7926030000;0.2662350000
3948;-10.3800000000;1.9100000000;-3.5000000000;57.3125000000;118.9375000000;56.3125000000;39.0625000000;-18.1875000000;0.2500000000;0.4503170000;0.2479250000;-0.8215330000;0.2467040000
3949;-9.4000000000;1.2600000000;-2.9600000000;48.8125000000;102.6250000000;41.1875000000;37.1875000000;-21.5000000000;5.3750000000;0.4189450000;0.2366330000;-0.8454590000;0.2316890000
3950;-8.9000000000;1.4200000000;-3.2700000000;51.6875000000;89.1875000000;41.6875000000;37.1875000000;-21.5000000000;5.3750000000;0.3933110000;0.2242430000;-0.8655400000;0.2142330000
3951;-7.8300000000;1.6700000000;-3.2300000000;32.0000000000;71.5000000000;31.3750000000;35.2500000000;-20.3750000000;10.7500000000;0.3701780000;0.2142330000;-0.8811650000;0.2014770000
3952;-7.9200000000;1.2200000000;-3.3500000000;24.8750000000;51.2500000000;33.3750000000;33.5625000000;-21.8750000000;13.6875000000;0.3522950000;0.2048950000;-0.8926390000;0.1926270000
3953;-7.1000000000;0.7000000000;-4.0800000000;10.2500000000;26.1875000000;19.4375000000;31.7500000000;-22.5000000000;16.3750000000;0.3409420000;0.1972660000;-0.8995970000;0.1885990000
3954;-6.9500000000;1.0700000000;-4.9500000000;12.4375000000;12.4375000000;12.8750000000;30.2500000000;-23.3750000000;17.1875000000;0.3364260000;0.1927490000;-0.9028320000;0.1857300000
3955;-6.7100000000;1.4400000000;-6.1100000000;-1.0000000000;-1.1875000000;7.3125000000;30.2500000000;-23.3750000000;17.1875000000;0.3360600000;0.1895750000;-0.9038700000;0.1849980000
3956;-6.7300000000;1.1300000000;-6.3500000000;-3.0625000000;-1.0625000000;-0.0625000000;30.5625000000;-23.3750000000;18.3750000000;0.3355710000;0.1890870000;-0.9037480000;0.1867070000
3957;-6.7600000000;1.8500000000;-6.5400000000;-4.7500000000;-5.0625000000;-2.8750000000;31.3750000000;-23.3750000000;17.5625000000;0.3360600000;0.1917720000;-0.9027100000;0.1882320000
3958;-6.7800000000;1.8200000000;-6.9600000000;-5.9375000000;-3.8125000000;-2.1875000000;30.5625000000;-23.3750000000;17.1875000000;0.3367920000;0.1944580000;-0.9013670000;0.1905520000
3959;-6.6600000000;2.6700000000;-6.7300000000;2.1875000000;-1.1250000000;-4.0625000000;30.5625000000;-23.3750000000;17.1875000000;0.3370970000;0.1968990000;-0.9007570000;0.1904300000
3960;-6.8800000000;2.2800000000;-6.7100000000;-4.8125000000;-1.6875000000;0.1875000000;30.2500000000;-23.0000000000;16.7500000000;0.3374630000;0.1975100000;-0.9002080000;0.1916500000
3961;-6.7000000000;2.5000000000;-6.4700000000;2.2500000000;-1.5000000000;-2.3750000000;31.0000000000;-23.0000000000;18.0000000000;0.3377690000;0.1982420000;-0.8999630000;0.1915890000
3962;-6.8400000000;2.4700000000;-6.7100000000;-3.2500000000;-2.3750000000;2.5625000000;31.3750000000;-22.0000000000;18.0000000000;0.3380130000;0.1997070000;-0.8992310000;0.1929930000
3963;-6.9500000000;1.5300000000;-6.5000000000;-3.3125000000;-1.9375000000;1.3125000000;31.3750000000;-23.3750000000;16.3750000000;0.3377080000;0.2012940000;-0.8984370000;0.1956180000
3964;-6.6600000000;2.7100000000;-6.6600000000;-3.4375000000;-3.2500000000;0.7500000000;31.3750000000;-23.3750000000;16.3750000000;0.3381350000;0.2034910000;-0.8974000000;0.1972050000
3965;-7.0000000000;1.6400000000;-6.7300000000;-7.3125000000;-4.1875000000;1.4375000000;31.3750000000;-22.5625000000;16.3750000000;0.3385010000;0.2034300000;-0.8966060000;0.2002560000
3966;-6.7200000000;2.2700000000;-6.5200000000;1.2500000000;-2.3750000000;-1.8125000000;31.5625000000;-23.0000000000;15.5625000000;0.3390500000;0.2060550000;-0.8956910000;0.2007450000
3967;-6.9800000000;2.1800000000;-7.1700000000;-2.9375000000;-6.8750000000;0.4375000000;32.0000000000;-23.7500000000;17.1875000000;0.3403930000;0.2069700000;-0.8946530000;0.2022710000
3968;-6.8800000000;2.2500000000;-6.6200000000;2.0000000000;2.4375000000;-2.3125000000;31.2500000000;-23.3750000000;17.1875000000;0.3404540000;0.2073360000;-0.8945920000;0.2021480000
3969;-6.8000000000;2.3400000000;-6.4200000000;-0.5000000000;-1.6875000000;-2.7500000000;31.2500000000;-23.3750000000;17.1875000000;0.3403930000;0.2079470000;-0.8945920000;0.2015990000
3970;-7.0600000000;2.3200000000;-6.8400000000;-0.1875000000;-2.3125000000;-0.3750000000;31.2500000000;-24.0625000000;16.7500000000;0.3414310000;0.2078860000;-0.8941650000;0.2015990000
3971;-7.0600000000;2.0700000000;-6.5100000000;-0.8125000000;0.5625000000;-2.0000000000;31.2500000000;-23.3750000000;15.5625000000;0.3411250000;0.2098390000;-0.8936770000;0.2023930000
3972;-6.7000000000;2.5800000000;-6.5600000000;1.0625000000;-1.6875000000;-3.1875000000;31.2500000000;-21.5625000000;17.1875000000;0.3416750000;0.2117310000;-0.8930660000;0.2022090000
3973;-7.0100000000;1.9900000000;-6.7600000000;-3.5625000000;-1.4375000000;0.9375000000;30.5000000000;-23.0000000000;16.3750000000;0.3419190000;0.2117920000;-0.8927610000;0.2030640000
3974;-6.8800000000;2.2000000000;-6.4300000000;1.0625000000;-0.6875000000;-3.1875000000;30.5000000000;-23.0000000000;16.3750000000;0.3419800000;0.2122800000;-0.8925780000;0.2031860000
3975;-6.8600000000;2.6400000000;-6.6200000000;-1.7500000000;-1.4375000000;0.0000000000;31.2500000000;-23.3750000000;16.7500000000;0.3428960000;0.2128300000;-0.8920900000;0.2033080000
3976;-7.2600000000;1.5600000000;-6.2800000000;-3.3125000000;-0.5000000000;0.6250000000;31.2500000000;-21.5625000000;17.1875000000;0.3424070000;0.2138670000;-0.8916630000;0.2049560000
3977;-6.6500000000;2.8600000000;-6.7200000000;4.1250000000;-6.3750000000;-4.9375000000;31.5625000000;-23.3750000000;16.0000000000;0.3444820000;0.2149660000;-0.8907470000;0.2041020000
3978;-7.2000000000;1.7500000000;-6.4700000000;-8.1250000000;0.2500000000;2.1875000000;32.0000000000;-23.3750000000;16.0625000000;0.3442990000;0.2158200000;-0.8901980000;0.2059330000
3979;-6.8600000000;2.4500000000;-6.5400000000;4.6250000000;-4.7500000000;-4.7500000000;32.0000000000;-23.3750000000;16.0625000000;0.3449710000;0.2163090000;-0.8897710000;0.2061770000
3980;-7.1600000000;2.0800000000;-6.4600000000;-6.8125000000;-1.0625000000;0.6875000000;31.5625000000;-22.2500000000;15.1875000000;0.3454590000;0.2185670000;-0.8886110000;0.2078860000
3981;-7.0700000000;2.0100000000;-6.2800000000;1.7500000000;-2.4375000000;-1.7500000000;32.0000000000;-23.0000000000;15.5625000000;0.3453980000;0.2196040000;-0.8881840000;0.2088010000
3982;-6.8200000000;2.7400000000;-6.5900000000;1.0000000000;-4.8125000000;-1.9375000000;32.2500000000;-23.3750000000;15.1875000000;0.3471070000;0.2209470000;-0.8873290000;0.2081300000
3983;-7.2300000000;1.5900000000;-6.5600000000;-5.4375000000;-1.8125000000;2.2500000000;31.5625000000;-21.1875000000;15.1875000000;0.3469240000;0.2229610000;-0.8862300000;0.2110600000
3984;-6.8300000000;2.5900000000;-6.4900000000;3.4375000000;-2.3125000000;-1.6250000000;31.5625000000;-21.1875000000;15.1875000000;0.3479610000;0.2229000000;-0.8860470000;0.2102050000
3985;-7.2400000000;1.7600000000;-6.5000000000;-4.3125000000;-0.2500000000;2.3750000000;31.5625000000;-23.0000000000;16.3750000000;0.3479000000;0.2230220000;-0.8857420000;0.2114260000
3986;-6.9500000000;2.2100000000;-6.3200000000;5.5625000000;-0.4375000000;-3.3125000000;31.2500000000;-23.0000000000;16.3750000000;0.3481450000;0.2229000000;-0.8858640000;0.2106930000
3987;-7.0800000000;2.2800000000;-6.4300000000;-3.8750000000;-1.5000000000;-0.3750000000;32.2500000000;-23.0000000000;14.3750000000;0.3484500000;0.2248540000;-0.8851930000;0.2107540000
3988;-6.9800000000;2.2600000000;-6.5200000000;2.3125000000;-1.6875000000;-1.1875000000;32.0000000000;-23.3750000000;14.8750000000;0.3485720000;0.2251590000;-0.8848880000;0.2116090000
3989;-6.8800000000;2.6500000000;-6.6900000000;0.1250000000;-1.9375000000;0.3125000000;32.0000000000;-23.3750000000;14.8750000000;0.3493040000;0.2249760000;-0.8847660000;0.2109990000
3990;-7.4500000000;1.9200000000;-6.4500000000;0.7500000000;1.8125000000;2.9375000000;31.6875000000;-23.3750000000;15.1875000000;0.3489990000;0.2241210000;-0.8850710000;0.2113040000
3991;-6.9300000000;2.6300000000;-6.1100000000;4.7500000000;0.4375000000;-1.3750000000;32.0000000000;-23.0000000000;16.0625000000;0.3489990000;0.2236940000;-0.8854370000;0.2100830000
3992;-7.2000000000;2.0500000000;-6.3400000000;-3.6250000000;-0.4375000000;5.6875000000;33.0625000000;-23.7500000000;15.1875000000;0.3488770000;0.2236330000;-0.8853760000;0.2106930000
3993;-7.2200000000;1.7900000000;-6.2300000000;0.6875000000;-0.8750000000;2.8750000000;32.0000000000;-24.0625000000;14.7500000000;0.3483890000;0.2225340000;-0.8854980000;0.2122800000
3994;-6.9200000000;2.1500000000;-6.5000000000;-4.2500000000;-2.3750000000;0.2500000000;32.0000000000;-24.0625000000;14.7500000000;0.3488160000;0.2224730000;-0.8851930000;0.2128300000
3995;-7.0500000000;1.7500000000;-6.6000000000;-4.3125000000;-1.8750000000;0.7500000000;31.5625000000;-23.7500000000;15.5625000000;0.3491820000;0.2225340000;-0.8846440000;0.2142940000
3996;-7.0800000000;2.0100000000;-6.7300000000;-2.6875000000;-1.0000000000;-3.2500000000;32.2500000000;-23.0000000000;15.1875000000;0.3493040000;0.2240600000;-0.8840330000;0.2151490000
3997;-7.3100000000;2.1100000000;-6.5300000000;-1.1250000000;2.3750000000;-4.1875000000;31.5625000000;-22.2500000000;14.7500000000;0.3492430000;0.2263180000;-0.8834840000;0.2152100000
3998;-6.6000000000;3.5700000000;-6.6600000000;1.3125000000;-0.5000000000;-8.3750000000;32.0000000000;-24.0625000000;16.0625000000;0.3493040000;0.2283940000;-0.8829960000;0.2147830000
3999;-7.5500000000;2.1200000000;-5.8200000000;-8.3125000000;8.7500000000;5.2500000000;32.0000000000;-24.0625000000;16.0625000000;0.3473510000;0.2290650000;-0.8833010000;0.2160030000
4000;-6.9800000000;1.9900000000;-5.6900000000;3.1250000000;-1.6250000000;-2.3750000000;32.0000000000;-23.7500000000;15.1875000000;0.3465580000;0.2288210000;-0.8836060000;0.2163700000
4001;-7.1300000000;2.1400000000;-6.3500000000;-2.1875000000;-3.5625000000;2.0000000000;31.6875000000;-22.0000000000;15.6875000000;0.3479000000;0.2293700000;-0.8829960000;0.2161870000
4002;-7.4400000000;1.6200000000;-6.2200000000;-2.0000000000;-2.8750000000;0.3750000000;31.6875000000;-23.3750000000;15.1875000000;0.3481450000;0.2290650000;-0.8825070000;0.2180180000
4003;-6.9100000000;2.6700000000;-6.8900000000;4.0625000000;-7.3750000000;-4.6875000000;31.5625000000;-23.3750000000;14.8750000000;0.3503420000;0.2293700000;-0.8815920000;0.2176510000
4004;-7.2300000000;2.0900000000;-6.6400000000;-7.2500000000;1.3125000000;2.1250000000;31.5625000000;-23.3750000000;14.8750000000;0.3510130000;0.2292480000;-0.8812260000;0.2182010000
4005;-7.1700000000;1.7600000000;-6.4500000000;1.6875000000;-0.3125000000;-2.5625000000;32.2500000000;-23.7500000000;14.3750000000;0.3503420000;0.2297360000;-0.8811040000;0.2192990000
4006;-6.9700000000;2.6200000000;-6.7700000000;-3.3750000000;1.6875000000;0.1875000000;31.2500000000;-22.2500000000;14.8750000000;0.3507690000;0.2303470000;-0.8809810000;0.2186280000
4007;-7.3800000000;1.6100000000;-6.0900000000;-0.2500000000;3.5000000000;0.0000000000;33.0625000000;-23.0000000000;14.3750000000;0.3489380000;0.2319950000;-0.8809810000;0.2198490000
4008;-6.8700000000;2.6300000000;-6.4500000000;1.0625000000;0.3750000000;-3.6250000000;31.6875000000;-22.2500000000;15.1875000000;0.3493650000;0.2327880000;-0.8809200000;0.2183840000
4009;-7.1600000000;2.3700000000;-6.1200000000;-5.4375000000;1.8125000000;0.2500000000;31.6875000000;-22.2500000000;15.1875000000;0.3488160000;0.2335820000;-0.8807980000;0.2190550000
4010;-7.0200000000;2.5400000000;-6.0600000000;4.5000000000;-2.3750000000;-3.3750000000;32.0000000000;-23.0000000000;15.1875000000;0.3494870000;0.2340700000;-0.8806760000;0.2178960000
4011;-6.9900000000;2.6600000000;-6.2500000000;-4.3125000000;-0.6250000000;2.8125000000;32.2500000000;-23.3750000000;15.6875000000;0.3496700000;0.2336430000;-0.8804930000;0.2189330000
4012;-7.5100000000;1.8800000000;-6.0400000000;3.5625000000;-2.3125000000;1.5625000000;32.2500000000;-20.7500000000;15.6875000000;0.3500370000;0.2339480000;-0.8801880000;0.2191160000
4013;-6.8600000000;2.5700000000;-6.4200000000;2.8750000000;-3.0625000000;1.5000000000;32.2500000000;-24.0625000000;16.0625000000;0.3515630000;0.2320560000;-0.8803100000;0.2183230000
4014;-7.2200000000;1.5200000000;-6.3600000000;-1.3125000000;-5.1250000000;0.5625000000;32.2500000000;-24.0625000000;16.0625000000;0.3521120000;0.2313840000;-0.8797610000;0.2201540000
4015;-7.0400000000;2.4700000000;-6.6800000000;-1.5000000000;-0.7500000000;-1.5000000000;33.0625000000;-23.7500000000;14.8750000000;0.3531490000;0.2315670000;-0.8793950000;0.2198490000
4016;-7.1300000000;2.4100000000;-6.2700000000;-3.1250000000;1.3750000000;0.5000000000;32.0000000000;-24.0625000000;15.5625000000;0.3529050000;0.2308960000;-0.8795780000;0.2203370000
4017;-7.2700000000;1.8100000000;-6.0500000000;-0.5625000000;-0.4375000000;-0.5000000000;32.0000000000;-23.3750000000;14.8750000000;0.3529050000;0.2308960000;-0.8794560000;0.2207030000
4018;-7.0500000000;2.4400000000;-6.0700000000;-0.5625000000;-2.0000000000;-3.0000000000;32.0000000000;-23.3750000000;14.8750000000;0.3536990000;0.2315670000;-0.8790280000;0.2203980000
4019;-7.4600000000;1.9900000000;-6.0000000000;-2.5000000000;-2.4375000000;-1.4375000000;32.0000000000;-22.2500000000;14.0625000000;0.3542480000;0.2321780000;-0.8784790000;0.2210690000
4020;-7.1900000000;2.1800000000;-6.6300000000;5.7500000000;-5.9375000000;-6.1250000000;31.6875000000;-23.0000000000;14.5000000000;0.3567500000;0.2328490000;-0.8776250000;0.2196040000
4021;-6.9600000000;2.6700000000;-6.4400000000;-1.8125000000;-0.6250000000;-2.2500000000;32.6875000000;-23.0000000000;14.3750000000;0.3574220000;0.2337040000;-0.8771970000;0.2194820000
4022;-7.7200000000;1.4600000000;-6.3500000000;0.5000000000;0.0000000000;-1.6250000000;32.0000000000;-23.3750000000;13.6875000000;0.3573000000;0.2340700000;-0.8770140000;0.2199710000
4023;-7.1100000000;2.3700000000;-6.2100000000;6.3750000000;-1.4375000000;-6.6875000000;32.0000000000;-23.3750000000;13.6875000000;0.3587040000;0.2349240000;-0.8768920000;0.2174070000
4024;-7.1300000000;2.0700000000;-6.4800000000;-5.6250000000;0.5000000000;-2.7500000000;32.6875000000;-22.5625000000;12.8750000000;0.3588260000;0.2366940000;-0.8762210000;0.2179570000
4025;-7.1100000000;2.4400000000;-6.1400000000;1.8750000000;0.3125000000;-6.1250000000;32.6875000000;-22.5625000000;13.6875000000;0.3590700000;0.2382810000;-0.8758540000;0.2171020000
4026;-7.1900000000;2.8600000000;-6.3100000000;-1.5625000000;1.0625000000;-1.7500000000;33.5000000000;-22.2500000000;15.1875000000;0.3590700000;0.2390140000;-0.8756710000;0.2169190000
4027;-7.4300000000;2.1600000000;-6.2300000000;-0.1875000000;1.5625000000;0.3125000000;33.0625000000;-21.1875000000;14.3750000000;0.3583980000;0.2391360000;-0.8758540000;0.2174070000
4028;-7.0700000000;2.8500000000;-6.2800000000;3.8750000000;1.5625000000;3.1875000000;33.0625000000;-21.1875000000;14.3750000000;0.3584590000;0.2382810000;-0.8764040000;0.2160640000
4029;-7.3300000000;1.6600000000;-6.3200000000;-0.1250000000;1.8125000000;3.5000000000;33.5000000000;-23.0000000000;14.8750000000;0.3571170000;0.2369380000;-0.8771360000;0.2166750000
4030;-6.9900000000;2.2100000000;-6.0700000000;4.2500000000;2.0625000000;0.6250000000;33.0625000000;-23.0000000000;15.1875000000;0.3569340000;0.2362060000;-0.8778080000;0.2152100000
4031;-7.2600000000;1.7700000000;-6.3100000000;-2.2500000000;0.7500000000;3.6875000000;32.2500000000;-23.0000000000;14.0625000000;0.3563840000;0.2354740000;-0.8779910000;0.2160030000
4032;-7.2800000000;1.7000000000;-5.9600000000;2.6875000000;0.3750000000;-1.7500000000;32.0000000000;-23.0000000000;14.0625000000;0.3562620000;0.2355350000;-0.8781130000;0.2156980000
4033;-7.0500000000;2.5500000000;-6.3100000000;-1.0000000000;-2.0000000000;0.1250000000;32.0000000000;-23.0000000000;14.0625000000;0.3571170000;0.2357180000;-0.8778690000;0.2151490000
4034;-7.5100000000;1.8100000000;-6.0800000000;-4.7500000000;-0.6250000000;1.1875000000;32.6875000000;-22.2500000000;14.8750000000;0.3567500000;0.2358400000;-0.8774410000;0.2172240000
4035;-7.2300000000;2.3400000000;-6.1300000000;0.5625000000;-4.0625000000;-1.7500000000;32.2500000000;-23.0000000000;14.8750000000;0.3579100000;0.2359010000;-0.8769530000;0.2172850000
4036;-7.1700000000;2.1200000000;-6.4800000000;-3.4375000000;-2.5625000000;1.7500000000;32.6875000000;-22.5625000000;14.5000000000;0.3583980000;0.2356570000;-0.8765260000;0.2185060000
4037;-7.3900000000;2.1300000000;-6.4900000000;-3.0000000000;-1.0625000000;1.1250000000;32.6875000000;-23.0000000000;14.8750000000;0.3583370000;0.2355350000;-0.8763430000;0.2193600000
4038;-7.3000000000;1.8800000000;-6.5400000000;1.7500000000;0.2500000000;-2.2500000000;32.6875000000;-23.0000000000;14.8750000000;0.3585210000;0.2357790000;-0.8761600000;0.2195430000
4039;-7.0300000000;2.5300000000;-6.3400000000;0.1250000000;2.0625000000;-1.5000000000;33.0625000000;-23.7500000000;14.3750000000;0.3583980000;0.2363280000;-0.8763430000;0.2184450000
4040;-7.5100000000;1.7000000000;-6.2100000000;0.6250000000;2.5625000000;-0.6250000000;33.0625000000;-22.5625000000;15.1875000000;0.3575440000;0.2366940000;-0.8765870000;0.2186280000
4041;-7.0100000000;2.5400000000;-6.0100000000;5.8125000000;0.9375000000;-3.6875000000;32.6875000000;-22.5625000000;13.2500000000;0.3578490000;0.2370000000;-0.8769530000;0.2163090000
4042;-7.1500000000;2.1400000000;-6.1800000000;-3.8125000000;0.0000000000;1.3750000000;33.0625000000;-22.5625000000;15.1875000000;0.3576660000;0.2373050000;-0.8768310000;0.2166140000
4043;-7.2900000000;1.9800000000;-5.9100000000;2.8125000000;-0.8750000000;-1.8125000000;33.0625000000;-22.5625000000;15.1875000000;0.3577880000;0.2373660000;-0.8767700000;0.2165530000
4044;-7.1900000000;2.2300000000;-6.7900000000;0.2500000000;-5.1250000000;-1.3750000000;33.0625000000;-23.0000000000;14.3750000000;0.3591310000;0.2375490000;-0.8762210000;0.2164920000
4045;-7.1900000000;2.1300000000;-6.3500000000;1.1875000000;3.3125000000;-0.6250000000;33.5000000000;-22.5625000000;14.8750000000;0.3592530000;0.2375490000;-0.8762820000;0.2160030000
4046;-7.2600000000;2.0900000000;-6.2400000000;-2.1250000000;-1.8125000000;0.3750000000;33.0625000000;-22.2500000000;15.1875000000;0.3587650000;0.2377930000;-0.8763430000;0.2161870000
4047;-7.2100000000;2.2200000000;-6.2600000000;1.2500000000;-0.1875000000;0.3750000000;32.6875000000;-20.7500000000;13.6875000000;0.3592530000;0.2374880000;-0.8762210000;0.2161250000
4048;-7.2100000000;2.0900000000;-6.0300000000;0.8125000000;0.6250000000;0.0625000000;32.6875000000;-20.7500000000;13.6875000000;0.3591920000;0.2373660000;-0.8762820000;0.2162480000
4049;-7.1900000000;2.0200000000;-6.1900000000;2.0625000000;-3.1250000000;-1.3125000000;34.1875000000;-22.5625000000;13.2500000000;0.3602290000;0.2371220000;-0.8759770000;0.2160640000
4050;-7.2300000000;2.2500000000;-6.0100000000;-2.8750000000;-1.8125000000;-0.2500000000;33.0625000000;-22.5625000000;13.6875000000;0.3611450000;0.2370000000;-0.8755490000;0.2163090000
4051;-7.3800000000;1.7600000000;-6.3600000000;-6.4375000000;-2.8750000000;-0.3750000000;33.5000000000;-23.0000000000;13.2500000000;0.3614500000;0.2372440000;-0.8747560000;0.2186890000
4052;-7.2300000000;2.3700000000;-6.1900000000;0.6875000000;-1.7500000000;-0.6875000000;32.6875000000;-22.2500000000;15.1875000000;0.3626710000;0.2369380000;-0.8745120000;0.2181400000
4053;-7.3200000000;2.0300000000;-6.7100000000;-2.3750000000;-2.1250000000;2.0625000000;32.6875000000;-22.2500000000;15.1875000000;0.3629760000;0.2367550000;-0.8740840000;0.2194820000
4054;-7.4700000000;1.7500000000;-6.2700000000;-0.1875000000;2.3125000000;0.3125000000;33.5000000000;-22.2500000000;14.5000000000;0.3624880000;0.2366330000;-0.8742680000;0.2197880000
4055;-7.0700000000;2.3900000000;-6.3300000000;0.4375000000;-0.6875000000;-1.5000000000;32.6875000000;-23.0000000000;13.2500000000;0.3626100000;0.2369380000;-0.8742070000;0.2192990000
4056;-7.3400000000;2.1200000000;-6.2800000000;-2.5625000000;3.0000000000;1.2500000000;32.2500000000;-22.5625000000;14.5000000000;0.3619380000;0.2370000000;-0.8743900000;0.2197270000
4057;-7.2900000000;2.0300000000;-6.1500000000;3.0000000000;1.5625000000;-2.0000000000;33.0625000000;-22.2500000000;14.8750000000;0.3611450000;0.2373660000;-0.8746950000;0.2195430000
4058;-7.1700000000;2.4400000000;-6.1200000000;1.5625000000;2.3125000000;-0.9375000000;33.0625000000;-22.2500000000;14.8750000000;0.3613890000;0.2374880000;-0.8749390000;0.2178340000
4059;-7.3300000000;1.9500000000;-5.9800000000;0.3750000000;1.1875000000;-0.6875000000;33.5000000000;-23.0000000000;14.0625000000;0.3606570000;0.2377930000;-0.8750610000;0.2182010000
4060;-7.1900000000;2.5500000000;-6.0800000000;2.3125000000;-1.6250000000;0.1250000000;33.0625000000;-22.2500000000;13.2500000000;0.3613280000;0.2376710000;-0.8751220000;0.2172240000
4061;-7.3100000000;1.9500000000;-6.5800000000;-0.8125000000;0.5000000000;1.6250000000;32.6875000000;-21.1875000000;14.8750000000;0.3613280000;0.2373050000;-0.8749390000;0.2181400000
4062;-7.3300000000;2.1200000000;-6.2800000000;2.2500000000;0.2500000000;0.1250000000;33.5000000000;-23.0000000000;15.1875000000;0.3613280000;0.2368160000;-0.8753050000;0.2172240000
4063;-7.2400000000;2.1100000000;-6.0900000000;0.1250000000;3.1250000000;1.9375000000;33.5000000000;-23.0000000000;15.1875000000;0.3608400000;0.2365720000;-0.8756100000;0.2169800000
4064;-7.4500000000;1.5600000000;-5.4500000000;1.3750000000;-1.3750000000;-1.1875000000;33.0625000000;-22.5625000000;15.1875000000;0.3605350000;0.2365720000;-0.8757320000;0.2169800000
4065;-7.1800000000;1.7400000000;-4.5400000000;-0.4375000000;-8.7500000000;-2.5625000000;33.5000000000;-22.5625000000;15.1875000000;0.3626710000;0.2365720000;-0.8750000000;0.2166140000
4066;-7.5000000000;0.9100000000;-3.0300000000;-8.6250000000;-15.9375000000;-4.8125000000;32.6875000000;-21.1875000000;13.6875000000;0.3668210000;0.2377320000;-0.8722530000;0.2193600000
4067;-8.3800000000;0.0400000000;-1.9100000000;-16.1250000000;-42.6250000000;-14.7500000000;33.5000000000;-23.0000000000;14.0625000000;0.3778690000;0.2406010000;-0.8651730000;0.2252810000
4068;-8.4500000000;-0.0600000000;-1.5500000000;-13.6250000000;-91.4375000000;-36.8125000000;33.5000000000;-23.0000000000;14.0625000000;0.4008790000;0.2456670000;-0.8512570000;0.2330320000
4069;-9.1300000000;1.6400000000;-1.8200000000;-16.5625000000;-129.6250000000;-37.2500000000;33.7500000000;-22.0000000000;11.2500000000;0.4360960000;0.2498170000;-0.8303830000;0.2406620000
4070;-10.6000000000;0.7400000000;-4.3800000000;-75.6875000000;-141.6875000000;-45.5625000000;35.0625000000;-19.6875000000;8.8750000000;0.4727170000;0.2592160000;-0.8000490000;0.2632450000
4071;-10.7900000000;1.1600000000;-3.8500000000;-38.3125000000;-112.7500000000;-58.5625000000;37.5625000000;-21.5625000000;3.0625000000;0.5046390000;0.2719730000;-0.7707520000;0.2781370000
4072;-11.7200000000;0.4000000000;-3.5800000000;-44.1250000000;-104.1875000000;-56.1250000000;37.5625000000;-21.5625000000;3.0625000000;0.5322880000;0.2836910000;-0.7437130000;0.2882080000
4073;-10.8500000000;0.1300000000;-2.7100000000;-35.5000000000;-81.0000000000;-71.6250000000;38.0000000000;-19.5625000000;-2.0625000000;0.5561520000;0.2995610000;-0.7174070000;0.2938230000
4074;-10.5100000000;2.4400000000;-3.6200000000;-32.3125000000;-91.3125000000;-76.8125000000;38.0625000000;-17.0000000000;-4.6875000000;0.5814210000;0.3146360000;-0.6895750000;0.2956540000
4075;-10.1600000000;2.6900000000;-4.8000000000;-36.2500000000;-70.3125000000;-55.1875000000;39.5625000000;-15.1875000000;-8.7500000000;0.6000980000;0.3286130000;-0.6642460000;0.3010860000
4076;-10.2000000000;1.6500000000;-4.6600000000;-28.8750000000;-51.5000000000;-22.8750000000;38.0625000000;-13.0000000000;-10.2500000000;0.6105350000;0.3357540000;-0.6482540000;0.3070070000
4077;-9.2300000000;1.6200000000;-3.8300000000;-1.2500000000;-13.8750000000;-26.0000000000;38.0625000000;-13.0000000000;-10.2500000000;0.6162720000;0.3402710000;-0.6414180000;0.3049320000
4078;-9.3900000000;2.3300000000;-2.1000000000;-10.7500000000;6.6250000000;-8.8125000000;38.0000000000;-11.5000000000;-12.2500000000;0.6159060000;0.3457030000;-0.6401370000;0.3022460000
4079;-9.1700000000;1.4200000000;-1.8200000000;-14.6250000000;8.0625000000;2.1250000000;37.2500000000;-12.5625000000;-12.2500000000;0.6137080000;0.3469240000;-0.6416630000;0.3021240000
4080;-9.8100000000;0.5200000000;-1.1900000000;12.0000000000;10.1250000000;7.1250000000;37.8750000000;-10.2500000000;-11.5625000000;0.6115720000;0.3451540000;-0.6452640000;0.3008420000
4081;-9.7000000000;0.0500000000;-0.9900000000;8.3750000000;14.0625000000;11.6250000000;37.8750000000;-11.7500000000;-10.8750000000;0.6097410000;0.3425900000;-0.6489260000;0.2996220000
4082;-9.7300000000;-0.3400000000;-0.6500000000;7.1875000000;17.5625000000;11.6250000000;37.8750000000;-11.7500000000;-10.8750000000;0.6055910000;0.3402710000;-0.6544190000;0.2985840000
4083;-9.7500000000;-0.0900000000;-0.3600000000;12.4375000000;12.4375000000;11.2500000000;38.1875000000;-11.6875000000;-9.6875000000;0.6019290000;0.3359990000;-0.6610110000;0.2963260000
4084;-9.7600000000;-0.3800000000;-0.7500000000;2.7500000000;5.0625000000;12.7500000000;37.7500000000;-12.0000000000;-9.6875000000;0.6000370000;0.3329470000;-0.6638790000;0.2973020000
4085;-9.8600000000;-0.3700000000;-0.6600000000;3.2500000000;3.7500000000;10.1250000000;37.7500000000;-12.7500000000;-10.0000000000;0.5987550000;0.3305050000;-0.6657710000;0.2982790000
4086;-9.9800000000;-0.5300000000;-1.0000000000;1.8750000000;-1.1250000000;7.3125000000;37.7500000000;-11.6875000000;-10.5000000000;0.5991210000;0.3295290000;-0.6658330000;0.2984620000
4087;-9.7300000000;-0.5100000000;-0.9100000000;1.6250000000;3.0625000000;2.6250000000;37.7500000000;-11.6875000000;-10.5000000000;0.5988160000;0.3286130000;-0.6665650000;0.2984620000
4088;-9.7600000000;-0.2100000000;-0.5900000000;-1.8125000000;2.9375000000;-0.5000000000;38.1875000000;-13.1875000000;-11.1875000000;0.5982670000;0.3295290000;-0.6668700000;0.2978520000
4089;-9.7400000000;-0.3400000000;-0.9100000000;-2.8125000000;-2.6250000000;-2.2500000000;37.7500000000;-14.1875000000;-11.1875000000;0.5999150000;0.3288570000;-0.6663820000;0.2964480000
4090;-9.6600000000;0.0400000000;-0.8600000000;-1.6875000000;-1.3750000000;-3.1875000000;38.8750000000;-14.1875000000;-10.0000000000;0.6015620000;0.3274540000;-0.6666260000;0.2941280000
4091;-9.9000000000;0.2000000000;-0.7300000000;-3.3750000000;-2.8125000000;-2.7500000000;38.5625000000;-13.5000000000;-10.0000000000;0.6026610000;0.3264160000;-0.6668090000;0.2926030000
4092;-9.6500000000;0.1800000000;-1.2000000000;-1.0000000000;-6.1250000000;-2.0625000000;38.5625000000;-13.5000000000;-10.0000000000;0.6040040000;0.3265380000;-0.6651610000;0.2935180000
4093;-9.6500000000;0.2200000000;-1.1000000000;-0.6250000000;-2.8125000000;-0.3750000000;38.1875000000;-10.8750000000;-11.1875000000;0.6048580000;0.3267210000;-0.6640620000;0.2939450000
4094;-9.7700000000;0.2400000000;-0.9500000000;0.0625000000;-2.3125000000;1.0000000000;38.1875000000;-13.5000000000;-10.5000000000;0.6058350000;0.3243410000;-0.6648560000;0.2929080000
4095;-9.7100000000;-0.0100000000;-1.2400000000;-0.7500000000;-2.8750000000;1.2500000000;38.1875000000;-12.0000000000;-10.0000000000;0.6063840000;0.3228760000;-0.6650390000;0.2929080000
4096;-9.6600000000;0.2000000000;-0.8900000000;0.0000000000;0.6875000000;1.3750000000;37.3750000000;-13.1875000000;-10.8750000000;0.6067500000;0.3211060000;-0.6660160000;0.2918090000
4097;-9.7000000000;0.0300000000;-0.8100000000;-1.0000000000;-2.3125000000;2.6875000000;37.3750000000;-13.1875000000;-10.8750000000;0.6065670000;0.3206790000;-0.6660160000;0.2926030000
4098;-9.8200000000;-0.0100000000;-0.9300000000;-2.8125000000;-2.5000000000;3.6875000000;37.3750000000;-12.7500000000;-9.6875000000;0.6075440000;0.3181760000;-0.6665040000;0.2922970000
4099;-9.8500000000;-0.1500000000;-1.0100000000;-2.5000000000;-1.4375000000;2.0625000000;37.3750000000;-12.0000000000;-10.5000000000;0.6074220000;0.3178100000;-0.6662600000;0.2933960000
4100;-9.6200000000;-0.0500000000;-1.0500000000;2.5000000000;-0.1250000000;0.2500000000;37.7500000000;-12.7500000000;-10.3750000000;0.6080320000;0.3167110000;-0.6667480000;0.2923580000
4101;-9.8500000000;0.0400000000;-0.6900000000;-2.6875000000;1.1250000000;0.3125000000;37.7500000000;-13.5000000000;-10.8750000000;0.6082760000;0.3156130000;-0.6676030000;0.2910770000
4102;-9.7500000000;-0.0100000000;-0.8700000000;-1.2500000000;-1.6875000000;-0.1875000000;37.7500000000;-13.5000000000;-10.8750000000;0.6082760000;0.3158570000;-0.6671750000;0.2918090000
4103;-9.6900000000;0.1800000000;-0.6600000000;0.6250000000;-1.1250000000;-1.1875000000;38.5625000000;-12.3750000000;-10.5000000000;0.6088870000;0.3154300000;-0.6669920000;0.2913210000
4104;-9.8200000000;0.0800000000;-0.7900000000;-2.6250000000;-3.4375000000;1.1875000000;37.7500000000;-12.0000000000;-11.5625000000;0.6094360000;0.3151860000;-0.6662600000;0.2920530000
4105;-9.7300000000;-0.1100000000;-0.7500000000;-0.2500000000;-3.5000000000;-0.3125000000;38.5625000000;-13.8750000000;-12.0000000000;0.6101680000;0.3146360000;-0.6656490000;0.2926640000
4106;-9.6700000000;0.0600000000;-0.7000000000;-0.4375000000;-3.7500000000;-1.0000000000;37.3750000000;-13.5000000000;-12.0000000000;0.6114500000;0.3138430000;-0.6650390000;0.2921140000
4107;-9.7500000000;0.0600000000;-0.7500000000;-1.8750000000;-4.5625000000;-0.8125000000;37.3750000000;-13.5000000000;-12.0000000000;0.6123050000;0.3140870000;-0.6637570000;0.2929690000
4108;-9.7400000000;0.0400000000;-1.0000000000;-0.8750000000;-4.8125000000;-0.5625000000;36.6875000000;-13.8750000000;-11.5625000000;0.6137700000;0.3126830000;-0.6632690000;0.2925420000
4109;-9.7100000000;0.2600000000;-0.8200000000;0.6875000000;-1.9375000000;-0.3125000000;37.0625000000;-13.8750000000;-12.7500000000;0.6145020000;0.3118900000;-0.6630860000;0.2922970000
4110;-9.7500000000;0.0900000000;-0.6600000000;-0.6875000000;-2.0625000000;0.6250000000;36.6875000000;-12.0000000000;-12.0000000000;0.6146850000;0.3117680000;-0.6627810000;0.2927860000
4111;-9.7600000000;-0.0100000000;-0.7800000000;-0.3750000000;-3.2500000000;0.8750000000;37.0625000000;-13.8750000000;-11.5625000000;0.6158450000;0.3097530000;-0.6629640000;0.2919920000
4112;-9.7200000000;0.1000000000;-0.6800000000;-0.1250000000;-1.5625000000;-0.1875000000;37.0625000000;-13.8750000000;-11.5625000000;0.6163330000;0.3095090000;-0.6625370000;0.2921140000
4113;-9.7500000000;0.0400000000;-0.8600000000;0.8125000000;-2.7500000000;-0.1875000000;37.3750000000;-12.3750000000;-12.3750000000;0.6168210000;0.3093260000;-0.6621090000;0.2923580000
4114;-9.7200000000;0.2200000000;-1.2900000000;1.7500000000;-0.6875000000;-0.2500000000;38.1875000000;-12.3750000000;-12.0000000000;0.6173710000;0.3086550000;-0.6620480000;0.2919920000
4115;-9.8000000000;0.3900000000;-1.5800000000;-3.3125000000;4.2500000000;-0.1875000000;37.3750000000;-13.5000000000;-12.0000000000;0.6167600000;0.3087770000;-0.6627810000;0.2915650000
4116;-9.8100000000;0.7600000000;-2.8700000000;1.0000000000;9.4375000000;-1.6875000000;38.1875000000;-14.1875000000;-11.1875000000;0.6160280000;0.3084110000;-0.6645510000;0.2893680000
4117;-9.5400000000;1.3400000000;-3.5400000000;6.1250000000;26.0000000000;1.1250000000;38.1875000000;-14.1875000000;-11.1875000000;0.6121830000;0.3090210000;-0.6690670000;0.2864380000
4118;-9.5100000000;2.2800000000;-4.2900000000;-0.1250000000;41.4375000000;9.1875000000;38.1875000000;-13.5000000000;-11.1875000000;0.6044920000;0.3097530000;-0.6775510000;0.2820430000
4119;-10.0000000000;1.7200000000;-4.9500000000;7.0625000000;67.7500000000;33.9375000000;37.7500000000;-12.3750000000;-10.5000000000;0.5892940000;0.3086550000;-0.6920780000;0.2802120000
4120;-10.2200000000;1.6700000000;-4.7100000000;11.9375000000;87.3125000000;38.7500000000;38.8750000000;-13.5000000000;-9.1875000000;0.5675660000;0.3048710000;-0.7130130000;0.2766110000
4121;-10.7400000000;2.0500000000;-4.2200000000;44.7500000000;105.1250000000;47.0625000000;40.6875000000;-14.1875000000;-6.5000000000;0.5427860000;0.2975460000;-0.7387080000;0.2667240000
4122;-10.6600000000;2.4900000000;-3.6200000000;43.5000000000;114.1875000000;54.3125000000;40.6875000000;-14.1875000000;-6.5000000000;0.5142210000;0.2862550000;-0.7677000000;0.2536010000
4123;-10.7400000000;2.0900000000;-2.8700000000;45.1250000000;113.2500000000;67.6250000000;39.8750000000;-13.8750000000;-1.8750000000;0.4830320000;0.2716670000;-0.7966920000;0.2412110000
4124;-9.9500000000;1.1000000000;-2.5200000000;52.3750000000;104.6875000000;54.6250000000;38.7500000000;-15.2500000000;2.0625000000;0.4527590000;0.2559810000;-0.8231810000;0.2278440000
4125;-9.3900000000;1.7800000000;-2.4600000000;43.7500000000;96.2500000000;51.0000000000;37.6875000000;-19.0000000000;8.0000000000;0.4255370000;0.2406010000;-0.8457640000;0.2137450000
4126;-8.5500000000;0.2900000000;-1.8400000000;20.7500000000;83.0625000000;52.9375000000;36.2500000000;-18.0000000000;10.0000000000;0.3991090000;0.2280270000;-0.8634640000;0.2076420000
4127;-8.0200000000;0.8800000000;-2.3400000000;26.4375000000;38.6250000000;37.3125000000;36.2500000000;-18.0000000000;10.0000000000;0.3828130000;0.2174070000;-0.8747560000;0.2025150000
4128;-7.8000000000;-0.1600000000;-4.2700000000;-9.9375000000;15.1875000000;27.5000000000;33.2500000000;-21.6875000000;12.2500000000;0.3742680000;0.2084350000;-0.8803100000;0.2039790000
4129;-7.2800000000;0.3600000000;-4.4800000000;9.7500000000;7.0000000000;14.6875000000;33.5625000000;-22.0000000000;14.6875000000;0.3707280000;0.2039790000;-0.8826900000;0.2045900000
4130;-7.5300000000;0.7800000000;-5.5500000000;-2.8750000000;-6.7500000000;4.1875000000;32.0625000000;-23.5000000000;13.5000000000;0.3713990000;0.2022090000;-0.8826290000;0.2053220000
4131;-7.4100000000;0.9800000000;-5.6200000000;-2.8125000000;-6.5625000000;-3.8125000000;32.0625000000;-23.5000000000;13.5000000000;0.3733520000;0.2034910000;-0.8811040000;0.2069090000
4132;-7.1300000000;2.2100000000;-5.5100000000;-5.2500000000;-8.5000000000;-10.1250000000;32.8750000000;-23.5000000000;15.0000000000;0.3761600000;0.2063600000;-0.8790890000;0.2075810000
4133;-7.8800000000;1.5800000000;-5.6200000000;-11.6250000000;-12.5000000000;-7.5625000000;32.8750000000;-21.8750000000;13.3750000000;0.3788450000;0.2119140000;-0.8756100000;0.2119140000
4134;-7.3200000000;2.5600000000;-6.2300000000;-7.8750000000;-20.6250000000;-12.1875000000;33.2500000000;-21.5625000000;13.3750000000;0.3845210000;0.2174680000;-0.8709720000;0.2152100000
4135;-7.5700000000;2.0900000000;-6.8000000000;-10.8125000000;-15.3125000000;-6.6250000000;33.1875000000;-22.1875000000;13.0000000000;0.3880620000;0.2208250000;-0.8677370000;0.2183840000
4136;-7.5100000000;2.4200000000;-5.9000000000;-1.5000000000;-3.8750000000;-7.3125000000;33.1875000000;-22.1875000000;13.0000000000;0.3901980000;0.2226560000;-0.8661500000;0.2189940000
4137;-7.5300000000;2.7800000000;-6.0800000000;-3.3125000000;-6.4375000000;-3.1250000000;33.1875000000;-23.0000000000;11.7500000000;0.3924560000;0.2243040000;-0.8644410000;0.2200930000
4138;-7.8300000000;1.7500000000;-6.1600000000;-6.1875000000;-3.6250000000;1.3125000000;33.8750000000;-21.8750000000;11.3750000000;0.3925780000;0.2260130000;-0.8631590000;0.2230830000
4139;-7.4500000000;2.4900000000;-5.4600000000;3.6250000000;0.3125000000;-1.7500000000;34.2500000000;-21.8750000000;11.0000000000;0.3925780000;0.2280270000;-0.8626100000;0.2230220000
4140;-7.7000000000;1.9500000000;-5.9200000000;-3.5625000000;-3.3750000000;3.3125000000;34.6875000000;-22.1875000000;11.7500000000;0.3928220000;0.2283940000;-0.8620610000;0.2243650000
4141;-7.6400000000;1.7900000000;-5.4700000000;2.1250000000;-0.9375000000;-0.1875000000;34.6875000000;-22.1875000000;11.7500000000;0.3931270000;0.2278440000;-0.8619380000;0.2249760000
4142;-7.6600000000;2.3600000000;-6.1300000000;-2.3750000000;-3.0625000000;1.6250000000;33.8750000000;-22.1875000000;12.1875000000;0.3940430000;0.2276000000;-0.8613890000;0.2255250000
4143;-7.8700000000;1.5900000000;-5.7100000000;0.5000000000;1.6875000000;1.0000000000;34.2500000000;-21.8750000000;11.7500000000;0.3934940000;0.2280880000;-0.8613890000;0.2260740000
4144;-7.5000000000;2.3500000000;-5.9900000000;4.4375000000;-2.3125000000;-0.2500000000;33.5000000000;-22.5625000000;11.0000000000;0.3942870000;0.2279660000;-0.8613280000;0.2250980000
4145;-7.7800000000;1.8200000000;-5.6200000000;-1.8125000000;2.0000000000;0.8750000000;34.2500000000;-22.5625000000;11.3750000000;0.3936770000;0.2283330000;-0.8613890000;0.2257080000
4146;-7.6200000000;2.2600000000;-5.7500000000;2.6250000000;-1.0000000000;-1.5625000000;34.2500000000;-22.5625000000;11.3750000000;0.3936770000;0.2285160000;-0.8613890000;0.2253420000
4147;-7.7300000000;2.2400000000;-5.7300000000;-2.5000000000;0.3125000000;0.5000000000;33.5000000000;-20.7500000000;11.0000000000;0.3933110000;0.2302250000;-0.8608400000;0.2263790000
4148;-7.7100000000;2.0100000000;-5.7000000000;2.6875000000;0.0000000000;-1.8750000000;33.8750000000;-21.8750000000;11.0000000000;0.3931880000;0.2310790000;-0.8606570000;0.2263180000
4149;-7.5200000000;2.3400000000;-5.5300000000;-2.1875000000;0.6250000000;0.6875000000;33.1875000000;-22.5625000000;11.3750000000;0.3933110000;0.2307740000;-0.8608400000;0.2258300000
4150;-7.8800000000;1.8500000000;-5.6200000000;-2.7500000000;-2.2500000000;1.5000000000;33.8750000000;-20.3750000000;11.7500000000;0.3925780000;0.2325440000;-0.8600460000;0.2283330000
4151;-7.5900000000;2.3800000000;-5.5400000000;2.1250000000;-2.6250000000;-1.2500000000;33.8750000000;-20.3750000000;11.7500000000;0.3934940000;0.2324220000;-0.8597410000;0.2280270000
4152;-7.6700000000;2.0200000000;-5.8400000000;-3.8125000000;-3.5000000000;-0.4375000000;34.2500000000;-22.2500000000;12.1875000000;0.3942870000;0.2326050000;-0.8590090000;0.2292480000
4153;-7.7100000000;1.9000000000;-5.8800000000;-1.5625000000;-2.5625000000;-1.1250000000;34.6875000000;-21.8750000000;12.5625000000;0.3950200000;0.2326660000;-0.8585210000;0.2296750000
4154;-7.6700000000;2.1900000000;-5.7000000000;-2.8750000000;-0.5625000000;0.4375000000;33.8750000000;-21.8750000000;10.2500000000;0.3949580000;0.2341310000;-0.8578490000;0.2308350000
4155;-7.7200000000;2.0200000000;-5.7500000000;0.7500000000;-0.6250000000;-1.3750000000;33.5000000000;-22.5625000000;9.7500000000;0.3950200000;0.2346800000;-0.8575440000;0.2312620000
4156;-7.7000000000;2.4900000000;-5.6800000000;-2.2500000000;-1.1875000000;0.3125000000;33.5000000000;-22.5625000000;9.7500000000;0.3950810000;0.2350460000;-0.8573610000;0.2314450000
4157;-7.7900000000;1.9200000000;-5.9700000000;-0.2500000000;-0.3750000000;1.3125000000;33.5000000000;-21.5625000000;11.3750000000;0.3952030000;0.2347410000;-0.8571780000;0.2323000000
4158;-7.6800000000;2.3300000000;-5.2900000000;1.3125000000;2.3125000000;-0.9375000000;34.6875000000;-22.5625000000;10.5625000000;0.3945920000;0.2352290000;-0.8575440000;0.2316280000
4159;-7.6400000000;2.3300000000;-5.8400000000;-0.1250000000;-3.5625000000;1.3125000000;33.1875000000;-22.5625000000;10.5625000000;0.3948970000;0.2349850000;-0.8573610000;0.2319950000
4160;-7.8900000000;1.8700000000;-5.3400000000;-2.6250000000;3.0625000000;0.6875000000;35.0000000000;-21.8750000000;11.0000000000;0.3943480000;0.2359010000;-0.8569950000;0.2331540000
4161;-7.6400000000;2.3500000000;-5.4300000000;0.8750000000;-4.7500000000;-1.4375000000;35.0000000000;-21.8750000000;11.0000000000;0.3947140000;0.2363280000;-0.8566280000;0.2335210000
4162;-7.8100000000;1.9000000000;-5.9400000000;-3.1250000000;-1.9375000000;0.9375000000;34.2500000000;-22.1875000000;10.1875000000;0.3955080000;0.2368160000;-0.8558350000;0.2346190000
4163;-7.6500000000;2.0800000000;-5.4900000000;0.5000000000;-0.6875000000;-4.5000000000;33.5000000000;-22.5625000000;10.5625000000;0.3956300000;0.2374880000;-0.8555300000;0.2347410000
4164;-7.7600000000;2.2600000000;-5.8900000000;-5.0625000000;-2.1250000000;1.6250000000;34.6875000000;-21.5625000000;10.5625000000;0.3959960000;0.2391970000;-0.8546140000;0.2358400000
4165;-7.8800000000;1.7700000000;-5.9400000000;3.5000000000;1.9375000000;-1.6875000000;34.2500000000;-20.3750000000;9.7500000000;0.3952030000;0.2416990000;-0.8538820000;0.2374270000
4166;-7.5900000000;2.6200000000;-5.3100000000;0.5000000000;0.3750000000;-0.5000000000;34.2500000000;-20.3750000000;9.7500000000;0.3950810000;0.2421260000;-0.8541870000;0.2359620000
4167;-7.9900000000;1.8000000000;-5.3700000000;-4.2500000000;-1.2500000000;2.5000000000;34.2500000000;-22.2500000000;9.7500000000;0.3947140000;0.2424930000;-0.8536990000;0.2378540000
4168;-7.5800000000;2.5100000000;-5.4000000000;3.9375000000;-2.5000000000;-1.8750000000;34.2500000000;-20.8750000000;10.1875000000;0.3950200000;0.2437130000;-0.8530880000;0.2382810000
4169;-7.8400000000;1.9100000000;-5.9200000000;-6.1250000000;-4.5625000000;1.8125000000;33.8750000000;-22.0000000000;10.5625000000;0.3956910000;0.2435300000;-0.8525390000;0.2393190000
4170;-7.6500000000;2.0300000000;-6.0100000000;2.2500000000;0.0625000000;-0.8750000000;34.2500000000;-22.2500000000;10.1875000000;0.3965450000;0.2433470000;-0.8521120000;0.2395630000
4171;-7.8700000000;1.9200000000;-5.5300000000;-1.2500000000;2.7500000000;0.5625000000;34.2500000000;-22.2500000000;10.1875000000;0.3956910000;0.2437130000;-0.8524780000;0.2392580000
4172;-7.6400000000;2.2200000000;-5.5700000000;4.8125000000;1.7500000000;-1.0625000000;33.8750000000;-22.2500000000;9.7500000000;0.3957520000;0.2436520000;-0.8527830000;0.2382810000
4173;-7.7700000000;2.3000000000;-5.3300000000;-3.3750000000;0.9375000000;1.3125000000;34.2500000000;-22.6875000000;11.3750000000;0.3950810000;0.2436520000;-0.8530270000;0.2384030000
4174;-7.8500000000;2.0000000000;-5.7300000000;3.6250000000;1.1250000000;-0.3125000000;34.2500000000;-23.0625000000;11.0000000000;0.3952030000;0.2429810000;-0.8533330000;0.2378540000
4175;-7.6100000000;2.4000000000;-5.0500000000;-1.1250000000;-0.3750000000;-0.1875000000;33.5000000000;-22.5625000000;10.5625000000;0.3950810000;0.2429810000;-0.8535770000;0.2372440000
4176;-7.7800000000;1.9500000000;-5.6800000000;-2.3750000000;-1.5625000000;1.1875000000;33.5000000000;-22.5625000000;10.5625000000;0.3955080000;0.2427370000;-0.8530880000;0.2385250000
4177;-7.9000000000;1.9100000000;-5.3000000000;-1.5000000000;-2.8125000000;-2.1250000000;34.2500000000;-21.1875000000;9.7500000000;0.3954470000;0.2446900000;-0.8522340000;0.2396850000
4178;-7.8300000000;2.3300000000;-5.9500000000;-2.5000000000;-3.9375000000;2.6875000000;34.6875000000;-22.1875000000;9.7500000000;0.3964840000;0.2451780000;-0.8513790000;0.2405400000
4179;-8.1000000000;1.6100000000;-6.1300000000;-4.2500000000;-0.8125000000;0.3125000000;33.8750000000;-21.8750000000;11.7500000000;0.3965450000;0.2447510000;-0.8511350000;0.2417600000
4180;-7.3800000000;2.9000000000;-5.8000000000;5.6875000000;1.8125000000;-2.3750000000;34.2500000000;-22.1875000000;10.1875000000;0.3966670000;0.2447510000;-0.8516240000;0.2399290000
4181;-7.9600000000;1.9000000000;-5.3700000000;-4.8750000000;4.1875000000;3.8125000000;34.2500000000;-22.1875000000;10.1875000000;0.3947140000;0.2445070000;-0.8522340000;0.2410890000
4182;-7.7700000000;2.0400000000;-5.1500000000;4.2500000000;0.6875000000;-1.3125000000;34.6875000000;-22.1875000000;11.3750000000;0.3942870000;0.2441410000;-0.8527220000;0.2402950000
4183;-7.6600000000;2.4500000000;-5.5100000000;-3.9375000000;-2.4375000000;2.5000000000;33.8750000000;-22.1875000000;11.3750000000;0.3947750000;0.2435910000;-0.8526000000;0.2404790000
4184;-7.8400000000;1.8400000000;-5.6300000000;-1.3125000000;-0.9375000000;0.9375000000;34.2500000000;-23.0000000000;10.2500000000;0.3948970000;0.2433470000;-0.8523560000;0.2414550000
4185;-7.7000000000;2.4300000000;-5.6000000000;0.1875000000;-1.1250000000;0.0625000000;34.2500000000;-23.0000000000;10.2500000000;0.3951420000;0.2432860000;-0.8522950000;0.2414550000
4186;-7.9900000000;1.8400000000;-5.7200000000;-3.1875000000;-1.3125000000;0.7500000000;33.8750000000;-22.1875000000;9.7500000000;0.3952030000;0.2432860000;-0.8519290000;0.2424930000
4187;-7.5500000000;2.4600000000;-5.7900000000;4.3125000000;0.4375000000;-2.3125000000;33.8750000000;-22.5625000000;10.5625000000;0.3956910000;0.2433470000;-0.8520510000;0.2413330000
4188;-7.8500000000;2.0800000000;-5.4400000000;-2.3125000000;1.6875000000;0.6875000000;34.6875000000;-23.0000000000;10.5625000000;0.3950200000;0.2435910000;-0.8521730000;0.2416380000
4189;-7.7600000000;2.0700000000;-5.4000000000;3.3125000000;-0.3750000000;-1.9375000000;34.6875000000;-21.1875000000;10.5625000000;0.3951420000;0.2446290000;-0.8519900000;0.2412110000
4190;-7.7100000000;2.4000000000;-5.6400000000;-2.3750000000;-1.3125000000;1.3750000000;34.6875000000;-21.1875000000;10.5625000000;0.3955080000;0.2445680000;-0.8518070000;0.2413330000
4191;-7.9500000000;1.8500000000;-5.4900000000;0.0000000000;0.9375000000;0.0000000000;34.6875000000;-22.1875000000;10.2500000000;0.3950810000;0.2446290000;-0.8517460000;0.2421260000
4192;-7.5100000000;2.8400000000;-5.4900000000;3.3125000000;-1.5000000000;-1.7500000000;34.6875000000;-21.8750000000;9.8750000000;0.3957520000;0.2445680000;-0.8517460000;0.2410280000
4193;-8.0300000000;1.7100000000;-5.6200000000;-6.9375000000;1.0000000000;3.8750000000;34.6875000000;-22.1875000000;10.5625000000;0.3949580000;0.2442630000;-0.8516850000;0.2429810000
4194;-7.6900000000;2.1600000000;-5.4300000000;4.8125000000;-0.0625000000;-2.8750000000;33.8750000000;-22.5625000000;10.5625000000;0.3951420000;0.2443240000;-0.8516850000;0.2424320000
4195;-7.8100000000;2.3000000000;-5.8300000000;-3.0625000000;-1.1875000000;2.5625000000;33.8750000000;-22.5625000000;10.5625000000;0.3956300000;0.2442630000;-0.8515620000;0.2422490000
4196;-7.8600000000;1.8000000000;-5.6000000000;1.8750000000;1.6875000000;-0.8125000000;33.8750000000;-22.5625000000;10.5625000000;0.3951420000;0.2443850000;-0.8516240000;0.2426150000
4197;-7.6700000000;2.6000000000;-5.4900000000;-0.0625000000;-0.5625000000;-0.6250000000;34.2500000000;-22.1875000000;10.2500000000;0.3953250000;0.2445070000;-0.8516850000;0.2420650000
4198;-7.7700000000;2.0300000000;-5.5400000000;-1.1875000000;1.8750000000;1.0000000000;34.6875000000;-21.1875000000;10.1875000000;0.3948360000;0.2445680000;-0.8517460000;0.2426150000
4199;-7.8100000000;2.2400000000;-5.4100000000;-3.1250000000;-1.2500000000;-0.8750000000;34.2500000000;-22.6875000000;11.0000000000;0.3947140000;0.2448120000;-0.8516240000;0.2427370000
4200;-7.6800000000;2.3200000000;-5.6500000000;3.2500000000;-1.0000000000;0.7500000000;34.2500000000;-22.6875000000;11.0000000000;0.3953250000;0.2445680000;-0.8514400000;0.2426760000
4201;-7.9000000000;1.9100000000;-5.3400000000;-2.2500000000;0.5000000000;-0.1875000000;34.2500000000;-23.0000000000;9.7500000000;0.3949580000;0.2446900000;-0.8515010000;0.2431030000
4202;-7.5700000000;2.3700000000;-5.6700000000;2.8750000000;-2.8750000000;1.1250000000;34.6875000000;-22.1875000000;11.0000000000;0.3959350000;0.2441410000;-0.8513180000;0.2426150000
4203;-8.0200000000;1.8600000000;-5.6900000000;-2.6875000000;-0.5625000000;1.5625000000;33.8750000000;-21.1875000000;9.7500000000;0.3956910000;0.2440800000;-0.8511350000;0.2436520000
4204;-7.6600000000;2.3600000000;-5.8100000000;2.0625000000;1.0625000000;-0.5625000000;33.8750000000;-22.1875000000;10.2500000000;0.3958740000;0.2438960000;-0.8512570000;0.2431030000
4205;-7.8300000000;2.1800000000;-5.2700000000;2.1875000000;1.4375000000;1.2500000000;33.8750000000;-22.1875000000;10.2500000000;0.3953860000;0.2436520000;-0.8517460000;0.2424930000
4206;-7.6500000000;1.9400000000;-5.6400000000;0.6250000000;-0.9375000000;-1.6875000000;33.8750000000;-23.0625000000;10.5625000000;0.3955690000;0.2435910000;-0.8516240000;0.2426760000
4207;-7.7100000000;2.4400000000;-5.4000000000;-0.0625000000;0.5000000000;0.1875000000;34.2500000000;-21.8750000000;10.5625000000;0.3958130000;0.2436520000;-0.8517460000;0.2418210000
4208;-8.0800000000;1.7300000000;-5.5300000000;-2.0000000000;-1.3750000000;0.1250000000;34.2500000000;-21.8750000000;10.2500000000;0.3955080000;0.2439580000;-0.8514400000;0.2429810000
4209;-7.5300000000;2.7900000000;-5.8800000000;6.4375000000;-1.6250000000;-3.0625000000;33.5000000000;-22.1875000000;10.2500000000;0.3968510000;0.2438350000;-0.8513790000;0.2412720000
4210;-7.8700000000;2.0800000000;-5.3700000000;-4.8125000000;1.8125000000;3.0625000000;33.5000000000;-22.1875000000;10.2500000000;0.3961790000;0.2438350000;-0.8515620000;0.2418210000
4211;-7.7000000000;2.2200000000;-5.2300000000;5.3125000000;-0.6250000000;-0.6250000000;34.6875000000;-22.1875000000;9.7500000000;0.3961790000;0.2432860000;-0.8517460000;0.2415160000
4212;-7.6700000000;2.3600000000;-5.5800000000;-2.1250000000;-3.8750000000;0.5000000000;33.5000000000;-22.1875000000;11.0000000000;0.3971560000;0.2429810000;-0.8515010000;0.2412720000
4213;-7.9000000000;1.9000000000;-5.6600000000;-3.8750000000;-1.4375000000;0.8750000000;33.8750000000;-22.5625000000;9.7500000000;0.3974000000;0.2429810000;-0.8509520000;0.2427370000
4214;-7.6400000000;2.4600000000;-5.5200000000;1.5000000000;-2.0000000000;-1.1250000000;33.5000000000;-21.5625000000;10.1875000000;0.3978880000;0.2431030000;-0.8507080000;0.2426760000
4215;-8.0400000000;1.7800000000;-5.5600000000;-3.3750000000;0.3125000000;2.1875000000;33.5000000000;-21.5625000000;10.1875000000;0.3979490000;0.2429810000;-0.8504640000;0.2434080000
4216;-7.5600000000;2.3600000000;-5.6600000000;4.3125000000;0.0000000000;-2.3125000000;35.0000000000;-22.5625000000;11.3750000000;0.3981320000;0.2430420000;-0.8505250000;0.2430420000
4217;-7.8500000000;2.2600000000;-5.5200000000;-3.1875000000;0.6875000000;2.4375000000;33.8750000000;-20.3750000000;9.3750000000;0.3978270000;0.2430420000;-0.8506470000;0.2429810000
4218;-7.8700000000;1.8400000000;-5.4100000000;0.5625000000;1.1250000000;-1.0000000000;34.6875000000;-22.1875000000;9.7500000000;0.3974000000;0.2432250000;-0.8505860000;0.2438350000
4219;-7.7000000000;2.7400000000;-5.1500000000;1.8125000000;-1.7500000000;-1.6250000000;34.2500000000;-22.1875000000;10.2500000000;0.3978270000;0.2434690000;-0.8506470000;0.2425540000
4220;-7.8800000000;1.8500000000;-5.8000000000;-5.1875000000;-3.0625000000;1.1875000000;34.2500000000;-22.1875000000;10.2500000000;0.3983150000;0.2434080000;-0.8499150000;0.2443240000
4221;-7.9600000000;2.3700000000;-5.7000000000;2.7500000000;-0.3125000000;-1.6875000000;33.5000000000;-21.1875000000;10.5625000000;0.3987430000;0.2435910000;-0.8498540000;0.2438350000
4222;-7.7800000000;2.1000000000;-5.8800000000;1.2500000000;0.4375000000;-0.4375000000;34.2500000000;-23.0625000000;10.5625000000;0.3987430000;0.2435910000;-0.8497920000;0.2438960000
4223;-7.6800000000;2.3900000000;-5.5900000000;4.0625000000;2.5625000000;-0.4375000000;33.5000000000;-20.8750000000;9.0625000000;0.3984380000;0.2432250000;-0.8504640000;0.2424930000
4224;-7.8100000000;1.8600000000;-5.2900000000;-0.7500000000;4.6250000000;1.1250000000;33.8750000000;-22.6875000000;10.1875000000;0.3973390000;0.2431030000;-0.8511350000;0.2420650000
4225;-7.7800000000;2.2300000000;-5.1700000000;2.6875000000;0.5625000000;-1.5000000000;33.8750000000;-22.6875000000;10.1875000000;0.3967290000;0.2432860000;-0.8516240000;0.2412720000
4226;-7.7900000000;2.1300000000;-5.6700000000;-2.0625000000;-1.6250000000;1.0000000000;34.2500000000;-21.2500000000;10.1875000000;0.3973390000;0.2432250000;-0.8513180000;0.2412720000
4227;-7.7700000000;2.3800000000;-5.6000000000;0.3125000000;1.5625000000;-0.6250000000;34.2500000000;-22.6875000000;10.2500000000;0.3970950000;0.2434690000;-0.8512570000;0.2415770000
4228;-7.7900000000;2.3000000000;-5.6300000000;-0.6875000000;0.8750000000;2.5625000000;34.6875000000;-22.2500000000;11.0000000000;0.3964840000;0.2430420000;-0.8515620000;0.2420040000
4229;-7.8200000000;1.8500000000;-5.8200000000;-0.2500000000;0.0625000000;1.3750000000;34.2500000000;-22.2500000000;10.2500000000;0.3960570000;0.2426150000;-0.8516850000;0.2427370000
4230;-7.7100000000;2.3300000000;-5.6000000000;1.4375000000;3.1875000000;1.3125000000;34.2500000000;-22.2500000000;10.2500000000;0.3956300000;0.2422490000;-0.8522950000;0.2416380000
4231;-7.7200000000;2.1100000000;-5.8100000000;2.7500000000;3.3750000000;1.5625000000;35.0000000000;-22.6875000000;11.3750000000;0.3947750000;0.2420040000;-0.8529050000;0.2412720000
4232;-7.7100000000;2.0600000000;-5.1600000000;2.2500000000;3.8750000000;-1.3125000000;35.0000000000;-22.2500000000;10.5625000000;0.3934330000;0.2423100000;-0.8536380000;0.2402950000
4233;-7.6300000000;2.3200000000;-5.5200000000;0.4375000000;0.5000000000;1.0000000000;34.2500000000;-22.2500000000;10.5625000000;0.3933720000;0.2420650000;-0.8538820000;0.2398680000
4234;-7.8500000000;2.0800000000;-5.4600000000;-1.2500000000;0.1875000000;-0.1875000000;34.2500000000;-23.0625000000;10.1875000000;0.3931270000;0.2422490000;-0.8538210000;0.2404170000
4235;-7.6000000000;2.4500000000;-5.6900000000;1.7500000000;-0.0625000000;0.0000000000;34.2500000000;-23.0625000000;10.1875000000;0.3934330000;0.2420650000;-0.8537600000;0.2401730000
4236;-7.8900000000;1.9200000000;-5.4800000000;-4.3750000000;0.1875000000;1.8750000000;33.1875000000;-22.2500000000;10.5625000000;0.3930660000;0.2418210000;-0.8538210000;0.2407840000
4237;-7.5400000000;2.3500000000;-5.5300000000;3.1250000000;-0.4375000000;-1.6875000000;33.8750000000;-22.2500000000;10.1875000000;0.3933110000;0.2418820000;-0.8537600000;0.2406620000
4238;-7.7900000000;2.1200000000;-5.6800000000;-3.3750000000;-0.7500000000;3.0625000000;33.8750000000;-22.6875000000;9.3750000000;0.3931880000;0.2415160000;-0.8536990000;0.2414550000
4239;-7.8500000000;1.8800000000;-5.5500000000;0.3125000000;-0.0625000000;0.2500000000;33.8750000000;-20.7500000000;10.2500000000;0.3930050000;0.2415160000;-0.8536380000;0.2419430000
4240;-7.5100000000;2.5800000000;-5.5000000000;-1.0000000000;-1.0625000000;1.4375000000;33.8750000000;-20.7500000000;10.2500000000;0.3933110000;0.2415160000;-0.8535770000;0.2416990000
4241;-7.8600000000;1.7600000000;-5.8200000000;-2.5625000000;-1.5000000000;1.8750000000;34.6875000000;-23.5000000000;10.5625000000;0.3933720000;0.2411500000;-0.8533330000;0.2426760000
4242;-7.6200000000;2.5700000000;-5.4800000000;0.5625000000;0.2500000000;-2.3750000000;33.8750000000;-22.5625000000;9.7500000000;0.3935550000;0.2416380000;-0.8532710000;0.2423100000
4243;-7.9100000000;2.0400000000;-5.6700000000;-4.1250000000;-1.7500000000;2.2500000000;33.5000000000;-22.5625000000;11.7500000000;0.3936160000;0.2414550000;-0.8529050000;0.2435300000
4244;-7.6800000000;2.3800000000;-5.6500000000;2.9375000000;0.1875000000;-1.1875000000;33.5000000000;-22.5625000000;11.7500000000;0.3937990000;0.2412720000;-0.8530270000;0.2430420000
4245;-7.7300000000;2.2500000000;-5.4500000000;-1.8750000000;0.5625000000;1.3125000000;34.6875000000;-23.0000000000;10.2500000000;0.3936160000;0.2411500000;-0.8530270000;0.2434080000
4246;-7.8400000000;1.8400000000;-5.0900000000;-1.3125000000;-0.6875000000;1.5000000000;33.8750000000;-23.0000000000;9.7500000000;0.3933720000;0.2408450000;-0.8529660000;0.2442020000
4247;-7.6900000000;1.9900000000;-4.7600000000;-0.3750000000;-4.3125000000;-1.3750000000;33.8750000000;-21.1875000000;9.7500000000;0.3945310000;0.2409060000;-0.8523560000;0.2445070000
4248;-7.8900000000;1.2800000000;-3.7600000000;-5.5625000000;-8.4375000000;-2.5625000000;33.8750000000;-22.2500000000;10.2500000000;0.3959350000;0.2412720000;-0.8511960000;0.2457890000
4249;-8.0900000000;1.2000000000;-1.9900000000;-7.6875000000;-17.8125000000;-7.2500000000;33.8750000000;-22.2500000000;10.2500000000;0.3998410000;0.2426150000;-0.8483890000;0.2480470000
4250;-8.9700000000;0.1300000000;-1.6400000000;-21.3750000000;-43.1250000000;-10.6250000000;33.1875000000;-22.6875000000;9.3750000000;0.4120480000;0.2450560000;-0.8394170000;0.2561650000
4251;-9.2600000000;-0.4600000000;-2.0300000000;-32.3125000000;-70.5625000000;-27.7500000000;33.8750000000;-22.6875000000;9.0625000000;0.4306030000;0.2508540000;-0.8248290000;0.2670900000
4252;-9.4200000000;1.3300000000;-1.1700000000;-36.5625000000;-84.0000000000;-52.0625000000;34.6875000000;-22.6875000000;6.6875000000;0.4546510000;0.2620850000;-0.8049320000;0.2769170000
4253;-10.7000000000;2.0200000000;-3.2200000000;-63.1875000000;-115.8125000000;-54.0625000000;36.8750000000;-20.5000000000;3.0625000000;0.4754030000;0.2743530000;-0.7836300000;0.2908330000
4254;-9.9200000000;2.0100000000;-4.0200000000;-52.8125000000;-106.1875000000;-54.6875000000;36.8750000000;-20.5000000000;3.0625000000;0.5050050000;0.2868040000;-0.7534790000;0.3081050000
4255;-11.5700000000;1.8600000000;-2.4700000000;-52.2500000000;-90.0000000000;-57.1250000000;37.6875000000;-20.8750000000;-1.0625000000;0.5343020000;0.3034670000;-0.7201540000;0.3222050000
4256;-10.8700000000;1.2700000000;-3.2000000000;-38.7500000000;-90.6875000000;-54.6250000000;38.5000000000;-18.6875000000;-5.5000000000;0.5569460000;0.3148190000;-0.6931760000;0.3320310000
4257;-10.6700000000;2.3600000000;-3.3900000000;-11.1250000000;-85.1250000000;-57.3750000000;38.0625000000;-17.5625000000;-9.7500000000;0.5817260000;0.3211670000;-0.6686400000;0.3338010000
4258;-9.6800000000;2.6800000000;-4.4900000000;-40.6875000000;-74.0000000000;-49.5625000000;36.5625000000;-15.0000000000;-12.0000000000;0.5975950000;0.3280640000;-0.6487430000;0.3382570000
4259;-9.1100000000;2.6900000000;-4.2200000000;-30.6875000000;-31.2500000000;-29.0000000000;36.5625000000;-15.0000000000;-12.0000000000;0.6082150000;0.3376460000;-0.6307980000;0.3436280000
4260;-9.3600000000;2.6200000000;-2.8700000000;-32.5625000000;2.6875000000;-12.3750000000;36.1875000000;-12.7500000000;-14.0625000000;0.6071170000;0.3494260000;-0.6229250000;0.3482060000
4261;-9.8000000000;1.2000000000;-1.4800000000;-38.5625000000;17.8750000000;2.1250000000;36.5625000000;-12.2500000000;-15.6875000000;0.5997920000;0.3582150000;-0.6220090000;0.3535770000
4262;-9.8700000000;0.7400000000;-1.2500000000;18.4375000000;12.5625000000;8.6875000000;36.1875000000;-13.3750000000;-15.0000000000;0.5974730000;0.3573610000;-0.6253050000;0.3526000000
4263;-9.7500000000;0.1900000000;-0.9500000000;12.5625000000;20.7500000000;9.5000000000;36.0625000000;-12.5625000000;-15.3750000000;0.5950320000;0.3535160000;-0.6320190000;0.3486330000
4264;-9.5300000000;0.1000000000;-0.4300000000;6.0625000000;24.6875000000;6.1875000000;36.0625000000;-12.5625000000;-15.3750000000;0.5897220000;0.3533940000;-0.6384890000;0.3459470000
4265;-9.7000000000;0.0200000000;-0.0900000000;-2.6875000000;18.5625000000;6.3750000000;36.5000000000;-11.5000000000;-14.5625000000;0.5846560000;0.3541260000;-0.6437990000;0.3439940000
4266;-9.7700000000;0.1500000000;-0.2500000000;4.8125000000;6.6875000000;5.5625000000;37.5625000000;-13.1875000000;-14.1875000000;0.5822750000;0.3540650000;-0.6459960000;0.3439330000
4267;-9.7000000000;0.3200000000;-0.6500000000;3.9375000000;-0.2500000000;4.0000000000;37.1875000000;-13.1875000000;-12.8750000000;0.5828250000;0.3519900000;-0.6467900000;0.3436280000
4268;-9.7800000000;0.3300000000;-0.8200000000;4.3125000000;-1.3125000000;3.6875000000;36.8750000000;-13.1875000000;-12.0625000000;0.5841670000;0.3481450000;-0.6488040000;0.3415530000
4269;-9.6300000000;0.3900000000;-0.8200000000;1.4375000000;2.3125000000;3.6875000000;36.8750000000;-13.1875000000;-12.0625000000;0.5840450000;0.3467410000;-0.6495970000;0.3415530000
4270;-9.7800000000;0.1500000000;-0.7700000000;0.1250000000;3.1250000000;4.9375000000;36.5000000000;-13.5625000000;-11.6875000000;0.5840450000;0.3437500000;-0.6521610000;0.3398440000
4271;-9.6400000000;0.2000000000;-0.6500000000;6.8125000000;1.4375000000;2.8125000000;36.8750000000;-11.6875000000;-11.6875000000;0.5841670000;0.3421020000;-0.6533810000;0.3388060000
4272;-9.8400000000;0.2000000000;-0.7300000000;-0.3750000000;0.0625000000;2.4375000000;37.5625000000;-12.0625000000;-13.7500000000;0.5844730000;0.3410030000;-0.6538700000;0.3384400000
4273;-9.9900000000;0.1100000000;-0.8800000000;-1.1250000000;-2.2500000000;-0.0625000000;38.0000000000;-12.5000000000;-13.2500000000;0.5847780000;0.3412480000;-0.6532590000;0.3388060000
4274;-9.6100000000;0.3200000000;-1.1600000000;2.7500000000;-1.1875000000;-3.1875000000;38.0000000000;-12.5000000000;-13.2500000000;0.5857540000;0.3413090000;-0.6527100000;0.3381960000
4275;-9.6800000000;0.5300000000;-0.8500000000;-1.8125000000;0.3125000000;-1.5000000000;37.1875000000;-13.8750000000;-12.8750000000;0.5868530000;0.3401490000;-0.6533810000;0.3361210000
4276;-9.7800000000;0.5000000000;-0.7300000000;1.0625000000;-1.7500000000;-0.3125000000;37.1875000000;-13.8750000000;-12.0625000000;0.5880130000;0.3384400000;-0.6540530000;0.3345340000
4277;-9.7100000000;0.3300000000;-1.2800000000;-0.9375000000;-2.1875000000;-0.3125000000;37.1875000000;-11.6875000000;-11.6875000000;0.5886230000;0.3380130000;-0.6535640000;0.3347780000
4278;-9.6900000000;0.5400000000;-0.8400000000;0.0625000000;2.2500000000;-0.5625000000;37.5625000000;-13.1875000000;-12.0625000000;0.5891720000;0.3367920000;-0.6544800000;0.3333130000
4279;-9.7000000000;0.4700000000;-0.8500000000;1.7500000000;-1.0000000000;1.0000000000;37.5625000000;-13.1875000000;-12.0625000000;0.5891110000;0.3366090000;-0.6546630000;0.3331910000
4280;-9.6700000000;0.3600000000;-0.7200000000;0.3750000000;-0.4375000000;1.1250000000;37.1875000000;-13.1875000000;-12.5000000000;0.5896610000;0.3351440000;-0.6553340000;0.3324580000
4281;-9.6900000000;0.3000000000;-0.8400000000;2.6875000000;-3.2500000000;0.6250000000;36.8750000000;-12.5000000000;-13.6875000000;0.5902710000;0.3342900000;-0.6552120000;0.3325200000
4282;-9.7400000000;0.4000000000;-0.6800000000;1.4375000000;-2.0000000000;0.7500000000;37.5625000000;-12.5000000000;-12.5000000000;0.5911250000;0.3333130000;-0.6551510000;0.3320920000
4283;-9.6800000000;0.2100000000;-1.2700000000;0.9375000000;-3.6875000000;-0.4375000000;37.1875000000;-11.3750000000;-12.0625000000;0.5919800000;0.3327640000;-0.6544800000;0.3324580000
4284;-9.6700000000;0.4800000000;-0.9200000000;-2.5000000000;2.0000000000;-0.6250000000;37.1875000000;-11.3750000000;-12.0625000000;0.5919800000;0.3331300000;-0.6543580000;0.3323360000
4285;-9.7900000000;0.3000000000;-0.9000000000;-1.8125000000;0.1875000000;-0.0625000000;37.1875000000;-13.8750000000;-12.8750000000;0.5920410000;0.3324580000;-0.6549070000;0.3316650000
4286;-9.7300000000;0.4300000000;-0.9000000000;2.8125000000;-0.3125000000;-0.3750000000;37.5625000000;-12.0625000000;-12.0625000000;0.5922240000;0.3322140000;-0.6552120000;0.3311160000
4287;-9.6800000000;0.3800000000;-0.9200000000;-0.9375000000;0.9375000000;0.5625000000;36.8750000000;-13.1875000000;-12.0625000000;0.5927120000;0.3309940000;-0.6559450000;0.3300170000
4288;-9.7600000000;0.4000000000;-0.7600000000;-1.5625000000;0.0625000000;0.0625000000;37.1875000000;-12.5000000000;-14.0625000000;0.5924070000;0.3313600000;-0.6558840000;0.3302000000
4289;-9.7000000000;0.3600000000;-0.8300000000;2.1875000000;-1.8125000000;-0.1250000000;37.1875000000;-12.5000000000;-14.0625000000;0.5927120000;0.3311770000;-0.6557620000;0.3302000000
4290;-9.7100000000;0.3600000000;-1.2100000000;-1.6250000000;0.5625000000;-0.3750000000;36.5000000000;-12.5000000000;-12.5000000000;0.5928960000;0.3309940000;-0.6557010000;0.3302000000
4291;-9.5900000000;0.4900000000;-0.8200000000;-0.3750000000;4.0000000000;-0.1250000000;36.8750000000;-12.5000000000;-12.0625000000;0.5922850000;0.3310550000;-0.6564940000;0.3295900000
4292;-9.7600000000;0.4400000000;-0.7000000000;1.3750000000;-1.1250000000;1.3750000000;37.1875000000;-13.1875000000;-13.2500000000;0.5921630000;0.3306880000;-0.6568600000;0.3293460000
4293;-9.6600000000;0.2900000000;-0.8600000000;-0.0625000000;0.4375000000;0.9375000000;37.1875000000;-12.5000000000;-13.2500000000;0.5921630000;0.3305050000;-0.6569820000;0.3294680000
4294;-9.7300000000;0.3200000000;-0.6900000000;1.1875000000;-2.1875000000;0.1875000000;37.1875000000;-12.5000000000;-13.2500000000;0.5924680000;0.3302610000;-0.6568600000;0.3292850000
4295;-9.7800000000;0.3800000000;-0.9700000000;-1.1250000000;-1.6875000000;-0.6250000000;36.8750000000;-13.8750000000;-12.0625000000;0.5938110000;0.3285520000;-0.6571660000;0.3281250000
4296;-9.7200000000;0.4500000000;-0.9500000000;-1.0000000000;0.6250000000;-0.5625000000;37.1875000000;-13.8750000000;-12.8750000000;0.5941160000;0.3280030000;-0.6574710000;0.3273930000
4297;-9.6900000000;0.5200000000;-0.7300000000;0.9375000000;-0.3750000000;-0.1875000000;36.5000000000;-13.5625000000;-14.0625000000;0.5941770000;0.3278200000;-0.6575320000;0.3273320000
4298;-9.7700000000;0.4500000000;-0.8700000000;0.4375000000;-1.9375000000;0.8125000000;36.5000000000;-13.5625000000;-14.0625000000;0.5946660000;0.3270260000;-0.6575320000;0.3272090000
4299;-9.6800000000;0.5100000000;-0.8500000000;1.9375000000;-0.4375000000;1.0000000000;36.0625000000;-13.8750000000;-13.6875000000;0.5947270000;0.3264160000;-0.6578370000;0.3271480000
4300;-9.8100000000;0.2600000000;-0.8800000000;-0.8750000000;-1.7500000000;1.9375000000;37.1875000000;-12.5000000000;-12.8750000000;0.5947880000;0.3259890000;-0.6577150000;0.3276980000
4301;-9.7200000000;0.2600000000;-0.9200000000;0.6875000000;-0.1875000000;0.7500000000;36.8750000000;-13.8750000000;-12.8750000000;0.5951540000;0.3250120000;-0.6582030000;0.3269040000
4302;-9.6900000000;0.3600000000;-0.7600000000;-0.5625000000;-0.1875000000;0.0625000000;36.8750000000;-12.5000000000;-12.8750000000;0.5951540000;0.3250730000;-0.6582030000;0.3268430000
4303;-9.7400000000;0.3200000000;-0.8700000000;-2.0000000000;-0.9375000000;-0.0625000000;36.8750000000;-12.5000000000;-12.8750000000;0.5949710000;0.3256840000;-0.6578370000;0.3274540000
4304;-9.6800000000;0.5000000000;-0.7500000000;0.1875000000;-0.3750000000;-0.6875000000;37.1875000000;-12.5000000000;-13.6875000000;0.5950320000;0.3257450000;-0.6577760000;0.3273930000
4305;-9.7800000000;0.4200000000;-0.9900000000;-1.1250000000;-2.3125000000;-0.1250000000;37.1875000000;-14.2500000000;-12.8750000000;0.5958250000;0.3244630000;-0.6580810000;0.3265990000
4306;-9.6000000000;0.5800000000;-0.9700000000;-0.0625000000;1.8125000000;0.3750000000;36.0625000000;-13.5625000000;-12.8750000000;0.5958250000;0.3240970000;-0.6585080000;0.3261110000
4307;-9.6900000000;0.4100000000;-0.6900000000;0.3750000000;1.5000000000;1.1250000000;36.0625000000;-12.5000000000;-12.5000000000;0.5952760000;0.3240970000;-0.6589360000;0.3261110000
4308;-9.7400000000;0.3100000000;-0.7800000000;-0.5625000000;-1.5000000000;0.6250000000;36.0625000000;-12.5000000000;-12.5000000000;0.5953370000;0.3237920000;-0.6589970000;0.3261720000
4309;-9.7200000000;0.3900000000;-0.7400000000;1.0625000000;-0.3125000000;0.0625000000;37.5625000000;-13.5625000000;-13.3750000000;0.5955810000;0.3235470000;-0.6590580000;0.3259280000
4310;-9.6900000000;0.4700000000;-0.7400000000;-0.0625000000;-0.7500000000;0.5000000000;36.5000000000;-12.5000000000;-13.0000000000;0.5957640000;0.3234250000;-0.6588750000;0.3260500000
4311;-9.7000000000;0.3000000000;-0.8300000000;-1.1250000000;-1.1250000000;0.6875000000;36.8750000000;-13.5625000000;-13.3750000000;0.5958860000;0.3233030000;-0.6586910000;0.3264160000
4312;-9.7300000000;0.4400000000;-0.7000000000;-0.6875000000;-0.9375000000;0.1250000000;37.1875000000;-14.2500000000;-13.6875000000;0.5963130000;0.3228150000;-0.6586300000;0.3262330000
4313;-9.7500000000;0.4000000000;-0.9400000000;-1.1250000000;-2.2500000000;0.3125000000;37.1875000000;-14.2500000000;-13.6875000000;0.5964970000;0.3228760000;-0.6582030000;0.3265990000
4314;-9.7400000000;0.4700000000;-0.8900000000;-0.6875000000;0.5625000000;-0.1875000000;37.1875000000;-13.8750000000;-12.5000000000;0.5967410000;0.3222660000;-0.6586300000;0.3259890000
4315;-9.6500000000;0.5600000000;-0.9100000000;1.0000000000;0.0625000000;0.2500000000;36.8750000000;-13.8750000000;-13.2500000000;0.5968020000;0.3217770000;-0.6589970000;0.3255620000
4316;-9.8300000000;0.4100000000;-0.7700000000;-1.0625000000;0.8750000000;1.1250000000;37.1875000000;-12.8750000000;-13.6875000000;0.5965580000;0.3217770000;-0.6591800000;0.3257450000
4317;-9.7200000000;0.3500000000;-0.8600000000;0.4375000000;0.5000000000;0.5625000000;37.1875000000;-13.5625000000;-13.2500000000;0.5964360000;0.3215330000;-0.6593020000;0.3258060000
4318;-9.7100000000;0.4100000000;-0.6800000000;-0.4375000000;0.6875000000;-0.1875000000;37.1875000000;-13.5625000000;-13.2500000000;0.5962520000;0.3217160000;-0.6594850000;0.3256840000
4319;-9.7800000000;0.4100000000;-0.6900000000;1.1875000000;-0.5625000000;-0.3750000000;36.5000000000;-12.8750000000;-12.5000000000;0.5963130000;0.3216550000;-0.6595460000;0.3256230000
4320;-9.6800000000;0.4300000000;-0.9000000000;-0.8125000000;-0.3125000000;-0.5000000000;37.1875000000;-14.2500000000;-12.8750000000;0.5968630000;0.3207400000;-0.6597900000;0.3249510000
