time index;acc_x;acc_y;acc_z;gyr_x;gyr_y;gyr_z;mag_x;mag_y;mag_z
1;-9.5310625800;-2.4013452000;-1.5681000600;0.0427155600;0.0398718000;0.0124766400;0.6357330000;0.4922310000;-0.1143970000
2;-9.5157605400;-2.3712990600;-1.5525654600;0.0306918000;0.0446535600;0.0217453800;0.6349390000;0.4922250000;-0.1138780000
3;-9.5310207600;-2.3712664200;-1.5298459800;-0.0052101600;0.0593660400;0.0086088000;0.6358700000;0.4922290000;-0.1143910000
4;-9.5162817600;-2.4621667800;-1.5074896200;-0.0071542800;0.0476197200;0.0179581200;0.6351540000;0.4915210000;-0.1124870000
5;-9.5769748200;-2.4464720400;-1.5306834000;0.0463671600;0.0399850200;0.0236385000;0.6367790000;0.4913810000;-0.1128340000
6;-9.5466145200;-2.4618016200;-1.5381640800;0.0333968400;0.0225430200;0.0106753200;0.6370980000;0.4917540000;-0.1119970000
7;-9.5010072600;-2.4921874200;-1.5912979200;0.0020777400;0.0373626000;0.0087108000;0.6366780000;0.4916300000;-0.1121510000
8;-9.5544705600;-2.5221682800;-1.5462282000;0.0343230000;0.0225307800;0.0106743000;0.6360100000;0.4904330000;-0.1118940000
9;-9.5464605000;-2.4315423000;-1.5455784600;0.0187180200;0.0325349400;-0.0024102600;0.6381970000;0.4912100000;-0.1119490000
10;-9.5466308400;-2.4693292200;-1.5458253000;0.0020808000;0.0317587200;-0.0005701800;0.6373660000;0.4909570000;-0.1121190000
11;-9.5313859200;-2.4768884400;-1.5762049800;0.0149674800;0.0206703000;-0.0023643600;0.6382380000;0.4898620000;-0.1112490000
12;-9.5309534400;-2.3936676600;-1.5984960600;0.0122614200;0.0297697200;-0.0070563600;0.6374780000;0.4887110000;-0.1126490000
13;-9.5309697600;-2.4011952600;-1.6061562600;0.0243096600;0.0295534800;-0.0172716600;0.6380630000;0.4898830000;-0.1119450000
14;-9.5159390400;-2.4316065600;-1.5910174200;0.0206468400;0.0276134400;-0.0284304600;0.6370610000;0.4912410000;-0.1126840000
15;-9.5462483400;-2.4011932200;-1.5758255400;-0.0053233800;0.0169870800;-0.0153989400;0.6365890000;0.4902790000;-0.1113190000
16;-9.5160573600;-2.4618057000;-1.5988265400;0.0039606600;0.0214220400;-0.0209865000;0.6368210000;0.4925550000;-0.1120140000
17;-9.5311248000;-2.4314545800;-1.5987429000;-0.0089821200;0.0243351600;-0.0145054200;0.6364130000;0.4910970000;-0.1120200000
18;-9.5538504000;-2.4011320200;-1.5758826600;0.0206295000;0.0295208400;-0.0219300000;0.6356010000;0.4926940000;-0.1117890000
19;-9.4855797600;-2.4469361400;-1.5984981000;-0.0256071000;0.0244504200;-0.0154540200;0.6361820000;0.4916090000;-0.1112070000
20;-9.5159390400;-2.4316065600;-1.5910174200;-0.0033894600;0.0259875600;-0.0256652400;0.6352080000;0.4908300000;-0.1115160000
21;-9.5462412000;-2.4161872200;-1.6063694400;0.0020134800;0.0115382400;-0.0079243800;0.6355840000;0.4925020000;-0.1095850000
22;-9.5309728200;-2.3936982600;-1.5908848200;-0.0145554000;0.0207570000;-0.0117055200;0.6365510000;0.4932850000;-0.1094140000
23;-9.5007430800;-2.4542505600;-1.6291072800;-0.0274053600;0.0447545400;-0.0006630000;0.6365380000;0.4924950000;-0.1096840000
24;-9.5083920600;-2.4767711400;-1.6521470400;-0.0219544800;0.0329419200;0.0086955000;0.6355590000;0.4935770000;-0.1100070000
25;-9.5614585800;-2.4310884000;-1.6294173600;0.0159834000;0.0333723600;-0.0080019000;0.6359870000;0.4932990000;-0.1097120000
26;-9.5234941800;-2.4539761800;-1.6521133800;-0.0135721200;0.0400880400;0.0003029400;0.6353710000;0.4923420000;-0.1084910000
27;-9.5310024000;-2.4537650400;-1.6902277200;-0.0070165800;0.0518323200;-0.0062515800;0.6350160000;0.4936450000;-0.1074130000
28;-9.5307514800;-2.5508955600;-1.9724882400;0.0115443600;0.0496005600;-0.0220411800;0.6354720000;0.4935510000;-0.1040890000
29;-9.5606558400;-2.5048252200;-2.0942028000;0.0247523400;0.1062381000;-0.0157590000;0.6366610000;0.4940920000;-0.1048710000
30;-9.5456057400;-2.7452759400;-2.4762356400;0.0104407200;0.1643454600;-0.0476717400;0.6357140000;0.4940280000;-0.1021550000
31;-9.5762394000;-2.9104486200;-2.6906692200;-0.0057477000;0.2392634400;-0.0554716800;0.6368210000;0.4956030000;-0.0968890000
32;-9.6078900000;-3.4373775600;-3.1586482800;-0.0046869000;0.3715319400;-0.1388607600;0.6324520000;0.4999530000;-0.0889710000
33;-9.6682372800;-3.8937877800;-4.1972612400;-0.1715844000;0.5463701400;-0.1910490600;0.6319860000;0.5041620000;-0.0773150000
34;-9.7156458600;-4.5265162200;-4.6356001200;-0.4290936000;0.8212244400;-0.3470346000;0.6295830000;0.5107850000;-0.0508830000
35;-9.9449500200;-5.1793937400;-5.3418583200;-0.1393891200;1.0640548200;-0.6268124400;0.6212600000;0.5246510000;-0.0197830000
36;-9.9747452400;-5.2081740600;-5.6467383600;-0.0114260400;1.2183767400;-0.7798705800;0.6053630000;0.5433940000;0.0057440000
37;-10.0971493200;-5.1634154400;-5.2515689400;0.2804694000;1.2838128000;-0.9425432400;0.5859750000;0.5641300000;0.0326320000
38;-9.9599899200;-4.7963786400;-4.7001018600;0.6375306000;1.3036987200;-1.0658224800;0.5607450000;0.5873600000;0.0529310000
39;-9.5186451000;-4.6567029000;-4.6045064400;0.5972650800;1.2953041200;-1.1830000800;0.5309450000;0.6164390000;0.0650180000
40;-9.0164562600;-4.6600230000;-4.7834001600;0.3430923000;1.3689583200;-1.2878030400;0.4967890000;0.6418960000;0.0799860000
41;-8.5312738800;-4.9061969400;-4.6747579200;0.1158077400;1.3782056400;-1.2713657400;0.4650080000;0.6645170000;0.1007160000
42;-7.9081905600;-5.0167200600;-4.7468678400;0.1744026600;1.2931702800;-1.2503986200;0.4266380000;0.6874100000;0.1187010000
43;-7.3307032800;-5.3294173800;-5.2012227600;0.1597167000;1.3172769600;-1.2337430400;0.3882260000;0.7088650000;0.1358680000
44;-6.6331599600;-6.2158228800;-6.0694273800;0.1782501000;1.3125533400;-1.2299568000;0.3440130000;0.7261540000;0.1520060000
45;-6.0547149000;-6.2418849000;-6.3849011400;0.3480739800;1.2673173600;-1.2480873000;0.3018350000;0.7423050000;0.1602480000
46;-5.5537551600;-6.4722539400;-6.4815522600;0.4044075600;1.2967963800;-1.2071669400;0.2636460000;0.7594720000;0.1638220000
47;-4.9916260200;-6.3199200000;-6.0119860800;0.3218222400;1.3004704200;-1.1281546800;0.2233610000;0.7732280000;0.1665110000
48;-4.3096581000;-6.7191337200;-5.8267306200;0.2659690800;1.2707598600;-1.0666486800;0.1826210000;0.7862810000;0.1658820000
49;-3.6714522600;-6.6498492000;-5.5321964400;0.0899476800;1.2030818400;-1.0395483000;0.1413250000;0.7917090000;0.1673520000
50;-3.0031696800;-6.5513325000;-5.0469528600;0.1541332200;1.1465748600;-1.0130895000;0.1027850000;0.7992250000;0.1691920000
51;-2.2429626600;-6.5049469800;-4.9419346800;0.3080614200;0.9554564400;-0.9487234200;0.0679010000;0.8062610000;0.1677410000
52;-1.5416259600;-6.0798160800;-4.9338511800;0.2517370200;0.8929161600;-0.8089140600;0.0355900000;0.8095020000;0.1631150000
53;-0.8139436800;-6.5392536600;-4.9008735600;0.3400343400;0.7238317800;-0.6982420200;0.0093520000;0.8129270000;0.1543250000
54;-0.4175400600;-6.3906304800;-5.0643581400;0.1323297000;0.6424704600;-0.6013920000;-0.0148820000;0.8145660000;0.1420480000
55;0.1736233800;-6.8484534000;-5.1618038400;0.1720270800;0.5599290000;-0.4651291800;-0.0348860000;0.8155690000;0.1369690000
56;0.4935882000;-6.8949541800;-5.5174288800;0.1353315600;0.4927987200;-0.3718471200;-0.0509480000;0.8158810000;0.1363210000
57;0.8570774400;-7.2152698800;-5.5243669200;0.0526391400;0.4792408800;-0.2676908400;-0.0635600000;0.8160150000;0.1311320000
58;0.9788236200;-7.1335413600;-5.4163479000;0.0346942800;0.3839892000;-0.2951951400;-0.0718570000;0.8161380000;0.1296960000
59;1.1311045200;-7.0818651000;-5.4148576800;0.1340963400;0.3454638000;-0.2539463400;-0.0812020000;0.8150540000;0.1240960000
60;1.1621890200;-6.8784546600;-5.3143479000;0.1111718400;0.2756152200;-0.1550614200;-0.0885670000;0.8158460000;0.1171850000
61;1.2600937200;-6.9932730000;-5.1468945000;-0.0186598800;0.2521939800;-0.0602452800;-0.0954140000;0.8145190000;0.1196740000
62;1.4114403000;-7.2807110400;-5.3911896000;-0.1426592400;0.2092489200;-0.0518578200;-0.0990640000;0.8152610000;0.1231020000
63;1.5247796400;-7.4928118800;-5.4982732800;-0.0802576800;0.1507264200;-0.0180315600;-0.1000110000;0.8151980000;0.1258190000
64;1.4942122800;-7.5153294000;-5.4758159400;-0.1017756000;0.1034412600;-0.0094880400;-0.0984610000;0.8140990000;0.1265780000
65;1.5400143600;-7.6429365000;-5.7883776000;-0.1414842000;0.0795691800;-0.0336334800;-0.0994450000;0.8131900000;0.1310890000
66;1.6160451600;-7.7485687200;-5.9863912200;-0.0279592200;0.0707553600;-0.0148369200;-0.1025350000;0.8125930000;0.1346880000
67;1.5555316200;-7.6725654600;-5.9711320200;-0.0815908200;0.0722364000;0.0008945400;-0.1031560000;0.8143610000;0.1334100000
68;1.6466920800;-7.6959122400;-5.9858159400;-0.0806626200;0.0554951400;-0.0222798600;-0.1034210000;0.8122340000;0.1385110000
69;1.5405182400;-7.5971109600;-5.9098626600;-0.0642141000;0.0429348600;0.0056977200;-0.1022790000;0.8129960000;0.1393770000
70;1.5702247200;-7.7035194000;-5.8189888200;-0.0126551400;0.0226786800;0.0207406800;-0.1027640000;0.8113770000;0.1404710000
71;1.5250927800;-7.6873758600;-5.9866829400;-0.0496495200;-0.0019900200;0.0059047800;-0.1017140000;0.8117200000;0.1421630000
72;1.6012980000;-7.6801899600;-6.0469516800;0.0611275800;-0.0053080800;0.0209599800;-0.1008900000;0.8117100000;0.1421960000
73;1.5636589800;-7.6717841400;-6.1841926800;0.0387906000;-0.0175899000;0.0526024200;-0.0985100000;0.8117280000;0.1406390000
74;1.5257098800;-7.6413697800;-6.1538354400;-0.0645802800;0.0088699200;0.0635082600;-0.0951560000;0.8124580000;0.1418700000
75;1.4405317200;-7.9357917600;-6.0650566800;-0.0516783000;-0.0394729800;0.0088352400;-0.0951400000;0.8113210000;0.1446330000
76;1.4642926200;-7.8068984400;-6.2162716800;-0.0016595400;-0.0272493000;-0.0069604800;-0.0954240000;0.8112610000;0.1469630000
77;1.5255660600;-7.8216598800;-6.4290294000;0.0428216400;-0.0094064400;-0.0144177000;-0.0957770000;0.8130300000;0.1455590000
78;1.4807646000;-7.6249233000;-6.3976429800;-0.1270430400;0.0100276200;-0.0175215600;-0.0933200000;0.8118800000;0.1478700000
79;1.4338242000;-7.8817756200;-6.3311644800;-0.0365445600;0.0122665200;-0.0071859000;-0.0943220000;0.8090560000;0.1495030000
80;1.5105700200;-7.7011632000;-6.2913498000;0.0077999400;0.0165760200;-0.0061995600;-0.0949940000;0.8094550000;0.1497480000
81;1.4189954400;-7.7159940000;-6.1779655800;0.0465528000;0.0089851800;-0.0070512600;-0.0939000000;0.8113030000;0.1497790000
82;1.3811024400;-7.6854888600;-6.1704430800;0.0022348200;0.0073633800;-0.0145492800;-0.0943280000;0.8115810000;0.1494840000
83;1.5179844000;-7.7015253000;-6.2151792600;0.0170962200;0.0293188800;-0.0071695800;-0.0956580000;0.8103150000;0.1476490000
84;1.4651586000;-7.5654267000;-6.1233547800;-0.0234875400;0.0293780400;-0.0258284400;-0.0948240000;0.8089730000;0.1478310000
85;1.4801587200;-7.6108932000;-6.1235363400;-0.0016085400;0.0004488000;0.0115351800;-0.0953930000;0.8109800000;0.1475180000
86;1.4498688000;-7.6254618600;-6.1999771800;-0.0587305800;0.0236038200;0.0057711600;-0.0935760000;0.8095490000;0.1506310000
87;1.4344790400;-7.6706519400;-6.2079994800;-0.0034741200;-0.0143432400;0.0004253400;-0.0937450000;0.8093670000;0.1525530000
88;1.4197655400;-7.5947160000;-6.2685109800;-0.0717998400;-0.0009414600;0.0114362400;-0.0934100000;0.8093330000;0.1536680000
89;1.4116157400;-7.7530873200;-6.3381076200;-0.0421209000;0.0114841800;0.0002529600;-0.0931760000;0.8098140000;0.1554640000
90;1.4651208600;-7.7305432800;-6.4136722800;0.0244177800;0.0034884000;-0.0163618200;-0.0931520000;0.8092710000;0.1558830000
91;1.4881636800;-7.6328130000;-6.3291336600;0.0004692000;0.0238700400;-0.0108925800;-0.0939620000;0.8098040000;0.1561220000
92;1.3738543200;-7.6398428400;-6.2310943200;0.0059782200;0.0257733600;-0.0016003800;-0.0930230000;0.8095390000;0.1557480000
93;1.3891033200;-7.6549000800;-6.2767464600;0.0299829000;0.0237945600;0.0003009000;-0.0933630000;0.8087790000;0.1545010000
94;1.4197533000;-7.6097406000;-6.2914436400;0.0575494200;0.0008476200;0.0078835800;-0.0925870000;0.8098560000;0.1536980000
95;1.4201164200;-7.5416352000;-6.3138326400;0.0078152400;0.0183712200;-0.0071420400;-0.0925320000;0.8093640000;0.1521890000
96;1.4197706400;-7.5646974000;-6.2150344200;-0.0145023600;0.0041361000;0.0096349200;-0.0926110000;0.8103990000;0.1532800000
97;1.3514510400;-7.5339780600;-6.2001291600;0.0278817000;0.0041860800;0.0375931200;-0.0909630000;0.8098490000;0.1533500000
98;1.4040351000;-7.7154809400;-6.2770269600;-0.0071675400;0.0024225000;0.0245279400;-0.0909700000;0.8095860000;0.1532140000
99;1.3584666000;-7.7300465400;-6.3231370800;-0.0421025400;0.0095512800;-0.0071848800;-0.0904960000;0.8096180000;0.1518550000
100;1.3581493800;-7.7755711800;-6.2777664600;0.0022664400;0.0119227800;-0.0127163400;-0.0898270000;0.8100830000;0.1540820000
101;1.3055408400;-7.6241175000;-6.2467339800;-0.0126388200;0.0003447600;0.0031283400;-0.0880200000;0.8100520000;0.1545680000
102;1.3586094000;-7.7148118200;-6.3534841200;-0.0069757800;0.0194514000;0.0002621400;-0.0885230000;0.8099020000;0.1553750000
103;1.3740603600;-7.6395113400;-6.3148189800;-0.0310324800;0.0002223600;-0.0164271000;-0.0886150000;0.8098810000;0.1561980000
104;1.3436674200;-7.5492117600;-6.1546167600;-0.0217657800;0.0000265200;-0.0294331200;-0.0901070000;0.8084280000;0.1564240000
105;1.3518080400;-7.4133620400;-6.1232252400;0.0335355600;-0.0055437000;-0.0070023000;-0.0906600000;0.8100300000;0.1563900000
106;1.3444375200;-7.4279337600;-6.2451621600;0.0305469600;-0.0215107800;0.0321279600;-0.0892320000;0.8087910000;0.1574200000
107;1.3433695800;-7.7597622000;-6.4223973600;0.0055906200;-0.0119421600;0.0562234200;-0.0887670000;0.8094920000;0.1559190000
108;1.3735677000;-7.8353697000;-6.4759412400;0.0003162000;0.0225409800;0.0337416000;-0.0861370000;0.8099830000;0.1564340000
109;1.2974889600;-7.7898348600;-6.3696582600;0.0059007000;0.0279133200;0.0272115600;-0.0839780000;0.8098440000;0.1558330000
110;1.2822573000;-7.7297354400;-6.2475969000;-0.0051897600;0.0205499400;0.0151388400;-0.0847720000;0.8099710000;0.1563520000
111;1.2521836200;-7.6389238200;-6.2167878000;-0.0365190600;-0.0046022400;-0.0387487800;-0.0839100000;0.8098100000;0.1570760000
112;1.2379270800;-7.4122023000;-6.1849750200;-0.0586714200;-0.0073093200;-0.0489926400;-0.0845840000;0.8102750000;0.1598000000
113;1.2914240400;-7.3746642600;-6.2299947600;-0.0126663600;-0.0014382000;0.0059333400;-0.0867500000;0.8100190000;0.1602650000
114;1.2533525400;-7.4869948200;-6.4136937000;-0.0202745400;0.0030936600;0.0747282600;-0.0842150000;0.8084990000;0.1614800000
115;1.2600437400;-7.7135939400;-6.4607871000;-0.0201205200;0.0156121200;0.0542017800;-0.0823260000;0.8090900000;0.1634790000
116;1.2520846800;-7.7516205600;-6.3849776400;0.0167851200;-0.0058956000;0.0357397800;-0.0814100000;0.8089690000;0.1626910000
117;1.2222415200;-7.5929136600;-6.3232788600;0.0666967800;-0.0100878000;0.0200154600;-0.0799460000;0.8091080000;0.1619220000
118;1.2071465400;-7.5025845000;-6.2010196200;0.0121053600;-0.0140709000;0.0339160200;-0.0787340000;0.8097700000;0.1615530000
119;1.1158381800;-7.4419638600;-6.0566957400;0.0037811400;-0.0102938400;0.0376063800;-0.0775800000;0.8090010000;0.1600900000
120;1.1468349600;-7.2912139800;-6.0174216600;0.0893407800;-0.0729616200;0.0435825600;-0.0775350000;0.8098420000;0.1584330000
121;1.1096814600;-6.9894286200;-5.8102260000;0.0954954600;-0.0775924200;0.1096683600;-0.0725410000;0.8107570000;0.1571120000
122;1.0108016400;-6.8311633800;-5.4978683400;0.0783451800;-0.1371481800;0.1573452000;-0.0680510000;0.8126530000;0.1541110000
123;0.8741053200;-6.6872852400;-5.2924536000;0.0296065200;-0.2163114000;0.2301732000;-0.0607430000;0.8122240000;0.1524800000
124;0.6228385200;-6.7609272000;-5.2720036200;-0.0022848000;-0.2684130000;0.2898605400;-0.0499610000;0.8128640000;0.1542850000
125;0.4412775000;-6.6529928400;-5.4401353200;-0.0973508400;-0.3727528800;0.3785322000;-0.0372840000;0.8117690000;0.1556280000
126;0.1436802600;-6.7574306400;-5.1842744400;-0.1810755000;-0.4269669000;0.4558339200;-0.0215760000;0.8115640000;0.1623200000
127;-0.2959570800;-6.4442100600;-5.1399013800;-0.0912573600;-0.5108343600;0.5307019200;-0.0021580000;0.8101870000;0.1666900000
128;-0.6925075800;-6.6005709600;-4.9307983200;0.2453589600;-0.7249833600;0.6306466200;0.0176450000;0.8094190000;0.1630840000
129;-1.1451438000;-5.8560413400;-4.9902826800;0.0798231600;-0.8075584800;0.8112172200;0.0488710000;0.8097710000;0.1580000000
130;-1.9292953200;-5.5814644800;-4.0353729600;-0.1136035200;-0.9332031000;0.9574944000;0.0820550000;0.8058340000;0.1585350000
131;-2.6987170200;-6.5381857200;-5.1663448800;0.1184791200;-1.0801932600;0.9964471800;0.1179660000;0.8023420000;0.1513260000
132;-3.7375870200;-4.9425538200;-3.3065992800;0.0048990600;-1.3440519600;1.3006744200;0.1609260000;0.7943670000;0.1451220000
133;-4.9791687600;-7.0446993600;-6.2297316000;0.5061954000;-1.2879427800;1.3287601200;0.2075030000;0.7855370000;0.1248850000
134;-5.2655898600;-5.3503508400;-4.1048410800;-0.3116232600;-1.4482796400;1.6028300400;0.2585750000;0.7696330000;0.1139700000
135;-6.8342519400;-6.6999138600;-5.5641193800;0.2316032400;-1.3326177600;1.5684193200;0.3105550000;0.7504930000;0.0995330000
136;-7.3494488400;-6.2878063200;-5.5272871800;0.1065022800;-1.5151916400;1.6731825000;0.3585900000;0.7325120000;0.0730880000
137;-8.2219007400;-6.0528105600;-5.8444541400;0.0350696400;-1.3519549200;1.9811307000;0.4150040000;0.7038120000;0.0517380000
138;-8.4458162400;-6.9944011200;-6.1795771800;-0.6535854000;-1.3144209600;1.6943903400;0.4598010000;0.6745510000;0.0358480000
139;-9.2205093000;-6.5143330200;-5.6038432800;-0.9748864200;-0.9676321800;1.6152057000;0.5047970000;0.6394760000;0.0384620000
140;-9.3007557600;-7.1207128200;-4.9994616600;0.2221172400;-1.2750183600;1.2441970200;0.5387680000;0.6113880000;0.0225420000
141;-9.2904384600;-5.1834870000;-5.6337772200;0.0340394400;-1.1651939400;1.2993290400;0.5688160000;0.5847150000;-0.0049760000
142;-9.3979250400;-5.0417804400;-4.9410085200;-0.3973644600;-0.7363798200;1.1257474800;0.5970710000;0.5576620000;-0.0176900000
143;-9.8744853600;-5.8716636600;-4.3486975800;-0.6027669600;-1.4132355000;1.2771542400;0.6190570000;0.5302590000;-0.0298270000
144;-10.0244988000;-5.5895847000;-4.6600791000;-0.1682847000;-0.9221432400;0.8886474600;0.6334660000;0.5054810000;-0.0577110000
145;-9.7620120000;-4.6849120200;-4.6217587200;0.2547633600;-0.6535935600;0.5197573200;0.6437750000;0.4881740000;-0.0801680000
146;-9.6079573200;-4.0752009000;-4.3121581200;-0.0368250600;-0.4790817600;0.4126063200;0.6550650000;0.4727000000;-0.0921330000
147;-10.0187133600;-3.5396009400;-3.2309326200;-0.2963977200;-0.2936937000;0.3835516200;0.6624450000;0.4617490000;-0.0978160000
148;-9.5589453000;-2.4720669000;-2.7333572400;0.0074449800;-0.2727643200;0.1625747400;0.6647190000;0.4559130000;-0.1040170000
149;-9.0431231400;-2.3204785800;-1.9825158600;-0.2559567600;-0.2379639600;0.2133024000;0.6626670000;0.4551390000;-0.1140090000
150;-9.1042915200;-2.5381272000;-2.2431921600;-0.2656753200;-0.1389260400;0.2379609000;0.6667690000;0.4489940000;-0.1143500000
151;-9.5595522000;-2.7881485800;-3.0703305600;0.0440150400;-0.0835635000;0.0427237200;0.6719470000;0.4423160000;-0.1150570000
152;-10.2131875800;-2.7751435800;-3.1208736000;0.0056997600;0.0135792600;0.0533511000;0.6733000000;0.4417140000;-0.1178900000
153;-9.9703306800;-2.5751940000;-2.5773023400;0.2723910000;0.0949620000;-0.0303113400;0.6729190000;0.4411720000;-0.1173510000
154;-9.5155371600;-2.4909817800;-1.8654198600;0.2944627800;0.1090125000;-0.0144625800;0.6691000000;0.4417360000;-0.1220530000
155;-9.5678050200;-2.0538852600;-1.4443322400;0.1652757000;0.1103130000;-0.0629962200;0.6696330000;0.4421360000;-0.1223100000
156;-9.4988826000;-2.0086115400;-1.5653022000;0.2170243800;0.0578421600;-0.1333925400;0.6704720000;0.4419860000;-0.1219990000
157;-9.1787086800;-2.3098624200;-2.4782338200;-0.0042279000;0.1073835600;-0.1571636400;0.6674040000;0.4465580000;-0.1228440000
158;-9.6499078800;-2.3883830400;-2.6878326000;0.0056008200;0.2178128400;-0.1539588000;0.6655000000;0.4512160000;-0.1174470000
159;-9.5906520000;-2.8340302200;-2.8729615800;0.2258269800;0.2299212600;-0.2272111200;0.6613300000;0.4565310000;-0.1158630000
160;-9.9194959200;-2.7445027800;-1.9158027600;0.3767155800;0.2102332200;-0.1236709200;0.6590740000;0.4591740000;-0.1144580000
161;-9.5311707000;-2.3715081600;-1.4689550400;0.3434666400;0.1397512200;-0.2368389000;0.6587400000;0.4619950000;-0.1154560000
162;-9.2263702200;-2.2152543600;-1.4656278000;0.0689999400;0.1328152200;-0.2204046600;0.6545580000;0.4673840000;-0.1166270000
163;-9.1486084800;-2.2505820600;-2.2416580800;-0.0858156600;0.1662651000;-0.2496093000;0.6515300000;0.4729960000;-0.1116940000
164;-9.1485574800;-2.6106226800;-2.9290493400;-0.3618031800;0.1899576600;-0.2491860000;0.6456030000;0.4817680000;-0.1045600000
165;-9.5296651800;-2.8792621200;-3.0250272600;-0.1139329800;0.2838384600;-0.1981380600;0.6421330000;0.4889240000;-0.0926330000
166;-9.2493008400;-2.9355130800;-2.7492457800;0.3335196000;0.1914213600;-0.1850045400;0.6417370000;0.4913760000;-0.0897750000
167;-9.0971107200;-2.8464711600;-2.6409493200;0.0611275800;0.2487606600;-0.1446717000;0.6381600000;0.4944060000;-0.0874620000
168;-9.0299335200;-3.3366811200;-3.0394347600;-0.1282752000;0.3197414400;-0.2661843000;0.6362530000;0.4993960000;-0.0795880000
169;-9.0288645600;-3.7100898600;-4.1683819800;-0.3581148600;0.4880332800;-0.2923768800;0.6322010000;0.5079030000;-0.0682450000
170;-8.9768078400;-4.5076472400;-5.1703035000;-0.3956457600;0.6246418800;-0.4056183000;0.6265240000;0.5172100000;-0.0465080000
171;-9.2211039600;-5.2575930600;-6.1437150000;-0.3289602000;0.8760066000;-0.5629584000;0.6174230000;0.5324580000;-0.0220600000
172;-9.2001725400;-5.7559569000;-6.2990304000;-0.4011894600;1.0116676200;-0.5711000400;0.6049900000;0.5458350000;0.0090160000
173;-9.4691873400;-6.1336649400;-5.8011571800;0.2380455600;1.0448329200;-0.7778367000;0.5909820000;0.5620500000;0.0339490000
174;-9.3383794800;-5.7945669600;-5.8131829800;0.5056517400;1.1659762800;-1.0281997800;0.5664420000;0.5847420000;0.0493230000
175;-9.1114447800;-5.8732416000;-5.4922838400;0.3475017600;1.2297038400;-1.1458700400;0.5399930000;0.6073800000;0.0673750000
176;-8.7623844600;-6.1246675200;-5.6891744400;0.3087060600;1.3744785600;-1.4302419600;0.5066690000;0.6355450000;0.0851110000
177;-8.4283864800;-6.1131507000;-5.4582168600;0.4268312400;1.3498476000;-1.4438895600;0.4666470000;0.6650340000;0.1006400000
178;-7.8188967000;-6.0108936600;-5.7954553800;0.3317254200;1.3393507800;-1.4643834000;0.4248590000;0.6899520000;0.1137910000
179;-7.2045354000;-6.1756705800;-5.5102358400;0.2977543200;1.3742572200;-1.4868427800;0.3743140000;0.7152200000;0.1271380000
180;-6.3759292200;-6.2949228600;-5.7026313000;0.2584884000;1.2962761800;-1.4697435000;0.3273600000;0.7391120000;0.1359580000
181;-5.6086750200;-6.3920370600;-5.6365516200;0.2895453600;1.2582587400;-1.4387661000;0.2823310000;0.7579350000;0.1447540000
182;-4.7945222400;-6.2623777200;-5.6752035000;0.1470993000;1.2692920800;-1.3840400400;0.2358240000;0.7732410000;0.1514500000
183;-3.9891455400;-6.1945620000;-5.3489646600;0.2459679000;1.1730734400;-1.2978214800;0.1889950000;0.7863170000;0.1571870000
184;-3.1518714000;-5.8920218400;-5.1960258600;0.1543708800;1.0927606800;-1.1421572400;0.1446490000;0.7955790000;0.1556140000
185;-2.4383426400;-6.1020663600;-5.1310875600;0.1184566800;1.0037707800;-1.0571076000;0.1057600000;0.8020060000;0.1585500000
186;-1.7535136200;-5.9039823600;-5.0104317600;0.0713612400;0.9365374800;-0.9228531600;0.0694030000;0.8085740000;0.1602100000
187;-1.1772799200;-6.0986534400;-4.7333069400;0.1973995800;0.7657038000;-0.7879357200;0.0390900000;0.8110250000;0.1595260000
188;-0.5219870400;-5.7563751000;-4.7032771200;0.1591047000;0.6106199400;-0.6532926600;0.0114300000;0.8146210000;0.1548090000
189;-0.0912420600;-6.3266938200;-4.6961075400;0.1394034000;0.4847805000;-0.5020572600;-0.0060890000;0.8134000000;0.1475050000
190;0.2591881200;-6.2908204200;-4.9215673200;-0.0054610800;0.3824459400;-0.4357389000;-0.0234200000;0.8152030000;0.1462450000
191;0.6147081000;-6.7542125400;-5.0436715200;-0.1043572200;0.2721533400;-0.3237551400;-0.0368450000;0.8148070000;0.1512170000
192;0.6914376000;-6.7461831000;-5.3170570200;-0.1514037000;0.1684989000;-0.2294194200;-0.0450280000;0.8137430000;0.1543390000
193;0.9638796000;-7.3355686800;-5.8973105400;-0.1239126600;0.1617546600;-0.1623840000;-0.0530440000;0.8129280000;0.1580170000
194;1.0713039600;-7.2147874200;-6.0783911400;-0.0604350000;0.1491923400;-0.1082801400;-0.0542580000;0.8091460000;0.1607500000
195;1.0561457400;-7.4396678400;-6.5138332200;-0.0209559000;0.1312046400;-0.0542150400;-0.0563490000;0.8099810000;0.1601090000
196;1.1008054200;-7.6966517400;-6.5988940800;-0.2301681000;0.1794659400;-0.1105272000;-0.0623410000;0.8104210000;0.1657870000
197;1.1301967200;-7.8110692200;-6.3939006000;-0.0296758800;0.1193145000;-0.2048741400;-0.0673900000;0.8090000000;0.1711030000
198;1.1014123200;-7.3805700600;-6.2619207600;0.1713436800;0.0586051200;-0.1987429200;-0.0747700000;0.8090680000;0.1663990000
199;1.1638659000;-7.0183099200;-6.2590912800;-0.0041401800;0.1062330000;-0.1470768600;-0.0787790000;0.8089290000;0.1632100000
200;1.1933296200;-7.1701216200;-6.1532917800;-0.0155407200;0.0757554000;-0.1078915200;-0.0815110000;0.8087520000;0.1658560000
201;1.2997360200;-7.2010286400;-6.1983553800;-0.0048705000;0.0306030600;-0.0593028000;-0.0848660000;0.8090850000;0.1646170000
202;1.2921115200;-7.2760282200;-6.3283003200;-0.0566293800;0.0310936800;-0.0463590000;-0.0861630000;0.8085310000;0.1659460000
203;1.4123797200;-7.6993435200;-6.5508796200;0.0596139000;0.0113077200;-0.0256570800;-0.0870920000;0.8079950000;0.1664630000
204;1.4210691000;-7.5326020800;-6.6867385200;-0.0249900000;0.0971091000;-0.0093942000;-0.0874580000;0.8081770000;0.1647950000
205;1.4353858200;-7.6842016200;-6.6038880000;0.0414681000;0.0782136000;-0.0222472200;-0.0885630000;0.8079270000;0.1646140000
206;1.2920309400;-7.3061671800;-6.3513319200;-0.0028978200;0.0804025200;-0.0213822600;-0.0903260000;0.8086000000;0.1649520000
207;1.4125847400;-7.4889430200;-6.2450428200;0.0246768600;0.0695150400;-0.0036148800;-0.0923780000;0.8084860000;0.1650080000
208;1.3140772200;-7.3675915800;-6.1536600000;0.0042911400;0.0558980400;-0.0073093200;-0.0909760000;0.8092530000;0.1656100000
209;1.4202276000;-7.4139128400;-6.1227101400;0.0540773400;0.0270524400;-0.0219912000;-0.0922620000;0.8080980000;0.1646020000
210;1.5272449800;-7.4288313600;-6.3884038200;-0.0032456400;0.0341934600;0.0076714200;-0.0917890000;0.8085280000;0.1632410000
211;1.5262515000;-7.5954830400;-6.2905440000;0.0207733200;0.0275012400;-0.0034333200;-0.0937560000;0.8081730000;0.1623390000
212;1.4350992000;-7.5496156800;-6.2376549600;0.0464824200;0.0017870400;0.0022878600;-0.0917300000;0.8097610000;0.1618570000
213;1.4657869200;-7.5043960200;-6.2675746200;0.0520903800;0.0080427000;-0.0060996000;-0.0914160000;0.8095390000;0.1600810000
214;1.4503104600;-7.5647320800;-6.2680846200;0.0261334200;0.0029580000;0.0115576200;-0.0898980000;0.8093860000;0.1602810000
215;1.4649505200;-7.6858020000;-6.2611486200;0.0159966600;0.0001672800;0.0022511400;-0.0901710000;0.8084580000;0.1602770000
216;1.4728239000;-7.6629203400;-6.3294447600;0.0575820600;0.0100510800;0.0124970400;-0.0897390000;0.8102370000;0.1582160000
217;1.4500952400;-7.6701123600;-6.3753345600;-0.0070757400;0.0188669400;0.0244606200;-0.0883520000;0.8108790000;0.1585420000
218;1.3886637000;-7.7606414400;-6.2926605000;0.0160191000;0.0000897600;-0.0014800200;-0.0883370000;0.8108710000;0.1588180000
219;1.3587440400;-7.6395705000;-6.2692647600;0.0335957400;0.0110241600;0.0050092200;-0.0880750000;0.8096790000;0.1585620000
220;1.3734575400;-7.7155064400;-6.2087542800;0.0214975200;-0.0062577000;0.0041381400;-0.0884270000;0.8105180000;0.1571650000
221;1.3586226600;-7.6622726400;-6.2618024400;0.0233743200;-0.0128754600;-0.0107161200;-0.0877790000;0.8107950000;0.1565000000
222;1.3592469000;-7.5487323600;-6.3067293600;-0.0283407000;0.0051102000;0.0096033000;-0.0867260000;0.8103400000;0.1581980000
223;1.3587624000;-7.7220681000;-6.4296475200;-0.0430429800;0.0207886200;0.0150888600;-0.0859000000;0.8091340000;0.1582400000
224;1.3507176600;-7.8202522800;-6.4303462200;-0.0098185200;-0.0035159400;-0.0080212800;-0.0877030000;0.8098930000;0.1603660000
225;1.3434848400;-7.6845504600;-6.3305667600;0.0134742000;0.0067850400;-0.0498871800;-0.0879610000;0.8093570000;0.1606350000
226;1.3212376200;-7.5109097400;-6.2382659400;0.0124338000;0.0080875800;-0.0219820200;-0.0882430000;0.8100950000;0.1580010000
227;1.3595641200;-7.5032077200;-6.3521010000;-0.0161812800;0.0240485400;-0.0034843200;-0.0886710000;0.8097740000;0.1601900000
228;1.3896010800;-7.5940805400;-6.3676876200;-0.0271921800;0.0238873800;-0.0221034000;-0.0877560000;0.8095870000;0.1618810000
229;1.3436766000;-7.6092183600;-6.2691821400;0.0696721200;-0.0024204600;-0.0255816000;-0.0877620000;0.8095240000;0.1592640000
230;1.3445772600;-7.4877292200;-6.4130072400;0.0520353000;0.0035853000;0.0078570600;-0.0899610000;0.8112110000;0.1566850000
231;1.4199685200;-7.6694157000;-6.4897336800;-0.0226419600;0.0343393200;0.0132039000;-0.0887780000;0.8103590000;0.1582540000
232;1.3887249000;-7.8130602600;-6.4147881600;-0.0252419400;0.0532990800;-0.0073511400;-0.0893830000;0.8109900000;0.1597390000
233;1.3891318800;-7.5948322800;-6.1774035600;0.0650729400;0.0068350200;-0.0218994000;-0.0904250000;0.8102450000;0.1581880000
234;1.3515561000;-7.5188035200;-6.2152527000;0.0225399600;0.0035536800;-0.0145033800;-0.0907290000;0.8098640000;0.1576280000
235;1.4047164600;-7.5643342800;-6.2760385800;-0.0383214000;0.0231723600;-0.0146686200;-0.0898920000;0.8109110000;0.1579290000
236;1.4043513000;-7.6699563000;-6.3223986000;-0.0272054400;0.0276511800;-0.0146767800;-0.0891520000;0.8104780000;0.1589260000
237;1.3893216000;-7.6395439800;-6.3375384600;-0.0106151400;0.0257958000;-0.0072052800;-0.0895570000;0.8107440000;0.1590460000
238;1.3740114000;-7.6545971400;-6.3225291600;-0.0151408800;0.0385305000;-0.0147104400;-0.0901130000;0.8104880000;0.1588870000
239;1.4045746800;-7.6245816000;-6.3297140400;0.0087587400;0.0257386800;-0.0015952800;-0.0909190000;0.8094270000;0.1591380000
240;1.4044196400;-7.6548409200;-6.3222996600;-0.0013596600;0.0340374000;-0.0016462800;-0.0888320000;0.8101860000;0.1597670000
241;1.3816746600;-7.6245489600;-6.2918281800;0.0023225400;0.0200991000;-0.0173950800;-0.0892500000;0.8096630000;0.1596170000
242;1.4123817600;-7.5792997200;-6.3293601000;0.0004263600;0.0193534800;-0.0052978800;-0.0907930000;0.8104260000;0.1614770000
243;1.4200633800;-7.5492219600;-6.3062713800;0.0263731200;0.0328358400;-0.0099694800;-0.0909660000;0.8093830000;0.1607890000
244;1.4047950000;-7.5717109200;-6.3217570200;0.0060832800;0.0328725600;-0.0174420000;-0.0907110000;0.8083940000;0.1579150000
245;1.4049551400;-7.5114340200;-6.2756928000;-0.0125143800;0.0278276400;0.0058129800;-0.0906060000;0.8087400000;0.1598440000
246;1.4197094400;-7.5948067800;-6.2456772600;0.0096369600;0.0202969800;0.0002937600;-0.0907890000;0.8092960000;0.1590070000
247;1.4045634600;-7.6396062000;-6.3526467000;-0.0125725200;0.0159558600;0.0086485800;-0.0890680000;0.8097710000;0.1604490000
248;1.3896010800;-7.5940805400;-6.3676876200;-0.0087628200;0.0220493400;-0.0127673400;-0.0912630000;0.8092640000;0.1603650000
249;1.3589602800;-7.5792018000;-6.2460363000;-0.0162292200;0.0167575800;-0.0034527000;-0.0906450000;0.8089580000;0.1616310000
250;1.3896429000;-7.5640017600;-6.3294335400;0.0132538800;0.0056650800;0.0040789800;-0.0897840000;0.8087970000;0.1623560000
251;1.4050163400;-7.5638528400;-6.3978204600;0.0040024800;0.0057874800;0.0096471600;-0.0889970000;0.8086740000;0.1617000000
252;1.3668367200;-7.5638171400;-6.3296049000;-0.0126112800;0.0095676000;0.0096053400;-0.0879290000;0.8078130000;0.1636770000
253;1.3818807000;-7.6242174600;-6.3755538600;-0.0089250000;0.0030732600;0.0049857600;-0.0868340000;0.8093950000;0.1637090000
254;1.3744408200;-7.6088919600;-6.4135682400;0.0224838600;0.0019176000;0.0041024400;-0.0887170000;0.8094650000;0.1618430000
255;1.3595090400;-7.5483100800;-6.4132877400;0.0429695400;0.0244626600;-0.0089892600;-0.0894560000;0.8094990000;0.1608490000
256;1.4433030600;-7.4286702000;-6.2596410600;0.0558062400;0.0218841000;0.0059384400;-0.0886410000;0.8104900000;0.1582580000
257;1.3902447000;-7.2779376600;-6.0459367800;0.0223471800;0.0125327400;0.0394260600;-0.0875080000;0.8086020000;0.1588680000
258;1.3138905600;-7.2028360800;-5.7720066000;0.0755310000;-0.0488722800;0.0527880600;-0.0862690000;0.8101800000;0.1590440000
259;1.2838638000;-7.0519270800;-5.6494658400;0.0520342800;-0.0845722800;0.1059372000;-0.0838830000;0.8121210000;0.1551320000
260;1.1167806600;-6.9152715600;-5.4671643000;0.1023121200;-0.1501552200;0.1518606600;-0.0795960000;0.8121250000;0.1533760000
261;1.0490689800;-6.7785385200;-5.5048471800;0.0851037000;-0.2187512400;0.2135237400;-0.0721370000;0.8123520000;0.1520220000
262;0.9500698200;-6.6879880200;-5.2690466400;0.0143850600;-0.2612016000;0.2843066400;-0.0631210000;0.8120070000;0.1515600000
263;0.6614047200;-6.5802801000;-5.1639723600;0.0172890000;-0.3869268000;0.3238979400;-0.0510440000;0.8134670000;0.1520340000
264;0.3812127600;-6.2011430400;-4.9124464800;0.0696996600;-0.4820275200;0.4936698000;-0.0338300000;0.8137140000;0.1512080000
265;0.0520567200;-6.7873462200;-5.0786004000;0.2099343600;-0.5955463800;0.6412689000;-0.0129100000;0.8145170000;0.1480490000
266;-0.3105339000;-6.3380443800;-5.2002139800;-0.0241872600;-0.6102007200;0.7340103600;0.0108330000;0.8151860000;0.1439020000
267;-0.9964961400;-6.4779282000;-4.7496259200;0.1945956000;-0.7719421200;0.7935477600;0.0384530000;0.8136030000;0.1429570000
268;-1.5112483200;-6.0125878800;-4.7961736200;0.2465605200;-0.9622231200;0.9655605600;0.0711070000;0.8117250000;0.1313370000
269;-2.4986960400;-5.8007298000;-4.7642251800;-0.0853780800;-0.8938515000;1.1442574200;0.1106930000;0.8080070000;0.1262050000
270;-2.8671588000;-7.0864438800;-5.6963929800;-0.1790987400;-0.9994510800;1.1575051800;0.1512600000;0.8012810000;0.1238900000
271;-3.5939139000;-6.2728980000;-5.4530403600;-0.4812441600;-0.9767316000;1.2034674000;0.1902380000;0.7908240000;0.1274590000
272;-4.9630803000;-5.7679694400;-4.2270493200;-0.4160437200;-1.2880407000;1.3480605600;0.2335600000;0.7781520000;0.1327330000
273;-5.9346150000;-6.3353587200;-5.9278983000;-0.4561848000;-1.2186001200;1.3754567400;0.2785500000;0.7618690000;0.1283240000
274;-6.4900692600;-5.8890424200;-4.9092436800;-0.6489168600;-1.2117620400;1.5091012200;0.3291720000;0.7375520000;0.1339760000
275;-7.1531804400;-7.1619198000;-6.5742825000;-0.4769469000;-1.2256462800;1.2804121200;0.3746210000;0.7168590000;0.1303060000
276;-7.4080478400;-6.3812862600;-6.6091971000;-0.8927060400;-1.1388259200;1.4115627000;0.4186960000;0.6929300000;0.1289450000
277;-7.9453828200;-7.2631293000;-6.1318595400;0.0274012800;-1.1896566000;1.0883185800;0.4567950000;0.6688380000;0.1210110000
278;-8.1946075800;-5.2355121000;-6.1662345600;0.3227269800;-1.2039784200;1.1297520000;0.4901350000;0.6481060000;0.0887620000
279;-8.4081017400;-4.7846649600;-5.0764522800;-0.1054037400;-1.0159067400;1.2148914000;0.5210510000;0.6230580000;0.0696680000
280;-8.8352767200;-5.0836769400;-5.0435776800;0.0419301600;-1.0752360600;1.0255304400;0.5489670000;0.6006910000;0.0458890000
281;-9.1539573600;-4.5999674400;-4.4034685200;-0.2468808000;-0.9331000800;1.1082453000;0.5759510000;0.5778550000;0.0251060000
282;-9.2897122200;-4.5070933800;-4.6779138000;0.0448188000;-0.8681393400;0.7781161800;0.5979080000;0.5557130000;0.0050800000
283;-9.5890434600;-4.4820024000;-6.5829392400;-0.6258709800;-1.3804884000;1.1411851800;0.6156210000;0.5350740000;-0.0148530000
284;-9.6396293400;-4.4746196400;-4.5357349800;-0.5154355800;-0.9295943400;0.8185163400;0.6344590000;0.5096250000;-0.0243760000
285;-9.7760563800;-4.0977296400;-4.0091130600;0.0266679000;-0.8339418000;0.7211828400;0.6473590000;0.4893090000;-0.0446420000
286;-9.8356672200;-4.1103072600;-4.5272404200;-0.2335443000;-0.5546627400;0.5521668000;0.6598790000;0.4750890000;-0.0641400000
287;-9.8970712200;-3.9307005600;-3.9556630200;-0.2673736200;-0.4435031400;0.3507290400;0.6687250000;0.4630800000;-0.0705830000
288;-9.7953976200;-2.8465578600;-3.1105573200;-0.0518221200;-0.4462765200;0.2301711600;0.6708040000;0.4572760000;-0.0828510000
289;-9.1409829600;-2.5507078800;-2.8068156000;-0.2453946600;-0.1871934600;0.2037592800;0.6704870000;0.4542480000;-0.0887630000
290;-9.6348639000;-2.3662551600;-2.5810110600;-0.3439307400;-0.1801707600;0.1319298600;0.6735040000;0.4520920000;-0.0887640000
291;-9.6705516600;-2.1521469600;-3.1355412000;-0.0204989400;-0.0743365800;0.0156274200;0.6757680000;0.4465920000;-0.0926260000
292;-9.7708503000;-2.2587481800;-2.7335765400;0.1434599400;-0.1260699600;0.0579298800;0.6759570000;0.4457040000;-0.0992220000
293;-9.6324383400;-1.7996686200;-2.5240267200;-0.1282854000;0.0276134400;0.0513508800;0.6784400000;0.4436790000;-0.0989700000
294;-9.5287063800;-2.0974586400;-1.9695241200;0.0721609200;-0.0036016200;-0.0040402200;0.6755310000;0.4444530000;-0.0970270000
295;-9.4598635200;-1.9997946600;-1.9607562000;0.0664938000;-0.0012821400;0.0294402600;0.6761460000;0.4434870000;-0.1008510000
296;-9.5587770000;-2.0966712000;-2.1067579800;0.1128936000;0.0032691000;-0.0133232400;0.6797810000;0.4414890000;-0.1020670000
297;-9.7863532800;-1.9289954400;-2.0008299600;0.1294655400;-0.0134456400;-0.0225450600;0.6773730000;0.4416200000;-0.1060210000
298;-9.7018422000;-1.7781915000;-2.0829358800;0.0723761400;0.0021675000;-0.0487254000;0.6777860000;0.4416820000;-0.1084840000
299;-9.5730355800;-1.8249381000;-1.9909237200;-0.0865337400;0.0396463800;0.0030028800;0.6753840000;0.4448620000;-0.1072260000
300;-9.6038242800;-1.8553137000;-1.8924029400;0.1424287200;-0.0127132800;-0.0355306800;0.6765690000;0.4435450000;-0.1081330000
301;-9.5191887600;-1.6893056400;-1.9972446600;0.0980791200;-0.0058364400;-0.0225868800;0.6753400000;0.4449510000;-0.1105340000
302;-9.5131065000;-1.9769048400;-1.9077284400;-0.0247931400;0.0332040600;0.0310243200;0.6758850000;0.4430880000;-0.1106360000
303;-9.5440788000;-2.0976065400;-1.9011372000;-0.0605380200;0.0501809400;-0.0184059000;0.6772780000;0.4436590000;-0.1076920000
304;-9.5906040600;-2.2787646600;-1.8646099800;0.0824996400;-0.0117218400;-0.0616743000;0.6737080000;0.4446960000;-0.1103220000
305;-9.7554319800;-1.7783649000;-1.9311109200;0.1073845800;-0.0089515200;-0.0430501200;0.6741950000;0.4453850000;-0.1114090000
306;-9.4962571200;-1.7192967000;-2.1038295600;-0.0023194800;0.0329766000;-0.0433561200;0.6739220000;0.4449890000;-0.1114170000
307;-9.4051741800;-1.9003222200;-2.3783360400;0.0856789800;0.0632063400;-0.0582542400;0.6732780000;0.4460370000;-0.1106240000
308;-9.0541585200;-2.4562079400;-3.9396816600;0.2899492800;0.1924301400;-0.1125060000;0.6715960000;0.4480650000;-0.1112570000
309;-9.5870993400;-2.9783724600;-4.5941116200;-0.0133783200;0.4322576400;-0.1596177600;0.6697090000;0.4515190000;-0.1055750000
310;-10.4660404800;-4.1492733000;-4.8595758000;-0.1209546600;0.7533403800;-0.3222047400;0.6672770000;0.4597520000;-0.0846630000
311;-10.3192329000;-5.2242655800;-4.7056088400;0.4070789400;0.9175318200;-0.4952283600;0.6625030000;0.4684800000;-0.0664660000
312;-10.2428940600;-5.4269385600;-5.2087177200;0.3365316600;1.1238278400;-0.8366856000;0.6516390000;0.4857320000;-0.0466470000
313;-10.3123703400;-5.4956070000;-4.9052248800;0.2641534800;1.2363409800;-1.0902912600;0.6341040000;0.5104630000;-0.0208160000
314;-10.3262658000;-5.4033510600;-5.2700901000;0.6379304400;1.3142159400;-1.3673304000;0.6085180000;0.5423000000;0.0007840000
315;-10.0649550600;-5.1307825800;-5.9209398600;0.4800742200;1.3039506600;-1.3916696400;0.5782170000;0.5757400000;0.0188780000
316;-9.8677023600;-5.4031123800;-6.2561281800;0.2802164400;1.5160657800;-1.4970366600;0.5450590000;0.6071410000;0.0397640000
317;-9.5799389400;-5.7973648200;-6.5229183600;0.3225801000;1.7546080800;-1.6226455800;0.5040640000;0.6392970000;0.0651490000
318;-8.9720505600;-5.8027157400;-6.4041679200;0.3786260400;1.8470068200;-1.6731355800;0.4579350000;0.6717370000;0.0918410000
319;-8.3784452400;-5.4013263600;-5.9099095800;0.3874327200;1.7749101600;-1.6801705200;0.4062870000;0.7011990000;0.1126880000
320;-7.4754137400;-5.5162528200;-5.4394968000;0.2358954000;1.8040576800;-1.6543594200;0.3521090000;0.7265370000;0.1297440000
321;-6.5722741200;-5.4584453400;-4.6939400400;0.1351897800;1.7484054600;-1.5174040200;0.3027470000;0.7510200000;0.1471390000
322;-5.5399300800;-5.5367772600;-4.1842501200;0.0876894000;1.5226121400;-1.4987115000;0.2510690000;0.7676200000;0.1620180000
323;-4.3084891800;-5.5318557600;-4.1063741400;0.0145390800;1.4060730600;-1.3828384800;0.2000240000;0.7816520000;0.1733620000
324;-3.2971336800;-5.5245546000;-4.1823855600;0.1828717200;1.2133787400;-1.2207523200;0.1511000000;0.7901220000;0.1782220000
325;-2.2550292600;-5.4419264400;-4.2576748200;0.1663130400;1.0206171000;-1.0226346600;0.1108010000;0.7967830000;0.1779320000
326;-1.4943663000;-5.4923409600;-4.5186418200;0.1794679800;0.8215549200;-0.8626252200;0.0762810000;0.8043020000;0.1781440000
327;-0.8644479600;-5.6491720800;-4.3626511800;0.0780340800;0.6494166600;-0.6666148800;0.0492220000;0.8077980000;0.1768950000
328;-0.2800777200;-6.0306082200;-4.6499443800;0.0019828800;0.4998642600;-0.5395269600;0.0265530000;0.8085250000;0.1781820000
329;0.0620578200;-6.2058574800;-4.9834027800;0.0738398400;0.3600222600;-0.4253196000;0.0121500000;0.8085490000;0.1727840000
330;0.4188120000;-6.5772364200;-5.4398119800;0.0102805800;0.2701245600;-0.3375669600;-0.0009240000;0.8092420000;0.1717040000
331;0.6166022400;-6.7136563200;-5.7436669200;0.0263007000;0.2395796400;-0.2127556800;-0.0138400000;0.8099220000;0.1760000000
332;0.7988007600;-6.8205666000;-5.8343204400;-0.0167096400;0.1514802000;-0.1919589000;-0.0207350000;0.8106780000;0.1751670000
333;0.6769383000;-7.0600350600;-6.1869385200;-0.0956800800;0.1071214200;-0.1193471400;-0.0261810000;0.8107170000;0.1757740000
334;0.7153678200;-6.9921448800;-6.2318756400;-0.2404864200;0.1557652200;-0.1123071000;-0.0267840000;0.8061010000;0.1796390000
335;0.7832039400;-7.1962009800;-6.3696980400;0.0253000800;0.1101283800;-0.1024488000;-0.0301250000;0.8054960000;0.1836410000
336;0.7995300600;-6.9394363800;-6.3526813800;0.1206813000;-0.0053998800;-0.0776260800;-0.0363160000;0.8080940000;0.1832360000
337;0.7846972200;-6.8486859600;-6.3369805200;-0.0566375400;0.0514998000;-0.0148552800;-0.0368210000;0.8087420000;0.1840370000
338;0.9355327800;-7.1669565600;-6.4292466600;0.0095461800;-0.0110537400;-0.0089127600;-0.0362690000;0.8072740000;0.1840700000
339;0.9053744400;-7.1813140800;-6.5589672000;-0.0330490200;-0.0048123600;0.0300655200;-0.0348030000;0.8073460000;0.1808230000
340;0.9194902200;-7.4682829200;-6.6444544200;-0.0330704400;0.0083038200;0.0569751600;-0.0326230000;0.8072630000;0.1831150000
341;0.8966422200;-7.5431896800;-6.7669013400;-0.0404868600;0.0103244400;0.0709022400;-0.0327480000;0.8081210000;0.1858570000
342;0.8659779600;-7.5583601400;-6.6911163600;-0.0733675800;0.0483418800;0.0223206600;-0.0310450000;0.8068790000;0.1868990000
343;0.7818952800;-7.6184463000;-6.6160280400;-0.0363987000;0.0424156800;0.0084354000;-0.0308350000;0.8073050000;0.1907600000
344;0.8197627800;-7.6339880400;-6.5853954000;0.0153295800;0.0401961600;0.0047980800;-0.0285190000;0.8054960000;0.1879740000
345;0.8359216200;-7.4225063400;-6.5838970200;0.0274023000;0.0398871000;-0.0137802000;-0.0290770000;0.8063040000;0.1878080000
346;0.7675265400;-7.3919063400;-6.5385468000;0.0262537800;0.0183171600;0.0151429200;-0.0284310000;0.8067800000;0.1896210000
347;0.7980398400;-7.3769766000;-6.5534418600;0.0280275600;0.0129784800;0.0272646000;-0.0281630000;0.8065150000;0.1894960000
348;0.8131797000;-7.3997103600;-6.5686980000;0.0464865000;-0.0019686000;0.0124705200;-0.0274680000;0.8065700000;0.1871820000
349;0.7144732800;-7.3762126200;-6.5769059400;0.0003835200;0.0073623600;0.0039871800;-0.0275300000;0.8075310000;0.1860710000
350;0.7442562600;-7.5275122800;-6.6004985400;0.0095257800;0.0001948200;0.0207712800;-0.0249840000;0.8075980000;0.1875500000
351;0.7219723200;-7.4814735600;-6.7297662000;0.0004814400;0.0312344400;0.0150409200;-0.0255180000;0.8073310000;0.1878060000
352;0.7521888000;-7.5120378600;-6.7069008600;-0.0104397000;0.0456409200;-0.0092197800;-0.0242600000;0.8075710000;0.1882680000
353;0.7518787200;-7.5725565000;-6.6920731200;-0.0289751400;0.0236629800;-0.0221748000;-0.0244600000;0.8078020000;0.1896350000
354;0.7518654600;-7.5425685000;-6.6309853200;0.0283070400;0.0343699200;-0.0128387400;-0.0257070000;0.8072260000;0.1868350000
355;0.7443246000;-7.5123979200;-6.6003996000;0.0467415000;0.0157732800;-0.0276154800;-0.0264840000;0.8061490000;0.1876380000
356;0.7520827200;-7.4446842000;-6.5390068200;0.0577952400;0.0157875600;-0.0220146600;-0.0276150000;0.8073730000;0.1870330000
357;0.7672174800;-7.4974375800;-6.6077405400;0.0153040800;0.0263272200;-0.0063066600;-0.0286810000;0.8071710000;0.1850640000
358;0.7217346600;-7.4518466400;-6.5773425000;0.0134833800;0.0271687200;-0.0128265000;-0.0292070000;0.8069000000;0.1854580000
359;0.7821472200;-7.5130058400;-6.5240005800;0.0410437800;0.0116749200;0.0040269600;-0.0284070000;0.8074330000;0.1850730000
360;0.7822390200;-7.4678422800;-6.4780353000;0.0042656400;0.0345963600;-0.0119329800;-0.0281940000;0.8082580000;0.1839740000
361;0.8428617000;-7.5361669800;-6.5236905000;0.0097359000;0.0115739400;-0.0220554600;-0.0273830000;0.8067940000;0.1837420000
362;0.8282267400;-7.4676076800;-6.6299184000;-0.0289924800;0.0227868000;-0.0221584800;-0.0307420000;0.8087220000;0.1824910000
363;0.8128114800;-7.4978353800;-6.5997855600;-0.0123481200;0.0309723000;-0.0165913200;-0.0300260000;0.8083670000;0.1855520000
364;0.7975920600;-7.5052395600;-6.6075610200;-0.0049368000;0.0289914600;-0.0240169200;-0.0300920000;0.8073380000;0.1843170000
365;0.7746879600;-7.4977089000;-6.5544037200;0.0227806800;0.0269065800;-0.0295524600;-0.0317170000;0.8078770000;0.1846610000
366;0.8283705600;-7.4523729600;-6.6602654400;0.0098297400;0.0307978800;-0.0174899400;-0.0323120000;0.8077730000;0.1838120000
367;0.8590990800;-7.3320619200;-6.5679095400;0.0117177600;0.0362089800;-0.0249430800;-0.0331980000;0.8084100000;0.1851490000
368;0.8587584000;-7.4076347400;-6.5684032200;0.0098644200;0.0288099000;-0.0323574600;-0.0329200000;0.8066790000;0.1851730000
369;0.8358940800;-7.3625293200;-6.4617204000;0.0430409400;0.0381123000;-0.0035139000;-0.0359110000;0.8078280000;0.1831160000
370;0.8584381200;-7.4456623800;-6.5077601400;0.0317607600;0.0053886600;0.0059119200;-0.0341240000;0.8068770000;0.1831950000
371;0.8427158400;-7.5439057200;-6.4780720200;0.0206978400;0.0053937600;0.0003121200;-0.0340580000;0.8082390000;0.1819480000
372;0.8732230200;-7.5139809600;-6.4624221600;0.0429858600;0.0197125200;-0.0127377600;-0.0331350000;0.8083800000;0.1812960000
373;0.8887300800;-7.4385907200;-6.4465917600;0.0317077200;-0.0018778200;0.0078091200;-0.0336170000;0.8093490000;0.1800300000
374;0.8737014000;-7.4531920200;-6.5457520800;-0.0089178600;0.0048705000;0.0151612800;-0.0322590000;0.8090750000;0.1798110000
375;0.8431758600;-7.4831463600;-6.5537896800;-0.0172002600;0.0048225600;0.0077040600;-0.0322110000;0.8078570000;0.1806480000
376;0.7518450600;-7.4975854800;-6.5393526000;-0.0227347800;-0.0128377200;-0.0164220000;-0.0321360000;0.8080840000;0.1820260000
377;0.7821298800;-7.5580480200;-6.6004098000;-0.0144044400;-0.0017799000;-0.0043656000;-0.0321040000;0.8074050000;0.1825840000
378;0.7821186600;-7.5730726200;-6.6233424600;-0.0004600200;0.0015473400;-0.0220360800;-0.0325640000;0.8080300000;0.1842130000
379;0.7974472200;-7.5579898800;-6.6459630000;0.0124103400;-0.0039096600;-0.0126918600;-0.0325770000;0.8072400000;0.1839430000
380;0.8279340000;-7.5656113200;-6.6914519400;0.0134762400;0.0235059000;-0.0128061000;-0.0337970000;0.8073130000;0.1816900000
381;0.7744605000;-7.5731011800;-6.6005658600;0.0301838400;0.0296075400;-0.0276970800;-0.0328070000;0.8082170000;0.1822740000
382;0.7972697400;-7.4982546000;-6.4628964600;0.0494496000;0.0215250600;-0.0090229200;-0.0340100000;0.8074850000;0.1803030000
383;0.7976022600;-7.4452023600;-6.5006068800;0.0281785200;0.0087475200;-0.0182988000;-0.0342720000;0.8088100000;0.1805580000
384;0.8128145400;-7.4228031600;-6.4622875200;0.0097501800;0.0161568000;-0.0220738200;-0.0351100000;0.8084280000;0.1802520000
385;0.8052196200;-7.4377369800;-6.4928885400;-0.0142300200;0.0124899000;-0.0351155400;-0.0355970000;0.8083380000;0.1788560000
386;0.8278248600;-7.4907616800;-6.5082854400;0.0133232400;-0.0020440800;-0.0126898200;-0.0363830000;0.8085940000;0.1795110000
387;0.8354371200;-7.5133138800;-6.5540446800;-0.0245575200;0.0066279600;0.0021032400;-0.0360550000;0.8082980000;0.1804900000
388;0.8271771600;-7.6343501400;-6.5092238400;0.0104815200;-0.0203745000;-0.0172706400;-0.0360560000;0.8085640000;0.1804890000
389;0.8581209000;-7.4911870200;-6.4623885000;0.0345555600;-0.0105202800;-0.0219228600;-0.0360080000;0.8070790000;0.1813280000
390;0.8279778600;-7.4154897600;-6.4316783400;0.0262425600;-0.0039647400;-0.0145197000;-0.0356350000;0.8083560000;0.1781660000
391;0.8124534600;-7.4533939800;-6.3711484800;0.0261354600;-0.0147706200;-0.0023817000;-0.0357260000;0.8078040000;0.1789930000
392;0.8280400800;-7.3028521800;-6.2482650000;0.0629227800;-0.0349686600;0.0079968000;-0.0356880000;0.8083830000;0.1772000000
393;0.8131797000;-7.1521267800;-6.1103875200;0.0884340000;-0.0609572400;0.0602432400;-0.0326570000;0.8076150000;0.1749860000
394;0.8209735200;-6.9117994800;-5.7434058000;0.1414831800;-0.0865959600;0.1497441600;-0.0289390000;0.8098920000;0.1729150000
395;0.7220029200;-6.7611822000;-5.4082623600;0.1980778800;-0.1368625800;0.2486454000;-0.0213560000;0.8109220000;0.1663270000
396;0.3271639800;-6.6372012000;-5.3800042800;0.1521942000;-0.2460750000;0.2694829800;-0.0138820000;0.8120050000;0.1627630000
397;0.1603725600;-6.2750002200;-4.8993782400;0.0729259200;-0.3583933200;0.3014926200;-0.0006430000;0.8132900000;0.1594290000
398;-0.1124764200;-5.9863708200;-4.7092788000;0.1917620400;-0.5103825000;0.4213640400;0.0142220000;0.8140360000;0.1557520000
399;-0.5225368200;-5.9073106200;-4.7575441800;0.0777994800;-0.6122896800;0.6206751000;0.0341590000;0.8118750000;0.1495450000
400;-0.9272932200;-6.4697172000;-5.0535145200;0.0658206000;-0.7151709600;0.7345234200;0.0583410000;0.8105340000;0.1458430000
401;-1.5271613400;-6.1036341000;-4.6750996200;-0.0349176600;-0.8452097400;0.8093241000;0.0878550000;0.8081470000;0.1444290000
402;-2.1753550200;-6.6193399800;-4.8203792400;0.0593130000;-0.9953119200;0.8648977800;0.1173890000;0.8043580000;0.1408230000
403;-2.8815816000;-6.6574227000;-5.2217890200;0.0299482200;-1.0558958400;0.9943378200;0.1500920000;0.7995990000;0.1325310000
404;-3.6341049600;-6.2610894600;-4.5398680200;-0.1726023600;-1.1325417000;1.1822514000;0.1935010000;0.7875500000;0.1294040000
405;-4.4344245000;-7.6685058600;-6.3057736200;-0.0425656200;-1.0984155600;1.1151374400;0.2332480000;0.7779790000;0.1195020000
406;-5.0300871600;-5.7801553800;-4.8289584600;-0.5242667400;-1.1828746200;1.3037181000;0.2718140000;0.7658700000;0.1154930000
407;-5.9682444000;-7.1730694200;-6.1619505600;-0.1610447400;-1.1025598200;1.1809070400;0.3128080000;0.7497720000;0.1106460000
408;-6.3733996200;-5.7506773800;-5.7295195200;-0.4096258800;-1.1923922400;1.3084111200;0.3538520000;0.7317250000;0.1041630000
409;-7.0752483600;-6.2891680200;-5.7383435400;-0.3376077600;-1.1779633200;1.3474302000;0.3971820000;0.7069030000;0.1016770000
410;-7.6432792200;-5.5984270800;-5.3423520000;-0.4813777800;-1.1698482000;1.2615941400;0.4358850000;0.6862970000;0.0923650000
411;-8.1213981000;-5.6532806400;-5.7878115000;-0.4662012000;-1.1006065200;1.2686984400;0.4717110000;0.6629330000;0.0829570000
412;-8.4941448600;-5.5681432800;-5.5388998800;-0.3405780000;-1.1341023000;1.2224751000;0.5067110000;0.6376540000;0.0709130000
413;-8.7445324200;-5.4303015000;-5.4866208000;-0.6651073200;-1.0242370800;1.2038662200;0.5381350000;0.6115550000;0.0610730000
414;-8.9885123400;-5.7595983000;-5.8103025000;-0.3310206000;-0.9313201800;0.9424871400;0.5629640000;0.5870580000;0.0534360000
415;-8.8935819600;-4.7490404400;-5.4528741000;-0.4247178000;-0.8934547200;0.8380615800;0.5833250000;0.5675630000;0.0393850000
416;-9.5320825800;-4.2936196200;-4.6555288800;-0.4767714600;-0.5165983800;0.6763426200;0.6023110000;0.5478170000;0.0302390000
417;-9.3501411000;-4.5359899800;-4.8916874400;-0.1062962400;-1.0703716800;0.9015576000;0.6209160000;0.5273330000;0.0091020000
418;-9.4292808600;-3.2526841200;-4.3511251800;-0.1266656400;-0.8923255800;0.6449990400;0.6351530000;0.5104070000;-0.0141640000
419;-9.6376087200;-3.5110491000;-3.5779947600;-0.0718263600;-0.7074118200;0.5400838800;0.6437920000;0.4945200000;-0.0295370000
420;-9.7581217200;-3.2531818800;-3.5620083000;-0.0256060800;-0.6031280400;0.4280685000;0.6532620000;0.4828040000;-0.0471110000
421;-9.7900803600;-3.5555292600;-3.4881001200;0.0277225800;-0.5109394200;0.3737810400;0.6628570000;0.4698980000;-0.0649470000
422;-9.7113883800;-2.8691212800;-3.3079711800;-0.0088148400;-0.4767837000;0.3010611600;0.6681710000;0.4612330000;-0.0807820000
423;-9.8625370800;-2.4388159200;-2.8800648600;-0.3195588600;-0.3975205200;0.2463524400;0.6700740000;0.4545190000;-0.0887820000
424;-9.3329133000;-2.7922744800;-2.4901515000;-0.4727465400;-0.2187298200;0.1858919400;0.6699950000;0.4529660000;-0.0902880000
425;-9.4907266800;-2.3604034200;-2.4428704200;-0.1407171600;-0.1871669400;0.1192318800;0.6726620000;0.4508500000;-0.0916800000
426;-9.5027106600;-1.8524362800;-2.8202408400;-0.0233223000;-0.2077566600;0.0804168000;0.6760740000;0.4443840000;-0.0996210000
427;-9.7543671000;-2.2268048400;-3.1975561800;-0.0809829000;0.0007140000;-0.0080457600;0.6778280000;0.4439140000;-0.0976190000
428;-9.7853220600;-1.9273389600;-2.4194532600;0.0114403200;0.0360141600;-0.0006038400;0.6763490000;0.4443810000;-0.0996100000
429;-9.4817721000;-1.7055685200;-1.7839402200;-0.0494516400;0.0807483000;0.0140576400;0.6751420000;0.4445790000;-0.0966300000
430;-9.5818422600;-1.7742940800;-1.4045624400;0.1332568800;0.0437692200;0.0051612000;0.6754830000;0.4450740000;-0.0953810000
431;-9.7710430800;-1.5838305000;-1.4047582800;0.0276736200;-0.0103662600;0.0070971600;0.6768820000;0.4441830000;-0.0973840000
432;-9.7100450400;-1.7340816000;-1.7554098000;-0.0610480200;-0.0318372600;0.0014800200;0.6781490000;0.4434900000;-0.0967770000
433;-9.6191661000;-2.0054638200;-2.1142335600;0.0019808400;-0.0013147800;-0.0022950000;0.6799800000;0.4437790000;-0.0983580000
434;-9.5886018000;-2.0204619000;-2.2054399200;0.0261242400;-0.0167677800;-0.0524280000;0.6751100000;0.4431360000;-0.1022670000
435;-9.6635952600;-1.7631118200;-2.1510535200;0.0170003400;0.0275155200;-0.0265822200;0.6737700000;0.4456580000;-0.1016510000
436;-9.6785627400;-1.5825483600;-1.9140310200;0.0613060800;0.0430715400;-0.0061128600;0.6747450000;0.4457730000;-0.1013370000
437;-9.5414880000;-1.5682653000;-1.9814030400;-0.0052805400;0.0224430600;-0.0126143400;0.6753630000;0.4456000000;-0.1000720000
438;-9.4815446400;-1.7502200400;-1.9592965800;0.0318821400;0.0754014600;0.0011628000;0.6750720000;0.4455440000;-0.0978790000
439;-9.7096074600;-1.6658548200;-1.8082447800;0.0852546600;0.0384682800;0.0032385000;0.6745620000;0.4453320000;-0.0996890000
440;-9.6332135400;-1.6208524200;-1.8758779200;0.0011352600;0.0318393000;0.0106008600;0.6754190000;0.4439780000;-0.0990930000
441;-9.5811476400;-1.9007200200;-1.9229723400;0.0908269200;0.0309315000;-0.0106722600;0.6760980000;0.4441070000;-0.0992050000
442;-9.6340570800;-1.8697915800;-1.9916785200;0.1407987600;0.0432949200;-0.0153142800;0.6757950000;0.4430620000;-0.0997600000
443;-9.6487093800;-1.7637462600;-2.0215461600;0.0483786000;0.0394556400;-0.0079815000;0.6752340000;0.4422120000;-0.1025310000
444;-9.6493693200;-1.8398311200;-1.8926477400;-0.0032456400;0.0692049600;0.0001927800;0.6769560000;0.4435520000;-0.1035730000
445;-9.5124445200;-1.9083169800;-2.0518993200;-0.0171227400;0.0350155800;-0.0350196600;0.6750000000;0.4445850000;-0.1017310000
446;-9.4972312200;-1.9684459800;-2.1663504600;0.0782829600;0.0902006400;-0.0267586800;0.6759130000;0.4449290000;-0.1000450000
447;-9.7711114200;-1.8465294600;-1.8631677000;0.1648146600;0.0486713400;-0.0106630800;0.6761290000;0.4441590000;-0.1011320000
448;-9.7017483600;-1.6129851600;-1.8154531200;0.0909676800;0.0545893800;-0.0200766600;0.6755510000;0.4436480000;-0.1017020000
449;-9.5045670600;-1.7278769400;-1.8299279400;-0.0236517600;0.0724189800;0.0215658600;0.6760980000;0.4447060000;-0.1016880000
450;-9.5281443600;-1.9314985200;-1.8923244000;-0.0014575800;0.0517415400;-0.0080926800;0.6751990000;0.4438880000;-0.1006160000
451;-9.5276323200;-1.9006680000;-2.0443533600;-0.0144911400;0.0224471400;-0.0154285200;0.6759160000;0.4436000000;-0.1000350000
452;-9.6495080400;-1.9450920600;-2.0303436600;0.1038145800;0.0464691600;-0.0004998000;0.6767290000;0.4416040000;-0.1002630000
453;-9.5886538200;-1.8629932800;-1.8923376600;0.1093185000;0.0214424400;-0.0282795000;0.6760840000;0.4441810000;-0.1019600000
454;-9.4971394200;-1.8407552400;-1.9676157000;-0.0052448400;0.0251297400;-0.0172808400;0.6746030000;0.4444490000;-0.1014710000
455;-9.4814977200;-1.8551790600;-2.1731059200;-0.0439895400;0.0364191000;-0.0099450000;0.6739460000;0.4449730000;-0.1009500000
456;-9.6485472000;-1.7484819600;-2.0595044400;-0.0217005000;0.0497647800;-0.0257958000;0.6756140000;0.4451430000;-0.0979920000
457;-9.5576958000;-1.7948307600;-1.9906116000;0.1018164000;0.0218851200;0.0033384600;0.6746930000;0.4446690000;-0.0998160000
458;-9.4892079000;-1.7802682200;-1.9899975600;0.0426339600;0.0485550600;0.0533827200;0.6746630000;0.4449500000;-0.1003700000
459;-9.5811405000;-1.9157150400;-1.9535172600;0.0186517200;0.0076918200;-0.0078815400;0.6769530000;0.4434180000;-0.0986150000
460;-9.5735047800;-1.9907462400;-2.1061806600;0.0096084000;0.0350247600;-0.0173196000;0.6757930000;0.4441250000;-0.0997680000
461;-9.5885722200;-1.9603951200;-2.1060970200;0.0418791600;0.0303450000;-0.0079529400;0.6759600000;0.4442420000;-0.0992110000
462;-9.5583139200;-1.9608806400;-2.0449776000;0.0668365200;0.0217402800;-0.0255520200;0.6756400000;0.4444000000;-0.1000520000
463;-9.5579722200;-1.9303204200;-2.1285043800;0.0281020200;0.0515671200;-0.0006181200;0.6750160000;0.4443110000;-0.1014530000
464;-9.5806029600;-1.9448605200;-2.2277228400;0.0429705600;0.0493190400;-0.0229183800;0.6733950000;0.4459100000;-0.1009790000
465;-9.3753493800;-2.1866005200;-2.6692155600;0.0526534200;0.1045734600;-0.0529084200;0.6726940000;0.4447950000;-0.0987960000
466;-9.4276376400;-2.4097591800;-3.4626766200;0.0478033200;0.1740028200;-0.1146408600;0.6719700000;0.4478080000;-0.0969190000
467;-9.7925497800;-2.7144413400;-4.0306891200;-0.2419307400;0.3802060200;-0.1438893600;0.6712300000;0.4517550000;-0.0852720000
468;-10.0487880600;-4.1090139000;-4.4222844600;-0.1911031200;0.6470176200;-0.2548133400;0.6689140000;0.4595330000;-0.0672450000
469;-10.0808089200;-4.7715824400;-4.9901001000;0.1854217200;0.7752173400;-0.4493069400;0.6633290000;0.4685950000;-0.0463280000
470;-10.1117567400;-5.0723039400;-5.3272039800;0.2497082400;0.9620395200;-0.8109714000;0.6516540000;0.4870440000;-0.0262750000
471;-10.1634789000;-4.8894169200;-5.6004273000;0.0521781000;1.2381790200;-1.1966170800;0.6334260000;0.5115210000;-0.0006080000
472;-10.2331867200;-5.1910370400;-5.6333641200;0.2308260000;1.3534645200;-1.3754893800;0.6060810000;0.5432960000;0.0289090000
473;-10.0833834000;-5.6310069000;-5.5285254600;0.8277218400;1.3338376800;-1.4443546800;0.5725150000;0.5781540000;0.0449330000
474;-9.9530773800;-5.5102878600;-5.7398796600;1.0792783200;1.2436982400;-1.6343082600;0.5320370000;0.6164350000;0.0499140000
475;-9.3829300200;-5.8225017000;-6.3008490600;0.8837086200;1.4427186000;-1.9060944000;0.4873070000;0.6537660000;0.0522520000
476;-8.7915768600;-6.0774527400;-6.1001191800;0.6145296000;1.5952922400;-1.8614806200;0.4400750000;0.6871570000;0.0587880000
477;-8.2004430000;-6.3477588600;-5.8385973000;0.6476530800;1.6234269000;-1.8038261400;0.3870890000;0.7177500000;0.0677290000
478;-7.3730873400;-6.4390090800;-5.4675570000;0.4920194400;1.5777145800;-1.7684046000;0.3359050000;0.7442660000;0.0744320000
479;-6.6671106600;-6.3037958400;-4.7838846600;0.3366612000;1.6053820800;-1.7184123600;0.2734390000;0.7680660000;0.0826290000
480;-5.6499829800;-6.3970299600;-4.2972426600;0.3152014200;1.4457571800;-1.6581109800;0.2189220000;0.7877330000;0.0882840000
481;-4.5857588400;-6.4132214400;-4.2740539800;0.1298582400;1.3729455000;-1.6114337400;0.1696900000;0.8011360000;0.0926820000
482;-3.6432645600;-6.3835710600;-4.1297035800;0.0882126600;1.2744043200;-1.4965511400;0.1191160000;0.8109540000;0.0974660000
483;-2.6625264000;-6.1212750000;-3.6486369000;0.2547572400;1.1204710200;-1.3178716200;0.0723420000;0.8179640000;0.0965010000
484;-1.6971504600;-6.2567442600;-3.8401000800;0.3656485800;0.8897225400;-1.1566432800;0.0284300000;0.8200440000;0.0850830000
485;-0.7544817600;-6.1968049800;-3.7107753000;0.2254944600;0.7343653200;-0.9625811400;-0.0073510000;0.8240740000;0.0771450000
486;-0.0325298400;-6.2330323200;-3.6598660800;0.1817313600;0.5958309600;-0.8242997400;-0.0374780000;0.8258360000;0.0723420000
487;0.5386671000;-6.1309211400;-3.8832205800;0.0206570400;0.4572068400;-0.6778246800;-0.0600480000;0.8238590000;0.0703490000
488;0.9949987800;-6.1717803000;-4.0322589000;-0.0556705800;0.3392081400;-0.4438948200;-0.0789750000;0.8231330000;0.0698700000
489;1.1762752200;-6.6027813000;-4.3457650800;-0.0715336200;0.2612230200;-0.2556793200;-0.0874750000;0.8210980000;0.0696810000
490;1.5092083200;-7.0131181200;-4.4600846400;-0.1539251400;0.1633050600;-0.0962849400;-0.0922580000;0.8210740000;0.0723810000
491;1.5093960000;-7.0128162000;-4.5361970400;-0.0823007400;0.0749883600;-0.0986003400;-0.0974570000;0.8214520000;0.0800190000
492;1.5539363400;-7.4200430400;-4.8505865400;-0.0108232200;-0.0248594400;-0.0683226600;-0.1008560000;0.8207450000;0.0779600000
493;1.5035718000;-6.8823541200;-5.0225401800;-0.1356671400;0.0164648400;0.0234294000;-0.1006010000;0.8214140000;0.0826470000
494;1.4182345200;-7.2370540200;-4.9798236000;-0.0257346000;-0.1095469800;0.0975905400;-0.0941000000;0.8197240000;0.0837470000
495;1.3585288200;-7.2047700000;-5.3758732800;-0.1709581200;-0.0910727400;0.1847393400;-0.0885820000;0.8203780000;0.0869930000
496;1.2282544200;-7.5205028400;-5.5387601400;-0.2045650800;-0.0766132200;0.3027431400;-0.0836660000;0.8200010000;0.0942160000
497;1.1579590800;-8.0556458400;-5.7635120400;-0.0515793600;-0.1117838400;0.3598162200;-0.0716910000;0.8211780000;0.1003350000
498;0.9292006200;-8.0924382600;-5.5523587800;0.0278541600;-0.1402704000;0.3209593200;-0.0610820000;0.8215060000;0.0989680000
499;0.6791384400;-7.7214948600;-5.2017062400;0.0435325800;-0.1701441600;0.2783151600;-0.0468280000;0.8216230000;0.0991260000
500;0.4745947800;-7.3060570200;-4.7286322800;0.0918295800;-0.2706559800;0.3030032400;-0.0372930000;0.8212880000;0.0981340000
501;0.2479660800;-6.9117821400;-4.5907772400;0.0929332200;-0.3314581800;0.4111660800;-0.0281260000;0.8227950000;0.0929830000
502;-0.0168014400;-6.5624250000;-4.4839495800;-0.0502329600;-0.4260040200;0.5202010200;-0.0113540000;0.8220650000;0.0940750000
503;-0.3592072800;-6.6201876000;-4.4716973400;-0.1342677000;-0.4930935000;0.6682458600;0.0087400000;0.8220130000;0.0983240000
504;-0.9500106600;-6.0867612600;-4.3813692000;-0.0746854200;-0.6470308800;0.8252269200;0.0367280000;0.8188530000;0.1015370000
505;-1.4542466400;-6.6569229000;-4.4269591200;-0.0368250600;-0.7445949000;0.9502789200;0.0661780000;0.8166290000;0.1039750000
506;-2.1148516800;-6.3427384200;-4.1787411000;-0.0983147400;-0.9318852600;1.0774617000;0.1009880000;0.8128840000;0.1016810000
507;-2.8517935200;-6.6136483800;-4.8863650800;-0.2749644600;-0.9419547000;1.1515830600;0.1403060000;0.8041850000;0.1040120000
508;-3.5406178800;-6.6183128400;-6.1247093400;-0.5963358600;-1.0408947000;1.2835629000;0.1818790000;0.7950320000;0.1124950000
509;-3.9394134000;-7.4084925600;-6.1709306400;-0.9427319400;-0.8760606600;1.2692920800;0.2254390000;0.7781880000;0.1295150000
510;-4.9977960000;-7.9353735600;-6.4792389000;-0.2162522400;-1.0664446800;1.1760895800;0.2681770000;0.7634800000;0.1365710000
511;-5.3893423800;-7.2134032800;-6.6906400200;-0.4401340800;-1.0826688000;1.0102528800;0.3003590000;0.7509440000;0.1360270000
512;-6.0735288000;-6.7202200200;-5.7944435400;-0.3248485800;-1.0161760200;1.1198610600;0.3381790000;0.7335600000;0.1357440000
513;-6.2777838000;-7.0245615000;-6.7722655200;-0.2990395200;-0.9995979600;0.9523301400;0.3703260000;0.7187200000;0.1269520000
514;-6.6645504600;-6.1196215800;-5.4905529000;-0.5021755800;-0.9649587600;1.1714598000;0.4033930000;0.7000380000;0.1223570000
515;-7.3844032200;-5.9974929000;-6.2411617200;0.0013861800;-1.0240708200;0.8551078200;0.4339310000;0.6816810000;0.1115990000
516;-7.3447354200;-5.2673911800;-5.5662858600;-0.4767265800;-0.8993788800;0.8921032200;0.4626800000;0.6673260000;0.1058350000
517;-8.0380396200;-4.9866535200;-4.4431903800;-0.3904315200;-0.9653943000;0.9157284600;0.4875510000;0.6475210000;0.1016070000
518;-8.2406157000;-5.1907636800;-5.9227187400;-0.2564341200;-0.8894532600;0.8113365600;0.5131800000;0.6283390000;0.0887300000
519;-8.3177736000;-5.0794419000;-5.2527521400;-0.6130291800;-0.8125564800;0.8989035600;0.5346780000;0.6105370000;0.0804970000
520;-8.6212205400;-4.6633278000;-4.7499768000;-0.6801186600;-0.8505474000;0.7464145800;0.5553620000;0.5904790000;0.0773420000
521;-9.0680896800;-4.3419472200;-4.8426162600;-0.7078657200;-0.7678427400;0.6306364200;0.5753520000;0.5727560000;0.0766220000
522;-8.9447349600;-3.8750065200;-4.6787991600;-0.8689053600;-0.7306739400;0.5112199200;0.5896320000;0.5573260000;0.0767570000
523;-9.2244434400;-3.2400055200;-4.1515856400;-0.6734356200;-0.8915218200;0.6163686600;0.6047240000;0.5420270000;0.0716910000
524;-9.3977587800;-3.1461033000;-4.6089893400;-0.5080201800;-0.9607390200;0.5247736800;0.6144850000;0.5285720000;0.0593740000
525;-9.4187412000;-2.6178126600;-4.3773626400;-0.5521729200;-0.9202062600;0.5189790600;0.6280730000;0.5127600000;0.0443360000
526;-9.5586729600;-2.8242494400;-3.4968129600;-0.1861785600;-0.7872319200;0.3793737000;0.6414680000;0.5008260000;0.0333940000
527;-9.7599189600;-2.0733999000;-3.7522525800;0.0103989000;-0.7000290600;0.3057776400;0.6484370000;0.4930700000;0.0127990000
528;-9.5230209000;-1.8557461800;-3.8479928400;-0.1166268000;-0.5881116000;0.3339877800;0.6556230000;0.4828150000;-0.0039140000
529;-9.5079850800;-1.8561388800;-3.7793764200;-0.0871998000;-0.3421243200;0.2092540200;0.6584750000;0.4798160000;-0.0169970000
530;-9.4181883600;-2.1817779600;-3.7960360800;-0.0406510800;-0.2804173800;0.1978871400;0.6643320000;0.4718760000;-0.0253800000
531;-9.7407205200;-2.4995528400;-3.0922085400;0.0423942600;-0.2324886000;0.2637862800;0.6714200000;0.4639790000;-0.0320920000
532;-9.7635868800;-2.8220758200;-3.6653567400;0.1522870200;-0.0588825600;0.0417690000;0.6738600000;0.4600520000;-0.0402300000
533;-9.6196434600;-2.3888889600;-2.6567052600;0.0536754600;-0.0237772200;-0.0068350200;0.6737770000;0.4605590000;-0.0442310000
534;-9.5420163600;-1.7942208000;-2.2107714600;0.2698848600;-0.0162863400;-0.0297891000;0.6715180000;0.4618770000;-0.0479130000
535;-9.5860507800;-1.3411684200;-2.0178670200;0.0493802400;0.0159324000;-0.0655625400;0.6712290000;0.4624870000;-0.0506840000
536;-9.6697856400;-1.2206309400;-1.7513094000;-0.0476615400;0.0381112800;-0.0322993200;0.6709850000;0.4629400000;-0.0526250000
537;-9.6620336400;-1.4004824400;-2.1182370600;0.1311750600;-0.0111302400;0.0146829000;0.6708060000;0.4629080000;-0.0550750000
538;-9.5560576800;-1.6421500200;-2.3778015600;0.0187323000;0.0316485600;0.0134109600;0.6714350000;0.4613350000;-0.0561400000
539;-9.6858832800;-1.9121481000;-2.6393387400;0.2048200800;0.0819661800;-0.0172767600;0.6700900000;0.4623990000;-0.0556510000
540;-9.7094126400;-1.9731451200;-2.4572330400;0.0857269200;0.1150896600;0.0028835400;0.6698850000;0.4617030000;-0.0544150000
541;-9.8485539000;-2.1858141000;-1.9116309600;0.0230367000;0.1373430000;-0.0140484600;0.6723220000;0.4602330000;-0.0549950000
542;-9.9086400600;-1.8540376800;-1.5978504000;-0.0084058200;0.0929913600;-0.0734226600;0.6724100000;0.4607850000;-0.0508640000
543;-9.4971710400;-1.6457404200;-1.5933756600;0.0810094200;0.0279378000;-0.1157638800;0.6700240000;0.4631600000;-0.0493240000
544;-9.2517111000;-1.3965942000;-2.0237595600;0.0004549200;0.0050520600;-0.0878475000;0.6674340000;0.4659030000;-0.0515140000
545;-9.3864480000;-1.1895474600;-2.5029698400;-0.3651243000;0.0869091000;-0.0236007600;0.6672860000;0.4660410000;-0.0467010000
546;-9.5167203600;-1.5502929000;-2.7498771600;-0.3001707000;0.1245583200;-0.0385876200;0.6672690000;0.4685030000;-0.0394210000
547;-9.4492983600;-1.8750558000;-2.9417697600;-0.0231886800;0.1045183800;-0.0213883800;0.6655880000;0.4682700000;-0.0350800000
548;-9.2210111400;-2.2891717200;-3.7952394600;0.1180129800;0.2126006400;-0.0588815400;0.6661910000;0.4706930000;-0.0314940000
549;-9.5393562000;-2.6152279800;-4.8192868200;0.0492109200;0.3981896400;-0.1454509800;0.6635390000;0.4721240000;-0.0206220000
550;-9.9455834400;-3.8627308200;-5.7819414000;0.0321371400;0.6671116200;-0.1151070000;0.6617780000;0.4775710000;-0.0050300000
551;-10.3909470600;-5.4418479000;-6.8992820400;0.2874717000;1.1445889200;-0.4955364000;0.6527850000;0.4861970000;0.0136920000
552;-10.5232278000;-6.4210275000;-7.4699179800;0.8005561800;1.4223430800;-0.9286437000;0.6372370000;0.5047050000;0.0381390000
553;-11.0387164200;-6.0694080000;-7.4258703000;0.8434767600;1.5937693800;-1.2902887800;0.6083930000;0.5382260000;0.0579480000
554;-11.2370125800;-5.9788136400;-7.0005303000;0.8827345200;1.8748069200;-1.5314473800;0.5712300000;0.5747970000;0.0860790000
555;-11.0397935400;-5.8985447400;-6.6412108200;0.9786216600;1.7538400200;-1.6516656000;0.5299720000;0.6118620000;0.1021940000
556;-10.5825326400;-5.3827225800;-6.1396299000;0.9323973000;1.9042461600;-1.9462518000;0.4834960000;0.6503200000;0.1127160000
557;-9.6710259600;-5.4813015000;-5.9963484600;0.4678617600;2.0361984600;-2.0534079000;0.4214880000;0.6890250000;0.1297740000
558;-8.7132816600;-5.7593045400;-6.4399821600;0.2463871200;2.0762569200;-2.0538067200;0.3563840000;0.7226220000;0.1501880000
559;-7.7397977400;-5.2713120600;-5.6834828400;-0.0923110200;2.0825268600;-1.9257936600;0.2857950000;0.7482430000;0.1777380000
560;-6.5702973600;-5.2677063600;-5.1493853400;0.0650137800;1.9416383400;-1.7369386200;0.2204910000;0.7659410000;0.1964700000
561;-5.2786621800;-5.2117583400;-4.7205844800;0.1200438000;1.8081387000;-1.5984756600;0.1597620000;0.7817080000;0.2111300000
562;-3.9257372400;-5.1255285600;-4.4281311000;0.3209154600;1.6479630000;-1.4634164400;0.0994640000;0.7920890000;0.2134530000
563;-2.8017655800;-5.0163855000;-3.7338477000;0.5219064600;1.3434991200;-1.3184469000;0.0476130000;0.8001540000;0.2048400000
564;-1.6141826400;-4.6181479200;-3.6461348400;0.6563740800;1.0452205200;-1.1456864400;-0.0010030000;0.8040330000;0.1826170000
565;-0.4433960400;-4.5149422800;-3.4539056400;0.4948356600;0.7206585600;-0.9025296600;-0.0371290000;0.8086360000;0.1633690000
566;0.4768102200;-4.6343271600;-3.7978404600;0.1962174000;0.6450551400;-0.6969527400;-0.0671260000;0.8106670000;0.1584320000
567;0.9987717600;-5.3929572600;-4.1337285000;0.0855178200;0.4694529600;-0.4777272000;-0.0889810000;0.8109270000;0.1520440000
568;1.3033294800;-5.5296923400;-4.5737850600;-0.0002305200;0.2657069400;-0.2964895200;-0.1021890000;0.8104250000;0.1509670000
569;1.5446380200;-6.3000575400;-5.1935105400;0.0295902000;0.1953544800;-0.1956982200;-0.1054680000;0.8081990000;0.1460320000
570;1.6520205600;-6.3744104400;-5.7183852000;-0.0432745200;0.1540648800;-0.0244636800;-0.1079920000;0.8082530000;0.1449660000
571;1.5292441800;-6.6678634200;-5.7973413600;-0.0377196000;0.0529635000;0.0847915800;-0.1116740000;0.8094750000;0.1503180000
572;1.5279385800;-7.1801339400;-6.2117122800;-0.0589876200;0.0253857600;0.0709002000;-0.1088610000;0.8096760000;0.1516690000
573;1.4971621200;-7.2780131400;-6.2430293400;0.0259896000;0.0406153800;0.0942000600;-0.1083020000;0.8086030000;0.1518360000
574;1.4440099200;-7.2924879600;-6.2968078200;-0.0588234000;0.0917816400;0.1189728000;-0.0976110000;0.8092880000;0.1519850000
575;1.3434501600;-7.5645678600;-6.0938257800;-0.0498321000;0.0571832400;0.1340035200;-0.0944470000;0.8089160000;0.1547310000
576;1.3739430600;-7.6697115000;-6.3226281000;0.0112628400;0.0396310800;0.0857850600;-0.0957860000;0.8106410000;0.1553540000
577;1.3588378800;-7.5568913400;-6.1545525000;0.0130407000;0.0360988200;0.0932504400;-0.0920260000;0.8103070000;0.1564710000
578;1.2755936400;-7.3980569400;-6.0171401400;0.0681655800;-0.0339853800;0.0750230400;-0.0898450000;0.8111540000;0.1537980000
579;1.1467696800;-7.2312971400;-5.8800225600;-0.0770905800;-0.0322289400;0.1324878000;-0.0847010000;0.8092060000;0.1551210000
580;1.1389238400;-7.2316266000;-5.7811325400;-0.0136506600;-0.0744651000;0.1513618800;-0.0783270000;0.8100360000;0.1564720000
581;1.0106996400;-6.8538349200;-5.4980162400;0.0448963200;-0.1529918400;0.1871343000;-0.0735010000;0.8106350000;0.1570750000
582;0.7996045200;-6.2340788400;-5.0769449400;0.0219973200;-0.2286013800;0.2618554200;-0.0658860000;0.8124440000;0.1561280000
583;0.5272828800;-5.3744626200;-4.0682271600;-0.0682135200;-0.3773867400;0.4260876600;-0.0519110000;0.8121640000;0.1583590000
584;0.0584174400;-4.9765718400;-4.3508273400;0.0666457800;-0.5822772000;0.6485058000;-0.0311710000;0.8129920000;0.1593230000
585;-0.5817264000;-4.7038503600;-3.2197666800;-0.2107136400;-0.8236724400;0.8426260800;-0.0035070000;0.8101930000;0.1640360000
586;-1.3091353200;-4.5590797200;-3.9474520200;-0.0018900600;-1.0348287600;1.0586141400;0.0303230000;0.8098540000;0.1688400000
587;-2.4681939600;-5.0656239600;-3.4647757800;-0.0921672000;-1.3382981400;1.3154889000;0.0754720000;0.8049140000;0.1675220000
588;-3.3783552600;-5.3325059400;-4.8359056800;-0.4966482000;-1.3670009400;1.5400419000;0.1276140000;0.7971770000;0.1687080000
589;-4.9371763800;-5.4030552600;-4.8181903200;-0.4414917000;-1.6654192800;1.7180166000;0.1936970000;0.7796700000;0.1753260000
590;-5.9205318600;-6.6748963200;-6.0974559600;-0.8286082200;-1.6151761200;1.6222192200;0.2510550000;0.7613800000;0.1816180000
591;-7.6221050400;-5.9688574200;-5.3598246000;-0.1281966600;-1.8362917200;1.7458575000;0.3096500000;0.7391630000;0.1753190000
592;-7.8013394400;-6.4048686600;-7.4876751600;-0.4633696800;-1.8148462200;1.5694107600;0.3642630000;0.7174610000;0.1563250000
593;-8.6654344800;-6.7436861400;-6.0654371400;-0.2643034200;-1.5385700400;1.5386659200;0.4135890000;0.6905380000;0.1456950000
594;-8.8696313400;-7.0554348600;-7.0813653000;-0.0266026200;-1.8497659200;1.0937643600;0.4601480000;0.6648580000;0.1145650000
595;-9.0203118600;-6.1667241600;-5.9958711000;-0.5860930200;-1.5674758200;1.1085727200;0.4934610000;0.6436050000;0.0918200000
596;-9.3082792800;-6.1929402000;-6.4244791800;-0.4536654000;-1.3699161000;1.0576318800;0.5252080000;0.6213980000;0.0754930000
597;-9.2882281200;-5.2999771200;-6.7534342800;-0.6558385800;-1.2343876800;0.9674944800;0.5530130000;0.5986850000;0.0596990000
598;-9.1336185600;-4.4267847000;-6.1833195600;-0.8009366400;-1.0708408800;0.9350227800;0.5771490000;0.5773850000;0.0520100000
599;-9.4671748800;-3.5522907600;-4.9546826400;-0.8119903800;-1.3401372000;1.0133995800;0.5978390000;0.5492950000;0.0412030000
600;-9.5284758600;-3.8076651000;-5.2308282600;-0.5448840000;-0.8565256200;0.6628296600;0.6172790000;0.5283950000;0.0302930000
601;-9.6809485200;-3.3119644800;-4.1402922000;-0.1725727800;-0.8158296600;0.6687721800;0.6356160000;0.5112970000;0.0118750000
602;-9.8319738000;-2.9489832000;-3.8878911600;-0.3665747400;-0.5575503600;0.5241453600;0.6464990000;0.4977520000;-0.0024610000
603;-9.9250590000;-3.1463032200;-3.4940732400;-0.0811624200;-0.4687522200;0.3976368000;0.6564770000;0.4855830000;-0.0132640000
604;-9.8320900800;-2.8141259400;-3.5901603000;-0.0933473400;-0.4293231000;0.2560730400;0.6575930000;0.4801220000;-0.0230940000
605;-9.6486991800;-2.5740036600;-3.5263144200;0.0663489600;-0.3439307400;0.1517658000;0.6619510000;0.4755140000;-0.0362430000
606;-9.6710473800;-2.6331034800;-3.8237239800;-0.0611510400;-0.0804015000;0.0341700000;0.6669310000;0.4709290000;-0.0455120000
607;-9.7563193800;-2.6201066400;-3.1540042200;0.0549494400;-0.1147653000;0.0409662600;0.6690360000;0.4708760000;-0.0504200000
608;-9.6028379400;-1.9888062000;-2.5702470000;0.1238178000;-0.0166606800;0.0127816200;0.6688120000;0.4696600000;-0.0545520000
609;-9.5787241200;-1.6042590600;-2.3924946600;0.0190087200;0.0837103800;0.0066453000;0.6645860000;0.4725470000;-0.0515750000
610;-9.6799132200;-1.8548414400;-1.8925202400;0.0299023200;0.0498004800;-0.0006415800;0.6627760000;0.4729100000;-0.0495840000
611;-9.6800652000;-1.8100695600;-1.7476088400;0.0963532800;0.0420607200;-0.0005120400;0.6671050000;0.4687110000;-0.0532360000
612;-9.6337011000;-1.7717175600;-1.9829697600;0.1647259200;0.0118105800;-0.0374982600;0.6652550000;0.4707560000;-0.0544280000
613;-9.6034795200;-1.8547914600;-2.0593973400;-0.0016003800;0.0169075200;-0.0144931800;0.6658220000;0.4700110000;-0.0566030000
614;-9.6038967000;-2.0955410400;-2.3349870600;-0.0095166000;0.0398585400;-0.0769426800;0.6646720000;0.4725050000;-0.0550150000
615;-9.5879826600;-2.0044948200;-2.4560610600;0.0506113800;0.0744916200;-0.0509612400;0.6637090000;0.4731810000;-0.0550580000
616;-9.6256665600;-1.8986269800;-2.3947651800;0.0619599000;0.1125580200;-0.0715734000;0.6641940000;0.4744680000;-0.0536710000
617;-9.5413921200;-1.7632087200;-2.4084688800;0.0897936600;0.1305528600;-0.0809023200;0.6630510000;0.4766920000;-0.0519420000
618;-9.4654980000;-1.8990696600;-2.6066803800;0.1342350600;0.1503939000;-0.0753474000;0.6605770000;0.4773180000;-0.0495670000
619;-9.3754085400;-2.4118053000;-3.0888680400;0.1218675600;0.2388778800;-0.0887879400;0.6579700000;0.4791380000;-0.0470680000
620;-9.7871223600;-2.9506060200;-3.6054766200;0.0438069600;0.2928144600;-0.1124529600;0.6571140000;0.4814850000;-0.0400940000
621;-9.8358100200;-4.1105714400;-4.4963456400;-0.0943846800;0.5598922800;-0.3008286000;0.6545390000;0.4874700000;-0.0293600000
622;-9.9886376400;-4.6958056200;-5.2624788600;0.0971743800;0.8041975800;-0.5193442200;0.6458350000;0.4963510000;-0.0103530000
623;-10.1146443600;-5.8872543600;-5.6822129400;0.3254697600;1.0662978000;-0.9044034000;0.6325650000;0.5167210000;0.0132080000
624;-10.3585345200;-5.8787904000;-5.4175984200;0.6578214600;1.2600804600;-1.0843334400;0.6084310000;0.5416690000;0.0336820000
625;-10.2974293800;-5.9763513600;-5.7146254800;0.7532689800;1.4038045800;-1.4420321400;0.5767140000;0.5752190000;0.0485550000
626;-10.0994575800;-5.9324189400;-5.7585089400;0.8298138600;1.2084705000;-1.6643227800;0.5397900000;0.6090230000;0.0559160000
627;-9.8617323000;-5.5558808400;-5.8988793000;0.6631356600;1.3740593400;-1.8215078400;0.4952040000;0.6478130000;0.0636220000
628;-9.2311009800;-5.5014985200;-5.6425573800;0.5087066400;1.4842050600;-1.8890971200;0.4434630000;0.6820410000;0.0756190000
629;-8.6235186000;-5.6198787000;-5.6082731400;0.4960392600;1.5820220400;-1.8373851600;0.3854700000;0.7149140000;0.0859980000
630;-7.8322158600;-5.5576301400;-5.7541015200;0.0588478800;1.6195784400;-1.7255085000;0.3347340000;0.7417370000;0.1011210000
631;-7.0904239200;-5.8764015600;-5.0122157400;-0.0289822800;1.5807603000;-1.5477072000;0.2846110000;0.7590920000;0.1221220000
632;-6.2772493200;-6.0709237200;-5.2508875800;0.0898079400;1.5561956400;-1.4841163200;0.2332580000;0.7751320000;0.1381240000
633;-5.2443371400;-6.2008625400;-5.0688308400;0.1554133200;1.4928383400;-1.3496986800;0.1832270000;0.7883280000;0.1456610000
634;-4.3548328800;-6.0428808600;-4.7794252200;0.1138422000;1.4061026400;-1.2432361800;0.1342770000;0.7969410000;0.1502440000
635;-3.5726183400;-5.9304401400;-4.2247206600;0.1956910800;1.2564237600;-1.1326192200;0.0907650000;0.8033300000;0.1514800000
636;-2.5469991600;-6.0297606000;-4.0886424600;0.1570045200;1.0171725600;-1.0068624000;0.0511690000;0.8102960000;0.1524420000
637;-1.8316507200;-5.8692564600;-4.0821736200;0.2630457600;0.8658831000;-0.9259917000;0.0189160000;0.8149030000;0.1464320000
638;-0.9337110600;-5.9800876200;-4.6317373800;0.1317982800;0.7290378600;-0.8380697400;-0.0128080000;0.8153990000;0.1399220000
639;-0.3100126800;-6.0821202600;-4.9397498400;-0.0145095000;0.6173437800;-0.6498328200;-0.0375220000;0.8138190000;0.1388030000
640;0.1990387200;-6.2742525600;-5.1654891000;-0.1598309400;0.5072684400;-0.4764970800;-0.0574610000;0.8110690000;0.1398130000
641;0.4956649200;-6.3890046000;-5.4527792400;-0.3100443000;0.5112464400;-0.3223128600;-0.0739140000;0.8124960000;0.1493460000
642;0.7221498000;-6.7159870200;-5.4075177600;-0.0837613800;0.4152573000;-0.2025097800;-0.0840430000;0.8102010000;0.1544660000
643;0.6594228600;-7.0936930200;-5.3267215200;0.2063011200;0.2898228000;-0.1290330600;-0.0909200000;0.8100200000;0.1489570000
644;0.9185283600;-7.0872537600;-5.5682881200;0.0740071200;0.2059624800;-0.1818558000;-0.0931780000;0.8082180000;0.1426810000
645;1.0778921400;-7.1715200400;-5.6056864200;-0.0315955200;0.1779808200;-0.1418677200;-0.1003140000;0.8096230000;0.1425220000
646;1.0777350600;-7.3218231600;-5.8197925800;-0.0816265200;0.1509865200;-0.1306681200;-0.1056700000;0.8094840000;0.1447870000
647;1.1696176800;-7.2014611200;-5.8639830600;0.0017574600;0.1099039800;-0.0103662600;-0.1085170000;0.8101620000;0.1453570000
648;1.2225495600;-7.3223851800;-5.9709321000;-0.0316495800;0.0521067000;-0.0427227000;-0.1114240000;0.8103380000;0.1448250000
649;1.2524569800;-7.4584807200;-6.0172594800;-0.1031332200;0.0287201400;0.0205326000;-0.1070350000;0.8077670000;0.1498410000
650;1.2670684800;-7.7221456200;-6.2624379000;0.0049592400;0.0298135800;0.0271738200;-0.1078570000;0.8071110000;0.1498130000
651;1.2521397600;-7.6690617600;-6.2774288400;-0.0197543400;0.0738510600;0.0260202000;-0.1089530000;0.8093800000;0.1498900000
652;1.2062407800;-7.6991640000;-6.2170795200;-0.0271044600;0.0626004600;0.0000091800;-0.1086170000;0.8088150000;0.1510100000
653;1.1607865200;-7.5935062800;-6.0873385800;-0.0097348800;0.0370249800;0.0094472400;-0.1093790000;0.8085280000;0.1520830000
654;1.1760610200;-7.5409987200;-6.0183763800;0.0123624000;0.0519730800;0.0447657600;-0.1076820000;0.8072240000;0.1505080000
655;1.1986326000;-7.5190524000;-5.8810517400;0.0334029600;-0.0023582400;0.0227092800;-0.1051340000;0.8074910000;0.1495070000
656;1.1919046800;-7.2549968400;-5.7499868400;0.0664060800;-0.0361834800;0.0377940600;-0.1050980000;0.8082690000;0.1501910000
657;1.1852930400;-6.9982587600;-5.6798618400;0.0435856200;-0.0933667200;0.1273204800;-0.1011330000;0.8098940000;0.1475840000
658;1.1174089800;-6.7717708200;-5.4810006000;-0.0029416800;-0.1096122600;0.1868660400;-0.0958810000;0.8114120000;0.1484720000
659;0.9348922200;-6.5828433600;-5.1081834600;0.0470750400;-0.2031687000;0.2580314400;-0.0881440000;0.8109710000;0.1471330000
660;0.6772300200;-6.1743231600;-4.6888380000;0.0386131200;-0.3195629400;0.3701447400;-0.0762540000;0.8121940000;0.1466370000
661;0.2066101800;-5.7942568800;-4.2865153200;0.0889144200;-0.4937707800;0.5021001000;-0.0604130000;0.8139180000;0.1457460000
662;-0.0359988600;-5.7162115800;-4.4172466800;-0.0330031200;-0.5744803200;0.6371389200;-0.0403780000;0.8129040000;0.1462820000
663;-0.7364430600;-5.7122631600;-3.9962784000;-0.0719008200;-0.7872309000;0.8574752400;-0.0125980000;0.8136340000;0.1482190000
664;-1.3746438000;-6.2917108800;-5.2379794800;-0.3107001600;-0.8591052000;0.9354838200;0.0232560000;0.8116300000;0.1549070000
665;-2.0288095800;-6.0619824000;-4.6705698000;-0.3954315600;-1.0569382800;1.0775698200;0.0606700000;0.8069930000;0.1649840000
666;-2.5920342000;-7.0263516000;-6.1958380200;-0.5759960400;-1.0607898000;1.0065186600;0.0960370000;0.8002480000;0.1751310000
667;-3.4423765800;-6.2899870800;-5.2993192200;-0.5181651000;-1.1891690400;1.1485047000;0.1382520000;0.7901800000;0.1876430000
668;-4.5975816600;-6.7303221000;-6.2700154800;-0.3962088000;-1.2523580400;1.1060002800;0.1807820000;0.7782340000;0.1908160000
669;-4.8831765600;-6.1150111800;-6.4813074600;-0.6165033000;-1.3079011200;1.1542962600;0.2235820000;0.7634960000;0.1988400000
670;-5.7971149200;-6.6130374000;-6.7350508200;-0.2229679200;-1.2475895400;1.2474834600;0.2687050000;0.7486070000;0.2017250000
671;-6.3730926000;-6.3654354600;-7.0194400800;-0.1733918400;-1.3798947600;1.1680642200;0.3093860000;0.7352570000;0.1885800000
672;-6.7280250600;-5.8335758400;-7.0110618000;-0.4697191800;-1.1352253200;1.1982184800;0.3515990000;0.7168960000;0.1832470000
673;-7.2404955000;-6.3746817600;-6.7444470600;-0.2665015200;-1.2138887400;1.0983074400;0.3898290000;0.6966560000;0.1751500000
674;-7.4800057800;-5.4363684600;-6.5498688000;-0.4818388200;-1.0952647800;1.0323991200;0.4264800000;0.6762020000;0.1657520000
675;-7.8523618800;-5.0129889000;-5.8344408000;-0.4852078800;-1.0890672600;0.9356194800;0.4575530000;0.6558500000;0.1595730000
676;-8.1784722000;-4.8290410800;-5.8204943400;-0.6229344000;-0.9886625400;0.8531137200;0.4867640000;0.6390750000;0.1545320000
677;-8.3440579800;-4.4799073200;-5.8575376800;-0.7692564600;-0.9058303800;0.8190640800;0.5125960000;0.6174630000;0.1526970000
678;-8.5798524000;-4.3581754200;-5.5845132600;-0.6161769000;-0.9110670600;0.6350979000;0.5349200000;0.5987820000;0.1519390000
679;-8.6933325000;-4.2513334800;-5.6151265200;-0.5217942600;-0.8843991600;0.6295215600;0.5511710000;0.5817790000;0.1454160000
680;-9.2582544000;-4.7382672000;-5.5616836200;-0.2520358800;-1.3649558400;0.9583950600;0.5743960000;0.5639860000;0.1260920000
681;-9.3138729600;-3.4614964800;-5.3254516200;-0.0660990600;-1.0976362800;0.5082415200;0.5953170000;0.5473350000;0.1047400000
682;-9.2446527000;-3.0781305000;-4.9418490000;-0.2636781600;-0.8704006800;0.2865608400;0.6081540000;0.5363430000;0.0835720000
683;-9.3282060000;-2.8597699200;-4.5680904000;-0.4751812800;-0.6899606400;0.2622491400;0.6162780000;0.5291410000;0.0715550000
684;-9.4051048200;-2.8680696600;-4.2262017000;-0.4653291000;-0.5136505800;0.3228993600;0.6231980000;0.5202750000;0.0625310000
685;-9.6024931800;-2.7084967800;-4.0439807400;-0.4082325600;-0.4422414000;0.2184758400;0.6301480000;0.5104630000;0.0590250000
686;-9.3670986000;-2.4857532600;-3.5155401600;-0.2572725600;-0.3777478200;0.1812387000;0.6364170000;0.5054370000;0.0557320000
687;-9.4587456000;-2.3806616400;-3.1501914600;-0.1674676800;-0.3735546000;0.1236729600;0.6407210000;0.5026450000;0.0491760000
688;-9.5794983000;-2.0481538800;-2.8977588000;-0.2437167600;-0.3094129200;0.0898099800;0.6438510000;0.5004360000;0.0411910000
689;-9.7088434800;-1.9722618000;-2.7155653800;-0.2654631600;-0.2363472600;0.0708553200;0.6440740000;0.5013900000;0.0352700000
690;-9.3032863800;-2.9138482800;-2.4217574400;-0.0380674200;-0.3208777200;0.1515465000;0.6481980000;0.4968280000;0.0303720000
691;-9.3591752400;-2.0351458200;-2.8122746400;-0.1788763800;-0.3086020200;0.0396871800;0.6530450000;0.4937680000;0.0237020000
692;-9.5483026200;-2.0471338800;-3.2172064800;-0.2428059000;-0.2250273000;-0.0259049400;0.6522080000;0.4944500000;0.0184300000
693;-9.6771041400;-1.9703697000;-3.2557420800;-0.1329712800;-0.0817162800;-0.0524280000;0.6508390000;0.4960570000;0.0185010000
694;-9.6016200600;-1.8217924200;-2.7594437400;0.0415119600;-0.0250440600;0.0303807000;0.6509590000;0.4942720000;0.0156260000
695;-9.6020178600;-1.6048588200;-2.1947717400;0.2303251800;0.0578136000;0.0237915000;0.6527120000;0.4953970000;0.0126580000
696;-9.5725704600;-1.7191855200;-2.0126109600;0.1861132800;0.0455929800;-0.0301654800;0.6537440000;0.4947540000;0.0114640000
697;-9.5729662200;-1.6748053200;-1.7687514000;0.0518884200;0.0018972000;-0.0217810800;0.6519370000;0.4953840000;0.0084940000
698;-9.5116173000;-1.6894464000;-2.0119551000;0.0094523400;0.0039178200;-0.0264996000;0.6525220000;0.4961570000;0.0092010000
699;-9.6551853600;-1.6268612400;-2.2562114400;-0.0239536800;-0.0269310600;-0.0189893400;0.6502790000;0.4972010000;0.0057980000
700;-9.6782098200;-1.7245609200;-2.3483613000;-0.0459428400;0.0144727800;-0.0080416800;0.6501940000;0.4973090000;0.0067580000
701;-9.6404688000;-1.7928223800;-2.3637429000;0.0631604400;0.0552013800;0.0189097800;0.6522240000;0.4967030000;0.0087720000
702;-9.5876470800;-1.7938831800;-2.2035039600;0.0790908000;0.0756942000;-0.0183569400;0.6510830000;0.4954090000;0.0079090000
703;-9.5725500600;-1.7641685400;-2.1042436800;0.0753943200;0.0580451400;-0.0443271600;0.6506840000;0.4964690000;0.0081610000
704;-9.6029317800;-1.6588433400;-1.9211088000;0.0355225200;0.0476431800;-0.0247972200;0.6502390000;0.4974200000;0.0075850000
705;-9.6712442400;-1.7256462000;-2.0895189600;0.0198339000;0.0198369600;-0.0582001800;0.6490190000;0.4972930000;0.0078120000
706;-9.5419735200;-1.7641420200;-2.1725173800;-0.0238149600;0.0042187200;-0.0172533000;0.6496300000;0.5000450000;0.0090560000
707;-9.5195773800;-1.8100012200;-2.0889171600;-0.0062444400;0.0393485400;0.0207621000;0.6479680000;0.4998050000;0.0087160000
708;-9.5573816400;-1.8093637200;-2.1729284400;-0.0579747600;0.0174154800;-0.0043360200;0.6497070000;0.4993420000;0.0104420000
709;-9.6185224800;-1.8394037400;-2.0974698600;-0.0347881200;0.0299370000;-0.0136659600;0.6485160000;0.4997320000;0.0112180000
710;-9.6332533200;-1.7259817800;-2.0816211000;-0.0791203800;0.0320779800;-0.0137332800;0.6477590000;0.4999730000;0.0124250000
711;-9.5877572400;-1.7565491400;-2.0890864800;-0.0569047800;0.0354939600;-0.0211558200;0.6475970000;0.5005840000;0.0144810000
712;-9.6021780000;-1.6651367400;-2.2408349400;-0.0208957200;0.0204357000;-0.0322075200;0.6476300000;0.4992390000;0.0150430000
713;-9.5106095400;-1.6353109200;-2.3236752600;0.0189720000;0.0457133400;-0.0359743800;0.6448740000;0.5003370000;0.0147860000
714;-9.4950606600;-1.5298419000;-2.2695897600;0.0243851400;0.0349401000;-0.0191698800;0.6479980000;0.5014470000;0.0168320000
715;-9.4799575200;-1.5526358400;-2.2696234200;0.0335977800;0.0535561200;0.0114607200;0.6464260000;0.5016270000;0.0156660000
716;-9.5563504200;-1.6426518600;-2.2860117600;0.0593772600;0.0517956000;0.0328878600;0.6468630000;0.5008140000;0.0161020000
717;-9.5037622800;-1.7491235400;-2.2254115200;0.0999069600;0.0425972400;0.0487998600;0.6480640000;0.4994890000;0.0154720000
718;-9.5117193000;-1.7946461400;-2.1648745200;0.1185556200;0.0688357200;0.0366180000;0.6485860000;0.4981690000;0.0149510000
719;-9.5273365200;-1.8777149400;-2.1503099400;0.0798017400;0.0513039600;0.0031487400;0.6490470000;0.4968790000;0.0133260000
720;-9.5579028600;-1.9002314400;-2.1278526000;0.1240105800;0.0328276800;0.0125878200;0.6484640000;0.4984950000;0.0127400000
721;-9.5272957200;-1.8851517600;-2.1808038600;0.1072887000;0.0146788200;0.0145054200;0.6484340000;0.4989760000;0.0097050000
722;-9.5424855600;-1.9150173600;-2.2420069200;0.0390466200;0.0240852600;-0.0005151000;0.6489180000;0.4980730000;0.0084910000
723;-9.5124934800;-1.9909563600;-2.2118271600;0.0446841600;0.0348860400;-0.0117157200;0.6491940000;0.4974050000;0.0085070000
724;-9.5420092200;-1.8092148000;-2.2413153600;0.0187986000;0.0221166600;-0.0228561600;0.6471110000;0.4983040000;0.0055240000
725;-9.5725500600;-1.8466967400;-2.2570141800;-0.0254908200;0.0297013800;-0.0248145600;0.6483450000;0.4984900000;0.0080520000
726;-9.5423152200;-1.8772304400;-2.2417600800;0.0011781000;0.0150419400;-0.0135496800;0.6479400000;0.4986230000;0.0081730000
727;-9.4889488200;-1.8399035400;-2.2335011400;-0.0320881800;0.0292648200;0.0068146200;0.6480690000;0.4988910000;0.0080380000
728;-9.5570725800;-1.7863606800;-2.2565041800;0.0022205400;0.0257866200;-0.0303378600;0.6468840000;0.4999420000;0.0089470000
729;-9.5267061600;-1.7791686600;-2.2257807600;-0.0218076000;0.0445872600;-0.0044013000;0.6477570000;0.4980490000;0.0098220000
730;-9.5118121200;-1.8398097000;-2.2108387800;-0.0181447800;0.0297962400;-0.0154958400;0.6473720000;0.4999000000;0.0103440000
731;-9.5267357400;-1.7942228400;-2.2411021800;-0.0126143400;0.0325859400;-0.0080590200;0.6476930000;0.4990760000;0.0111900000
732;-9.5418235800;-1.7639013000;-2.2334073000;0.0076540800;0.0279684000;-0.0005701800;0.6468540000;0.4993590000;0.0108780000
733;-9.5416236600;-1.7485758000;-2.2865880600;0.0002611200;0.0168820200;-0.0126255600;0.6468070000;0.5000470000;0.0100450000
734;-9.5263930200;-1.7261470200;-2.2558799400;0.0196696800;0.0334417200;0.0050061600;0.6479350000;0.5002850000;0.0106400000
735;-9.4959123600;-1.7187744600;-2.2708249800;0.0335365800;0.0426105000;0.0142912200;0.6461810000;0.4998910000;0.0111230000
736;-9.5416991400;-1.7486961600;-2.2561431000;0.0122940600;0.0473922600;0.0198175800;0.6470500000;0.4998590000;0.0119850000
737;-9.5495358000;-1.8090332400;-2.2718184600;0.0464599800;0.0369709200;0.0106039200;0.6478470000;0.4985360000;0.0114750000
738;-9.4965253800;-1.8548057400;-2.2717134000;0.1036850400;0.0339364200;0.0181407000;0.6485930000;0.4996280000;0.0101200000
739;-9.5040723600;-1.8546547800;-2.2946052600;0.0271054800;0.0425472600;0.0068350200;0.6485050000;0.4982110000;0.0084740000
740;-9.5729998800;-1.9299471000;-2.2271128800;0.0787837800;0.0330418800;0.0069390600;0.6490860000;0.4977910000;0.0090510000
741;-9.5574285600;-1.8694611000;-2.2646590800;0.0463692000;0.0224002200;0.0153153000;0.6493010000;0.4972860000;0.0079610000
742;-9.5419510800;-1.8541376400;-2.3481705600;0.0225083400;0.0508796400;0.0142300200;0.6493420000;0.4958050000;0.0086630000
743;-9.5269479000;-1.9071011400;-2.3636245800;0.0972641400;0.0357061200;0.0125358000;0.6497650000;0.4950650000;0.0063430000
744;-9.4804124400;-1.7484340200;-2.4459691800;0.1111759200;0.0475156800;0.0143718000;0.6498870000;0.4948050000;0.0060750000
745;-9.4499889000;-1.8236794200;-2.5908489600;0.1022917200;0.0966297000;-0.0081793800;0.6503040000;0.4926740000;0.0061070000
746;-9.5117009400;-1.9596729600;-2.4780267600;0.1539384000;0.0946631400;0.0086353200;0.6509500000;0.4941470000;0.0054340000
747;-9.5721073800;-1.9135077600;-2.5619125800;0.0423463200;0.1264657200;0.0064800600;0.6506590000;0.4938250000;0.0076280000
748;-9.4885153200;-2.2593489600;-3.1876866600;-0.0039902400;0.2358862200;-0.0303511200;0.6496180000;0.4944050000;0.0111630000
749;-9.6801406800;-2.6804845200;-3.3288883200;0.2772523200;0.2640943200;-0.0943102200;0.6471110000;0.4955120000;0.0154620000
750;-9.6025462200;-2.6335553400;-3.8836479600;0.2071956600;0.3791697000;-0.2046721800;0.6438290000;0.4993260000;0.0181950000
751;-9.7719814800;-3.0183534000;-3.7047552600;0.2902501800;0.4752108600;-0.2980185000;0.6370670000;0.5049920000;0.0275240000
752;-9.4911448800;-3.1188642000;-3.7032783000;0.3535636200;0.5344851000;-0.3521152200;0.6312010000;0.5133370000;0.0357680000
753;-9.8341617000;-3.2376279000;-3.5544184800;0.2562066600;0.6178507200;-0.3879896400;0.6210260000;0.5240780000;0.0454740000
754;-9.5231453400;-3.4963039800;-3.7516456800;0.2661598200;0.7843626600;-0.5896028400;0.6088500000;0.5350110000;0.0586790000
755;-9.4860132600;-3.8356355400;-4.0199801400;0.3186602400;0.8075034000;-0.7477824000;0.5920730000;0.5528690000;0.0731640000
756;-9.1503853200;-3.9415431600;-4.6727291400;0.4962922200;0.8600160600;-0.9710073600;0.5724790000;0.5729850000;0.0838010000
757;-8.9521187400;-3.9271479000;-4.8918700200;0.5584194000;0.7708191000;-0.9054081000;0.5487930000;0.5959240000;0.0898450000
758;-8.7854130000;-4.1019218400;-4.9906947600;0.7248477000;0.8528322000;-0.8366886600;0.5250510000;0.6178300000;0.0898330000
759;-8.6202688800;-4.5117843600;-4.8855439800;0.8361103200;0.8953019400;-0.8906670600;0.4991880000;0.6404550000;0.0886290000
760;-8.3778301800;-4.5450873600;-4.6022899800;0.7042702200;0.9418557600;-0.9068310000;0.4731770000;0.6612940000;0.0846780000
761;-7.9847303400;-4.9269508800;-4.3962765000;0.4909647600;0.8910750600;-1.0008240000;0.4495400000;0.6767730000;0.0863700000
762;-7.5899893200;-5.0811004200;-4.4399559600;0.3820583400;0.8897286600;-1.0288403400;0.4208970000;0.6959900000;0.0893500000
763;-7.1802532800;-5.3557476600;-4.6213150200;0.3575416200;0.8358777600;-0.9672201000;0.3909330000;0.7125410000;0.0931220000
764;-6.7848706800;-5.1862593600;-4.3279701600;0.2858978400;0.7934794200;-0.9038281200;0.3597710000;0.7291530000;0.0950550000
765;-6.2223355800;-5.1833238000;-4.3008493800;0.2157300000;0.7449396600;-0.7455210600;0.3331370000;0.7402040000;0.0994150000
766;-5.8657333800;-5.3448754800;-4.3068082200;0.0228010800;0.6932226000;-0.6115787400;0.3142490000;0.7488830000;0.1050670000
767;-5.4792451800;-5.5525281000;-4.1834402400;0.0072695400;0.6224386800;-0.5163780600;0.2959740000;0.7561960000;0.1118550000
768;-5.0681923200;-5.5849804200;-4.4545552200;-0.0175766400;0.5483132400;-0.3951316800;0.2818170000;0.7608080000;0.1186910000
769;-4.7952250200;-5.8434117000;-4.6368465600;-0.0628065000;0.4847448000;-0.2442094200;0.2711960000;0.7636700000;0.1249930000
770;-4.6902517200;-6.1917243600;-4.6839848400;-0.0487468200;0.3773887800;-0.1953585600;0.2613680000;0.7634840000;0.1306600000
771;-4.4545797000;-6.3736729800;-5.0182959600;-0.0565569600;0.3045618000;-0.1727217000;0.2548490000;0.7672390000;0.1368450000
772;-4.3713058800;-6.5549698200;-5.2091349000;-0.0781238400;0.2835232800;-0.1112677200;0.2491050000;0.7691490000;0.1421100000
773;-4.3030505400;-6.6908297400;-5.3921810400;-0.0923191800;0.2234412000;-0.0961472400;0.2455050000;0.7676080000;0.1463850000
774;-4.2498300000;-6.7437677400;-5.4910741200;-0.1199866800;0.2049190200;-0.1286628000;0.2433350000;0.7684820000;0.1493210000
775;-4.2193524000;-6.6913825800;-5.4219966600;-0.0204795600;0.1437006600;-0.1450011600;0.2396220000;0.7698520000;0.1541210000
776;-4.1500587000;-6.5104682400;-5.4431300400;0.0087016200;0.1019979600;-0.1029098400;0.2329990000;0.7700080000;0.1557820000
777;-4.0810495800;-6.4050369600;-5.4875918400;-0.0175266600;0.0587846400;-0.0655411200;0.2289360000;0.7717520000;0.1567080000
778;-4.0053339600;-6.6012054000;-5.7242553000;0.0341434800;0.0568119600;-0.0450024000;0.2279110000;0.7726570000;0.1580380000
779;-3.9979267200;-6.7516309200;-5.9230808400;0.0247095000;0.0482776200;0.0015238800;0.2291660000;0.7715060000;0.1558930000
780;-3.9978053400;-6.8114559600;-6.0833146800;-0.0381857400;0.0508837200;0.0311875200;0.2288760000;0.7717820000;0.1556040000
781;-3.9981388800;-6.9020238000;-6.1143522600;-0.0492058200;0.0674883000;0.0376094400;0.2288150000;0.7708810000;0.1594650000
782;-4.0666645200;-6.9166475400;-6.0997438200;-0.0085700400;0.0690795000;0.0423024600;0.2289650000;0.7719360000;0.1597390000
783;-4.0514328600;-6.8942177400;-6.0690357000;0.0026713800;0.0740469000;0.0069502800;0.2294090000;0.7708530000;0.1603150000
784;-4.0668052800;-6.8943666600;-6.0006477600;-0.0286487400;0.0739683600;-0.0172777800;0.2303580000;0.7690540000;0.1625700000
785;-4.0662687600;-6.7959713400;-6.0380623800;0.0434489400;0.0807391200;-0.0199971000;0.2300820000;0.7697220000;0.1625540000
786;-4.0585881600;-6.7208809800;-5.9309521800;0.0765367200;0.0671007000;0.0015085800;0.2284900000;0.7718380000;0.1635770000
787;-4.0510065000;-6.6759591600;-5.8392623400;0.0524147400;0.0545904000;0.0089749800;0.2286450000;0.7710970000;0.1613850000
788;-3.9903838200;-6.7442848800;-5.8849175400;0.0052295400;0.0589101000;0.0349411200;0.2287210000;0.7716580000;0.1602820000
789;-3.9757141800;-6.8878152000;-5.9314091400;0.0273941400;0.0634327800;0.0442496400;0.2297310000;0.7706280000;0.1586770000
790;-3.9757090800;-6.8577966000;-5.8779325800;0.0273360000;0.0431674200;0.0313160400;0.2313780000;0.7711410000;0.1587390000
791;-3.9451447800;-6.8727946800;-5.9691389400;0.0004630800;0.0232029600;0.0295055400;0.2316970000;0.7713810000;0.1595770000
792;-4.0063039800;-6.9028653000;-5.8860691200;0.0143789400;0.0284641200;0.0192647400;0.2329060000;0.7697870000;0.1590860000
793;-3.9910549800;-6.9179225400;-5.9317212600;0.0263476200;0.0173665200;0.0165372600;0.2345670000;0.7704260000;0.1594240000
794;-3.9753837000;-6.8722795800;-6.0378696000;0.0022817400;0.0112098000;0.0239730600;0.2336310000;0.7702260000;0.1573210000
795;-4.0061163000;-6.9025644000;-5.9621825400;-0.0050653200;0.0296973000;0.0350441400;0.2362180000;0.7690780000;0.1595000000
796;-4.0672316400;-6.9475688400;-5.9248801200;0.0123848400;0.0085170000;0.0332917800;0.2355690000;0.7690660000;0.1601620000
797;-4.0670266200;-6.9022247400;-5.9245843200;0.0131957400;-0.0022664400;0.0482245800;0.2367000000;0.7688400000;0.1582810000
798;-4.0672275600;-6.9550658400;-5.9401525800;-0.0050326800;0.0100582200;0.0016340400;0.2386240000;0.7680210000;0.1583640000
799;-4.0364766000;-6.9247504200;-6.0234508800;0.0171941400;0.0106518600;-0.0104295000;0.2382480000;0.7689370000;0.1590310000
800;-4.0286368800;-6.8719103400;-6.0230479800;-0.0049541400;0.0172451400;-0.0076948800;0.2383660000;0.7672180000;0.1586350000
801;-4.0818268200;-6.8414337600;-5.9775825000;-0.0096155400;0.0211242000;0.0071624400;0.2393630000;0.7682520000;0.1593570000
802;-4.0891912200;-6.7884712800;-5.9772948600;0.0042850200;0.0171564000;-0.0095451600;0.2408370000;0.7677220000;0.1587310000
803;-4.0968198000;-6.8109612600;-6.0079448400;0.0079417200;0.0116830800;-0.0057976800;0.2392270000;0.7677220000;0.1593550000
804;-4.0738779600;-6.7809161400;-6.0075756000;0.0059619000;0.0028468200;0.0165668400;0.2402020000;0.7682350000;0.1596660000
805;-4.0664319600;-6.8487522600;-6.0688541400;-0.0132253200;0.0301777200;-0.0003243600;0.2387060000;0.7685110000;0.1598790000
806;-4.0970860200;-6.8864137200;-6.0388845000;0.0125082600;0.0081151200;0.0044533200;0.2406470000;0.7670190000;0.1602440000
807;-4.0818513000;-6.8714819400;-6.0234488400;0.0228143400;0.0280092000;-0.0077091600;0.2400350000;0.7681190000;0.1591090000
808;-4.1198279400;-6.8636187600;-6.0236854800;0.0301461000;0.0197808600;-0.0030161400;0.2407820000;0.7684140000;0.1577590000
809;-4.0741197000;-6.8263204200;-5.9926489200;0.0190791000;0.0188689800;-0.0104621400;0.2405070000;0.7689490000;0.1577440000
810;-4.1199432000;-6.8563023000;-5.9627455800;-0.0021124200;0.0355623000;-0.0031263000;0.2396550000;0.7679090000;0.1571670000
811;-4.0973910000;-6.9169137600;-5.9705802000;0.0043441800;0.0355541400;-0.0003264000;0.2400650000;0.7685700000;0.1571790000
812;-4.1125675800;-6.8942401800;-5.9401005600;0.0319443600;0.0069064200;-0.0094676400;0.2388450000;0.7685760000;0.1574050000
813;-4.0970146200;-6.7962681600;-5.9012875200;0.0245595600;0.0208794000;0.0053509200;0.2391960000;0.7687340000;0.1563160000
814;-4.0817829600;-6.7738393800;-5.8705794000;-0.0012841800;0.0302848200;0.0108599400;0.2399000000;0.7673900000;0.1566300000
815;-4.1125288200;-6.8566644000;-5.8865750400;-0.0050439000;0.0193728600;0.0146166000;0.2397160000;0.7682120000;0.1557900000
816;-4.1125767600;-6.9167617800;-5.9783056800;0.0061516200;0.0300981600;0.0034190400;0.2405550000;0.7681950000;0.1560990000
817;-4.0971982200;-6.8865942600;-5.9932160400;-0.0094880400;0.0318586800;-0.0105610800;0.2404340000;0.7677900000;0.1563730000
818;-4.0971798600;-6.8865646800;-6.0008272800;-0.0048521400;0.0438518400;0.0005559000;0.2412710000;0.7683050000;0.1566780000
819;-4.0666981800;-6.8416765200;-5.9470233000;0.0042982800;0.0319851600;0.0052764600;0.2412890000;0.7672340000;0.1569620000
820;-4.0893309600;-6.8112030000;-5.9622202800;-0.0178357200;0.0171462000;-0.0225981000;0.2404630000;0.7683070000;0.1569210000
821;-4.0818390600;-6.8564573400;-6.0005161800;-0.0141372000;0.0310630800;-0.0040504200;0.2410570000;0.7684110000;0.1577700000
822;-4.0742115000;-6.8714829600;-6.0386142000;-0.0020991600;0.0373942200;-0.0022011600;0.2413340000;0.7673440000;0.1577890000
823;-4.0970931600;-6.8714197200;-6.0083406000;0.0015861000;0.0346045200;-0.0040463400;0.2412850000;0.7683640000;0.1594330000
824;-4.0969636200;-6.8261959800;-5.9775988200;-0.0160650000;0.0285508200;0.0127020600;0.2407530000;0.7671660000;0.1596960000
825;-4.0820695800;-6.8868370200;-5.9626568400;-0.0085965600;0.0300940800;-0.0058986600;0.2416550000;0.7667860000;0.1586330000
826;-4.0666828800;-6.8341489200;-5.9393620800;0.0392557200;0.0006130200;0.0017380800;0.2400430000;0.7675840000;0.1592510000
827;-4.0665737400;-6.8264713800;-5.9697580800;-0.0131671800;0.0383346600;-0.0077979000;0.2400200000;0.7678610000;0.1588350000
828;-4.0516368600;-6.8570336400;-5.9165620200;-0.0049633200;0.0135374400;-0.0132600000;0.2398070000;0.7675680000;0.1599300000
829;-4.0588798800;-6.7813690200;-5.9237367000;-0.0012178800;0.0207774000;-0.0170054400;0.2403020000;0.7681200000;0.1589820000
830;-4.0664625600;-6.7812782400;-5.9314050600;-0.0124072800;0.0156274200;0.0034659600;0.2393170000;0.7678100000;0.1610110000
831;-4.0815922200;-6.7810354800;-5.9619652800;0.0207345600;-0.0046787400;0.0073174800;0.2398130000;0.7679630000;0.1600650000
832;-4.0662310200;-6.7959111600;-6.0532858800;-0.0086516400;0.0247135800;0.0034282200;0.2421630000;0.7676630000;0.1604370000
833;-4.0663493400;-6.8261103000;-6.0610939800;-0.0011526000;0.0410315400;-0.0031446600;0.2406530000;0.7676800000;0.1603770000
834;-4.0815595800;-6.8109928800;-6.0306643200;0.0225868800;0.0073888800;0.0240087600;0.2400330000;0.7655970000;0.1589900000
835;-4.0510473000;-6.7510515600;-5.9615389200;-0.0013402800;0.0230530200;0.0183345000;0.2415690000;0.7674260000;0.1595890000
836;-4.0053941400;-6.6763273800;-5.8389196200;-0.0032425800;0.0139321800;0.0155907000;0.2427010000;0.7662020000;0.1601940000
837;-3.9897085800;-6.4130878200;-5.5478442600;0.0362814000;0.0012403200;0.0389721600;0.2421410000;0.7672760000;0.1600260000
838;-4.0648744200;-6.1485120600;-5.4096832200;0.0034068000;-0.0581073600;0.0968602200;0.2456150000;0.7664870000;0.1583810000
839;-4.2631124400;-6.3504251400;-5.5495099200;-0.0181590600;-0.0773282400;0.1619994600;0.2492590000;0.7637540000;0.1597870000
840;-4.2633062400;-6.4182602400;-5.5956231000;-0.0285600000;-0.1099080600;0.1835173800;0.2563110000;0.7626560000;0.1584250000
841;-4.4154647400;-6.4097187600;-5.5358276400;-0.0306357000;-0.1612201800;0.1753502400;0.2624950000;0.7604600000;0.1586890000
842;-4.4751459600;-5.9347445400;-5.1221605200;0.0086730600;-0.2094865800;0.2035379400;0.2688620000;0.7584390000;0.1573070000
843;-4.7020337400;-5.3008033200;-4.4347070400;0.1268461800;-0.3345416400;0.2730876600;0.2784210000;0.7561020000;0.1516470000
844;-4.8459180000;-5.0361571800;-4.1752792200;0.1292248200;-0.4771121400;0.4188201600;0.2893150000;0.7521770000;0.1402680000
845;-5.2179354600;-4.7397768000;-3.8336475600;-0.0899742000;-0.5618384400;0.6086329800;0.3073190000;0.7454610000;0.1360810000
846;-5.6915796000;-5.3849135400;-4.0926204600;-0.1702125000;-0.6757255200;0.6833571600;0.3285600000;0.7384730000;0.1309240000
847;-6.1236913800;-5.4019873200;-4.6288263000;-0.1435293000;-0.8314111800;0.7677254400;0.3534610000;0.7252260000;0.1248580000
848;-6.5272064400;-5.7223203600;-4.9841076000;-0.2248671600;-0.8232063000;0.8084499600;0.3780710000;0.7129190000;0.1184980000
849;-7.0434355800;-5.6419810800;-5.1397330800;-0.1771087200;-0.8654230800;0.8346904800;0.4061940000;0.6984760000;0.1111930000
850;-7.3007050800;-5.4804120600;-5.3385372000;-0.3378770400;-0.8948419200;0.8141079000;0.4306080000;0.6854030000;0.1037290000
851;-7.5512619600;-5.2153008000;-4.9809639600;-0.4298494200;-0.8249719200;0.7913496600;0.4546020000;0.6717410000;0.0985940000
852;-8.1199711200;-4.8932704800;-4.9907947200;-0.3947134800;-0.8616684600;0.7394163600;0.4763030000;0.6568230000;0.0915850000
853;-8.1341991000;-4.7715385800;-5.1651790200;-0.6363627000;-0.7867963800;0.7462044600;0.4979070000;0.6396270000;0.0902370000
854;-8.6205167400;-4.5872072400;-4.9240948800;-0.5954250000;-0.7547000400;0.7088775600;0.5196990000;0.6226020000;0.0923380000
855;-8.5964977800;-4.4053840800;-5.0825753400;-0.5892805200;-0.7111848000;0.6138196800;0.5370460000;0.6085740000;0.0934130000
856;-8.8549525200;-4.1932016400;-4.7025712800;-0.5113433400;-0.6674298600;0.5718681000;0.5536520000;0.5929890000;0.0884080000
857;-9.0457863600;-4.3729858200;-4.7204110800;-0.4977253200;-0.8523732000;0.6349816200;0.5704140000;0.5768640000;0.0787310000
858;-9.0585598200;-3.6937300800;-4.4572929000;-0.3680221200;-0.8518499400;0.5254173000;0.5865800000;0.5616980000;0.0681960000
859;-9.2550454800;-3.2100960600;-4.0446070200;-0.4649435400;-0.5992357200;0.3456025200;0.5953860000;0.5512330000;0.0635290000
860;-9.2631626400;-3.2333683800;-3.8773627200;-0.3195088800;-0.5403001200;0.3120618600;0.6037650000;0.5413800000;0.0560870000
861;-9.3473707800;-3.1811188800;-3.5427476400;-0.0791152800;-0.4758718200;0.3288582000;0.6134700000;0.5330630000;0.0453800000
862;-9.3764438400;-2.9011329600;-3.5715942600;-0.0250206000;-0.4036252200;0.2886273600;0.6197080000;0.5230740000;0.0338580000
863;-9.4821127800;-2.7565061400;-3.6171250200;-0.0315965400;-0.3468142800;0.1544147400;0.6268910000;0.5195230000;0.0248060000
864;-9.3444739800;-2.4562191600;-3.3857778000;-0.1042225800;-0.2731284600;0.1493769600;0.6286240000;0.5152840000;0.0137490000
865;-9.3983697600;-2.4418810200;-3.0816260400;-0.0542487000;-0.2738434800;0.1159627800;0.6323380000;0.5135140000;0.0089520000
866;-9.6328769400;-2.1830335800;-3.0817209000;-0.0546628200;-0.1621636800;0.1303509000;0.6359370000;0.5091460000;0.0019660000
867;-9.4828471800;-2.5025985600;-2.8466996400;-0.0932035200;-0.0976752000;0.1411935000;0.6382880000;0.5051950000;-0.0002520000
868;-9.5283871200;-2.2920420000;-2.4879258600;0.0085119000;-0.0820804200;0.1226723400;0.6411800000;0.5023040000;-0.0025940000
869;-9.4841782800;-2.5872646800;-2.4590639400;0.1475277000;-0.0380919000;0.0631339200;0.6420370000;0.5020140000;-0.0069650000
870;-9.4839528600;-2.5043754000;-2.3976293400;0.2438840400;-0.0220870800;0.0073868400;0.6429080000;0.5025140000;-0.0110660000
871;-9.5130422400;-2.1869034600;-2.3501157000;0.1791905400;-0.0317719800;-0.0000928200;0.6435270000;0.5004180000;-0.0173620000
872;-9.5121905400;-1.9979709000;-2.3488804800;0.0076092000;0.0039790200;-0.0153581400;0.6431330000;0.4998170000;-0.0195780000
873;-9.5503660800;-2.0054332200;-2.2959363600;-0.0866694000;0.0048286800;-0.0006089400;0.6438900000;0.5017650000;-0.0181840000
874;-9.5276976000;-1.9908329400;-2.2119414000;-0.0212894400;-0.0135507000;0.0256101600;0.6434650000;0.5009800000;-0.0184710000
875;-9.4670535000;-2.0216124600;-2.1964578000;0.0112169400;0.0191046000;0.0217984200;0.6444370000;0.4996360000;-0.0182840000
876;-9.4977106200;-2.0967905400;-2.2352382000;0.0001254600;-0.0031008000;-0.0032436000;0.6455980000;0.4983970000;-0.0171270000
877;-9.5127352200;-2.0363596200;-2.1969004800;-0.0016972800;-0.0050388000;-0.0134691000;0.6454160000;0.4980220000;-0.0179580000
878;-9.5129137200;-2.0966681400;-2.2353524400;0.0170003400;0.0535908000;0.0067666800;0.6450320000;0.4994740000;-0.0174330000
879;-9.5283861000;-2.1269856000;-2.1823848600;0.0613315800;0.0216831600;-0.0339670200;0.6449430000;0.4987220000;-0.0190840000
880;-9.4822933200;-2.0290472400;-2.1966220200;0.0445944000;0.0147359400;-0.0153479400;0.6446830000;0.4987170000;-0.0188190000
881;-9.4894506600;-1.9757542800;-2.2800580200;0.0261568800;0.0231193200;-0.0116892000;0.6436520000;0.4998260000;-0.0201080000
882;-9.4671228600;-2.0367268200;-2.1965567400;0.0741580800;0.0126571800;-0.0190179000;0.6432400000;0.4995640000;-0.0201220000
883;-9.4972587600;-1.9760235600;-2.1963904800;0.0390568200;0.0249838800;-0.0033058200;0.6445020000;0.4989410000;-0.0221330000
884;-9.4973138400;-1.9761143400;-2.1735567600;-0.0090525000;0.0079060200;-0.0070186200;0.6437970000;0.4996870000;-0.0199630000
885;-9.4365024600;-2.0066225400;-2.2265753400;0.0565243200;0.0102765000;-0.0004243200;0.6422850000;0.5008340000;-0.0225120000
886;-9.5201394000;-1.9759603200;-2.1661168800;0.0398493600;0.0003080400;-0.0022705200;0.6436690000;0.4993530000;-0.0223070000
887;-9.5204056200;-2.0514127800;-2.1970565400;0.0149827800;0.0225542400;0.0087597600;0.6448120000;0.4999830000;-0.0214400000
888;-9.4828645200;-2.0899881600;-2.0752359000;0.0407469600;0.0171176400;0.0237068400;0.6445090000;0.4988040000;-0.0219940000
889;-9.4976983800;-2.0817659400;-2.2123055400;0.0464028600;0.0204367200;0.0032313600;0.6430540000;0.4984620000;-0.0235650000
890;-9.5277894000;-2.0359965000;-2.2579056600;0.0058864200;0.0333101400;-0.0117657000;0.6430570000;0.4972660000;-0.0235560000
891;-9.4671463200;-2.0667760200;-2.2424230800;0.0280520400;0.0517680600;0.0123766800;0.6441370000;0.4987240000;-0.0237990000
892;-9.4369390200;-2.1198619200;-2.2577618400;0.0244565400;0.0496087200;-0.0155254200;0.6439530000;0.4986810000;-0.0221530000
893;-9.5212909800;-2.2479035400;-2.1983407200;0.0937737000;0.0527013600;-0.0210364800;0.6450210000;0.4988170000;-0.0226620000
894;-9.4981247400;-2.2174963200;-2.2893084000;0.1574604600;0.0580135200;0.0013545600;0.6435890000;0.4981980000;-0.0238170000
895;-9.3914307000;-2.2629454800;-2.4790865400;0.0321422400;0.1211260200;0.0083578800;0.6451610000;0.4982170000;-0.0251320000
896;-9.5144702400;-2.5943363400;-2.5202333400;-0.0856759200;0.1540312200;-0.0524320800;0.6443490000;0.4984850000;-0.0199320000
897;-9.6520090800;-2.9094663600;-2.8201816800;-0.0813694800;0.1650156000;-0.1827370800;0.6418090000;0.5006690000;-0.0161930000
898;-9.6364030800;-2.9689629600;-3.0944709000;-0.0494465400;0.2123854200;-0.2452294200;0.6382390000;0.5055540000;-0.0086590000
899;-9.6825866400;-3.2396046600;-3.3629899800;0.0785634600;0.2943403800;-0.2658915600;0.6320860000;0.5127130000;-0.0006940000
900;-9.6150493800;-3.5716840200;-3.6158224800;-0.0213282000;0.4188834000;-0.3000615600;0.6253680000;0.5188880000;0.0094600000
901;-9.5317796400;-3.8280110400;-3.9441604800;-0.1113758400;0.5655104400;-0.4598914800;0.6169350000;0.5276370000;0.0233820000
902;-9.5005564200;-3.8044408800;-4.2330142800;0.0430378800;0.6278079600;-0.6469278600;0.6044590000;0.5416390000;0.0412360000
903;-9.3850730400;-3.6154634400;-4.4744839800;0.1788743400;0.7389186000;-0.7476732600;0.5891110000;0.5589890000;0.0542680000
904;-9.2556564600;-3.6012089400;-4.5190794000;0.1266095400;0.9227154600;-0.8471263200;0.5658870000;0.5795700000;0.0737080000
905;-8.9825116800;-3.8368473000;-4.7316678000;0.1270420200;0.9343536600;-0.9383235000;0.5437010000;0.6010330000;0.0896030000
906;-8.8158232800;-3.8465944200;-4.5173403000;0.3834067800;0.9302553000;-0.8402607000;0.5198170000;0.6218100000;0.1019910000
907;-8.5584752400;-4.1430808800;-4.6010445600;0.5272859400;0.8984292600;-0.8222393400;0.4982570000;0.6389160000;0.1066470000
908;-8.3303920200;-4.0623601200;-4.4541686400;0.4755087000;0.8896593000;-0.8287551000;0.4732400000;0.6576020000;0.1082610000
909;-7.9220054400;-4.5042312600;-4.3930512600;0.3109765800;0.9433011000;-0.7352302800;0.4501590000;0.6712760000;0.1175650000
910;-7.6640729400;-4.6797406200;-4.4911885200;0.2018029200;0.9279715200;-0.7092488400;0.4261860000;0.6851260000;0.1255920000
911;-7.2846706800;-4.8264819000;-4.4664310800;0.1401877800;0.8562492000;-0.6392248200;0.4060540000;0.6966110000;0.1361320000
912;-6.8893390800;-5.0021901600;-4.7918784000;0.1374286800;0.8349454800;-0.6632968200;0.3847090000;0.7088290000;0.1445520000
913;-6.5779708200;-5.0877406200;-4.8129077400;0.0715356600;0.8020861800;-0.6287994000;0.3633640000;0.7170620000;0.1528640000
914;-6.2053617600;-5.0755669200;-4.8252273000;0.0892489800;0.7245957600;-0.5372431800;0.3429060000;0.7250570000;0.1598350000
915;-5.9321455800;-5.1385315200;-4.7474472000;0.0329868000;0.6311352000;-0.4475892600;0.3254030000;0.7316560000;0.1681750000
916;-5.5440437400;-4.9759659600;-4.5988250400;-0.0655513200;0.5744252400;-0.3711545400;0.3097200000;0.7394790000;0.1747890000
917;-5.3396908200;-5.1741397200;-4.5909526800;0.0058650000;0.4933332000;-0.3139509000;0.2969550000;0.7426050000;0.1819670000
918;-5.1422708400;-5.2361302200;-4.6050817200;0.0102408000;0.3429056400;-0.2100251400;0.2880030000;0.7457030000;0.1887470000
919;-4.8532324200;-5.3807519400;-4.9311328800;0.0632869200;0.2635098600;-0.1686661800;0.2811100000;0.7447320000;0.1879270000
920;-4.7465526600;-5.6437966800;-5.5181337000;0.0387457200;0.2004748800;-0.0968133000;0.2769400000;0.7473270000;0.1869140000
921;-4.7174530800;-5.9837586000;-5.6114647200;-0.0559725000;0.1498512600;-0.0297595200;0.2721740000;0.7490190000;0.1900160000
922;-4.8239278200;-6.0504961800;-5.7192695400;-0.0369719400;0.0980648400;0.0104733600;0.2703710000;0.7490470000;0.1946260000
923;-4.6723078800;-6.2774757600;-5.9631699000;0.0322014000;0.0756840000;0.0162465600;0.2699650000;0.7497120000;0.1947430000
924;-4.6494639600;-6.2776002000;-5.9782210200;0.0044808600;0.0759145200;0.0190005600;0.2749990000;0.7470230000;0.1940010000
925;-4.7179783800;-6.3147149400;-6.0094289400;-0.0174777000;0.0790795800;-0.0294229200;0.2741120000;0.7475270000;0.1953390000
926;-4.6720182000;-6.1719751200;-5.8863649200;0.0515253000;0.0274380000;-0.0300247200;0.2706690000;0.7486330000;0.1950550000
927;-4.7017410000;-6.0280806600;-5.9008774800;0.0541946400;0.0333274800;0.0034425000;0.2697900000;0.7496000000;0.1940480000
928;-4.6715816400;-6.1412639400;-6.0079489200;0.0345749400;0.0137802000;0.0388446600;0.2704020000;0.7490980000;0.1926990000
929;-4.6413508800;-6.2468298600;-6.1301928600;-0.0068605200;0.0183039000;0.0145798800;0.2724470000;0.7490830000;0.1925060000
930;-4.7097765600;-6.2312840400;-6.1001640600;0.0051367200;0.0191729400;0.0183079800;0.2737990000;0.7482810000;0.1921530000
931;-4.7327367600;-6.3063723600;-6.1769435400;0.0316689600;0.0124205400;0.0788307000;0.2748450000;0.7481620000;0.1912310000
932;-4.7020990200;-6.2312248800;-6.1305519000;0.0086883600;0.0345086400;0.0759206400;0.2768410000;0.7457130000;0.1925690000
933;-4.7179243200;-6.3521397600;-6.1010116800;-0.0059853600;0.0454134600;0.0628258800;0.2790960000;0.7464560000;0.1937560000
934;-4.7784001200;-6.2760773400;-6.1009759800;0.0022695000;0.0250879200;0.0517578600;0.2799790000;0.7446260000;0.1922900000
935;-4.7856890400;-6.2229945000;-6.1311322800;0.0061098000;0.0403818000;0.0349543800;0.2807560000;0.7451710000;0.1914900000
936;-4.8240706200;-6.3133155000;-6.1472340000;0.0318087000;0.0249532800;0.0592344600;0.2825810000;0.7442020000;0.1922600000
937;-4.8237574800;-6.2602938600;-6.1773342000;0.0162312600;0.0395178600;0.0461284800;0.2844270000;0.7443510000;0.1909550000
938;-4.8394083600;-6.3509188200;-6.1628185800;0.0412610400;0.0353256600;0.0182692200;0.2848980000;0.7452470000;0.1920690000
939;-4.8392533200;-6.3206595000;-6.1702319400;0.0395892600;0.0421861800;-0.0180407400;0.2847190000;0.7434100000;0.1912490000
940;-4.8391411200;-6.3204789600;-6.2159004000;0.0211384800;0.0515416200;-0.0106651200;0.2843830000;0.7441080000;0.1901290000
941;-4.8236616000;-6.2226283200;-6.1466413800;0.0082150800;0.0692518800;0.0069217200;0.2857620000;0.7446200000;0.1903180000
942;-4.8393604200;-6.2908214400;-6.0710869200;-0.0010108200;0.0534653400;-0.0181407000;0.2859380000;0.7442010000;0.1910170000
943;-4.7936215800;-6.3209971200;-6.1775004600;0.0165066600;0.0553339800;-0.0041707800;0.2837220000;0.7458290000;0.1906410000
944;-4.7780645400;-6.2305221000;-6.1539588600;0.0359743800;0.0530981400;-0.0264547200;0.2810400000;0.7445000000;0.1916440000
945;-4.7547616200;-6.1248735600;-6.1607061600;0.0368872800;0.0642844800;-0.0097522200;0.2814970000;0.7450710000;0.1900060000
946;-4.7017838400;-6.1406876400;-6.0919030800;0.0025714200;0.0612642600;0.0190576800;0.2819090000;0.7451990000;0.1900210000
947;-4.7324470800;-6.2008717200;-6.1001375400;-0.0139464600;0.0656655600;-0.0023847600;0.2820280000;0.7456700000;0.1922270000
948;-4.7174041200;-6.2162584200;-6.0620660400;0.0200358600;0.0335386200;0.0052438200;0.2817140000;0.7466230000;0.1915180000
949;-4.7477450400;-6.2008992600;-6.0621955800;0.0246360600;0.0391394400;0.0173165400;0.2811160000;0.7446610000;0.1905440000
950;-4.7251234800;-6.2463973800;-6.0699312600;0.0412753200;0.0334090800;0.0071318400;0.2827230000;0.7459910000;0.1899110000
951;-4.6942807200;-6.1709184000;-6.1072653000;0.0079968000;0.0225766800;-0.0003039600;0.2820690000;0.7449200000;0.1904430000
952;-4.7174469600;-6.2463372000;-6.1003201200;0.0079978200;0.0281499600;0.0071094000;0.2835660000;0.7443790000;0.1902320000
953;-4.6871998800;-6.2618473200;-6.0621333600;0.0300869400;0.0133854600;0.0072063000;0.2834250000;0.7459760000;0.1902140000
954;-4.7557061400;-6.2764414800;-6.0551361600;0.0189424200;0.0117973200;0.0211446000;0.2841610000;0.7446830000;0.1886000000
955;-4.7786082000;-6.3139234200;-6.0860003400;-0.0012474600;0.0375329400;0.0219320400;0.2840980000;0.7451780000;0.1899720000
956;-4.7939510400;-6.3815453400;-6.1550614800;0.0097461000;0.0173206200;0.0220289400;0.2846660000;0.7434360000;0.1902830000
957;-4.7708766000;-6.3512901000;-6.2079709200;0.0264129000;0.0170788800;0.0127520400;0.2864980000;0.7431940000;0.1887050000
958;-4.8086788200;-6.3131370000;-6.2232331800;0.0062250600;0.0316455000;-0.0022246200;0.2863550000;0.7458550000;0.1886800000
959;-4.8088563000;-6.3359289000;-6.1929361200;0.0166045800;0.0512876400;-0.0339231600;0.2843430000;0.7449240000;0.1894320000
960;-4.7477052600;-6.2458516800;-6.1614395400;0.0377349000;0.0329307000;-0.0300838800;0.2847070000;0.7460060000;0.1886130000
961;-4.7781339000;-6.2006238600;-6.0700363200;0.0025765200;0.0296299800;-0.0226756200;0.2836410000;0.7452060000;0.1891270000
962;-4.7323920000;-6.1557683400;-6.0389508000;-0.0131845200;0.0252837600;-0.0152296200;0.2826180000;0.7459110000;0.1879790000
963;-4.7250112800;-6.2462158200;-6.1156007400;-0.0049296600;0.0328766400;0.0126510600;0.2832270000;0.7458750000;0.1891050000
964;-4.7249021400;-6.2385382800;-6.1459957200;-0.0030059400;0.0372616200;-0.0003886200;0.2834640000;0.7452920000;0.1909100000
965;-4.7327469600;-6.2838813600;-6.1311271800;0.0043594800;0.0168351000;-0.0207570000;0.2833570000;0.7461430000;0.1889710000
966;-4.6947774600;-6.2767505400;-6.1003456200;0.0458877600;0.0315475800;0.0071471400;0.2834860000;0.7464110000;0.1888360000
967;-4.7251102200;-6.2763853800;-6.1310200800;0.0200032200;0.0150664200;-0.0077040600;0.2846310000;0.7457110000;0.1897140000
968;-4.7177509200;-6.3218508600;-6.1160373000;-0.0094758000;0.0326695800;-0.0059598600;0.2834650000;0.7456250000;0.1884280000
969;-4.7178121200;-6.3519592200;-6.1466801400;0.0062954400;0.0388436400;-0.0143391600;0.2837330000;0.7450940000;0.1883050000
970;-4.7329611600;-6.3067334400;-6.0856066200;0.0394944000;0.0285569400;-0.0151786200;0.2827990000;0.7464190000;0.1888090000
971;-4.7174092200;-6.2462770200;-6.1155426000;0.0228021000;0.0168116400;-0.0132875400;0.2818030000;0.7449860000;0.1880900000
972;-4.7021612400;-6.2613342600;-6.1611957600;0.0044155800;0.0389680800;-0.0059659800;0.2819670000;0.7466980000;0.1886350000
973;-4.6872294600;-6.3219151200;-6.1614762600;-0.0065749200;0.0424524000;-0.0255306000;0.2832420000;0.7460000000;0.1893800000
974;-4.7176071000;-6.3066151200;-6.1463833200;0.0007894800;0.0461978400;-0.0143769000;0.2812390000;0.7450000000;0.1877920000
975;-4.7024366400;-6.3142947000;-6.1463180400;0.0211058400;0.0386386200;-0.0226868400;0.2810080000;0.7457780000;0.1886040000
976;-4.6871917200;-6.3218539200;-6.1766987400;0.0007833600;0.0536652600;-0.0023143800;0.2806200000;0.7452390000;0.1890050000
977;-4.6567029000;-6.2919607800;-6.1534376400;-0.0066432600;0.0352450800;-0.0180540000;0.2817300000;0.7469480000;0.1893130000
978;-4.6564101600;-6.1939561200;-6.0919051200;0.0211639800;0.0495913800;-0.0264455400;0.2803730000;0.7462910000;0.1895390000
979;-4.6714306800;-6.1035076200;-6.0000908400;-0.0141423000;0.0402777600;0.0107589600;0.2788380000;0.7471170000;0.1890580000
980;-4.6562449200;-6.1036606200;-5.9923643400;-0.0087189600;0.0285518400;0.0257029800;0.2795560000;0.7459640000;0.1921250000
981;-4.6714653600;-6.0660522000;-5.9161183200;0.0059272200;0.0140046000;0.0388099800;0.2816630000;0.7458520000;0.1905580000
982;-4.6713674400;-6.0358826400;-5.9006979600;0.0057069000;-0.0075735000;0.0668100000;0.2819380000;0.7455830000;0.1905710000
983;-4.7017705800;-6.0056202600;-5.8474498800;-0.0074602800;-0.0401727000;0.0836757000;0.2846770000;0.7454230000;0.1905440000
984;-4.7016798000;-5.9979723000;-5.8702346400;0.0127540800;-0.0548270400;0.0930688800;0.2886880000;0.7429070000;0.1886570000
985;-4.7927586600;-5.9894991600;-5.9165406000;0.0070012800;-0.0875547600;0.1071448800;0.2917400000;0.7431910000;0.1868500000
986;-4.8538005600;-6.0718988400;-5.9784321600;0.0457429200;-0.0857789400;0.1267146000;0.2962630000;0.7400900000;0.1867780000
987;-4.8834254400;-5.8978358400;-5.9775253800;0.0511734000;-0.0901027200;0.1490689200;0.3003170000;0.7390140000;0.1857090000
988;-4.9742788800;-5.8064734200;-5.9623967400;0.0268861800;-0.1076385600;0.1956166200;0.3053010000;0.7389400000;0.1816400000
989;-5.0660707200;-5.8816729200;-5.8722420000;-0.0009802200;-0.1115920800;0.2290736400;0.3131050000;0.7361430000;0.1789430000
990;-5.1576167400;-5.8364369400;-5.6595148800;0.0394352400;-0.1409068800;0.2441370000;0.3212610000;0.7323730000;0.1776460000
991;-5.2637181600;-5.6474901000;-5.4459636000;0.0503676000;-0.1665598800;0.2433322200;0.3279680000;0.7290560000;0.1749090000
992;-5.3846687400;-5.2927922400;-5.0716011600;0.0433245000;-0.2260258800;0.3021913200;0.3370770000;0.7260110000;0.1710270000
993;-5.6197216200;-4.9447927200;-4.6829250600;-0.0154978800;-0.2868301200;0.3730670400;0.3496760000;0.7221700000;0.1657760000
994;-5.9167711200;-4.7257416000;-4.0519826400;-0.0287691000;-0.4286131800;0.4964421600;0.3629990000;0.7147170000;0.1611310000
995;-6.2193388200;-4.6383255600;-4.5180216600;-0.1077823800;-0.5128192800;0.5320054800;0.3799490000;0.7059340000;0.1551260000
996;-6.4845704400;-4.3422297600;-4.3202038800;-0.3285889200;-0.6327009000;0.6177885000;0.3991760000;0.6979490000;0.1532020000
997;-6.9177175200;-4.2259212000;-4.1857219800;-0.3553486200;-0.7281361800;0.7241724600;0.4204670000;0.6842280000;0.1512650000
998;-7.4507858400;-4.5082092600;-4.3438342200;-0.3348853800;-0.8539807200;0.7749082800;0.4462410000;0.6694860000;0.1460710000
999;-7.6698747000;-4.3091603400;-4.5421048800;-0.5153611200;-0.9147615000;0.7925767200;0.4697990000;0.6526530000;0.1403910000
1000;-8.2867013400;-4.6660165200;-4.7850658200;-0.3988506000;-0.9373840800;0.7490339400;0.4947810000;0.6336540000;0.1356100000
1001;-8.3294046600;-4.5859516200;-5.8276700400;-0.5026896600;-0.9262273200;0.6557947200;0.5158200000;0.6185330000;0.1265100000
1002;-8.4352143600;-4.6291139400;-6.1636662000;-0.3810669000;-0.8547232800;0.6026098800;0.5358030000;0.6043980000;0.1206660000
1003;-8.8001030400;-4.4085777000;-5.7691924200;-0.2444022000;-0.7062633000;0.5602788600;0.5517970000;0.5913760000;0.1095580000
1004;-8.7915064800;-3.9944016000;-5.4086846400;-0.2631793800;-0.6283322400;0.4873835400;0.5664370000;0.5755030000;0.1011710000
1005;-8.7903130800;-3.4823116200;-4.9486442400;-0.2444583000;-0.7694655600;0.4610675400;0.5801240000;0.5641540000;0.0880290000
1006;-9.0869811000;-3.1125963000;-4.1949325800;-0.3352882800;-0.6390463200;0.4482910200;0.5949270000;0.5512560000;0.0776980000
1007;-9.0403252800;-2.6011142400;-3.6736575000;-0.5272492200;-0.5150265600;0.3061356600;0.6029690000;0.5411690000;0.0741000000
1008;-9.0853848000;-2.4122959200;-3.5509851600;-0.6350254800;-0.4762584000;0.2741994600;0.6122480000;0.5331260000;0.0731540000
1009;-9.2533002600;-2.5920831600;-3.6143210400;-0.4447873200;-0.4458246600;0.3319773600;0.6189980000;0.5238110000;0.0710140000
1010;-9.3355428600;-2.3266026600;-3.6893349000;-0.2174905200;-0.4253267400;0.3452210400;0.6270810000;0.5134400000;0.0631500000
1011;-9.5717534400;-2.3630921400;-3.5391297000;-0.2161900200;-0.4080499800;0.2688495600;0.6351250000;0.5062080000;0.0571900000
1012;-9.5261308800;-2.3034231600;-3.4318318200;-0.1908960600;-0.3908303400;0.1962612600;0.6410150000;0.5007730000;0.0494770000
1013;-9.6178319400;-2.2884465000;-3.2116913400;-0.1758194400;-0.3826774800;0.1246164600;0.6449340000;0.4969780000;0.0408460000
1014;-9.4809510000;-2.2594703400;-3.1724060400;-0.0486876600;-0.3027706800;0.0760899600;0.6472370000;0.4961070000;0.0328180000
1015;-9.4667393400;-2.2611880200;-2.7688899600;0.3179523600;-0.2828378400;0.1109341800;0.6485680000;0.4939920000;0.0220060000
1016;-9.7018075200;-2.0482579200;-2.6246660400;0.2294836800;-0.2309106600;0.1208098200;0.6526620000;0.4909070000;0.0115870000
1017;-9.5118396600;-2.1099454800;-2.6997431400;-0.0146319000;-0.1560967200;0.0448218600;0.6546340000;0.4882090000;0.0024570000
1018;-9.5722389600;-2.0787753000;-2.8141738800;-0.0701872200;-0.0653769000;-0.0375115200;0.6548000000;0.4893220000;0.0005270000
1019;-9.6177105600;-2.0181597600;-2.7608431800;-0.0441466200;-0.0122440800;-0.0153805800;0.6564710000;0.4898910000;-0.0014760000
1020;-9.6777487800;-1.7463297600;-2.5768504800;0.0928536600;0.0285406200;-0.0432684000;0.6557400000;0.4893890000;-0.0023280000
1021;-9.5557802400;-1.5366983400;-2.3233764000;0.0947355600;0.0534775800;-0.0303246000;0.6538590000;0.4911170000;-0.0015900000
1022;-9.5486841000;-1.5375724800;-2.1178127400;0.0752178600;0.0418995600;-0.0209926200;0.6550360000;0.4904680000;-0.0026400000
1023;-9.5418582600;-1.6439176800;-1.9966653000;0.0870172200;0.0257692800;0.0088597200;0.6540810000;0.4911400000;-0.0025460000
1024;-9.5267938800;-1.7493010200;-2.1342469800;0.0723894000;0.0421270200;-0.0042585000;0.6537100000;0.4907270000;-0.0068270000
1025;-9.5571817200;-1.7940382200;-2.2261081800;0.0869774400;0.0101388000;0.0070543200;0.6527120000;0.4906240000;-0.0075550000
1026;-9.5570256600;-1.8087915000;-2.3175430200;0.0316975200;0.0249379800;-0.0079713000;0.6545180000;0.4913900000;-0.0070750000
1027;-9.6026380200;-1.8084243000;-2.3178867600;0.0596098200;0.0528829200;-0.0229408200;0.6528710000;0.4908770000;-0.0071380000
1028;-9.5872105200;-1.7631730200;-2.3250869400;0.0964716000;0.0584959800;0.0068554200;0.6534970000;0.4909000000;-0.0082150000
1029;-9.5266918800;-1.8091566600;-2.2868685600;0.0134997000;0.0678330600;-0.0249206400;0.6525870000;0.4925460000;-0.0097780000
1030;-9.5268030600;-1.8543508200;-2.3252226000;0.0356898000;0.0787695000;-0.0147073800;0.6517380000;0.4930320000;-0.0077500000
1031;-9.5266612800;-1.7941024800;-2.2715471400;0.0651586200;0.0844345800;0.0141494400;0.6520380000;0.4916880000;-0.0073150000
1032;-9.5190765600;-1.8392068800;-2.3479002600;0.0007803000;0.1155660000;-0.0158426400;0.6521650000;0.4921550000;-0.0049710000
1033;-9.3668272800;-2.0501694000;-2.8200419400;-0.0238006800;0.1443840600;-0.0569333400;0.6513230000;0.4923040000;-0.0003230000
1034;-9.5726112600;-2.2069179000;-2.8987390200;0.0899405400;0.1654817400;-0.0550361400;0.6506780000;0.4932860000;0.0029500000
1035;-9.5718625800;-2.2882425000;-3.3559632000;0.1388240400;0.2664923400;-0.1279753200;0.6481270000;0.4937500000;0.0064250000
1036;-9.5800644000;-2.6192569800;-3.7235385600;0.2198518200;0.3623162400;-0.1608550200;0.6446980000;0.4977690000;0.0114920000
1037;-9.5119569600;-2.9279120400;-4.1665072200;0.2080035000;0.5001753600;-0.2461280400;0.6407520000;0.5037030000;0.0196930000
1038;-9.5806060200;-3.1227963000;-4.4347050000;0.1008117000;0.6300315600;-0.2952247200;0.6329400000;0.5106180000;0.0324140000
1039;-9.5731141200;-3.1680506400;-4.4729998800;0.1427785800;0.8205512400;-0.3871501800;0.6254280000;0.5191090000;0.0506450000
1040;-9.4685294400;-3.6520345200;-4.6123645200;0.2216266200;0.9636725400;-0.5178978600;0.6138680000;0.5289390000;0.0700820000
1041;-9.4676838600;-3.5306351400;-4.7333559000;0.4325626200;1.0240208400;-0.7578671400;0.5989230000;0.5458890000;0.0879530000
1042;-9.3765468600;-3.4189737000;-4.4883651600;0.6179517000;0.9827108400;-0.7481159400;0.5801620000;0.5649280000;0.0987690000
1043;-9.0574041600;-3.5118130800;-4.5931120200;0.5460029400;0.9754953600;-0.7835048400;0.5573720000;0.5850990000;0.1085880000
1044;-8.7376627200;-3.4386311400;-4.6358816400;0.4237447200;0.9588948600;-0.7240327200;0.5340600000;0.6038680000;0.1163300000
1045;-8.4344024400;-3.6899897400;-4.7570035800;0.2934529800;0.9377176200;-0.7380546600;0.5129590000;0.6222730000;0.1269190000
1046;-8.0859765600;-4.0324649400;-4.8631519200;0.1670994600;0.9919428600;-0.7170436800;0.4927990000;0.6354300000;0.1395120000
1047;-7.8436225200;-4.1709381000;-4.7404275600;0.1815049200;0.9466212000;-0.6851788800;0.4710350000;0.6487820000;0.1553450000
1048;-7.5099213600;-4.2049153200;-4.4717085600;0.2702949000;0.8557392000;-0.6055587000;0.4491810000;0.6628450000;0.1645570000
1049;-7.0613427000;-4.1184132000;-4.3231221000;0.2391022800;0.7523744400;-0.5669670000;0.4256320000;0.6755570000;0.1702680000
1050;-6.7042182600;-4.1065679400;-4.2213852600;0.1514995800;0.6589108200;-0.4968797400;0.4087650000;0.6842980000;0.1777920000
1051;-6.3550039200;-4.2452063400;-4.2729197400;0.0933422400;0.5303255400;-0.4368425400;0.3941960000;0.6928330000;0.1822410000
1052;-6.0278797200;-4.3074855000;-4.4763597600;0.0518843400;0.4079020800;-0.3833251800;0.3789840000;0.6989630000;0.1873700000
1053;-5.8385034600;-4.5951999600;-4.7279805000;0.1075008600;0.3217100400;-0.2991547800;0.3695870000;0.7045410000;0.1910840000
1054;-5.6636611800;-4.8291991800;-5.1544312800;0.1417565400;0.2146906200;-0.2074863600;0.3598590000;0.7087560000;0.1912140000
1055;-5.5194770400;-5.0933638800;-5.5356399600;0.0461560200;0.1695678600;-0.1367299800;0.3554310000;0.7102830000;0.1904740000
1056;-5.5045870800;-5.2290351000;-5.6581960200;-0.0234243000;0.1339035600;-0.1013288400;0.3495500000;0.7129260000;0.1932490000
1057;-5.4747337200;-5.4102350400;-5.7657111600;-0.0188842800;0.1109188800;-0.1068103200;0.3466670000;0.7152810000;0.1957330000
1058;-5.4897063000;-5.4247445400;-5.8877062200;-0.0200113800;0.1004700000;-0.0639815400;0.3441850000;0.7163100000;0.1979670000
1059;-5.4442612200;-5.4703956600;-5.9028817800;0.0157743000;0.0749975400;-0.0349839600;0.3427310000;0.7147050000;0.1988850000
1060;-5.3987090400;-5.5008722400;-5.9331808800;0.0618242400;0.0509694000;-0.0301644600;0.3413030000;0.7155440000;0.1978570000
1061;-5.3834253600;-5.4708556800;-5.9100350400;0.0506154600;0.0272880600;-0.0300747000;0.3408040000;0.7173190000;0.1963090000
1062;-5.4293396400;-5.5084855200;-5.8573459200;0.0726464400;0.0406000800;0.0219861000;0.3402160000;0.7176100000;0.1955950000
1063;-5.3991425400;-5.6216086200;-5.9796398400;0.0383091600;0.0209497800;0.0415548000;0.3401340000;0.7172530000;0.1940790000
1064;-5.4147352800;-5.7571564200;-6.0719794200;0.0373881000;0.0284049600;0.0545373600;0.3431450000;0.7155650000;0.1914570000
1065;-5.3690923200;-5.8249976400;-6.2090847600;0.0282774600;0.0280744800;0.0256876800;0.3443450000;0.7179590000;0.1909370000
1066;-5.4299812200;-5.8321254000;-6.1943702400;0.0458520600;0.0297217800;0.0219779400;0.3451380000;0.7182310000;0.1904160000
1067;-5.4603894600;-5.8318795800;-6.1945987200;0.0117759000;0.0351981600;0.0033007200;0.3460420000;0.7169210000;0.1893600000
1068;-5.4607362600;-5.8924584000;-6.1645485000;0.0063444000;0.0525279600;-0.0032946000;0.3450350000;0.7166220000;0.1909740000
1069;-5.4607536000;-5.8549734000;-6.0881882400;0.0322666800;0.0660807000;-0.0033139800;0.3465830000;0.7164530000;0.1917260000
1070;-5.4454505400;-5.8249262400;-6.0726536400;0.0231407400;0.0694885200;-0.0284539200;0.3454220000;0.7174260000;0.1905710000
1071;-5.4300261000;-5.7721779600;-6.0645823800;-0.0009067800;0.0632522400;-0.0293872200;0.3431550000;0.7179500000;0.1917160000
1072;-5.3994138600;-5.7270796800;-6.0640570800;0.0277236000;0.0677167800;-0.0228510600;0.3424060000;0.7180540000;0.1930620000
1073;-5.3842046400;-5.6971834800;-6.0104652600;0.0249165600;0.0622689600;-0.0228276000;0.3393500000;0.7171770000;0.1922570000
1074;-5.3537770200;-5.6973987000;-6.0178470000;0.0304347600;0.0660368400;-0.0116708400;0.3404470000;0.7176960000;0.1922970000
1075;-5.3690056200;-5.7273244800;-6.0638275800;0.0128448600;0.0570006600;-0.0116596200;0.3393550000;0.7179700000;0.1923890000
1076;-5.3386769400;-5.7577082400;-6.0866307000;0.0063882600;0.0570220800;-0.0135272400;0.3397420000;0.7193070000;0.1919820000
1077;-5.3237686200;-5.8483383000;-6.1327765200;0.0173961000;0.0460591200;-0.0060261600;0.3398930000;0.7193640000;0.1947420000
1078;-5.3768239200;-5.7876319800;-6.0871141800;0.0266638200;0.0551728200;-0.0032640000;0.3393510000;0.7200980000;0.1923740000
1079;-5.3086022400;-5.8485208800;-6.1174387800;0.0376757400;0.0460570800;0.0042360600;0.3385810000;0.7169600000;0.1907130000
1080;-5.3237880000;-5.8483678800;-6.1251652800;0.0497729400;0.0568303200;-0.0041677200;0.3369090000;0.7176550000;0.1902270000
1081;-5.2781205600;-5.8036327200;-6.0636348000;0.0222023400;0.0797864400;-0.0135986400;0.3381540000;0.7200260000;0.1905350000
1082;-5.3011878600;-5.8488829800;-6.0412682400;0.0081263400;0.0406429200;-0.0078713400;0.3366210000;0.7194560000;0.1925440000
1083;-5.2781664600;-5.8262145000;-6.0866164200;0.0350686200;0.0659776800;-0.0135231600;0.3369710000;0.7204120000;0.1914490000
1084;-5.2858572600;-5.8788128400;-6.1479102600;-0.0010230600;0.0497301000;-0.0153673200;0.3352380000;0.7208050000;0.1923410000
1085;-5.2784867400;-5.9467693200;-6.1787428200;-0.0155937600;0.0714550800;-0.0396688200;0.3341310000;0.7212200000;0.1921560000
1086;-5.2480509600;-5.9244629400;-6.1479204600;0.0213159600;0.0676045800;-0.0358764600;0.3335520000;0.7199780000;0.1940700000
1087;-5.2174621800;-5.9094128400;-6.1932615000;-0.0082507800;0.0604105200;-0.0423942600;0.3335130000;0.7207940000;0.1933740000
1088;-5.2175743800;-5.9095933800;-6.1475930400;0.0084649800;0.0711450000;-0.0526493400;0.3305320000;0.7234640000;0.1940610000
1089;-5.1872752800;-5.9175157200;-6.1169675400;0.0232570200;0.0579839400;-0.0739642800;0.3285950000;0.7232280000;0.1937090000
1090;-5.1491313600;-5.8800960000;-6.1012116000;0.0168330600;0.0709022400;-0.0693722400;0.3268240000;0.7235060000;0.1939120000
1091;-5.1109170600;-5.8350579000;-6.1006291800;0.0194228400;0.0454644600;-0.0562305600;0.3263110000;0.7241580000;0.1945750000
1092;-5.0881751400;-5.8578538800;-6.1158282000;0.0028815000;0.0564559800;-0.0637408200;0.3230310000;0.7239210000;0.1947210000
1093;-5.1110496600;-5.8727846400;-6.1160995200;0.0194361000;0.0491395200;-0.0543874200;0.3222190000;0.7257840000;0.1949500000
1094;-5.0805078000;-5.8353037200;-6.1004007000;0.0323115600;0.0529573800;-0.0357775200;0.3211770000;0.7276280000;0.1959970000
1095;-5.0501230200;-5.8655967000;-6.1460375400;0.0156049800;0.0347605800;-0.0375819000;0.3208450000;0.7261980000;0.1948920000
1096;-5.0500179600;-5.8504221600;-6.1611610800;0.0285651000;0.0457337400;-0.0301695600;0.3186520000;0.7275490000;0.1949320000
1097;-5.0650854000;-5.8200700200;-6.1610774400;0.0154938000;0.0239761200;-0.0226521600;0.3190500000;0.7270200000;0.1946760000
1098;-4.9892626800;-5.8810211400;-6.1913459400;0.0339976200;0.0423544800;-0.0059568000;0.3184100000;0.7267390000;0.1954790000
1099;-5.0653179600;-5.8879653000;-6.1919681400;0.0025234800;0.0325696200;-0.0003845400;0.3187120000;0.7286490000;0.1935490000
1100;-5.0197321200;-5.9108847000;-6.2222182800;0.0062607600;0.0333417600;-0.0096818400;0.3177960000;0.7286370000;0.1943380000
1101;-5.0424699600;-5.8955867400;-6.2222907000;0.0081304200;0.0462651600;0.0014259600;0.3180790000;0.7282310000;0.1944900000
1102;-5.0505412200;-5.9788065000;-6.1848352800;0.0081732600;0.0572750400;0.0041667000;0.3185270000;0.7290050000;0.1951910000
1103;-5.0506554600;-6.0165016200;-6.2079158400;0.0118911600;0.0460213800;-0.0153163200;0.3188030000;0.7284700000;0.1952060000
1104;-5.0203410600;-6.0168973800;-6.1696301400;0.0238465800;0.0423942600;-0.0078387000;0.3175400000;0.7271700000;0.1946140000
1105;-5.0505075600;-5.9712493200;-6.1847853000;0.0275593800;0.0404470800;-0.0143381400;0.3190800000;0.7271380000;0.1952270000
1106;-5.0352606000;-5.9412929400;-6.1464159600;0.0154785000;0.0351910200;-0.0040963200;0.3172040000;0.7276020000;0.1934960000
1107;-5.0123310000;-5.8812588000;-6.0849589200;0.0246452400;0.0204744600;-0.0077356800;0.3179490000;0.7283620000;0.1946220000
1108;-4.9590033600;-5.7989784600;-5.9774560200;0.0458408400;0.0260569200;0.0080937000;0.3177210000;0.7284090000;0.1929600000
1109;-4.9739106600;-5.7083494200;-5.9313091800;0.0335967600;-0.0084088800;0.0221809200;0.3203600000;0.7292290000;0.1911310000
1110;-4.9739902200;-5.7009727800;-5.8855917600;-0.0071532600;-0.0124225800;0.0426084600;0.3205910000;0.7284510000;0.1903200000
1111;-5.0194863000;-5.6253928200;-5.7941049000;0.0266821800;-0.0459357000;0.0846589800;0.3230870000;0.7276140000;0.1908390000
1112;-5.0496018000;-5.5271443800;-5.7328008600;0.0070798200;-0.0637275600;0.1116879600;0.3258590000;0.7268410000;0.1888900000
1113;-5.1257825400;-5.5042810800;-5.6266668000;0.0195687000;-0.1088391000;0.1649166600;0.3306050000;0.7258200000;0.1904650000
1114;-5.2094776200;-5.4286970400;-5.4593521200;0.0478400400;-0.1543433400;0.1949169000;0.3350100000;0.7217830000;0.1857130000
1115;-5.3998881600;-5.5477820400;-5.5376881200;0.0225593400;-0.1948669200;0.2350314600;0.3426760000;0.7202500000;0.1805220000
1116;-5.4991617000;-5.6827464000;-5.6078233200;0.0112047000;-0.2171192400;0.2797462200;0.3520400000;0.7154180000;0.1787300000
1117;-5.5528075800;-5.8480659600;-5.7387046200;0.0148104000;-0.2298406800;0.2918852400;0.3624410000;0.7118680000;0.1733880000
1118;-5.6744680800;-5.7871087200;-5.6174439600;0.0628116000;-0.2579926800;0.2613678600;0.3713180000;0.7102650000;0.1703130000
1119;-5.7879512400;-5.5077144000;-5.3272427400;0.0479002200;-0.2816883000;0.2549418600;0.3797650000;0.7036980000;0.1642260000
1120;-6.0074195400;-5.0466886800;-4.8844311600;0.0565600200;-0.3477975600;0.3036142200;0.3899190000;0.7011990000;0.1594180000
1121;-6.2263309200;-4.5772632600;-4.6546884000;0.0236844000;-0.4174095000;0.3457279800;0.4006860000;0.6952110000;0.1506650000
1122;-6.4543325400;-4.3802614800;-4.3202222400;-0.0998355600;-0.4943562600;0.4072768200;0.4130430000;0.6897620000;0.1459670000
1123;-6.7656987600;-4.1746662000;-4.0776723600;-0.1903034400;-0.5987400000;0.4894439400;0.4274450000;0.6817100000;0.1384780000
1124;-7.1006932800;-4.3903503000;-4.2795191400;-0.1603950000;-0.6881358600;0.5326144200;0.4454530000;0.6709430000;0.1317040000
1125;-7.4799690600;-4.0258318800;-3.9527223600;-0.3064386000;-0.8065242000;0.6324408000;0.4648440000;0.6586950000;0.1251340000
1126;-7.8602577000;-4.3231659600;-4.4370765000;-0.2335677600;-0.8391815400;0.6382027800;0.4845600000;0.6451590000;0.1169330000
1127;-8.1939945600;-4.1692041000;-4.4690524800;-0.2508282000;-0.9178623000;0.7026739200;0.5052540000;0.6321360000;0.1040850000
1128;-8.4675677400;-4.4369245200;-5.0132979600;-0.3908048400;-0.8736218400;0.6706153200;0.5245330000;0.6159600000;0.0953360000
1129;-8.7101482200;-4.2538008600;-4.9606649400;-0.4513347000;-0.8356523400;0.6070978800;0.5420170000;0.6002730000;0.0888520000
1130;-8.8925344200;-4.3122468600;-5.0994379800;-0.3638819400;-0.7900042800;0.5130447000;0.5587520000;0.5864190000;0.0787440000
1131;-8.9823107400;-3.7840062000;-4.7160995400;-0.4354594200;-0.7446918000;0.4355614200;0.5723130000;0.5755950000;0.0708270000
1132;-8.8296799800;-3.7992919200;-4.9814505000;-0.4565662800;-0.7021843200;0.4614041400;0.5838050000;0.5621430000;0.0625720000
1133;-9.1961996400;-3.6639032400;-4.0775591400;-0.0179163000;-0.7348100400;0.4267843200;0.5953890000;0.5504400000;0.0485210000
1134;-9.3614712600;-2.9691506400;-3.6023697000;-0.0521607600;-0.6018265200;0.3610677600;0.6053980000;0.5401150000;0.0332960000
1135;-9.2164762200;-2.9544167400;-3.7990777200;-0.2052862200;-0.4873651800;0.2208432600;0.6128800000;0.5334290000;0.0220750000
1136;-9.3296554200;-2.6820379800;-3.6459318600;-0.3166600200;-0.4117240200;0.2110655400;0.6190320000;0.5266690000;0.0141070000
1137;-9.3067299000;-2.5319786400;-3.4164308400;-0.3161694000;-0.3167242800;0.1995079200;0.6232480000;0.5219290000;0.0108680000
1138;-9.4517922600;-2.3967705000;-2.9142807600;-0.3014334600;-0.3242161800;0.1865396400;0.6268620000;0.5170880000;0.0066400000
1139;-9.4830358800;-2.3753586600;-2.5337942400;-0.2662506000;-0.2820351000;0.2087389200;0.6300910000;0.5125680000;0.0054260000
1140;-9.4826370600;-2.2621804800;-2.4873852600;-0.3269885400;-0.2479854600;0.1917702000;0.6343380000;0.5075470000;0.0027400000
1141;-9.6427760400;-2.2466826000;-2.2601476200;-0.3566093400;-0.2624980200;0.1834102800;0.6406740000;0.5026200000;0.0006890000
1142;-9.4921414200;-2.4527368800;-2.0624420400;-0.2715974400;-0.2455344000;0.1918385400;0.6443920000;0.4983900000;-0.0016100000
1143;-9.6038171400;-2.1854469000;-2.5334749800;-0.3746143800;-0.2964354600;0.0263221200;0.6463810000;0.4966110000;-0.0053740000
1144;-9.4676716200;-2.3977313400;-2.6403862800;-0.6016653600;-0.2117428200;0.0907687800;0.6487970000;0.4967420000;-0.0012830000
1145;-9.5425722600;-2.3052877200;-2.9295970800;-0.3571305600;-0.1292207400;0.0349217400;0.6497510000;0.4956050000;0.0011050000
1146;-9.7409296200;-2.4098591400;-2.8404419400;-0.1404336000;-0.0703157400;-0.0283121400;0.6525540000;0.4939520000;0.0021940000
1147;-9.7095748200;-2.0559640200;-2.5714934400;-0.0521628000;-0.0113607600;-0.0953995800;0.6511780000;0.4954300000;0.0021270000
1148;-9.5879449200;-1.8393782400;-2.1657435600;0.0412926600;0.0245758800;-0.1046999400;0.6484040000;0.4975990000;0.0015870000
1149;-9.5728887000;-1.7196975600;-1.8832178400;0.1097397600;0.0572077200;-0.0954322200;0.6447880000;0.5012480000;0.0007270000
1150;-9.6336297000;-1.5165156000;-1.5398317800;-0.0790551000;0.0187516800;-0.0657481800;0.6432700000;0.5012690000;0.0005280000
1151;-9.5807314800;-1.6449968400;-1.6468297800;-0.1622585400;-0.0380470200;-0.1186413000;0.6433560000;0.5036160000;0.0021670000
1152;-9.5499111600;-1.6445796600;-1.8140506200;-0.0554359800;-0.0506827800;-0.0449554800;0.6429870000;0.5046620000;0.0029710000
1153;-9.5420571600;-1.7042557800;-2.0275060200;-0.0443638800;-0.0283702800;-0.0059731200;0.6420300000;0.5061310000;0.0030590000
1154;-9.6033408000;-1.9145879400;-2.2272424200;-0.0478818600;-0.0140280600;-0.0246615600;0.6406640000;0.5065420000;0.0031390000
1155;-9.6646438200;-2.0424214800;-2.2665970800;0.0316995600;0.0016779000;-0.0376553400;0.6409530000;0.5066640000;0.0034260000
1156;-9.6950082000;-2.0120979000;-2.2285714800;0.0114994800;0.0423085800;-0.0173930400;0.6415800000;0.5064210000;0.0023510000
1157;-9.6116068800;-1.9381020000;-1.9991071800;0.0016279200;0.0618324000;-0.0751485000;0.6410250000;0.5090860000;0.0023090000
1158;-9.5888955600;-1.8934229400;-1.8768581400;0.0597822000;0.0541028400;-0.0787501200;0.6388800000;0.5093500000;0.0031850000
1159;-9.5737026600;-1.8710543400;-1.8309265200;0.0892428600;0.0458520600;-0.0656482200;0.6359340000;0.5102100000;0.0019580000
1160;-9.5504099400;-1.7429148000;-1.7918584800;0.0511887000;0.0290526600;-0.0432949200;0.6361000000;0.5109910000;0.0025100000
1161;-9.5273140800;-1.7201249400;-1.8676516200;-0.0015371400;0.0352624200;-0.0145554000;0.6347250000;0.5118040000;0.0024490000
1162;-9.5504660400;-1.8255327600;-1.9217952600;-0.0035118600;0.0245554800;0.0068768400;0.6343410000;0.5127240000;0.0029780000
1163;-9.4975851600;-1.9165290000;-1.9524319800;0.0167514600;0.0292740000;0.0292107600;0.6359170000;0.5112810000;0.0016740000
1164;-9.5434708800;-1.9766202600;-1.9531714800;0.0020838600;0.0336477600;0.0068401200;0.6371690000;0.5108610000;0.0020030000
1165;-9.5741443200;-2.0518279200;-1.9843396200;0.0389966400;0.0149215800;-0.0060588000;0.6366520000;0.5097880000;0.0025410000
1166;-9.5742759000;-2.0520380400;-1.9310599200;0.0492048000;0.0184008000;-0.0153601800;0.6368330000;0.5111600000;0.0008860000
1167;-9.5209176600;-2.0372317200;-1.9610061000;0.0419158800;0.0246319800;-0.0330663600;0.6359940000;0.5111770000;0.0005760000
1168;-9.5434739400;-1.9691232600;-1.9378990200;0.0335386200;0.0221044200;-0.0209732400;0.6347700000;0.5126460000;0.0007920000
1169;-9.5582659800;-1.8858096600;-1.9526931000;0.0187098600;0.0279510600;-0.0005528400;0.6350100000;0.5113320000;0.0001220000
1170;-9.6117598800;-1.9308457200;-1.9229448000;0.0020706000;0.0299584200;0.0049908600;0.6359070000;0.5123480000;0.0015280000
1171;-9.5282290200;-1.9766824800;-1.9682797200;0.0113730000;0.0222553800;-0.0210038400;0.6355570000;0.5125220000;0.0001360000
1172;-9.5736955200;-1.9685765400;-2.0142419400;0.0537835800;0.0203714400;-0.0004783800;0.6345040000;0.5122460000;0.0009220000
1173;-9.6041506800;-1.9459009200;-1.9534315800;0.0521087400;0.0644160600;0.0104917200;0.6357250000;0.5119740000;0.0006970000
1174;-9.5435932800;-2.0368369800;-2.0144571600;0.0077499600;0.0378522000;-0.0173593800;0.6358140000;0.5133250000;-0.0001350000
1175;-9.5894504400;-2.0368614600;-1.9158527400;0.0445464600;0.0222808800;-0.0005008200;0.6348390000;0.5128110000;-0.0004460000
1176;-9.6123055800;-2.0517626400;-1.9237353000;-0.0145564200;0.0328715400;0.0096033000;0.6374900000;0.5109020000;0.0003630000
1177;-9.6505484400;-2.1193509000;-1.9549116000;-0.0219034800;0.0206968200;-0.0154774800;0.6368460000;0.5120830000;0.0011550000
1178;-9.5743534200;-2.0896740000;-1.9693639800;-0.0090606600;0.0134772600;-0.0023980200;0.6360510000;0.5127420000;0.0016690000
1179;-9.5134951200;-2.0976014400;-1.9994009400;-0.0090106800;0.0188985600;-0.0079978200;0.6361930000;0.5106130000;0.0016900000
1180;-9.5589973200;-2.0520400800;-1.9613906400;-0.0310457400;0.0204510000;-0.0415242000;0.6342840000;0.5114250000;0.0018830000
1181;-9.5588045400;-2.0217205800;-1.9840275000;-0.0474728400;0.0459336600;-0.0593303400;0.6342350000;0.5123120000;0.0035280000
1182;-9.5436687600;-2.0369583600;-1.9840122000;-0.0171553800;0.0183824400;-0.0526575000;0.6329250000;0.5146860000;0.0046970000
1183;-9.5283861000;-2.0444574000;-2.0296143600;-0.0162547200;0.0184640400;-0.0452145600;0.6321450000;0.5152040000;0.0054890000
1184;-9.4525072800;-2.0603051400;-1.9986961200;-0.0485632200;0.0083956200;-0.0656727000;0.6290130000;0.5170860000;0.0059000000
1185;-9.4524807600;-2.0377529400;-1.9681022400;-0.0902475600;0.0062842200;-0.0396729000;0.6300760000;0.5188830000;0.0078580000
1186;-9.5743911600;-2.0897341800;-1.9541415000;-0.0985014000;0.0135670200;-0.0443802000;0.6308890000;0.5196090000;0.0102270000
1187;-9.5745227400;-2.1274609200;-1.9696108200;-0.1402153200;-0.0079580400;-0.0341139000;0.6285170000;0.5190560000;0.0119270000
1188;-9.5441420400;-2.1502569000;-1.9999752000;-0.1316962800;0.0191943600;-0.0509612400;0.6277900000;0.5198130000;0.0136820000
1189;-9.5517410400;-2.1576927000;-2.0153047800;-0.1280569200;0.0063403200;-0.0527625600;0.6267770000;0.5214420000;0.0177620000
1190;-9.5899288200;-2.1801796200;-1.9852943400;-0.1529214600;0.0043962000;-0.0751179000;0.6242840000;0.5235380000;0.0198510000
1191;-9.5821737600;-2.1874971000;-2.0613996000;-0.1010524200;0.0147277800;-0.0955576800;0.6238520000;0.5250780000;0.0220260000
1192;-9.5129973600;-2.0367819000;-2.0903421000;-0.0826322400;0.0259426800;-0.0676627200;0.6214970000;0.5271730000;0.0241200000
1193;-9.5128300800;-1.9914979800;-2.0748228000;-0.1305477600;0.0500514000;-0.0678300000;0.6204810000;0.5276750000;0.0255910000
1194;-9.5206626600;-2.0218164600;-2.0370205800;-0.1453153200;0.0631257600;-0.0548841600;0.6191060000;0.5276240000;0.0280150000
1195;-9.5280158400;-1.9913449800;-2.0825482800;-0.0512550000;0.0276715800;-0.0583246200;0.6193450000;0.5288320000;0.0324240000
1196;-9.5199904800;-1.9307070000;-2.1429863400;0.0206774400;0.0173430600;-0.0395770200;0.6174870000;0.5302820000;0.0335780000
1197;-9.5047996200;-1.9458540000;-2.1658047600;-0.0347065200;0.0241138200;-0.0406113000;0.6179960000;0.5316240000;0.0329000000
1198;-9.4366870800;-2.0969486400;-2.3185048800;-0.0134119800;0.0405735600;-0.0267015600;0.6175160000;0.5311970000;0.0341240000
1199;-9.4140757200;-2.0824401600;-2.2116751800;0.0281367000;0.0682196400;0.0104509200;0.6170200000;0.5316430000;0.0325850000
1200;-9.4979462400;-2.1121762200;-2.1668349600;0.0299339400;0.0813756000;0.0401553600;0.6180910000;0.5295850000;0.0345720000
1201;-9.4829236800;-2.1275935200;-2.1211512000;0.0104978400;0.0741999000;0.0392322600;0.6187390000;0.5292630000;0.0363910000
1202;-9.4911489600;-2.2410726000;-2.0762814000;-0.0458816400;0.0877169400;0.0642100200;0.6202510000;0.5281160000;0.0389390000
1203;-9.5825593200;-2.3306643000;-2.1688974000;-0.0163189800;0.0735583200;0.0494128800;0.6215160000;0.5274890000;0.0420250000
1204;-9.4836529800;-2.3388365400;-2.2138702200;0.0244698000;0.0588611400;-0.0062730000;0.6197350000;0.5253150000;0.0444480000
1205;-9.3925639200;-2.3698006800;-2.2133806200;0.0503818800;0.0789816600;0.0067065000;0.6224200000;0.5253150000;0.0434540000
1206;-9.4300968600;-2.2636921200;-2.2129756800;0.0318964200;0.0512499000;-0.0266872800;0.6205180000;0.5265210000;0.0437820000
1207;-9.4981380000;-2.1875083200;-2.2282195800;-0.0199155000;0.0500259000;-0.0062923800;0.6206770000;0.5270400000;0.0441980000
1208;-9.3005232000;-2.1816637200;-2.1962364600;-0.0983433000;0.0651729000;-0.0129560400;0.6190520000;0.5270470000;0.0445460000
1209;-9.3994540200;-2.2035396600;-2.1971289600;-0.0865215000;0.0294463800;-0.0100062000;0.6194560000;0.5264480000;0.0469080000
1210;-9.4905430800;-2.1725755200;-2.1976175400;-0.0402971400;0.0206131800;-0.0303776400;0.6210830000;0.5250450000;0.0490500000
1211;-9.4825513800;-2.1194947200;-2.2581055800;-0.0626453400;0.0027835800;-0.0061444800;0.6197310000;0.5258460000;0.0494030000
1212;-9.4217593800;-2.1500325000;-2.3035139400;-0.0718090200;0.0109823400;-0.0136302600;0.6207110000;0.5268210000;0.0523280000
1213;-9.3762673800;-2.1731018400;-2.2957068600;-0.0661623000;0.0105988200;-0.0415242000;0.6198550000;0.5271780000;0.0542190000
1214;-9.5129004600;-2.1266561400;-2.2964412600;-0.0189546600;0.0145707000;-0.0600933000;0.6190150000;0.5273280000;0.0539090000
1215;-9.4363219200;-1.9913276400;-2.2721448600;0.0012291000;0.0018757800;-0.0432541200;0.6174050000;0.5283240000;0.0520460000
1216;-9.4209209400;-1.9311119400;-2.2411899000;-0.0367240800;-0.0013127400;-0.0284049600;0.6178770000;0.5284220000;0.0531670000
1217;-9.4516005000;-1.9913256000;-2.2418141400;-0.0441598800;0.0026112000;-0.0107630400;0.6169130000;0.5287650000;0.0556050000
1218;-9.3906789600;-1.9766406600;-2.2564797000;-0.0349401000;0.0044716800;-0.0042401400;0.6165010000;0.5287700000;0.0555880000
1219;-9.4893262200;-1.9605491400;-2.3027938200;0.0055365600;-0.0119921400;0.0200613600;0.6176180000;0.5280190000;0.0534350000
1220;-9.4968579000;-1.9903861800;-2.3867734800;0.0046532400;0.0102061200;0.0413559000;0.6180470000;0.5272090000;0.0537330000
1221;-9.4668586800;-2.0813181600;-2.3871376200;0.0000897600;0.0230764800;0.0440854200;0.6179380000;0.5281260000;0.0542730000
1222;-9.4443768600;-2.1495480000;-2.3797987200;-0.0081294000;0.0432745200;0.0458479800;0.6204480000;0.5240950000;0.0549540000
1223;-9.4902085200;-2.1645358800;-2.3193504600;-0.0034221000;0.0559490400;0.0383540400;0.6208130000;0.5249110000;0.0541370000
1224;-9.4903849800;-2.1873288000;-2.2890534000;-0.0015748800;0.0550045200;0.0365007000;0.6200210000;0.5242400000;0.0546610000
1225;-9.4827900600;-2.1723960000;-2.2584513600;0.0003141600;0.0427594200;0.0086506200;0.6213630000;0.5237740000;0.0566460000
1226;-9.4524950400;-2.1728213400;-2.2125544200;0.0243147600;0.0379919400;0.0049878000;0.6223160000;0.5240330000;0.0565450000
1227;-9.5281606800;-2.1266235000;-2.2737217800;0.0261630000;0.0184507800;-0.0181896600;0.6224550000;0.5232340000;0.0565560000
1228;-9.4823188200;-2.0966120400;-2.3112373800;0.0261915600;0.0165066600;-0.0274788000;0.6229120000;0.5234730000;0.0574000000
1229;-9.4667852400;-2.0361852000;-2.3335611000;0.0170421600;0.0302256600;-0.0321983400;0.6205950000;0.5234250000;0.0551030000
1230;-9.5123262000;-2.0282006400;-2.3490783600;0.0438385800;0.0383713800;-0.0228990000;0.6196600000;0.5251490000;0.0556040000
1231;-9.4513016400;-1.9908431400;-2.3635960200;0.0261497400;0.0315261600;0.0031589400;0.6204680000;0.5254130000;0.0553590000
1232;-9.4513893600;-2.0059881000;-2.3560837200;0.0169728000;0.0462672000;0.0068044200;0.6210480000;0.5253920000;0.0559330000
1233;-9.4591158600;-2.0211320400;-2.3334050400;-0.0181101000;0.0576034800;0.0160089000;0.6206690000;0.5237860000;0.0564810000
1234;-9.3911797800;-2.1124914000;-2.3030376000;-0.0200481000;0.0449095800;0.0216464400;0.6208370000;0.5236360000;0.0570400000
1235;-9.4369043400;-2.1123047400;-2.2577128800;0.0280683600;0.0368444400;-0.0108140400;0.6216930000;0.5225480000;0.0576330000
1236;-9.4974495000;-2.0513556600;-2.2577761200;0.0426625200;0.0113230200;0.0041952600;0.6205090000;0.5233330000;0.0585440000
1237;-9.5277149400;-2.0358761400;-2.2883516400;-0.0035108400;0.0023092800;-0.0097858800;0.6233110000;0.5226780000;0.0571460000
1238;-9.4593994200;-2.0966151000;-2.3567334600;-0.0080722800;0.0151857600;-0.0061230600;0.6216610000;0.5234940000;0.0570740000
1239;-9.4670443200;-2.1266326800;-2.3950446600;-0.0090606600;0.0098368800;0.0050581800;0.6222430000;0.5225420000;0.0576550000
1240;-9.3378215400;-2.0976850800;-2.3329837800;-0.0274104600;0.0300073800;-0.0043401000;0.6204760000;0.5236810000;0.0604680000
1241;-9.3758593800;-2.0374020600;-2.2110927600;0.0057813600;0.0169401600;-0.0088893000;0.6215950000;0.5222650000;0.0583200000
1242;-9.4668535800;-1.9687723800;-2.1808895400;0.0786103800;-0.0351685800;-0.0392689800;0.6220580000;0.5234970000;0.0568140000
1243;-9.4362709200;-1.9387272600;-2.1956856600;0.0600137400;-0.0420617400;-0.0169360800;0.6206010000;0.5248170000;0.0527510000
1244;-9.4057096800;-1.9462283400;-2.2716195600;0.0460927800;-0.0435907200;-0.0002029800;0.6204970000;0.5238070000;0.0508260000
1245;-9.5274630000;-2.0129628600;-2.3490936600;0.0515110200;-0.0413518200;0.0388477200;0.6228340000;0.5230490000;0.0484460000
1246;-9.5126189400;-2.1262042800;-2.4106108800;0.0424309800;-0.0185558400;0.0303623400;0.6217440000;0.5235230000;0.0460570000
1247;-9.4901922000;-2.2020219000;-2.3957107200;0.0666264000;-0.0053733600;0.0015014400;0.6230290000;0.5224900000;0.0444640000
1248;-9.5126709600;-2.0962764600;-2.3342995800;0.1766395200;0.0139882800;0.0015708000;0.6242260000;0.5236250000;0.0413350000
1249;-9.6035682600;-1.9899802200;-2.2734045600;0.1331538600;-0.0022287000;-0.0030742800;0.6234580000;0.5236080000;0.0373100000
1250;-9.4520411400;-2.0970669600;-2.2577281800;0.0223278000;0.0282509400;0.0292138200;0.6231080000;0.5235160000;0.0359190000
