time index;acc_x;acc_y;acc_z;gyr_x;gyr_y;gyr_z;mag_x;mag_y;mag_z
1;-6.5942000735;-4.3237413709;5.9155743331;0.0326082717;-0.0722394281;-0.0377934936;0.3066650000;0.1625760000;-0.7019470000
2;-6.6486199139;-4.2297104691;5.9225398282;0.0652756252;-0.0917542028;-0.0642259370;0.3049830000;0.1638050000;-0.7027100000
3;-6.4715185133;-4.3355292959;5.8750172039;0.1084143159;-0.0769591469;-0.0541403574;0.3003980000;0.1622370000;-0.7067250000
4;-6.5997868238;-4.2256314383;5.9816325682;0.1214294185;-0.0724466281;-0.0473535986;0.2948260000;0.1593050000;-0.7088470000
5;-6.5545690466;-4.2252799565;6.0541768773;0.1108936669;-0.0513377277;-0.0389229274;0.2937240000;0.1553510000;-0.7091370000
6;-6.5130338377;-4.1703594566;6.0418263946;0.0966332612;-0.0048627353;-0.0343085284;0.2929900000;0.1543250000;-0.7101200000
7;-6.4398296139;-4.0306273550;5.8618023569;0.0560284950;0.0196319995;-0.0413132556;0.2914370000;0.1522490000;-0.7111270000
8;-6.5559421127;-3.9721360105;6.0746508608;0.0301791246;0.0258936068;-0.0176190812;0.2911770000;0.1527750000;-0.7108670000
9;-6.6120516547;-4.1533859986;6.0860066950;0.0104922353;0.0209257962;-0.0252780171;0.2910110000;0.1521290000;-0.7114180000
10;-6.4315306271;-4.1788623679;6.2422471121;0.0651487612;0.0036371749;-0.0192593871;0.2906800000;0.1509700000;-0.7125210000
11;-6.3938329923;-4.0851737222;6.2384401609;0.0508012507;-0.0105186242;-0.0291704013;0.2910300000;0.1503990000;-0.7111300000
12;-6.2882928952;-4.0672176871;6.2294160080;0.0306111383;0.0014171411;-0.0067932011;0.2891510000;0.1484850000;-0.7131130000
13;-6.3184521148;-4.0829214497;6.2277601988;0.0499666991;0.0075767801;0.0041306223;0.2889100000;0.1470160000;-0.7125630000
14;-6.2534529996;-4.1150573338;6.0680236293;0.0082407896;0.0095802011;-0.0051117628;0.2897690000;0.1475840000;-0.7143170000
15;-6.4238338249;-4.0342454427;6.2048483114;-0.0202271641;0.0228913046;0.0123200423;0.2881710000;0.1478450000;-0.7135590000
16;-6.4269550695;-4.0579016892;6.0398659716;0.0231464621;0.0445421660;0.0418632563;0.2887790000;0.1476760000;-0.7124360000
17;-6.4871760387;-3.9805645240;5.9351668176;-0.0152370332;0.0493493548;0.0346095000;0.2912950000;0.1486160000;-0.7138510000
18;-6.4198328433;-4.1809574360;6.0050024234;-0.0142424911;0.0460742827;0.0327440064;0.2919360000;0.1465780000;-0.7121640000
19;-6.5524917884;-4.1627261642;6.1503538129;0.0233836850;0.0576254432;0.0242871940;0.2925980000;0.1458530000;-0.7100740000
20;-6.4168974561;-4.1897575472;5.9809267392;0.0482035222;0.0447261864;0.0002639576;0.2936050000;0.1445610000;-0.7116710000
21;-6.6107037176;-4.1691109802;6.0473427171;0.0354965978;0.0522910278;-0.0123569096;0.2949290000;0.1444360000;-0.7124400000
22;-6.4035569800;-4.1371702404;5.9944671181;0.0066738855;0.0402700395;-0.0033579687;0.2947180000;0.1433500000;-0.7113430000
23;-6.6312533216;-4.2037893291;6.2232495239;0.0345009801;0.0246830054;-0.0354876089;0.2965580000;0.1426380000;-0.7101660000
24;-6.4387851059;-4.2285191905;6.3261538434;0.0233728557;0.0328723463;-0.0215204480;0.2966230000;0.1412170000;-0.7115260000
25;-6.5542800733;-4.3609646924;6.4261583637;0.0851202032;-0.0518051648;-0.0738079914;0.2927040000;0.1399800000;-0.7133200000
26;-6.6363549784;-4.5129087354;6.5532555233;0.2126591015;-0.1000534628;-0.1261324879;0.2916180000;0.1394590000;-0.7132230000
27;-6.6583130139;-4.5233594079;7.0292464107;0.2660824494;-0.2104039080;-0.1762022031;0.2862730000;0.1336350000;-0.7162760000
28;-6.4499760426;-4.5083237765;7.1063313835;0.3881336496;-0.3949232314;-0.2578984758;0.2753000000;0.1266270000;-0.7224280000
29;-6.5279478005;-4.3892973867;7.3970242807;0.4753501273;-0.6475099228;-0.3279486896;0.2562610000;0.1171270000;-0.7313550000
30;-6.0218932648;-3.8894237130;7.4076555941;0.4148355716;-0.7630350058;-0.3575232849;0.2341280000;0.1068400000;-0.7394390000
31;-5.8307320719;-4.0610945438;7.7691873685;0.4396283695;-0.8397814685;-0.3766859162;0.2084350000;0.0976530000;-0.7476740000
32;-5.5715444337;-3.7179157538;7.8924245221;0.4646499754;-1.0301229268;-0.4055103262;0.1791120000;0.0868210000;-0.7574140000
33;-5.2950961998;-3.9124942044;8.4755011387;0.2965406540;-1.1945089659;-0.4193921055;0.1404240000;0.0789660000;-0.7660420000
34;-5.0930781632;-4.0029226156;8.6951917533;0.2617664314;-1.4248093899;-0.4683502130;0.0957070000;0.0734970000;-0.7724570000
35;-4.5972817573;-4.1504746111;8.7509431992;0.1365409511;-1.6532245449;-0.5313087218;0.0456150000;0.0689010000;-0.7797800000
36;-4.0553561741;-4.3177378389;9.2550589721;0.3998580345;-1.8456806201;-0.5728287459;-0.0084140000;0.0611560000;-0.7817480000
37;-3.5526774328;-4.3669957041;9.7982702111;0.5124657450;-2.0946537208;-0.5947361606;-0.0691380000;0.0471280000;-0.7789970000
38;-2.5792886348;-3.8817202534;9.9306666210;0.2441048767;-2.2584491383;-0.6759641654;-0.1379620000;0.0324720000;-0.7695670000
39;-1.9807693491;-4.0024897955;10.0188235128;0.1240891321;-2.5042490965;-0.6993313959;-0.2179770000;0.0225560000;-0.7548550000
40;-1.0171711313;-3.7710794692;9.7771886090;0.2560674016;-2.7156839777;-0.7319634257;-0.2971880000;0.0093930000;-0.7280110000
41;0.4241401927;-3.3473336531;8.7159999548;0.0885905714;-2.6374793645;-0.7421666867;-0.3697890000;-0.0038660000;-0.6951370000
42;0.6976210663;-3.2861980204;9.0325516706;0.1239048725;-2.7905440100;-0.7182295306;-0.4427620000;-0.0180690000;-0.6515670000
43;1.6613468539;-3.0050695238;7.8683894810;0.3042339713;-2.7466639242;-0.6867965444;-0.5127970000;-0.0371690000;-0.5993350000
44;3.2515062520;-2.6588328030;7.0146638535;0.1571193322;-2.7394617475;-0.6818990866;-0.5779580000;-0.0594750000;-0.5379640000
45;4.1744968466;-2.9198063394;7.0805609712;0.4800333118;-2.5960574074;-0.6112172524;-0.6310470000;-0.0827920000;-0.4730830000
46;5.3651552546;-1.8189580963;5.0240218592;0.4897820747;-2.3780140298;-0.4685957808;-0.6747800000;-0.1018720000;-0.4067610000
47;6.4548423370;-2.0767511367;4.9644304053;0.0734801176;-2.1891684235;-0.4683558579;-0.7086000000;-0.1195020000;-0.3438960000
48;6.6823526028;-2.1651264234;4.9271193341;0.3181399447;-1.9921384640;-0.4218505903;-0.7323130000;-0.1341260000;-0.2833930000
49;7.5977712796;-1.7944256382;3.9515197482;0.2075983706;-1.7927661169;-0.4103370996;-0.7470710000;-0.1548970000;-0.2241330000
50;7.9747053297;-1.6948967955;3.9303812531;0.3355716709;-1.6682522819;-0.3463313234;-0.7590060000;-0.1677360000;-0.1704460000
51;8.6529749051;-1.2732210171;2.8956211833;-0.0287324051;-1.4210293310;-0.3404915484;-0.7686650000;-0.1764710000;-0.1224610000
52;8.5338148729;-1.8982600794;2.9911420856;0.0423020836;-1.2526209318;-0.3253622933;-0.7735860000;-0.1862240000;-0.0827880000
53;9.0869704002;-1.3402427638;2.5170182839;0.2658489786;-1.1239220775;-0.3313195202;-0.7734410000;-0.1967610000;-0.0453760000
54;9.0616787247;-0.7005733767;1.9883797316;0.0290590271;-0.9349399375;-0.2215953389;-0.7677560000;-0.2081850000;-0.0115800000
55;9.1414374765;-0.9054271244;2.1158232872;0.1320137855;-0.8067599391;-0.0666962593;-0.7663230000;-0.2122110000;0.0145820000
56;9.3389776062;-0.8648052748;1.4535207919;0.1190010842;-0.6635001414;-0.0004624752;-0.7707990000;-0.2127850000;0.0426780000
57;9.6180860725;-1.3277469200;1.1558255082;-0.0652962631;-0.5269011702;-0.0964492858;-0.7676260000;-0.2133020000;0.0607870000
58;9.7909741152;-1.2448238011;1.1345768994;0.0896053707;-0.3767020010;-0.0879145305;-0.7661910000;-0.2177880000;0.0744640000
59;9.7514422749;-1.0577264098;1.2192002133;0.0384170981;-0.2655625287;-0.0688841534;-0.7623030000;-0.2188540000;0.0831360000
60;9.5123375455;-1.0061052485;1.4388656024;-0.0254411641;-0.2116959935;-0.0805767364;-0.7611750000;-0.2226560000;0.0911680000
61;9.6949033426;-0.8477750497;1.4033090838;0.0145145376;-0.2087754111;-0.0798434664;-0.7605090000;-0.2247750000;0.1008170000
62;9.6315673447;-0.9484354876;1.3596769277;-0.0124841479;-0.1929765902;-0.0313900781;-0.7590530000;-0.2257620000;0.1074700000
63;9.5946364935;-1.0188631617;1.2186022118;-0.0267325383;-0.1687113045;-0.0457887286;-0.7585840000;-0.2268560000;0.1135350000
64;9.2975067598;-0.8827887686;1.0950311836;-0.0541380168;-0.1620084108;-0.1279334795;-0.7557580000;-0.2308350000;0.1176570000
65;9.7844180816;-0.8530443783;1.0619771951;-0.0434721762;-0.0813074436;-0.0587979797;-0.7539340000;-0.2306130000;0.1185520000
66;9.4751009345;-0.7912497800;1.0616411086;0.0588012542;-0.0517896295;0.0022445958;-0.7542730000;-0.2311750000;0.1248550000
67;9.6421512973;-0.8786302317;1.0130404169;0.0291542721;-0.0100712094;0.0641465074;-0.7532220000;-0.2289830000;0.1266650000
68;9.7377668421;-1.0680406920;1.0714184099;0.0578558099;-0.0018865567;0.0176684604;-0.7537430000;-0.2275350000;0.1271830000
69;9.8054500483;-1.1095196035;1.1041017525;0.0344226730;0.0033595978;-0.0070464358;-0.7539760000;-0.2280150000;0.1253930000
70;9.8317492028;-1.0295164312;1.2048048204;0.0072774874;-0.0001649839;-0.0182988466;-0.7552680000;-0.2288320000;0.1267200000
71;9.6060805785;-0.9316972845;1.0715705734;0.0332679933;0.0081162667;-0.0482914790;-0.7534280000;-0.2291470000;0.1278930000
72;9.6925030982;-0.9026468956;1.1189373710;0.0265727075;0.0350426315;-0.0072490110;-0.7542470000;-0.2299320000;0.1278660000
73;9.7386000327;-1.0244954628;1.1972200576;0.0517856284;0.0457878296;0.0089835040;-0.7537240000;-0.2291320000;0.1274700000
74;9.5526354516;-1.0135486531;1.1915186661;0.0368650158;0.0332775001;-0.0089750764;-0.7540710000;-0.2298860000;0.1260890000
75;9.7518557696;-0.8932458176;1.2355139424;0.0100531931;0.0343457096;-0.0090069377;-0.7543600000;-0.2296110000;0.1258010000
76;9.5948082417;-1.0068735089;1.2789126653;0.0391338115;0.0299345353;0.0055160402;-0.7545440000;-0.2296530000;0.1274410000
77;9.8804198689;-1.0502508813;1.3044723946;0.0098549376;0.0145397261;-0.0079631251;-0.7544360000;-0.2301690000;0.1269000000
78;9.8162774221;-1.0043791285;1.1622114314;-0.0025492567;0.0139312708;-0.0313526301;-0.7540420000;-0.2293720000;0.1266350000
79;9.7830461158;-0.8930864765;1.2112856307;-0.0006480140;0.0302628845;-0.0275333488;-0.7539710000;-0.2302660000;0.1254100000
80;9.8312639184;-0.8776131862;1.2136094875;0.0206797535;0.0288672977;-0.0127604712;-0.7536180000;-0.2322940000;0.1268110000
81;9.6014799599;-0.9206505443;1.2282574182;-0.0008161609;0.0118910746;-0.0080377197;-0.7537700000;-0.2322850000;0.1265300000
82;9.7976784161;-0.9712045506;1.1446174013;0.0249195523;0.0274085211;-0.0232100041;-0.7534060000;-0.2314720000;0.1257150000
83;9.7697235667;-0.9375316448;1.1389587568;0.0258776006;0.0333821560;-0.0224755252;-0.7535270000;-0.2317430000;0.1259870000
84;9.5789286697;-0.8853863781;1.2024257480;0.0154272030;0.0460877447;-0.0000157997;-0.7532280000;-0.2330820000;0.1264200000
85;9.6202773107;-0.9090685245;1.2832326350;0.0378342122;0.0548655645;0.0202267768;-0.7540580000;-0.2322740000;0.1262440000
86;9.5875243104;-0.9239097008;1.3298974655;0.0226242262;0.0400512904;0.0072882199;-0.7545820000;-0.2320810000;0.1241630000
87;9.8765854715;-0.9685584667;1.2541487630;0.0495599895;0.0402638627;-0.0196577929;-0.7531240000;-0.2318760000;0.1258670000
88;9.7125347950;-0.9210173657;1.2721215245;0.0385248135;0.0146128058;-0.0302572283;-0.7537350000;-0.2301180000;0.1247320000
89;9.6673551981;-0.9417363558;1.2986140936;0.0225032802;0.0081322445;0.0020040725;-0.7534250000;-0.2329180000;0.1253140000
90;9.5837728818;-0.9319543400;1.2622228423;0.0028566802;0.0235916539;-0.0017504369;-0.7539450000;-0.2317350000;0.1258330000
91;9.8396060479;-0.9668073372;1.2360375512;0.0291359266;0.0353479937;-0.0108249300;-0.7534200000;-0.2317290000;0.1254420000
92;9.8156476404;-0.8784989534;1.2535548853;0.0222426554;0.0409442751;-0.0082850851;-0.7548360000;-0.2308970000;0.1245560000
93;9.9028424332;-0.9262571453;1.2448665141;0.0011029185;0.0503084192;0.0107823276;-0.7540650000;-0.2320720000;0.1236350000
94;9.5610608810;-0.9239656006;1.2489961943;0.0244530292;0.0357984299;0.0072693189;-0.7551700000;-0.2304660000;0.1234420000
95;9.9029732894;-0.9331312520;1.3498824509;-0.0042885058;0.0417001924;-0.0054768076;-0.7550540000;-0.2315160000;0.1230420000
96;9.6290284229;-0.8966856564;1.2915112441;0.0325269912;0.0121046569;-0.0159716959;-0.7535470000;-0.2320630000;0.1231070000
97;9.9097840472;-0.8957944412;1.3131097778;0.0028841664;0.0179707499;-0.0172105239;-0.7535230000;-0.2326040000;0.1235230000
98;9.8218352245;-0.9062493587;1.2970088429;0.0229624974;0.0217335440;-0.0107585300;-0.7543290000;-0.2328670000;0.1237670000
99;9.6358902487;-0.9513574470;1.2594523040;0.0009823834;0.0234745355;0.0056232835;-0.7537950000;-0.2333960000;0.1235180000
100;9.5631769558;-0.9268101035;1.2808667304;0.0155902129;0.0229534993;-0.0071603782;-0.7541700000;-0.2320190000;0.1217090000
101;9.9276486082;-0.9487545619;1.3274103448;-0.0006802657;0.0335141617;-0.0188407151;-0.7534800000;-0.2308390000;0.1218650000
102;9.9082094484;-0.8771839699;1.3439707394;-0.0110224826;0.0200622855;0.0037359196;-0.7539630000;-0.2331140000;0.1229600000
103;9.6415354360;-0.9239724269;1.3034939473;0.0211951683;0.0004399510;-0.0363037467;-0.7544530000;-0.2318140000;0.1240290000
104;9.6949397010;-0.8195037400;1.2445691621;-0.0209713325;0.0106510036;-0.0193138340;-0.7527170000;-0.2330030000;0.1232840000
105;9.5682108452;-0.8762553103;1.2122511133;0.0110005771;0.0229789966;-0.0152430143;-0.7540220000;-0.2346070000;0.1243410000
106;9.6288967196;-0.8324061644;1.3018833259;-0.0132743298;0.0366850699;0.0054779230;-0.7525780000;-0.2339320000;0.1232960000
107;9.5803993116;-0.8696686118;1.2986659132;0.0080950952;0.0126740043;0.0093268489;-0.7530440000;-0.2334370000;0.1247840000
108;9.5979009553;-0.9052859776;1.2641798244;0.0230003414;0.0124646325;-0.0070411465;-0.7526920000;-0.2339410000;0.1237030000
109;9.7291791507;-0.8518412340;1.2640239679;0.0118548772;0.0163449550;0.0091634419;-0.7525640000;-0.2331440000;0.1235660000
110;9.6544412441;-0.8577555532;1.2614117197;0.0027672946;0.0108224508;0.0001198797;-0.7545810000;-0.2326110000;0.1241670000
111;9.7173042867;-0.9299511844;1.2642750876;0.0074643704;0.0194180135;-0.0072572443;-0.7531450000;-0.2325270000;0.1254590000
112;9.7332287963;-0.8942629138;1.3111275400;0.0083463532;0.0338262198;0.0036067383;-0.7533110000;-0.2330400000;0.1249070000
113;9.6168344203;-0.9605467021;1.3231833622;0.0278525096;0.0144154918;-0.0007662058;-0.7531680000;-0.2325160000;0.1250460000
114;9.6373597267;-0.9057055334;1.2814434927;0.0045358970;-0.0008127533;-0.0034642147;-0.7549990000;-0.2326020000;0.1240130000
115;9.5205805122;-0.8730288013;1.2575988087;0.0011305009;0.0382763660;-0.0107835761;-0.7551800000;-0.2327110000;0.1231830000
116;9.5150372599;-0.8748877658;1.2649250781;0.0081282984;0.0255029026;0.0144382590;-0.7540480000;-0.2328740000;0.1239160000
117;9.5942052916;-0.9302062375;1.3075409700;0.0212014546;0.0305371534;-0.0073585753;-0.7551760000;-0.2313900000;0.1233110000
118;9.7445396531;-0.8598206027;1.2991065301;0.0208124414;0.0278026768;0.0093777012;-0.7544160000;-0.2317000000;0.1247160000
119;9.8536522158;-0.8954961509;1.4033210729;0.0374130876;0.0076808154;-0.0125902448;-0.7532560000;-0.2332660000;0.1234010000
120;9.5800955588;-0.9208953817;1.3893401697;0.0219736919;0.0163458951;0.0019736865;-0.7529260000;-0.2314440000;0.1244990000
121;9.8553393407;-0.9279858477;1.2377501239;-0.0008045920;0.0125680799;-0.0161537320;-0.7541660000;-0.2312940000;0.1243110000
122;9.7201115782;-0.8749620775;1.2481078397;0.0082710881;0.0156682641;-0.0274332316;-0.7526580000;-0.2325030000;0.1243810000
123;9.5369021246;-0.8669022883;1.2977637566;-0.0061660693;0.0182712576;-0.0035181442;-0.7531440000;-0.2331890000;0.1254640000
124;9.8607330452;-0.8591496588;1.2643272706;0.0153162475;-0.0001761500;-0.0163254268;-0.7529190000;-0.2321760000;0.1271120000
125;9.6616575179;-0.8737543276;1.2353131982;0.0210970326;0.0109070797;0.0120578661;-0.7535180000;-0.2324090000;0.1261300000
126;9.7492186199;-0.9163173288;1.2569436021;0.0404374499;0.0327917971;0.0145810225;-0.7533770000;-0.2308250000;0.1262610000
127;9.7156674252;-0.8889046942;1.3063016742;0.0539219562;0.0198210230;0.0056466501;-0.7542720000;-0.2321690000;0.1273330000
128;9.7210190318;-0.9338407642;1.2982397023;0.0228461545;0.0339290423;0.0018924057;-0.7537280000;-0.2308500000;0.1273450000
129;9.8768370282;-0.9019585004;1.2369775676;0.0155928606;0.0310916166;-0.0017408738;-0.7552970000;-0.2323890000;0.1260580000
130;9.8830428832;-0.8495685360;1.2789022928;0.0600754726;0.0399194897;0.0075250038;-0.7538160000;-0.2316000000;0.1257000000
131;9.7946674298;-0.8556965663;1.2465666363;0.0627902939;0.0526334251;0.0101112165;-0.7540000000;-0.2313770000;0.1273380000
132;9.7530461975;-0.8178789352;1.2186139904;0.0567424034;0.0466610591;0.0257738860;-0.7549920000;-0.2296300000;0.1267370000
133;9.8282039335;-0.8610372955;1.2066344099;0.0672385585;0.0687146516;0.0161020447;-0.7554270000;-0.2285540000;0.1263000000
134;9.5443274291;-0.8290988157;1.2874920099;0.0859234727;0.0802122372;0.0397752460;-0.7546930000;-0.2266680000;0.1248060000
135;9.7304815965;-0.8920078414;1.4519905445;0.0500558933;0.0890712461;0.0475856520;-0.7562580000;-0.2266210000;0.1236450000
136;9.6681358896;-0.8631293570;1.3167175956;0.0509447323;0.1128372538;0.0681267874;-0.7572710000;-0.2246630000;0.1201590000
137;9.7044224657;-0.8587297830;0.9352562820;0.0676158964;0.1424017922;0.0757121372;-0.7590120000;-0.2206260000;0.1184130000
138;9.6147375015;-0.7091417943;0.7021925687;0.0751323312;0.2504296923;0.1257916782;-0.7601000000;-0.2183660000;0.1135500000
139;9.3980792558;-0.7582147776;0.2825240926;0.2141086653;0.4990373607;0.1980941947;-0.7628150000;-0.2109340000;0.1040550000
140;9.8341529644;-0.7739967831;-0.4059849765;0.1539305728;0.9071921708;0.2946820167;-0.7691320000;-0.2005260000;0.0836900000
141;9.6181936280;-0.8723613230;0.3374803647;0.0611159862;1.3558881268;0.3652331475;-0.7742730000;-0.1918200000;0.0522680000
142;8.3308342689;-1.5440529205;3.2987161966;0.5986051887;1.4344468843;0.4068268358;-0.7783960000;-0.1785850000;0.0096000000
143;8.5470759499;-0.3070393465;2.2915965901;0.1786383543;1.5242608653;0.2846663188;-0.7799130000;-0.1682940000;-0.0329420000
144;9.2081742631;-0.8472483764;2.2123389401;-1.2435600334;1.7645918066;0.2584484122;-0.7770810000;-0.1543240000;-0.0957860000
145;8.1722418543;-2.4276501389;2.1392748202;-0.5949494971;2.1801279151;0.5302966418;-0.7698420000;-0.1377700000;-0.1628630000
146;7.1889859994;-1.7887590996;2.8249117696;-0.3074798007;2.5625438945;0.6553596040;-0.7550480000;-0.1163510000;-0.2314580000
147;5.8509699665;-2.2218096773;4.4133010609;-0.4697005073;2.8872448532;0.7460139522;-0.7251020000;-0.0892560000;-0.3149950000
148;4.5582700854;-2.3054051552;5.7314309121;-0.6622306922;3.0547855779;0.7990889817;-0.6829110000;-0.0574990000;-0.3991750000
149;3.3193195502;-2.7347042955;6.5651078914;-0.9301372281;3.0951546247;0.8073616844;-0.6271830000;-0.0151700000;-0.4876930000
150;2.2530252129;-4.0578359804;8.4522421097;-0.9501434890;3.0028418745;0.9600170468;-0.5631990000;0.0277010000;-0.5599660000
151;0.7819454857;-4.1677488906;8.2944410086;-0.1350607520;2.8802587284;1.0485038621;-0.4956320000;0.0542420000;-0.6171540000
152;0.8149590801;-3.7466854665;8.6787769340;-0.8743568220;2.7882972377;1.0460155657;-0.4192190000;0.0889070000;-0.6645780000
153;-0.8943043300;-5.3346484525;8.6761061460;-0.2835502036;2.7883061261;1.2102832999;-0.3379800000;0.1250190000;-0.7035860000
154;-1.5004480106;-4.4825581048;8.2672228232;-0.7932465699;2.6374227643;1.1248757649;-0.2504730000;0.1554470000;-0.7304990000
155;-3.3320151906;-6.3789870740;9.1221285420;-0.2765052104;2.5888610757;1.1273051412;-0.1661220000;0.1824710000;-0.7477690000
156;-3.9374003385;-5.0142409995;8.6873878724;-0.0151728138;2.2500385505;1.0065536867;-0.0893560000;0.1894950000;-0.7620410000
157;-4.0421246332;-4.9282047869;8.2295389383;-0.7011833266;2.2500332873;0.8994558375;-0.0148810000;0.2036020000;-0.7630070000
158;-5.8474865518;-6.5259670984;8.7370665792;-0.0438093679;1.9873118121;0.8820921859;0.0572520000;0.2156890000;-0.7569150000
159;-5.6043536515;-5.3585827855;8.7491766828;0.0500019944;1.5313053402;0.6860521379;0.1163080000;0.2048700000;-0.7459650000
160;-5.6589716956;-5.4718264184;7.7075604572;-0.1788315565;1.3724645327;0.5635920665;0.1613390000;0.2046910000;-0.7364760000
161;-6.0477279981;-5.2537491335;7.1142333107;-0.2408989053;1.3094853223;0.4836087699;0.2050210000;0.2110030000;-0.7314810000
162;-6.5654094950;-4.9070063077;6.8093438222;0.0226421690;1.2168766927;0.4805248719;0.2440640000;0.2084270000;-0.7191960000
163;-6.7090557957;-4.2514093790;6.7106875042;-0.0432923026;0.9722303834;0.4469816307;0.2800570000;0.2029930000;-0.7078350000
164;-6.8423397500;-4.9672262327;6.1582130681;-0.2746995505;0.8046678435;0.3618402767;0.3008990000;0.2057780000;-0.6911020000
165;-7.0886437813;-5.0918731474;5.9170730701;-0.1014057883;0.6659855364;0.3311586732;0.3227410000;0.2060870000;-0.6811720000
166;-7.2041883926;-4.8502853432;6.0047571063;0.2276489570;0.5135093027;0.2467157355;0.3446240000;0.1999600000;-0.6781940000
167;-7.4106119058;-4.5340962632;5.8954011128;0.0889359605;0.3353997845;0.1655473891;0.3556600000;0.1927140000;-0.6738570000
168;-7.4742589902;-4.6927178310;5.6846624897;0.0417457293;0.2313926359;0.0660582998;0.3635690000;0.1908530000;-0.6716060000
169;-7.3864508007;-4.4274348694;5.6264158728;0.1154365490;0.1245429250;0.0215395368;0.3639270000;0.1857130000;-0.6677110000
170;-7.4230068685;-3.9603989697;5.3765256848;0.1848069767;0.0586239471;-0.0052592635;0.3654260000;0.1817300000;-0.6678970000
171;-7.4030402725;-3.8254509813;5.1468174942;0.0992315021;0.0938894477;0.0183361622;0.3700870000;0.1788300000;-0.6701590000
172;-7.2718360324;-4.0455759309;4.9887354608;0.1328864962;0.0985400337;0.0382461340;0.3721690000;0.1753520000;-0.6696390000
173;-7.2359238702;-3.9630102163;4.9500621457;-0.0234906807;0.1118545034;0.0253775218;0.3744990000;0.1728760000;-0.6670580000
174;-7.2976562359;-4.1139364093;5.1002019426;0.1269399536;0.0792830246;0.0419448350;0.3729210000;0.1707450000;-0.6660070000
175;-7.2083478624;-3.8930030420;5.2718039099;0.1785709730;0.0357551621;0.0263877977;0.3741440000;0.1652460000;-0.6688000000
176;-7.2458278223;-3.8097161418;5.1059781802;0.0085974096;0.0240043586;0.0020684738;0.3772100000;0.1638620000;-0.6677070000
177;-7.4310164818;-3.9704193812;5.0571333494;0.0031756055;0.0538619143;0.0237235195;0.3799660000;0.1656740000;-0.6671980000
178;-7.4191827274;-4.1208910963;5.0685352103;-0.0154628128;0.0716977580;0.0163863558;0.3811390000;0.1640350000;-0.6657670000
179;-7.3090807467;-4.0399598368;5.1752503994;-0.0401772913;0.0660974450;-0.0210307541;0.3789480000;0.1647220000;-0.6658600000
180;-7.4494238624;-4.1160796892;5.0491466385;0.0310466177;0.0459443503;-0.0079939158;0.3802560000;0.1651340000;-0.6669080000
181;-7.3312421951;-3.8270744946;5.1582691337;0.0014872691;0.0393670813;-0.0169613112;0.3813240000;0.1658610000;-0.6648120000
182;-7.4300093486;-3.9962695748;5.2286477929;0.0335305959;0.0282541411;-0.0126572375;0.3820080000;0.1661190000;-0.6647870000
183;-7.4288401952;-3.8846594629;5.2465018464;0.0194644183;0.0127365202;-0.0107591697;0.3823740000;0.1661370000;-0.6655960000
184;-7.3089271858;-3.9317021119;4.9185626677;0.0013150443;0.0314026195;0.0198763077;0.3797550000;0.1643230000;-0.6660990000
185;-7.2921008310;-3.8965341279;4.9860034550;-0.0279845796;0.0514202672;-0.0072537793;0.3810620000;0.1642710000;-0.6646740000
186;-7.2951375437;-3.8585558567;5.0959415495;-0.0084199897;0.0364959141;0.0010436206;0.3807480000;0.1654850000;-0.6653810000
187;-7.2679544393;-3.9163260092;4.8949741035;0.0159332615;0.0445060587;0.0146134864;0.3833700000;0.1655770000;-0.6648650000
188;-7.4864318512;-3.9558165596;5.2258679320;0.0992615679;0.0467295984;0.0020359443;0.3828630000;0.1641080000;-0.6641890000
189;-7.3165503373;-3.8458305815;5.0848940362;0.0114697557;0.0217405110;0.0074988218;0.3837720000;0.1593590000;-0.6652160000
190;-7.5232043051;-4.0076694641;4.9901079906;-0.0606978399;0.0672794248;-0.0091988428;0.3826690000;0.1628150000;-0.6652850000
191;-7.5681802129;-3.9406719729;5.0600982424;0.0197594175;0.0289449676;0.0076001617;0.3847760000;0.1621030000;-0.6642350000
192;-7.4807897158;-3.8341963397;5.1136079004;0.0319551153;0.0159238868;0.0002670043;0.3847240000;0.1617320000;-0.6651950000
193;-7.4704335080;-3.9961175588;5.0925776905;0.0158801948;0.0150938600;-0.0178185537;0.3842550000;0.1603760000;-0.6638310000
194;-7.4704320386;-3.9964609815;5.1603131778;-0.0058774083;-0.0052443245;-0.0236039515;0.3826420000;0.1606450000;-0.6633490000
195;-7.4032607261;-4.2423400917;5.5189263808;0.0110232145;-0.0855541830;-0.0471548653;0.3809370000;0.1622820000;-0.6645270000
196;-7.7388040751;-4.2480810241;6.1676636720;0.1091177065;-0.2899356983;-0.1419837661;0.3757940000;0.1617840000;-0.6687090000
197;-7.6888922702;-5.2274838135;6.9486778330;0.0974977810;-0.5821950134;-0.2652556301;0.3631020000;0.1626390000;-0.6760850000
198;-7.7746784855;-5.3652907803;7.6332349943;0.0866943031;-1.0682780093;-0.5691191625;0.3366400000;0.1656090000;-0.6880070000
199;-7.4516364042;-5.6420775092;8.5768496516;-0.1230118757;-1.5315367076;-0.8264579052;0.2912350000;0.1770230000;-0.7065130000
200;-7.2792011921;-5.8530435585;8.7401623086;-0.0473695276;-2.0604193344;-1.0156242250;0.2325800000;0.1876470000;-0.7251310000
201;-6.9834678322;-6.0804468155;9.2847510434;0.4764196636;-2.5389819494;-1.3056881501;0.1625460000;0.1909990000;-0.7448370000
202;-6.5627400957;-5.8082843897;9.0077473315;0.5809025600;-2.9332446810;-1.5041590988;0.0681910000;0.1822970000;-0.7602140000
203;-5.5598337538;-5.4040432243;8.9265680296;0.3374528291;-3.2152711478;-1.6300235284;-0.0369560000;0.1686760000;-0.7658310000
204;-4.3088850410;-4.8835334978;8.2964475469;0.1221838150;-3.2827937221;-1.6924052863;-0.1547450000;0.1562740000;-0.7578280000
205;-3.5874205757;-5.4710268011;8.2626746356;0.5231316663;-3.3480237327;-1.7293915918;-0.2626500000;0.1343470000;-0.7341260000
206;-1.5539819717;-3.6908721782;7.3408773759;0.2704267279;-3.3076956089;-1.5869606177;-0.3611650000;0.1037360000;-0.6962610000
207;-0.0004851367;-4.9675685369;7.5634081275;0.5299257752;-3.2166199430;-1.6205316864;-0.4566690000;0.0707050000;-0.6433000000
208;1.4912837420;-3.4839730275;6.8355355900;0.6238783431;-3.2043217226;-1.4619273152;-0.5394300000;0.0232310000;-0.5799800000
209;3.0463127095;-2.9439733168;6.2907194633;0.5756604603;-3.1780462816;-1.4049261388;-0.6128380000;-0.0305280000;-0.5030640000
210;3.9888155637;-2.0036036586;5.7934559717;0.5614466514;-3.1090494433;-1.1448511323;-0.6709400000;-0.0729390000;-0.4205420000
211;5.4598364921;-2.5938556731;4.6454697245;0.3323830357;-3.0601308954;-1.0480010823;-0.7156330000;-0.1039860000;-0.3371540000
212;6.5450379879;-1.9585704530;3.0779865130;0.4000511115;-2.8042213980;-0.9950310649;-0.7460410000;-0.1366100000;-0.2497520000
213;7.7806639030;-1.5782765479;2.4603407429;0.1297143989;-2.4427581831;-0.9618841020;-0.7632280000;-0.1702120000;-0.1703220000
214;7.8403164646;-0.7096559695;1.6263678916;0.4404838183;-2.2580420907;-0.6677816875;-0.7616420000;-0.2005290000;-0.0920870000
215;9.5852138658;-0.8732068796;-0.5108483387;0.0230407661;-1.6638860838;-0.4414024819;-0.7645120000;-0.2177870000;-0.0300450000
216;9.9182635596;-1.6147346846;-0.4103497201;-0.1265016805;-1.1898812392;-0.5595117592;-0.7657030000;-0.2317020000;0.0152980000
217;9.8618359876;-0.4322456546;-0.3070809683;0.3413484495;-0.7952081352;-0.3864725258;-0.7600280000;-0.2480810000;0.0462480000
218;9.7024723617;0.2724757684;0.0877580762;0.0371975292;-0.4463628142;-0.0512249237;-0.7557850000;-0.2525020000;0.0663490000
219;9.3857481057;-0.8712859559;0.6408198513;0.0185171320;-0.1978786036;0.0628957121;-0.7507780000;-0.2522680000;0.0705280000
220;9.6992809653;-1.0969798737;0.5844309174;0.1732997270;-0.0908080128;-0.0084993099;-0.7507420000;-0.2499060000;0.0762760000
221;9.9413023430;-0.9386738627;0.8978935004;0.1081130708;0.0157518615;-0.1201685355;-0.7531880000;-0.2504850000;0.0840050000
222;9.5746282626;-0.8423505346;1.5004992328;-0.0324826482;0.0174737849;-0.0650534480;-0.7523940000;-0.2552440000;0.0833850000
223;9.6992075947;-0.8488461097;1.1664763709;0.1308669909;0.0020293770;-0.0601725256;-0.7511920000;-0.2561040000;0.0853610000
224;9.8253988364;-0.8021690142;1.2244104574;0.0297595406;0.0052053737;-0.0016203819;-0.7491900000;-0.2562990000;0.0820110000
225;9.4516005059;-0.9813508872;1.2189832168;0.0407107812;0.0351558916;-0.0366442517;-0.7500460000;-0.2573310000;0.0812990000
226;9.6210121596;-0.8168786516;1.2892165181;0.0395098522;0.0278719445;-0.0437719248;-0.7500640000;-0.2577200000;0.0859670000
227;9.8206924571;-0.8827869880;1.4090530343;0.0002221594;0.0261643139;-0.0340054586;-0.7495450000;-0.2585060000;0.0854440000
228;9.9105114041;-0.9897223196;1.4912811970;0.0367690635;-0.0116138093;-0.0721244120;-0.7510160000;-0.2603590000;0.0859480000
229;9.8556811487;-0.8036359317;1.2603426127;-0.0690714883;-0.0357526538;-0.1000100568;-0.7472350000;-0.2647420000;0.0850330000
230;9.7847418347;-0.6651374788;1.1482099462;-0.0336341127;-0.0114832545;-0.0863549836;-0.7460120000;-0.2675300000;0.0848280000
231;9.5542605517;-0.5924889641;1.2027667162;-0.0191177005;0.0009377607;-0.0170664202;-0.7470720000;-0.2673380000;0.0879410000
232;9.8571262566;-0.7169910370;1.2085410523;-0.0156678854;0.0082438509;0.0038375076;-0.7457620000;-0.2678530000;0.0868990000
233;9.8108642008;-0.7041335073;1.1693405704;0.0035978232;0.0054958872;0.0029086414;-0.7451320000;-0.2681650000;0.0884360000
234;9.5988021170;-0.6835561419;1.2114655722;0.0277342984;0.0144525253;0.0090905596;-0.7452160000;-0.2675940000;0.0869190000
235;9.7060302749;-0.7573026699;1.2855856820;0.0230538672;0.0035226754;-0.0089665381;-0.7477600000;-0.2683200000;0.0853130000
236;9.6997600223;-0.8391989087;1.2218225003;0.0334939301;0.0179388565;0.0019430348;-0.7460790000;-0.2661750000;0.0886580000
237;9.9255449230;-0.8734554746;1.2544019033;0.0103241979;0.0308725503;-0.0152089794;-0.7463060000;-0.2672540000;0.0894800000
238;9.7085387303;-0.7779763465;1.3189205463;-0.0206241155;0.0016351372;-0.0376050134;-0.7454980000;-0.2679180000;0.0892430000
239;9.6263613234;-0.6643150949;1.1841813288;0.0082398023;0.0123654518;-0.0090364214;-0.7443620000;-0.2696710000;0.0899870000
240;9.6267055848;-0.7198276036;1.1624065985;0.0107120614;0.0284319706;0.0200643747;-0.7441720000;-0.2691030000;0.0884810000
241;9.6208977135;-0.7453844752;1.2162377234;0.0172293027;0.0252904400;-0.0054177209;-0.7456700000;-0.2689570000;0.0885570000
242;9.7649291755;-0.7796574679;1.2859918818;0.0249510344;0.0222826937;-0.0126156680;-0.7448310000;-0.2701660000;0.0888740000
243;9.8630322026;-0.7670582446;1.2669328827;0.0092792343;0.0143311514;-0.0192770835;-0.7466130000;-0.2689540000;0.0887940000
244;9.6486797092;-0.7813047875;1.1547146740;0.0138127429;0.0089578708;0.0038646869;-0.7457910000;-0.2694930000;0.0888310000
245;9.8503462580;-0.7127429028;1.1995716616;0.0063875426;-0.0017955726;-0.0088444615;-0.7454080000;-0.2705420000;0.0883050000
246;9.6078645591;-0.7358460368;1.2238607087;0.0192454126;0.0225389842;-0.0236887332;-0.7455800000;-0.2690020000;0.0902080000
247;9.8045494078;-0.7463739093;1.2372300050;0.0250278634;0.0212632303;-0.0017096687;-0.7450440000;-0.2707230000;0.0899680000
248;9.7735743757;-0.6672850609;1.1598243472;-0.0134570619;0.0199231384;-0.0088743436;-0.7445270000;-0.2703170000;0.0894360000
249;9.7268167822;-0.7512567281;1.1698567243;0.0133585190;-0.0017692756;-0.0007237312;-0.7450020000;-0.2692880000;0.0907820000
250;9.8404629949;-0.7194362220;1.1393293854;-0.0009029563;0.0082756217;0.0100552646;-0.7452690000;-0.2690240000;0.0909070000
251;9.5945802671;-0.7402141087;1.2249756679;0.0080734105;0.0039596568;0.0222828204;-0.7448630000;-0.2704820000;0.0907970000
252;9.5626351452;-0.8307096304;1.2357964430;0.0120800641;0.0346065042;0.0037169458;-0.7456640000;-0.2694240000;0.0911690000
253;9.9054751781;-0.6956086711;1.1883919963;0.0001891576;0.0373334338;-0.0055589115;-0.7454300000;-0.2683490000;0.0904840000
254;9.6118101440;-0.7024413076;1.1873885234;-0.0229647839;0.0202617874;0.0063671912;-0.7440430000;-0.2698290000;0.0908250000
255;9.8128110937;-0.7372809437;1.2089783901;0.0101837574;0.0360054780;-0.0200273313;-0.7451670000;-0.2703310000;0.0902340000
256;9.8721304227;-0.7070979638;1.1887262179;0.0064976191;0.0353202439;-0.0053972075;-0.7447510000;-0.2694130000;0.0903820000
257;9.8190917576;-0.6974689161;1.1964215680;0.0136411146;0.0342356793;0.0181951775;-0.7441030000;-0.2699310000;0.0897250000
258;9.6392224456;-0.7579944939;1.2083385317;0.0099932058;0.0232721055;0.0234933289;-0.7448750000;-0.2680940000;0.0906410000
259;9.5685981978;-0.7315383555;1.1851170087;0.0266813697;0.0248616831;0.0037409373;-0.7468880000;-0.2681560000;0.0887770000
260;9.8618750432;-0.7604771816;1.2424028898;0.0152349470;0.0366176394;0.0018335605;-0.7451940000;-0.2680680000;0.0898050000
261;9.9482055797;-0.7601400311;1.3158618649;0.0074145667;0.0147691396;-0.0293942600;-0.7447140000;-0.2681730000;0.0885900000
262;9.9151032941;-0.7727259596;1.2044871636;0.0190470952;-0.0002228156;-0.0177931255;-0.7437720000;-0.2687720000;0.0908280000
263;9.6686798120;-0.6897937609;1.1839702570;-0.0063310669;0.0035804877;-0.0180892133;-0.7446440000;-0.2695320000;0.0898380000
264;9.4403841468;-0.7841665542;1.2118577934;0.0225491161;0.0360606558;-0.0120320123;-0.7450480000;-0.2724410000;0.0898430000
265;9.7440931461;-0.6993402985;1.1409848240;0.0118204012;0.0330734330;0.0174215931;-0.7448090000;-0.2700450000;0.0892860000
266;9.7144255365;-0.7171745013;1.2138959255;-0.0133318373;0.0384913201;-0.0055608256;-0.7455780000;-0.2697970000;0.0902140000
267;9.6553484858;-0.7033353854;1.2101513586;0.0337284325;0.0448296942;-0.0008926984;-0.7454400000;-0.2704610000;0.0902240000
268;9.8483139485;-0.6766861358;1.2604413341;0.0224558724;0.0468737171;0.0328441060;-0.7450470000;-0.2691330000;0.0899560000
269;9.6417763803;-0.7608157855;1.2175040979;0.0346455652;0.0260178277;0.0260713093;-0.7473210000;-0.2682730000;0.0883490000
270;9.6425099017;-0.7503011133;1.2724360804;0.0439282237;0.0392931697;0.0235946240;-0.7478930000;-0.2671960000;0.0879070000
271;9.9210933700;-0.7528867756;1.2426221067;0.0264407737;0.0254316900;0.0207127954;-0.7471490000;-0.2673660000;0.0890360000
272;9.6435986693;-0.7641186787;1.2384636177;0.0226546548;0.0414003700;0.0435267170;-0.7480860000;-0.2655790000;0.0869270000
273;9.7384574901;-0.8511427028;1.2707288837;0.0360425183;0.0219743028;0.0168547789;-0.7466680000;-0.2644280000;0.0879360000
274;9.7516528180;-0.8044331438;1.2790289913;0.0250568743;0.0299779359;0.0074678133;-0.7484760000;-0.2645260000;0.0873150000
275;9.6165020855;-0.7679614472;1.2680340556;0.0404304091;0.0338732387;0.0018809716;-0.7480370000;-0.2641480000;0.0878790000
276;9.7388984125;-0.7779974725;1.2046412950;0.0100132563;0.0619838315;0.0138201226;-0.7478760000;-0.2648230000;0.0883020000
277;9.8454868008;-0.7971859570;1.3282814593;0.0399011388;0.0359016042;0.0282384545;-0.7489190000;-0.2634470000;0.0867400000
278;9.8086429840;-0.8886132249;1.3692012946;0.0591126964;0.0209903640;0.0091034485;-0.7478320000;-0.2633230000;0.0866460000
279;9.8551771661;-0.8372501079;1.3264664988;0.0119779728;0.0120334601;0.0094225078;-0.7477290000;-0.2625800000;0.0885660000
280;9.8972802628;-0.8737969874;1.3303472005;-0.0080224334;0.0079831655;-0.0117177518;-0.7476840000;-0.2627350000;0.0893920000
281;9.8412601452;-0.7356003363;1.3344605015;0.0200320410;-0.0108627970;0.0002463999;-0.7482910000;-0.2629640000;0.0882720000
282;9.5313542935;-0.7720496043;1.2532637445;0.0137892308;0.0055190179;0.0019466484;-0.7486140000;-0.2616800000;0.0898960000
283;9.7774697423;-0.7205387533;1.0517102139;0.0345101450;0.0317861682;0.0166827335;-0.7485840000;-0.2616950000;0.0904470000
284;9.7190496397;-0.7286709752;0.9799220480;0.0934913229;0.0840982909;0.0589660928;-0.7495580000;-0.2602860000;0.0876530000
285;9.8808573333;-0.6856432036;1.0061357213;0.1155842159;0.1411835925;0.0646864718;-0.7501250000;-0.2581540000;0.0873400000
286;9.6417624324;-0.6705255638;0.8046775737;0.1847272431;0.2071719823;0.0796857675;-0.7527140000;-0.2551520000;0.0850190000
287;10.0656066950;-0.3390383312;0.2343903141;0.1953263872;0.3973416501;0.1357360281;-0.7541910000;-0.2516410000;0.0780720000
288;9.8769237847;-0.4111218070;0.6603982731;0.2554324564;0.6274183034;0.3165484836;-0.7582040000;-0.2440950000;0.0648190000
289;9.5822412003;-0.5364784917;0.7364592260;0.3281236197;0.8720173743;0.4629693622;-0.7640890000;-0.2286070000;0.0425130000
290;9.3348758076;-0.8346366500;1.6832316740;0.1476269864;1.0351995453;0.5175067107;-0.7697690000;-0.2111020000;0.0140240000
291;9.3140892907;-1.0434304903;1.7930179092;0.0525524406;1.1999024182;0.5092385884;-0.7742100000;-0.1959280000;-0.0168680000
292;9.1185137187;-0.9347486713;2.0232460004;-0.2720356243;1.4102945162;0.5799921429;-0.7760730000;-0.1771960000;-0.0579760000
293;8.2487132709;-1.5825752710;2.2502590244;-0.1073026615;1.6394405728;0.7362219767;-0.7754580000;-0.1557850000;-0.1061400000
294;7.6865086494;-1.6485289151;3.3608308882;-0.0865793440;1.8485906623;0.8202282978;-0.7694170000;-0.1297760000;-0.1648260000
295;6.9541312288;-2.1583272296;3.3605806464;0.1240773646;2.1382514309;0.8829075572;-0.7584210000;-0.1014540000;-0.2277210000
296;6.5732261181;-2.0364466178;4.2739226125;-0.2091804690;2.3488859765;0.8798862999;-0.7401580000;-0.0758650000;-0.2901690000
297;5.7206900964;-3.1531601953;5.2849080326;0.1049036918;2.5834530935;0.9596930628;-0.7087050000;-0.0475350000;-0.3610290000
298;4.7274756022;-2.8790139522;6.2703469480;0.1288939328;2.6675852135;1.0140505218;-0.6682870000;-0.0233080000;-0.4304040000
299;3.8476293239;-3.2148649246;6.9343839256;-0.4458638391;2.7644899610;0.9430925844;-0.6139170000;0.0083090000;-0.5040760000
300;2.6793635362;-4.0147641230;7.4378853458;-0.6029685888;2.7997699824;0.9870013904;-0.5543800000;0.0446440000;-0.5679700000
301;0.9024797947;-4.8608958629;8.2947760052;0.1186843604;2.6226451179;1.0523813115;-0.4902200000;0.0698910000;-0.6200710000
302;0.7903322768;-3.3910359972;8.3846504030;-0.0159881043;2.5907931807;0.9414298708;-0.4185860000;0.0823760000;-0.6682110000
303;0.1443972053;-3.9837744919;7.8746125167;-0.7232969622;2.8210681071;1.0549971965;-0.3406750000;0.1101450000;-0.7059180000
304;-2.3302669574;-4.8689898821;8.0109973478;-0.4743200588;2.9008430967;1.1489343504;-0.2452990000;0.1440910000;-0.7336400000
305;-3.6341582560;-4.2322916093;7.8003757111;-0.4730071281;2.8148796757;1.1361891164;-0.1537790000;0.1643280000;-0.7523580000
306;-4.9845929044;-5.4042504477;8.8112087034;-0.5108031329;2.6714011383;1.1571277154;-0.0659110000;0.1878910000;-0.7653460000
307;-5.9023641828;-5.6032724428;8.9392437782;0.2623276681;2.2742522756;1.0379225128;0.0176420000;0.1874520000;-0.7655680000
308;-5.3824418793;-4.9709240715;8.5054397150;-0.3023485245;2.0299082502;0.7829405558;0.0870550000;0.1854720000;-0.7622270000
309;-6.1218014402;-5.5271567191;7.6627996067;-0.5218018483;1.9477866286;0.6885154690;0.1530490000;0.1972160000;-0.7410080000
310;-6.8191315121;-5.3909165129;7.6018730690;-0.2480033399;1.7830458357;0.6188765524;0.2114550000;0.2035850000;-0.7238960000
311;-7.2803610524;-4.5977999397;7.6454078709;0.0377438456;1.3347820129;0.5432965188;0.2604570000;0.2030310000;-0.7167160000
312;-6.9605515264;-4.6908150275;7.1419250637;-0.1034525885;0.9753115389;0.4272284675;0.2941340000;0.1988740000;-0.7027130000
313;-7.2020495746;-5.1256888134;6.8774340323;0.1743387548;0.6626547433;0.3248952058;0.3174880000;0.1931430000;-0.6952870000
314;-7.2521552571;-4.7767637529;6.5374711849;0.1076901715;0.5412109711;0.2412092182;0.3333500000;0.1804650000;-0.6827570000
315;-7.5138450146;-4.5649250014;6.2571538917;0.1163568894;0.3825921271;0.1395534163;0.3446830000;0.1759820000;-0.6778800000
316;-7.4446995814;-4.3303689251;6.0807745957;0.0539013210;0.2398878402;0.0401750628;0.3572360000;0.1755960000;-0.6780610000
317;-7.4818181251;-3.8465549390;6.1650247488;0.1642776484;0.0316059670;-0.0319241992;0.3586190000;0.1722660000;-0.6778440000
318;-7.2596774490;-3.5322907333;5.5046343835;0.0156980738;-0.0459090063;-0.0130615052;0.3581340000;0.1687360000;-0.6793470000
319;-7.1699305959;-3.7914939031;5.2537213382;-0.0468236252;0.0557294685;-0.0192732671;0.3538590000;0.1692620000;-0.6776010000
320;-7.2847214286;-3.7621361909;5.3774760198;0.1720034630;0.0573191146;0.0175141235;0.3537990000;0.1684310000;-0.6762250000
321;-7.2116715700;-3.6367445915;5.3694878459;0.0855199661;0.0215434735;0.0292813828;0.3577670000;0.1662050000;-0.6786570000
322;-7.2267784489;-3.8181766030;5.4719815273;0.0498697599;0.0180004356;0.0077024383;0.3591330000;0.1635440000;-0.6787210000
323;-7.2787139257;-3.8601896814;5.2474858990;-0.0079220132;-0.0241140703;0.0003991476;0.3585200000;0.1629220000;-0.6799760000
324;-7.3999834035;-3.9273436502;5.2822444815;-0.1058249619;0.0046886906;-0.0026036467;0.3561920000;0.1628820000;-0.6775980000
325;-7.3618606415;-4.3539774366;5.4167056676;-0.0528551326;0.0117121914;-0.0527946681;0.3567020000;0.1659370000;-0.6781490000
326;-7.3639043946;-4.3201928943;6.0332314921;0.0486238102;-0.0725765108;-0.1196819156;0.3552430000;0.1663950000;-0.6798580000
327;-7.3622060848;-4.4309367086;6.5304399005;0.1267113328;-0.3169041857;-0.2332394933;0.3472970000;0.1680100000;-0.6827950000
328;-7.3571518548;-4.6439468424;7.0178802049;0.0740072006;-0.6027922531;-0.3989866814;0.3329620000;0.1690160000;-0.6902380000
329;-7.2143705909;-4.8098191138;7.7398497062;0.0787090798;-0.9985917641;-0.5241334665;0.3046650000;0.1728930000;-0.7007300000
330;-6.9874808517;-5.1072459478;8.2647728867;0.2107340912;-1.3854185195;-0.6452306866;0.2654120000;0.1758390000;-0.7168690000
331;-6.7702636081;-4.9724441211;8.2955856020;0.5249402153;-1.6899218437;-0.7514736480;0.2203770000;0.1728460000;-0.7315500000
332;-6.1708295540;-4.7809572390;8.1245646036;0.4122633532;-1.9762653474;-0.8495997271;0.1595550000;0.1666800000;-0.7504070000
333;-5.9208543706;-5.1669658778;8.5960656126;0.2101181633;-2.2224590881;-1.0330643395;0.0890660000;0.1626460000;-0.7611570000
334;-5.1573021447;-5.0582102201;8.5415279241;0.3383562256;-2.4790374667;-1.0763889338;0.0038850000;0.1529120000;-0.7710820000
335;-4.4136484615;-4.9513586258;8.6582132793;0.3848760363;-2.5546749244;-1.1884531667;-0.0795220000;0.1418330000;-0.7710440000
336;-3.5686919053;-4.7514939311;8.7951941137;0.4014069057;-2.6040252334;-1.1981939487;-0.1601170000;0.1275080000;-0.7596170000
337;-2.3451791410;-4.4104005458;8.3266956660;0.4429208141;-2.7208057903;-1.2072202136;-0.2474020000;0.1066980000;-0.7408630000
338;-0.8423279531;-4.1398046720;8.1415629401;0.3015543647;-2.5674032029;-1.1953899021;-0.3294710000;0.0819810000;-0.7117150000
339;0.1374433073;-4.2895604123;7.9945064520;0.5531652024;-2.5287361158;-1.1687161372;-0.4091040000;0.0486470000;-0.6732130000
340;1.2556540020;-3.6478102959;7.9800222388;0.8764923165;-2.5605519618;-1.0336648866;-0.4787230000;0.0089690000;-0.6290480000
341;2.3578838684;-2.7881394259;7.2681946320;0.7797680612;-2.4731239062;-0.9173663457;-0.5395770000;-0.0248570000;-0.5792240000
342;3.7173541949;-2.5466799651;6.9335116673;0.4106888318;-2.4138851435;-0.8865247962;-0.5939710000;-0.0575160000;-0.5210520000
343;4.7241843788;-2.4546347932;6.6238871839;0.4162067370;-2.3481453593;-0.7685178908;-0.6414040000;-0.0863410000;-0.4602970000
344;5.3406732355;-2.3645606695;5.7247217029;0.3858934220;-2.2249651427;-0.7337124233;-0.6780690000;-0.1173170000;-0.3974480000
345;6.3022583310;-1.8592544315;5.4809388337;0.3507664509;-2.1529529929;-0.6941392799;-0.7056850000;-0.1454910000;-0.3338460000
346;6.8256728987;-1.5890234889;4.7141113263;0.3189238911;-1.9484803118;-0.6824135350;-0.7308190000;-0.1635120000;-0.2744730000
347;7.2605773031;-0.8942424139;4.2102473644;0.2924539729;-1.8854114719;-0.5427318864;-0.7454310000;-0.1853490000;-0.2150630000
348;7.8238130670;-0.6273429440;4.1664559667;-0.0719601349;-1.6795817133;-0.4559781245;-0.7559380000;-0.2012750000;-0.1603350000
349;8.0959292462;-1.0338945724;3.5937044286;0.1397427014;-1.6061433605;-0.2351137195;-0.7573660000;-0.2166620000;-0.1093650000
350;9.1423997057;-0.5990390012;2.3392306873;0.1923605302;-1.4623739900;-0.2178092247;-0.7614030000;-0.2240110000;-0.0608910000
351;9.3779580403;-1.1054084338;2.0007845001;0.2876278914;-1.2847629837;-0.1591587637;-0.7660370000;-0.2278210000;-0.0157600000
352;9.5822090488;-0.9207323054;1.3542584849;0.2235094643;-1.0644856217;-0.1303079338;-0.7645690000;-0.2318030000;0.0235780000
353;9.8776352966;-0.7714028402;0.5611377858;0.0686971137;-0.7861711723;-0.1160648342;-0.7635660000;-0.2358160000;0.0543890000
354;9.9189017912;-0.6436032955;0.6656042384;0.0795227381;-0.5273783227;-0.0154724572;-0.7571960000;-0.2399000000;0.0759450000
355;9.5474817128;-0.5736617349;0.6969824280;0.0591930399;-0.3247061246;0.0266980813;-0.7549050000;-0.2392520000;0.0904420000
356;9.0349031357;-0.7207472528;1.1775976383;0.0029274430;-0.1577639693;-0.0319733078;-0.7574110000;-0.2360970000;0.0971810000
357;9.8978314947;-0.8333916015;1.3563893846;0.0359094051;-0.0875145254;-0.0587434424;-0.7558970000;-0.2383690000;0.1023360000
358;9.6582693852;-0.7173253616;1.4251364490;0.0418816795;-0.0758536733;-0.0642134690;-0.7553090000;-0.2405790000;0.1055320000
359;9.7357103459;-0.5843259562;1.3337902372;0.0273759035;-0.0391115010;0.0022497213;-0.7529380000;-0.2429420000;0.1038600000
360;9.6454545106;-0.7526237799;1.3538644609;0.0098862240;-0.0085305971;0.0389392738;-0.7530940000;-0.2420720000;0.1060430000
361;9.5073081219;-0.9373309037;1.4541938080;0.0548025835;-0.0229427753;0.0299424831;-0.7541610000;-0.2383030000;0.1091290000
362;9.5488296533;-0.9952273976;1.4339931764;-0.0136921810;-0.0163392399;-0.0144311052;-0.7536300000;-0.2388980000;0.1113510000
363;9.6934469225;-0.7728425013;1.3721625858;-0.0180473412;0.0247749608;-0.0341233857;-0.7541740000;-0.2402160000;0.1113380000
364;9.5428172489;-0.7367822323;1.5246929368;0.0082884544;0.0333604364;-0.0179417241;-0.7535300000;-0.2414600000;0.1080800000
365;9.7081257447;-0.7229030741;1.5194657775;-0.0284678021;0.0145869161;-0.0187864335;-0.7527170000;-0.2412000000;0.1079730000
366;9.5815744903;-0.7555230983;1.5167426204;-0.0154174055;0.0160391707;-0.0339670790;-0.7526110000;-0.2417830000;0.1099030000
367;9.8783681662;-0.7395604861;1.5010873892;-0.0099994271;-0.0161226846;-0.0189573381;-0.7523900000;-0.2427530000;0.1114280000
368;9.7248108281;-0.8419382332;1.3571887508;-0.0223393676;-0.0032289855;0.0074248806;-0.7518250000;-0.2438260000;0.1117330000
369;9.5370747112;-0.8746445592;1.2703703574;-0.0191211235;0.0036966093;-0.0163447824;-0.7529650000;-0.2435260000;0.1108620000
370;9.9158549887;-0.7362334244;1.5237401931;-0.0227169106;0.0079425808;-0.0395321729;-0.7529740000;-0.2431250000;0.1107210000
371;9.9069718835;-0.6379429318;1.6026162765;0.0027077162;-0.0184321509;-0.0322405857;-0.7514960000;-0.2451800000;0.1127170000
372;9.7906453533;-0.7208962692;1.3793797987;-0.0120494391;-0.0205038836;-0.0051803820;-0.7535340000;-0.2450320000;0.1129090000
373;9.8690783394;-0.7906124633;1.2746248533;0.0062080274;-0.0144392089;-0.0033867267;-0.7532850000;-0.2449580000;0.1149770000
374;9.6964147561;-0.7788931917;1.4180683902;0.0424912896;-0.0287405906;-0.0088195048;-0.7505850000;-0.2452340000;0.1144010000
375;9.6375619126;-0.8023924932;1.4425408390;0.0025411490;-0.0443797292;-0.0357389557;-0.7504560000;-0.2458280000;0.1167430000
376;9.5397004199;-0.7822063946;1.3591871458;-0.0045877647;-0.0313567056;-0.0481428430;-0.7513770000;-0.2462990000;0.1198660000
377;9.6637820880;-0.7098843012;1.2208548590;0.0063207812;-0.0199842866;-0.0374260242;-0.7495510000;-0.2472690000;0.1207700000
378;9.5962399752;-0.6191027665;1.1252663162;-0.0061162490;0.0141898694;-0.0191961069;-0.7479520000;-0.2490530000;0.1224930000
379;9.8286928650;-0.6674968380;1.2922760500;0.0009512158;0.0346394600;0.0216225970;-0.7491530000;-0.2487230000;0.1205220000
380;9.6573660007;-0.7980440773;1.5451327916;0.0143333946;0.0300857347;0.0018810753;-0.7500320000;-0.2496110000;0.1193950000
381;9.6444880737;-0.7409960058;1.3606509993;0.0143126580;-0.0214296085;-0.0427098938;-0.7492710000;-0.2468790000;0.1209150000
382;9.8859675312;-0.7009627466;1.1623452968;-0.0206644436;-0.0001922541;-0.0363349698;-0.7486300000;-0.2487840000;0.1226020000
383;9.6720163470;-0.6213467973;1.2593115561;0.0227790352;0.0159703324;-0.0088538547;-0.7493780000;-0.2500670000;0.1213460000
384;9.5514587282;-0.6588856083;1.3077872974;0.0359644950;0.0089394938;0.0173725289;-0.7490110000;-0.2483970000;0.1231320000
385;9.8270517693;-0.7281131872;1.2670045826;0.0588814877;0.0067275301;-0.0033706100;-0.7502260000;-0.2489210000;0.1233620000
386;9.5226528840;-0.7289073922;1.2524493054;0.0579382860;0.0193688516;-0.0162825848;-0.7491410000;-0.2478700000;0.1232610000
387;9.8935599094;-0.6879660057;1.3794712341;0.0507038391;0.0306082745;0.0111162642;-0.7491580000;-0.2472000000;0.1229810000
388;9.5992691068;-0.7029230100;1.3147688394;0.0277888920;0.0073719708;0.0091528121;-0.7502300000;-0.2470660000;0.1233480000
389;9.8250077154;-0.6959782019;1.2335539801;0.0134668054;0.0035389473;-0.0052528956;-0.7493780000;-0.2478850000;0.1239380000
390;9.7382831464;-0.6975374895;1.2149719738;0.0143538090;0.0273342278;-0.0054098476;-0.7490660000;-0.2481720000;0.1246380000
391;9.8199958489;-0.7103210580;1.3173177837;0.0226172455;0.0371768415;0.0135742747;-0.7487330000;-0.2470790000;0.1232710000
392;9.6087010482;-0.7252845414;1.3821925528;0.0110190526;0.0220133804;0.0036811364;-0.7492280000;-0.2471000000;0.1242120000
393;9.8334611070;-0.6986491792;1.3394417478;0.0064431863;0.0211631742;-0.0220838713;-0.7498050000;-0.2470790000;0.1236400000
394;9.7857047413;-0.6377827707;1.2369193886;-0.0008115498;0.0200884374;-0.0035052672;-0.7484730000;-0.2473400000;0.1230090000
395;9.5498683019;-0.7033629881;1.3127363647;-0.0155139431;0.0286298864;0.0092768351;-0.7486020000;-0.2476070000;0.1231430000
396;9.7013364862;-0.6768112423;1.3125117740;0.0027052397;0.0165915479;0.0108598925;-0.7484460000;-0.2460300000;0.1235500000
397;9.7984970327;-0.6816711900;1.3508835607;0.0207710727;0.0374847205;0.0037641301;-0.7487140000;-0.2455010000;0.1236720000
398;9.5946529640;-0.6431682037;1.3314105571;0.0519693451;0.0179599566;0.0029091862;-0.7492680000;-0.2457560000;0.1235150000
399;9.8735313317;-0.6691247387;1.2669635699;0.0045813968;0.0237461494;0.0054732676;-0.7508830000;-0.2444290000;0.1239890000
400;9.5784503978;-0.7010632607;1.2926406429;0.0251719607;0.0381017441;0.0237371718;-0.7514750000;-0.2446650000;0.1231440000
401;9.5916799669;-0.6903383801;1.3105952447;0.0173670699;0.0463767993;0.0240108747;-0.7499190000;-0.2435160000;0.1241590000
402;9.5851162165;-0.7811205476;1.3809787358;0.0367466051;0.0523509365;0.0146960118;-0.7510680000;-0.2429480000;0.1231480000
403;9.6816178859;-0.7666348530;1.2730354818;0.0378201287;0.0496752306;0.0176725508;-0.7509780000;-0.2431250000;0.1248000000
404;9.7030648733;-0.8033237474;1.4042685442;0.0442587491;0.0508811268;0.0287026029;-0.7522740000;-0.2399690000;0.1211570000
405;9.5180169240;-0.7943981368;1.5415926737;0.0400181306;0.0238644866;0.0185898898;-0.7522890000;-0.2398290000;0.1208800000
406;9.6938212101;-0.7962644675;1.4310552871;0.0008918902;0.0073706968;0.0001458056;-0.7523620000;-0.2381390000;0.1221000000
407;9.8000742619;-0.8477237851;1.3687886097;0.0209439016;0.0266519150;-0.0124578036;-0.7515920000;-0.2390490000;0.1211770000
408;9.8188264380;-0.7865197653;1.3629845516;0.0046124132;0.0320875385;0.0027924964;-0.7522540000;-0.2390530000;0.1215620000
409;9.6018221105;-0.7523518591;1.3924319758;-0.0061720200;0.0433759824;-0.0074035881;-0.7518000000;-0.2381530000;0.1223970000
410;9.5932758273;-0.7702093748;1.3718357294;-0.0061266806;0.0533772511;0.0198356100;-0.7527710000;-0.2391940000;0.1220920000
411;9.7250975988;-0.7662109815;1.4450229696;0.0137549453;0.0290655780;0.0019123634;-0.7528400000;-0.2382330000;0.1208470000
412;9.7357871532;-0.7912594947;1.3919871468;0.0225267421;0.0251678045;0.0019521212;-0.7527000000;-0.2398240000;0.1208640000
413;9.8864467745;-0.7993461817;1.4073871798;-0.0027637376;-0.0054706916;-0.0180743685;-0.7534120000;-0.2405960000;0.1202920000
414;9.5614100312;-0.7463948044;1.4066837377;0.0027197464;-0.0028783909;-0.0249792102;-0.7524900000;-0.2389360000;0.1222380000
415;9.4683207903;-0.7008844726;1.2596927029;0.0136150171;0.0219525264;-0.0045359510;-0.7515930000;-0.2395130000;0.1236510000
416;9.5901229196;-0.6994518731;1.3379390887;0.0329804214;0.0284477510;0.0092753285;-0.7522150000;-0.2393370000;0.1222520000
417;9.6601089757;-0.7296366790;1.2248755409;0.0341981857;0.0608470649;0.0205822932;-0.7522630000;-0.2382540000;0.1214190000
418;9.7428856922;-0.6952832275;1.1716102902;0.0672805802;0.0895534335;0.0249035113;-0.7520950000;-0.2376750000;0.1195000000
419;9.7685936392;-0.7148287966;1.1312294514;0.0866029775;0.1572480354;0.0233647597;-0.7543760000;-0.2368110000;0.1177560000
420;9.7384687339;-0.6588103134;1.0160665108;0.1290696821;0.2266900278;0.0892282707;-0.7548800000;-0.2347080000;0.1136030000
421;10.0345658911;-0.7136853190;0.8038633718;0.1832165976;0.3504624519;0.1311112540;-0.7571430000;-0.2298820000;0.1073020000
422;9.8737793110;-0.4971334158;0.4984924368;0.1246089014;0.5592571963;0.1846673693;-0.7605350000;-0.2250250000;0.0953280000
423;9.4810473483;-0.7966196102;1.3597008755;0.2320010948;0.7604594900;0.2643561071;-0.7653590000;-0.2168110000;0.0772350000
424;9.2789964332;-0.5651600091;1.2987043764;0.1661889795;0.9044501055;0.3246325947;-0.7712670000;-0.2069340000;0.0518120000
425;9.5259086668;-0.8380377349;1.4898676015;-0.1472832139;1.0952350403;0.3757326613;-0.7742280000;-0.1938810000;0.0204450000
426;9.1734317745;-1.0544824346;2.1242619758;-0.0107136265;1.3482703568;0.4538476225;-0.7771530000;-0.1820360000;-0.0153030000
427;8.6940968128;-1.2881996789;3.1460938886;0.1203329040;1.4299733780;0.4989534047;-0.7776670000;-0.1673440000;-0.0593460000
428;8.6055981994;-1.0660686405;2.7609053843;-0.1594351137;1.6531380555;0.5123099362;-0.7762640000;-0.1523430000;-0.1057860000
429;8.1852477479;-1.8848808539;3.7608634617;-0.4806577624;1.7590345253;0.4736201495;-0.7687670000;-0.1312220000;-0.1654750000
430;7.5030365109;-2.1689842918;4.1921878193;0.0354580582;1.9283100245;0.6010613158;-0.7572260000;-0.1138870000;-0.2237400000
431;6.5605052053;-2.0860807099;5.5639762881;0.1403021740;2.0643153914;0.6278437575;-0.7382360000;-0.0971290000;-0.2781350000
432;6.0673386336;-1.9532759416;5.0741670601;-0.1218344124;2.2161377972;0.5818385662;-0.7157090000;-0.0784780000;-0.3402240000
433;5.4102199924;-2.3750548995;6.4168501597;-0.7266365657;2.3654082025;0.6067712750;-0.6814840000;-0.0551610000;-0.4029780000
434;4.0220301452;-3.1164328384;7.0250602210;-0.5186196581;2.4542512318;0.6802037967;-0.6373270000;-0.0238530000;-0.4711560000
435;3.1961698824;-3.3171317179;7.2996350969;-0.2181678577;2.3895707506;0.7560822518;-0.5890290000;0.0020300000;-0.5311690000
436;2.6844648766;-3.2549170491;8.4090971921;-0.6680894634;2.3723938512;0.7392937983;-0.5373380000;0.0272910000;-0.5840430000
437;1.3513160473;-4.3907777466;8.4483234421;-0.1980651895;2.3103996638;0.8744632758;-0.4783070000;0.0557330000;-0.6299210000
438;1.1808608507;-3.6529381074;8.3373951583;-0.2038925632;2.3056296681;0.8270124223;-0.4177790000;0.0749650000;-0.6686740000
439;-0.2579650095;-4.6152450622;8.6712975894;-0.2860868108;2.2327465118;0.7785390363;-0.3479420000;0.0966690000;-0.6993860000
440;-0.5532743907;-3.8082458612;8.2628977794;-0.3605652791;2.2757183237;0.7766277819;-0.2811470000;0.1137890000;-0.7259330000
441;-2.2004511300;-5.1997614877;8.8725116199;-0.4037106861;2.2733213720;0.7770674284;-0.2127310000;0.1355300000;-0.7476450000
442;-3.2029044804;-4.6079413338;8.8430783295;0.1264023096;2.0483078389;0.7473292500;-0.1461000000;0.1401590000;-0.7625800000
443;-3.5513736476;-4.8211681272;9.6150328566;-0.4169249260;1.8979600122;0.5994153521;-0.0833960000;0.1505630000;-0.7692040000
444;-4.2513754811;-5.0000337000;9.3649917279;0.1193597747;1.5484104342;0.5836901761;-0.0245170000;0.1538580000;-0.7660490000
445;-3.8815767145;-4.7228941475;8.6908407263;-0.3354829740;1.4196034049;0.4224492285;0.0234910000;0.1589590000;-0.7669100000
446;-4.5793004493;-4.6371036915;8.0490806073;-0.2560221450;1.4957399754;0.4145871863;0.0688220000;0.1669700000;-0.7666650000
447;-5.2944101385;-4.1006656560;7.4261204570;-0.1237895213;1.4595157444;0.4646067028;0.1159200000;0.1680200000;-0.7592990000
448;-5.8368644152;-4.0253200551;6.9650571636;-0.3685681108;1.3863499082;0.4763345027;0.1617420000;0.1745950000;-0.7501020000
449;-6.1941071363;-4.3496759348;6.7635634498;-0.3644386620;1.2693447137;0.4275245775;0.2009200000;0.1848500000;-0.7324150000
450;-6.4080230376;-4.6379671596;6.3905033667;-0.2278997031;1.1483548623;0.4667400678;0.2389290000;0.1894670000;-0.7213220000
451;-6.7767937847;-4.7539886232;6.5750359694;-0.1951974960;1.0172664259;0.4063577490;0.2730870000;0.1903670000;-0.7133740000
452;-7.1509330886;-4.8084149755;6.3490967356;-0.2226434972;0.8254049123;0.3602435277;0.3012020000;0.1925330000;-0.7010120000
453;-7.1853103655;-4.6668800121;6.1969666929;-0.2087657710;0.7058274079;0.2757360396;0.3236340000;0.1934760000;-0.6902400000
454;-7.2570539056;-4.7427429432;6.3380942078;0.0462393968;0.5053571389;0.2068704522;0.3383090000;0.1922340000;-0.6790760000
455;-7.2734781328;-4.5359532915;6.0409914789;-0.0158659023;0.3267488419;0.0944808756;0.3489680000;0.1901360000;-0.6739690000
456;-7.4277081512;-4.2820260933;5.7438093908;0.0185838249;0.2593589231;0.0461382394;0.3605610000;0.1895620000;-0.6717170000
457;-7.3524429305;-4.1423186126;5.6272631194;-0.0104148913;0.1962447090;0.0254714474;0.3667130000;0.1882390000;-0.6691280000
458;-7.3938964804;-3.9329190800;5.3021163080;0.1435085659;0.1104831170;0.0183691314;0.3690820000;0.1858100000;-0.6683290000
459;-7.2366829778;-3.7842285774;5.0759984824;-0.0656767490;0.0830559535;0.0097035918;0.3669780000;0.1840710000;-0.6668910000
460;-7.4800057540;-4.0010437581;5.1852828895;0.0539116910;0.0751345409;0.0074064057;0.3692280000;0.1875890000;-0.6655910000
461;-7.4309845493;-3.7616065599;4.9763802770;0.0235879288;0.0563286516;0.0234930935;0.3726860000;0.1849530000;-0.6673550000
462;-7.4888702991;-3.9033538207;5.0862662006;0.0499951903;0.0411699736;0.0109788328;0.3748980000;0.1841890000;-0.6643790000
463;-7.5385491506;-3.7905704499;5.1495730250;0.0352303524;0.0622478562;0.0439262385;0.3759300000;0.1820910000;-0.6655580000
464;-7.2788153402;-3.9821321900;5.1499044912;0.1452417319;0.0545851956;0.0293929664;0.3747200000;0.1789190000;-0.6653090000
465;-7.4491402624;-3.9433589473;5.0276294077;0.0030840434;0.0149218569;0.0020382380;0.3750610000;0.1763030000;-0.6666480000
466;-7.3649822482;-4.0710627102;5.1847847500;-0.0172997824;0.0165907400;-0.0164404204;0.3768650000;0.1776590000;-0.6635670000
467;-7.4717199413;-3.9782597283;5.0176340382;-0.0084793571;0.0294009178;0.0001408953;0.3756880000;0.1779770000;-0.6651260000
468;-7.4776361102;-4.0674660437;4.9123023771;0.0603145416;0.0489736941;-0.0107259876;0.3781750000;0.1771440000;-0.6646080000
469;-7.2731301510;-3.8288370030;5.0134949233;0.0281501169;0.0320407065;-0.0098317654;0.3762910000;0.1763550000;-0.6641290000
470;-7.5280202375;-3.8131133420;5.0322968534;-0.0297083233;-0.0016452537;-0.0275592023;0.3749340000;0.1778200000;-0.6639200000
471;-7.5672515991;-3.8105579723;5.1268901796;-0.0006110889;-0.0337157664;-0.0399622258;0.3761040000;0.1788960000;-0.6649790000
472;-7.4288262665;-3.8780464506;5.3538812432;-0.0026921717;-0.0719155940;-0.0204902501;0.3754970000;0.1786670000;-0.6660990000
473;-7.3406864740;-4.2018868448;5.3742763469;0.1020582139;-0.1147959336;-0.0540782185;0.3713200000;0.1772940000;-0.6676290000
474;-7.5454345413;-4.5215574404;5.6303209720;0.0338914681;-0.1941047190;-0.1208842066;0.3636280000;0.1775930000;-0.6709580000
475;-7.4109101140;-4.5414816427;6.1231306854;0.1013529841;-0.3951809346;-0.2274006882;0.3540350000;0.1788990000;-0.6765660000
476;-7.4279044967;-4.8623897987;6.7884102574;0.1126485789;-0.6508028168;-0.3427408625;0.3408460000;0.1803960000;-0.6830060000
477;-7.3726781491;-5.0282666684;6.8544032740;0.2332365738;-0.9473380291;-0.5111724629;0.3146570000;0.1807170000;-0.6950350000
478;-6.9909021222;-5.1175804835;7.4359857787;0.2777487222;-1.2823627804;-0.6205974945;0.2789200000;0.1809310000;-0.7093670000
479;-6.7762974004;-5.0173507130;7.7228763193;0.3970678569;-1.5660928548;-0.6894327542;0.2306030000;0.1790340000;-0.7291270000
480;-6.3436915041;-4.9387898508;7.9582758892;0.3713271477;-1.8464612835;-0.8308913186;0.1737880000;0.1741930000;-0.7445400000
481;-5.9782160891;-5.0220954802;8.3506856145;0.1734173518;-2.0889853697;-0.9208485665;0.1140000000;0.1726070000;-0.7568010000
482;-5.4875200243;-5.4086799137;8.5622536243;0.4603514217;-2.3333011591;-1.0890524421;0.0383000000;0.1657910000;-0.7655440000
483;-4.7814187559;-4.8429565333;8.8185641202;0.5543416684;-2.5923764129;-1.0939029420;-0.0442710000;0.1496700000;-0.7703770000
484;-3.6967324060;-4.6069459863;8.6254590942;0.3854689620;-2.6302005233;-1.1548533744;-0.1370050000;0.1324190000;-0.7638060000
485;-2.6572868769;-4.4795670925;8.7074865306;0.3747444411;-2.7824325941;-1.1559429684;-0.2253770000;0.1123460000;-0.7474330000
486;-1.3887195872;-4.2586646244;8.4402732510;0.3138121218;-2.7979102743;-1.1432994644;-0.3081430000;0.0907530000;-0.7209440000
487;-0.3704284099;-4.2518468905;8.4387133670;0.3445066728;-2.7388147182;-1.1610041743;-0.3898450000;0.0653890000;-0.6825820000
488;1.0173096801;-3.7152295966;7.8177309351;0.3763897215;-2.7956698640;-1.1090386627;-0.4680830000;0.0376470000;-0.6358310000
489;2.3631108803;-3.4077141144;7.4201904250;0.2104043861;-2.7055317579;-1.0692028446;-0.5411830000;0.0077580000;-0.5800740000
490;3.3009875885;-3.2272499433;6.7194111836;0.4292279549;-2.6315269209;-1.0413771383;-0.6018780000;-0.0240360000;-0.5172200000
491;4.4434007119;-2.8941460075;6.2638626592;0.3071262024;-2.5201900486;-0.9375997363;-0.6518660000;-0.0535830000;-0.4532680000
492;5.3872230793;-2.3042424553;5.6527467219;0.2984006472;-2.3452278859;-0.7970733749;-0.6904750000;-0.0824730000;-0.3884540000
493;6.1970866407;-2.3099352493;4.8281209161;0.2431672173;-2.1521936665;-0.7385324755;-0.7217480000;-0.1083110000;-0.3217220000
494;7.0643274773;-1.4477790056;4.2936013237;0.1852565294;-1.9642435459;-0.5913836474;-0.7399010000;-0.1327640000;-0.2572190000
495;7.8585843691;-1.9463878856;3.1810852080;0.1751352599;-1.7387940430;-0.5598101012;-0.7543390000;-0.1530980000;-0.1995970000
496;8.5207911679;-1.6560500284;3.0060925425;0.1628901651;-1.4789019019;-0.5274541075;-0.7670910000;-0.1697640000;-0.1509920000
497;8.5320717522;-1.5976595341;2.9365073175;0.2078916170;-1.2983261151;-0.5072144500;-0.7710810000;-0.1861310000;-0.1069790000
498;8.7710878596;-0.8113559211;2.5020515678;-0.2368453440;-1.1485759034;-0.4962794005;-0.7713700000;-0.2002910000;-0.0676380000
499;9.2285781280;-0.8701485242;2.4703826708;-0.6203861468;-0.9994864247;-0.4579790626;-0.7641980000;-0.2156900000;-0.0392420000
500;9.2428062404;-1.1067365620;1.9490634215;-0.1261495368;-0.9408794831;-0.3373429614;-0.7620150000;-0.2291500000;-0.0121580000
501;9.5113301702;-0.7143713280;1.1981478467;0.1194277125;-0.7841388066;-0.2135557152;-0.7624110000;-0.2353150000;0.0154560000
502;9.6970527196;-0.5184973523;1.1276297320;0.1325134784;-0.6156231800;-0.0638969836;-0.7614470000;-0.2396370000;0.0380330000
503;9.8152146576;-0.8725051532;1.1175299173;-0.0013197487;-0.4279327274;0.0122469873;-0.7615810000;-0.2402380000;0.0555980000
504;9.6301734669;-1.1582276790;0.8484796055;-0.0006570038;-0.2805735427;0.0409690333;-0.7561640000;-0.2380250000;0.0648560000
505;10.0476880832;-0.7467965865;0.8059605697;0.0029460326;-0.2197514269;-0.1016776236;-0.7546160000;-0.2398520000;0.0731660000
506;9.5167689255;-0.9178216948;0.9417361556;-0.0777533218;-0.0842999471;-0.0087892906;-0.7570440000;-0.2405050000;0.0787000000
507;9.6718901875;-0.8087469128;1.1155389063;0.1815218950;-0.0320980171;-0.0068609714;-0.7571990000;-0.2400330000;0.0808860000
508;9.5850209511;-1.1493455172;1.2888757320;0.0302011603;-0.0052664850;0.0102937616;-0.7570610000;-0.2379850000;0.0834850000
509;9.5933501269;-1.1655512961;1.3837025719;0.0650738517;0.0082402384;-0.0397062939;-0.7554930000;-0.2420680000;0.0820670000
510;9.6426281663;-1.0082900170;1.2520702316;0.0418076762;-0.0002889213;-0.0106329005;-0.7543270000;-0.2403960000;0.0834740000
511;9.5431036824;-1.0305359581;1.1584887551;0.1009968071;0.0876413374;0.0178386311;-0.7564440000;-0.2392170000;0.0847530000
512;9.8078510449;-0.9332245237;1.1631037699;0.1338166319;0.1345245966;0.0516698475;-0.7566550000;-0.2393100000;0.0833730000
513;9.7986013380;-0.8402860743;0.6925621237;0.0679744509;0.2901825351;0.0907714279;-0.7597000000;-0.2356860000;0.0777360000
514;9.7111519792;-0.7252551894;0.4916835761;0.1417843216;0.4417955405;0.0583459845;-0.7601440000;-0.2336760000;0.0671360000
515;9.5595947693;-0.6462305800;0.6267070695;0.1702350112;0.6235498696;0.1552432946;-0.7629060000;-0.2272770000;0.0517450000
516;9.5661419142;-0.4693564500;1.1989245822;-0.0638296432;0.8852811667;0.2699049684;-0.7657370000;-0.2222310000;0.0325190000
517;9.2260474242;-0.9363035021;2.2189055854;-0.0561296323;0.9880184534;0.4288743360;-0.7688580000;-0.2098940000;0.0032100000
518;9.0317214123;-1.1947496016;2.5923895900;-0.0345571687;0.9928213762;0.4509101658;-0.7727260000;-0.1963270000;-0.0272360000
519;8.6454661477;-1.8215225547;4.6607309955;-0.2520574056;0.7875157729;0.3852346136;-0.7751690000;-0.1790980000;-0.0614940000
520;8.9164508469;-1.8102996736;2.9558056456;-0.2174716645;0.7804164320;0.3616101089;-0.7759420000;-0.1681220000;-0.0853470000
521;9.3430634016;-1.8252377235;3.5705985624;-0.4049036050;0.7354874907;0.3990867294;-0.7749390000;-0.1558420000;-0.1091380000
522;8.5055641464;-2.4330196621;3.1295487263;-0.2079001809;0.8556191896;0.4244680955;-0.7727300000;-0.1411140000;-0.1357810000
523;8.4212499087;-2.1733801350;3.3548416241;-0.1342486689;0.9598236090;0.4761135941;-0.7702470000;-0.1259260000;-0.1648870000
524;7.9868938484;-2.5134760390;3.9102227070;-0.1473776663;1.1124180233;0.5136375880;-0.7656960000;-0.1087810000;-0.1985900000
525;7.8022650447;-2.3426327952;3.3903038806;-0.1177733918;1.3304526531;0.5839427049;-0.7569420000;-0.0901420000;-0.2352920000
526;7.5782365640;-2.6475402865;3.6626260610;-0.0351243951;1.5612330142;0.6567537396;-0.7455550000;-0.0710180000;-0.2762850000
527;6.5147428341;-2.6971085262;4.5165739011;-0.0147690254;1.8168040372;0.7697952902;-0.7249930000;-0.0486220000;-0.3242070000
528;6.1445680085;-2.7550778577;4.7076718412;-0.0746668179;2.0771433917;0.8448240733;-0.6994420000;-0.0241920000;-0.3807280000
529;5.0189673363;-2.9324772869;5.8804868388;-0.3369515563;2.1688838763;0.9447695987;-0.6609030000;0.0069140000;-0.4392490000
530;3.8851759075;-3.7703070844;6.9336817775;-0.4477896225;2.1906285311;0.9728877433;-0.6192770000;0.0403290000;-0.4961520000
531;3.1646036289;-4.3319882720;7.5101208855;-0.3649201745;2.1565997233;1.0358960496;-0.5747140000;0.0701730000;-0.5444040000
532;2.4925180462;-4.6348256741;8.1452007179;-0.3611493955;2.0815368122;1.0970355579;-0.5227610000;0.1015860000;-0.5897640000
533;2.0728647851;-4.8557267453;7.7537905168;-0.3147697972;2.0019587328;1.1362849365;-0.4674560000;0.1306110000;-0.6263270000
534;0.9538985874;-5.2702859948;7.8835680329;-0.2861853937;2.0607737032;1.1572921600;-0.4056660000;0.1618520000;-0.6590780000
535;0.3189459333;-4.9765361288;7.1967087621;-0.3583976658;2.1580106270;1.1314347542;-0.3412060000;0.1874050000;-0.6881120000
536;-0.8793353499;-5.1794464307;7.3509554592;-0.5845508658;2.3375354756;1.2149512176;-0.2728290000;0.2137310000;-0.7128780000
537;-2.6518642990;-5.5117823766;7.0968003665;-0.4756395426;2.4741949352;1.2684439181;-0.1933420000;0.2398530000;-0.7292390000
538;-4.3064892939;-5.5199783773;7.9033193018;-0.3024324628;2.2521785425;1.3398735860;-0.1097990000;0.2583430000;-0.7390690000
539;-4.7070713672;-5.3865627789;7.3732926795;-0.2139412067;2.1547811197;1.2541452436;-0.0261670000;0.2699040000;-0.7374540000
540;-5.1241518674;-5.8601872499;7.3742119912;-0.4172338548;2.2280149820;1.2807773224;0.0522380000;0.2783610000;-0.7316340000
541;-6.3142825123;-6.4292761859;7.3492615654;-0.1116872730;2.0776286200;1.2064162897;0.1234730000;0.2807050000;-0.7272910000
542;-6.5885926285;-6.1942993599;7.2272989575;-0.2553146288;1.7115864969;0.9704794159;0.1887810000;0.2786340000;-0.7140960000
543;-6.9012306794;-6.3951632503;7.2322034150;-0.2958028796;1.4399924523;0.7519685351;0.2391770000;0.2807620000;-0.6987830000
544;-7.3092599155;-6.4712946079;7.1876265977;0.1385958333;1.0886356446;0.5518481086;0.2811850000;0.2748640000;-0.6772970000
545;-7.3078752710;-5.4540421668;6.5593866006;0.2055860049;0.7521855679;0.3857855526;0.3087610000;0.2645970000;-0.6702180000
546;-7.1997887554;-5.3856660066;6.4371773831;0.1964374572;0.5135159037;0.2188316617;0.3295540000;0.2572240000;-0.6697440000
547;-7.1177509886;-5.0569402938;5.8283380932;0.1714625166;0.3487567181;0.1038687589;0.3404050000;0.2481520000;-0.6663620000
548;-7.3814086367;-4.9204281659;5.5573371895;0.2391460528;0.2099838058;0.0293790717;0.3481300000;0.2426760000;-0.6625820000
549;-7.3220865539;-4.2836919884;5.4610977404;0.0164946953;0.1391472408;-0.0103663545;0.3450540000;0.2375150000;-0.6615700000
550;-7.3870407503;-4.3952234647;5.6581132532;0.0332030720;0.0010108029;-0.0761624183;0.3462090000;0.2384660000;-0.6629030000
551;-7.3007969404;-4.6786742266;5.7416866812;0.1360896696;-0.0998747665;-0.1097424232;0.3478070000;0.2378080000;-0.6636570000
552;-7.3006684008;-5.3165900609;6.5839305427;0.2214333526;-0.3377404160;-0.2135318934;0.3425160000;0.2359950000;-0.6681100000
553;-7.3946270990;-5.1804552715;6.7242561236;0.1835961743;-0.7167760519;-0.4384102190;0.3213180000;0.2337140000;-0.6788230000
554;-7.1081278343;-6.4117257629;7.5927879064;0.0040145432;-0.9865795058;-0.6404333804;0.2875660000;0.2394950000;-0.6891360000
555;-7.1740233400;-6.2683370196;7.9063727723;0.1296793019;-1.3811281304;-0.8978218403;0.2467840000;0.2454460000;-0.7031620000
556;-6.9508087417;-6.3645006080;8.2189489962;0.4479353040;-1.8516650436;-1.0705729483;0.1989050000;0.2469030000;-0.7197730000
557;-6.2944306048;-6.1662299074;8.0556508916;0.3176443110;-2.1419791092;-1.3530595822;0.1258090000;0.2446230000;-0.7357180000
558;-5.8732370348;-6.3636034079;8.3792387300;0.6392736680;-2.4579215059;-1.5466652552;0.0449480000;0.2354660000;-0.7490420000
559;-5.2281575836;-5.4189431147;8.3903090043;0.6309925412;-2.7549549925;-1.5680058186;-0.0571840000;0.2131430000;-0.7572200000
560;-3.8862856990;-5.6352057888;8.3630001131;0.8413789099;-2.7629897771;-1.5471645488;-0.1523050000;0.1860250000;-0.7521830000
561;-2.7819442599;-4.7630749713;7.8593460480;0.8030028508;-2.9091261012;-1.5351153149;-0.2415590000;0.1515030000;-0.7349170000
562;-1.4583386463;-5.0679473692;8.2183495789;0.5992657565;-2.8432669150;-1.5050606253;-0.3328900000;0.1169450000;-0.7056560000
563;-0.5638074636;-4.0778766113;7.8278200119;0.7396657971;-2.9427684024;-1.4659753518;-0.4207750000;0.0734020000;-0.6635670000
564;1.4012850539;-3.8307809775;7.3336186979;0.3328967130;-2.9013864799;-1.4185410402;-0.5054550000;0.0311140000;-0.6102420000
565;2.8873397170;-3.5618191823;6.8579842885;0.6593405244;-2.8595167576;-1.3127289772;-0.5733090000;-0.0119570000;-0.5488280000
566;3.9432067601;-2.6269405862;5.8424475740;0.5126858903;-2.6013785579;-1.2687284852;-0.6289740000;-0.0498100000;-0.4840820000
567;4.9867917877;-2.3765703840;5.3287314515;0.3442527893;-2.4578183372;-1.1782649689;-0.6713100000;-0.0887650000;-0.4178340000
568;5.9710691341;-2.0656518894;5.0622329529;0.5685458910;-2.2064086724;-0.9968752548;-0.7035690000;-0.1259570000;-0.3520190000
569;6.7445713854;-1.3056018618;4.6048501408;0.4418923241;-2.0626263030;-0.8804187175;-0.7204900000;-0.1651770000;-0.2854380000
570;7.3237827676;-1.3625323793;3.6482768684;0.4801817720;-1.8850724443;-0.8175686489;-0.7372040000;-0.1937150000;-0.2222210000
571;8.3539054027;-0.4219026531;2.8712184414;0.0920135404;-1.6590192322;-0.7012346224;-0.7496430000;-0.2160950000;-0.1680720000
572;8.7498739538;-0.7046037810;2.7035535785;0.0252114363;-1.4058110484;-0.5803678729;-0.7525010000;-0.2370580000;-0.1209610000
573;8.6389110496;-0.2535220134;2.7578006963;0.1253838051;-1.2182734385;-0.4199499739;-0.7541390000;-0.2498900000;-0.0812720000
574;8.7530758017;-0.4116943817;2.6792326447;0.2188161525;-1.1010403293;-0.3101040080;-0.7480170000;-0.2639120000;-0.0445570000
575;9.4746601425;0.0399332106;1.9928880847;-0.0123928272;-0.9996219705;-0.2274020193;-0.7471970000;-0.2725330000;-0.0097400000
576;9.7236940056;-0.6327646365;2.2374702137;0.1442812886;-0.9347968637;-0.0433565447;-0.7491350000;-0.2727760000;0.0198280000
577;9.5926881717;-0.5826194616;1.3589464507;0.5016055832;-0.9484637123;0.0542565398;-0.7494710000;-0.2739450000;0.0537200000
578;10.5226574219;-0.1756126595;0.4759248346;0.0860732655;-0.8649233691;-0.0607233895;-0.7468080000;-0.2724290000;0.0851060000
579;9.5413508153;-0.7877583545;0.1984558267;-0.1547296496;-0.6745394714;-0.0673148698;-0.7407220000;-0.2739240000;0.1040250000
580;9.7226300495;-0.4128696083;-0.0933119611;-0.0241638162;-0.4844097301;-0.1359165273;-0.7365660000;-0.2783660000;0.1200060000
581;9.4487151687;-0.3214574448;0.3736735861;-0.0837481150;-0.2869394020;-0.0669994026;-0.7350210000;-0.2815840000;0.1357360000
582;9.9608757456;-0.0532511265;0.1451284469;-0.0269848348;-0.1896348604;0.0360298767;-0.7336650000;-0.2811980000;0.1405910000
583;9.5620928873;-0.4816610649;0.2469891209;0.2390557206;-0.0771217209;0.1089981402;-0.7344370000;-0.2780400000;0.1465760000
584;10.1215290493;-0.8527897834;0.7349400793;0.1982824184;-0.0225942788;0.0446195242;-0.7334700000;-0.2752760000;0.1468690000
585;9.9077452277;-0.6514447932;0.5918211806;0.0261120984;-0.0899785272;-0.0471276741;-0.7335950000;-0.2754150000;0.1520800000
586;9.9404223805;-0.6636060276;0.1860093458;-0.0071857907;-0.0356190794;-0.0678622897;-0.7333710000;-0.2749980000;0.1562030000
587;9.7105693381;-0.3525402218;0.4340526219;0.0366003846;0.0198988448;0.0147224101;-0.7334990000;-0.2756620000;0.1563400000
588;9.4198042315;-0.5472797652;0.6753564743;0.0820275929;0.0400348317;0.0500639884;-0.7329390000;-0.2746160000;0.1566290000
589;9.9253440969;-0.5834257598;0.5178517091;-0.0116407174;0.0351227641;0.0343745708;-0.7327410000;-0.2740520000;0.1552600000
590;9.7660837541;-0.6108657022;0.4407737477;-0.0151343675;0.0481410242;-0.0193104164;-0.7335840000;-0.2742960000;0.1548170000
591;10.0153055149;-0.5338139985;0.4762045571;0.0372060303;0.0851637086;0.0034768993;-0.7346670000;-0.2728350000;0.1550370000
592;9.7193427813;-0.5065671666;0.3730671420;0.0675975317;0.1219234470;0.0451828185;-0.7357650000;-0.2707700000;0.1525080000
593;9.8212050731;-0.4110989120;-0.1840733506;0.0189717405;0.2271311844;0.0751552218;-0.7374230000;-0.2690880000;0.1496850000
594;9.5252998018;-0.4483428738;-0.1274200610;0.1625300469;0.4347874724;0.0327368841;-0.7389040000;-0.2691460000;0.1375490000
595;9.9775976139;-0.2539469830;-0.1238464564;0.3411726569;0.5823006276;0.0649664350;-0.7420040000;-0.2657560000;0.1258720000
596;9.7438530212;-0.0458245758;0.0120840863;0.1292786632;0.8111789724;0.2077153810;-0.7467440000;-0.2582460000;0.1092970000
597;9.7729425662;-0.2721341707;0.4188303242;0.1198926213;1.1290509992;0.4213429830;-0.7546030000;-0.2486600000;0.0806410000
598;9.7055661860;-0.1718605429;1.2083240528;-0.1157010879;1.2459911324;0.4972761286;-0.7634310000;-0.2346220000;0.0443670000
599;9.1063512818;-0.9405027172;1.4658990227;-0.2864785860;1.4361415147;0.4835935175;-0.7681830000;-0.2177020000;-0.0021960000
600;9.1894713642;-0.8274593959;1.8670267705;-0.5626124726;1.6214523114;0.5213064263;-0.7693810000;-0.2005520000;-0.0536950000
601;8.6898564873;-1.4774768545;2.6432296156;-0.4772315111;1.7294628408;0.5768560217;-0.7702050000;-0.1840510000;-0.1058610000
602;7.8798948432;-1.3005497099;2.6336265010;-0.4389369586;2.0187480186;0.6943176258;-0.7630600000;-0.1613000000;-0.1669490000
603;7.2481420786;-1.9910988708;4.2780555760;-0.5013822687;2.0572225929;0.8447417010;-0.7501790000;-0.1313280000;-0.2328010000
604;6.5893174127;-2.2364211530;3.8047336213;-0.3527362706;2.3476711729;0.9492880879;-0.7303380000;-0.0969900000;-0.3060910000
605;5.4445686000;-2.5945542453;5.5909079686;-0.3893220453;2.4144333294;1.0170986637;-0.7007520000;-0.0639660000;-0.3734920000
606;4.4298861958;-3.5486718180;6.3638611228;-0.3682870788;2.5050689189;1.0011787944;-0.6642200000;-0.0309400000;-0.4386940000
607;3.6218360856;-3.3580907826;7.6397605776;-0.3067472838;2.3286335433;1.1074796249;-0.6182390000;0.0011830000;-0.4984340000
608;3.3120915467;-4.0042652299;7.8556852021;-0.7146458405;2.3053180274;1.0817227294;-0.5684560000;0.0403540000;-0.5507990000
609;1.8714734038;-5.4947071054;9.0798660099;-0.1042165712;2.1110884998;1.2094456661;-0.5101330000;0.0780790000;-0.6018510000
610;1.4885077431;-4.4287258660;8.3960158532;-0.1165520426;1.8603322470;0.9640651991;-0.4591800000;0.0978770000;-0.6383830000
611;2.4837910115;-4.5395711295;8.1779911597;-0.6253214346;1.9434590800;1.0231970156;-0.4100290000;0.1257090000;-0.6676350000
612;0.3902430189;-5.5573705733;7.4577602653;-0.4973853252;2.1073531887;1.0632522117;-0.3469460000;0.1580950000;-0.6941670000
613;-0.8746114115;-4.5860747049;7.4297365992;-0.4085296822;2.2008547403;1.1494153859;-0.2780700000;0.1828520000;-0.7198620000
614;-2.4116447793;-5.5036925941;7.8964943600;-0.2258108576;2.2177099309;1.1939380699;-0.2028950000;0.2072670000;-0.7302070000
615;-3.4060641061;-5.3554079411;8.0944490744;0.2344591880;2.0395715154;1.1045713904;-0.1317930000;0.2114700000;-0.7457830000
616;-3.4636170852;-4.7815667759;7.7488725381;-0.3224760783;2.0308582800;1.0415058237;-0.0642630000;0.2169080000;-0.7567080000
617;-4.6705982783;-5.6919947722;7.9552966753;-0.1321206970;1.9958415108;1.0500736237;0.0059340000;0.2261180000;-0.7561620000
618;-5.4351020590;-5.1046435996;7.6504820712;-0.0881125765;1.9245432692;0.9494625682;0.0702270000;0.2264720000;-0.7540040000
619;-6.0203562903;-5.2198911252;7.7639264729;0.0159677534;1.7611133949;0.8697093777;0.1314110000;0.2217430000;-0.7388960000
620;-6.2380814063;-5.0454029613;7.5191783917;-0.0536885866;1.4994010520;0.7511593441;0.1852510000;0.2149580000;-0.7283210000
621;-6.5263252458;-5.4683580042;7.0960890945;-0.1830715047;1.2381442201;0.6516325598;0.2321780000;0.2174810000;-0.7215210000
622;-6.9139738300;-5.4650698066;7.0599244502;-0.0767652200;1.0231205053;0.5085257761;0.2669970000;0.2136210000;-0.7091210000
623;-6.9279365875;-5.0387839099;6.8057975539;-0.0109090020;0.7690831180;0.3987894260;0.2943980000;0.2096580000;-0.7000360000
624;-7.0647202989;-4.7978330990;6.5588045013;0.1160549416;0.5660094518;0.2734244195;0.3088940000;0.2021530000;-0.6873250000
625;-7.0558499678;-4.5449384298;6.0964464525;0.2146237913;0.3883353362;0.1791674378;0.3231500000;0.1968880000;-0.6839710000
626;-7.1039209539;-3.6575011145;5.5447453737;0.0404796590;0.2822619673;0.1480364644;0.3377970000;0.1911660000;-0.6834810000
627;-7.3173849947;-3.7925691386;5.4647718468;-0.0848841936;0.3661939025;0.1706368696;0.3481780000;0.1911900000;-0.6784000000
628;-7.2040338158;-3.9182158414;5.4420551207;0.1149334804;0.3676716724;0.1797710886;0.3582810000;0.1864560000;-0.6735690000
629;-7.6602724057;-3.9083580483;5.5944832596;-0.0706545313;0.2609019316;0.1325379501;0.3606780000;0.1839460000;-0.6697500000
630;-7.5749945410;-4.3071612553;5.7443534086;-0.0439237391;0.1557612287;0.0684488360;0.3664910000;0.1840470000;-0.6658120000
631;-7.5527220958;-4.0903496321;5.3545628123;0.0625831376;0.0923673642;0.0519032347;0.3755290000;0.1811650000;-0.6654300000
632;-7.8139003512;-4.1847416329;5.6021746424;0.0039553098;0.0071270984;-0.0238068704;0.3761970000;0.1815620000;-0.6656800000
633;-7.3599423983;-3.9930975246;5.2848283788;-0.0455580514;-0.0517263708;-0.0377904109;0.3744150000;0.1833040000;-0.6657640000
634;-7.3733508905;-4.1374559881;5.0863022060;0.0466805442;-0.0439496687;-0.0748673118;0.3688840000;0.1820700000;-0.6670750000
635;-7.5314057484;-4.1297062289;5.2630080583;-0.0861940401;-0.0629145649;-0.0937533466;0.3662050000;0.1838590000;-0.6685670000
636;-7.5284387862;-4.5258009766;6.1390583930;-0.1501148510;-0.2051464674;-0.2000126113;0.3646680000;0.1915650000;-0.6689590000
637;-7.6173757935;-4.9522031044;6.7832463066;-0.2253555171;-0.4940629804;-0.3634390778;0.3533530000;0.2000720000;-0.6708460000
638;-7.5013387144;-6.0269698128;7.4427134939;0.0159587034;-0.9572117175;-0.6717800800;0.3273230000;0.2109650000;-0.6821230000
639;-7.7459754778;-5.7122736704;7.7795400238;0.2805580266;-1.4734001102;-0.9393273792;0.2822710000;0.2167800000;-0.6993380000
640;-7.4291125772;-5.4183849398;8.0891867073;0.0870054407;-1.9318254915;-1.0520487886;0.2251810000;0.2217350000;-0.7194990000
641;-6.4890350197;-5.6734822167;8.2530318817;-0.0968174294;-2.1641036234;-1.2211906950;0.1613960000;0.2304630000;-0.7346030000
642;-6.5553404092;-6.4506668211;8.4044963105;0.3965411495;-2.4551562927;-1.4994254917;0.0799120000;0.2345130000;-0.7464010000
643;-5.6229135629;-5.7361924468;8.7665522707;0.8104939727;-2.8018630326;-1.6108347222;-0.0144210000;0.2163380000;-0.7541600000
644;-4.7917244848;-5.5694512569;8.6472826612;1.3474434454;-3.0144025740;-1.5974020669;-0.1240380000;0.1804490000;-0.7573240000
645;-3.4404105783;-4.5372034984;8.0823466561;0.8140192358;-3.2073927992;-1.5255677638;-0.2284330000;0.1350250000;-0.7426430000
646;-1.8717476535;-4.8783444085;8.2632042882;0.3518895705;-3.1386955336;-1.4861673139;-0.3237540000;0.1035650000;-0.7138390000
647;-0.3060779767;-4.2503843929;7.7401557408;0.5016798890;-3.1271734708;-1.5094548779;-0.4167540000;0.0694310000;-0.6701020000
648;1.0446065952;-3.8766546027;7.1745591282;0.3997340655;-3.0968606333;-1.4260805075;-0.5003070000;0.0316790000;-0.6134720000
649;2.5233420631;-3.4666603665;6.4677662532;0.3888094359;-2.9667949928;-1.3463411662;-0.5750570000;-0.0036190000;-0.5430570000
650;3.9183646510;-2.6022297936;6.0805548814;0.0986130748;-2.8099289435;-1.2159511691;-0.6361500000;-0.0401130000;-0.4726370000
651;4.7477763010;-2.3639829178;4.8539084366;0.3091091815;-2.5623523469;-1.1083499834;-0.6816250000;-0.0765240000;-0.4062590000
652;5.8463678012;-2.1218122527;4.8436849305;0.2266474751;-2.3417916528;-0.9722471001;-0.7166110000;-0.1085960000;-0.3377080000
653;6.5704083681;-1.5976209392;3.8568562275;0.5606214883;-2.1885407025;-0.7578168073;-0.7399410000;-0.1384300000;-0.2681590000
654;7.5738284892;-1.0771791800;3.1142334554;0.1209870724;-1.9194693092;-0.6969677731;-0.7493190000;-0.1636500000;-0.2030250000
655;8.2365954313;-1.6600893330;3.1243080619;0.2392937822;-1.7138847922;-0.5697289455;-0.7580010000;-0.1837210000;-0.1475080000
656;8.7627531976;-1.2760126731;2.7212850682;0.4309360847;-1.5789828415;-0.4748796771;-0.7687580000;-0.2030290000;-0.0949610000
657;9.1971303362;-0.7869226309;1.7954888893;-0.0860011347;-1.3783310339;-0.4992463788;-0.7693050000;-0.2167340000;-0.0478100000
658;9.3378342489;-0.9360874055;1.5846871061;-0.2849899006;-1.1231940964;-0.4853695152;-0.7659310000;-0.2328370000;-0.0114650000
659;9.2827547183;-0.6996948269;1.0609980815;0.1629604072;-0.9194316703;-0.3358530869;-0.7555490000;-0.2453910000;0.0182740000
660;9.3439535574;-0.1112433285;0.6946956596;0.3555238518;-0.7989521187;-0.0272529437;-0.7535520000;-0.2487710000;0.0498060000
661;9.4481918499;-0.3482937568;0.6859409987;-0.2540634381;-0.5235548840;0.0169637198;-0.7558920000;-0.2496720000;0.0694810000
662;9.7677876494;-1.4620282827;0.8339047144;0.1132033562;-0.3980821556;-0.0423545595;-0.7552320000;-0.2500030000;0.0815870000
663;10.1669276786;-0.4785860951;0.9648250904;0.1213328526;-0.3139115151;0.0386491869;-0.7534750000;-0.2520010000;0.0962190000
664;9.7264464115;-0.7419106326;0.8350778336;-0.0490428953;-0.3157952198;0.0534391776;-0.7491850000;-0.2492310000;0.1048790000
665;9.8565350437;-0.8778237493;0.4401078152;0.1378779648;-0.2362521511;0.0255367093;-0.7485750000;-0.2461620000;0.1136640000
666;9.8534099480;-0.7567031656;0.3388798002;0.1349036209;-0.1221248738;0.0151780363;-0.7503370000;-0.2472120000;0.1238940000
667;9.4629565935;-0.9915018868;0.7329867817;0.0569648805;-0.0150921763;-0.0255691060;-0.7501270000;-0.2471850000;0.1277450000
668;9.7441313508;-0.6378101847;0.7320073080;0.2345963775;-0.0312345899;-0.0444728766;-0.7495750000;-0.2467310000;0.1303710000
669;9.9330593602;-0.9760739490;0.7498271069;0.0279390698;-0.0155708347;0.0474726133;-0.7483080000;-0.2461020000;0.1311040000
670;9.9854593394;-1.3955147188;0.7643950372;0.0789716519;0.0074817275;-0.0053211563;-0.7488200000;-0.2449220000;0.1317610000
671;9.7344944328;-1.1482496917;0.8983804506;0.0084408865;0.0340045897;-0.0400258351;-0.7483190000;-0.2452370000;0.1334300000
672;9.6312125788;-0.9185151428;1.0084547916;-0.0969699479;0.0120092516;-0.0371217599;-0.7472190000;-0.2476330000;0.1334910000
673;9.7333370040;-0.8276977591;0.7281233805;0.0076098206;0.0140595902;-0.0398085897;-0.7480110000;-0.2505490000;0.1338930000
674;9.7800671998;-0.7606061421;0.7155098393;0.0384956255;0.0743567514;0.0591109255;-0.7486160000;-0.2475370000;0.1304160000
675;9.5547441489;-0.9427825887;0.6547726576;0.0368101058;0.0833745312;0.0640074119;-0.7489790000;-0.2440490000;0.1288660000
676;9.6801894553;-0.9157469312;0.6755210259;0.0748979343;0.1740573150;0.0217705065;-0.7502960000;-0.2429340000;0.1272960000
677;9.7174605163;-0.8797422361;0.6161062452;0.0689525667;0.2122445827;0.0556969639;-0.7514600000;-0.2412320000;0.1235310000
678;9.4780539415;-0.9068015638;0.2837976946;0.0855507166;0.4371818139;0.0809441487;-0.7546440000;-0.2387280000;0.1152890000
679;9.9764198576;-0.8704288260;0.2149809927;0.2256085271;0.5288836046;0.0180318647;-0.7558240000;-0.2366190000;0.1012280000
680;9.7035968364;-0.5673961892;1.0169268544;0.1585585489;0.6470956747;0.0591229076;-0.7587780000;-0.2353500000;0.0846320000
681;9.3834125498;-1.1919215549;2.2755816689;0.1711291123;0.6644783770;0.1072065671;-0.7617620000;-0.2312880000;0.0676030000
682;9.6837219156;-0.4995257782;1.0469567113;0.0558694388;0.7437052788;0.1312386060;-0.7631690000;-0.2278740000;0.0494060000
683;10.1386926000;-0.6754739356;1.2778931081;-0.3139595213;0.9153381833;0.3076769608;-0.7665090000;-0.2196620000;0.0209420000
684;9.1190088271;-1.5534747946;2.2369126614;0.0751161330;1.0193507075;0.3683157728;-0.7710090000;-0.2075670000;-0.0136360000
685;8.8696119841;-0.8221654489;2.0447468095;0.0392481846;1.1882819923;0.3843903467;-0.7731070000;-0.1958010000;-0.0467430000
686;8.7840698082;-1.2834993850;3.1969037817;-0.3731177011;1.2135465935;0.3804176517;-0.7724890000;-0.1837230000;-0.0826250000
687;8.1659476696;-1.6749440880;3.2956360405;-0.0811931198;1.2899382200;0.4086907302;-0.7705030000;-0.1706670000;-0.1209300000
688;8.3857694678;-1.6832063339;3.5652564260;-0.3819619351;1.4167031815;0.4274693638;-0.7650600000;-0.1544230000;-0.1658440000
689;7.7869683499;-2.3296459042;3.9738548302;-0.1759158721;1.5676676749;0.5066304630;-0.7562430000;-0.1348840000;-0.2164120000
690;7.3248957429;-2.1737056340;4.0494075648;0.2229975521;1.7546513121;0.5873135176;-0.7431780000;-0.1196960000;-0.2643070000
691;6.7920277144;-1.9112177805;5.2894967806;-0.0411378165;1.8941528903;0.6288444374;-0.7256810000;-0.1030610000;-0.3135460000
692;6.0081009484;-2.3432274273;5.5259015120;-0.1058967632;2.0523346194;0.6892946211;-0.6987660000;-0.0838040000;-0.3702490000
693;5.2610509088;-2.6735204634;6.6125285271;-0.1026024059;2.0968424850;0.7094588327;-0.6679820000;-0.0606390000;-0.4260020000
694;4.7828296632;-2.6264776382;6.6696123275;-0.2030993819;2.1244030194;0.7265499208;-0.6281060000;-0.0368770000;-0.4827690000
695;3.7637527797;-3.3800338613;7.2420089540;-0.1227808884;2.2318722740;0.8704898531;-0.5851310000;-0.0129940000;-0.5352950000
696;2.9688751698;-2.8121009146;7.2448930937;-0.0253801561;2.3091830049;0.9061755099;-0.5357750000;0.0044890000;-0.5836770000
697;1.8897101970;-3.9879594192;8.4261938941;-0.5002858472;2.4634548469;0.8563442467;-0.4780400000;0.0346970000;-0.6307180000
698;0.2105855539;-3.8104100310;8.2421375734;0.2653673834;2.2943020501;0.9509711956;-0.4128500000;0.0473240000;-0.6718430000
699;0.1068335949;-3.6783492206;9.2709731882;-0.7077452235;2.3472561594;0.8447647393;-0.3434580000;0.0718950000;-0.7056140000
700;-1.5401322655;-4.9284854894;9.2790243778;0.1164667815;2.1361090063;0.9913605527;-0.2766250000;0.0888640000;-0.7314720000
701;-1.5055741151;-3.8217200523;8.7157129722;-0.2805527008;1.9929276158;0.7199194637;-0.2156770000;0.0974290000;-0.7528380000
702;-2.0072373533;-4.6670918389;8.8797788794;-0.7847059025;2.1180385378;0.7187339314;-0.1500410000;0.1246440000;-0.7652320000
703;-3.8575286704;-5.0345768798;8.9030822053;-0.0251230721;1.8791673901;0.7282342515;-0.0867930000;0.1368960000;-0.7718480000
704;-3.5792418342;-3.9924418718;8.3468988652;-0.6433713785;1.7728353826;0.6143026371;-0.0289000000;0.1463020000;-0.7690520000
705;-4.4924961433;-5.3464816003;8.1897620681;-0.6647769047;1.7620571976;0.6789334841;0.0300730000;0.1691320000;-0.7635650000
706;-5.1658283754;-4.5438115071;8.0529344011;-0.1852024642;1.5812044590;0.7024840554;0.0830870000;0.1786360000;-0.7626110000
707;-5.5179789908;-4.4431033040;7.4179273824;-0.7327610079;1.5262279665;0.6210469096;0.1330940000;0.1904850000;-0.7541090000
708;-6.1957910305;-5.3978209894;7.3292661584;-0.4947562491;1.4109117437;0.6068488194;0.1804410000;0.2070870000;-0.7391610000
709;-6.3813817594;-4.9187415857;7.0816277225;-0.2250482327;1.1257673752;0.5523819564;0.2204920000;0.2071190000;-0.7208150000
710;-6.5115798432;-4.9308290441;6.8560012065;-0.2795999550;0.9003355492;0.4755440836;0.2538820000;0.2101830000;-0.7093460000
711;-6.8319790226;-4.9357780633;6.4498017876;-0.2715842072;0.7819673935;0.4048096083;0.2808320000;0.2154420000;-0.7032280000
712;-6.8880872570;-4.8280217945;6.0762806731;-0.1989748774;0.6523222991;0.3654968732;0.3042660000;0.2178740000;-0.6940740000
713;-7.0324808261;-4.6801178683;5.7519507029;-0.1075609600;0.5149065288;0.2753961867;0.3211830000;0.2174430000;-0.6843370000
714;-7.2360926153;-4.3690050610;5.6705256519;-0.1200666956;0.4396912572;0.2289499886;0.3304370000;0.2164350000;-0.6749010000
715;-7.2714828222;-4.5307404319;5.6114155590;-0.2010198802;0.3699807025;0.1790378132;0.3435910000;0.2173370000;-0.6690290000
716;-7.2556340006;-4.7706001319;5.4211703548;-0.0983951513;0.2548638269;0.1155410054;0.3567640000;0.2205450000;-0.6652320000
717;-7.4526128443;-4.4267335473;5.3748888140;-0.0056437464;0.1530707728;0.0931208550;0.3602630000;0.2190130000;-0.6637090000
718;-7.4103575533;-4.1219788218;5.1137770286;-0.0269439727;0.1406209119;0.0751014575;0.3658250000;0.2195690000;-0.6618430000
719;-7.3073975497;-4.2127821456;4.9399268595;-0.0316848201;0.1221561546;0.0916341880;0.3670880000;0.2181490000;-0.6587630000
720;-7.4386677720;-4.2773276666;5.0109326318;0.0477499290;0.0604744119;0.0368280779;0.3676370000;0.2173490000;-0.6587350000
721;-7.2838440965;-4.2532067371;4.9378352694;-0.0422385364;0.0344358800;0.0322554064;0.3721150000;0.2165890000;-0.6567670000
722;-7.5311153415;-4.5957454647;5.1429809399;-0.0058716048;0.0203547479;0.0010889635;0.3721200000;0.2176450000;-0.6566370000
723;-7.4051482431;-4.2898747466;5.1041416839;0.0764273033;0.0152730980;-0.0285270604;0.3727170000;0.2167550000;-0.6582530000
724;-7.2284523320;-3.9408984456;4.9348872627;0.0475667760;-0.0002705165;-0.0161603354;0.3694520000;0.2145320000;-0.6580930000
725;-7.2459783743;-3.9845086644;4.7546485215;-0.0618623483;0.0062707664;0.0075981304;0.3681120000;0.2155920000;-0.6576060000
726;-7.5121278459;-4.1598083420;4.8497600228;-0.0003627255;0.0343489892;0.0001255313;0.3707570000;0.2164010000;-0.6591530000
727;-7.4411229544;-4.3523389948;5.0043773112;0.0156721461;0.0247335578;0.0084877507;0.3696090000;0.2155790000;-0.6576830000
728;-7.2598601404;-4.2509506374;4.8536608401;0.0124019148;0.0113902165;-0.0140673493;0.3705040000;0.2169230000;-0.6587550000
729;-7.5004903973;-4.1436446514;4.8138410532;-0.0004203261;0.0183976557;-0.0062365251;0.3683380000;0.2166710000;-0.6584280000
730;-7.4726572440;-4.1180357543;4.8273304145;0.0290479787;0.0176178089;-0.0015637109;0.3690140000;0.2160710000;-0.6560630000
731;-7.3892272066;-4.2157455597;4.9446378452;0.0435340413;0.0217187923;-0.0025251481;0.3693150000;0.2149310000;-0.6581020000
732;-7.3399154995;-4.1830409782;4.9451112009;0.0438001593;0.0260729832;0.0094373671;0.3692850000;0.2146810000;-0.6586500000
733;-7.5405477323;-4.1780694246;4.8498903545;0.0268301815;0.0141717243;-0.0088235239;0.3700200000;0.2120020000;-0.6577780000
734;-7.3878769041;-4.0874340622;4.8703988837;0.0086303813;0.0180054871;0.0011426271;0.3695090000;0.2136450000;-0.6595940000
735;-7.3806923344;-4.2003569845;4.9450493401;0.0213542729;0.0190370949;-0.0034061635;0.3677900000;0.2133700000;-0.6585630000
736;-7.4746478997;-4.1517127610;4.8108364825;0.0232614138;0.0054672224;-0.0034202227;0.3683450000;0.2133600000;-0.6584030000
737;-7.3640999376;-4.2279844831;4.7851998839;-0.0067210142;0.0072520935;-0.0090230073;0.3674110000;0.2136900000;-0.6605020000
738;-7.4447993434;-4.1281935022;4.7708459918;0.0101778751;0.0001229285;-0.0033428741;0.3685330000;0.2147230000;-0.6599150000
739;-7.3360342557;-4.2007087503;4.9197267669;0.0039827521;0.0056489401;-0.0024292063;0.3683060000;0.2141730000;-0.6590970000
740;-7.4517419259;-4.1661156504;4.9882701879;-0.0095173625;0.0160701490;-0.0053637674;0.3678510000;0.2136710000;-0.6599350000
741;-7.3691022997;-4.0779917904;5.0021628379;-0.0200512078;0.0110960570;0.0038705086;0.3678650000;0.2144580000;-0.6596660000
742;-7.4692513782;-4.1432998751;4.8709056951;-0.0031686514;0.0056596160;0.0002476310;0.3663800000;0.2151260000;-0.6593180000
743;-7.5541031936;-4.2257053701;4.9058629558;-0.0022467495;0.0180447072;-0.0127591136;0.3672950000;0.2146080000;-0.6601010000
744;-7.3030977838;-4.1843874559;4.9439483721;-0.0094623143;0.0090480585;-0.0202225228;0.3659100000;0.2152930000;-0.6604360000
745;-7.5299850207;-4.1415124756;4.8227847655;0.0227890620;0.0262595005;-0.0231191067;0.3662190000;0.2163310000;-0.6597450000
746;-7.2941288106;-4.1628454701;4.9470760291;-0.0005080261;-0.0044021907;-0.0182940169;0.3657930000;0.2162100000;-0.6600360000
747;-7.5799746900;-4.2366733655;4.9149101861;-0.0240169642;0.0328977955;-0.0134305209;0.3662010000;0.2173980000;-0.6600280000
748;-7.2914260207;-4.5436718557;5.3588640964;-0.0149310637;-0.0342630376;-0.0234801996;0.3643420000;0.2188460000;-0.6590150000
749;-7.4514936067;-4.1795981677;5.1817333240;0.0864375402;-0.1495834550;-0.0740554814;0.3608810000;0.2173830000;-0.6624370000
750;-7.5922258189;-4.6485886684;5.4011854736;0.0098874943;-0.1587092787;-0.1458146636;0.3562430000;0.2186860000;-0.6648280000
751;-7.4570925963;-4.7537885527;5.8797423899;0.2726719893;-0.3676242904;-0.2283877388;0.3479460000;0.2178290000;-0.6692700000
752;-7.1413123183;-4.7620511464;6.1076310964;0.2286561391;-0.5357510793;-0.3101383751;0.3315010000;0.2145210000;-0.6780010000
753;-7.1366936852;-5.0424150257;6.3393861341;0.1437663265;-0.6239142913;-0.3884781360;0.3116860000;0.2149290000;-0.6857960000
754;-6.8604177658;-4.9377249392;6.4426187515;0.1926780438;-0.8090744359;-0.4880263207;0.2852970000;0.2163420000;-0.6989390000
755;-6.6672074781;-4.9856904732;6.3925496476;0.2402156067;-0.9137271447;-0.5632343970;0.2567000000;0.2153390000;-0.7100940000
756;-6.2947981635;-4.7860152864;6.7717053832;0.2834688878;-1.0402985746;-0.5954831119;0.2251000000;0.2138370000;-0.7212290000
757;-6.0174803068;-4.7742432298;6.8617948073;0.2473450006;-1.1284720653;-0.6139463489;0.1896040000;0.2136660000;-0.7311570000
758;-5.6290934360;-4.6172441576;7.0657625616;0.2282760173;-1.2259457096;-0.6499439289;0.1476390000;0.2101460000;-0.7421420000
759;-5.1724597113;-4.9109036096;7.3041288973;0.2748315572;-1.3193987151;-0.7114604505;0.1011440000;0.2054250000;-0.7511040000
760;-4.8498736570;-5.1471260309;7.9039998125;0.3732576546;-1.3900285077;-0.7099437418;0.0567690000;0.1970750000;-0.7588570000
761;-4.0589570913;-4.7702210979;7.7732356916;0.0963465962;-1.5026622764;-0.7475497755;0.0078710000;0.1938050000;-0.7617500000
762;-3.4872345950;-5.2551524778;8.2666423693;0.2407046352;-1.5302528902;-0.7690515952;-0.0419510000;0.1880800000;-0.7616440000
763;-2.9764191642;-4.9289123973;7.9965801933;0.4312165619;-1.5778539322;-0.7841354075;-0.0963580000;0.1752290000;-0.7607070000
764;-2.1835953773;-4.7310944303;8.1722980579;0.2734799269;-1.5178392825;-0.7377543862;-0.1528210000;0.1617380000;-0.7549080000
765;-1.6213259826;-4.7986823975;7.9655469501;0.4318913489;-1.5219889397;-0.7295711022;-0.2026520000;0.1469520000;-0.7477370000
766;-1.0088168326;-4.0416626472;7.9476191377;0.4119145397;-1.4888884189;-0.6424351907;-0.2495720000;0.1272180000;-0.7349230000
767;-0.2676157417;-4.2458944908;7.9739865857;0.4687071412;-1.3808049514;-0.5543942252;-0.2944650000;0.1118400000;-0.7223350000
768;0.8100533733;-3.7431697000;7.7440514284;0.2550225633;-1.2262099914;-0.4657038664;-0.3354550000;0.0949290000;-0.7083440000
769;1.2692065648;-4.1510705467;7.8171125704;0.1964916524;-1.0230980273;-0.4141499138;-0.3689090000;0.0803100000;-0.6937930000
770;1.5985760850;-3.8942188477;7.9930074632;0.2017417489;-0.9001441348;-0.3527668750;-0.3966270000;0.0674850000;-0.6791640000
771;1.9485113932;-4.0393422291;8.1154303814;0.1779754265;-0.8552819569;-0.3220968562;-0.4232320000;0.0604940000;-0.6652660000
772;2.7401983183;-3.7157934001;7.8405532618;0.2613237581;-0.7116929482;-0.2867374458;-0.4442170000;0.0476420000;-0.6522850000
773;3.0929830727;-3.7322920779;8.0159365206;0.0911209722;-0.5569994361;-0.2092200523;-0.4615700000;0.0399420000;-0.6401570000
774;2.7490368790;-3.6502487194;8.0519504589;0.1268819245;-0.4681272090;-0.1702379069;-0.4748980000;0.0323040000;-0.6318500000
775;3.2753591409;-3.4450410948;8.1112783520;0.0350774331;-0.3567044119;-0.1244978626;-0.4857840000;0.0282230000;-0.6237450000
776;3.0924716853;-3.7559905194;8.2542634305;0.0987482638;-0.3017787859;-0.0863529070;-0.4965200000;0.0246630000;-0.6153630000
777;3.3536441993;-3.7237465312;7.8810350771;0.1112883519;-0.2549484132;-0.0854243702;-0.5027880000;0.0205990000;-0.6092360000
778;3.5313724683;-3.6451621092;8.2276509825;0.1069889093;-0.1892895047;-0.0801932842;-0.5085230000;0.0166860000;-0.6043590000
779;3.4782217567;-3.6118047706;8.1260850700;0.1463877836;-0.1576538697;-0.0643385326;-0.5118290000;0.0120360000;-0.6025360000
780;3.7250461875;-3.3702345716;8.1363025275;0.0962469600;-0.0897452163;-0.0308864797;-0.5156380000;0.0077670000;-0.5999130000
781;3.6489896942;-3.5086040320;8.2642560181;-0.0014898897;-0.0396629095;-0.0310208875;-0.5193330000;0.0068140000;-0.5975830000
782;3.6873951992;-3.4952928572;8.1900725627;0.0540149187;-0.0284710922;-0.0199979925;-0.5205610000;0.0043780000;-0.5951440000
783;3.4230515691;-3.6644116636;8.4991393032;0.1878527873;-0.0575074719;-0.0089543595;-0.5218490000;0.0025670000;-0.5962810000
784;3.8258420488;-3.3145871309;8.5039405107;0.0851035403;-0.0585527665;-0.0256036141;-0.5213710000;-0.0015070000;-0.5926640000
785;3.7814078868;-3.5615826308;8.2709029032;0.0568940077;-0.0691953813;-0.0232437987;-0.5249750000;-0.0020410000;-0.5911570000
786;3.9496365062;-3.5279903274;8.4064120807;0.0660416821;-0.0599226902;-0.0372631606;-0.5263760000;-0.0052520000;-0.5894060000
787;3.8206628002;-3.3699896751;8.0453980999;0.0206209241;-0.0037865572;-0.0238890851;-0.5277840000;-0.0052840000;-0.5876780000
788;3.6876739572;-3.2497143806;8.1669186149;0.0130369723;0.0233326256;0.0032646993;-0.5278250000;-0.0067180000;-0.5884920000
789;3.5644729198;-3.4184912246;8.3382165872;0.0005354174;0.0193921414;-0.0187830094;-0.5281310000;-0.0057730000;-0.5890600000
790;3.8353910657;-3.4329013184;8.1568794278;0.1033678758;0.0265240646;-0.0157489967;-0.5267930000;-0.0057730000;-0.5895560000
791;3.9042418767;-3.2371625644;8.4509467089;0.0617335634;0.0301108997;-0.0111748754;-0.5272720000;-0.0097700000;-0.5884480000
792;3.7942661068;-3.4283006923;8.4061220788;0.0580548062;0.0402564068;-0.0169276730;-0.5274410000;-0.0118690000;-0.5891260000
793;3.8118132211;-3.1892581033;8.5980041837;0.0787500182;0.0055791249;0.0213026425;-0.5264670000;-0.0124170000;-0.5888080000
794;3.8431475873;-3.3316525182;8.4286643500;-0.0381165572;0.0186251745;0.0013690279;-0.5277270000;-0.0134480000;-0.5894000000
795;3.7007307508;-3.3725711102;8.3417033538;0.0280634571;0.0238172203;0.0181612704;-0.5263270000;-0.0141410000;-0.5887900000
796;3.6676696465;-3.3623493947;8.4484801102;0.0498673865;0.0271192482;0.0215899209;-0.5273870000;-0.0125580000;-0.5881580000
797;3.6866918719;-3.2781808694;8.5093701300;-0.0066335210;0.0436238075;0.0157825246;-0.5264750000;-0.0124140000;-0.5889460000
798;3.7103785657;-3.2800332972;8.4927704763;0.0246979790;0.0368118128;-0.0041455743;-0.5271570000;-0.0132010000;-0.5889670000
799;3.6345563414;-3.2616776230;8.4397595731;0.0441909481;0.0457171633;-0.0077878144;-0.5268410000;-0.0147460000;-0.5907270000
800;3.6738009154;-3.3665446490;8.4127009463;0.0402904948;0.0429280206;0.0040787182;-0.5255320000;-0.0154570000;-0.5901510000
801;3.6489282654;-3.3226163796;8.6879699331;0.0647171918;0.0229833270;-0.0128959385;-0.5262010000;-0.0154560000;-0.5899030000
802;3.7537994142;-3.3577624639;8.5974664537;0.0268279760;0.0016967653;-0.0202540165;-0.5259550000;-0.0165040000;-0.5904340000
803;3.7828061244;-3.2774340034;8.5804736098;0.0398332317;0.0084814193;-0.0401035309;-0.5252570000;-0.0159900000;-0.5901360000
804;3.7216042466;-3.2351414467;8.6272867485;0.0574300396;0.0206138396;-0.0150618437;-0.5263150000;-0.0190390000;-0.5896070000
805;3.7041408338;-3.3338244753;8.3810427122;0.0827892169;0.0085400644;-0.0184388085;-0.5267740000;-0.0208630000;-0.5905730000
806;3.7821993022;-3.1892328203;8.5583241256;-0.0013946159;-0.0035444438;-0.0231960192;-0.5269270000;-0.0213180000;-0.5883790000
807;3.8453440515;-3.2474084314;8.3775751496;0.0092983020;-0.0035638309;-0.0238437760;-0.5270480000;-0.0218540000;-0.5881060000
808;3.8260833672;-3.2894323020;8.3486687622;0.0472045592;-0.0020927964;-0.0273907456;-0.5280180000;-0.0230280000;-0.5884100000
809;3.6350565691;-3.2162468693;8.6352205345;0.1312754567;-0.0008522777;-0.0239397657;-0.5286590000;-0.0256890000;-0.5877300000
810;3.8298355422;-2.9850110940;8.5228529760;-0.0013847341;-0.0162089319;-0.0482119650;-0.5289820000;-0.0282430000;-0.5862150000
811;3.9355015540;-3.0871341160;8.2511851527;0.0129932564;-0.0019978854;-0.0388014857;-0.5301890000;-0.0295650000;-0.5858420000
812;3.8954243433;-3.0863902331;8.2908674956;0.0787436441;0.0288342506;-0.0040418412;-0.5305670000;-0.0307680000;-0.5852990000
813;3.8454224289;-2.8803856557;8.4991926485;0.0554434405;0.0261453017;-0.0113767666;-0.5303790000;-0.0334420000;-0.5844480000
814;3.7745041168;-2.9679553822;8.6386082691;0.0113408560;0.0233294173;-0.0059800702;-0.5307280000;-0.0331360000;-0.5858370000
815;3.8372018054;-3.0038061407;8.3668356516;0.0399649313;0.0126702972;0.0189504903;-0.5296480000;-0.0331410000;-0.5860690000
816;3.8233816161;-3.1361643151;8.4227610946;0.0583534467;0.0347728013;0.0212687802;-0.5302020000;-0.0337930000;-0.5862230000
817;3.8237473995;-2.9901224589;8.5262777586;0.0408277846;0.0110518536;0.0247413639;-0.5301500000;-0.0336870000;-0.5852610000
818;3.7637375859;-3.1500675007;8.6034784569;0.0486542006;0.0108845704;0.0106870932;-0.5323810000;-0.0363560000;-0.5836840000
819;3.8017934901;-3.0085145999;8.4157819577;0.0422434687;0.0325821012;-0.0041141289;-0.5313030000;-0.0354330000;-0.5839220000
820;3.7296517101;-3.1332715189;8.3426910494;-0.0012483749;0.0211224944;-0.0367116059;-0.5308190000;-0.0371280000;-0.5851250000
821;3.8393945675;-3.1090215937;8.3495107223;0.0770394054;0.0177883862;-0.0220322984;-0.5310550000;-0.0371440000;-0.5844480000
822;3.8966926768;-2.9574024701;8.4351785625;0.0656179589;0.0264926848;-0.0279346182;-0.5295140000;-0.0398250000;-0.5838180000
823;3.7757312003;-2.9969902711;8.6132967960;0.0042383234;0.0343586927;-0.0242964785;-0.5303010000;-0.0408250000;-0.5857640000
824;3.7568684314;-2.9947306005;8.5391257321;0.0606036471;0.0253521443;-0.0277497582;-0.5315870000;-0.0408510000;-0.5843050000
825;3.9261103594;-2.7667365872;8.5891907294;0.0279445066;0.0090433262;-0.0166250247;-0.5312020000;-0.0430930000;-0.5848230000
826;3.8739348103;-2.9122283244;8.6227767036;-0.0004752785;0.0239333035;-0.0022737600;-0.5311940000;-0.0430960000;-0.5846850000
827;3.8128421564;-2.8559014331;8.6178692885;0.0474728205;-0.0000225906;-0.0093271473;-0.5300600000;-0.0440550000;-0.5839460000
828;3.9278902562;-2.8578248874;8.6113440404;0.0478251839;-0.0051355736;0.0136081296;-0.5317410000;-0.0443490000;-0.5822270000
829;3.8735113710;-2.9006033196;8.5853566120;0.0021686651;0.0094416277;-0.0003499937;-0.5337450000;-0.0453420000;-0.5839470000
830;3.7746078243;-3.0182476006;8.6391618430;0.0258833138;-0.0015635888;-0.0002840153;-0.5324360000;-0.0464530000;-0.5825140000
831;3.8482392843;-2.8866570041;8.6390447000;0.0295705933;-0.0175610621;-0.0065828125;-0.5325420000;-0.0465990000;-0.5819680000
832;3.8989102857;-2.9354161286;8.5325980901;-0.0085353781;0.0093324312;0.0014321336;-0.5341280000;-0.0484620000;-0.5810570000
833;3.8520401852;-2.9016574216;8.5476903318;0.0149164716;0.0180923428;-0.0129755615;-0.5341990000;-0.0468390000;-0.5823070000
834;3.8628970172;-2.7529948153;8.3766687123;0.0039577160;-0.0015316958;-0.0132406592;-0.5343050000;-0.0472500000;-0.5817590000
835;3.8976332376;-2.7663449996;8.3936119365;-0.0014868454;-0.0014221682;-0.0040329026;-0.5361820000;-0.0481740000;-0.5811410000
836;3.9750115790;-2.8758378187;8.6039598181;0.0101962260;-0.0049943882;-0.0057516233;-0.5337880000;-0.0481020000;-0.5798110000
837;3.8808437834;-2.8865665184;8.4662555496;0.0446066784;0.0018630107;-0.0076613296;-0.5357100000;-0.0486060000;-0.5800210000
838;3.9340592406;-2.7106344685;8.3628045039;0.0112555912;0.0203493232;0.0059517395;-0.5359570000;-0.0506020000;-0.5796050000
839;3.8950046452;-2.7697937417;8.3390423471;-0.0112511610;0.0397014064;-0.0013998828;-0.5353350000;-0.0495200000;-0.5806860000
840;3.9807503026;-2.8667038210;8.2812420824;-0.0102591989;0.0642556170;0.0066057854;-0.5341050000;-0.0490030000;-0.5806400000
841;3.7358955044;-2.7648691801;8.2904234187;0.0078454037;0.0731761129;0.0103443153;-0.5328030000;-0.0489850000;-0.5818240000
842;3.9069060097;-2.7523078902;8.4118683939;-0.0378614746;0.0893670275;0.0093315376;-0.5309510000;-0.0473860000;-0.5828600000
843;3.9036737956;-2.7804220265;8.4439553603;-0.0450014063;0.1316538520;0.0352963318;-0.5291560000;-0.0465530000;-0.5849900000
844;3.7971369488;-2.8392194663;8.2434226477;-0.0330367617;0.1927737932;0.0523519349;-0.5269870000;-0.0427940000;-0.5876760000
845;3.9608679094;-2.6919915078;8.3152993364;-0.1040567923;0.2612181151;0.0775858790;-0.5221860000;-0.0391450000;-0.5921780000
846;3.4304917645;-2.9671422311;8.2481855538;-0.0285514828;0.3169513245;0.0967240468;-0.5163250000;-0.0362850000;-0.5973180000
847;3.5868265809;-2.7357598695;7.8635151688;-0.0454702780;0.4080465445;0.1271388745;-0.5071990000;-0.0337820000;-0.6052070000
848;3.6440531372;-2.7948108372;7.5304790251;-0.1919206952;0.5844287963;0.1519693446;-0.4956690000;-0.0246590000;-0.6138720000
849;3.1452648184;-2.8045123387;7.2447361476;-0.2763792636;0.8265765550;0.2234840911;-0.4771490000;-0.0175350000;-0.6296550000
850;2.6900666296;-2.8487192727;7.2379639064;-0.5406084293;1.0904521973;0.2876456814;-0.4521280000;-0.0023770000;-0.6461980000
851;2.0777670941;-3.2443589840;7.6267981078;-0.4610984125;1.3285376539;0.3987531139;-0.4219000000;0.0188100000;-0.6672430000
852;0.9580731960;-3.1827337865;7.9915825463;-0.3895633853;1.5189668457;0.5270021059;-0.3810480000;0.0360660000;-0.6889330000
853;0.1192860170;-3.6919646313;8.5716839624;-0.3935034124;1.5256724458;0.5615789118;-0.3365670000;0.0558940000;-0.7091230000
854;-0.1026986148;-3.7181664670;8.7504656143;-0.3442108447;1.5642247521;0.6136529905;-0.2867740000;0.0768670000;-0.7295210000
855;-0.5993082588;-4.0373409149;8.4659298874;-0.5016471762;1.6084602242;0.6580735675;-0.2388070000;0.0960930000;-0.7433910000
856;-1.2498100762;-4.2967736211;8.1645985593;-0.6700363212;1.7970758608;0.7245829493;-0.1888140000;0.1168310000;-0.7551310000
857;-3.0259760337;-5.2758797583;8.6537373991;0.2132291684;1.5884502273;0.7559049771;-0.1358170000;0.1295320000;-0.7646330000
858;-2.8837791438;-3.9319358318;8.7146174535;-0.2459726445;1.4494356247;0.6308056412;-0.0850920000;0.1297250000;-0.7711160000
859;-3.2408296454;-5.0346394352;8.5692840257;-0.4802465368;1.5146096036;0.6137125052;-0.0345720000;0.1517200000;-0.7706270000
860;-4.2983313975;-4.9592650498;8.2955222875;0.2166175506;1.3711750962;0.6252472562;0.0132290000;0.1517680000;-0.7706360000
861;-4.3706968079;-4.0073920452;8.0211661795;-0.3803905872;1.3698144944;0.5612581906;0.0552030000;0.1521170000;-0.7697820000
862;-5.0336797870;-4.4091506310;7.4377790080;-0.7605196414;1.3989234504;0.5585797879;0.1014720000;0.1709840000;-0.7596950000
863;-5.5931211025;-4.8868277395;7.3974648506;-0.4173384614;1.2273392586;0.5712925251;0.1427620000;0.1859610000;-0.7508760000
864;-5.7668067089;-4.6874966906;7.3213940958;-0.4023432419;1.1181526803;0.5177621186;0.1831040000;0.1910170000;-0.7372180000
865;-6.1572579502;-4.7954165791;7.1866539593;-0.4475205149;1.0446252787;0.4621157146;0.2173940000;0.1991980000;-0.7242380000
866;-6.4408840133;-4.8251277627;6.6615082345;-0.4162987063;0.8814822133;0.4411180957;0.2469100000;0.2090150000;-0.7161270000
867;-6.6073799790;-4.9299268325;6.3633230683;-0.3407599012;0.7122615654;0.3757469455;0.2727400000;0.2162850000;-0.7055370000
868;-6.8660522081;-4.7603456630;5.9162261562;-0.2589145022;0.6259169491;0.3229055636;0.2929200000;0.2205940000;-0.6959760000
869;-7.1280660598;-4.4790483243;5.8438885745;-0.1534044792;0.5553649090;0.3055510677;0.3097930000;0.2205170000;-0.6845930000
870;-7.1814937629;-4.4100147784;5.6461462109;-0.1043319159;0.4733807889;0.2876456502;0.3242430000;0.2205800000;-0.6775630000
871;-7.1659215626;-4.4351545078;5.5281658298;-0.1586120073;0.3893728777;0.2391288310;0.3411620000;0.2226660000;-0.6727830000
872;-7.2873676966;-4.8290706446;5.5304516312;-0.0961464738;0.3200597806;0.1770521935;0.3509140000;0.2226710000;-0.6667650000
873;-7.6191199243;-5.4483647812;6.4447621469;0.1607892124;0.0540415315;0.0294418908;0.3567440000;0.2199200000;-0.6651390000
874;-7.2091018650;-4.6932999063;5.8333873586;0.1054358355;-0.0277520631;-0.0551027891;0.3523170000;0.2173450000;-0.6662580000
875;-7.2791726327;-3.9364613562;4.8543642388;0.0962864000;-0.0132508663;-0.0319978746;0.3508300000;0.2129200000;-0.6686190000
876;-7.2879019930;-3.7916668338;4.4373421280;-0.1499651231;0.0741502999;-0.0163988877;0.3546010000;0.2162820000;-0.6669830000
877;-7.0826212208;-4.0617295074;4.9568213616;-0.0589940066;0.0971872557;0.0307030876;0.3549720000;0.2196710000;-0.6650710000
878;-7.1894950258;-4.2847246370;5.2843188236;-0.0536571509;0.0599055762;0.0142943629;0.3559730000;0.2208300000;-0.6642160000
879;-7.4425867727;-4.4424521415;5.1154697728;0.0506694542;0.0098307833;0.0093455223;0.3568180000;0.2204120000;-0.6637670000
880;-7.3644375168;-4.3215653228;4.9639714534;0.0193446725;0.0142678769;-0.0034393952;0.3570550000;0.2198980000;-0.6644400000
881;-7.3327391733;-4.3054744881;4.9696938770;0.0518903447;0.0423928212;-0.0106491198;0.3574610000;0.2185720000;-0.6645510000
882;-7.3120266220;-4.1296807696;4.8870012157;0.0382709171;0.0269523750;0.0002064258;0.3571520000;0.2176670000;-0.6652440000
883;-7.3853727223;-4.2067379950;4.9775567996;-0.0198846642;0.0434139626;0.0036800639;0.3574230000;0.2188560000;-0.6652410000
884;-7.4158746364;-4.3908625284;5.0230368655;0.0178136219;0.0445845063;0.0075324969;0.3584370000;0.2172290000;-0.6642280000
885;-7.1601437320;-4.3039838760;5.0161398705;0.0251821463;0.0344752035;0.0057184326;0.3594390000;0.2175930000;-0.6633670000
886;-7.3431513080;-4.2127253531;4.8931610340;-0.0068746420;0.0038013664;-0.0070775128;0.3601240000;0.2173210000;-0.6633380000
887;-7.4379636897;-4.2299578610;4.8635265936;-0.0146059160;0.0415656989;0.0055122788;0.3600950000;0.2170710000;-0.6638860000
888;-7.3221544118;-4.1523045470;5.0270694275;0.0113449087;0.0266695311;0.0038139300;0.3595580000;0.2189240000;-0.6636460000
889;-7.2872748025;-4.3244382541;5.0141791292;0.0012870149;0.0109790776;-0.0053301367;0.3598340000;0.2179940000;-0.6636290000
890;-7.2464093147;-4.2551714293;4.9976910250;0.0450517748;0.0043124998;-0.0071031673;0.3577530000;0.2171040000;-0.6642550000
891;-7.4257934669;-4.0970595334;4.8644466060;-0.0140492374;0.0127864231;-0.0071523306;0.3587260000;0.2172190000;-0.6639420000
892;-7.1690915766;-4.1921210080;4.8999574944;-0.0030895842;0.0196665603;-0.0106969985;0.3590450000;0.2169280000;-0.6631030000
893;-7.4131333103;-4.1747986047;5.0818582382;0.0305334779;0.0115473236;-0.0107274459;0.3603700000;0.2164050000;-0.6638700000
894;-7.2987657888;-4.2560945754;4.9812004487;0.0103599679;0.0018720573;-0.0178503703;0.3573740000;0.2161670000;-0.6637140000
895;-7.3312790211;-4.1526673283;5.0197855663;0.0083769362;-0.0034040384;-0.0134520023;0.3578580000;0.2180450000;-0.6648060000
896;-7.3108148284;-4.2438630354;4.8991317717;-0.0059726870;0.0074810951;-0.0108022226;0.3567560000;0.2177960000;-0.6649860000
897;-7.3408522733;-4.2597326194;4.8684706930;-0.0291125122;0.0132199123;-0.0090384326;0.3573480000;0.2177680000;-0.6641380000
898;-7.5905572849;-4.3183200886;5.3102601949;-0.0895266306;0.0136507876;-0.0053911124;0.3560890000;0.2201770000;-0.6646180000
899;-7.2584238151;-4.9692118694;5.5206771860;-0.0201880341;-0.0321974346;-0.0626036186;0.3553440000;0.2230600000;-0.6631590000
900;-7.4053480422;-4.9509465277;5.6037432937;0.0468029574;-0.1981312614;-0.2185819230;0.3502630000;0.2245150000;-0.6661180000
901;-7.4602591988;-5.4095397665;6.2923650115;-0.0449457281;-0.5042167263;-0.4095976749;0.3403560000;0.2289530000;-0.6698410000
902;-7.2371196263;-5.5082564391;6.4982289699;0.2506999119;-0.7506733440;-0.5765284610;0.3188250000;0.2332520000;-0.6788330000
903;-6.9359613412;-5.0754210653;6.6527693345;0.3305650988;-0.9487411251;-0.6060114168;0.2886190000;0.2319180000;-0.6918380000
904;-6.8330833544;-4.9775919625;6.8044994233;0.2504270167;-1.1464433576;-0.6984516518;0.2499980000;0.2339530000;-0.7087730000
905;-6.3285088984;-5.3875520643;6.8700128824;0.3333677312;-1.3449210614;-0.7994402890;0.2069280000;0.2313050000;-0.7222820000
906;-6.0873161950;-5.1137328793;7.1907818197;0.5768037090;-1.5220722632;-0.8406528004;0.1617490000;0.2236790000;-0.7370750000
907;-5.4853700902;-5.2662110995;7.4694571725;0.6546640217;-1.6397790937;-0.8595613852;0.1075780000;0.2093170000;-0.7491590000
908;-5.2008517038;-5.0453905369;7.8276372263;0.7833017685;-1.8023525646;-0.8600838161;0.0495970000;0.1912140000;-0.7586230000
909;-4.1759665893;-5.0396279399;8.1901283786;0.8665177210;-1.8734371053;-0.8407391709;-0.0179020000;0.1650470000;-0.7700570000
910;-3.6328883644;-4.5223750589;8.4623476860;0.8613427235;-1.9959297452;-0.8190527605;-0.0819120000;0.1357610000;-0.7702090000
911;-2.7241675249;-4.3008378353;8.5510001734;0.5621383158;-2.0387082944;-0.7993371157;-0.1437060000;0.1137150000;-0.7645590000
912;-1.7599922329;-4.2378056188;8.3974072086;0.6885784904;-1.9659826176;-0.6905661027;-0.2098260000;0.0887780000;-0.7531590000
913;-0.9377285804;-3.4603260114;8.3876143531;0.7034946660;-1.9981923071;-0.5862931649;-0.2718010000;0.0615230000;-0.7359490000
914;0.2546470558;-3.4221711838;8.0999429880;0.4250751997;-1.8873447301;-0.5040187850;-0.3333350000;0.0395410000;-0.7129930000
915;1.1907117279;-3.0015970930;7.6887630508;0.3592746344;-1.6809935397;-0.4539419143;-0.3833210000;0.0216400000;-0.6885070000
916;2.1224659293;-3.0793410391;7.1345013425;0.2285642445;-1.3745623071;-0.3460934091;-0.4257200000;0.0087220000;-0.6649890000
917;2.3286188393;-3.2003853445;7.4492672276;0.3145639164;-1.1134705289;-0.2526848285;-0.4573130000;-0.0038500000;-0.6436490000
918;2.8781265684;-2.6705950228;7.4030072575;0.2736328081;-0.8922107948;-0.1827119466;-0.4828860000;-0.0177430000;-0.6246670000
919;3.4506654982;-2.8728921787;7.7857020332;0.1381045398;-0.6557831373;-0.1587175205;-0.5001540000;-0.0232360000;-0.6109050000
920;3.4673028371;-2.7825154507;7.8100292607;0.1372912571;-0.5461689184;-0.1228322121;-0.5150850000;-0.0289570000;-0.5993810000
921;3.9099016535;-2.8576307108;8.1761267372;0.1222878050;-0.4087845993;-0.0787910544;-0.5289450000;-0.0350110000;-0.5857520000
922;4.1312963051;-2.8097030206;8.1084809138;0.0514974318;-0.3180827815;-0.0759599806;-0.5389360000;-0.0381450000;-0.5787170000
923;4.1490480541;-2.8477284335;8.2805481502;0.0239623254;-0.2421044528;-0.0800161502;-0.5445090000;-0.0404860000;-0.5732940000
924;4.0718510362;-2.8445152277;8.4878446885;0.0693991726;-0.1848110657;-0.0518916216;-0.5466270000;-0.0433440000;-0.5696520000
925;4.1061044659;-2.7983017787;8.3453838435;0.0123144502;-0.1621918211;-0.0713690985;-0.5515520000;-0.0460710000;-0.5648870000
926;4.1766416525;-2.7046324533;8.1238490804;0.0054699984;-0.1004051537;-0.0370859565;-0.5570370000;-0.0469330000;-0.5602960000
927;4.2335288222;-2.7200818751;8.2392218839;-0.0033088091;-0.0084166127;-0.0039074482;-0.5578340000;-0.0475980000;-0.5599110000
928;3.9955968541;-2.8158232587;8.1671419802;0.0282022352;0.0109799208;0.0069190487;-0.5591230000;-0.0461660000;-0.5584630000
929;4.2369796194;-2.7319474518;8.2616610611;-0.0049898957;0.0149689844;0.0014346613;-0.5565230000;-0.0450690000;-0.5608380000
930;4.1483897516;-2.9007970030;8.4267025469;0.0563407754;0.0182672798;0.0068727464;-0.5567950000;-0.0461260000;-0.5608410000
931;4.2633566812;-2.8272597814;8.5701506662;0.0324595619;0.0274025148;0.0050353337;-0.5575040000;-0.0493490000;-0.5589250000
932;4.2718521848;-2.9373887672;8.4551946267;0.0574868765;0.0300294626;-0.0003355119;-0.5572590000;-0.0497350000;-0.5594610000
933;4.2726617348;-2.8121519219;8.3978601043;0.0541211659;0.0151626537;0.0015417681;-0.5572420000;-0.0506700000;-0.5591790000
934;4.2147612449;-2.7980184003;8.4296481406;0.0167210729;-0.0107667660;-0.0241021361;-0.5582920000;-0.0508120000;-0.5583960000
935;4.1972604979;-2.8215544674;8.3075553370;0.0003528485;0.0076651315;-0.0021763957;-0.5578020000;-0.0518480000;-0.5594670000
936;4.2320600382;-2.8048718734;8.3971652036;0.0405970901;0.0253750216;-0.0169888373;-0.5585210000;-0.0507000000;-0.5575830000
937;4.2134766680;-2.6961806330;8.5150049601;0.0642893797;0.0215562760;0.0088794663;-0.5585410000;-0.0517480000;-0.5579880000
938;4.2386961952;-2.7458805820;8.3398362759;-0.0084826885;0.0287691753;-0.0031111002;-0.5570650000;-0.0520150000;-0.5584760000
939;4.0844667283;-2.7444161794;8.4467549815;0.0711839752;0.0302652416;-0.0012392865;-0.5577640000;-0.0521320000;-0.5587770000
940;4.1806442368;-2.6095020376;8.3071782194;0.0314978360;0.0358852492;0.0014582894;-0.5559510000;-0.0538890000;-0.5581430000
941;4.1129516250;-2.7964031484;8.6256815902;0.0075702304;0.0252859563;-0.0093891141;-0.5570820000;-0.0545210000;-0.5588700000
942;4.2715510323;-2.6992991412;8.5561121332;0.0657618162;0.0107397571;-0.0120106519;-0.5571200000;-0.0542370000;-0.5595600000
943;4.1779336567;-2.7250554179;8.6031951421;-0.0050484935;0.0073186177;-0.0244180313;-0.5566560000;-0.0545330000;-0.5585780000
944;4.2555298896;-2.7041445565;8.6223039150;0.0329808866;0.0071801775;-0.0132213490;-0.5561120000;-0.0565220000;-0.5586790000
945;4.2096476631;-2.6709088805;8.4711595110;0.0326797850;-0.0214229667;-0.0110338953;-0.5575650000;-0.0566640000;-0.5577760000
946;4.3166803456;-2.6115641078;8.2087321008;-0.0068465608;0.0014475619;0.0034024641;-0.5589520000;-0.0560450000;-0.5556390000
947;4.2366349341;-2.7723662176;8.2566951594;0.0040006702;0.0223391081;0.0068750886;-0.5592100000;-0.0555860000;-0.5578490000
948;4.2792256436;-2.7154506669;8.4733552583;0.0201452758;0.0109851867;0.0068935578;-0.5598630000;-0.0558590000;-0.5573240000
949;4.2366852995;-2.6367294529;8.4653187917;0.0218186046;0.0047096477;-0.0038791802;-0.5592650000;-0.0552290000;-0.5563440000
950;4.3300696608;-2.7521622071;8.5337784352;-0.0230111203;0.0088132210;-0.0059315272;-0.5589510000;-0.0564430000;-0.5556360000
951;4.2436999793;-2.7260768768;8.6576114894;-0.0041827114;0.0112630993;-0.0085233049;-0.5586860000;-0.0559120000;-0.5557670000
952;4.3412471552;-2.7339424957;8.6252800309;0.0165515395;-0.0303965669;-0.0038259379;-0.5603300000;-0.0552310000;-0.5558380000
953;4.2613304138;-2.6824732791;8.2461387368;-0.0033963398;-0.0297373558;-0.0221204299;-0.5600680000;-0.0574130000;-0.5536150000
954;4.2449954863;-2.7317051895;8.3184918469;0.0048523307;-0.0177832433;-0.0168062936;-0.5614460000;-0.0565990000;-0.5538130000
955;4.2008825709;-2.6042451152;8.4811768003;-0.0125672460;0.0023782520;-0.0021646013;-0.5619420000;-0.0560890000;-0.5528760000
956;4.3095540151;-2.6701773704;8.3237254538;-0.0162076950;-0.0102295024;-0.0011575393;-0.5629790000;-0.0554450000;-0.5518240000
957;4.2719129608;-2.7293841790;8.2205374495;0.0038790807;-0.0088322832;-0.0156701698;-0.5646800000;-0.0561910000;-0.5529850000
958;4.2503566831;-2.6652451714;8.3077843350;0.0003956237;0.0094146158;-0.0083801974;-0.5648880000;-0.0551620000;-0.5517650000
959;4.1917832708;-2.6093007583;8.3177034088;0.0246839321;0.0121373255;0.0034099482;-0.5633580000;-0.0559850000;-0.5512860000
960;4.2649658440;-2.6654137907;8.2463149049;0.0148624750;0.0266207754;-0.0156221335;-0.5649720000;-0.0554520000;-0.5508050000
961;4.3729417662;-2.6298857850;8.4820117937;0.0203060879;0.0206007042;0.0104593026;-0.5636230000;-0.0567810000;-0.5511540000
962;4.2088487293;-2.6293235054;8.2457174776;0.0059092417;0.0304460182;-0.0113503443;-0.5645970000;-0.0561000000;-0.5514720000
963;4.2797493270;-2.5964778167;8.3280750858;0.0200110602;0.0215109494;-0.0040070844;-0.5639150000;-0.0553130000;-0.5514500000
964;4.2720531654;-2.6727017067;8.4334531693;0.0150100374;0.0349092877;0.0104967213;-0.5649630000;-0.0561180000;-0.5506630000
965;4.2020297959;-2.6578585732;8.5272131817;0.0039755308;0.0199789937;0.0068311643;-0.5633660000;-0.0558490000;-0.5514250000
966;4.2389993162;-2.6315734100;8.3075698503;0.0296782621;0.0365849570;0.0123037164;-0.5638740000;-0.0566560000;-0.5507530000
967;4.2609061521;-2.6261630913;8.5195029915;0.0003313134;0.0219832959;0.0160085876;-0.5646040000;-0.0563610000;-0.5516080000
968;4.2316211437;-2.7664112789;8.2912625948;-0.0014165135;0.0057067285;-0.0101972042;-0.5639050000;-0.0562440000;-0.5513060000
969;4.2585946977;-2.7317626148;8.2347531236;0.0147677826;0.0236865895;0.0086062124;-0.5643980000;-0.0574570000;-0.5503560000
970;4.2071430064;-2.6745919055;8.4812094482;0.0166646436;0.0323865310;0.0209211628;-0.5631670000;-0.0558140000;-0.5527900000
971;4.3037978294;-2.6423729238;8.3154683843;-0.0078052276;0.0308683917;0.0178089890;-0.5632510000;-0.0561040000;-0.5518300000
972;4.3271647658;-2.7397001764;8.5232462383;-0.0067712045;0.0386699886;0.0103633298;-0.5631150000;-0.0557080000;-0.5518270000
973;4.3271055216;-2.7049525579;8.2402381060;0.0167760463;0.0277776576;-0.0003773884;-0.5624770000;-0.0550310000;-0.5526300000
974;4.2988729832;-2.7455271522;8.4788293280;-0.0119953298;0.0506299552;0.0084637121;-0.5637380000;-0.0552670000;-0.5532280000
975;4.3562142803;-2.7642087684;8.3185837183;-0.0067973753;0.0382165635;0.0139834993;-0.5631940000;-0.0539480000;-0.5532160000
976;4.2801162261;-2.7172094243;8.2864439453;-0.0068189755;0.0487808842;0.0057770668;-0.5633930000;-0.0529890000;-0.5543290000
977;4.2682520117;-2.6917415467;8.3342128712;-0.0001980270;0.0693310929;-0.0116667276;-0.5619670000;-0.0550180000;-0.5532970000
978;4.1045687486;-2.6969727252;8.3219043789;0.0143216268;0.0586307765;-0.0032920281;-0.5606550000;-0.0530200000;-0.5542190000
979;4.1665473901;-2.6344906766;8.5607347645;0.0032506922;0.0562442741;0.0197451414;-0.5612920000;-0.0534980000;-0.5558890000
980;4.2218562687;-2.7413725793;8.4536689240;-0.0074187736;0.0645457686;0.0085319365;-0.5587170000;-0.0519260000;-0.5562090000
981;4.1146000340;-2.7177414330;8.2971186934;0.0446319241;0.0814602182;0.0067668717;-0.5579720000;-0.0515010000;-0.5575550000
982;4.1889182144;-2.6443023227;8.2957568832;0.0033787431;0.0981244146;0.0266276353;-0.5571020000;-0.0519960000;-0.5591640000
983;4.2833712187;-2.6802498637;8.1241268014;-0.0312958939;0.1504065644;0.0228433485;-0.5551550000;-0.0515690000;-0.5610110000
984;4.1473974539;-2.6167327190;7.9886756694;-0.0059785768;0.2240421326;0.0393004614;-0.5512910000;-0.0505670000;-0.5652560000
985;4.0840123203;-2.4984675212;8.0356648951;-0.0386868832;0.3072843509;0.0698231662;-0.5449940000;-0.0493120000;-0.5699550000
986;3.9611272525;-2.4996121921;7.6920417796;-0.1177591568;0.4562554491;0.0970768920;-0.5373900000;-0.0461220000;-0.5781850000
987;3.9355280520;-2.5713803228;7.7097832290;-0.2167492965;0.6619612032;0.1497749381;-0.5253360000;-0.0390440000;-0.5898340000
988;3.5229575934;-2.7521944272;7.7172705919;-0.2118065615;0.8261908149;0.2199908411;-0.5073920000;-0.0287230000;-0.6060750000
989;3.0484769442;-2.8310834535;7.6549520708;-0.4282966713;1.0508795214;0.2221225346;-0.4820400000;-0.0149850000;-0.6241040000
990;2.5492448408;-3.1845505219;7.6072994473;-0.4885501310;1.2722919918;0.2709888178;-0.4531390000;0.0014980000;-0.6470900000
991;1.8660856816;-3.3824511778;7.9039112089;-0.3585233821;1.4866603112;0.3705383863;-0.4193380000;0.0194620000;-0.6678320000
992;0.8026338034;-3.5419898025;8.3861743223;-0.1538590598;1.5373139704;0.4633015386;-0.3777210000;0.0314440000;-0.6906880000
993;0.5905814810;-3.1489684067;8.3219588266;-0.5278712976;1.6020222987;0.4057479181;-0.3346910000;0.0476230000;-0.7125570000
994;-0.0374211078;-4.1937444696;8.4870394039;-0.6542579861;1.7420063166;0.5014176882;-0.2803510000;0.0754110000;-0.7319990000
995;-1.4245057066;-3.7551554824;8.4392777249;-0.0748672873;1.7578334438;0.6565095393;-0.2269080000;0.0885560000;-0.7483510000
996;-1.8095154965;-3.9217114539;8.7274708975;-0.6383610539;1.7195779941;0.6114731443;-0.1747110000;0.1058220000;-0.7598400000
997;-2.9357967343;-4.6853295790;8.6669465900;-0.3169151895;1.6407667216;0.6402276083;-0.1208660000;0.1235290000;-0.7686590000
998;-3.0250235519;-4.2851649481;8.5993554584;-0.5060073301;1.5814631725;0.6194844069;-0.0697230000;0.1366150000;-0.7720610000
999;-3.7913755291;-5.0567215429;8.3847932910;-0.3265769994;1.5325669049;0.6283594740;-0.0157700000;0.1526770000;-0.7689200000
1000;-4.2301732665;-4.4871317752;8.3037371643;-0.3704094630;1.4538820173;0.6135955240;0.0351450000;0.1604480000;-0.7666650000
1001;-4.8247471921;-4.6934126689;7.7479367754;-0.6605690196;1.4198284455;0.5644701807;0.0792190000;0.1765640000;-0.7618610000
1002;-5.3310206701;-4.9723090816;7.5359221491;-0.6142315517;1.3002502701;0.5725237034;0.1255330000;0.1961370000;-0.7534240000
1003;-5.8915056733;-5.1837823861;7.4462272312;-0.2879473573;1.1273633877;0.5269685031;0.1643770000;0.2055070000;-0.7420540000
1004;-5.9379623674;-4.6038900759;7.1906105388;-0.4170074945;1.0068913980;0.5197014534;0.1989800000;0.2099610000;-0.7284850000
1005;-6.4549795993;-5.1273071880;6.7659924249;-0.5112098522;0.9308096309;0.4304395751;0.2291410000;0.2215080000;-0.7159680000
1006;-6.4611853385;-4.9170625266;6.4620232951;-0.3018299395;0.7548135837;0.4118149920;0.2573160000;0.2285460000;-0.7074790000
1007;-6.6122557959;-4.8576673364;6.2253248583;-0.3917829977;0.6502936915;0.3581643764;0.2785530000;0.2333920000;-0.6985660000
1008;-6.8727380146;-4.8032495761;5.7349907513;-0.2848121752;0.5683931008;0.3523363210;0.2968570000;0.2400840000;-0.6882730000
1009;-6.8775364797;-4.7472153113;5.5075124780;-0.2282170080;0.4874515306;0.3141454950;0.3118920000;0.2428350000;-0.6779450000
1010;-6.9866024952;-4.7206311811;5.4315856764;-0.1030082949;0.4130706668;0.2733958999;0.3253860000;0.2418490000;-0.6709460000
1011;-7.1886557519;-4.6324206288;5.1836304636;-0.2186899469;0.3518534859;0.2441396090;0.3391040000;0.2442610000;-0.6672580000
1012;-7.5294962895;-5.5163002728;5.6744091070;-0.1308671005;0.2447474898;0.1414370089;0.3493570000;0.2471280000;-0.6594550000
1013;-7.2989536984;-5.3893075000;6.2707805678;0.1034824120;-0.0523006588;0.0078428535;0.3510550000;0.2434430000;-0.6610080000
1014;-7.1395557081;-4.5881765421;5.0943901101;0.1080086640;-0.0729392436;-0.0136063366;0.3440310000;0.2427490000;-0.6621080000
1015;-7.0788140596;-4.0039184871;4.4718483969;0.0890711737;0.0245407058;0.0002937453;0.3438100000;0.2397490000;-0.6637420000
1016;-7.2501796396;-4.0780719845;4.7132998281;-0.0715019573;0.0760933416;0.0254760796;0.3470170000;0.2402130000;-0.6625190000
1017;-7.1992499283;-4.6378401269;5.1444568364;-0.1308368360;0.0634960850;0.0369483481;0.3481750000;0.2425520000;-0.6612540000
1018;-7.1631867256;-4.7143370439;5.1371211304;0.0234266931;0.0218729765;0.0001877140;0.3492740000;0.2438610000;-0.6610820000
1019;-7.1727819815;-4.5097624873;4.7725518847;0.0616907252;0.0116307956;0.0093766346;0.3471180000;0.2422800000;-0.6606080000
1020;-7.2266619728;-4.2404091581;4.7050649037;0.0191995634;0.0256984858;-0.0016778819;0.3481720000;0.2401710000;-0.6613740000
1021;-7.2520981873;-4.3667576864;4.8459060921;-0.0150646926;0.0427117334;0.0000586875;0.3482770000;0.2411120000;-0.6619260000
1022;-7.2707870956;-4.4301305689;5.0059585860;0.0548585266;0.0300778637;0.0149193877;0.3499430000;0.2409500000;-0.6614460000
1023;-7.2044125499;-4.3987709144;4.8801138687;0.0174323463;0.0141205412;-0.0141213651;0.3495130000;0.2391110000;-0.6618620000
1024;-7.2783952870;-4.4989037694;4.8251664172;0.0032135721;0.0343182121;-0.0090718750;0.3489870000;0.2399010000;-0.6614770000
1025;-7.2834921950;-4.5029027697;4.8132672550;0.0159535936;0.0382121862;0.0082822484;0.3476420000;0.2391100000;-0.6611130000
1026;-7.3108876442;-4.4307004770;4.9906257018;0.0049432679;0.0404098832;0.0099546940;0.3499490000;0.2380350000;-0.6614250000
1027;-7.2627759034;-4.4173118740;4.8845333014;0.0340855787;0.0303393633;-0.0123864207;0.3506040000;0.2377780000;-0.6619460000
1028;-7.1145385776;-4.2609694476;4.8137804255;0.0622568634;0.0228325203;-0.0069459689;0.3492670000;0.2375790000;-0.6639200000
1029;-7.1054107997;-4.3145278206;4.8140246828;0.0255633434;0.0072413948;0.0002690054;0.3510320000;0.2364410000;-0.6616440000
1030;-7.3157427327;-4.5276618760;4.8598273984;-0.0148572382;0.0334665256;0.0093088556;0.3512150000;0.2361520000;-0.6608110000
1031;-7.1320709731;-4.5222190316;4.9115839157;0.0381844268;0.0200371659;0.0020813835;0.3509330000;0.2365560000;-0.6609630000
1032;-7.2485313127;-4.4466761476;4.9579806696;0.0351276348;0.0292005289;-0.0024961638;0.3511510000;0.2344630000;-0.6620370000
1033;-7.2065888736;-4.3739292085;4.7664581035;0.0533530553;0.0498070269;-0.0198567844;0.3517280000;0.2344420000;-0.6614650000
1034;-7.1337472521;-4.4334684400;4.8937410217;0.0233730972;0.0510816032;0.0036765046;0.3522580000;0.2324600000;-0.6618410000
1035;-7.3537380681;-4.3524056255;5.3165800557;-0.0419160268;0.0701687186;0.0091928866;0.3537840000;0.2334920000;-0.6613750000
1036;-7.3430494500;-4.9237218634;5.4578193993;0.0195316135;-0.0113305357;-0.0536953558;0.3538270000;0.2343970000;-0.6605570000
1037;-7.1274598862;-4.9715442814;5.5702099321;0.1846990955;-0.1765955574;-0.1735296437;0.3496730000;0.2329450000;-0.6641440000
1038;-7.4465511467;-5.2904696947;5.8018042885;0.0581657394;-0.3752647939;-0.3197570077;0.3398060000;0.2324660000;-0.6672810000
1039;-7.3133151188;-5.3814695879;6.2397330624;0.1742140263;-0.5728505562;-0.4428724923;0.3226950000;0.2360350000;-0.6754040000
1040;-7.1183921910;-5.0100544241;6.5130566094;0.3727855556;-0.8046689499;-0.4943346239;0.2972490000;0.2345300000;-0.6887660000
1041;-6.8121868066;-5.0550944584;6.5941030398;0.3547399237;-1.0129774873;-0.6040812893;0.2694570000;0.2308770000;-0.7001470000
1042;-6.4301502900;-4.8626228030;6.7524261481;0.4504973143;-1.1782616739;-0.6529171436;0.2310120000;0.2254800000;-0.7166090000
1043;-6.2889945440;-5.1553798075;6.9170768324;0.4038629545;-1.2922136998;-0.7173487259;0.1882670000;0.2197590000;-0.7292590000
1044;-5.5863908017;-4.9222036745;7.0321969622;0.6359470210;-1.4497116307;-0.7329419460;0.1374710000;0.2076990000;-0.7445200000
1045;-5.1594254001;-4.7603806616;7.2418794232;0.6232987028;-1.4983504785;-0.7125850861;0.0876680000;0.1921030000;-0.7566940000
1046;-4.8386325343;-4.6261405472;7.6314263560;0.8364182745;-1.6111591423;-0.7391758133;0.0404140000;0.1742520000;-0.7647700000
1047;-3.8261856253;-4.1346773939;7.8887245924;0.4055469596;-1.5941418499;-0.6859596938;-0.0147930000;0.1556350000;-0.7709620000
1048;-3.4961115022;-5.0426975684;8.5134398685;0.6418594980;-1.5907324670;-0.6818429567;-0.0691810000;0.1418380000;-0.7694690000
1049;-2.4960211530;-3.8899345408;8.2979956682;0.7459252653;-1.6568849216;-0.5808320877;-0.1251520000;0.1110910000;-0.7675040000
1050;-1.6229748815;-3.7311235405;8.1304172640;0.3520697869;-1.5542048884;-0.4934037618;-0.1767820000;0.0925530000;-0.7581790000
1051;-1.2839022563;-4.2776940077;8.3615678794;0.5767252201;-1.4288731384;-0.4616400952;-0.2233920000;0.0768920000;-0.7493600000
1052;-0.2962631296;-3.1879237761;8.0276827923;0.5885573131;-1.3133814355;-0.3289787731;-0.2667030000;0.0539740000;-0.7378860000
1053;0.0926293850;-3.5272091466;8.3350704998;0.2344267855;-1.1558761641;-0.3155875766;-0.3035360000;0.0404230000;-0.7225140000
1054;0.6202646504;-3.1177261734;8.2777301205;0.3342930033;-1.0610482367;-0.2388124735;-0.3355340000;0.0290480000;-0.7110830000
1055;1.1344051257;-3.3435653419;8.2230148996;0.2204666767;-0.9278420626;-0.1901340820;-0.3653780000;0.0193200000;-0.6976550000
1056;1.8721578497;-3.2503140124;8.2682112956;0.0392614260;-0.8044982481;-0.2261518200;-0.3916820000;0.0115470000;-0.6843750000
1057;1.8974671679;-3.3368218574;8.4089533280;0.1424398064;-0.6275150050;-0.1860807888;-0.4103160000;0.0054730000;-0.6731340000
1058;2.1958449995;-3.0313540305;8.1629381940;0.0568346799;-0.5302424844;-0.1645721880;-0.4260650000;-0.0007030000;-0.6641100000
1059;2.4820632020;-2.9927792336;8.2171264780;-0.0918135591;-0.3732904682;-0.1048409502;-0.4381390000;0.0022220000;-0.6550060000
1060;2.3299175639;-3.2425134890;8.3077988306;0.0064101046;-0.2763222571;-0.0595441218;-0.4455440000;-0.0000730000;-0.6506180000
1061;2.4685352892;-3.2256454079;8.6218668217;0.1025723660;-0.2392326431;-0.0520700688;-0.4550480000;-0.0029180000;-0.6446630000
1062;2.8126538023;-3.1337766024;8.6342796145;0.0799001696;-0.2036674096;-0.0578557896;-0.4633780000;-0.0064100000;-0.6397550000
1063;2.9417104869;-3.1426033954;8.6863483363;0.0586250633;-0.1443781640;-0.0417999269;-0.4674190000;-0.0096400000;-0.6363240000
1064;2.8933730259;-3.0995983299;8.4580267189;0.0510564589;-0.0946282230;-0.0490830804;-0.4679510000;-0.0099060000;-0.6360690000
1065;2.7681579880;-3.0914064280;8.7893573700;0.0500274538;-0.0528278798;-0.0202547977;-0.4701850000;-0.0112500000;-0.6345010000
1066;2.8438780469;-3.0724653025;8.6321473924;0.0525250639;-0.0253586663;-0.0093612266;-0.4727320000;-0.0126380000;-0.6311610000
1067;2.8114645085;-3.1738534613;8.5721284511;0.0497047046;0.0103967098;-0.0204225805;-0.4730320000;-0.0144750000;-0.6317090000
1068;2.7877550395;-2.9934996843;8.7268807866;0.2100958499;0.0310434916;0.0195679419;-0.4732240000;-0.0174240000;-0.6303230000
1069;2.7661674504;-2.9107737650;8.8711481301;0.0682816352;0.0656462401;0.0194569588;-0.4715280000;-0.0208440000;-0.6318770000
1070;2.8904992465;-3.1388024149;8.9233509854;0.0385633533;0.0325257716;-0.0134811927;-0.4705410000;-0.0194780000;-0.6337690000
1071;2.8218656340;-3.0224010831;8.9326970652;0.0947167409;0.0372722568;0.0041448943;-0.4729440000;-0.0230540000;-0.6328790000
1072;2.8244462026;-2.9747438817;8.8667500348;0.0806255443;0.0314976062;-0.0156412529;-0.4687990000;-0.0239140000;-0.6320200000
1073;2.8149588182;-2.9689569558;9.0418680997;0.0668022753;0.0177649321;0.0032238490;-0.4712430000;-0.0258810000;-0.6318290000
1074;2.8359830377;-2.9899010846;8.9960444278;0.0077275036;0.0161177722;-0.0124731576;-0.4720560000;-0.0285880000;-0.6343130000
1075;2.8324787293;-2.9728938677;8.8037889771;0.0243410233;0.0212072452;-0.0113714406;-0.4703570000;-0.0273110000;-0.6331560000
1076;2.7452703680;-2.8351433581;8.7701170711;0.0259650351;0.0250928239;0.0031036255;-0.4704470000;-0.0282600000;-0.6323290000
1077;2.7874461387;-3.0287023138;8.9115231364;-0.0075194688;0.0329929106;-0.0095870704;-0.4709580000;-0.0274780000;-0.6316690000
1078;2.7753778823;-2.9880296447;9.0101080877;0.0256199670;0.0077363239;-0.0201293273;-0.4711460000;-0.0282450000;-0.6326320000
1079;2.9009938449;-3.0610752360;9.0653005320;0.0038724706;-0.0034886914;-0.0094356899;-0.4713970000;-0.0282530000;-0.6322300000
1080;2.8976068243;-2.9355365137;8.8679326735;0.0397763974;0.0051980128;-0.0111267185;-0.4720500000;-0.0290550000;-0.6317010000
1081;2.8229125140;-2.9389963450;9.1347634460;0.0188155402;0.0080103933;-0.0113893926;-0.4723530000;-0.0291700000;-0.6322610000
1082;2.7914647866;-2.9153723065;8.7966104035;0.0169139667;0.0007737475;-0.0203061375;-0.4724560000;-0.0310380000;-0.6317030000
1083;2.8016807880;-2.9257810214;8.9136462464;0.0146095419;0.0000465444;-0.0084901438;-0.4740850000;-0.0302320000;-0.6314990000
1084;2.8056215309;-2.9292173883;8.8464993092;0.0436207943;-0.0145070009;-0.0112074878;-0.4729420000;-0.0318570000;-0.6306180000
1085;2.9080983125;-2.7873364869;8.9257442661;0.0199311947;-0.0159372076;-0.0165791004;-0.4742650000;-0.0321290000;-0.6298450000
1086;2.8915212967;-2.8557635932;8.6999625597;0.0180969114;-0.0062169787;-0.0110904320;-0.4740820000;-0.0328160000;-0.6290090000
1087;2.8380574708;-2.8728085845;9.0176502072;0.0188348653;0.0264436910;-0.0060519324;-0.4741750000;-0.0321740000;-0.6281940000
1088;2.8369389839;-2.8058481637;8.8977484382;0.0067342030;0.0072108989;-0.0060124857;-0.4744230000;-0.0336400000;-0.6277820000
1089;2.9300610970;-2.8352412083;8.7022049786;0.0399796301;-0.0039760995;-0.0327233181;-0.4773730000;-0.0333050000;-0.6292750000
1090;2.8972872151;-2.7604358060;8.9777074841;0.0278599478;0.0247050920;-0.0096029589;-0.4773160000;-0.0355840000;-0.6282950000
1091;2.8665966293;-2.8380315565;9.0314907310;0.0417269642;0.0373232247;0.0012906851;-0.4771320000;-0.0365350000;-0.6274570000
1092;2.9133269358;-2.8407285374;8.9686700470;0.0165588142;0.0072003768;-0.0114373633;-0.4780760000;-0.0360020000;-0.6272240000
1093;2.9623639416;-2.8854843591;9.0430699276;0.0130929511;0.0140367386;-0.0167643942;-0.4769210000;-0.0350510000;-0.6285580000
1094;2.9680659392;-2.8738384560;9.0511398857;-0.0086034738;0.0378013982;-0.0078476480;-0.4774360000;-0.0362520000;-0.6280210000
1095;2.8364402347;-2.8573549777;9.0792815557;0.0181995591;0.0221594952;0.0069297408;-0.4769240000;-0.0374320000;-0.6286780000
1096;2.9972523879;-2.8586063336;9.1001410085;0.0109670050;0.0001538069;-0.0059416707;-0.4766150000;-0.0359960000;-0.6279900000
1097;2.9151000619;-2.8580421365;8.9998934964;0.0113596752;0.0037447597;-0.0049123500;-0.4771270000;-0.0353470000;-0.6273280000
1098;2.8617348813;-2.9294581191;8.9642759324;0.0152379140;0.0197629247;-0.0151458160;-0.4775580000;-0.0362580000;-0.6277510000
1099;2.8784200618;-2.8437636143;8.7204186714;0.0094301409;0.0032219631;-0.0408920627;-0.4765910000;-0.0368030000;-0.6275710000
1100;2.8170262739;-2.8183360462;8.8155315412;0.0050289309;0.0235109798;-0.0190360234;-0.4779820000;-0.0369080000;-0.6280380000
1101;2.9331443468;-2.6797427496;8.9819360004;0.0033805857;0.0545669519;-0.0204623904;-0.4771440000;-0.0379850000;-0.6277220000
1102;2.8757682510;-2.7106895455;9.0547453860;0.0189779892;0.0474905685;0.0030130989;-0.4764360000;-0.0384010000;-0.6272790000
1103;2.8812426812;-2.8624558133;9.1130233583;0.0383890165;0.0598174227;0.0049162664;-0.4752110000;-0.0379480000;-0.6298410000
1104;2.9759041963;-2.7335927396;8.8455653080;0.0208649388;0.0512734205;-0.0079346277;-0.4747320000;-0.0375230000;-0.6310600000
1105;2.8055564697;-2.7603649085;9.0292103859;0.0407720652;0.0128947390;0.0131797684;-0.4746870000;-0.0374130000;-0.6302360000
1106;2.8705433449;-2.8311023220;9.1355316230;-0.0032868030;0.0093069902;-0.0076238361;-0.4742280000;-0.0388970000;-0.6293830000
1107;2.8570226704;-2.9033976229;9.0201184979;0.0168758775;0.0080683502;-0.0151926721;-0.4748050000;-0.0390080000;-0.6299540000
1108;2.9157399474;-2.7604721701;8.9745291572;0.0288099662;0.0054752863;-0.0031216274;-0.4736510000;-0.0386530000;-0.6288120000
1109;2.8305827897;-2.7803903590;8.8295067409;0.0094508807;0.0091301318;-0.0112308802;-0.4741340000;-0.0399360000;-0.6301950000
1110;2.8695553278;-2.8732568927;8.9324845020;0.0163521818;0.0072818447;-0.0123495840;-0.4749660000;-0.0390620000;-0.6279010000
1111;2.7814721105;-2.8102866464;8.9976166838;0.0022784363;0.0177092266;-0.0170840820;-0.4752940000;-0.0385020000;-0.6288790000
1112;2.8581486999;-2.7475159788;8.8679682842;0.0068254165;0.0196579821;-0.0238720232;-0.4729650000;-0.0395880000;-0.6287780000
1113;2.8915595086;-2.8118247407;9.0549273829;0.0095913393;0.0220318262;-0.0049692692;-0.4749250000;-0.0398090000;-0.6296790000
1114;2.8746018676;-2.7547412382;8.8637551518;0.0114425275;0.0111383508;-0.0041484632;-0.4743750000;-0.0412730000;-0.6296460000
1115;2.9074172748;-2.7233270546;9.1157411126;0.0278080476;0.0089343712;-0.0167645895;-0.4741760000;-0.0422320000;-0.6285330000
1116;3.0112158857;-2.7099579419;8.7969020707;0.0094383956;0.0218314485;-0.0004864362;-0.4740860000;-0.0414160000;-0.6293590000
1117;2.9098890096;-2.7069868220;9.0735543704;0.0049414909;0.0328031493;-0.0059522452;-0.4739030000;-0.0417050000;-0.6285260000
1118;2.9072495016;-2.7134587954;8.9293968839;-0.0014071836;0.0287483081;0.0049421084;-0.4740320000;-0.0419720000;-0.6283920000
1119;2.8494145646;-2.7971932147;8.9453991604;0.0005399168;0.0484014052;0.0049282063;-0.4746120000;-0.0408910000;-0.6289720000
1120;2.8821052403;-2.7815936671;8.5431271586;0.0043618238;0.1058931863;0.0235323705;-0.4717060000;-0.0408720000;-0.6307780000
1121;2.8804667875;-2.7516461390;8.5681316338;-0.0294628334;0.1352979754;0.0208587004;-0.4705290000;-0.0397990000;-0.6316990000
1122;2.9002993718;-2.7145135057;8.6124055079;-0.0492044468;0.2391990409;0.0480267864;-0.4652660000;-0.0386950000;-0.6353400000
1123;2.7274975924;-2.5901852253;8.3385627481;-0.0737979191;0.3524429299;0.0501719716;-0.4584170000;-0.0357280000;-0.6398920000
1124;2.6174595522;-2.6405342818;8.2146530610;-0.1071214121;0.5122947692;0.1050921881;-0.4471560000;-0.0321630000;-0.6486650000
1125;2.4628632030;-2.7819800896;8.2118524345;-0.1221498466;0.7076834430;0.1921661792;-0.4326940000;-0.0248870000;-0.6587090000
1126;1.6655763991;-2.7164089553;8.6818253049;0.0946757242;0.8072140565;0.2509023029;-0.4124720000;-0.0214510000;-0.6709650000
1127;1.3553744183;-2.5209536348;8.5755088279;0.0144747536;0.8635835221;0.2617396888;-0.3915450000;-0.0205480000;-0.6829010000
1128;1.0985352480;-3.0275359493;9.1133159423;-0.1194668941;0.9625283826;0.2315090145;-0.3661990000;-0.0127640000;-0.6962190000
1129;0.8904382976;-2.7285574369;8.7855971014;-0.0725664325;0.9338107893;0.2851253237;-0.3367510000;-0.0097880000;-0.7096130000
1130;0.4768899102;-3.1779505081;8.9491079124;-0.3351742848;1.0653344685;0.2522220664;-0.3096220000;0.0030020000;-0.7226220000
1131;0.0878303127;-3.0608321004;8.6161446679;-0.5825655847;1.1793997558;0.2395042520;-0.2780400000;0.0170310000;-0.7340900000
1132;-0.6540686666;-3.5012694903;8.6282333699;-0.5135690444;1.2460793242;0.3224786309;-0.2432080000;0.0401730000;-0.7457680000
1133;-1.0654268182;-3.4162664625;8.2170286962;-0.6742064092;1.3092600518;0.3761573364;-0.2039240000;0.0612440000;-0.7560170000
1134;-1.8203438042;-4.1942061651;8.7803305503;-0.4951466747;1.4157785234;0.4411889276;-0.1591200000;0.0859380000;-0.7651110000
1135;-2.8734477983;-4.1054866297;8.8351946724;-0.0598933527;1.2920137059;0.4749471597;-0.1165800000;0.0941480000;-0.7711560000
1136;-2.7349606038;-4.0583914421;9.0839095822;-0.3297990144;1.1930034287;0.3847301620;-0.0800420000;0.1024800000;-0.7745590000
1137;-3.0934139309;-4.4475409972;8.5969167680;-0.2675482661;1.1353395492;0.3835154941;-0.0430660000;0.1121180000;-0.7774050000
1138;-3.6201990279;-4.4410247316;8.5202081834;-0.0399488974;1.0806903978;0.3749556528;-0.0065850000;0.1178310000;-0.7769470000
1139;-3.9001474025;-3.9089746169;8.3806784825;-0.3308640876;1.0643380907;0.3103213606;0.0275260000;0.1204130000;-0.7724440000
1140;-4.5005149874;-4.1079187562;7.9300228038;-0.2733266626;1.0617822969;0.3226312746;0.0609440000;0.1315440000;-0.7703640000
1141;-4.9886052781;-4.2396592725;7.9395883356;-0.0106472946;0.8657345458;0.3286264093;0.0914100000;0.1357970000;-0.7675280000
1142;-4.8067083842;-3.8981814331;7.9888692838;-0.2853077104;0.7994581194;0.3113335258;0.1164490000;0.1391610000;-0.7640800000
1143;-4.9597382303;-4.1145645527;7.5054182592;-0.6495097234;0.7964017726;0.3185471507;0.1409600000;0.1530410000;-0.7574350000
1144;-5.5043637158;-4.6527486874;7.4805163668;-0.2999436692;0.7415789688;0.3125327994;0.1655810000;0.1641530000;-0.7463720000
1145;-5.6331114486;-4.2848039511;6.9736361106;-0.1523146728;0.6313785721;0.3028658861;0.1889380000;0.1674880000;-0.7412060000
1146;-5.8489866582;-4.2776254859;6.6934791440;-0.4414721802;0.6184550464;0.2619449660;0.2084420000;0.1763010000;-0.7363720000
1147;-6.0336036381;-4.6462470303;6.8395119392;-0.2509666011;0.5701207556;0.2489855412;0.2282020000;0.1862450000;-0.7293390000
1148;-6.2360488867;-4.4575364180;6.8005273583;-0.1080317958;0.4642214709;0.2489493241;0.2425980000;0.1869970000;-0.7232780000
1149;-6.3814966601;-4.3561327984;6.5060535162;-0.1044623969;0.3897394721;0.1964659951;0.2544300000;0.1848490000;-0.7167490000
1150;-6.4606775037;-4.3879876071;6.2657544562;-0.2257663083;0.3689536250;0.1798860623;0.2651540000;0.1892700000;-0.7127830000
1151;-6.5117321244;-4.3031607139;5.9659293167;-0.2320496000;0.3772742688;0.1727069047;0.2777380000;0.1949550000;-0.7072410000
1152;-6.6929312649;-4.1994582682;5.6807260902;-0.1451277959;0.3441376922;0.1890838195;0.2906990000;0.1986680000;-0.7023570000
1153;-6.8699810402;-4.1268685660;5.5216988791;-0.2024959074;0.3620666991;0.2021634738;0.3003930000;0.2010840000;-0.6973190000
1154;-6.6676658908;-4.0395639273;5.2453132055;-0.2675212339;0.3641061825;0.2313181250;0.3088070000;0.2041330000;-0.6906900000
1155;-6.9146419933;-4.1159489235;5.0015004573;-0.3382649919;0.4338069777;0.2455233675;0.3210100000;0.2098080000;-0.6846150000
1156;-7.5626466738;-5.2128579808;6.0546290940;-0.1322288728;0.3225262993;0.1327272945;0.3364620000;0.2138090000;-0.6766130000
1157;-7.3407974774;-5.3080654838;6.8814761214;-0.0751680902;-0.0274179265;0.0002786725;0.3381610000;0.2153500000;-0.6754580000
1158;-6.8810737547;-4.4062364638;5.3554152369;-0.0364372269;-0.0726282646;-0.0105024443;0.3343870000;0.2170190000;-0.6769940000
1159;-7.0193737893;-3.8204685295;4.7358404702;0.0300230095;0.0424702534;0.0111804661;0.3330780000;0.2172690000;-0.6759500000
1160;-7.2212215411;-3.9818543649;5.1815029373;-0.0612236687;0.1023320021;0.0241275779;0.3353280000;0.2172140000;-0.6747620000
1161;-7.2386409615;-4.4400860203;5.6815538236;-0.0923653912;0.0665625749;0.0193997855;0.3376490000;0.2198380000;-0.6746880000
1162;-7.1297349470;-4.5895157523;5.3990576915;-0.0206486278;0.0184525883;0.0112976929;0.3379970000;0.2203270000;-0.6733050000
1163;-7.1507937355;-4.2921746358;4.9651904477;0.0730506066;0.0320339010;0.0255954511;0.3385460000;0.2197910000;-0.6732790000
1164;-7.1691709882;-4.1370589024;4.9651032732;0.0068829218;0.0297058519;-0.0170795176;0.3374810000;0.2197890000;-0.6727730000
1165;-7.0697964203;-4.1417815587;5.0647818103;0.0140694318;0.0172660399;-0.0052923491;0.3382270000;0.2195520000;-0.6741140000
1166;-7.0828454823;-4.2412284904;5.2027503620;0.0444399068;-0.0123052470;-0.0087954832;0.3369690000;0.2178590000;-0.6747010000
1167;-7.2267215688;-4.3029501490;5.1838395347;0.0659290294;-0.0036621070;-0.0023527264;0.3378540000;0.2169580000;-0.6760310000
1168;-7.1089111039;-4.2430727047;5.2948100733;0.0558742912;0.0107260455;-0.0135650979;0.3369120000;0.2164310000;-0.6757910000
1169;-7.2484562429;-4.2272611256;5.2510628186;0.0600835464;0.0161038265;0.0002947051;0.3355360000;0.2130100000;-0.6760950000
1170;-7.0484813688;-4.1642503140;5.3941640810;0.0484033730;0.0184954654;-0.0145010598;0.3366260000;0.2119410000;-0.6761810000
1171;-7.2487981761;-4.2007184014;5.1986349163;0.0111198044;0.0057539907;-0.0024334781;0.3370230000;0.2110170000;-0.6764330000
