acc_x;acc_y;acc_z;gyr_x;gyr_y;gyr_z;mag_x;mag_y;mag_z
0.0000000000;0.4900000000;9.6334000000;0.6737500000;-0.1225000000;-0.4900000000;15.2500000000;-2.1875000000;-48.8750000000
0.0294000000;0.4998000000;9.5648000000;0.0612500000;-0.9187500000;0.3675000000;16.0625000000;-2.5625000000;-48.0625000000
0.0098000000;0.4606000000;9.3590000000;-1.5312500000;0.0612500000;0.6125000000;16.3750000000;-3.0000000000;-47.6875000000
0.0000000000;0.3920000000;9.6432000000;-0.4900000000;0.9800000000;0.0612500000;16.0625000000;-2.5625000000;-48.0625000000
-0.0294000000;0.4312000000;9.6726000000;1.4087500000;0.0000000000;-0.1225000000;16.0625000000;-2.1875000000;-48.8750000000
-0.0098000000;0.3822000000;9.5158000000;0.2450000000;-1.0412500000;-0.4287500000;16.0625000000;-2.1875000000;-48.8750000000
0.0294000000;0.5880000000;9.5746000000;-0.9800000000;0.0612500000;-1.1025000000;15.6875000000;-1.7500000000;-48.0625000000
0.0196000000;0.4116000000;9.5256000000;1.1025000000;-0.0612500000;-0.0612500000;17.1875000000;-2.5625000000;-47.2500000000
0.0294000000;0.4116000000;9.6530000000;-1.3475000000;-0.0612500000;0.1225000000;16.0625000000;-2.5625000000;-47.6875000000
0.0392000000;0.4606000000;9.6432000000;0.6125000000;-0.3675000000;0.3062500000;15.6875000000;-2.1875000000;-49.2500000000
0.0000000000;0.4312000000;9.5550000000;-0.9187500000;-1.7762500000;0.1837500000;15.6875000000;-2.1875000000;-49.2500000000
-0.0882000000;0.3528000000;9.7314000000;0.8575000000;-0.9187500000;-0.3675000000;16.0625000000;-2.1875000000;-48.8750000000
-0.0392000000;0.5390000000;10.0744000000;1.7150000000;-6.5537500000;-0.6737500000;16.3750000000;-2.5625000000;-46.8750000000
0.1960000000;0.5390000000;9.6334000000;-2.6950000000;-8.9425000000;0.1837500000;15.6875000000;-2.5625000000;-47.6875000000
0.1666000000;0.3136000000;9.4080000000;1.7762500000;-7.1662500000;0.3062500000;15.6875000000;-2.1875000000;-47.2500000000
0.0588000000;0.6762000000;9.7706000000;1.1025000000;-4.8387500000;-0.3062500000;15.6875000000;-2.1875000000;-47.2500000000
0.2842000000;0.4606000000;9.6040000000;0.8575000000;-8.0237500000;0.4900000000;15.6875000000;-3.0000000000;-48.0625000000
0.3332000000;0.4312000000;9.9274000000;-0.9187500000;-6.9825000000;0.9800000000;15.2500000000;-2.1875000000;-47.2500000000
0.2254000000;0.5586000000;10.6036000000;-4.3487500000;-10.1675000000;0.9800000000;14.8750000000;-1.7500000000;-46.8750000000
0.2940000000;0.4508000000;10.5350000000;0.9187500000;-18.4975000000;0.8575000000;14.8750000000;-2.1875000000;-48.5000000000
0.2450000000;0.4116000000;11.6718000000;0.9800000000;-24.9900000000;-0.0612500000;14.8750000000;-2.1875000000;-48.5000000000
0.0490000000;0.7840000000;12.7106000000;-22.7237500000;-51.6337500000;2.3275000000;13.8750000000;-2.1875000000;-48.5000000000
0.7742000000;0.3038000000;11.6326000000;-27.0112500000;-79.8700000000;4.7162500000;12.7500000000;-1.0625000000;-49.2500000000
1.4406000000;-0.3136000000;10.8388000000;-27.3175000000;-99.2250000000;1.5312500000;10.1875000000;-0.6875000000;-49.6875000000
1.6758000000;-0.0392000000;11.6522000000;4.7162500000;-100.4500000000;-3.0625000000;6.0625000000;1.0625000000;-50.8750000000
2.3226000000;0.5978000000;10.7408000000;-9.6162500000;-117.5387500000;-2.8787500000;6.0625000000;1.0625000000;-50.8750000000
3.0870000000;0.0196000000;10.0156000000;-25.0512500000;-109.1475000000;6.6150000000;1.6875000000;1.5000000000;-50.0625000000
3.3712000000;-0.9996000000;10.3880000000;-2.0825000000;-106.8200000000;-3.2462500000;-2.6875000000;1.8750000000;-51.0000000000
3.5868000000;-0.1862000000;8.6044000000;-1.4700000000;-137.7512500000;-8.3912500000;-9.0625000000;3.6875000000;-50.0625000000
4.2140000000;0.1274000000;6.5170000000;-10.9637500000;-144.7337500000;-8.5137500000;-12.5625000000;3.0000000000;-49.0000000000
5.0176000000;-0.1372000000;6.6444000000;7.0437500000;-130.9525000000;-9.3100000000;-12.5625000000;3.0000000000;-49.0000000000
5.2528000000;0.8330000000;5.2626000000;-5.5737500000;-150.9812500000;-3.1237500000;-18.2500000000;3.3750000000;-48.1875000000
6.4680000000;0.0686000000;3.0674000000;-13.9037500000;-138.3637500000;9.6162500000;-24.5000000000;2.5625000000;-44.5625000000
6.6934000000;-0.2646000000;2.7342000000;-18.3750000000;-123.6637500000;4.2262500000;-28.8750000000;4.0625000000;-42.1875000000
7.6146000000;-0.2450000000;2.4304000000;-4.2875000000;-111.6587500000;-0.6125000000;-34.6875000000;4.3750000000;-37.2500000000
8.3300000000;-0.2156000000;1.3328000000;14.2100000000;-86.6075000000;-1.5925000000;-34.6875000000;4.3750000000;-37.2500000000
8.8200000000;0.4116000000;0.9114000000;3.2462500000;-58.2487500000;1.3475000000;-37.2500000000;4.7500000000;-34.5625000000
8.8788000000;0.2352000000;0.2646000000;-0.7962500000;-32.3400000000;8.8812500000;-39.1875000000;4.6875000000;-31.8750000000
8.8298000000;-0.2646000000;0.9114000000;-21.1312500000;-14.3325000000;11.3925000000;-41.0000000000;5.0625000000;-29.0000000000
8.8592000000;-1.0290000000;2.1854000000;-10.1675000000;2.2050000000;5.4512500000;-41.6875000000;5.5000000000;-30.1875000000
8.8396000000;-0.4508000000;3.1262000000;5.3287500000;-4.9000000000;-1.2862500000;-41.6875000000;5.5000000000;-30.1875000000
8.9768000000;-0.3332000000;2.2736000000;-7.4725000000;-4.7775000000;-2.0212500000;-41.2500000000;6.1875000000;-30.1875000000
9.2904000000;-0.3038000000;2.2246000000;-22.1725000000;-1.7762500000;0.4900000000;-42.0000000000;7.0000000000;-30.5625000000
9.1434000000;-0.9212000000;2.8812000000;-4.4712500000;5.5125000000;1.8375000000;-41.1875000000;6.5625000000;-29.7500000000
8.9670000000;-0.1274000000;3.1752000000;-3.2462500000;-3.1237500000;-3.1237500000;-41.1875000000;6.5625000000;-29.7500000000
9.3394000000;-0.6174000000;2.3716000000;-4.2262500000;-8.4525000000;1.9600000000;-41.5000000000;6.1875000000;-29.6875000000
8.8592000000;-0.1862000000;3.1948000000;0.0612500000;2.3275000000;-3.8587500000;-41.5000000000;7.0000000000;-28.8750000000
9.0062000000;-0.1176000000;2.5186000000;-7.1050000000;-9.3712500000;1.5312500000;-41.5000000000;6.5625000000;-29.6875000000
9.4080000000;-0.8036000000;2.0482000000;4.2262500000;1.7150000000;2.2662500000;-41.8750000000;7.2500000000;-28.0625000000
8.7612000000;-0.1470000000;3.1556000000;-1.2862500000;4.1650000000;-2.9400000000;-41.8750000000;7.2500000000;-28.0625000000
9.3002000000;-0.6468000000;2.2442000000;-0.2450000000;-1.7762500000;2.5725000000;-41.1875000000;7.2500000000;-29.2500000000
8.9866000000;-0.2842000000;3.3222000000;1.3475000000;9.0650000000;-4.2875000000;-41.5000000000;6.1875000000;-28.5625000000
9.2120000000;-0.3920000000;2.6558000000;3.7362500000;-1.4087500000;0.7350000000;-41.8750000000;6.5625000000;-29.6875000000
9.1238000000;-0.4900000000;2.8714000000;-0.3675000000;3.3075000000;0.7962500000;-41.5000000000;7.0000000000;-29.2500000000
8.9768000000;-0.3528000000;2.8420000000;-0.2450000000;-0.5512500000;0.0612500000;-41.5000000000;7.0000000000;-29.2500000000
9.1826000000;-0.5488000000;2.4402000000;4.0425000000;0.0000000000;0.2450000000;-41.1875000000;6.1875000000;-30.0625000000
8.9768000000;-0.3136000000;3.1458000000;0.5512500000;1.2862500000;-2.4500000000;-40.3750000000;6.5625000000;-29.2500000000
9.2316000000;-0.3136000000;2.2344000000;4.9612500000;-3.0625000000;1.0412500000;-41.5000000000;6.5625000000;-28.5000000000
9.0846000000;-0.4704000000;2.9694000000;0.4900000000;7.4112500000;-2.0825000000;-42.2500000000;6.1875000000;-30.0625000000
9.1042000000;-0.1568000000;3.0674000000;3.9200000000;-0.3675000000;-1.3475000000;-42.2500000000;6.1875000000;-30.0625000000
9.2218000000;-0.5194000000;2.7538000000;0.7350000000;1.7150000000;0.9187500000;-41.8750000000;5.7500000000;-29.2500000000
8.9768000000;-0.4116000000;3.0674000000;-0.2450000000;0.5512500000;-0.4287500000;-42.2500000000;5.7500000000;-29.6875000000
9.3002000000;-0.4900000000;2.5382000000;0.8575000000;-2.8175000000;1.1637500000;-41.5000000000;6.5625000000;-30.5000000000
8.9474000000;-0.2940000000;2.9792000000;-0.6125000000;3.0625000000;-1.2862500000;-41.1875000000;5.7500000000;-28.8750000000
9.0650000000;-0.2646000000;2.6264000000;-1.7150000000;-3.0012500000;0.7962500000;-41.1875000000;5.7500000000;-28.8750000000
9.2120000000;-0.4508000000;2.8714000000;1.1637500000;0.7350000000;0.2450000000;-41.5000000000;5.7500000000;-29.6875000000
8.9768000000;-0.1568000000;2.9008000000;3.1237500000;0.0612500000;-0.5512500000;-41.1875000000;5.7500000000;-29.6875000000
9.1924000000;-0.4900000000;2.5088000000;-2.0825000000;-2.2050000000;2.0825000000;-41.1875000000;6.5625000000;-28.8750000000
9.0846000000;-0.6566000000;2.6754000000;0.5512500000;2.6337500000;-0.1837500000;-40.7500000000;6.5625000000;-29.6875000000
8.9768000000;-0.4116000000;2.9988000000;-1.3475000000;2.2662500000;-1.3475000000;-40.7500000000;6.5625000000;-29.6875000000
9.2218000000;-0.5684000000;2.6852000000;-3.9812500000;0.4287500000;0.1225000000;-41.1875000000;6.1875000000;-29.2500000000
8.9572000000;-0.3332000000;3.1262000000;-0.3675000000;3.6750000000;-3.9200000000;-41.8750000000;6.1875000000;-30.0625000000
9.2512000000;-0.2940000000;2.6558000000;-0.1837500000;-1.1637500000;-0.3062500000;-41.1875000000;5.7500000000;-29.6875000000
9.0846000000;-0.3430000000;2.9988000000;1.8375000000;1.7762500000;-2.2662500000;-42.6875000000;6.1875000000;-30.8750000000
9.0650000000;-0.2352000000;3.0674000000;3.3687500000;-2.0825000000;-2.2050000000;-42.6875000000;6.1875000000;-30.8750000000
9.2120000000;-0.3332000000;2.6656000000;1.5312500000;-1.7762500000;-1.3475000000;-41.8750000000;5.7500000000;-30.5000000000
9.0062000000;-0.3332000000;3.0282000000;5.9412500000;0.5512500000;-1.7762500000;-41.1875000000;7.0000000000;-29.6875000000
9.2120000000;-0.4802000000;2.7734000000;5.2675000000;-2.4500000000;0.1837500000;-41.5000000000;5.0625000000;-30.0625000000
9.0944000000;-0.2646000000;2.8812000000;-4.3487500000;-0.0612500000;0.4287500000;-42.2500000000;6.5625000000;-29.6875000000
9.0650000000;-0.3626000000;2.9694000000;-1.3475000000;-0.8575000000;-0.8575000000;-42.2500000000;6.5625000000;-29.6875000000
9.2120000000;-0.2352000000;2.4598000000;1.1637500000;-0.3062500000;-0.3062500000;-40.7500000000;5.5000000000;-29.2500000000
9.0258000000;-0.1568000000;2.9400000000;0.9187500000;0.3675000000;-2.1437500000;-40.7500000000;5.7500000000;-29.6875000000
9.0552000000;-0.0784000000;2.5970000000;-2.5725000000;-3.3687500000;1.3475000000;-42.2500000000;5.5000000000;-29.2500000000
9.1336000000;-0.3626000000;2.6754000000;4.1650000000;2.8787500000;-2.5112500000;-40.7500000000;5.5000000000;-29.6875000000
9.0454000000;-0.0490000000;3.0086000000;2.1437500000;0.1225000000;-0.1837500000;-40.7500000000;5.5000000000;-29.6875000000
9.3100000000;-0.5782000000;2.5970000000;-1.5925000000;0.6125000000;1.5925000000;-41.1875000000;5.0625000000;-29.2500000000
9.0258000000;-0.2548000000;2.9596000000;4.2262500000;1.1025000000;-0.9187500000;-41.8750000000;5.5000000000;-30.5000000000
9.2316000000;-0.3822000000;2.4206000000;-0.7962500000;0.4900000000;1.2862500000;-41.8750000000;5.7500000000;-30.8750000000
9.0160000000;-0.3724000000;2.9694000000;-1.5925000000;4.9000000000;-2.0825000000;-41.8750000000;5.7500000000;-28.5625000000
9.0454000000;-0.0196000000;3.0968000000;0.3675000000;-0.1225000000;0.2450000000;-41.8750000000;5.7500000000;-28.5625000000
9.1434000000;-0.1274000000;2.6362000000;0.9800000000;2.6950000000;0.6125000000;-41.5000000000;5.7500000000;-30.8750000000
8.9572000000;-0.0882000000;2.8910000000;0.5512500000;2.5725000000;2.0825000000;-41.1875000000;5.7500000000;-29.6875000000
9.0748000000;-0.4900000000;2.9890000000;-2.2662500000;2.2662500000;-0.3675000000;-41.5000000000;5.7500000000;-29.2500000000
9.0650000000;-0.3332000000;3.2928000000;3.4912500000;1.0412500000;-2.9400000000;-41.5000000000;5.0625000000;-30.5000000000
9.1532000000;-0.0392000000;2.9400000000;-0.8575000000;-1.7150000000;0.4287500000;-41.5000000000;5.0625000000;-30.5000000000
9.0944000000;-0.3626000000;2.8224000000;1.0412500000;-0.4287500000;-0.1837500000;-40.7500000000;6.1875000000;-29.6875000000
9.0062000000;-0.1568000000;2.8714000000;-0.5512500000;0.1837500000;0.2450000000;-41.5000000000;6.5625000000;-30.0625000000
8.9866000000;-0.4018000000;2.8518000000;-3.2462500000;0.1837500000;0.6125000000;-41.5000000000;4.6875000000;-29.6875000000
9.1532000000;-0.2548000000;2.9890000000;1.0412500000;2.0212500000;-1.5312500000;-40.7500000000;5.7500000000;-31.2500000000
9.0944000000;-0.0490000000;3.0184000000;1.5312500000;-1.3475000000;0.6125000000;-40.7500000000;5.7500000000;-31.2500000000
9.0944000000;-0.2058000000;2.9694000000;-0.8575000000;-1.2862500000;0.6737500000;-40.7500000000;5.5000000000;-29.6875000000
9.0944000000;-0.2156000000;2.7930000000;3.8587500000;-0.6125000000;0.9187500000;-40.7500000000;5.0625000000;-29.2500000000
8.8984000000;-0.2940000000;2.9106000000;0.6737500000;-0.8575000000;0.6125000000;-41.1875000000;5.5000000000;-29.6875000000
9.1042000000;-0.4802000000;2.8224000000;0.7350000000;0.6737500000;-0.2450000000;-41.1875000000;5.5000000000;-29.6875000000
9.1238000000;-0.3038000000;2.7146000000;0.0000000000;0.3062500000;-0.0612500000;-40.7500000000;6.1875000000;-30.0625000000
9.1728000000;-0.2646000000;2.9988000000;0.3062500000;1.2250000000;-0.5512500000;-41.5000000000;5.5000000000;-29.2500000000
9.0356000000;-0.1470000000;3.2144000000;2.1437500000;-1.0412500000;-0.8575000000;-41.1875000000;5.0625000000;-30.0625000000
9.1238000000;-0.2842000000;2.8714000000;-1.1637500000;-2.2050000000;0.3062500000;-40.7500000000;5.5000000000;-29.6875000000
9.0258000000;-0.2548000000;2.7832000000;2.1437500000;-0.8575000000;-1.2250000000;-40.7500000000;5.5000000000;-29.6875000000
8.9964000000;-0.1666000000;2.9792000000;-0.3675000000;-1.2250000000;-0.4900000000;-41.1875000000;5.5000000000;-30.0625000000
9.1238000000;-0.2548000000;2.8322000000;-0.3675000000;-1.0412500000;0.4287500000;-41.1875000000;5.5000000000;-30.5000000000
9.1336000000;-0.2352000000;2.7244000000;0.7350000000;0.0612500000;0.1837500000;-41.5000000000;4.3750000000;-29.2500000000
9.1826000000;-0.2646000000;2.7832000000;-0.6737500000;0.2450000000;0.0612500000;-41.1875000000;5.5000000000;-30.0625000000
9.0748000000;-0.1666000000;2.7244000000;-0.3675000000;-1.5312500000;0.4287500000;-41.1875000000;5.5000000000;-30.0625000000
9.0454000000;-0.1372000000;2.2148000000;1.0412500000;1.5925000000;-0.1225000000;-41.1875000000;5.0625000000;-29.6875000000
9.0160000000;-0.3724000000;1.9894000000;1.4087500000;10.4125000000;-0.6737500000;-41.1875000000;5.0625000000;-30.5000000000
8.7220000000;-0.2940000000;2.7048000000;8.8200000000;13.1075000000;-5.2062500000;-40.7500000000;5.0625000000;-31.2500000000
9.0944000000;0.0196000000;2.0384000000;13.9037500000;15.5575000000;-4.1650000000;-41.1875000000;4.6875000000;-30.0625000000
8.8200000000;-0.0882000000;2.4402000000;15.8025000000;30.5637500000;-6.8600000000;-41.1875000000;4.6875000000;-30.0625000000
8.4574000000;0.0882000000;2.3814000000;24.3775000000;36.3825000000;-6.7375000000;-40.7500000000;4.3750000000;-32.0625000000
8.7710000000;-0.4606000000;1.7738000000;23.0912500000;48.7550000000;-7.2887500000;-39.6875000000;4.3750000000;-32.0625000000
7.8988000000;0.2352000000;3.7338000000;41.2212500000;73.9287500000;-18.1912500000;-38.5625000000;2.5000000000;-34.0625000000
8.0654000000;1.1270000000;2.3226000000;7.5950000000;58.9837500000;-11.0250000000;-37.0625000000;2.0625000000;-35.1875000000
7.7028000000;-0.4018000000;3.4104000000;-4.1037500000;95.3050000000;-9.1262500000;-37.0625000000;2.0625000000;-35.1875000000
6.6150000000;1.1466000000;3.9788000000;-12.3112500000;76.1337500000;-15.6800000000;-35.2500000000;-0.3750000000;-38.3750000000
7.2618000000;-1.7052000000;4.4786000000;0.4900000000;115.0887500000;-6.1862500000;-31.8750000000;-0.3750000000;-40.7500000000
5.5370000000;1.4210000000;7.0658000000;27.5012500000;104.9212500000;-35.6475000000;-29.3750000000;-0.0625000000;-42.3750000000
6.7326000000;0.0882000000;3.9494000000;-16.2925000000;119.0087500000;-9.5550000000;-24.5000000000;-1.5625000000;-44.6875000000
3.4202000000;0.6174000000;11.6130000000;101.4300000000;182.8925000000;-55.1250000000;-24.5000000000;-1.5625000000;-44.6875000000
4.4394000000;5.3018000000;6.8404000000;42.0175000000;82.1362500000;-46.3662500000;-20.0625000000;-1.8750000000;-45.8750000000
3.6946000000;-0.0784000000;7.7910000000;-42.8137500000;137.0162500000;-17.7012500000;-13.0000000000;-7.0625000000;-48.2500000000
1.7738000000;3.4790000000;11.8580000000;38.3425000000;115.9462500000;-41.8950000000;-9.2500000000;-7.7500000000;-49.0625000000
2.8812000000;3.4594000000;7.4676000000;-49.4287500000;64.8025000000;-6.4925000000;-2.8750000000;-8.6875000000;-49.5000000000
1.5876000000;0.8134000000;12.4460000000;-16.0475000000;118.3962500000;-7.9625000000;-2.8750000000;-8.6875000000;-49.5000000000
2.0874000000;3.6554000000;10.5644000000;-11.9437500000;36.9950000000;-3.9812500000;-0.2500000000;-7.8750000000;-49.5000000000
1.9110000000;0.0000000000;9.9470000000;-50.2862500000;66.1500000000;15.1287500000;4.1875000000;-7.1875000000;-49.5000000000
0.7938000000;1.2544000000;13.4162000000;21.8050000000;55.7987500000;-2.9400000000;7.0625000000;-6.6875000000;-50.0625000000
1.9894000000;2.0776000000;8.6926000000;-22.7850000000;6.4925000000;7.7175000000;9.3750000000;-5.1875000000;-49.0625000000
0.5292000000;-0.2548000000;11.1230000000;-26.3375000000;54.2062500000;2.8175000000;9.3750000000;-5.1875000000;-49.0625000000
0.4214000000;1.5680000000;11.2798000000;11.9437500000;19.2937500000;-5.0225000000;10.0625000000;-4.8750000000;-48.5625000000
1.2544000000;0.9114000000;8.3888000000;-39.4450000000;4.0425000000;0.7962500000;12.0000000000;-4.0625000000;-49.7500000000
0.4214000000;0.7448000000;10.7212000000;-0.9187500000;24.0100000000;-2.7562500000;12.0000000000;-4.5000000000;-49.0000000000
0.6664000000;1.5778000000;9.8294000000;19.9062500000;0.9187500000;1.9600000000;12.2500000000;-2.6875000000;-48.1875000000
0.7056000000;0.7154000000;9.4472000000;-22.2337500000;11.2700000000;5.0225000000;12.2500000000;-2.6875000000;-48.1875000000
0.3234000000;0.4802000000;10.4468000000;-7.7787500000;9.2487500000;2.3887500000;12.6875000000;-3.6875000000;-49.0000000000
0.7252000000;0.8526000000;9.2610000000;3.3687500000;-1.8987500000;0.9800000000;13.7500000000;-3.3750000000;-47.6875000000
0.4410000000;0.5782000000;9.7804000000;-3.3687500000;8.2075000000;0.5512500000;14.1875000000;-3.0625000000;-48.0625000000
0.3626000000;0.9996000000;10.1920000000;3.7975000000;-5.7575000000;1.1637500000;13.7500000000;-3.3750000000;-48.0625000000
0.7056000000;0.8820000000;8.9964000000;-8.5750000000;-1.2250000000;2.8175000000;13.7500000000;-3.3750000000;-48.0625000000
0.4018000000;0.6174000000;9.8686000000;1.4087500000;1.6537500000;0.8575000000;13.7500000000;-2.6875000000;-46.8750000000
0.5684000000;0.7056000000;9.3982000000;-6.5537500000;-4.4712500000;0.9187500000;13.7500000000;-3.6875000000;-48.5000000000
0.5782000000;0.3332000000;9.2806000000;-8.1462500000;1.8987500000;-0.1225000000;14.1875000000;-2.2500000000;-47.2500000000
0.5194000000;0.9016000000;9.7510000000;9.6162500000;0.1225000000;-1.1637500000;13.7500000000;-2.2500000000;-47.2500000000
0.6860000000;0.6860000000;9.1826000000;-8.7587500000;0.0000000000;-0.9800000000;13.7500000000;-2.2500000000;-47.2500000000
0.4214000000;0.6370000000;9.9078000000;5.6962500000;4.1650000000;-2.7562500000;13.7500000000;-3.3750000000;-48.0625000000
0.5488000000;0.8820000000;9.5746000000;-0.4287500000;-1.2862500000;-0.6737500000;14.1875000000;-2.2500000000;-47.6875000000
0.5194000000;0.6468000000;9.5746000000;-3.4912500000;1.8375000000;-0.1225000000;14.1875000000;-3.3750000000;-48.5000000000
0.3724000000;0.7938000000;9.9372000000;3.9200000000;0.3062500000;-0.9187500000;14.1875000000;-3.3750000000;-48.5000000000
0.5782000000;0.8036000000;9.3982000000;1.2862500000;-4.2875000000;1.1637500000;14.1875000000;-2.6875000000;-48.0625000000
0.5978000000;0.6272000000;9.2022000000;-1.8987500000;-0.1837500000;1.1025000000;13.5000000000;-2.2500000000;-48.0625000000
0.4214000000;0.5488000000;9.7510000000;-1.2250000000;3.3075000000;-0.9800000000;13.7500000000;-3.0625000000;-48.0625000000
0.5194000000;0.8134000000;9.6824000000;-0.5512500000;-0.8575000000;-1.6537500000;14.1875000000;-2.6875000000;-48.5000000000
0.5782000000;0.6566000000;9.4766000000;0.3675000000;-1.1637500000;-0.1837500000;14.1875000000;-2.6875000000;-48.5000000000
0.4312000000;0.8526000000;9.7608000000;0.4900000000;0.0000000000;-0.9187500000;13.5000000000;-2.2500000000;-48.8750000000
0.5684000000;0.5782000000;9.3982000000;-2.5725000000;-3.4912500000;0.3675000000;13.5000000000;-3.0625000000;-49.2500000000
0.5292000000;0.6664000000;9.4668000000;4.7162500000;0.4900000000;-0.9187500000;13.5000000000;-3.0625000000;-48.0625000000
0.5880000000;0.7056000000;9.6530000000;0.6125000000;0.0000000000;-1.1637500000;13.7500000000;-3.0625000000;-48.0625000000
0.6566000000;0.7056000000;9.5452000000;-0.9800000000;-0.8575000000;0.7350000000;13.7500000000;-3.0625000000;-48.0625000000
0.5880000000;0.4704000000;9.6726000000;-1.6537500000;1.7762500000;0.3062500000;13.5000000000;-3.3750000000;-48.5000000000
0.5292000000;0.9408000000;9.4178000000;2.5725000000;-3.0012500000;-1.0412500000;13.5000000000;-3.3750000000;-48.5000000000
0.6272000000;0.8624000000;9.2904000000;0.6737500000;0.6737500000;0.7350000000;13.7500000000;-2.6875000000;-47.2500000000
0.5194000000;0.7350000000;9.6824000000;-1.1025000000;2.5112500000;0.7962500000;13.5000000000;-2.6875000000;-49.2500000000
0.5684000000;0.6860000000;9.5354000000;-0.8575000000;-1.2250000000;-0.3062500000;13.5000000000;-2.6875000000;-49.2500000000
0.5488000000;0.8722000000;9.7216000000;2.9400000000;1.2250000000;-0.8575000000;13.7500000000;-2.6875000000;-48.8750000000
0.5782000000;0.7154000000;9.4962000000;-2.3887500000;-1.0412500000;1.4087500000;14.1875000000;-2.2500000000;-48.5000000000
0.5292000000;0.6566000000;9.3786000000;-1.3475000000;-0.1837500000;0.6737500000;13.7500000000;-2.6875000000;-49.2500000000
0.4998000000;0.7252000000;9.5550000000;-1.4700000000;0.9187500000;-0.6737500000;13.7500000000;-3.0625000000;-47.2500000000
0.5684000000;0.7742000000;9.4668000000;2.1437500000;1.5312500000;0.4900000000;13.7500000000;-3.0625000000;-47.2500000000
0.4606000000;0.7840000000;9.8588000000;-0.9800000000;2.8787500000;0.1225000000;13.7500000000;-2.2500000000;-47.6875000000
0.5978000000;0.5978000000;9.4962000000;-1.3475000000;-0.3062500000;0.2450000000;13.5000000000;-2.6875000000;-48.5000000000
0.4998000000;0.8624000000;9.6824000000;3.3687500000;1.1637500000;-0.1225000000;13.7500000000;-2.6875000000;-48.8750000000
0.4998000000;0.6174000000;10.1528000000;1.8987500000;-2.0212500000;1.1025000000;14.5625000000;-2.6875000000;-48.0625000000
0.5194000000;0.5684000000;10.3782000000;0.2450000000;-5.7575000000;0.4900000000;14.5625000000;-2.6875000000;-48.0625000000
0.1372000000;0.6860000000;12.1226000000;17.0887500000;-9.0650000000;-1.7762500000;13.7500000000;-2.6875000000;-48.5000000000
0.4606000000;1.6660000000;11.7796000000;25.9700000000;-35.1575000000;0.4287500000;13.7500000000;-2.6875000000;-48.5000000000
0.7742000000;1.3622000000;11.8090000000;-10.1675000000;-46.5500000000;3.3075000000;12.6875000000;-4.0625000000;-48.0625000000
1.1466000000;1.3132000000;11.4856000000;-0.6737500000;-70.3150000000;6.1250000000;10.8750000000;-3.6875000000;-49.6875000000
1.3230000000;1.5386000000;10.9662000000;-2.7562500000;-88.6900000000;10.2900000000;10.8750000000;-3.6875000000;-49.6875000000
1.9012000000;0.6272000000;10.4664000000;-19.1100000000;-98.4900000000;12.4950000000;9.0000000000;-3.6875000000;-50.0625000000
2.6362000000;0.9604000000;9.1434000000;2.9400000000;-113.8637500000;14.0262500000;4.1875000000;-3.3750000000;-49.6875000000
3.2928000000;0.5390000000;8.4574000000;-4.2875000000;-108.2287500000;16.1700000000;-0.1875000000;-1.5625000000;-50.0625000000
3.4594000000;0.3038000000;9.3296000000;-18.6812500000;-101.5525000000;12.0050000000;-5.3750000000;-1.8750000000;-49.6875000000
4.4100000000;-0.0392000000;7.8694000000;12.3112500000;-115.7012500000;10.7800000000;-5.3750000000;-1.8750000000;-49.6875000000
4.8902000000;0.7840000000;7.6244000000;25.9700000000;-109.0862500000;5.0837500000;-9.5000000000;-1.1875000000;-50.1875000000
5.4978000000;0.9408000000;6.7424000000;-7.4112500000;-112.8225000000;7.2887500000;-13.8750000000;-1.5625000000;-48.5625000000
6.1936000000;-0.5390000000;6.5464000000;0.9187500000;-110.0050000000;11.0250000000;-18.0000000000;-2.2500000000;-46.8750000000
6.2034000000;1.1956000000;6.0858000000;28.2975000000;-115.4562500000;0.4900000000;-22.6875000000;-1.8750000000;-44.8750000000
7.4284000000;0.2548000000;4.3316000000;14.8225000000;-120.1725000000;11.9437500000;-22.6875000000;-1.8750000000;-44.8750000000
7.1932000000;0.8134000000;3.8318000000;10.7800000000;-105.9012500000;7.0437500000;-27.1875000000;-3.0625000000;-41.7500000000
7.9968000000;0.1764000000;2.6166000000;10.7187500000;-94.6312500000;9.2487500000;-31.1875000000;-2.2500000000;-39.7500000000
8.2320000000;0.2352000000;2.1952000000;29.7062500000;-73.4387500000;-0.9800000000;-35.6875000000;-2.6875000000;-37.0000000000
8.0948000000;0.7742000000;2.5186000000;25.7862500000;-65.2925000000;-5.3287500000;-37.5000000000;-3.3750000000;-35.0000000000
8.6828000000;1.2250000000;1.7346000000;24.1937500000;-48.8775000000;-4.9612500000;-37.5000000000;-3.3750000000;-35.0000000000
8.9180000000;1.3622000000;1.5876000000;5.5125000000;-35.8312500000;-0.9800000000;-39.2500000000;-4.0625000000;-32.6875000000
8.8886000000;1.3720000000;1.7248000000;-6.1862500000;-26.8887500000;4.4712500000;-39.8750000000;-4.8750000000;-30.2500000000
8.9376000000;1.1858000000;1.9404000000;-26.2762500000;-32.0950000000;9.0650000000;-41.0000000000;-3.6875000000;-29.0625000000
9.3002000000;0.5782000000;1.7836000000;-11.7600000000;-22.4787500000;7.0437500000;-41.3750000000;-3.0625000000;-28.5625000000
9.1630000000;0.8722000000;1.6562000000;3.1850000000;-14.0875000000;3.3075000000;-41.3750000000;-3.0625000000;-28.5625000000
9.0748000000;0.9114000000;2.0286000000;-10.4737500000;-9.6162500000;4.3487500000;-42.5000000000;-2.6875000000;-27.7500000000
9.4962000000;0.3234000000;2.1560000000;-8.2687500000;-6.5537500000;6.0025000000;-42.1875000000;-3.0625000000;-28.1875000000
8.9964000000;0.7840000000;2.6460000000;0.1225000000;-2.1437500000;-1.0412500000;-43.2500000000;-2.2500000000;-27.7500000000
9.3296000000;0.8330000000;1.9208000000;-7.2275000000;-12.0050000000;2.2662500000;-43.2500000000;-2.2500000000;-27.7500000000
9.5452000000;0.2254000000;1.6268000000;5.0225000000;7.5337500000;-2.8787500000;-43.2500000000;-1.5625000000;-27.3750000000
8.9866000000;1.2740000000;2.4108000000;2.3275000000;-5.6962500000;0.7962500000;-42.5000000000;-2.2500000000;-26.5625000000
9.6334000000;0.5292000000;1.4700000000;-0.9187500000;1.7150000000;3.0625000000;-42.8750000000;-2.2500000000;-26.5625000000
9.1532000000;0.6272000000;2.7048000000;-0.4900000000;5.1450000000;-3.0012500000;-43.5625000000;-1.8750000000;-27.0000000000
9.2610000000;0.9016000000;2.1168000000;4.7775000000;-4.5325000000;0.6737500000;-43.5625000000;-1.8750000000;-27.0000000000
9.3590000000;0.6272000000;2.0384000000;-0.1837500000;2.7562500000;-1.2250000000;-43.5625000000;-1.8750000000;-26.5625000000
9.3492000000;0.9016000000;2.0090000000;2.4500000000;-1.4700000000;1.0412500000;-43.2500000000;-2.2500000000;-26.5625000000
9.4570000000;0.4802000000;1.9404000000;-1.4087500000;4.1037500000;0.4900000000;-42.5000000000;-2.6875000000;-26.2500000000
9.0944000000;0.6566000000;2.9302000000;3.0625000000;2.6337500000;-3.8587500000;-43.5625000000;-1.8750000000;-27.0625000000
9.2806000000;1.0682000000;2.1854000000;3.5525000000;-4.9000000000;-2.0212500000;-43.5625000000;-1.8750000000;-27.0625000000
9.2120000000;0.8036000000;2.0874000000;-1.1025000000;1.2250000000;0.1837500000;-43.2500000000;-2.2500000000;-26.5625000000
9.0846000000;1.0486000000;2.4402000000;3.3687500000;0.7350000000;-0.3062500000;-43.2500000000;-2.2500000000;-27.3750000000
9.3786000000;0.6664000000;2.0384000000;-2.4500000000;-1.4087500000;2.5112500000;-42.8750000000;-2.6875000000;-28.5625000000
9.2708000000;0.5684000000;1.9992000000;0.3675000000;1.3475000000;-0.4900000000;-42.8750000000;-2.2500000000;-26.5625000000
9.3002000000;0.8526000000;2.4108000000;3.7975000000;0.7350000000;-3.3075000000;-42.8750000000;-2.2500000000;-26.5625000000
9.3002000000;0.6664000000;2.1952000000;1.7762500000;3.0012500000;-2.2050000000;-44.0000000000;-2.6875000000;-26.2500000000
9.1140000000;1.0584000000;2.6166000000;1.8375000000;-1.7150000000;-2.1437500000;-43.2500000000;-2.6875000000;-27.3750000000
9.3590000000;0.8918000000;1.7542000000;0.6125000000;-1.5925000000;2.0825000000;-42.8750000000;-2.6875000000;-26.5625000000
9.2414000000;0.6664000000;2.4108000000;0.2450000000;4.5325000000;-0.9187500000;-42.8750000000;-3.3750000000;-27.0000000000
9.2904000000;0.9310000000;2.4010000000;2.8787500000;-1.1637500000;-0.2450000000;-42.8750000000;-3.3750000000;-27.0000000000
9.3100000000;0.6468000000;2.0972000000;-2.8787500000;0.6737500000;0.2450000000;-42.1875000000;-3.0625000000;-25.7500000000
9.1336000000;0.9212000000;2.3324000000;6.6762500000;1.8375000000;-2.2050000000;-42.8750000000;-3.0625000000;-27.0625000000
9.4276000000;0.8428000000;2.1560000000;7.5950000000;0.9187500000;-1.5925000000;-43.2500000000;-2.6875000000;-27.0000000000
9.2610000000;0.9506000000;2.5480000000;1.6537500000;1.9600000000;-1.7150000000;-42.5000000000;-4.0625000000;-25.7500000000
9.2218000000;0.9604000000;2.2834000000;0.3675000000;-1.4087500000;0.2450000000;-42.5000000000;-4.0625000000;-25.7500000000
9.2414000000;0.9016000000;2.1364000000;3.5525000000;0.0612500000;-0.6737500000;-43.2500000000;-3.6875000000;-27.0625000000
9.2316000000;0.9408000000;2.3226000000;-0.7350000000;1.4087500000;0.6737500000;-42.5000000000;-2.6875000000;-26.5625000000
9.3394000000;0.8036000000;2.1952000000;-0.7962500000;0.2450000000;-0.4900000000;-42.1875000000;-3.6875000000;-25.7500000000
9.2610000000;0.8722000000;2.3912000000;1.5925000000;1.2862500000;-1.1025000000;-42.8750000000;-3.0625000000;-28.5625000000
9.3688000000;0.8330000000;2.2540000000;-0.1225000000;-1.6537500000;0.5512500000;-42.8750000000;-3.0625000000;-28.5625000000
9.1826000000;0.9506000000;2.4892000000;0.3062500000;-1.7762500000;-1.3475000000;-42.5000000000;-3.6875000000;-27.0625000000
9.2610000000;1.2054000000;1.8522000000;0.3675000000;-3.1237500000;-0.2450000000;-42.8750000000;-3.3750000000;-27.3750000000
9.2512000000;0.6762000000;2.1364000000;-4.5325000000;1.9600000000;1.1025000000;-42.8750000000;-4.0625000000;-27.0625000000
9.1630000000;1.0094000000;2.4892000000;1.8375000000;0.3062500000;-1.2862500000;-42.5000000000;-3.3750000000;-26.5625000000
9.3198000000;0.8036000000;1.9012000000;-3.9200000000;0.6125000000;1.4700000000;-42.5000000000;-3.3750000000;-26.5625000000
9.1630000000;0.8330000000;2.6068000000;1.2250000000;4.7775000000;-2.7562500000;-42.5000000000;-3.6875000000;-26.5625000000
9.2904000000;1.1760000000;2.2246000000;3.5525000000;-3.0625000000;0.7962500000;-42.1875000000;-3.3750000000;-27.0000000000
9.2512000000;0.7252000000;2.2932000000;-5.2675000000;1.7150000000;-0.7350000000;-42.5000000000;-3.0625000000;-27.0000000000
9.2022000000;1.2740000000;2.3422000000;4.9612500000;-0.4900000000;-2.5725000000;-41.7500000000;-3.3750000000;-27.3750000000
9.2512000000;1.0094000000;2.2442000000;0.2450000000;0.7350000000;1.6537500000;-41.7500000000;-3.3750000000;-27.3750000000
9.1826000000;0.6762000000;2.4892000000;-0.1225000000;-0.3062500000;0.9187500000;-42.5000000000;-3.6875000000;-27.0000000000
9.3296000000;1.0486000000;2.0090000000;2.0212500000;-2.2050000000;0.0000000000;-42.8750000000;-4.0625000000;-27.0000000000
9.2218000000;0.7840000000;2.4402000000;-2.8787500000;2.3887500000;-0.4900000000;-42.8750000000;-3.6875000000;-26.5625000000
9.2414000000;1.1368000000;2.3814000000;1.8987500000;-2.4500000000;-0.0612500000;-42.8750000000;-3.3750000000;-27.7500000000
9.3492000000;0.7742000000;2.0286000000;-1.5925000000;-0.4900000000;1.2862500000;-42.8750000000;-3.3750000000;-27.7500000000
9.3100000000;0.7938000000;2.1462000000;-0.2450000000;1.5925000000;0.1225000000;-43.2500000000;-3.0625000000;-26.2500000000
9.2414000000;1.0094000000;2.3520000000;1.2862500000;0.2450000000;-0.3675000000;-42.8750000000;-3.3750000000;-27.7500000000
9.3002000000;0.8526000000;2.4108000000;-0.6125000000;0.6125000000;0.6737500000;-42.8750000000;-3.3750000000;-27.0000000000
9.2120000000;0.8526000000;2.3912000000;1.1025000000;-1.5925000000;0.1837500000;-42.8750000000;-3.3750000000;-27.0000000000
9.3002000000;0.9702000000;2.0580000000;0.9800000000;0.0612500000;0.6737500000;-42.8750000000;-3.3750000000;-27.0000000000
9.2904000000;0.8526000000;2.3226000000;0.7962500000;1.1637500000;0.0000000000;-42.8750000000;-3.6875000000;-26.5625000000
9.2414000000;0.8330000000;2.2638000000;-1.9600000000;-2.3887500000;1.0412500000;-42.5000000000;-3.0625000000;-27.3750000000
9.1728000000;0.9310000000;2.1560000000;1.5312500000;0.6737500000;-1.0412500000;-43.2500000000;-2.6875000000;-27.0000000000
9.2414000000;0.9996000000;2.0776000000;-3.2462500000;-1.0412500000;1.5312500000;-42.5000000000;-3.3750000000;-27.7500000000
9.2610000000;0.8036000000;2.1266000000;0.1225000000;2.8787500000;-0.4287500000;-42.5000000000;-3.3750000000;-27.7500000000
9.2120000000;1.0976000000;2.5088000000;2.2050000000;2.4500000000;-0.7962500000;-42.8750000000;-4.0625000000;-26.5625000000
9.2316000000;0.9800000000;2.3716000000;-1.4700000000;-2.8787500000;1.7762500000;-43.5625000000;-3.6875000000;-27.3750000000
9.2708000000;0.8330000000;2.1462000000;1.1637500000;-0.1837500000;-0.4287500000;-42.5000000000;-3.6875000000;-27.3750000000
9.1532000000;1.0094000000;2.3128000000;2.8175000000;1.1637500000;-1.2250000000;-43.1875000000;-2.6875000000;-27.7500000000
9.3296000000;0.8722000000;2.0286000000;-4.5325000000;1.1025000000;1.6537500000;-43.1875000000;-2.6875000000;-27.7500000000
9.2610000000;0.6958000000;2.4304000000;-0.5512500000;3.3687500000;-1.4700000000;-42.5000000000;-4.0625000000;-27.0000000000
9.2022000000;1.2250000000;2.6754000000;1.1025000000;-0.5512500000;-0.9800000000;-42.8750000000;-3.3750000000;-27.7500000000
9.3590000000;0.5390000000;2.1266000000;-4.6550000000;-2.4500000000;1.7150000000;-42.8750000000;-3.6875000000;-27.0000000000
9.1728000000;1.0192000000;2.2442000000;3.7362500000;0.4900000000;-2.5725000000;-42.8750000000;-3.6875000000;-27.0000000000
9.2512000000;1.1172000000;2.1462000000;0.2450000000;-0.5512500000;0.5512500000;-42.5000000000;-4.0625000000;-27.0000000000
9.2708000000;0.8428000000;2.2638000000;0.1225000000;2.2050000000;0.3062500000;-42.8750000000;-3.6875000000;-26.2500000000
9.2806000000;1.0094000000;2.4402000000;2.3887500000;0.7962500000;0.3062500000;-42.5000000000;-4.0625000000;-27.0000000000
9.2904000000;0.5684000000;2.3520000000;-2.6950000000;-1.4087500000;1.3475000000;-42.1875000000;-3.3750000000;-27.3750000000
9.2120000000;1.0486000000;2.3814000000;1.7150000000;-0.4287500000;-2.3887500000;-42.1875000000;-3.3750000000;-27.3750000000
9.3296000000;1.0682000000;1.9698000000;-0.6737500000;-1.1637500000;0.9187500000;-42.5000000000;-3.3750000000;-27.0000000000
9.2904000000;0.7644000000;2.1756000000;-0.5512500000;3.2462500000;0.7962500000;-42.5000000000;-3.3750000000;-27.0000000000
9.1042000000;0.8918000000;2.6950000000;0.2450000000;1.7150000000;-0.9187500000;-42.5000000000;-3.6875000000;-26.5625000000
9.3394000000;0.9800000000;2.3030000000;-0.3062500000;-0.6737500000;-0.3675000000;-42.1875000000;-3.6875000000;-27.7500000000
9.2120000000;0.9016000000;2.4598000000;1.0412500000;0.1225000000;-0.3062500000;-42.1875000000;-3.6875000000;-27.7500000000
9.2904000000;0.9016000000;2.0776000000;1.4087500000;-1.6537500000;1.2250000000;-42.1875000000;-3.0625000000;-26.5625000000
9.2512000000;0.6272000000;2.3226000000;-1.7150000000;1.9600000000;-0.0612500000;-42.1875000000;-3.0625000000;-27.7500000000
9.2120000000;0.9996000000;2.3814000000;0.0000000000;-0.0612500000;-1.2862500000;-42.1875000000;-3.0625000000;-26.5625000000
9.2414000000;0.9016000000;2.4500000000;-1.3475000000;0.0612500000;-0.6125000000;-43.2500000000;-3.6875000000;-27.7500000000
9.2610000000;1.0780000000;2.2638000000;1.2862500000;-1.2862500000;-0.3675000000;-43.2500000000;-3.6875000000;-27.7500000000
9.2904000000;0.7546000000;1.9992000000;-2.3275000000;-0.6737500000;1.7762500000;-42.8750000000;-3.6875000000;-27.3750000000
9.2316000000;0.7938000000;2.3912000000;1.8375000000;2.0825000000;-1.3475000000;-42.8750000000;-3.3750000000;-27.0000000000
9.2022000000;1.0976000000;2.6166000000;0.1837500000;-1.1637500000;0.0612500000;-42.8750000000;-3.6875000000;-27.0000000000
9.3786000000;0.7154000000;2.1070000000;-1.2250000000;-1.3475000000;0.7962500000;-43.5625000000;-3.6875000000;-26.5625000000
9.1728000000;1.0780000000;2.0482000000;2.5725000000;-1.9600000000;-0.7962500000;-43.5625000000;-3.6875000000;-26.5625000000
9.2512000000;0.6958000000;1.7444000000;-4.8387500000;0.7350000000;2.0825000000;-42.8750000000;-4.0625000000;-27.0000000000
9.2218000000;0.7742000000;1.6170000000;-1.5312500000;7.5337500000;-0.7350000000;-43.2500000000;-3.3750000000;-26.2500000000
9.0062000000;0.3332000000;1.5876000000;2.9400000000;14.6387500000;-3.1237500000;-43.2500000000;-3.3750000000;-27.0000000000
8.9180000000;0.1372000000;1.3818000000;2.3887500000;22.6625000000;-13.1075000000;-42.5000000000;-3.3750000000;-27.7500000000
8.4574000000;1.3622000000;0.3332000000;2.8787500000;36.3212500000;-16.0475000000;-42.5000000000;-3.3750000000;-27.7500000000
8.8298000000;0.0882000000;-0.7154000000;-39.6287500000;62.2300000000;-9.4937500000;-41.7500000000;-3.6875000000;-28.5625000000
7.3990000000;0.5880000000;2.1952000000;20.7025000000;106.0237500000;-28.5425000000;-41.0000000000;-4.5000000000;-28.5625000000
7.3304000000;2.6460000000;0.8820000000;-0.2450000000;90.5887500000;-24.9900000000;-38.5000000000;-4.8750000000;-32.5625000000
7.4284000000;-0.3038000000;3.7338000000;-40.4862500000;128.0737500000;-14.8837500000;-36.1875000000;-6.3750000000;-36.0625000000
6.0662000000;2.0972000000;5.7330000000;21.6825000000;110.3725000000;-34.3000000000;-36.1875000000;-6.3750000000;-36.0625000000
6.2132000000;1.3818000000;6.0074000000;-40.9150000000;119.2537500000;-11.9437500000;-31.7500000000;-6.3750000000;-39.6875000000
5.0372000000;1.6758000000;9.0846000000;-45.9375000000;126.3587500000;-19.8450000000;-27.0000000000;-7.7500000000;-42.0625000000
5.5762000000;1.4896000000;7.5362000000;-26.2762500000;95.2437500000;-1.5925000000;-22.5000000000;-6.0000000000;-44.7500000000
4.7040000000;2.1952000000;8.4574000000;-38.4037500000;106.0850000000;-0.9187500000;-18.5000000000;-5.1875000000;-45.5625000000
4.7138000000;0.0000000000;8.9964000000;-53.2262500000;97.8162500000;13.1687500000;-18.5000000000;-5.1875000000;-45.5625000000
3.8318000000;1.0584000000;10.1528000000;14.5162500000;100.6337500000;-0.5512500000;-15.1875000000;-3.6875000000;-48.3750000000
3.9004000000;1.3818000000;7.8694000000;-43.6100000000;71.9075000000;11.4537500000;-10.0000000000;-1.8750000000;-48.3750000000
2.8616000000;-1.2054000000;12.3676000000;7.4725000000;114.7212500000;0.0612500000;-6.8750000000;-1.7500000000;-50.3750000000
2.9596000000;2.4990000000;11.0544000000;34.8512500000;52.6137500000;-6.3700000000;-2.8750000000;-1.1875000000;-50.0000000000
3.5182000000;-0.3038000000;8.3496000000;-58.9225000000;54.5737500000;17.2725000000;-2.8750000000;-1.1875000000;-50.0000000000
1.6268000000;0.1078000000;12.4362000000;25.7250000000;80.4212500000;-5.9412500000;0.3750000000;-1.7500000000;-50.7500000000
2.2148000000;1.4896000000;9.7216000000;34.5450000000;37.6075000000;-4.3487500000;2.6875000000;-0.6875000000;-49.7500000000
2.0384000000;-0.2058000000;10.0744000000;-42.4462500000;48.5100000000;0.9187500000;4.5000000000;-2.1875000000;-49.5000000000
1.1466000000;0.5096000000;11.6522000000;3.9200000000;38.5262500000;-4.9612500000;7.0625000000;-1.5000000000;-50.2500000000
1.4700000000;1.0486000000;10.5448000000;4.9000000000;19.2325000000;1.1025000000;7.0625000000;-1.5000000000;-50.2500000000
1.2250000000;0.2842000000;10.4566000000;-19.4775000000;15.8637500000;2.5725000000;8.8750000000;-1.5000000000;-49.0625000000
1.3426000000;0.4312000000;9.6824000000;-2.3275000000;0.3675000000;0.6737500000;9.2500000000;-1.5000000000;-49.5000000000
1.0976000000;0.8330000000;10.0058000000;0.5512500000;6.4925000000;0.1225000000;9.6875000000;-1.0625000000;-49.3750000000
0.9996000000;0.3234000000;10.2312000000;-6.4925000000;1.5925000000;3.0012500000;11.5000000000;-0.6875000000;-49.3750000000
1.3622000000;0.4508000000;9.2512000000;-3.8587500000;-5.7575000000;2.8787500000;11.5000000000;-0.6875000000;-49.3750000000
1.4014000000;0.4900000000;9.0846000000;-9.8612500000;-1.4700000000;4.9000000000;10.3750000000;-0.2500000000;-49.3750000000
1.2544000000;-0.0686000000;9.2904000000;-7.5337500000;2.2662500000;3.0625000000;10.3750000000;-0.6875000000;-50.1875000000
1.2544000000;0.2254000000;9.2806000000;2.6337500000;4.4712500000;1.7762500000;10.0625000000;0.0000000000;-48.5625000000
1.1074000000;0.1470000000;10.0744000000;-3.4300000000;6.7375000000;2.3275000000;10.0625000000;0.0000000000;-48.5625000000
1.2446000000;0.0588000000;9.9666000000;-2.7562500000;-0.1225000000;-0.1837500000;10.3750000000;0.3750000000;-48.5625000000
1.3328000000;0.3920000000;9.3198000000;3.8587500000;-3.9812500000;-0.7350000000;10.3750000000;0.0000000000;-48.5625000000
1.2152000000;0.0588000000;9.4178000000;-2.6950000000;-0.3675000000;1.2862500000;10.0625000000;-0.2500000000;-48.1875000000
1.2054000000;0.2548000000;9.4570000000;1.7150000000;-0.9800000000;-0.1225000000;10.3750000000;0.0000000000;-47.7500000000
1.2838000000;0.1078000000;9.2806000000;-4.2262500000;-0.7962500000;0.1837500000;10.3750000000;0.0000000000;-47.7500000000
1.2152000000;0.1176000000;9.6138000000;-2.2050000000;3.9200000000;-1.0412500000;10.3750000000;0.6875000000;-49.3750000000
1.2152000000;0.1078000000;9.8294000000;-1.9600000000;0.1837500000;-1.2862500000;10.0625000000;0.3750000000;-48.1875000000
1.2740000000;0.2058000000;9.5354000000;2.3275000000;-1.5925000000;-1.5925000000;10.0625000000;0.3750000000;-49.6875000000
1.2740000000;0.2254000000;9.2708000000;-0.9187500000;0.3675000000;0.0612500000;10.3750000000;0.3750000000;-48.5625000000
1.1368000000;0.1862000000;9.5746000000;-0.9800000000;0.5512500000;-1.2250000000;10.3750000000;0.3750000000;-48.5625000000
1.3132000000;0.2156000000;9.2120000000;0.6125000000;1.1637500000;-0.6737500000;10.3750000000;0.3750000000;-50.5625000000
1.2152000000;0.2450000000;9.6432000000;0.9187500000;6.3087500000;-1.4087500000;10.0625000000;0.6875000000;-48.1875000000
1.2348000000;0.0882000000;9.5354000000;-0.4900000000;2.5725000000;-0.1225000000;10.7500000000;0.0000000000;-48.5625000000
1.1368000000;0.3038000000;9.4668000000;0.0000000000;3.6750000000;-1.2862500000;10.3750000000;0.6875000000;-48.5625000000
0.9310000000;0.3136000000;9.8294000000;-3.7362500000;5.5737500000;1.1025000000;10.3750000000;0.6875000000;-48.5625000000
1.1662000000;0.0000000000;9.6334000000;0.8575000000;1.1637500000;2.0825000000;11.1875000000;0.6875000000;-48.1875000000
1.0976000000;-0.0294000000;10.1332000000;-2.2050000000;0.9187500000;1.2250000000;10.0625000000;0.0000000000;-48.1875000000
0.8036000000;0.0000000000;11.4268000000;12.0050000000;-9.4325000000;-2.7562500000;10.7500000000;0.6875000000;-48.1875000000
1.2936000000;0.6762000000;11.1818000000;13.5362500000;-23.4587500000;-1.5925000000;10.7500000000;1.0625000000;-49.3750000000
0.8722000000;0.1176000000;12.6714000000;-18.3750000000;-33.1975000000;2.2662500000;10.7500000000;1.0625000000;-49.3750000000
1.3524000000;0.3626000000;13.0242000000;14.3325000000;-73.3775000000;3.0625000000;10.3750000000;-0.6875000000;-47.7500000000
2.2932000000;0.6076000000;11.5738000000;-9.8612500000;-98.4900000000;10.0450000000;8.5625000000;-0.2500000000;-49.0000000000
2.2638000000;0.1764000000;12.1226000000;-15.7412500000;-108.1062500000;6.9825000000;5.5625000000;0.3750000000;-50.1875000000
2.5774000000;-0.0588000000;11.8874000000;-1.2862500000;-132.7287500000;6.1862500000;0.8750000000;1.8750000000;-50.5625000000
3.2438000000;0.0784000000;9.4472000000;-13.1687500000;-150.9200000000;8.1462500000;0.8750000000;1.8750000000;-50.5625000000
3.9102000000;-1.2936000000;8.3104000000;12.4337500000;-142.7737500000;2.3275000000;-4.5625000000;1.8750000000;-50.8750000000
4.1748000000;0.1764000000;7.3010000000;45.0800000000;-150.2462500000;-7.4112500000;-10.0625000000;2.1875000000;-48.5625000000
4.8216000000;0.1176000000;6.1446000000;31.2375000000;-150.7362500000;-2.3887500000;-15.6875000000;2.1875000000;-47.0000000000
5.5958000000;-0.0392000000;4.9098000000;40.1800000000;-133.7700000000;-5.0837500000;-22.0000000000;0.3750000000;-44.5000000000
5.9584000000;1.2936000000;4.5276000000;31.3600000000;-135.3012500000;-6.4925000000;-22.0000000000;0.3750000000;-44.5000000000
6.7228000000;1.4896000000;2.9302000000;-5.6350000000;-137.3837500000;11.0250000000;-27.5625000000;-0.6875000000;-41.7500000000
8.0850000000;0.4900000000;1.6562000000;0.1837500000;-114.3537500000;11.2700000000;-32.2500000000;-1.7500000000;-39.0000000000
8.2320000000;0.8918000000;1.2250000000;-10.0450000000;-100.9400000000;7.5337500000;-36.3750000000;-1.0625000000;-32.5625000000
8.6926000000;0.5292000000;0.6468000000;9.6775000000;-84.1575000000;7.9012500000;-39.3750000000;-0.2500000000;-30.6875000000
8.6828000000;0.6860000000;0.0490000000;11.0862500000;-62.3525000000;3.2462500000;-39.3750000000;-0.2500000000;-30.6875000000
8.8592000000;0.6664000000;-0.3920000000;-1.1637500000;-38.7712500000;5.6962500000;-42.0625000000;0.0000000000;-27.0625000000
9.1532000000;-0.2058000000;0.0098000000;-14.4550000000;-19.9062500000;5.5125000000;-43.5000000000;-0.6875000000;-26.2500000000
9.0650000000;0.2352000000;0.3038000000;-0.0612500000;-12.1275000000;-2.3887500000;-44.1875000000;-0.2500000000;-24.0000000000
9.3492000000;0.3822000000;1.1172000000;14.3325000000;3.6137500000;-7.9625000000;-44.8750000000;0.0000000000;-24.2500000000
9.3492000000;0.9604000000;1.4798000000;3.4912500000;-1.2862500000;-3.9812500000;-44.8750000000;0.0000000000;-24.2500000000
9.5550000000;0.4508000000;1.3230000000;-0.0612500000;4.7775000000;-0.6737500000;-45.2500000000;-0.2500000000;-23.5625000000
9.3296000000;0.3332000000;2.5676000000;16.1087500000;6.2475000000;-8.3912500000;-44.5000000000;-0.6875000000;-24.2500000000
9.3688000000;1.1760000000;1.4406000000;13.4137500000;-7.1662500000;-3.7975000000;-44.3750000000;-1.0625000000;-24.2500000000
9.6138000000;0.8036000000;1.0290000000;-8.8200000000;4.0425000000;0.4900000000;-44.3750000000;-1.5000000000;-22.7500000000
9.1532000000;0.7840000000;2.1560000000;-0.1837500000;-2.3275000000;0.4900000000;-44.3750000000;-1.5000000000;-22.7500000000
9.7216000000;0.5586000000;1.0388000000;-2.6950000000;0.7962500000;4.2262500000;-44.1875000000;-1.0625000000;-24.0000000000
9.1434000000;0.6076000000;2.3814000000;-3.4912500000;2.9400000000;-2.3887500000;-44.8750000000;-1.7500000000;-23.1875000000
9.3198000000;0.9212000000;1.3328000000;2.9400000000;-2.6950000000;1.6537500000;-44.5000000000;-1.5000000000;-23.1875000000
9.5648000000;0.2940000000;1.2446000000;-0.5512500000;9.0650000000;0.2450000000;-44.5000000000;-1.0625000000;-22.7500000000
9.1434000000;0.6664000000;2.3128000000;2.9400000000;2.2662500000;-1.7150000000;-44.5000000000;-1.0625000000;-22.7500000000
9.5844000000;0.7840000000;1.4112000000;1.3475000000;6.1250000000;-0.8575000000;-44.5000000000;-0.6875000000;-24.2500000000
9.2708000000;0.5096000000;2.2246000000;0.7350000000;6.3087500000;-2.7562500000;-43.7500000000;-1.5000000000;-24.2500000000
9.3492000000;0.9310000000;1.8130000000;6.3700000000;-0.9187500000;-0.5512500000;-44.5000000000;-1.5000000000;-23.1875000000
9.4570000000;0.6468000000;1.7542000000;-2.2050000000;1.5925000000;0.4900000000;-44.1875000000;-2.1875000000;-23.5625000000
9.2610000000;0.7840000000;1.9796000000;0.1225000000;-0.3062500000;0.2450000000;-44.1875000000;-2.1875000000;-23.5625000000
9.4276000000;0.7644000000;1.7542000000;-1.0412500000;-0.6125000000;0.7962500000;-43.7500000000;-1.0625000000;-25.0625000000
9.3100000000;0.6958000000;1.7150000000;-0.7962500000;2.2662500000;0.8575000000;-43.7500000000;-1.5000000000;-25.5000000000
9.4276000000;0.4998000000;1.9894000000;-0.0612500000;2.5725000000;1.5312500000;-44.1875000000;-1.5000000000;-24.2500000000
9.2708000000;0.5194000000;2.2540000000;-2.2662500000;0.6125000000;0.0612500000;-43.3750000000;-1.5000000000;-25.0625000000
9.3786000000;0.8036000000;1.7640000000;2.3887500000;-1.6537500000;-1.7150000000;-43.3750000000;-1.5000000000;-25.0625000000
9.4276000000;0.7938000000;1.5974000000;-0.6737500000;0.6737500000;-0.0612500000;-44.1875000000;-1.5000000000;-24.2500000000
9.3198000000;0.6664000000;2.2344000000;-2.6950000000;2.3887500000;0.7962500000;-44.1875000000;-1.5000000000;-25.0625000000
9.3884000000;0.7840000000;1.5386000000;3.9812500000;-2.6950000000;0.9187500000;-43.7500000000;-1.0625000000;-24.7500000000
9.2414000000;0.7546000000;1.6562000000;-2.1437500000;1.7150000000;1.0412500000;-43.7500000000;-1.0625000000;-24.7500000000
9.3982000000;0.4116000000;1.9992000000;2.1437500000;5.7575000000;-0.9800000000;-43.7500000000;-1.5000000000;-24.2500000000
9.2904000000;0.6272000000;2.4892000000;12.4337500000;-0.8575000000;-4.1650000000;-43.3750000000;-1.7500000000;-24.2500000000
9.4472000000;1.0584000000;1.4504000000;6.3700000000;-4.2875000000;-0.3062500000;-43.7500000000;-1.5000000000;-24.2500000000
9.3884000000;0.5880000000;2.0776000000;-6.2475000000;2.7562500000;-0.3062500000;-44.1875000000;-2.1875000000;-25.5000000000
9.3884000000;0.8918000000;1.8522000000;3.4300000000;-2.4500000000;-0.9800000000;-44.1875000000;-2.1875000000;-25.5000000000
9.3394000000;0.8232000000;1.7052000000;0.0000000000;0.0612500000;0.9800000000;-43.3750000000;-1.7500000000;-24.2500000000
9.2806000000;0.6566000000;2.0384000000;-2.0212500000;-0.1837500000;0.6125000000;-43.3750000000;-1.7500000000;-24.2500000000
9.4178000000;0.7742000000;1.8914000000;1.2862500000;-0.1837500000;0.3675000000;-44.1875000000;-2.1875000000;-24.2500000000
9.2610000000;0.7938000000;1.9012000000;-0.5512500000;-0.3675000000;0.9187500000;-43.3750000000;-1.7500000000;-24.7500000000
9.3590000000;0.5194000000;1.6856000000;-1.2250000000;-1.3475000000;1.8375000000;-43.3750000000;-1.7500000000;-24.7500000000
9.1924000000;0.7742000000;1.9404000000;2.2050000000;2.2050000000;-1.4700000000;-44.1875000000;-1.7500000000;-26.0000000000
9.2904000000;0.8428000000;1.7836000000;-0.2450000000;-1.4700000000;2.3275000000;-43.7500000000;-2.1875000000;-25.0625000000
9.3688000000;0.4606000000;2.0678000000;0.1225000000;3.8587500000;0.2450000000;-44.1875000000;-1.7500000000;-24.7500000000
9.3394000000;0.9408000000;2.0482000000;2.8787500000;-0.4900000000;-0.5512500000;-44.1875000000;-2.1875000000;-25.5000000000
9.4080000000;0.4508000000;1.6366000000;-3.3075000000;-2.2050000000;2.6337500000;-44.1875000000;-2.1875000000;-25.5000000000
9.3786000000;0.5390000000;1.7248000000;-0.4900000000;1.0412500000;-0.7962500000;-43.7500000000;-2.1875000000;-24.2500000000
9.2610000000;0.7840000000;2.0482000000;-1.4700000000;2.3275000000;-1.3475000000;-44.1875000000;-1.7500000000;-24.0000000000
9.3688000000;0.8330000000;2.2442000000;0.1225000000;0.7350000000;-1.1025000000;-43.7500000000;-1.5000000000;-24.2500000000
9.3786000000;0.8232000000;1.9698000000;1.5312500000;-1.7762500000;-0.1837500000;-44.8750000000;-1.5000000000;-24.7500000000
9.3884000000;0.6762000000;1.5876000000;-0.8575000000;-2.0212500000;1.3475000000;-44.8750000000;-1.5000000000;-24.7500000000
9.3884000000;0.5390000000;1.8326000000;-0.9187500000;1.5925000000;0.4900000000;-43.7500000000;-1.0625000000;-24.0000000000
9.2806000000;0.7546000000;1.9012000000;0.5512500000;-1.7150000000;0.3675000000;-43.0000000000;-2.1875000000;-24.7500000000
9.2806000000;0.6174000000;1.7738000000;-2.5112500000;-0.1225000000;-0.0612500000;-43.0000000000;-1.5000000000;-25.0625000000
9.2904000000;1.0192000000;1.8228000000;2.4500000000;-0.2450000000;-1.5925000000;-44.5000000000;-1.5000000000;-25.5000000000
9.3590000000;0.5978000000;1.7640000000;-2.2050000000;1.5312500000;2.8175000000;-44.5000000000;-1.5000000000;-25.5000000000
9.3590000000;0.5782000000;2.0678000000;3.2462500000;2.3275000000;0.3062500000;-44.1875000000;-1.5000000000;-24.2500000000
9.3688000000;0.7252000000;1.9012000000;0.1225000000;-0.2450000000;1.2862500000;-44.1875000000;-1.5000000000;-25.0625000000
9.4864000000;0.3822000000;1.9012000000;-0.9187500000;0.9800000000;0.9800000000;-43.7500000000;-1.5000000000;-25.0625000000
9.2316000000;0.8918000000;2.0482000000;1.3475000000;-1.2250000000;-0.2450000000;-43.7500000000;-1.5000000000;-24.7500000000
9.3394000000;0.4410000000;1.7542000000;-4.7775000000;-0.9800000000;1.7762500000;-43.7500000000;-1.5000000000;-24.7500000000
9.3002000000;0.7644000000;1.9698000000;3.3687500000;-0.1225000000;-1.9600000000;-44.1875000000;-1.7500000000;-26.0000000000
9.3100000000;0.8526000000;1.8522000000;-1.9600000000;-0.7350000000;1.1637500000;-43.3750000000;-1.5000000000;-24.2500000000
9.3394000000;0.4410000000;1.8620000000;-1.2250000000;-0.1837500000;0.4287500000;-43.7500000000;-1.0625000000;-24.7500000000
9.3002000000;0.9310000000;1.9208000000;3.2462500000;-0.1837500000;-2.0212500000;-44.1875000000;-1.5000000000;-24.2500000000
9.3786000000;0.5292000000;1.8816000000;-1.0412500000;-0.1837500000;1.1025000000;-44.1875000000;-1.5000000000;-24.2500000000
9.4080000000;0.5684000000;1.8914000000;2.8787500000;-0.1837500000;-0.7962500000;-43.3750000000;-1.5000000000;-24.7500000000
9.3198000000;0.6958000000;1.7444000000;-2.1437500000;-1.3475000000;1.2862500000;-43.7500000000;-1.7500000000;-25.5000000000
9.4472000000;0.4214000000;1.7738000000;-0.1837500000;2.6337500000;-1.1637500000;-43.7500000000;-1.0625000000;-25.0625000000
9.3198000000;0.8918000000;2.1462000000;1.3475000000;-1.7762500000;-0.9187500000;-43.7500000000;-1.0625000000;-26.0000000000
9.4276000000;0.6566000000;1.6660000000;-3.9812500000;-1.1025000000;1.3475000000;-43.7500000000;-1.0625000000;-26.0000000000
9.3198000000;0.6370000000;1.9012000000;2.5112500000;0.6125000000;-1.8987500000;-44.5000000000;-1.0625000000;-24.2500000000
9.3786000000;0.7350000000;1.8228000000;-2.0212500000;-1.4700000000;2.0825000000;-43.3750000000;-2.1875000000;-26.0000000000
9.3002000000;0.5880000000;1.8914000000;0.6737500000;0.0000000000;-0.9187500000;-43.7500000000;-1.5000000000;-26.0000000000
9.4374000000;0.8036000000;1.8326000000;0.4900000000;-0.9800000000;0.1225000000;-43.7500000000;-1.7500000000;-24.7500000000
9.4080000000;0.5292000000;1.7052000000;-0.3675000000;0.6125000000;0.3675000000;-43.7500000000;-1.7500000000;-24.7500000000
9.3296000000;0.5096000000;1.9600000000;0.3675000000;-0.5512500000;0.0612500000;-44.1875000000;-1.7500000000;-25.0625000000
9.3786000000;0.8722000000;1.6268000000;1.8987500000;-2.9400000000;-0.7350000000;-43.7500000000;-1.7500000000;-24.7500000000
9.3394000000;0.4802000000;1.8914000000;-3.4300000000;0.4900000000;0.6737500000;-44.5000000000;-1.7500000000;-24.2500000000
9.3296000000;0.9114000000;1.7346000000;2.6950000000;-1.6537500000;-0.9800000000;-44.5000000000;-1.7500000000;-24.2500000000
9.3786000000;0.5194000000;1.6856000000;-2.4500000000;0.1837500000;1.7762500000;-44.1875000000;-1.0625000000;-24.0000000000
9.3590000000;0.6076000000;1.8718000000;0.6125000000;1.1025000000;-0.3062500000;-44.1875000000;-1.0625000000;-24.2500000000
9.3394000000;0.7644000000;2.0188000000;-0.0612500000;0.0612500000;-1.0412500000;-44.1875000000;-1.0625000000;-26.0000000000
9.3492000000;0.8232000000;1.8718000000;-0.0612500000;-2.3275000000;-0.1837500000;-43.7500000000;-1.5000000000;-26.0000000000
9.3394000000;0.6370000000;1.5974000000;1.9600000000;-1.2862500000;0.8575000000;-43.7500000000;-1.5000000000;-26.0000000000
9.2316000000;0.5292000000;1.6758000000;-0.3062500000;0.2450000000;0.6125000000;-43.7500000000;-1.0625000000;-24.2500000000
9.4472000000;0.6762000000;1.8130000000;-0.4900000000;1.6537500000;-0.5512500000;-44.1875000000;-0.6875000000;-24.7500000000
9.3100000000;0.7350000000;1.9894000000;0.8575000000;2.0212500000;-1.1637500000;-44.5000000000;-1.0625000000;-24.2500000000
9.3884000000;0.6664000000;1.4504000000;-1.7150000000;-1.4700000000;1.1025000000;-44.1875000000;-1.5000000000;-25.0625000000
9.2414000000;0.5978000000;1.3622000000;-0.9800000000;3.1850000000;-0.1225000000;-44.1875000000;-1.5000000000;-25.0625000000
9.2120000000;0.8232000000;1.1662000000;0.4287500000;6.8600000000;-0.3675000000;-44.1875000000;-1.7500000000;-25.5000000000
9.2218000000;0.0686000000;1.4406000000;-7.4112500000;14.1487500000;0.9800000000;-43.7500000000;-1.7500000000;-25.5000000000
8.9866000000;0.3822000000;1.0878000000;17.1500000000;17.4562500000;-10.1062500000;-43.3750000000;-1.0625000000;-25.0625000000
8.5848000000;1.2544000000;-0.5586000000;15.1287500000;28.9100000000;-10.9637500000;-43.3750000000;-1.7500000000;-24.7500000000
8.3790000000;-0.2450000000;-0.9604000000;-24.7450000000;56.1050000000;-5.1450000000;-43.3750000000;-1.7500000000;-24.7500000000
7.6342000000;-0.0098000000;0.5684000000;7.7787500000;88.2000000000;-21.7437500000;-43.0000000000;-2.5625000000;-26.6875000000
7.4186000000;1.7934000000;-0.1960000000;-12.6787500000;98.1837500000;-24.3162500000;-40.7500000000;-2.1875000000;-29.5000000000
6.8306000000;0.1862000000;0.9506000000;-47.8362500000;140.3237500000;-12.4337500000;-38.6875000000;-3.5625000000;-33.0625000000
6.1544000000;0.1666000000;4.1650000000;-27.1337500000;158.5762500000;-21.8662500000;-35.2500000000;-3.2500000000;-37.0000000000
5.3116000000;1.8914000000;5.3410000000;-12.1887500000;173.0925000000;-31.1150000000;-35.2500000000;-3.2500000000;-37.0000000000
4.3512000000;0.0882000000;8.7318000000;-84.0350000000;175.2975000000;-17.5175000000;-28.6875000000;-3.5625000000;-40.1875000000
4.3708000000;0.7644000000;8.4182000000;-30.1350000000;151.0425000000;-14.3937500000;-22.6875000000;-2.6875000000;-45.3750000000
3.3418000000;-0.0392000000;10.7898000000;-22.9687500000;150.3075000000;-7.5337500000;-16.7500000000;-1.8750000000;-48.1875000000
2.2148000000;2.3520000000;12.3872000000;-21.1312500000;116.1912500000;-9.5550000000;-9.7500000000;-0.0625000000;-48.5000000000
3.5770000000;0.2254000000;7.2030000000;-74.0512500000;77.6650000000;22.7850000000;-9.7500000000;-0.0625000000;-48.5000000000
1.5876000000;-1.4308000000;12.3480000000;7.9625000000;145.4075000000;11.8212500000;-5.2500000000;0.0000000000;-50.1875000000
1.7052000000;1.0388000000;12.8674000000;24.0712500000;90.3437500000;4.2262500000;-0.5625000000;2.5625000000;-49.6875000000
1.7542000000;-1.5190000000;11.9070000000;-9.1875000000;99.1637500000;11.3312500000;5.0625000000;2.1875000000;-50.7500000000
0.4900000000;0.0784000000;14.8568000000;30.9925000000;57.4525000000;-2.8175000000;8.6875000000;2.1875000000;-49.5000000000
1.5484000000;0.6958000000;9.4864000000;-14.3325000000;-1.5312500000;8.2075000000;8.6875000000;2.1875000000;-49.5000000000
0.4606000000;-0.7252000000;10.5546000000;0.6737500000;28.2362500000;6.9825000000;11.5625000000;1.5000000000;-48.7500000000
0.4312000000;0.6468000000;9.9764000000;16.7825000000;-9.2487500000;3.1850000000;12.0625000000;0.6875000000;-48.7500000000
0.9604000000;-0.2058000000;8.5848000000;-8.3300000000;3.3075000000;6.4925000000;12.7500000000;1.5000000000;-48.7500000000
0.6860000000;0.0686000000;9.9078000000;-1.3475000000;6.7375000000;0.5512500000;12.7500000000;1.0625000000;-49.1875000000
1.0976000000;0.1764000000;8.8984000000;-11.0250000000;1.7150000000;1.7762500000;12.7500000000;1.0625000000;-49.1875000000
0.5684000000;-0.1568000000;10.1332000000;-4.5937500000;13.7812500000;-0.1225000000;12.6875000000;1.8750000000;-48.7500000000
0.6076000000;0.2744000000;10.0254000000;-2.0212500000;-2.5725000000;3.2462500000;12.6875000000;1.0625000000;-48.7500000000
0.7546000000;-0.0784000000;9.3002000000;-8.4525000000;2.0212500000;4.5937500000;13.8750000000;1.8750000000;-48.7500000000
0.4508000000;0.0980000000;9.9274000000;0.3675000000;1.2862500000;3.6750000000;13.5000000000;2.1875000000;-46.7500000000
0.7056000000;-0.4312000000;9.3394000000;-8.0237500000;0.5512500000;4.5937500000;13.5000000000;2.1875000000;-46.7500000000
0.4312000000;-0.3920000000;10.3390000000;3.0012500000;4.6550000000;-0.7962500000;13.5625000000;2.1875000000;-48.0000000000
0.7350000000;0.0000000000;9.5158000000;0.3062500000;-7.9012500000;-0.1837500000;13.1875000000;1.8750000000;-48.0000000000
0.8134000000;-0.0196000000;9.0258000000;-2.1437500000;-0.3675000000;0.3062500000;13.1875000000;2.5625000000;-48.0000000000
0.5880000000;-0.2352000000;9.5354000000;2.2050000000;4.3487500000;0.6737500000;13.5625000000;3.0000000000;-47.5625000000
0.6566000000;-0.0490000000;9.7608000000;1.7150000000;-1.4087500000;-0.1225000000;13.5625000000;3.0000000000;-47.5625000000
0.6762000000;-0.0980000000;9.5648000000;-3.8587500000;1.6537500000;0.4287500000;14.2500000000;2.5625000000;-48.7500000000
0.5390000000;-0.2058000000;9.7216000000;1.1637500000;-0.2450000000;-0.7350000000;13.1875000000;2.1875000000;-48.3750000000
0.6370000000;-0.1078000000;9.6040000000;-1.7762500000;-2.1437500000;0.3062500000;13.5625000000;2.5625000000;-48.0000000000
0.6762000000;-0.1764000000;9.4570000000;-1.7150000000;0.2450000000;0.0612500000;13.5625000000;2.1875000000;-46.3750000000
0.6664000000;-0.1372000000;9.4864000000;-0.9800000000;0.4900000000;-0.4287500000;13.5625000000;2.1875000000;-46.3750000000
0.5390000000;-0.1960000000;9.8196000000;0.6125000000;2.8787500000;-1.1637500000;13.1875000000;2.5625000000;-48.3750000000
0.5880000000;0.0686000000;9.8098000000;-3.9812500000;-3.3687500000;0.6125000000;13.1875000000;1.8750000000;-48.3750000000
0.7742000000;-0.1568000000;9.3492000000;-1.0412500000;-2.9400000000;0.7350000000;12.5000000000;1.8750000000;-48.0000000000
0.5586000000;-0.1568000000;9.6628000000;1.5925000000;2.2050000000;0.6125000000;12.5000000000;1.8750000000;-48.0000000000
0.6076000000;-0.3528000000;9.5550000000;-2.2050000000;-1.6537500000;1.4087500000;13.1875000000;2.5625000000;-48.0000000000
0.7154000000;-0.2450000000;9.3884000000;-0.9800000000;-0.3675000000;-0.1837500000;13.5625000000;3.3750000000;-48.0000000000
0.6370000000;-0.2548000000;9.5158000000;-0.4900000000;2.6950000000;-0.8575000000;13.5625000000;2.5625000000;-48.3750000000
0.5390000000;-0.1274000000;9.8196000000;-0.9800000000;1.2250000000;-0.7350000000;14.0000000000;3.0000000000;-47.5625000000
0.6566000000;-0.2156000000;9.7020000000;-0.1225000000;0.0612500000;-1.1025000000;14.0000000000;3.0000000000;-47.5625000000
0.6860000000;-0.2744000000;9.9960000000;0.6737500000;-0.6737500000;0.0612500000;13.5625000000;3.0000000000;-48.3750000000
0.5488000000;-0.2744000000;10.6820000000;2.2050000000;-5.8187500000;-0.7962500000;13.1875000000;2.5625000000;-48.7500000000
0.6958000000;-0.1764000000;10.4664000000;6.1250000000;-15.2512500000;-1.1637500000;12.7500000000;2.1875000000;-47.1875000000
0.7742000000;-0.1960000000;10.8486000000;9.1875000000;-18.0075000000;-1.3475000000;12.5000000000;2.5625000000;-48.3750000000
0.7448000000;0.4116000000;11.9266000000;12.0662500000;-29.5225000000;-3.1850000000;12.5000000000;2.5625000000;-48.3750000000
1.5778000000;-0.0196000000;11.2406000000;-9.6162500000;-50.8987500000;0.5512500000;12.7500000000;1.8750000000;-48.3750000000
1.4112000000;-0.3920000000;11.9070000000;8.6362500000;-55.3087500000;-4.3487500000;11.3750000000;2.1875000000;-48.0000000000
1.0094000000;0.0294000000;12.8086000000;9.6162500000;-74.9087500000;-6.4925000000;9.8750000000;2.1875000000;-49.5000000000
1.3426000000;0.4802000000;11.8188000000;-13.2300000000;-107.4325000000;-2.7562500000;6.1875000000;2.1875000000;-48.7500000000
2.0482000000;-0.6566000000;10.6330000000;-3.9200000000;-120.9075000000;-2.7562500000;6.1875000000;2.1875000000;-48.7500000000
2.3520000000;0.3822000000;10.8192000000;17.7625000000;-135.1787500000;-6.1250000000;2.8750000000;1.5000000000;-49.5000000000
3.0282000000;0.0294000000;9.0160000000;-26.2150000000;-171.8062500000;1.8375000000;-2.7500000000;2.5625000000;-49.5000000000
4.0082000000;-0.6370000000;7.5166000000;18.4362500000;-174.0112500000;-2.4500000000;-9.0625000000;2.1875000000;-49.1875000000
4.2826000000;0.6958000000;6.3308000000;22.4175000000;-177.7475000000;-0.3675000000;-16.3750000000;3.6875000000;-47.5000000000
5.2920000000;0.1078000000;4.3806000000;29.0325000000;-167.5187500000;6.0025000000;-16.3750000000;3.6875000000;-47.5000000000
6.3014000000;0.2450000000;3.1850000000;50.6537500000;-133.0350000000;1.5312500000;-23.0000000000;3.3750000000;-43.5625000000
7.1540000000;0.8232000000;1.4994000000;45.3250000000;-125.3787500000;1.5312500000;-29.6875000000;2.1875000000;-40.3750000000
8.1634000000;0.0392000000;0.2156000000;32.2787500000;-91.3850000000;11.2700000000;-33.6875000000;1.0625000000;-37.5625000000
8.4770000000;-0.6174000000;1.0290000000;30.9925000000;-51.1437500000;-3.7362500000;-38.1875000000;0.0000000000;-32.3750000000
8.3496000000;1.0290000000;1.7248000000;44.5287500000;-45.9987500000;-14.9450000000;-38.1875000000;0.0000000000;-32.3750000000
8.8984000000;1.3328000000;1.1466000000;34.1775000000;-36.8112500000;-7.1050000000;-38.8750000000;-1.5000000000;-32.5000000000
8.7220000000;1.6856000000;1.4798000000;0.6125000000;-26.3375000000;-0.4900000000;-40.0000000000;-3.5625000000;-31.6875000000
9.2022000000;0.9212000000;1.2054000000;0.5512500000;-20.8862500000;5.8187500000;-38.7500000000;-4.0000000000;-28.8750000000
9.0454000000;1.2838000000;2.2148000000;7.0437500000;-4.5937500000;1.5925000000;-42.0625000000;-3.2500000000;-27.5625000000
9.1826000000;0.7644000000;2.1070000000;-3.3687500000;-10.7800000000;6.9825000000;-42.0625000000;-3.2500000000;-27.5625000000
9.2610000000;0.7252000000;2.4500000000;-2.4500000000;-3.0625000000;0.8575000000;-42.5000000000;-4.3750000000;-26.0625000000
9.3296000000;0.7350000000;1.9502000000;-1.5925000000;-3.4300000000;0.1837500000;-42.1875000000;-3.5625000000;-27.2500000000
9.2512000000;0.9800000000;2.7146000000;0.4287500000;1.2250000000;-1.6537500000;-42.5625000000;-3.5625000000;-27.2500000000
9.2120000000;1.2348000000;2.5774000000;-3.4912500000;-4.0425000000;1.4700000000;-42.0625000000;-3.2500000000;-27.2500000000
9.5844000000;0.5096000000;2.0188000000;-9.3100000000;-6.9212500000;7.0437500000;-42.0625000000;-3.2500000000;-27.2500000000
8.9082000000;0.8232000000;2.7930000000;-3.7362500000;-0.2450000000;-0.4900000000;-41.7500000000;-3.2500000000;-26.8750000000
9.3296000000;1.0388000000;1.7248000000;-4.5937500000;-9.4937500000;3.7362500000;-42.0625000000;-2.5625000000;-26.5000000000
9.4374000000;0.3724000000;1.9502000000;-2.3275000000;6.0025000000;3.4300000000;-42.5000000000;-2.5625000000;-26.0625000000
9.0454000000;1.0780000000;2.5480000000;1.9600000000;-2.1437500000;-0.7350000000;-42.8750000000;-2.1875000000;-26.5000000000
9.4472000000;0.8134000000;2.2736000000;-1.7762500000;-0.0612500000;2.2662500000;-42.8750000000;-2.1875000000;-26.5000000000
9.2414000000;0.6566000000;2.5872000000;-0.6125000000;0.1837500000;0.4287500000;-42.8750000000;-2.5625000000;-26.5000000000
9.2316000000;0.8918000000;2.1462000000;0.9800000000;-0.6125000000;-0.4900000000;-42.5000000000;-2.1875000000;-27.2500000000
9.2218000000;0.8134000000;2.1168000000;-3.1850000000;0.5512500000;1.0412500000;-43.1875000000;-2.5625000000;-26.0625000000
9.2708000000;0.6664000000;2.4010000000;-1.2862500000;2.7562500000;0.1837500000;-41.7500000000;-2.1875000000;-26.5000000000
9.2120000000;0.8624000000;2.4010000000;2.1437500000;0.5512500000;-0.5512500000;-41.7500000000;-2.1875000000;-26.5000000000
9.2316000000;0.7840000000;2.7342000000;-1.4087500000;2.2662500000;0.4900000000;-42.5000000000;-2.5625000000;-27.6875000000
9.1924000000;0.8722000000;2.1854000000;1.2250000000;-3.3687500000;0.7962500000;-42.0625000000;-2.1875000000;-26.8750000000
9.3100000000;0.6958000000;1.9110000000;1.8375000000;1.6537500000;1.1637500000;-42.7500000000;-3.0000000000;-26.5000000000
9.1924000000;0.7644000000;2.5480000000;-1.7762500000;1.8375000000;0.1225000000;-42.5000000000;-2.5625000000;-26.8750000000
9.2316000000;0.7938000000;2.3716000000;-0.7350000000;-1.4087500000;1.3475000000;-42.5000000000;-2.5625000000;-26.8750000000
9.3394000000;0.6664000000;1.9698000000;0.8575000000;4.5325000000;-0.2450000000;-42.5000000000;-2.1875000000;-26.8750000000
9.2022000000;0.7742000000;2.6754000000;1.2862500000;1.0412500000;0.3062500000;-42.5000000000;-1.5000000000;-26.0625000000
9.3982000000;0.6860000000;2.3618000000;-0.7350000000;0.0000000000;1.1025000000;-42.5000000000;-1.7500000000;-27.2500000000
9.2120000000;0.6370000000;2.2638000000;-0.5512500000;-0.7350000000;-0.2450000000;-42.0625000000;-1.7500000000;-27.2500000000
9.2610000000;0.7938000000;2.3618000000;-0.9187500000;0.9187500000;-0.9187500000;-42.0625000000;-1.7500000000;-27.2500000000
9.1336000000;0.8918000000;2.4892000000;0.0000000000;-0.6737500000;-0.1225000000;-43.1875000000;-2.1875000000;-27.2500000000
9.3296000000;0.7742000000;2.2638000000;-1.0412500000;-0.3675000000;1.2250000000;-42.5000000000;-1.7500000000;-28.0625000000
9.1728000000;0.5880000000;2.4108000000;-1.2862500000;0.1837500000;0.8575000000;-41.7500000000;-2.5625000000;-26.5000000000
9.2414000000;0.8330000000;2.5578000000;1.3475000000;0.4287500000;-1.2862500000;-41.7500000000;-2.5625000000;-26.5000000000
9.3002000000;0.6566000000;2.4794000000;-0.4900000000;-0.9187500000;0.4287500000;-42.7500000000;-2.1875000000;-25.7500000000
9.3198000000;0.5782000000;2.1952000000;-1.1637500000;-1.9600000000;0.1837500000;-42.5000000000;-2.1875000000;-26.5000000000
9.2806000000;0.8428000000;2.3128000000;-0.1225000000;-0.1837500000;-0.6737500000;-42.0625000000;-2.1875000000;-27.2500000000
9.1826000000;0.8036000000;2.4696000000;0.9187500000;0.3675000000;0.3675000000;-43.1875000000;-2.1875000000;-26.8750000000
9.2218000000;0.8428000000;2.0482000000;0.7350000000;-2.1437500000;0.8575000000;-43.1875000000;-2.1875000000;-26.8750000000
9.3002000000;0.6664000000;2.1854000000;-0.0612500000;1.9600000000;0.4287500000;-42.5000000000;-1.5000000000;-26.8750000000
9.2022000000;0.6370000000;2.6754000000;-1.7762500000;2.2662500000;-0.0612500000;-42.5000000000;-2.5625000000;-27.2500000000
9.3198000000;0.7252000000;2.2540000000;-0.5512500000;-2.4500000000;0.0000000000;-42.5000000000;-2.1875000000;-26.8750000000
9.2610000000;0.7448000000;2.1462000000;0.3062500000;0.6125000000;-0.7350000000;-42.5000000000;-1.7500000000;-26.5000000000
9.2316000000;0.8526000000;2.7342000000;-1.8375000000;0.9800000000;-0.0612500000;-42.5000000000;-1.7500000000;-26.5000000000
9.3296000000;0.6174000000;2.2148000000;-0.1225000000;-2.3275000000;1.1025000000;-42.5000000000;-2.1875000000;-26.5000000000
9.2022000000;0.7644000000;2.1364000000;3.3687500000;0.1225000000;-0.5512500000;-42.5000000000;-2.1875000000;-26.0625000000
9.3198000000;0.5684000000;2.3128000000;-2.5725000000;0.1837500000;0.5512500000;-42.5000000000;-2.5625000000;-27.6875000000
9.2414000000;0.8036000000;2.4304000000;1.5312500000;0.2450000000;-1.4087500000;-42.5000000000;-2.5625000000;-26.5000000000
9.3002000000;0.8232000000;2.2344000000;-0.7350000000;-0.7350000000;0.6125000000;-42.5000000000;-2.5625000000;-26.5000000000
9.2512000000;0.6370000000;2.2050000000;-0.4900000000;-0.2450000000;-0.3062500000;-42.0625000000;-2.5625000000;-26.8750000000
9.2806000000;0.9506000000;2.2736000000;1.1025000000;-0.1225000000;-1.3475000000;-41.7500000000;-1.7500000000;-26.5000000000
9.2708000000;0.7840000000;2.4206000000;-1.5925000000;0.4900000000;0.0000000000;-42.5000000000;-1.7500000000;-28.5000000000
9.2414000000;0.7252000000;2.0776000000;-0.2450000000;-0.4287500000;-0.0612500000;-42.5000000000;-1.5000000000;-26.5000000000
9.2512000000;0.8232000000;2.5284000000;0.8575000000;2.2662500000;-0.9187500000;-42.5000000000;-1.5000000000;-26.5000000000
9.3100000000;0.6664000000;2.4892000000;-0.1225000000;-0.6737500000;0.2450000000;-42.5000000000;-2.1875000000;-27.2500000000
9.2806000000;0.6566000000;2.2932000000;-0.5512500000;-1.8987500000;-0.4287500000;-42.5000000000;-2.1875000000;-27.2500000000
9.2610000000;0.8820000000;2.1854000000;0.9187500000;-1.1025000000;-0.9800000000;-42.0625000000;-2.5625000000;-27.2500000000
9.2806000000;0.6664000000;2.2736000000;-2.3275000000;-0.0612500000;0.0000000000;-42.0625000000;-1.7500000000;-27.6875000000
9.2512000000;0.9898000000;2.4304000000;0.9800000000;-0.0612500000;-1.3475000000;-42.0625000000;-1.7500000000;-27.6875000000
9.2120000000;0.7742000000;2.2050000000;-0.1837500000;-0.7962500000;1.1025000000;-42.5000000000;-1.7500000000;-26.8750000000
9.2120000000;0.7742000000;2.5088000000;2.0825000000;1.1025000000;-0.7350000000;-42.0625000000;-1.7500000000;-26.8750000000
9.2316000000;0.7742000000;2.3422000000;0.0000000000;-0.9800000000;0.6125000000;-42.0625000000;-1.5000000000;-26.8750000000
9.2806000000;0.6272000000;2.1462000000;-0.0612500000;0.0612500000;0.4900000000;-42.5000000000;-1.7500000000;-27.6875000000
9.2904000000;0.7644000000;2.5382000000;-0.5512500000;0.7962500000;0.1225000000;-42.5000000000;-1.7500000000;-27.6875000000
9.2610000000;0.7448000000;2.3716000000;-0.6125000000;-1.8375000000;0.1225000000;-42.5000000000;-1.7500000000;-28.0625000000
9.1630000000;0.7938000000;2.3030000000;0.4900000000;-0.7962500000;-0.6737500000;-43.1875000000;-1.5000000000;-27.6875000000
9.3002000000;0.7252000000;2.2246000000;0.3675000000;-0.1837500000;0.2450000000;-42.0625000000;-1.7500000000;-27.2500000000
9.2022000000;0.7742000000;2.4892000000;0.3675000000;0.3062500000;0.2450000000;-42.5000000000;-1.5000000000;-26.0625000000
9.3296000000;0.6664000000;2.0482000000;-0.4287500000;-1.3475000000;1.5312500000;-42.5000000000;-1.5000000000;-26.0625000000
9.1532000000;0.6370000000;2.5676000000;-1.3475000000;1.3475000000;-0.4287500000;-41.7500000000;-2.1875000000;-26.8750000000
9.3394000000;0.9310000000;2.2246000000;-0.5512500000;-2.0825000000;0.4900000000;-42.5000000000;-2.1875000000;-25.7500000000
9.2022000000;0.7154000000;2.3422000000;0.1837500000;0.1837500000;0.4900000000;-42.0625000000;-2.1875000000;-25.7500000000
9.2022000000;0.9016000000;2.1952000000;2.6950000000;0.4287500000;0.0000000000;-42.5000000000;-2.1875000000;-26.0625000000
9.2904000000;0.5194000000;2.2932000000;-2.5112500000;0.9800000000;2.0212500000;-42.5000000000;-2.1875000000;-26.0625000000
9.1826000000;0.5978000000;2.5676000000;1.2250000000;1.5925000000;-0.3675000000;-42.0625000000;-2.1875000000;-26.5000000000
9.2904000000;0.8918000000;2.2540000000;-0.3675000000;-1.5312500000;0.0000000000;-42.0625000000;-2.5625000000;-26.5000000000
9.2708000000;0.6664000000;2.3618000000;0.0000000000;0.5512500000;-0.0612500000;-42.5000000000;-2.1875000000;-26.8750000000
9.2120000000;0.7546000000;2.5382000000;1.4087500000;-2.3887500000;0.3675000000;-43.1875000000;-1.0625000000;-26.8750000000
9.3198000000;0.6370000000;2.1364000000;-2.0825000000;-0.4287500000;0.1225000000;-43.1875000000;-1.0625000000;-26.8750000000
9.2316000000;0.7154000000;2.3128000000;1.2862500000;0.0612500000;-1.0412500000;-42.5000000000;-1.7500000000;-26.0625000000
9.2806000000;0.8624000000;2.3128000000;-2.3887500000;0.3062500000;0.5512500000;-42.7500000000;-1.7500000000;-28.0625000000
9.2610000000;0.6664000000;2.3324000000;-1.5312500000;0.1225000000;0.9187500000;-42.5000000000;-1.7500000000;-26.8750000000
9.1924000000;0.7840000000;2.2148000000;1.2250000000;0.1837500000;-0.2450000000;-42.5000000000;-1.7500000000;-26.8750000000
9.2512000000;0.7938000000;2.3618000000;0.0000000000;1.4700000000;0.7962500000;-42.5000000000;-1.7500000000;-26.8750000000
9.2414000000;0.5782000000;2.2344000000;2.7562500000;1.6537500000;-0.4900000000;-42.5000000000;-1.7500000000;-26.5000000000
9.1336000000;0.6664000000;1.5288000000;-0.3675000000;5.3287500000;-0.1837500000;-42.5000000000;-2.1875000000;-26.8750000000
9.0748000000;0.5586000000;1.4896000000;2.6950000000;12.4950000000;-2.5725000000;-42.0625000000;-2.1875000000;-27.2500000000
9.0062000000;0.9016000000;1.7248000000;6.3087500000;15.3125000000;-3.0625000000;-42.0625000000;-2.1875000000;-27.2500000000
8.8886000000;0.5880000000;0.9212000000;-9.4937500000;20.7637500000;1.2862500000;-42.0625000000;-1.7500000000;-26.8750000000
8.8788000000;0.4018000000;1.0486000000;29.3387500000;32.7075000000;-9.4325000000;-41.3750000000;-2.1875000000;-27.6875000000
8.5162000000;1.5288000000;2.5480000000;14.0875000000;44.2837500000;-12.6175000000;-41.3750000000;-2.1875000000;-27.2500000000
8.3006000000;1.2152000000;0.6468000000;-42.9362500000;42.1400000000;2.8175000000;-39.0625000000;-3.0000000000;-30.0625000000
8.1732000000;0.2352000000;0.7742000000;-26.7050000000;77.7875000000;1.5925000000;-39.0625000000;-3.0000000000;-30.0625000000
7.1442000000;0.6076000000;3.4986000000;-27.7462500000;96.0400000000;-7.5950000000;-38.7500000000;-3.0000000000;-32.0625000000
7.4578000000;0.8036000000;2.2148000000;-60.2700000000;94.9987500000;6.0025000000;-36.6875000000;-2.1875000000;-34.0625000000
6.8404000000;-0.7252000000;4.8902000000;-15.1900000000;140.9975000000;-9.0650000000;-33.6875000000;-1.5000000000;-37.1875000000
5.7330000000;1.8522000000;6.2034000000;-22.7850000000;122.0712500000;-7.5337500000;-29.6875000000;0.0000000000;-41.1875000000
6.1250000000;-1.5680000000;6.5856000000;-40.3025000000;143.5700000000;-1.1637500000;-29.6875000000;0.0000000000;-41.1875000000
4.5178000000;0.5488000000;10.2606000000;8.2075000000;129.6662500000;-23.2750000000;-24.8750000000;0.6875000000;-43.0625000000
5.0274000000;1.5190000000;7.8008000000;-48.0812500000;102.6550000000;1.0412500000;-20.3750000000;0.6875000000;-45.5000000000
3.8808000000;-1.4896000000;9.0944000000;-51.8175000000;110.9237500000;4.3487500000;-15.8750000000;1.8750000000;-47.5000000000
3.8514000000;0.8330000000;7.9772000000;-7.8400000000;97.4487500000;-2.2662500000;-10.6875000000;3.6875000000;-48.2500000000
3.1458000000;-1.5190000000;9.0454000000;-37.1175000000;129.6662500000;4.1037500000;-10.6875000000;3.6875000000;-48.2500000000
1.8228000000;-0.5096000000;12.5342000000;-0.3062500000;98.8575000000;-9.3100000000;-7.0000000000;3.6875000000;-48.6875000000
2.7146000000;-0.7644000000;9.9372000000;-38.5875000000;85.0150000000;6.4312500000;-1.0625000000;5.5625000000;-49.7500000000
1.4014000000;-1.0290000000;14.0434000000;21.1925000000;89.5475000000;-12.2500000000;3.0000000000;5.8750000000;-48.1875000000
2.3030000000;0.4900000000;10.2116000000;1.6537500000;28.1750000000;-1.5925000000;7.3750000000;5.6875000000;-49.2500000000
1.2740000000;-1.5386000000;10.7212000000;-16.6600000000;54.7575000000;5.8800000000;7.3750000000;5.6875000000;-49.2500000000
0.3920000000;-0.4410000000;12.2206000000;25.9087500000;12.0662500000;-5.8800000000;8.0625000000;5.1875000000;-48.1875000000
1.3524000000;0.0000000000;9.1434000000;-4.2875000000;-4.3487500000;0.4287500000;10.6875000000;5.6875000000;-48.1875000000
1.0878000000;-0.2254000000;9.7804000000;-3.6137500000;1.8375000000;2.6337500000;10.6875000000;4.5625000000;-48.1875000000
1.4504000000;-0.1078000000;8.7318000000;4.2875000000;0.4287500000;5.7575000000;11.0625000000;6.0000000000;-47.0000000000
1.0682000000;-0.6076000000;9.7412000000;-1.3475000000;10.9637500000;5.8187500000;11.0625000000;6.0000000000;-47.0000000000
1.0192000000;-0.5586000000;9.7314000000;-7.5950000000;-1.0412500000;3.4300000000;11.1875000000;5.6875000000;-48.1875000000
1.1956000000;-0.6370000000;9.5354000000;-9.8612500000;4.9000000000;3.1237500000;10.6875000000;5.2500000000;-48.5625000000
0.9506000000;-0.7056000000;9.8980000000;4.1650000000;0.1225000000;1.6537500000;11.7500000000;5.6875000000;-47.7500000000
1.0878000000;-0.6468000000;9.4962000000;-3.3075000000;0.1837500000;3.0012500000;11.5000000000;5.6875000000;-48.5625000000
0.9898000000;-0.6566000000;9.6530000000;-2.2662500000;-1.0412500000;3.1850000000;11.5000000000;5.6875000000;-48.5625000000
1.1466000000;-0.6958000000;9.2708000000;-2.5112500000;-1.7762500000;2.9400000000;11.0625000000;6.3750000000;-49.0000000000
1.1270000000;-0.6958000000;9.6334000000;1.2250000000;1.3475000000;1.5925000000;11.5000000000;5.6875000000;-48.1875000000
1.1270000000;-0.7546000000;9.5844000000;-1.5925000000;-1.8987500000;0.6125000000;11.0625000000;5.6875000000;-48.1875000000
1.0878000000;-0.7056000000;9.3100000000;-0.3675000000;-0.5512500000;0.1837500000;11.3750000000;5.2500000000;-48.5625000000
0.9114000000;-0.8330000000;9.7608000000;1.1025000000;3.7975000000;0.3675000000;11.3750000000;5.2500000000;-48.5625000000
1.0682000000;-0.6468000000;9.5844000000;-1.0412500000;-2.6950000000;0.0000000000;11.0625000000;4.8750000000;-49.6875000000
1.1172000000;-0.6370000000;9.3198000000;0.4900000000;0.4900000000;0.0000000000;11.7500000000;5.5625000000;-47.0000000000
1.0682000000;-0.6566000000;9.6628000000;-0.3062500000;0.1837500000;1.1025000000;11.0625000000;6.0000000000;-48.5625000000
1.0780000000;-0.7056000000;9.5256000000;0.2450000000;-0.3675000000;0.1225000000;11.3750000000;5.6875000000;-48.1875000000
1.0682000000;-0.5292000000;9.5060000000;0.6737500000;0.1225000000;-0.6125000000;11.3750000000;5.6875000000;-48.1875000000
1.1074000000;-0.6468000000;9.2708000000;-1.8375000000;0.4287500000;1.0412500000;11.3750000000;5.6875000000;-48.5625000000
1.0584000000;-0.7840000000;9.3982000000;1.4700000000;4.7162500000;0.6737500000;11.7500000000;5.6875000000;-47.7500000000
0.8134000000;-0.7742000000;10.2018000000;2.4500000000;2.3275000000;-0.6125000000;11.7500000000;5.6875000000;-49.0000000000
1.0682000000;-0.6468000000;9.5746000000;-0.8575000000;-1.6537500000;-0.3062500000;11.3750000000;5.6875000000;-47.7500000000
1.0486000000;-0.4802000000;9.2904000000;1.0412500000;1.1637500000;0.1837500000;11.3750000000;5.6875000000;-47.7500000000
1.0094000000;-0.5488000000;9.5354000000;-1.1025000000;2.3275000000;0.9800000000;11.7500000000;5.2500000000;-48.5625000000
1.0878000000;-0.6860000000;9.8196000000;1.3475000000;0.6737500000;0.9800000000;11.3750000000;4.5625000000;-48.5625000000
0.9898000000;-0.6370000000;10.1136000000;3.3075000000;-1.8987500000;0.9187500000;11.3750000000;5.6875000000;-47.7500000000
1.0780000000;-0.8526000000;10.2998000000;2.1437500000;-8.5750000000;0.1837500000;11.7500000000;4.8750000000;-47.3750000000
1.1270000000;-0.8526000000;10.3194000000;11.1475000000;-14.8225000000;-1.3475000000;11.7500000000;4.8750000000;-47.3750000000
1.1368000000;-1.0290000000;10.2704000000;13.5362500000;-20.1512500000;-0.7350000000;10.6875000000;5.6875000000;-48.5625000000
1.2838000000;-0.4410000000;11.2014000000;18.0687500000;-41.4662500000;0.3675000000;11.0625000000;5.2500000000;-48.5625000000
1.6268000000;0.0784000000;11.3288000000;25.7250000000;-49.6125000000;3.8587500000;10.3750000000;4.5625000000;-49.0000000000
1.7836000000;-0.1372000000;12.6714000000;-1.3475000000;-53.7775000000;3.9200000000;10.3750000000;4.5625000000;-49.0000000000
2.1364000000;-0.3234000000;12.4362000000;-31.9725000000;-87.0362500000;0.6737500000;7.6875000000;3.7500000000;-49.2500000000
2.7342000000;-0.8134000000;10.6526000000;-11.3312500000;-107.7387500000;1.0412500000;5.1875000000;4.1875000000;-49.2500000000
2.7538000000;-0.8232000000;11.3092000000;3.4912500000;-110.5562500000;-3.4912500000;0.6875000000;4.8750000000;-49.2500000000
3.0184000000;-0.4606000000;10.7310000000;5.2062500000;-134.0150000000;-4.9000000000;-3.6875000000;5.2500000000;-48.5625000000
4.1258000000;-0.3626000000;7.7126000000;13.5975000000;-148.5925000000;0.5512500000;-3.6875000000;5.2500000000;-48.5625000000
4.4100000000;-0.1372000000;7.3794000000;-6.3087500000;-140.2012500000;-3.1237500000;-9.5625000000;5.6875000000;-48.1875000000
5.1156000000;-0.9408000000;6.6150000000;9.3712500000;-142.5900000000;-3.0625000000;-15.0625000000;5.6875000000;-47.3750000000
5.8114000000;0.0686000000;4.7726000000;35.9537500000;-133.6475000000;-5.4512500000;-20.6875000000;5.6875000000;-43.7500000000
6.6444000000;-0.3430000000;3.7338000000;15.7412500000;-130.7687500000;1.2862500000;-26.1875000000;4.5625000000;-41.5000000000
7.1442000000;-0.0588000000;3.5280000000;49.4900000000;-115.7625000000;6.6150000000;-26.1875000000;4.5625000000;-41.5000000000
8.1536000000;-0.0882000000;2.9498000000;38.2812500000;-108.8412500000;5.0225000000;-30.6875000000;4.1875000000;-37.8750000000
8.3006000000;-0.0098000000;2.1658000000;18.0687500000;-93.7125000000;1.1025000000;-34.7500000000;2.6875000000;-35.2500000000
8.2418000000;0.1176000000;2.1168000000;17.8237500000;-82.8100000000;0.0000000000;-37.0625000000;1.5625000000;-30.8750000000
8.9670000000;0.0000000000;1.1172000000;23.3362500000;-79.9312500000;-1.5312500000;-39.5625000000;2.0000000000;-30.0625000000
8.9474000000;0.1568000000;0.7546000000;19.4775000000;-62.8425000000;-3.4912500000;-39.5625000000;2.0000000000;-30.0625000000
8.8886000000;0.3822000000;0.4900000000;14.7612500000;-48.9387500000;-5.6350000000;-42.1875000000;1.5625000000;-26.3750000000
8.8886000000;0.6174000000;0.5194000000;2.9400000000;-39.4450000000;-0.0612500000;-43.2500000000;1.5625000000;-25.7500000000
9.0944000000;0.7840000000;-0.4312000000;-2.0825000000;-27.8687500000;3.4300000000;-44.3750000000;-0.1875000000;-22.8750000000
8.9082000000;0.5194000000;0.5390000000;-9.5550000000;-8.0850000000;4.7162500000;-45.8750000000;-0.1875000000;-21.2500000000
9.3688000000;0.4116000000;0.2646000000;-4.6550000000;-11.2087500000;3.3075000000;-45.8750000000;-0.1875000000;-21.2500000000
9.4962000000;0.2450000000;1.4798000000;3.1850000000;9.0037500000;-1.5925000000;-45.1875000000;0.7500000000;-20.1875000000
9.2316000000;0.7350000000;1.2936000000;-5.8800000000;-2.0212500000;1.5925000000;-45.8750000000;0.5000000000;-21.0625000000
9.9078000000;-0.0686000000;0.6664000000;-13.6587500000;2.8787500000;8.3300000000;-45.8750000000;1.1875000000;-21.8750000000
9.1336000000;0.1176000000;2.1756000000;-5.4512500000;6.4312500000;-1.2250000000;-45.0625000000;1.1875000000;-21.0625000000
9.6138000000;0.3038000000;0.6370000000;5.8800000000;-5.0225000000;1.2862500000;-45.0625000000;1.1875000000;-21.0625000000
9.2904000000;0.0098000000;1.5092000000;-2.3275000000;7.2887500000;-1.7150000000;-45.0625000000;2.2500000000;-22.1875000000
9.5844000000;0.3136000000;1.0682000000;9.9225000000;1.5925000000;-2.3887500000;-45.5000000000;1.5625000000;-21.3750000000
9.3982000000;0.2254000000;1.5288000000;5.0225000000;5.3287500000;-4.5325000000;-45.5000000000;1.1875000000;-22.1875000000
9.2904000000;0.7154000000;1.6366000000;4.8387500000;5.2062500000;-5.1450000000;-45.5000000000;0.7500000000;-22.1875000000
9.5354000000;0.4998000000;1.6562000000;-0.8575000000;2.0825000000;-1.1637500000;-45.5000000000;0.7500000000;-22.1875000000
9.2904000000;0.5684000000;1.6170000000;1.8375000000;1.3475000000;-1.2250000000;-45.0625000000;0.7500000000;-23.0000000000
9.4472000000;0.4998000000;0.8232000000;-0.7962500000;-2.5112500000;3.1237500000;-45.0625000000;1.1875000000;-22.5625000000
9.3786000000;-0.0784000000;1.5484000000;-6.6762500000;7.2887500000;2.2662500000;-45.0625000000;0.5000000000;-21.8750000000
9.3688000000;0.5096000000;1.8228000000;2.4500000000;2.0212500000;-1.8375000000;-45.5000000000;0.7500000000;-22.1875000000
9.4962000000;0.2548000000;1.0584000000;-2.9400000000;0.7350000000;2.2662500000;-45.5000000000;0.7500000000;-22.1875000000
9.3198000000;0.4410000000;1.6758000000;-1.7762500000;2.7562500000;-0.7350000000;-44.6875000000;1.5625000000;-23.0000000000
9.5648000000;0.4312000000;1.4994000000;0.4287500000;1.7150000000;0.6125000000;-44.2500000000;0.7500000000;-22.5625000000
9.4472000000;0.2940000000;1.5288000000;1.1025000000;0.1225000000;0.7350000000;-44.0000000000;0.5000000000;-22.1875000000
9.4472000000;0.3822000000;1.3230000000;1.2862500000;-0.6125000000;0.1837500000;-44.2500000000;0.7500000000;-23.0000000000
9.4570000000;0.2744000000;1.6072000000;-1.4087500000;-0.0612500000;-0.0612500000;-44.2500000000;0.7500000000;-23.0000000000
9.3492000000;0.2744000000;1.5876000000;-0.8575000000;-0.9800000000;0.6737500000;-45.5000000000;1.1875000000;-22.1875000000
9.3982000000;0.2156000000;1.1956000000;0.7962500000;-1.1025000000;-0.0612500000;-45.0625000000;0.5000000000;-22.1875000000
9.3884000000;0.4802000000;1.4896000000;-3.0625000000;2.2050000000;-0.5512500000;-44.6875000000;0.7500000000;-23.0000000000
9.5158000000;0.3430000000;1.5876000000;-1.3475000000;0.6737500000;0.4900000000;-44.2500000000;0.7500000000;-23.0000000000
9.3100000000;0.2352000000;1.7444000000;-0.9187500000;0.2450000000;-0.7962500000;-44.2500000000;0.7500000000;-23.0000000000
9.5060000000;0.4704000000;1.1662000000;1.6537500000;-3.0625000000;-0.1225000000;-44.6875000000;0.7500000000;-22.5625000000
9.4178000000;0.2254000000;1.3426000000;-1.4700000000;4.5325000000;-1.1025000000;-44.2500000000;1.1875000000;-23.0000000000
9.3982000000;0.4998000000;1.8130000000;1.5312500000;0.7962500000;-1.2250000000;-45.0625000000;1.1875000000;-22.5625000000
9.4472000000;0.2842000000;1.2250000000;0.7350000000;-1.4700000000;1.6537500000;-44.2500000000;1.5625000000;-22.1875000000
9.3492000000;0.2940000000;1.5778000000;-0.7962500000;0.9187500000;-1.2250000000;-44.2500000000;1.5625000000;-22.1875000000
9.4178000000;0.3528000000;1.3034000000;-2.3887500000;1.0412500000;-0.6125000000;-44.2500000000;1.5625000000;-22.5625000000
9.3884000000;0.4704000000;1.8032000000;-1.2250000000;0.4900000000;-1.4087500000;-44.6875000000;1.1875000000;-23.3750000000
9.3786000000;0.5194000000;1.3230000000;-1.5312500000;-0.3675000000;1.5925000000;-44.6875000000;0.7500000000;-23.0000000000
9.4276000000;0.0490000000;1.2446000000;-1.1025000000;2.6337500000;1.3475000000;-44.6875000000;0.7500000000;-23.0000000000
9.4080000000;0.3430000000;2.0384000000;0.4900000000;-1.4087500000;-1.1637500000;-44.6875000000;0.7500000000;-22.5625000000
9.4864000000;0.4116000000;1.4308000000;-0.3675000000;-2.9400000000;0.2450000000;-44.2500000000;1.1875000000;-23.7500000000
9.3002000000;0.3920000000;1.3818000000;-0.3675000000;0.4900000000;-0.7350000000;-44.6875000000;1.1875000000;-23.0000000000
9.4962000000;0.5096000000;1.4406000000;2.5112500000;0.7962500000;0.9187500000;-45.0625000000;1.1875000000;-23.7500000000
9.3492000000;0.1960000000;1.4210000000;-0.4900000000;1.4700000000;0.7350000000;-45.0625000000;1.1875000000;-23.7500000000
9.4178000000;0.2842000000;1.6562000000;-2.5725000000;0.8575000000;0.1225000000;-45.5000000000;2.0000000000;-23.3750000000
9.4472000000;0.2450000000;1.6660000000;2.0825000000;-1.0412500000;-1.1025000000;-44.6875000000;0.7500000000;-23.7500000000
9.3884000000;0.5586000000;1.5582000000;0.8575000000;-2.3887500000;0.0612500000;-44.6875000000;0.7500000000;-21.8750000000
9.4472000000;0.2940000000;1.3916000000;-1.8987500000;-1.2862500000;1.3475000000;-45.5000000000;1.1875000000;-24.0625000000
9.3982000000;0.2744000000;1.5386000000;-0.6737500000;-0.6125000000;0.6125000000;-45.5000000000;1.1875000000;-24.0625000000
9.3394000000;0.3038000000;1.4896000000;-0.7350000000;-1.0412500000;0.1225000000;-44.2500000000;1.5625000000;-23.0000000000
9.3492000000;0.3724000000;1.3916000000;-1.4700000000;-0.6125000000;0.0000000000;-45.0625000000;2.0000000000;-23.0000000000
9.5256000000;0.4410000000;1.2250000000;0.6125000000;1.2250000000;-0.1225000000;-44.2500000000;1.1875000000;-21.8750000000
9.4374000000;0.2744000000;1.6072000000;-0.2450000000;0.1837500000;2.2662500000;-44.6875000000;2.0000000000;-21.8750000000
9.4472000000;0.4116000000;1.5190000000;2.9400000000;-0.5512500000;-0.1837500000;-44.6875000000;2.0000000000;-21.8750000000
9.3198000000;0.1960000000;1.6366000000;-1.0412500000;-0.8575000000;0.1837500000;-44.6875000000;1.1875000000;-23.0000000000
9.4472000000;0.3430000000;1.4406000000;0.7962500000;-1.1025000000;-0.3675000000;-45.0625000000;1.5625000000;-23.3750000000
9.3688000000;0.1274000000;1.4504000000;0.6737500000;0.0612500000;-0.6737500000;-44.2500000000;0.7500000000;-22.1875000000
9.3688000000;0.3430000000;1.4308000000;-1.8375000000;-0.2450000000;0.4900000000;-44.6875000000;1.1875000000;-23.3750000000
9.4668000000;0.2940000000;1.4504000000;1.0412500000;-0.4900000000;-0.3062500000;-44.6875000000;1.1875000000;-23.3750000000
9.3786000000;0.3920000000;1.4406000000;-2.6337500000;-0.6737500000;0.4287500000;-45.5000000000;1.5625000000;-23.0000000000
9.3982000000;0.2842000000;1.2054000000;0.7962500000;-1.3475000000;-0.1837500000;-45.0625000000;1.5625000000;-23.0000000000
9.3394000000;0.6174000000;1.2642000000;0.4900000000;2.2662500000;0.7350000000;-45.5000000000;1.5625000000;-21.8750000000
9.3884000000;-0.0098000000;1.4406000000;-2.5112500000;3.8587500000;2.3887500000;-45.0625000000;1.5625000000;-22.1875000000
9.3688000000;0.2450000000;2.0874000000;1.3475000000;2.2662500000;-2.2662500000;-45.0625000000;1.5625000000;-22.1875000000
9.4766000000;0.5194000000;1.3916000000;-1.0412500000;-2.5725000000;0.8575000000;-45.0625000000;1.1875000000;-23.0000000000
9.4962000000;0.1176000000;1.4406000000;1.0412500000;2.6950000000;-0.6125000000;-45.5000000000;0.7500000000;-22.5625000000
9.3884000000;0.4410000000;1.8228000000;1.5925000000;-2.7562500000;0.6737500000;-45.0625000000;0.5000000000;-22.5625000000
9.4668000000;0.1960000000;1.2838000000;0.0000000000;-1.8987500000;0.5512500000;-45.0625000000;1.5625000000;-23.0000000000
9.2316000000;0.4410000000;1.6170000000;0.9800000000;0.9187500000;-1.2250000000;-45.0625000000;1.5625000000;-23.0000000000
9.4276000000;0.3822000000;1.2250000000;-1.4700000000;-1.2250000000;1.5312500000;-45.0625000000;2.0000000000;-23.3750000000
9.3296000000;0.1568000000;1.7934000000;-1.4087500000;3.4300000000;-0.6125000000;-45.0625000000;0.7500000000;-22.5625000000
9.3884000000;0.5684000000;1.5484000000;4.4100000000;-2.9400000000;0.1837500000;-44.2500000000;2.0000000000;-22.1875000000
9.4668000000;-0.0392000000;1.4406000000;-3.2462500000;1.1025000000;1.0412500000;-44.6875000000;1.1875000000;-22.1875000000
9.4472000000;0.4214000000;1.6562000000;3.9812500000;-1.8987500000;-2.3887500000;-44.6875000000;1.1875000000;-22.1875000000
9.4962000000;0.2744000000;1.1564000000;-2.5725000000;-2.8175000000;2.5725000000;-45.0625000000;0.7500000000;-23.0000000000
9.2708000000;0.2352000000;1.6856000000;2.0212500000;0.4900000000;-2.2050000000;-45.5000000000;1.5625000000;-23.3750000000
9.3688000000;0.6958000000;1.0682000000;0.4900000000;-2.2662500000;1.7150000000;-44.6875000000;0.7500000000;-21.8750000000
9.2904000000;0.1372000000;0.6664000000;-3.3687500000;4.3487500000;3.6750000000;-45.0625000000;0.5000000000;-21.8750000000
9.1238000000;0.2156000000;0.4606000000;0.9187500000;12.4950000000;-0.3062500000;-45.0625000000;0.5000000000;-21.8750000000
8.9964000000;0.0294000000;0.5684000000;2.0825000000;21.4375000000;-4.9000000000;-44.2500000000;1.1875000000;-22.5625000000
8.7906000000;0.1274000000;0.0000000000;21.0700000000;28.7875000000;-10.4737500000;-44.2500000000;1.1875000000;-23.0000000000
8.5652000000;0.1862000000;-1.7444000000;-1.0412500000;51.8175000000;-6.0637500000;-43.1875000000;0.7500000000;-24.5625000000
8.4476000000;-0.7644000000;1.2152000000;-1.8987500000;87.2200000000;-18.9875000000;-43.5625000000;0.0625000000;-24.8750000000
7.8400000000;1.1564000000;2.7538000000;30.1962500000;72.2750000000;-28.5425000000;-43.5625000000;0.0625000000;-24.8750000000
8.7416000000;1.5190000000;1.0486000000;0.6737500000;86.3625000000;-14.4550000000;-40.5625000000;-1.3750000000;-28.5000000000
7.8106000000;1.1172000000;5.1842000000;-24.0712500000;102.7162500000;-18.8037500000;-39.8750000000;-2.5000000000;-31.6875000000
7.8400000000;1.8718000000;3.7730000000;-26.0925000000;81.0950000000;-2.5725000000;-36.1875000000;-2.5000000000;-33.5625000000
7.8204000000;-0.5880000000;3.5672000000;-26.5825000000;102.3487500000;5.2675000000;-34.3750000000;-1.6875000000;-37.1875000000
6.3504000000;1.1662000000;6.0564000000;1.2250000000;93.1612500000;-12.6175000000;-34.3750000000;-1.6875000000;-37.1875000000
6.7032000000;0.8134000000;4.7138000000;-48.0812500000;121.4587500000;6.9825000000;-31.0000000000;-1.6875000000;-40.7500000000
5.5174000000;-0.8918000000;8.1242000000;-24.5000000000;111.9037500000;-11.4537500000;-26.6875000000;-1.6875000000;-41.0000000000
6.3406000000;0.9996000000;5.1058000000;-17.9462500000;105.5950000000;-3.5525000000;-22.0625000000;-0.1875000000;-44.6875000000
3.4398000000;-0.5684000000;11.0446000000;-35.0350000000;152.8187500000;-15.3125000000;-22.0625000000;-0.1875000000;-44.6875000000
4.7040000000;0.7644000000;7.3010000000;-5.9412500000;100.3275000000;-9.6162500000;-17.6875000000;0.5000000000;-46.2500000000
2.9008000000;0.3626000000;11.3092000000;-35.9537500000;145.5300000000;-11.8212500000;-12.8750000000;1.5625000000;-46.6875000000
3.5378000000;-0.0490000000;9.1042000000;-86.0562500000;74.2962500000;4.5325000000;-7.2500000000;2.0625000000;-48.6875000000
2.9106000000;-2.1364000000;11.0348000000;30.2575000000;113.7412500000;3.0012500000;-2.7500000000;4.6875000000;-49.3750000000
1.7836000000;1.6660000000;12.3480000000;40.4862500000;89.6087500000;-17.1500000000;-2.7500000000;4.6875000000;-49.3750000000
2.4598000000;0.5194000000;9.1728000000;-58.8000000000;82.5650000000;24.6225000000;1.5625000000;4.6875000000;-49.3750000000
0.2156000000;-1.5778000000;13.9160000000;-3.3687500000;104.3087500000;19.9675000000;4.5000000000;3.1875000000;-49.3750000000
1.2250000000;0.6566000000;10.6918000000;30.7475000000;13.2300000000;9.0650000000;9.0000000000;4.6875000000;-48.5000000000
0.8232000000;-1.7542000000;10.5350000000;-11.7600000000;33.9325000000;6.8600000000;11.5625000000;4.6875000000;-49.0000000000
0.0686000000;-0.0490000000;12.6126000000;22.7237500000;7.8400000000;-5.8187500000;11.5625000000;4.6875000000;-49.0000000000
1.0976000000;-0.0980000000;8.8396000000;-6.0025000000;-16.5987500000;2.7562500000;11.7500000000;4.2500000000;-48.5625000000
0.6468000000;-0.4998000000;10.1626000000;-4.7162500000;-1.6537500000;-0.1837500000;13.2500000000;2.7500000000;-48.5625000000
1.0976000000;-0.0980000000;9.0062000000;3.7362500000;-18.1300000000;-3.8587500000;12.5625000000;3.5625000000;-47.7500000000
1.0486000000;-0.2548000000;9.1826000000;-5.2675000000;-0.3062500000;-0.3675000000;11.7500000000;3.1875000000;-48.5625000000
0.8330000000;-0.2842000000;9.8686000000;-9.8000000000;-1.5312500000;-0.8575000000;11.7500000000;3.1875000000;-48.5625000000
1.0976000000;-0.4018000000;9.4080000000;-10.1062500000;-4.7775000000;0.3062500000;11.0625000000;3.1875000000;-47.7500000000
1.0388000000;-0.4606000000;9.5452000000;1.9600000000;-1.3475000000;1.1637500000;11.0625000000;3.8750000000;-49.0000000000
1.0290000000;-0.5782000000;9.7902000000;-0.8575000000;-0.4287500000;0.4287500000;11.7500000000;3.8750000000;-49.0000000000
1.0192000000;-0.5782000000;9.8196000000;-2.1437500000;-6.9212500000;-1.5925000000;11.7500000000;4.6875000000;-47.7500000000
1.2936000000;-0.0882000000;8.8984000000;0.1225000000;-5.3900000000;-1.9600000000;11.7500000000;4.6875000000;-47.7500000000
0.9898000000;-0.3724000000;9.7412000000;-1.8375000000;2.0825000000;-1.4087500000;11.3750000000;4.2500000000;-47.7500000000
1.1662000000;-0.2842000000;9.5354000000;0.4287500000;-2.5112500000;-0.1225000000;10.6875000000;3.8750000000;-48.5625000000
1.1368000000;-0.4116000000;9.6628000000;-1.7762500000;0.1225000000;1.0412500000;11.0625000000;3.8750000000;-49.0000000000
1.1662000000;-0.5194000000;9.6432000000;0.3675000000;-3.4912500000;0.3675000000;11.0625000000;3.8750000000;-48.5625000000
1.2348000000;-0.4410000000;9.3786000000;2.2050000000;-3.5525000000;-1.3475000000;11.0625000000;3.8750000000;-48.5625000000
1.1956000000;-0.3920000000;9.4374000000;3.5525000000;-0.9187500000;-0.7962500000;10.3750000000;4.6875000000;-47.7500000000
1.2642000000;-0.3626000000;9.1728000000;-0.2450000000;-1.8987500000;-1.1637500000;10.6875000000;4.2500000000;-48.1875000000
1.2054000000;-0.3234000000;9.4570000000;0.8575000000;5.3287500000;-1.1637500000;10.6875000000;5.0000000000;-48.5625000000
1.1368000000;-0.1666000000;9.6530000000;1.2250000000;1.1025000000;0.4900000000;10.6875000000;4.6875000000;-47.7500000000
1.1956000000;-0.3332000000;9.4472000000;-2.6337500000;1.2250000000;0.1837500000;10.6875000000;4.6875000000;-47.7500000000
1.0780000000;-0.4018000000;9.7902000000;1.8375000000;2.7562500000;0.2450000000;10.6875000000;3.8750000000;-49.2500000000
1.2054000000;-0.4900000000;9.8294000000;-0.8575000000;-0.7962500000;0.1837500000;11.3750000000;3.1875000000;-48.1875000000
1.1270000000;-0.3136000000;10.2900000000;2.2662500000;-1.9600000000;-0.7350000000;10.6875000000;3.8750000000;-48.5625000000
0.9800000000;-0.5978000000;11.5346000000;3.6137500000;-7.6562500000;-0.9187500000;10.6875000000;3.8750000000;-48.1875000000
1.4994000000;-0.0686000000;10.7114000000;12.7400000000;-26.4600000000;0.1225000000;10.6875000000;3.8750000000;-48.1875000000
1.1858000000;-0.4998000000;12.1128000000;6.5537500000;-26.7050000000;2.7562500000;10.6875000000;4.2500000000;-49.0000000000
1.4504000000;-0.1568000000;12.4558000000;-1.8987500000;-57.3912500000;1.8375000000;10.0000000000;3.8750000000;-48.1875000000
1.9796000000;-0.4214000000;11.3582000000;-21.8662500000;-83.6062500000;5.5125000000;7.6875000000;3.1875000000;-49.0000000000
2.4108000000;-0.9800000000;11.2602000000;-8.5137500000;-93.5287500000;3.3687500000;4.7500000000;4.2500000000;-49.6875000000
2.7244000000;-0.6958000000;10.9368000000;-3.4300000000;-109.7600000000;-2.8175000000;4.7500000000;4.2500000000;-49.6875000000
3.3320000000;-1.2740000000;9.8784000000;-2.2050000000;-120.2950000000;-6.1862500000;1.0625000000;5.0000000000;-48.5625000000
3.7142000000;0.0000000000;9.0062000000;19.2325000000;-127.2775000000;-11.8825000000;-3.2500000000;5.3750000000;-49.6875000000
4.4688000000;-0.4606000000;7.4970000000;0.1225000000;-134.9337500000;-5.6350000000;-8.8750000000;4.6875000000;-49.0000000000
4.6256000000;-0.6076000000;7.6146000000;14.4550000000;-122.0712500000;-9.3100000000;-14.0000000000;5.0000000000;-47.7500000000
5.2430000000;0.5488000000;6.0760000000;20.9475000000;-130.5237500000;-11.6375000000;-14.0000000000;5.0000000000;-47.7500000000
6.3602000000;-0.2058000000;4.0964000000;9.8000000000;-116.1300000000;-5.2062500000;-19.5625000000;5.0000000000;-44.5625000000
6.5660000000;0.8232000000;4.5080000000;26.7662500000;-101.6750000000;-9.3712500000;-24.7500000000;3.5625000000;-43.3750000000
7.1050000000;0.2450000000;4.1650000000;23.9487500000;-101.0625000000;-1.1637500000;-28.7500000000;3.1875000000;-40.2500000000
7.6538000000;0.5586000000;3.7828000000;20.6412500000;-87.2200000000;-2.3887500000;-31.3750000000;2.7500000000;-37.0625000000
7.8204000000;0.6174000000;3.3320000000;-9.0650000000;-95.6112500000;3.0625000000;-31.3750000000;2.7500000000;-37.0625000000
8.3202000000;0.3430000000;2.2442000000;0.7962500000;-98.0612500000;1.2862500000;-35.1875000000;2.0625000000;-35.8750000000
8.3006000000;0.0686000000;2.1658000000;11.1475000000;-92.3650000000;-4.4100000000;-37.2500000000;1.6875000000;-33.5000000000
8.9964000000;0.4214000000;0.8330000000;9.1262500000;-85.7500000000;-3.9200000000;-39.8750000000;2.0625000000;-30.0000000000
8.9670000000;0.4704000000;0.3822000000;-12.5562500000;-62.2300000000;-0.8575000000;-43.1875000000;1.6875000000;-28.0000000000
9.0062000000;0.6860000000;0.1372000000;-1.9600000000;-33.8100000000;1.5312500000;-43.1875000000;1.6875000000;-28.0000000000
8.9670000000;0.7546000000;0.2646000000;6.4312500000;-16.8437500000;-2.2662500000;-43.8750000000;2.0625000000;-24.7500000000
9.2120000000;0.9604000000;0.4900000000;6.4312500000;-8.2075000000;-0.1837500000;-44.5625000000;2.3750000000;-22.8750000000
9.1238000000;0.3724000000;1.6660000000;-2.9400000000;2.2050000000;3.9200000000;-45.3750000000;2.0625000000;-22.8750000000
9.3688000000;0.5292000000;1.4308000000;-2.3275000000;-2.7562500000;2.4500000000;-45.3750000000;2.0625000000;-22.8750000000
9.2904000000;0.2254000000;1.6072000000;0.9800000000;1.9600000000;0.6737500000;-45.0000000000;1.2500000000;-22.5000000000
9.2904000000;0.5586000000;1.6660000000;4.2875000000;-0.0612500000;-1.7150000000;-45.0000000000;2.7500000000;-22.8750000000
9.3002000000;0.4900000000;1.5582000000;0.0612500000;1.3475000000;0.7962500000;-44.1875000000;1.6875000000;-22.8750000000
9.3296000000;0.4508000000;1.5288000000;-1.0412500000;1.1025000000;1.1025000000;-45.0000000000;2.0625000000;-23.2500000000
9.5158000000;0.6664000000;1.3132000000;0.7350000000;0.0612500000;0.5512500000;-45.0000000000;2.0625000000;-23.2500000000
9.5158000000;0.2254000000;1.9012000000;-0.1225000000;4.7162500000;2.1437500000;-45.0000000000;2.3750000000;-22.8750000000
9.4570000000;0.4802000000;1.8032000000;-0.3675000000;-5.0225000000;0.5512500000;-44.5625000000;2.3750000000;-23.2500000000
9.4962000000;0.4410000000;0.6664000000;-0.8575000000;-8.3912500000;3.0625000000;-44.1875000000;2.3750000000;-21.7500000000
9.3688000000;0.1960000000;1.4308000000;3.3075000000;6.4925000000;-0.4287500000;-44.1875000000;2.0625000000;-22.5000000000
9.3296000000;0.3136000000;1.8522000000;16.4150000000;3.7975000000;-3.9812500000;-44.1875000000;2.0625000000;-22.5000000000
9.5060000000;0.5684000000;1.3818000000;9.0037500000;1.4087500000;-2.0825000000;-45.0000000000;2.3750000000;-23.6875000000
9.5060000000;0.3038000000;1.5092000000;-2.8787500000;4.4712500000;-0.3062500000;-44.1875000000;2.0625000000;-23.6875000000
9.4374000000;0.2842000000;1.9600000000;5.9412500000;0.3062500000;-3.8587500000;-44.1875000000;1.6875000000;-22.5000000000
9.3982000000;0.9604000000;1.4210000000;11.0862500000;-3.0625000000;-2.8787500000;-44.5625000000;1.6875000000;-23.6875000000
9.5844000000;0.4508000000;1.2642000000;-8.0237500000;2.3887500000;1.7150000000;-44.5625000000;1.6875000000;-23.6875000000
9.3002000000;0.5586000000;1.8816000000;2.0825000000;-0.6125000000;-1.7150000000;-44.5625000000;1.2500000000;-22.5000000000
9.3590000000;0.6762000000;1.1956000000;-5.5737500000;-0.9800000000;3.1237500000;-44.5625000000;1.2500000000;-23.2500000000
9.2022000000;0.3332000000;1.9306000000;-3.2462500000;6.4312500000;-1.9600000000;-45.0000000000;0.5625000000;-22.8750000000
9.5746000000;0.7448000000;1.4700000000;2.4500000000;0.3062500000;-0.1837500000;-44.5625000000;1.6875000000;-22.8750000000
9.4374000000;0.3724000000;1.8914000000;-2.5112500000;3.3687500000;0.1837500000;-44.5625000000;1.6875000000;-22.8750000000
9.3198000000;0.7252000000;1.7934000000;3.5525000000;-2.3275000000;-0.3062500000;-43.8750000000;1.2500000000;-22.8750000000
9.3786000000;0.4116000000;1.4896000000;-1.5312500000;-0.2450000000;1.2250000000;-44.1875000000;1.2500000000;-23.2500000000
9.3002000000;0.5390000000;1.5190000000;0.6125000000;0.7962500000;-0.1837500000;-45.0000000000;1.6875000000;-24.0000000000
9.3982000000;0.5488000000;1.4994000000;0.7350000000;2.2662500000;0.0000000000;-44.5625000000;0.8750000000;-24.5000000000
9.5452000000;0.4802000000;1.6366000000;1.0412500000;3.6137500000;0.9187500000;-44.5625000000;0.8750000000;-24.5000000000
9.4080000000;0.3724000000;1.8522000000;1.7762500000;1.5312500000;-0.6125000000;-44.5625000000;1.2500000000;-22.8750000000
9.4570000000;0.5978000000;1.7738000000;4.0425000000;0.0000000000;-1.5925000000;-44.5625000000;0.5625000000;-23.6875000000
9.3296000000;0.6566000000;1.8032000000;0.7350000000;-0.7350000000;-0.5512500000;-44.5625000000;1.6875000000;-23.6875000000
9.4570000000;0.5390000000;1.7640000000;0.4900000000;-0.4287500000;0.3675000000;-43.8750000000;1.2500000000;-22.8750000000
9.3296000000;0.5096000000;1.4896000000;-0.5512500000;-1.6537500000;1.7762500000;-43.8750000000;1.2500000000;-22.8750000000
9.3394000000;0.3038000000;1.5876000000;-2.1437500000;0.9800000000;0.9187500000;-44.5625000000;1.6875000000;-23.2500000000
9.3296000000;0.7252000000;1.8718000000;1.4700000000;0.5512500000;-1.2862500000;-44.1875000000;1.2500000000;-22.8750000000
9.4766000000;0.5488000000;1.6660000000;-1.4700000000;0.2450000000;1.5312500000;-45.0000000000;0.5625000000;-23.2500000000
9.3296000000;0.3822000000;1.5778000000;0.3675000000;-0.9800000000;0.4287500000;-44.5625000000;1.6875000000;-24.0000000000
9.3198000000;0.6174000000;1.5876000000;1.1025000000;0.2450000000;-1.0412500000;-44.5625000000;1.6875000000;-24.0000000000
9.4178000000;0.5880000000;1.8032000000;-0.3062500000;2.3887500000;0.1837500000;-43.8750000000;0.8750000000;-23.6875000000
9.4472000000;0.4214000000;1.8228000000;-0.1837500000;0.4900000000;0.7350000000;-44.5625000000;1.6875000000;-23.2500000000
9.3002000000;0.4704000000;1.8130000000;0.9800000000;-0.9800000000;0.0612500000;-44.5625000000;0.8750000000;-24.0000000000
9.4080000000;0.5782000000;1.4112000000;0.9800000000;-0.1837500000;0.9800000000;-43.8750000000;1.2500000000;-23.6875000000
9.2904000000;0.3920000000;2.0090000000;-0.9800000000;1.6537500000;-0.1837500000;-43.8750000000;1.2500000000;-23.6875000000
9.4472000000;0.5586000000;1.5582000000;0.6737500000;-2.5112500000;-0.0612500000;-43.5000000000;1.2500000000;-23.2500000000
9.3786000000;0.5096000000;1.4406000000;0.1225000000;0.4287500000;-0.6737500000;-43.5000000000;1.6875000000;-23.2500000000
9.3492000000;0.5488000000;1.7346000000;-2.4500000000;0.6125000000;0.0000000000;-44.1875000000;1.6875000000;-23.6875000000
9.4570000000;0.5390000000;1.6268000000;-0.7962500000;1.1637500000;0.6737500000;-44.5625000000;1.6875000000;-23.2500000000
9.3198000000;0.4508000000;1.9404000000;-0.8575000000;-0.2450000000;0.4900000000;-44.5625000000;1.6875000000;-23.2500000000
9.4374000000;0.4312000000;1.5680000000;0.5512500000;0.0000000000;-0.1225000000;-44.5625000000;1.6875000000;-23.2500000000
9.3590000000;0.4704000000;1.8032000000;-0.0612500000;1.3475000000;-0.1837500000;-44.1875000000;2.0625000000;-22.0625000000
9.4276000000;0.4508000000;1.6366000000;-0.4287500000;-0.9187500000;1.5312500000;-44.1875000000;2.0625000000;-23.6875000000
9.3296000000;0.4312000000;1.5190000000;-2.2662500000;-0.1225000000;0.9800000000;-43.8750000000;2.0625000000;-22.8750000000
9.3590000000;0.4312000000;1.8032000000;-0.7350000000;2.4500000000;-0.9187500000;-43.8750000000;2.0625000000;-22.8750000000
9.3296000000;0.5586000000;1.8816000000;-0.7962500000;-0.8575000000;0.1837500000;-44.5625000000;2.3750000000;-23.6875000000
9.4472000000;0.4606000000;1.5190000000;2.5112500000;1.1025000000;0.1225000000;-43.5000000000;1.6875000000;-23.6875000000
9.3688000000;0.5390000000;1.9600000000;-0.0612500000;0.1225000000;0.1225000000;-44.5625000000;1.2500000000;-23.6875000000
9.4864000000;0.4214000000;1.3426000000;0.3062500000;-2.2662500000;1.7762500000;-44.5625000000;1.2500000000;-23.6875000000
9.3394000000;0.2450000000;1.7640000000;-1.8987500000;1.3475000000;-0.2450000000;-43.8750000000;1.6875000000;-24.0000000000
9.3492000000;0.7938000000;1.5190000000;0.3062500000;-1.4087500000;-0.6125000000;-44.1875000000;2.0625000000;-23.6875000000
9.4374000000;0.2156000000;1.5876000000;-6.7375000000;3.8587500000;1.7762500000;-44.1875000000;2.7500000000;-23.2500000000
9.3884000000;0.6468000000;1.9110000000;0.9800000000;0.0000000000;-0.3062500000;-43.8750000000;2.0625000000;-23.2500000000
9.4962000000;0.3528000000;1.9208000000;-1.9600000000;0.5512500000;1.0412500000;-43.8750000000;2.0625000000;-23.2500000000
9.3198000000;0.4704000000;1.9894000000;3.4300000000;-2.1437500000;-1.2862500000;-44.1875000000;1.6875000000;-24.0000000000
9.3982000000;0.5684000000;1.3230000000;-2.8175000000;-3.7975000000;2.3887500000;-45.0000000000;1.6875000000;-23.6875000000
9.4374000000;0.1960000000;1.6072000000;-0.1837500000;1.6537500000;0.6737500000;-43.8750000000;1.2500000000;-24.0000000000
9.3198000000;0.6272000000;1.6758000000;3.6137500000;-0.6737500000;0.0000000000;-43.8750000000;2.0625000000;-23.6875000000
9.3982000000;0.0686000000;1.4406000000;-3.8587500000;0.6125000000;2.2050000000;-43.8750000000;2.0625000000;-23.6875000000
9.3394000000;0.4410000000;1.8522000000;1.2862500000;1.0412500000;-2.5725000000;-44.1875000000;1.6875000000;-23.2500000000
9.3884000000;0.7154000000;1.8620000000;2.2050000000;-0.3062500000;-0.6125000000;-44.5625000000;2.3750000000;-24.0000000000
9.4178000000;0.4410000000;1.4602000000;2.1437500000;-2.2050000000;0.1837500000;-44.5625000000;1.2500000000;-24.0000000000
9.3394000000;0.4704000000;1.5974000000;1.2862500000;0.5512500000;-0.5512500000;-44.5625000000;1.2500000000;-24.0000000000
9.3394000000;0.3038000000;1.8032000000;-2.4500000000;-0.4900000000;0.3675000000;-44.5625000000;2.0625000000;-23.6875000000
9.3590000000;0.4508000000;1.4406000000;2.6950000000;-0.3675000000;-1.1637500000;-44.1875000000;1.6875000000;-22.5000000000
9.2904000000;0.7252000000;1.4504000000;0.3675000000;1.6537500000;0.3062500000;-43.5000000000;1.6875000000;-23.2500000000
9.3786000000;0.2254000000;1.4994000000;-3.1237500000;4.7775000000;1.8375000000;-44.1875000000;2.3750000000;-22.5000000000
9.2316000000;0.4802000000;1.8522000000;2.2662500000;5.0225000000;-0.9800000000;-44.1875000000;2.3750000000;-22.5000000000
9.3002000000;0.5096000000;1.2740000000;-2.6950000000;3.1850000000;1.2862500000;-44.5625000000;1.6875000000;-22.5000000000
9.2806000000;0.2940000000;0.9702000000;-1.7762500000;8.8200000000;0.1837500000;-43.8750000000;2.0625000000;-24.0000000000
9.0748000000;0.4410000000;0.7742000000;13.1687500000;17.4562500000;-3.6750000000;-43.0625000000;1.6875000000;-24.5000000000
9.0552000000;-0.1078000000;0.3332000000;18.0687500000;30.2575000000;-7.3500000000;-43.5000000000;1.6875000000;-23.2500000000
8.4868000000;0.2450000000;0.2058000000;37.4850000000;47.1012500000;-15.3737500000;-43.5000000000;1.6875000000;-23.2500000000
8.2320000000;1.1074000000;-0.5782000000;23.1525000000;54.1450000000;-16.4762500000;-43.8750000000;1.1875000000;-25.1875000000
8.0948000000;0.0686000000;0.6468000000;13.0462500000;90.2212500000;-19.3550000000;-42.3750000000;-0.5000000000;-27.1875000000
7.2716000000;1.1662000000;3.1262000000;44.6512500000;105.6562500000;-32.1562500000;-40.1875000000;-1.2500000000;-30.0000000000
7.7518000000;2.5676000000;1.8032000000;-7.7787500000;99.1025000000;-18.2525000000;-38.0000000000;-4.1875000000;-33.5000000000
7.4186000000;-0.0196000000;4.3218000000;-61.3725000000;150.6137500000;-10.2287500000;-38.0000000000;-4.1875000000;-33.5000000000
6.4190000000;1.7248000000;6.3210000000;-22.4175000000;111.1075000000;-32.0950000000;-34.2500000000;-4.5625000000;-36.6875000000
6.4582000000;1.4994000000;4.9882000000;-24.0100000000;120.1112500000;-15.3125000000;-29.5000000000;-3.3750000000;-40.2500000000
4.3218000000;1.3818000000;9.2806000000;-71.7850000000;137.2612500000;-12.1887500000;-25.3750000000;-3.7500000000;-43.0000000000
5.2038000000;1.0290000000;7.3206000000;-78.4000000000;96.3462500000;9.4937500000;-20.2500000000;-2.0000000000;-45.7500000000
4.8902000000;-2.1364000000;8.4966000000;-55.0025000000;124.3375000000;14.2100000000;-20.2500000000;-2.0000000000;-45.7500000000
3.3516000000;0.8428000000;11.4464000000;52.4300000000;108.5350000000;-14.3937500000;-16.2500000000;1.2500000000;-47.0000000000
4.3708000000;1.6660000000;8.5750000000;-30.8087500000;80.4212500000;3.1237500000;-11.0000000000;3.1875000000;-48.5625000000
2.9988000000;-0.7644000000;11.7992000000;-7.3500000000;106.6975000000;2.1437500000;-6.8750000000;1.2500000000;-49.0000000000
3.2536000000;2.1854000000;9.9078000000;33.8100000000;58.6162500000;-1.9600000000;-3.1875000000;2.5000000000;-49.6875000000
3.2144000000;-0.3136000000;8.4966000000;-65.1700000000;81.8300000000;25.4800000000;-3.1875000000;2.5000000000;-49.6875000000
1.1662000000;-0.4018000000;13.4358000000;17.2112500000;79.0737500000;1.6537500000;-0.2500000000;1.0000000000;-49.7500000000
2.6950000000;1.9502000000;7.6930000000;16.3537500000;34.4837500000;11.8212500000;3.0625000000;3.6875000000;-49.0000000000
2.2736000000;-1.2544000000;8.6926000000;-84.1575000000;87.1587500000;11.0862500000;6.0000000000;2.1875000000;-48.5625000000
0.7350000000;-0.4018000000;11.8972000000;31.6050000000;32.8300000000;-4.8387500000;9.2500000000;4.0000000000;-48.1875000000
1.4994000000;0.4116000000;9.2316000000;9.8000000000;16.8437500000;6.5537500000;9.2500000000;4.0000000000;-48.1875000000
0.6762000000;-0.6958000000;11.4072000000;-12.4950000000;17.3337500000;4.6550000000;11.2500000000;3.6875000000;-48.5625000000
1.1172000000;0.1274000000;9.8980000000;-11.4537500000;-2.0212500000;2.8175000000;12.6875000000;3.2500000000;-49.0000000000
1.0192000000;-0.6566000000;9.6628000000;-22.5400000000;1.1637500000;5.0225000000;12.2500000000;2.8750000000;-48.5625000000
0.8134000000;-0.2940000000;9.9470000000;15.5575000000;0.9800000000;3.4300000000;11.8750000000;4.3750000000;-47.3750000000
0.9996000000;-0.0490000000;9.3688000000;-4.9612500000;-3.6750000000;3.9812500000;11.8750000000;4.3750000000;-47.3750000000
0.8918000000;-0.9212000000;9.7020000000;-3.8587500000;5.0225000000;1.2862500000;11.8750000000;4.0000000000;-47.0000000000
0.9898000000;-0.0784000000;9.7706000000;1.9600000000;-2.5112500000;-0.1837500000;12.6875000000;4.3750000000;-47.0000000000
1.0878000000;-0.3136000000;9.3982000000;-8.8812500000;-0.5512500000;1.4700000000;11.5000000000;4.0000000000;-48.1875000000
0.9506000000;-0.4802000000;9.7706000000;-1.3475000000;2.8787500000;-0.4900000000;11.5000000000;4.0000000000;-48.1875000000
1.0192000000;-0.2842000000;9.5354000000;-4.3487500000;-1.8375000000;1.8987500000;11.8750000000;4.7500000000;-48.5625000000
0.9408000000;-0.3822000000;9.6432000000;3.1237500000;0.4900000000;-0.3062500000;11.5000000000;4.0000000000;-47.7500000000
0.9702000000;-0.1666000000;9.3394000000;1.9600000000;-0.9800000000;0.9800000000;11.5000000000;4.7500000000;-48.5625000000
0.9800000000;-0.7546000000;9.3394000000;-5.3287500000;2.9400000000;1.8987500000;11.5000000000;4.3750000000;-48.5625000000
0.8428000000;-0.3038000000;9.9372000000;5.0837500000;4.9612500000;-2.6950000000;11.5000000000;4.3750000000;-48.5625000000
1.0584000000;-0.3528000000;9.3982000000;-1.2862500000;-1.1025000000;-0.9187500000;11.8750000000;4.0000000000;-47.7500000000
0.9800000000;-0.4312000000;9.6040000000;-1.3475000000;2.2662500000;-1.2250000000;11.8750000000;3.6875000000;-48.5000000000
0.9016000000;-0.1960000000;9.6334000000;4.8387500000;-0.3675000000;-1.8375000000;11.8750000000;4.7500000000;-48.5000000000
0.9800000000;-0.3038000000;9.3884000000;-2.1437500000;-0.0612500000;-0.6125000000;11.5000000000;4.3750000000;-47.7500000000
0.8036000000;-0.0980000000;9.9666000000;1.7762500000;1.1025000000;-0.5512500000;11.5000000000;4.3750000000;-47.7500000000
1.0290000000;-0.4214000000;9.3786000000;-6.9825000000;-3.2462500000;2.8175000000;12.6875000000;4.3750000000;-48.1875000000
0.8820000000;-0.5194000000;9.5942000000;3.6750000000;1.1025000000;1.1025000000;11.8750000000;4.0000000000;-47.7500000000
1.0388000000;-0.3332000000;9.3198000000;-0.3062500000;-1.7150000000;0.7350000000;12.2500000000;4.7500000000;-49.0000000000
1.0486000000;-0.5194000000;9.1826000000;-1.3475000000;1.2250000000;1.3475000000;11.5000000000;4.3750000000;-48.1875000000
0.7252000000;-0.4116000000;9.9960000000;1.9600000000;5.0837500000;-1.0412500000;11.5000000000;4.3750000000;-48.1875000000
0.9898000000;-0.3136000000;9.7412000000;-0.1837500000;-1.1637500000;-1.1025000000;12.2500000000;4.0000000000;-47.7500000000
0.9506000000;-0.3332000000;9.6334000000;-2.1437500000;-0.4287500000;0.4287500000;11.5000000000;4.0000000000;-49.0000000000
0.8722000000;-0.5684000000;9.5746000000;-4.3487500000;-1.7762500000;1.3475000000;13.0000000000;4.7500000000;-48.1875000000
0.9114000000;-0.4116000000;9.8196000000;3.0625000000;-1.2862500000;0.0612500000;11.5000000000;4.7500000000;-47.7500000000
0.9114000000;-0.5880000000;10.0646000000;0.1837500000;-3.3687500000;0.7350000000;11.5000000000;4.7500000000;-47.7500000000
1.0388000000;-0.7742000000;10.9760000000;6.0025000000;-6.6762500000;-1.7762500000;12.6875000000;4.7500000000;-48.5000000000
1.0388000000;-0.0098000000;11.1230000000;11.3312500000;-19.9675000000;-1.4087500000;11.8750000000;4.7500000000;-47.0000000000
1.0290000000;-0.8526000000;11.6326000000;-5.9412500000;-28.0525000000;0.6737500000;10.7500000000;3.6875000000;-48.5625000000
1.3524000000;-0.2058000000;11.1328000000;10.9025000000;-43.1812500000;-2.8175000000;10.0625000000;4.3750000000;-49.0000000000
1.3426000000;-0.5390000000;12.4166000000;-4.5325000000;-43.6100000000;1.1637500000;10.0625000000;4.3750000000;-49.0000000000
1.9012000000;-0.6370000000;11.8776000000;-10.7800000000;-75.0925000000;-5.5125000000;7.7500000000;4.0000000000;-47.7500000000
2.1560000000;-0.3528000000;11.0936000000;1.1025000000;-93.1000000000;-3.0012500000;6.3750000000;4.0000000000;-49.2500000000
2.3520000000;-0.2940000000;11.0446000000;10.4737500000;-105.4112500000;-3.7362500000;3.0000000000;4.7500000000;-49.6875000000
3.1262000000;-0.4606000000;9.0356000000;-0.4900000000;-122.4387500000;-4.9000000000;-1.0000000000;5.0625000000;-49.0000000000
3.4398000000;-0.5488000000;8.6632000000;7.1662500000;-120.4787500000;-5.2062500000;-1.0000000000;5.0625000000;-49.0000000000
4.0964000000;-0.0294000000;7.6440000000;3.6750000000;-129.4825000000;-10.4125000000;-5.7500000000;5.0625000000;-50.1875000000
4.7138000000;-0.3136000000;6.6248000000;0.9187500000;-120.0500000000;-7.7787500000;-10.5000000000;4.7500000000;-47.2500000000
5.2822000000;-0.2156000000;6.1936000000;23.7037500000;-118.2125000000;-11.3925000000;-16.5000000000;5.0625000000;-46.0625000000
6.1544000000;0.6174000000;4.4884000000;34.3000000000;-110.6175000000;-7.1050000000;-21.6875000000;5.5000000000;-45.3750000000
6.6836000000;0.6664000000;4.4590000000;24.6837500000;-91.5687500000;-6.3087500000;-21.6875000000;5.5000000000;-45.3750000000
7.3990000000;0.9604000000;3.7730000000;0.0612500000;-84.3412500000;-1.7150000000;-25.7500000000;3.6875000000;-43.3750000000
7.8106000000;0.4214000000;3.1360000000;-12.1887500000;-80.5437500000;2.9400000000;-29.0000000000;2.8750000000;-40.6875000000
8.1242000000;0.1862000000;2.8812000000;-7.2887500000;-59.8412500000;-3.9200000000;-31.8750000000;2.5000000000;-37.8750000000
8.1242000000;0.4802000000;3.3026000000;12.6787500000;-62.5975000000;-6.1250000000;-34.1875000000;2.8750000000;-36.2500000000
8.4966000000;0.8918000000;2.4206000000;9.2487500000;-59.9637500000;-3.0012500000;-34.1875000000;2.8750000000;-36.2500000000
8.4476000000;0.5488000000;2.9106000000;-20.2737500000;-51.3887500000;-0.7350000000;-35.5625000000;2.1875000000;-33.5000000000
8.8200000000;0.6664000000;2.2246000000;-27.2562500000;-50.0412500000;-4.2875000000;-37.5625000000;2.8750000000;-31.1875000000
8.8592000000;0.5586000000;2.3520000000;9.6162500000;-36.5662500000;-1.2250000000;-39.0000000000;2.5000000000;-30.3750000000
9.1728000000;1.1858000000;1.7346000000;25.1125000000;-21.4375000000;3.0012500000;-41.2500000000;2.8750000000;-29.5625000000
9.1336000000;0.5096000000;1.9404000000;0.1225000000;-10.5350000000;10.5962500000;-41.2500000000;2.8750000000;-29.5625000000
9.1532000000;0.1862000000;2.3716000000;1.1025000000;-8.5137500000;7.2275000000;-41.2500000000;2.5000000000;-28.3750000000
9.3394000000;0.1666000000;2.1854000000;7.7175000000;-4.9612500000;4.0425000000;-42.0000000000;3.2500000000;-28.3750000000
9.0944000000;0.4704000000;2.7538000000;3.0625000000;-4.5325000000;1.5312500000;-41.6875000000;3.2500000000;-27.1875000000
9.2414000000;0.1470000000;2.7538000000;-2.2662500000;-10.0450000000;4.1650000000;-42.3750000000;3.6875000000;-27.5625000000
9.3198000000;0.1372000000;2.2344000000;-0.9800000000;-6.9825000000;1.8987500000;-42.3750000000;3.6875000000;-27.5625000000
9.1924000000;0.4410000000;2.3226000000;2.2662500000;-3.9200000000;-0.0612500000;-42.0000000000;3.6875000000;-28.7500000000
9.3786000000;0.4018000000;2.4402000000;0.4287500000;-3.4300000000;3.2462500000;-41.8750000000;3.6875000000;-26.7500000000
9.3198000000;0.1078000000;2.3618000000;3.0625000000;-1.6537500000;0.9187500000;-42.2500000000;4.0000000000;-27.5625000000
9.2022000000;0.4410000000;2.5088000000;-0.7350000000;-8.5137500000;1.0412500000;-42.2500000000;2.8750000000;-27.1875000000
9.5550000000;0.0686000000;1.6072000000;1.5925000000;1.4700000000;0.2450000000;-42.2500000000;2.8750000000;-27.1875000000
9.1434000000;0.3528000000;2.5480000000;1.8987500000;0.5512500000;-2.5725000000;-42.2500000000;3.6875000000;-27.1875000000
9.4374000000;0.2254000000;1.8424000000;-2.9400000000;3.4912500000;1.0412500000;-43.0000000000;4.3750000000;-26.0000000000
9.0944000000;0.2254000000;3.0674000000;1.7150000000;5.1450000000;-2.6337500000;-43.3750000000;3.6875000000;-26.3750000000
9.3100000000;0.7546000000;2.1462000000;3.6750000000;-6.0025000000;0.9187500000;-43.3750000000;3.6875000000;-26.3750000000
9.2414000000;-0.0196000000;2.2442000000;-4.1037500000;2.1437500000;1.7762500000;-42.2500000000;3.6875000000;-27.1875000000
9.3198000000;0.6664000000;2.1070000000;1.5925000000;-2.4500000000;-0.5512500000;-42.5625000000;2.8750000000;-26.0000000000
9.3884000000;0.2156000000;2.2246000000;-1.5312500000;2.7562500000;2.6337500000;-43.0000000000;4.0000000000;-25.1875000000
9.1532000000;0.1470000000;2.8028000000;3.6750000000;0.4900000000;-0.0612500000;-42.5625000000;4.0000000000;-26.3750000000
9.3198000000;0.5390000000;2.1756000000;0.1225000000;-5.4512500000;1.3475000000;-42.5625000000;4.0000000000;-26.3750000000
9.2414000000;0.1470000000;2.3324000000;0.0000000000;1.8375000000;0.3675000000;-41.5625000000;3.5625000000;-26.0000000000
9.1630000000;0.5194000000;2.2344000000;4.4712500000;-2.5725000000;0.4900000000;-42.5625000000;2.8750000000;-26.3750000000
9.3394000000;-0.0980000000;2.1756000000;-6.4312500000;-1.0412500000;3.1850000000;-42.2500000000;3.2500000000;-25.1875000000
9.2316000000;0.2842000000;2.5088000000;3.1237500000;1.0412500000;-2.3275000000;-42.5625000000;3.6875000000;-25.6875000000
9.3100000000;0.4704000000;2.1952000000;-3.3075000000;-3.8587500000;0.4900000000;-42.5625000000;3.6875000000;-25.6875000000
9.3296000000;0.1666000000;2.2050000000;1.2250000000;2.5112500000;0.2450000000;-42.5625000000;3.6875000000;-26.0000000000
9.2610000000;0.4312000000;2.2246000000;2.8787500000;-1.0412500000;-0.7350000000;-42.5625000000;4.0000000000;-25.6875000000
9.3982000000;0.1862000000;2.1364000000;-2.5725000000;0.4900000000;0.9800000000;-42.5625000000;3.2500000000;-26.0000000000
9.2218000000;0.2254000000;2.5186000000;0.6125000000;0.8575000000;-1.9600000000;-43.0000000000;3.2500000000;-25.6875000000
9.3198000000;0.5194000000;2.2050000000;-1.0412500000;-1.9600000000;0.6125000000;-43.0000000000;3.2500000000;-25.6875000000
9.3296000000;0.1176000000;2.1952000000;2.7562500000;3.3075000000;0.5512500000;-42.2500000000;4.0000000000;-26.3750000000
9.3394000000;0.3724000000;2.2540000000;1.6537500000;-2.2662500000;1.6537500000;-43.0000000000;4.0000000000;-27.1875000000
9.3394000000;0.1568000000;1.9698000000;-0.3062500000;0.3062500000;0.9800000000;-42.2500000000;3.5625000000;-25.1875000000
9.1238000000;0.5194000000;2.4010000000;5.7575000000;2.6950000000;-2.1437500000;-43.0000000000;3.5625000000;-25.1875000000
9.3688000000;0.1078000000;2.3128000000;-2.1437500000;0.2450000000;1.5925000000;-43.0000000000;3.5625000000;-25.1875000000
9.3198000000;0.0196000000;2.4794000000;1.5925000000;1.8375000000;-1.2862500000;-42.2500000000;2.7500000000;-27.1875000000
9.3100000000;0.6076000000;2.1952000000;0.7350000000;-3.0012500000;-0.3062500000;-41.8750000000;4.0000000000;-26.0000000000
9.3394000000;0.0588000000;2.1854000000;-1.0412500000;0.9800000000;1.6537500000;-43.3750000000;3.2500000000;-26.3750000000
9.0944000000;0.4018000000;2.5088000000;2.2050000000;0.1837500000;-0.1225000000;-42.5625000000;3.2500000000;-26.3750000000
9.2610000000;0.1176000000;2.3422000000;-4.9000000000;-1.2250000000;1.4087500000;-42.5625000000;3.2500000000;-26.3750000000
9.2806000000;0.2744000000;2.1070000000;1.1025000000;-0.0612500000;-1.4087500000;-43.0000000000;2.8750000000;-26.3750000000
9.2120000000;0.4704000000;2.3618000000;1.1025000000;0.9800000000;-0.4287500000;-42.5625000000;3.2500000000;-25.1875000000
9.3198000000;0.3822000000;2.1462000000;0.4287500000;-0.1225000000;0.9187500000;-42.5625000000;3.2500000000;-24.7500000000
9.2904000000;0.0196000000;2.2638000000;0.9800000000;1.8375000000;2.1437500000;-42.5625000000;4.0000000000;-25.1875000000
9.2316000000;0.1764000000;2.4010000000;0.1837500000;-0.0612500000;0.0000000000;-42.5625000000;4.0000000000;-25.1875000000
9.3688000000;0.3136000000;2.1462000000;-2.0825000000;-0.1225000000;0.1837500000;-41.8750000000;3.6875000000;-26.0000000000
9.2708000000;0.3332000000;2.4108000000;0.4900000000;2.9400000000;0.0000000000;-42.2500000000;4.0000000000;-26.7500000000
9.2806000000;0.1764000000;2.5578000000;-0.8575000000;-1.3475000000;1.1025000000;-41.8750000000;3.6875000000;-25.6875000000
9.2806000000;0.1666000000;2.0384000000;-0.1837500000;-1.0412500000;-0.3062500000;-41.8750000000;3.6875000000;-26.7500000000
9.2218000000;0.4704000000;2.1168000000;-0.8575000000;-0.0612500000;-0.2450000000;-41.8750000000;3.6875000000;-26.7500000000
9.3198000000;0.1568000000;2.3128000000;-3.1237500000;1.5925000000;0.6737500000;-43.0000000000;3.6875000000;-26.3750000000
9.2904000000;0.3136000000;2.4794000000;4.2875000000;1.5312500000;-1.8987500000;-42.2500000000;4.0000000000;-26.3750000000
9.3296000000;0.3822000000;2.1364000000;-0.9800000000;-0.7962500000;1.1637500000;-43.0000000000;4.0000000000;-26.0000000000
9.3002000000;0.0098000000;2.1854000000;-0.9187500000;0.9187500000;-0.1225000000;-42.2500000000;4.0000000000;-26.0000000000
9.2904000000;0.3528000000;2.4500000000;1.4700000000;0.7350000000;-0.9187500000;-42.2500000000;4.0000000000;-26.0000000000
9.3590000000;0.3136000000;2.3618000000;-1.0412500000;-1.9600000000;-0.0612500000;-43.7500000000;4.0000000000;-26.3750000000
9.3002000000;0.2940000000;2.0972000000;0.4900000000;-1.3475000000;-0.4287500000;-41.8750000000;4.0000000000;-27.5625000000
9.2414000000;0.1568000000;2.1070000000;0.3675000000;0.9800000000;-0.2450000000;-41.8750000000;4.0000000000;-26.0000000000
9.2414000000;0.2646000000;2.3324000000;-2.0825000000;0.4900000000;0.1837500000;-42.2500000000;4.0000000000;-25.6875000000
9.2120000000;0.3038000000;2.5284000000;-0.0612500000;-0.1225000000;0.0000000000;-42.2500000000;4.0000000000;-25.6875000000
9.3100000000;0.4508000000;1.9992000000;1.3475000000;0.5512500000;0.4900000000;-42.5625000000;4.0000000000;-26.7500000000
9.3002000000;0.2842000000;2.0776000000;1.5312500000;3.4912500000;1.7150000000;-43.0000000000;3.6875000000;-26.0000000000
9.1728000000;0.0098000000;3.0870000000;3.0625000000;1.7150000000;-1.2862500000;-42.2500000000;2.8750000000;-26.0000000000
9.3688000000;0.2940000000;2.2932000000;0.0612500000;-6.0025000000;0.6737500000;-42.2500000000;4.0000000000;-26.3750000000
9.3394000000;0.0882000000;1.7640000000;-0.4900000000;1.1637500000;-0.2450000000;-42.2500000000;4.0000000000;-26.3750000000
9.1728000000;0.2254000000;2.4892000000;2.5112500000;2.4500000000;-1.4700000000;-42.2500000000;4.0000000000;-26.7500000000
9.3100000000;0.2744000000;2.4206000000;-3.4912500000;-1.0412500000;0.6737500000;-43.3750000000;3.2500000000;-25.6875000000
9.2120000000;0.2254000000;2.5088000000;0.4900000000;1.5925000000;-1.2250000000;-43.0000000000;3.6875000000;-27.1875000000
9.3492000000;0.4410000000;2.4304000000;0.5512500000;-2.4500000000;-0.2450000000;-43.0000000000;3.6875000000;-27.1875000000
9.2806000000;0.0784000000;2.1364000000;-0.9800000000;-2.8787500000;0.7962500000;-42.2500000000;3.6875000000;-27.1875000000
9.3198000000;0.2254000000;1.8326000000;4.6550000000;-0.7962500000;-1.1025000000;-43.3750000000;3.2500000000;-26.3750000000
9.2708000000;0.3136000000;2.2246000000;-1.5312500000;0.6125000000;0.0000000000;-42.5625000000;3.6875000000;-26.3750000000
9.2806000000;0.0980000000;2.3520000000;-2.1437500000;0.9800000000;0.1837500000;-42.5625000000;3.6875000000;-27.1875000000
9.2512000000;0.5292000000;2.5774000000;2.5725000000;-1.0412500000;-1.7150000000;-42.5625000000;3.6875000000;-27.1875000000
9.3198000000;0.2744000000;2.1364000000;-3.0012500000;-2.2662500000;1.7762500000;-43.0000000000;2.8750000000;-26.0000000000
9.2610000000;0.2156000000;2.1560000000;4.3487500000;-0.6737500000;-0.2450000000;-42.5625000000;3.2500000000;-26.0000000000
9.2708000000;0.2156000000;2.2834000000;-1.2250000000;-0.8575000000;0.7962500000;-43.0000000000;4.0000000000;-26.3750000000
9.3002000000;0.1666000000;2.0384000000;0.7962500000;-0.4287500000;-0.9187500000;-42.5625000000;3.6875000000;-26.0000000000
9.2806000000;0.2940000000;2.3618000000;-1.2250000000;0.5512500000;-0.0612500000;-42.5625000000;3.6875000000;-26.0000000000
9.3688000000;0.0784000000;2.0286000000;-1.0412500000;-0.6737500000;-0.3062500000;-43.3750000000;4.3750000000;-27.1875000000
9.2218000000;0.4704000000;1.7444000000;2.1437500000;2.2662500000;-1.8987500000;-43.3750000000;3.2500000000;-26.3750000000
9.2022000000;0.3332000000;1.4602000000;-3.9812500000;5.5125000000;0.0612500000;-42.5625000000;3.2500000000;-26.3750000000
9.1434000000;0.1470000000;1.6954000000;4.5325000000;13.9650000000;-1.7150000000;-42.5625000000;3.6875000000;-26.0000000000
8.9768000000;0.3136000000;1.4994000000;15.0062500000;17.6400000000;-3.5525000000;-42.5625000000;3.6875000000;-26.0000000000
9.1140000000;-0.0098000000;0.7350000000;-2.2050000000;26.2150000000;-4.2262500000;-42.2500000000;3.6875000000;-27.5625000000
8.7808000000;-0.1372000000;1.3720000000;26.4600000000;49.2450000000;-13.5362500000;-42.2500000000;2.8750000000;-27.5625000000
8.3496000000;0.9996000000;1.0780000000;49.0000000000;56.1662500000;-20.2737500000;-40.7500000000;2.1875000000;-29.1875000000
8.2614000000;1.4994000000;-0.3332000000;8.4525000000;79.9925000000;-16.9662500000;-39.2500000000;0.6875000000;-30.7500000000
7.1442000000;0.8232000000;2.2638000000;-19.2937500000;116.9875000000;-11.6375000000;-39.2500000000;0.6875000000;-30.7500000000
7.1638000000;0.7938000000;3.1948000000;19.2937500000;100.2050000000;-3.2462500000;-36.7500000000;-1.5000000000;-32.2500000000
6.7326000000;1.2740000000;5.1058000000;27.4400000000;123.5412500000;-6.8600000000;-34.5000000000;-0.5000000000;-37.1875000000
5.9388000000;2.6460000000;4.9784000000;-49.3062500000;107.1262500000;-2.2050000000;-30.0625000000;-1.5625000000;-39.5000000000
5.8310000000;-2.5284000000;7.3598000000;-83.1162500000;135.3625000000;22.4787500000;-26.3750000000;-1.5625000000;-43.5000000000
4.5178000000;1.2838000000;9.1532000000;32.7075000000;109.3312500000;-15.6187500000;-26.3750000000;-1.5625000000;-43.5000000000
5.8310000000;0.4900000000;7.4970000000;-8.6975000000;99.8987500000;5.2062500000;-21.3750000000;0.8750000000;-45.0625000000
3.6162000000;0.2744000000;11.8972000000;-52.4300000000;131.5650000000;-2.2662500000;-16.8750000000;0.5625000000;-46.2500000000
5.0078000000;1.5190000000;5.7428000000;-110.1887500000;47.7137500000;18.9262500000;-12.0000000000;0.5625000000;-48.2500000000
3.4006000000;-4.7040000000;10.4762000000;-52.8587500000;117.0487500000;32.9525000000;-9.0625000000;5.3750000000;-49.0625000000
2.9498000000;0.8036000000;10.3390000000;77.1137500000;70.4375000000;-8.2075000000;-9.0625000000;5.3750000000;-49.0625000000
2.6068000000;-1.2348000000;11.1818000000;-13.9650000000;85.1987500000;11.8825000000;-4.5625000000;7.5625000000;-49.7500000000
2.0482000000;-1.4994000000;12.8870000000;-35.0350000000;76.4400000000;-1.9600000000;-2.0000000000;4.2500000000;-49.7500000000
3.2732000000;-0.1960000000;8.1242000000;15.5575000000;22.4175000000;-0.3062500000;2.3750000000;6.0625000000;-48.5000000000
1.7934000000;-0.5880000000;11.8482000000;-5.1450000000;62.4750000000;1.0412500000;4.2500000000;5.7500000000;-48.5000000000
2.1756000000;-0.2254000000;9.7216000000;-34.6675000000;15.6187500000;3.2462500000;4.2500000000;5.7500000000;-48.5000000000
1.8620000000;-2.1952000000;9.8294000000;-32.8300000000;26.6437500000;6.4925000000;6.0625000000;6.5000000000;-48.5625000000
1.4112000000;-0.4998000000;10.5840000000;37.7300000000;22.8462500000;-0.6125000000;7.0000000000;7.2500000000;-49.6875000000
1.8816000000;-0.2940000000;8.0654000000;-6.7987500000;10.9637500000;6.3700000000;7.5625000000;7.2500000000;-49.6875000000
1.1466000000;-1.7738000000;10.3782000000;-13.8425000000;38.8937500000;6.6150000000;8.6875000000;6.5000000000;-48.3750000000
1.3230000000;-0.4312000000;9.9764000000;11.0250000000;12.2500000000;-1.8987500000;8.6875000000;6.5000000000;-48.3750000000
1.2838000000;-1.1466000000;9.5256000000;-13.9037500000;16.4150000000;2.3887500000;10.1875000000;7.2500000000;-48.8750000000
0.8722000000;-0.8918000000;10.1234000000;6.0637500000;17.4562500000;1.2862500000;10.8750000000;6.8750000000;-48.0625000000
0.9408000000;-1.2152000000;9.7608000000;-2.9400000000;7.2887500000;2.4500000000;12.0000000000;7.2500000000;-48.8750000000
0.7840000000;-1.4210000000;10.2018000000;-2.8787500000;9.8612500000;-0.5512500000;12.0000000000;7.5625000000;-48.0625000000
1.0584000000;-0.4410000000;9.4276000000;14.3325000000;-3.6750000000;-1.1637500000;12.0000000000;7.5625000000;-48.0625000000
0.9702000000;-1.2642000000;9.5060000000;-6.9212500000;2.6950000000;4.0425000000;12.0000000000;7.2500000000;-48.0625000000
0.7742000000;-1.2054000000;10.0646000000;3.9812500000;-0.1837500000;-1.1025000000;12.3750000000;7.5625000000;-47.6875000000
1.1074000000;-0.7840000000;9.2022000000;-1.1025000000;-5.2675000000;-1.1025000000;12.7500000000;7.2500000000;-47.2500000000
0.8722000000;-1.1172000000;9.7412000000;4.5325000000;2.0825000000;-0.1837500000;12.7500000000;6.0625000000;-48.3750000000
0.9996000000;-0.8134000000;9.5746000000;5.5125000000;-4.1650000000;1.6537500000;12.7500000000;6.0625000000;-48.3750000000
1.0192000000;-0.9702000000;9.3492000000;-5.6962500000;-1.1637500000;1.1025000000;12.0000000000;7.2500000000;-48.5000000000
0.9702000000;-0.9310000000;9.3002000000;-2.0212500000;-0.4900000000;0.4287500000;12.0000000000;6.8750000000;-48.0625000000
0.9996000000;-1.0388000000;9.4472000000;-4.2262500000;3.0012500000;0.7962500000;11.5625000000;7.2500000000;-48.3750000000
0.9408000000;-1.2054000000;9.7510000000;1.3475000000;-0.5512500000;-0.2450000000;12.3750000000;8.0000000000;-47.1875000000
1.0682000000;-0.9604000000;9.5158000000;-2.2050000000;-2.6337500000;-0.1225000000;12.3750000000;8.0000000000;-47.1875000000
0.9898000000;-0.9800000000;9.4766000000;-1.2862500000;0.8575000000;-0.0612500000;12.0000000000;6.8750000000;-47.6875000000
1.0290000000;-0.9898000000;9.3590000000;-2.0212500000;-0.5512500000;0.6737500000;12.3750000000;7.2500000000;-46.8750000000
0.9800000000;-1.0878000000;9.4472000000;-2.0825000000;1.5312500000;-0.5512500000;11.2500000000;6.5000000000;-47.6875000000
0.9604000000;-0.9408000000;9.6236000000;-0.0612500000;1.1025000000;-0.9187500000;12.0000000000;7.2500000000;-48.0625000000
1.0682000000;-1.0290000000;9.3492000000;-4.1650000000;-1.5925000000;1.2862500000;12.0000000000;7.2500000000;-48.0625000000
0.9506000000;-1.1172000000;9.6530000000;-1.2250000000;1.2862500000;-0.4287500000;12.0000000000;7.2500000000;-47.6875000000
1.0878000000;-0.9800000000;9.3492000000;0.9187500000;0.1837500000;0.0000000000;12.0000000000;8.0000000000;-48.0625000000
0.9604000000;-1.3132000000;9.8294000000;-0.7350000000;1.3475000000;-1.3475000000;11.5625000000;7.5625000000;-47.6875000000
0.7252000000;-1.1368000000;11.2014000000;9.7387500000;-5.0225000000;-2.6950000000;11.5625000000;7.5625000000;-47.6875000000
1.2446000000;-1.2642000000;10.2606000000;3.9200000000;-17.0887500000;-1.3475000000;12.3750000000;8.0000000000;-48.5000000000
0.7252000000;-0.9702000000;12.5832000000;37.2400000000;-23.8262500000;-8.3300000000;12.3750000000;7.5625000000;-48.0625000000
1.6856000000;-0.0294000000;10.0156000000;-0.2450000000;-51.2050000000;-3.7362500000;11.2500000000;6.8750000000;-46.8750000000
1.6758000000;-1.8424000000;11.6228000000;8.5750000000;-43.0587500000;-3.9200000000;10.1875000000;6.3750000000;-48.0625000000
1.6366000000;-0.2352000000;11.6228000000;26.1537500000;-72.4587500000;-5.5125000000;10.1875000000;6.3750000000;-48.0625000000
2.2344000000;-1.0290000000;10.8094000000;-16.1700000000;-75.8275000000;-4.2875000000;6.8750000000;6.0000000000;-48.3750000000
2.2246000000;-1.1956000000;11.6326000000;21.0087500000;-86.4237500000;-10.5350000000;4.5625000000;5.2500000000;-49.5625000000
2.7734000000;-0.0490000000;10.2410000000;11.0862500000;-106.0850000000;-12.7400000000;1.2500000000;6.0000000000;-48.7500000000
3.2242000000;-0.6664000000;9.1728000000;-21.6212500000;-113.8637500000;-10.3512500000;-2.3750000000;5.2500000000;-48.3750000000
3.5476000000;-0.6566000000;8.4868000000;18.9262500000;-119.3762500000;-12.0662500000;-2.3750000000;5.2500000000;-48.3750000000
4.2728000000;-0.3136000000;7.5362000000;19.2937500000;-120.6625000000;-9.2487500000;-7.1875000000;6.0000000000;-47.5625000000
4.7922000000;0.5292000000;6.3504000000;-5.3287500000;-124.5212500000;-7.9012500000;-12.6875000000;4.8750000000;-46.5000000000
5.4488000000;-0.0392000000;5.9192000000;-15.3737500000;-115.8237500000;-6.1862500000;-17.5625000000;4.8750000000;-45.6875000000
6.1446000000;0.4704000000;5.3116000000;-10.2900000000;-114.5375000000;-7.3500000000;-22.7500000000;5.6875000000;-44.5000000000
7.1932000000;-0.0490000000;4.1356000000;-1.7762500000;-101.7362500000;2.0212500000;-22.7500000000;5.6875000000;-44.5000000000
7.4480000000;0.0000000000;3.6946000000;0.7962500000;-90.5887500000;-1.6537500000;-26.0000000000;6.7500000000;-41.6875000000
7.9968000000;-0.1862000000;2.9204000000;6.1250000000;-81.4625000000;-0.8575000000;-30.0625000000;6.3750000000;-39.0000000000
8.2712000000;0.1274000000;2.4402000000;22.0500000000;-60.6375000000;-3.3687500000;-33.3750000000;6.3750000000;-36.5625000000
8.3692000000;-0.0294000000;2.7146000000;19.2937500000;-44.2225000000;-2.0212500000;-35.2500000000;6.0000000000;-35.0625000000
8.5848000000;0.1372000000;2.5970000000;-1.7762500000;-38.2812500000;0.6125000000;-35.2500000000;6.0000000000;-35.0625000000
8.8200000000;-0.3234000000;2.8126000000;-12.4950000000;-32.0337500000;-0.3062500000;-36.3750000000;5.2500000000;-33.3750000000
8.7122000000;0.5782000000;2.5578000000;-13.0462500000;-34.9125000000;-0.6737500000;-38.5625000000;5.2500000000;-32.1875000000
9.1336000000;-0.0588000000;1.7836000000;-22.5400000000;-29.4000000000;3.6137500000;-38.1875000000;6.0000000000;-30.6875000000
8.8788000000;0.2254000000;2.6362000000;2.6337500000;-16.7212500000;0.3675000000;-39.1875000000;6.3750000000;-30.2500000000
9.0846000000;0.2156000000;2.2442000000;3.0012500000;-21.8050000000;4.1037500000;-39.1875000000;6.3750000000;-30.2500000000
9.2512000000;-0.4508000000;2.2050000000;0.9187500000;-8.2687500000;5.3287500000;-40.0000000000;6.3750000000;-29.5000000000
8.9572000000;0.0392000000;2.6166000000;-2.1437500000;-3.1850000000;2.2050000000;-40.6875000000;7.0625000000;-29.5000000000
9.2512000000;-0.7644000000;2.4598000000;-13.1075000000;0.8575000000;5.8187500000;-41.5000000000;6.6875000000;-29.0625000000
8.9768000000;-0.2548000000;3.3026000000;6.4925000000;2.0212500000;-2.6337500000;-40.6875000000;7.3750000000;-27.8750000000
9.2806000000;0.0686000000;2.5774000000;-1.0412500000;-4.9000000000;1.4700000000;-40.6875000000;7.3750000000;-27.8750000000
9.2512000000;-0.4998000000;2.6656000000;7.4112500000;3.4912500000;0.2450000000;-41.0625000000;7.0625000000;-27.8750000000
9.0944000000;0.0000000000;2.8322000000;12.5562500000;-2.3275000000;-1.1025000000;-41.0625000000;7.7500000000;-27.5000000000
9.4962000000;-0.4410000000;2.1658000000;-5.2062500000;1.6537500000;3.2462500000;-40.6875000000;6.6875000000;-29.0625000000
8.9768000000;-0.1960000000;3.4496000000;0.8575000000;1.8375000000;-3.4912500000;-41.5000000000;6.2500000000;-27.5000000000
9.2806000000;0.0784000000;2.3030000000;2.2662500000;-6.0025000000;0.9187500000;-41.5000000000;6.2500000000;-27.5000000000
9.1434000000;-0.4606000000;2.6362000000;-0.1837500000;6.4312500000;0.6737500000;-40.6875000000;7.3750000000;-28.2500000000
9.1140000000;-0.1568000000;2.9988000000;6.1862500000;0.5512500000;-1.7150000000;-40.2500000000;7.0625000000;-28.2500000000
9.2218000000;-0.0294000000;2.4696000000;1.5312500000;0.4900000000;-0.9800000000;-40.6875000000;6.6875000000;-29.0625000000
9.0160000000;-0.2156000000;3.1164000000;-0.9187500000;2.5112500000;-1.2250000000;-40.6875000000;7.0625000000;-28.2500000000
9.2120000000;-0.1274000000;2.9498000000;3.1237500000;-2.5112500000;-0.0612500000;-40.6875000000;7.0625000000;-28.2500000000
9.2120000000;-0.1960000000;2.4108000000;-0.3675000000;1.5925000000;1.3475000000;-40.6875000000;6.2500000000;-28.2500000000
9.0650000000;-0.3528000000;2.9988000000;1.1637500000;0.4900000000;-0.7350000000;-41.5000000000;6.2500000000;-27.8750000000
9.1924000000;-0.0196000000;2.5872000000;-0.3675000000;-0.7962500000;0.4900000000;-40.2500000000;6.6875000000;-27.8750000000
9.2120000000;-0.2058000000;2.7930000000;0.8575000000;2.7562500000;-0.9187500000;-40.6875000000;6.2500000000;-27.5000000000
9.1532000000;0.1176000000;2.9302000000;0.7962500000;-3.2462500000;0.5512500000;-40.6875000000;6.2500000000;-27.5000000000
9.3002000000;-0.2548000000;2.6362000000;1.4087500000;1.7150000000;1.5312500000;-40.6875000000;6.6875000000;-28.2500000000
9.1728000000;-0.2156000000;2.9596000000;2.4500000000;-1.5312500000;0.0612500000;-41.7500000000;6.2500000000;-27.8750000000
9.2610000000;-0.2352000000;2.4696000000;0.4900000000;-2.3887500000;-0.4287500000;-41.0625000000;5.8750000000;-28.6875000000
9.0846000000;-0.0980000000;2.9890000000;-0.8575000000;1.1025000000;-1.2250000000;-40.2500000000;6.2500000000;-28.2500000000
9.1434000000;-0.1078000000;2.8910000000;-2.0825000000;-2.6337500000;0.1837500000;-40.2500000000;6.2500000000;-28.2500000000
9.2022000000;-0.2254000000;2.6264000000;0.4287500000;-0.2450000000;-0.0612500000;-40.2500000000;6.2500000000;-28.6875000000
9.1532000000;-0.0686000000;2.8028000000;-0.3675000000;-1.1637500000;-0.3675000000;-40.2500000000;6.6875000000;-27.5000000000
9.2610000000;-0.2450000000;2.5088000000;-1.2862500000;-2.1437500000;-1.0412500000;-40.2500000000;6.2500000000;-27.8750000000
9.1336000000;-0.1372000000;2.8714000000;1.7150000000;2.5725000000;-1.3475000000;-40.2500000000;6.2500000000;-27.8750000000
9.1336000000;-0.0784000000;2.9498000000;-0.1837500000;-1.2250000000;-1.2862500000;-41.0625000000;6.2500000000;-27.0625000000
9.2120000000;-0.0686000000;2.5774000000;-0.6125000000;-0.6125000000;0.0000000000;-41.7500000000;6.6875000000;-29.5000000000
9.1238000000;-0.0686000000;2.4500000000;2.4500000000;0.1225000000;1.0412500000;-41.7500000000;6.2500000000;-27.5000000000
9.1532000000;-0.2058000000;3.0674000000;-0.4287500000;2.6950000000;-0.3675000000;-40.6875000000;5.8750000000;-27.8750000000
9.1924000000;-0.0098000000;2.8322000000;-1.4700000000;-3.0012500000;-0.3062500000;-40.6875000000;5.8750000000;-27.8750000000
9.1826000000;-0.0686000000;2.3912000000;-0.9187500000;-2.5112500000;-0.1837500000;-40.0000000000;6.2500000000;-28.2500000000
9.1826000000;-0.1862000000;2.8518000000;0.3062500000;0.8575000000;0.2450000000;-41.0625000000;6.6875000000;-27.5000000000
9.2120000000;-0.3136000000;2.8028000000;0.1225000000;-0.3675000000;-0.4287500000;-40.6875000000;6.6875000000;-27.5000000000
9.2022000000;0.0392000000;2.4598000000;2.2662500000;-0.9800000000;-1.1025000000;-40.2500000000;6.2500000000;-28.6875000000
9.1434000000;-0.1764000000;2.7930000000;-3.1850000000;0.0000000000;-0.4900000000;-40.2500000000;6.2500000000;-28.6875000000
9.2022000000;-0.1568000000;2.8420000000;2.0825000000;0.8575000000;-1.4700000000;-40.6875000000;6.2500000000;-27.5000000000
9.1042000000;0.1764000000;2.7734000000;0.0000000000;-3.1237500000;-0.3062500000;-41.7500000000;6.2500000000;-29.0625000000
9.1630000000;-0.2156000000;2.5872000000;-1.4700000000;-2.8787500000;1.5312500000;-41.5000000000;6.6875000000;-27.0625000000
9.2610000000;-0.2548000000;2.5088000000;3.8587500000;1.9600000000;-0.8575000000;-41.5000000000;6.6875000000;-26.6875000000
9.1826000000;0.0882000000;2.6558000000;-0.6125000000;-1.1637500000;-0.5512500000;-41.5000000000;6.6875000000;-26.6875000000
9.2316000000;-0.3234000000;2.6460000000;-3.0625000000;0.5512500000;1.1025000000;-41.0625000000;5.8750000000;-27.5000000000
9.1336000000;0.1274000000;2.7832000000;4.1650000000;0.8575000000;-1.4087500000;-41.0625000000;6.6875000000;-27.8750000000
9.2218000000;-0.1470000000;2.6068000000;-2.5725000000;-0.8575000000;2.2662500000;-41.0625000000;6.6875000000;-26.6875000000
9.1630000000;-0.2940000000;2.6068000000;1.4700000000;-0.1225000000;-0.1837500000;-41.5000000000;6.2500000000;-27.5000000000
9.2414000000;0.1176000000;2.6166000000;1.7762500000;-0.1225000000;-0.5512500000;-41.5000000000;6.2500000000;-27.5000000000
9.2316000000;-0.2940000000;2.6656000000;-0.6737500000;1.2250000000;1.7762500000;-41.5000000000;5.8750000000;-27.8750000000
9.1434000000;-0.1862000000;2.8714000000;-0.1837500000;-0.3675000000;-0.2450000000;-40.6875000000;6.2500000000;-28.6875000000
9.1924000000;0.0294000000;2.6558000000;-1.2862500000;-2.8787500000;-0.1225000000;-41.0625000000;6.6875000000;-27.8750000000
9.2904000000;-0.1470000000;2.5382000000;-0.3062500000;1.1637500000;-0.4287500000;-41.0625000000;6.6875000000;-27.8750000000
9.1238000000;0.0098000000;2.7244000000;2.9400000000;-0.7350000000;0.1837500000;-41.0625000000;6.6875000000;-27.8750000000
9.2120000000;-0.3724000000;2.6166000000;-2.6950000000;-0.7962500000;1.6537500000;-41.0625000000;6.6875000000;-27.8750000000
9.1728000000;0.0490000000;2.7734000000;3.6750000000;0.6737500000;-1.5312500000;-40.6875000000;6.2500000000;-28.2500000000
9.1826000000;-0.2548000000;2.7342000000;-3.3075000000;-0.5512500000;1.4700000000;-41.5000000000;6.2500000000;-29.0625000000
9.1336000000;-0.1176000000;2.7244000000;3.0625000000;-0.2450000000;-0.2450000000;-41.0625000000;5.8750000000;-27.0625000000
9.2316000000;0.0000000000;2.4794000000;0.1225000000;-1.8375000000;0.5512500000;-41.0625000000;5.8750000000;-27.0625000000
9.2120000000;-0.3136000000;2.5480000000;0.7962500000;1.5312500000;-0.1837500000;-40.0000000000;6.2500000000;-26.2500000000
9.2120000000;-0.0784000000;2.7734000000;4.1650000000;1.5312500000;-2.3887500000;-41.5000000000;5.8750000000;-27.8750000000
9.2610000000;0.0784000000;2.4206000000;-2.3275000000;-2.2050000000;1.0412500000;-41.5000000000;6.2500000000;-27.5000000000
9.2610000000;-0.3822000000;2.4990000000;-1.5312500000;2.3275000000;0.7350000000;-42.1875000000;6.6875000000;-26.6875000000
9.0944000000;0.0294000000;2.9596000000;2.0212500000;1.5925000000;-1.3475000000;-42.1875000000;6.6875000000;-26.6875000000
9.3100000000;-0.1470000000;2.6656000000;-1.9600000000;-0.7962500000;0.1225000000;-40.6875000000;6.2500000000;-27.0625000000
9.1826000000;0.0000000000;2.9302000000;0.0612500000;-0.3675000000;-0.3062500000;-40.6875000000;6.2500000000;-28.2500000000
9.2316000000;-0.0196000000;2.5480000000;1.0412500000;-3.3075000000;1.2862500000;-41.5000000000;6.2500000000;-28.6875000000
9.2316000000;-0.3528000000;2.2932000000;-1.1025000000;-1.0412500000;2.2050000000;-41.7500000000;6.2500000000;-27.5000000000
9.1532000000;-0.2646000000;2.8224000000;0.9187500000;1.5312500000;-0.4287500000;-41.7500000000;6.2500000000;-27.5000000000
9.1728000000;-0.0490000000;2.6068000000;-0.1225000000;-0.9800000000;-0.7962500000;-41.5000000000;6.6875000000;-28.2500000000
9.2218000000;-0.0882000000;2.4598000000;0.4900000000;0.6125000000;0.3062500000;-40.2500000000;6.2500000000;-28.6875000000
9.1336000000;-0.1862000000;2.9204000000;0.6125000000;1.1637500000;-0.1837500000;-41.0625000000;6.2500000000;-27.8750000000
9.2120000000;-0.0686000000;2.6264000000;0.0612500000;-1.3475000000;1.1025000000;-41.7500000000;6.2500000000;-27.0625000000
9.2512000000;-0.2744000000;2.4696000000;1.4700000000;1.1025000000;0.3062500000;-41.7500000000;6.2500000000;-27.0625000000
9.1140000000;-0.0980000000;2.6852000000;0.2450000000;0.1837500000;-0.2450000000;-40.6875000000;6.2500000000;-27.0625000000
9.2904000000;-0.2450000000;2.5676000000;-1.8375000000;0.8575000000;0.9187500000;-40.6875000000;6.2500000000;-27.5000000000
9.1924000000;-0.3234000000;2.7538000000;2.3275000000;-0.0612500000;-1.2862500000;-40.6875000000;6.6875000000;-27.5000000000
9.1434000000;0.1666000000;2.3520000000;-1.2250000000;0.3675000000;-0.0612500000;-40.2500000000;7.3750000000;-29.0625000000
9.1434000000;-0.0392000000;2.5382000000;1.0412500000;3.2462500000;1.2250000000;-40.2500000000;7.3750000000;-29.0625000000
9.1728000000;-0.1862000000;2.1756000000;0.1837500000;4.9612500000;2.4500000000;-41.5000000000;6.6875000000;-29.5000000000
9.0944000000;-0.2646000000;2.0678000000;3.8587500000;9.1262500000;0.4287500000;-40.2500000000;6.2500000000;-27.8750000000
9.0062000000;-0.0588000000;1.4406000000;8.5750000000;14.3937500000;-0.6737500000;-40.2500000000;6.2500000000;-28.6875000000
8.7612000000;-0.0882000000;0.9310000000;11.6987500000;25.2350000000;-0.7350000000;-40.2500000000;6.2500000000;-28.6875000000
8.3104000000;0.0784000000;-0.2646000000;15.4962500000;41.4662500000;1.2250000000;-40.6875000000;5.8750000000;-29.5000000000
8.0948000000;-0.9702000000;-0.1764000000;-3.9812500000;71.4787500000;-0.5512500000;-39.5625000000;5.8750000000;-30.6875000000
7.4088000000;-0.0686000000;2.1364000000;24.5000000000;97.1425000000;-14.2100000000;-37.7500000000;5.1875000000;-30.6875000000
7.0168000000;1.5680000000;2.1070000000;28.1750000000;101.4912500000;-13.5362500000;-35.5000000000;4.7500000000;-34.5625000000
6.6248000000;0.7644000000;3.6652000000;-36.4437500000;128.9925000000;-0.7350000000;-35.5000000000;4.7500000000;-34.5625000000
5.9976000000;-0.3822000000;7.5460000000;12.0050000000;134.5662500000;-1.0412500000;-33.0000000000;3.0000000000;-38.1875000000
6.1446000000;1.4602000000;5.3998000000;46.3050000000;112.2712500000;-3.7362500000;-27.0000000000;4.1875000000;-41.0000000000
4.7040000000;-0.6272000000;9.2806000000;-40.8537500000;141.6100000000;7.5337500000;-24.0625000000;2.2500000000;-43.7500000000
4.7824000000;-0.0784000000;8.3790000000;-18.2525000000;109.8212500000;6.9212500000;-18.1875000000;3.0625000000;-45.7500000000
3.9494000000;-1.0094000000;9.7804000000;-26.8275000000;115.8850000000;11.7600000000;-18.1875000000;3.0625000000;-45.7500000000
3.4104000000;0.0490000000;10.6624000000;-50.7150000000;104.1250000000;7.4112500000;-13.6875000000;4.5000000000;-47.7500000000
3.4202000000;-2.9988000000;10.3684000000;-92.1812500000;89.1800000000;25.4800000000;-8.5625000000;5.1875000000;-48.5625000000
2.9106000000;-2.4304000000;11.7404000000;10.4737500000;87.2812500000;2.2050000000;-5.1875000000;7.3750000000;-48.1875000000
3.1262000000;-0.1862000000;9.7118000000;27.0112500000;58.8000000000;0.5512500000;-0.7500000000;9.6875000000;-49.2500000000
2.6264000000;-1.3132000000;10.2704000000;-42.2012500000;67.4362500000;3.6137500000;-0.7500000000;9.6875000000;-49.2500000000
2.1168000000;-1.2054000000;11.0054000000;1.4087500000;44.4062500000;-2.9400000000;1.0000000000;7.7500000000;-48.5625000000
2.0188000000;-1.4014000000;10.2214000000;-14.0262500000;51.8787500000;8.4525000000;4.0000000000;9.1875000000;-49.1875000000
1.3720000000;-2.3128000000;12.2598000000;-2.8787500000;48.0200000000;0.3062500000;4.6875000000;9.1875000000;-48.0625000000
1.8522000000;-0.7056000000;10.6722000000;37.7300000000;7.4725000000;-3.2462500000;7.6875000000;9.1875000000;-48.3750000000
1.4602000000;-0.3920000000;10.6820000000;0.7962500000;9.0650000000;0.7350000000;7.6875000000;9.1875000000;-48.3750000000
1.4406000000;-1.0878000000;10.2508000000;-11.3312500000;-4.4100000000;2.2662500000;8.3750000000;8.1875000000;-48.8750000000
1.6464000000;-0.9996000000;8.9180000000;-1.9600000000;-8.4525000000;3.4912500000;8.7500000000;7.3750000000;-48.5000000000
1.5288000000;-0.9310000000;9.2022000000;-4.2875000000;-1.4700000000;3.7975000000;8.7500000000;8.5625000000;-47.5625000000
1.6072000000;-1.2446000000;9.3198000000;-5.2675000000;-2.0212500000;4.9612500000;8.7500000000;8.5625000000;-48.5000000000
1.6758000000;-1.5288000000;9.3884000000;-7.2275000000;1.8375000000;3.5525000000;8.7500000000;8.5625000000;-48.5000000000
1.6464000000;-1.4602000000;9.5942000000;0.8575000000;-1.8375000000;0.3062500000;8.7500000000;8.1875000000;-47.6875000000
1.6954000000;-0.9996000000;9.2904000000;-3.3687500000;-2.3887500000;1.7762500000;8.3750000000;8.5625000000;-48.8750000000
1.4994000000;-1.3916000000;9.6824000000;-0.1225000000;-0.6125000000;2.0825000000;8.3750000000;8.8750000000;-47.6875000000
1.6464000000;-1.2544000000;9.3590000000;-0.2450000000;-3.5525000000;1.7150000000;8.0000000000;8.8750000000;-48.3750000000
1.6954000000;-1.2838000000;9.0160000000;-3.4912500000;0.0000000000;1.6537500000;8.0000000000;8.8750000000;-48.3750000000
1.5680000000;-1.2936000000;9.7216000000;8.5750000000;1.9600000000;-1.5312500000;8.3750000000;8.5625000000;-49.5000000000
1.7346000000;-1.0584000000;9.1630000000;1.9600000000;-0.3062500000;0.9187500000;8.0000000000;8.5625000000;-48.0000000000
1.6856000000;-1.4210000000;9.4962000000;-3.0625000000;4.2262500000;0.9187500000;8.3750000000;7.7500000000;-48.2500000000
1.6660000000;-1.2544000000;9.5060000000;0.4287500000;-0.4900000000;-0.6125000000;8.7500000000;8.5625000000;-48.3750000000
1.6268000000;-1.1956000000;9.3296000000;-3.1237500000;0.7962500000;-0.4287500000;8.7500000000;8.5625000000;-48.3750000000
1.6072000000;-1.1074000000;9.3590000000;3.1237500000;2.6950000000;0.8575000000;8.0000000000;8.5625000000;-47.5625000000
1.6268000000;-1.3328000000;9.5354000000;-2.6337500000;-0.6125000000;0.5512500000;8.3750000000;8.8750000000;-47.5625000000
1.6562000000;-1.3622000000;9.3982000000;0.0612500000;1.1637500000;-1.0412500000;9.1875000000;8.5625000000;-48.7500000000
1.6170000000;-0.9702000000;9.6138000000;2.2662500000;0.3675000000;-1.3475000000;8.7500000000;8.5625000000;-48.7500000000
1.6758000000;-1.2544000000;9.4668000000;-2.5725000000;-2.0212500000;0.3062500000;8.7500000000;8.5625000000;-48.7500000000
1.6562000000;-0.9996000000;9.2610000000;3.0625000000;-0.3675000000;0.0000000000;8.3750000000;8.5625000000;-47.0625000000
1.6464000000;-1.2054000000;9.1532000000;-1.2862500000;-0.3062500000;0.6125000000;8.3750000000;8.1875000000;-47.5625000000
1.6366000000;-1.4112000000;9.0944000000;-2.0212500000;2.9400000000;0.3062500000;8.7500000000;8.1875000000;-49.0625000000
1.5974000000;-1.1858000000;9.3492000000;3.4300000000;4.7162500000;-0.4287500000;9.8750000000;8.8750000000;-49.0625000000
1.6562000000;-1.1956000000;9.3296000000;-4.9612500000;4.1650000000;0.7962500000;9.8750000000;8.8750000000;-49.0625000000
1.5092000000;-1.4994000000;10.0352000000;3.1237500000;4.1037500000;-2.0212500000;8.7500000000;8.8750000000;-48.7500000000
1.6660000000;-1.4014000000;10.4664000000;7.9012500000;-3.9200000000;-2.0825000000;9.8750000000;9.1875000000;-48.0000000000
1.5190000000;-1.3132000000;11.5346000000;12.1275000000;-14.3325000000;-3.9812500000;8.3750000000;8.1875000000;-48.7500000000
1.5190000000;-1.6660000000;12.6910000000;9.6162500000;-36.5050000000;-5.3900000000;8.3750000000;8.1875000000;-48.2500000000
2.0874000000;-1.0192000000;12.0932000000;13.2912500000;-55.0637500000;-6.7375000000;8.3750000000;8.1875000000;-48.2500000000
2.0384000000;-0.8526000000;12.3186000000;4.6550000000;-84.3412500000;-6.1862500000;7.3750000000;7.7500000000;-48.7500000000
2.4892000000;-0.8624000000;12.0540000000;-1.7150000000;-107.7387500000;-2.2662500000;5.0625000000;7.3750000000;-49.5000000000
2.8714000000;-1.2740000000;11.2994000000;-11.5150000000;-116.6812500000;-2.3275000000;1.7500000000;7.3750000000;-48.2500000000
3.3418000000;-1.7934000000;10.3782000000;7.1050000000;-130.7075000000;-5.2675000000;-3.7500000000;8.1875000000;-48.7500000000
3.4398000000;-1.0192000000;9.1042000000;23.4587500000;-145.3462500000;-11.5150000000;-3.7500000000;8.1875000000;-48.7500000000
4.0670000000;-0.8330000000;6.8894000000;7.1662500000;-143.2637500000;-13.1075000000;-9.0000000000;8.5625000000;-48.7500000000
4.5766000000;-0.6468000000;5.8310000000;13.9650000000;-140.2625000000;-13.1687500000;-14.5000000000;7.0625000000;-46.7500000000
5.2822000000;-0.4508000000;4.4002000000;38.1587500000;-132.3612500000;-13.2912500000;-20.3750000000;7.0625000000;-44.0000000000
6.1348000000;0.1862000000;3.6652000000;24.4387500000;-120.3562500000;-6.9212500000;-20.3750000000;7.0625000000;-44.0000000000
6.7130000000;0.2450000000;3.0870000000;-4.9000000000;-104.9212500000;-4.0425000000;-25.8750000000;4.7500000000;-42.5000000000
7.4284000000;0.1568000000;3.3614000000;-5.8800000000;-97.6325000000;-6.3700000000;-30.0000000000;5.1875000000;-38.8750000000
8.2320000000;0.3626000000;1.9600000000;-12.0662500000;-93.7737500000;-2.2050000000;-34.0000000000;5.1875000000;-35.6875000000
8.4770000000;0.0882000000;1.9502000000;-26.9500000000;-82.5037500000;-0.8575000000;-36.7500000000;4.7500000000;-32.5625000000
8.5652000000;0.0490000000;1.2152000000;-4.7775000000;-78.7675000000;-3.7362500000;-36.7500000000;4.7500000000;-32.5625000000
8.7710000000;0.0686000000;0.6664000000;22.2950000000;-65.3537500000;-3.6137500000;-39.2500000000;5.5625000000;-31.0000000000
8.6926000000;0.1764000000;-0.4312000000;35.6475000000;-47.8975000000;-6.5537500000;-40.0625000000;5.8750000000;-28.5625000000
8.9866000000;0.6370000000;0.2744000000;34.3000000000;-10.1675000000;-6.2475000000;-42.1875000000;5.5625000000;-24.5625000000
9.3492000000;0.1960000000;1.3034000000;19.7837500000;4.0425000000;-2.8175000000;-43.0000000000;4.5000000000;-24.5625000000
9.2610000000;0.4900000000;2.3226000000;8.8812500000;6.9212500000;-3.7975000000;-43.0000000000;4.5000000000;-24.5625000000
9.4276000000;0.2548000000;2.1560000000;-1.9600000000;1.7150000000;0.3675000000;-42.5625000000;2.5625000000;-26.5625000000
9.2512000000;0.2156000000;2.5088000000;-2.6337500000;-2.7562500000;-1.0412500000;-41.7500000000;2.1875000000;-25.5000000000
9.4080000000;0.3136000000;1.6268000000;-7.4725000000;-1.5925000000;0.9187500000;-42.8750000000;3.3750000000;-25.0000000000
9.2120000000;0.1078000000;2.7146000000;-5.1450000000;1.9600000000;0.0000000000;-42.8750000000;3.0000000000;-26.1875000000
9.3002000000;0.4116000000;2.2344000000;-0.3062500000;-6.0637500000;0.4287500000;-42.8750000000;3.0000000000;-26.1875000000
9.3884000000;0.4606000000;1.4798000000;-9.3100000000;-3.7362500000;3.6137500000;-42.8750000000;3.3750000000;-25.0000000000
9.2022000000;0.2450000000;1.9600000000;-12.4950000000;-0.3062500000;4.2262500000;-42.8750000000;3.3750000000;-25.0000000000
9.3590000000;-0.1470000000;1.7934000000;-2.8787500000;2.0825000000;3.6137500000;-43.2500000000;3.3750000000;-25.0000000000
9.3002000000;0.0392000000;2.1070000000;-2.3887500000;1.4087500000;0.7962500000;-43.6875000000;4.5000000000;-25.0000000000
9.3002000000;-0.1470000000;2.2638000000;-3.8587500000;3.4300000000;0.0000000000;-43.6875000000;4.5000000000;-25.0000000000
9.3002000000;0.2842000000;2.4892000000;7.8400000000;-0.4900000000;-3.6750000000;-42.1875000000;4.0625000000;-24.2500000000
9.3198000000;0.4214000000;1.8620000000;-2.5112500000;-0.6737500000;2.1437500000;-43.6875000000;4.5000000000;-24.2500000000
9.3590000000;-0.3430000000;2.1952000000;-1.5312500000;3.4912500000;1.1637500000;-42.8750000000;4.5000000000;-24.2500000000
9.3590000000;0.3136000000;2.0678000000;3.2462500000;-1.4700000000;-0.9187500000;-43.2500000000;4.0625000000;-25.5000000000
9.3394000000;0.0882000000;1.9306000000;-2.2050000000;0.3062500000;0.7962500000;-43.2500000000;4.0625000000;-25.5000000000
9.2904000000;0.2254000000;1.8620000000;2.3887500000;0.6737500000;0.1837500000;-42.8750000000;3.6875000000;-25.5000000000
9.3296000000;-0.0882000000;2.2442000000;5.0225000000;4.1650000000;0.2450000000;-43.2500000000;3.6875000000;-25.5000000000
9.2806000000;0.3332000000;2.2246000000;6.7375000000;0.5512500000;-1.8987500000;-42.1875000000;4.5000000000;-25.0000000000
9.3786000000;0.0000000000;2.0678000000;-1.5312500000;1.8987500000;0.6737500000;-42.5000000000;3.6875000000;-25.5000000000
9.2316000000;0.1176000000;2.5088000000;2.8787500000;2.2050000000;-1.8375000000;-42.5000000000;3.6875000000;-25.5000000000
9.3590000000;0.2940000000;1.9894000000;1.2862500000;-2.3887500000;0.0000000000;-43.2500000000;3.6875000000;-25.5000000000
9.4374000000;-0.0098000000;1.8326000000;-3.1850000000;1.6537500000;0.7350000000;-42.5000000000;4.0625000000;-24.5625000000
9.2414000000;0.3528000000;2.1952000000;-1.1025000000;1.0412500000;-1.2862500000;-42.1875000000;3.3750000000;-25.5000000000
9.3198000000;0.1568000000;2.3030000000;-1.8987500000;2.1437500000;-0.3062500000;-42.8750000000;3.6875000000;-25.7500000000
9.3198000000;0.4508000000;2.3716000000;9.1262500000;-0.7962500000;-1.7762500000;-42.8750000000;3.6875000000;-25.7500000000
9.3688000000;0.0294000000;1.9404000000;-0.8575000000;-0.2450000000;2.9400000000;-42.5000000000;4.0625000000;-25.7500000000
9.2708000000;-0.1960000000;2.3324000000;-0.7962500000;2.0825000000;0.3675000000;-42.8750000000;4.0625000000;-25.0000000000
9.3688000000;0.2940000000;2.2050000000;-0.8575000000;-2.1437500000;-1.0412500000;-42.8750000000;3.3750000000;-26.1875000000
9.2316000000;0.2156000000;1.9894000000;-2.8175000000;-1.1025000000;-0.3062500000;-42.1875000000;3.6875000000;-26.1875000000
9.2022000000;0.3332000000;2.3716000000;2.3275000000;3.2462500000;-1.3475000000;-42.1875000000;3.6875000000;-26.1875000000
9.3100000000;0.3626000000;2.1952000000;-1.8375000000;-1.1025000000;1.3475000000;-43.2500000000;3.3750000000;-25.0000000000
9.2708000000;-0.0882000000;2.2344000000;-2.4500000000;1.0412500000;0.8575000000;-43.2500000000;4.0625000000;-25.0000000000
9.3198000000;0.3136000000;2.0482000000;2.3275000000;0.8575000000;0.0612500000;-43.2500000000;3.3750000000;-25.5000000000
9.2512000000;0.0392000000;2.4304000000;-0.8575000000;1.0412500000;0.1225000000;-42.5000000000;4.5000000000;-25.7500000000
9.3198000000;0.3822000000;2.3030000000;0.6737500000;-1.2862500000;-0.0612500000;-42.5000000000;4.5000000000;-25.7500000000
9.2806000000;0.2058000000;2.3324000000;-1.7150000000;-2.0825000000;0.7350000000;-42.8750000000;3.3750000000;-25.0000000000
9.3296000000;0.0490000000;2.2540000000;2.6337500000;0.1837500000;-0.6737500000;-43.2500000000;3.0000000000;-25.5000000000
9.2512000000;0.3038000000;2.0972000000;2.8787500000;-2.2662500000;-0.7962500000;-42.8750000000;3.3750000000;-26.1875000000
9.2708000000;0.2744000000;1.7542000000;-0.3062500000;-0.6125000000;0.1225000000;-43.2500000000;3.6875000000;-25.7500000000
9.3198000000;0.0882000000;2.1658000000;2.8175000000;2.9400000000;-1.4087500000;-43.2500000000;3.6875000000;-25.7500000000
9.3394000000;0.3332000000;2.2246000000;2.6337500000;1.2862500000;-0.7350000000;-42.8750000000;3.3750000000;-25.5000000000
9.3394000000;0.0294000000;2.1658000000;-1.9600000000;1.1637500000;0.9187500000;-42.8750000000;3.3750000000;-25.0000000000
9.2512000000;0.3136000000;2.3422000000;1.7150000000;1.0412500000;-1.1025000000;-42.5000000000;3.6875000000;-25.7500000000
9.2414000000;0.1176000000;2.3422000000;-1.7150000000;1.0412500000;0.9800000000;-42.5000000000;3.6875000000;-25.7500000000
9.3296000000;0.1078000000;2.1952000000;-0.5512500000;0.0612500000;0.5512500000;-42.5000000000;3.0000000000;-25.0000000000
9.3590000000;0.1666000000;2.0874000000;-1.7762500000;-0.2450000000;0.9800000000;-42.1875000000;3.3750000000;-25.7500000000
9.3296000000;0.0980000000;2.3324000000;1.2862500000;2.3887500000;0.6737500000;-42.5000000000;3.6875000000;-25.0000000000
9.3002000000;0.1176000000;2.3716000000;1.4087500000;-0.3675000000;0.8575000000;-42.8750000000;3.6875000000;-24.5625000000
9.2316000000;0.0784000000;2.2638000000;-1.2250000000;-1.0412500000;0.6737500000;-42.8750000000;3.6875000000;-24.5625000000
9.2610000000;0.1960000000;1.9992000000;3.3687500000;-1.4700000000;-0.1837500000;-42.1875000000;3.3750000000;-25.7500000000
9.2610000000;0.4116000000;1.9894000000;-0.1225000000;-0.4287500000;0.3062500000;-42.5000000000;4.0625000000;-26.1875000000
9.3002000000;0.0686000000;2.0286000000;-0.2450000000;2.1437500000;1.8375000000;-42.5000000000;3.3750000000;-25.7500000000
9.3100000000;0.1274000000;2.2442000000;0.7962500000;2.3275000000;0.4900000000;-42.5000000000;4.0625000000;-26.5625000000
9.3002000000;0.0490000000;2.3030000000;-0.2450000000;1.7762500000;0.7350000000;-42.5000000000;4.0625000000;-26.5625000000
9.3296000000;0.1764000000;2.3912000000;-0.7962500000;-0.4900000000;-0.1837500000;-42.8750000000;3.0000000000;-26.1875000000
9.2904000000;0.1078000000;2.2932000000;-0.4287500000;-0.2450000000;0.1225000000;-42.8750000000;3.6875000000;-25.7500000000
9.3296000000;0.1666000000;2.0972000000;1.9600000000;-0.3675000000;0.5512500000;-42.1875000000;3.6875000000;-25.5000000000
9.3100000000;0.0196000000;2.2246000000;-0.8575000000;-0.0612500000;0.9187500000;-42.5000000000;3.6875000000;-25.5000000000
9.2806000000;0.1372000000;2.3030000000;-0.7350000000;0.6125000000;-0.9187500000;-42.5000000000;3.6875000000;-25.5000000000
9.3100000000;0.2842000000;2.0580000000;0.3675000000;-0.4287500000;-0.5512500000;-41.7500000000;4.0625000000;-26.1875000000
9.2708000000;0.3332000000;2.0286000000;-0.0612500000;0.2450000000;0.6125000000;-42.8750000000;4.0625000000;-25.7500000000
9.2316000000;0.2842000000;2.1462000000;0.3062500000;2.2050000000;1.5312500000;-42.8750000000;3.3750000000;-25.7500000000
9.3100000000;0.0196000000;2.6362000000;3.4300000000;2.9400000000;0.0000000000;-42.8750000000;3.0000000000;-25.7500000000
9.3590000000;-0.1568000000;2.6754000000;-2.3887500000;-1.0412500000;0.7962500000;-42.8750000000;3.0000000000;-25.7500000000
9.3100000000;-0.0882000000;2.2148000000;1.5925000000;-4.1037500000;-1.5312500000;-42.5000000000;3.3750000000;-26.5625000000
9.1728000000;0.3136000000;2.4010000000;-0.0612500000;-3.2462500000;-1.8375000000;-42.5000000000;3.6875000000;-25.5000000000
9.3198000000;0.1666000000;2.1266000000;-4.5325000000;-2.6337500000;0.7962500000;-43.2500000000;4.0625000000;-24.5625000000
9.3492000000;0.1666000000;1.7248000000;1.5925000000;-1.7762500000;0.6125000000;-42.8750000000;3.0000000000;-25.5000000000
9.2904000000;0.0098000000;2.1070000000;-2.6337500000;1.3475000000;1.6537500000;-42.8750000000;3.0000000000;-25.5000000000
9.3002000000;0.0490000000;2.4892000000;2.0825000000;0.0612500000;-1.6537500000;-42.5000000000;3.6875000000;-25.5000000000
9.3394000000;0.3724000000;2.3128000000;0.6125000000;-2.4500000000;-1.1637500000;-42.5000000000;4.0625000000;-24.5625000000
9.3296000000;0.1764000000;1.9404000000;-0.6125000000;-3.4912500000;1.5312500000;-42.1875000000;3.3750000000;-24.5625000000
9.2708000000;0.0098000000;2.1364000000;2.0825000000;0.3675000000;-1.1025000000;-42.8750000000;4.0625000000;-25.5000000000
9.3002000000;0.2450000000;1.9992000000;-0.9800000000;-0.9800000000;-0.0612500000;-42.8750000000;4.0625000000;-25.5000000000
9.3492000000;-0.1470000000;1.8130000000;-2.0825000000;1.3475000000;-0.5512500000;-42.5000000000;3.6875000000;-25.7500000000
9.1924000000;0.4410000000;1.3230000000;1.0412500000;5.3900000000;-0.6125000000;-42.8750000000;3.0000000000;-25.0000000000
9.1238000000;0.0490000000;0.4802000000;-9.0650000000;17.0275000000;2.8175000000;-42.8750000000;3.6875000000;-26.1875000000
9.2316000000;-0.8820000000;1.0780000000;-2.2662500000;34.6062500000;-4.4712500000;-42.5000000000;4.0625000000;-25.7500000000
8.5456000000;-0.1274000000;0.8526000000;14.9450000000;32.2787500000;-8.2687500000;-42.5000000000;4.0625000000;-25.7500000000
8.5946000000;-0.7840000000;-0.5978000000;-36.1375000000;46.7950000000;-6.6762500000;-41.5000000000;3.6875000000;-26.5625000000
7.9184000000;-0.4116000000;1.6660000000;-1.3475000000;81.4012500000;-22.9687500000;-39.5625000000;3.0000000000;-28.5625000000
7.5362000000;2.9302000000;0.7448000000;2.5725000000;88.5062500000;-18.9875000000;-40.0000000000;3.3750000000;-29.3750000000
7.5558000000;0.2156000000;0.9310000000;-72.9487500000;133.1575000000;-1.5312500000;-37.0000000000;2.5625000000;-32.0625000000
5.8016000000;0.1960000000;6.0368000000;17.7012500000;155.0237500000;-14.3325000000;-37.0000000000;2.5625000000;-32.0625000000
6.0270000000;1.9600000000;5.6546000000;19.1712500000;125.5625000000;-10.9637500000;-33.6875000000;3.6875000000;-36.8750000000
6.0956000000;-0.5488000000;6.1936000000;-19.7837500000;169.0500000000;-2.9400000000;-28.5000000000;2.5625000000;-41.2500000000
4.9196000000;1.4014000000;9.5060000000;0.0000000000;118.8250000000;-6.1250000000;-23.3750000000;2.5625000000;-44.0000000000
4.7824000000;1.2544000000;7.5754000000;-64.3125000000;128.7475000000;14.3937500000;-17.5000000000;2.1875000000;-46.3750000000
3.4888000000;-0.3430000000;9.8196000000;-106.9425000000;115.2725000000;18.6812500000;-17.5000000000;2.1875000000;-46.3750000000
3.1948000000;-1.7542000000;10.3096000000;-38.8325000000;88.8737500000;21.9887500000;-12.3750000000;4.0625000000;-47.1875000000
3.4104000000;-0.7154000000;9.8686000000;0.3675000000;88.9350000000;13.3525000000;-8.2500000000;8.1875000000;-47.6875000000
2.7636000000;0.0490000000;10.0940000000;-69.2125000000;69.0287500000;26.2762500000;-3.0625000000;9.5625000000;-50.0000000000
2.5774000000;-3.5672000000;9.6530000000;-77.4200000000;73.8675000000;36.9950000000;-0.1875000000;11.3750000000;-47.5625000000
2.0384000000;-2.4598000000;10.8780000000;28.4200000000;68.4775000000;17.6400000000;-0.1875000000;11.3750000000;-47.5625000000
2.0580000000;-1.5582000000;10.6428000000;16.1700000000;65.7212500000;17.9462500000;3.5000000000;13.2500000000;-48.0625000000
1.7738000000;-2.0090000000;10.0842000000;-5.1450000000;59.7800000000;9.7387500000;5.7500000000;12.8750000000;-47.6875000000
1.3034000000;-1.4210000000;10.5840000000;3.4912500000;37.3625000000;9.5550000000;8.6875000000;12.5000000000;-48.7500000000
1.1858000000;-1.8424000000;8.8984000000;-20.0900000000;35.1575000000;6.4925000000;8.6875000000;12.5000000000;-48.7500000000
-0.0588000000;-3.2928000000;12.3676000000;3.3687500000;47.5912500000;-3.4300000000;10.8750000000;12.0625000000;-47.5625000000
0.6370000000;-1.2250000000;10.9466000000;35.2800000000;2.1437500000;-3.1237500000;11.8750000000;13.1875000000;-46.7500000000
0.7546000000;-1.9992000000;9.9568000000;-12.6175000000;3.9200000000;4.9000000000;13.3750000000;12.0625000000;-46.3750000000
0.6958000000;-1.4896000000;9.7020000000;11.6375000000;-3.6137500000;0.7350000000;13.0625000000;11.7500000000;-46.7500000000
0.7448000000;-1.5386000000;8.9768000000;3.9812500000;-3.9200000000;4.5325000000;13.0625000000;11.7500000000;-46.7500000000
0.5096000000;-1.5582000000;9.8392000000;-8.4525000000;0.5512500000;0.1837500000;13.0625000000;11.0000000000;-46.3750000000
0.8722000000;-1.4406000000;9.1042000000;-8.8200000000;-4.7162500000;1.2250000000;13.0625000000;11.0000000000;-46.7500000000
0.7056000000;-1.8914000000;9.5844000000;-4.3487500000;4.0425000000;1.7762500000;12.7500000000;11.3750000000;-47.0625000000
0.7742000000;-1.5778000000;9.5354000000;-1.7150000000;-4.7775000000;0.8575000000;13.5000000000;11.7500000000;-46.2500000000
0.9016000000;-1.6170000000;8.9768000000;-5.2062500000;-2.5112500000;1.4087500000;13.5000000000;11.7500000000;-46.2500000000
0.6076000000;-1.7738000000;9.7314000000;4.0425000000;3.2462500000;0.6737500000;13.5000000000;11.7500000000;-47.5625000000
0.6762000000;-1.6366000000;9.4570000000;0.0000000000;-3.7975000000;2.3275000000;13.0625000000;11.7500000000;-47.8750000000
0.7350000000;-1.9600000000;9.3884000000;-4.5325000000;-0.4287500000;0.7350000000;13.5000000000;11.2500000000;-46.6875000000
0.8232000000;-1.4896000000;9.4374000000;3.1237500000;-1.2862500000;0.0000000000;12.7500000000;11.2500000000;-46.6875000000
0.8624000000;-1.7248000000;9.1630000000;-3.6137500000;-1.9600000000;1.2250000000;12.7500000000;11.2500000000;-46.6875000000
0.7546000000;-1.9306000000;9.2708000000;0.5512500000;3.5525000000;0.8575000000;13.0625000000;11.6875000000;-46.2500000000
0.8428000000;-1.7738000000;9.1336000000;0.5512500000;2.9400000000;-0.1225000000;13.5000000000;11.6875000000;-46.2500000000
0.7252000000;-1.8424000000;9.1532000000;-0.4287500000;6.3700000000;-0.6737500000;12.7500000000;12.0625000000;-45.8750000000
0.5880000000;-1.5484000000;9.5354000000;2.8787500000;6.4312500000;-0.9800000000;12.7500000000;11.7500000000;-45.5000000000
0.6174000000;-1.8130000000;9.7902000000;-4.7775000000;6.6150000000;0.3062500000;12.7500000000;11.7500000000;-45.5000000000
0.4606000000;-1.8620000000;10.5056000000;3.6750000000;2.2050000000;-0.0612500000;13.5000000000;11.0000000000;-47.0000000000
0.5292000000;-2.2050000000;10.7898000000;13.2300000000;-6.4925000000;-1.0412500000;13.5000000000;11.3750000000;-47.5000000000
0.6664000000;-1.5974000000;10.7408000000;15.3125000000;-18.8037500000;-3.0012500000;13.8750000000;11.7500000000;-47.0000000000
0.6174000000;-2.0580000000;10.6918000000;-6.0025000000;-24.3162500000;-1.5925000000;13.5000000000;11.0000000000;-47.0000000000
0.6272000000;-2.1952000000;12.3480000000;12.2500000000;-37.5462500000;-5.8187500000;13.5000000000;11.0000000000;-47.0000000000
1.0878000000;-1.9796000000;11.8482000000;-2.6950000000;-65.7212500000;-6.8600000000;12.0000000000;11.0000000000;-46.6875000000
1.3034000000;-2.4108000000;12.9752000000;-4.8387500000;-77.4812500000;-13.4750000000;11.2500000000;10.5625000000;-47.8750000000
1.7346000000;-1.9208000000;12.2598000000;10.7187500000;-103.8187500000;-17.3950000000;7.2500000000;12.0625000000;-47.5000000000
2.3226000000;-2.2246000000;11.1916000000;-5.8800000000;-121.5812500000;-22.4175000000;3.5000000000;11.7500000000;-48.1875000000
2.5970000000;-1.1368000000;10.1430000000;13.1687500000;-138.8537500000;-26.3987500000;3.5000000000;11.7500000000;-48.1875000000
3.2438000000;-1.3426000000;8.6436000000;-6.6150000000;-148.4087500000;-23.4587500000;-2.0000000000;11.7500000000;-48.6875000000
3.4594000000;-0.8722000000;7.9772000000;-2.7562500000;-154.2275000000;-26.0925000000;-6.7500000000;11.0000000000;-48.0000000000
4.1846000000;-1.1172000000;6.1936000000;6.6762500000;-159.3725000000;-20.2125000000;-12.6875000000;11.2500000000;-46.2500000000
5.2234000000;-0.7154000000;4.2924000000;42.7525000000;-158.0862500000;-19.6612500000;-20.5625000000;10.5000000000;-43.8750000000
5.8408000000;0.1666000000;3.6946000000;40.4250000000;-144.1825000000;-14.8225000000;-20.5625000000;10.5000000000;-43.8750000000
6.8600000000;-0.3234000000;2.9400000000;40.7925000000;-122.3775000000;-11.4537500000;-25.7500000000;10.1875000000;-40.0000000000
7.5068000000;0.7350000000;1.8326000000;17.0275000000;-111.4137500000;-6.6150000000;-30.8750000000;8.3750000000;-37.1875000000
8.8298000000;-0.2744000000;1.0388000000;-14.5162500000;-92.2425000000;0.4287500000;-35.7500000000;5.6875000000;-34.0000000000
8.4966000000;-0.1470000000;1.0486000000;-17.5175000000;-76.4400000000;-4.1037500000;-38.3750000000;7.0000000000;-30.5625000000
8.8298000000;-0.1568000000;0.6272000000;0.1225000000;-70.6825000000;-8.3300000000;-38.3750000000;7.0000000000;-30.5625000000
8.7514000000;0.1764000000;0.4214000000;31.1762500000;-55.6762500000;-9.9837500000;-40.5625000000;8.0625000000;-27.7500000000
8.9082000000;0.3332000000;0.5292000000;30.5025000000;-40.8537500000;-10.1062500000;-42.0625000000;7.2500000000;-26.5625000000
9.1728000000;0.2058000000;0.6174000000;29.0937500000;-24.4387500000;-7.4725000000;-43.5000000000;5.3750000000;-24.5625000000
9.2512000000;0.4802000000;0.8428000000;-4.3487500000;-13.2300000000;-6.6150000000;-44.1875000000;4.6875000000;-22.6875000000
9.5844000000;-0.0686000000;1.4896000000;-9.4937500000;2.4500000000;-0.6737500000;-44.1875000000;4.6875000000;-22.6875000000
9.3296000000;0.3136000000;1.8718000000;2.6337500000;-6.3700000000;-0.1225000000;-44.5625000000;5.0625000000;-23.5000000000
9.4374000000;0.0000000000;1.0192000000;-0.1225000000;1.5312500000;1.2250000000;-43.8750000000;5.0625000000;-23.0625000000
9.0454000000;-0.0980000000;2.8126000000;4.3487500000;5.3900000000;-4.6550000000;-44.5625000000;4.6875000000;-24.2500000000
9.4374000000;0.6762000000;1.5778000000;2.5112500000;-8.5137500000;-0.9187500000;-44.5625000000;4.6875000000;-24.2500000000
9.4178000000;-0.0882000000;1.5092000000;-2.2662500000;5.6350000000;-0.6737500000;-45.0000000000;4.6875000000;-23.0625000000
9.3394000000;0.4900000000;1.7738000000;5.4512500000;-0.8575000000;-0.4287500000;-43.5000000000;5.5000000000;-22.2500000000
9.4766000000;0.2058000000;1.0290000000;-4.1650000000;-1.3475000000;3.3075000000;-43.8750000000;4.6875000000;-21.8750000000
9.1434000000;0.0686000000;1.9796000000;-1.9600000000;6.4312500000;0.4900000000;-43.8750000000;5.0625000000;-22.2500000000
9.4178000000;0.3430000000;1.8718000000;5.6350000000;2.0212500000;-0.1837500000;-43.8750000000;5.0625000000;-22.2500000000
9.3198000000;-0.1666000000;2.5186000000;1.3475000000;5.5125000000;-0.8575000000;-44.5625000000;5.0625000000;-23.5000000000
9.4962000000;0.4802000000;1.2642000000;5.4512500000;-5.8800000000;-0.4900000000;-44.1875000000;5.0625000000;-23.0625000000
9.4570000000;-0.1078000000;1.6268000000;-3.1850000000;2.5725000000;1.0412500000;-44.1875000000;4.3750000000;-23.5000000000
9.2512000000;0.3528000000;1.8914000000;2.6337500000;0.4287500000;-1.1637500000;-44.1875000000;5.0625000000;-23.0625000000
9.6236000000;0.0000000000;1.4308000000;-3.2462500000;1.3475000000;2.1437500000;-44.1875000000;5.0625000000;-23.0625000000
9.2022000000;0.2744000000;2.2638000000;-0.4287500000;1.5925000000;-1.4087500000;-44.1875000000;5.0625000000;-23.5000000000
9.3394000000;0.3332000000;1.3720000000;-1.4087500000;-3.2462500000;1.7762500000;-43.8750000000;4.0000000000;-23.5000000000
9.3198000000;-0.0882000000;2.0090000000;0.0000000000;3.8587500000;0.0612500000;-44.1875000000;4.3750000000;-23.7500000000
9.3590000000;0.5292000000;1.6660000000;10.9637500000;-1.7150000000;-2.6337500000;-43.5000000000;4.3750000000;-23.7500000000
9.4178000000;-0.0196000000;2.0090000000;-2.6950000000;4.2262500000;0.1225000000;-43.5000000000;4.3750000000;-23.7500000000
9.3492000000;0.2842000000;2.0286000000;3.7362500000;-0.4900000000;-1.3475000000;-43.8750000000;3.5625000000;-22.6875000000
9.4962000000;0.2842000000;1.4896000000;-0.1225000000;-2.2662500000;0.2450000000;-44.1875000000;4.6875000000;-23.0625000000
9.2610000000;0.2058000000;1.8914000000;-0.5512500000;2.2050000000;-0.8575000000;-44.1875000000;3.5625000000;-24.5625000000
9.3492000000;0.3038000000;1.7248000000;-1.1637500000;-2.0825000000;0.5512500000;-43.8750000000;4.6875000000;-23.5000000000
9.3688000000;0.0588000000;1.5778000000;-3.4300000000;1.0412500000;0.7350000000;-43.8750000000;4.6875000000;-23.5000000000
9.3100000000;0.2058000000;1.9796000000;4.4712500000;3.7362500000;-2.0212500000;-43.8750000000;4.3750000000;-23.5000000000
9.3492000000;0.4900000000;1.6660000000;3.9812500000;-2.2050000000;-0.0612500000;-44.5625000000;4.3750000000;-23.5000000000
9.3492000000;-0.0098000000;1.6660000000;-3.4912500000;2.3887500000;1.7150000000;-43.5000000000;4.0000000000;-23.7500000000
9.2610000000;0.3822000000;2.2638000000;5.0225000000;3.4912500000;-1.5925000000;-44.1875000000;4.6875000000;-23.0625000000
9.5452000000;0.1568000000;1.7640000000;0.6737500000;0.4287500000;1.8987500000;-44.1875000000;4.6875000000;-23.0625000000
9.2806000000;-0.0098000000;1.9796000000;0.6125000000;2.1437500000;1.4087500000;-43.5000000000;4.3750000000;-24.2500000000
9.4864000000;0.1078000000;1.5288000000;-1.1637500000;-1.7762500000;1.8375000000;-43.8750000000;4.0000000000;-24.2500000000
9.3786000000;-0.1568000000;2.1168000000;-3.8587500000;2.0212500000;-0.3675000000;-43.8750000000;4.3750000000;-24.2500000000
9.3982000000;0.5586000000;2.0090000000;2.8787500000;-1.5925000000;-3.4912500000;-43.5000000000;4.6875000000;-23.0625000000
9.4472000000;0.3136000000;1.5582000000;-3.6750000000;-2.6337500000;1.0412500000;-43.5000000000;4.6875000000;-23.0625000000
9.4080000000;0.0980000000;1.8130000000;0.3675000000;-0.2450000000;0.1837500000;-44.1875000000;4.0000000000;-23.5000000000
9.3198000000;0.3332000000;1.7444000000;1.2862500000;-2.1437500000;0.2450000000;-43.8750000000;5.0625000000;-23.7500000000
9.3688000000;0.0686000000;1.6954000000;-1.5925000000;0.1837500000;0.6737500000;-43.0625000000;4.3750000000;-24.2500000000
9.3296000000;0.3038000000;1.9698000000;2.5112500000;1.3475000000;-0.7350000000;-43.5000000000;4.3750000000;-25.0000000000
9.4472000000;0.0294000000;1.7738000000;-0.7962500000;-0.9187500000;1.5312500000;-43.5000000000;4.3750000000;-25.0000000000
9.2904000000;0.1274000000;1.7738000000;1.2862500000;-0.1225000000;0.1225000000;-43.8750000000;4.6875000000;-23.7500000000
9.3198000000;0.0686000000;1.9208000000;0.6125000000;1.5312500000;0.8575000000;-43.8750000000;4.6875000000;-23.5000000000
9.3492000000;0.2254000000;1.9012000000;2.8787500000;0.5512500000;0.3062500000;-43.5000000000;4.3750000000;-23.5000000000
9.4472000000;0.2646000000;1.6562000000;1.7150000000;3.1237500000;1.7762500000;-43.0625000000;4.0000000000;-24.5625000000
9.3884000000;0.0000000000;1.7934000000;2.6950000000;3.7975000000;1.5925000000;-43.0625000000;4.0000000000;-24.5625000000
9.2904000000;0.0784000000;2.3422000000;1.5312500000;-0.3675000000;-0.7350000000;-43.5000000000;3.5625000000;-24.2500000000
9.4374000000;0.2156000000;1.8522000000;-2.0212500000;-1.1025000000;0.1837500000;-43.8750000000;4.3750000000;-23.7500000000
9.2904000000;-0.0784000000;2.1658000000;3.0625000000;1.1025000000;-1.8375000000;-43.5000000000;4.6875000000;-23.0625000000
9.4472000000;0.3332000000;1.6170000000;-0.6125000000;-4.4712500000;0.8575000000;-43.8750000000;5.5000000000;-23.7500000000
9.4276000000;-0.0588000000;1.6268000000;-3.2462500000;-0.4900000000;0.3675000000;-43.8750000000;5.5000000000;-23.7500000000
9.2806000000;0.3234000000;1.9404000000;0.9187500000;0.0612500000;-1.5925000000;-43.8750000000;4.3750000000;-23.7500000000
9.3590000000;0.3136000000;1.6660000000;-4.5325000000;0.1225000000;0.1837500000;-43.5000000000;4.6875000000;-25.0000000000
9.4178000000;0.2254000000;1.8718000000;0.9800000000;3.4300000000;-1.2250000000;-44.5625000000;4.6875000000;-23.5000000000
9.3884000000;0.3430000000;2.0874000000;1.8987500000;-0.0612500000;1.1637500000;-44.1875000000;4.6875000000;-24.5625000000
9.3786000000;0.0000000000;1.8522000000;-0.1225000000;-1.1637500000;0.9800000000;-44.1875000000;4.6875000000;-24.5625000000
9.3198000000;0.2058000000;1.7346000000;2.8787500000;-1.2250000000;-0.9187500000;-44.1875000000;4.0000000000;-23.0625000000
9.3688000000;0.2156000000;1.6562000000;-3.5525000000;1.5925000000;1.1637500000;-44.1875000000;4.3750000000;-23.0625000000
9.3590000000;0.0588000000;1.9992000000;2.2662500000;3.0625000000;-0.4287500000;-43.8750000000;4.6875000000;-23.5000000000
9.3786000000;0.3822000000;2.2050000000;1.9600000000;-0.6737500000;0.7350000000;-43.8750000000;4.0000000000;-23.5000000000
9.3394000000;-0.0490000000;1.9012000000;-1.8987500000;-3.4300000000;0.9800000000;-43.8750000000;4.0000000000;-23.5000000000
9.3100000000;0.0392000000;1.6170000000;1.0412500000;-0.1837500000;-1.6537500000;-44.5625000000;4.3750000000;-23.0625000000
9.3296000000;0.2450000000;1.9796000000;-2.2050000000;0.7350000000;-0.1837500000;-44.1875000000;5.0625000000;-23.5000000000
9.3688000000;0.0980000000;1.8424000000;-1.5925000000;0.1225000000;0.0000000000;-43.8750000000;4.6875000000;-23.7500000000
9.4276000000;0.3234000000;1.7542000000;2.3275000000;0.0612500000;-0.6125000000;-43.8750000000;4.6875000000;-23.7500000000
9.3394000000;-0.0490000000;1.8130000000;-3.7975000000;-0.6737500000;1.1637500000;-44.1875000000;4.3750000000;-24.5625000000
9.4472000000;0.1470000000;1.8914000000;2.5725000000;0.6737500000;-1.3475000000;-43.0625000000;4.3750000000;-25.0000000000
9.3590000000;0.3626000000;1.8718000000;-0.4900000000;-1.8375000000;0.0000000000;-44.5625000000;4.6875000000;-24.2500000000
9.3198000000;0.0882000000;1.8130000000;-0.9800000000;0.0000000000;0.7350000000;-43.8750000000;4.0000000000;-23.7500000000
9.3002000000;0.1862000000;2.1364000000;3.0012500000;0.6125000000;-0.8575000000;-44.5625000000;4.3750000000;-23.7500000000
9.3982000000;0.0882000000;1.9012000000;-1.0412500000;-3.0012500000;1.0412500000;-44.5625000000;4.3750000000;-23.7500000000
9.3884000000;0.2940000000;1.4602000000;2.6950000000;-1.8375000000;0.1837500000;-43.8750000000;4.6875000000;-23.7500000000
9.3786000000;0.0392000000;1.6758000000;-2.3275000000;1.8375000000;0.2450000000;-43.5000000000;4.3750000000;-23.7500000000
9.3394000000;0.1764000000;2.0286000000;0.1837500000;1.2250000000;-0.7350000000;-44.5625000000;5.0625000000;-23.5000000000
9.3590000000;0.3038000000;1.7444000000;0.4900000000;-1.5925000000;-0.2450000000;-44.5625000000;5.0625000000;-23.5000000000
9.3982000000;0.4116000000;1.3818000000;2.1437500000;1.1025000000;0.8575000000;-43.8750000000;4.6875000000;-25.0000000000
9.2316000000;0.0196000000;1.7346000000;-0.7962500000;3.8587500000;1.8375000000;-43.8750000000;4.0000000000;-23.7500000000
9.3100000000;0.1960000000;1.1956000000;-0.1225000000;6.0025000000;1.3475000000;-44.1875000000;4.3750000000;-23.5000000000
9.1826000000;0.0392000000;0.7056000000;0.4287500000;13.9650000000;0.9187500000;-43.8750000000;4.6875000000;-23.7500000000
9.0846000000;-0.1078000000;0.2548000000;0.9800000000;30.6250000000;-1.2250000000;-43.8750000000;4.6875000000;-23.7500000000
8.5358000000;0.6272000000;-0.2744000000;19.8450000000;44.7125000000;-6.0025000000;-43.8750000000;4.3750000000;-24.5625000000
8.0556000000;1.9796000000;-2.2246000000;5.5737500000;68.7837500000;1.8375000000;-42.3750000000;4.6875000000;-25.7500000000
7.4970000000;0.2744000000;-0.0392000000;-22.2337500000;122.9287500000;15.9250000000;-41.2500000000;3.5625000000;-28.1875000000
6.7522000000;-0.3234000000;3.4104000000;21.6825000000;123.9087500000;8.9425000000;-38.6875000000;5.5000000000;-31.3750000000
7.3108000000;0.5194000000;3.2046000000;17.9462500000;116.8037500000;7.2275000000;-38.6875000000;5.5000000000;-31.3750000000
6.3700000000;-0.3332000000;6.4190000000;-33.6262500000;130.6462500000;8.2687500000;-36.0625000000;4.0000000000;-35.6875000000
6.5758000000;-0.4998000000;5.8016000000;-38.3425000000;113.3737500000;13.2300000000;-31.2500000000;2.8750000000;-36.8750000000
5.8310000000;-1.9110000000;8.6828000000;-13.0462500000;132.1775000000;9.8000000000;-27.1875000000;5.3750000000;-40.7500000000
5.3508000000;0.4410000000;7.5950000000;-14.2100000000;92.1200000000;4.5937500000;-21.5625000000;6.0625000000;-44.0000000000
5.3998000000;-2.4206000000;6.9874000000;-45.0187500000;114.9662500000;23.0912500000;-21.5625000000;6.0625000000;-44.0000000000
3.4986000000;-0.7644000000;10.4468000000;-1.2862500000;109.0250000000;-0.9187500000;-18.3750000000;6.0625000000;-44.7500000000
4.6060000000;0.0392000000;6.5366000000;-38.4650000000;89.5475000000;19.9062500000;-13.3750000000;7.1875000000;-47.6875000000
3.1360000000;-3.8024000000;10.9368000000;-19.1100000000;138.9762500000;12.1275000000;-10.0625000000;7.5625000000;-48.0000000000
3.4006000000;0.3430000000;9.2218000000;36.3212500000;73.6225000000;-7.7175000000;-4.5625000000;10.5000000000;-47.5625000000
2.8518000000;-2.7832000000;10.7506000000;-30.0125000000;104.7375000000;11.1475000000;-4.5625000000;10.5000000000;-47.5625000000
1.2348000000;0.5782000000;13.5436000000;42.5687500000;81.3400000000;1.0412500000;-1.1875000000;8.6875000000;-48.0000000000
2.0188000000;-3.0576000000;11.0838000000;-50.7762500000;61.4950000000;44.8962500000;3.8750000000;8.6875000000;-49.5000000000
1.0290000000;-2.7048000000;13.6024000000;8.4525000000;50.6537500000;-13.3525000000;6.5000000000;8.0000000000;-48.0000000000
2.0188000000;0.4410000000;8.5456000000;39.3225000000;5.8800000000;-4.5937500000;9.3750000000;9.7500000000;-47.0625000000
1.3622000000;-0.9310000000;8.3006000000;-26.7050000000;21.6212500000;3.1237500000;9.3750000000;9.7500000000;-47.0625000000
0.9016000000;-0.7840000000;9.1140000000;25.4187500000;14.5775000000;1.4087500000;9.7500000000;7.1875000000;-47.1875000000
1.0192000000;-0.7056000000;9.3492000000;17.3950000000;22.1725000000;3.6750000000;10.5625000000;9.0000000000;-47.1875000000
0.8624000000;-0.9898000000;10.6428000000;-23.5812500000;19.8450000000;0.2450000000;11.5625000000;7.1875000000;-49.0625000000
1.1368000000;-1.2446000000;10.1822000000;18.4362500000;4.7162500000;-1.3475000000;12.0000000000;7.0000000000;-48.0000000000
0.9604000000;-0.6272000000;9.5452000000;21.3762500000;-1.6537500000;-3.1237500000;12.0000000000;7.0000000000;-48.0000000000
0.7546000000;-1.0486000000;9.7216000000;-5.6350000000;2.4500000000;0.7350000000;13.0625000000;6.5625000000;-48.0000000000
0.5292000000;-1.3034000000;10.2606000000;11.6375000000;0.1225000000;1.5925000000;12.7500000000;6.1875000000;-47.5625000000
0.9114000000;-0.8722000000;9.4178000000;0.0612500000;-5.2675000000;0.5512500000;12.7500000000;6.5625000000;-46.7500000000
0.9212000000;-1.0192000000;9.4864000000;-9.6162500000;0.1225000000;0.5512500000;12.7500000000;5.7500000000;-48.2500000000
0.9114000000;-1.0780000000;9.5550000000;4.1037500000;-3.1237500000;-2.5112500000;12.7500000000;5.7500000000;-48.2500000000
0.9408000000;-0.6860000000;9.4080000000;5.3287500000;-1.8375000000;-4.2875000000;12.3750000000;5.7500000000;-48.0000000000
0.9506000000;-0.5782000000;9.3982000000;-5.4512500000;-0.1225000000;0.2450000000;12.0000000000;6.1875000000;-48.0000000000
0.9800000000;-1.0486000000;9.4570000000;-1.5312500000;1.5312500000;-0.6737500000;11.5625000000;6.5625000000;-47.0625000000
0.9702000000;-0.6272000000;9.5844000000;0.2450000000;0.6125000000;-2.2050000000;12.3750000000;5.7500000000;-47.5625000000
0.8918000000;-0.7154000000;9.5452000000;-7.2275000000;3.3075000000;0.1837500000;12.3750000000;5.7500000000;-47.5625000000
0.7350000000;-0.9800000000;10.0254000000;6.4312500000;-2.5725000000;-0.3675000000;11.5625000000;7.0000000000;-47.0625000000
0.9702000000;-0.6076000000;9.3198000000;0.0612500000;-5.4512500000;1.1025000000;11.5625000000;7.0000000000;-47.5625000000
1.0192000000;-1.0290000000;9.0846000000;-5.6962500000;0.1225000000;2.1437500000;12.3750000000;7.0000000000;-48.2500000000
0.8722000000;-0.8428000000;9.5648000000;-1.7762500000;2.0212500000;-0.3675000000;12.3750000000;7.0000000000;-48.2500000000
0.8624000000;-0.9996000000;9.5844000000;-7.7175000000;2.5725000000;0.6737500000;11.5625000000;6.5625000000;-47.5625000000
0.8330000000;-0.8526000000;9.8588000000;4.8387500000;2.0212500000;-0.6737500000;12.7500000000;7.0000000000;-47.0625000000
0.9604000000;-0.8624000000;9.4374000000;2.2050000000;-2.6950000000;1.8375000000;12.0000000000;6.5625000000;-48.7500000000
0.9408000000;-1.1172000000;9.4080000000;-4.1650000000;0.9800000000;1.4087500000;12.0000000000;6.1875000000;-47.5000000000
0.8918000000;-0.9016000000;9.4374000000;0.5512500000;-0.1225000000;-0.3062500000;12.0000000000;6.1875000000;-47.5000000000
0.8624000000;-0.9898000000;9.5158000000;-1.8987500000;1.7762500000;0.2450000000;12.3750000000;7.0000000000;-47.0625000000
0.8526000000;-0.9408000000;9.7216000000;0.3675000000;0.5512500000;0.3062500000;12.3750000000;7.6875000000;-47.5625000000
0.9408000000;-0.9898000000;9.4080000000;0.7350000000;-1.4700000000;0.7962500000;12.3750000000;6.5625000000;-48.2500000000
0.8722000000;-1.0388000000;9.5550000000;0.0000000000;1.4700000000;0.1225000000;12.0000000000;7.2500000000;-47.0625000000
0.9114000000;-1.0486000000;9.4080000000;0.6737500000;-2.5112500000;0.0612500000;12.0000000000;7.2500000000;-47.0625000000
0.9408000000;-0.9702000000;9.4178000000;-1.4087500000;-0.2450000000;-1.3475000000;12.0000000000;6.5625000000;-48.7500000000
0.9408000000;-0.7840000000;9.3198000000;-0.2450000000;0.6125000000;-1.0412500000;12.0000000000;6.5625000000;-46.0000000000
0.9310000000;-0.8722000000;9.5060000000;-1.8987500000;0.9800000000;0.5512500000;12.3750000000;7.0000000000;-46.0000000000
0.8526000000;-1.0780000000;9.6236000000;-1.4700000000;1.4700000000;1.1025000000;12.7500000000;7.0000000000;-47.5625000000
0.8624000000;-1.1270000000;9.5452000000;-4.6550000000;0.1225000000;0.7350000000;12.7500000000;7.0000000000;-47.5625000000
0.9016000000;-1.0192000000;9.4766000000;2.2050000000;0.3675000000;0.0000000000;12.3750000000;7.0000000000;-48.0000000000
0.8428000000;-0.9506000000;9.5256000000;2.5112500000;0.7962500000;0.1837500000;12.7500000000;7.2500000000;-48.7500000000
0.8624000000;-0.9996000000;9.5844000000;0.7350000000;-0.6125000000;0.5512500000;12.7500000000;6.1875000000;-48.0000000000
0.9310000000;-1.1564000000;9.4668000000;-0.7962500000;-0.1225000000;0.4287500000;12.7500000000;6.5625000000;-47.0625000000
0.8624000000;-0.9898000000;9.5648000000;0.7350000000;1.0412500000;-0.9187500000;12.7500000000;6.5625000000;-47.0625000000
0.9114000000;-0.9016000000;9.4178000000;-0.1837500000;-0.4900000000;-0.3062500000;12.7500000000;7.2500000000;-48.0000000000
0.9114000000;-0.9702000000;9.3786000000;-1.3475000000;1.2250000000;0.4900000000;12.3750000000;7.0000000000;-48.2500000000
0.8134000000;-1.0878000000;9.7216000000;1.8987500000;2.8175000000;-0.1837500000;12.0000000000;7.6875000000;-46.3750000000
0.8428000000;-0.9212000000;9.6432000000;-0.9800000000;-1.8375000000;-0.1837500000;12.7500000000;7.2500000000;-47.0625000000
0.9114000000;-0.9996000000;9.3492000000;-0.6125000000;-1.1637500000;0.6737500000;12.7500000000;7.2500000000;-47.0625000000
0.8918000000;-0.9604000000;9.1728000000;0.1837500000;0.7962500000;1.0412500000;12.7500000000;7.0000000000;-47.5625000000
0.8134000000;-1.2250000000;9.6040000000;-0.6125000000;3.9200000000;0.5512500000;12.7500000000;6.5625000000;-48.2500000000
0.7938000000;-0.9702000000;9.9274000000;1.2862500000;1.7150000000;-1.2862500000;13.5000000000;7.2500000000;-48.2500000000
0.8232000000;-0.9604000000;9.5942000000;-0.4287500000;-1.4087500000;0.4287500000;13.5000000000;7.2500000000;-46.7500000000
0.7938000000;-1.0094000000;9.3100000000;-0.8575000000;-0.3675000000;0.4900000000;13.5000000000;7.2500000000;-46.7500000000
0.8232000000;-0.9996000000;9.3002000000;0.6125000000;1.2862500000;0.2450000000;13.0625000000;7.0000000000;-48.2500000000
0.7742000000;-1.2250000000;9.6138000000;-0.7962500000;2.8175000000;0.2450000000;12.7500000000;7.2500000000;-47.5000000000
0.7546000000;-0.9310000000;9.8980000000;3.2462500000;1.4700000000;-1.9600000000;13.0625000000;7.0000000000;-47.0625000000
0.9114000000;-0.9016000000;9.3884000000;0.8575000000;-2.4500000000;0.1837500000;13.8750000000;6.5625000000;-47.5625000000
0.8820000000;-0.9800000000;9.3002000000;-1.1637500000;0.1837500000;0.2450000000;13.8750000000;6.5625000000;-47.5625000000
0.7350000000;-1.0094000000;9.6628000000;-2.2050000000;0.5512500000;0.8575000000;13.0625000000;6.5625000000;-48.0000000000
0.7742000000;-1.0780000000;9.6138000000;0.2450000000;-0.4287500000;0.0612500000;12.3750000000;7.2500000000;-48.0000000000
0.7742000000;-0.9114000000;9.5746000000;-2.2662500000;-1.1637500000;-0.1225000000;13.0625000000;7.2500000000;-46.7500000000
0.8526000000;-0.9408000000;9.2512000000;0.0612500000;0.4900000000;0.9187500000;12.7500000000;7.2500000000;-47.5625000000
0.7448000000;-1.0192000000;9.6922000000;-0.4287500000;1.3475000000;0.6737500000;12.7500000000;7.2500000000;-47.5625000000
0.8036000000;-1.1858000000;9.6432000000;-2.4500000000;0.0000000000;0.9187500000;13.8750000000;6.5625000000;-48.0000000000
0.8330000000;-1.0878000000;9.6236000000;1.1025000000;-0.8575000000;-0.1837500000;13.5000000000;6.5625000000;-48.3750000000
0.7938000000;-1.0976000000;9.5844000000;-0.3675000000;-2.0212500000;-0.1225000000;13.8750000000;7.0000000000;-47.0625000000
0.8036000000;-0.9016000000;9.4668000000;0.5512500000;-0.1837500000;-0.0612500000;12.7500000000;7.2500000000;-47.0625000000
0.7938000000;-1.0192000000;9.4570000000;-0.4287500000;-0.2450000000;0.5512500000;12.7500000000;7.2500000000;-47.0625000000
0.8330000000;-1.0486000000;9.5256000000;-1.4700000000;-0.9800000000;0.8575000000;12.3750000000;7.0000000000;-46.7500000000
0.8624000000;-1.1074000000;9.5060000000;2.0825000000;0.1225000000;-0.2450000000;13.0625000000;7.6875000000;-47.5625000000
0.8428000000;-1.0976000000;9.6628000000;-0.7962500000;-0.7350000000;0.0000000000;13.0625000000;6.5625000000;-47.5625000000
0.9114000000;-1.0878000000;9.4276000000;-0.0612500000;-2.3887500000;-0.1225000000;13.0625000000;6.5625000000;-47.5625000000
0.8722000000;-0.9702000000;9.3492000000;0.1837500000;0.2450000000;-0.1837500000;12.7500000000;7.6875000000;-47.0625000000
0.8428000000;-1.0290000000;9.4178000000;-0.9187500000;1.0412500000;-0.2450000000;13.5000000000;7.2500000000;-47.5625000000
0.9114000000;-1.0486000000;9.4962000000;0.7962500000;0.8575000000;-0.1837500000;13.0625000000;7.2500000000;-47.5625000000
0.8428000000;-1.0192000000;9.5354000000;1.5312500000;1.0412500000;-0.3675000000;12.7500000000;7.2500000000;-47.0625000000
0.7252000000;-0.9898000000;9.5942000000;-0.6737500000;0.0000000000;-0.2450000000;12.7500000000;6.5625000000;-47.5625000000
0.8036000000;-0.9604000000;9.4864000000;0.8575000000;-0.2450000000;0.0000000000;12.7500000000;6.5625000000;-47.5625000000
0.8428000000;-1.0878000000;9.4374000000;-0.3062500000;1.1025000000;0.9187500000;12.7500000000;7.2500000000;-48.0000000000
0.8330000000;-1.0976000000;9.5648000000;0.3062500000;1.0412500000;0.3062500000;12.7500000000;7.2500000000;-47.5625000000
0.8036000000;-1.0192000000;9.7706000000;0.9187500000;-0.2450000000;-0.0612500000;13.5000000000;7.6875000000;-48.0000000000
0.8526000000;-1.0388000000;9.4864000000;-1.1637500000;-1.7762500000;0.3062500000;13.5000000000;7.6875000000;-48.0000000000
0.7938000000;-0.9898000000;9.3884000000;0.6125000000;0.4287500000;-0.1837500000;12.3750000000;5.5000000000;-47.0625000000
0.8330000000;-1.0878000000;9.4962000000;-1.1637500000;-0.1837500000;0.3062500000;12.3750000000;6.5625000000;-46.3750000000
0.8330000000;-1.1466000000;9.5746000000;0.9800000000;0.0000000000;-0.5512500000;12.3750000000;7.2500000000;-48.3750000000
0.8428000000;-1.1074000000;9.4276000000;3.2462500000;0.4287500000;-0.7350000000;12.3750000000;7.0000000000;-48.7500000000
0.8134000000;-1.0388000000;9.5550000000;-0.3062500000;1.5925000000;-0.9800000000;12.3750000000;7.0000000000;-48.7500000000
0.8330000000;-0.9408000000;9.5158000000;0.4287500000;1.2250000000;-1.2250000000;12.7500000000;7.0000000000;-47.5625000000
0.7252000000;-0.9408000000;9.6628000000;4.1037500000;2.0825000000;-0.7350000000;13.0625000000;7.0000000000;-47.1875000000
0.7742000000;-0.9800000000;9.6824000000;-0.5512500000;-0.3675000000;0.4287500000;13.5000000000;6.1875000000;-48.0000000000
0.8722000000;-1.1270000000;9.9176000000;2.2050000000;-0.6125000000;-1.0412500000;12.3750000000;7.0000000000;-48.0000000000
0.7742000000;-1.7738000000;11.0936000000;0.9187500000;-5.2062500000;-0.5512500000;12.3750000000;7.0000000000;-48.0000000000
0.4410000000;-0.7252000000;13.4848000000;39.1387500000;-33.4425000000;-6.3700000000;13.0625000000;6.5625000000;-48.7500000000
0.9212000000;-0.9996000000;12.4166000000;-23.8262500000;-61.2500000000;1.9600000000;12.3750000000;6.1875000000;-48.0000000000
0.5390000000;-2.2932000000;15.6702000000;29.7675000000;-69.7025000000;-9.6162500000;11.5625000000;5.7500000000;-47.5625000000
1.1956000000;0.3332000000;14.7588000000;23.6425000000;-134.2600000000;-13.7200000000;9.0625000000;7.0000000000;-48.3750000000
2.3128000000;-1.1564000000;11.9266000000;-64.3125000000;-154.2887500000;-5.5737500000;9.0625000000;7.0000000000;-48.3750000000
1.4700000000;-2.4108000000;13.1614000000;12.5562500000;-171.9900000000;-21.5600000000;3.5000000000;5.5000000000;-49.0625000000
1.7934000000;-0.5390000000;8.7220000000;55.0025000000;-213.7625000000;-20.0900000000;-3.5000000000;7.6875000000;-47.5625000000
2.8518000000;-0.7742000000;6.8502000000;58.1262500000;-200.1650000000;-17.2725000000;-11.6875000000;6.1875000000;-47.5625000000
3.2242000000;0.2940000000;5.0862000000;46.7337500000;-207.6375000000;-14.8837500000;-19.8750000000;4.6875000000;-45.1875000000
4.4492000000;1.2250000000;2.2834000000;4.2262500000;-217.3150000000;-7.5337500000;-19.8750000000;4.6875000000;-45.1875000000
5.4880000000;2.0188000000;-1.3034000000;-8.1462500000;-180.2587500000;2.4500000000;-28.0000000000;2.5000000000;-40.7500000000
6.8894000000;-0.0294000000;-4.9098000000;-55.6150000000;-127.1550000000;20.6412500000;-35.0000000000;2.0625000000;-34.0625000000
8.8690000000;-1.1858000000;-6.6150000000;44.4062500000;-51.8787500000;-1.8375000000;-39.0000000000;3.2500000000;-29.8750000000
8.4574000000;1.4700000000;-5.4194000000;59.6575000000;18.0075000000;-15.0675000000;-41.6875000000;4.3750000000;-26.1875000000
8.5848000000;-0.4018000000;-2.4990000000;-2.2050000000;81.6462500000;-4.1037500000;-41.6875000000;4.3750000000;-26.1875000000
7.2128000000;-0.4508000000;2.4794000000;11.7600000000;115.5787500000;-20.5800000000;-42.0000000000;2.0625000000;-27.3750000000
7.0756000000;1.3720000000;-0.5194000000;-10.4125000000;88.7512500000;-19.7837500000;-39.7500000000;1.7500000000;-30.5625000000
6.4974000000;0.0980000000;-1.0388000000;-10.0450000000;134.9337500000;-9.3100000000;-36.8750000000;1.0000000000;-33.0000000000
4.1846000000;1.8326000000;3.3810000000;-8.6362500000;178.7887500000;-20.8862500000;-33.1875000000;1.0000000000;-36.8750000000
4.0082000000;-1.0290000000;4.6844000000;-78.3387500000;191.9575000000;6.6150000000;-33.1875000000;1.0000000000;-36.8750000000
0.9604000000;2.3128000000;8.9670000000;-30.7475000000;204.2687500000;-3.6137500000;-26.8750000000;0.2500000000;-43.1875000000
2.6460000000;-2.0874000000;4.9294000000;-116.1300000000;177.4412500000;44.7737500000;-19.5000000000;2.0625000000;-47.5625000000
-0.8526000000;-1.9796000000;15.1802000000;68.4162500000;264.1712500000;5.3900000000;-12.5625000000;4.6875000000;-48.0000000000
0.0980000000;5.4292000000;12.1324000000;-72.7037500000;137.8125000000;41.4662500000;-1.7500000000;5.7500000000;-49.8750000000
-0.7644000000;-9.3688000000;18.3848000000;-29.2775000000;201.8800000000;42.0175000000;-1.7500000000;5.7500000000;-49.8750000000
-1.0780000000;1.3034000000;24.7842000000;104.9825000000;54.8800000000;-19.5387500000;4.0625000000;6.5625000000;-47.5625000000
1.1466000000;-1.5778000000;18.5514000000;-104.0637500000;-19.7837500000;9.9225000000;12.6875000000;6.5625000000;-48.2500000000
-0.1372000000;-2.7930000000;18.0516000000;18.8650000000;-100.3275000000;-1.1025000000;13.3750000000;5.5000000000;-47.5625000000
0.4214000000;-1.3622000000;13.4456000000;-29.2775000000;-127.2162500000;-1.7150000000;10.7500000000;7.6875000000;-47.8750000000
0.1176000000;-3.2340000000;14.3570000000;0.3062500000;-162.0062500000;-14.8225000000;10.7500000000;7.6875000000;-47.8750000000
0.3332000000;-0.4704000000;12.8086000000;54.2675000000;-210.2712500000;-28.7262500000;5.6875000000;9.0625000000;-49.0000000000
1.5680000000;-1.2446000000;7.8792000000;5.3287500000;-229.0137500000;-24.3162500000;-0.6875000000;8.5000000000;-49.7500000000
2.0874000000;-0.5390000000;5.6546000000;58.9837500000;-227.7887500000;-29.7675000000;-10.1875000000;7.2500000000;-47.8750000000
2.9008000000;0.6958000000;4.3806000000;97.5100000000;-214.6200000000;-14.7000000000;-20.5625000000;5.7500000000;-44.2500000000
4.8608000000;0.9800000000;0.6664000000;30.6250000000;-184.3012500000;7.9012500000;-20.5625000000;5.7500000000;-44.2500000000
5.3802000000;0.5978000000;0.3234000000;-33.3812500000;-162.4350000000;10.4737500000;-28.3750000000;2.5000000000;-40.3750000000
7.2128000000;-0.6272000000;-2.4010000000;1.5312500000;-137.3837500000;12.6787500000;-34.5625000000;1.0000000000;-35.1875000000
8.4084000000;0.4312000000;-5.5566000000;38.7712500000;-71.4787500000;4.6550000000;-39.0625000000;2.5000000000;-31.7500000000
8.6436000000;0.4802000000;-5.7722000000;34.6675000000;-20.7637500000;-5.0225000000;-39.0625000000;2.5000000000;-31.7500000000
8.5358000000;0.2646000000;-4.2924000000;18.3137500000;67.4975000000;3.1850000000;-40.5000000000;1.0000000000;-29.3750000000
7.1148000000;-0.7056000000;1.5778000000;8.8200000000;118.0900000000;-7.9012500000;-41.6875000000;1.0000000000;-28.0625000000
7.1344000000;0.9506000000;-0.4312000000;-30.2575000000;100.2050000000;-14.9450000000;-38.2500000000;1.0000000000;-30.8750000000
6.1054000000;0.5586000000;-0.5684000000;-72.5812500000;132.3612500000;-13.9650000000;-36.5000000000;0.5625000000;-35.1875000000
4.3610000000;1.2544000000;2.0188000000;-35.7700000000;173.2150000000;9.2487500000;-36.5000000000;0.5625000000;-35.1875000000
3.5672000000;-3.5868000000;5.4292000000;-57.0237500000;220.8062500000;21.9275000000;-31.6875000000;1.3750000000;-38.7500000000
0.8918000000;3.1360000000;13.3280000000;59.9025000000;214.2525000000;3.0012500000;-24.6875000000;2.8750000000;-44.2500000000
3.5378000000;-0.5390000000;1.8130000000;-131.3200000000;149.1437500000;46.5500000000;-15.7500000000;3.2500000000;-46.1875000000
-1.5974000000;-4.6158000000;16.6894000000;49.8575000000;290.0187500000;19.4162500000;-9.5000000000;5.5000000000;-48.2500000000
1.3622000000;4.3904000000;8.7024000000;28.7262500000;98.3675000000;13.2300000000;-9.5000000000;5.5000000000;-48.2500000000
-1.6366000000;-8.6828000000;14.1414000000;-123.9087500000;222.3987500000;27.9300000000;1.5625000000;5.5000000000;-49.3750000000
-0.7840000000;1.6758000000;20.4722000000;131.0137500000;108.1675000000;-23.4587500000;6.7500000000;5.5000000000;-46.6875000000
-1.1074000000;-1.3524000000;22.3636000000;-34.9737500000;18.4975000000;-5.4512500000;15.0000000000;5.7500000000;-47.5000000000
-0.7056000000;-0.6468000000;17.1892000000;-24.8675000000;-60.8212500000;-5.8800000000;17.8750000000;4.0000000000;-47.3750000000
-0.9506000000;-2.0678000000;15.2880000000;-16.5987500000;-107.3712500000;4.2875000000;17.8750000000;4.0000000000;-47.3750000000
-0.5978000000;-0.1470000000;14.2296000000;18.4975000000;-145.1625000000;-12.4337500000;14.1875000000;5.5000000000;-48.1875000000
0.9114000000;-2.3226000000;10.2802000000;-30.4412500000;-178.7275000000;-11.0250000000;10.5000000000;6.1875000000;-48.5625000000
0.4508000000;-0.4116000000;11.9756000000;74.3575000000;-181.3000000000;-25.4800000000;2.2500000000;6.5625000000;-49.3750000000
1.5876000000;0.0000000000;6.8698000000;30.6250000000;-221.1125000000;-7.2887500000;-3.5625000000;5.0625000000;-48.0625000000
2.8322000000;-0.6762000000;5.0274000000;14.5775000000;-200.9612500000;-11.5150000000;-3.5625000000;5.0625000000;-48.0625000000
3.4888000000;0.7546000000;4.6844000000;46.0600000000;-188.5887500000;-6.3700000000;-12.5000000000;4.0000000000;-47.0000000000
4.9588000000;0.9114000000;1.1368000000;3.3075000000;-185.0975000000;7.2275000000;-21.3750000000;3.5625000000;-43.8750000000
6.4876000000;-0.6174000000;-1.3034000000;-56.4725000000;-145.7137500000;6.3700000000;-28.0000000000;2.5000000000;-39.1875000000
7.4284000000;0.3038000000;-2.4108000000;23.9487500000;-112.2712500000;-3.0625000000;-34.0000000000;4.3750000000;-36.0000000000
8.8298000000;1.4700000000;-4.8510000000;-8.7587500000;-66.5787500000;0.8575000000;-34.0000000000;4.3750000000;-36.0000000000
8.6828000000;0.0686000000;-2.3716000000;-18.1912500000;13.5362500000;8.1462500000;-37.0000000000;4.0000000000;-32.8750000000
8.3888000000;-0.2254000000;-0.9702000000;-4.3487500000;54.3900000000;10.9637500000;-39.0625000000;4.3750000000;-32.0000000000
7.7028000000;-0.1764000000;-0.5390000000;-6.3087500000;87.0975000000;-0.9187500000;-38.2500000000;5.0625000000;-32.3750000000
6.6542000000;1.2250000000;-0.9800000000;3.0625000000;116.7425000000;-0.1225000000;-36.0625000000;5.0625000000;-34.7500000000
5.1058000000;0.0294000000;0.2548000000;-33.8712500000;161.3325000000;7.6562500000;-36.0625000000;5.0625000000;-34.7500000000
3.3222000000;0.5586000000;1.9992000000;-77.4200000000;188.9562500000;9.5550000000;-32.7500000000;4.5625000000;-38.0000000000
1.6366000000;-2.2050000000;7.7910000000;-6.0025000000;220.8675000000;28.9100000000;-25.3750000000;6.5000000000;-41.5000000000
1.4406000000;0.2548000000;6.9874000000;4.0425000000;188.2825000000;23.3975000000;-18.0000000000;9.0000000000;-45.5000000000
-0.8526000000;-4.8706000000;13.4260000000;-40.4862500000;258.5362500000;33.5037500000;-10.1875000000;7.5625000000;-49.0000000000
-0.0392000000;2.3618000000;11.5640000000;56.7175000000;174.9300000000;3.7975000000;-10.1875000000;7.5625000000;-49.0000000000
-1.5092000000;-6.8992000000;15.9740000000;-72.3975000000;196.3062500000;47.4075000000;0.5000000000;8.6875000000;-48.5625000000
-1.3034000000;1.0486000000;19.9822000000;105.5337500000;136.7712500000;-15.1287500000;8.1875000000;7.1875000000;-49.0000000000
0.6566000000;-0.0098000000;18.7376000000;-14.7612500000;30.0737500000;23.8875000000;16.0000000000;6.5000000000;-47.3750000000
-0.9114000000;-3.8122000000;18.7180000000;-17.9462500000;-1.8375000000;5.7575000000;17.7500000000;4.2500000000;-46.2500000000
-1.5582000000;-0.5586000000;15.4350000000;3.6137500000;-122.9900000000;11.4537500000;17.7500000000;4.2500000000;-46.2500000000
-1.8130000000;-4.1846000000;17.4832000000;-34.4225000000;-123.6025000000;-5.1450000000;17.5000000000;5.6875000000;-46.6875000000
-0.5390000000;-1.3034000000;13.7102000000;3.4300000000;-198.3887500000;-23.8262500000;13.0000000000;6.8750000000;-48.0625000000
0.3528000000;-2.7146000000;11.6326000000;-0.1225000000;-214.2525000000;-26.8275000000;7.0625000000;7.1875000000;-48.5625000000
0.7056000000;-1.0388000000;10.2900000000;25.3575000000;-223.9912500000;-38.8937500000;-2.0625000000;7.5625000000;-48.5000000000
1.8718000000;-0.4802000000;5.6546000000;-15.6187500000;-238.0175000000;-32.0337500000;-2.0625000000;7.5625000000;-48.5000000000
3.6162000000;-0.6664000000;2.5676000000;21.3150000000;-187.9762500000;-33.6262500000;-12.7500000000;7.1875000000;-46.0625000000
4.0670000000;0.1568000000;2.9890000000;41.0375000000;-186.2612500000;-24.6225000000;-22.0000000000;8.0000000000;-42.1875000000
5.5860000000;0.9408000000;0.2744000000;13.5975000000;-175.8487500000;-19.5387500000;-30.0000000000;6.1875000000;-39.1875000000
7.0070000000;0.4704000000;-0.7350000000;-29.5837500000;-136.7100000000;-23.6425000000;-30.0000000000;6.1875000000;-39.1875000000
8.0458000000;2.1070000000;-3.3810000000;4.7162500000;-121.0912500000;-16.4762500000;-35.7500000000;5.7500000000;-34.3750000000
9.0062000000;1.6954000000;-5.9192000000;36.8725000000;-56.3500000000;4.9000000000;-38.7500000000;5.5000000000;-30.5625000000
9.0650000000;1.2446000000;-4.3120000000;27.1337500000;21.4987500000;15.8637500000;-42.5000000000;4.3750000000;-25.6875000000
8.7906000000;-1.5876000000;-0.6664000000;14.5162500000;86.7300000000;19.1712500000;-42.7500000000;3.2500000000;-25.7500000000
7.7616000000;-0.8036000000;1.2348000000;20.9475000000;73.8675000000;-15.2512500000;-42.7500000000;3.2500000000;-25.7500000000
7.9184000000;0.2842000000;-0.7938000000;3.8587500000;98.3062500000;-17.3950000000;-42.0625000000;4.0000000000;-29.3750000000
6.3504000000;1.8522000000;0.1666000000;44.7737500000;143.3250000000;-20.6412500000;-38.7500000000;3.2500000000;-30.5625000000
5.1744000000;2.8910000000;0.2450000000;-81.8912500000;159.4337500000;9.0037500000;-36.5625000000;1.3750000000;-35.2500000000
4.3610000000;-3.2830000000;5.1940000000;-93.0387500000;232.1987500000;36.0150000000;-31.0000000000;2.0625000000;-37.6875000000
2.4304000000;0.4018000000;10.1234000000;13.5362500000;186.5062500000;7.4112500000;-31.0000000000;2.0625000000;-37.6875000000
3.6848000000;-0.5684000000;2.2638000000;-132.7287500000;177.1350000000;37.1175000000;-24.0000000000;6.5625000000;-43.1875000000
-1.2838000000;-4.4296000000;16.4542000000;87.1587500000;258.1075000000;15.7412500000;-16.1875000000;6.5625000000;-47.5000000000
2.1756000000;4.8608000000;7.1736000000;-37.2400000000;130.2787500000;20.2737500000;-7.0000000000;10.5625000000;-48.2500000000
-1.4700000000;-9.8784000000;14.9646000000;-151.2262500000;225.8287500000;65.3537500000;1.0625000000;6.1875000000;-49.8750000000
-0.6958000000;-0.3430000000;18.4240000000;172.2962500000;92.6712500000;-2.6950000000;1.0625000000;6.1875000000;-49.8750000000
1.8032000000;0.4508000000;8.7612000000;-96.1625000000;46.2437500000;20.2737500000;9.1875000000;13.1875000000;-46.6875000000
-0.9016000000;-6.0858000000;17.8360000000;-10.4125000000;74.6637500000;5.2675000000;14.1875000000;7.0000000000;-48.2500000000
-0.9702000000;-1.5484000000;15.9936000000;36.8725000000;-48.8775000000;3.6137500000;17.0000000000;10.6875000000;-46.0000000000
-0.9702000000;-4.1846000000;16.1210000000;-47.0400000000;-63.2100000000;-13.9037500000;17.0000000000;8.8750000000;-46.0000000000
-0.7056000000;-1.2642000000;15.1410000000;53.3487500000;-134.3212500000;-19.9062500000;17.0000000000;8.8750000000;-46.0000000000
0.0588000000;-2.6558000000;12.6028000000;-14.8225000000;-153.6150000000;-17.4562500000;14.3750000000;10.0000000000;-47.5000000000
0.1274000000;-1.3622000000;12.2304000000;9.8000000000;-178.5437500000;-25.6025000000;8.8750000000;9.0625000000;-47.8750000000
1.1368000000;-1.4700000000;9.8196000000;19.6612500000;-196.3675000000;-21.4987500000;2.5625000000;9.5000000000;-47.5000000000
1.4602000000;-1.0780000000;7.5656000000;-22.9687500000;-211.0675000000;-28.2362500000;-5.5000000000;10.6875000000;-48.2500000000
2.3912000000;-0.5194000000;4.1748000000;-13.2912500000;-223.9912500000;-31.2987500000;-5.5000000000;10.6875000000;-48.2500000000
4.0964000000;-1.8130000000;2.6852000000;52.8587500000;-193.1212500000;-23.8262500000;-13.2500000000;10.0000000000;-46.0000000000
5.2136000000;0.7252000000;1.2054000000;65.7212500000;-183.9337500000;-22.4787500000;-23.5625000000;11.0625000000;-42.3750000000
7.2324000000;0.2058000000;-1.6856000000;-1.2862500000;-152.1450000000;-6.1250000000;-30.2500000000;7.7500000000;-38.5000000000
8.6926000000;0.6468000000;-3.2732000000;-3.6750000000;-99.0412500000;-4.4712500000;-36.1875000000;5.8750000000;-34.0625000000
8.7808000000;1.7346000000;-4.5276000000;-30.0737500000;-46.4887500000;9.0650000000;-36.1875000000;5.8750000000;-34.0625000000
9.0160000000;-0.7154000000;-2.5186000000;-10.9637500000;34.4837500000;18.1300000000;-38.7500000000;6.6875000000;-29.7500000000
7.9968000000;-0.3920000000;-0.0196000000;21.0700000000;68.6612500000;7.7787500000;-40.2500000000;7.7500000000;-29.3750000000
7.9380000000;-0.0588000000;-0.4508000000;6.1250000000;97.4487500000;-1.8375000000;-38.3750000000;8.1875000000;-31.0000000000
6.5954000000;1.1466000000;0.5684000000;9.3100000000;125.0725000000;-1.4087500000;-36.5625000000;8.5000000000;-33.6875000000
5.5664000000;1.0780000000;0.3430000000;-44.8350000000;134.9950000000;23.0300000000;-36.5625000000;8.5000000000;-33.6875000000
4.5374000000;-2.6558000000;3.3418000000;12.9850000000;186.0775000000;24.5000000000;-32.8750000000;7.2500000000;-37.5625000000
2.6558000000;1.4210000000;6.2426000000;49.2450000000;158.6987500000;13.4137500000;-27.2500000000;9.5000000000;-40.0000000000
2.6264000000;-3.6064000000;7.2912000000;-28.6650000000;211.8025000000;24.3162500000;-20.6875000000;7.2500000000;-44.2500000000
1.2642000000;-0.7742000000;10.5644000000;13.4137500000;187.5475000000;10.4737500000;-13.5625000000;7.7500000000;-46.7500000000
0.4606000000;-0.0980000000;13.4162000000;-3.5525000000;185.7100000000;23.7037500000;-13.5625000000;7.7500000000;-46.7500000000
1.2152000000;-3.8122000000;13.0046000000;-75.4600000000;147.2450000000;29.0937500000;-5.5000000000;6.5625000000;-48.6875000000
-0.2842000000;-0.9996000000;17.3950000000;50.8375000000;127.5225000000;19.9062500000;2.1875000000;7.6875000000;-48.6875000000
1.4798000000;-2.8224000000;15.5918000000;-79.9312500000;62.2912500000;13.5975000000;8.8750000000;8.7500000000;-47.8750000000
0.3136000000;-4.4688000000;20.6486000000;63.0262500000;4.7775000000;-12.1887500000;11.3750000000;9.0625000000;-47.5000000000
1.0486000000;-0.8820000000;16.0328000000;-8.5137500000;-96.8975000000;-5.2675000000;11.3750000000;9.0625000000;-47.5000000000
0.8330000000;-3.7436000000;14.5530000000;4.0425000000;-101.9812500000;-12.6787500000;12.5625000000;8.0625000000;-47.5000000000
0.3528000000;-1.3230000000;15.2292000000;0.8575000000;-158.4537500000;-15.6800000000;8.8750000000;9.0625000000;-48.1875000000
1.1466000000;-3.3418000000;11.9854000000;10.2287500000;-193.4887500000;-24.8062500000;4.3750000000;8.7500000000;-48.5625000000
1.5680000000;-0.7644000000;10.7114000000;72.8262500000;-200.2262500000;-37.4237500000;-4.0625000000;9.0625000000;-47.7500000000
2.1854000000;-0.5880000000;7.0462000000;2.1437500000;-211.5575000000;-23.7650000000;-4.0625000000;9.0625000000;-47.7500000000
3.4986000000;-1.2446000000;4.3218000000;35.8925000000;-189.6300000000;-27.0112500000;-11.7500000000;7.6875000000;-46.1875000000
3.8514000000;0.5488000000;3.2732000000;58.9225000000;-190.3037500000;-16.3537500000;-21.0625000000;7.6875000000;-43.8750000000
5.3410000000;0.0196000000;0.8918000000;5.4512500000;-171.9287500000;-7.1050000000;-28.0625000000;4.3750000000;-39.5625000000
6.7718000000;0.5292000000;-0.9702000000;-25.1125000000;-147.2450000000;-17.3337500000;-28.0625000000;4.3750000000;-39.5625000000
7.7616000000;0.6762000000;-3.1850000000;6.4925000000;-103.5125000000;-12.1887500000;-34.2500000000;4.0000000000;-35.6875000000
8.3692000000;1.0486000000;-4.2532000000;1.7762500000;-49.7350000000;-5.2675000000;-38.7500000000;3.5625000000;-31.7500000000
9.2904000000;0.9506000000;-3.3712000000;-37.1175000000;-3.3075000000;-0.1225000000;-41.0000000000;3.2500000000;-28.5625000000
8.6632000000;-0.4312000000;-0.7546000000;4.5937500000;52.6137500000;8.2687500000;-40.8750000000;4.0000000000;-27.7500000000
8.0066000000;0.5096000000;0.3430000000;36.9337500000;73.1325000000;-8.3912500000;-40.8750000000;4.0000000000;-27.7500000000
7.7028000000;1.3328000000;-0.9506000000;3.7362500000;93.0387500000;-0.6737500000;-40.5000000000;4.0000000000;-28.1875000000
6.4876000000;0.0098000000;0.1176000000;4.7162500000;136.7100000000;4.3487500000;-38.0000000000;3.5625000000;-33.0000000000
4.5276000000;2.6950000000;0.7644000000;-21.4987500000;157.4737500000;7.2887500000;-34.1875000000;2.5000000000;-36.0625000000
3.4986000000;-2.0678000000;3.4496000000;-98.2450000000;199.1237500000;42.4462500000;-29.8750000000;2.5000000000;-39.8750000000
1.6170000000;0.2940000000;8.1340000000;-18.4362500000;198.3275000000;29.0937500000;-29.8750000000;2.5000000000;-39.8750000000
2.7244000000;-2.1756000000;5.1646000000;-28.1750000000;179.8912500000;55.7987500000;-22.7500000000;6.5625000000;-43.8750000000
-0.3038000000;-3.2438000000;13.3966000000;27.3175000000;245.8575000000;21.5600000000;-14.6875000000;7.2500000000;-47.3750000000
0.2156000000;0.7056000000;14.0826000000;82.9325000000;207.8212500000;-0.3675000000;-5.8750000000;8.0625000000;-48.6875000000
-0.0784000000;-2.0286000000;16.6894000000;-39.3837500000;197.9600000000;5.6962500000;2.5625000000;5.0625000000;-49.0625000000
0.4606000000;0.0686000000;15.4350000000;-9.1262500000;93.5900000000;1.4700000000;2.5625000000;5.0625000000;-49.0625000000
-0.3724000000;-2.4598000000;16.6894000000;-6.9212500000;80.4212500000;14.7000000000;11.1875000000;4.6875000000;-48.6875000000
-1.1466000000;-0.2058000000;19.0806000000;4.2262500000;-13.1075000000;-3.6137500000;14.5000000000;5.7500000000;-47.0000000000
-0.2450000000;-2.0090000000;14.0630000000;-2.3275000000;-90.5275000000;8.1462500000;17.7500000000;5.0625000000;-45.8750000000
-1.4798000000;-1.3034000000;17.5126000000;25.9700000000;-106.8812500000;-4.8387500000;14.5000000000;5.7500000000;-47.0000000000
0.2744000000;-2.9400000000;12.9850000000;-17.3950000000;-182.1575000000;-7.3500000000;14.5000000000;5.7500000000;-47.0000000000
0.4116000000;-0.3430000000;12.9164000000;27.6237500000;-196.0000000000;-26.9500000000;10.7500000000;5.0625000000;-48.5625000000
0.8918000000;-0.8526000000;8.2908000000;-18.3137500000;-242.2437500000;-21.0700000000;3.0000000000;5.5000000000;-48.5625000000
2.3128000000;-2.3520000000;5.7232000000;5.7575000000;-225.4000000000;-25.0512500000;-5.7500000000;5.7500000000;-49.3750000000
2.3814000000;1.2838000000;4.8020000000;76.3787500000;-212.1700000000;-30.7475000000;-15.3750000000;5.5000000000;-46.5625000000
4.7040000000;0.5488000000;0.6762000000;8.6975000000;-200.7775000000;-7.3500000000;-15.3750000000;5.5000000000;-46.5625000000
5.3802000000;-0.7840000000;2.2148000000;-27.1337500000;-146.9387500000;-18.5587500000;-24.2500000000;3.2500000000;-42.2500000000
6.3700000000;1.2936000000;0.1960000000;-3.3075000000;-156.1262500000;-32.8912500000;-31.6875000000;2.7500000000;-38.3750000000
7.5362000000;1.8032000000;-3.3418000000;-18.0687500000;-126.1137500000;-14.7000000000;-35.3750000000;3.1875000000;-34.0000000000
8.4868000000;1.7444000000;-5.4586000000;52.8587500000;-73.7450000000;1.7150000000;-40.5000000000;2.7500000000;-27.6875000000
8.9572000000;1.0780000000;-4.2728000000;18.1912500000;13.3525000000;6.0637500000;-40.5000000000;2.7500000000;-27.6875000000
7.8106000000;0.1764000000;-0.1078000000;-14.8225000000;83.3612500000;6.5537500000;-42.7500000000;1.7500000000;-26.0625000000
7.8890000000;0.5684000000;-0.9996000000;-6.7987500000;86.0562500000;3.7975000000;-41.6875000000;2.5000000000;-27.6875000000
6.7424000000;1.2348000000;-1.5876000000;-14.2100000000;121.7650000000;6.3700000000;-38.2500000000;2.0625000000;-30.5000000000
5.0274000000;0.6272000000;-0.5194000000;-55.9212500000;179.0337500000;14.7000000000;-36.5000000000;1.7500000000;-35.1875000000
3.2438000000;0.0294000000;3.1654000000;-74.2350000000;211.0675000000;27.1950000000;-36.5000000000;1.7500000000;-35.1875000000
1.8424000000;-0.8036000000;6.8012000000;-42.6912500000;219.4587500000;43.1812500000;-30.1875000000;4.0000000000;-39.8750000000
1.6170000000;-1.4700000000;7.6832000000;-32.7075000000;212.5987500000;43.8550000000;-23.5000000000;7.6875000000;-43.8750000000
-0.0882000000;-3.5182000000;10.1822000000;-5.5125000000;237.0987500000;45.9375000000;-14.6875000000;10.1875000000;-47.7500000000
-0.0882000000;0.6566000000;15.4154000000;119.3762500000;231.7087500000;6.6150000000;-4.0625000000;10.1875000000;-47.7500000000
-0.6468000000;-3.3810000000;12.8478000000;-77.4200000000;173.4600000000;16.5375000000;-4.0625000000;10.1875000000;-47.7500000000
-0.9114000000;-1.7934000000;17.9046000000;40.7925000000;171.3775000000;-3.0012500000;5.2500000000;6.5000000000;-48.5625000000
0.2842000000;2.1168000000;11.5444000000;55.7375000000;43.8550000000;13.4137500000;12.6875000000;8.0000000000;-46.1875000000
-2.1952000000;-4.7432000000;23.9120000000;-58.5550000000;51.0825000000;15.4962500000;17.5000000000;4.5625000000;-45.8750000000
-0.6860000000;-0.2352000000;15.7682000000;14.0262500000;-62.7812500000;-2.0825000000;19.0000000000;6.0625000000;-46.1875000000
-2.1952000000;-2.9302000000;16.3366000000;2.8787500000;-87.7712500000;10.4125000000;19.0000000000;6.0625000000;-46.1875000000
-1.1858000000;-0.7056000000;16.0230000000;6.4312500000;-161.6387500000;-15.4350000000;16.6875000000;5.6875000000;-46.6875000000
-0.2450000000;-2.7342000000;13.3182000000;-29.0325000000;-187.6087500000;-9.2487500000;13.0000000000;6.5000000000;-47.0000000000
0.2058000000;-1.4504000000;12.4264000000;4.6550000000;-218.4787500000;-31.4825000000;6.7500000000;7.5625000000;-48.0625000000
0.2254000000;-0.4802000000;9.2120000000;-24.7450000000;-252.6562500000;-26.5825000000;-2.7500000000;8.6875000000;-47.6875000000
1.7542000000;-1.7052000000;5.6252000000;24.4387500000;-244.5712500000;-30.6250000000;-2.7500000000;8.6875000000;-47.6875000000
3.1360000000;-0.2646000000;3.0086000000;54.4512500000;-222.4600000000;-22.2950000000;-14.2500000000;9.7500000000;-46.1875000000
4.2924000000;0.1470000000;0.4018000000;18.8650000000;-199.8587500000;-20.2125000000;-23.5000000000;8.3750000000;-41.5000000000
6.2230000000;0.4214000000;0.1862000000;-4.0425000000;-158.8212500000;-18.2525000000;-31.6875000000;5.7500000000;-38.3750000000
7.1834000000;0.5194000000;-1.8228000000;-4.4712500000;-141.0587500000;-15.6187500000;-31.6875000000;5.7500000000;-38.3750000000
8.0752000000;1.2838000000;-3.7436000000;-7.5337500000;-80.6662500000;-13.1075000000;-36.5000000000;5.5000000000;-33.1875000000
8.8298000000;1.0290000000;-4.3414000000;-22.3562500000;-36.8112500000;-4.3487500000;-40.1875000000;5.5000000000;-28.8750000000
8.7122000000;0.2254000000;-3.3614000000;2.7562500000;19.3550000000;1.5312500000;-42.0000000000;5.5000000000;-26.0625000000
8.2026000000;-0.7350000000;-1.3720000000;51.1437500000;88.5675000000;2.2662500000;-42.0000000000;6.0625000000;-24.8750000000
7.6244000000;0.0980000000;-0.4508000000;34.7900000000;109.0862500000;-10.9637500000;-42.0000000000;6.0625000000;-24.8750000000
6.6248000000;-0.0294000000;0.0000000000;46.4275000000;138.6087500000;-20.4575000000;-40.5000000000;4.2500000000;-29.6875000000
5.1058000000;2.3422000000;-1.1466000000;-10.5962500000;166.6612500000;-15.0675000000;-37.5625000000;2.8750000000;-32.8750000000
3.3516000000;-0.3136000000;2.5186000000;-44.5900000000;228.6462500000;2.8175000000;-32.3750000000;0.5625000000;-39.5000000000
1.3622000000;1.8816000000;7.1638000000;33.0137500000;227.2375000000;-5.7575000000;-25.7500000000;2.5625000000;-42.2500000000
1.5680000000;-0.4508000000;6.7326000000;-79.7475000000;235.8125000000;19.6000000000;-25.7500000000;2.5625000000;-42.2500000000
-0.8722000000;-1.2642000000;13.4358000000;-28.7875000000;243.8975000000;1.7762500000;-16.8750000000;1.5000000000;-46.1875000000
-0.1078000000;0.1274000000;13.3672000000;-13.5975000000;192.5087500000;7.8400000000;-6.8750000000;4.0000000000;-49.0000000000
-0.2940000000;-2.3226000000;14.8078000000;-27.1950000000;183.5050000000;3.7362500000;2.2500000000;4.0000000000;-50.1875000000
-0.9506000000;-0.1862000000;18.2966000000;16.1700000000;122.0100000000;7.1050000000;10.7500000000;6.6875000000;-48.1875000000
-0.2646000000;-2.6264000000;24.5196000000;-26.7050000000;42.0175000000;-1.3475000000;10.7500000000;6.6875000000;-48.1875000000
-0.1568000000;-0.5488000000;14.8764000000;5.3287500000;-29.7675000000;8.3300000000;16.2500000000;5.0625000000;-47.3750000000
-1.7934000000;-2.4794000000;15.9544000000;-19.7225000000;-68.8450000000;16.7825000000;17.7500000000;4.7500000000;-46.5625000000
-1.5974000000;-1.3230000000;17.9634000000;23.7650000000;-158.2087500000;-8.2075000000;16.6875000000;5.5625000000;-47.7500000000
-0.0588000000;-1.8620000000;13.8278000000;-44.2837500000;-205.3100000000;3.0012500000;12.2500000000;4.7500000000;-48.5625000000
-0.4900000000;-1.6660000000;13.1614000000;24.6837500000;-245.3062500000;-21.0087500000;12.2500000000;4.7500000000;-48.5625000000
0.8918000000;-0.3822000000;6.5856000000;14.2100000000;-278.6262500000;-13.1687500000;3.6875000000;6.2500000000;-49.3750000000
1.4210000000;-1.5386000000;5.4488000000;43.9775000000;-242.2437500000;-29.1550000000;-6.5625000000;5.8750000000;-47.3750000000
3.2340000000;0.6566000000;2.8126000000;76.6850000000;-230.0550000000;-23.8875000000;-17.6875000000;6.2500000000;-45.8750000000
4.1454000000;1.2250000000;0.7154000000;24.7450000000;-203.7175000000;-9.1875000000;-27.2500000000;3.6875000000;-41.8750000000
6.1740000000;0.1176000000;-0.6076000000;-26.2762500000;-169.3562500000;-8.2075000000;-27.2500000000;3.6875000000;-41.8750000000
6.5366000000;0.3920000000;-2.0188000000;1.8987500000;-138.8537500000;-18.9262500000;-34.6875000000;1.8750000000;-36.3750000000
7.3990000000;2.5088000000;-5.3018000000;-17.5175000000;-116.7425000000;-20.8250000000;-38.7500000000;2.1875000000;-28.5000000000
9.4766000000;0.6664000000;-8.7808000000;12.3725000000;-21.2537500000;14.1487500000;-42.5000000000;2.5625000000;-25.3750000000
8.3202000000;-0.0098000000;-2.3814000000;26.5825000000;78.9512500000;-8.8812500000;-45.0625000000;1.8750000000;-22.1875000000
8.1438000000;-0.0490000000;0.1274000000;14.7612500000;91.6300000000;-0.9187500000;-45.0625000000;1.8750000000;-22.1875000000
8.1438000000;-1.4994000000;0.0980000000;45.5700000000;120.7237500000;-8.6975000000;-43.5625000000;0.7500000000;-26.0625000000
6.4582000000;1.8620000000;0.4018000000;37.6687500000;128.5637500000;-44.6512500000;-40.5625000000;0.0000000000;-28.5000000000
5.3214000000;3.9690000000;-2.3912000000;-76.1950000000;139.2212500000;-12.9237500000;-38.0000000000;-2.1875000000;-32.3750000000
3.2144000000;0.3724000000;-0.9408000000;-105.2887500000;222.5825000000;22.7850000000;-33.5625000000;-2.5625000000;-37.5000000000
0.6174000000;1.1074000000;3.0282000000;-79.1350000000;269.0100000000;32.1562500000;-33.5625000000;-2.5625000000;-37.5000000000
-1.2152000000;0.0980000000;7.7322000000;-87.1587500000;285.9150000000;58.9837500000;-27.2500000000;1.0625000000;-42.6875000000
-1.8130000000;-3.4496000000;11.0838000000;-117.9675000000;287.4462500000;72.8262500000;-15.5000000000;5.1875000000;-46.5625000000
-4.4492000000;-6.6052000000;24.1374000000;11.0250000000;235.7512500000;66.5787500000;-4.0625000000;9.5625000000;-48.5625000000
1.1466000000;-0.1960000000;11.7796000000;-29.2162500000;94.6925000000;32.2175000000;8.8750000000;12.0000000000;-47.7500000000
-1.3230000000;-7.0854000000;14.1610000000;107.8612500000;174.0725000000;41.3437500000;8.8750000000;12.0000000000;-47.7500000000
-2.2834000000;1.2936000000;27.6066000000;103.8800000000;42.0787500000;-7.9625000000;13.6875000000;11.5625000000;-46.0000000000
-0.1666000000;-4.2826000000;10.6232000000;-149.4500000000;-38.9550000000;17.4562500000;21.0625000000;7.8750000000;-46.0000000000
-1.3622000000;-4.3904000000;13.3378000000;39.2612500000;-46.2437500000;-11.0862500000;21.0625000000;6.7500000000;-45.0000000000
-3.5966000000;-3.4202000000;19.6294000000;60.0250000000;-120.6625000000;-13.7200000000;19.1875000000;10.0625000000;-44.7500000000
-1.1270000000;-0.6664000000;14.3472000000;-49.9800000000;-197.1025000000;-34.3612500000;19.1875000000;10.0625000000;-44.7500000000
-0.2842000000;-3.0674000000;14.0532000000;-15.5575000000;-199.5525000000;-40.0575000000;14.0625000000;6.7500000000;-47.7500000000
-0.4606000000;-0.6664000000;11.0152000000;1.5312500000;-260.0675000000;-45.6312500000;6.6875000000;9.0000000000;-48.5625000000
0.8722000000;-0.9604000000;5.1842000000;-6.5537500000;-261.4762500000;-21.9887500000;-1.3750000000;10.0625000000;-49.0000000000
2.4304000000;-1.9306000000;4.2826000000;48.0200000000;-221.9700000000;-34.3000000000;-14.0000000000;12.0000000000;-45.0000000000
3.0870000000;0.2352000000;3.4104000000;37.7300000000;-222.9500000000;-30.1962500000;-14.0000000000;12.0000000000;-45.0000000000
5.3802000000;-0.0392000000;0.8526000000;-15.2512500000;-188.1600000000;-21.9275000000;-23.6875000000;9.7500000000;-43.5000000000
6.1250000000;-0.3528000000;1.1368000000;-48.5712500000;-162.1900000000;-40.7925000000;-32.0625000000;7.5000000000;-37.1875000000
6.8012000000;0.3136000000;-1.3720000000;1.6537500000;-167.2737500000;-43.7325000000;-36.6875000000;6.8750000000;-31.2500000000
7.9576000000;2.9596000000;-6.1446000000;48.6937500000;-130.5237500000;-33.3200000000;-41.8750000000;6.8750000000;-26.1875000000
9.2022000000;0.8526000000;-5.3900000000;19.2937500000;-42.0787500000;0.1837500000;-41.8750000000;6.8750000000;-26.1875000000
8.3986000000;0.2058000000;-2.7244000000;61.2500000000;37.9137500000;2.8787500000;-45.1875000000;3.8750000000;-22.2500000000
8.3496000000;-0.1568000000;-0.7938000000;45.0800000000;83.6675000000;7.9625000000;-45.1875000000;4.2500000000;-21.8750000000
7.7812000000;-0.2842000000;0.1666000000;35.7087500000;102.7162500000;-12.7400000000;-43.6875000000;2.7500000000;-24.2500000000
7.5362000000;1.3622000000;-2.1364000000;11.0250000000;99.8987500000;-14.4550000000;-43.6875000000;2.7500000000;-24.2500000000
6.1936000000;0.3920000000;-0.3920000000;12.4337500000;161.0875000000;-16.5987500000;-41.5000000000;1.0000000000;-28.5625000000
4.4688000000;2.8518000000;0.0392000000;-34.4837500000;182.2187500000;-12.9850000000;-38.5000000000;0.2500000000;-32.8750000000
3.9592000000;-1.4896000000;2.9106000000;-34.1775000000;231.5250000000;20.5800000000;-33.0000000000;0.0000000000;-36.8750000000
1.9796000000;1.2348000000;9.7118000000;41.2825000000;233.8525000000;-7.3500000000;-26.2500000000;1.7500000000;-41.5625000000
3.0086000000;-1.0878000000;9.5550000000;-53.4100000000;195.6325000000;16.8437500000;-26.2500000000;1.7500000000;-41.5625000000
0.9604000000;0.0784000000;17.1598000000;35.4025000000;208.3725000000;-12.1887500000;-17.0625000000;-0.3750000000;-46.6875000000
3.6162000000;3.0282000000;7.3500000000;-41.7725000000;76.9912500000;7.1050000000;-8.5625000000;1.7500000000;-49.0625000000
1.3034000000;-4.5668000000;15.1410000000;-110.9850000000;149.9400000000;15.8025000000;-2.2500000000;-0.3750000000;-49.5000000000
1.7346000000;0.7448000000;12.3774000000;67.8650000000;61.2500000000;-5.2675000000;3.5625000000;3.2500000000;-49.0625000000
1.1760000000;-0.0980000000;12.4656000000;14.8837500000;76.3787500000;6.3087500000;3.5625000000;3.2500000000;-49.0625000000
1.2250000000;-0.1372000000;12.4950000000;-43.6100000000;41.8337500000;-8.4525000000;7.0000000000;2.8750000000;-49.8750000000
1.6758000000;-0.2058000000;8.6632000000;11.6987500000;25.1125000000;6.0637500000;9.5000000000;2.1875000000;-49.8750000000
-0.0196000000;0.3724000000;12.6910000000;21.1312500000;44.4062500000;-2.0212500000;10.5625000000;2.8750000000;-49.0000000000
0.9898000000;0.0588000000;10.0352000000;-20.4575000000;-5.9412500000;5.6962500000;13.1875000000;2.1875000000;-47.3750000000
0.7938000000;-0.4704000000;10.1038000000;5.6962500000;17.9462500000;4.3487500000;13.1875000000;2.1875000000;-47.3750000000
0.4410000000;0.1274000000;10.3096000000;12.0662500000;-1.2862500000;0.6737500000;12.5000000000;2.1875000000;-49.0000000000
0.9114000000;-0.3234000000;8.6142000000;-13.4137500000;-5.8187500000;2.8787500000;13.5625000000;1.7500000000;-47.3750000000
0.5096000000;-0.0392000000;9.5158000000;6.8600000000;7.0437500000;-1.9600000000;13.1875000000;1.3750000000;-47.7500000000
0.5390000000;0.0490000000;9.4178000000;-2.6337500000;-1.4087500000;1.5925000000;12.7500000000;1.3750000000;-48.5625000000
0.5586000000;-0.2058000000;10.2998000000;-10.1062500000;5.2062500000;1.7150000000;12.7500000000;1.3750000000;-48.5625000000
0.8232000000;-0.0588000000;9.6628000000;-5.4512500000;-2.6950000000;1.8987500000;13.5625000000;1.3750000000;-48.1875000000
0.7252000000;-0.1078000000;9.0748000000;-1.8375000000;1.2862500000;2.0825000000;13.1875000000;1.3750000000;-49.0000000000
0.3136000000;-0.2058000000;10.1430000000;2.4500000000;3.1850000000;1.4087500000;13.1875000000;2.5000000000;-47.0000000000
0.6174000000;-0.1078000000;9.5746000000;-0.8575000000;-4.7775000000;2.0212500000;12.7500000000;2.1875000000;-47.3750000000
0.7154000000;-0.3038000000;9.4374000000;0.0000000000;0.5512500000;1.1637500000;12.7500000000;2.1875000000;-47.3750000000
0.3724000000;-0.2254000000;10.0450000000;-1.4700000000;1.7150000000;-0.6737500000;14.0000000000;2.1875000000;-47.7500000000
0.6958000000;-0.3724000000;9.2610000000;-1.6537500000;-2.6950000000;1.0412500000;13.5625000000;1.7500000000;-47.3750000000
0.6762000000;-0.0980000000;9.5550000000;3.7362500000;2.5112500000;-1.7762500000;13.1875000000;2.1875000000;-47.3750000000
0.5684000000;-0.1372000000;9.9764000000;0.4900000000;0.6125000000;-0.9800000000;14.0000000000;2.5000000000;-48.1875000000
0.6272000000;-0.0980000000;9.2414000000;2.3887500000;-0.9187500000;-0.9187500000;14.0000000000;2.5000000000;-48.1875000000
0.6370000000;0.0588000000;9.5354000000;4.8387500000;1.8375000000;-2.5725000000;13.5625000000;2.1875000000;-48.1875000000
0.6272000000;-0.0294000000;9.7314000000;-2.3275000000;-0.3675000000;0.1225000000;12.7500000000;1.7500000000;-48.1875000000
0.5782000000;0.0392000000;9.7118000000;0.2450000000;0.5512500000;0.9187500000;13.1875000000;1.3750000000;-48.1875000000
0.5096000000;-0.5096000000;9.4472000000;-0.2450000000;-0.9187500000;0.1837500000;13.5625000000;2.1875000000;-47.7500000000
0.5096000000;0.0000000000;9.8196000000;5.6962500000;1.6537500000;-2.0825000000;13.5625000000;2.1875000000;-47.7500000000
0.5880000000;-0.0392000000;9.7706000000;-1.1025000000;-1.4087500000;-0.3675000000;13.5625000000;1.3750000000;-49.3750000000
0.6860000000;-0.1372000000;9.2512000000;0.3062500000;-2.2662500000;0.0612500000;13.1875000000;1.3750000000;-47.7500000000
0.4508000000;0.1078000000;9.9274000000;4.6550000000;2.2662500000;-1.8987500000;13.5625000000;1.3750000000;-49.3750000000
0.5684000000;0.1960000000;9.7118000000;-0.4900000000;-1.1025000000;0.1225000000;13.5625000000;1.7500000000;-48.1875000000
0.5880000000;-0.1078000000;9.4668000000;-2.6950000000;-0.1225000000;1.2250000000;13.5625000000;1.7500000000;-48.1875000000
0.5880000000;-0.2548000000;9.6726000000;0.8575000000;-0.2450000000;0.7350000000;13.5625000000;2.1875000000;-47.7500000000
0.6958000000;-0.0392000000;9.7216000000;1.6537500000;-0.5512500000;-1.8987500000;13.5625000000;1.3750000000;-48.5625000000
0.6076000000;0.1666000000;9.6628000000;0.8575000000;-0.7350000000;-1.1025000000;13.1875000000;1.7500000000;-47.0000000000
0.6468000000;-0.0686000000;9.3786000000;-0.7962500000;-0.7350000000;1.4087500000;13.5625000000;1.3750000000;-49.0000000000
0.5488000000;-0.1372000000;9.8000000000;0.2450000000;1.2862500000;-0.0612500000;13.5625000000;1.3750000000;-49.0000000000
0.6370000000;-0.0392000000;9.6040000000;-2.2662500000;-2.2050000000;0.0612500000;13.5625000000;1.3750000000;-47.0000000000
0.6958000000;-0.0196000000;9.3002000000;0.7350000000;-0.4287500000;-0.2450000000;12.7500000000;1.7500000000;-48.1875000000
0.5586000000;-0.1470000000;9.8098000000;1.1637500000;2.2662500000;0.3062500000;13.1875000000;2.5000000000;-48.1875000000
0.6272000000;0.0196000000;9.6628000000;0.9187500000;-0.9800000000;0.2450000000;13.1875000000;1.7500000000;-47.0000000000
0.6566000000;-0.1764000000;9.4276000000;-1.8987500000;0.5512500000;0.5512500000;13.1875000000;1.7500000000;-47.0000000000
0.5880000000;-0.0686000000;9.7412000000;2.6950000000;1.4087500000;-0.6125000000;13.5625000000;1.3750000000;-48.1875000000
0.5292000000;0.0686000000;9.6628000000;1.4700000000;-0.7962500000;-0.7962500000;12.7500000000;1.3750000000;-48.1875000000
0.5978000000;0.0490000000;9.4864000000;0.7350000000;-0.2450000000;-0.3062500000;13.1875000000;0.6875000000;-47.7500000000
0.6370000000;-0.1764000000;9.5060000000;0.3675000000;0.6737500000;0.1837500000;13.1875000000;0.6875000000;-47.7500000000
0.5488000000;-0.0784000000;9.9764000000;2.1437500000;0.9187500000;-1.9600000000;14.0000000000;1.0625000000;-48.1875000000
0.6762000000;0.1568000000;9.4668000000;0.3675000000;-1.7762500000;-0.3062500000;12.7500000000;1.3750000000;-47.7500000000
0.6664000000;0.0588000000;9.3982000000;-0.9800000000;0.1225000000;1.1025000000;12.7500000000;1.0000000000;-49.0000000000
0.6174000000;-0.0098000000;9.8294000000;-0.7962500000;1.1637500000;0.4287500000;12.5000000000;1.3750000000;-48.1875000000
0.6370000000;-0.0784000000;9.5844000000;-1.7150000000;-1.5925000000;0.4900000000;12.5000000000;1.3750000000;-48.1875000000
0.6664000000;-0.0686000000;9.3688000000;1.2862500000;-0.1225000000;-0.6125000000;13.1875000000;1.0625000000;-48.5625000000
0.6076000000;0.1568000000;9.7902000000;3.6750000000;0.9800000000;-1.4700000000;13.1875000000;1.7500000000;-48.1875000000
0.5978000000;0.0294000000;9.7118000000;0.0000000000;0.1837500000;0.1225000000;13.1875000000;1.3750000000;-47.3750000000
0.6860000000;-0.1078000000;9.3982000000;0.4900000000;-0.3675000000;0.6125000000;12.7500000000;1.0625000000;-48.5625000000
0.6860000000;-0.1274000000;9.6432000000;2.2050000000;0.6125000000;-0.7962500000;12.7500000000;1.0625000000;-48.5625000000
0.5880000000;0.1960000000;9.6824000000;4.3487500000;-0.5512500000;-2.0212500000;13.1875000000;1.3750000000;-47.7500000000
0.6174000000;0.2646000000;9.4374000000;-1.1637500000;-0.6125000000;-0.3675000000;13.1875000000;1.3750000000;-48.5625000000
0.6762000000;0.1176000000;9.5942000000;-1.6537500000;-1.8375000000;1.2862500000;13.5625000000;1.0625000000;-47.7500000000
0.6468000000;-0.1372000000;9.8098000000;0.6737500000;-1.9600000000;-0.4287500000;12.7500000000;1.0000000000;-48.1875000000
0.7252000000;-0.0196000000;9.4472000000;-1.2250000000;-2.7562500000;-3.1850000000;12.7500000000;1.0000000000;-48.1875000000
0.7448000000;0.0000000000;9.4374000000;-0.5512500000;0.0612500000;0.4900000000;12.7500000000;1.3750000000;-48.1875000000
0.5880000000;0.1176000000;9.8882000000;2.3887500000;0.1837500000;-1.0412500000;12.0625000000;1.0000000000;-48.5625000000
0.7938000000;0.0686000000;9.2218000000;0.3062500000;-0.2450000000;0.3675000000;12.5000000000;1.3750000000;-46.5625000000
0.6860000000;0.0000000000;9.7216000000;-0.4287500000;2.3275000000;-0.2450000000;12.7500000000;0.2500000000;-48.5625000000
0.6272000000;0.1666000000;9.6922000000;0.9187500000;-1.8987500000;-0.9800000000;12.7500000000;0.2500000000;-48.5625000000
0.6272000000;0.0980000000;9.3296000000;-1.4700000000;-0.6737500000;0.4900000000;13.1875000000;1.0625000000;-48.5625000000
0.6664000000;-0.0784000000;9.7020000000;0.5512500000;0.6125000000;-0.2450000000;13.1875000000;1.3750000000;-48.1875000000
0.6958000000;0.1372000000;9.6922000000;-0.1837500000;0.3675000000;-0.1225000000;12.7500000000;1.0625000000;-49.0000000000
0.6664000000;-0.0196000000;9.4864000000;0.0612500000;-0.3062500000;0.9800000000;13.5625000000;0.6875000000;-49.7500000000
0.6076000000;-0.0392000000;9.7118000000;1.5312500000;0.3062500000;-0.7350000000;13.5625000000;0.6875000000;-49.7500000000
0.7448000000;0.0882000000;9.4668000000;0.5512500000;-0.9187500000;0.1225000000;13.1875000000;1.0625000000;-48.1875000000
0.6860000000;0.1274000000;9.6040000000;0.1837500000;1.1025000000;-0.9187500000;12.7500000000;1.7500000000;-47.7500000000
0.6860000000;0.1470000000;9.6726000000;0.7350000000;-0.1225000000;0.7350000000;12.7500000000;1.3750000000;-47.3750000000
0.6076000000;-0.0392000000;9.5158000000;-0.1225000000;0.1225000000;0.6125000000;13.1875000000;1.0625000000;-47.7500000000
0.6370000000;-0.0196000000;9.7020000000;0.1225000000;0.6125000000;-0.1837500000;13.1875000000;1.0625000000;-47.7500000000
0.6468000000;0.1078000000;9.5942000000;1.4700000000;-0.1837500000;-1.2862500000;12.5000000000;1.3750000000;-47.7500000000
0.7154000000;0.1078000000;9.4668000000;0.0612500000;0.7350000000;0.0612500000;12.7500000000;0.2500000000;-48.1875000000
0.6370000000;-0.0098000000;9.7510000000;1.2250000000;0.9800000000;-0.3062500000;12.7500000000;0.6875000000;-48.1875000000
0.6566000000;0.1274000000;9.5256000000;1.7762500000;-1.2250000000;0.2450000000;14.0000000000;1.0000000000;-47.7500000000
0.6566000000;-0.0294000000;9.4962000000;-1.8375000000;0.2450000000;0.9800000000;14.0000000000;1.0000000000;-47.7500000000
0.7154000000;0.1176000000;9.6334000000;1.4700000000;1.1025000000;-0.3062500000;13.5625000000;1.3750000000;-48.5625000000
0.6566000000;0.0294000000;9.6530000000;-1.4700000000;0.0000000000;1.3475000000;13.5625000000;0.6875000000;-48.1875000000
0.6370000000;0.0784000000;9.4864000000;2.1437500000;0.3062500000;-0.8575000000;13.1875000000;0.6875000000;-48.1875000000
0.6860000000;0.2744000000;9.6334000000;0.0612500000;0.6125000000;-0.4900000000;12.5000000000;0.6875000000;-49.3750000000
0.6174000000;0.0980000000;9.6432000000;-1.2250000000;0.5512500000;1.2250000000;12.5000000000;0.6875000000;-49.3750000000
0.5880000000;-0.1176000000;9.6530000000;-2.0825000000;-0.1837500000;0.1225000000;13.5625000000;1.0000000000;-48.5625000000
0.7252000000;0.0588000000;9.4668000000;3.5525000000;-0.7962500000;-2.0825000000;12.7500000000;0.6875000000;-47.7500000000
0.6860000000;0.4018000000;9.7804000000;0.0612500000;1.6537500000;-0.5512500000;13.1875000000;0.0000000000;-49.0000000000
0.5880000000;0.0686000000;9.5550000000;-2.5112500000;-1.3475000000;1.7150000000;13.5625000000;1.0625000000;-47.7500000000
0.6370000000;-0.0392000000;9.4178000000;1.4700000000;1.8987500000;0.0000000000;13.5625000000;1.0625000000;-47.7500000000
0.5684000000;0.0784000000;9.9568000000;-0.3675000000;-0.3062500000;-0.0612500000;12.7500000000;1.0000000000;-48.5625000000
0.6664000000;0.0882000000;9.4668000000;-0.5512500000;-1.3475000000;0.1225000000;13.1875000000;0.6875000000;-47.3750000000
0.6272000000;0.0490000000;9.5354000000;0.7962500000;1.3475000000;-0.5512500000;12.5000000000;0.6875000000;-47.3750000000
0.6076000000;0.1666000000;9.6138000000;0.8575000000;0.3062500000;0.1837500000;13.1875000000;1.0000000000;-48.5625000000
0.7154000000;0.1960000000;9.6040000000;-0.3062500000;0.6125000000;0.3675000000;13.1875000000;1.0000000000;-48.5625000000
0.6468000000;0.0098000000;9.6432000000;-2.0212500000;0.4287500000;0.9187500000;13.5625000000;0.2500000000;-47.7500000000
0.5292000000;0.1078000000;9.6138000000;1.6537500000;0.1225000000;-0.9187500000;13.1875000000;0.6875000000;-48.1875000000
0.6468000000;0.0980000000;9.5942000000;0.9187500000;-0.2450000000;-0.1225000000;13.1875000000;0.6875000000;-48.1875000000
0.6566000000;0.1862000000;9.6530000000;-0.5512500000;-0.1225000000;-0.1225000000;13.1875000000;0.6875000000;-48.1875000000
0.6958000000;0.0098000000;9.6530000000;2.8787500000;-0.0612500000;-0.9187500000;12.7500000000;1.0625000000;-48.1875000000
0.7056000000;0.0686000000;9.5354000000;1.4087500000;0.1837500000;-1.2250000000;13.1875000000;1.7500000000;-47.3750000000
0.6272000000;0.2450000000;9.7118000000;5.5125000000;-0.4287500000;-1.4087500000;13.1875000000;1.0000000000;-47.3750000000
0.6272000000;0.3038000000;9.4766000000;0.7962500000;-0.4287500000;-0.5512500000;13.1875000000;0.6875000000;-47.7500000000
0.6076000000;0.0686000000;9.7118000000;-1.5312500000;0.8575000000;0.1837500000;13.1875000000;0.6875000000;-47.7500000000
0.5782000000;0.1960000000;9.7020000000;0.7350000000;-1.4700000000;-0.0612500000;12.7500000000;0.0000000000;-47.3750000000
0.6958000000;0.1862000000;9.3002000000;-0.9187500000;0.2450000000;0.7350000000;12.7500000000;0.6875000000;-48.5625000000
0.6468000000;0.0490000000;9.8784000000;-2.3887500000;-0.1837500000;0.7962500000;12.7500000000;0.2500000000;-47.7500000000
0.4214000000;0.0882000000;10.7604000000;-2.5112500000;1.2862500000;-0.3062500000;12.7500000000;0.2500000000;-47.7500000000
0.5586000000;0.0294000000;11.0740000000;-4.2875000000;-10.6575000000;-0.6125000000;12.7500000000;0.2500000000;-47.7500000000
0.6958000000;-0.0294000000;11.2700000000;-7.3500000000;-22.1725000000;0.7962500000;13.5625000000;1.0000000000;-48.1875000000
0.6664000000;0.3822000000;11.9952000000;-7.3500000000;-30.9312500000;0.3675000000;12.5000000000;1.3750000000;-49.0000000000
0.1274000000;-0.2352000000;14.8568000000;-10.7800000000;-34.6675000000;4.1650000000;12.0625000000;1.7500000000;-49.0000000000
1.8522000000;-0.4214000000;10.4664000000;-30.6250000000;-79.8087500000;-2.2662500000;11.0000000000;1.7500000000;-49.7500000000
1.7346000000;-0.8918000000;10.7310000000;-21.3150000000;-68.4162500000;-3.7362500000;11.0000000000;1.7500000000;-49.7500000000
1.4308000000;-0.6860000000;11.3680000000;15.8025000000;-89.5475000000;-7.5337500000;7.2500000000;4.0000000000;-49.3750000000
2.2540000000;0.2744000000;8.2712000000;3.8587500000;-103.0225000000;-5.5737500000;4.2500000000;4.7500000000;-49.3750000000
2.6558000000;-0.7742000000;7.8596000000;-14.0875000000;-79.5637500000;-6.9212500000;1.0000000000;4.0000000000;-50.1875000000
3.4986000000;0.3234000000;7.0266000000;10.4125000000;-93.7737500000;-9.9837500000;-3.0000000000;5.5000000000;-49.3750000000
4.2336000000;-0.5488000000;8.0164000000;7.2275000000;-76.9912500000;-6.3700000000;-3.0000000000;5.5000000000;-49.3750000000
4.9686000000;0.5488000000;6.7816000000;-9.4325000000;-87.8325000000;-10.1062500000;-6.6875000000;4.7500000000;-48.1875000000
5.3802000000;-0.3822000000;6.8404000000;-15.9862500000;-78.5225000000;-5.4512500000;-10.3750000000;4.5000000000;-49.0000000000
5.3214000000;-0.4998000000;7.5460000000;17.0887500000;-71.6625000000;-5.8187500000;-13.3750000000;5.5000000000;-47.3750000000
6.1446000000;0.3724000000;5.9682000000;22.7850000000;-77.6037500000;-5.6350000000;-16.6875000000;6.0000000000;-45.8750000000
6.6052000000;0.7154000000;4.8118000000;-5.5737500000;-61.9850000000;-3.7975000000;-16.6875000000;6.0000000000;-45.8750000000
6.7032000000;-0.4214000000;5.5762000000;6.3700000000;-41.9562500000;0.6737500000;-19.6875000000;5.1875000000;-46.1875000000
7.0952000000;0.5782000000;4.3120000000;32.8912500000;-40.1187500000;0.0612500000;-21.8750000000;4.8750000000;-44.2500000000
7.2618000000;0.2940000000;4.4688000000;4.1650000000;-12.4337500000;0.3675000000;-24.0625000000;4.0625000000;-44.5625000000
7.2030000000;-0.0686000000;5.0176000000;6.6150000000;-2.2662500000;1.3475000000;-24.0625000000;3.7500000000;-41.7500000000
7.1736000000;0.5782000000;6.3210000000;18.9875000000;8.4525000000;-2.9400000000;-24.0625000000;3.7500000000;-41.7500000000
7.2128000000;0.5978000000;6.1642000000;-15.4350000000;4.5937500000;0.9187500000;-25.1875000000;3.6875000000;-43.0000000000
7.2422000000;-0.2744000000;6.5170000000;-12.4950000000;10.7800000000;2.1437500000;-24.5000000000;2.5000000000;-43.3750000000
6.9776000000;0.4116000000;7.1834000000;11.8825000000;7.3500000000;0.4900000000;-24.0625000000;3.3750000000;-43.0000000000
7.1834000000;-0.0098000000;7.0364000000;-8.3912500000;3.4300000000;2.2050000000;-23.6875000000;3.0000000000;-43.0000000000
7.2030000000;0.0196000000;6.5856000000;2.7562500000;0.7962500000;-0.8575000000;-23.6875000000;3.0000000000;-43.0000000000
7.1442000000;0.3136000000;6.1446000000;-2.5725000000;1.8987500000;-1.5312500000;-24.0625000000;3.3750000000;-43.3750000000
6.9776000000;0.1568000000;6.9678000000;-9.3712500000;4.0425000000;-2.2662500000;-23.6875000000;3.6875000000;-44.1875000000
7.0952000000;0.2646000000;7.1442000000;-1.7762500000;-1.2862500000;-0.4287500000;-24.0625000000;4.0625000000;-44.1875000000
7.2324000000;0.2744000000;6.5170000000;-1.3475000000;-3.7362500000;0.7350000000;-23.6875000000;3.7500000000;-43.0000000000
7.0854000000;0.2156000000;6.3798000000;-3.5525000000;-0.5512500000;0.2450000000;-23.6875000000;3.7500000000;-43.0000000000
7.0462000000;0.2352000000;6.3994000000;3.2462500000;2.0825000000;0.6737500000;-22.5625000000;3.3750000000;-43.0000000000
7.1344000000;0.1960000000;6.6836000000;-2.6950000000;0.1837500000;1.8987500000;-23.6875000000;4.5000000000;-43.3750000000
7.1834000000;-0.1470000000;6.7326000000;0.3062500000;1.2250000000;-0.3675000000;-23.3750000000;4.0625000000;-43.0000000000
7.0854000000;0.3626000000;6.8600000000;4.0425000000;-1.6537500000;-1.5925000000;-23.3750000000;4.0625000000;-43.0000000000
7.2226000000;0.0196000000;6.4876000000;-4.1037500000;-3.6137500000;0.1225000000;-23.3750000000;4.0625000000;-43.0000000000
7.1932000000;-0.0196000000;6.3014000000;6.1250000000;-0.7962500000;-1.5312500000;-23.6875000000;3.7500000000;-43.7500000000
6.9776000000;0.4214000000;6.5366000000;-1.0412500000;-0.6737500000;-0.9800000000;-23.6875000000;4.0625000000;-43.7500000000
7.1442000000;-0.0098000000;6.5758000000;-12.2500000000;-0.0612500000;0.2450000000;-23.6875000000;3.7500000000;-42.1875000000
7.2422000000;0.3626000000;6.1936000000;7.7787500000;-0.1225000000;-1.5925000000;-24.5000000000;3.7500000000;-45.3750000000
7.1442000000;0.4900000000;6.3504000000;-3.9812500000;3.6750000000;1.2862500000;-24.5000000000;3.7500000000;-45.3750000000
7.0560000000;-0.1960000000;6.7326000000;-0.4900000000;3.1850000000;1.2250000000;-24.0625000000;4.0000000000;-43.7500000000
7.1050000000;0.4606000000;6.7424000000;9.3100000000;-0.9187500000;-0.4287500000;-23.3750000000;4.3750000000;-43.3750000000
7.1442000000;-0.1960000000;6.4386000000;-6.5537500000;0.8575000000;2.4500000000;-23.3750000000;3.6875000000;-43.3750000000
6.9776000000;0.2156000000;7.0854000000;8.0237500000;3.4300000000;-0.3062500000;-23.3750000000;3.6875000000;-43.3750000000
7.1344000000;0.0000000000;6.8992000000;-5.7575000000;-0.7350000000;0.6737500000;-23.3750000000;3.2500000000;-43.7500000000
7.1932000000;-0.2450000000;6.3504000000;-8.3300000000;-3.2462500000;-0.3675000000;-23.3750000000;4.0000000000;-43.7500000000
7.1050000000;0.3430000000;6.3308000000;4.5937500000;-2.2050000000;-3.1850000000;-23.3750000000;3.6875000000;-44.1875000000
7.0168000000;0.3724000000;6.6150000000;-3.6750000000;0.0612500000;-1.2862500000;-23.3750000000;4.0000000000;-42.5625000000
7.1638000000;0.1568000000;6.4680000000;-1.2862500000;0.4287500000;0.0000000000;-23.3750000000;4.0000000000;-42.5625000000
7.0952000000;0.2450000000;6.4876000000;3.9200000000;1.2862500000;-0.6125000000;-23.6875000000;4.0000000000;-44.1875000000
7.0462000000;0.2058000000;6.5660000000;-0.8575000000;2.1437500000;0.2450000000;-24.5000000000;4.0000000000;-44.1875000000
7.1736000000;0.1960000000;6.5170000000;-0.1837500000;0.4287500000;0.6125000000;-23.0000000000;3.2500000000;-43.3750000000
7.0952000000;0.2058000000;6.8012000000;2.9400000000;2.7562500000;0.7962500000;-23.6875000000;4.3750000000;-43.3750000000
7.1050000000;0.1078000000;6.6444000000;0.4287500000;-1.0412500000;1.7150000000;-23.6875000000;4.3750000000;-43.3750000000
7.0462000000;0.1470000000;6.7130000000;0.0612500000;0.2450000000;0.1837500000;-22.5625000000;3.6875000000;-43.7500000000
7.1050000000;0.1372000000;6.6444000000;0.4287500000;-0.9187500000;1.4700000000;-23.0000000000;3.6875000000;-42.5625000000
7.1148000000;0.1568000000;6.7718000000;3.2462500000;-0.1837500000;0.4287500000;-24.0625000000;3.6875000000;-43.7500000000
7.0462000000;0.1470000000;6.6640000000;0.1837500000;-2.0212500000;1.1637500000;-23.0000000000;3.2500000000;-44.8750000000
7.1540000000;0.0490000000;6.3308000000;-0.6125000000;-1.3475000000;0.6125000000;-23.0000000000;3.2500000000;-44.8750000000
7.0560000000;0.2352000000;6.5954000000;3.0625000000;0.3062500000;-0.4900000000;-23.6875000000;3.6875000000;-44.8750000000
7.1442000000;0.0000000000;6.8012000000;1.5925000000;3.0012500000;-0.9800000000;-24.0625000000;3.6875000000;-43.7500000000
7.1148000000;0.4312000000;6.8012000000;3.3075000000;-1.8375000000;0.7962500000;-23.6875000000;3.6875000000;-44.1875000000
7.0658000000;0.0196000000;6.3308000000;-6.3700000000;-2.1437500000;1.4700000000;-23.6875000000;3.6875000000;-44.1875000000
7.1736000000;0.1078000000;6.3308000000;4.7775000000;0.4900000000;-0.1225000000;-23.6875000000;3.2500000000;-43.3750000000
7.1344000000;0.3626000000;6.5072000000;1.7762500000;2.3275000000;0.0612500000;-23.6875000000;3.2500000000;-43.0000000000
7.1050000000;-0.0490000000;7.1148000000;-2.1437500000;2.6950000000;0.7350000000;-23.3750000000;3.6875000000;-43.7500000000
7.1148000000;0.2058000000;6.6640000000;8.2075000000;-2.8175000000;-0.3675000000;-23.3750000000;3.2500000000;-42.5625000000
7.0952000000;0.3626000000;6.3308000000;-4.2262500000;-2.3887500000;0.4900000000;-23.3750000000;3.2500000000;-42.5625000000
7.1050000000;0.0000000000;6.7228000000;6.7375000000;0.7350000000;-0.5512500000;-23.0000000000;3.2500000000;-43.3750000000
7.1540000000;0.4410000000;6.3308000000;5.4512500000;-3.1237500000;0.8575000000;-24.0625000000;3.6875000000;-44.5625000000
7.1148000000;-0.0294000000;6.2720000000;-8.1462500000;2.3887500000;0.7350000000;-24.0625000000;2.8750000000;-43.0000000000
7.1344000000;0.0980000000;6.5856000000;5.3900000000;2.3275000000;-2.2050000000;-24.0625000000;2.8750000000;-44.1875000000
7.1442000000;0.4606000000;6.7816000000;-0.8575000000;-0.1837500000;-0.6125000000;-24.0625000000;2.8750000000;-44.1875000000
7.1148000000;0.1078000000;6.6346000000;-5.6962500000;1.9600000000;0.1837500000;-23.3750000000;3.2500000000;-43.7500000000
7.1148000000;0.4802000000;6.5170000000;5.5737500000;-0.6737500000;-0.1225000000;-23.6875000000;4.0000000000;-43.7500000000
7.1050000000;0.0000000000;6.6150000000;-2.0825000000;1.9600000000;2.0212500000;-23.6875000000;3.2500000000;-44.1875000000
7.0364000000;0.2254000000;6.9384000000;3.1237500000;-1.2250000000;-0.5512500000;-23.3750000000;3.6875000000;-43.7500000000
7.2422000000;0.3822000000;6.1740000000;-3.1850000000;-2.7562500000;0.3675000000;-23.3750000000;3.6875000000;-43.7500000000
7.0756000000;0.1470000000;6.6248000000;-0.1225000000;3.1850000000;0.5512500000;-23.3750000000;2.5000000000;-43.0000000000
7.0952000000;0.2058000000;6.6640000000;0.5512500000;-0.6737500000;0.7350000000;-23.3750000000;4.0000000000;-43.7500000000
7.1540000000;0.0882000000;6.6248000000;-0.6125000000;0.5512500000;-0.0612500000;-23.3750000000;3.2500000000;-43.7500000000
7.0266000000;0.2548000000;6.8208000000;1.2250000000;-0.9800000000;-1.2250000000;-23.6875000000;2.8750000000;-43.7500000000
7.1148000000;0.3234000000;6.5856000000;-0.3062500000;-1.6537500000;0.5512500000;-23.6875000000;2.8750000000;-43.7500000000
7.1442000000;0.1470000000;6.4288000000;1.6537500000;-0.9187500000;0.3675000000;-23.6875000000;3.6875000000;-43.3750000000
7.1344000000;0.2352000000;6.4484000000;0.3675000000;1.1025000000;0.3675000000;-24.0625000000;3.2500000000;-43.3750000000
7.0952000000;0.0784000000;6.6836000000;-1.8987500000;0.0612500000;-0.0612500000;-24.0625000000;2.8750000000;-43.3750000000
7.1246000000;0.1862000000;6.6052000000;-1.1637500000;-0.1837500000;-0.4900000000;-23.6875000000;3.2500000000;-43.7500000000
7.1246000000;0.3626000000;6.7522000000;1.7150000000;-1.7762500000;-0.4900000000;-23.6875000000;3.2500000000;-43.7500000000
7.1246000000;0.3626000000;6.5072000000;-2.5112500000;-1.6537500000;1.0412500000;-23.0000000000;3.2500000000;-43.3750000000
7.0756000000;0.0784000000;6.4680000000;2.6950000000;-0.1837500000;0.4287500000;-23.3750000000;3.6875000000;-43.0000000000
7.0658000000;0.2156000000;6.3210000000;-1.6537500000;0.0612500000;0.4900000000;-23.6875000000;3.2500000000;-43.7500000000
7.1148000000;0.0000000000;6.7424000000;-2.8175000000;2.8175000000;-1.1637500000;-23.6875000000;3.2500000000;-44.1875000000
7.1834000000;0.4312000000;6.5660000000;0.3062500000;0.0612500000;0.1225000000;-23.6875000000;3.2500000000;-44.1875000000
7.0756000000;-0.0196000000;6.6640000000;-1.4087500000;1.1637500000;0.3062500000;-23.3750000000;3.2500000000;-43.7500000000
7.0658000000;0.1372000000;6.8600000000;1.5312500000;-0.1225000000;-0.8575000000;-24.0625000000;3.6875000000;-44.1875000000
7.1246000000;0.2744000000;6.5170000000;-1.5312500000;-1.0412500000;0.5512500000;-23.3750000000;3.6875000000;-44.5625000000
7.0756000000;0.0588000000;6.6640000000;0.3062500000;0.3675000000;0.0612500000;-22.5625000000;3.6875000000;-44.1875000000
7.1050000000;0.1960000000;6.4778000000;-0.9800000000;0.7350000000;-0.7350000000;-22.5625000000;3.6875000000;-44.1875000000
7.1148000000;0.0686000000;6.7032000000;-3.6750000000;1.1637500000;-0.8575000000;-24.0625000000;3.2500000000;-43.0000000000
7.0364000000;0.3626000000;6.8110000000;2.8175000000;0.6737500000;-1.2862500000;-23.3750000000;3.2500000000;-44.1875000000
7.1246000000;0.2156000000;6.5464000000;-2.7562500000;-1.5312500000;0.4900000000;-23.3750000000;3.6875000000;-44.1875000000
7.0854000000;0.1372000000;6.5464000000;2.1437500000;0.3062500000;0.0000000000;-23.3750000000;3.6875000000;-44.1875000000
7.1344000000;0.2744000000;6.5170000000;1.1025000000;0.4287500000;1.3475000000;-24.5000000000;2.5000000000;-44.1875000000
7.0756000000;-0.2156000000;6.8110000000;-0.4287500000;-0.3062500000;0.9800000000;-24.0625000000;3.2500000000;-43.7500000000
7.1246000000;0.2352000000;6.3406000000;-0.6737500000;-2.0212500000;-1.4700000000;-23.6875000000;2.8750000000;-44.1875000000
7.0756000000;0.3430000000;6.5170000000;-0.9187500000;-0.1837500000;-1.1637500000;-24.0625000000;3.2500000000;-42.5625000000
7.1834000000;0.0588000000;6.5954000000;-2.0212500000;2.4500000000;-0.8575000000;-24.0625000000;3.2500000000;-42.5625000000
7.1148000000;0.3920000000;6.7228000000;-0.5512500000;-0.9800000000;-0.8575000000;-24.0625000000;3.6875000000;-44.1875000000
7.0952000000;0.2058000000;6.4092000000;-2.6337500000;-1.7150000000;0.2450000000;-23.6875000000;2.8750000000;-43.3750000000
7.1050000000;0.4116000000;6.1152000000;3.4912500000;1.7762500000;0.1837500000;-23.6875000000;3.6875000000;-44.5625000000
7.0070000000;0.3136000000;6.1348000000;-0.1225000000;4.0425000000;2.5112500000;-24.5000000000;3.2500000000;-43.3750000000
7.1246000000;0.0588000000;5.8016000000;0.4900000000;8.8200000000;1.8375000000;-24.5000000000;3.2500000000;-43.3750000000
7.0462000000;0.2352000000;5.6644000000;4.8387500000;14.2100000000;0.7962500000;-23.6875000000;3.6875000000;-44.1875000000
6.9188000000;0.1470000000;5.3998000000;-3.6137500000;20.5800000000;2.0825000000;-23.3750000000;3.2500000000;-44.8750000000
6.6346000000;0.2940000000;5.1254000000;5.5125000000;31.7275000000;1.4087500000;-22.1875000000;4.0000000000;-43.7500000000
6.3700000000;0.4704000000;5.3312000000;12.1887500000;47.0400000000;1.2250000000;-22.1875000000;3.2500000000;-44.1875000000
6.1054000000;0.4998000000;5.5076000000;-2.5112500000;57.4525000000;4.9612500000;-22.1875000000;3.2500000000;-44.1875000000
5.6448000000;0.3920000000;5.7134000000;-8.4525000000;67.1912500000;8.0237500000;-20.3750000000;2.1875000000;-44.5625000000
4.8706000000;0.0000000000;7.1736000000;20.6412500000;82.1362500000;4.4100000000;-17.5000000000;2.5000000000;-46.1875000000
4.5570000000;0.4606000000;8.2222000000;7.6562500000;82.7487500000;2.2050000000;-14.8750000000;3.2500000000;-46.5625000000
4.5374000000;-0.0294000000;7.4480000000;-24.4387500000;80.3600000000;0.7350000000;-11.1875000000;1.7500000000;-49.2500000000
3.3614000000;-0.0588000000;9.8294000000;-10.2900000000;79.8087500000;4.7162500000;-11.1875000000;1.7500000000;-49.2500000000
3.3516000000;0.0980000000;8.9474000000;-25.7250000000;68.0487500000;5.8187500000;-7.8750000000;2.8750000000;-49.6875000000
2.8028000000;-1.5092000000;9.5942000000;-41.1600000000;74.0512500000;8.2687500000;-4.8750000000;3.0000000000;-49.2500000000
2.3618000000;-0.4508000000;10.5350000000;22.3562500000;66.8850000000;2.4500000000;-0.8750000000;3.7500000000;-49.2500000000
2.6068000000;0.2940000000;8.7318000000;-28.9712500000;45.9987500000;2.8175000000;2.0625000000;4.5000000000;-49.2500000000
1.5582000000;-2.3814000000;12.7106000000;15.4962500000;70.7437500000;0.2450000000;2.0625000000;4.5000000000;-49.2500000000
2.2932000000;1.0878000000;10.6624000000;56.9625000000;26.7050000000;-4.4100000000;3.1875000000;4.5000000000;-49.2500000000
1.6268000000;-0.9898000000;9.9274000000;-44.4675000000;43.4875000000;5.0225000000;6.1875000000;3.7500000000;-48.8750000000
0.9212000000;-0.1470000000;11.0936000000;31.2987500000;38.6487500000;-3.2462500000;7.5625000000;2.5625000000;-49.2500000000
1.4602000000;1.1074000000;8.7612000000;36.9337500000;23.7037500000;0.0612500000;9.0625000000;3.0000000000;-49.2500000000
0.7938000000;0.3038000000;10.5448000000;-34.3612500000;46.7337500000;7.7175000000;9.0625000000;3.0000000000;-49.2500000000
0.9702000000;-0.8624000000;10.4174000000;-50.2250000000;22.7237500000;6.3087500000;10.5625000000;1.0625000000;-48.8750000000
0.4900000000;-0.9800000000;11.6620000000;24.8675000000;23.6425000000;-0.4900000000;11.6875000000;1.8750000000;-48.5000000000
0.7154000000;0.2352000000;11.0152000000;4.2875000000;1.3475000000;3.1850000000;12.7500000000;3.7500000000;-48.0625000000
0.8820000000;-0.5194000000;9.3394000000;-35.2187500000;-4.5325000000;5.0225000000;14.0000000000;2.5625000000;-48.0625000000
0.4802000000;-1.0976000000;9.8294000000;-2.2662500000;-2.3275000000;1.6537500000;14.0000000000;2.5625000000;-48.0625000000
0.7350000000;-0.3136000000;8.8396000000;0.0000000000;-6.9825000000;-1.3475000000;13.1875000000;4.5000000000;-47.2500000000
0.7644000000;-0.4312000000;9.0062000000;-13.7812500000;3.6750000000;0.0612500000;13.5625000000;3.7500000000;-47.7500000000
0.5782000000;-0.8134000000;9.9666000000;12.6787500000;2.1437500000;-1.7150000000;12.7500000000;3.7500000000;-48.5000000000
0.8134000000;-0.3038000000;9.6236000000;7.9625000000;-1.3475000000;0.7350000000;12.7500000000;4.5000000000;-48.0625000000
0.7448000000;-0.7056000000;9.9274000000;-2.5112500000;1.3475000000;-2.8175000000;12.7500000000;4.5000000000;-48.0625000000
0.7154000000;-0.2156000000;9.7118000000;0.4900000000;-4.1037500000;-0.5512500000;12.7500000000;3.0000000000;-48.8750000000
0.6958000000;-0.5488000000;9.3100000000;-3.6137500000;-0.4287500000;0.1225000000;13.1875000000;4.0625000000;-48.0625000000
0.6860000000;-0.3234000000;9.6726000000;4.0425000000;0.3062500000;-0.4287500000;13.5625000000;4.0625000000;-48.0625000000
0.9114000000;-0.6468000000;9.1532000000;-1.5312500000;-3.2462500000;2.8787500000;13.1875000000;4.8750000000;-48.0625000000
0.6370000000;-0.5684000000;9.7804000000;1.7762500000;2.8175000000;0.4900000000;13.1875000000;4.8750000000;-48.0625000000
0.7252000000;-0.5880000000;9.7118000000;-2.1437500000;-2.4500000000;0.8575000000;13.1875000000;4.5000000000;-48.5000000000
0.8036000000;-0.7546000000;9.4668000000;-0.9800000000;1.6537500000;-0.8575000000;13.5625000000;4.0625000000;-48.8750000000
0.7154000000;-0.3528000000;9.6236000000;4.3487500000;2.2050000000;-1.4087500000;13.5625000000;4.0625000000;-48.5000000000
0.7448000000;-0.5194000000;9.4570000000;-4.4712500000;0.4287500000;0.8575000000;13.5625000000;4.0625000000;-48.5000000000
0.6174000000;-0.6958000000;9.8784000000;4.9612500000;2.5112500000;-1.4087500000;13.1875000000;3.7500000000;-46.8750000000
0.7742000000;-0.3528000000;9.4668000000;2.3275000000;-1.7150000000;-0.1225000000;13.1875000000;4.0625000000;-47.2500000000
0.6958000000;-0.6664000000;9.5648000000;-0.7962500000;-0.2450000000;0.3675000000;12.7500000000;4.5000000000;-48.5000000000
0.8134000000;-0.4704000000;9.2904000000;2.1437500000;-0.9187500000;-0.3062500000;12.7500000000;3.3750000000;-48.0625000000
0.7448000000;-0.5488000000;9.4276000000;-2.8175000000;2.2050000000;-0.7962500000;12.7500000000;3.3750000000;-48.0625000000
0.6076000000;-0.4508000000;9.7510000000;2.5112500000;3.7975000000;-0.9187500000;13.1875000000;3.7500000000;-48.0625000000
0.7350000000;-0.4802000000;9.4374000000;-2.2662500000;0.2450000000;-0.7350000000;13.5625000000;4.0625000000;-48.0625000000
0.7448000000;-0.4704000000;9.5452000000;0.1225000000;4.0425000000;-0.2450000000;12.0625000000;4.0625000000;-48.8750000000
0.5880000000;-0.6174000000;9.6236000000;0.7350000000;2.8175000000;0.9187500000;12.7500000000;3.3750000000;-48.5000000000
0.5978000000;-0.6272000000;9.7020000000;-0.0612500000;2.6337500000;-0.7350000000;12.7500000000;3.3750000000;-48.5000000000
0.6468000000;-0.5194000000;10.1234000000;3.9812500000;1.1637500000;-1.5925000000;14.0000000000;4.8750000000;-47.2500000000
0.5684000000;-0.4410000000;10.4762000000;8.2687500000;-3.6137500000;-1.2250000000;13.5625000000;4.0625000000;-47.7500000000
0.7448000000;-0.6566000000;10.9172000000;1.5312500000;-9.1262500000;-0.1225000000;14.0000000000;3.7500000000;-47.7500000000
0.3038000000;-1.1270000000;12.9752000000;6.2475000000;-18.1912500000;-2.6337500000;12.5000000000;3.3750000000;-47.7500000000
0.9898000000;0.3136000000;12.2696000000;16.1700000000;-48.6937500000;-4.6550000000;12.5000000000;3.3750000000;-47.7500000000
1.1956000000;-0.7644000000;11.3680000000;-22.4175000000;-64.2512500000;-0.7350000000;12.7500000000;3.7500000000;-47.7500000000
0.9898000000;-1.3034000000;13.0928000000;12.1275000000;-64.2512500000;-5.1450000000;10.2500000000;3.0000000000;-48.0625000000
1.7934000000;0.4410000000;11.3582000000;-27.9300000000;-104.4312500000;-11.1475000000;7.5625000000;3.7500000000;-48.8750000000
2.3814000000;-1.7640000000;9.6334000000;-61.1275000000;-107.8000000000;-10.5962500000;3.5625000000;4.8750000000;-49.6875000000
1.6954000000;-1.5288000000;11.5738000000;31.6662500000;-103.7575000000;-18.8037500000;3.5625000000;4.8750000000;-49.6875000000
3.0184000000;0.1078000000;7.1246000000;16.2312500000;-138.7312500000;-18.5587500000;-0.0625000000;7.5000000000;-49.6875000000
3.9886000000;0.3920000000;5.5860000000;-15.5575000000;-116.6200000000;-18.8650000000;-4.8750000000;6.2500000000;-50.0625000000
4.6452000000;0.1862000000;5.2528000000;-0.7350000000;-93.4675000000;-14.0875000000;-10.7500000000;6.5625000000;-47.2500000000
5.7624000000;0.2548000000;3.5476000000;12.0662500000;-79.9312500000;-4.9612500000;-14.5000000000;7.0625000000;-46.5625000000
6.5366000000;-0.1274000000;3.6750000000;-1.3475000000;-43.1812500000;-3.7362500000;-14.5000000000;7.0625000000;-46.5625000000
6.5268000000;0.2254000000;5.7624000000;32.8912500000;-14.0262500000;-4.1037500000;-17.7500000000;6.6875000000;-45.7500000000
6.7228000000;-0.0686000000;5.7036000000;32.7075000000;-17.7625000000;0.6125000000;-19.2500000000;5.8750000000;-45.2500000000
6.6444000000;0.6468000000;6.3112000000;19.9675000000;-6.4925000000;-1.8987500000;-19.6875000000;4.7500000000;-46.5000000000
6.6444000000;-0.0980000000;6.4484000000;-7.5337500000;-8.4525000000;1.8375000000;-20.7500000000;3.2500000000;-44.5000000000
6.6052000000;-0.1568000000;7.3500000000;11.0250000000;-4.2875000000;-0.6125000000;-20.7500000000;3.2500000000;-44.5000000000
6.7620000000;0.7840000000;7.1148000000;9.3712500000;-14.1487500000;-0.2450000000;-21.5625000000;4.3750000000;-45.6875000000
7.0756000000;-0.0490000000;5.7820000000;-31.6662500000;-11.5762500000;4.2262500000;-21.1875000000;2.8750000000;-43.6875000000
6.6542000000;0.0392000000;7.2324000000;1.0412500000;1.2250000000;-1.2250000000;-21.8750000000;4.0000000000;-44.0625000000
7.0364000000;0.3528000000;5.8800000000;-13.2300000000;-7.1662500000;2.3887500000;-21.5625000000;3.6875000000;-44.7500000000
6.7228000000;-0.4312000000;7.1834000000;-11.0862500000;9.0650000000;-0.9187500000;-21.5625000000;3.6875000000;-44.7500000000
6.9090000000;0.3626000000;6.7424000000;4.5325000000;-4.2875000000;1.8375000000;-21.8750000000;4.3750000000;-44.0625000000
6.9384000000;-0.3626000000;6.2720000000;-9.0037500000;6.6762500000;3.0012500000;-21.8750000000;5.0625000000;-44.5000000000
6.6542000000;0.0000000000;7.6146000000;10.4737500000;2.7562500000;0.3062500000;-21.5625000000;4.3750000000;-44.5000000000
6.9580000000;0.0294000000;6.6542000000;-6.9825000000;-0.1837500000;2.7562500000;-21.8750000000;4.7500000000;-44.0625000000
6.8502000000;-0.3038000000;7.3402000000;3.0625000000;2.7562500000;0.0000000000;-21.8750000000;4.7500000000;-44.0625000000
6.8208000000;-0.0686000000;6.8796000000;2.8175000000;-2.0825000000;1.6537500000;-21.8750000000;5.0625000000;-44.5000000000
6.8208000000;-0.4802000000;6.9776000000;0.6125000000;1.4087500000;-1.5925000000;-21.1875000000;4.7500000000;-44.0625000000
6.7816000000;0.2156000000;7.0756000000;-3.5525000000;-5.7575000000;0.1837500000;-21.8750000000;5.0625000000;-44.0625000000
6.9580000000;-0.1666000000;6.2818000000;-6.1250000000;-2.4500000000;0.8575000000;-21.5625000000;4.7500000000;-44.5000000000
6.6934000000;-0.0686000000;7.1050000000;4.7162500000;0.9800000000;-0.9187500000;-21.5625000000;4.7500000000;-44.5000000000
7.0070000000;-0.0686000000;6.4582000000;-7.3500000000;-0.9187500000;1.2250000000;-21.8750000000;5.0625000000;-44.0625000000
6.8894000000;-0.1862000000;6.8600000000;2.0212500000;2.0825000000;-0.3062500000;-21.5625000000;4.7500000000;-44.0625000000
6.8796000000;-0.0784000000;6.5072000000;0.4900000000;-1.5312500000;0.9187500000;-21.8750000000;5.8750000000;-45.2500000000
6.8698000000;-0.2842000000;6.9384000000;1.6537500000;5.0837500000;-1.1637500000;-22.1875000000;5.5000000000;-44.5000000000
6.8110000000;0.3430000000;7.2814000000;-0.1225000000;-3.4912500000;1.8987500000;-22.1875000000;5.5000000000;-44.5000000000
6.8796000000;-0.2646000000;6.7228000000;-8.3300000000;-3.0012500000;1.8375000000;-21.8750000000;5.5000000000;-44.5000000000
6.7130000000;-0.1568000000;7.0266000000;7.3500000000;-0.9800000000;-0.3062500000;-21.5625000000;4.3750000000;-44.0625000000
6.8992000000;-0.0196000000;6.5856000000;-4.9000000000;-3.0625000000;1.5925000000;-21.8750000000;5.0625000000;-44.0625000000
6.9090000000;-0.3920000000;6.6738000000;-0.9800000000;3.5525000000;-0.1225000000;-21.8750000000;5.0625000000;-44.0625000000
6.7326000000;-0.0784000000;7.0952000000;4.1037500000;-0.7350000000;-0.7962500000;-23.0000000000;4.3750000000;-44.0625000000
6.9776000000;-0.2450000000;6.6542000000;-5.1450000000;1.2250000000;-1.4087500000;-21.8750000000;4.3750000000;-43.6875000000
6.8110000000;0.1862000000;7.1834000000;7.4112500000;2.0825000000;-1.2862500000;-21.8750000000;4.3750000000;-44.5000000000
6.8502000000;-0.1470000000;6.9090000000;-4.9000000000;-2.1437500000;2.6950000000;-22.1875000000;5.0625000000;-45.6875000000
6.8698000000;-0.3724000000;6.7228000000;0.1837500000;-0.0612500000;0.3062500000;-22.1875000000;5.0625000000;-45.6875000000
6.8502000000;-0.1078000000;6.7914000000;4.8387500000;-0.7350000000;-0.1225000000;-21.8750000000;5.5000000000;-43.6875000000
6.9188000000;-0.2548000000;6.8600000000;-5.8800000000;-0.0612500000;-0.9800000000;-21.1875000000;5.0625000000;-43.2500000000
6.9090000000;0.1372000000;6.9482000000;4.7162500000;-2.1437500000;-1.8987500000;-21.8750000000;5.0625000000;-44.7500000000
6.8698000000;-0.0490000000;6.7816000000;-3.9812500000;-1.1637500000;0.0612500000;-22.1875000000;5.0625000000;-44.0625000000
6.8306000000;-0.2156000000;6.8404000000;-0.3675000000;-0.1837500000;-0.2450000000;-22.1875000000;5.0625000000;-44.0625000000
6.8110000000;-0.1372000000;6.9286000000;1.4087500000;-1.3475000000;-0.0612500000;-21.8750000000;5.0625000000;-45.2500000000
6.8894000000;-0.3528000000;6.5758000000;-5.7575000000;-0.7962500000;-0.3675000000;-21.8750000000;5.0625000000;-45.2500000000
6.8992000000;-0.2156000000;6.7816000000;1.7762500000;1.5312500000;-0.8575000000;-21.8750000000;5.5000000000;-44.5000000000
6.8796000000;0.1176000000;6.9678000000;1.6537500000;1.8987500000;-0.9187500000;-22.5625000000;4.3750000000;-43.2500000000
6.8012000000;-0.2450000000;7.0070000000;-3.9812500000;-0.3062500000;0.8575000000;-22.5625000000;4.3750000000;-43.2500000000
6.8600000000;0.0000000000;6.8404000000;5.5737500000;-0.4287500000;-1.4700000000;-21.8750000000;5.5000000000;-44.5000000000
6.8992000000;-0.0784000000;6.6640000000;-5.5125000000;-0.3675000000;1.2862500000;-22.1875000000;5.0625000000;-44.0625000000
6.8992000000;-0.2940000000;6.8012000000;1.5312500000;1.7150000000;0.1837500000;-21.8750000000;5.0625000000;-44.0625000000
6.8306000000;0.1372000000;7.0462000000;2.0212500000;-0.3675000000;0.0000000000;-21.5625000000;4.7500000000;-45.2500000000
6.9678000000;-0.3430000000;6.6640000000;-4.5325000000;-0.8575000000;0.7962500000;-21.5625000000;4.7500000000;-45.2500000000
6.8404000000;-0.1372000000;7.0462000000;6.6150000000;1.6537500000;-2.2662500000;-22.5625000000;5.5000000000;-43.2500000000
6.8992000000;0.1764000000;6.6150000000;-2.0825000000;-1.4700000000;0.6125000000;-21.8750000000;5.5000000000;-44.5000000000
6.9286000000;-0.3038000000;6.6444000000;-0.9187500000;3.2462500000;0.9187500000;-22.1875000000;4.0000000000;-43.6875000000
6.7522000000;0.0000000000;7.3108000000;4.5937500000;2.1437500000;-0.1225000000;-21.8750000000;5.5000000000;-43.6875000000
6.9090000000;-0.2254000000;6.6836000000;-2.6950000000;-2.6337500000;1.0412500000;-21.8750000000;5.5000000000;-43.6875000000
6.9580000000;-0.2156000000;6.7620000000;2.2662500000;0.4900000000;-0.4900000000;-21.5625000000;5.5000000000;-43.6875000000
6.8600000000;-0.1372000000;6.8600000000;0.1225000000;0.7350000000;-0.4287500000;-21.8750000000;4.7500000000;-44.0625000000
6.8796000000;-0.0490000000;6.7620000000;-3.0012500000;-1.8987500000;-0.1837500000;-22.1875000000;4.7500000000;-45.6875000000
6.8208000000;-0.0490000000;6.8110000000;3.3075000000;0.7350000000;-0.4900000000;-21.8750000000;5.0625000000;-44.7500000000
6.8404000000;0.0000000000;6.9482000000;0.4287500000;-0.4287500000;0.9800000000;-21.8750000000;5.0625000000;-44.7500000000
6.8306000000;-0.2744000000;6.9286000000;-3.4300000000;0.0612500000;0.2450000000;-21.8750000000;5.8750000000;-44.0625000000
6.8894000000;-0.1568000000;6.7620000000;4.5325000000;-0.8575000000;-0.4287500000;-21.8750000000;4.7500000000;-45.2500000000
6.9090000000;-0.0490000000;6.6640000000;-3.0012500000;0.0000000000;0.1837500000;-21.8750000000;5.5000000000;-44.5000000000
6.7718000000;-0.2156000000;7.1344000000;-0.0612500000;1.4087500000;-0.5512500000;-21.5625000000;4.7500000000;-44.0625000000
6.9678000000;0.0882000000;6.7326000000;0.7962500000;-2.8175000000;-0.1225000000;-21.5625000000;4.7500000000;-44.0625000000
6.9188000000;-0.1764000000;6.5366000000;-2.2662500000;0.0000000000;0.4287500000;-21.8750000000;4.7500000000;-43.2500000000
6.7816000000;-0.2254000000;7.1540000000;2.7562500000;1.8987500000;0.4287500000;-22.1875000000;4.7500000000;-44.0625000000
6.9482000000;-0.1568000000;6.8894000000;-2.1437500000;-3.4300000000;0.0000000000;-21.8750000000;5.0625000000;-44.5000000000
6.9188000000;-0.2352000000;6.6248000000;-2.0212500000;-0.1837500000;-0.4287500000;-21.1875000000;4.3750000000;-43.6875000000
6.9482000000;-0.0392000000;6.6836000000;3.3075000000;1.7150000000;-0.9187500000;-21.1875000000;4.3750000000;-43.6875000000
6.8796000000;0.0196000000;6.9678000000;-2.3275000000;-1.4087500000;1.5925000000;-21.8750000000;5.5000000000;-44.0625000000
6.9188000000;-0.3234000000;6.6052000000;2.0825000000;0.9800000000;0.1837500000;-22.1875000000;5.0625000000;-44.0625000000
6.8894000000;0.2156000000;6.5268000000;-0.1225000000;-2.0212500000;0.1225000000;-22.5625000000;5.0625000000;-44.0625000000
6.8306000000;-0.1470000000;6.6640000000;-2.4500000000;3.3687500000;1.4087500000;-21.8750000000;5.5000000000;-44.5000000000
6.8600000000;-0.0980000000;7.0952000000;6.8600000000;1.2862500000;0.5512500000;-21.8750000000;5.5000000000;-44.5000000000
6.9580000000;-0.3038000000;6.7718000000;-4.2875000000;0.7962500000;0.7962500000;-22.1875000000;5.0625000000;-44.5000000000
6.8698000000;-0.1372000000;6.9482000000;2.8787500000;2.0212500000;-2.5112500000;-22.1875000000;5.0625000000;-43.6875000000
6.8600000000;0.0490000000;7.1344000000;-2.6337500000;-2.0825000000;-0.3062500000;-21.8750000000;4.7500000000;-44.5000000000
6.9090000000;-0.2254000000;6.6542000000;-0.3675000000;-0.9800000000;0.0000000000;-22.1875000000;5.0625000000;-44.8750000000
6.7718000000;-0.0882000000;6.9678000000;1.6537500000;0.4287500000;-0.6125000000;-22.1875000000;5.0625000000;-44.8750000000
6.9286000000;-0.1176000000;6.8012000000;-0.4287500000;-1.4700000000;0.4287500000;-21.5625000000;5.5000000000;-44.7500000000
6.8796000000;-0.0980000000;6.7228000000;0.9800000000;-0.4900000000;0.1225000000;-21.8750000000;5.0625000000;-44.7500000000
6.8600000000;0.0098000000;6.7816000000;0.6737500000;-0.6737500000;-0.1837500000;-22.1875000000;5.0625000000;-45.2500000000
6.9384000000;-0.2940000000;6.7424000000;-0.6737500000;0.7962500000;0.6737500000;-22.1875000000;5.0625000000;-45.2500000000
6.8404000000;0.0098000000;6.8894000000;2.3275000000;1.2250000000;-0.3062500000;-21.8750000000;5.0625000000;-44.7500000000
6.8404000000;-0.0294000000;6.8796000000;-0.9187500000;-0.8575000000;0.9800000000;-21.5625000000;4.7500000000;-43.6875000000
6.8698000000;-0.1568000000;6.9874000000;3.0625000000;0.0612500000;0.4287500000;-22.5625000000;4.7500000000;-45.2500000000
6.8992000000;-0.0882000000;6.6934000000;-1.9600000000;-1.7150000000;0.6737500000;-22.1875000000;5.5000000000;-44.5000000000
6.8404000000;-0.1862000000;6.7522000000;0.8575000000;0.4900000000;0.1225000000;-22.1875000000;5.5000000000;-44.5000000000
6.8502000000;-0.1176000000;7.0560000000;0.8575000000;1.2250000000;0.2450000000;-21.8750000000;5.5000000000;-44.5000000000
6.9384000000;-0.2156000000;6.8404000000;-0.6737500000;-2.3275000000;0.2450000000;-21.8750000000;5.0625000000;-45.2500000000
6.8796000000;-0.0882000000;6.5562000000;-0.1837500000;-0.7962500000;-1.0412500000;-21.8750000000;5.0625000000;-46.0000000000
6.8600000000;0.1176000000;6.3504000000;1.8987500000;0.9800000000;-0.1225000000;-22.1875000000;5.0625000000;-44.0625000000
6.8796000000;-0.0882000000;6.1544000000;-3.4300000000;5.2062500000;0.5512500000;-22.1875000000;5.0625000000;-44.0625000000
6.8404000000;-0.0882000000;5.9878000000;3.3075000000;10.5962500000;0.9187500000;-22.1875000000;5.0625000000;-44.5000000000
6.7130000000;0.1764000000;5.5174000000;-2.5112500000;16.0475000000;1.9600000000;-21.8750000000;4.7500000000;-44.5000000000
6.5758000000;0.0294000000;4.6158000000;-9.2487500000;26.9500000000;2.6337500000;-21.1875000000;5.0625000000;-44.7500000000
6.0564000000;0.2058000000;4.6256000000;13.5362500000;48.8775000000;4.0425000000;-19.6875000000;5.5000000000;-44.5000000000
5.5370000000;0.8036000000;5.1156000000;23.3975000000;61.9237500000;6.1250000000;-19.6875000000;5.5000000000;-44.5000000000
5.1254000000;-0.1764000000;5.2332000000;-44.5900000000;86.8525000000;11.7600000000;-17.7500000000;5.8750000000;-45.6875000000
3.6848000000;-2.4892000000;10.1136000000;-2.5112500000;116.7425000000;9.0650000000;-15.5625000000;4.3750000000;-46.5000000000
4.2336000000;1.2446000000;8.7906000000;105.4112500000;81.5237500000;-4.2262500000;-11.8750000000;6.1875000000;-46.7500000000
3.9494000000;1.4014000000;6.1740000000;-33.0137500000;85.9337500000;0.7962500000;-7.8750000000;1.7500000000;-49.1875000000
2.2050000000;-2.0776000000;11.1622000000;-60.7600000000;103.4512500000;8.6362500000;-7.8750000000;1.7500000000;-49.1875000000
2.5382000000;0.1960000000;8.8690000000;5.5125000000;75.6437500000;3.3687500000;-3.7500000000;3.2500000000;-49.5625000000
1.9012000000;-1.1270000000;10.1332000000;-64.0675000000;85.4437500000;11.2700000000;-0.5000000000;4.8750000000;-48.7500000000
1.6464000000;-1.0486000000;10.0352000000;-39.5062500000;65.8437500000;11.0862500000;3.1875000000;5.1875000000;-50.0000000000
1.0584000000;-2.4402000000;10.8486000000;0.7350000000;67.1300000000;13.1687500000;6.5625000000;7.6875000000;-48.3750000000
0.9310000000;-0.9800000000;13.1516000000;10.5962500000;61.4950000000;-0.1837500000;6.5625000000;7.6875000000;-48.3750000000
1.6562000000;-0.8820000000;10.1626000000;-30.8700000000;27.5625000000;1.9600000000;9.0625000000;7.0625000000;-48.3750000000
0.4312000000;-2.8224000000;11.2798000000;-8.1462500000;36.1987500000;5.5125000000;11.0000000000;6.5625000000;-47.0625000000
0.2940000000;-0.0784000000;10.8878000000;67.8650000000;14.8837500000;-2.6950000000;12.5000000000;7.7500000000;-47.8750000000
0.8036000000;-0.5194000000;9.2904000000;-13.5362500000;6.4312500000;2.0825000000;13.1875000000;6.1875000000;-46.6875000000
0.4018000000;-1.3426000000;10.7212000000;3.0012500000;13.1687500000;1.7762500000;13.1875000000;6.1875000000;-46.6875000000
0.5880000000;-0.2352000000;9.1238000000;40.1800000000;-1.7762500000;3.9812500000;13.1875000000;5.5000000000;-47.0625000000
0.4508000000;-0.8820000000;9.6530000000;-15.3737500000;7.9012500000;2.5112500000;14.0000000000;5.0625000000;-46.6875000000
0.3528000000;-1.0682000000;10.1920000000;-4.9612500000;4.8387500000;0.0000000000;15.0000000000;5.0625000000;-47.7500000000
0.5292000000;-0.7252000000;9.5354000000;-1.7762500000;-0.7962500000;1.0412500000;14.2500000000;6.0000000000;-47.8750000000
0.4312000000;-1.0682000000;9.7608000000;-7.9012500000;2.2662500000;0.4287500000;14.2500000000;6.0000000000;-47.8750000000
0.4116000000;-0.7056000000;9.7314000000;4.5325000000;-1.5312500000;-0.6125000000;14.0000000000;4.8750000000;-46.1875000000
0.5586000000;-0.6958000000;9.3100000000;-0.3062500000;-2.6337500000;0.4287500000;14.2500000000;6.0000000000;-46.5625000000
0.4606000000;-0.7742000000;9.4080000000;-2.9400000000;0.9187500000;0.0000000000;14.0000000000;5.0625000000;-47.7500000000
0.4508000000;-0.9016000000;9.4374000000;1.1025000000;1.2250000000;0.9800000000;15.0000000000;5.5625000000;-47.0000000000
0.4018000000;-1.0290000000;9.7412000000;-2.6337500000;1.1637500000;-0.2450000000;15.0000000000;5.5625000000;-47.0000000000
0.4508000000;-0.7742000000;9.7216000000;-1.2862500000;0.9800000000;-1.4087500000;14.6875000000;4.8750000000;-46.5625000000
0.4998000000;-0.7350000000;9.4374000000;0.1837500000;-0.8575000000;-0.1225000000;14.6875000000;5.1875000000;-47.0000000000
0.4018000000;-0.9506000000;9.7608000000;2.2662500000;1.5312500000;-0.7350000000;13.5625000000;6.0000000000;-46.5625000000
0.4214000000;-0.6664000000;9.6432000000;-1.2250000000;-3.0012500000;0.5512500000;14.6875000000;6.0000000000;-47.3750000000
0.4802000000;-0.8722000000;9.2414000000;-0.2450000000;2.3275000000;0.6125000000;14.6875000000;6.0000000000;-47.3750000000
0.2548000000;-1.0290000000;9.8392000000;3.0625000000;0.4287500000;-1.2250000000;14.6875000000;6.0000000000;-47.0000000000
0.4900000000;-0.5978000000;9.5746000000;-2.6337500000;-2.8175000000;0.9800000000;14.0000000000;6.0000000000;-47.0000000000
0.4606000000;-1.0878000000;9.3982000000;-2.0825000000;2.0825000000;0.9800000000;14.2500000000;5.1875000000;-47.7500000000
0.4312000000;-0.8036000000;9.5942000000;2.3275000000;0.7962500000;-0.8575000000;14.0000000000;5.5625000000;-47.0000000000
0.4606000000;-0.8036000000;9.7510000000;2.4500000000;-0.6125000000;-1.2862500000;14.0000000000;5.5625000000;-47.0000000000
0.4704000000;-0.6664000000;9.4864000000;0.3062500000;0.1225000000;-0.3062500000;14.6875000000;4.8750000000;-47.7500000000
0.4018000000;-0.8330000000;9.5354000000;-1.4087500000;0.9187500000;1.6537500000;14.2500000000;6.0000000000;-47.3750000000
0.4410000000;-0.9506000000;9.4668000000;0.5512500000;2.0212500000;-0.1225000000;15.0000000000;4.8750000000;-47.0000000000
0.3724000000;-0.7644000000;9.8098000000;4.5325000000;-0.1837500000;-0.3062500000;15.0000000000;4.8750000000;-47.0000000000
0.4900000000;-0.7056000000;9.3982000000;-4.1037500000;1.5312500000;0.0000000000;14.2500000000;6.0000000000;-47.0000000000
0.4214000000;-0.8624000000;9.6236000000;2.2050000000;1.6537500000;0.0000000000;14.2500000000;5.1875000000;-47.3750000000
0.4802000000;-0.8134000000;9.7608000000;-1.3475000000;0.1837500000;-0.0612500000;14.2500000000;5.1875000000;-47.3750000000
0.4116000000;-0.8526000000;9.8294000000;0.4900000000;0.5512500000;0.9800000000;14.2500000000;5.1875000000;-48.1875000000
0.3234000000;-0.8820000000;10.3586000000;-1.1025000000;-4.4100000000;-0.7350000000;14.2500000000;5.1875000000;-48.1875000000
0.1372000000;-1.2152000000;11.4856000000;8.3912500000;-10.5962500000;-2.2050000000;14.5625000000;6.0000000000;-46.5625000000
0.1176000000;-0.3626000000;12.4656000000;14.8225000000;-27.7462500000;-0.5512500000;14.0000000000;6.0000000000;-46.5625000000
0.7938000000;-1.2348000000;11.9266000000;-13.1687500000;-48.3262500000;0.7350000000;13.1875000000;4.8750000000;-46.5625000000
0.7938000000;-1.5876000000;12.4950000000;-2.0825000000;-66.2725000000;-0.7350000000;11.6875000000;4.3750000000;-46.5625000000
1.3034000000;-0.9114000000;11.8384000000;-7.5950000000;-89.6087500000;-10.5350000000;11.6875000000;4.3750000000;-46.5625000000
1.8228000000;-1.7052000000;11.5444000000;-21.3150000000;-96.5300000000;-14.0262500000;9.5000000000;5.5000000000;-49.3750000000
2.0580000000;-0.3724000000;10.2410000000;18.4975000000;-120.2337500000;-15.5575000000;6.1875000000;6.5625000000;-48.5625000000
2.4010000000;-0.4508000000;8.9964000000;-2.1437500000;-118.5800000000;-11.5150000000;1.7500000000;6.5625000000;-49.3750000000
2.6460000000;-0.5488000000;8.0066000000;-19.4775000000;-117.6000000000;-13.8425000000;-3.3750000000;6.5625000000;-49.7500000000
3.7828000000;-0.4116000000;6.8894000000;18.1300000000;-105.1050000000;-12.8012500000;-3.3750000000;6.5625000000;-49.7500000000
4.9392000000;-0.0196000000;5.4390000000;7.1662500000;-99.4700000000;-6.9825000000;-8.0625000000;8.0625000000;-47.7500000000
5.6546000000;-0.4410000000;5.2332000000;-6.4925000000;-78.5837500000;-4.7162500000;-12.2500000000;7.3750000000;-47.3750000000
6.0270000000;-0.3136000000;4.8902000000;10.6575000000;-69.7025000000;-4.9612500000;-16.0000000000;6.5625000000;-45.7500000000
6.6542000000;-0.3136000000;4.0180000000;17.8850000000;-55.6762500000;-0.1837500000;-18.8750000000;7.0000000000;-43.7500000000
6.7914000000;-0.0784000000;4.6648000000;8.8200000000;-31.7275000000;-5.2675000000;-18.8750000000;7.0000000000;-43.7500000000
7.0070000000;0.0784000000;4.6060000000;2.4500000000;-18.8650000000;-3.8587500000;-21.8750000000;6.5625000000;-43.7500000000
6.9384000000;-0.2450000000;5.5860000000;1.8375000000;-2.5725000000;-3.1237500000;-22.5625000000;5.5000000000;-43.3750000000
6.9580000000;0.3430000000;6.3896000000;2.8175000000;-0.9187500000;-0.3675000000;-23.3750000000;5.8750000000;-43.0000000000
7.1050000000;-0.4116000000;6.5758000000;-5.5125000000;0.9187500000;2.5112500000;-24.0625000000;5.5000000000;-43.0000000000
7.0560000000;-0.1470000000;6.1446000000;6.1250000000;0.6737500000;2.2050000000;-24.0625000000;5.5000000000;-43.0000000000
6.9090000000;-0.6174000000;7.1638000000;-3.0625000000;5.6350000000;2.7562500000;-23.3750000000;5.8750000000;-44.5000000000
7.0070000000;-0.4606000000;7.0070000000;-1.5925000000;0.3675000000;-0.3062500000;-23.3750000000;6.1875000000;-43.3750000000
7.2128000000;-0.3920000000;6.1152000000;-12.4950000000;-0.8575000000;-0.5512500000;-23.3750000000;5.8750000000;-43.7500000000
6.7620000000;-0.4410000000;7.5656000000;5.0225000000;3.3075000000;-2.8787500000;-23.6875000000;6.1875000000;-43.3750000000
7.1736000000;0.0000000000;6.5758000000;-0.7350000000;-5.5737500000;-0.4287500000;-23.6875000000;6.1875000000;-43.3750000000
7.1246000000;-0.6076000000;6.2230000000;-8.5137500000;1.5925000000;0.8575000000;-23.0000000000;5.8750000000;-43.7500000000
6.8796000000;-0.3234000000;6.9580000000;10.7187500000;0.4900000000;-1.6537500000;-23.6875000000;6.5625000000;-43.3750000000
7.1540000000;-0.0294000000;6.3112000000;-5.6350000000;-1.0412500000;-0.3675000000;-22.5625000000;6.1875000000;-43.3750000000
7.0658000000;-0.3038000000;6.5072000000;3.3687500000;1.2862500000;-0.6125000000;-22.5625000000;6.1875000000;-43.0000000000
7.0462000000;-0.1176000000;6.4876000000;1.0412500000;1.8375000000;1.0412500000;-22.5625000000;6.1875000000;-43.0000000000
7.0854000000;-0.4998000000;6.8502000000;-1.2862500000;1.4700000000;0.6737500000;-23.6875000000;6.1875000000;-43.0000000000
7.0854000000;-0.3822000000;6.8208000000;1.2862500000;0.1837500000;-1.2862500000;-23.6875000000;6.1875000000;-43.3750000000
7.0756000000;-0.1862000000;6.3504000000;-2.2050000000;-0.9187500000;-2.1437500000;-23.0000000000;7.0000000000;-43.7500000000
7.0854000000;-0.3136000000;6.3700000000;-2.7562500000;2.8175000000;0.2450000000;-23.3750000000;5.5000000000;-43.0000000000
6.9286000000;-0.3528000000;7.0560000000;1.2250000000;1.5312500000;-0.8575000000;-23.3750000000;5.5000000000;-43.0000000000
7.0560000000;-0.0490000000;6.5758000000;-3.7362500000;-3.5525000000;0.7962500000;-22.5625000000;6.1875000000;-43.7500000000
7.0070000000;-0.4312000000;6.4190000000;3.1850000000;3.5525000000;-0.1837500000;-23.3750000000;6.1875000000;-43.3750000000
6.9580000000;-0.1372000000;6.9874000000;0.7962500000;-0.5512500000;0.9187500000;-23.0000000000;5.8750000000;-43.0000000000
7.1932000000;-0.4704000000;6.6150000000;0.2450000000;0.9187500000;0.9800000000;-23.3750000000;6.1875000000;-43.3750000000
6.9874000000;-0.4998000000;6.6738000000;14.2712500000;0.7962500000;-1.9600000000;-23.3750000000;6.1875000000;-43.3750000000
7.0658000000;0.0490000000;6.4484000000;0.7350000000;-2.1437500000;0.6737500000;-23.0000000000;5.8750000000;-43.7500000000
7.0070000000;-0.3626000000;6.7032000000;0.6737500000;2.6337500000;0.1225000000;-24.0625000000;5.8750000000;-43.0000000000
6.9580000000;-0.0980000000;6.9286000000;7.6562500000;-1.8375000000;0.4900000000;-22.5625000000;6.1875000000;-44.5000000000
7.0658000000;-0.4900000000;6.4876000000;-5.4512500000;0.2450000000;1.3475000000;-22.5625000000;5.8750000000;-43.0000000000
6.9580000000;-0.2646000000;6.8796000000;4.1037500000;1.6537500000;-1.7150000000;-22.5625000000;5.8750000000;-43.0000000000
7.0070000000;-0.1274000000;6.8306000000;-3.3687500000;-1.3475000000;-0.7350000000;-23.3750000000;5.5000000000;-42.5625000000
7.0560000000;-0.3038000000;6.5366000000;-2.4500000000;-2.0212500000;-0.0612500000;-22.5625000000;5.8750000000;-43.0000000000
6.9776000000;-0.1470000000;6.4680000000;3.3075000000;0.8575000000;-0.3062500000;-23.0000000000;5.5000000000;-43.3750000000
7.0266000000;-0.1960000000;6.7228000000;-3.1850000000;0.6737500000;-0.0612500000;-23.0000000000;5.5000000000;-43.3750000000
7.0070000000;-0.1666000000;6.7424000000;0.9800000000;-1.3475000000;-0.4900000000;-23.0000000000;5.5000000000;-43.3750000000
7.0756000000;-0.3038000000;6.4876000000;-0.4900000000;0.2450000000;0.4900000000;-23.0000000000;5.8750000000;-43.0000000000
7.1148000000;-0.3234000000;6.7228000000;0.0000000000;1.5925000000;-0.1225000000;-23.3750000000;6.1875000000;-43.3750000000
7.0462000000;-0.1274000000;6.5758000000;-0.5512500000;-0.5512500000;0.7962500000;-23.0000000000;6.1875000000;-43.0000000000
6.8502000000;-0.4900000000;6.9286000000;-1.3475000000;2.2050000000;0.4900000000;-23.0000000000;6.1875000000;-43.0000000000
7.0070000000;0.0490000000;6.7816000000;3.9200000000;-0.8575000000;-0.1225000000;-22.1875000000;5.5000000000;-43.3750000000
7.0658000000;-0.3528000000;6.5366000000;-3.7362500000;-0.0612500000;1.9600000000;-23.3750000000;5.8750000000;-43.0000000000
6.9384000000;-0.2744000000;6.6150000000;4.0425000000;2.5112500000;0.4900000000;-23.0000000000;5.8750000000;-42.5625000000
7.0658000000;-0.2254000000;6.3602000000;1.1025000000;1.9600000000;1.9600000000;-23.3750000000;5.8750000000;-42.5625000000
6.9384000000;-0.4900000000;7.1050000000;6.2475000000;4.1037500000;1.1025000000;-23.3750000000;5.8750000000;-42.5625000000
6.9678000000;-0.5782000000;7.0658000000;1.6537500000;-0.0612500000;-0.3062500000;-23.0000000000;6.1875000000;-44.5000000000
7.0756000000;-0.1372000000;6.4582000000;-0.4287500000;-0.3675000000;-1.7150000000;-23.3750000000;5.5000000000;-43.0000000000
6.9776000000;-0.0588000000;7.0070000000;2.7562500000;-0.3062500000;-0.6737500000;-23.0000000000;5.8750000000;-42.5625000000
6.9776000000;-0.3332000000;6.6640000000;-2.2662500000;-2.2050000000;0.7962500000;-23.6875000000;5.5000000000;-42.5625000000
7.0854000000;-0.3234000000;6.2622000000;0.6125000000;-1.1637500000;-1.1637500000;-23.6875000000;5.5000000000;-42.5625000000
7.0070000000;-0.0980000000;6.7130000000;-2.5725000000;-0.1225000000;-1.8375000000;-22.5625000000;5.0625000000;-43.7500000000
7.0560000000;-0.1470000000;6.5072000000;-0.1225000000;0.4900000000;0.7350000000;-23.3750000000;5.8750000000;-43.7500000000
6.9776000000;-0.1470000000;6.7522000000;-0.4287500000;1.4700000000;0.6737500000;-22.5625000000;5.5000000000;-43.7500000000
6.8992000000;-0.2548000000;7.0854000000;-1.2862500000;1.5312500000;-0.4287500000;-23.3750000000;4.3750000000;-42.5625000000
7.0462000000;0.0392000000;6.7620000000;3.0625000000;-1.5312500000;-0.7962500000;-23.3750000000;4.3750000000;-42.5625000000
7.0462000000;-0.1470000000;6.5758000000;0.6737500000;-1.1025000000;1.7150000000;-22.5625000000;5.5000000000;-43.7500000000
6.8992000000;-0.3528000000;6.8404000000;1.1637500000;0.2450000000;1.3475000000;-22.5625000000;6.1875000000;-43.3750000000
7.0658000000;-0.4018000000;6.6934000000;-1.1637500000;-0.6125000000;0.6737500000;-22.5625000000;5.5000000000;-43.7500000000
7.0756000000;-0.2254000000;6.4876000000;0.1837500000;-1.1637500000;0.3675000000;-23.3750000000;5.8750000000;-43.3750000000
7.0168000000;-0.2156000000;6.7522000000;2.1437500000;0.0000000000;-0.4287500000;-23.3750000000;5.8750000000;-43.3750000000
7.0658000000;-0.2156000000;6.6640000000;-2.6337500000;-1.2862500000;-0.3062500000;-23.0000000000;5.5000000000;-43.3750000000
6.9972000000;-0.1862000000;6.4680000000;0.3675000000;-0.6737500000;-0.1225000000;-23.3750000000;5.5000000000;-43.7500000000
6.9776000000;-0.1960000000;6.8012000000;1.2862500000;0.3062500000;0.3675000000;-23.0000000000;5.5000000000;-42.5625000000
7.0658000000;-0.2744000000;6.7522000000;-2.7562500000;-1.8375000000;0.1225000000;-23.0000000000;5.8750000000;-43.0000000000
7.0560000000;-0.1078000000;6.5954000000;1.5312500000;-0.8575000000;-0.2450000000;-23.0000000000;5.8750000000;-43.0000000000
7.0364000000;-0.2156000000;6.4680000000;1.4087500000;0.5512500000;0.8575000000;-22.1875000000;4.7500000000;-43.0000000000
6.9678000000;-0.3038000000;7.0756000000;-1.3475000000;1.4700000000;0.1225000000;-23.3750000000;5.0625000000;-43.0000000000
7.1050000000;-0.1274000000;6.6052000000;1.7762500000;-3.2462500000;0.1837500000;-22.5625000000;5.8750000000;-45.3750000000
7.0266000000;-0.2156000000;6.3504000000;-2.6950000000;-1.5312500000;0.7350000000;-22.5625000000;5.0625000000;-44.5000000000
7.0070000000;-0.0490000000;6.6346000000;2.9400000000;1.7762500000;-0.1837500000;-22.5625000000;5.0625000000;-44.5000000000
7.1050000000;-0.2156000000;6.7326000000;-1.7762500000;-0.0612500000;1.4700000000;-23.6875000000;5.5000000000;-43.0000000000
7.0658000000;-0.3724000000;6.6346000000;1.2250000000;-0.1225000000;1.3475000000;-23.0000000000;5.0625000000;-43.3750000000
7.0462000000;-0.2450000000;6.8110000000;2.0825000000;0.3675000000;0.0000000000;-23.6875000000;5.0625000000;-43.0000000000
7.1148000000;-0.3430000000;6.5366000000;-2.8787500000;-2.8787500000;0.8575000000;-23.0000000000;4.7500000000;-43.3750000000
7.0658000000;-0.2842000000;6.1642000000;2.2662500000;-1.4700000000;0.1837500000;-23.0000000000;4.7500000000;-43.3750000000
6.9482000000;-0.1372000000;6.0662000000;-3.1237500000;4.2262500000;-0.1837500000;-23.3750000000;5.5000000000;-45.0000000000
6.9972000000;-0.3234000000;5.9192000000;-4.1650000000;7.6562500000;-0.7962500000;-23.3750000000;4.7500000000;-43.7500000000
6.8992000000;-0.3234000000;5.7722000000;-2.2662500000;12.4337500000;-0.3062500000;-22.5625000000;5.8750000000;-43.7500000000
6.9874000000;0.1078000000;4.6452000000;4.6550000000;19.4162500000;-0.9187500000;-22.1875000000;5.0625000000;-43.0000000000
6.5562000000;-0.2254000000;4.9588000000;14.0262500000;44.2225000000;-0.0612500000;-22.1875000000;5.0625000000;-43.0000000000
6.1250000000;0.3136000000;5.5076000000;28.2975000000;55.0025000000;0.4287500000;-20.7500000000;5.5000000000;-44.5000000000
5.8310000000;1.3622000000;4.8510000000;-39.2612500000;66.2112500000;10.8412500000;-19.6875000000;5.0625000000;-45.0000000000
5.2430000000;-0.3234000000;5.6252000000;-70.0700000000;86.7300000000;14.4550000000;-16.6875000000;4.0000000000;-45.6875000000
4.4198000000;-1.4896000000;7.9576000000;10.0450000000;84.4637500000;10.5962500000;-16.6875000000;4.0000000000;-45.6875000000
4.3414000000;0.3038000000;6.8404000000;37.7912500000;76.0725000000;8.9425000000;-14.5000000000;5.8750000000;-46.8750000000
3.3418000000;-1.4210000000;8.5064000000;-50.5312500000;105.7175000000;13.7200000000;-11.1875000000;7.0000000000;-46.8750000000
2.9204000000;-1.4896000000;10.2508000000;19.1712500000;92.8550000000;5.3287500000;-7.8750000000;6.5625000000;-48.0625000000
2.8910000000;0.1666000000;9.5452000000;-15.4350000000;76.8075000000;4.6550000000;-3.0000000000;5.5000000000;-48.8750000000
2.4010000000;-1.8914000000;8.6730000000;-75.0925000000;86.9137500000;15.3125000000;-3.0000000000;5.5000000000;-48.8750000000
1.0094000000;-2.8028000000;12.7988000000;81.9525000000;87.8325000000;1.2250000000;-0.0625000000;6.5625000000;-48.5000000000
1.6954000000;1.0192000000;10.7898000000;59.7187500000;47.8975000000;-5.8800000000;4.0000000000;8.5000000000;-48.0625000000
1.4602000000;-1.0486000000;10.6526000000;-44.6512500000;67.7425000000;2.0825000000;7.3750000000;4.3750000000;-49.6875000000
0.7350000000;-0.6860000000;12.7596000000;18.9875000000;44.4675000000;-7.7175000000;9.0625000000;4.5000000000;-46.8750000000
1.3132000000;0.0000000000;10.0646000000;-14.2712500000;26.5825000000;0.7350000000;9.0625000000;4.5000000000;-46.8750000000
0.4018000000;-0.7644000000;12.2892000000;26.2150000000;32.4625000000;0.7962500000;11.7500000000;4.3750000000;-48.5000000000
0.8330000000;0.5586000000;9.5942000000;33.5650000000;-6.9212500000;1.3475000000;12.7500000000;4.8750000000;-47.2500000000
0.5488000000;-0.3626000000;9.1924000000;-18.9875000000;8.6975000000;3.5525000000;13.5625000000;2.5625000000;-47.6875000000
0.3528000000;-0.3332000000;9.9372000000;11.9437500000;3.0012500000;0.8575000000;13.5625000000;3.0000000000;-46.8750000000
0.6174000000;-0.1862000000;8.9278000000;-6.7375000000;4.1037500000;3.4300000000;13.5625000000;3.0000000000;-46.8750000000
0.4312000000;-0.7350000000;10.2900000000;-9.3100000000;9.3712500000;0.4287500000;13.5625000000;3.0000000000;-47.6875000000
0.7350000000;-0.1568000000;9.7412000000;0.8575000000;-4.0425000000;0.3675000000;13.5625000000;3.3750000000;-46.8750000000
0.5586000000;-0.4312000000;9.6726000000;-12.3725000000;2.5112500000;1.9600000000;14.2500000000;3.0000000000;-46.8750000000
0.3136000000;-0.4802000000;9.9176000000;-6.1250000000;-4.6550000000;1.9600000000;14.2500000000;3.0000000000;-45.6875000000
0.5488000000;-0.5586000000;9.1532000000;-2.7562500000;-3.1237500000;2.2662500000;14.2500000000;3.0000000000;-45.6875000000
0.4704000000;-0.4900000000;9.6432000000;0.6737500000;2.6337500000;0.4900000000;14.6875000000;3.7500000000;-47.6875000000
0.5782000000;-0.4410000000;9.6432000000;2.9400000000;-1.5925000000;-0.7350000000;13.5625000000;4.0625000000;-47.6875000000
0.6860000000;-0.3626000000;9.4766000000;-5.8187500000;-0.4287500000;0.9187500000;14.0000000000;4.0625000000;-48.5000000000
0.5782000000;-0.6174000000;9.5158000000;-6.2475000000;0.4287500000;1.9600000000;14.2500000000;3.3750000000;-47.2500000000
0.4116000000;-0.8330000000;9.8392000000;2.0825000000;2.0212500000;0.4287500000;14.2500000000;3.3750000000;-47.2500000000
0.4704000000;-0.5880000000;9.7510000000;0.1225000000;-0.5512500000;-0.8575000000;14.0000000000;4.0625000000;-46.5000000000
0.6076000000;-0.4410000000;9.3786000000;-0.9800000000;0.0000000000;0.1225000000;13.5625000000;4.0625000000;-47.6875000000
0.5194000000;-0.7056000000;9.4472000000;0.9800000000;0.4287500000;0.9187500000;14.0000000000;3.7500000000;-48.0625000000
0.5292000000;-0.5488000000;9.6432000000;-1.3475000000;1.8375000000;-1.4087500000;14.0000000000;3.7500000000;-47.2500000000
0.5880000000;-0.4802000000;9.7118000000;1.7762500000;1.1025000000;-0.7962500000;14.0000000000;3.7500000000;-47.2500000000
0.4606000000;-0.3234000000;9.8392000000;4.8387500000;-0.1837500000;0.6737500000;13.5625000000;4.0625000000;-47.2500000000
0.5684000000;-0.5096000000;9.3786000000;-7.7787500000;-1.5925000000;1.7762500000;14.0000000000;4.0625000000;-46.8750000000
0.4704000000;-0.7252000000;9.5942000000;2.6337500000;2.1437500000;0.7962500000;14.0000000000;3.7500000000;-47.6875000000
0.4606000000;-0.4802000000;9.6628000000;-3.3075000000;0.3062500000;1.1637500000;14.0000000000;4.0625000000;-47.6875000000
0.5782000000;-0.8036000000;9.6432000000;-1.7150000000;-0.3675000000;0.4287500000;14.0000000000;4.0625000000;-47.6875000000
0.5782000000;-0.5390000000;9.7216000000;2.6337500000;-0.9187500000;0.0612500000;13.5625000000;4.0625000000;-46.5000000000
0.5782000000;-0.4998000000;9.2512000000;-3.6137500000;-0.8575000000;0.1225000000;14.5625000000;3.7500000000;-47.6875000000
0.4410000000;-0.6468000000;9.6726000000;1.1637500000;3.7362500000;-0.7962500000;14.0000000000;3.3750000000;-48.0625000000
0.5684000000;-0.4606000000;9.6628000000;-0.7962500000;-0.6737500000;0.7962500000;14.0000000000;4.0625000000;-47.2500000000
0.5586000000;-0.6762000000;9.5060000000;-0.2450000000;0.4900000000;0.0612500000;14.0000000000;4.0625000000;-47.2500000000
0.5586000000;-0.5390000000;9.4766000000;0.6125000000;1.1025000000;-0.4900000000;13.5625000000;4.0625000000;-47.6875000000
0.4900000000;-0.6566000000;9.5648000000;0.6737500000;1.2862500000;-0.6737500000;14.0000000000;3.7500000000;-47.6875000000
0.4312000000;-0.4998000000;9.7804000000;1.9600000000;1.5925000000;-0.5512500000;14.2500000000;3.7500000000;-46.8750000000
0.6174000000;-0.5194000000;9.8490000000;-1.1637500000;-1.9600000000;0.0000000000;13.5625000000;3.7500000000;-46.8750000000
0.4802000000;-0.8330000000;11.0250000000;4.4100000000;-8.0850000000;-1.1637500000;13.5625000000;3.7500000000;-46.8750000000
0.4312000000;-0.5488000000;11.8580000000;-18.6200000000;-31.9112500000;0.5512500000;14.2500000000;4.0625000000;-47.6875000000
0.1862000000;-0.8624000000;14.7392000000;-11.8825000000;-72.7650000000;-6.9825000000;12.0625000000;5.1875000000;-47.2500000000
1.6464000000;-1.1368000000;12.3774000000;-56.7175000000;-110.4337500000;-3.3687500000;12.0625000000;5.1875000000;-47.2500000000
1.8424000000;-2.0874000000;11.4660000000;-53.2262500000;-128.5025000000;-10.4125000000;9.8750000000;5.1875000000;-47.6875000000
1.8130000000;-2.6852000000;11.6718000000;11.7600000000;-145.7750000000;-22.6012500000;4.6875000000;7.7500000000;-47.2500000000
2.7244000000;-1.4210000000;8.3104000000;-10.7187500000;-152.3287500000;-23.2137500000;-0.5000000000;10.7500000000;-49.2500000000
3.2046000000;-2.0482000000;7.7028000000;-18.3137500000;-137.7512500000;-29.6450000000;-6.6875000000;11.0000000000;-46.8750000000
3.8808000000;-1.1466000000;5.8310000000;29.3387500000;-139.7112500000;-29.9512500000;-6.6875000000;11.0000000000;-46.8750000000
5.2332000000;-0.2156000000;3.4790000000;21.4375000000;-120.7850000000;-25.2350000000;-12.2500000000;11.8750000000;-46.5000000000
5.8506000000;-0.0784000000;4.5178000000;12.1275000000;-89.1800000000;-21.6825000000;-18.5625000000;10.7500000000;-44.5000000000
7.0168000000;0.3136000000;2.9694000000;-4.9000000000;-78.4612500000;-9.1262500000;-23.0000000000;10.0000000000;-43.3750000000
7.5166000000;-0.4214000000;3.1948000000;-10.2900000000;-58.0037500000;-5.6350000000;-26.0000000000;9.0000000000;-41.3750000000
7.4774000000;-0.3920000000;3.8024000000;4.9612500000;-37.5462500000;-8.9425000000;-26.0000000000;9.0000000000;-41.3750000000
7.8792000000;0.1960000000;3.4300000000;16.2925000000;-29.7062500000;-6.8600000000;-28.1875000000;9.0000000000;-39.8750000000
8.0066000000;-0.6174000000;3.9886000000;9.3100000000;-5.9412500000;-3.6137500000;-29.6875000000;9.1875000000;-39.0000000000
7.6636000000;0.2058000000;4.9098000000;22.2337500000;-9.0037500000;-3.0625000000;-30.0000000000;8.0625000000;-37.5000000000
8.2320000000;-0.1274000000;3.4104000000;-15.1287500000;-3.3075000000;5.1450000000;-30.3750000000;7.6875000000;-38.1875000000
7.6734000000;-1.0388000000;6.0858000000;7.0437500000;18.6812500000;-2.9400000000;-30.3750000000;7.6875000000;-38.1875000000
7.9870000000;0.4410000000;4.8804000000;11.2087500000;0.1837500000;1.0412500000;-30.3750000000;7.6875000000;-37.0000000000
8.0556000000;-1.0192000000;5.6742000000;-7.6562500000;17.3337500000;3.3687500000;-30.0625000000;7.6875000000;-39.3750000000
7.6930000000;-0.2548000000;6.7816000000;18.3137500000;10.9637500000;-3.1237500000;-30.3750000000;7.0000000000;-39.0000000000
8.0360000000;0.1176000000;5.4194000000;6.9825000000;0.0612500000;0.0612500000;-30.0000000000;7.0000000000;-39.7500000000
7.8106000000;-0.6076000000;6.0760000000;-4.7775000000;3.6750000000;1.2250000000;-30.0000000000;7.0000000000;-39.7500000000
7.8400000000;-0.3038000000;5.4880000000;2.0212500000;-2.4500000000;0.7350000000;-30.0000000000;7.6875000000;-39.3750000000
7.9772000000;-0.5684000000;5.0274000000;-4.5325000000;2.3887500000;0.9800000000;-28.8750000000;6.1875000000;-39.0000000000
7.7518000000;-0.4116000000;5.9878000000;1.4087500000;4.0425000000;-0.1225000000;-28.8750000000;7.0000000000;-38.5625000000
8.0066000000;-0.3430000000;5.3508000000;-5.8800000000;0.7350000000;-0.5512500000;-28.8750000000;7.6875000000;-39.0000000000
7.7910000000;-0.3822000000;5.9486000000;0.1225000000;4.7162500000;-1.6537500000;-28.8750000000;7.6875000000;-39.0000000000
7.8890000000;0.0392000000;5.4586000000;-0.7350000000;-1.2862500000;1.4700000000;-29.2500000000;6.1875000000;-39.8750000000
7.8890000000;-0.6762000000;5.4194000000;-5.5125000000;3.5525000000;2.5725000000;-28.8750000000;8.0625000000;-40.1875000000
7.7126000000;-0.2940000000;5.9976000000;5.3900000000;3.0012500000;0.3675000000;-28.8750000000;7.6875000000;-39.0000000000
7.9086000000;-0.4802000000;5.4782000000;-7.1662500000;0.3675000000;1.8987500000;-28.8750000000;7.3750000000;-39.8750000000
7.7126000000;-0.5586000000;6.1054000000;4.1037500000;4.7775000000;-0.9187500000;-28.8750000000;7.3750000000;-39.8750000000
7.8498000000;-0.1960000000;5.5468000000;1.4700000000;-0.9800000000;0.9800000000;-28.5625000000;8.0625000000;-39.3750000000
7.7616000000;-0.7056000000;5.6644000000;-9.1875000000;4.1037500000;2.0212500000;-29.2500000000;7.3750000000;-39.7500000000
7.6538000000;-0.2744000000;6.0466000000;7.4112500000;0.7962500000;-1.2862500000;-28.5625000000;7.6875000000;-39.3750000000
7.8400000000;-0.3920000000;5.5566000000;-4.0425000000;-0.1225000000;1.2862500000;-28.5625000000;7.6875000000;-39.7500000000
7.6930000000;-0.6664000000;5.9780000000;0.9800000000;5.2062500000;-1.1025000000;-28.5625000000;7.6875000000;-39.7500000000
7.7518000000;-0.0392000000;5.6840000000;2.4500000000;-1.2250000000;0.4287500000;-28.5625000000;7.6875000000;-39.3750000000
7.8498000000;-0.5782000000;5.4292000000;-6.1250000000;2.2050000000;1.7150000000;-28.1875000000;7.0000000000;-39.7500000000
7.6440000000;-0.3234000000;6.1348000000;5.8800000000;4.2875000000;-1.6537500000;-28.5625000000;7.3750000000;-39.3750000000
7.8204000000;-0.3136000000;5.7428000000;-2.2662500000;-1.5925000000;1.2862500000;-28.8750000000;7.3750000000;-40.1875000000
7.7616000000;-0.7154000000;5.7134000000;-2.5725000000;1.4700000000;0.8575000000;-28.8750000000;7.3750000000;-40.1875000000
7.6146000000;-0.2646000000;6.1936000000;9.0037500000;0.7962500000;-1.4087500000;-28.1875000000;7.3750000000;-40.5625000000
7.7812000000;-0.3724000000;5.5958000000;-6.7987500000;-0.9800000000;1.2250000000;-28.1875000000;7.3750000000;-39.7500000000
7.7126000000;-0.6076000000;5.8996000000;0.8575000000;1.0412500000;-0.6125000000;-28.8750000000;6.5625000000;-39.7500000000
7.8596000000;-0.1078000000;5.4194000000;4.9000000000;-3.1850000000;-0.6125000000;-27.3750000000;7.3750000000;-40.5625000000
7.8302000000;-0.6762000000;5.7330000000;-6.4312500000;1.8375000000;0.6125000000;-27.3750000000;7.3750000000;-40.5625000000
7.7616000000;-0.3430000000;6.0368000000;8.5137500000;0.6125000000;-1.3475000000;-28.1875000000;7.6875000000;-40.1875000000
7.7518000000;-0.2646000000;5.5958000000;-5.5737500000;-2.6337500000;0.9187500000;-28.1875000000;7.6875000000;-39.0000000000
7.8204000000;-0.5684000000;5.7134000000;1.3475000000;1.7762500000;-0.4287500000;-28.5625000000;7.3750000000;-39.8750000000
7.6930000000;-0.1274000000;5.8408000000;1.8987500000;-2.1437500000;0.9187500000;-28.1875000000;7.6875000000;-39.8750000000
7.8106000000;-0.6272000000;5.4782000000;-3.1850000000;0.6737500000;2.1437500000;-28.1875000000;7.6875000000;-39.8750000000
7.6832000000;-0.3136000000;5.7722000000;6.1862500000;2.0212500000;-1.5925000000;-28.8750000000;7.6875000000;-39.3750000000
7.7812000000;-0.3724000000;5.7722000000;-3.8587500000;0.7350000000;1.1025000000;-28.8750000000;7.3750000000;-39.0000000000
7.7028000000;-0.6272000000;6.0368000000;-3.7362500000;2.6337500000;0.1837500000;-27.7500000000;7.0000000000;-39.8750000000
7.7616000000;0.0000000000;5.8506000000;6.0025000000;-0.6737500000;-1.7762500000;-27.7500000000;7.6875000000;-40.5625000000
7.7812000000;-0.4116000000;5.5566000000;-8.0850000000;0.7962500000;2.5112500000;-27.7500000000;7.6875000000;-40.5625000000
7.7126000000;-0.6762000000;5.7232000000;7.7175000000;2.5725000000;0.1225000000;-27.7500000000;7.3750000000;-41.0000000000
7.6930000000;-0.2156000000;5.6840000000;8.0237500000;1.7762500000;-0.2450000000;-28.1875000000;7.3750000000;-40.1875000000
7.7322000000;-0.6076000000;5.7134000000;-9.9225000000;2.2050000000;1.5925000000;-27.3750000000;6.5625000000;-39.7500000000
7.7322000000;-0.4312000000;6.0466000000;7.0437500000;2.0212500000;-1.4700000000;-27.3750000000;6.5625000000;-39.7500000000
7.7616000000;-0.2842000000;5.9388000000;1.0412500000;0.8575000000;0.4900000000;-28.1875000000;7.6875000000;-40.1875000000
7.6342000000;-0.7154000000;5.9682000000;-4.4712500000;0.4900000000;0.0000000000;-28.1875000000;7.0000000000;-40.1875000000
7.7126000000;0.0294000000;5.7134000000;8.2687500000;-1.0412500000;-1.5925000000;-27.7500000000;7.3750000000;-41.7500000000
7.7224000000;-0.4998000000;5.8506000000;-6.3087500000;1.2250000000;2.1437500000;-27.7500000000;7.0000000000;-40.5625000000
7.6048000000;-0.5684000000;6.0956000000;5.8800000000;1.4700000000;-0.4287500000;-27.7500000000;7.0000000000;-40.5625000000
7.7322000000;-0.1862000000;5.7036000000;-1.1637500000;-2.8175000000;0.7962500000;-28.1875000000;7.6875000000;-40.5625000000
7.7420000000;-0.7056000000;5.7036000000;-6.1862500000;0.5512500000;1.2862500000;-27.3750000000;7.6875000000;-40.1875000000
7.6832000000;-0.3626000000;5.6742000000;7.2887500000;-0.1837500000;-1.6537500000;-28.1875000000;7.3750000000;-41.3750000000
7.7714000000;-0.2450000000;5.7232000000;-5.0837500000;0.9800000000;0.0000000000;-27.7500000000;7.0000000000;-41.0000000000
7.7224000000;-0.5684000000;5.9682000000;2.1437500000;1.2862500000;-0.6737500000;-27.7500000000;7.0000000000;-41.0000000000
7.7028000000;-0.1568000000;5.7624000000;1.0412500000;-0.9800000000;1.0412500000;-28.1875000000;6.5625000000;-41.0000000000
7.6930000000;-0.6174000000;5.8506000000;-4.4100000000;-0.1837500000;0.6125000000;-27.3750000000;7.0000000000;-40.5625000000
7.6930000000;-0.3430000000;5.9584000000;4.3487500000;1.0412500000;-1.7150000000;-27.0625000000;7.0000000000;-39.8750000000
7.7518000000;-0.3920000000;5.7232000000;-2.3887500000;-2.5725000000;0.7962500000;-27.3750000000;7.0000000000;-39.7500000000
7.7420000000;-0.3528000000;5.5762000000;-1.7762500000;0.9800000000;-0.4900000000;-27.3750000000;7.0000000000;-39.7500000000
7.6734000000;-0.2646000000;5.9878000000;4.4100000000;2.2662500000;-0.0612500000;-28.5625000000;7.0000000000;-39.7500000000
7.7028000000;-0.4998000000;5.9192000000;-3.0625000000;-0.7350000000;0.6737500000;-28.1875000000;7.3750000000;-40.5625000000
7.7126000000;-0.4704000000;5.8016000000;0.3062500000;-0.6125000000;-0.7350000000;-28.1875000000;7.0000000000;-41.0000000000
7.6832000000;-0.1960000000;5.7624000000;2.5112500000;-0.1225000000;0.3675000000;-27.7500000000;7.6875000000;-39.3750000000
7.7126000000;-0.5390000000;5.8604000000;-2.0212500000;0.2450000000;1.5312500000;-27.7500000000;7.6875000000;-39.3750000000
7.7616000000;-0.6272000000;5.7918000000;5.3900000000;0.0000000000;-0.7350000000;-27.7500000000;6.1875000000;-40.5625000000
7.6832000000;-0.3332000000;5.8604000000;-5.2675000000;-2.2662500000;0.3062500000;-27.7500000000;7.6875000000;-40.1875000000
7.7224000000;-0.5390000000;5.6644000000;-0.6125000000;-0.4287500000;-0.7962500000;-28.5625000000;7.6875000000;-39.8750000000
7.6146000000;-0.0784000000;5.7036000000;5.6962500000;1.8375000000;-0.4287500000;-27.7500000000;7.0000000000;-40.5625000000
7.6636000000;-0.5880000000;5.3214000000;-4.2262500000;2.5112500000;1.7762500000;-27.7500000000;7.0000000000;-40.5625000000
7.6244000000;-0.3626000000;4.8902000000;3.2462500000;7.9625000000;0.0612500000;-28.1875000000;7.0000000000;-40.5625000000
7.5166000000;-0.3332000000;4.6060000000;1.6537500000;15.7412500000;1.2250000000;-27.0625000000;7.3750000000;-41.0000000000
7.3402000000;-0.1274000000;3.8906000000;2.9400000000;29.0937500000;0.3062500000;-28.1875000000;7.0000000000;-39.7500000000
7.1736000000;-0.1568000000;3.3516000000;40.5475000000;48.5100000000;-0.9187500000;-26.2500000000;7.3750000000;-41.7500000000
6.5758000000;0.3626000000;4.1552000000;59.6575000000;73.8062500000;0.7962500000;-26.2500000000;7.3750000000;-41.7500000000
5.9780000000;1.3818000000;4.7824000000;9.1875000000;82.0750000000;2.2050000000;-25.1875000000;5.8750000000;-42.5625000000
5.5566000000;-0.8036000000;5.3410000000;-51.3275000000;100.5112500000;8.8200000000;-22.1875000000;4.0000000000;-44.1875000000
4.6452000000;-1.0780000000;7.2030000000;34.8512500000;108.6575000000;1.8375000000;-18.5625000000;3.6875000000;-45.6875000000
4.1160000000;1.1760000000;7.7224000000;32.2175000000;108.3512500000;-3.7975000000;-14.5000000000;4.7500000000;-47.6875000000
3.2242000000;-0.7644000000;10.9172000000;-62.0462500000;118.7025000000;-4.4100000000;-14.5000000000;4.7500000000;-47.6875000000
3.2340000000;-1.7346000000;10.7702000000;-36.1375000000;91.6912500000;3.3687500000;-9.3750000000;2.2500000000;-48.5000000000
3.0478000000;0.2352000000;10.3292000000;-9.6775000000;74.7862500000;-1.0412500000;-5.2500000000;5.1875000000;-48.8750000000
2.7244000000;-0.4900000000;8.2026000000;-89.7312500000;62.6587500000;11.5762500000;-1.8750000000;6.0000000000;-48.5000000000
1.6268000000;-4.6158000000;12.0148000000;20.2125000000;81.2787500000;0.7350000000;0.5625000000;7.5000000000;-48.8750000000
2.0286000000;-0.0490000000;11.1132000000;86.1787500000;42.3237500000;-10.5962500000;0.5625000000;7.5000000000;-48.8750000000
2.3226000000;0.9604000000;8.3300000000;-38.9550000000;52.3687500000;2.4500000000;4.2500000000;9.0000000000;-48.8750000000
1.1564000000;-1.6758000000;10.3880000000;-44.7737500000;64.5575000000;2.2662500000;5.5000000000;4.8750000000;-48.8750000000
1.1270000000;-0.6174000000;10.0646000000;7.7175000000;46.3662500000;0.7350000000;8.3750000000;7.7500000000;-48.3750000000
0.9800000000;-0.5488000000;10.3880000000;-24.7450000000;52.7362500000;3.9200000000;10.5625000000;7.5000000000;-47.5625000000
0.1176000000;-2.1070000000;13.8180000000;13.4137500000;42.8137500000;4.4712500000;10.5625000000;7.5000000000;-47.5625000000
0.8428000000;-0.8526000000;12.6028000000;12.0050000000;-16.6600000000;1.0412500000;12.0625000000;7.5000000000;-47.5625000000
0.8820000000;-0.7546000000;8.3888000000;-25.9087500000;-9.0650000000;4.9612500000;13.5625000000;7.0625000000;-46.7500000000
0.0294000000;-1.9012000000;9.2218000000;-5.1450000000;-1.6537500000;4.7775000000;13.1875000000;7.5000000000;-46.7500000000
0.3724000000;-0.9408000000;9.6726000000;25.6637500000;-5.7575000000;-1.3475000000;12.7500000000;8.5625000000;-47.5625000000
1.1172000000;-0.6174000000;8.9866000000;-22.1112500000;-4.7162500000;0.6737500000;12.7500000000;8.5625000000;-47.5625000000
0.9212000000;-1.7150000000;9.6726000000;-18.5587500000;1.2862500000;2.1437500000;12.5000000000;7.7500000000;-47.1875000000
0.7546000000;-0.8918000000;9.3100000000;10.9637500000;-6.0025000000;2.3887500000;12.5000000000;9.0000000000;-47.5000000000
0.6762000000;-1.4602000000;9.2316000000;-14.9450000000;1.0412500000;1.7762500000;12.7500000000;8.1875000000;-47.0625000000
0.5292000000;-1.2642000000;10.4468000000;20.1512500000;0.9187500000;-1.8375000000;12.7500000000;8.1875000000;-47.0625000000
0.9114000000;-0.7546000000;9.3296000000;10.5350000000;-7.7175000000;2.0825000000;12.5000000000;9.0000000000;-47.1875000000
0.8330000000;-1.4700000000;9.2610000000;-17.1500000000;0.7962500000;2.0212500000;12.5000000000;7.7500000000;-47.0625000000
0.7448000000;-1.0388000000;9.5844000000;9.8612500000;-4.4712500000;-1.9600000000;12.5000000000;8.1875000000;-47.8750000000
0.9212000000;-0.9408000000;9.1042000000;-7.7175000000;-2.6337500000;-0.2450000000;12.5000000000;8.5625000000;-47.8750000000
0.7742000000;-1.5288000000;9.3884000000;-7.9625000000;1.7150000000;1.2250000000;12.5000000000;8.5625000000;-47.8750000000
0.8722000000;-1.1662000000;9.3492000000;4.4712500000;1.4700000000;-0.1837500000;12.0625000000;8.0625000000;-48.2500000000
0.8134000000;-1.2054000000;9.6334000000;-3.9200000000;1.8987500000;0.5512500000;12.0625000000;8.5000000000;-47.5000000000
0.7742000000;-1.3034000000;9.5746000000;-1.3475000000;1.0412500000;0.7962500000;13.1875000000;8.8750000000;-47.5000000000
0.6958000000;-1.3524000000;9.6922000000;0.8575000000;1.4087500000;0.7962500000;11.6875000000;8.8750000000;-46.2500000000
0.8036000000;-1.2740000000;9.7020000000;0.0612500000;-2.1437500000;0.1225000000;11.6875000000;8.8750000000;-46.2500000000
0.9016000000;-1.3524000000;9.2316000000;-0.6737500000;-1.8987500000;0.3675000000;12.7500000000;8.5000000000;-48.2500000000
0.7448000000;-1.3328000000;9.4080000000;0.9187500000;1.7762500000;-0.3062500000;12.0625000000;8.5000000000;-47.5000000000
0.7252000000;-1.4994000000;9.6530000000;3.1850000000;-0.6737500000;-0.6737500000;12.5000000000;9.1875000000;-48.6875000000
0.9212000000;-0.9408000000;9.1728000000;2.0212500000;0.1837500000;-1.2250000000;11.6875000000;8.5000000000;-47.0625000000
0.7644000000;-1.2838000000;9.3688000000;-1.7762500000;3.0625000000;0.0000000000;11.6875000000;8.5000000000;-47.0625000000
0.7546000000;-1.2348000000;9.3982000000;3.4300000000;2.9400000000;-0.1225000000;12.5000000000;8.5000000000;-47.8750000000
0.7350000000;-1.3230000000;9.6530000000;0.5512500000;4.5937500000;0.3675000000;12.7500000000;8.8750000000;-47.8750000000
0.7252000000;-1.2740000000;9.8490000000;0.2450000000;2.6337500000;-1.2250000000;11.6875000000;7.6875000000;-46.6875000000
0.7448000000;-1.2544000000;9.9568000000;0.2450000000;-0.8575000000;-0.8575000000;12.7500000000;7.6875000000;-47.0625000000
0.5194000000;-1.6856000000;11.3386000000;14.8225000000;-3.1850000000;-1.8987500000;12.7500000000;7.6875000000;-47.0625000000
0.9310000000;-0.4802000000;10.5938000000;22.1725000000;-22.8462500000;-1.8987500000;12.5000000000;8.5000000000;-47.5000000000
0.7252000000;-1.8718000000;10.8584000000;-15.9862500000;-21.1312500000;-0.3062500000;12.5000000000;7.0000000000;-47.5000000000
0.6860000000;-1.2446000000;12.8478000000;24.2550000000;-41.6500000000;-6.4312500000;12.0625000000;7.0000000000;-48.2500000000
1.4014000000;-0.7154000000;12.5440000000;-2.5725000000;-57.5750000000;-5.0837500000;10.5625000000;7.5000000000;-48.2500000000
1.5288000000;-2.3716000000;13.2398000000;-19.4162500000;-73.3162500000;-6.3087500000;10.5625000000;7.5000000000;-48.2500000000
1.8914000000;-0.1862000000;11.2308000000;25.6025000000;-120.2337500000;-15.3737500000;8.0000000000;7.5000000000;-48.2500000000
2.6558000000;-0.5096000000;7.7714000000;-17.2725000000;-131.1362500000;-6.7375000000;4.2500000000;7.3750000000;-47.0625000000
2.4598000000;-1.3916000000;8.6044000000;6.1250000000;-103.5125000000;-9.9225000000;-0.5000000000;8.0625000000;-47.8750000000
3.5672000000;0.5194000000;5.7134000000;39.7512500000;-114.2925000000;-7.9012500000;-3.7500000000;8.0625000000;-48.6875000000
4.6452000000;-0.3626000000;4.7726000000;-13.9037500000;-75.4600000000;-0.5512500000;-3.7500000000;8.0625000000;-48.6875000000
5.0274000000;-0.9212000000;6.6248000000;17.8237500000;-47.7137500000;-1.1025000000;-9.6875000000;7.3750000000;-46.6875000000
5.6546000000;-0.2646000000;5.4684000000;26.3987500000;-55.2475000000;2.0212500000;-12.3750000000;7.3750000000;-47.0625000000
6.0466000000;-0.6566000000;6.0172000000;14.7000000000;-37.4850000000;1.8375000000;-14.5625000000;6.1875000000;-46.5625000000
6.1544000000;-0.5488000000;5.9878000000;7.6562500000;-32.7687500000;-1.9600000000;-17.1875000000;6.1875000000;-46.1875000000
6.2524000000;-0.1274000000;6.4778000000;-10.5350000000;-34.6062500000;-1.2862500000;-17.1875000000;6.1875000000;-46.1875000000
6.6640000000;-0.6076000000;5.7918000000;-19.4775000000;-29.5225000000;1.2250000000;-17.8750000000;5.8750000000;-45.7500000000
6.4778000000;-0.4214000000;6.1936000000;1.6537500000;-10.4125000000;0.0612500000;-19.7500000000;6.5625000000;-44.1875000000
6.6346000000;-0.4802000000;6.5072000000;8.3912500000;-10.5962500000;-0.3062500000;-20.5000000000;6.5625000000;-43.8750000000
6.8404000000;-0.3136000000;6.0172000000;-4.8387500000;6.1862500000;0.1837500000;-20.8750000000;6.1875000000;-44.1875000000
6.5170000000;-0.6370000000;7.8498000000;0.0612500000;6.0025000000;-1.3475000000;-20.8750000000;6.1875000000;-44.1875000000
6.8796000000;0.0000000000;6.5170000000;1.1025000000;-1.4087500000;0.4287500000;-19.7500000000;7.0000000000;-43.8750000000
6.5954000000;-0.7056000000;6.8600000000;-1.7762500000;9.1875000000;0.9800000000;-20.1875000000;6.5625000000;-45.0625000000
6.4778000000;-0.4998000000;7.8596000000;5.8187500000;1.7762500000;-0.1225000000;-20.8750000000;7.0000000000;-43.8750000000
6.7522000000;-0.2058000000;7.2226000000;1.1637500000;-4.2875000000;-0.3675000000;-20.1875000000;7.3750000000;-45.0625000000
6.5954000000;-0.5586000000;7.2912000000;0.5512500000;-1.4700000000;0.1225000000;-20.1875000000;7.3750000000;-45.0625000000
6.6150000000;-0.3920000000;6.9776000000;5.6962500000;-5.5737500000;-0.4287500000;-20.5000000000;6.5625000000;-44.5625000000
6.6248000000;-0.5880000000;6.8502000000;-4.2262500000;3.1237500000;-2.0212500000;-20.1875000000;6.5625000000;-44.1875000000
6.5464000000;-0.0882000000;6.8698000000;0.3675000000;-2.2050000000;-1.7762500000;-20.5000000000;6.5625000000;-43.8750000000
6.6934000000;-0.2548000000;6.7522000000;-2.3275000000;1.5312500000;-0.5512500000;-20.5000000000;6.5625000000;-43.8750000000
6.5464000000;-0.1666000000;7.3990000000;1.4700000000;3.9200000000;0.1837500000;-19.7500000000;5.8750000000;-43.5000000000
6.6738000000;-0.4116000000;7.0854000000;-2.2050000000;-0.3675000000;1.5312500000;-20.1875000000;6.5625000000;-44.1875000000
6.5268000000;-0.4116000000;7.2912000000;0.7350000000;3.2462500000;0.1837500000;-20.1875000000;6.5625000000;-45.3750000000
6.5758000000;-0.4508000000;7.1050000000;0.0612500000;0.1837500000;1.2250000000;-20.5000000000;6.5625000000;-44.6875000000
6.5464000000;-0.4900000000;7.2324000000;0.6125000000;2.9400000000;0.4287500000;-20.5000000000;6.5625000000;-44.6875000000
6.6150000000;-0.2450000000;6.8992000000;-0.4900000000;-0.7350000000;1.1025000000;-20.1875000000;6.5625000000;-43.8750000000
6.6248000000;-0.5488000000;7.3206000000;-0.4287500000;2.3275000000;0.2450000000;-20.5000000000;6.5625000000;-44.6875000000
6.6542000000;-0.1862000000;7.3990000000;1.3475000000;-1.4087500000;-1.0412500000;-20.5000000000;6.1875000000;-44.5625000000
6.6738000000;-0.6762000000;6.7522000000;-5.3900000000;-4.2262500000;0.6737500000;-19.7500000000;6.5625000000;-44.6875000000
6.5562000000;-0.4214000000;6.9972000000;3.7975000000;-0.1225000000;-1.5312500000;-19.7500000000;6.5625000000;-44.6875000000
6.6150000000;-0.2744000000;7.0364000000;-0.9800000000;-0.8575000000;-0.4287500000;-20.8750000000;7.0000000000;-44.1875000000
6.6248000000;-0.7644000000;7.0756000000;-3.1850000000;0.3675000000;1.2250000000;-19.3750000000;6.5625000000;-44.1875000000
6.5268000000;-0.2646000000;7.2520000000;3.6137500000;0.6737500000;-0.6737500000;-19.0000000000;6.5625000000;-44.5625000000
6.6346000000;-0.4998000000;6.9678000000;-4.2875000000;1.7150000000;0.9187500000;-20.1875000000;7.0000000000;-43.0625000000
6.5660000000;-0.5782000000;7.2520000000;4.7162500000;3.3687500000;0.0612500000;-20.1875000000;7.0000000000;-43.0625000000
6.5660000000;-0.5390000000;7.3402000000;-3.8587500000;1.5925000000;1.5925000000;-21.2500000000;7.0000000000;-44.1875000000
6.5856000000;-0.8036000000;7.1638000000;0.2450000000;0.3675000000;-0.0612500000;-20.1875000000;7.0000000000;-44.6875000000
6.4386000000;-0.5782000000;7.5558000000;4.2875000000;0.0612500000;-1.9600000000;-19.3750000000;6.1875000000;-44.1875000000
6.6346000000;-0.2254000000;6.9286000000;-6.3087500000;-2.8175000000;0.1837500000;-20.5000000000;7.0000000000;-43.5000000000
6.6150000000;-0.4704000000;6.9286000000;4.5325000000;1.5925000000;0.1225000000;-20.5000000000;7.0000000000;-43.5000000000
6.5856000000;-0.2646000000;6.9972000000;-1.5925000000;-0.6125000000;1.8375000000;-20.1875000000;7.3750000000;-43.8750000000
6.6640000000;-0.6762000000;6.9972000000;-7.4112500000;2.2050000000;0.2450000000;-20.1875000000;6.1875000000;-44.6875000000
6.5366000000;-0.5488000000;7.4676000000;9.9837500000;2.8787500000;-1.4700000000;-19.3750000000;6.5625000000;-45.0625000000
6.6248000000;-0.2646000000;7.2128000000;-2.3275000000;-2.1437500000;0.5512500000;-19.7500000000;7.0000000000;-44.1875000000
6.6444000000;-0.6566000000;7.0168000000;-4.2262500000;-1.3475000000;0.5512500000;-19.7500000000;7.0000000000;-44.1875000000
6.5660000000;-0.3626000000;7.2030000000;8.9425000000;-0.4900000000;-0.9187500000;-19.7500000000;6.1875000000;-43.8750000000
6.5758000000;-0.3332000000;7.0658000000;-5.0225000000;-1.8375000000;1.4700000000;-20.1875000000;6.5625000000;-44.1875000000
6.6346000000;-0.8624000000;6.9972000000;1.2250000000;0.4287500000;0.1837500000;-19.3750000000;5.8750000000;-45.3750000000
6.6052000000;-0.2450000000;7.0952000000;1.9600000000;-1.2250000000;-1.5925000000;-20.5000000000;6.1875000000;-44.1875000000
6.6542000000;-0.4998000000;7.2128000000;-3.6750000000;0.0612500000;0.1837500000;-20.5000000000;6.1875000000;-44.1875000000
6.5954000000;-0.3724000000;7.1050000000;1.7762500000;-0.0612500000;0.6737500000;-19.7500000000;6.5625000000;-43.8750000000
6.5366000000;-0.4998000000;7.1442000000;-0.3062500000;-0.5512500000;1.2250000000;-19.7500000000;6.5625000000;-43.8750000000
6.6052000000;-0.4018000000;6.9678000000;-1.2250000000;0.1225000000;-0.7350000000;-20.1875000000;5.5000000000;-44.1875000000
6.5856000000;-0.2940000000;7.1246000000;4.1037500000;0.7350000000;0.0000000000;-20.5000000000;6.5625000000;-43.8750000000
6.6052000000;-0.4998000000;7.0756000000;-1.9600000000;1.6537500000;2.0212500000;-20.5000000000;6.5625000000;-43.8750000000
6.6248000000;-0.6272000000;7.3500000000;2.2662500000;0.2450000000;-0.5512500000;-20.5000000000;7.0000000000;-45.0625000000
6.6640000000;-0.2940000000;7.1148000000;-0.9187500000;-2.2050000000;-0.6125000000;-20.8750000000;7.0000000000;-44.6875000000
6.6444000000;-0.4998000000;6.8404000000;-0.3062500000;-0.6737500000;0.5512500000;-20.5000000000;7.0000000000;-45.0625000000
6.5366000000;-0.4508000000;7.1148000000;-0.7962500000;1.1637500000;-1.2862500000;-20.1875000000;6.1875000000;-44.1875000000
6.6542000000;-0.3234000000;7.1540000000;0.3062500000;-0.6737500000;-0.4900000000;-20.1875000000;6.1875000000;-44.1875000000
6.6150000000;-0.4312000000;6.8894000000;-1.2862500000;1.0412500000;0.5512500000;-20.1875000000;7.0000000000;-44.1875000000
6.4974000000;-0.4508000000;7.5264000000;2.8787500000;2.2050000000;-1.1025000000;-20.1875000000;6.1875000000;-44.1875000000
6.6640000000;-0.3626000000;7.1246000000;-2.1437500000;-2.8787500000;0.3062500000;-20.1875000000;7.0000000000;-44.6875000000
6.6836000000;-0.4312000000;6.9776000000;0.4900000000;-2.3275000000;-0.2450000000;-20.1875000000;7.0000000000;-44.6875000000
6.6542000000;-0.3822000000;6.8404000000;1.3475000000;0.6737500000;0.4287500000;-20.1875000000;7.0000000000;-44.6875000000
6.6052000000;-0.6958000000;6.9286000000;-0.9187500000;0.1837500000;-0.1225000000;-20.5000000000;6.5625000000;-44.1875000000
6.5954000000;-0.4606000000;7.0854000000;1.9600000000;1.2250000000;-2.2662500000;-20.8750000000;6.1875000000;-43.8750000000
6.6052000000;-0.1960000000;7.0854000000;-2.8787500000;-0.0612500000;0.1225000000;-20.8750000000;6.1875000000;-43.8750000000
6.5660000000;-0.4508000000;7.3990000000;1.4700000000;2.5112500000;0.6737500000;-20.5000000000;7.0000000000;-44.6875000000
6.6248000000;-0.3136000000;7.2912000000;-1.1025000000;-4.3487500000;0.9187500000;-20.5000000000;7.0000000000;-44.6875000000
6.7228000000;-0.4998000000;6.6346000000;-0.1837500000;-1.1637500000;0.6737500000;-20.1875000000;7.0000000000;-43.5000000000
6.5268000000;-0.4900000000;7.1540000000;4.7162500000;1.1637500000;-1.1637500000;-20.8750000000;7.0000000000;-43.8750000000
6.6248000000;-0.4410000000;7.2716000000;-4.2875000000;-2.3275000000;0.3675000000;-19.3750000000;6.5625000000;-43.0625000000
6.6934000000;-0.4704000000;6.7620000000;1.5925000000;-0.5512500000;-0.4287500000;-19.3750000000;6.5625000000;-43.0625000000
6.5562000000;-0.1960000000;7.1442000000;2.3275000000;1.5925000000;-0.4287500000;-20.8750000000;6.1875000000;-43.8750000000
6.6542000000;-0.7938000000;7.1246000000;-3.4912500000;0.3062500000;1.1025000000;-20.5000000000;6.1875000000;-44.1875000000
6.5954000000;-0.4312000000;7.0462000000;0.6737500000;0.1225000000;-1.8987500000;-20.5000000000;6.1875000000;-44.6875000000
6.6444000000;-0.2450000000;6.9678000000;-3.0625000000;0.3675000000;-1.4087500000;-19.7500000000;6.5625000000;-44.1875000000
6.7130000000;-0.1960000000;7.0070000000;2.1437500000;0.3675000000;-0.7962500000;-19.7500000000;6.5625000000;-44.1875000000
6.6640000000;-0.3724000000;7.1736000000;1.5925000000;1.2250000000;1.6537500000;-20.1875000000;6.1875000000;-44.1875000000
6.6738000000;-0.5586000000;6.8698000000;0.5512500000;-0.2450000000;1.1637500000;-19.7500000000;5.8750000000;-44.1875000000
6.5366000000;-0.3430000000;7.2324000000;1.5925000000;1.3475000000;-1.5312500000;-20.5000000000;6.5625000000;-43.8750000000
6.5758000000;-0.3234000000;7.2422000000;-1.4087500000;-0.3675000000;0.9187500000;-20.5000000000;6.5625000000;-44.6875000000
6.6738000000;-0.4312000000;7.1638000000;3.4300000000;-0.9187500000;1.1637500000;-20.5000000000;6.5625000000;-44.6875000000
6.6052000000;-0.4900000000;6.9384000000;-0.0612500000;-1.7762500000;0.4287500000;-20.5000000000;7.0000000000;-44.6875000000
6.6542000000;-0.4018000000;7.1638000000;2.3887500000;-0.7962500000;-0.7350000000;-20.1875000000;5.8750000000;-43.8750000000
6.6836000000;-0.3724000000;6.7424000000;-2.2662500000;-3.2462500000;0.0000000000;-20.8750000000;6.1875000000;-45.3750000000
6.6346000000;-0.5292000000;7.0952000000;-0.3062500000;0.9800000000;-0.9187500000;-20.5000000000;6.5625000000;-43.0625000000
6.7130000000;-0.1666000000;7.2128000000;0.0612500000;-2.6337500000;-0.9800000000;-20.5000000000;6.5625000000;-43.0625000000
6.7032000000;-0.4900000000;7.1344000000;0.0000000000;-2.8175000000;0.4287500000;-20.1875000000;6.1875000000;-46.1875000000
6.6640000000;-0.4116000000;6.9580000000;1.4700000000;-3.0625000000;-0.1837500000;-20.1875000000;6.5625000000;-43.5000000000
6.6836000000;-0.4214000000;7.0756000000;-0.1837500000;-3.4300000000;-0.3675000000;-20.5000000000;6.5625000000;-43.8750000000
6.6542000000;-0.4116000000;6.9678000000;0.2450000000;-1.4700000000;-0.3675000000;-20.8750000000;6.1875000000;-43.8750000000
6.7718000000;-0.2940000000;7.0560000000;1.6537500000;-3.4300000000;-0.1225000000;-20.8750000000;6.1875000000;-43.8750000000
6.7718000000;-0.3626000000;6.5366000000;0.1225000000;-3.7362500000;0.5512500000;-21.2500000000;5.8750000000;-43.5000000000
6.6444000000;-0.2450000000;6.5856000000;3.6137500000;0.7350000000;-0.1225000000;-21.2500000000;6.5625000000;-44.1875000000
6.7718000000;-0.5096000000;5.8604000000;3.1237500000;3.7975000000;1.1025000000;-21.2500000000;6.1875000000;-45.0625000000
6.6052000000;-0.3038000000;6.1446000000;1.4700000000;13.9650000000;-0.4900000000;-20.8750000000;6.1875000000;-45.0625000000
6.5464000000;-0.0294000000;5.7036000000;-0.6737500000;18.1300000000;0.3675000000;-20.8750000000;6.1875000000;-45.0625000000
6.3406000000;-0.1862000000;5.6350000000;-9.2487500000;30.5025000000;3.2462500000;-20.1875000000;5.8750000000;-43.5000000000
6.1740000000;0.0294000000;5.5370000000;-2.0212500000;39.6287500000;5.2062500000;-19.3750000000;5.8750000000;-44.6875000000
5.6252000000;-0.3920000000;6.1152000000;-16.4762500000;59.4125000000;7.8400000000;-17.8750000000;6.5625000000;-45.0625000000
5.4096000000;-0.4704000000;5.9682000000;-27.1337500000;65.1700000000;8.8812500000;-16.0625000000;6.5625000000;-44.1875000000
4.7236000000;-0.4704000000;6.9188000000;1.8375000000;73.9900000000;7.6562500000;-16.0625000000;6.5625000000;-44.1875000000
4.3022000000;-0.3136000000;6.6346000000;1.6537500000;84.9537500000;12.2500000000;-13.7500000000;8.0625000000;-47.3750000000
3.3418000000;-1.6268000000;7.3794000000;-51.6337500000;94.5087500000;15.6800000000;-9.7500000000;7.6875000000;-46.5625000000
2.5774000000;-2.3226000000;10.8682000000;41.5887500000;106.3912500000;6.4925000000;-7.5625000000;8.8750000000;-47.3750000000
2.8910000000;1.0878000000;8.5652000000;58.3100000000;80.6050000000;2.2050000000;-2.7500000000;8.8750000000;-49.0000000000
1.7346000000;-2.2344000000;9.0650000000;-74.1125000000;99.1025000000;13.7812500000;-2.7500000000;8.8750000000;-49.0000000000
0.7644000000;-1.7150000000;12.5146000000;45.2637500000;105.5950000000;2.2050000000;1.6875000000;5.8750000000;-49.3750000000
1.3328000000;0.2744000000;9.2120000000;25.1125000000;59.8412500000;4.8387500000;5.0000000000;7.6875000000;-47.7500000000
0.1862000000;-1.5092000000;13.4260000000;-49.0000000000;82.5650000000;0.7962500000;9.3750000000;4.7500000000;-48.5625000000
0.8918000000;-1.5092000000;12.4558000000;-16.0475000000;28.8487500000;-0.6737500000;11.1875000000;6.5625000000;-47.0000000000
1.0682000000;-1.0192000000;10.0156000000;-11.6987500000;19.6000000000;3.7975000000;11.1875000000;6.5625000000;-47.0000000000
0.0588000000;-1.4112000000;11.1426000000;-1.3475000000;25.1125000000;3.7362500000;14.1875000000;7.0000000000;-47.7500000000
0.3528000000;-0.5880000000;9.4080000000;-3.4300000000;-0.4287500000;-0.1837500000;13.7500000000;7.6875000000;-46.1875000000
0.1960000000;-1.5092000000;9.9568000000;-8.9425000000;8.8812500000;2.2662500000;14.8750000000;7.3750000000;-45.7500000000
0.2548000000;-0.9016000000;10.1234000000;16.9050000000;0.7350000000;2.8175000000;15.2500000000;8.0625000000;-45.7500000000
0.3234000000;-1.4798000000;9.5746000000;-11.3925000000;4.0425000000;4.4712500000;15.2500000000;8.0625000000;-45.7500000000
0.3234000000;-1.3916000000;9.7804000000;-2.3275000000;1.4700000000;1.0412500000;14.8750000000;7.6875000000;-46.5625000000
0.3038000000;-1.3622000000;9.2120000000;-3.3687500000;-2.5725000000;2.4500000000;14.8750000000;7.6875000000;-45.6875000000
0.1274000000;-1.3230000000;9.8490000000;1.5312500000;3.0625000000;1.4087500000;14.8750000000;7.6875000000;-46.8750000000
0.2744000000;-1.3328000000;9.7020000000;-1.4700000000;-3.3687500000;3.0625000000;15.6875000000;8.0625000000;-45.2500000000
0.4116000000;-1.4602000000;9.2610000000;-2.2662500000;0.7962500000;1.2250000000;15.6875000000;8.0625000000;-45.2500000000
0.1862000000;-1.3818000000;9.8392000000;1.4700000000;-0.6737500000;-0.0612500000;14.8750000000;8.0625000000;-46.5000000000
0.3724000000;-1.3720000000;9.4276000000;-2.6337500000;-4.9000000000;-0.7350000000;15.6875000000;7.6875000000;-47.2500000000
0.4018000000;-1.3426000000;9.1826000000;3.4912500000;1.4087500000;-0.9187500000;15.6875000000;7.6875000000;-45.7500000000
0.1862000000;-1.0878000000;9.5844000000;10.3512500000;0.4287500000;0.2450000000;15.6875000000;7.6875000000;-45.7500000000
0.3234000000;-1.3426000000;9.6824000000;-3.9812500000;-0.9800000000;-0.3675000000;14.5625000000;8.5000000000;-47.2500000000
0.4606000000;-1.0976000000;9.3296000000;2.0825000000;-0.6125000000;0.3675000000;15.2500000000;8.0625000000;-46.8750000000
0.3234000000;-1.3818000000;9.3198000000;-1.4700000000;0.7962500000;1.4087500000;15.2500000000;7.3750000000;-47.2500000000
0.2156000000;-1.6268000000;9.6432000000;-3.3687500000;3.4912500000;0.3062500000;15.6875000000;8.5000000000;-45.6875000000
0.2646000000;-1.2446000000;9.8490000000;5.9412500000;1.1637500000;-1.4700000000;15.6875000000;8.5000000000;-45.6875000000
0.4410000000;-1.2054000000;9.2904000000;-2.6337500000;-2.3887500000;-0.2450000000;15.2500000000;7.6875000000;-46.5000000000
0.2058000000;-1.4014000000;9.4472000000;0.7350000000;1.6537500000;-0.3675000000;15.2500000000;7.6875000000;-47.6875000000
0.2744000000;-1.0878000000;9.4570000000;-0.3062500000;-0.7962500000;-1.4700000000;14.8750000000;7.6875000000;-46.5000000000
0.3332000000;-1.4210000000;9.3688000000;-2.3887500000;2.8787500000;-0.3675000000;14.8750000000;7.3750000000;-45.7500000000
0.2254000000;-1.0094000000;9.8098000000;6.8600000000;1.9600000000;-1.5312500000;14.8750000000;7.3750000000;-45.7500000000
0.3724000000;-1.2838000000;9.4472000000;-2.3887500000;1.1637500000;0.6125000000;16.0000000000;7.3750000000;-46.0625000000
0.0490000000;-1.4112000000;10.5938000000;2.8787500000;3.4300000000;0.3062500000;15.2500000000;7.6875000000;-46.0625000000
0.1764000000;-1.2348000000;10.7212000000;6.5537500000;-6.5537500000;-0.7350000000;15.6875000000;7.3750000000;-46.8750000000
0.1764000000;-1.3230000000;11.0936000000;1.0412500000;-16.3537500000;-0.7350000000;15.2500000000;7.0000000000;-46.5000000000
0.0294000000;-1.6562000000;12.0834000000;8.2075000000;-26.7050000000;-2.0825000000;15.2500000000;7.0000000000;-46.5000000000
0.7056000000;-0.7840000000;11.5150000000;7.6562500000;-52.3075000000;-4.4712500000;14.8750000000;6.5625000000;-45.0000000000
1.0486000000;-1.9208000000;11.0152000000;-26.5825000000;-61.0050000000;-4.0425000000;12.6875000000;6.5625000000;-47.2500000000
1.0290000000;-2.1560000000;12.1814000000;7.6562500000;-71.8462500000;-11.6987500000;12.0000000000;7.3750000000;-48.0625000000
1.3720000000;-1.1564000000;11.0936000000;12.8012500000;-95.4887500000;-13.4750000000;8.2500000000;7.6875000000;-47.6875000000
2.0286000000;-1.4210000000;10.1528000000;2.5725000000;-103.5737500000;-15.8637500000;8.2500000000;7.6875000000;-47.6875000000
2.3520000000;-0.6174000000;9.4864000000;26.3987500000;-112.1487500000;-16.7212500000;3.8750000000;7.6875000000;-47.6875000000
3.1850000000;-0.9800000000;7.6538000000;6.2475000000;-114.0475000000;-9.9837500000;0.0625000000;7.3750000000;-48.5000000000
3.6064000000;-0.1764000000;7.3696000000;9.8612500000;-101.7362500000;-14.2712500000;-4.6875000000;5.8750000000;-49.2500000000
4.6354000000;0.0000000000;5.9290000000;1.3475000000;-93.8962500000;-8.3912500000;-9.0625000000;6.1875000000;-47.2500000000
5.4586000000;-0.3038000000;5.7330000000;-2.6950000000;-76.8075000000;-3.9812500000;-9.0625000000;6.1875000000;-47.2500000000
5.7820000000;0.1862000000;6.0270000000;28.5425000000;-71.3562500000;-4.8387500000;-13.5625000000;7.0000000000;-46.5000000000
6.3112000000;-0.0294000000;5.1450000000;6.1250000000;-60.1475000000;2.5112500000;-16.8750000000;6.1875000000;-46.0625000000
6.6836000000;-0.7546000000;5.5076000000;2.9400000000;-41.2212500000;1.6537500000;-19.5000000000;5.5000000000;-43.8750000000
6.8012000000;0.0000000000;5.1646000000;24.5000000000;-39.8737500000;-0.7350000000;-21.3750000000;6.1875000000;-43.5000000000
7.0756000000;-0.2940000000;5.0470000000;10.9637500000;-24.6225000000;0.9800000000;-21.3750000000;6.1875000000;-43.5000000000
7.0658000000;0.1078000000;5.5958000000;11.3925000000;-18.8650000000;-0.3675000000;-23.5625000000;5.0625000000;-42.6875000000
7.2814000000;-0.6958000000;5.3802000000;-3.6137500000;-7.2275000000;1.5925000000;-24.6875000000;4.7500000000;-43.0625000000
7.1344000000;0.3430000000;6.4484000000;11.4537500000;-9.0650000000;-4.7775000000;-23.8750000000;4.7500000000;-41.8750000000
7.2520000000;0.3234000000;5.3312000000;-17.3337500000;-9.1875000000;0.2450000000;-25.3750000000;4.3750000000;-43.0625000000
7.1344000000;-0.5194000000;6.5464000000;8.1462500000;7.8400000000;-2.6950000000;-25.3750000000;4.3750000000;-43.0625000000
7.2324000000;0.7350000000;6.1446000000;0.2450000000;-2.5725000000;0.5512500000;-23.8750000000;5.0625000000;-41.8750000000
7.4480000000;-0.6860000000;5.8604000000;-22.2950000000;7.5950000000;3.2462500000;-24.2500000000;4.0000000000;-42.2500000000
7.1246000000;0.0980000000;6.5856000000;15.6187500000;5.6350000000;-1.0412500000;-24.6875000000;4.3750000000;-41.5000000000
7.3402000000;0.1568000000;6.0956000000;-11.1475000000;5.8187500000;3.7362500000;-24.6875000000;5.5000000000;-43.0625000000
7.1148000000;-0.9114000000;7.2226000000;8.8812500000;11.0862500000;0.9187500000;-24.6875000000;5.5000000000;-43.0625000000
7.1442000000;0.4214000000;7.0462000000;9.4937500000;-5.1450000000;-0.3062500000;-24.2500000000;5.0625000000;-43.0625000000
7.3304000000;-0.2744000000;6.0270000000;-19.4775000000;1.1637500000;2.3275000000;-23.8750000000;4.7500000000;-43.0625000000
6.9384000000;-0.2058000000;7.0756000000;11.6987500000;2.8175000000;-2.2662500000;-24.6875000000;4.7500000000;-42.6875000000
7.2324000000;0.2450000000;6.3798000000;-9.0650000000;-2.2050000000;0.7350000000;-22.7500000000;4.7500000000;-43.5000000000
7.1736000000;-0.7742000000;6.6640000000;2.5725000000;2.5112500000;-2.7562500000;-22.7500000000;4.7500000000;-43.5000000000
7.2618000000;0.1372000000;6.4680000000;19.4162500000;-3.8587500000;-1.4700000000;-24.2500000000;4.3750000000;-41.5000000000
7.1638000000;0.1176000000;6.6052000000;-6.7987500000;0.6737500000;-0.3675000000;-24.2500000000;4.7500000000;-42.2500000000
7.1834000000;-0.0294000000;6.3602000000;0.8575000000;-2.4500000000;0.0612500000;-24.2500000000;4.3750000000;-41.8750000000
7.2030000000;0.0000000000;6.3210000000;0.8575000000;2.1437500000;1.4087500000;-24.6875000000;4.3750000000;-42.6875000000
7.1442000000;-0.0196000000;6.6346000000;-0.7962500000;-1.4087500000;1.8375000000;-24.6875000000;4.3750000000;-42.6875000000
7.1736000000;-0.3332000000;6.4876000000;-0.8575000000;-0.9800000000;0.4900000000;-24.6875000000;4.7500000000;-43.5000000000
7.2030000000;0.0000000000;6.3798000000;3.6137500000;0.7962500000;-0.4900000000;-24.6875000000;4.3750000000;-42.6875000000
7.2324000000;-0.1274000000;6.3798000000;-6.4312500000;-0.7350000000;1.8987500000;-24.2500000000;4.3750000000;-43.5000000000
7.1932000000;-0.3920000000;6.5562000000;1.1637500000;3.1237500000;-0.1225000000;-23.8750000000;4.3750000000;-42.6875000000
7.1736000000;0.1274000000;6.6542000000;3.8587500000;0.7962500000;-0.7350000000;-23.8750000000;4.3750000000;-42.6875000000
7.2128000000;-0.0980000000;6.1152000000;-9.0650000000;-2.0212500000;2.3887500000;-24.2500000000;4.3750000000;-42.2500000000
7.1246000000;-0.3724000000;6.5072000000;5.5125000000;5.0837500000;0.4900000000;-24.2500000000;4.0000000000;-42.6875000000
7.1932000000;-0.0588000000;6.5856000000;-1.8987500000;-0.1837500000;1.5312500000;-23.8750000000;5.0625000000;-42.2500000000
7.2226000000;-0.5096000000;6.5072000000;-7.2887500000;3.0012500000;-0.1837500000;-23.8750000000;5.0625000000;-42.2500000000
7.1246000000;-0.0294000000;6.5562000000;8.9425000000;2.0212500000;-1.7762500000;-24.6875000000;3.6875000000;-42.2500000000
7.2716000000;0.0392000000;6.1544000000;-8.1462500000;-1.2862500000;0.2450000000;-24.2500000000;4.7500000000;-43.5000000000
7.1050000000;-0.3822000000;6.9776000000;-2.3887500000;5.3287500000;-0.8575000000;-23.5625000000;4.7500000000;-40.6875000000
6.9580000000;0.2646000000;6.5856000000;6.4312500000;-1.5925000000;1.4700000000;-25.0625000000;5.0625000000;-43.0625000000
7.1050000000;-0.6468000000;5.8898000000;-12.3725000000;3.2462500000;1.2862500000;-25.0625000000;5.0625000000;-43.0625000000
6.9188000000;-0.2156000000;6.8404000000;9.1875000000;3.4300000000;-5.3900000000;-23.8750000000;4.7500000000;-41.8750000000
7.2422000000;0.0588000000;6.3798000000;-8.7587500000;2.4500000000;-1.5925000000;-24.2500000000;5.8750000000;-42.2500000000
7.1932000000;0.1274000000;6.9972000000;6.8600000000;4.2262500000;-2.6337500000;-23.5625000000;4.3750000000;-41.8750000000
7.3304000000;0.2842000000;6.4680000000;0.0612500000;-0.3675000000;2.0212500000;-23.5625000000;4.7500000000;-43.0625000000
7.0854000000;-0.2842000000;6.6150000000;1.5312500000;2.9400000000;3.7362500000;-23.5625000000;4.7500000000;-43.0625000000
6.8110000000;0.0686000000;7.1834000000;5.5737500000;-0.1225000000;3.3075000000;-23.5625000000;4.7500000000;-41.8750000000
7.0658000000;-0.4508000000;6.4680000000;-0.6737500000;-3.0625000000;4.8387500000;-23.1875000000;5.0625000000;-43.0625000000
7.0266000000;-0.1176000000;6.7522000000;7.5950000000;0.2450000000;1.8987500000;-23.1875000000;5.0625000000;-43.0625000000
7.1246000000;-0.2548000000;6.7130000000;-1.9600000000;-1.5312500000;2.8175000000;-23.1875000000;4.7500000000;-43.8750000000
7.1246000000;-0.2254000000;6.3994000000;-2.9400000000;-2.3275000000;2.5725000000;-23.1875000000;4.7500000000;-43.8750000000
7.0168000000;-0.6958000000;6.8306000000;5.5125000000;-0.0612500000;1.7762500000;-23.1875000000;5.0625000000;-43.5000000000
7.2030000000;-0.4312000000;6.3308000000;-7.1662500000;-3.7975000000;-1.5925000000;-23.1875000000;5.0625000000;-43.0625000000
7.2226000000;-0.3920000000;6.5268000000;-4.0425000000;1.4700000000;-3.4912500000;-23.8750000000;4.3750000000;-43.0625000000
7.0756000000;0.2940000000;6.3406000000;1.7150000000;-0.4900000000;-2.1437500000;-23.5625000000;4.0000000000;-42.2500000000
7.0658000000;-0.3724000000;6.6836000000;-4.2875000000;4.6550000000;1.1637500000;-23.5625000000;4.0000000000;-42.2500000000
6.9482000000;0.0784000000;7.2422000000;6.0637500000;1.7762500000;0.9187500000;-23.5625000000;5.0625000000;-43.8750000000
7.0756000000;-0.3822000000;6.5954000000;-3.1237500000;-4.1650000000;4.7162500000;-23.5625000000;4.7500000000;-43.0625000000
7.1246000000;-0.2352000000;6.4582000000;-0.1225000000;-2.8175000000;1.7762500000;-22.7500000000;4.7500000000;-42.6875000000
7.1344000000;-0.1568000000;6.3700000000;2.9400000000;-3.3075000000;1.7150000000;-23.5625000000;5.0625000000;-42.6875000000
7.2226000000;-0.2744000000;6.3406000000;-2.1437500000;-2.2662500000;-0.4900000000;-23.5625000000;5.0625000000;-42.6875000000
7.2324000000;-0.1568000000;6.2034000000;5.0225000000;-0.9800000000;-0.6737500000;-23.8750000000;4.3750000000;-42.2500000000
7.0462000000;-0.0490000000;6.6052000000;-2.7562500000;2.0212500000;0.9800000000;-23.5625000000;4.7500000000;-43.0625000000
7.2128000000;-0.5096000000;6.7032000000;2.2662500000;0.3675000000;0.6737500000;-23.8750000000;5.8750000000;-43.5000000000
7.1344000000;-0.1470000000;6.6248000000;0.6125000000;0.0612500000;1.2250000000;-23.8750000000;5.5000000000;-42.2500000000
7.1540000000;-0.2842000000;6.7326000000;0.7350000000;-2.3275000000;1.4087500000;-23.8750000000;5.5000000000;-42.2500000000
7.1834000000;-0.0686000000;6.2328000000;-0.2450000000;-1.8375000000;0.7962500000;-23.8750000000;5.0625000000;-43.5000000000
7.0266000000;-0.1470000000;6.6640000000;-1.3475000000;1.4087500000;1.3475000000;-24.2500000000;5.5000000000;-41.8750000000
7.1834000000;-0.2156000000;6.2818000000;0.5512500000;-0.3062500000;3.0625000000;-23.1875000000;5.0625000000;-42.6875000000
7.1638000000;-0.6174000000;6.6640000000;-1.0412500000;2.0212500000;0.6125000000;-23.5625000000;5.5000000000;-42.6875000000
7.0364000000;-0.1176000000;6.7424000000;-1.1025000000;0.0000000000;-0.7962500000;-23.5625000000;5.5000000000;-42.6875000000
7.0070000000;-0.2254000000;6.7816000000;0.1837500000;-1.3475000000;-0.4287500000;-23.8750000000;5.0625000000;-43.5000000000
7.1540000000;-0.3626000000;6.3602000000;-2.6950000000;-2.3275000000;1.4700000000;-23.5625000000;5.5000000000;-42.6875000000
7.2128000000;-0.5880000000;6.3602000000;-0.6125000000;0.7350000000;-0.4287500000;-23.8750000000;5.0625000000;-43.5000000000
7.1246000000;-0.2450000000;6.7326000000;0.3062500000;1.2862500000;-0.1837500000;-23.1875000000;5.5000000000;-42.6875000000
7.1246000000;-0.5292000000;6.5562000000;-5.3287500000;-3.3687500000;0.4900000000;-23.1875000000;5.5000000000;-42.6875000000
7.1736000000;-0.3920000000;6.2426000000;1.1025000000;-0.8575000000;-2.2050000000;-23.8750000000;5.8750000000;-42.2500000000
6.9874000000;0.0000000000;6.8208000000;-0.5512500000;1.5312500000;-1.7762500000;-23.5625000000;5.8750000000;-43.0625000000
7.1344000000;-0.4018000000;6.5758000000;-5.4512500000;-1.6537500000;0.6125000000;-24.2500000000;5.5000000000;-42.2500000000
7.2128000000;-0.4606000000;6.4092000000;2.2662500000;0.5512500000;-0.9187500000;-24.2500000000;6.1875000000;-43.0625000000
7.2324000000;-0.3528000000;6.0760000000;-2.4500000000;0.9800000000;-1.6537500000;-24.2500000000;6.1875000000;-43.0625000000
7.1834000000;-0.2450000000;5.6252000000;0.6737500000;7.0437500000;-3.1237500000;-23.8750000000;5.5000000000;-42.6875000000
6.9972000000;-0.1862000000;5.6154000000;-3.8587500000;12.3112500000;-1.1637500000;-23.5625000000;6.1875000000;-43.0625000000
6.9972000000;-0.0392000000;5.0568000000;-11.2700000000;18.8037500000;-0.7350000000;-23.5625000000;5.5000000000;-42.6875000000
6.7718000000;0.3332000000;4.5766000000;-8.8200000000;30.3800000000;3.2462500000;-23.5625000000;5.5000000000;-42.6875000000
6.3994000000;-0.0784000000;4.5080000000;-11.3925000000;49.6737500000;5.4512500000;-22.3750000000;5.5000000000;-42.6875000000
5.8016000000;-0.0980000000;4.4296000000;-20.2737500000;62.7200000000;8.6975000000;-22.0625000000;5.8750000000;-44.6875000000
5.4978000000;-1.1760000000;4.4688000000;-31.8500000000;88.6900000000;14.1487500000;-20.2500000000;7.3750000000;-44.1875000000
4.4786000000;-0.4704000000;8.7122000000;36.9337500000;96.2850000000;-0.7350000000;-16.8750000000;7.6875000000;-45.8750000000
4.7628000000;-0.6272000000;7.3500000000;-24.3775000000;83.6062500000;2.3887500000;-16.8750000000;7.6875000000;-45.8750000000
3.4202000000;-2.2148000000;10.9172000000;-11.8212500000;97.5712500000;3.6137500000;-12.8750000000;6.5625000000;-46.1875000000
3.7632000000;-0.1176000000;8.4280000000;28.0525000000;61.1275000000;-1.9600000000;-8.3750000000;7.6875000000;-48.1875000000
2.7048000000;-2.3030000000;10.2802000000;-18.7425000000;90.5887500000;2.3275000000;-5.5000000000;7.3750000000;-47.7500000000
2.6852000000;0.0882000000;10.2802000000;18.2525000000;66.0887500000;-9.2487500000;-2.5000000000;6.5625000000;-47.3750000000
2.4108000000;-1.0192000000;9.4962000000;-41.3437500000;66.7625000000;0.4900000000;-2.5000000000;6.5625000000;-47.3750000000
1.9110000000;-1.4602000000;11.9756000000;8.9425000000;69.2737500000;-5.9412500000;0.7500000000;6.1875000000;-49.0000000000
2.4108000000;0.1176000000;8.8298000000;-2.8787500000;37.7912500000;0.6125000000;3.3750000000;7.6875000000;-47.3750000000
1.2642000000;-1.8522000000;11.0740000000;-36.1987500000;57.9425000000;2.5725000000;6.0625000000;6.5625000000;-48.5625000000
1.5876000000;-0.3822000000;10.3880000000;6.9825000000;28.7262500000;-1.7762500000;7.3750000000;8.5000000000;-48.1875000000
1.6366000000;-1.1270000000;10.1430000000;-23.7037500000;25.7862500000;2.6337500000;7.3750000000;8.5000000000;-48.1875000000
0.9506000000;-1.2152000000;11.3484000000;12.9850000000;24.3775000000;2.3275000000;9.2500000000;8.8750000000;-47.0000000000
1.1956000000;-0.4900000000;9.6334000000;14.8837500000;3.6137500000;4.8387500000;10.0625000000;9.1875000000;-46.1875000000
0.9800000000;-1.6660000000;10.2508000000;-17.3337500000;9.1262500000;6.4925000000;10.3750000000;8.0625000000;-46.5625000000
1.1858000000;-0.7840000000;9.5158000000;12.8012500000;-2.3275000000;3.4912500000;11.0625000000;8.0625000000;-47.3750000000
1.0976000000;-1.4210000000;9.3002000000;-10.1675000000;-0.1225000000;6.9212500000;11.0625000000;8.0625000000;-47.3750000000
0.9604000000;-1.4014000000;9.2708000000;-8.4525000000;2.3275000000;4.1650000000;11.0625000000;8.5000000000;-47.3750000000
0.9114000000;-1.4994000000;9.5746000000;-20.8250000000;5.6350000000;3.1850000000;10.7500000000;8.0625000000;-47.0000000000
0.9408000000;-2.3520000000;10.1626000000;-13.1075000000;2.4500000000;1.4087500000;11.0625000000;8.8750000000;-47.0000000000
1.1956000000;-1.0388000000;9.2120000000;19.1100000000;-5.3287500000;-0.4900000000;11.0625000000;9.8750000000;-46.8750000000
1.0094000000;-1.8326000000;9.3198000000;-11.5150000000;-0.4900000000;1.4087500000;11.0625000000;9.8750000000;-46.8750000000
0.9212000000;-1.5778000000;9.8490000000;15.6187500000;-0.1225000000;-3.1850000000;11.0625000000;8.8750000000;-47.6875000000
1.2152000000;-0.6566000000;9.1924000000;19.3550000000;-4.5937500000;-3.7362500000;11.0625000000;8.8750000000;-47.6875000000
1.0388000000;-1.5092000000;9.4276000000;-13.1075000000;-0.2450000000;-0.1837500000;10.7500000000;8.8750000000;-47.2500000000
1.0584000000;-1.2250000000;9.3982000000;3.1850000000;-0.6125000000;-1.7150000000;10.7500000000;8.5000000000;-46.5000000000
1.1662000000;-1.0192000000;9.2512000000;-8.0850000000;-1.2250000000;-0.1837500000;10.7500000000;8.5000000000;-46.5000000000
1.0780000000;-1.4406000000;9.3688000000;-24.9900000000;2.8787500000;1.3475000000;10.7500000000;8.5000000000;-46.8750000000
0.9408000000;-1.8620000000;9.6138000000;5.4512500000;0.7962500000;1.0412500000;11.0625000000;9.5000000000;-46.0625000000
1.1172000000;-1.1172000000;9.3296000000;7.9012500000;-0.2450000000;0.1225000000;10.7500000000;9.5000000000;-48.5000000000
1.0682000000;-1.7738000000;9.6628000000;2.8787500000;1.4700000000;0.0612500000;10.3750000000;9.1875000000;-47.2500000000
0.9996000000;-1.3132000000;9.5256000000;6.3700000000;0.7962500000;-1.8375000000;10.3750000000;9.1875000000;-47.2500000000
1.0388000000;-1.4896000000;9.1238000000;-3.7975000000;0.6125000000;-0.3675000000;11.0625000000;9.1875000000;-46.8750000000
1.0192000000;-1.3034000000;9.3296000000;6.3700000000;2.8787500000;-1.3475000000;11.5000000000;8.5000000000;-48.5000000000
1.0584000000;-1.3034000000;9.2708000000;-0.0612500000;2.0212500000;0.3062500000;11.0625000000;8.0625000000;-47.2500000000
1.0192000000;-1.4700000000;9.4766000000;1.0412500000;6.1250000000;-0.0612500000;11.5000000000;9.1875000000;-46.5000000000
0.9212000000;-1.3622000000;9.8784000000;2.2662500000;0.8575000000;1.0412500000;11.5000000000;9.1875000000;-46.5000000000
1.0094000000;-1.3720000000;10.0450000000;-1.0412500000;-2.3275000000;0.0612500000;11.8750000000;9.1875000000;-47.2500000000
1.0290000000;-1.1466000000;10.2312000000;0.4900000000;-9.5550000000;2.2662500000;11.5000000000;9.1875000000;-47.6875000000
0.9016000000;-1.7542000000;10.2606000000;3.3075000000;-11.3312500000;0.4900000000;11.5000000000;8.8750000000;-46.8750000000
0.9310000000;-1.5484000000;10.9172000000;16.2312500000;-23.7037500000;-2.1437500000;11.0625000000;8.8750000000;-48.0625000000
1.2544000000;-1.2838000000;10.7310000000;-5.7575000000;-31.2987500000;-1.2862500000;11.0625000000;8.8750000000;-48.0625000000
1.4014000000;-2.0972000000;11.3092000000;9.0037500000;-41.8950000000;-4.6550000000;10.3750000000;8.0625000000;-47.2500000000
1.4014000000;-1.3034000000;12.2500000000;13.2912500000;-65.7825000000;-7.2887500000;8.1875000000;9.1875000000;-46.8750000000
2.0678000000;-1.0584000000;11.2700000000;-8.8200000000;-76.5625000000;-8.8200000000;7.3750000000;8.5000000000;-47.6875000000
2.2932000000;-1.7150000000;10.7408000000;16.3537500000;-82.3200000000;-11.2087500000;4.0625000000;8.5000000000;-48.5000000000
2.4892000000;-0.1862000000;10.1136000000;0.0000000000;-98.9187500000;-8.3912500000;4.0625000000;8.5000000000;-48.5000000000
3.0674000000;-1.0682000000;7.8204000000;-21.4375000000;-88.3225000000;-4.4712500000;0.7500000000;7.6875000000;-48.8750000000
3.1850000000;-1.4798000000;9.6432000000;39.6900000000;-100.0212500000;-17.9462500000;-3.1875000000;8.0625000000;-49.2500000000
4.2826000000;0.0980000000;6.4288000000;6.1862500000;-99.1025000000;-10.7187500000;-7.2500000000;8.8750000000;-47.6875000000
4.7334000000;-1.1662000000;6.8894000000;-12.4950000000;-74.9087500000;-8.0237500000;-7.2500000000;8.8750000000;-47.6875000000
5.2332000000;-0.4410000000;6.5562000000;24.5612500000;-83.7900000000;-8.8812500000;-11.3750000000;8.0625000000;-47.0000000000
5.9094000000;0.3430000000;4.7236000000;-4.3487500000;-72.7650000000;-3.3075000000;-13.8750000000;7.2500000000;-46.0625000000
6.5268000000;-1.0388000000;4.5668000000;-21.3150000000;-42.4462500000;-3.9200000000;-17.6875000000;6.8750000000;-44.5625000000
6.6150000000;-0.6664000000;5.1450000000;22.2950000000;-35.6475000000;-5.5125000000;-20.0000000000;7.5625000000;-44.5625000000
6.8992000000;0.4410000000;4.8412000000;10.5962500000;-18.9262500000;-4.9000000000;-20.0000000000;7.5625000000;-44.5625000000
6.8698000000;-1.2054000000;5.8604000000;-11.7600000000;-3.8587500000;-0.8575000000;-22.0625000000;7.5625000000;-43.2500000000
6.6444000000;-0.1274000000;7.3892000000;22.1725000000;-4.8387500000;-6.6150000000;-22.0625000000;7.2500000000;-43.7500000000
7.2324000000;0.3234000000;5.6154000000;-19.9062500000;-11.2700000000;0.4287500000;-23.1875000000;6.8750000000;-43.3750000000
6.8600000000;-1.4112000000;7.3696000000;-11.1475000000;9.0650000000;-0.3675000000;-23.5625000000;6.5000000000;-43.7500000000
6.9482000000;0.2352000000;6.3798000000;15.6800000000;-10.0450000000;0.6737500000;-23.5625000000;6.5000000000;-43.7500000000
7.1442000000;-0.8330000000;5.8408000000;-16.5987500000;5.3287500000;2.5112500000;-22.7500000000;7.5625000000;-42.5625000000
6.7326000000;-0.3822000000;6.9678000000;11.0862500000;4.3487500000;-1.3475000000;-22.3750000000;6.5000000000;-43.7500000000
6.9678000000;-0.4998000000;6.6738000000;-8.0850000000;5.4512500000;2.5112500000;-22.7500000000;6.8750000000;-43.7500000000
6.8110000000;-0.6174000000;7.5656000000;2.8787500000;2.4500000000;-0.2450000000;-23.1875000000;7.2500000000;-42.1875000000
7.0560000000;-0.4312000000;6.8600000000;5.3900000000;-3.1850000000;0.6125000000;-23.1875000000;7.2500000000;-42.1875000000
6.8992000000;-0.7840000000;6.9580000000;-2.3275000000;-0.2450000000;-1.2250000000;-22.7500000000;7.2500000000;-43.3750000000
7.0070000000;-0.2156000000;6.3798000000;1.2862500000;-6.0025000000;-1.2250000000;-22.3750000000;6.8750000000;-42.5625000000
6.9286000000;-0.4606000000;6.5562000000;-0.4900000000;1.2250000000;-0.3675000000;-22.7500000000;7.2500000000;-43.0000000000
6.8404000000;-0.1372000000;6.7816000000;5.1450000000;-0.4900000000;-0.6125000000;-23.1875000000;8.3750000000;-43.3750000000
6.9972000000;-0.5194000000;6.6542000000;-4.5937500000;0.9800000000;0.0000000000;-23.1875000000;8.3750000000;-43.3750000000
6.9580000000;-0.3234000000;6.7816000000;0.7962500000;0.9187500000;-0.3062500000;-23.1875000000;6.5000000000;-43.7500000000
6.8894000000;-0.2548000000;6.5660000000;-0.2450000000;-0.4287500000;1.3475000000;-22.7500000000;6.8750000000;-43.3750000000
6.8796000000;-0.6762000000;6.8600000000;1.3475000000;3.6750000000;0.7350000000;-22.7500000000;7.2500000000;-43.3750000000
6.9972000000;-0.3626000000;6.7620000000;2.0212500000;0.3675000000;0.8575000000;-22.7500000000;6.5000000000;-42.5625000000
6.9580000000;-0.5586000000;6.7130000000;-1.2862500000;1.5312500000;0.3675000000;-22.7500000000;6.5000000000;-42.5625000000
6.9188000000;-0.3136000000;6.9580000000;2.4500000000;1.4087500000;-0.8575000000;-22.7500000000;7.2500000000;-42.1875000000
6.9580000000;-0.5880000000;6.7816000000;-2.5725000000;-1.2862500000;0.3062500000;-21.7500000000;6.8750000000;-42.5625000000
6.8992000000;-0.4606000000;6.8208000000;2.0825000000;-0.1837500000;-0.6125000000;-22.7500000000;7.2500000000;-43.3750000000
6.9482000000;-0.3822000000;6.5072000000;-1.5312500000;-2.2662500000;0.3062500000;-22.0625000000;6.8750000000;-43.0000000000
6.8796000000;-0.6272000000;6.8992000000;-2.2050000000;3.1237500000;-1.1637500000;-22.0625000000;6.8750000000;-43.0000000000
6.9286000000;-0.1274000000;6.8502000000;4.7162500000;-0.6737500000;-1.6537500000;-22.7500000000;6.8750000000;-42.5625000000
7.0168000000;-0.4998000000;6.4288000000;-4.5937500000;1.7150000000;1.1637500000;-22.7500000000;6.8750000000;-42.5625000000
6.7326000000;-0.1470000000;7.3010000000;5.9412500000;1.8375000000;-0.4287500000;-23.1875000000;6.8750000000;-43.3750000000
6.9972000000;-0.4900000000;6.9090000000;-2.4500000000;-2.9400000000;2.3275000000;-22.0625000000;6.8750000000;-42.5625000000
6.9384000000;-0.6762000000;6.4778000000;3.0012500000;0.1837500000;0.9800000000;-22.0625000000;6.8750000000;-42.5625000000
6.8796000000;-0.4802000000;6.9678000000;1.8375000000;0.2450000000;0.6737500000;-22.3750000000;7.2500000000;-43.0000000000
6.9972000000;-0.5488000000;6.7130000000;-3.1237500000;-2.0212500000;-0.4900000000;-23.1875000000;6.5000000000;-43.3750000000
7.0266000000;-0.4312000000;6.6640000000;2.1437500000;0.3675000000;-1.6537500000;-21.7500000000;6.8750000000;-43.0000000000
6.8698000000;-0.1568000000;6.8404000000;-0.4287500000;-1.1025000000;0.4287500000;-23.1875000000;7.2500000000;-43.0000000000
6.8600000000;-0.5586000000;6.7816000000;-2.8787500000;-0.4900000000;-0.1837500000;-23.1875000000;7.2500000000;-43.0000000000
6.9678000000;-0.1176000000;6.3602000000;2.3887500000;-0.7962500000;-0.1225000000;-22.3750000000;6.5000000000;-42.5625000000
6.8600000000;-0.5782000000;6.8698000000;-1.8375000000;3.4912500000;0.7350000000;-22.3750000000;6.8750000000;-44.5000000000
6.8698000000;-0.4312000000;7.1540000000;-0.1225000000;0.5512500000;-0.7962500000;-22.3750000000;6.5000000000;-43.0000000000
6.9580000000;-0.3430000000;7.0266000000;-0.9187500000;-3.1850000000;0.4287500000;-22.7500000000;7.2500000000;-42.5625000000
6.9874000000;-0.5096000000;6.6444000000;3.1850000000;-0.1837500000;0.3675000000;-22.7500000000;7.2500000000;-42.5625000000
6.8894000000;-0.3528000000;6.8894000000;-2.2050000000;-3.0625000000;1.7150000000;-22.7500000000;6.5000000000;-43.7500000000
6.9580000000;-0.6468000000;6.5856000000;-1.3475000000;-1.7762500000;-0.2450000000;-23.8750000000;6.5000000000;-43.3750000000
6.8796000000;-0.3920000000;6.7914000000;4.7775000000;0.1225000000;-2.1437500000;-23.1875000000;7.5625000000;-43.3750000000
6.9678000000;-0.2842000000;6.3504000000;-1.5312500000;-1.4087500000;0.8575000000;-21.7500000000;6.8750000000;-43.0000000000
6.8894000000;-0.5684000000;6.6444000000;4.2262500000;4.5325000000;-0.9187500000;-21.7500000000;6.8750000000;-43.0000000000
6.9090000000;-0.1960000000;7.1638000000;6.4312500000;-2.3275000000;0.1225000000;-22.7500000000;6.8750000000;-44.0625000000
7.0364000000;-0.5782000000;6.5464000000;-9.6775000000;2.3275000000;0.9187500000;-23.1875000000;7.2500000000;-43.7500000000
6.9090000000;-0.4606000000;6.9482000000;7.6562500000;2.6337500000;0.0612500000;-22.0625000000;6.8750000000;-42.5625000000
6.9580000000;-0.2352000000;6.7130000000;0.3675000000;-1.9600000000;1.0412500000;-22.0625000000;6.8750000000;-42.5625000000
6.9090000000;-0.6860000000;6.5562000000;-2.2662500000;2.0212500000;0.1225000000;-23.5625000000;6.8750000000;-43.0000000000
6.8208000000;-0.2842000000;6.9874000000;8.3300000000;2.4500000000;-1.2250000000;-23.1875000000;6.8750000000;-43.0000000000
6.9678000000;-0.4116000000;6.7522000000;-7.5337500000;-0.0612500000;1.2862500000;-22.3750000000;7.2500000000;-42.1875000000
6.9188000000;-0.6566000000;6.9580000000;0.8575000000;0.8575000000;-1.0412500000;-22.7500000000;6.8750000000;-43.7500000000
6.9286000000;-0.2646000000;6.5660000000;2.5112500000;-0.7962500000;0.1837500000;-22.0625000000;6.8750000000;-43.7500000000
6.9188000000;-0.5390000000;6.7326000000;-2.5112500000;1.5925000000;-0.0612500000;-22.0625000000;6.8750000000;-43.7500000000
6.9090000000;-0.3234000000;6.8796000000;3.1237500000;0.7962500000;-0.9187500000;-23.1875000000;7.2500000000;-43.7500000000
6.9384000000;-0.4410000000;6.7620000000;-2.4500000000;-1.2250000000;-0.2450000000;-22.7500000000;6.5000000000;-42.1875000000
6.9286000000;-0.4900000000;6.8992000000;-0.4287500000;0.1837500000;-0.5512500000;-22.3750000000;6.8750000000;-44.5625000000
6.9384000000;-0.2646000000;6.5268000000;1.5925000000;-2.6337500000;0.0612500000;-22.3750000000;6.8750000000;-44.5625000000
6.9580000000;-0.5782000000;6.4190000000;-2.4500000000;0.6125000000;0.4900000000;-22.7500000000;6.5000000000;-42.1875000000
6.8894000000;-0.2156000000;6.8894000000;3.3075000000;2.2050000000;-1.6537500000;-22.3750000000;6.5000000000;-43.7500000000
7.0070000000;-0.4410000000;7.0168000000;-3.3075000000;-0.3062500000;0.9800000000;-22.0625000000;6.5000000000;-43.0000000000
6.9188000000;-0.4998000000;6.7326000000;0.9800000000;-1.5312500000;-0.1837500000;-22.0625000000;7.2500000000;-44.0625000000
6.8600000000;-0.2156000000;6.7914000000;3.3075000000;-1.6537500000;-0.8575000000;-22.0625000000;7.2500000000;-44.0625000000
6.9384000000;-0.5096000000;6.8208000000;-1.7762500000;0.1837500000;-0.2450000000;-22.7500000000;6.8750000000;-42.5625000000
6.9090000000;-0.1764000000;6.8894000000;7.4112500000;-1.7762500000;-0.3675000000;-21.7500000000;6.8750000000;-43.3750000000
6.9482000000;-0.5292000000;6.3798000000;-5.0225000000;-3.0625000000;1.5312500000;-22.7500000000;6.5000000000;-44.0625000000
6.9188000000;-0.5978000000;6.4582000000;1.7150000000;1.7762500000;-0.7962500000;-23.1875000000;6.5000000000;-43.3750000000
6.8796000000;-0.1862000000;6.9678000000;0.4287500000;2.3275000000;-1.4700000000;-23.1875000000;6.5000000000;-43.3750000000
6.9482000000;-0.4998000000;6.8404000000;-4.9000000000;0.9800000000;0.6737500000;-22.7500000000;6.8750000000;-43.3750000000
6.9384000000;-0.3430000000;6.6640000000;3.6137500000;1.5312500000;-0.4287500000;-23.1875000000;6.8750000000;-43.0000000000
6.8894000000;-0.2352000000;6.7816000000;-0.1225000000;1.5925000000;0.7350000000;-22.0625000000;6.8750000000;-43.7500000000
6.8992000000;-0.6566000000;7.0266000000;0.3062500000;1.5312500000;1.1025000000;-22.7500000000;7.2500000000;-44.0625000000
6.9384000000;-0.3626000000;6.8306000000;2.9400000000;0.0612500000;-0.5512500000;-22.7500000000;7.2500000000;-44.0625000000
6.9482000000;-0.6566000000;6.7522000000;-3.5525000000;-0.7350000000;0.0000000000;-22.7500000000;6.5000000000;-43.0000000000
6.9384000000;-0.3822000000;6.8502000000;1.2250000000;0.4287500000;-1.6537500000;-22.3750000000;6.8750000000;-43.7500000000
6.8796000000;-0.2254000000;6.7032000000;-0.1225000000;-0.2450000000;-1.1637500000;-22.3750000000;6.0625000000;-42.5625000000
6.8796000000;-0.3920000000;6.8110000000;-1.3475000000;-0.2450000000;-0.5512500000;-22.0625000000;6.8750000000;-42.5625000000
6.8992000000;-0.2352000000;6.7718000000;1.2250000000;0.6125000000;-0.3062500000;-22.0625000000;6.8750000000;-42.5625000000
6.9384000000;-0.3430000000;6.7326000000;-0.2450000000;-0.4287500000;0.8575000000;-22.3750000000;6.5000000000;-43.7500000000
6.8992000000;-0.5390000000;7.0560000000;2.0825000000;1.3475000000;0.7350000000;-22.7500000000;6.5000000000;-43.0000000000
6.9678000000;-0.4704000000;6.7522000000;-0.2450000000;-2.5725000000;0.6737500000;-22.3750000000;6.5000000000;-43.3750000000
7.0266000000;-0.6958000000;6.4582000000;1.0412500000;-0.9800000000;0.4287500000;-23.1875000000;6.5000000000;-43.3750000000
6.9090000000;-0.3038000000;6.8894000000;-0.5512500000;-0.4287500000;-1.2250000000;-23.1875000000;6.5000000000;-43.3750000000
6.9678000000;-0.3724000000;6.5660000000;-3.1850000000;-1.4700000000;-0.1837500000;-22.7500000000;7.2500000000;-43.7500000000
6.8110000000;-0.2744000000;7.0560000000;2.9400000000;2.0212500000;-1.5312500000;-22.0625000000;6.5000000000;-43.0000000000
6.8992000000;-0.5096000000;6.8110000000;-4.0425000000;-1.6537500000;0.1837500000;-23.1875000000;6.5000000000;-44.5625000000
6.8796000000;-0.4116000000;6.7816000000;1.4700000000;-0.6737500000;-0.2450000000;-22.3750000000;6.5000000000;-42.5625000000
6.9972000000;-0.3038000000;6.8012000000;-3.0625000000;-1.7762500000;-0.3062500000;-22.3750000000;6.5000000000;-42.5625000000
6.9776000000;-0.4900000000;6.7130000000;0.9800000000;-0.3675000000;0.3675000000;-23.1875000000;6.0625000000;-43.0000000000
6.9188000000;-0.1666000000;6.6640000000;4.4712500000;-0.4900000000;0.0000000000;-22.7500000000;7.2500000000;-43.3750000000
6.8992000000;-0.6468000000;6.6444000000;-4.1037500000;-0.2450000000;1.3475000000;-22.0625000000;7.2500000000;-43.7500000000
6.9090000000;-0.4018000000;6.8698000000;4.6550000000;1.7150000000;-0.8575000000;-22.3750000000;6.5000000000;-44.0625000000
6.8992000000;-0.2058000000;6.9776000000;-2.3887500000;-2.2050000000;1.2862500000;-22.3750000000;6.5000000000;-44.0625000000
6.9776000000;-0.5880000000;6.6248000000;0.7962500000;-0.2450000000;0.5512500000;-22.3750000000;6.8750000000;-43.3750000000
6.8894000000;-0.2940000000;7.0364000000;2.2050000000;-0.1225000000;-0.9187500000;-22.3750000000;6.5000000000;-43.0000000000
6.9580000000;-0.3332000000;6.8306000000;-3.2462500000;-2.9400000000;0.1837500000;-22.7500000000;7.2500000000;-42.5625000000
7.0070000000;-0.2646000000;6.3210000000;0.9800000000;-0.3062500000;0.1837500000;-22.3750000000;6.5000000000;-44.5625000000
6.9580000000;-0.3234000000;5.7526000000;-1.5312500000;5.5737500000;2.1437500000;-22.3750000000;6.5000000000;-44.5625000000
6.8502000000;-0.3038000000;5.2136000000;-5.0225000000;14.5162500000;0.9187500000;-22.0625000000;6.8750000000;-43.0000000000
6.7326000000;0.3528000000;3.8612000000;-10.4737500000;28.6037500000;5.0837500000;-22.3750000000;6.8750000000;-43.0000000000
6.2230000000;-0.0098000000;3.9004000000;-6.5537500000;47.6525000000;9.1262500000;-22.0625000000;7.5625000000;-44.0625000000
5.7820000000;0.2058000000;5.1842000000;3.4912500000;63.9450000000;11.6375000000;-19.8750000000;7.2500000000;-44.0625000000
5.3900000000;0.0000000000;6.0858000000;-19.2937500000;83.2387500000;15.7412500000;-19.8750000000;7.2500000000;-44.0625000000
4.8118000000;-1.1270000000;8.2124000000;-15.2512500000;88.5675000000;18.0687500000;-18.3750000000;7.5625000000;-45.0000000000
4.2630000000;-1.3230000000;8.3398000000;6.5537500000;81.8912500000;18.1300000000;-14.2500000000;8.3750000000;-45.6875000000
4.1258000000;-1.3426000000;7.7910000000;27.9300000000;83.6062500000;10.8412500000;-9.8750000000;9.0625000000;-46.8750000000
3.2046000000;0.0000000000;8.7710000000;-3.6750000000;78.2775000000;13.2912500000;-9.8750000000;9.0625000000;-46.8750000000
2.8028000000;-2.0580000000;8.4378000000;-35.0350000000;84.8925000000;20.0900000000;-6.5625000000;8.5000000000;-48.0625000000
1.9306000000;-2.7636000000;11.7600000000;49.3062500000;96.5300000000;8.3912500000;-4.0000000000;7.3750000000;-47.6875000000
2.4696000000;0.2058000000;10.4566000000;49.8575000000;62.5975000000;0.1837500000;0.0625000000;8.5000000000;-48.0625000000
1.8424000000;-1.9600000000;11.5346000000;-31.6662500000;77.9712500000;2.0825000000;3.8750000000;5.0625000000;-47.6875000000
1.6170000000;-0.8624000000;12.3774000000;-3.9200000000;46.1212500000;-6.7375000000;3.8750000000;5.0625000000;-47.6875000000
1.9992000000;-0.4508000000;9.0748000000;-17.6400000000;29.2162500000;0.3062500000;6.0625000000;5.0000000000;-48.5000000000
0.5390000000;-1.5876000000;11.4954000000;7.0437500000;49.4287500000;-3.3687500000;8.6875000000;5.3750000000;-46.5000000000
0.8036000000;0.0098000000;11.1720000000;9.9225000000;19.8450000000;-2.8175000000;9.0000000000;5.3750000000;-47.2500000000
1.2446000000;-0.7938000000;9.6432000000;-23.7650000000;14.0262500000;4.2262500000;11.1875000000;5.7500000000;-47.2500000000
0.9016000000;-1.2544000000;9.9274000000;19.2325000000;16.9662500000;1.6537500000;11.1875000000;5.7500000000;-47.2500000000
0.6174000000;-0.4606000000;10.1136000000;3.7362500000;4.5325000000;2.6950000000;12.3750000000;7.2500000000;-47.2500000000
0.9114000000;-0.8036000000;9.7020000000;-15.9250000000;4.3487500000;2.5112500000;12.6875000000;5.3750000000;-47.6875000000
0.6958000000;-1.0584000000;9.8980000000;-3.4300000000;2.3887500000;3.4300000000;12.6875000000;5.7500000000;-47.2500000000
0.6566000000;-1.2250000000;9.4864000000;-3.1850000000;2.4500000000;3.4300000000;12.6875000000;5.7500000000;-47.6875000000
0.6762000000;-0.7742000000;9.5550000000;2.7562500000;4.3487500000;3.4300000000;12.6875000000;5.7500000000;-47.6875000000
0.6860000000;-1.2544000000;9.6334000000;1.7150000000;-1.7762500000;3.5525000000;12.5625000000;6.0625000000;-47.2500000000
0.8624000000;-1.1270000000;9.3198000000;0.4900000000;0.8575000000;2.0212500000;13.0000000000;5.7500000000;-46.3750000000
0.6860000000;-1.0290000000;9.5256000000;-1.1637500000;-0.4900000000;0.1837500000;12.6875000000;6.5000000000;-46.8750000000
0.6860000000;-1.3132000000;9.5354000000;-0.6737500000;1.4700000000;-1.8375000000;12.3750000000;5.3750000000;-46.5000000000
0.7056000000;-0.8428000000;9.7118000000;4.1650000000;-0.4900000000;-1.4700000000;12.3750000000;5.3750000000;-46.5000000000
0.7546000000;-0.8820000000;9.4178000000;-4.6550000000;-0.2450000000;0.2450000000;13.0625000000;5.3750000000;-47.1875000000
0.6272000000;-0.9310000000;9.5844000000;4.2875000000;2.3275000000;0.4287500000;12.3750000000;5.7500000000;-47.1875000000
0.7546000000;-0.7448000000;9.2120000000;0.7350000000;1.5925000000;0.3675000000;12.6875000000;5.3750000000;-47.5625000000
0.5390000000;-1.2740000000;9.9568000000;-0.4287500000;6.7375000000;1.4087500000;13.5000000000;5.7500000000;-47.1875000000
0.7056000000;-1.0290000000;9.8588000000;3.5525000000;-1.5925000000;0.1225000000;13.5000000000;5.7500000000;-47.1875000000
0.7840000000;-1.0584000000;9.4178000000;-3.2462500000;-2.3887500000;0.2450000000;13.3750000000;5.7500000000;-47.1875000000
0.6076000000;-0.9310000000;9.3688000000;4.2875000000;1.0412500000;-0.9800000000;13.3750000000;5.3750000000;-47.1875000000
0.5978000000;-0.9898000000;9.5648000000;0.7962500000;-0.7962500000;-1.0412500000;13.7500000000;5.0000000000;-46.3750000000
0.7938000000;-0.8232000000;9.3198000000;-2.0825000000;1.9600000000;-0.7350000000;12.5625000000;6.0625000000;-48.3750000000
0.5782000000;-0.8134000000;9.5746000000;1.7762500000;2.8175000000;0.4287500000;12.5625000000;6.0625000000;-48.3750000000
0.6174000000;-1.0878000000;9.5452000000;-4.0425000000;2.7562500000;0.1225000000;12.5625000000;5.0000000000;-47.5625000000
0.6174000000;-1.0388000000;10.0156000000;5.9412500000;3.7362500000;0.0612500000;13.3750000000;5.7500000000;-46.3750000000
0.6860000000;-0.9604000000;9.6236000000;7.4112500000;-2.5112500000;0.8575000000;13.3750000000;5.3750000000;-46.7500000000
0.5782000000;-0.6272000000;9.4962000000;2.3887500000;-0.1225000000;-1.1025000000;13.3750000000;5.0000000000;-46.3750000000
0.5586000000;-0.7840000000;9.5452000000;-1.1025000000;-0.2450000000;0.6737500000;13.3750000000;5.0000000000;-46.3750000000
0.5488000000;-0.9604000000;9.5844000000;-0.1225000000;0.7350000000;1.1025000000;13.0000000000;4.2500000000;-46.7500000000
0.7056000000;-0.7938000000;9.6138000000;0.0000000000;-0.1837500000;0.5512500000;13.3750000000;5.0000000000;-46.3750000000
0.6174000000;-1.1074000000;9.6530000000;-3.6137500000;-1.1637500000;0.6737500000;13.0000000000;5.0000000000;-46.7500000000
0.4998000000;-0.8820000000;10.1626000000;0.0000000000;-2.1437500000;-0.1837500000;12.2500000000;5.3750000000;-46.7500000000
0.7742000000;-1.0192000000;10.2018000000;0.6737500000;-8.9425000000;-0.6125000000;12.2500000000;5.3750000000;-46.7500000000
0.7644000000;-0.9310000000;9.6628000000;-6.3700000000;-9.8612500000;0.4900000000;13.5000000000;5.0000000000;-46.3750000000
0.5978000000;-1.1466000000;10.5448000000;12.0050000000;-13.3525000000;-2.5112500000;11.5625000000;5.3750000000;-46.7500000000
0.6958000000;-0.9016000000;11.1230000000;-3.0012500000;-24.4387500000;-2.6950000000;13.0625000000;5.0000000000;-47.5625000000
0.9114000000;-1.3328000000;11.1132000000;6.2475000000;-30.1962500000;-4.4100000000;11.1875000000;5.3750000000;-48.3750000000
1.1270000000;-1.0486000000;11.4856000000;9.6775000000;-44.8962500000;-9.3100000000;11.1875000000;5.3750000000;-48.3750000000
1.6072000000;-0.7742000000;10.3390000000;-18.9875000000;-48.9387500000;-5.3287500000;10.5000000000;4.6875000000;-46.7500000000
1.3524000000;-1.5680000000;12.0344000000;-4.3487500000;-58.4325000000;-4.1650000000;9.2500000000;5.0000000000;-47.5625000000
1.9404000000;-1.1564000000;10.5056000000;5.3900000000;-81.8912500000;-10.0450000000;6.0000000000;6.0625000000;-48.0000000000
2.2932000000;-1.2250000000;10.0352000000;-11.9437500000;-82.3812500000;-15.8637500000;6.0000000000;6.0625000000;-48.0000000000
2.5284000000;-0.6076000000;10.1724000000;6.8600000000;-94.5087500000;-17.5175000000;2.5625000000;6.0625000000;-49.1875000000
3.0282000000;0.0000000000;8.7808000000;7.9625000000;-101.7362500000;-11.2700000000;-0.1875000000;6.8750000000;-47.1875000000
3.9004000000;0.0196000000;7.4088000000;-21.6825000000;-98.1837500000;-9.0650000000;-4.3750000000;6.5000000000;-47.5625000000
4.2630000000;-1.3328000000;7.8596000000;2.2662500000;-87.0362500000;-4.9000000000;-8.0625000000;7.2500000000;-48.3750000000
5.0372000000;0.2254000000;6.5072000000;31.4212500000;-91.6912500000;-6.9825000000;-8.0625000000;7.2500000000;-48.3750000000
5.6840000000;-0.2156000000;6.0172000000;-11.6375000000;-78.0325000000;-1.9600000000;-12.0625000000;7.5625000000;-47.5625000000
6.0466000000;-1.0976000000;5.5566000000;-0.1225000000;-67.6812500000;-0.0612500000;-15.2500000000;7.2500000000;-45.6875000000
6.5366000000;-0.7742000000;4.6452000000;25.7862500000;-61.6175000000;-0.5512500000;-18.6875000000;8.3750000000;-45.1875000000
6.6934000000;-0.1568000000;5.1156000000;18.1300000000;-38.0362500000;-5.3287500000;-21.2500000000;6.5000000000;-44.3750000000
7.0560000000;-0.3136000000;5.0372000000;2.1437500000;-28.8487500000;-4.2875000000;-21.2500000000;6.5000000000;-44.3750000000
7.1932000000;-0.0196000000;5.0764000000;9.4325000000;-16.1700000000;-4.6550000000;-23.0625000000;5.3750000000;-43.2500000000
7.2422000000;0.2058000000;5.3116000000;1.8375000000;-8.0237500000;-2.6337500000;-23.7500000000;5.7500000000;-42.8750000000
7.1736000000;-0.7546000000;6.4190000000;-4.0425000000;3.7975000000;1.2862500000;-24.5625000000;5.7500000000;-41.6875000000
7.1736000000;0.2940000000;6.6052000000;5.8187500000;-2.2662500000;-1.5925000000;-23.7500000000;5.7500000000;-42.0625000000
7.3206000000;-0.3920000000;5.7428000000;-14.9450000000;0.3062500000;3.6137500000;-23.7500000000;5.7500000000;-42.0625000000
6.9874000000;0.0490000000;7.2814000000;12.0662500000;4.8387500000;-3.0625000000;-25.0000000000;5.7500000000;-43.5625000000
7.4284000000;-0.2058000000;5.7820000000;-8.2687500000;-2.8787500000;3.6137500000;-24.5625000000;5.3750000000;-42.0000000000
7.0560000000;-0.3234000000;7.1050000000;11.2700000000;6.5537500000;-1.2862500000;-24.5625000000;5.7500000000;-42.3750000000
7.2128000000;0.2058000000;6.3994000000;6.6150000000;-3.5525000000;0.3062500000;-23.5000000000;4.2500000000;-42.3750000000
7.2324000000;-0.7644000000;6.3210000000;-10.1062500000;2.1437500000;1.0412500000;-23.5000000000;4.2500000000;-42.3750000000
7.0658000000;0.1666000000;6.5758000000;9.1875000000;1.5312500000;-2.1437500000;-24.5625000000;5.0000000000;-43.1875000000
7.2912000000;-0.1862000000;6.1740000000;-10.6575000000;2.0825000000;1.5925000000;-24.1875000000;5.7500000000;-42.3750000000
7.0952000000;-0.3626000000;6.9090000000;7.2275000000;5.9412500000;-0.1225000000;-24.1875000000;5.0000000000;-41.5625000000
7.1932000000;0.2548000000;6.2132000000;0.7350000000;-1.7762500000;0.6125000000;-23.7500000000;5.3750000000;-42.7500000000
7.1246000000;-0.3332000000;6.0760000000;-12.0050000000;4.9000000000;2.5112500000;-23.7500000000;5.3750000000;-42.7500000000
6.9874000000;-0.1764000000;6.7620000000;6.0637500000;5.8800000000;1.0412500000;-24.1875000000;5.0000000000;-41.1875000000
7.2030000000;-0.2744000000;6.1152000000;-8.9425000000;4.3487500000;3.4300000000;-23.5000000000;5.7500000000;-43.1875000000
7.0658000000;-0.5488000000;7.2324000000;-1.3475000000;8.2687500000;0.6125000000;-24.1875000000;5.7500000000;-43.1875000000
7.1050000000;-0.1764000000;7.2226000000;1.8375000000;1.1637500000;0.4287500000;-23.7500000000;6.5000000000;-42.7500000000
7.0854000000;-0.4018000000;6.5366000000;-3.1850000000;-1.9600000000;1.7762500000;-23.7500000000;6.5000000000;-42.7500000000
7.0070000000;-0.4606000000;6.4092000000;0.1837500000;1.3475000000;-0.1837500000;-23.5000000000;5.3750000000;-42.7500000000
7.0658000000;-0.1470000000;6.4974000000;0.9800000000;-0.6125000000;-0.6125000000;-23.0625000000;6.0625000000;-42.0000000000
7.0658000000;-0.2548000000;6.1838000000;-5.7575000000;0.9187500000;0.6125000000;-23.5000000000;5.3750000000;-42.7500000000
6.9090000000;-0.3038000000;7.2226000000;2.6950000000;5.6962500000;-1.1637500000;-23.5000000000;5.7500000000;-43.8750000000
7.1050000000;-0.1764000000;6.7522000000;-3.2462500000;-2.0825000000;-0.4287500000;-23.5000000000;5.7500000000;-43.8750000000
7.1344000000;-0.3234000000;6.3308000000;-1.9600000000;-0.3675000000;0.4287500000;-23.5000000000;6.5000000000;-43.5625000000
6.9972000000;0.0000000000;6.1838000000;1.7762500000;0.5512500000;2.1437500000;-23.5000000000;6.8750000000;-42.3750000000
7.0952000000;-0.7742000000;6.4190000000;-7.8400000000;5.2062500000;3.0625000000;-23.7500000000;5.7500000000;-43.1875000000
6.9776000000;-0.1764000000;7.3304000000;7.4112500000;4.0425000000;-1.1637500000;-23.5000000000;6.5000000000;-41.5625000000
7.0658000000;-0.4900000000;6.7424000000;-6.4925000000;-1.5312500000;1.7150000000;-23.5000000000;6.5000000000;-41.5625000000
6.9776000000;-0.6566000000;6.8894000000;5.0225000000;0.3675000000;0.3062500000;-23.5000000000;5.7500000000;-42.7500000000
6.9384000000;-0.2646000000;6.8208000000;8.8200000000;-1.5925000000;-0.5512500000;-22.6875000000;6.5000000000;-43.1875000000
7.1050000000;-0.5390000000;6.3112000000;-9.6162500000;-0.5512500000;0.0612500000;-23.5000000000;6.5000000000;-42.7500000000
6.9188000000;-0.5488000000;6.5072000000;4.7162500000;0.9800000000;-3.1237500000;-23.5000000000;5.3750000000;-44.3750000000
7.0266000000;-0.0098000000;6.3014000000;-4.1650000000;1.6537500000;-1.1637500000;-23.5000000000;5.3750000000;-44.3750000000
6.9776000000;-0.4214000000;7.0168000000;0.7350000000;3.6137500000;-2.0825000000;-22.6875000000;6.5000000000;-43.5625000000
7.0462000000;0.0588000000;6.6150000000;1.1637500000;-0.8575000000;0.3675000000;-23.5000000000;6.0625000000;-43.5625000000
7.0364000000;-0.6174000000;6.4778000000;-4.1650000000;2.1437500000;2.8787500000;-22.6875000000;6.5000000000;-43.5625000000
6.8894000000;-0.4214000000;7.1442000000;6.0025000000;3.1850000000;-0.2450000000;-23.5000000000;6.0625000000;-41.5625000000
7.1050000000;-0.4410000000;6.5856000000;-4.9000000000;-1.0412500000;1.2250000000;-23.5000000000;6.0625000000;-41.5625000000
6.9580000000;-0.4704000000;6.8698000000;4.4712500000;-0.5512500000;0.0000000000;-22.6875000000;5.7500000000;-43.5625000000
6.9776000000;-0.3430000000;6.6640000000;-2.3275000000;-0.6737500000;0.7350000000;-23.5000000000;6.0625000000;-43.1875000000
7.0070000000;-0.6174000000;6.6738000000;-1.4700000000;0.4900000000;-0.1225000000;-22.6875000000;6.5000000000;-42.7500000000
6.9776000000;-0.3332000000;6.5856000000;0.9800000000;-0.4900000000;-1.3475000000;-23.0625000000;6.0625000000;-42.7500000000
6.9874000000;-0.3332000000;6.4680000000;-5.6962500000;-1.6537500000;0.6125000000;-23.0625000000;6.0625000000;-42.7500000000
6.9384000000;-0.4704000000;6.9580000000;4.5325000000;2.6337500000;-1.7762500000;-22.6875000000;5.7500000000;-43.1875000000
7.0266000000;-0.1568000000;6.6738000000;-3.4300000000;-2.5725000000;-0.2450000000;-23.5000000000;7.2500000000;-43.1875000000
7.0462000000;-0.6174000000;6.4680000000;-0.7350000000;1.8987500000;0.6125000000;-23.0625000000;6.8750000000;-44.7500000000
6.9188000000;-0.2940000000;6.8796000000;4.8387500000;1.4087500000;-0.6125000000;-23.0625000000;6.8750000000;-44.7500000000
7.0658000000;-0.5292000000;6.5366000000;-5.4512500000;-1.1025000000;1.4087500000;-23.5000000000;6.0625000000;-42.7500000000
6.9090000000;-0.4998000000;6.7816000000;4.3487500000;2.5112500000;-2.0825000000;-22.6875000000;6.0625000000;-43.1875000000
6.9286000000;-0.4704000000;7.0364000000;-2.3275000000;-1.5925000000;-0.0612500000;-22.6875000000;5.7500000000;-43.1875000000
7.0854000000;-0.5880000000;6.7718000000;0.7962500000;-1.8375000000;-1.2250000000;-22.2500000000;6.0625000000;-43.1875000000
6.9972000000;-0.3528000000;6.6444000000;1.7150000000;-1.6537500000;-1.2250000000;-22.2500000000;6.0625000000;-43.1875000000
6.9678000000;-0.3626000000;6.4386000000;-1.8375000000;-1.2250000000;-0.4900000000;-23.0625000000;6.0625000000;-43.5625000000
6.9874000000;-0.3626000000;6.6738000000;1.9600000000;1.8987500000;-0.6125000000;-23.0625000000;5.7500000000;-43.1875000000
7.0168000000;-0.3234000000;6.8502000000;-1.8987500000;0.6125000000;-0.1837500000;-23.0625000000;6.0625000000;-42.7500000000
7.0364000000;-0.2842000000;6.8012000000;1.1637500000;-0.5512500000;0.0000000000;-23.0625000000;6.0625000000;-43.1875000000
6.9482000000;-0.4018000000;6.8208000000;-0.0612500000;-1.0412500000;0.6737500000;-23.0625000000;6.0625000000;-43.1875000000
7.0266000000;-0.3430000000;6.4778000000;-1.1025000000;-1.7762500000;0.4287500000;-23.0625000000;6.5000000000;-42.3750000000
7.0070000000;-0.3920000000;6.3406000000;1.4700000000;0.8575000000;0.9800000000;-22.6875000000;6.0625000000;-42.7500000000
6.9090000000;-0.3920000000;6.7816000000;0.4287500000;1.0412500000;1.0412500000;-23.0625000000;5.7500000000;-43.1875000000
7.1148000000;-0.4998000000;6.6836000000;1.1637500000;0.3062500000;-0.8575000000;-23.0625000000;6.0625000000;-43.1875000000
6.9678000000;-0.3626000000;7.0070000000;-1.7762500000;0.6737500000;-1.1637500000;-23.0625000000;6.0625000000;-43.1875000000
6.9678000000;-0.4214000000;6.6738000000;-0.4287500000;-3.0625000000;0.3062500000;-23.0625000000;5.7500000000;-43.5625000000
7.0266000000;-0.4410000000;6.4092000000;-0.7350000000;-0.1837500000;-0.1837500000;-23.0625000000;6.0625000000;-42.7500000000
6.9678000000;-0.3038000000;6.7620000000;0.8575000000;1.2862500000;-0.6125000000;-23.0625000000;6.0625000000;-43.1875000000
7.0854000000;-0.4802000000;6.6542000000;-1.6537500000;-0.1225000000;1.2862500000;-22.6875000000;6.0625000000;-42.3750000000
7.0070000000;-0.4312000000;6.6934000000;1.9600000000;0.6125000000;0.9187500000;-22.6875000000;6.0625000000;-42.3750000000
7.0756000000;-0.4900000000;6.6738000000;0.7350000000;1.5312500000;1.2862500000;-22.6875000000;5.7500000000;-42.7500000000
7.0364000000;-0.4312000000;6.6640000000;-2.5112500000;-0.3675000000;0.6737500000;-23.0625000000;5.7500000000;-41.5625000000
7.0070000000;-0.5390000000;6.6640000000;-0.3062500000;-0.1225000000;0.1225000000;-23.5000000000;6.8750000000;-43.5625000000
6.9678000000;-0.3332000000;6.5562000000;0.4900000000;1.7150000000;-0.4287500000;-23.5000000000;5.7500000000;-42.7500000000
6.9286000000;-0.3626000000;6.8698000000;-1.8987500000;2.0825000000;-0.1837500000;-23.5000000000;5.7500000000;-42.7500000000
7.0070000000;-0.2744000000;6.7228000000;1.2250000000;0.9800000000;0.1837500000;-23.5000000000;6.5000000000;-42.7500000000
6.9874000000;-0.2744000000;6.8306000000;3.0625000000;0.5512500000;1.2862500000;-23.0625000000;6.0625000000;-43.5625000000
7.0266000000;-0.4410000000;6.7424000000;-1.1025000000;-0.8575000000;2.2662500000;-22.6875000000;6.0625000000;-43.5625000000
7.0364000000;-0.5292000000;6.6052000000;2.3887500000;-0.2450000000;0.9800000000;-23.0625000000;6.8750000000;-43.1875000000
6.9776000000;-0.5880000000;6.7522000000;1.0412500000;1.1637500000;0.1837500000;-23.0625000000;6.8750000000;-43.1875000000
7.0266000000;-0.5194000000;6.6640000000;-2.2662500000;-1.2250000000;-0.2450000000;-23.0625000000;6.0625000000;-42.7500000000
6.9972000000;-0.5292000000;6.8502000000;1.2862500000;1.7150000000;-1.5925000000;-22.6875000000;6.8750000000;-43.1875000000
6.9972000000;-0.1960000000;6.7424000000;-3.5525000000;-2.5725000000;-0.6737500000;-22.6875000000;6.0625000000;-40.7500000000
7.0364000000;-0.4802000000;6.4582000000;-0.8575000000;0.0612500000;1.2250000000;-22.6875000000;5.7500000000;-43.8750000000
6.9874000000;-0.2940000000;6.7130000000;3.1237500000;0.0000000000;0.7962500000;-22.6875000000;5.7500000000;-43.8750000000
7.0266000000;-0.6664000000;6.6444000000;-3.4912500000;0.4287500000;1.4087500000;-23.0625000000;6.8750000000;-44.3750000000
7.0266000000;-0.4998000000;6.8110000000;3.0012500000;-0.3062500000;-0.8575000000;-22.2500000000;6.5000000000;-42.7500000000
6.9972000000;-0.3332000000;6.6248000000;-5.6962500000;-2.5725000000;0.2450000000;-22.6875000000;6.5000000000;-43.1875000000
7.0462000000;-0.3528000000;6.4190000000;-0.8575000000;-1.7150000000;0.4287500000;-22.6875000000;5.7500000000;-43.1875000000
6.9580000000;-0.2646000000;6.3406000000;-0.4900000000;-0.3062500000;1.8375000000;-22.6875000000;5.7500000000;-43.1875000000
7.0266000000;-0.5194000000;5.9388000000;0.1225000000;6.2475000000;0.8575000000;-23.7500000000;6.8750000000;-42.3750000000
6.9482000000;-0.4018000000;6.0858000000;-1.7762500000;10.1675000000;0.4287500000;-22.6875000000;6.0625000000;-43.1875000000
6.8502000000;-0.3822000000;5.8310000000;-7.3500000000;14.1487500000;1.7150000000;-22.6875000000;6.5000000000;-43.1875000000
6.7620000000;-0.5782000000;5.2724000000;-10.5350000000;21.3150000000;3.3075000000;-21.6875000000;6.5000000000;-42.7500000000
6.5268000000;-0.3724000000;5.5958000000;-7.0437500000;31.5437500000;4.7162500000;-21.6875000000;6.5000000000;-42.7500000000
6.3406000000;-0.2744000000;4.6256000000;-22.0500000000;47.6525000000;7.9625000000;-22.0000000000;7.5625000000;-44.3750000000
5.8016000000;-0.9310000000;6.1348000000;-9.3712500000;65.5375000000;5.0837500000;-20.5000000000;7.5625000000;-44.3750000000
5.5272000000;-0.4508000000;6.1446000000;-20.3962500000;62.4750000000;9.1262500000;-17.8750000000;8.0000000000;-44.7500000000
5.0274000000;-1.7248000000;6.3112000000;-28.4200000000;74.2962500000;12.1275000000;-17.8750000000;8.0000000000;-44.7500000000
4.0964000000;-0.3724000000;8.2712000000;32.5237500000;88.2612500000;5.0837500000;-15.0000000000;9.0625000000;-45.8750000000
4.0376000000;-0.4312000000;7.3402000000;-18.6812500000;81.4625000000;13.1687500000;-12.0000000000;10.1875000000;-45.6875000000
3.3026000000;-2.8028000000;9.2512000000;-17.2725000000;99.5312500000;12.4337500000;-8.6875000000;9.3750000000;-46.7500000000
2.8028000000;-0.3430000000;10.0058000000;48.2650000000;81.8912500000;3.4912500000;-4.1875000000;10.1875000000;-47.1875000000
2.7440000000;-0.6958000000;8.5260000000;-25.4800000000;77.6650000000;12.1275000000;-4.1875000000;10.1875000000;-47.1875000000
1.7836000000;-2.4892000000;10.6330000000;-7.9625000000;91.3237500000;8.2687500000;-0.8750000000;8.3750000000;-48.7500000000
1.6366000000;-1.0976000000;10.7898000000;52.4300000000;65.0475000000;1.1637500000;3.0625000000;9.3750000000;-48.3750000000
1.3524000000;-0.9800000000;11.8678000000;18.3137500000;66.3950000000;-1.6537500000;5.0000000000;8.0000000000;-46.7500000000
1.4504000000;-1.3328000000;11.4072000000;-29.7675000000;38.6487500000;3.6137500000;8.3750000000;6.0625000000;-46.7500000000
1.1172000000;-1.1172000000;11.0054000000;-0.1225000000;29.7062500000;3.6750000000;8.3750000000;6.0625000000;-46.7500000000
0.6174000000;-0.8526000000;11.1230000000;0.0612500000;17.1500000000;5.5737500000;10.5625000000;6.0625000000;-46.7500000000
0.8526000000;-1.2936000000;10.1038000000;-12.1275000000;6.0025000000;3.3075000000;11.2500000000;7.2500000000;-48.0000000000
0.9212000000;-0.9702000000;9.4668000000;-0.1225000000;3.9200000000;2.6337500000;11.6875000000;6.5000000000;-46.2500000000
0.7350000000;-1.4308000000;9.4570000000;0.3675000000;4.5325000000;4.7162500000;12.5000000000;7.2500000000;-46.6875000000
0.6762000000;-1.3426000000;10.0940000000;4.4712500000;5.5125000000;1.3475000000;12.5000000000;7.2500000000;-46.6875000000
0.9506000000;-1.1760000000;9.5942000000;-3.5525000000;-1.1025000000;0.7350000000;12.5000000000;7.2500000000;-46.2500000000
0.8624000000;-1.3426000000;9.2708000000;-0.3062500000;1.1025000000;0.8575000000;12.5000000000;7.2500000000;-47.5000000000
0.6762000000;-1.1466000000;10.0940000000;1.8987500000;-2.7562500000;-0.4900000000;12.7500000000;6.5000000000;-47.0625000000
1.0094000000;-0.9604000000;9.0748000000;-4.4100000000;-3.0012500000;0.3675000000;12.5000000000;7.2500000000;-47.0625000000
0.6958000000;-1.1564000000;9.5158000000;-0.1837500000;1.5925000000;1.4087500000;12.5000000000;7.2500000000;-47.0625000000
0.8036000000;-1.3034000000;9.1826000000;-3.7975000000;0.4900000000;1.2862500000;12.5000000000;7.2500000000;-47.0625000000
0.7840000000;-1.2838000000;9.7510000000;0.3675000000;4.6550000000;-0.9800000000;12.0625000000;6.8750000000;-46.6875000000
0.8820000000;-0.8918000000;9.7706000000;5.2062500000;-1.0412500000;-0.0612500000;12.0625000000;7.2500000000;-45.8750000000
0.7546000000;-1.1956000000;9.6530000000;-4.7775000000;-0.2450000000;0.5512500000;12.5000000000;7.5625000000;-46.6875000000
0.7644000000;-1.0290000000;9.3688000000;3.9812500000;-1.2862500000;0.6737500000;12.5000000000;7.5625000000;-46.6875000000
0.7448000000;-1.3230000000;9.3982000000;-3.0625000000;1.8987500000;1.4700000000;11.6875000000;6.8750000000;-47.5000000000
0.8036000000;-1.3426000000;9.4864000000;-0.0612500000;0.9800000000;0.1837500000;12.0625000000;7.2500000000;-46.6875000000
0.8820000000;-1.3622000000;9.2904000000;-3.6750000000;0.8575000000;-1.3475000000;12.0625000000;6.8750000000;-47.5000000000
0.7154000000;-1.2250000000;9.9862000000;0.0000000000;3.2462500000;-2.7562500000;13.1875000000;7.2500000000;-47.5000000000
0.8232000000;-0.9898000000;9.5746000000;-0.1837500000;-3.7362500000;-1.1025000000;13.1875000000;7.2500000000;-47.5000000000
0.8918000000;-0.9996000000;8.9474000000;-1.4700000000;-2.3275000000;-0.1837500000;12.7500000000;7.2500000000;-46.6875000000
0.6272000000;-1.1760000000;9.4374000000;-0.9187500000;4.0425000000;0.0612500000;12.0625000000;7.2500000000;-45.5000000000
0.8134000000;-1.1564000000;9.2120000000;-1.5925000000;2.2050000000;1.4700000000;11.2500000000;6.8750000000;-46.2500000000
0.6860000000;-1.4798000000;9.7510000000;-2.2662500000;6.6150000000;1.5925000000;12.7500000000;7.5625000000;-46.2500000000
0.6762000000;-1.3132000000;9.8000000000;1.0412500000;2.4500000000;-0.0612500000;12.7500000000;7.5625000000;-46.2500000000
0.7448000000;-1.1760000000;9.4766000000;-0.2450000000;0.6125000000;-0.0612500000;12.7500000000;7.2500000000;-46.2500000000
0.6860000000;-1.2250000000;9.3982000000;-0.1225000000;3.1237500000;0.6125000000;12.7500000000;7.2500000000;-46.6875000000
0.6468000000;-1.2152000000;9.3786000000;0.3675000000;0.4287500000;0.5512500000;13.1875000000;7.5625000000;-47.0625000000
0.5096000000;-1.3230000000;10.0156000000;-0.3062500000;4.1037500000;0.1225000000;13.1875000000;7.2500000000;-47.0625000000
0.7350000000;-1.1564000000;10.2900000000;3.4300000000;-4.2262500000;0.3062500000;13.1875000000;7.2500000000;-47.0625000000
0.6076000000;-1.7542000000;10.7996000000;0.0612500000;-8.1462500000;0.5512500000;12.7500000000;7.5625000000;-47.0625000000
0.5096000000;-1.6464000000;11.6032000000;14.0875000000;-22.4787500000;-2.8787500000;13.1875000000;6.5000000000;-46.2500000000
0.5978000000;-1.5386000000;12.4460000000;-8.3912500000;-33.5037500000;-6.0025000000;12.5000000000;6.8750000000;-46.2500000000
1.1270000000;-1.7150000000;12.0050000000;-12.9850000000;-51.9400000000;-8.8200000000;11.2500000000;7.5625000000;-46.6875000000
1.2838000000;-1.1760000000;11.8384000000;17.7012500000;-71.4175000000;-8.0237500000;11.2500000000;7.5625000000;-46.6875000000
1.3426000000;-1.7542000000;12.7596000000;12.5562500000;-89.0575000000;-7.1662500000;9.8750000000;7.2500000000;-47.8750000000
2.1070000000;-1.2446000000;9.8980000000;-6.3087500000;-114.2312500000;-12.6175000000;6.1875000000;7.5625000000;-47.0625000000
2.2148000000;-1.5582000000;9.3100000000;-6.1862500000;-113.0675000000;-13.4137500000;1.6875000000;6.8750000000;-48.2500000000
2.6558000000;-0.7350000000;7.9968000000;12.8012500000;-117.5387500000;-17.3337500000;1.6875000000;6.8750000000;-48.2500000000
3.7142000000;-0.4018000000;6.3602000000;-9.1262500000;-107.1875000000;-13.2300000000;-2.2500000000;8.0000000000;-47.8750000000
4.7432000000;-0.2352000000;5.3214000000;-14.3325000000;-92.6100000000;-10.7187500000;-8.6875000000;8.0000000000;-47.0625000000
5.3018000000;-0.3234000000;5.3410000000;6.3700000000;-78.5837500000;-11.0250000000;-12.0000000000;8.7500000000;-45.8750000000
5.8800000000;-0.3332000000;5.8996000000;14.0262500000;-63.6387500000;-8.3912500000;-16.5000000000;8.0000000000;-45.8750000000
6.5170000000;-0.2352000000;5.0470000000;11.9437500000;-55.6150000000;-5.5125000000;-16.5000000000;8.0000000000;-45.8750000000
6.6836000000;-0.3528000000;4.9392000000;1.6537500000;-38.4650000000;-3.8587500000;-18.6875000000;7.2500000000;-44.8750000000
6.6052000000;-0.1078000000;5.4194000000;15.4350000000;-22.1112500000;-0.8575000000;-20.7500000000;7.2500000000;-44.5000000000
6.9286000000;-0.2744000000;4.7726000000;-2.7562500000;-10.4125000000;1.2250000000;-21.8750000000;7.2500000000;-42.8750000000
6.8306000000;-0.6272000000;6.2230000000;4.1650000000;5.8187500000;-0.3675000000;-22.1875000000;6.5000000000;-42.0625000000
6.9286000000;-0.3332000000;6.6346000000;5.8187500000;1.2250000000;1.1025000000;-22.1875000000;6.5000000000;-42.0625000000
6.8796000000;-0.4606000000;7.2912000000;2.6950000000;5.1450000000;-1.8375000000;-23.0625000000;6.0625000000;-43.5625000000
6.9776000000;-0.0490000000;6.6248000000;-6.5537500000;-1.5312500000;0.9187500000;-22.1875000000;6.0625000000;-43.6875000000
6.7816000000;-0.4116000000;6.8502000000;-3.1237500000;2.5725000000;1.2250000000;-22.1875000000;6.8750000000;-43.5625000000
6.8502000000;-0.3528000000;6.9874000000;6.4925000000;1.2250000000;1.8375000000;-22.1875000000;6.5000000000;-44.7500000000
6.8992000000;-0.4998000000;6.5954000000;-4.8387500000;-2.5725000000;2.1437500000;-22.1875000000;6.5000000000;-44.7500000000
6.8600000000;-0.3920000000;6.5660000000;-3.5525000000;2.6950000000;-0.6125000000;-22.1875000000;6.5000000000;-44.2500000000
6.8502000000;-0.2646000000;6.7522000000;-0.4287500000;2.5725000000;0.0000000000;-21.8750000000;6.5000000000;-42.7500000000
6.9482000000;-0.4214000000;6.8600000000;-5.7575000000;-1.4700000000;1.7762500000;-22.1875000000;6.5000000000;-43.5625000000
6.8796000000;-0.4802000000;6.6150000000;-2.0825000000;1.5312500000;-0.0612500000;-21.5625000000;7.2500000000;-44.7500000000
6.8404000000;-0.4214000000;6.8698000000;-1.4087500000;2.9400000000;-0.5512500000;-21.5625000000;7.2500000000;-44.7500000000
6.8600000000;-0.4018000000;7.0070000000;0.1837500000;0.9187500000;0.3675000000;-21.5625000000;6.5000000000;-44.2500000000
6.8306000000;-0.4900000000;6.9972000000;1.0412500000;0.4287500000;0.1225000000;-22.1875000000;7.2500000000;-43.5625000000
6.7620000000;-0.5586000000;6.9972000000;2.6950000000;0.0000000000;-0.6125000000;-21.8750000000;7.2500000000;-43.0625000000
6.8502000000;-0.3626000000;6.8110000000;-2.8787500000;-1.6537500000;1.1025000000;-21.1875000000;6.5000000000;-43.0625000000
6.8796000000;-0.6762000000;6.4582000000;0.6737500000;0.2450000000;1.2250000000;-21.1875000000;6.5000000000;-43.0625000000
6.7228000000;-0.3332000000;6.9384000000;2.4500000000;2.9400000000;-0.0612500000;-21.8750000000;6.8750000000;-43.5625000000
6.9384000000;-0.5194000000;6.4680000000;-5.6962500000;1.0412500000;1.5312500000;-21.8750000000;6.0625000000;-43.8750000000
6.7130000000;-0.7154000000;6.8894000000;4.3487500000;7.3500000000;0.4900000000;-21.8750000000;6.5000000000;-43.8750000000
6.6542000000;-0.4410000000;7.7028000000;1.0412500000;3.0012500000;0.0000000000;-21.1875000000;6.5000000000;-43.5625000000
6.8992000000;-0.8232000000;7.0364000000;-6.6150000000;0.6737500000;0.2450000000;-21.1875000000;6.5000000000;-43.5625000000
6.7424000000;-0.2156000000;6.9286000000;6.3700000000;-1.0412500000;-0.0612500000;-21.5625000000;6.8750000000;-44.7500000000
6.7522000000;-0.6762000000;7.0070000000;-4.5937500000;2.5725000000;1.2862500000;-21.8750000000;7.2500000000;-43.1875000000
6.7228000000;-0.5488000000;7.0168000000;4.9612500000;-0.4900000000;-0.4287500000;-21.5625000000;6.0625000000;-43.8750000000
6.8012000000;-0.3430000000;6.5170000000;-1.6537500000;-1.1637500000;0.6125000000;-21.8750000000;6.8750000000;-43.0625000000
6.6738000000;-0.5880000000;6.8208000000;-0.7350000000;3.2462500000;0.2450000000;-21.8750000000;6.8750000000;-43.0625000000
6.7522000000;-0.4116000000;7.3108000000;5.5737500000;0.3675000000;-0.1225000000;-21.8750000000;6.8750000000;-43.5625000000
6.7522000000;-0.6468000000;7.0756000000;-4.3487500000;-0.6125000000;0.0000000000;-20.7500000000;6.8750000000;-44.2500000000
6.7522000000;-0.5390000000;6.8404000000;2.0825000000;-1.0412500000;-1.0412500000;-21.1875000000;7.5625000000;-43.5625000000
6.8012000000;-0.5096000000;6.7326000000;-4.4712500000;-1.1025000000;-0.0612500000;-21.5625000000;6.8750000000;-43.5625000000
6.7718000000;-0.4998000000;6.9678000000;0.9187500000;-0.6737500000;-0.8575000000;-21.5625000000;6.8750000000;-43.5625000000
6.7816000000;-0.2842000000;6.7816000000;-1.7762500000;-2.3275000000;-0.7962500000;-21.1875000000;6.5000000000;-44.3750000000
6.8306000000;-0.5782000000;6.5856000000;-0.3675000000;1.1025000000;-0.1837500000;-21.5625000000;6.8750000000;-42.7500000000
6.7130000000;-0.3136000000;7.1050000000;1.7150000000;1.4700000000;-1.2250000000;-21.1875000000;6.8750000000;-43.8750000000
6.8306000000;-0.4410000000;6.8306000000;-4.9000000000;-5.3287500000;0.5512500000;-21.1875000000;7.5625000000;-43.5625000000
6.7522000000;-0.4312000000;6.8110000000;5.3287500000;-0.1837500000;-2.4500000000;-21.1875000000;7.5625000000;-43.5625000000
6.8404000000;-0.2842000000;6.5660000000;-3.1237500000;-0.7962500000;0.0000000000;-21.5625000000;6.8750000000;-43.8750000000
6.7522000000;-0.6860000000;6.7228000000;0.2450000000;3.6137500000;0.9187500000;-21.5625000000;6.5000000000;-42.3750000000
6.7130000000;-0.5194000000;7.4186000000;0.9187500000;-0.1837500000;-0.5512500000;-21.1875000000;6.8750000000;-43.1875000000
6.8502000000;-0.3920000000;6.6640000000;-2.6337500000;-3.3687500000;0.1225000000;-20.7500000000;7.5625000000;-42.7500000000
6.7228000000;-0.5390000000;6.7130000000;3.0625000000;4.2875000000;0.7962500000;-20.7500000000;7.5625000000;-42.7500000000
6.6836000000;-0.5586000000;7.2520000000;-1.2250000000;-0.3062500000;1.5312500000;-21.8750000000;7.2500000000;-43.0625000000
6.8796000000;-0.6664000000;6.8208000000;-1.7150000000;1.1637500000;-0.3675000000;-20.3750000000;6.5000000000;-44.2500000000
6.7228000000;-0.5292000000;7.0560000000;4.7162500000;2.3275000000;-1.5312500000;-21.8750000000;6.8750000000;-42.7500000000
6.6738000000;-0.4312000000;7.0756000000;-1.1025000000;0.1225000000;-0.7350000000;-21.5625000000;7.2500000000;-43.1875000000
6.7522000000;-0.6370000000;6.8894000000;2.2050000000;0.2450000000;-1.4087500000;-21.5625000000;7.2500000000;-43.1875000000
6.7130000000;-0.2548000000;6.8110000000;0.1837500000;0.1837500000;-0.5512500000;-21.5625000000;6.5000000000;-43.5625000000
6.6836000000;-0.5782000000;7.1540000000;-2.0825000000;0.3675000000;0.4287500000;-21.5625000000;6.8750000000;-43.0625000000
6.7424000000;-0.4410000000;7.1344000000;2.5112500000;-0.6737500000;-0.6737500000;-20.3750000000;6.5000000000;-43.5625000000
6.6738000000;-0.5880000000;7.0266000000;-3.1237500000;-1.8987500000;0.8575000000;-20.3750000000;6.5000000000;-43.5625000000
6.7718000000;-0.4116000000;6.7914000000;1.5312500000;-1.2250000000;-0.3062500000;-20.7500000000;7.2500000000;-44.3750000000
6.7914000000;-0.5292000000;6.7130000000;1.6537500000;0.7962500000;1.4087500000;-21.5625000000;6.0625000000;-43.8750000000
6.6836000000;-0.5880000000;6.9580000000;-2.0825000000;2.5725000000;0.2450000000;-21.5625000000;6.5000000000;-43.5625000000
6.7326000000;-0.5390000000;6.9972000000;0.2450000000;0.2450000000;-0.9800000000;-20.7500000000;6.0625000000;-43.5625000000
6.8208000000;-0.2254000000;6.8894000000;0.4287500000;-0.2450000000;-0.9800000000;-20.7500000000;6.0625000000;-43.5625000000
6.6542000000;-0.3920000000;7.2814000000;0.2450000000;1.5925000000;0.0000000000;-21.8750000000;6.8750000000;-43.8750000000
6.7620000000;-0.4606000000;6.9678000000;1.2250000000;-2.3275000000;1.1025000000;-21.1875000000;6.5000000000;-44.3750000000
6.8404000000;-0.6762000000;6.7718000000;0.3062500000;-0.3062500000;0.7962500000;-20.7500000000;7.2500000000;-43.8750000000
6.7032000000;-0.5292000000;6.9188000000;-0.6125000000;-0.1837500000;0.2450000000;-20.7500000000;6.5000000000;-43.1875000000
6.7130000000;-0.6174000000;6.9090000000;-0.1225000000;-0.5512500000;0.4287500000;-20.7500000000;6.5000000000;-43.1875000000
6.7228000000;-0.4312000000;7.1736000000;-0.4287500000;1.2250000000;-0.9187500000;-21.5625000000;6.8750000000;-43.5625000000
6.7816000000;-0.4410000000;6.8600000000;-0.3062500000;-1.7762500000;0.6737500000;-21.1875000000;6.8750000000;-43.8750000000
6.7620000000;-0.5390000000;6.6444000000;0.6737500000;-0.2450000000;0.1225000000;-21.5625000000;7.2500000000;-43.5625000000
6.6934000000;-0.4410000000;7.0854000000;-1.1025000000;0.3062500000;-0.7350000000;-21.1875000000;7.5625000000;-44.7500000000
6.8600000000;-0.4998000000;6.9482000000;-0.4900000000;-1.4087500000;0.2450000000;-21.1875000000;7.5625000000;-44.7500000000
6.7718000000;-0.4214000000;6.9482000000;1.2250000000;-0.5512500000;-0.0612500000;-21.1875000000;6.5000000000;-44.2500000000
6.7718000000;-0.4214000000;6.8208000000;0.7350000000;-1.6537500000;0.9187500000;-21.8750000000;6.8750000000;-44.3750000000
6.7816000000;-0.6174000000;6.9286000000;1.1025000000;-0.3062500000;0.8575000000;-21.5625000000;7.2500000000;-42.7500000000
6.6934000000;-0.5096000000;6.7816000000;-0.1225000000;0.2450000000;0.3062500000;-21.1875000000;6.8750000000;-43.5625000000
6.6738000000;-0.5390000000;7.1050000000;0.3062500000;2.7562500000;0.1837500000;-21.1875000000;6.8750000000;-43.5625000000
6.7522000000;-0.4116000000;7.2030000000;0.6125000000;1.2250000000;-0.1225000000;-21.1875000000;7.5625000000;-43.5625000000
6.7816000000;-0.4312000000;6.5562000000;-0.4900000000;-1.5312500000;0.6125000000;-21.5625000000;7.5625000000;-44.3750000000
6.7522000000;-0.5978000000;7.0462000000;1.5925000000;1.9600000000;-0.1225000000;-21.8750000000;6.8750000000;-43.5625000000
6.8110000000;-0.5782000000;6.9972000000;-2.3887500000;-0.6125000000;-0.7350000000;-22.1875000000;7.2500000000;-43.8750000000
6.8306000000;-0.4410000000;6.5856000000;-1.2250000000;-2.7562500000;-0.8575000000;-22.1875000000;7.2500000000;-43.8750000000
6.7718000000;-0.2940000000;6.7032000000;0.7350000000;1.1637500000;-1.4700000000;-21.5625000000;6.5000000000;-42.3750000000
6.7424000000;-0.3430000000;6.9874000000;-0.5512500000;1.8987500000;0.4900000000;-20.7500000000;6.8750000000;-43.1875000000
6.7228000000;-0.6958000000;7.3304000000;0.9187500000;0.6737500000;1.4700000000;-22.1875000000;6.5000000000;-43.1875000000
6.7718000000;-0.4312000000;6.9384000000;0.3062500000;-1.2862500000;0.5512500000;-20.7500000000;6.5000000000;-43.5625000000
6.7620000000;-0.6468000000;6.6444000000;-0.4287500000;-0.6125000000;0.9800000000;-20.7500000000;6.5000000000;-43.5625000000
6.7032000000;-0.4802000000;6.9286000000;3.9200000000;1.5312500000;-0.6125000000;-21.1875000000;6.8750000000;-42.7500000000
6.8404000000;-0.5978000000;6.4484000000;-4.4712500000;0.7962500000;0.4287500000;-21.8750000000;7.5625000000;-43.8750000000
6.7424000000;-0.5978000000;6.2328000000;-0.2450000000;5.4512500000;-0.6737500000;-21.5625000000;6.8750000000;-43.5625000000
6.6444000000;-0.9898000000;5.9584000000;-3.1237500000;11.1475000000;-2.5725000000;-21.1875000000;7.2500000000;-42.3750000000
6.5562000000;-0.3724000000;6.0074000000;-8.5750000000;17.8850000000;-6.0637500000;-21.1875000000;7.2500000000;-42.3750000000
6.4778000000;0.3234000000;4.7432000000;-8.4525000000;24.9900000000;-2.1437500000;-20.7500000000;6.8750000000;-43.1875000000
6.0270000000;-0.7252000000;4.5864000000;-18.6812500000;46.8562500000;5.2675000000;-20.7500000000;6.8750000000;-43.8750000000
5.4194000000;-0.4704000000;6.8796000000;14.0875000000;59.7187500000;2.3275000000;-18.1875000000;7.5625000000;-44.3750000000
5.5468000000;-0.0686000000;5.2528000000;-18.6200000000;66.1500000000;6.0025000000;-16.3750000000;7.2500000000;-46.2500000000
4.4492000000;-2.1462000000;10.0842000000;-1.2862500000;85.6887500000;0.1837500000;-16.3750000000;7.2500000000;-46.2500000000
4.7040000000;0.1862000000;9.2806000000;40.3637500000;53.2875000000;-2.3275000000;-13.3750000000;8.3750000000;-46.6875000000
4.7628000000;0.4410000000;5.8016000000;-62.1687500000;65.5987500000;11.8212500000;-11.1875000000;7.2500000000;-47.0625000000
3.3026000000;-2.1756000000;9.2120000000;-36.9950000000;83.7900000000;10.4737500000;-7.5000000000;8.0000000000;-47.0625000000
3.4888000000;-0.6468000000;8.7122000000;2.3275000000;58.7387500000;9.8000000000;-4.8750000000;9.7500000000;-48.3750000000
2.7636000000;-1.6464000000;9.8294000000;-30.8700000000;73.6225000000;9.4937500000;-4.8750000000;9.7500000000;-48.3750000000
2.8714000000;-1.2544000000;9.4962000000;-10.2287500000;56.2275000000;7.4112500000;-2.2500000000;9.6875000000;-48.0000000000
2.4108000000;-1.2054000000;9.0552000000;-33.5650000000;53.1037500000;11.0862500000;0.5625000000;10.7500000000;-48.3750000000
1.8326000000;-2.4794000000;9.2806000000;-21.6825000000;61.6175000000;19.7837500000;3.0625000000;10.7500000000;-46.7500000000
1.3622000000;-1.9894000000;10.8976000000;31.1150000000;55.8600000000;13.2300000000;6.1875000000;12.7500000000;-46.0000000000
1.7150000000;-1.2642000000;10.2606000000;6.7375000000;42.5075000000;8.3912500000;6.1875000000;12.7500000000;-46.0000000000
1.3132000000;-2.2148000000;10.3978000000;1.4700000000;45.2025000000;7.7175000000;8.3750000000;11.2500000000;-48.0000000000
0.7448000000;-1.8816000000;10.7506000000;34.3000000000;30.3800000000;7.1050000000;9.5000000000;11.2500000000;-47.1875000000
0.6762000000;-1.4602000000;10.7310000000;7.7787500000;27.5012500000;5.5125000000;10.8750000000;9.7500000000;-47.1875000000
0.5880000000;-1.9012000000;11.1132000000;-8.2687500000;19.5387500000;2.8787500000;10.8750000000;9.7500000000;-47.1875000000
0.7448000000;-1.5582000000;9.9764000000;2.4500000000;5.4512500000;2.4500000000;11.5625000000;9.3750000000;-46.6875000000
0.5586000000;-1.6856000000;9.8588000000;-10.5962500000;1.4700000000;2.0212500000;12.3750000000;9.3750000000;-46.2500000000
0.6762000000;-1.5582000000;8.9376000000;-9.9225000000;-2.6950000000;1.4087500000;12.6875000000;10.0625000000;-46.6875000000
0.5096000000;-1.6856000000;9.5452000000;2.4500000000;4.2875000000;-0.1225000000;12.6875000000;9.0000000000;-47.0625000000
0.6370000000;-1.5288000000;9.4864000000;-2.5725000000;-0.3675000000;0.6737500000;12.6875000000;9.0000000000;-47.0625000000
0.7840000000;-1.6758000000;9.1434000000;-2.3887500000;0.1837500000;0.3675000000;13.0625000000;10.0625000000;-47.3750000000
0.5292000000;-1.4308000000;9.7510000000;3.4912500000;4.7775000000;-0.6125000000;13.8750000000;10.0625000000;-46.5625000000
0.5586000000;-1.7738000000;9.6432000000;-3.6750000000;-0.5512500000;1.3475000000;13.5000000000;9.6875000000;-45.7500000000
0.6272000000;-1.5484000000;9.5746000000;2.3887500000;-0.7350000000;0.4900000000;13.5000000000;10.5000000000;-46.6875000000
0.6370000000;-1.4994000000;9.2806000000;-1.5312500000;-3.1850000000;2.2050000000;13.5000000000;10.5000000000;-46.6875000000
0.5488000000;-1.9110000000;9.3590000000;-0.1225000000;1.2862500000;0.8575000000;13.8750000000;9.6875000000;-46.2500000000
0.6370000000;-1.4700000000;9.5158000000;2.5112500000;1.0412500000;-0.7350000000;12.6875000000;10.0625000000;-46.6875000000
0.5782000000;-1.8130000000;9.4766000000;-4.7775000000;0.0000000000;0.6125000000;12.6875000000;9.6875000000;-46.1875000000
0.5096000000;-1.6758000000;9.6824000000;3.3075000000;1.5312500000;-0.9187500000;13.5000000000;10.0625000000;-46.1875000000
0.6860000000;-1.6170000000;9.3198000000;-2.0212500000;-2.3275000000;-1.0412500000;13.5000000000;10.0625000000;-46.1875000000
0.5782000000;-1.6562000000;9.3296000000;1.9600000000;2.0825000000;-1.3475000000;13.0625000000;9.2500000000;-47.3750000000
0.5488000000;-1.5092000000;9.7608000000;1.5312500000;0.0000000000;-0.7350000000;13.5000000000;10.5000000000;-47.3750000000
0.6468000000;-1.7640000000;9.8882000000;1.5925000000;-2.4500000000;-0.5512500000;13.5000000000;9.6875000000;-45.7500000000
0.5390000000;-1.4406000000;10.8290000000;14.2100000000;-9.3100000000;-1.7150000000;13.0625000000;10.0625000000;-46.1875000000
0.6762000000;-1.7836000000;10.7996000000;-2.6337500000;-16.9050000000;-1.2250000000;13.0625000000;10.0625000000;-46.1875000000
0.5586000000;-2.0874000000;11.9658000000;23.0300000000;-30.1962500000;-4.9612500000;12.3750000000;9.0000000000;-45.5000000000
0.9310000000;-0.9702000000;11.5150000000;27.8075000000;-51.9400000000;-5.9412500000;12.6875000000;8.6875000000;-47.0000000000
1.1564000000;-1.4700000000;11.4562000000;-11.4537500000;-52.4300000000;-4.5325000000;10.8750000000;8.6875000000;-47.0000000000
1.6072000000;-2.0384000000;10.8682000000;-2.8175000000;-64.1900000000;-7.0437500000;9.0000000000;7.5000000000;-47.3750000000
1.7738000000;-1.9502000000;10.6232000000;6.1862500000;-77.8487500000;-10.2287500000;9.0000000000;7.5000000000;-47.3750000000
2.1658000000;-1.4504000000;9.9470000000;9.7387500000;-84.5862500000;-11.5762500000;6.0625000000;8.2500000000;-49.3750000000
2.3912000000;-1.1172000000;10.7016000000;28.5425000000;-87.5875000000;-13.1687500000;2.3750000000;8.6875000000;-47.3750000000
3.1556000000;-0.5978000000;8.4574000000;3.1237500000;-113.2512500000;-12.4337500000;-0.5625000000;7.8750000000;-47.0000000000
3.6750000000;-0.0882000000;7.6930000000;-10.6575000000;-109.2700000000;-13.7200000000;-4.5625000000;6.7500000000;-47.3750000000
4.2042000000;-0.2254000000;6.2034000000;-24.3775000000;-107.7387500000;-5.8187500000;-4.5625000000;6.7500000000;-47.3750000000
5.0176000000;0.1078000000;5.6252000000;-6.1250000000;-94.5700000000;-6.9825000000;-9.1875000000;8.6875000000;-47.3750000000
5.7918000000;-0.3528000000;3.9102000000;-13.2912500000;-72.3362500000;2.4500000000;-13.5625000000;9.0000000000;-43.7500000000
6.2426000000;-1.1956000000;5.6154000000;29.5225000000;-40.9150000000;-4.2262500000;-17.0000000000;10.0625000000;-45.3750000000
6.7620000000;-0.4018000000;4.7922000000;33.3812500000;-36.2600000000;-1.1025000000;-19.5000000000;9.6875000000;-43.7500000000
6.7326000000;-0.8134000000;4.9196000000;6.1250000000;-16.2925000000;-0.1225000000;-19.5000000000;9.6875000000;-43.7500000000
6.4778000000;-0.9604000000;6.2034000000;12.4950000000;0.6125000000;-2.2662500000;-21.0000000000;7.8750000000;-43.5000000000
6.8796000000;-0.5978000000;5.6644000000;2.5725000000;-2.5725000000;1.2862500000;-21.7500000000;7.5000000000;-43.0625000000
6.7424000000;-0.9506000000;7.0168000000;-2.1437500000;7.6562500000;-0.0612500000;-21.7500000000;7.1875000000;-42.6875000000
6.8208000000;-0.3038000000;7.0658000000;6.4312500000;-1.5312500000;-1.4087500000;-21.3750000000;7.7500000000;-42.6875000000
6.7718000000;-0.7742000000;6.6346000000;-11.3925000000;4.1650000000;0.7962500000;-21.3750000000;7.7500000000;-42.6875000000
6.4778000000;-0.8428000000;7.8302000000;8.3912500000;6.0637500000;-2.2662500000;-21.7500000000;6.6875000000;-43.0625000000
6.7718000000;-0.2254000000;7.0952000000;-10.3512500000;-5.0837500000;0.8575000000;-21.7500000000;7.7500000000;-43.0625000000
6.8698000000;-0.6860000000;6.2426000000;-12.5562500000;3.1850000000;1.8375000000;-21.3750000000;7.7500000000;-43.5000000000
6.5072000000;-0.6664000000;7.1932000000;10.5962500000;6.9825000000;0.3062500000;-21.0000000000;7.7500000000;-42.6875000000
6.6640000000;-0.5194000000;7.2324000000;-3.0625000000;4.2262500000;0.7350000000;-21.0000000000;7.7500000000;-42.6875000000
6.6836000000;-0.8820000000;7.5166000000;3.0012500000;0.9800000000;-0.0612500000;-20.5625000000;7.7500000000;-43.7500000000
6.5660000000;-0.7448000000;7.4480000000;2.0825000000;-1.5312500000;0.4900000000;-20.5625000000;7.7500000000;-43.0625000000
6.6444000000;-0.7056000000;7.1736000000;1.2250000000;-3.2462500000;0.3062500000;-20.2500000000;7.3750000000;-43.5000000000
6.7326000000;-0.8918000000;6.9776000000;1.4700000000;-2.4500000000;-0.6125000000;-20.5625000000;7.7500000000;-43.5000000000
6.6248000000;-0.4704000000;6.9482000000;-2.8175000000;-4.5325000000;-0.0612500000;-20.5625000000;7.7500000000;-43.5000000000
6.7032000000;-0.8820000000;6.7032000000;-4.8387500000;-2.3275000000;-1.2862500000;-20.5625000000;7.3750000000;-43.7500000000
6.7228000000;-0.7154000000;6.7032000000;7.4112500000;2.5725000000;-2.2050000000;-22.0625000000;7.0625000000;-43.7500000000
6.7032000000;-0.3136000000;6.7718000000;-3.6137500000;0.2450000000;0.5512500000;-21.0000000000;7.3750000000;-43.7500000000
6.7424000000;-1.0878000000;7.1834000000;-2.0825000000;3.3687500000;0.4900000000;-21.0000000000;7.3750000000;-43.7500000000
6.6934000000;-0.4018000000;7.3892000000;7.3500000000;-2.2662500000;-1.1637500000;-22.0625000000;7.7500000000;-43.5000000000
6.8306000000;-0.6174000000;6.5954000000;-5.8187500000;-3.2462500000;2.4500000000;-21.0000000000;6.6875000000;-43.5000000000
6.6248000000;-0.8232000000;6.9776000000;5.2675000000;2.3887500000;0.1225000000;-21.3750000000;7.3750000000;-43.5000000000
6.7522000000;-0.5390000000;7.0854000000;-0.1837500000;-1.7762500000;-0.4287500000;-22.0625000000;7.3750000000;-43.5000000000
6.8012000000;-0.8820000000;6.6640000000;-5.2062500000;-0.1225000000;0.0612500000;-22.0625000000;7.3750000000;-43.5000000000
6.6052000000;-0.4116000000;7.2716000000;5.6350000000;0.3062500000;-1.4700000000;-21.3750000000;7.3750000000;-44.2500000000
6.7816000000;-0.7546000000;7.0364000000;-5.8187500000;-1.5925000000;0.2450000000;-20.5625000000;7.3750000000;-43.5000000000
6.7424000000;-0.6272000000;6.7718000000;3.7975000000;-0.3062500000;-1.0412500000;-21.7500000000;7.7500000000;-44.6875000000
6.6738000000;-0.4508000000;6.8698000000;-2.3275000000;-0.9800000000;1.2862500000;-21.0000000000;7.3750000000;-42.6875000000
6.8110000000;-0.9702000000;6.7718000000;-0.6737500000;0.7350000000;0.6125000000;-21.0000000000;7.3750000000;-42.6875000000
6.6738000000;-0.6566000000;7.4284000000;5.2675000000;1.2250000000;-1.0412500000;-21.7500000000;7.0625000000;-42.6875000000
6.8012000000;-0.8036000000;6.8894000000;-7.0437500000;-2.6337500000;0.2450000000;-21.0000000000;6.6875000000;-44.2500000000
6.7424000000;-0.7350000000;6.9090000000;3.8587500000;-1.3475000000;-1.4087500000;-21.7500000000;7.1875000000;-41.8750000000
6.8208000000;-0.4214000000;6.5954000000;-1.4700000000;-3.3075000000;-0.5512500000;-21.7500000000;7.7500000000;-43.5000000000
6.7424000000;-0.7840000000;6.8992000000;-1.5312500000;-0.1837500000;-0.6125000000;-21.7500000000;7.7500000000;-43.5000000000
6.6738000000;-0.3234000000;6.8992000000;2.2662500000;-1.6537500000;-1.0412500000;-21.7500000000;7.7500000000;-43.7500000000
6.8404000000;-0.7840000000;6.5856000000;-4.6550000000;0.4287500000;0.7962500000;-22.0625000000;7.3750000000;-43.5000000000
6.7130000000;-0.8428000000;7.0952000000;5.0225000000;4.0425000000;-0.3675000000;-21.0000000000;7.3750000000;-42.2500000000
6.8404000000;-0.5684000000;7.0070000000;-3.9812500000;-1.8375000000;0.6737500000;-21.3750000000;7.0625000000;-42.6875000000
6.8012000000;-0.8330000000;6.8404000000;0.1225000000;-0.0612500000;-0.3062500000;-21.3750000000;7.0625000000;-42.6875000000
6.7816000000;-0.5684000000;6.9090000000;3.3075000000;1.7150000000;-0.1225000000;-21.3750000000;7.0625000000;-43.5000000000
6.7620000000;-0.9016000000;7.1638000000;-4.0425000000;0.3675000000;0.9187500000;-21.0000000000;7.3750000000;-42.2500000000
6.7914000000;-0.7056000000;6.7718000000;3.4912500000;-0.8575000000;-0.9187500000;-22.0625000000;7.7500000000;-43.0625000000
6.7228000000;-0.5488000000;6.7914000000;-0.9800000000;0.1225000000;0.4287500000;-22.0625000000;7.7500000000;-43.0625000000
6.7718000000;-0.8036000000;7.2226000000;0.7962500000;0.4287500000;0.1837500000;-22.0625000000;7.7500000000;-43.0625000000
6.8992000000;-0.4704000000;6.6444000000;1.3475000000;-3.2462500000;-0.7350000000;-21.7500000000;7.7500000000;-44.2500000000
6.7228000000;-0.7154000000;6.7326000000;-2.2050000000;0.9800000000;-0.9187500000;-21.0000000000;7.3750000000;-43.7500000000
6.6738000000;-0.5488000000;7.2226000000;2.0825000000;1.6537500000;-0.9187500000;-21.7500000000;7.3750000000;-44.2500000000
6.8796000000;-0.6076000000;6.8698000000;-2.3887500000;-3.1850000000;0.2450000000;-21.7500000000;8.2500000000;-43.5000000000
6.7816000000;-0.7154000000;6.6444000000;-0.9187500000;0.6125000000;-0.2450000000;-21.7500000000;8.2500000000;-43.5000000000
6.7228000000;-0.4900000000;6.9090000000;0.8575000000;1.0412500000;-0.1225000000;-21.7500000000;8.1875000000;-44.2500000000
6.7914000000;-0.7840000000;6.9776000000;-1.5925000000;0.0000000000;1.1025000000;-21.7500000000;7.3750000000;-43.0625000000
6.7522000000;-0.7350000000;6.8698000000;2.5725000000;0.5512500000;-0.5512500000;-21.3750000000;7.7500000000;-43.0625000000
6.8012000000;-0.6468000000;6.8306000000;-0.6125000000;-0.5512500000;0.3062500000;-21.0000000000;7.3750000000;-43.0625000000
6.7522000000;-0.8918000000;6.9678000000;-2.8787500000;0.6737500000;0.1225000000;-21.0000000000;7.3750000000;-43.0625000000
6.7228000000;-0.5488000000;7.0168000000;4.1650000000;0.9187500000;-0.5512500000;-22.0625000000;7.7500000000;-43.5000000000
6.7620000000;-0.7154000000;6.8502000000;-5.0837500000;-0.3062500000;0.6125000000;-21.0000000000;7.7500000000;-44.6875000000
6.7424000000;-0.6370000000;6.6738000000;1.7150000000;1.1637500000;-0.7350000000;-21.7500000000;7.3750000000;-43.5000000000
6.6836000000;-0.4606000000;7.1344000000;2.0825000000;1.4087500000;-0.3675000000;-21.0000000000;7.3750000000;-43.0625000000
6.7816000000;-0.7252000000;7.0756000000;-2.0825000000;1.1025000000;1.1637500000;-21.0000000000;7.3750000000;-43.0625000000
6.7718000000;-0.8330000000;6.9678000000;2.5112500000;-0.2450000000;0.4900000000;-21.3750000000;7.0625000000;-42.6875000000
6.8110000000;-0.7448000000;6.7424000000;-1.2862500000;-1.4087500000;0.0000000000;-21.7500000000;7.3750000000;-42.6875000000
6.7620000000;-0.7350000000;6.9384000000;2.2662500000;0.1225000000;-1.0412500000;-21.3750000000;7.5000000000;-43.5000000000
6.6934000000;-0.4998000000;7.1442000000;-1.8987500000;-1.8987500000;-0.9187500000;-21.7500000000;7.5000000000;-43.5000000000
6.8502000000;-0.7056000000;6.6444000000;-1.0412500000;-1.6537500000;-0.2450000000;-21.7500000000;7.5000000000;-43.5000000000
6.7522000000;-0.6076000000;6.7620000000;1.8375000000;1.9600000000;-1.0412500000;-21.0000000000;7.1875000000;-43.5000000000
6.7326000000;-0.6370000000;7.0756000000;-1.7150000000;-0.1837500000;0.6737500000;-21.0000000000;8.2500000000;-43.0625000000
6.8012000000;-0.6762000000;7.0266000000;1.5312500000;0.0000000000;-0.1837500000;-22.3750000000;8.2500000000;-43.7500000000
6.7522000000;-0.4998000000;6.7816000000;1.1025000000;-1.0412500000;0.0612500000;-21.7500000000;7.5000000000;-43.7500000000
6.7522000000;-0.6566000000;6.9188000000;1.6537500000;0.6125000000;-0.6125000000;-21.7500000000;7.5000000000;-43.7500000000
6.8110000000;-0.5390000000;7.0168000000;-0.6737500000;-0.4900000000;0.0000000000;-21.3750000000;8.2500000000;-43.0625000000
6.8208000000;-0.7154000000;6.9188000000;-0.1837500000;-1.7150000000;0.7962500000;-21.3750000000;7.7500000000;-43.5000000000
6.7718000000;-0.6566000000;6.6150000000;0.9800000000;-1.4087500000;-0.5512500000;-21.7500000000;7.3750000000;-43.0625000000
6.7228000000;-0.4018000000;6.6542000000;0.6737500000;0.9800000000;-0.6125000000;-21.7500000000;8.1875000000;-43.0625000000
6.8306000000;-0.6860000000;6.5170000000;-2.8787500000;2.6337500000;1.4087500000;-21.7500000000;8.1875000000;-43.0625000000
6.7522000000;-0.5488000000;6.4484000000;1.6537500000;4.2262500000;1.6537500000;-21.0000000000;7.3750000000;-43.7500000000
6.7228000000;-0.7546000000;5.9192000000;-1.8987500000;7.1662500000;1.5925000000;-21.7500000000;7.3750000000;-43.7500000000
6.5954000000;-0.6566000000;5.6154000000;-5.3900000000;17.5787500000;1.0412500000;-21.3750000000;7.3750000000;-43.7500000000
6.3602000000;-0.6958000000;5.4488000000;-2.8787500000;21.8050000000;3.3687500000;-21.3750000000;7.3750000000;-43.7500000000
6.1250000000;-0.8134000000;5.0274000000;-4.7162500000;31.2987500000;3.6750000000;-20.5625000000;7.7500000000;-43.5000000000
5.7722000000;-0.2646000000;5.3900000000;-11.0250000000;52.4300000000;1.5312500000;-19.8750000000;7.8750000000;-45.0000000000
5.3214000000;-0.8918000000;6.1152000000;-31.5437500000;64.3125000000;5.3900000000;-17.6875000000;7.7500000000;-43.7500000000
4.8510000000;-1.5582000000;7.5754000000;0.9800000000;78.5837500000;7.1050000000;-15.7500000000;9.2500000000;-45.7500000000
4.3414000000;-0.4018000000;8.3398000000;29.3387500000;77.2362500000;0.9800000000;-15.7500000000;9.2500000000;-45.7500000000
4.1552000000;-1.4700000000;8.5358000000;-2.1437500000;75.6437500000;0.1225000000;-12.8750000000;9.1875000000;-46.1875000000
3.7338000000;-0.7252000000;8.5554000000;53.3487500000;74.6025000000;-3.8587500000;-9.8750000000;8.2500000000;-46.6875000000
3.1850000000;-0.2058000000;9.2022000000;22.2950000000;75.9500000000;-0.0612500000;-6.1875000000;6.7500000000;-47.7500000000
2.8616000000;-0.2352000000;9.2414000000;-40.1800000000;79.8087500000;-1.5925000000;-3.1875000000;4.0625000000;-47.3750000000
2.1658000000;-1.6954000000;9.5158000000;-46.5500000000;73.4387500000;6.4925000000;-3.1875000000;4.0625000000;-47.3750000000
1.7738000000;-0.7252000000;11.4268000000;14.5775000000;75.2762500000;0.2450000000;0.1875000000;5.5625000000;-47.5000000000
2.0776000000;-0.5586000000;9.3982000000;-23.0912500000;52.3075000000;4.4100000000;3.0625000000;7.7500000000;-46.6875000000
1.2740000000;-2.5774000000;11.2210000000;-36.7500000000;61.8012500000;5.8187500000;5.3750000000;7.0625000000;-48.2500000000
1.1760000000;-0.3136000000;11.2406000000;43.8550000000;47.5300000000;-2.2662500000;8.6875000000;8.5625000000;-47.8750000000
1.1270000000;-0.6370000000;9.9666000000;-2.0212500000;33.5037500000;7.0437500000;8.6875000000;8.5625000000;-47.8750000000
0.6566000000;-1.9110000000;11.1132000000;-16.0475000000;41.2825000000;4.4712500000;10.1875000000;7.0625000000;-46.6875000000
0.4998000000;-0.8330000000;10.9858000000;24.6225000000;14.2712500000;1.3475000000;11.5625000000;7.0625000000;-47.5000000000
0.5292000000;-1.3818000000;10.8486000000;2.1437500000;3.7362500000;4.5325000000;13.0000000000;6.2500000000;-46.1875000000
0.4312000000;-1.2054000000;10.0646000000;-0.6737500000;-5.0225000000;0.1837500000;13.0000000000;6.2500000000;-47.0000000000
0.7938000000;-0.8232000000;8.1634000000;-2.4500000000;-7.2887500000;4.0425000000;13.0000000000;6.2500000000;-47.0000000000
0.6468000000;-0.9702000000;9.7510000000;4.5937500000;7.5337500000;1.4087500000;12.2500000000;6.2500000000;-47.3750000000
0.5684000000;-1.0192000000;10.4860000000;5.2675000000;-2.5725000000;1.8987500000;13.0000000000;6.6875000000;-47.0000000000
0.7056000000;-0.9114000000;9.1924000000;-9.7387500000;-5.0837500000;2.7562500000;12.2500000000;6.2500000000;-47.3750000000
0.7546000000;-1.1074000000;9.1434000000;1.3475000000;2.8787500000;1.7762500000;12.5625000000;6.2500000000;-46.1875000000
0.6272000000;-1.1858000000;9.8196000000;5.3900000000;0.8575000000;1.7762500000;12.5625000000;6.2500000000;-46.1875000000
0.6860000000;-1.1270000000;9.6334000000;1.3475000000;-0.6737500000;0.0000000000;12.5625000000;5.8750000000;-47.7500000000
0.5096000000;-0.8722000000;9.2708000000;7.9625000000;1.8375000000;-1.1637500000;13.3750000000;5.8750000000;-47.0000000000
0.7938000000;-1.0486000000;9.3296000000;5.8187500000;5.2062500000;-2.3275000000;13.0000000000;5.8750000000;-46.1875000000
-0.1274000000;-0.7448000000;9.8490000000;13.5975000000;5.3900000000;-1.9600000000;12.5625000000;5.5625000000;-47.0000000000
0.6370000000;-0.5978000000;9.5844000000;19.7225000000;3.6137500000;-3.4912500000;12.5625000000;5.5625000000;-47.0000000000
0.5880000000;-0.2744000000;9.7118000000;21.0087500000;6.4925000000;-0.7350000000;12.5625000000;4.7500000000;-47.3750000000
0.4704000000;-0.3136000000;9.7216000000;-2.3887500000;-3.4912500000;3.1850000000;13.0000000000;4.7500000000;-45.3750000000
0.5488000000;-0.5390000000;9.3492000000;3.6137500000;-2.0212500000;2.3275000000;13.0000000000;3.3750000000;-46.5625000000
0.6664000000;-0.7252000000;9.6432000000;0.0000000000;0.2450000000;0.5512500000;12.5625000000;3.3750000000;-47.0000000000
0.6370000000;-0.6076000000;9.5550000000;4.0425000000;2.6950000000;-2.5112500000;12.5625000000;3.3750000000;-47.0000000000
0.4116000000;-0.2352000000;9.6628000000;2.6950000000;2.6337500000;-2.0825000000;13.3750000000;3.6875000000;-48.5625000000
0.4704000000;-0.2940000000;9.3394000000;-12.2500000000;0.4287500000;2.0212500000;13.0000000000;3.3750000000;-47.7500000000
0.4802000000;-0.9702000000;9.8784000000;-8.3300000000;3.6137500000;1.5312500000;13.0000000000;3.6875000000;-46.1875000000
0.4802000000;-0.6272000000;9.8196000000;4.2875000000;-0.3675000000;-0.9187500000;13.3750000000;4.0625000000;-46.1875000000
0.5488000000;-0.5292000000;9.3590000000;-1.4700000000;-0.1837500000;1.0412500000;13.3750000000;4.0625000000;-46.1875000000
0.4508000000;-0.5488000000;9.6334000000;4.7775000000;1.4087500000;-0.2450000000;13.7500000000;3.6875000000;-46.5625000000
0.4998000000;-0.4606000000;9.4962000000;1.2862500000;0.1225000000;1.5312500000;13.3750000000;4.0625000000;-47.7500000000
0.4802000000;-0.5292000000;9.5746000000;1.9600000000;0.0612500000;0.5512500000;13.3750000000;3.0000000000;-47.3750000000
0.5194000000;-0.5586000000;9.7020000000;1.4700000000;0.6125000000;-0.0612500000;13.0000000000;3.3750000000;-46.1875000000
0.4900000000;-0.7644000000;9.5844000000;3.4300000000;0.4287500000;-0.7350000000;13.0000000000;3.3750000000;-46.1875000000
0.4802000000;-0.4410000000;9.5746000000;7.9012500000;-0.5512500000;-2.1437500000;13.3750000000;3.6875000000;-47.3750000000
0.4606000000;-0.3822000000;9.6138000000;6.5537500000;0.3675000000;-2.2662500000;13.3750000000;3.6875000000;-46.1875000000
0.4508000000;-0.5782000000;9.5648000000;1.9600000000;-0.4900000000;-1.3475000000;13.3750000000;4.0625000000;-46.5625000000
0.4900000000;-0.2646000000;9.5942000000;4.0425000000;-1.2862500000;-1.5312500000;13.3750000000;4.0625000000;-46.5625000000
0.5096000000;-0.2156000000;9.6040000000;-0.2450000000;-0.6125000000;-0.3675000000;13.3750000000;3.0000000000;-47.3750000000
0.4116000000;-0.4312000000;9.6432000000;-2.9400000000;-0.6737500000;0.3675000000;13.3750000000;3.3750000000;-47.3750000000
0.4802000000;-0.4606000000;9.5158000000;0.8575000000;-1.2862500000;0.5512500000;14.0625000000;3.0000000000;-47.0000000000
0.5194000000;-0.4116000000;9.6138000000;0.4287500000;0.9187500000;-0.4287500000;13.0000000000;2.5625000000;-48.1875000000
0.5782000000;-0.3234000000;9.5648000000;-1.8987500000;1.0412500000;0.0612500000;13.0000000000;2.5625000000;-48.1875000000
0.4410000000;-0.5586000000;9.6824000000;-2.0825000000;-0.3062500000;1.4087500000;14.5000000000;3.0000000000;-45.7500000000
0.4802000000;-0.4802000000;9.5942000000;0.3062500000;0.0612500000;-0.8575000000;14.0625000000;2.5625000000;-46.1875000000
0.4606000000;-0.2744000000;9.5550000000;-1.1637500000;0.1225000000;-1.0412500000;14.0625000000;2.5625000000;-47.3750000000
0.4704000000;-0.4116000000;9.6432000000;-2.4500000000;-0.6737500000;0.3675000000;13.3750000000;2.5625000000;-48.1875000000
0.6174000000;-0.4312000000;9.5746000000;-1.7762500000;-0.2450000000;0.0612500000;13.3750000000;2.5625000000;-48.1875000000
0.4998000000;-0.4998000000;9.5648000000;-1.6537500000;0.4287500000;-0.1225000000;13.0000000000;3.3750000000;-47.7500000000
0.4704000000;-0.3234000000;9.6726000000;0.1225000000;0.2450000000;0.2450000000;13.7500000000;3.0000000000;-46.5625000000
0.4508000000;-0.5390000000;9.5648000000;-2.4500000000;0.9187500000;0.7350000000;13.0000000000;3.3750000000;-47.0000000000
0.4900000000;-0.4802000000;9.5942000000;-1.2250000000;-0.3675000000;0.9187500000;13.3750000000;2.5625000000;-47.3750000000
0.4802000000;-0.5880000000;9.6040000000;-1.5312500000;0.4900000000;-0.6737500000;13.3750000000;2.5625000000;-47.3750000000
0.4410000000;-0.3822000000;9.7216000000;1.3475000000;-0.0612500000;-0.9800000000;13.0000000000;3.0000000000;-46.5625000000
0.4606000000;-0.3528000000;9.6628000000;1.8375000000;-0.7962500000;-0.4900000000;13.3750000000;3.6875000000;-46.5625000000
0.5684000000;-0.3430000000;9.4374000000;-0.4900000000;0.0000000000;-0.3062500000;13.7500000000;3.6875000000;-46.5625000000
0.4802000000;-0.4508000000;9.6922000000;-0.8575000000;0.1225000000;-0.7350000000;13.0000000000;3.3750000000;-46.1875000000
0.5292000000;-0.3724000000;9.5648000000;1.7762500000;-0.3062500000;-0.0612500000;13.0000000000;3.3750000000;-46.1875000000
0.4606000000;-0.7056000000;9.5452000000;-1.2862500000;0.2450000000;0.4287500000;13.7500000000;3.3750000000;-47.3750000000
0.4312000000;-0.3528000000;9.6334000000;2.1437500000;0.2450000000;-1.3475000000;14.5000000000;3.3750000000;-47.0000000000
0.4998000000;-0.5096000000;9.6334000000;0.3062500000;-0.6125000000;0.4287500000;13.7500000000;3.6875000000;-47.0000000000
0.4704000000;-0.5292000000;9.6040000000;-0.0612500000;-0.6125000000;0.4287500000;13.3750000000;3.3750000000;-47.7500000000
0.5782000000;-0.4410000000;9.5452000000;0.6737500000;0.1225000000;-1.2250000000;13.3750000000;3.3750000000;-47.7500000000
0.4606000000;-0.2940000000;9.6628000000;0.6737500000;0.8575000000;-0.9187500000;13.3750000000;3.3750000000;-47.7500000000
0.4410000000;-0.3822000000;9.5550000000;-1.2250000000;0.1837500000;-0.0612500000;14.0625000000;3.3750000000;-48.1875000000
0.5488000000;-0.5096000000;9.5648000000;0.0612500000;-0.3675000000;0.2450000000;14.0625000000;3.0000000000;-47.0000000000
0.4900000000;-0.5586000000;9.5648000000;-0.7350000000;0.1225000000;0.0612500000;13.7500000000;3.0000000000;-48.1875000000
0.4606000000;-0.3528000000;9.5746000000;-0.4900000000;0.0612500000;-0.5512500000;13.7500000000;3.0000000000;-48.1875000000
0.5096000000;-0.3528000000;9.5550000000;-1.4700000000;0.3062500000;0.6737500000;13.7500000000;3.0000000000;-47.3750000000
0.4606000000;-0.6566000000;9.5746000000;-1.4700000000;0.0612500000;0.4900000000;13.7500000000;3.3750000000;-47.3750000000
0.5194000000;-0.4018000000;9.5844000000;1.4700000000;-0.4900000000;-0.3675000000;13.0000000000;3.3750000000;-47.3750000000
0.4802000000;-0.4606000000;9.5452000000;-0.0612500000;0.0000000000;-0.1225000000;13.7500000000;3.3750000000;-47.7500000000
0.5194000000;-0.4312000000;9.6236000000;-1.2862500000;0.9187500000;0.6125000000;13.7500000000;3.3750000000;-47.7500000000
0.5096000000;-0.5096000000;9.5354000000;-0.4900000000;0.1225000000;0.6737500000;13.3750000000;3.0000000000;-47.7500000000
0.4214000000;-0.4900000000;9.5942000000;0.4900000000;0.0612500000;-0.3062500000;13.0000000000;3.3750000000;-47.0000000000
0.4802000000;-0.3626000000;9.5746000000;-1.0412500000;0.0612500000;-0.3675000000;13.7500000000;3.6875000000;-47.0000000000
0.5194000000;-0.6076000000;9.5550000000;-2.4500000000;0.0612500000;0.8575000000;13.0000000000;2.5625000000;-47.0000000000
0.4704000000;-0.5684000000;9.6236000000;-0.1225000000;0.0612500000;0.1837500000;13.0000000000;2.5625000000;-47.0000000000
0.5684000000;-0.5586000000;9.4766000000;2.5725000000;-0.5512500000;-0.0612500000;13.7500000000;3.0000000000;-47.0000000000
0.5292000000;-0.2646000000;9.5550000000;0.7962500000;0.3062500000;-0.9800000000;13.3750000000;3.3750000000;-47.3750000000
0.4704000000;-0.3528000000;9.5648000000;-2.8175000000;0.3062500000;1.4700000000;13.7500000000;4.0625000000;-46.1875000000
0.4606000000;-0.7350000000;9.5648000000;-1.1637500000;0.0000000000;1.1637500000;13.7500000000;3.3750000000;-47.7500000000
0.4802000000;-0.5684000000;9.5256000000;2.1437500000;-0.0612500000;-1.0412500000;13.7500000000;3.3750000000;-47.7500000000
