acc_x;acc_y;acc_z;gyr_x;gyr_y;gyr_z;mag_x;mag_y;mag_z
-0.0687547184;-0.1377626485;9.4495146336;-4.1630158652;-0.1269979755;-1.2439885751;-2.0625000000;-9.0000000000;-42.1875000000
-0.2314157081;-0.4020559736;9.8542354485;1.4485101712;0.1230389184;-0.6764952496;-2.0625000000;-9.3750000000;-43.6875000000
-0.0900068931;-0.4062222612;9.7894774891;3.5785575981;1.2590697189;0.5056618774;-1.7500000000;-9.0000000000;-43.7500000000
-0.1573230255;-0.2890726932;9.6974652307;-1.3220728588;-0.2489984547;0.8587586446;-1.7500000000;-9.0000000000;-43.7500000000
-0.1791352099;-0.0595212749;9.4724998118;-0.0635301191;-0.0615576443;-0.7477863457;-2.5000000000;-8.2500000000;-42.8750000000
-0.1786602672;-0.3334606926;9.6675249524;0.0000000000;0.0000000000;0.1243496106;-2.5000000000;-9.3750000000;-44.1875000000
-0.1110467821;-0.2315987616;9.6698984910;1.3350310505;0.2480152458;-0.1233147870;-1.3750000000;-7.8750000000;-43.2500000000
-0.1303474721;-0.1801646415;9.7795326746;4.4524853405;0.6753515549;-1.6667311234;-2.0625000000;-9.0000000000;-43.2500000000
-0.0099102911;-0.5056178144;10.0872780765;-3.6111141629;-0.3808208275;1.3292899798;-2.0625000000;-9.0000000000;-43.2500000000
-0.1509719723;-0.4068954100;9.8008871656;-0.4388250910;-0.3762325263;0.6347238665;-1.7500000000;-8.5625000000;-42.0625000000
-0.0802859083;-0.0898811969;9.7682315914;2.9176407361;-0.7618672867;-0.9458425223;-1.7500000000;-9.0000000000;-44.5000000000
-0.1084193023;-0.2136909407;9.7362158428;-1.6310129518;0.2526067085;-0.2524758491;-2.5000000000;-9.0000000000;-42.8750000000
-0.1309811050;-0.4514918914;9.9421263415;0.3167051718;-0.4457750995;-0.3796792510;-1.7500000000;-8.5625000000;-43.7500000000
-0.0998114985;-0.1510759107;9.7136246930;4.3127266734;-0.6264101012;0.3823029642;-1.7500000000;-8.5625000000;-43.7500000000
-0.1113778217;-0.1479291770;9.6694502644;-0.7564802064;-0.3683207560;0.0000000000;-1.7500000000;-9.0000000000;-42.5000000000
-0.0600710543;-0.3458715727;9.8859038628;1.2471644902;0.1225207410;0.3704643196;-1.7500000000;-8.5625000000;-44.1875000000
-0.1119551486;-0.1388318721;9.5504230953;1.9079061203;0.7639852745;-0.3731334565;-2.8750000000;-9.0000000000;-43.2500000000
-0.1804857767;-0.3065879826;9.9303788244;-3.0057063607;0.0000000000;0.8605236836;-2.8750000000;-9.0000000000;-42.8750000000
-0.2511710179;-0.4071568288;10.0551402694;2.2759653975;0.6908033521;-0.3163667869;-2.8750000000;-9.0000000000;-42.8750000000
-0.1888864347;-0.3182280793;9.6260920129;-0.5561312255;0.6933296828;-0.7594042307;-2.5000000000;-9.3750000000;-44.1875000000
-0.0884559601;-0.3824681226;9.7426922746;1.6892986916;-0.4953508454;1.7666731772;-1.7500000000;-8.5625000000;-42.5000000000
-0.1698338596;-0.0497154127;9.5397337776;0.8666945261;-0.1231286728;-0.2499335086;-3.2500000000;-8.5625000000;-43.7500000000
-0.1386458569;-0.0902864568;9.5864762792;1.3744145059;0.0627175115;-0.7469163821;-2.5000000000;-9.3750000000;-43.7500000000
-0.1831484423;-0.3042220469;9.9384889302;1.4845602266;-1.1660771946;-1.4935866993;-2.5000000000;-9.3750000000;-43.7500000000
-0.0397138424;-0.2583974222;9.7966782044;-1.0654950058;0.0000000000;-0.1256296668;-2.5000000000;-9.0000000000;-43.6875000000
-0.1964737396;-0.2445944880;9.6881446250;-1.3081250352;-0.2499883798;-0.4361211205;-2.0625000000;-9.3750000000;-43.2500000000
-0.1497444479;-0.4680869037;9.6795161305;1.1791455381;0.4288709136;-0.6286308041;-2.5000000000;-9.6875000000;-44.1875000000
-0.2022270662;-0.2542776271;9.8753907610;-0.8606917715;-0.3171584714;0.4406178258;-3.2500000000;-9.3750000000;-43.7500000000
-0.1383606325;-0.2700600897;9.7639631244;-2.1590387831;-0.1256506352;-0.1898858885;-3.2500000000;-9.3750000000;-43.7500000000
-0.1308112364;-0.1984415997;9.6757853742;-0.1850880693;0.1257890897;0.6865121651;-2.8750000000;-8.2500000000;-43.2500000000
-0.0904323829;-0.0596116733;9.7278142957;1.4020777940;-0.0617892144;0.0624981935;-2.5000000000;-9.3750000000;-43.2500000000
-0.1513995692;-0.0198851177;9.6513693280;-0.4941809004;0.5066763156;-0.6367149458;-2.0625000000;-9.3750000000;-43.2500000000
-0.2295985878;-0.3932432251;9.8941041474;-1.3701926085;-0.1236919443;-0.8914813496;-3.2500000000;-9.6875000000;-44.5000000000
-0.1298592088;-0.2489051419;9.8907143796;2.7787507770;-0.4326449053;-0.0615261589;-3.2500000000;-9.6875000000;-44.5000000000
-0.0981707585;-0.3840311929;9.9926479238;-1.9273630446;0.4379330405;-1.4631298183;-2.5000000000;-8.5625000000;-43.6875000000
-0.1376910578;-0.4634504470;9.9504366253;-1.7767458926;-0.0612786780;0.7572661761;-2.0625000000;-8.5625000000;-43.2500000000
-0.1802657533;-0.2303931901;9.8079353070;-2.2284417673;0.0000000000;1.4352925026;-2.0625000000;-9.3750000000;-43.7500000000
-0.0101272097;-0.0696970199;9.7695523243;0.4981754947;-2.0006530421;0.6912410338;-2.0625000000;-9.3750000000;-43.7500000000
-0.1733247161;0.0697134844;9.6335818109;1.5380003975;1.1873848412;-1.3633959975;-2.5000000000;-8.5625000000;-43.2500000000
-0.1505260012;-0.1973549194;9.7942734048;-2.1525160808;-0.7473131550;-0.3791954440;-1.7500000000;-8.5625000000;-42.5000000000
-0.0995703695;-0.3816292668;9.6009646211;-1.4835887213;0.0625795963;-0.8903399562;-2.5000000000;-8.5625000000;-44.5000000000
-0.1281340313;-0.3758823227;9.7213215404;4.1497754019;0.0000000000;-0.7648179073;-2.5000000000;-8.5625000000;-43.0000000000
-0.1796598564;-0.3548515570;9.7297382924;-0.1232740508;-0.1260162304;0.9937743500;-2.5000000000;-8.5625000000;-43.0000000000
-0.1089023537;-0.1197780488;9.8529825677;0.3133738981;-0.9338753433;-0.0621478658;-2.0625000000;-9.6875000000;-43.3750000000
-0.1390850715;-0.3572850274;9.6853103009;-1.3155792213;0.5527143148;-0.4344610289;-3.2500000000;-9.3750000000;-41.6875000000
-0.0798674285;-0.1003596100;9.7704532770;1.0044554656;-0.1235413530;0.6759671561;-2.0625000000;-9.0000000000;-43.6875000000
-0.1388171301;-0.2510077072;9.5477567371;-0.1908268657;0.8146044834;-0.2536776670;-2.5000000000;-9.0000000000;-43.0000000000
-0.1381506642;-0.2129506338;9.7034937417;0.4343033021;-0.5000262678;0.2457796418;-2.5000000000;-9.0000000000;-43.0000000000
-0.0980306960;-0.2883938164;9.7054210238;0.3068918739;-0.8205101016;0.0633369428;-2.5000000000;-9.0000000000;-44.5625000000
-0.1019094365;-0.3401985013;9.7700369218;-0.6205236542;-0.3118326876;0.0000000000;-2.0625000000;-9.0000000000;-43.0000000000
-0.1410349905;-0.2823802027;10.0057293455;0.3757347916;0.3798545275;0.3118551552;-2.5000000000;-9.6875000000;-43.2500000000
-0.0884985356;-0.2850246836;9.9007206962;-0.7548565377;-0.6188953382;0.0632980650;-2.5000000000;-8.5625000000;-43.2500000000
-0.0894422142;-0.2844814007;9.7620069422;1.1860191616;0.5675521151;0.5046498229;-2.5000000000;-8.5625000000;-43.2500000000
-0.1099774694;-0.2808112772;9.8397391151;0.3184911269;-0.0619661207;1.1982188661;-1.7500000000;-9.3750000000;-43.6875000000
-0.0910956530;-0.0597470934;9.7038392810;1.4123241174;-0.0634619236;-0.6334536988;-2.5000000000;-9.6875000000;-43.0000000000
-0.2063755566;-0.2169995355;9.4950794998;0.3155025364;0.6765722251;-1.2550173737;-2.0625000000;-9.6875000000;-42.1875000000
-0.0793274219;-0.1827036794;9.4913688920;2.8967282158;-1.0077590617;0.3708565207;-2.5000000000;-9.3750000000;-42.8750000000
-0.1397691322;-0.1291607486;9.9948434663;1.6218455413;0.8077772094;-0.1252401589;-2.5000000000;-9.3750000000;-42.8750000000
-0.0890454832;-0.3308816992;9.7369079022;-0.1891434400;-0.1849038584;-0.0627998388;-3.2500000000;-9.3750000000;-44.1875000000
-0.0395589168;-0.1975422194;9.4967891097;-0.2487386867;-0.9457009460;1.0472202631;-3.2500000000;-9.6875000000;-43.2500000000
-0.1868321245;-0.1007108831;9.6678525928;1.5260228766;1.6484290277;0.0637405515;-2.0625000000;-9.3750000000;-43.2500000000
-0.0509547865;-0.2282209005;9.8788576522;0.4303376073;-0.5019201734;-0.0624177836;-2.0625000000;-9.6875000000;-42.5000000000
-0.0891182664;-0.1522911478;9.6232012671;3.6859650411;-0.7400192020;0.0000000000;-2.0625000000;-9.6875000000;-42.5000000000
-0.1670382915;-0.0709019275;10.1062814717;15.3676205292;-0.0637251602;-0.6805027554;-1.7500000000;-9.3750000000;-43.7500000000
-0.6523580664;0.9280542070;10.5480394455;19.1363450688;-8.9629692729;-0.5603340202;-2.0625000000;-9.6875000000;-42.5000000000
0.0298506113;0.1833307407;10.7187682186;-6.2948281224;-36.6593482285;-5.6169951696;-2.5000000000;-10.3750000000;-43.6875000000
0.6277683769;-0.0496714959;10.9823416285;0.3778375151;-39.2693854743;-4.7509802535;-3.5625000000;-10.7500000000;-42.8750000000
0.0704984295;0.0997213128;11.1755534834;-1.3692344410;-49.2178461379;-2.8374594888;-3.5625000000;-10.7500000000;-42.8750000000
1.1937609763;-0.3499626352;10.7344995054;-25.6349504023;-97.3894666009;-4.6942691024;-5.0625000000;-10.7500000000;-42.5000000000
2.0372089593;-0.2417220980;10.2921773835;-14.2043358645;-88.7400767335;-4.5706779786;-7.2500000000;-10.0625000000;-42.1875000000
2.3229093722;-0.5123735469;10.2847557849;-25.5965546167;-78.1764024639;-1.5600372723;-10.2500000000;-9.6875000000;-40.5000000000
2.4526550373;-0.5165627658;10.6920112502;-19.3394045215;-71.4371598276;-0.3764486344;-13.3750000000;-9.3750000000;-40.1875000000
2.7436946256;-0.5487199564;10.3238150433;-8.0128016654;-75.1431139918;0.9902534906;-13.3750000000;-9.3750000000;-40.1875000000
3.3498865567;-0.5359928367;10.4122757754;-4.7902570740;-80.4647471740;-0.8839513950;-16.2500000000;-8.2500000000;-39.2500000000
3.5458896637;-0.2667613287;10.2823045842;-18.4793304750;-94.2492145023;0.7624943586;-18.5000000000;-7.8750000000;-37.6875000000
3.7537498649;-0.7821666326;9.4004387849;-23.5556860229;-110.1022042228;-7.7767356488;-20.5000000000;-7.0625000000;-35.7500000000
4.3726637623;-0.5303234934;7.7831768491;0.2508453120;-122.3897249843;-5.7265254925;-24.1875000000;-6.7500000000;-34.1875000000
4.7448490854;-1.0861414873;6.6534708741;-29.6409242731;-128.7037163226;-6.3494639682;-24.1875000000;-6.7500000000;-34.1875000000
5.8788335197;-1.6803842493;6.5364747285;-2.3777323049;-130.2666930475;0.6166373122;-28.2500000000;-6.3750000000;-31.7500000000
6.6179500993;-0.8864057850;5.3732557607;4.5639007929;-131.9162632661;2.8177829954;-31.2500000000;-6.0000000000;-28.2500000000
7.2521406573;-0.8461723949;5.1699701078;-2.2983730036;-124.6923154249;2.9862238248;-34.6875000000;-6.7500000000;-25.5000000000
7.8542031541;-0.7985476726;4.3831046364;1.5370258950;-100.8679093102;7.3000319888;-38.3750000000;-6.3750000000;-20.7500000000
7.6699406942;-0.6827415391;3.7592744551;7.4815487523;-87.7900958855;4.9581879057;-38.3750000000;-6.3750000000;-20.7500000000
8.6374735732;-0.6175305627;3.3010082514;5.2904170064;-66.9322151349;5.2416839634;-39.1875000000;-5.2500000000;-17.6875000000
8.7589814010;-0.8650979699;2.9595160875;9.1218571581;-48.2038599921;10.2004623230;-41.3750000000;-6.0000000000;-16.5000000000
8.6783101985;-0.5681204032;2.3755785863;4.5480873784;-47.7724310745;9.3258330259;-42.0000000000;-7.0625000000;-12.8750000000
8.9629285943;-0.6492171985;2.7523206540;-4.1635370984;-35.6164179080;4.7840172921;-42.0000000000;-7.0625000000;-12.8750000000
9.0144370212;-0.4462876394;2.1375672236;0.6755444712;-30.8909081521;2.1448008354;-41.5625000000;-6.3750000000;-12.5625000000
9.2023445590;-0.2178115457;2.1224998835;-0.2501957619;-30.6191489489;2.2137771051;-42.3750000000;-7.5000000000;-11.5000000000
9.0650753056;-0.6535184666;2.5895183847;-5.8812978288;-16.3017983804;5.3967608336;-43.3750000000;-6.7500000000;-11.0000000000
9.1572430126;-0.3443304662;2.5779263795;4.6594216863;-17.5187155223;3.8729610076;-43.2500000000;-8.2500000000;-10.1875000000
9.3030435615;-0.3647229809;2.2352493468;-1.4216771495;-26.1377866726;3.2479300025;-43.2500000000;-8.2500000000;-10.1875000000
9.9849564763;-0.8725196347;2.4415078078;-8.4193747068;-17.5434329812;-0.4413679012;-43.2500000000;-8.2500000000;-9.5000000000
9.0493708216;-0.7077355009;2.9016299920;13.4282664492;-13.1241956195;7.6993130103;-43.2500000000;-7.5000000000;-9.0625000000
9.3655310736;-0.1107750913;1.3337071774;-2.5378653276;-32.9741853344;-8.5946528873;-43.1875000000;-7.5000000000;-8.2500000000
9.9724604066;-0.8711941228;1.3982168468;-7.9734569825;-14.1870674439;-3.5774737646;-43.5625000000;-7.8750000000;-7.5000000000
9.2478675921;-0.7512686377;1.4706023450;-3.2235851237;-0.0630399065;5.0209628968;-43.5625000000;-7.8750000000;-7.5000000000
9.6370462272;-0.4566634240;1.8927684121;2.0185650731;0.8791716110;3.2786394464;-43.5625000000;-8.2500000000;-7.5000000000
9.8341749750;-0.4037308831;2.0699169030;-2.1616876032;0.9425088928;1.6285153641;-44.0000000000;-8.2500000000;-6.6875000000
9.7366598092;-0.5784783677;2.1193179012;-3.8687064956;0.3120068667;1.6882455115;-43.1875000000;-7.0625000000;-6.2500000000
9.7157776002;-0.4378186126;1.9561357923;3.9480996470;-0.5092168268;-0.3109294009;-43.1875000000;-7.8750000000;-6.2500000000
9.4343361760;-0.4635303224;1.8284610447;-1.9409178109;-4.6083936202;-0.3742523585;-43.1875000000;-7.8750000000;-6.2500000000
9.6795085805;-0.7910609430;1.8621507412;-1.8055479213;-1.2020991347;-0.0623296467;-44.0000000000;-7.0625000000;-7.0625000000
9.6346038100;-0.4242646728;2.0938439622;3.8006283933;5.0810669146;1.9144386612;-43.5625000000;-7.8750000000;-6.2500000000
9.4230555949;-0.5842038355;2.0546600593;-0.6153698094;0.3126445676;-0.1245550084;-44.0000000000;-7.8750000000;-5.8750000000
9.6986189025;-0.5401106697;2.0001005947;-1.1384961754;-0.1899195055;0.3738762248;-43.5625000000;-7.5000000000;-6.6875000000
9.7304915878;-0.3745667210;2.2520552982;1.4263232454;1.0015058471;-0.3146689825;-43.5625000000;-7.5000000000;-6.6875000000
9.5121333907;-0.3637710731;1.9101198571;1.2985004627;-8.2072827537;-4.2594461418;-43.1875000000;-8.2500000000;-7.0625000000
9.5640915910;-0.6181413727;1.6580508812;-1.9308128941;-3.6150366492;-2.9993768062;-44.2500000000;-7.8750000000;-5.5000000000
9.4964451141;-0.4736961556;1.6844387569;6.1489021306;1.8502681260;0.1894913007;-43.5625000000;-7.0625000000;-6.2500000000
9.8520962512;-0.6186220045;2.0894297945;0.7585120837;4.6189037151;0.7412409645;-44.2500000000;-7.5000000000;-7.5000000000
9.6027871280;-0.6452481174;2.4716435791;-0.4356048729;5.7305041335;1.8677735868;-44.2500000000;-7.5000000000;-7.5000000000
9.3839098052;-0.3688529071;2.0011497863;2.2210063566;-3.6871646076;3.1325973268;-44.2500000000;-7.0625000000;-6.0000000000
9.6936951646;-0.5629827883;1.7204505487;-3.2056720216;-4.8102407659;-0.3820272474;-44.2500000000;-9.3750000000;-6.6875000000
9.2788715296;-0.4410482132;1.8775102994;3.6697554203;1.8457735920;0.7501154946;-44.5625000000;-7.8750000000;-6.6875000000
9.5990024134;-0.4848313002;1.9302444730;-1.3771569782;2.4048520291;-0.2471926971;-42.7500000000;-7.5000000000;-6.7500000000
9.5102064213;-0.8200581341;2.4203520514;-2.0261928588;3.9569135965;0.3806718414;-42.7500000000;-7.5000000000;-6.7500000000
9.5284885538;-0.1497723678;1.8140296353;3.6280348347;-3.1471182460;1.5723034513;-43.1875000000;-7.5000000000;-6.7500000000
9.8502999249;-0.9640269426;2.1448738979;-8.6841110631;4.1105667084;-0.8575721985;-44.2500000000;-8.5625000000;-5.5000000000
9.5799540821;-0.4761855430;2.4040183081;2.4333097987;1.0679505472;4.0419378282;-44.0000000000;-7.8750000000;-7.0625000000
9.4859092585;0.1311572865;1.7674024287;5.8993208156;-5.9785810892;1.3052768581;-44.2500000000;-7.5000000000;-6.5625000000
9.6581648241;-0.5206998444;1.9844387877;-10.2411423916;-4.5438397320;-3.4637794921;-44.2500000000;-7.5000000000;-6.5625000000
9.5035787748;-0.3070438840;1.7991319039;6.2648184599;0.1912345167;-0.7483263352;-44.0000000000;-7.8750000000;-6.6875000000
9.5346318238;-0.6525283626;1.9671177440;-7.2583225828;-1.7847322536;-3.6713247137;-44.5625000000;-7.8750000000;-7.0625000000
9.4800105334;-0.7609053334;1.8298404427;1.4013944701;1.5413103575;-1.2896970464;-44.2500000000;-7.8750000000;-6.2500000000
9.8944887664;-0.6107361718;2.0535204298;-1.2742625455;3.9293466634;1.4156229140;-44.0000000000;-7.8750000000;-5.8750000000
9.7148238601;-0.4464967359;2.1528955489;1.4193478706;-3.3114837258;2.1414451058;-44.0000000000;-7.8750000000;-5.8750000000
9.3773009386;-0.2137435047;1.8190022760;-2.5430134265;-3.8435747922;-2.7326497178;-43.5625000000;-7.5000000000;-6.6875000000
9.5012343933;-0.7789593896;1.8968554357;0.2471017133;1.7578192766;1.0534152307;-43.5625000000;-7.8750000000;-7.0625000000
9.5698528424;-0.3139995674;1.9033811197;-1.0780286967;3.2144537436;-0.6184884263;-44.0000000000;-7.5000000000;-7.0625000000
9.8542457260;-0.6042795679;2.0400947969;3.2722893879;-2.2875420056;-1.7032335593;-44.5625000000;-7.8750000000;-6.6875000000
9.5889359661;-0.6473343184;1.8595896217;0.3824517046;4.8651398613;0.7647633953;-44.5625000000;-7.8750000000;-6.6875000000
9.3634399598;-0.4325996976;1.8770298172;3.6327581016;0.2458856966;3.1199455623;-44.2500000000;-7.0625000000;-6.0000000000
9.6790806825;-0.2932325909;1.9028794978;-1.0001643565;-1.6677562595;-0.6924365569;-43.5625000000;-9.3750000000;-6.7500000000
9.6890448404;-0.5411751893;2.0276341697;-0.9903284749;2.0915790373;1.7303593044;-44.0000000000;-7.0625000000;-6.1875000000
9.6965071246;-0.3947609891;1.9825840776;-2.2342177811;-2.1127026109;-0.1856356311;-44.0000000000;-7.5000000000;-5.8750000000
9.5062011792;-0.7307815696;1.9403175665;0.4384534648;-0.2490923376;-1.6041090081;-44.0000000000;-7.5000000000;-5.8750000000
9.6912633292;-0.3109828136;1.8628710822;0.8047180650;1.8751050472;2.3521607792;-43.1875000000;-7.5000000000;-5.7500000000
9.5621364697;-0.2501375198;1.9639781858;-4.9694410633;0.8154035715;0.4446294588;-44.0000000000;-8.2500000000;-6.5625000000
9.7998746888;-0.6151007692;2.0955502778;1.9821859393;0.1245169218;0.9238722757;-42.7500000000;-7.8750000000;-6.2500000000
9.3100551802;-0.2914157839;1.9526633524;3.9895671258;-1.6755017418;-0.3739743285;-44.2500000000;-7.5000000000;-7.5000000000
9.5392153977;-0.6956484894;1.7996159540;-3.3172813817;0.3766751303;-1.0185653168;-44.2500000000;-7.5000000000;-7.5000000000
9.4367514772;-0.3124724208;1.7677480723;6.6078655851;3.2067859810;2.0031374169;-44.0000000000;-8.2500000000;-6.6875000000
9.5726394546;-0.3626818042;1.9722983315;-5.3209456962;1.3686364986;-0.5702261315;-44.0000000000;-8.2500000000;-6.1875000000
9.5393647016;-0.4076665369;2.1519729466;3.5569812920;0.6870179389;-1.4024436849;-43.1875000000;-8.2500000000;-7.0625000000
9.6845525211;-0.5529564875;2.0767935417;-1.9390172726;-0.7638055912;-0.8838831244;-43.1875000000;-8.2500000000;-7.0625000000
9.6919740534;-0.5675736084;1.9158019057;-0.3789465707;-2.0337873039;-0.4294179018;-43.5625000000;-7.8750000000;-6.2500000000
9.5556685079;-0.6257300339;2.0612771589;-2.6373709861;1.8094085057;0.2535062581;-43.5625000000;-8.2500000000;-6.5625000000
9.5638891935;-0.5825429987;2.0347848026;-0.7471868725;0.8712126706;-0.2534505656;-44.0000000000;-8.2500000000;-6.6875000000
9.3982371871;-0.4243464423;1.9931692536;0.9506084104;-1.7819462400;-0.4350469162;-44.2500000000;-7.8750000000;-7.5000000000
9.5846548392;-0.8307887342;2.2540570429;4.2012008648;0.2507547961;0.0628098346;-44.2500000000;-7.8750000000;-7.5000000000
9.7776110464;-0.4578917642;1.7744251761;-2.5277414197;-0.6154422337;-0.2543513866;-43.5625000000;-9.3750000000;-6.6875000000
9.4897522252;-0.4810758869;1.9026685273;2.5154700886;1.2032987161;1.5115548880;-44.0000000000;-7.8750000000;-5.5000000000
9.8163726319;-0.6998693085;1.9160315993;-0.4296430342;-1.8113914086;0.2540886405;-44.0000000000;-8.5625000000;-6.2500000000
9.5013637605;-0.2767639542;2.0289881007;4.3701166083;3.0130104714;3.1046037123;-44.0000000000;-8.2500000000;-5.0625000000
9.6725963189;-0.4306877577;2.0144998199;-2.8788136589;-1.6726943426;-1.2514899051;-44.0000000000;-8.2500000000;-5.0625000000
9.7092790065;-0.6544133777;2.0829161117;-1.0165989733;-1.3611612166;-0.8015431806;-43.5625000000;-7.5000000000;-6.6875000000
9.5007253380;-0.5498575698;1.9262072524;-2.4175939580;-1.0052810129;0.2496753548;-42.7500000000;-7.0625000000;-5.8750000000
9.8397966698;-0.7008846593;1.8840308174;-3.1808170683;-0.6247496533;-0.8267982092;-44.2500000000;-7.8750000000;-5.5000000000
9.5852045388;-0.5788286420;2.0611807425;3.4642032844;0.9444457538;2.1150564785;-43.5625000000;-9.0000000000;-6.2500000000
9.6852612821;-0.3130182844;1.9677296536;-0.5557221913;-0.9300461141;0.8286099526;-43.5625000000;-9.0000000000;-6.2500000000
9.4264660395;-0.5482108101;1.9972937249;-3.2519444197;-1.6769408744;-0.5605729041;-44.0000000000;-7.5000000000;-5.5000000000
9.5106151905;-0.3550794520;1.7722249396;1.7086730858;-1.5336721543;-0.1258441016;-43.1875000000;-9.3750000000;-5.8750000000
9.5727916528;-0.5537112769;1.8285935074;-0.5606103628;1.4584906707;-0.2548199234;-44.0000000000;-7.5000000000;-6.6875000000
9.5790975622;-0.6236011278;2.0301318605;-1.5964555577;0.5002318294;0.8029040740;-44.0000000000;-7.8750000000;-6.6875000000
9.6160812306;-0.4365537487;1.7774373460;1.5735718253;-1.6796947764;-0.1242112358;-44.0000000000;-7.8750000000;-6.6875000000
9.5791524495;-0.5707841926;1.9987155719;-1.2375501800;-0.5735653783;1.1862086374;-44.2500000000;-7.5000000000;-5.5000000000
9.6718107792;-0.4055806111;1.9682020935;-1.3482052431;-1.7073765556;0.9558143937;-43.1875000000;-7.5000000000;-5.5000000000
9.5363357791;-0.6557439657;1.9123895226;-1.9735205108;-2.5296743167;0.3810264832;-43.5625000000;-7.8750000000;-6.0000000000
9.6479752054;-0.6320215215;1.9414364676;-2.8273027588;1.3302909194;0.9499101553;-44.2500000000;-7.5000000000;-5.0625000000
9.6765686825;-0.4381962758;1.9062284292;3.0697930390;-3.0346727888;1.6723893653;-44.2500000000;-7.5000000000;-5.0625000000
9.7931290015;-0.3903220843;1.7683355027;1.0691154998;-0.4448545937;0.1877935776;-44.0000000000;-7.8750000000;-5.5000000000
9.6300492689;-0.0981461801;1.2130815467;-2.1709643254;-0.1900908416;-0.6184794695;-44.2500000000;-8.2500000000;-6.2500000000
9.4446726958;-0.4370825993;1.3913700704;1.4283645254;6.5932274953;1.8808557374;-44.0000000000;-8.2500000000;-6.2500000000
9.5315321351;-0.4286252569;2.0096577308;4.1849718688;14.8039194666;0.0000000000;-44.2500000000;-8.2500000000;-6.2500000000
9.4139727992;-0.4921242552;2.3680285015;2.3761868116;10.0559560316;1.2553405850;-44.2500000000;-8.2500000000;-6.2500000000
9.6971876646;-0.6240641260;2.0742372276;0.4324593699;7.7470085481;0.3685872156;-43.5625000000;-7.5000000000;-6.0000000000
9.3879209959;-0.2762675911;1.5152286658;8.7893079318;12.8010693428;4.0348909873;-44.0000000000;-7.8750000000;-6.5625000000
9.1253952998;-0.3733071409;1.6475697031;1.6139753687;20.2293469106;4.1492118512;-43.5625000000;-7.8750000000;-7.5000000000
9.1470505685;-0.4027804889;1.3459400026;-2.5803036374;26.7418837882;2.8233838428;-43.5625000000;-9.0000000000;-6.2500000000
9.1616817772;-0.3659535287;1.7810145501;7.7503147914;46.3004117628;7.6734112362;-43.5625000000;-9.0000000000;-6.2500000000
8.8770466060;0.1927517647;1.9708485427;1.9616432889;50.2931312618;6.1656316662;-43.5625000000;-7.8750000000;-7.5000000000
9.3143661164;-0.4755974939;3.0028395523;-3.2488116636;59.5516032219;4.3590898276;-42.7500000000;-8.5625000000;-9.8750000000
8.5860780515;0.1186359670;3.2815265152;0.8861302015;68.2337856440;6.1663654186;-42.5000000000;-10.0625000000;-11.5000000000
8.7133368504;-0.2310787653;3.7815853379;-7.8204887033;54.4399054226;3.5067870596;-42.0625000000;-9.0000000000;-13.3750000000
8.4881852750;-0.0600053139;3.6157196821;-8.0679448193;68.7897241387;0.3803486220;-42.0625000000;-9.0000000000;-13.3750000000
7.4965198295;-0.4815099325;4.3078462372;-10.4900652794;77.2234052420;7.0248486733;-39.6875000000;-9.3750000000;-15.5000000000
7.8423342463;-0.4316638734;4.7269603571;-5.0966574594;81.2556356316;4.9346694907;-39.0000000000;-9.0000000000;-19.0000000000
7.5609549063;0.0197171926;4.4280985236;-7.9243954831;85.4512098852;9.9738797849;-38.0000000000;-9.0000000000;-21.0000000000
6.8902011770;-0.4766099341;5.6637404407;-14.8082129142;98.9782767218;12.2244963599;-36.5000000000;-9.6875000000;-23.0000000000
6.0439712457;0.0895868927;5.8148424349;-17.8565187287;97.1095744776;4.6934147374;-36.5000000000;-9.6875000000;-23.0000000000
6.2993983289;-0.6408670184;7.2298627869;-18.4859053883;107.3703132851;8.4550034227;-33.8750000000;-10.0625000000;-26.0625000000
4.7686643820;0.0603780803;7.0264318610;-17.9534894466;95.1747921048;3.2301912121;-31.5625000000;-10.3750000000;-29.0000000000
5.0533409022;-0.9877082050;8.1834082089;-17.7647908046;82.4118728092;-3.4154415166;-28.6875000000;-10.0625000000;-31.7500000000
4.6774575542;-0.2127434388;7.9965893745;-6.3258137595;100.4731566353;-0.9413060936;-26.0625000000;-9.3750000000;-33.3750000000
3.9438893512;-0.7811334116;8.7805427538;-5.1082357909;101.2116956741;-1.6316652408;-26.0625000000;-9.3750000000;-33.3750000000
3.5262865974;-0.8723778421;10.2587077963;-0.9303020412;111.2785863109;-2.1153468355;-22.6875000000;-9.3750000000;-35.6875000000
2.8731379249;-1.1596592963;11.0967646553;8.1874152009;98.6061193187;4.3769558043;-19.7500000000;-9.0000000000;-37.5000000000
2.7864695438;-0.1730523148;11.0308655070;5.5833614479;74.5218584068;-3.8879226771;-16.7500000000;-9.3750000000;-39.7500000000
2.4991170463;-1.2001838035;11.4360062595;-13.5278955026;69.7587829490;0.9348724810;-16.7500000000;-9.3750000000;-39.7500000000
1.7302555426;-0.8249746858;11.2409110857;11.1463904931;56.8377674266;2.6583124743;-13.0625000000;-8.5625000000;-40.5625000000
1.5939863399;-0.4649831395;10.1560684492;-1.2589059943;24.9171536371;-2.9126650844;-11.1875000000;-8.2500000000;-41.0000000000
1.5758675832;-1.1706320233;9.8629094671;-11.4086881572;25.4776716158;-1.5348632003;-9.2500000000;-9.3750000000;-41.7500000000
1.2659274704;-1.0146736050;10.0472012327;11.0107546512;33.0927322669;0.8646355732;-9.0000000000;-8.5625000000;-41.7500000000
1.1569222630;-0.4823550366;9.7487918512;9.3456883283;24.7688851852;2.4816845611;-9.0000000000;-8.5625000000;-41.7500000000
1.2476279887;-0.5115752334;9.6760220223;-0.6789331503;22.2700807349;3.0196390019;-8.2500000000;-9.0000000000;-42.6875000000
0.8156852693;-0.5155121064;9.9537420696;2.8458217732;30.5800692730;3.8212527406;-7.0625000000;-9.3750000000;-42.6875000000
0.6774491609;-0.1184927652;10.0927913033;6.3469148655;22.5289475472;1.5032255680;-5.2500000000;-8.5625000000;-43.3750000000
0.5235769530;-0.5068487745;10.7584244057;-4.5610949730;20.7505174511;0.4360094557;-4.6875000000;-9.0000000000;-43.7500000000
0.3392170309;-0.5149346324;10.5685748648;-3.0691088226;4.4653870645;1.1215404384;-4.6875000000;-9.0000000000;-43.7500000000
0.5410059871;-0.5358220554;9.3649409537;-3.6322564121;-6.0613693964;-4.8122375946;-3.8750000000;-9.6875000000;-43.7500000000
0.5498794307;-0.6976498090;9.6183917047;-0.3074159233;0.8759545909;-0.5648940049;-3.8750000000;-9.3750000000;-42.1875000000
0.4333775252;-0.6516384900;10.0561918487;-1.5187688178;1.7966373234;0.1859455759;-4.2500000000;-9.0000000000;-43.3750000000
0.3905821294;-0.3263012848;9.6481189826;6.0579225997;1.1059865426;-0.2528410165;-4.2500000000;-9.0000000000;-45.0000000000
0.5924049069;-0.3549280186;9.6212148436;-0.4967964660;-1.4494531715;-1.2673332532;-4.2500000000;-9.0000000000;-45.0000000000
0.5226317995;-0.6505741278;10.0342925783;-2.6296499528;1.8133357355;-0.9914653649;-4.2500000000;-9.0000000000;-42.6875000000
0.4517949870;-0.6055875994;9.8541835375;1.8693212619;-0.9495038873;-0.3788333592;-4.2500000000;-7.8750000000;-43.0000000000
0.5445856417;-0.5316814322;9.8367670660;1.1054668941;-0.4943853876;-1.5564179967;-4.6875000000;-8.2500000000;-44.6875000000
0.4221221121;-0.8831516260;9.7645399134;2.0494395593;0.8143437827;-0.9459985546;-3.8750000000;-8.2500000000;-43.5000000000
0.3936426238;-0.5995949484;9.5946744607;3.6642871299;1.6808022354;-0.1880079047;-3.8750000000;-8.2500000000;-43.5000000000
0.5907377128;-0.6515685937;10.0910878404;0.3165901781;-0.7971315477;-0.0620873985;-3.8750000000;-9.3750000000;-43.0000000000
0.7187552924;-0.2847226686;9.6586668028;2.6973720076;0.5696539395;-1.3780195427;-4.2500000000;-9.3750000000;-42.1875000000
0.3869018099;-0.1712180854;9.4007340575;-1.3327613856;0.8853313243;-0.3074479240;-4.6875000000;-9.6875000000;-42.6875000000
0.5051160491;-0.3940527223;9.7794514422;4.2660389546;-1.9642050792;-1.9294503823;-3.8750000000;-9.6875000000;-43.7500000000
0.4651759402;-0.5496778192;9.6163463589;-2.6672751377;1.8453217716;1.0068337275;-3.8750000000;-9.6875000000;-43.7500000000
0.3990567885;-0.3084809261;9.4694447381;0.2548236520;-0.6371574917;0.0634085055;-4.6875000000;-8.5625000000;-43.0000000000
0.5504164617;-0.4985808689;9.7207086344;0.1228017587;0.4288449964;-1.4628460836;-3.8750000000;-9.0000000000;-42.6875000000
0.3423648563;-0.2861425218;9.7971145142;4.0375361150;-0.0627046239;1.2699578721;-4.2500000000;-9.0000000000;-43.3750000000
0.5653998483;-0.3008243120;9.5078128124;-5.0525955305;-2.0836776379;-1.4112726761;-3.5000000000;-9.6875000000;-43.8750000000
0.5384554710;-0.6083235616;9.7846974726;-0.2511617089;0.0616851137;-0.1881497228;-3.5000000000;-9.6875000000;-43.8750000000
0.4530536455;-0.2438925428;9.4536599003;5.9495168026;0.9298230979;-0.6137147026;-3.8750000000;-9.3750000000;-43.8750000000
0.5099473443;-0.5205740297;9.9952425368;-2.0832768680;0.1252475157;0.7004547710;-4.6875000000;-9.6875000000;-43.5000000000
0.3807793939;-0.3927275063;9.7176829175;-0.1259831673;1.9072278497;1.0047257553;-3.5000000000;-9.3750000000;-43.5000000000
0.4990921788;-0.5378029439;9.6487555025;-0.5088365101;-0.4343942545;-0.4289763591;-3.8750000000;-9.0000000000;-43.3750000000
0.4586234163;-0.1718100016;9.5398646910;4.6055814091;0.7575531622;0.3172998149;-3.8750000000;-9.0000000000;-43.3750000000
0.5399765892;-0.4226147449;9.6257014109;-2.2920969481;-0.6777291309;0.3815494664;-4.6875000000;-9.0000000000;-44.2500000000
0.4569280880;-0.3394225338;9.8401823214;-1.2690923476;1.3249197060;0.0630034801;-4.2500000000;-9.6875000000;-43.3750000000
0.4453338929;-0.4764988824;9.6153856139;-1.5202453757;-0.3772918478;-0.6809460790;-5.3750000000;-9.6875000000;-44.6875000000
0.4525948904;-0.3895992397;9.8327300913;2.8501833837;1.2386150035;0.1911507922;-4.2500000000;-9.3750000000;-43.1875000000
0.4954621187;-0.5284789714;9.7784270224;-0.6206651278;-0.4446461287;-0.2455001117;-4.2500000000;-9.3750000000;-43.1875000000
0.4636922853;-0.2571741819;9.5848869733;4.3233653902;-0.2473408546;1.0542013100;-3.8750000000;-9.3750000000;-42.1875000000
0.4805763618;-0.3691403533;9.8002725309;1.1097947411;-0.1891419554;0.4349100969;-4.6875000000;-9.3750000000;-42.6875000000
0.4052303728;-0.4166099950;9.8358898071;3.8175456993;1.7868411441;0.8576856364;-4.2500000000;-9.6875000000;-44.1875000000
0.3627092760;-0.3665564476;9.8319651137;3.2491995548;-0.2507866415;1.6778552014;-4.6875000000;-9.6875000000;-43.5000000000
0.4344110271;-0.2498655397;9.7801983463;2.2289232842;0.1244365331;1.3916033473;-4.6875000000;-9.6875000000;-43.5000000000
0.5558027623;-0.3451767012;9.9731532974;2.7406362402;-4.1497747961;0.3135041288;-4.6875000000;-10.3750000000;-43.0000000000
0.4553445677;-0.4009276991;9.9255125883;1.6854158581;-0.4420666979;0.7998154168;-4.2500000000;-9.6875000000;-44.2500000000
0.1426865424;-0.0396862345;10.0889346958;-0.4441034531;-13.6229017888;-0.8703492573;-3.8750000000;-9.6875000000;-42.6875000000
0.7687362384;-0.1482978870;10.4450187003;-4.5026476433;-21.3167227667;-4.5707006047;-4.6875000000;-10.0625000000;-41.7500000000
0.8823796019;-0.1592351477;9.9205704967;-2.4748258980;-17.9670053953;-5.1580533077;-4.6875000000;-10.0625000000;-41.7500000000
0.9440078884;-0.6060301739;10.2954271106;-2.4645917557;-12.9378728984;0.2466474459;-5.0000000000;-9.6875000000;-43.7500000000
1.0256821497;-0.3248322388;11.4185823924;8.5630953188;-25.1804270486;-0.1864077866;-6.5000000000;-10.0625000000;-42.6875000000
1.2749612399;-0.1881078998;11.6575181409;2.4543704880;-41.9491008578;-4.4584009575;-7.1875000000;-9.6875000000;-42.6875000000
1.3114473907;-0.4946926357;11.3272811505;-5.6661131189;-49.5077939980;-4.5137458906;-7.5625000000;-9.6875000000;-42.5625000000
1.8213345855;-0.6521802470;10.9628426773;4.7493234337;-69.1492383618;-1.4019664263;-7.5625000000;-9.6875000000;-42.5625000000
1.9727970608;-0.3094790839;10.1959937836;9.1393587379;-75.7525489626;-2.9322240276;-9.3750000000;-9.6875000000;-41.5000000000
2.1750674838;-0.2826107230;10.1260856472;-11.9793051886;-86.5850535330;-4.2231096661;-12.7500000000;-9.3750000000;-40.2500000000
2.9069791922;-0.5148775454;9.8428989117;3.6296698924;-101.0355144553;-4.9422157930;-15.3750000000;-10.7500000000;-39.7500000000
3.1516899254;0.1568820147;9.8097138751;-16.2548931700;-131.7395154825;-9.6255312124;-15.3750000000;-10.7500000000;-39.7500000000
4.2997177336;-0.4501893919;9.5429508166;-11.5685622698;-150.2813961212;-11.5337358190;-18.0000000000;-10.0625000000;-38.2500000000
5.3061522809;-0.3549538448;7.8934242727;-0.5023941565;-154.5777146401;-13.3130252038;-22.0000000000;-9.3750000000;-35.5000000000
6.1488667967;-0.7723782976;6.3243362671;-14.4801266707;-129.8215030907;-6.5849058034;-26.5625000000;-9.0000000000;-31.8750000000
5.9289572733;-1.3326646856;5.5659145816;-3.2143447746;-113.0162033875;0.0630310293;-31.3750000000;-8.5625000000;-29.5000000000
6.8359116439;-0.6047568482;4.2940197018;8.3218733056;-89.0300890712;2.1240116887;-31.3750000000;-8.5625000000;-29.5000000000
7.3226960117;-0.5621754451;4.4158795131;3.8116985046;-71.2241032922;7.2311029137;-33.5625000000;-8.5625000000;-26.2500000000
7.2019249514;-0.4058508586;4.1610256061;6.8504677925;-66.1810269837;7.8277260302;-36.5000000000;-8.5625000000;-23.1875000000
7.9208874901;-0.5047032182;4.0759686430;-2.4480200672;-66.3460875692;0.7503792569;-37.3750000000;-9.0000000000;-22.0000000000
8.7341872411;-0.3243035905;3.9885215373;6.3012038483;-46.9468646777;5.1340203047;-38.7500000000;-7.8750000000;-20.5000000000
8.1531358226;0.0404070953;3.8343288333;12.0393186876;-40.7259622901;8.4064506772;-38.7500000000;-7.8750000000;-20.5000000000
8.7349391284;-0.2993142067;3.9324695668;4.4922354627;-43.2673774481;2.5389852686;-39.0625000000;-9.0000000000;-18.0000000000
9.0012298940;-0.0795652838;4.3164065992;14.9978072336;-30.7952252138;7.4871442379;-39.7500000000;-8.2500000000;-15.6875000000
8.9382963738;-0.0894738887;3.7488101052;-2.9380846376;-46.4456686742;2.4717658458;-40.1875000000;-9.0000000000;-15.6875000000
8.9761964292;-0.1411454625;3.5411302011;-0.5726170412;-40.9403615568;-1.4007729913;-41.2500000000;-9.0000000000;-13.6875000000
8.9172152640;-0.0300120368;2.9154702125;6.8561061569;-39.8161748078;1.9089950601;-41.2500000000;-9.0000000000;-13.6875000000
9.1160565599;-0.3214407100;3.3334786804;1.5528537901;-43.1520611138;1.6512724276;-42.0625000000;-9.3750000000;-12.5000000000
9.1673686661;0.1118574828;2.6907090966;13.1297896018;-57.7829515069;-0.4995197180;-42.3750000000;-9.0000000000;-11.0000000000
9.2966213765;0.3505394507;2.0338073120;-8.9051730123;-64.7761894027;-7.1235239922;-42.3750000000;-9.0000000000;-9.3750000000
9.2808893761;-0.4235878256;1.3959481808;-2.1939722374;-71.1554153952;-9.0893244763;-43.8750000000;-9.0000000000;-7.0000000000
9.8725886042;-0.4169232513;0.4335829125;1.4604563982;-63.6356233440;-6.7388411588;-43.8750000000;-9.0000000000;-7.0000000000
9.5927391552;-0.6743526839;-0.0099224871;6.1724485269;-33.0968726584;0.5698251180;-43.5000000000;-9.0000000000;-4.2500000000
9.1111622261;-0.3449187090;0.0000000000;2.2314531491;-25.9219797107;3.1403823661;-43.8750000000;-8.2500000000;-3.0625000000
9.4976419778;-0.4046753892;-0.2699714806;-8.4883059766;-21.8462227143;1.0433226388;-44.1875000000;-9.0000000000;-1.3750000000
9.6427873978;-0.3438156466;-0.3039259354;5.7719662782;-7.2651519084;1.5640953297;-44.1875000000;-9.3750000000;-0.5625000000
9.5549186085;-0.2567002817;0.2229298178;0.8605995301;3.1831778913;2.4179747000;-44.1875000000;-9.3750000000;-0.5625000000
9.4875652029;-0.0801633949;0.5506527504;-2.3145098101;3.6919610589;1.6672627778;-44.5000000000;-9.0000000000;-0.6875000000
9.7108267804;-0.2019018778;0.4444311830;6.1972341964;-1.5882631318;-1.7007453275;-43.8750000000;-9.0000000000;-0.6875000000
9.9549808026;-0.0611244570;0.4516418963;0.2498106740;1.2703596950;-3.1493725188;-43.6875000000;-10.2500000000;-0.7500000000
9.4785135057;-0.5451148831;0.8053541865;0.4430611312;4.1551192655;-0.4301173719;-44.3750000000;-8.5000000000;-0.2500000000
9.6089567272;-0.3536931544;0.4565187754;1.5888535030;-5.5361695435;-1.8451658550;-44.3750000000;-8.5000000000;-0.2500000000
10.0135120988;-0.3924642206;0.6131020103;2.6356939444;3.3969092822;-0.5605564133;-43.3750000000;-8.5000000000;-1.0625000000
9.8393141718;-0.1177937104;0.6830799414;-4.4405467862;3.2741342102;-1.3740551940;-43.6875000000;-8.5000000000;-0.6875000000
9.7072886048;-0.1690600440;0.3568373022;0.4290763590;-6.1095504506;-2.4012517415;-44.0625000000;-8.5000000000;-1.0625000000
9.9155254536;-0.1627827366;0.2135575082;-0.1225958927;3.1960752590;-3.5424821605;-43.7500000000;-8.1875000000;-0.2500000000
9.4065957647;-0.9181576677;1.0045812632;-0.5081113715;3.6262846531;-0.5025099450;-43.7500000000;-8.1875000000;-0.2500000000
9.6786113573;-0.1373883045;0.4162005491;6.4778343836;2.0445645817;0.8698042258;-44.0625000000;-9.2500000000;-1.0625000000
9.6857340478;-0.7720532680;0.9271757407;-5.4669149102;5.6263383579;0.4342418092;-43.7500000000;-7.7500000000;-1.3750000000
9.5521441450;-0.0406018631;0.7188114668;5.3580665036;0.7010456606;1.0682812212;-44.0625000000;-8.5000000000;-1.0625000000
10.1517193939;-0.3101877407;0.9493684202;0.9477481448;-0.6765404893;-1.1700866745;-44.0625000000;-8.5000000000;-1.3750000000
9.8246212995;-0.3153200957;0.6721310738;-2.5550751272;-4.7796594320;-0.6251618032;-44.0625000000;-8.5000000000;-1.3750000000
9.8145915801;-0.5150553728;0.5701161467;5.5017906795;-1.7459813279;0.6887172143;-44.3750000000;-8.1875000000;-0.7500000000
9.5360975940;-0.1009966743;0.3745235597;0.1227387581;-2.0986726091;0.1228372699;-44.3750000000;-7.7500000000;-0.6875000000
9.7261365473;-0.4274948139;0.3621775443;-5.7039556062;-0.1881756598;-1.2294892879;-44.0625000000;-9.6875000000;-1.8750000000
9.7818801705;-0.5285332196;0.5293114246;4.8236064054;5.3887791865;-2.2088304900;-43.7500000000;-8.1875000000;-1.0625000000
9.5494719140;-0.3729730694;0.8577173926;1.2067270619;8.4724112987;1.9933342791;-43.7500000000;-8.1875000000;-1.0625000000
9.8294205376;-0.0911347996;0.6479829540;-4.6884492185;2.4665624774;-0.5669259500;-44.3750000000;-8.5000000000;-1.8750000000
9.6043372614;-0.4914641749;0.9002251192;3.8798655063;0.4292809596;-0.0613437961;-44.0625000000;-7.7500000000;-1.0625000000
9.7130491247;-0.2122458958;0.8493671969;1.1107731077;1.4751975906;1.6181926654;-43.7500000000;-8.5000000000;-1.3750000000
9.6613753694;-0.1117530587;0.5222137417;0.5606030037;-0.3689750506;0.1225172141;-44.0625000000;-8.1875000000;-2.2500000000
9.8677547462;-0.3669037861;0.6973796046;4.8914638447;3.2434768602;-0.1868636821;-44.0625000000;-8.1875000000;-2.2500000000
9.8483084164;-0.3562331104;0.7935954463;3.5808412196;3.4154166027;1.2251487301;-44.0625000000;-8.5000000000;-2.5625000000
9.9117377111;-0.3349328866;0.8260218290;-6.6922723853;-0.4357696449;-1.2516684461;-43.6875000000;-8.5000000000;-1.5000000000
10.0003459090;-0.3214941453;0.8408734505;6.6901284653;1.6839891258;1.3163406647;-44.0625000000;-8.1875000000;-1.7500000000
9.6313238374;-0.0687678969;0.7656355325;2.4155915905;-2.2231040839;-0.8164092500;-44.0625000000;-8.1875000000;-1.7500000000
9.6872197004;-0.4577168340;0.7538663375;-4.2774820392;-2.1302752633;-1.3047296680;-44.0625000000;-9.2500000000;-2.2500000000
9.7071242631;-0.6359781130;0.7658574102;1.4888593865;-0.3728345367;1.8165613776;-43.7500000000;-9.2500000000;-1.0625000000
9.7897457724;-0.3497046071;0.5626082090;-3.5112631201;3.2589970935;0.8646740855;-44.0625000000;-10.0000000000;-2.2500000000
9.8852054702;-0.2063005432;0.6924026550;5.4871555602;4.6073047110;0.1843705213;-43.6875000000;-8.5000000000;-1.0625000000
9.4197125681;-0.1310132706;1.0158470141;-2.4777211194;2.4658956294;0.9445344700;-43.6875000000;-8.5000000000;-1.0625000000
9.8173642077;-0.1283947317;0.7599742920;3.0716849406;-1.7822476663;-2.3594852321;-44.3750000000;-10.0000000000;-1.7500000000
9.7426457087;-0.2686641287;0.6502619792;0.5004563869;0.4912324387;-1.2678598545;-43.3750000000;-9.2500000000;-1.3750000000
9.7125139573;-0.5364436307;0.6427385815;-3.6284040772;0.0614318260;0.3108765134;-44.7500000000;-8.5000000000;-1.5000000000
9.9073060344;-0.2113593815;0.6472276205;3.7412868417;2.2102915937;0.1845035873;-43.3750000000;-8.1875000000;-1.0000000000
9.5883406080;-0.2838691883;0.8680710852;-1.7634513042;2.7562756811;-0.3790071941;-43.3750000000;-8.1875000000;-1.0000000000
9.8244697956;-0.1700211489;0.7670105413;3.2518985706;-0.5532714621;0.2454954792;-43.7500000000;-8.1875000000;-1.7500000000
9.7725045572;-0.4328571819;0.7312792823;-3.3370960483;0.4941203951;-1.4920442662;-44.3750000000;-7.7500000000;-2.1875000000
9.6439352478;-0.3054152919;0.9039617526;5.5431542465;1.7663621526;1.6111524314;-44.0625000000;-8.5000000000;-0.2500000000
9.8957151242;-0.2858712716;0.6985423278;-3.1613929462;0.4906928408;-2.3175244862;-44.0625000000;-7.7500000000;-1.8750000000
9.8287238525;-0.7013191870;0.9373311821;-1.7176971611;2.3492573417;0.3752456236;-44.0625000000;-7.7500000000;-1.8750000000
9.8072680770;-0.0696028590;0.8621635284;1.3641122662;-0.2503930750;2.0668193198;-44.0625000000;-8.2500000000;-2.5625000000
9.7386052893;-0.2205694621;0.7943778661;-2.6455450117;-1.2626120728;0.2537812266;-43.3750000000;-8.2500000000;-1.3750000000
9.8664454624;-0.3305004032;0.8222610325;-0.1237731364;2.5888717981;-1.5853555685;-44.0625000000;-8.5625000000;-1.0625000000
9.8386329174;-0.4885257080;0.9988202879;3.5539993118;-0.7644581326;0.1236496806;-43.3750000000;-7.7500000000;-1.0625000000
9.4873857606;-0.0995023556;0.7442856113;2.3475357846;3.2107354859;-0.1225323992;-43.3750000000;-7.7500000000;-1.0625000000
10.0019395525;-0.6000234346;1.0451771280;-1.7179068835;-0.3143506422;-1.2926697355;-44.0625000000;-8.2500000000;-2.2500000000
9.6291778300;-0.3356309688;0.9171507141;3.5348341282;1.0436548434;0.7358548399;-44.0625000000;-9.0000000000;-3.0625000000
9.7273642871;-0.3157075667;0.6266334253;0.4367963129;-3.2030494931;-0.8871835613;-44.0625000000;-8.5000000000;-0.5625000000
9.8076402617;-0.2415940505;0.8658705463;-0.5581560821;3.7928185626;2.4837894114;-44.0625000000;-7.7500000000;-1.3750000000
9.6603738185;-0.2730091217;0.9838128391;1.8590545355;0.5535279013;2.0980248236;-44.0625000000;-7.7500000000;-1.3750000000
9.8975006558;-0.3154974581;0.8617376087;-3.3085561328;-1.8788590491;-1.7657014615;-44.3750000000;-8.2500000000;-2.0625000000
9.9247851115;-0.3549604309;0.7572678335;2.0301654937;1.9093679278;-0.6918364695;-44.7500000000;-7.8750000000;-1.8750000000
9.5455811647;-0.4312341239;0.9579368829;-2.1248409559;0.1860349525;0.0620011169;-44.3750000000;-8.5625000000;-1.7500000000
9.8237063909;-0.0797396724;0.7766381440;1.4254840003;-0.8742236395;2.9501735142;-44.3750000000;-8.5625000000;-2.2500000000
9.6487962264;-0.2084618386;0.7848855883;-1.8397564623;0.1242248818;-0.4942149491;-44.3750000000;-8.5625000000;-2.2500000000
9.9978641130;-0.3745556649;1.0028579705;2.4753941991;1.1231225568;-0.4436016284;-43.6875000000;-8.8750000000;-2.6875000000
9.9533001212;-0.1903792415;0.8263101888;0.3128288751;-0.3136360826;0.4297867306;-43.7500000000;-8.8750000000;-1.3750000000
9.6900685524;-0.3144809416;0.9321653408;-0.1854320201;0.2458311299;0.2492269954;-44.0625000000;-8.5000000000;-2.1875000000
9.8814339835;-0.3665498120;0.9499130690;0.4935526438;-0.0630494466;0.1893219027;-44.0625000000;-8.8750000000;-2.2500000000
9.9636672921;-0.2758095368;0.8694377498;-0.8266812867;-1.0151681381;-0.5656870563;-44.0625000000;-8.8750000000;-2.2500000000
9.8125507265;-0.0295738031;0.8105942204;0.3162573932;1.5609528984;-0.6847759115;-43.7500000000;-8.5000000000;-1.8750000000
10.0383365278;-0.2505145683;0.8180383363;0.5038106949;-1.3917966350;-0.8889268229;-44.0625000000;-8.8750000000;-2.5625000000
9.5998114250;-0.2102924015;0.8807801921;0.8181047725;1.0755034586;-0.0626497871;-44.3750000000;-8.1875000000;-2.5625000000
9.8150241276;-0.2846100291;0.7136593281;-2.6581897398;-1.3114203991;-1.2616869470;-44.0625000000;-8.1875000000;-1.7500000000
9.7529319994;-0.4314672737;0.7946637839;1.0743080013;1.7549754436;-0.3760909173;-44.0625000000;-8.1875000000;-1.7500000000
9.5930873124;-0.1215262146;0.7582284979;0.1266571666;2.1710958670;0.3819810626;-44.3750000000;-8.1875000000;-1.8750000000
9.7304438056;-0.3549175504;1.0672179418;-1.8173233588;3.6509540910;-1.3856596807;-44.3750000000;-8.5000000000;-1.3750000000
9.8677087910;-0.2898237440;1.0182540907;1.5384347143;1.3952042341;0.5000914958;-44.0625000000;-10.0000000000;-0.5625000000
9.8507210010;-0.4214324035;1.2237799261;1.7050235165;1.1450984318;-0.6900234789;-44.0625000000;-8.8750000000;-2.1875000000
9.9022508085;-0.3597861502;0.9997572762;-0.5595335955;-3.6204363826;0.6828075187;-44.0625000000;-8.8750000000;-2.1875000000
9.8643521704;-0.2922081218;0.8743224750;3.6522996609;-0.8233320534;1.4245469342;-44.0625000000;-8.8750000000;-2.5625000000
9.6089458033;-0.1306134670;0.6374796290;-3.1829033074;-1.6659687063;-0.9398054484;-44.0625000000;-8.1875000000;-0.6875000000
9.8283867711;-0.4804996790;0.1289453207;0.1252935599;7.2571499957;6.2339317393;-44.3750000000;-8.1875000000;-2.1875000000
9.3826035041;-0.0712838226;0.0196739853;14.6962730858;15.1578507794;6.9838934905;-44.0625000000;-8.5000000000;-1.0625000000
9.5486407773;-0.5488651641;0.3250333833;-6.7893007426;28.0916985885;3.8057146817;-44.0625000000;-8.5000000000;-1.0625000000
9.9919525827;-0.3739161391;1.1881399143;6.7204222320;45.5186330479;7.1116701158;-44.0625000000;-8.5000000000;-3.0000000000
9.6665849193;-0.1970978292;2.4445865666;15.3455116234;42.6953901025;13.2008232973;-44.3750000000;-10.0000000000;-4.2500000000
9.3660329068;0.3818008285;2.1584475662;15.5123595093;27.4318516634;9.6803305240;-43.7500000000;-9.5625000000;-5.7500000000
9.3999698685;-0.0100604133;1.7526469664;-9.6869481799;21.8805485597;4.7977827704;-43.3750000000;-10.0000000000;-5.7500000000
9.4913679650;-0.3247584454;1.8007774069;-7.8595261827;31.2189247047;11.7701505237;-43.3750000000;-10.0000000000;-5.7500000000
9.0970740880;0.0000000000;1.7366328962;6.8781031741;43.8990139508;13.2970756729;-43.0000000000;-9.5625000000;-7.0000000000
9.2580820815;0.3540071185;1.4301430440;3.7581892192;37.7621639929;8.7068057764;-43.0000000000;-10.2500000000;-8.5625000000
9.0773147105;-0.1106482913;2.1675625437;-8.8734150429;65.5279056346;14.8713081107;-41.8750000000;-10.6875000000;-9.2500000000
7.8643575254;0.2421140453;2.0791180295;-4.8246689366;76.6549987297;18.1996857550;-41.8750000000;-10.6875000000;-9.2500000000
8.8960321395;0.6806286032;1.7019149479;-16.3569198648;67.2761246332;7.3557024039;-41.5000000000;-11.5625000000;-12.5625000000
7.9216050363;-0.0611344041;3.1606651588;-17.1739358078;125.3213704313;20.1426617792;-40.3750000000;-11.8750000000;-14.1875000000
6.4274182312;1.2631909828;3.9510964199;14.1158578794;148.9095129423;25.6104720396;-38.1875000000;-12.2500000000;-18.1875000000
7.0537423996;0.1800383970;6.9158829971;-15.8674350769;141.8372808209;9.8190647947;-35.5625000000;-13.3750000000;-21.6875000000
5.0096419981;1.1573532896;7.4969224590;-7.2850481479;158.9917130981;21.9530360992;-35.5625000000;-13.3750000000;-21.6875000000
5.2911048658;0.6000595700;8.4146954846;-36.6963236142;92.5877642220;1.2415098999;-33.0000000000;-14.8750000000;-25.6875000000
5.1353664411;0.4939371332;8.7020168043;-25.4764080269;103.2149472944;0.3694877029;-28.5625000000;-14.0625000000;-29.6875000000
4.3708558803;0.3317111951;8.8468877982;-16.0788568362;91.8123787401;1.6216995153;-26.0000000000;-13.3750000000;-32.1875000000
4.5497614161;0.1896821069;9.3394391030;4.9491497640;73.3115427226;-6.8718168484;-23.2500000000;-13.7500000000;-34.0625000000
3.8841905154;-0.0894303774;9.3386669384;-17.3437860346;86.5764623926;0.8804504443;-23.2500000000;-13.7500000000;-34.0625000000
3.3769906860;0.0000000000;9.2418412914;-7.1777780111;62.7742244687;-2.7338233564;-21.0625000000;-12.2500000000;-35.7500000000
3.2710840922;-0.1603825142;9.2001447027;-5.1592135841;64.1475886629;-1.9747464740;-18.7500000000;-12.2500000000;-37.2500000000
2.4900032056;0.3564543316;9.2746785659;-1.1027155226;76.7795507953;4.1223358923;-16.5625000000;-11.8750000000;-38.5000000000
2.0094633733;-0.1696758811;10.4460876431;3.6055119963;64.7417870972;-0.9502262613;-14.6875000000;-12.2500000000;-40.5000000000
2.0930843740;0.2699093828;10.0939801568;-7.9865848589;52.8193898535;-2.1618611710;-14.6875000000;-12.2500000000;-40.5000000000
1.5677936884;-0.1926673314;10.6893916185;-6.8328359016;56.8408249784;0.6977951807;-12.0625000000;-11.8750000000;-42.0625000000
1.3948803283;-0.0100596808;10.1266799125;0.0000000000;38.2852174865;-3.7333391609;-10.2500000000;-11.1875000000;-40.5000000000
1.2724661058;0.1090062161;10.4249787799;-6.3826073706;39.0354999096;-2.8627900056;-8.8750000000;-11.1875000000;-42.0625000000
0.8844649809;-0.3198813419;10.0212980917;-5.8256907526;45.3423333671;-0.3173992227;-7.0000000000;-10.7500000000;-42.7500000000
0.3320975090;0.0099309300;9.8129387206;-4.4736957118;37.7179690906;0.1264384153;-7.0000000000;-10.7500000000;-42.7500000000
0.8067155358;-0.2033547483;10.2440900814;-11.6623752906;32.9510034063;-0.4450414431;-5.1875000000;-10.7500000000;-42.3750000000
0.0406818441;-0.5206356181;12.7917425559;4.2466369340;26.2703427013;1.3712959378;-3.6875000000;-11.1875000000;-43.6875000000
0.3811065250;0.3827711256;10.0646337449;-0.4388781055;-19.3081397278;-2.0868131746;-2.5625000000;-10.3750000000;-44.0625000000
0.2337407632;-0.2647320649;7.9774174309;-17.7343544394;-2.5974269139;-2.2943935556;-3.7500000000;-10.3750000000;-42.5000000000
0.5383492791;-0.5407211619;9.9903297005;3.8581582972;5.5862758706;-1.6090980253;-3.7500000000;-10.3750000000;-42.5000000000
0.4066628481;-0.3851041055;10.8958580060;1.6845846712;-1.4721603444;-0.3730491776;-3.0000000000;-9.0000000000;-43.1875000000
0.2842453727;-0.3219747790;8.9358236180;-5.6928443643;-1.7810193061;-0.2526004423;-3.2500000000;-10.3750000000;-44.0625000000
0.5125993495;-0.5297415097;9.9263561613;2.1778071414;3.1041569781;-0.1256306884;-3.2500000000;-10.3750000000;-43.1875000000
0.1867243690;-0.1195060110;9.6718690061;-0.8664431314;0.1253137585;0.5070865438;-3.0000000000;-9.3750000000;-43.1875000000
0.3365557345;-0.2421071128;9.4250164930;-2.4735935922;-1.0776485247;-3.4182490607;-3.0000000000;-9.3750000000;-43.1875000000
0.4527410339;-0.6769298767;10.2790038156;-0.7614520383;1.5390370336;0.0634430761;-3.2500000000;-9.6875000000;-42.8750000000
0.3107923453;-0.4301351842;9.7969019642;-0.4959804917;0.0000000000;-0.6826824564;-3.6875000000;-9.6875000000;-42.3750000000
0.3944560345;-0.3265072514;9.8792506454;3.6294055377;0.0000000000;-1.9717359045;-3.2500000000;-9.6875000000;-43.5625000000
0.2507490124;0.0201149576;9.5609225628;4.7075661646;1.4944442019;-1.1162280893;-3.0000000000;-10.0625000000;-42.7500000000
0.3702706211;-0.3958388583;9.6729113769;-5.8363214402;-0.1228688589;-0.8581004221;-3.0000000000;-10.0625000000;-42.7500000000
0.6205110916;-0.6276783136;10.2471653622;0.8114664687;0.3741143790;-2.4772316022;-1.7500000000;-9.6875000000;-43.5000000000
0.3467360712;-0.3034248810;9.7027577253;0.3152850619;1.5231595766;-0.1900476630;-3.0000000000;-9.6875000000;-44.0000000000
0.4935487928;-0.1470705653;8.9910358710;-2.2277417182;-0.1244432772;-0.8754713234;-3.2500000000;-10.0625000000;-43.5625000000
0.4089690792;-0.3770964330;10.1768016233;-6.0008132333;1.3341724856;1.0559333981;-3.0000000000;-10.0625000000;-44.3750000000
0.1386245389;-0.2428397371;9.5121548386;-1.6755927179;-2.0529377803;0.4346581039;-3.0000000000;-10.0625000000;-44.3750000000
0.2746848242;-0.6194604063;9.6613876205;3.4247146766;2.1617003571;1.7394901008;-3.2500000000;-9.6875000000;-43.5625000000
0.2243248158;-0.0691771708;9.6802616070;-1.8928524202;-1.5623371677;1.6104521303;-4.5000000000;-9.3750000000;-42.7500000000
0.3640337642;-0.1814650545;9.5081340054;1.1984309055;0.6810837127;-1.1868876889;-3.2500000000;-10.0625000000;-44.0000000000
0.2138939856;-0.3568551254;9.6624096172;-0.3801929616;0.6894630023;-0.5631734219;-2.5625000000;-10.3750000000;-44.5000000000
0.4046863055;-0.4685858621;9.7520796528;-3.3434901442;-0.8765884355;-0.2491888920;-2.5625000000;-10.3750000000;-44.5000000000
0.2945194045;-0.5723485238;9.7573851102;3.1734994063;-0.1249428640;0.0625035946;-3.6875000000;-9.6875000000;-43.1875000000
0.1491591915;-0.2210786467;9.9040352485;1.0095892919;-1.7019093627;-0.5678095952;-3.6875000000;-9.6875000000;-44.3750000000
0.5096067002;-0.5099530329;9.2831651694;-6.7689249566;-5.5266452731;-0.3115164879;-3.2500000000;-9.3750000000;-42.8750000000
0.1914495086;-0.1885631213;9.9238162052;7.1088548540;4.8362592447;-1.3207003444;-3.2500000000;-9.3750000000;-42.8750000000
0.5242987370;-0.0592999648;9.7380595711;-1.8676379878;0.2491627391;-1.2719811832;-3.0000000000;-9.3750000000;-44.0000000000
0.3458321125;-0.5815302137;9.7558144593;-3.8989333570;0.1232305200;-3.2315115459;-3.6875000000;-10.0625000000;-43.1875000000
0.3850483705;-0.7620105122;9.7178879174;1.2338330760;0.5034464397;-0.1273522416;-3.2500000000;-9.3750000000;-43.5625000000
0.2756897719;-0.3366854330;9.4889605523;3.2518461164;1.7196628813;1.1093942495;-3.6875000000;-10.3750000000;-43.1875000000
0.2027705995;-0.3058880163;9.8852241567;-2.7828635056;0.4422847269;0.1274929016;-3.6875000000;-10.3750000000;-43.1875000000
0.3752416352;-0.5402099045;9.7884853717;2.6131862607;-0.5722316451;0.8063928549;-2.1875000000;-9.6875000000;-43.5625000000
0.3033684435;-0.0904353444;9.6596305792;4.2057005435;-1.0777309713;1.2597219542;-3.0000000000;-9.3750000000;-42.7500000000
0.3755096215;-0.0503080764;9.5975151415;2.0377054778;-0.6168229686;1.4873454448;-3.2500000000;-10.3750000000;-44.0000000000
0.3261418673;-0.2731386418;9.9008815556;-3.0708034652;1.0192091392;0.1268609393;-3.6875000000;-10.0625000000;-42.8750000000
0.2470456674;-0.3575340345;10.2176691193;2.4714167293;-1.4342868491;0.3074810989;-3.6875000000;-10.0625000000;-42.8750000000
0.3452960006;-0.3341318396;9.4140131551;-1.9416469804;-6.3008079952;-0.5580662973;-2.1875000000;-10.0625000000;-42.8750000000
0.3362209869;-0.4460839068;9.6067843433;0.8917679568;0.6909750377;-0.1251957249;-3.2500000000;-10.0625000000;-43.1875000000
0.3963162384;-0.3552077677;9.7254257211;0.0632183190;-0.8751699985;1.4386245653;-3.2500000000;-9.6875000000;-44.0000000000
0.4128796477;-0.5336409509;10.5662913995;5.1403850519;-0.5057653726;0.8202537588;-3.0000000000;-9.6875000000;-43.5625000000
0.1107848727;0.1625536896;10.8757970828;6.9498964547;-8.4123140635;-1.3053881445;-3.0000000000;-9.6875000000;-43.5625000000
0.4842013826;-0.2868699709;11.2275702784;4.5610801791;-21.8093684311;-0.4420548670;-3.2500000000;-10.0625000000;-44.3750000000
0.7258641196;-0.1496551717;12.0168441833;5.0530368557;-32.0271200688;-2.7047322434;-2.5625000000;-10.0625000000;-42.8750000000
1.0852017011;-0.4390905476;12.5524749371;2.4200447410;-52.6171787314;-1.6218269787;-4.5000000000;-11.1875000000;-43.5625000000
1.0594524343;-0.1392961329;11.7873462107;6.7063054029;-78.3653306888;-2.8607011373;-6.2500000000;-10.7500000000;-42.8750000000
1.4137461511;-0.3285453261;11.4504415244;0.9255165839;-98.6116693669;-5.5336951194;-6.2500000000;-10.7500000000;-42.8750000000
1.3469054251;-0.3321565315;10.8634708389;2.7459710669;-119.9057512049;-5.1981040551;-8.5000000000;-10.7500000000;-42.3750000000
2.8022098862;0.0098529765;9.6895762666;1.7960002978;-153.3112977084;-13.4431361091;-11.5000000000;-11.5625000000;-40.0000000000
3.7049661562;-0.2524105365;9.4107762752;-6.6409670094;-138.7637408691;-6.3773161282;-16.7500000000;-11.8750000000;-38.0000000000
3.6489127625;-0.2132553953;8.5823936498;10.2878557853;-148.2250000631;-6.4722180499;-20.7500000000;-11.5625000000;-36.5000000000
5.0406275082;-0.2456501375;7.1903414671;3.0854488344;-154.8674038929;-8.4551929978;-20.7500000000;-11.5625000000;-36.5000000000
5.2711055538;0.2542051281;5.1595477045;-21.7193253251;-152.6345671293;-10.1292926702;-26.5000000000;-10.3750000000;-34.0000000000
6.6027957718;-0.6704938427;4.9344379335;-4.1071382831;-139.7694371199;-8.7526120443;-30.0625000000;-10.7500000000;-29.7500000000
7.0952055250;-0.0691934249;4.0907547611;11.8215750617;-116.2264123865;-1.6677950632;-33.8750000000;-9.6875000000;-25.7500000000
8.0915977060;-0.4079811193;3.3102424858;-6.9884275267;-102.5137115908;-3.8453436167;-36.3750000000;-9.6875000000;-23.0625000000
8.1829819405;-0.3012526500;3.1275429823;6.7584916196;-69.1456541247;4.5285426952;-36.3750000000;-9.6875000000;-23.0625000000
8.3999656831;0.0098037797;2.8893475900;13.3007343019;-54.5846735581;4.7167261106;-38.2500000000;-9.0000000000;-19.0000000000
8.5249972505;0.1192552444;2.6781015429;0.3078656507;-41.0001198070;5.9375698828;-39.3750000000;-9.3750000000;-15.0000000000
8.7705167494;-0.2268856600;2.9985258211;-1.1249595122;-40.4367700963;5.2236662841;-39.7500000000;-9.6875000000;-14.6875000000
8.9931631548;0.1712028715;3.1139443170;10.5113955928;-33.5190106158;8.5834728163;-41.2500000000;-10.0625000000;-14.1875000000
8.9245452594;0.1186027465;2.8885296795;-9.0967998280;-31.8215590250;3.6256186060;-41.2500000000;-10.0625000000;-14.1875000000
9.1780725628;0.1409068322;3.2019417408;4.6966537094;-27.9797273840;5.7711680977;-41.5625000000;-10.3750000000;-12.6875000000
9.0034759385;0.1002575941;2.7473184491;-0.6836131132;-35.6660831352;-0.0614052168;-42.0000000000;-10.3750000000;-13.0625000000
9.1784860823;-0.0609184265;2.7487293466;10.4772343411;-37.4147418793;1.5312662438;-41.8750000000;-10.0625000000;-10.0000000000
9.4154618202;0.0000000000;2.1598715566;-2.3573247755;-32.2315762965;0.8264580177;-41.8750000000;-10.7500000000;-10.2500000000
9.0881525444;-0.2382660194;1.9877236105;-8.3791023341;-34.7187479852;-0.7497792129;-41.8750000000;-10.7500000000;-10.2500000000
9.3933912755;0.1391147609;1.3850038912;11.8815587513;-38.0624583103;0.4347525403;-41.8750000000;-10.7500000000;-9.8750000000
10.0643542255;0.1669882568;1.2760124453;-2.1699727130;-27.5320316022;1.7083688253;-43.0000000000;-10.0625000000;-7.5625000000
9.2111120276;0.5704881269;0.9743656014;9.1907688510;-17.4629815154;2.7293846952;-43.3750000000;-10.7500000000;-6.3750000000
9.4339017807;0.1404261592;1.0931749891;-0.8104704912;-20.7462103896;-1.5825884972;-42.5625000000;-10.0625000000;-5.5625000000
9.4441444275;0.2736894835;1.1277900584;11.3563461470;-13.2356457750;2.0993418589;-42.5625000000;-10.0625000000;-5.5625000000
9.4730906323;0.4258300739;0.6089764775;-1.9706976690;-17.9805692767;-3.4099237253;-43.3750000000;-11.1875000000;-5.0625000000
9.7708100835;-0.2096020015;0.9535054213;3.8840854352;-3.9406192629;-1.8035319889;-42.8750000000;-10.3750000000;-3.5000000000
9.5668269889;0.3301593038;0.8120864032;7.1361870018;-3.5731303893;0.6300018106;-43.7500000000;-10.7500000000;-4.0000000000
9.6117021479;-0.0708421695;0.9138618703;-2.1658986428;-2.1323532027;-2.7253972380;-43.2500000000;-10.7500000000;-4.0000000000
9.4585259683;0.0689626188;0.9271388001;3.1633500908;3.9077479993;0.0000000000;-43.2500000000;-10.7500000000;-4.0000000000
9.7269892506;0.1211920095;1.1515669976;4.4572577715;3.2977704809;-0.0626569383;-43.2500000000;-10.3750000000;-3.5625000000
9.4808021785;0.0808912379;1.2766661091;-0.3085406852;1.3860228173;-1.1387792240;-43.6875000000;-10.0625000000;-4.3750000000
9.6756268387;0.1317620647;0.9405072665;5.3199001750;-3.5782479159;-1.8004454904;-43.2500000000;-9.6875000000;-3.1875000000
9.7867615243;-0.1688298509;1.1295513461;-0.0619588646;0.8761338627;-2.2248940489;-43.2500000000;-10.7500000000;-2.7500000000
9.7714656295;0.2836578836;0.6684694237;-0.4361622975;-0.7401888343;-1.5257701729;-43.2500000000;-10.7500000000;-2.7500000000
9.2006522167;0.0101214838;1.0885455377;4.6890396712;3.9868808749;0.1890546576;-43.2500000000;-10.3750000000;-3.0625000000
9.7711815009;-0.2290303464;1.8159709102;2.8673087516;6.5180398168;2.5774481615;-43.2500000000;-10.7500000000;-4.0000000000
10.1115818106;0.5759408607;1.3820278761;4.4783758403;-0.3103085252;1.6231937439;-42.5000000000;-10.3750000000;-4.0000000000
9.9290902422;0.0305693427;1.1815246620;1.4600114932;-3.8861303824;-2.0685775922;-42.5000000000;-10.3750000000;-4.0000000000
9.5813136213;0.2686176142;1.0143578932;-0.8609211110;0.3143520620;0.2464240473;-43.2500000000;-9.6875000000;-5.0625000000
9.6963335733;0.2716959299;1.0028571076;2.1378725934;-3.5315386534;2.6231777432;-43.6875000000;-10.3750000000;-4.0000000000
9.5503402618;0.2576274809;0.9776564896;-0.8733824774;0.2518689957;-0.5710775780;-42.5000000000;-10.3750000000;-4.3750000000
9.6515388440;0.3326011110;0.9517687519;1.7180932073;1.3519819443;-0.1227593200;-44.0000000000;-10.7500000000;-3.5625000000
9.6714544905;-0.0592318882;1.3598786403;-1.8615824206;4.0185668742;0.0000000000;-44.0000000000;-10.7500000000;-3.5625000000
9.7196946895;-0.1113715700;1.3273602425;-2.8980411590;2.4822146139;-1.9119983716;-43.2500000000;-11.1875000000;-3.1875000000
9.7261615798;-0.0706928720;1.3759200196;1.5972513470;0.1907988874;1.6641106298;-42.8750000000;-10.7500000000;-4.0000000000
9.5004746346;-0.1619861792;1.3919453008;-4.1112626930;1.3209758879;2.3933215016;-44.0000000000;-9.6875000000;-4.6875000000
10.0978977933;0.5010374240;0.7975217686;1.2480574717;-4.5899825943;-1.2710638305;-43.2500000000;-10.3750000000;-3.5625000000
9.7829156543;0.1934047940;1.0915718893;3.1788605318;3.5389630252;-0.4319752302;-43.2500000000;-10.3750000000;-3.5625000000
9.6591201274;0.0596652375;1.3411017950;2.0311744465;2.5440220480;1.5934615389;-42.8750000000;-10.3750000000;-4.2500000000
9.5464297396;0.1098081360;1.1998336538;1.5733883251;1.4704364394;-0.6898519897;-44.0000000000;-10.7500000000;-4.0000000000
9.4271065378;0.0199325206;1.3079112624;0.6851667187;2.8175763037;0.1852973750;-43.2500000000;-10.3750000000;-4.0000000000
9.6634405049;0.2223568946;1.1439641965;0.9297721670;-2.0764600186;0.7412639950;-43.6875000000;-11.1875000000;-5.1875000000
9.6849928622;0.2078392568;1.1192447014;1.5625279671;2.8884044011;-0.3131867484;-43.6875000000;-11.1875000000;-5.1875000000
9.5079772023;0.2124667982;1.2627617387;1.0502135682;2.2245083395;0.6880565980;-43.6875000000;-10.7500000000;-2.5000000000
9.6568679939;0.0491865740;1.2676049725;-1.7289124621;1.0811316744;-0.5664175319;-43.6875000000;-12.6875000000;-3.1875000000
9.7518208199;0.0801501126;1.3802528391;0.1866169995;1.9642193932;1.5047711490;-43.2500000000;-10.7500000000;-4.0000000000
9.7959317713;0.3569661663;1.3002729596;-3.2370314926;1.3298689475;-3.0395546173;-43.6875000000;-10.0625000000;-3.5625000000
9.9218485937;0.2522087463;1.1824154252;4.9361855322;-1.8912653898;-1.3219144052;-43.6875000000;-10.0625000000;-3.5625000000
9.3354657799;-0.4493216433;1.6981021492;-3.6245125489;3.8339945355;1.6507878816;-44.0000000000;-10.7500000000;-4.0000000000
10.0276904002;0.0398171104;1.3415103571;2.8968230239;-1.7580992732;2.0945906990;-43.6875000000;-10.3750000000;-3.1875000000
9.5540548298;0.3218198985;1.2337663051;3.5560284542;1.0776651969;0.5014394614;-43.2500000000;-10.0625000000;-4.0000000000
9.8322035965;0.1673936993;1.1487725793;-0.5715130440;0.1251124350;-0.7445227087;-43.2500000000;-10.3750000000;-4.3750000000
9.6630147889;0.1201643339;1.2322146211;1.2557639861;3.1415201477;1.0790554112;-43.2500000000;-10.3750000000;-4.3750000000
9.7149281813;0.4010738877;1.3521315968;0.5576048522;3.6249650343;0.3134453036;-43.2500000000;-10.3750000000;-4.3750000000
9.9400820761;0.0793655670;1.5781561490;-2.8680584691;0.6865592440;-0.9412233139;-43.2500000000;-10.7500000000;-3.1875000000
9.6142092768;0.3231877951;1.1382378919;-1.3872395485;-2.2254896692;-0.6305898348;-42.5000000000;-10.7500000000;-3.5625000000
9.6787463585;0.1475297996;1.1354491207;2.0883158896;0.6304215376;0.3125598451;-42.5000000000;-10.7500000000;-4.0000000000
9.6700581858;0.2957527237;1.2127624326;0.6275845783;0.4379029546;-2.7485994862;-42.5000000000;-10.7500000000;-4.0000000000
9.4583413958;-0.0795762279;1.4390064972;2.3484222597;1.6024654854;0.2537816431;-42.8750000000;-11.1875000000;-4.0000000000
9.5706059776;0.1101317902;1.3928104923;-1.7338969431;2.2817195469;-0.5635039851;-43.2500000000;-10.7500000000;-3.1875000000
9.5182300041;0.0397256743;1.5018755259;1.5659720459;2.7941975473;0.5014335453;-43.2500000000;-10.0625000000;-4.0000000000
9.5776301487;0.1722650479;1.4021131226;0.5691336507;-0.3799963208;-0.3080122287;-43.2500000000;-10.3750000000;-3.5625000000
9.6668812207;0.3504811383;1.2478660821;2.9761453979;0.9456703681;1.4470197119;-43.2500000000;-10.3750000000;-3.5625000000
9.7105680168;0.1926255243;1.4760470304;1.4964102993;1.7387390730;0.2477551770;-42.8750000000;-11.1875000000;-4.7500000000
9.6378888532;0.0499117453;1.4129892390;-1.4640918939;-1.0538019357;0.5086547315;-43.2500000000;-10.0625000000;-4.3750000000
9.8753297645;0.1403221296;1.3012463636;2.9541977831;0.8159108374;1.2685830854;-43.2500000000;-10.7500000000;-4.5000000000
9.6389267341;0.3173624662;1.3682444197;-1.1330435784;1.6446588759;-0.2541667061;-43.6875000000;-12.2500000000;-3.1875000000
9.8812134839;-0.1110030752;1.5279811597;-1.9916844913;0.1900571570;-0.6742674185;-43.6875000000;-12.2500000000;-3.1875000000
9.6356237804;0.1201669257;1.3076550920;-0.6331034971;0.8886944792;1.0613336667;-42.5000000000;-9.6875000000;-4.0000000000
9.6000152810;0.0604411651;1.3267010314;-0.9959064107;0.5005049692;-0.2457511948;-42.1875000000;-11.1875000000;-4.7500000000
9.5869925749;0.2021810639;1.3640308802;0.6802780874;1.4643345869;0.8923073657;-43.6875000000;-10.7500000000;-5.5625000000
9.5489792008;0.1678726493;1.4821900209;-1.0170162747;2.3832295174;-1.7032858496;-43.5625000000;-10.3750000000;-6.0625000000
9.6386075567;-0.0199971879;1.5681798470;5.3464277182;3.4318822764;1.1233026348;-43.5625000000;-10.3750000000;-6.0625000000
9.9264035138;0.1784789460;1.4510015983;2.8477225286;-0.6251901665;0.5705550014;-42.8750000000;-10.3750000000;-4.0000000000
9.5576365490;0.0197701810;1.3705333657;-1.0166245227;-1.8704148274;0.2486318123;-42.5000000000;-10.3750000000;-5.1875000000
9.8650640539;0.1964028220;1.4057443961;-1.2959767258;1.6251631942;1.8924772431;-43.2500000000;-10.0625000000;-4.0000000000
9.6108170441;0.2345034863;1.4381507429;0.9833895179;0.3779621552;-1.1221871899;-43.2500000000;-11.5625000000;-4.6875000000
9.5632179830;0.1081795238;1.4399532006;-0.1257600929;2.2330306032;-1.1843055260;-43.2500000000;-11.5625000000;-4.6875000000
9.6255626553;0.0687482970;1.5650014941;-0.7979146452;0.1839670154;0.0632399993;-42.8750000000;-11.1875000000;-5.5000000000
10.0168335714;0.0303983003;1.2067510377;-5.5079707215;-2.4737558800;-0.8138307550;-43.2500000000;-10.7500000000;-6.3750000000
9.7801188898;0.0686840889;1.4630229569;-0.9905949549;3.5041228902;2.3355200972;-43.6875000000;-11.1875000000;-4.3750000000
9.6176918348;0.4035256781;1.5733268211;1.7141858213;0.4905865583;1.2440733423;-44.0000000000;-11.1875000000;-6.0000000000
9.5509752332;0.2560789082;1.4594945712;0.4409453467;-2.3868737873;0.0630322942;-44.0000000000;-11.1875000000;-6.0000000000
9.7571740807;0.2980272369;1.2704205894;0.3147977075;0.3684398197;-0.4394787996;-41.7500000000;-10.0625000000;-4.3750000000
9.6258424605;0.2292667115;1.3820785398;4.1147276297;0.5624560272;0.3714661223;-42.8750000000;-10.7500000000;-4.0000000000
9.7335813471;0.2373363167;1.3780545250;-2.6573227763;1.8620256798;-0.9278818317;-42.8750000000;-10.7500000000;-3.5625000000
9.8312260800;0.1909736902;1.4407135219;2.0990769379;-1.4405828162;0.2514914069;-42.8750000000;-10.7500000000;-3.5625000000
9.3797382877;0.3418494357;1.2638521328;0.6336020133;1.4180457907;-0.2531985491;-43.2500000000;-10.3750000000;-5.1875000000
9.8911088789;0.2399217578;1.4681094509;-0.3718518678;2.0854698480;-1.1087569242;-43.6875000000;-11.8750000000;-4.7500000000
9.8492704978;0.0000000000;1.1804699399;-2.7715586170;1.0535682809;-0.3062504755;-43.6875000000;-10.7500000000;-4.0000000000
9.6896960537;0.0892457358;1.0355657933;-2.4208591760;4.3183131711;1.3973243086;-42.5000000000;-10.3750000000;-4.2500000000
9.5895631156;0.1716696314;0.9015402480;-0.9532394913;9.9264806823;2.7176616982;-42.5000000000;-10.3750000000;-4.2500000000
9.4957774177;0.3889275893;0.7638888799;-3.8575144834;16.7503091299;0.2495135762;-42.8750000000;-12.2500000000;-4.7500000000
9.8602853012;-0.2486851185;2.1023201632;-2.7017727638;30.1939936261;2.4370129050;-42.5000000000;-11.1875000000;-4.7500000000
9.4534347776;0.2616325469;2.1302880159;3.0781274351;28.3908213826;5.6659304370;-42.8750000000;-11.1875000000;-5.5625000000
9.5146663733;0.1773780925;1.6221273847;-6.6255358423;18.5350891196;1.1337545896;-42.8750000000;-10.3750000000;-7.1875000000
9.3068718548;0.0000000000;1.6148697245;0.2507311939;29.8988331351;4.3854902383;-42.8750000000;-10.3750000000;-7.1875000000
9.0484549011;0.4358148711;1.1986392819;-6.2468415008;33.3551365577;4.7214307995;-42.1875000000;-10.7500000000;-7.5625000000
8.7457940856;0.1301682892;1.6644645376;-18.7391959924;47.7550449642;5.3772928035;-42.8750000000;-11.5625000000;-8.7500000000
9.2011502708;0.2894224264;2.1561909386;-4.8646372483;61.8661949430;9.3583270862;-42.1875000000;-11.5625000000;-9.5625000000
8.1965975611;0.7410192642;2.2882630633;-7.1869021637;60.2135972885;8.1914693836;-41.3750000000;-11.5625000000;-12.0000000000
8.8719844364;0.4510412096;3.4415774563;-18.2421805491;73.8097331726;1.2411269072;-41.3750000000;-11.5625000000;-12.0000000000
7.5248242655;0.6391857892;3.6436919537;-10.8219445277;82.4345081588;1.7777941259;-39.8750000000;-11.5625000000;-14.6875000000
7.8946351936;0.5598295243;4.6638096554;-11.1696654852;76.1046767293;-6.5874609631;-38.5000000000;-11.8750000000;-16.2500000000
7.8177522725;0.3410778464;5.3128520784;-13.6720645717;92.9768470468;-2.5183576272;-37.0000000000;-11.1875000000;-19.5000000000
7.2120252824;0.0000000000;6.0330107980;-16.3038546601;83.2834135991;-4.4035936475;-35.7500000000;-11.1875000000;-22.2500000000
7.6689897374;-0.1395073938;7.4861406069;-5.6369306924;95.3727127921;1.6695807598;-35.7500000000;-11.1875000000;-22.2500000000
6.1285281074;-0.2088567580;7.3220836655;-3.2688655489;84.3381938207;3.2613590223;-33.6875000000;-12.6875000000;-25.1875000000
6.3176258892;0.3949055353;6.6518869002;-7.3110433810;54.6415637138;-2.3278481204;-32.5000000000;-10.7500000000;-27.0625000000
6.2307012234;-0.9628318693;8.3407288640;-13.4548251410;78.8997533641;3.2824427248;-30.6875000000;-12.2500000000;-27.8750000000
5.1487023708;0.4675903957;7.7383396619;8.6464337106;62.7172830410;3.3639113381;-28.6875000000;-11.5000000000;-29.8750000000
5.9038191249;-0.1835617238;7.2399773655;-28.4493450553;36.4878357414;-4.8236775431;-28.6875000000;-11.5000000000;-29.8750000000
5.0120877766;-0.5168874190;8.3717985650;-3.0649742325;79.0593676028;0.5098186223;-27.1875000000;-11.0625000000;-32.2500000000
4.5673871176;-0.0992853705;8.3006415543;-2.0963995478;58.6170176798;0.9198356225;-26.5000000000;-11.0625000000;-33.8750000000
4.7616954675;-0.2103185167;8.9467777068;-7.8413818755;58.4787802234;-3.2713111693;-23.1875000000;-11.0625000000;-35.7500000000
4.0025331772;-0.1513208363;8.8048188158;2.5947611105;63.9384475821;0.9524515026;-21.6875000000;-10.6875000000;-35.5000000000
3.8884048108;-0.3430143213;8.5536611674;-13.6795712550;47.1023898847;-7.5315054675;-21.6875000000;-10.6875000000;-35.5000000000
3.3691278769;-0.8203244701;9.6990898399;2.0630883455;65.6475948676;0.9364491589;-19.8750000000;-10.0000000000;-37.8750000000
3.2100220984;-0.6220531831;9.7479888733;-0.0616631146;49.2327770339;-2.2216331718;-19.0625000000;-9.5625000000;-38.5625000000
2.9342303746;0.0589499589;9.1060203345;-4.2438168091;52.7174148162;-1.9457162246;-16.1875000000;-9.1875000000;-39.6875000000
2.2767657631;-1.1366722563;10.0204948189;-14.5828543179;62.3695976474;-0.5530086477;-15.0625000000;-10.0000000000;-39.7500000000
2.0304838237;-0.1397458647;10.0730815392;7.2879504159;51.6129849939;0.4401172698;-15.0625000000;-10.0000000000;-39.7500000000
2.1787473147;-0.7428469633;10.6701760860;-12.2385427989;42.4890704603;-1.6467349068;-12.8750000000;-8.8750000000;-40.0625000000
1.5377487542;-0.6222201765;10.4607159872;5.3781735058;44.4126590476;2.5874846117;-11.0000000000;-9.2500000000;-41.2500000000
1.5048606841;-0.5215699884;10.7274667972;1.9452734303;29.3776755576;-0.6917726158;-9.0625000000;-9.2500000000;-41.2500000000
1.4990417433;-0.3624835623;9.7703606449;-5.1397141117;22.3437540754;-1.8990964286;-8.3750000000;-9.2500000000;-42.1875000000
1.3208022861;-0.5229811892;9.8822824072;0.1897477133;29.7391591319;-0.6186302194;-8.3750000000;-9.2500000000;-42.1875000000
0.8064184195;-0.5202941557;9.6482836876;-2.0135462566;18.7590520618;-0.9866665517;-8.0625000000;-9.2500000000;-43.0000000000
1.0624084163;-0.4460815139;10.1137958125;-1.0115439906;16.4729073540;-2.1474562016;-6.5625000000;-8.8750000000;-43.6875000000
0.9224902641;-0.6731497450;10.1236781178;-2.0045891303;17.4593445727;-1.8206089456;-5.7500000000;-9.5625000000;-42.8750000000
0.5542127894;-0.5108714229;10.7992523280;2.6580066007;16.5487695517;-1.6313066475;-5.3750000000;-8.8750000000;-43.6875000000
0.9126066512;-0.5794055359;10.5738824365;-6.4942239098;-6.6915696920;-3.5033527411;-5.3750000000;-8.8750000000;-43.6875000000
0.7604815541;-0.5978342940;9.2710475922;-3.3712885032;-2.9647920284;-2.1071589372;-5.3750000000;-8.8750000000;-44.0625000000
0.8653506337;-0.8541129501;9.8268155934;1.4947303574;2.1345326617;-1.2902300496;-5.0625000000;-8.8750000000;-43.2500000000
0.8230798134;-0.6306952872;10.1097786489;1.7366558249;4.1986617618;-0.2478394675;-5.3750000000;-8.5000000000;-43.2500000000
0.6398624628;-0.5127593514;9.7038492258;-0.8868393015;-0.4927984496;0.0625112050;-5.3750000000;-8.5000000000;-43.2500000000
0.7325477750;-0.5201876985;9.6907410627;2.0383854154;-0.3072976545;-1.9945854382;-5.0625000000;-8.8750000000;-43.6875000000
0.8336974614;-0.5985208882;9.5540016460;-0.8848082942;0.8045835306;-0.4407223471;-4.3750000000;-8.5000000000;-44.5000000000
0.7295419347;-0.7348098394;9.8182589040;3.4298528054;0.4412610434;-1.1982578908;-5.0625000000;-8.5000000000;-43.6875000000
0.7964235392;-0.4458910089;9.7091839748;-1.1652451552;-2.0037443342;-0.6937726426;-5.5000000000;-8.8750000000;-44.5000000000
0.8830882244;-0.7019133515;10.0063086519;-1.9689808185;-0.4365052324;-1.1676021767;-5.5000000000;-8.8750000000;-44.5000000000
0.7676035086;-0.7653520340;9.8410464877;-0.6258025241;-1.3752448916;-1.0788371828;-4.7500000000;-8.1875000000;-42.8750000000
0.7324869932;-0.5210691085;9.6466902063;0.5632850022;-0.4312930138;-0.5088328343;-5.1875000000;-7.7500000000;-43.6875000000
0.8237047982;-0.6375791014;9.7716359274;-0.8774836912;-0.3108038733;-2.4817478547;-5.1875000000;-8.8750000000;-43.2500000000
0.8510486406;-0.8158516793;9.8372768704;2.2652081285;1.3247721447;1.0562901677;-4.7500000000;-8.5000000000;-43.2500000000
0.8646598695;-0.4915901961;9.5990347388;2.7800982670;-0.1866471769;1.7665120844;-4.7500000000;-8.5000000000;-43.2500000000
0.8873257415;-0.4503128424;10.0148106800;1.6032221288;1.0765362718;0.8117172206;-5.8750000000;-7.7500000000;-43.2500000000
0.6782246268;-0.2850591858;9.5161101530;1.1179360971;1.9744544873;-1.1203730009;-5.8750000000;-8.1875000000;-43.2500000000
0.7553787645;-0.6501219974;9.7403842222;-6.0055698021;-1.5314499048;-1.8621743396;-5.3750000000;-8.1875000000;-42.3750000000
0.7417737039;-0.7572964126;9.7262767226;-0.8070536835;-0.4398137051;-1.6555728199;-5.3750000000;-8.5000000000;-43.6875000000
0.7582087247;-0.7234399752;9.7401030496;0.1843632623;-0.1234937836;-0.9508078151;-5.3750000000;-8.5000000000;-43.6875000000
0.7333578603;-0.5192578092;9.7185827588;2.7366755689;0.8060615729;0.0000000000;-4.6875000000;-8.1875000000;-43.0000000000
0.7890021594;-0.5198134126;9.8335462263;1.3863616825;-0.1225853693;0.8156374186;-4.6875000000;-8.5000000000;-43.0000000000
0.8585499454;-0.3833709146;9.8804987930;0.6156331890;-0.2468854027;-1.2422841471;-5.0625000000;-9.2500000000;-42.5000000000
0.7352390604;-0.7456822447;9.8251262971;-4.0020106364;0.9439156546;-1.4304807636;-5.7500000000;-7.7500000000;-43.6875000000
0.7822504090;-0.8173923329;9.5711110214;-0.3115764270;0.0614341746;-0.1900024003;-5.7500000000;-7.7500000000;-43.6875000000
0.7416544672;-0.3359537026;9.5206162351;3.6752886166;1.0063523735;0.5517411477;-5.0625000000;-8.1875000000;-43.2500000000
0.7910104136;-0.5332091301;9.6304967583;-2.9122095162;0.4940709566;-1.0479558413;-6.1875000000;-8.8750000000;-43.0000000000
0.8266282011;-0.8806862748;9.7890216582;-1.9065711420;-0.4319302844;0.3180219671;-5.0625000000;-8.5000000000;-44.0625000000
0.7234944746;-0.5372301230;9.8000502828;2.5164452582;0.8834529342;0.4303851401;-4.6875000000;-8.1875000000;-42.5000000000
0.6831458308;-0.6052714769;9.6119752893;2.3016233667;1.2728013104;-0.1267735414;-4.6875000000;-8.1875000000;-42.5000000000
0.7769212870;-0.4761264840;9.8136485623;-0.6987969651;-0.1891661186;0.0615551727;-5.0625000000;-7.7500000000;-43.2500000000
0.7890982334;-0.7395248238;9.4571403423;-2.0284271134;0.4385092625;-1.1095074610;-5.0625000000;-8.1875000000;-42.0625000000
0.7878609459;-0.6628050544;9.7271794897;1.3231796190;-0.0623245507;0.2465832298;-5.3750000000;-7.7500000000;-43.2500000000
0.6972460657;-0.4377466171;9.8875919787;3.6375447276;1.7096041148;0.0622634661;-4.6875000000;-7.7500000000;-44.0625000000
0.8281786617;-0.4426827012;9.5258259031;1.0759004374;-1.1207529943;0.6356793969;-4.6875000000;-7.7500000000;-44.0625000000
0.7562088058;-0.5584592582;9.9755012407;-1.7686029668;1.5284772686;-0.6743587864;-4.6875000000;-7.7500000000;-42.5000000000
0.6882887736;-0.7362310321;9.8474074743;0.3113727435;-0.3149879400;-0.3164088926;-5.1875000000;-7.7500000000;-43.6875000000
0.9151889935;-0.5501837094;9.7404654773;1.9078798845;-0.6324889298;0.5528714683;-5.1875000000;-9.2500000000;-43.6875000000
0.6796003773;-0.4562467543;9.9804953831;0.0000000000;1.6266303468;-0.3692132316;-4.6875000000;-9.2500000000;-43.2500000000
0.7947128772;-0.6491512698;9.4013749865;-1.6048987402;-1.2962471654;0.0613036100;-4.6875000000;-9.2500000000;-43.2500000000
0.7038198449;-0.5368345218;9.9102902770;2.4721441991;1.2260005810;0.0000000000;-5.5000000000;-9.2500000000;-42.8750000000
0.6946460921;-0.4278677428;9.5952046546;2.3018130746;0.3686758648;1.0033672728;-5.0625000000;-8.1875000000;-42.8750000000
0.8295786208;-0.5411215577;9.6304633113;-0.8088020728;-0.1264001325;-0.8665897362;-4.6875000000;-8.1875000000;-44.0625000000
0.7017055185;-0.6232824925;9.7373052761;-0.3157095351;-0.3118286932;0.3762667985;-5.3750000000;-9.5625000000;-43.2500000000
0.7346207087;-0.6743280456;10.0055548801;-1.0709429611;-0.8173803857;0.1906474248;-5.3750000000;-9.5625000000;-43.2500000000
0.7229959484;-0.4621714311;9.8181202010;0.1866977484;-0.1849382265;-0.1844062299;-5.0625000000;-8.8750000000;-42.5000000000
0.7565139978;-0.5000355526;9.7953570629;-1.6592361782;0.1237218974;0.3773799966;-5.0625000000;-8.1875000000;-44.5000000000
0.7820540849;-0.5382117753;9.6511196944;0.6998585113;0.3132081030;-0.4332859424;-4.6875000000;-8.5000000000;-44.0625000000
0.7443627063;-0.5193022486;9.7683228835;-2.0644763522;-0.7563915969;-0.1272816018;-5.3750000000;-8.5000000000;-44.0625000000
0.7596324469;-0.6639028967;9.9002813293;0.5590154326;0.3743112504;-0.7360407677;-5.3750000000;-8.5000000000;-44.0625000000
0.7645923279;-0.5442181235;9.5735841806;2.7814443094;0.6836427641;0.0633363050;-4.3750000000;-8.8750000000;-43.6875000000
0.7820963175;-0.5276072381;9.5424051248;-2.2308349406;0.1910597151;0.4444192065;-4.3750000000;-8.1875000000;-43.2500000000
0.7759683002;-0.5497460657;9.6730740572;-3.0532571560;-0.4932493445;0.2500143608;-4.6875000000;-8.5000000000;-42.8750000000
0.7412597198;-0.7364135459;9.7576265859;1.9796171177;0.3083901971;-0.3810466131;-5.3750000000;-8.5000000000;-44.0000000000
0.8319814388;-0.4071295350;9.5894563941;-1.5358925015;0.0000000000;0.5639927822;-5.3750000000;-8.5000000000;-44.0000000000
0.7201491211;-0.5751614819;9.7538115173;-2.5223065034;0.4355102472;-0.7452867686;-5.3750000000;-8.8750000000;-43.2500000000
0.7746749296;-0.6656239002;9.8423014588;3.0022340326;-0.9347273803;0.0000000000;-4.6875000000;-8.8750000000;-43.2500000000
0.8264486297;-0.4292519864;9.6476984249;-0.9445156830;0.7386990190;-0.0619901675;-5.0625000000;-8.5000000000;-44.0000000000
0.6906958876;-0.4933196333;9.6623545835;0.5699295984;0.0000000000;0.3777489517;-4.6875000000;-8.8750000000;-44.0000000000
0.7285211773;-0.5114784312;9.5781309989;-1.4370827434;-0.5683478561;-0.4949033308;-4.6875000000;-8.8750000000;-44.0000000000
0.8739729774;-0.6564624858;9.5079132294;0.9211999683;-1.1141577011;-0.3121417846;-6.1875000000;-8.1875000000;-43.2500000000
0.7930281150;-0.4786865197;9.6172434804;0.6204932855;0.1897242749;0.2500944696;-4.6875000000;-8.8750000000;-42.5000000000
0.8069286264;-0.4536990675;9.7572643528;0.3790693184;0.1232396840;-0.0614409462;-5.3750000000;-8.1875000000;-42.8750000000
0.7611338916;-0.4585627753;9.5163717272;-1.2024265382;0.3697272253;-0.6979350144;-5.3750000000;-8.1875000000;-42.8750000000
0.7409686962;-0.5681222173;9.9217803902;-2.6121331524;-0.6316896907;-0.5039743579;-5.0625000000;-8.8750000000;-44.5000000000
0.7719018713;-0.6576608124;9.5409887011;0.3064315768;0.6770134658;0.3164584503;-5.0625000000;-7.7500000000;-44.8750000000
0.7377928005;-0.5861005819;9.8175721585;-1.0724754412;-0.1839144775;-0.8178423351;-5.0625000000;-9.1875000000;-43.5625000000
0.7416396769;-0.6014995132;9.6394402462;-3.2956243256;-0.6248200476;-0.2500548947;-5.3750000000;-8.1875000000;-43.6875000000
0.7685666063;-0.6299097075;9.8395490627;2.8213560848;0.4999648514;0.7384596928;-5.3750000000;-8.1875000000;-43.6875000000
0.8410189913;-0.5404012152;9.8143349984;1.3513296620;-0.5650226812;-0.3817871277;-5.0625000000;-8.1875000000;-42.7500000000
0.7933734187;-0.4591827465;9.6974176489;-0.6331401111;0.2471979344;0.5014356270;-5.0625000000;-8.5000000000;-44.0625000000
0.7693931350;-0.4625443254;9.7111561153;1.2476056866;-0.7620023888;-0.6737632730;-5.3750000000;-8.5000000000;-44.0625000000
0.7967802629;-0.6338243843;9.8090638253;1.6386042418;1.3053825157;-0.3151051835;-4.6875000000;-8.1875000000;-44.5000000000
0.7537631896;-0.3723291239;9.6864018282;-0.6249038952;-0.1883694331;-0.2510625702;-4.6875000000;-8.1875000000;-44.5000000000
0.8069334275;-0.9683582034;9.9940101177;-3.5147899796;-0.3097280917;-0.0614313076;-5.0625000000;-8.5000000000;-43.2500000000
0.7410519449;-0.5560427468;9.5370151574;1.6062850152;0.3159620577;0.9492916563;-5.0625000000;-8.8750000000;-42.5000000000
0.7397920190;-0.4970670287;9.6051606600;-2.2276141135;0.1266735173;0.1862054152;-5.0625000000;-8.5000000000;-43.2500000000
0.7336941030;-0.5994397758;9.6744363696;-1.5914789195;0.0000000000;-0.0624345816;-5.3750000000;-8.5000000000;-42.5000000000
0.7959523327;-0.6351918659;9.7886863897;-0.1908203855;0.1898869044;-0.6223521749;-5.3750000000;-8.5000000000;-42.5000000000
0.7948771037;-0.5808519584;9.7839275762;-0.7630805535;0.0622960869;0.1908399353;-5.0625000000;-8.5000000000;-43.2500000000
0.6857395271;-0.6090150049;9.6583521650;-1.0190416357;0.1243022461;0.0000000000;-4.6875000000;-8.8750000000;-42.8750000000
0.7574230614;-0.7999585648;10.0277998106;3.4605670361;-0.2493455031;0.3138851900;-5.7500000000;-8.5000000000;-43.6875000000
0.7180998459;-0.5292485231;9.7953664199;0.8089608136;0.6827206617;-0.8598889779;-4.6875000000;-8.8750000000;-44.8750000000
0.7809286537;-0.6605654840;10.0067024517;-1.6908178485;0.0000000000;0.1912064797;-4.6875000000;-8.8750000000;-44.8750000000
0.7488320793;-0.6118168256;9.6892396540;0.3812014468;0.3681258907;1.0703430499;-4.6875000000;-9.2500000000;-43.2500000000
0.7535302852;-0.5386798138;9.7335072192;-1.2349788608;-0.2462601299;-0.8147841785;-5.3750000000;-9.2500000000;-42.8750000000
0.7864450432;-0.4634239392;9.6335046710;3.0076319076;-0.6954644733;0.9903462765;-5.0625000000;-8.5000000000;-44.0625000000
0.7540383339;-0.3735974999;9.7058644278;-0.8033131128;0.8764062430;-0.1877829701;-5.0625000000;-7.7500000000;-43.5625000000
0.7945674930;-0.7361671208;9.7145820264;-0.6322486468;-1.0186685706;-1.2909177672;-5.0625000000;-7.7500000000;-43.5625000000
0.6932341059;-0.6044506076;9.5266308595;1.9843449613;1.1426022075;-0.0637233585;-4.6875000000;-8.5000000000;-43.6875000000
0.7360107136;-0.5544342709;9.9094810630;-0.1867376266;-0.6278602638;0.6339537044;-4.6875000000;-8.1875000000;-44.0000000000
0.7214688150;-0.4910814883;9.8081036304;1.1226483898;0.3800947154;-0.3151276381;-4.6875000000;-9.1875000000;-44.0000000000
0.7539975561;-0.6695238724;9.8053918311;-0.0633499540;-0.1875059195;-0.3145593231;-5.7500000000;-8.5000000000;-43.2500000000
0.8015703940;-0.6412730325;9.7270038786;-0.8200179116;0.3128310564;0.8623172819;-5.7500000000;-8.5000000000;-43.2500000000
0.6939142550;-0.5580162819;9.7512945688;1.5701838197;-0.2477147594;0.1260502423;-4.6875000000;-8.5000000000;-42.5000000000
0.7107842553;-0.4751987839;9.6057036725;-1.2079234800;0.0000000000;-0.2537654200;-5.3750000000;-8.5000000000;-43.6875000000
0.7640418187;-0.6315621858;9.8496862293;-2.2963677255;-0.3716737520;-1.0585068397;-5.7500000000;-8.8750000000;-44.0625000000
0.8193853783;-0.7477730421;9.6368181661;0.2500278364;-0.1251094063;0.1231798564;-4.6875000000;-8.8750000000;-42.8750000000
0.8142648673;-0.4362471857;9.7416687139;2.8938115087;0.1899742497;-0.1250776528;-4.6875000000;-8.8750000000;-42.8750000000
0.8277055592;-0.4850591357;9.8270036169;0.4305452520;-1.4572196595;0.7456212976;-5.3750000000;-7.3750000000;-43.5625000000
0.7261789603;-0.5093621450;9.7634146215;2.0511255001;0.9317019152;-0.0626380790;-5.0625000000;-8.1875000000;-43.2500000000
0.7110554376;-0.3171807558;9.4562934557;-0.2535980493;0.0629934969;-1.3893239446;-5.7500000000;-8.1875000000;-45.0000000000
0.8098474044;-0.6139186885;9.7426802031;0.1850720065;-0.5082457407;-0.7443785209;-5.3750000000;-8.1875000000;-43.5625000000
0.7951041516;-0.6314789745;9.7591478224;-0.6266232527;0.0620859868;-0.3163310831;-5.3750000000;-8.1875000000;-43.5625000000
0.7446847396;-0.7532440759;9.8752151333;-0.7372102398;0.4379780091;0.2452646017;-5.0625000000;-8.8750000000;-44.0625000000
0.7624327444;-0.5632580161;9.7463270031;1.9342130587;0.3790623611;0.3093368662;-5.0625000000;-8.5000000000;-43.2500000000
0.7600006798;-0.4552894699;9.8988695401;-2.0790023318;0.1853972157;0.1238872778;-4.6875000000;-8.8750000000;-44.0000000000
0.7646768546;-0.4656945420;9.5648669709;-1.6555545962;-0.3684349513;0.1241353206;-5.0625000000;-8.5000000000;-43.2500000000
0.7956161770;-0.4753751938;9.4813074131;2.5617973067;-0.3137500292;0.0000000000;-5.0625000000;-8.5000000000;-43.2500000000
0.7495692674;-0.3224273926;9.5252410706;0.9351988571;-0.1905638946;-0.2450423737;-4.6875000000;-8.1875000000;-43.2500000000
0.7595159710;-0.6321901224;9.9408849880;0.1873832856;0.5574391588;-1.7025410181;-4.6875000000;-9.2500000000;-42.8750000000
0.7851670209;-0.8360295962;9.5634983668;1.6770127193;0.0000000000;-0.9806638889;-4.6875000000;-8.1875000000;-43.2500000000
0.7955196766;-0.5916071584;9.7123855510;1.1161092269;0.1228250793;1.0033096576;-5.0625000000;-9.5625000000;-44.5000000000
0.6867623691;-0.6320992337;9.7025299931;1.0486178095;0.4379228757;1.1719983593;-5.0625000000;-9.5625000000;-44.5000000000
0.8169723936;-0.4900936684;9.6756711149;0.7368499866;-0.3704819147;1.7273654781;-5.3750000000;-8.5000000000;-43.2500000000
0.7670374442;-0.2648004545;9.8005303814;0.3064860698;0.8651810460;-0.1897959554;-5.7500000000;-9.1875000000;-42.8750000000
0.8116996599;-0.4902318175;9.6416004103;-0.2481906561;-0.8599196796;-0.0621498787;-4.6875000000;-10.0000000000;-44.0000000000
0.7531640892;-0.5634665919;9.6899461084;0.3162783883;0.1863450940;-1.5296099977;-5.7500000000;-9.2500000000;-44.5000000000
0.8010114487;-0.5390495718;9.7648554916;0.0000000000;0.0000000000;0.1268154680;-5.7500000000;-9.2500000000;-44.5000000000
0.7535150065;-0.9093847817;9.9566660794;-0.1270308067;1.0021863671;0.1243946451;-5.0625000000;-8.5000000000;-42.8750000000
0.6363099138;-0.4726117791;9.8075826267;2.2717000925;0.0000000000;1.3798243855;-5.3750000000;-8.8750000000;-43.2500000000
0.8370125646;-0.7321850381;9.7892166877;-0.7576793135;-2.4109482133;2.6602085851;-4.3750000000;-8.8750000000;-42.5000000000
0.7672656017;-0.1484343600;9.6581367661;3.1185356607;0.0612578999;1.1972979631;-4.3750000000;-8.8750000000;-42.5000000000
0.6526921378;-0.2943684891;9.6361269178;1.3028717824;-2.0384861907;1.2694090455;-4.6875000000;-9.1875000000;-42.5000000000
0.8595718527;-0.6321274815;10.0321237849;2.0355457577;-2.3569492099;-1.8257886377;-5.0625000000;-8.5000000000;-42.7500000000
0.8184987038;-1.0379247087;11.5387337799;26.1468269413;-7.0883199951;-0.9487869445;-4.6875000000;-8.8750000000;-44.5000000000
1.2378865169;0.9695696528;12.1990543627;35.2321454692;-27.4840499475;-3.4005280857;-5.3750000000;-8.8750000000;-42.8750000000
1.5862545137;-0.1809720434;14.9294131670;23.6929613874;-37.0259185108;0.1225408004;-5.3750000000;-8.8750000000;-42.8750000000
0.6425669834;1.1838284112;15.0095649059;18.8631665689;-88.5241661247;-7.7577437257;-6.1875000000;-11.7500000000;-43.2500000000
1.0404468764;0.5578549935;17.2464781185;22.3006508648;-134.7526999411;-17.2534097048;-8.3750000000;-12.5625000000;-42.0625000000
0.4841701753;1.0253991138;12.7822152800;-1.3064074407;-217.8925258834;-39.9102182194;-11.0000000000;-13.0000000000;-40.7500000000
1.1931003934;0.0200980196;9.9421355625;2.4592448417;-255.5688373874;-46.6377009654;-18.5000000000;-13.2500000000;-38.0000000000
2.0095499897;0.1219355324;6.5136320185;-25.0881599843;-281.8444687279;-50.9089950526;-18.5000000000;-13.2500000000;-38.0000000000
2.8355362355;-0.1408115090;4.3566287008;-2.3745588228;-258.1979121142;-38.4193459975;-25.5000000000;-11.8750000000;-31.6875000000
5.7856457118;-0.0915402659;3.4428434612;3.1051187198;-259.0937830657;-35.9513781869;-33.7500000000;-9.6875000000;-25.7500000000
6.3656552135;0.3320866985;1.2274273816;39.2204595813;-238.3891461634;-30.4002297419;-39.3750000000;-7.8750000000;-16.6875000000
5.4059744477;-1.3400062962;-0.6314756646;15.8953757943;-221.3359326190;-37.6418580336;-42.7500000000;-7.0625000000;-9.6875000000
6.8648225664;-1.4106860955;-4.9875896934;-11.0889161967;-236.9644093459;-6.8382070708;-42.7500000000;-7.0625000000;-9.6875000000
7.8697935553;-2.5739106535;-7.9219882296;-14.7398023788;-147.5494892774;10.5266263562;-44.5625000000;-6.3750000000;-1.2500000000
7.2502602272;-2.0701718853;-7.4444934543;6.8774057763;-11.3818529855;24.1919431914;-44.5000000000;-6.3750000000;5.0000000000
6.8655686431;-0.4294816725;-6.4349974467;-1.4123700733;58.4699996752;23.4269502067;-44.0000000000;-6.3750000000;8.1875000000
8.0433471846;-0.3284531601;-4.8094982424;-8.1346935961;104.8017041081;17.5909960928;-43.8750000000;-7.0625000000;6.2500000000
7.4198279165;-0.5298381431;-2.3971321036;-16.2573234394;160.4956754600;13.3846147533;-43.8750000000;-7.0625000000;6.2500000000
7.2114140131;-0.9415546014;-1.3333939407;-38.7339693199;175.5092004252;12.4280897646;-43.6875000000;-7.5000000000;2.6875000000
6.8506037726;-1.2617921056;0.8816158225;-18.9817033278;233.2466467044;35.2807197223;-43.3750000000;-8.5625000000;-2.7500000000
4.0472023569;0.2702069735;3.1247345649;5.5395311673;259.7984652135;49.1817115910;-41.3750000000;-9.0000000000;-9.8750000000
5.5793032242;0.4064480308;4.9575928656;-20.0335651536;220.1292700688;28.8826522804;-38.7500000000;-10.0625000000;-17.5625000000
2.4236662364;0.3073897615;8.5869995376;1.1026560494;297.0269830514;44.6632234532;-38.7500000000;-10.0625000000;-17.5625000000
2.2377716326;0.6615845878;10.4646516473;-37.4499658710;173.0748403922;24.3179624186;-34.3750000000;-11.1875000000;-25.5000000000
3.1751273094;-0.4217568883;10.1737089789;-57.2287513874;189.1030172066;14.4322522626;-26.3750000000;-13.7500000000;-32.1875000000
1.1866651607;-0.8586836485;14.3029273433;3.7890605734;225.1803739623;31.0437394567;-21.8750000000;-12.2500000000;-35.0625000000
0.1934182811;2.5425285672;11.7792150875;9.1261868376;172.3369722654;14.5299779688;-14.3750000000;-12.6875000000;-39.5000000000
0.8862494617;-0.7094346545;13.8160984653;-25.5263407850;125.9734438197;5.5982831286;-14.3750000000;-12.6875000000;-39.5000000000
-0.8927149465;1.1464410094;12.9070010409;-13.2653836677;131.2042131779;14.9868535265;-7.7500000000;-12.6875000000;-41.0000000000
-3.8934695114;-0.6964535436;23.1007104603;-1.9557773524;16.8485766820;-8.5495251095;-2.8750000000;-12.6875000000;-43.3750000000
-0.5003414456;0.1972859312;11.0146573810;-3.7554732153;-23.5460780030;-7.4747936217;0.2500000000;-11.5625000000;-43.2500000000
-0.1996497251;0.4799525485;12.9737018906;16.0377031522;-36.4643378677;-11.4954898966;-0.7500000000;-10.7500000000;-44.5625000000
-0.6793889492;0.9914311046;15.7045640760;41.7295812352;-52.3589940543;-17.3040129508;-0.7500000000;-10.7500000000;-44.5625000000
0.2594473154;0.6236511381;13.2335640938;2.2577143578;-140.3860191568;-33.0186604973;-2.6875000000;-11.1875000000;-43.2500000000
0.9219729081;-0.6754379519;12.4461263520;31.2206909040;-150.8012406634;-29.1668323240;-5.5625000000;-12.2500000000;-41.5625000000
0.7525926969;0.5301401010;10.7713347933;24.9156320780;-168.8372302147;-32.0265588067;-10.3750000000;-12.6875000000;-39.2500000000
1.6448235501;0.1900017683;9.0560958393;10.2778827057;-201.1874193644;-37.8564508984;-16.5625000000;-13.3750000000;-37.2500000000
2.8657544958;0.2065470289;9.1590711967;26.3093560692;-193.0422499308;-26.9713753431;-16.5625000000;-13.3750000000;-37.2500000000
4.2529126559;-0.1823293243;6.4212968177;9.3704577810;-231.2828177337;-49.5559183789;-23.2500000000;-12.7500000000;-35.6875000000
6.1485169480;0.1187716094;4.8080977156;14.4237527106;-203.2313018835;-30.2986724212;-28.3750000000;-13.1875000000;-28.5625000000
6.1920798065;-0.2382195652;3.7200154818;22.5337503378;-176.6791144777;-25.5943871555;-34.0625000000;-12.3750000000;-22.6875000000
7.2798348026;0.0000000000;2.7031608249;13.1683968920;-189.3150201402;-32.9036798748;-34.0625000000;-12.3750000000;-22.6875000000
8.1746943046;-0.2934091316;1.3010011616;-7.8475197464;-159.1601090175;-23.2825817052;-37.7500000000;-11.0000000000;-16.6875000000
7.6155567374;-0.9723120020;0.4120026379;16.6694881644;-142.1432874199;-12.8669280622;-41.1875000000;-10.2500000000;-11.5625000000
8.8341584980;0.0392418411;-0.4160224848;43.6325704508;-129.6120818707;-6.2487544790;-43.5000000000;-9.5625000000;-6.5000000000
8.4722122539;-0.9622951686;-1.4541956697;5.6459809656;-120.9511867833;-9.6694667149;-43.5000000000;-9.1875000000;-2.1875000000
9.0880551562;-0.5437535003;-1.9047305308;26.9634035999;-85.0821196072;0.3809455043;-43.5000000000;-9.1875000000;-2.1875000000
8.3219191497;-1.2074396724;-2.6829377649;-1.4100657900;-71.0435796857;-5.6150412061;-44.0000000000;-7.6875000000;3.2500000000
9.1806964781;-0.2236968753;-4.7059528577;-0.1857500754;-50.6668867452;5.6715788730;-43.6875000000;-8.7500000000;5.6875000000
8.5971352444;-0.7239167779;-4.8122136208;-30.9020411185;19.4819951069;7.0080985454;-43.6875000000;-8.5000000000;7.2500000000
7.8004048136;0.0905211693;-3.9021136250;-5.1054190511;56.4731894778;8.0379187230;-43.5625000000;-8.5000000000;8.7500000000
8.2256328677;0.0801933957;-2.9871403196;-30.6531309317;72.2611207157;-3.5042726808;-43.5625000000;-8.5000000000;8.7500000000
8.3071074860;-0.5246131213;-2.2262567742;-41.9366617412;97.7721147844;-8.6731570415;-43.5625000000;-9.1875000000;6.8750000000
8.6787721515;-1.0500602027;-0.8628337951;-22.1818844383;116.9234617547;-1.8613020509;-44.2500000000;-8.5000000000;3.6875000000
7.9740665714;-0.9367925227;0.3380152201;-31.0065308468;146.2299274951;7.7833977751;-43.5625000000;-8.7500000000;-1.0625000000
6.8480817640;-0.6406172206;0.7990674230;-34.7464979277;142.0636637181;10.7090130969;-43.2500000000;-8.0625000000;-5.0625000000
8.3392710724;-0.5051926503;2.5685109707;-23.5076181491;197.1444354363;17.8808768210;-43.2500000000;-8.0625000000;-5.0625000000
5.7609242558;-0.5763820509;4.4903367703;-26.0304037320;208.7925470737;22.1509319539;-42.5000000000;-8.7500000000;-9.7500000000
6.2246038980;0.1784199063;5.1805731946;-23.6088336340;198.4902109711;21.9132566197;-39.8750000000;-9.8750000000;-16.5625000000
3.9364599776;-0.6530154817;8.1068858364;-6.8982400274;256.6872881106;32.4890686675;-35.6875000000;-9.8750000000;-22.5625000000
3.2241683497;1.0865842466;8.8759352919;-9.4188217151;173.0461508140;27.5162475291;-30.5000000000;-10.8750000000;-29.2500000000
4.3039050681;-0.5232120698;10.2916771853;-54.0388537844;180.8493653793;11.7834038679;-30.5000000000;-10.8750000000;-29.2500000000
1.7092944972;0.4018415685;11.4969813767;37.2442058751;201.6328497804;23.7483205229;-24.6875000000;-12.7500000000;-33.6875000000
1.3836623465;1.1822455286;10.7378499927;-54.9023946075;127.7695463351;2.8601449779;-19.5000000000;-10.5000000000;-37.1875000000
1.0929044115;-1.5189448927;12.8717685223;7.1832615704;148.1955860447;9.9560183134;-12.6875000000;-11.2500000000;-40.3750000000
0.0697890437;0.4622898903;11.8591576966;-3.4249975325;95.9968113224;-1.1433659190;-7.8750000000;-9.7500000000;-42.0625000000
0.5710287420;-0.8823207931;12.0795097065;-18.9878252303;90.3860260209;4.4391776694;-7.8750000000;-9.7500000000;-42.0625000000
-0.7655793462;-0.7620431769;11.3736561743;-11.5942886551;64.8361981823;5.4999738866;-4.5625000000;-10.5000000000;-44.0625000000
-1.3979101142;-0.2013072660;16.3286190347;0.6797850308;-20.5429574087;-1.5022046153;-1.1875000000;-9.5000000000;-44.7500000000
-1.0002870467;-0.3009494755;12.3415848529;2.6160003770;-13.7148874409;-6.1434478766;0.5000000000;-9.7500000000;-44.7500000000
-1.3450385959;0.3161668226;16.9103009588;32.5164506916;-50.0579452884;-7.9352964561;-0.1875000000;-9.0625000000;-44.6875000000
-0.6017613768;0.5580853516;15.3659788399;15.9284264283;-143.4047106265;-30.5705864851;-0.1875000000;-9.0625000000;-44.6875000000
-0.5849451273;0.3218585367;12.9971928756;21.6584468648;-184.2946515888;-37.4195901853;-1.0000000000;-10.1875000000;-43.0625000000
0.0404160594;-0.0908892372;10.6875525526;16.8067688252;-208.0454710811;-37.5000770542;-7.2500000000;-11.2500000000;-42.0000000000
1.4479474519;0.0590569705;8.4350023544;15.2854902973;-231.3934798819;-47.9046953541;-13.8750000000;-11.2500000000;-40.0000000000
2.4498156521;-0.8916234955;7.9451498439;26.0052171740;-206.0178574861;-32.6780613184;-21.2500000000;-11.6875000000;-35.6875000000
3.8822042627;0.0200498482;6.2915889134;53.1514947261;-223.6811792353;-46.1396055335;-21.2500000000;-11.6875000000;-35.6875000000
4.4690852448;0.4916393878;3.3920882469;-3.3468918695;-230.2451736160;-65.0762948224;-28.2500000000;-11.6875000000;-31.2500000000
6.7039743631;-2.2790988797;3.3495287966;-10.1206212528;-230.9755673846;-40.7446331568;-33.5625000000;-10.8750000000;-24.1875000000
7.0272844367;-1.1891027082;0.2062543651;26.6295791366;-218.8199740178;-30.0410039484;-39.5000000000;-8.0000000000;-17.7500000000
8.0895015246;-1.7276960784;-0.7470906494;-1.3025780355;-182.2822305823;-21.0159219171;-42.8750000000;-6.8750000000;-9.3750000000
8.3969687194;-1.9267364256;-1.4370833959;6.6718563752;-156.1617393627;1.7154881693;-42.8750000000;-6.8750000000;-9.3750000000
9.1373403025;-0.7813064919;-2.4085858899;35.5812032316;-99.8099105145;8.7823863213;-43.5625000000;-6.5625000000;-3.5625000000
8.7366353933;-0.7495024081;-2.9858986535;9.1111422204;-80.1276258539;8.6671380585;-44.2500000000;-6.1875000000;1.6875000000
9.2384696131;-1.1634437757;-2.7145553744;-0.4458945924;-41.2992669982;8.0624391532;-43.8750000000;-5.7500000000;5.5625000000
8.6543155996;-0.3465882770;-3.3606552570;7.5820917946;-16.9459625722;14.4592562584;-43.8750000000;-6.5625000000;7.1875000000
9.2215797095;-0.0705227639;-3.5836128516;-13.3104754751;9.7366261987;-1.0188083654;-43.8750000000;-6.5625000000;7.1875000000
8.5839494646;-0.1615832239;-2.6725475059;-6.3924442371;38.1548158133;6.1836126930;-44.1875000000;-6.5625000000;7.5625000000
9.4569104279;-0.2352924123;-2.3954906682;-16.8344478811;54.1274137374;2.3558578896;-43.5000000000;-6.8750000000;6.3750000000
8.5957878583;-0.9926053864;-1.6484891266;-2.7922125593;70.8291726639;2.8219842915;-43.7500000000;-7.1875000000;4.3750000000
8.6127602857;-0.2098051621;-2.0556273019;-16.5075911741;74.4028519713;-1.1188530895;-43.6875000000;-7.1875000000;3.1875000000
8.1392036138;-1.1326598385;-0.9966819528;-40.9221904262;106.8155329654;-7.4520043512;-43.6875000000;-7.1875000000;3.1875000000
8.4168031494;-1.3463476899;0.1904952657;-7.0037628712;135.1852186519;8.6619038873;-43.3750000000;-8.0000000000;0.0625000000
7.3291378052;-0.3684584567;1.0837073991;-18.8098628358;156.4591365834;12.9321848154;-44.0625000000;-7.5625000000;-4.6875000000
7.2624302724;-0.7734451079;3.0321321128;-35.0486636134;154.7774138385;8.1041664615;-42.6875000000;-7.1875000000;-9.3750000000
7.4482676948;-1.1639221087;4.4177475786;-17.8813002059;190.9435149687;14.5773875544;-42.6875000000;-7.1875000000;-9.3750000000
5.3763606401;-0.1306310509;5.0772476046;-13.4538115874;187.8194255581;24.0635720181;-41.5625000000;-7.5625000000;-13.3750000000
5.2981534960;-0.5631269017;6.5960122990;-47.8466829105;168.9838638999;12.5758157961;-37.5000000000;-8.0000000000;-20.8750000000
5.1126467276;-1.8540554178;9.1505423624;0.0617572728;227.2637062261;23.1947886632;-33.0625000000;-9.5000000000;-26.8750000000
2.2924055063;0.7556652728;8.8570074660;14.2847509267;180.8002715359;35.0700469982;-28.1875000000;-9.5000000000;-32.5625000000
3.6739911782;-0.6228017269;11.4783052563;-41.1909512040;141.2218722101;10.7607841242;-28.1875000000;-9.5000000000;-32.5625000000
2.3274735593;-0.4868883455;11.1347470307;-3.7501295194;154.9921173547;19.0628735294;-21.8750000000;-10.1875000000;-36.0625000000
1.4000232727;0.6962102876;10.6341359557;-0.6750400338;95.9036052100;8.2279097227;-17.8750000000;-10.1875000000;-39.6875000000
1.9639630916;-1.2127805472;12.3658240640;-28.8953827571;90.7366544695;3.2626431054;-13.7500000000;-9.5000000000;-42.0625000000
0.5561730749;0.1282078867;11.3688727593;11.4016022282;86.7549351656;7.7284475690;-10.5000000000;-9.0625000000;-41.2500000000
1.3878961731;-0.4127102110;10.8820071212;-13.3741203172;28.5155551995;-2.8490619290;-10.5000000000;-9.0625000000;-41.2500000000
0.7475909209;-0.7822254070;10.4208540160;-5.5176784647;52.7618251353;0.0618149556;-7.1875000000;-9.5000000000;-42.0000000000
0.2945027954;-0.2828893494;9.7152543618;-4.8964021036;33.0952771473;-4.4614977278;-6.3750000000;-8.3750000000;-43.5625000000
0.4037747635;-1.3362107229;13.5655839078;-14.3903012025;26.8549876223;-8.5231802114;-4.1875000000;-8.6875000000;-44.7500000000
0.7718477377;-1.2564473025;10.5171867977;-24.5538709484;-25.0612481241;-2.7650955289;-2.6875000000;-8.0000000000;-44.7500000000
0.5678937997;-0.7186378357;7.7209746044;-2.9996348011;-0.9941015646;-2.0128515950;-2.6875000000;-8.0000000000;-44.7500000000
0.2674055507;-1.2447279621;10.7772142531;-9.4906622737;-0.7531976178;-8.7378052489;-3.8750000000;-6.8750000000;-44.0625000000
0.8141505866;-1.1910547466;9.2653957894;1.1429811041;-9.3247689310;1.0794302021;-4.1875000000;-6.5000000000;-44.3750000000
0.4612966243;-1.1284212297;9.5472124518;4.6241619932;2.4008074250;-1.7944282542;-4.5625000000;-6.5000000000;-43.5625000000
0.6818544190;-1.0252535256;9.6768240491;4.6077043929;-4.6007786536;-0.6353908807;-4.5625000000;-6.0625000000;-44.3750000000
0.5911337912;-0.7870914704;9.5945707205;-0.6902198979;-0.7636343216;-0.6925802932;-4.5625000000;-6.0625000000;-44.3750000000
0.5946252156;-1.0928584999;9.7114241706;-4.8347601174;2.1172880387;-0.9449031845;-3.8750000000;-6.8750000000;-44.0000000000
0.5802584145;-1.5705785589;9.8921568158;0.1241185829;-0.6919837417;-0.8795714330;-4.5625000000;-7.1875000000;-43.1875000000
0.5817414527;-0.7204373788;9.4259599672;2.8604837480;0.0000000000;-0.6275532144;-3.8750000000;-6.5000000000;-44.0000000000
0.6897245551;-0.8518035136;9.7640941948;6.4991006575;-0.0612956438;1.7129177520;-4.1875000000;-6.5000000000;-44.3750000000
0.5796861214;-1.2480651263;9.9758102984;-2.9173436626;-1.0536343229;-2.8925651648;-4.1875000000;-6.5000000000;-44.3750000000
0.6286490350;-1.3524812664;9.8759614436;-5.2500329770;-1.5931955714;1.8710210528;-4.5625000000;-7.1875000000;-44.0000000000
0.5614468721;-0.8102808670;9.4996062373;2.1017650440;0.8584821661;0.0613883814;-3.8750000000;-6.5000000000;-44.3750000000
0.5281782548;-0.7630077263;9.5236121055;4.7462581319;0.8793049786;-0.6196812835;-4.1875000000;-6.8750000000;-44.0000000000
0.6797499256;-1.0294885294;9.5897348821;6.0501749749;1.9400291645;0.3784473405;-4.1875000000;-7.1875000000;-44.0000000000
0.5729680629;-0.6385317636;9.6991333027;12.5490754906;2.3987204567;0.6239300989;-4.1875000000;-7.1875000000;-44.0000000000
0.5213768738;-0.8548366534;9.5235782571;-3.2962892745;-1.2023346245;0.2497121590;-4.1875000000;-6.8750000000;-43.5625000000
0.6970467119;-1.4996839116;10.3066794581;-4.9856442972;-0.1840541899;-1.3515777938;-4.5625000000;-6.8750000000;-44.3750000000
0.6121117536;-0.7906345879;9.6532660588;6.6868728700;0.9818774814;0.4384266454;-4.5625000000;-7.5625000000;-43.5625000000
0.5009098642;-0.4831446642;9.4533031070;3.4952371172;0.6353164122;1.5891866404;-3.8750000000;-7.1875000000;-43.5625000000
0.5145056970;-1.2313255611;9.8335584091;-0.6786081889;-1.2446091190;-2.5480999746;-3.8750000000;-7.1875000000;-43.5625000000
0.6798510466;-0.6526293598;9.6703539123;-1.1922612477;-0.3097724679;-0.3692364618;-3.8750000000;-8.0000000000;-43.5625000000
0.6004698747;-0.7037634581;9.6504315921;0.3680108984;-0.1882858168;0.0622631546;-3.8750000000;-8.0000000000;-43.5625000000
0.6137741651;-0.7625152075;9.6617262645;5.4099220149;-0.5030615304;0.9353398828;-3.5000000000;-7.5625000000;-44.7500000000
0.6349823451;-1.0953295707;9.9535553689;-2.0138770899;-1.2651469930;-2.7132594589;-4.1875000000;-7.5625000000;-43.2500000000
0.5486873240;-1.1792404272;9.9095158101;-4.1273973932;0.6863451906;1.7174198153;-4.1875000000;-7.5625000000;-43.2500000000
0.5787867052;-0.5649348504;9.8718132494;-2.1464051961;-0.3759829151;-0.2461371678;-4.5625000000;-7.5625000000;-44.0000000000
0.6256324804;-0.8496225465;9.6219546543;-0.8838507166;0.1235333653;0.1870455944;-3.5000000000;-7.5625000000;-44.3750000000
0.7025935302;-1.1241791370;9.6443560366;4.3311345543;-1.7294408240;-0.8819930493;-4.5625000000;-7.5625000000;-43.5625000000
0.7557288296;-0.4353540727;9.7797388309;0.5058038323;0.8674794803;0.3685858178;-4.1875000000;-8.0000000000;-44.0000000000
0.5769189250;-0.5358957547;9.6322603639;0.4311468907;-1.1270084827;-0.4423110988;-4.1875000000;-8.0000000000;-44.0000000000
0.6817937155;-0.7324954997;9.7806242891;-10.9030092297;0.1268774695;-2.2908825247;-4.5625000000;-7.5625000000;-43.1875000000
0.6197271595;-1.0944331832;9.8191277260;8.9976980045;-0.5600942429;2.8649242149;-4.8750000000;-7.5625000000;-44.7500000000
0.6404481628;-0.2903484723;9.3912829964;8.5934223353;-0.5014643257;1.5435771880;-3.8750000000;-7.5625000000;-43.5625000000
0.7384224295;-0.8417821467;9.9347886307;-5.7333667193;-0.4912177551;-1.9659777250;-4.5625000000;-7.5625000000;-44.3750000000
0.5345945875;-1.4291979081;9.8180781600;6.5094178720;-0.3109883985;-0.3077902251;-4.5625000000;-7.5625000000;-44.3750000000
0.6512273144;-0.4851178975;9.7575003841;-1.6021735558;1.1152834700;0.6769043763;-4.5625000000;-7.1875000000;-43.1875000000
0.7212113663;-0.5997867077;9.7187452271;-0.4313114194;-0.2529504692;0.2460087915;-4.1875000000;-8.3750000000;-44.0000000000
0.5855105769;-0.9761309975;9.5691935786;-1.7210381943;1.3279135266;-0.7479999072;-4.1875000000;-7.5625000000;-43.5625000000
0.6585646232;-1.1877623282;9.8450826789;-1.5028902473;0.4416542214;1.2697905595;-4.1875000000;-7.5625000000;-43.5625000000
0.5365705660;-0.5827888426;9.7107332403;-0.9258565520;-0.4916561141;0.8599646681;-4.8750000000;-6.8750000000;-44.3750000000
0.7389966332;-0.8145898310;9.6455519690;-4.6162930651;-0.9246482054;-1.2637446125;-4.8750000000;-7.1875000000;-43.1875000000
0.6538840731;-0.8965174562;9.5260830910;0.8217762311;0.8182329714;-0.8886080905;-3.8750000000;-8.3750000000;-44.3750000000
0.7441690395;-0.9767252414;9.9270355140;-0.8117048476;-1.2992001990;0.7575762032;-4.1875000000;-7.5625000000;-42.7500000000
0.6126423403;-0.5826818217;9.5777468035;3.1721098779;0.2456025257;-0.6290481180;-4.1875000000;-7.5625000000;-42.7500000000
0.5801729370;-1.0565026484;9.8516340817;-4.4457648045;0.0000000000;0.8044256747;-3.5000000000;-6.8750000000;-44.3750000000
0.8174110895;-0.8140544193;9.5455330194;1.8997787058;-0.7555394931;0.3080482257;-4.5625000000;-8.0000000000;-44.0000000000
0.5202299189;-0.8828786160;9.7975609587;0.1854075880;2.1068391840;0.8640514007;-4.5625000000;-8.0000000000;-44.3750000000
0.5856799651;-0.7233946402;9.7977899174;-0.7508987888;0.0000000000;0.0631346721;-4.8750000000;-7.5625000000;-44.0000000000
0.6380093990;-0.9744579900;9.6518042928;0.1869830876;1.1784181865;-0.6367831730;-4.8750000000;-7.5625000000;-44.0000000000
0.6792586354;-0.6610723227;9.6943655511;1.1110329461;-0.3176342857;0.6798397734;-3.8750000000;-8.0000000000;-44.7500000000
0.6529824249;-0.7594881725;9.6305235718;0.1252892074;0.3703912631;-0.5072400065;-3.8750000000;-7.1875000000;-44.0000000000
0.6852121508;-0.7400069607;9.7867347519;0.2464675361;-0.3127750006;-0.0625616852;-4.5625000000;-8.6875000000;-45.2500000000
0.6692165521;-0.7096590788;9.5716773300;-4.7773421033;-0.1272781270;-1.1150353073;-4.1875000000;-7.5625000000;-43.5625000000
0.5637581519;-0.7164432776;9.4815188152;2.2194271313;-1.6256205460;-0.7472596820;-4.1875000000;-7.5625000000;-43.5625000000
0.6485579602;-0.7612423416;9.9678611241;5.6428112902;1.4182508229;1.7793641875;-4.8750000000;-8.3750000000;-44.3750000000
0.6882158973;-0.8504182880;10.1079449025;1.5018905752;0.3116071030;-0.9465124250;-3.8750000000;-7.5625000000;-44.0000000000
0.7749758106;-0.9077823095;9.5560005559;-1.8979748033;-1.4576282034;0.1252661039;-4.1875000000;-7.5625000000;-44.0000000000
0.6875572893;-0.6493550584;9.5384029116;1.2660225955;-0.4988690952;-0.2496458653;-4.5625000000;-7.5625000000;-44.7500000000
0.6637398548;-0.8498984525;9.8632577340;1.7957004110;-0.0617286289;-0.8224059206;-4.5625000000;-7.5625000000;-44.7500000000
0.6197936627;-0.6894646439;9.6457697827;-0.9823537478;0.6305637324;0.5002183552;-4.1875000000;-7.5625000000;-43.5625000000
0.6344266381;-0.7173807230;9.6090701081;-0.3151948243;-0.5637196112;-0.4927066175;-4.5625000000;-8.0000000000;-44.0000000000
0.7592995794;-0.9359987798;9.8157988186;0.3684356988;-0.6780565094;0.1262206025;-4.5625000000;-7.1875000000;-44.0000000000
0.6490840019;-0.6311513319;9.5985725181;0.4462252694;1.8410418617;0.4334170386;-4.1875000000;-7.1875000000;-44.0000000000
0.6152462645;-0.8282479770;9.7651146252;-2.2297534945;-0.4931562543;-1.3186009529;-4.1875000000;-7.1875000000;-44.0000000000
0.7566477112;-0.7466894450;9.5416748195;0.7649360295;-0.3103653350;0.5011684923;-4.1875000000;-8.0000000000;-44.3750000000
0.6123748624;-0.5934211191;9.5143161147;-4.6365637298;-0.3761759572;-1.2634116425;-4.1875000000;-7.5625000000;-44.0000000000
0.6914938743;-0.8396782685;9.7629382296;-0.9833364492;-0.2499499601;0.3184463171;-3.8750000000;-7.5625000000;-43.5625000000
0.5174610623;-0.6210592519;9.6806089442;4.8873410542;0.2475850317;0.6952508281;-4.1875000000;-8.0000000000;-45.2500000000
0.5713363003;-0.7186081254;9.5816960000;3.0825669505;2.0733262508;0.0000000000;-4.1875000000;-8.0000000000;-45.2500000000
0.6253917352;-1.0174012618;9.7386706518;-5.6549168188;-0.7453248569;-0.3770030056;-4.5625000000;-7.1875000000;-43.5625000000
0.7409393563;-0.8009442077;9.6452720292;-1.8916269925;0.2483546127;-0.1257117964;-4.5625000000;-8.3750000000;-43.5625000000
0.5890376722;-0.6637486234;9.7395818229;1.5393681453;0.3681431080;0.2457653179;-4.1875000000;-8.0000000000;-44.0000000000
0.4425214845;-0.9260307596;9.5646737214;5.2682885712;0.1881050988;1.9501549130;-4.1875000000;-7.5625000000;-44.3750000000
0.6589679444;-0.8895194617;9.9798744251;0.0000000000;1.0019798909;-1.0511167307;-4.1875000000;-7.5625000000;-44.3750000000
0.6307605247;-0.8687123748;9.5891885231;2.1541863994;-0.8616271261;1.1394391488;-4.8750000000;-8.3750000000;-43.5625000000
0.6871526796;-0.7809916887;9.9471369031;2.1055004799;0.3165806874;1.1301530830;-3.5000000000;-8.0000000000;-45.5625000000
0.6453087605;-0.8060609168;9.8635389806;1.7165204742;0.1227871842;-0.6263315603;-4.5625000000;-8.0000000000;-45.5625000000
0.6531742877;-0.7790035640;9.7982751863;-2.9753846655;0.0000000000;-0.3769552103;-4.5625000000;-8.3750000000;-44.0000000000
0.8081314124;-0.8049384658;9.5159845505;2.0334982470;-1.0438443074;-0.3086856905;-4.5625000000;-8.3750000000;-44.0000000000
0.6288658464;-0.6784708394;9.7919842581;1.1902618789;0.3814972358;0.0000000000;-4.1875000000;-8.0000000000;-43.5625000000
0.6526432771;-0.7241788536;9.9592632001;-1.3921356784;-0.3077758091;0.2468626048;-3.8750000000;-8.3750000000;-43.5625000000
0.6647658103;-0.7349065232;9.4220284485;2.3876759973;0.0637244061;0.3703894083;-4.5625000000;-7.5625000000;-44.0000000000
0.6824715435;-0.8162260083;9.8400060872;1.5026416413;1.1896064977;-0.5065660884;-4.8750000000;-8.0000000000;-43.8750000000
0.5904911376;-0.8845724905;9.5794815438;-2.3326064100;-1.3313949157;0.4959029122;-4.8750000000;-8.0000000000;-43.8750000000
0.6228242382;-0.7241305220;9.7439084785;0.4328068050;-0.6352808278;0.3710794981;-4.5625000000;-8.0000000000;-43.8750000000
0.6179989986;-0.6586926550;9.7452724633;2.0305676310;-1.6241978079;-0.1893741120;-3.8750000000;-8.6875000000;-43.5625000000
0.8029294488;-0.6789338177;9.7714379385;5.7973106837;-2.6398820103;-0.2462616796;-4.1875000000;-8.3750000000;-43.5625000000
0.6493395832;-0.6575537968;9.9128403062;0.6952867350;0.3784240011;0.2523466532;-4.8750000000;-8.3750000000;-44.0000000000
0.7018673316;-0.7973857115;9.9089289209;-1.6091800474;-0.5095682837;-0.8264459077;-4.8750000000;-8.3750000000;-44.0000000000
0.7367926214;-0.7846260605;9.7887006925;2.5888900460;0.4303380535;1.1214203248;-4.5625000000;-8.3750000000;-43.8750000000
0.5692537045;-0.5313371484;9.6582549697;0.4371704280;-0.6922731318;-0.2465204007;-4.8750000000;-8.3750000000;-44.3750000000
0.6934221952;-0.7664995473;9.5991232147;-1.7571482799;-0.6330055022;0.0623328940;-3.8750000000;-8.3750000000;-43.1875000000
0.6478270458;-0.7641358710;9.6599701340;1.3920345949;-0.3754764602;1.6620630370;-3.8750000000;-8.0000000000;-43.5625000000
0.7056069901;-0.6081782109;9.8467902073;2.4148924891;-0.6932067772;0.6232784049;-3.8750000000;-8.0000000000;-43.5625000000
0.7100275108;-0.5990356501;9.8923387130;-1.5018334419;-0.1893037318;0.5698084065;-4.1875000000;-8.3750000000;-44.3750000000
0.6726504137;-0.5840118279;9.6046529680;-0.6829186526;-1.5698815393;0.6951436412;-4.5625000000;-8.3750000000;-43.5625000000
0.7781520089;-0.7180397120;9.7446181153;3.3387132325;-0.1264676914;0.0619705850;-4.5625000000;-8.6875000000;-44.3750000000
0.5967499223;-0.4785303919;9.5953776285;1.8438684558;0.3752318857;1.6865496421;-5.2500000000;-9.0625000000;-43.0625000000
0.6504385100;-0.6148829156;9.5833766896;1.4414185771;-0.5023051467;-0.6786290100;-5.2500000000;-9.0625000000;-43.0625000000
0.6617181277;-0.5511645987;9.6390162304;5.3571177309;0.3118654464;0.8631007443;-4.8750000000;-8.6875000000;-42.7500000000
0.7295346581;-0.6740375488;10.1695663578;2.2164259726;-1.6792499961;0.8074214493;-4.5625000000;-8.3750000000;-43.5625000000
0.8610863729;-0.6176305260;9.5622231856;1.4964831163;-4.9979866334;0.8062644999;-5.2500000000;-8.6875000000;-43.1875000000
0.6094161800;-0.9778898073;10.4894064115;1.7151741454;2.4334682767;2.2162294474;-5.2500000000;-8.6875000000;-43.1875000000
0.6807306770;-0.2889790078;10.6493095745;8.6634757677;-7.4680972537;2.0310792184;-4.5625000000;-9.0625000000;-43.5625000000
0.9815087984;-0.3385682904;9.6896406497;-2.9061025121;-21.1456520664;-0.8816718264;-4.5625000000;-8.6875000000;-43.5625000000
1.0526053555;-0.9644729652;10.2217942276;3.4512949933;-11.8747414499;1.3957648461;-4.8750000000;-9.0625000000;-43.1875000000
1.3721719027;-0.6279600134;10.6491176933;4.3904394647;-17.2526398289;1.6609258652;-6.3750000000;-9.0625000000;-42.7500000000
1.1322835798;-0.5301216079;11.3864311804;10.2637831368;-23.2733031216;3.4323594769;-6.3750000000;-9.0625000000;-42.7500000000
1.3871996533;-0.7443125363;12.7597162163;11.6453587994;-30.9645012774;5.3911036445;-6.3750000000;-9.3750000000;-43.1875000000
1.3061777253;-0.1011740556;11.9304053953;6.1652112339;-63.3403582207;-0.0617322964;-7.5625000000;-10.5000000000;-42.7500000000
1.5888196995;-0.3457120393;11.6284201245;9.1099719824;-81.4477809299;1.8470836151;-8.6875000000;-10.5000000000;-42.3750000000
2.1567772645;-0.2689568812;11.1185802580;16.3064044152;-95.1470441866;0.2531815160;-10.8750000000;-10.5000000000;-40.7500000000
2.0514202013;-0.3867160111;9.8599488827;8.7171314911;-106.8855244476;0.1869011845;-10.8750000000;-10.5000000000;-40.7500000000
2.6704323522;0.4356580939;8.5279877172;16.2557576579;-115.1154728914;3.0850549263;-14.1875000000;-12.0000000000;-39.1875000000
3.5676502298;-0.2192053689;8.1086807142;5.1567969750;-115.8458744462;-1.2085910344;-17.1875000000;-12.0000000000;-37.5625000000
4.5738412999;0.3841279896;6.3944008054;12.7233307138;-118.3293569732;1.5793443628;-20.5625000000;-12.0000000000;-36.3750000000
4.9101164497;0.5460354404;4.9490214557;7.3167567236;-100.6220004425;0.6979541991;-24.2500000000;-12.8750000000;-33.1875000000
5.9716689498;0.2011812094;4.4290277316;12.0910810596;-86.3459004054;-3.5970843830;-24.2500000000;-12.8750000000;-33.1875000000
6.6651248094;0.2094774080;4.4314648433;12.1337254177;-55.9059378473;0.8242603628;-27.5625000000;-12.8750000000;-30.7500000000
6.9630804890;0.2709233365;5.0757518517;13.8882953891;-25.4835694128;0.7586196982;-30.1875000000;-13.5625000000;-28.3750000000
6.8773420349;0.6918532015;5.3572975158;17.6004475784;-18.9423209010;1.8451796554;-30.8750000000;-13.5625000000;-28.0625000000
6.8269238030;0.5302621326;6.4627168000;14.0191347774;-4.1492768265;3.1047311579;-31.2500000000;-14.0000000000;-26.3750000000
7.2196946207;0.7891700640;5.9833273038;2.7063484952;-15.2999771312;-0.7578201680;-31.2500000000;-14.0000000000;-26.3750000000
7.4960787563;0.5075125581;5.6246154574;2.9394296387;-10.6997389962;-0.9192805562;-31.2500000000;-14.2500000000;-27.5625000000
7.1814849251;0.5303399040;6.2175403357;6.5550224201;1.7801595735;0.1856557089;-31.2500000000;-15.0625000000;-27.5625000000
7.0472276014;0.6971526169;6.3721844260;2.3906914933;0.3143406445;0.0000000000;-31.6875000000;-14.1875000000;-26.7500000000
7.2821685251;0.5444178325;6.2803272993;-2.1663564686;-2.1825209282;-1.2308207155;-31.6875000000;-14.1875000000;-26.0000000000
7.1128499086;0.5869196665;6.5955695515;6.1144014272;6.9473742786;1.8986387107;-31.6875000000;-14.1875000000;-26.0000000000
6.9420823666;0.5783968339;6.8102823360;-3.5038288934;1.3083424687;0.9838491256;-31.6875000000;-14.2500000000;-25.6875000000
7.2053328986;0.6003395694;6.3414870611;2.0325794145;-7.0049419340;-2.1278595593;-31.2500000000;-14.6875000000;-26.7500000000
7.2922279279;0.4592916775;6.6915352132;-2.1514021498;3.0799598581;0.4430821064;-31.2500000000;-13.5625000000;-26.3750000000
7.1069933531;0.7167928746;6.5099760633;1.5568881458;-0.9817866751;2.2157659959;-32.0000000000;-14.0000000000;-26.3750000000
7.2375920270;0.6557284155;6.5246013076;-2.2260636985;-1.1958112821;-0.4331668312;-32.0000000000;-14.0000000000;-26.3750000000
7.2777973677;0.6367979571;6.4344669402;3.9143204050;0.7963253342;0.9396980589;-32.3750000000;-14.6875000000;-25.2500000000
7.1268695088;0.5982755921;6.2476267744;-3.1005934239;-1.1232710790;0.0000000000;-31.6875000000;-14.2500000000;-26.7500000000
7.3887115403;0.6433270782;6.1598176518;0.3752087674;-0.8030998819;-0.2547858444;-30.8750000000;-14.6875000000;-25.5625000000
7.0735025225;0.6353539872;6.5829519730;-0.1864143762;5.8432293815;1.1425692744;-32.0000000000;-14.2500000000;-25.6875000000
7.3137768195;0.8139356936;6.3803009708;-0.1859318998;0.1864035853;-1.2294534477;-32.0000000000;-14.2500000000;-25.6875000000
7.2267096997;0.7014961525;6.2645432208;-1.8700032901;1.1079016260;-1.4724846856;-31.6875000000;-14.6875000000;-26.3750000000
7.1883723085;0.5560100444;6.6573077313;4.4392478480;5.9100744491;0.0636520906;-32.3750000000;-14.6875000000;-24.5000000000
7.0709217095;0.6236478282;6.7823687098;-0.9467693990;2.2097339261;-0.8827641989;-31.6875000000;-15.0625000000;-26.7500000000
7.0751484763;0.5674800365;6.5294498566;-2.2288390765;-0.4439235370;0.2475163898;-32.3750000000;-15.0625000000;-26.3750000000
7.2226854953;0.7101178396;6.5162413601;-1.0796161228;3.2237124241;0.5685960262;-32.3750000000;-15.0625000000;-26.3750000000
7.1123549767;0.6892266971;6.5000525814;-1.7532436506;0.4458524024;-1.3213954828;-31.6875000000;-14.6875000000;-26.7500000000
7.3914501945;0.5525789383;6.5105671849;0.1888691533;3.5255458893;0.7526882838;-31.6875000000;-13.5625000000;-25.1875000000
6.8416168438;0.5216045396;6.6586972217;-2.4564603624;3.2182543437;1.3365018576;-31.6875000000;-14.2500000000;-25.1875000000
7.0679780009;0.5199345902;6.7395196552;-0.7531231580;1.1900022121;0.0624488906;-32.0000000000;-14.2500000000;-26.5000000000
7.1843807398;0.5611899989;6.6720211179;0.4416815235;1.9274402738;0.2494037957;-32.0000000000;-14.2500000000;-26.5000000000
7.3155291878;0.5105502822;6.7620040626;-5.3688214292;2.4256910703;-0.0631295312;-32.0000000000;-14.6875000000;-26.0000000000
7.1797373025;0.9271554956;6.4736567394;6.1227919259;-2.5319337289;0.6354485774;-30.8750000000;-14.2500000000;-26.3750000000
7.0084112808;0.6621283747;6.5173347398;-2.8831207807;-2.2451095347;-0.2506110067;-31.6875000000;-14.6875000000;-27.1875000000
6.8470171029;0.5619293342;6.5294819160;-1.5421350618;3.0286377353;0.7594579158;-31.6875000000;-14.6875000000;-27.1875000000
7.2408792126;0.4072455438;6.6438441616;-3.8275231836;0.8130352228;-0.7403306267;-31.6875000000;-14.6875000000;-26.0625000000
7.0686001839;0.5782836468;6.7475993335;4.6547848952;2.9248740857;0.4461702283;-30.8750000000;-15.0625000000;-26.7500000000
7.1058634509;0.5675355737;6.8653492994;-1.6644411070;2.4822571902;-0.7614342248;-31.6875000000;-14.2500000000;-26.3750000000
7.0545517679;0.5926558583;6.7622925137;1.4112351598;1.9683318851;1.2383384051;-30.5000000000;-14.2500000000;-26.3750000000
7.1846692764;0.6798309529;6.6750407608;0.6242522116;-1.1294847504;-0.3675551506;-30.5000000000;-14.2500000000;-26.3750000000
7.1511373459;0.1426209367;6.8978565988;-4.2886233960;-0.9363799317;-0.4412291427;-31.2500000000;-14.6875000000;-25.6875000000
7.2150841225;0.5390200999;6.5980334837;2.0235251263;-2.0286062644;0.5590714991;-30.8750000000;-14.0000000000;-27.2500000000
7.2442032953;0.8468697334;6.4032745545;4.4294965194;-0.6165404607;0.0614430427;-32.0000000000;-15.0625000000;-27.1875000000
7.1649616534;0.6367897923;6.8106740940;-2.7218751923;1.4155000418;1.2940637161;-31.6875000000;-15.0625000000;-27.2500000000
6.8918094570;0.7460844763;6.5443404417;-0.2495981499;0.9317550054;-0.5085358104;-31.6875000000;-15.0625000000;-27.2500000000
6.8705951083;0.5220437738;6.7845745924;2.1039215343;2.1898715775;-0.8829614225;-31.6875000000;-14.0000000000;-25.2500000000
6.9381895756;0.7672451210;6.7703378666;4.5868273712;-0.2470423204;0.3679211564;-31.2500000000;-14.2500000000;-27.6875000000
7.3497145678;0.3491457826;6.8626102694;-4.5382398563;-1.8528444165;-0.9243038030;-31.6875000000;-14.0000000000;-26.3750000000
6.8831884304;0.5265745000;6.5332345761;2.0571029585;0.6990895741;-0.2532387761;-30.5000000000;-14.2500000000;-26.7500000000
7.1045907821;0.6675362790;6.5542920535;1.9372989748;-1.2415728613;1.2691357161;-30.5000000000;-14.2500000000;-26.7500000000
7.0096588657;0.4592260803;6.9022058534;-1.6843546856;0.1844454479;0.8244341704;-30.5000000000;-14.6875000000;-26.3750000000
7.1626955211;0.7412226644;6.5608526135;-1.1918665743;-0.5660031857;1.9893177821;-30.8750000000;-14.2500000000;-26.7500000000
6.8910606843;0.7810613550;6.7643237113;0.3822410877;1.7612164841;1.7478974708;-30.8750000000;-14.6875000000;-26.0000000000
7.1055420349;0.6584557797;6.6741937224;-1.7801052388;-0.4301802476;-2.2002430764;-31.6875000000;-14.0000000000;-26.3750000000
6.9920087635;0.7882040254;6.6062815520;2.8376396407;-0.8761091719;-1.6557842626;-31.6875000000;-14.0000000000;-26.3750000000
7.0008718249;0.3140553616;6.5305389975;-1.8785934635;2.8870517406;-1.2911649639;-31.2500000000;-14.2500000000;-27.1875000000
7.1147497492;0.4601907585;6.6928844147;0.8218720203;2.0118700166;-0.3803188272;-31.2500000000;-14.0000000000;-25.2500000000
6.9431566614;0.4253170914;6.7965255313;-0.9470626607;2.9032020036;1.1694514961;-30.5000000000;-14.6875000000;-26.0000000000
7.0781006536;0.5903496379;6.6794069578;-0.9508711969;-0.5691870059;1.3151928537;-30.8750000000;-14.2500000000;-26.3750000000
7.2382323082;0.8847529003;6.6180576421;-1.0611485599;-0.5550846829;-0.1861492450;-30.8750000000;-14.2500000000;-26.3750000000
6.9690485972;0.4601800252;6.8665538960;-1.8741626923;1.9554706461;0.5686689476;-30.8750000000;-15.0625000000;-27.1875000000
7.1367351306;0.6594062299;6.7140505125;3.0299799545;0.9926445613;-0.8062965927;-30.8750000000;-14.2500000000;-26.5000000000
7.0810235308;0.3457680681;6.6101170977;-2.3922525831;0.6906003998;0.8856846614;-30.8750000000;-14.2500000000;-27.6875000000
6.9742142340;0.8189191347;6.7626426104;1.3355121971;1.1842441455;2.8586683345;-31.2500000000;-14.2500000000;-26.7500000000
7.0020190427;0.9459479084;6.7926214912;-0.8852872984;-0.9821246685;0.3796809558;-31.2500000000;-14.2500000000;-26.7500000000
6.8940622186;0.7492660685;6.7978702038;4.0725903091;1.1852476187;0.2483569020;-30.5000000000;-15.0625000000;-26.5000000000
6.8843865916;0.6429856410;6.6864330329;-1.4436808244;-0.7599291949;-2.1669140855;-30.8750000000;-15.0625000000;-27.1875000000
7.0597912514;0.4545945333;6.5798838549;0.3814635929;-0.8716498553;-1.8259638116;-30.8750000000;-14.6875000000;-26.7500000000
6.8764034132;0.3465588409;6.7104254485;-1.9761808919;1.8724715625;0.1851115897;-31.6875000000;-15.0625000000;-26.3750000000
6.9673456942;0.5675909707;6.7999773125;1.2883918228;0.3153845404;0.0000000000;-31.6875000000;-15.0625000000;-26.3750000000
6.9514631092;0.5949497374;6.8163472467;-4.1660369758;-1.2880394975;1.5335548252;-31.2500000000;-14.6875000000;-27.6875000000
6.9983434188;0.7191075378;6.6051817568;2.7218819520;1.6124912910;0.4971327552;-31.2500000000;-14.6875000000;-27.2500000000
6.9742721616;0.8006462038;6.6998714038;1.0029017558;0.5680944653;1.6258503779;-29.7500000000;-14.0000000000;-27.1875000000
7.1765582069;0.6135724621;6.8960556349;-4.4232366063;1.7077441711;0.1887003996;-30.5000000000;-14.6875000000;-27.1875000000
6.8846213114;0.6102431580;6.9671673275;2.0581767105;1.5588679585;-0.4972637537;-30.5000000000;-14.6875000000;-27.1875000000
6.9836617001;0.6332242513;6.8920440147;0.1238471645;-0.5080813246;-1.1157456008;-29.7500000000;-14.2500000000;-28.0000000000
7.1667260486;0.6712768136;6.3484467137;-5.2005519175;-2.0078170966;-1.6839617122;-30.5000000000;-15.0625000000;-27.1875000000
6.9551252068;0.6042315319;6.5389918335;4.1420753568;1.8812591484;1.3989164462;-30.5000000000;-14.2500000000;-27.1875000000
7.0415101236;0.3630227910;6.8197515961;-1.1867664036;0.4443849562;0.7003795964;-30.5000000000;-15.0625000000;-26.7500000000
6.9640335673;0.6956907910;6.7687968936;1.7466521591;1.2883407543;0.4351362342;-30.5000000000;-15.0625000000;-26.7500000000
6.9704951898;0.7288171906;6.7251687516;-1.0739387031;-1.5796490271;0.0632806586;-31.2500000000;-14.2500000000;-27.2500000000
7.1162400718;0.6044169891;6.7430890496;-0.1860191443;-0.1250061239;-0.3095628303;-30.5000000000;-14.6875000000;-27.6875000000
6.8076300754;0.5060033306;6.6229795901;2.8576671082;0.1248403461;0.4366459113;-30.8750000000;-14.2500000000;-28.0000000000
7.1240251966;0.6602801942;6.5089800757;-2.5117163036;-0.6884360523;-0.4378071014;-30.1875000000;-14.6875000000;-27.1875000000
7.0503749068;0.6297109309;6.7339950791;4.1365302378;1.7896050974;0.1226909904;-30.1875000000;-14.6875000000;-27.1875000000
6.8819880724;0.6462318616;6.7672949408;-1.9223946085;-1.3495703847;-0.5536398707;-31.2500000000;-14.6875000000;-27.5625000000
7.1809521904;0.5968440735;6.6835856121;0.9431134799;-0.8196082684;0.5652585864;-30.5000000000;-14.6875000000;-27.6875000000
6.8912899335;0.9137936572;6.5895185031;2.6476578705;-1.4944059957;-0.5022456119;-30.5000000000;-14.6875000000;-28.5000000000
7.1140359263;0.7040718095;6.6011460978;-0.4373755997;-1.3159090677;-1.1890964013;-30.5000000000;-14.2500000000;-27.1875000000
7.0227463185;0.5327499587;6.5705722856;3.0866918817;1.0509035949;-0.3101827563;-30.5000000000;-14.2500000000;-27.1875000000
7.1371440519;0.7770870930;6.8032441007;1.7834522527;0.8275796649;-0.6368416032;-30.1875000000;-14.2500000000;-26.0000000000
7.0663503602;0.5668280066;6.8953084322;0.3821365211;1.4223569779;-0.8068575676;-30.5000000000;-15.0625000000;-28.2500000000
6.9193205652;0.5175257991;6.7591578423;-0.8188400683;-1.4624001910;-1.6700661213;-31.6875000000;-14.0000000000;-26.5000000000
6.9327163727;0.4429110631;6.6027331683;-1.3272915549;-0.6990014471;0.9527397219;-31.6875000000;-14.0000000000;-26.5000000000
6.9973084152;0.8626523445;6.3376379406;-0.5700140657;-1.9372335793;2.9084271347;-30.8750000000;-14.0000000000;-26.7500000000
7.0520874586;0.6232918177;6.7653249180;-2.0875311965;2.2070408561;2.0264269017;-30.8750000000;-14.6875000000;-28.0000000000
6.7280951186;1.0488738349;6.9268776764;3.1306108225;4.6066884867;0.7408448163;-30.8750000000;-15.5000000000;-27.1875000000
6.8253960042;0.6152198900;7.2047352060;-1.7981424149;1.7226671441;-2.0764929994;-31.2500000000;-14.2500000000;-27.1875000000
7.0116812282;0.6421317163;6.8041579601;3.5278657690;-1.6007595985;-2.2173339852;-31.2500000000;-14.2500000000;-27.1875000000
7.0217783957;0.2760928004;6.7728743135;0.0627828961;-1.5508047303;-0.3778783101;-30.8750000000;-14.2500000000;-27.1875000000
7.2228604822;0.6444227587;6.6502189585;-1.2084908276;-3.2923037943;1.1856890109;-30.8750000000;-14.2500000000;-28.0000000000
6.8956516766;0.6904297671;6.2870136354;-2.6541134329;-0.7375343151;0.4358526187;-31.2500000000;-14.6875000000;-28.0000000000
6.8333270312;0.4215034127;5.7984155980;3.4082330599;3.6672865912;2.0362349681;-31.2500000000;-14.6875000000;-27.1875000000
6.6142032595;0.8570809526;5.0878784525;-3.9196119968;11.0683639691;2.6644190209;-31.2500000000;-14.6875000000;-27.1875000000
6.5928301808;0.4748550599;4.2066270034;-12.9256069806;18.1013913944;5.5466754808;-30.5000000000;-14.6875000000;-26.0000000000
6.3870590122;0.7126054653;4.3845401492;-2.8016530734;49.1363075090;7.0396602431;-30.1875000000;-14.6875000000;-27.6875000000
5.7621576407;0.5423353181;5.6794502558;-10.8954095177;80.2445431952;6.6942329847;-29.7500000000;-14.6875000000;-28.3750000000
5.1657838524;0.2371731605;6.1005548340;-20.2578264382;74.5708437384;0.1899679202;-28.2500000000;-15.0625000000;-29.6875000000
4.8425236964;0.7144611184;6.5526700326;-7.7617058439;88.3396355014;2.3910943249;-28.2500000000;-15.0625000000;-29.6875000000
3.9831573924;-0.5241340969;8.5079572888;-21.6654772469;95.3861050047;4.1181788124;-26.5000000000;-15.0625000000;-32.0000000000
3.7053792116;0.8184378391;8.4357677185;-15.0217138305;82.6185249965;0.3180748648;-23.8750000000;-13.5625000000;-34.2500000000
3.6947422807;-0.9464827755;10.3498112121;-20.2530097802;98.2412915110;1.7752818836;-20.5625000000;-13.2500000000;-35.8750000000
2.2913752143;0.7706157331;10.7909615335;0.7569514117;96.0699032677;1.3654739311;-18.0000000000;-12.8750000000;-37.5000000000
2.9325894397;-0.0301497311;10.8500609627;-22.3938937028;54.9801563656;-5.2767303958;-18.0000000000;-12.8750000000;-37.5000000000
2.1427623646;-0.2531601045;10.7297901658;-15.5676618576;72.1317841258;0.1886876095;-15.3750000000;-12.0625000000;-39.5000000000
1.9002768470;-0.1003115078;10.4983861681;-8.3387778489;57.7071545043;-1.7185173159;-12.5000000000;-12.5000000000;-40.0000000000
1.6521884365;-0.0198808912;10.2707425985;-9.0642969595;47.0894857971;-4.9969263710;-10.1875000000;-11.0000000000;-41.5000000000
1.4431826187;-0.4827465214;10.2922699744;-10.2908671366;45.6300392454;-1.4744717304;-10.1875000000;-11.7500000000;-41.5000000000
1.1965049268;-0.1871931545;10.2704303730;1.5145602977;41.1169952786;-1.6672661184;-10.1875000000;-11.7500000000;-41.5000000000
0.8221941787;-0.1869322811;10.7860542532;-5.0719815610;38.7212095820;-2.2899932659;-6.8750000000;-10.5625000000;-42.0000000000
0.6923036212;-0.3254520603;10.9434868332;-7.1749882134;29.6741111702;-3.1141794401;-6.1875000000;-9.5625000000;-43.0625000000
0.6593963654;-0.7359839748;13.2941260032;-4.7290739088;2.2893089929;-4.2395212560;-4.6875000000;-10.5625000000;-43.5000000000
0.7873376824;-0.5914682295;9.7187368546;-7.3729330027;-14.5242115526;-3.1396495455;-4.7500000000;-9.8750000000;-43.0625000000
0.9531863079;-0.3741764249;8.1573425453;-6.5656484851;-2.4853999041;-0.8615601074;-4.7500000000;-9.8750000000;-43.0625000000
0.6726054995;-0.5514578429;10.7438129061;2.6007633753;7.2286870908;-0.1897931695;-4.3750000000;-9.5625000000;-43.5000000000
0.8253577635;-0.2451037260;9.4915975965;1.4777508558;-4.8437462906;0.0623133206;-5.0625000000;-9.8750000000;-43.0625000000
0.9097389703;-0.5348202798;9.2713026769;-3.9039732099;-0.2452865419;-1.2337791876;-5.0625000000;-8.7500000000;-43.0625000000
0.7615229128;-0.3534663004;10.2193965864;1.0506616550;3.6766825069;0.2545559964;-5.0625000000;-10.2500000000;-42.6875000000
0.7628932016;-0.4028796240;9.6058026829;0.1905202005;-0.7524309839;0.4454213539;-5.0625000000;-10.2500000000;-42.6875000000
0.7698110382;-0.4609266950;9.6494541987;-0.2528359514;0.6153865786;-0.7604006765;-4.7500000000;-9.5625000000;-42.2500000000
0.9239785200;-0.4968859044;9.4040829751;1.9019485302;0.7350040980;-0.0630573181;-5.5000000000;-9.5625000000;-43.0625000000
0.6756052024;-0.4825345409;10.0436715035;-1.1101584452;0.8732860402;1.3965723517;-5.0625000000;-9.5000000000;-43.7500000000
0.7279446786;-0.6572191392;9.6390057417;1.7267880688;1.4895185544;2.9683058175;-4.7500000000;-8.7500000000;-43.3750000000
0.6067711387;-0.4881935434;9.9717994974;1.1187072902;1.2522797986;2.4205987799;-4.7500000000;-8.7500000000;-43.3750000000
0.8248901662;-0.3051418609;9.7442317885;0.2454251793;-0.4376120176;0.0630901213;-5.0625000000;-9.5625000000;-43.0000000000
0.7945470050;-0.1515053631;9.5829103629;-1.3265369121;1.3662930125;-0.6283397932;-4.3750000000;-9.8750000000;-43.7500000000
0.7421870432;-0.5634432281;9.5097852141;-1.8982250560;-0.5696467631;-0.3698051758;-5.0625000000;-10.2500000000;-43.3750000000
0.7388728855;-0.4863214285;9.6512586555;3.5913582236;0.3728372333;0.0000000000;-4.0625000000;-9.5625000000;-44.1875000000
0.7062330887;-0.4206006705;9.5773918119;-1.9708337815;0.0000000000;-0.1887977729;-4.0625000000;-9.5625000000;-44.1875000000
0.8028196497;-0.5367777944;9.8018934167;1.0818764803;0.3707839604;0.3696485481;-4.7500000000;-9.5625000000;-43.7500000000
0.6026656687;-0.2065431455;9.6971907989;-1.6122330672;0.1840100636;-0.0630085456;-4.7500000000;-10.2500000000;-43.3750000000
0.7221019088;-0.6103809158;9.6057505108;1.2886984786;-0.3714339703;1.3600410299;-5.0625000000;-10.2500000000;-42.5625000000
0.7431617719;-0.1288883381;9.7610093048;5.2822601901;0.5095721250;0.4344364678;-4.3750000000;-9.8750000000;-44.1875000000
0.7694926658;-0.4385054812;9.6928355881;-3.9965385879;-0.4365603617;-2.0485320052;-4.3750000000;-9.8750000000;-44.1875000000
0.7899425194;-0.6313827100;9.9638929711;1.5612430781;0.1261645160;1.3305438238;-4.3750000000;-9.8750000000;-43.3750000000
0.6680363056;-0.3448722697;9.4938584588;0.1841070880;0.3180588960;0.2520013013;-4.3750000000;-10.2500000000;-42.5625000000
0.7115225005;-0.3252271053;9.6761664816;-2.1118471867;-1.2106885448;0.2541772206;-5.0625000000;-10.2500000000;-43.3750000000
0.5984783774;-0.3449532718;9.7659024579;1.5168314060;-0.0632153392;-0.4439468477;-4.3750000000;-8.7500000000;-43.3750000000
0.8151071716;-0.6201234413;9.6566696286;-2.2116910755;-0.3687188262;-2.2082624598;-4.3750000000;-8.7500000000;-43.3750000000
0.7998920441;-0.2666636404;9.1823980444;2.2940489008;-0.5522851715;-0.4437330757;-4.0625000000;-9.8750000000;-41.3750000000
0.6823979536;-0.4543166829;10.0152701467;-0.6323484461;1.3208658648;-0.8821796635;-5.5000000000;-9.8750000000;-43.5000000000
0.6844719937;-0.4010176721;9.8056877823;0.1904611670;-1.6836635795;0.0628051478;-5.8750000000;-9.5625000000;-44.6875000000
0.8071323786;-0.3404147127;9.4167423019;2.8529563461;-0.1844921183;-0.2458473551;-5.8750000000;-9.5625000000;-44.6875000000
0.6696700506;-0.2643275257;9.8562162935;1.7827543156;0.3182350552;-1.2072064995;-4.0625000000;-9.1875000000;-44.1875000000
0.7277692703;-0.6149562218;9.7741262571;-2.0897478256;-0.8003146399;-1.3875357564;-4.7500000000;-9.8750000000;-44.1875000000
0.8274795361;-0.6051909537;9.5092130169;0.6285200009;-0.0630398807;-1.4302840323;-4.7500000000;-9.8750000000;-43.7500000000
0.6682446930;-0.7388295081;9.8841066080;-3.1189065823;0.5634890531;-0.3067530895;-5.0625000000;-8.7500000000;-43.0000000000
0.8767530443;-0.4561846883;9.6260704055;0.5732683829;-0.9403278316;0.5559399123;-5.0625000000;-8.7500000000;-43.0000000000
0.7493380173;-0.1607522746;9.6172265394;1.3703035842;1.5472115162;1.0166653652;-4.3750000000;-9.5625000000;-43.0000000000
0.8410828366;-0.5112605539;9.5426180949;-2.5990205224;0.3088427035;-0.2503028838;-4.7500000000;-10.2500000000;-43.0000000000
0.7578239318;-0.5332397777;9.6494394820;0.6248768544;0.7390979155;0.0636398891;-5.0625000000;-9.1875000000;-43.3750000000
0.6243344118;-0.3477321443;9.8078607639;1.1705067503;-0.2490422477;-0.1887236197;-5.0625000000;-9.5625000000;-44.1875000000
0.7018799386;-0.5682744798;9.8985522927;-0.9206331981;0.6774764344;-1.5914430948;-5.0625000000;-9.5625000000;-44.1875000000
0.8017345198;-0.5098645938;9.5456438693;2.2284081896;0.4432863793;-0.3179306649;-4.7500000000;-10.2500000000;-43.3750000000
0.7716778335;-0.5353328752;9.4647113484;-0.1249814432;-0.6173169223;-0.7430020980;-4.7500000000;-9.1875000000;-43.3750000000
0.8926166581;-0.7615098984;9.7600799390;-1.1151582587;0.8254066749;0.8782520273;-4.7500000000;-9.8750000000;-43.7500000000
0.7744301175;-0.4153938600;9.8081003903;2.5172931202;0.2470229377;2.5989952591;-5.8750000000;-8.5000000000;-43.7500000000
0.6593794410;-0.4330827712;9.7269648100;-1.8975807646;0.2527035670;2.7003244013;-5.8750000000;-8.5000000000;-43.7500000000
0.8157512023;-0.2065122970;9.7222339247;3.0134618021;0.0626479059;2.5622583883;-5.0625000000;-9.1875000000;-43.0000000000
0.8002451466;-0.3926196871;10.2456986844;7.3061363986;1.9425147148;1.6989298899;-4.3750000000;-9.5625000000;-44.1875000000
0.7683289925;-0.3844188814;10.7701913283;4.3739330411;-3.7135715913;-0.1239209854;-4.7500000000;-9.5625000000;-43.7500000000
0.6588585125;-0.2414258163;11.2276845595;14.0466570828;-7.9247431185;-0.2505050341;-4.7500000000;-9.8750000000;-43.7500000000
0.8969896601;0.0499022539;11.4994280085;14.7631983395;-18.4955906709;-0.3123944211;-4.7500000000;-9.8750000000;-43.7500000000
1.1787755695;-0.1117866044;11.2644206814;3.6624571153;-40.8406544119;-3.1790319160;-4.7500000000;-10.5625000000;-42.5625000000
1.2739823337;-0.1988296187;10.8501818188;4.0602684934;-47.6579468113;-1.4720421553;-6.2500000000;-12.0625000000;-42.1875000000
1.5722802214;-0.1913383352;10.4431090553;3.1289764478;-57.0654973763;-3.8453503363;-7.7500000000;-11.0000000000;-42.2500000000
1.6392676792;-0.3115268162;10.1733087134;3.3126719511;-63.2973216286;-4.9343381116;-9.1875000000;-11.7500000000;-41.1875000000
2.1996806631;-0.4310948000;9.6203291907;1.3750435763;-73.9545197111;-3.5334406861;-9.1875000000;-11.7500000000;-41.1875000000
2.7549216369;-0.0814225855;9.4086666025;14.1027135016;-67.4712658513;2.1029068961;-11.3750000000;-11.7500000000;-40.6875000000
2.9791622340;0.2378981176;9.0557586608;4.8992687194;-73.2551868160;0.6361686172;-13.5625000000;-12.0625000000;-40.6875000000
3.5229802925;0.0608751362;8.4354984476;2.9430217981;-77.6145955065;0.6868313597;-16.5625000000;-12.5000000000;-38.6875000000
4.2812936376;0.2745070924;8.6658894349;9.6841976175;-67.2821234092;0.0000000000;-19.1875000000;-12.5000000000;-37.8750000000
4.3196521737;-0.0812529830;8.4085923082;-0.6970393998;-63.4555938669;1.9053640518;-19.1875000000;-12.5000000000;-37.8750000000
4.7044973222;0.2917504362;8.1365433373;7.5746432413;-62.7720945855;2.0309716827;-20.2500000000;-12.5000000000;-37.5625000000
5.1125728793;0.3540515214;7.2778640973;1.9789539399;-71.8580863359;-3.3475326472;-22.0625000000;-12.0625000000;-34.1875000000
5.5647155864;-0.0394219403;6.8945585534;-3.3483581676;-59.6860487101;-0.5628372057;-24.3750000000;-13.2500000000;-33.8750000000
5.8362779858;0.3918264352;6.0478557513;9.6307681662;-58.6198346224;-1.1446225015;-26.8750000000;-13.2500000000;-31.8750000000
6.5011969891;0.2076767516;5.7842466575;-6.3873007306;-42.6479275827;-0.2506227149;-26.8750000000;-13.2500000000;-31.8750000000
6.3516090934;-0.0604442528;5.8299552366;3.2251577936;-21.9532619872;3.2568143126;-28.5000000000;-13.5625000000;-29.1875000000
6.4996671836;0.3447302398;5.9911938879;7.1733977066;-18.7748534940;3.3313525462;-29.6875000000;-12.5000000000;-28.0000000000
6.8109060563;0.5090920474;5.8848494892;-2.4803432044;-9.9607253409;0.4909187229;-30.0625000000;-13.2500000000;-29.1875000000
6.5940137314;0.5050083879;6.1040303794;5.6587734389;-3.2056754141;3.3877394669;-30.3750000000;-12.0625000000;-28.5000000000
6.7861702079;0.2941080105;6.6994872424;1.2600410401;4.1063743420;-0.8849278885;-30.3750000000;-12.0625000000;-28.5000000000
6.7579505966;0.4459546284;6.7274557396;-1.3284090584;7.6788004698;-0.0635976759;-30.3750000000;-13.2500000000;-28.5000000000
6.5472907953;0.2281814208;7.1759224907;5.6538476788;3.1652802713;0.6956808094;-30.3750000000;-13.2500000000;-28.5000000000
6.9354688889;0.4930857504;6.9298201139;4.5685635823;3.0721303263;-0.1241632771;-29.6875000000;-13.2500000000;-29.2500000000
6.6102019737;0.5003981611;7.0070988745;-5.4930772965;5.4654675784;-0.1268322299;-29.2500000000;-13.2500000000;-27.6875000000
6.4110491470;0.6551079410;6.9898109589;-0.6174158629;-2.4774212091;-2.1211261472;-29.2500000000;-13.2500000000;-27.6875000000
6.5818928272;0.0711380660;6.9331701883;-4.5864904240;-1.4401319533;-2.3966050704;-30.0625000000;-13.2500000000;-29.5625000000
6.5776676179;0.0196695415;6.8534212711;2.1749853306;8.2224680068;-0.8782814087;-29.6875000000;-13.2500000000;-28.7500000000
6.7040996256;0.2462588717;7.0736328418;-2.3125272561;6.4334196850;0.0618221441;-29.6875000000;-13.2500000000;-28.7500000000
6.6853353887;0.2848942031;7.2922393729;6.0728886361;6.1987698899;0.9886360663;-29.6875000000;-13.2500000000;-28.7500000000
6.6406210759;0.3538453210;7.3743764063;3.6104661853;2.2251075239;1.9269266697;-30.0000000000;-12.8750000000;-28.3750000000
6.4869366670;0.4303968255;7.3393315331;-0.8233427747;0.0637187606;1.4974275059;-30.0000000000;-13.5625000000;-30.5000000000
6.4429120792;0.5998300989;7.0465748245;-1.1412607790;0.2531173058;1.2280456673;-29.2500000000;-13.5625000000;-29.2500000000
6.5112616190;0.2156426898;7.1351047143;1.0042496901;0.9977377555;-0.1253854152;-29.6875000000;-12.8750000000;-29.1875000000
6.6202889565;0.2432591219;7.2284635500;0.6815933512;1.2021866296;-1.2659091358;-29.6875000000;-12.8750000000;-29.1875000000
6.5639141766;-0.0300391220;7.5071448093;5.1985334054;3.4821881832;2.4345193151;-29.2500000000;-13.2500000000;-29.2500000000
6.6184932194;0.5147268458;7.1196139193;-4.7682241812;-1.8299726208;-0.1854449524;-29.2500000000;-13.5625000000;-29.2500000000
6.6181468234;0.6497662696;6.9026383052;3.4124730797;-5.8076771991;-0.4434710606;-28.5000000000;-14.0000000000;-29.6875000000
6.4700786758;0.1187138432;7.0497543757;-5.7308098258;0.4301529343;-1.7083877253;-29.6875000000;-14.0000000000;-28.3750000000
6.4385966002;0.3100696838;7.2191415253;-0.6199795438;2.4137029098;-0.3156310216;-29.6875000000;-14.0000000000;-28.3750000000
6.9257301325;0.7124280668;6.8505255530;3.7624942026;-0.7422460691;-1.0565833812;-29.2500000000;-13.5625000000;-28.5000000000
6.6330932738;0.1974783420;7.0451187809;-1.3152075902;2.6075228116;0.0614218673;-30.0000000000;-13.5625000000;-30.5000000000
6.4088273764;0.1679101551;7.2027399203;2.4303552035;1.2560420229;2.3807143863;-28.8750000000;-14.0000000000;-29.1875000000
6.4708744509;0.5365874031;7.2509752632;1.1663427749;1.3792562511;1.7610219933;-29.6875000000;-13.5625000000;-30.0000000000
6.5082871675;0.4360999441;7.1224150995;-3.4892495842;-0.1256283915;-0.6211517524;-29.6875000000;-13.5625000000;-30.0000000000
6.5778475332;0.5009239529;7.0637991195;2.6957024948;-0.6942598109;-1.3106881950;-28.8750000000;-14.0000000000;-28.7500000000
6.5344697848;0.3755594905;7.0797514051;0.8022157173;2.3976155548;-0.7563374533;-28.8750000000;-13.5625000000;-30.0000000000
6.6668753008;0.2513334561;7.2993977439;-1.3618658295;0.5565843144;-0.5642491978;-29.2500000000;-13.2500000000;-29.1875000000
6.3504691490;0.3023860989;7.3921547240;4.2589356551;0.7632730974;2.0154168593;-28.8750000000;-14.0000000000;-30.0000000000
6.4276424428;0.4895830536;7.2439098704;-3.6925900672;1.4725193832;1.3846146743;-28.8750000000;-14.0000000000;-30.0000000000
6.6060271530;0.3961804300;7.1172639204;-2.2816954876;1.9736969784;1.7018765426;-29.6875000000;-13.5625000000;-30.0000000000
6.6045634010;0.4101425229;7.2536775793;2.5077126733;1.8073184252;0.0000000000;-29.6875000000;-12.5000000000;-30.7500000000
6.6182554095;0.2961331133;7.2781575354;0.8677221228;-0.1242781305;-0.6130758567;-28.8750000000;-13.5625000000;-30.3750000000
6.3809038577;0.4259644017;7.0751212908;2.6371724742;1.7833587267;1.3029421737;-29.2500000000;-14.0000000000;-31.2500000000
6.4036900156;0.4774227087;7.2701735436;1.3969929175;-0.1874022769;0.1268153283;-29.2500000000;-14.0000000000;-31.2500000000
6.6599884609;0.4617400559;7.2824748199;-0.9407061501;-0.1903765192;-0.6178627834;-28.5000000000;-14.2500000000;-28.3750000000
6.3656131817;0.3646393906;7.3260445424;0.0615082520;-1.2343784968;1.0746095799;-27.7500000000;-13.5625000000;-29.2500000000
6.4946580419;0.1975910345;6.9252053836;-4.9424748265;-1.7456317705;0.1867106329;-29.3750000000;-14.0000000000;-30.0000000000
6.7330174025;0.3445314794;7.1826638774;0.6361311690;3.0451782113;0.9375256751;-29.6875000000;-14.0000000000;-29.6875000000
6.3738971248;0.4315790871;7.5879079547;1.7194809899;2.2883528576;0.3695945056;-29.6875000000;-14.0000000000;-29.6875000000
6.6618392289;0.4744902507;7.3626089383;1.4507127647;-1.1338465046;0.7540685036;-28.5000000000;-13.5625000000;-30.5000000000
6.5261105228;0.3043914452;7.1482127298;-3.2709390729;-3.8317889114;-0.8036901279;-29.2500000000;-13.5625000000;-30.3750000000
6.5607111711;0.3930793876;6.8883247684;1.7178956426;-1.3062674158;-0.9304244747;-28.5000000000;-13.5625000000;-30.0000000000
6.6636402778;0.4029795144;7.0224917899;-1.7658469172;-0.1862573761;-0.8868414336;-28.8750000000;-14.0000000000;-30.0000000000
6.5645949156;0.3035227376;7.2942428776;0.8897629824;3.7723440567;-0.5073876528;-28.8750000000;-14.0000000000;-30.0000000000
6.3856682629;0.5111615509;7.4317094609;4.4501624879;1.1692164079;0.6352690983;-29.2500000000;-12.8750000000;-30.0000000000
6.5976268216;0.3827199970;7.4312148425;-3.3379978097;-2.2731774905;-0.7527144770;-29.2500000000;-13.5625000000;-30.0000000000
6.4882480741;0.4836091725;7.1089556951;2.3049553808;-0.5694157316;-0.7404895830;-28.5000000000;-13.2500000000;-30.0000000000
6.4490885614;0.3390570591;7.0041489737;-2.4003364064;-0.9214148657;-1.0835319047;-29.2500000000;-14.2500000000;-29.2500000000
6.7611733484;0.0607448819;7.2638347173;-2.6609325130;2.6322403611;1.2520814499;-29.2500000000;-14.2500000000;-29.2500000000
6.4337485532;0.6353923325;7.2061045284;1.9632631662;1.3535597733;0.7538399134;-29.2500000000;-13.2500000000;-29.6875000000
6.6300809951;0.5165590310;7.3422580959;1.3958496837;1.0764803430;-0.5065164948;-28.8750000000;-13.5625000000;-30.3750000000
6.5079770748;0.4780775779;7.1869489044;0.0630815555;-2.3447984469;-1.1872846452;-28.5000000000;-14.2500000000;-28.7500000000
6.6378079865;0.5062338601;7.0171223454;1.7830722792;-2.3591955308;-0.8236200244;-29.6875000000;-14.0000000000;-29.6875000000
6.4001315582;0.3635791830;7.0704741697;2.2091758995;1.5636033728;-1.5315701516;-29.6875000000;-14.0000000000;-29.6875000000
6.6621342589;0.3053815230;7.2781085391;3.1779925669;1.6358635475;-0.0623352454;-29.2500000000;-13.5625000000;-30.0000000000
6.5660563125;0.3239817848;7.2527937898;-0.5066510987;-1.1300102762;0.6212681278;-29.6875000000;-13.2500000000;-31.1875000000
6.5636330102;0.4411074352;7.1804001120;0.6213168977;1.1459233843;1.2342779740;-29.2500000000;-14.0000000000;-29.6875000000
6.5401182379;0.3790350467;7.3330247378;-0.6802652718;0.0630629683;1.6422673226;-28.8750000000;-13.5625000000;-28.7500000000
6.4543273026;0.5807453944;7.2725139409;-1.1252308552;-1.1366320866;0.0000000000;-28.8750000000;-13.5625000000;-28.7500000000
6.5790067162;0.3544760230;7.0892293784;0.4900033200;0.3678692507;-0.1244754084;-29.6875000000;-14.2500000000;-30.0000000000
6.4255649019;0.3952922195;7.3953399950;1.7023422029;0.3785935211;-0.5531117083;-28.5000000000;-13.5625000000;-29.1875000000
6.5588892871;0.4433150902;7.0990475712;1.5475813261;-0.8226817834;-0.3735189845;-29.2500000000;-14.0000000000;-30.5000000000
6.7745693254;0.4403472670;7.1409422801;-0.7542113264;-0.3178379809;0.9947910179;-29.2500000000;-14.0000000000;-30.5000000000
6.4968837335;0.7953506862;7.2543793093;6.8476557598;0.1264179852;0.3816069815;-28.8750000000;-13.5625000000;-28.7500000000
6.4365232499;0.5811556434;7.1663349538;2.4806836112;-2.1456430174;0.3187203069;-29.2500000000;-14.0000000000;-28.7500000000
6.4818200391;0.4598222727;7.1088609398;-1.2256899298;-0.1266990306;-0.1268878208;-29.6875000000;-14.6875000000;-29.6875000000
6.5168853404;0.6496298576;7.2405582994;2.2077770445;-1.3651563714;-0.6154999015;-29.6875000000;-14.2500000000;-29.6875000000
6.6169946767;0.5035064551;7.0767410761;2.0231259803;-2.6220558511;-0.9397904939;-29.6875000000;-14.2500000000;-29.6875000000
6.7366666164;0.3314595635;7.1824167778;-1.7841620327;0.8804275368;-1.2938235550;-29.2500000000;-14.0000000000;-30.3750000000
6.4379809367;0.1503689454;7.2945009069;-3.3736721851;-0.4398764874;1.1197911298;-29.2500000000;-14.2500000000;-29.5625000000
6.5236838694;0.5642407999;6.9963412736;0.7979267670;-1.0014835416;0.5037399415;-29.2500000000;-13.5625000000;-28.5000000000
6.4676574721;0.6583755931;7.0813383720;2.5538241497;-1.0604901461;0.1882478351;-29.2500000000;-14.0000000000;-28.3750000000
6.7477400713;0.4312273244;7.0612481557;0.3165987489;0.3087128509;0.1912403282;-29.2500000000;-14.0000000000;-28.3750000000
6.5062101173;0.4145018729;7.1304468766;-1.1281463189;3.3535063456;1.7172310916;-29.2500000000;-13.5625000000;-29.6875000000
6.7778208975;0.6289938406;7.1335208512;1.2666743389;-0.8102119503;-0.1859379881;-29.2500000000;-13.5625000000;-30.0000000000
6.3949452955;0.4685280060;7.0652414210;-2.6850288617;3.2802587542;0.0000000000;-29.2500000000;-14.2500000000;-30.0000000000
6.7043955424;0.2872559379;7.2092099269;-1.0434181272;4.3861056340;-0.4360284032;-28.8750000000;-14.2500000000;-29.2500000000
6.5455327010;0.5672858590;7.0900546325;2.1436177482;5.2663248397;0.9268424912;-28.8750000000;-14.2500000000;-29.2500000000
6.5126242405;0.1701392826;7.1084792289;-3.7451526994;6.0231636546;2.2660217209;-28.8750000000;-13.2500000000;-29.5625000000
6.2409849803;0.5852166081;6.7862252034;6.9835479705;8.5485897887;4.9879926961;-28.5000000000;-13.2500000000;-29.1875000000
6.2251947241;0.5482884250;6.5118864950;-0.4954066130;7.9551710416;3.7470234293;-28.5000000000;-14.6875000000;-28.7500000000
6.1349451423;0.3650300771;5.9635494247;-8.5679938533;16.6113220790;8.0320494223;-28.1875000000;-14.2500000000;-30.0000000000
6.1322042911;1.0370914809;5.1720157699;4.8025938782;31.0763259656;6.6728403476;-28.1875000000;-14.2500000000;-30.0000000000
5.7753991815;0.5470927382;6.0463859526;1.7635858029;56.3838668456;10.9980634795;-27.7500000000;-14.6875000000;-30.3750000000
5.0330516985;0.7252135452;6.4726858544;-7.3798896220;72.9145757592;13.1217204796;-27.3750000000;-14.0000000000;-31.5625000000
4.8838367007;0.6362453586;7.7836730929;-3.3026649256;81.7623786393;7.9666979535;-25.6875000000;-14.2500000000;-33.1875000000
3.7979030013;1.1508769746;8.1351577571;-2.7745132002;100.1919409573;10.8001700767;-22.6875000000;-15.0625000000;-34.3750000000
3.4295202687;0.1703971924;8.5162620831;-24.0537178386;81.5465735357;2.2062233794;-22.6875000000;-15.0625000000;-34.3750000000
2.9934484841;1.0935064731;9.2061997985;4.4797883326;87.5119037572;2.1679577300;-19.7500000000;-15.0625000000;-36.0000000000
2.4139396891;0.0000000000;9.3400602919;-34.9316903492;77.5628196190;0.2481048222;-17.1875000000;-14.6875000000;-38.3750000000
1.8465393730;0.3808357041;9.7481877908;1.5989351091;80.7128662378;-0.3115397233;-14.1875000000;-14.0000000000;-40.2500000000
1.8671981010;-0.1274307823;10.8093434321;-19.6160327240;69.1832334706;-0.4446599300;-12.7500000000;-13.2500000000;-40.2500000000
1.1957496677;0.3567557998;11.1314837583;0.2505684232;69.1124885737;-0.3145132878;-12.7500000000;-13.2500000000;-40.2500000000
0.8803319494;0.3190984798;10.9762204972;-12.6678900815;43.8910637209;-0.8683352207;-9.3750000000;-13.2500000000;-42.1875000000
1.0025358747;-0.1412147875;10.5648857283;-13.2459636344;38.8517403890;-0.4394669456;-7.2500000000;-13.2500000000;-43.0000000000
0.5036464873;0.1325285909;10.3579749213;-3.2104869500;32.9267396007;-1.0028975036;-5.7500000000;-12.0625000000;-42.1875000000
0.7430234665;-0.3009217747;10.2560821832;-12.6581829701;13.7437359908;-2.6855548558;-4.3750000000;-11.3750000000;-42.1875000000
0.3109542979;-0.2138230715;10.3082472889;-1.4981508297;30.2598076356;1.7610609490;-4.3750000000;-11.3750000000;-42.1875000000
0.3489974059;-0.2463471164;10.2868710179;-6.7657981899;13.8602986629;-2.4179931715;-4.6875000000;-11.0000000000;-43.0000000000
0.1699393570;-0.0392408213;9.9886985077;-2.7819379621;10.8406815553;-1.9680833233;-3.5625000000;-12.1875000000;-43.0000000000
0.2571938728;-0.2498485912;10.1409056809;-2.4861824216;13.2459313327;0.7391867957;-2.8750000000;-11.5000000000;-43.0625000000
0.0000000000;-0.1091927049;10.3294973559;0.7514876601;9.8212925869;-1.7378989336;-2.8750000000;-10.6875000000;-43.3750000000
0.1476920019;-0.1817771469;10.3637665170;-3.3670192334;2.7729653195;-1.8723569917;-2.8750000000;-10.6875000000;-43.3750000000
0.2102192079;-0.3828454029;10.2299076823;-6.4460494617;-2.0695435998;-0.5004643779;-2.5000000000;-11.0625000000;-44.1875000000
0.0400495165;-0.2177063393;9.7668956932;-1.5022190469;-2.8395779439;-0.9238467109;-1.6875000000;-10.3750000000;-43.0000000000
0.3061570290;-0.1624400164;9.6520216290;-2.4225707206;-5.6512845183;-2.3466566751;-2.0625000000;-11.0625000000;-44.1875000000
0.1924902964;-0.3927996083;10.2060681103;-4.5051833679;1.5279029476;0.8091911764;-2.8750000000;-10.6875000000;-44.5625000000
0.2884783168;-0.3193346498;9.9099527230;0.6373695097;-2.1654282013;0.6946931506;-2.8750000000;-10.6875000000;-44.5625000000
0.1628002545;-0.1288223309;9.5914523290;0.8285290033;0.1871639732;-0.3128454575;-1.3750000000;-11.0625000000;-43.7500000000
0.1106098387;-0.3631067033;9.9555875580;-3.6294046858;0.8707155005;-0.8128910874;-3.1875000000;-11.0625000000;-43.7500000000
0.2069960334;-0.5076464694;9.9981223222;2.6521366635;0.4921447242;0.3121414517;-2.5000000000;-11.0625000000;-44.1875000000
0.2533579982;-0.3228279462;9.6453710611;2.4786973521;0.8151835890;0.3698704774;-1.6875000000;-11.0625000000;-43.0000000000
0.2784205977;-0.4478693506;9.7576629861;0.8722354362;0.6352395366;1.3827414523;-1.6875000000;-11.0625000000;-43.0000000000
0.2598690506;-0.1412417702;9.7343406272;0.1909213802;0.5050596485;0.2460798376;-2.5000000000;-10.6875000000;-43.0000000000
0.0798746577;-0.3161999824;9.6941457286;1.6542274831;0.3756051549;0.4289124413;-2.0625000000;-10.3750000000;-43.3750000000
0.2880843146;-0.3011119328;9.6129025530;-1.6990535258;-1.2060292904;-0.3820898063;-2.5000000000;-11.0625000000;-43.7500000000
0.1902892870;-0.2653455899;10.0262197733;2.5675733545;1.1983222363;0.0000000000;-2.0625000000;-10.6875000000;-43.7500000000
0.1402413147;-0.2098538306;9.8371583580;-0.1229946089;-0.1890237338;0.8725334978;-2.0625000000;-10.6875000000;-43.7500000000
0.1377690729;-0.1578613835;9.6122305196;-2.1844975503;-0.3732133678;0.0000000000;-2.5000000000;-12.1875000000;-43.3750000000
0.2203830290;-0.2779869598;9.9499447264;-2.3310118523;0.3077772991;-1.1280458177;-2.5000000000;-10.6875000000;-43.7500000000
0.2795541927;-0.2901181833;9.8577151946;0.3065196402;-0.9800062197;0.5636726049;-2.0625000000;-10.6875000000;-44.5625000000
0.2166806400;-0.1207066449;9.6686110953;-1.1893149752;0.1231789415;0.3100699719;-2.0625000000;-10.6875000000;-44.5625000000
0.2818948759;-0.3400766007;9.8885338336;2.1574425460;0.4978693720;0.0000000000;-2.8750000000;-11.0625000000;-44.1875000000
0.3344024849;-0.1930066020;9.8926101261;-1.3931856550;0.3797694481;0.4313022435;-1.3750000000;-11.8750000000;-44.1875000000
0.0603963682;0.0000000000;9.8583627359;-2.4629838868;-0.8178146602;0.0636974557;-2.5000000000;-11.5000000000;-43.7500000000
0.2604310375;-0.3946496500;9.9399768730;1.7046474070;1.0168041232;0.1251285268;-1.6875000000;-11.8750000000;-43.7500000000
0.1990338199;-0.0807338710;9.7843133442;-0.0636631726;-0.6305423090;-0.1879688892;-1.6875000000;-11.8750000000;-43.7500000000
0.2988471633;-0.3022759527;9.7023288735;-1.7679743703;0.9483654583;-1.1080144244;-1.6875000000;-11.5000000000;-42.5625000000
0.1930756372;-0.3825532919;9.6339991990;-0.6265599925;-0.9338702433;0.3135054613;-2.5000000000;-11.0625000000;-43.7500000000
0.1795875696;-0.2911999384;9.8389508817;1.2721313078;-0.6751886769;0.3142311035;-1.6875000000;-11.0625000000;-43.0000000000
0.1568076427;0.0100364393;9.6583642962;1.4746552486;0.0633339062;-0.3152318445;-2.8750000000;-10.6875000000;-42.8750000000
0.2395765985;-0.2765915283;9.7701107432;-3.2686068487;0.0620035328;-1.1347613081;-2.8750000000;-10.6875000000;-42.8750000000
0.3112126376;-0.2733221753;9.9304651572;1.6644022330;-0.2452451126;0.4412845549;-2.5000000000;-10.6875000000;-43.6875000000
0.1304014840;-0.1010849570;9.6198713774;-1.4625193635;0.2534005283;0.5619864595;-1.6875000000;-10.6875000000;-43.0000000000
0.1215377845;-0.2827070839;9.8561687898;-2.6479115379;1.0139942438;-0.5066492718;-1.6875000000;-10.6875000000;-44.5625000000
0.2334598358;-0.3641477459;9.8428899976;0.0630649475;-1.3902581053;-0.4966366112;-2.5000000000;-10.6875000000;-44.1875000000
0.3856589766;-0.2870833500;9.7025738959;-0.3151048022;0.0626045630;0.3821771416;-2.5000000000;-10.6875000000;-44.1875000000
0.1728284784;-0.0984407669;9.7330162951;0.9818589006;1.3228252678;0.8576021300;-1.6875000000;-10.6875000000;-43.7500000000
0.2344629008;-0.1529949174;9.8363693703;-1.5504401412;-1.8170404430;-0.2543831178;-2.0625000000;-10.3750000000;-43.3750000000
0.1116130227;-0.1221674388;9.5597188414;2.1597347208;1.6555136822;-0.1856406086;-2.8750000000;-10.6875000000;-43.3750000000
0.1797779087;-0.1867341267;9.6888413775;-2.1713238662;-1.0089798520;-1.0091495489;-2.8750000000;-9.6875000000;-44.5625000000
0.2441833749;-0.4025560296;9.9116277190;2.0413823130;0.6170372243;-0.9950457706;-2.8750000000;-9.6875000000;-44.5625000000
0.2627181499;-0.2847478608;9.7551686100;1.9944364380;-0.3106442602;-0.0624049820;-1.3750000000;-11.0625000000;-42.1875000000
0.1570553515;-0.3548510520;9.8663654385;0.6138227287;0.1872117473;1.4913732098;-2.5000000000;-10.6875000000;-44.5625000000
0.2156222933;-0.1186357242;9.9435858337;0.3096923179;-0.3135255114;-0.3819449894;-2.0625000000;-10.6875000000;-43.3750000000
0.1220727203;-0.0498062225;9.7865654569;1.2328347428;0.9247428697;-0.0624249688;-2.0625000000;-10.6875000000;-43.7500000000
0.2224220517;-0.3966054665;9.6316129335;-0.9472457664;-0.5051674279;-1.1707008161;-2.0625000000;-10.6875000000;-43.7500000000
0.3333559758;-0.4023236418;9.5707382893;0.9316874550;-0.4375886383;0.9391894663;-2.0625000000;-11.0625000000;-44.5625000000
0.2222338077;0.0098060923;9.6925773374;-1.3924456095;0.1260024375;-0.3128070758;-1.6875000000;-10.3750000000;-44.5625000000
0.2665797391;-0.2340731662;9.6747454851;-1.3927884109;-1.2065012967;0.4971823690;-2.5000000000;-10.6875000000;-42.5625000000
0.1087859846;-0.3240670401;9.7379984643;0.8052913992;-0.1240682518;-0.3063770422;-2.8750000000;-10.6875000000;-44.1875000000
0.2297319041;-0.2877365821;9.5920692647;1.2276647856;-0.6965921506;-0.2492072883;-2.8750000000;-10.6875000000;-44.1875000000
0.3442254870;-0.1922884475;9.5316983074;-0.9938450102;-1.3258764304;0.0000000000;-2.8750000000;-11.0625000000;-43.7500000000
0.3380767900;-0.1684399324;9.6320003145;1.4282252792;-1.4475977985;0.2470364484;-3.5625000000;-11.5000000000;-43.3750000000
0.3050477989;-0.2293911809;10.0421470338;-0.1245387294;-2.6693198922;-0.5585641013;-2.0625000000;-10.3750000000;-44.1875000000
0.2082935007;-0.1084323427;10.6410590414;3.4100570169;-7.2211209980;-0.6302077276;-2.8750000000;-11.0625000000;-44.1875000000
0.1785284760;0.0201435423;10.9317985836;2.7592497056;-14.1705394199;-4.2318105963;-2.8750000000;-11.0625000000;-44.1875000000
0.4715502084;-0.5123542078;10.9263240717;5.5402701117;-27.2214515496;-2.6867954448;-2.5000000000;-11.0625000000;-43.0000000000
0.6509378272;-0.1274915081;10.6857883854;1.4161003201;-34.4043030019;-2.9475901977;-2.8750000000;-11.5000000000;-43.7500000000
0.8159680814;-0.3389073915;10.1248005726;0.0618430811;-40.5385759453;-2.4963274055;-4.6875000000;-11.5000000000;-43.3750000000
1.1496514085;-0.2066308510;10.2467006406;4.9023918708;-45.4018451836;1.2361841481;-5.7500000000;-11.0625000000;-42.8750000000
1.4090094468;0.0811645025;10.0903499501;3.8764991342;-44.4978998398;-0.2499996087;-5.7500000000;-11.0625000000;-42.8750000000
1.6474405623;-0.2661711675;10.1695271208;0.9554317133;-45.2816401249;1.8427609271;-7.2500000000;-11.5000000000;-43.0000000000
2.0059104260;0.0000000000;10.3636930255;11.7024826712;-45.8538168518;1.8426883913;-9.0625000000;-11.5000000000;-41.3750000000
2.0818770733;0.2083789545;10.0328047230;1.0760597249;-54.9584022871;-3.2255422773;-10.1875000000;-11.8750000000;-41.0625000000
2.3758879016;-0.3512189435;10.2882001354;-1.4139273670;-58.0280987426;-1.0657711224;-11.6875000000;-12.1875000000;-40.1875000000
2.8159344526;0.1016299934;9.8860009917;10.2379072589;-64.7003014248;1.8448203371;-11.6875000000;-12.1875000000;-40.1875000000
3.1678848492;0.1511057705;9.7268490677;0.3130555002;-65.7739258592;-6.2694753440;-13.6875000000;-11.5000000000;-39.8750000000
3.4662713182;-0.0980769778;9.5259794514;-3.2397016617;-77.7818508488;-0.9855210870;-15.8750000000;-13.3750000000;-38.5000000000
3.9857283503;-0.0298340802;8.3553396441;8.1910135066;-76.6007794434;-1.7881359716;-18.7500000000;-12.1875000000;-37.6875000000
4.2892214399;0.1981492325;7.5464341052;-0.4910691969;-78.9272171305;-4.3995282662;-20.6875000000;-12.1875000000;-36.0625000000
4.9171698768;0.0000000000;6.9326824693;1.0176517796;-77.2852564368;-3.7930659899;-20.6875000000;-12.1875000000;-36.0625000000
5.7043012770;-0.1888631769;6.6644925367;6.4180657885;-55.8273639845;1.3696572772;-23.2500000000;-13.0000000000;-34.0625000000
5.6684234167;0.0784476496;6.2581485506;8.7210068143;-42.4678529214;1.8531037775;-26.0000000000;-13.0000000000;-33.0000000000
6.2626060953;-0.0099360104;6.8302091085;8.9703459627;-35.2762876459;2.1286079990;-26.6875000000;-12.5625000000;-31.7500000000
6.1090720889;0.4920005976;6.2070405750;11.2336760218;-26.4887798811;2.6960653912;-28.8750000000;-13.6875000000;-30.1875000000
6.2332165374;0.2421290149;6.4284751438;1.2727803577;-20.7950637393;1.9245117745;-28.8750000000;-13.6875000000;-30.1875000000
6.5290719680;0.3331974116;6.1036279398;-1.4555679921;-11.0756178105;2.2715169273;-27.7500000000;-13.6875000000;-30.2500000000
6.6039371487;0.2867142070;6.6202951956;5.8833779340;-5.9375695328;2.0883446565;-29.6875000000;-13.3750000000;-29.7500000000
6.2972370710;0.6087403400;6.8019180634;3.4915216067;-2.5559859507;0.6785711044;-30.0625000000;-13.0000000000;-29.3750000000
6.7300837986;0.1923192935;6.9931318326;0.3788845994;2.2632537839;0.6965268523;-30.0625000000;-13.0000000000;-29.3750000000
6.3612704233;0.5009332752;7.2531247860;11.6743375842;2.9604283544;3.1444479704;-29.2500000000;-14.3750000000;-28.6875000000
6.5459243729;0.4862897866;6.8000535840;-7.9751139602;-9.6270225563;-1.7865316105;-29.2500000000;-13.3750000000;-30.2500000000
6.6488722017;-0.0098889975;7.2740635343;-0.4447015010;4.3357585496;0.8029899687;-29.6875000000;-13.3750000000;-29.0625000000
6.5170067743;0.6810880577;6.9878287292;4.6756724754;-4.1317972695;1.4210201506;-29.6875000000;-13.3750000000;-29.7500000000
6.7613622659;0.2947801936;6.8952080327;-6.3252901970;-7.8910169240;-1.9999045744;-29.6875000000;-13.3750000000;-29.7500000000
6.6277677507;0.3182820346;7.1191590882;3.3345783884;4.2562213852;2.7977998332;-30.0625000000;-13.6875000000;-29.7500000000
6.7166398366;0.6196159668;7.1219400029;2.2753043552;-2.6311892294;0.5071645498;-30.7500000000;-13.6875000000;-28.5625000000
6.6176951442;0.4150685501;7.1908549419;-2.5881982133;-1.4472391184;-1.8449294256;-29.6875000000;-14.3750000000;-29.0625000000
6.5413577607;0.2480717411;7.4041560601;9.1907155388;0.3086840208;2.3288827344;-30.0625000000;-13.0000000000;-30.5625000000
6.6392415873;0.4782601599;6.9356065628;-3.5255393466;-5.9540164197;-0.2517886200;-30.0625000000;-13.0000000000;-30.5625000000
6.9227880494;0.3649244700;6.8008192915;-4.0501211991;-3.7171288339;0.1234129430;-30.3750000000;-14.0625000000;-29.3750000000
6.7990548180;0.5190378066;6.9217673439;6.9133220540;0.1226960452;1.3695570499;-30.0625000000;-14.0625000000;-28.1875000000
6.7459333926;0.4034889457;6.9186395024;-3.5672508133;0.6276191783;0.3677196925;-30.0625000000;-13.3750000000;-28.1875000000
6.7737661594;0.3250201492;7.1101612489;-3.0221578653;1.6702870142;2.3205584901;-30.7500000000;-14.0625000000;-28.5625000000
6.7514750507;0.5844665075;6.9122734492;0.6337285267;0.1243803685;-0.2536387479;-30.7500000000;-14.0625000000;-28.5625000000
6.5662939791;0.4681029680;7.0756116129;-0.8827242203;3.8463748382;-1.4933552224;-30.3750000000;-14.3750000000;-28.1875000000
6.8517307970;0.2138578902;7.2219645672;1.4767704802;1.4599817365;-1.3980684994;-30.0625000000;-14.0625000000;-29.3750000000
6.8242168442;0.3506212268;6.9731143316;0.4957834939;-1.8496246231;-0.1227711164;-29.6875000000;-14.3750000000;-29.3750000000
6.7852901907;0.1005945948;6.8502010047;-4.4471866031;-0.9522803885;1.3292332861;-29.6875000000;-13.6875000000;-29.7500000000
6.6090450625;0.6539401598;6.9273328505;4.4785856183;1.8475848234;3.4984320578;-29.6875000000;-13.6875000000;-29.7500000000
6.5546288610;0.6588703456;7.0341772014;1.6579234260;1.6037701230;0.4924153303;-30.0625000000;-14.0625000000;-30.2500000000
6.4729103810;0.6718634439;7.2437044318;-2.1054220352;2.4144593883;-0.4410603225;-29.6875000000;-14.3750000000;-29.7500000000
6.6197776227;0.5577207091;7.0833297760;4.7172294617;1.3349141573;-1.5589313611;-29.6875000000;-14.3750000000;-29.0000000000
6.5754977671;0.1186281709;7.1051106158;-1.7390086458;-0.4358367181;-2.0824828584;-30.0625000000;-14.0625000000;-27.7500000000
6.5408415401;0.1491409462;7.1431130278;0.0000000000;0.7982356789;0.6822813303;-30.0625000000;-14.0625000000;-27.7500000000
6.7192880742;0.5639069461;7.1615612430;2.1745840390;0.5087862781;1.0082335630;-30.0625000000;-13.6875000000;-29.3750000000
6.6538223050;0.4747615805;7.0826924294;-0.1866829992;-1.9478002371;0.3122574436;-29.6875000000;-14.0625000000;-27.7500000000
6.7324982712;0.4867947467;6.9394701723;-1.4380501541;-0.0615039432;0.6196603105;-29.6875000000;-13.3750000000;-29.0625000000
6.7323542114;0.5502169897;6.9776160999;2.2327301576;-0.9356409811;-1.0058556883;-29.6875000000;-14.3750000000;-29.0625000000
6.6948497880;0.2366312772;7.1160141770;-0.8266015791;1.4435452447;-0.7503447796;-29.6875000000;-14.3750000000;-29.0625000000
6.6642377221;0.2992688849;7.1258974495;1.3972773893;2.4065830474;-0.2538566574;-30.0625000000;-13.3750000000;-29.0000000000
6.7083817389;0.3955403586;7.0814493356;0.8701498601;-0.9985538925;-0.8096308496;-29.6875000000;-14.0625000000;-28.1875000000
6.5440910251;0.5719862237;7.1494200138;4.0394808673;-0.6279101760;1.1455944593;-30.7500000000;-14.0625000000;-28.5625000000
6.8562009479;0.5200778790;6.9764036701;-1.0612409368;-2.2092537698;-0.3130610319;-29.6875000000;-14.0625000000;-29.0000000000
6.6136783394;0.4424555752;7.1236849594;1.1749669793;1.1696518388;-0.1247371645;-29.6875000000;-14.0625000000;-29.0000000000
6.6322287518;0.4974800094;6.8828182672;0.8667704881;-1.1359355818;0.3131978908;-30.3750000000;-14.3750000000;-27.7500000000
6.6937054831;0.4595659985;6.9429312995;-2.2389077162;1.1220858691;-0.7527161474;-30.0625000000;-14.0625000000;-29.3750000000
6.6647205817;0.4058239643;7.1794746617;2.3744882540;1.8051833043;-1.5717457779;-29.2500000000;-14.0625000000;-28.2500000000
6.5932003639;0.3363836771;7.1035543263;-0.2462260775;-0.8020625585;0.3712170395;-30.0625000000;-14.0625000000;-28.5625000000
6.6190436886;0.3263595292;6.9154085583;-3.2005070887;-1.7852809242;0.4962299290;-30.0625000000;-14.0625000000;-28.5625000000
6.5051547075;0.4023466565;7.0640689465;0.6145377175;-0.3813814393;1.8190964093;-30.3750000000;-13.3750000000;-29.0000000000
6.6081141275;0.5343528940;7.1861370819;1.5871122090;0.3773449506;1.7729288383;-29.2500000000;-14.7500000000;-29.3750000000
6.6614952694;0.7047776684;7.0884125526;-1.0681893868;0.4342300640;0.3708459526;-30.3750000000;-13.6875000000;-30.5625000000
6.7761696032;0.3564645182;7.1605213653;3.3911157159;0.9222443299;-0.4927450352;-29.6875000000;-14.0625000000;-29.5000000000
6.7758606538;0.3825101277;7.0585551054;4.2566903660;-0.3786342121;0.0000000000;-29.6875000000;-14.0625000000;-29.5000000000
6.6155757205;0.5465854189;6.8509896699;-4.5252860203;-0.0613522303;-1.8277718031;-30.0625000000;-14.3750000000;-29.5000000000
6.6973117013;0.3234281896;7.2279553058;3.4829819868;1.9279687487;0.6295890606;-29.6875000000;-14.3750000000;-29.3750000000
6.7672339428;0.3860395168;7.0442557192;-0.7630371199;0.3173942397;-0.5565340234;-29.6875000000;-14.0625000000;-30.2500000000
6.8170717440;0.4715536816;7.0899173000;-1.2542530370;-0.7401086747;1.7877408588;-30.0625000000;-13.6875000000;-28.1875000000
6.5080025566;0.7298247023;7.0951060280;0.7559207406;-0.2475947084;0.6361841542;-30.0625000000;-13.6875000000;-28.1875000000
6.7528744881;0.5311485752;7.0436728551;0.8836453151;1.0488431965;-0.9995321796;-29.2500000000;-14.0625000000;-28.5625000000
6.6510308941;0.7087719522;7.0518700832;4.4688931281;3.4101376535;-1.3776855059;-30.0625000000;-14.3750000000;-28.5625000000
6.6962703575;0.1425019754;7.2103522096;-3.5365198157;0.5723412208;-1.7881637973;-29.6875000000;-13.6875000000;-29.3750000000
6.5920837754;0.3194665770;7.1916632934;2.3281050240;-0.1239750265;-0.4405773686;-28.8750000000;-14.3750000000;-28.5625000000
6.4811981866;0.3005981589;7.1915028608;1.6164792817;-0.1236437041;-0.3147929933;-28.8750000000;-14.3750000000;-28.5625000000
6.5343486343;0.5064733431;7.0532727251;0.5089684360;-0.9808530426;1.3584785522;-29.6875000000;-14.7500000000;-29.0625000000
6.5967911189;0.6545851668;6.9984782510;1.4194065463;-0.8591912725;1.4927252692;-29.6875000000;-14.0625000000;-28.5625000000
6.6857545682;0.5324115601;7.0635308933;-1.7875034525;2.0699246985;-0.7556079408;-30.3750000000;-14.3750000000;-29.0000000000
6.6840931084;0.6036267498;7.2090890090;-0.8825871883;-0.6197602751;0.3756967470;-30.3750000000;-14.3750000000;-29.0000000000
6.5815435695;0.5382447272;7.0023878377;0.2484640103;0.1907491556;-1.2483201655;-30.3750000000;-14.7500000000;-27.7500000000
6.6669453072;0.2425138406;6.8910126420;-0.5598653189;-0.1274541513;-2.2484050888;-29.2500000000;-14.3750000000;-29.3750000000
6.7263504401;0.4575540480;7.0130238768;2.5439899104;-0.8132120001;0.7504783291;-30.0625000000;-14.3750000000;-29.0000000000
6.7303511115;0.5554872119;7.0545557891;-1.2045399436;0.2505589390;1.5190088253;-30.3750000000;-14.0625000000;-30.5625000000
6.4867872582;0.5485817543;7.0487966335;-1.6898873750;0.1233163824;0.0000000000;-30.3750000000;-14.0625000000;-30.5625000000
6.6260342159;0.7492444690;7.1304509463;4.7787764705;1.7199224696;-1.1351967527;-30.0625000000;-14.7500000000;-29.7500000000
6.6754049640;0.4116441205;7.0470114133;0.9917979628;-0.5553400716;-2.0880612530;-29.6875000000;-15.1875000000;-29.0000000000
6.7431671861;0.2337490662;6.9474597044;-2.3721533420;-1.6731664170;-0.7365980048;-30.0625000000;-14.0625000000;-28.5625000000
6.8039702190;0.3634367816;7.0077367473;4.0664682569;2.0222734744;1.4174834166;-29.2500000000;-14.3750000000;-27.7500000000
6.6961880591;0.5021570207;7.0583449027;1.5510307306;0.0613146743;0.5010759945;-29.2500000000;-14.3750000000;-27.7500000000
6.7814368273;0.6444845211;7.2068130417;-0.1872727019;-0.7430567187;0.9930127904;-30.0625000000;-14.0625000000;-27.7500000000
6.7931837435;0.7166125719;6.8938069824;0.8893017389;-2.0149649781;0.1257041480;-29.6875000000;-14.7500000000;-29.0000000000
6.7519351477;0.5805491207;7.0544183902;0.1245958397;-1.2342031540;-0.4416320627;-30.7500000000;-14.3750000000;-28.1875000000
6.4646614677;0.5027490833;6.9468890585;-0.2457184718;1.4099676866;-2.0777730424;-30.0625000000;-14.3750000000;-29.3750000000
6.8811179851;0.2283825628;7.0239090968;0.1265756026;1.9398679923;-0.1839091403;-30.0625000000;-14.3750000000;-29.3750000000
6.7961030657;0.4785342958;6.8631380822;1.8584704223;2.4308284032;1.5650733439;-30.0625000000;-14.7500000000;-28.1875000000
6.6556959025;0.5489236522;7.1237358043;-4.6551028615;0.6854355799;2.0308797906;-30.3750000000;-14.7500000000;-29.0000000000
6.5252164809;0.4608441816;7.1379287327;2.3302868357;3.8051579753;2.8631413948;-30.7500000000;-14.7500000000;-29.0000000000
6.5453209606;0.7740296485;6.8121220340;-3.7560951186;2.2080255026;0.7990825224;-28.8750000000;-14.3750000000;-29.7500000000
6.5644015257;0.6786865121;6.7559475058;-0.1233746490;5.3085143936;1.8795775884;-28.8750000000;-14.3750000000;-29.7500000000
6.5602466647;0.8010388833;6.8888253777;-2.6701639228;10.0203250125;0.1859369747;-29.2500000000;-14.0625000000;-28.5625000000
6.5653732272;0.6296979310;6.8631766456;-4.5151350721;13.2944936969;-0.0626312984;-28.8750000000;-14.7500000000;-29.3750000000
6.5864225229;0.3037582907;6.4503684760;-0.8141275349;13.0380978644;0.6781177711;-30.3750000000;-14.3750000000;-29.3750000000
6.4075354172;0.6462349422;6.0561461626;-2.0205180497;22.4083654464;-0.1248339771;-28.8750000000;-13.6875000000;-30.1875000000
6.0788311773;0.4611394929;6.1725862166;-5.8547165888;33.7756826842;1.9185683330;-28.8750000000;-13.6875000000;-30.1875000000
5.8948351464;0.5497392482;6.5348294864;-2.8889668299;46.7373227690;0.3715195481;-28.5625000000;-14.0625000000;-30.1875000000
5.4952074281;0.6533131129;7.0553958856;-1.3274668537;51.3898970798;-0.5619448164;-27.3750000000;-14.3750000000;-31.0000000000
5.2723272998;0.3857595137;8.5230725575;-3.6371962718;54.9596826677;-1.6741041617;-26.0000000000;-14.3750000000;-32.1875000000
5.0179957484;0.6688829109;8.6425724347;-5.1194445347;46.4944198256;-2.8005187846;-24.0625000000;-13.6875000000;-33.2500000000
4.8126499287;0.0990369952;8.2173294390;-11.5784096210;42.5165270332;-5.6672718228;-24.0625000000;-13.6875000000;-33.2500000000
4.4364009604;0.3650429615;8.2307719392;-5.5669939121;45.8345947913;-3.3655752784;-23.0000000000;-14.3750000000;-35.0625000000
4.1932310730;-0.1796722766;8.3512242525;-7.9250613467;43.8891744725;-4.0473562126;-21.5625000000;-13.3750000000;-34.5625000000
3.8366482847;0.2437943926;8.3232264016;-4.4460592261;54.5243897554;-0.6278546494;-20.7500000000;-12.1875000000;-36.1875000000
3.4428044016;0.0196734944;8.4966445920;-13.0683092492;57.8764419317;-1.3821321652;-18.8750000000;-13.3750000000;-36.5625000000
2.9763739639;0.0898925758;9.2619205623;1.9012949564;69.6080086256;-0.3816470634;-18.8750000000;-13.3750000000;-36.5625000000
2.7582789823;0.0000000000;9.2423875813;-7.9438725613;59.9407472563;-0.4462189233;-18.0625000000;-12.5625000000;-38.1875000000
2.1079450486;0.0198136106;9.9835746956;-4.3145601885;64.8561045487;1.9750178084;-15.1875000000;-12.5625000000;-39.7500000000
2.0024120809;0.1106100743;10.3217680736;-7.5194748592;52.1833505256;-0.1264413894;-13.0625000000;-11.8750000000;-40.8750000000
1.7250272235;-0.0098494498;10.4765640106;-1.5509430550;49.8870573577;0.4979964040;-11.5625000000;-12.1875000000;-40.8750000000
1.4962882392;-0.1299908810;10.5771258729;-9.3055570081;41.6802430848;-1.1367687226;-11.5625000000;-12.1875000000;-40.8750000000
1.2420709499;0.3362817044;10.1767554144;-5.7311706914;35.0079271956;-1.1398353849;-9.6875000000;-12.1875000000;-42.0625000000
1.0703853707;-0.3649728114;10.5010308543;-4.2735764276;34.6200120717;-2.6048295700;-8.5625000000;-11.0625000000;-41.6875000000
0.8169647332;0.0197525121;10.0922892628;-2.8153846120;26.2449118147;-0.8244234028;-6.7500000000;-11.0625000000;-42.8750000000
0.8284974756;-0.3109315078;10.2729721271;-4.6598298691;22.2239747467;-1.6510470705;-5.5625000000;-11.5000000000;-42.5000000000
0.7071641353;-0.0605115526;10.1020074153;-7.1185326645;22.0850636577;-1.7173707670;-5.5625000000;-11.5000000000;-42.5000000000
0.5798153052;-0.4062555785;10.6369945056;-3.9254804012;12.5946261304;-2.6461040057;-4.8750000000;-10.3750000000;-42.5000000000
0.5505929896;-0.5501200875;11.3446007149;-8.1670576561;-4.1286967626;-2.3079217818;-4.1875000000;-10.6875000000;-43.5625000000
0.6096686190;-0.2089520535;9.4420292630;-5.9802408079;-9.2040806223;-1.7524710783;-3.8750000000;-10.3750000000;-42.8750000000
0.6002709197;-0.3227571323;9.1024029900;-3.9394739146;-1.9908948082;-0.3721184362;-5.3750000000;-10.3750000000;-43.2500000000
0.6638762284;-0.5254828907;9.9694258760;-5.1724039903;-0.7490958039;-1.4301523535;-5.3750000000;-10.3750000000;-43.2500000000
0.6928614075;-0.5276403161;10.2423108013;-1.6326522679;-2.1517780242;-0.3071577299;-3.8750000000;-10.0000000000;-43.2500000000
0.6146751999;-0.6635082645;9.3102191040;2.4822278406;-0.5571076847;-1.1391597557;-4.6875000000;-9.5625000000;-43.2500000000
0.7336350824;-0.3504540535;9.7813482331;-0.3701206730;1.1330625682;-0.3137848158;-3.8750000000;-9.6875000000;-43.2500000000
0.6632999773;-0.2651228229;9.8604065716;-0.7985853756;0.4913558122;-0.3140374740;-3.8750000000;-9.6875000000;-43.2500000000
0.6986185232;-0.6285233560;9.5758452051;1.6558451118;0.0000000000;0.4385208897;-4.6875000000;-9.6875000000;-42.8750000000
0.6217662788;-0.3369775251;9.7230528211;2.7846436018;2.1081526263;0.4925123862;-5.3750000000;-9.2500000000;-44.5000000000
0.5531669347;-0.4864635914;9.4610202620;-2.3568945997;0.5735925174;-0.6313818886;-4.6875000000;-9.5625000000;-43.2500000000
0.7253642514;-0.4547366760;9.7156867501;2.1293150826;-1.3882036214;0.0631810289;-5.0000000000;-9.6875000000;-43.2500000000
0.7130307964;-0.5201111383;9.6109207933;0.5646672988;2.1661940222;-0.4390441895;-5.0000000000;-9.6875000000;-43.2500000000
0.5791051324;-0.2386132019;9.6675540276;-0.9498386595;0.2528196874;-0.4332631095;-5.0000000000;-9.6875000000;-43.6875000000
0.6623255831;-0.7053362873;10.1260601504;-0.0621947316;0.2487258796;-0.5659817016;-4.6875000000;-9.6875000000;-43.0000000000
0.6353135283;-0.4530658140;9.8314458542;-0.8899787750;0.0621350462;0.6894366275;-4.6875000000;-9.6875000000;-43.2500000000
0.6010516132;-0.3262452702;9.5006842819;0.1899624239;-0.0633880426;0.6361592098;-5.3750000000;-9.2500000000;-43.0000000000
0.6026956624;-0.4747255438;9.7523677480;-0.0628079183;0.0627527303;-1.2716194129;-5.3750000000;-9.2500000000;-43.0000000000
0.6772146873;-0.1921550149;9.5570813297;-1.4801637578;0.1245202747;0.3141835927;-5.0000000000;-10.0000000000;-42.8750000000
0.6176845340;-0.1876506254;9.6596456960;1.3627269806;-0.6932604509;0.0630687923;-4.6875000000;-9.5625000000;-43.5625000000
0.4375726029;-0.5498534819;9.8894671025;2.5192914921;0.6253578250;2.7069863430;-4.6875000000;-9.6875000000;-43.6875000000
0.7613257131;-0.7338643245;9.9455144622;-1.5462812391;-0.0627137712;-0.4399581609;-5.0000000000;-9.2500000000;-43.6875000000
0.6607006527;-0.5225374194;9.8624630972;-1.0482249785;-1.0538621197;-0.2537448658;-5.0000000000;-9.2500000000;-43.6875000000
0.6601165539;-0.4203043893;9.8715978880;1.1133958100;-0.1844652169;-0.0626820365;-5.0000000000;-9.6875000000;-43.0000000000
0.6720127073;-0.2211459459;9.6351086823;-1.6291707697;0.2539329201;-0.6833635253;-4.2500000000;-10.0000000000;-43.7500000000
0.5937344516;-0.6437149792;9.7594198040;-3.8506995498;-0.1839632056;-0.5607289192;-3.8750000000;-9.6875000000;-43.2500000000
0.6406443092;-0.5422673941;9.7462229964;1.0421637228;-0.3097475802;0.5061080500;-5.0000000000;-10.3750000000;-43.2500000000
0.6263469788;-0.2665408005;9.5646794207;-0.0621813331;-0.4309767409;-0.2520080848;-5.0000000000;-10.3750000000;-43.2500000000
0.7331532696;-0.3498109444;9.5887626903;-2.6720316902;0.0626194761;-0.3120016580;-5.3750000000;-10.3750000000;-44.0625000000
0.6849637377;-0.5400158059;10.0192873501;-3.6030056457;0.0631085559;-0.5722208924;-4.6875000000;-9.6875000000;-42.0625000000
0.6591479383;-0.1625120870;9.6111863031;4.8281107775;-2.0305009571;-0.3125064125;-5.0000000000;-9.2500000000;-42.8750000000
0.4832548530;-0.1630981639;9.4247891970;2.5805122659;1.0081718283;0.2467227763;-5.0000000000;-9.2500000000;-44.0625000000
0.7032737933;-0.6781190934;9.8507731472;-1.1259297132;0.5575641264;0.0000000000;-5.0000000000;-9.2500000000;-44.0625000000
0.6482582342;-0.4793170657;9.9402787489;1.4765133314;-0.1226568190;1.1796245770;-4.2500000000;-9.6875000000;-43.2500000000
0.7021776137;-0.4536556817;9.6047609382;-1.7676914772;-1.0817782630;-0.5603031372;-4.6875000000;-10.3750000000;-44.0000000000
0.6104297628;-0.4569511559;9.9073251466;-2.4819914267;-0.6911036302;-0.3070945745;-5.0000000000;-9.2500000000;-43.6875000000
0.6629452111;-0.4981500650;9.6997672441;5.3687663985;-0.0618063396;-0.7517331471;-4.6875000000;-9.6875000000;-42.8750000000
0.6444486281;-0.2677867160;9.7641332955;4.3894372519;1.0469425620;0.4362891319;-4.6875000000;-9.6875000000;-42.8750000000
0.5091264700;-0.4473432715;9.8881725878;-3.7776569392;0.2491779839;-0.0631556494;-4.6875000000;-10.0000000000;-42.8750000000
0.6983158490;-0.9570563557;10.0290441203;0.3697582833;0.1895608756;0.8598540801;-4.6875000000;-10.0000000000;-43.2500000000
0.5201740031;-0.2030836312;9.7460962068;2.2892210147;1.2258568050;0.1888509086;-5.0000000000;-9.2500000000;-43.6875000000
0.6158983917;-0.5844393796;10.0178672151;-6.0546076187;-0.8800201520;-0.2531961369;-4.2500000000;-10.0000000000;-43.6875000000
0.7184273406;-0.9628699528;9.9287524188;-5.4720123774;-0.4403987678;-0.6755129334;-4.2500000000;-10.0000000000;-43.6875000000
0.7213776014;-0.1300229986;9.7381513447;5.0851565182;-0.4461905981;0.0000000000;-4.2500000000;-10.0000000000;-43.5625000000
0.5992367086;-0.0787630249;9.4259293993;0.7990140953;-0.1244158522;1.0094890790;-5.3750000000;-9.6875000000;-44.0625000000
0.6730110123;-0.4572756232;9.6656008435;-3.5665657863;-0.2456876328;-1.6965442422;-4.2500000000;-9.2500000000;-42.5000000000
0.6057437376;-0.6389187725;9.6241700730;6.5037444304;1.8208478225;0.0000000000;-4.2500000000;-10.0000000000;-43.2500000000
0.6032448211;-0.3096346401;9.6405562492;3.5150174582;-0.1906888136;1.4915749557;-4.2500000000;-10.0000000000;-43.2500000000
0.6951341978;-0.5077593881;9.9971486508;-2.2771119400;0.3777125443;-0.0633308205;-5.3750000000;-10.0000000000;-43.6875000000
0.5626310152;-0.4671208888;9.8755108253;1.3908498508;0.2475433274;0.1227199983;-5.3750000000;-9.2500000000;-42.5000000000
0.6843958470;-0.3664991771;9.5661190180;1.5256868555;0.3094690525;-0.1853474326;-4.6875000000;-10.3750000000;-43.2500000000
0.5825083484;-0.4581815426;9.6920879679;-1.4260145523;0.8014652389;0.3685353540;-4.6875000000;-9.2500000000;-43.6875000000
0.6554868955;-0.4992994203;9.8106367631;-0.4979416695;-1.3131266520;-0.1240045915;-4.6875000000;-9.2500000000;-43.6875000000
0.7080870066;-0.2954644611;9.6249665264;4.1405555458;1.0170778635;-0.8247788328;-5.0000000000;-10.0000000000;-42.5000000000
0.6079612803;-0.3147707563;9.5705867072;-2.1659300166;0.3085763882;-0.3081089615;-4.2500000000;-9.6875000000;-43.6875000000
0.6919883539;-0.5402304690;9.8651623338;0.1243125571;-0.2458122334;-0.1263336367;-4.6875000000;-9.2500000000;-44.5000000000
0.6341458920;-0.3812934795;9.5583407266;0.8108599727;0.5005612007;-0.1230938860;-4.2500000000;-10.0000000000;-44.0625000000
