acc_x;acc_y;acc_z;gyr_x;gyr_y;gyr_z;mag_x;mag_y;mag_z
-9.7802366311;-0.7555127694;-0.4382625473;0.0616051076;1.2995657183;1.0677044443;50.6875000000;-10.2500000000;-7.0625000000
-9.8387629966;-0.8945152212;-0.4688344750;-2.4812289522;-0.5561213968;-0.2457578120;49.5625000000;-10.6875000000;-7.0625000000
-9.4178289549;-0.6974013102;-0.4956679951;4.9461363195;-0.2509268197;-1.2582621064;49.5625000000;-10.6875000000;-6.3750000000
-9.5059623214;-0.7753150599;-0.3968211028;-3.4887333717;-0.1906168034;-0.3153708369;49.5625000000;-10.6875000000;-6.3750000000
-9.4328071093;-0.8539794642;-0.5143423007;1.1911166619;-0.9847312448;-1.1204104211;50.0000000000;-10.2500000000;-6.6875000000
-9.6422590394;-0.6835401838;-0.3940459360;2.3498730919;-0.2469508872;-0.8691792906;49.5625000000;-9.8750000000;-5.8750000000
-9.5109529191;-0.7898363468;-0.4778989261;-5.1441251591;-0.1248743580;-0.8668262914;50.0000000000;-10.2500000000;-6.3750000000
-9.4980728217;-0.5906275914;-0.4708413256;6.1033717077;-0.3143346911;-1.3024083521;51.0000000000;-9.5625000000;-6.6875000000
-9.7019865178;-0.7375538989;-0.3520013392;-3.1330294790;1.3294984027;0.0628476796;51.0000000000;-9.5625000000;-6.6875000000
-9.4826420903;-0.9170413324;-0.5184303397;-0.1895793354;-1.1689918449;-0.5540871090;50.0000000000;-11.3750000000;-7.0625000000
-9.4775323918;-0.5692041672;-0.4859147653;4.2381533264;-0.1238267253;-1.9814156032;49.5625000000;-10.6875000000;-8.2500000000
-9.4802255989;-0.7417269298;-0.3653050658;-5.6647493715;0.2490978676;-0.3799698610;50.0000000000;-11.3750000000;-6.3750000000
-9.4069188625;-0.6971837345;-0.5399787996;4.8973309997;-0.6222643746;-0.5643694141;50.2500000000;-10.6875000000;-7.5000000000
-9.6793778685;-0.7000979437;-0.4261055483;-1.7249523061;0.9526697554;0.5530976831;50.2500000000;-10.6875000000;-7.5000000000
-9.8300801446;-0.9919131365;-0.5147464408;-2.8217236998;-0.3155014374;1.0418424761;50.2500000000;-10.2500000000;-6.2500000000
-9.4623063611;-0.5868033555;-0.5273540040;5.4910975381;-0.0615792965;-1.0119943760;50.0000000000;-9.5625000000;-7.5000000000
-9.7241890888;-0.8155849811;-0.4575124768;-5.2688535462;1.0797106395;0.7383052540;50.2500000000;-10.6875000000;-6.6875000000
-9.4946423206;-0.7834624322;-0.5468538772;3.2885029554;-0.3753353290;-0.2451851652;50.2500000000;-11.3750000000;-7.0625000000
-9.7467494156;-0.7544136039;-0.4524557191;-0.7521418099;1.0015086031;0.3743839356;50.2500000000;-11.3750000000;-7.0625000000
-9.6458523970;-0.8995416156;-0.6090993165;-2.2054992429;-0.9193549895;0.2487386246;49.1875000000;-9.8750000000;-7.0625000000
-9.7438524048;-0.5504219098;-0.3387299647;3.9906368302;1.8308716712;-0.2476216078;50.6875000000;-11.3750000000;-7.8750000000
-9.6946023751;-0.7570430911;-0.5336048100;-4.4037391708;-0.1243331183;0.9556477837;50.0000000000;-9.5625000000;-6.6875000000
-9.4529830677;-0.7807949039;-0.4682290308;-0.0626043122;1.0102801052;0.6890789733;49.5625000000;-9.5625000000;-7.0625000000
-9.5116514693;-0.7702311351;-0.5005340111;0.8903181355;-0.7511134295;0.1250938754;49.5625000000;-9.5625000000;-7.0625000000
-9.6055446406;-0.7544298407;-0.5476865066;-2.1466330884;0.2480880931;0.0000000000;51.0625000000;-10.2500000000;-8.2500000000
-9.6835689181;-0.7031318855;-0.3055491506;2.3287113577;1.2255547791;-0.1262954154;50.0000000000;-9.1875000000;-6.3750000000
-9.3964650738;-0.7747735230;-0.5019085955;-2.1028192605;-1.3572711139;0.0000000000;50.0000000000;-11.0625000000;-6.6875000000
-9.7724347739;-0.7561537675;-0.4811574434;0.1233895574;-0.2527239777;-0.0619106998;49.5625000000;-9.5625000000;-7.0625000000
-9.6459845437;-0.6895273912;-0.1961865542;3.5599085082;-0.1250652136;0.1250100375;49.5625000000;-9.5625000000;-7.0625000000
-9.6220132684;-0.9163823923;-0.5295386006;-3.3970658920;-2.1594291930;0.7580417627;49.5625000000;-11.3750000000;-7.0625000000
-9.6175271801;-0.7042982736;-0.5307008876;2.6178635302;-0.8181874684;-1.0055860218;50.2500000000;-10.6875000000;-7.0625000000
-9.8320928581;-0.6205908668;-0.4579915415;0.4451527267;-0.6759814110;1.0757035731;49.5625000000;-9.5625000000;-6.6875000000
-9.9533814658;-0.9279217654;-1.1291388406;-2.7816892394;1.0791567315;-0.0621321063;50.2500000000;-10.2500000000;-7.8750000000
-9.9406968211;-0.3512515375;-1.5619232856;-0.8689385626;8.7072607248;-2.4870535289;50.2500000000;-10.2500000000;-7.8750000000
-10.0562222040;-0.0606559976;-1.6775993458;-5.9939888845;4.0593185964;6.1804695795;50.2500000000;-11.6875000000;-5.8750000000
-10.0665117486;-0.6375071441;-3.0291577547;14.6384672959;2.3091628382;11.7736916450;50.0000000000;-9.8750000000;-6.2500000000
-10.1018409309;-0.3728641695;-2.7194757309;15.5797393081;26.2052652726;9.6043275819;50.6875000000;-10.6875000000;-6.6875000000
-10.3980307389;-0.4038985759;-2.9832429177;8.8505241201;33.6846826361;10.4468365900;49.5625000000;-11.0625000000;-6.6875000000
-10.3867919289;-0.4968848381;-3.6324749196;22.4332294690;45.6211983509;6.4923854475;49.5625000000;-11.0625000000;-6.6875000000
-10.4764694295;0.1697378872;-3.0992146559;29.5854653372;53.6104794838;10.6235332731;50.0000000000;-13.1875000000;-4.6875000000
-10.7069441885;-0.0790641476;-4.8265628061;16.4375863093;58.9054012572;17.2141724214;50.0000000000;-11.6875000000;-1.1875000000
-11.1881584996;-0.2337870235;-5.3311899151;23.5351002231;74.2418277361;24.0158218409;50.0000000000;-13.5625000000;-0.7500000000
-11.4054883171;-0.8544991988;-5.3304224185;26.4186082819;88.1218403574;25.4320564023;49.5000000000;-14.0000000000;2.7500000000
-11.3184500329;-1.4227393181;-5.3277703851;18.1743897168;98.5269867039;16.4949141069;49.5000000000;-14.0000000000;2.7500000000
-11.4936534082;-1.8226167388;-5.8914059947;21.6831003575;107.6139685091;1.0720244301;49.5000000000;-15.0625000000;6.6875000000
-11.7178883326;-1.5629585046;-5.2992280824;58.7215830901;113.2510962808;-14.0164486394;48.6875000000;-15.3750000000;11.0000000000
-11.0214289075;-0.7016736718;-4.9986133583;48.5274532642;104.8155326107;-25.9878061475;47.5625000000;-16.0625000000;14.8750000000
-10.4384789125;-0.2753891081;-5.0087353222;59.4083782157;112.9727945141;-27.5384759278;47.0625000000;-14.2500000000;20.0000000000
-9.2860821068;0.0398221999;-5.1455772800;38.4889276747;111.4801451143;-29.9466298668;47.0625000000;-14.2500000000;20.0000000000
-9.0602581800;-0.2426887619;-5.3339753913;43.5227393998;111.6670616608;-11.5160898630;44.1875000000;-11.5625000000;23.3750000000
-7.8199428790;-1.1639787135;-4.5841512608;6.1388941972;101.8753215077;-11.3579106862;41.3750000000;-10.5000000000;28.1875000000
-7.3834975315;-1.0131560972;-5.9438089753;22.5030841782;96.6220689987;-10.5343254155;38.6875000000;-10.5000000000;32.0625000000
-6.5397715818;-1.8330571926;-5.8570292421;55.7077189340;93.9666600861;-6.4283386826;38.6875000000;-10.5000000000;32.0625000000
-6.3995490276;-1.2287370723;-5.9219587025;26.6009100321;85.6586891476;-8.7988020876;36.0000000000;-7.7500000000;34.8750000000
-5.2011999519;-3.0511946647;-6.7231828752;6.6655484904;89.2250150691;-11.8495046086;33.2500000000;-8.5000000000;37.2500000000
-5.1676726028;-1.3538489948;-6.0937782096;41.4497732564;81.9719671261;-24.2245927418;29.7500000000;-5.8750000000;38.8750000000
-3.9712829363;-2.3111997633;-6.6632601500;63.1812004163;86.8961047641;-5.8833763492;26.6875000000;-6.5000000000;41.5625000000
-3.6543801674;-1.9782923726;-7.8642668681;-4.5248930493;93.4471100675;-7.1540742933;26.6875000000;-6.5000000000;41.5625000000
-2.9316582376;-4.1043144408;-6.2867440370;36.0991294923;107.1058743054;-5.9431630233;23.5625000000;-3.1875000000;42.3750000000
-2.1608458237;-2.7568611939;-4.7919579102;63.3569814746;114.9540029450;-20.0150908489;19.7500000000;-3.0625000000;43.5625000000
-1.0127466964;-1.2440002258;-6.9276130456;-16.8551815224;108.7283097450;-12.1136092454;15.0625000000;-0.5625000000;45.6875000000
-0.5429125697;-2.9665330923;-5.9719878723;-48.6642451956;85.4123479147;0.5030579013;10.1875000000;2.0625000000;46.5000000000
0.2595319756;-2.9000671282;-5.6657918793;-19.1888144977;24.5742154879;-5.1504145318;10.1875000000;2.0625000000;46.5000000000
0.7944212444;-1.6006302379;-7.7030537905;-12.9121467241;6.6865712348;-21.8738095113;6.0625000000;-0.0625000000;45.8750000000
0.5399206952;-1.5518442770;-7.1359200162;-20.7719950531;8.2060992858;-20.3352188514;5.1875000000;-1.1875000000;46.6875000000
0.2505036333;-1.3474726510;-8.2508898844;-20.3263936666;-19.3146504195;-15.8264181305;3.6875000000;-1.1875000000;46.3750000000
0.9787374855;-1.0328993810;-10.2945204727;-12.5232278597;-23.8780585483;5.7586534592;4.6875000000;-2.5625000000;46.3750000000
0.3821337293;-1.3844655559;-9.3271329830;-38.7742417144;-9.9875177545;8.2898774670;4.6875000000;-2.5625000000;46.3750000000
-0.1977148416;-2.7914308514;-11.3951320653;-43.7224408110;-13.1771321474;8.6530835084;5.3750000000;-3.3750000000;47.6875000000
-0.2011274046;-3.0876593539;-10.3211783093;15.1081061181;2.8327460771;4.4190683638;6.8750000000;-4.5000000000;45.2500000000
-0.6658495862;-2.1080680088;-8.5423251458;-1.7115080813;14.6576466021;-12.4160612100;6.5000000000;-6.0625000000;46.8750000000
-0.4495624156;-2.3899318156;-8.5684272206;-5.9311810392;3.0903446628;-2.6401461479;6.0625000000;-5.6875000000;46.0625000000
-0.2344691900;-1.8810067268;-8.3017044224;13.0830688296;-3.9423188977;-2.7916483432;6.0625000000;-5.6875000000;46.0625000000
-0.3877273798;-1.6600065848;-8.8546084020;-9.0966490738;-10.6585459283;-5.3172054846;5.6875000000;-6.0625000000;45.2500000000
0.1898754899;-2.0335906044;-10.4305429238;3.9000200595;-11.5732144175;-1.5144297861;6.3750000000;-5.3750000000;46.1875000000
0.3018300324;-1.7329106945;-9.7649367932;-0.8681673137;0.3775199880;0.6150697671;6.3750000000;-5.3750000000;46.0625000000
-0.1787003897;-1.8746548367;-9.6378403931;-16.1844427288;1.9042659753;-1.8809146379;7.0625000000;-5.6875000000;45.0000000000
0.2368008913;-2.3396202936;-9.7872165509;-6.1290543030;-0.4350924812;-0.6822774254;7.0625000000;-5.6875000000;45.0000000000
0.0892623485;-1.4687387790;-9.3157087264;8.9930120533;6.0025741544;-1.4521855281;6.7500000000;-6.3750000000;45.6875000000
-0.1202103487;-2.3270841873;-8.9961326413;-3.1702212405;7.0015274991;6.0946815688;6.7500000000;-6.0625000000;44.8750000000
-0.3451199503;-2.7237451060;-8.9567274569;13.2721873891;2.3421485532;5.6191776176;7.0625000000;-5.6875000000;44.8750000000
-0.0100104030;-2.4766357038;-8.9581929045;19.9554572915;-3.8250759258;2.2870904650;6.0000000000;-6.0625000000;46.5000000000
0.0987977654;-2.0512087457;-9.0433782744;5.6567092050;0.5593238000;0.3795156240;6.0000000000;-6.0625000000;46.5000000000
0.1412221347;-2.4243155395;-8.8532015456;-12.9322865251;3.9428878173;-1.4174362673;6.0000000000;-5.0000000000;45.6875000000
0.0098367376;-2.1154824854;-8.9710740238;-4.7574266481;-2.4337396813;0.1255002231;6.3750000000;-5.0000000000;44.8750000000
-0.0098963645;-2.4638611458;-9.3620655865;-3.0518391850;-0.9967263495;3.8120550727;6.3750000000;-5.6875000000;45.2500000000
-0.1301844434;-2.7717396558;-9.1928995163;1.4376575866;-4.9691816332;2.5380074880;6.0000000000;-5.3750000000;46.0625000000
-0.0299675545;-2.3343431930;-9.3742247400;-0.2523191090;-0.7617615752;-2.5450854261;6.0000000000;-5.3750000000;46.0625000000
-0.2972055118;-2.1799972634;-9.0600203257;2.1467262645;-3.6062702512;1.6589526707;5.5625000000;-5.3750000000;46.8750000000
-0.2428890807;-2.4455277317;-9.0931535818;0.6287247700;-5.5323246375;-1.0627196948;7.0625000000;-5.6875000000;45.2500000000
-0.2639245098;-2.2396102941;-9.3049247091;1.9439102720;-3.3665626605;-1.6636104982;7.0625000000;-5.6875000000;46.0625000000
-0.3779122375;-2.3032470827;-9.3231223832;-10.4998895561;-12.6090516173;-4.2506677844;7.0625000000;-5.3750000000;44.8750000000
-0.3332827674;-2.1208419196;-9.6670916055;-9.5714297467;-14.8224932673;-7.2093635745;7.0625000000;-5.3750000000;44.8750000000
-0.2621458537;-1.7687162210;-10.0606570229;0.1898020187;1.6209990404;-7.7139170711;7.5000000000;-5.6875000000;45.6875000000
-0.3284747428;-2.2414998374;-9.4628914039;-6.7606139461;2.9522758565;-1.1227980310;8.1875000000;-5.3750000000;46.5000000000
-0.4126496026;-2.0153687853;-9.5708614596;-5.5828618960;-3.9992215486;-5.1477930838;7.8750000000;-5.3750000000;45.6875000000
-0.2848074913;-1.7429134323;-9.8482578298;-1.4872980831;-1.3355265367;-3.4558922646;7.0625000000;-6.0625000000;43.6875000000
-0.2031795583;-2.1120053376;-9.5341594001;-4.5943137399;3.6753016732;-3.2640023586;7.0625000000;-6.0625000000;43.6875000000
-0.2275386529;-2.1932533079;-9.5142119322;-0.1265660478;4.2898626856;-4.1761728127;7.8750000000;-5.6875000000;44.8750000000
-0.1595228319;-1.9503554670;-9.2753019099;4.8839471075;5.1400384987;-3.6511482819;7.5000000000;-6.0625000000;45.2500000000
-0.3720850159;-2.0074927617;-8.9612633055;-0.3066938022;0.7634608304;0.4359583817;7.5000000000;-6.3750000000;45.6875000000
-0.2747261688;-2.2819286447;-9.3838033123;1.3682514894;-0.3738710933;-2.8177922960;7.5000000000;-6.0625000000;45.6875000000
-0.1920164480;-2.0038235653;-9.4102106088;4.2611949103;5.6303739442;-3.8742884809;7.5000000000;-6.0625000000;45.6875000000
-0.2799996062;-2.1035410001;-8.9116216656;-1.4169779128;3.9647565946;-2.9660515825;7.5000000000;-6.7500000000;45.2500000000
0.1000329309;-2.6263524196;-9.5727420315;2.4130834973;2.7676432548;-2.1952127543;7.0625000000;-5.6875000000;45.6875000000
-0.2386174532;-2.2781856711;-9.2675815045;4.6903665872;6.1565299817;-3.1398773600;7.5000000000;-5.6875000000;46.0625000000
-0.0906159935;-2.2391432527;-8.6088205692;-0.4331432165;3.8427490974;-3.7320647284;7.0625000000;-5.3750000000;46.0625000000
0.0495411040;-2.1839188662;-8.9521492386;-0.5611080568;2.6475802343;-3.0129982492;7.0625000000;-5.3750000000;46.0625000000
0.0099393101;-2.2954337126;-9.3528699958;-0.5031898436;2.0369377136;-5.2541199936;7.5000000000;-5.3750000000;43.7500000000
0.0000000000;-2.0376547516;-9.1638312809;-3.5972948228;3.5199217880;-4.8102586609;6.0000000000;-5.6875000000;46.0625000000
-0.1119408164;-1.8109902696;-8.8926885964;-10.4836778340;1.5597576330;-4.3711724882;6.3750000000;-6.0625000000;46.5000000000
-0.0902220437;-2.0507456096;-9.4361316130;0.5636623113;-1.5460815527;-3.4280758460;6.3750000000;-6.0625000000;46.5000000000
0.1388525959;-1.6498101883;-9.3474320430;1.2868126376;-0.2515306879;-5.5943923810;6.7500000000;-5.6875000000;45.6875000000
0.1015183898;-1.6293487712;-9.3071159039;-11.6516057692;0.3783333722;-1.6136959383;6.3750000000;-6.3750000000;45.2500000000
0.0599017119;-1.8360792801;-9.0894646539;-7.2342383234;0.0000000000;-0.3776704489;6.7500000000;-6.3750000000;45.2500000000
-0.0401831105;-1.7143183920;-9.1411645248;2.4468105437;-1.1457785185;1.0000575968;6.3750000000;-6.0625000000;45.3750000000
-0.1826425545;-1.7871433672;-8.6888775563;-1.5106845761;-2.5466223095;-0.7529320422;6.3750000000;-6.0625000000;45.3750000000
-0.0406434930;-1.6302058125;-9.1826601767;-1.1159459855;-5.9033821414;0.4979112418;6.3750000000;-5.6875000000;46.0625000000
0.0807785468;-2.0571113487;-9.2315216477;-1.9105641934;-2.9687550756;1.1120508838;6.7500000000;-6.0625000000;45.6875000000
-0.1471154556;-1.7046061256;-9.2336710619;0.3176228041;-1.1988291103;-0.4327883695;7.0625000000;-6.7500000000;45.3750000000
-0.0503968411;-2.1240729151;-9.5093028537;-3.0659032130;-6.5853576035;2.8824969648;7.5000000000;-6.3750000000;45.6875000000
-0.0607215094;-2.1962724905;-9.7908527279;2.1693845373;-5.7146776441;1.1465949274;7.5000000000;-6.3750000000;45.6875000000
-0.1994771051;-1.9639808684;-9.3880431056;-2.8928462177;-0.1850332096;-2.5849931296;7.5000000000;-6.7500000000;45.6875000000
-0.3840755834;-1.9245624242;-9.6426920812;-8.7911635601;0.6999606369;-2.3550188906;7.8750000000;-6.3750000000;45.3750000000
-0.5066914144;-1.7774295343;-9.0069264958;0.5658072265;0.4339763691;-3.5256281346;8.1875000000;-6.3750000000;44.8750000000
-0.1708360202;-1.7249518164;-9.9804281887;-1.6443019488;-4.1952399331;-2.7780113068;8.2500000000;-7.1875000000;46.1875000000
-0.0492089840;-1.5874266044;-9.4919807682;2.0301633070;2.3460221593;-1.8389402614;8.2500000000;-7.1875000000;46.1875000000
-0.2499131621;-1.6805331859;-8.9430953166;-1.2079513888;3.9272940633;-2.2651696022;7.8750000000;-6.3750000000;46.0625000000
0.0000000000;-1.6153728345;-9.3293154604;6.0592481872;-3.7622318834;-0.1841652745;7.8750000000;-6.5000000000;46.1875000000
-0.0301364236;-1.5241674694;-9.3260162258;4.8415842786;0.5513213228;0.5721257698;7.5000000000;-6.3750000000;44.8750000000
-0.2011726578;-1.8278944614;-8.8813692719;-0.5085637463;1.0720217706;1.7713245503;7.5000000000;-6.7500000000;46.1875000000
-0.1315322185;-1.8588261605;-9.3619965266;1.3284235270;-2.4645561268;2.2938477620;7.5000000000;-6.7500000000;46.1875000000
-0.2835358600;-1.8744054649;-9.2143578812;2.5342117286;-0.0621103068;1.1669278781;8.2500000000;-6.0625000000;45.6875000000
-0.1181599143;-1.8344185119;-9.3043613841;0.0620623775;-0.9544743198;2.6267540352;7.8750000000;-6.7500000000;46.0625000000
-0.2255080810;-2.1253606939;-9.4538568030;-3.8139193635;-0.7371152558;2.0933740784;7.0625000000;-7.1875000000;45.2500000000
-0.1796863827;-2.0787437141;-9.5861304485;1.9710874012;-2.6602558902;1.8642343060;7.5000000000;-5.6875000000;45.2500000000
-0.1581028791;-2.0318241422;-9.3986181159;3.1970881680;-1.0068200474;0.9468708993;7.5000000000;-5.6875000000;45.2500000000
-0.2761874300;-2.0082392651;-9.6903414339;-2.8191320997;2.5460635275;0.6367827912;9.0000000000;-6.0625000000;45.6875000000
-0.2578348272;-2.2465151617;-9.4719521143;-1.4262915620;2.4095971480;1.0032669613;7.8750000000;-6.0625000000;44.5000000000
-0.1688295604;-1.8142078668;-9.2944661894;2.9566857730;1.3766021922;-0.7976865925;7.8750000000;-6.7500000000;46.0625000000
-0.0915848192;-1.6765735638;-9.1795289434;-0.6746699234;2.5918012233;-0.1254234816;8.2500000000;-6.5000000000;46.1875000000
-0.1095073973;-2.2038737491;-9.0272685293;0.7392265928;-1.0424610541;2.2482466151;8.2500000000;-6.5000000000;46.1875000000
-0.1822860931;-1.9270126579;-9.5242971034;1.8021168911;-3.5319066433;0.6743425212;8.1875000000;-6.7500000000;46.0625000000
-0.1199728233;-1.9033948398;-9.3298900890;-0.2466516622;4.5342515141;-0.9490235624;7.5000000000;-7.1875000000;45.2500000000
-0.1714609806;-1.9616965496;-9.3144333755;-3.8774089977;0.8784190304;-0.2520063682;8.2500000000;-6.5000000000;45.6875000000
-0.0686029288;-1.9016775385;-9.5132345348;2.0106879736;-2.2392162070;0.2498610817;6.7500000000;-6.3750000000;45.3750000000
-0.2320970018;-1.7710061594;-9.1646585271;-1.5896442290;3.6109151973;-1.1684207521;6.7500000000;-6.3750000000;45.3750000000
-0.0503480753;-1.9322623042;-9.4492051905;-1.9002119138;-1.2899218239;1.5354271316;7.8750000000;-6.3750000000;46.0625000000
-0.1212946956;-2.1050094163;-9.4915528514;0.9928216496;0.1877602751;1.2570499195;7.8750000000;-7.1875000000;45.6875000000
-0.1112232536;-2.0158222576;-9.1940536342;0.8043583331;0.1241834818;-1.4327637911;8.1875000000;-7.1875000000;44.5000000000
-0.1093337108;-1.7668144195;-9.4435977810;-0.8861659319;-3.1560051392;1.7872456169;7.0625000000;-6.7500000000;46.8750000000
-0.0504341779;-2.2298890372;-9.6752305000;-0.3723472194;0.5638579616;0.9825153908;7.0625000000;-6.7500000000;46.8750000000
-0.2200231835;-2.0841741816;-9.1709601045;0.6351099905;-1.2095572128;-1.1330575906;7.5000000000;-6.3750000000;44.5000000000
-0.0602379611;-1.8617660938;-9.5795827254;-1.5493903890;-0.3822592684;2.5372308941;8.2500000000;-5.6875000000;45.6875000000
-0.1572190232;-2.2933584052;-9.6849957842;1.4109479884;0.3799810550;-0.7534132727;7.8750000000;-6.7500000000;45.0000000000
-0.1719797634;-1.9340344132;-9.5130156254;0.1859108752;0.8835323540;-0.6351169987;8.2500000000;-6.7500000000;45.3750000000
0.0000000000;-2.0392775096;-9.4251741881;-0.4411097134;1.3165530095;0.3806144289;8.2500000000;-6.7500000000;45.3750000000
-0.1569654819;-1.9628841836;-9.3613437633;-0.5605472263;-0.5723504209;0.5530199862;7.5000000000;-6.7500000000;45.0000000000
-0.0401172294;-1.8057886683;-9.4584734244;-2.0314902434;0.3160175636;2.3379280014;7.8750000000;-7.1875000000;46.5000000000
-0.1218314868;-2.2682559065;-9.4615630875;-1.3304680510;2.0294276873;0.6858158957;7.5000000000;-6.7500000000;45.0000000000
-0.1295306914;-1.8472153425;-9.5473084601;3.8223511237;-0.4387922108;1.0738248690;7.5000000000;-6.7500000000;45.0000000000
-0.0989826202;-2.0788817834;-9.3264912758;-1.9120844392;2.5369603911;0.4340544028;7.5000000000;-6.7500000000;44.5000000000
-0.1082439307;-1.8760836742;-9.5457062502;1.5930403906;0.6187634613;1.0191720221;7.8750000000;-6.5000000000;44.5000000000
-0.1728694954;-2.0711438187;-9.3115318298;-0.2458869734;1.4739449640;1.3194657591;7.8750000000;-6.7500000000;45.6875000000
-0.1096177745;-1.9706850407;-9.4717494737;0.3763847536;1.1235472495;-0.1883558972;7.0625000000;-6.3750000000;44.5000000000
-0.0991144279;-2.0585790638;-9.2654264359;-1.5037718696;1.3913058058;0.4946824692;7.0625000000;-6.3750000000;44.5000000000
-0.1194279651;-1.9730563844;-9.4252701760;1.2927571841;-1.8424871386;0.1839590074;7.0625000000;-6.7500000000;45.2500000000
-0.0913654853;-1.6912225296;-9.2025900430;0.6294103614;-1.1189920046;0.6810524281;7.8750000000;-6.5000000000;45.6875000000
-0.0995254274;-1.9924935768;-9.2380126950;-2.3424459461;-3.2246548570;1.9610397629;7.5000000000;-7.1875000000;45.6875000000
-0.0707221410;-2.0465709950;-9.6566785013;-0.1899935174;-3.8025309968;2.2532612125;7.5000000000;-6.7500000000;44.5000000000
-0.1017748744;-1.9264382204;-9.4166018369;-2.5308273878;-2.4171208143;1.9444724504;7.5000000000;-6.7500000000;44.5000000000
-0.2195470752;-1.9134736654;-9.4355991899;0.0621259301;-2.7292706794;1.9107981728;7.8750000000;-7.1875000000;45.2500000000
-0.1503715472;-2.1866602596;-9.4745708739;-1.1406021415;-1.6623427669;1.6037402506;7.5000000000;-7.1875000000;45.6875000000
-0.2138928102;-1.9121494862;-9.4862345289;-0.9840371973;-1.8689671231;0.4355736339;7.5000000000;-7.8750000000;44.8750000000
-0.2574658040;-2.0187071100;-9.3650369759;-2.3439299643;-3.2300089288;2.2217992491;8.1875000000;-7.5625000000;44.8750000000
-0.2518570060;-2.1789386028;-9.0879053981;0.2455516501;-3.8735279984;-0.7532197093;8.1875000000;-7.5625000000;44.8750000000
-0.3252531997;-1.8811052953;-8.4778389650;6.9306540284;-6.6036217274;-2.7367444959;7.5000000000;-6.7500000000;46.0625000000
-0.3476962488;-1.7697177912;-8.6263727814;16.9734391789;-19.0923027040;0.0000000000;8.5625000000;-7.5625000000;46.5000000000
-0.3211214454;-1.6326728095;-7.9971008226;14.5427612794;-26.0188445808;0.6849666546;7.8750000000;-6.7500000000;46.1875000000
-0.4836668122;-1.6330468323;-6.9396711070;9.5192527839;-27.6774839357;-1.2623166524;9.6875000000;-6.0625000000;44.5000000000
-0.6093154141;-0.3675279775;-5.1426390905;10.1681589880;-35.1092325203;-4.1471940307;9.6875000000;-6.0625000000;44.5000000000
-1.4954073541;-0.3147247501;-5.3466841941;8.0410231396;-58.9148673855;14.1722922621;11.1875000000;-6.0625000000;45.3750000000
-1.9806723359;-1.4517967456;-5.8664942926;-12.6720722290;-73.6495123396;21.7096751292;12.5625000000;-5.3750000000;45.3750000000
-2.8942152769;-2.1759344933;-6.5589535531;-10.0818188330;-81.3989513369;20.1410583103;15.2500000000;-5.0000000000;44.0625000000
-4.1201960822;-1.9015755447;-6.8235621876;7.1846014861;-90.4181152371;16.2779290075;17.7500000000;-6.0625000000;42.2500000000
-4.7936229183;-2.1047240886;-8.1866782308;-11.9033164140;-98.3395508838;8.2346363089;17.7500000000;-6.0625000000;42.2500000000
-5.1126296032;-1.3666633646;-8.5037980432;-34.1786919114;-83.3423622665;4.4991733272;22.2500000000;-7.1875000000;42.2500000000
-5.8471334692;-2.0687828400;-7.8720707299;-50.4381849615;-79.9598014010;3.3071046860;24.7500000000;-8.2500000000;40.6875000000
-6.2017783367;-0.8439923125;-7.1062470198;-50.0341725014;-92.8355132839;-13.0317132936;27.7500000000;-9.7500000000;38.2500000000
-7.0997545651;-0.8838368323;-7.5800180857;38.2281061771;-125.1408748534;7.7921055871;29.8750000000;-10.8750000000;35.1875000000
-7.1168656507;0.5075040610;-6.3477521665;56.4461862231;-117.8629942441;15.9505775068;29.8750000000;-10.8750000000;35.1875000000
-8.7198789316;0.5133741677;-8.3321992732;-60.7168959353;-108.6615762917;21.1644724443;34.7500000000;-10.1875000000;34.5000000000
-8.4103800087;-2.6703930667;-7.1621965940;-109.2161036236;-75.5423006340;18.5583530437;37.5625000000;-9.7500000000;30.6875000000
-9.9896772665;-1.5262675456;-7.4381035102;-79.5044170833;-89.7955593650;-1.5396981322;39.0000000000;-11.1875000000;27.0625000000
-9.7360957233;-2.3238359077;-6.2117557957;-30.5553827023;-79.4996089588;-5.8816239187;41.5000000000;-15.6875000000;23.8750000000
-9.4220898771;0.9966926551;-6.8925483186;-51.5420617853;-88.4048424550;-23.9438317968;41.5000000000;-15.6875000000;23.8750000000
-10.6184261754;-0.1599043184;-7.3720446035;-78.8305406101;-66.7642432652;-8.1193422391;43.2500000000;-16.0000000000;20.8750000000
-9.6666905425;-1.0448884324;-4.5013157256;-34.7433389238;-54.3123795442;-15.3315297397;45.2500000000;-13.7500000000;17.3750000000
-9.5786572852;1.8767199694;-6.2295955309;-31.7267886600;-89.0566706483;-3.6347977417;45.5625000000;-14.5000000000;13.5000000000
-9.0490196688;-0.0496579353;-8.1667008782;-52.0045805235;-117.9721994174;3.5457124445;45.8750000000;-14.0000000000;11.8750000000
-9.9230021690;-1.2060994037;-4.6859623917;13.1137798806;-50.6585799730;0.6755594168;45.8750000000;-14.0000000000;11.8750000000
-9.7480609630;-0.4684483492;-5.5437934187;74.3045284743;-75.8386984030;-12.7675707040;46.6875000000;-14.0000000000;5.1875000000
-10.0407230039;0.2443790385;-5.7374444645;92.0726938508;-73.8790998669;20.7077459134;47.7500000000;-14.0000000000;3.8750000000
-10.3348128162;-1.0493910360;-4.7213730970;-1.2375496448;-14.6159826564;13.3991384868;47.0000000000;-12.8750000000;2.3750000000
-10.2602318861;-2.4779204074;-2.4495116023;-43.0501699076;9.5663121567;-3.2178654661;47.6875000000;-14.0000000000;0.7500000000
-9.6473075870;-1.1387488920;-1.2833725326;-50.2200267262;3.4328944900;-2.2474468312;47.6875000000;-14.0000000000;0.7500000000
-9.2983689326;-0.8570206650;-2.4260689499;-73.9530027461;-0.7572357390;-15.6903028989;46.8750000000;-13.6875000000;0.8750000000
-9.4134665634;-0.5603319859;-1.3986258645;-4.6555155643;-1.7604681327;-17.8796742446;47.5625000000;-14.0000000000;-0.3750000000
-9.7560341857;0.3357876044;-1.3990344747;13.1205422491;-14.3938070637;-6.6792395077;47.1875000000;-12.5000000000;-0.2500000000
-9.0222637677;0.1582296684;-2.0606261619;3.5794941052;-17.2666140759;0.5062173133;47.8750000000;-11.7500000000;0.0000000000
-9.5199271807;0.2713171248;-2.0337809459;-28.5240715495;-12.4768366648;3.3726324808;47.8750000000;-11.7500000000;0.0000000000
-9.4817520070;-0.0201165175;-2.5908869482;-30.4461496788;-20.2042244860;3.8527952589;47.5625000000;-12.8750000000;-1.1875000000
-9.6556350584;0.0100375989;-2.6361748665;0.5549825484;-13.9948066206;2.3550530837;47.8750000000;-11.7500000000;-2.3750000000
-9.5780214262;0.3560399538;-2.7434281783;-5.9240239345;-5.0940994222;-0.9940120256;47.5625000000;-12.5000000000;-3.1875000000
-9.6721492778;-0.0987759750;-2.0057421820;-2.4386145005;4.9432571627;3.9888496594;47.5625000000;-12.5000000000;-3.1875000000
-9.7563415366;-0.2601878609;-1.4209501515;-8.2201364086;4.2868501682;3.3838815512;47.1875000000;-12.1875000000;-3.1875000000
-9.5579215812;0.1707468936;-1.5140704942;-9.1724372600;2.0981956637;1.8228329068;47.1875000000;-12.1875000000;-3.1875000000
-9.6367591932;-0.2073414604;-1.4246259684;-7.0792042493;1.5933104827;5.7194213914;47.5625000000;-12.5000000000;-3.8750000000
-9.2650178097;-0.1904575842;-1.0842344403;3.4574294807;2.6953949280;0.7606750443;47.8750000000;-13.2500000000;-3.5625000000
-9.3309328343;0.1833908839;-1.3597724671;-6.2519445127;-0.4357790625;-0.7388619343;47.8750000000;-13.2500000000;-3.5625000000
-9.6014336309;-0.0607454603;-1.4750926689;-2.0300916282;2.5995228675;3.4341919232;46.5000000000;-13.2500000000;-4.3750000000
-9.6000896623;-0.1777052080;-1.5214423815;-1.1986227416;-2.2893287061;-5.6079446009;47.1875000000;-13.2500000000;-3.5625000000
-9.5988563487;0.5085106229;-1.6308318488;12.3779487937;-1.6036988148;-2.4650828776;46.8750000000;-12.5000000000;-4.3750000000
-9.6482490979;0.1767510791;-1.6171357421;-13.7095186835;0.9206298123;0.9831623159;47.1875000000;-12.5000000000;-3.1875000000
-9.3047383276;0.1480601490;-1.6229659781;-8.6041249414;1.0562218398;2.0750802208;47.1875000000;-12.5000000000;-3.1875000000
-9.3567317806;0.1109857882;-1.6885307503;-10.7180689339;3.5905251011;4.6532225511;46.8750000000;-14.0000000000;-2.3750000000
-9.5055752295;-0.3513757202;-1.5370453435;-19.9885360871;4.7301434655;2.2307836342;47.1875000000;-12.8750000000;-3.5625000000
-9.4636034042;0.1185779104;-1.4024644388;10.3120026242;0.0636537436;0.0000000000;47.1875000000;-14.3750000000;-2.6875000000
-9.3617894004;0.0702137766;-1.5954732172;-3.0987413067;-1.8561760200;1.2977017340;46.8750000000;-12.5000000000;-2.7500000000
-9.5261338273;-0.2446171971;-1.7735553888;-9.1518995099;0.3735540803;-0.4917701061;46.8750000000;-12.5000000000;-2.7500000000
-9.3970808512;0.2578664389;-1.5986913701;2.3554179498;2.0876319539;-0.1248443012;47.5625000000;-12.8750000000;-2.6875000000
-9.4514949534;0.1618329930;-1.6577380337;-14.8294991373;3.5303793299;2.1446849571;47.1875000000;-13.6875000000;-3.5625000000
-9.6118141646;-0.1291053197;-1.5210523777;-16.6793492428;3.1670360168;2.0828226958;46.8750000000;-13.2500000000;-3.1875000000
-9.3873212383;-0.1822801967;-1.9112673694;-4.6609504437;-0.1851729980;-2.4598671763;47.1875000000;-12.8750000000;-3.1875000000
-9.4106141958;0.4761104596;-1.5525023812;20.3951522729;-0.4956451892;-3.6781739966;47.1875000000;-12.8750000000;-3.1875000000
-9.6373528694;0.3874823084;-1.7499756560;-3.3872578018;-1.4344002006;-2.2681620608;47.1875000000;-13.2500000000;-3.1875000000
-9.4422097181;0.0000000000;-1.8753982818;-6.8787399186;0.6203617904;1.6585510274;46.8750000000;-12.8750000000;-3.5625000000
-9.6112818241;0.2529133274;-1.4796202235;6.3463340191;1.3225954650;0.3719870425;47.1875000000;-12.5000000000;-3.5625000000
-9.3597198460;0.0981172861;-1.6719019909;-4.9680763696;-0.6221487380;2.0662735139;47.1875000000;-13.6875000000;-3.1875000000
-9.3304185748;-0.0098088997;-1.6172580819;-7.9016999812;1.3180266823;2.1995107138;47.1875000000;-13.6875000000;-3.1875000000
-9.3137055371;-0.0911797725;-1.4775564811;-8.8332408314;0.8590488502;0.1228070511;47.1875000000;-13.2500000000;-3.1875000000
-9.4956068739;0.1477502168;-1.5951708488;4.4890042505;-2.1238168235;-1.2625830832;47.1875000000;-13.2500000000;-3.1875000000
-9.5334274674;0.0397931185;-1.6114815984;-3.3393278983;-1.4912741202;0.8832522213;46.8750000000;-14.0000000000;-2.6875000000
-9.5649998219;-0.1498250179;-1.8108905400;9.4046246902;-2.8245709887;-2.2837507795;47.5625000000;-12.8750000000;-3.1875000000
-9.6537468938;0.3773300399;-1.6539962386;16.6787521846;-2.8538545958;-3.9893533200;47.5625000000;-12.8750000000;-3.1875000000
-9.5562628585;-0.0602261397;-1.6052553488;-3.1667604856;0.1260258741;1.3768526167;47.8750000000;-13.2500000000;-2.3750000000
-9.4530870693;0.0887566230;-2.1111055280;-1.6835185784;-1.1152221562;-1.9765687440;46.8750000000;-14.6875000000;-2.3750000000
-9.6151923539;0.8313607780;-2.4849236239;0.1880776926;3.5639911649;0.8222934130;46.5000000000;-12.1875000000;-3.5625000000
-9.4393069633;0.9216789947;-3.9700173476;-15.7737010571;6.8494585001;4.9153152522;47.1875000000;-12.1875000000;-3.1875000000
-9.7944570518;0.9066783671;-4.9330863542;33.1132598547;7.6481957044;12.2947532230;47.1875000000;-12.1875000000;-3.1875000000
-9.9769454387;2.1645743226;-5.5174819791;60.4277079058;25.7806617655;13.1071780555;47.1875000000;-12.5000000000;-2.6875000000
-9.7602902103;2.2713444000;-6.6497296837;48.0119533142;33.6953311467;24.7354256200;47.1875000000;-15.0625000000;-2.6875000000
-11.0764825489;2.2803861550;-6.3498940767;63.7810061672;58.9530109199;42.4539268416;46.8750000000;-14.6875000000;-0.7500000000
-11.3460285559;0.4927194356;-7.4199111818;-0.8084928295;75.4908556059;50.7700158548;46.5000000000;-16.1875000000;2.2500000000
-11.3571404875;-1.6052145210;-7.6790639948;37.5387442828;102.0488249278;16.6565741710;46.5000000000;-16.1875000000;2.2500000000
-11.6702615775;-1.0392109631;-5.8172828386;84.9410002840;108.6696547004;-8.0208335924;45.3750000000;-18.7500000000;5.8750000000
-10.8918924993;0.7541511345;-6.0333822286;88.2984000936;114.0249736036;-8.2303357182;44.5625000000;-19.8750000000;9.7500000000
-10.7669428287;-0.6417972993;-5.9482836843;34.6374360394;123.0666583221;-4.4524644716;43.5625000000;-19.5000000000;15.0000000000
-10.4843090380;-0.4420351364;-5.3852866056;57.4446084477;122.1596803536;-19.9158485552;41.2500000000;-18.0000000000;19.5625000000
-9.8555216541;-0.5495034534;-5.3569030953;32.5093622899;115.7849580835;-20.6056500980;41.2500000000;-18.0000000000;19.5625000000
-8.5317692123;-0.4922331627;-5.4362923364;51.7481581577;113.7255849549;-24.0868768236;39.0625000000;-18.0000000000;24.2500000000
-8.0930651420;0.1789936293;-5.6997509343;42.0995821298;104.6708095762;-17.5320811924;37.1875000000;-13.8750000000;29.0000000000
-6.8570650828;-0.5039355706;-5.6419579963;44.1030726347;98.7457981895;-20.1785160071;34.6875000000;-12.3750000000;32.1875000000
-6.2227754622;-0.1392743841;-5.7166515594;40.1326860529;88.2213225265;-12.4900293949;34.6875000000;-12.3750000000;32.1875000000
-5.3703782264;-1.3916516198;-6.8216627727;19.4517603485;79.4869464456;-8.0260951749;31.5625000000;-12.7500000000;36.5625000000
-5.4670540068;-1.1056467899;-6.1245015314;53.5279284259;71.1183771015;-5.5941944191;29.3750000000;-10.5625000000;37.1875000000
-4.1989238951;-1.6662603974;-6.6398656995;1.9006680429;57.4025382256;-19.2764134566;26.0625000000;-9.7500000000;40.0000000000
-3.4884474261;-1.4740248626;-7.3651884064;34.8648960249;56.9199323707;-22.2485378047;23.6875000000;-8.2500000000;42.0000000000
-3.0388820261;-1.2119403109;-7.5240231643;12.9699699293;57.8785201427;-8.6579787227;23.6875000000;-8.2500000000;42.0000000000
-2.8202256450;-1.9621315224;-7.9923788032;-9.4083915767;63.5234730145;-13.8881127738;21.8750000000;-6.7500000000;41.5625000000
-2.5670339250;-1.7508051020;-7.5397209207;25.7498402187;46.7436496489;-1.7197685335;20.3750000000;-6.3750000000;42.7500000000
-1.8332956298;-1.6828935463;-8.3220569214;2.3883193175;47.7000733782;-0.9915691587;18.0625000000;-7.0625000000;44.0000000000
-1.8923467416;-2.2872948497;-8.4347534516;2.8248397304;54.5974115487;5.7216930937;15.8750000000;-4.0625000000;44.7500000000
-2.0581151997;-3.3627251000;-7.6158034078;21.6644728730;56.3531704597;7.4031683324;15.8750000000;-4.0625000000;44.7500000000
-1.3175953857;-2.0061130940;-7.3925423124;39.9571390124;33.5874957955;-0.1858526676;13.2500000000;-4.5000000000;46.0000000000
-0.8165198739;-2.2366897718;-7.1452153393;-12.9667807562;27.2924855579;1.9689852023;11.0625000000;-3.0000000000;46.0000000000
-0.9941466391;-2.8710884303;-7.6476432175;-43.2094807154;12.5293959957;-8.2133139998;10.3750000000;-2.5625000000;44.8750000000
-0.5807205277;-2.2162067272;-8.7144359252;4.9606074368;-2.8489369107;-14.2108810577;9.5000000000;-3.6875000000;46.0625000000
-0.5635186906;-1.9021993777;-8.5591361241;-6.4653567008;-4.3982424018;-9.8021244486;9.5000000000;-3.6875000000;46.0625000000
-0.8074624395;-1.9078171934;-8.5523317561;-9.1154975885;0.4454409377;-9.0122261330;8.7500000000;-4.0625000000;46.0625000000
-0.7382308440;-2.2773194493;-9.2488523184;-3.5263198813;-7.7640498671;-3.6666904750;9.5000000000;-4.0625000000;44.8750000000
-0.8041058267;-1.9209209937;-9.4399020915;-11.6851193494;-12.0302115474;-6.1732272711;9.5000000000;-4.5000000000;45.6875000000
-0.7567194958;-2.0596149635;-9.9280060493;-26.7689585901;-11.6478998314;-4.6113772379;9.8750000000;-4.5000000000;46.0625000000
-0.9644625671;-2.0476159560;-10.0045868386;2.6746793583;-10.2472382766;-1.4155483933;9.8750000000;-4.5000000000;46.0625000000
-0.8734470335;-1.8395452723;-9.9180484200;-7.7062916739;-2.7243071336;-1.5038051803;9.8750000000;-5.1875000000;44.8750000000
-1.0304660802;-2.0782952421;-10.2738402361;-10.7931193444;2.4620955004;0.1273148418;11.6875000000;-4.8750000000;44.8750000000
-1.1730485556;-2.1045841527;-9.0956445558;9.7735811825;4.2148878167;1.8858577003;11.2500000000;-5.5625000000;44.5000000000
-0.9062957656;-2.0395499925;-9.8701016447;-11.5901504829;2.6531951084;0.6854831990;11.2500000000;-5.5625000000;45.2500000000
-1.1101543329;-2.2595321842;-9.2354896005;1.5225842028;6.0116161036;0.6224740223;11.2500000000;-5.5625000000;45.2500000000
-1.0498324234;-1.9465599436;-9.2022992328;-0.2530881638;-1.6253964068;-1.3737811873;11.2500000000;-5.5625000000;45.2500000000
-1.0031817408;-2.0681179327;-9.6665580952;-11.9243092887;-2.7630517580;1.1325472079;11.0000000000;-5.5625000000;45.6875000000
-1.0066477670;-2.3088603008;-9.4120277790;-1.8624153096;1.0694234410;1.2255660602;10.6875000000;-6.0000000000;44.1875000000
-0.8845255846;-1.5978260548;-9.4845962852;-9.3003886386;0.8160235920;-3.0274916302;10.6875000000;-7.0625000000;45.6875000000
-0.8393497972;-2.1985873060;-9.7088017043;-3.9833722042;-1.4761882156;1.2913059057;10.6875000000;-7.0625000000;45.6875000000
-1.0228032833;-1.6747718116;-9.4736285694;7.6027693066;-1.9743615955;2.9224072457;10.2500000000;-5.8750000000;44.5000000000
-0.9958239136;-2.0128091679;-9.6200357392;-9.7043080842;1.8131150921;1.0451760458;11.0000000000;-7.0625000000;45.2500000000
-0.8513041459;-2.1586059478;-9.1404297953;7.4965862323;1.0153138527;2.4733596757;10.6875000000;-6.2500000000;44.8750000000
-1.0696082668;-1.8712872144;-9.4855121440;-0.5669282032;-1.9238318239;0.4383819927;10.6875000000;-6.6875000000;46.0625000000
-1.0827730399;-1.9562837109;-9.3138527790;-2.1532550164;-0.9951941730;0.9531694538;10.6875000000;-6.6875000000;46.0625000000
-1.1120455275;-2.1341241932;-9.3035319336;3.7324888532;-2.5762619817;1.0607601778;10.6875000000;-6.6875000000;44.5000000000
-1.1073578017;-1.9596769496;-9.5626525534;-3.6936161435;-5.1389831425;-0.6140372948;11.0000000000;-5.8750000000;46.0625000000
-0.9096181549;-2.1125364619;-10.0331458405;2.4852378791;-4.1724163763;2.1517296711;10.6875000000;-6.6875000000;45.6875000000
-1.1096803373;-1.8509338036;-9.2605075132;-1.2990314540;-0.3156037348;0.1887820587;10.6875000000;-7.3750000000;45.2500000000
-1.1306953689;-2.0300904751;-9.8092048262;-7.6042510376;1.7798103946;-0.6281978698;10.6875000000;-7.3750000000;45.2500000000
-1.1089102852;-2.0094130210;-9.6214743166;6.5521162165;1.6579965833;0.0617554850;10.6875000000;-5.5625000000;46.0625000000
-0.9840971544;-1.8550730975;-9.4608247606;-3.6841513663;0.0631628971;-0.1239235570;11.2500000000;-6.2500000000;44.8750000000
-1.0585072513;-1.9526154720;-9.4271261458;-5.2226072826;-0.0619638122;0.9215618690;11.6875000000;-7.3750000000;44.8750000000
-1.0901952946;-1.8459406300;-9.3015686395;7.1323729665;-0.0615357584;0.4336271924;11.0000000000;-7.3750000000;45.6875000000
-1.0866441283;-1.9430430149;-9.0032520783;-2.0952014951;-2.7891395612;-1.5181918945;11.0000000000;-7.3750000000;45.6875000000
-0.9846195012;-1.7892172767;-9.7355663277;-2.0842231602;-1.2445515076;1.1421106750;11.2500000000;-6.6875000000;45.2500000000
-1.1586004118;-2.1071137475;-9.5215787488;-1.9673269243;-0.5600910866;0.2455628128;11.2500000000;-7.7500000000;44.8750000000
-1.1348277272;-1.8386389633;-9.2698452115;0.1883411736;-1.5961032281;-0.6176495595;11.6875000000;-6.2500000000;45.7500000000
-1.0262204994;-2.0586772874;-9.6156480973;2.5708450994;-2.5984023747;0.1843117649;11.6875000000;-6.2500000000;45.7500000000
-1.1111096097;-1.8857236260;-9.5544293208;-0.1264833092;-1.2359551235;0.3713212287;10.6875000000;-6.6875000000;45.2500000000
-1.2475818242;-1.9270846841;-9.1035630286;-2.4684403287;0.8888757834;-1.8970323921;11.2500000000;-7.0625000000;44.5625000000
-1.1485956112;-1.7647667586;-9.5188459907;6.2320150662;-4.0002063508;0.3716959763;11.6875000000;-7.0625000000;45.2500000000
-1.0732467995;-2.1296593742;-9.5779108178;-4.1433022153;0.1842218833;0.2472729998;11.0000000000;-7.0625000000;45.2500000000
-1.1942750355;-1.8482487497;-9.4075150873;-0.3149007086;2.4006161011;-1.1971243594;11.0000000000;-7.0625000000;45.2500000000
-1.0610192807;-1.8881182427;-9.6139500673;0.3087625424;0.6156849672;0.2536631303;12.0625000000;-7.0625000000;44.8750000000
-1.0626322194;-1.8857707097;-9.5685863266;-1.8128896329;1.1224974816;-0.2507457705;11.6875000000;-7.3750000000;45.2500000000
-1.0904888834;-2.0411342639;-9.3584788478;3.6544500087;1.1792857246;0.8277666367;10.6875000000;-6.6875000000;45.6875000000
-1.0694222872;-1.8987995802;-9.2985711158;2.3506637732;0.2536774126;-0.3168294429;11.2500000000;-6.2500000000;45.2500000000
-1.0351451422;-2.0861069942;-9.6341143439;-4.8062609074;1.0834307129;-0.9328754654;11.2500000000;-6.2500000000;45.2500000000
-1.1827944900;-1.7479359246;-9.0092460564;5.4238526227;0.2512158863;-0.9221952061;11.6875000000;-6.6875000000;46.5000000000
-0.9955904061;-1.9963874298;-9.4270266387;-4.7374726994;-2.3962940669;0.0000000000;11.0000000000;-7.0625000000;46.0625000000
-1.1191176341;-1.8228825650;-9.2294574379;-3.8807401420;0.6990920626;-0.7442676898;11.2500000000;-6.6875000000;44.5000000000
-1.0937531592;-1.8359263067;-9.4391290007;-1.8718592474;-1.0618451524;0.5632409733;11.2500000000;-6.6875000000;44.0625000000
-1.0990218977;-1.9048650065;-9.5451590085;-4.5190821905;-1.4979993033;-0.6334573332;11.2500000000;-6.6875000000;44.0625000000
-1.1007942684;-1.8213845969;-9.4695266720;0.6360674186;-0.9944687806;-0.4309039409;11.6875000000;-7.0625000000;44.5000000000
-1.1366512979;-1.9041289756;-9.5695719232;-2.1413563673;-0.3710983931;1.3784088607;11.6875000000;-7.0625000000;45.6875000000
-1.1996981224;-1.8581416644;-9.7839003180;-3.9628898476;0.6214736164;-0.4459442262;11.0000000000;-6.6875000000;43.2500000000
-1.2104814088;-1.8267492054;-9.3997977236;2.1171947064;0.7493619637;-0.0636955632;12.0625000000;-6.6875000000;44.5000000000
-1.1533494758;-1.8617492542;-9.2868703732;-1.3107688274;0.4924196475;-0.8077439685;12.0625000000;-6.6875000000;44.5000000000
-1.1434815201;-1.6933114760;-9.3755038913;-2.0138330482;1.3912215460;-0.9537487472;10.6875000000;-7.0625000000;44.5000000000
-1.1473877906;-1.9479086304;-9.0100437010;1.2899468268;3.5828527015;-0.6335069168;10.6875000000;-7.0625000000;45.2500000000
-1.0499768728;-1.6243349650;-9.4044359185;6.7760177181;-2.5811150214;0.8877172350;11.2500000000;-6.6875000000;44.5000000000
-1.0401870047;-1.8463129178;-9.5749990777;-3.1475060335;-4.4873915842;1.1929617115;11.2500000000;-7.3750000000;43.7500000000
-1.1807700503;-1.9745013708;-9.6239747830;-1.7617667111;-1.1384470853;-0.6970526764;11.2500000000;-7.3750000000;43.7500000000
-1.1607960868;-1.8014053423;-9.4925833554;2.8913336543;1.9717222283;-1.1832678896;11.6875000000;-7.3750000000;45.6875000000
-1.1235678449;-1.8812682945;-9.6202743809;-2.3229344978;1.5372197088;0.6866104868;11.6875000000;-6.2500000000;44.5000000000
-1.1516766480;-2.0074457371;-9.3684073440;2.4147623109;3.8786955762;-0.6235156112;11.0000000000;-7.3750000000;45.6875000000
-1.0440675487;-1.6992920544;-9.5681406796;-4.1238259404;-0.4372981454;-1.7916660357;11.6875000000;-7.0625000000;44.5000000000
-1.0860697554;-1.9315026651;-9.6806202493;-0.8283067183;-3.7166233702;0.5717727620;11.6875000000;-7.0625000000;44.5000000000
-1.0896189017;-1.7609295301;-9.3364494665;4.1647630831;1.7399524834;-1.6333051037;10.6875000000;-7.0625000000;45.6875000000
-1.0912386562;-1.7271337811;-9.2472153849;-4.6575021999;1.4878861315;-0.2470789988;11.2500000000;-7.0625000000;44.5000000000
-1.1360387935;-1.9930598740;-9.4823745686;-1.0656173632;-2.6333334664;0.9437080615;11.2500000000;-7.0625000000;44.8750000000
-1.1544692098;-1.6172733354;-9.4594271239;-0.1273867456;-1.8056968662;-1.8042229577;11.2500000000;-7.3750000000;43.7500000000
-1.1586985628;-1.8724058320;-9.3902285581;-3.6648982677;0.1880009460;0.2515373806;11.2500000000;-7.3750000000;43.7500000000
-1.1349937775;-1.7990908095;-9.5605803168;0.0000000000;-0.2532136527;-0.4978399333;11.2500000000;-7.0625000000;44.5000000000
-1.1175874927;-1.6730483009;-9.5248738505;1.1786366608;-0.7976553671;0.2497149399;11.6875000000;-8.5625000000;45.2500000000
-1.1160475746;-1.7154958255;-10.0321945156;-2.9501329251;-0.7649007970;0.6956452341;11.2500000000;-7.3750000000;44.8750000000
-1.1942294070;-1.8277181931;-9.3248793769;0.4972643430;1.5499122175;-0.0625243699;11.2500000000;-7.3750000000;44.8750000000
-1.1216192305;-1.5736829107;-9.4856019951;0.0624614714;0.5062401840;-0.0620065879;11.2500000000;-7.3750000000;44.8750000000
-1.1245692244;-1.8827673714;-9.4150281396;0.1238876404;1.8920982027;0.8819781331;11.6875000000;-7.3750000000;45.6875000000
-1.1053751767;-1.6057542127;-9.2485212185;2.4040405830;0.6130972077;0.3095509878;11.0000000000;-8.1875000000;45.2500000000
-1.1420514976;-1.7708984232;-9.2821812935;-4.6824701648;-0.0619008740;1.0453335960;11.6875000000;-7.3750000000;44.0625000000
-1.0789770219;-1.6404843825;-8.7699153017;1.6929442080;-2.8049891209;-0.3180322171;11.0000000000;-6.6875000000;44.8750000000
-1.2090218042;-1.6480982345;-8.5939201221;2.2664422461;-7.3741786239;0.4404214063;11.0000000000;-6.6875000000;44.8750000000
-1.2578837190;-1.6688801973;-8.4286915329;5.0964328019;-11.1708498397;-0.8743916367;13.1875000000;-8.1875000000;45.2500000000
-1.1646547117;-1.4253648413;-7.2406722769;-0.3168861653;-16.0787817020;-3.3286950548;11.6875000000;-6.6875000000;44.8750000000
-1.2981831901;-1.4164649559;-6.4183611654;-7.4930375978;-32.0747172744;-4.8706524904;12.7500000000;-7.0625000000;45.6875000000
-1.6722548452;-1.5336749654;-6.5574738784;-0.3170807571;-47.3632895658;-5.0154185391;13.5625000000;-7.7500000000;43.7500000000
-2.4372798517;-1.1014106183;-6.6413554450;8.3598185613;-66.9451408621;-5.1071013472;13.5625000000;-7.7500000000;43.7500000000
-2.3726312441;-0.9348542799;-6.6688918929;10.7995975814;-74.5022030377;-4.2526367062;14.6875000000;-7.7500000000;44.8750000000
-2.8881664395;0.0000000000;-7.4286052146;-3.1678533074;-78.2765570345;12.8496635980;17.2500000000;-8.5625000000;43.6875000000
-4.8488874773;-0.6753027498;-7.6287855081;-17.5344785110;-87.7723383610;24.7127156141;21.0000000000;-7.7500000000;43.2500000000
-4.7204367219;-2.0311419420;-8.5086703595;-18.5293987871;-93.2564268321;18.9658888420;21.0000000000;-7.7500000000;43.2500000000
-5.5299452258;-0.1405051585;-8.8959413888;2.1032959462;-91.0814600875;19.1925999295;23.0625000000;-8.5625000000;40.8750000000
-5.7177375838;-1.5528566026;-7.3869296104;-26.6940027086;-65.8195830711;28.6624837060;26.7500000000;-9.6875000000;39.3750000000
-6.4482780613;-0.2870645194;-7.3961199445;-17.9690305272;-85.7011234558;18.6417874290;29.6875000000;-10.6875000000;36.3750000000
-7.1584487846;-0.8958398580;-7.9179548008;-23.4522230258;-68.9962389387;27.9697065766;31.8750000000;-13.0000000000;35.1875000000
-6.2318859821;-0.7883038004;-5.3334460713;-16.3835570885;-59.8038532125;19.5503116824;31.8750000000;-13.0000000000;35.1875000000
-8.0069567672;1.6360242860;-6.7916630182;-66.0284186800;-71.6129095308;31.6151699687;33.7500000000;-13.3750000000;32.7500000000
-7.8302022403;-1.2938381365;-5.3087753375;-81.5409132881;-56.2637839682;31.1662592165;35.1875000000;-14.7500000000;32.0625000000
-8.7522701466;0.6101479205;-5.3695613568;-35.5252306712;-85.2706585458;19.1841952885;35.8750000000;-17.3750000000;28.1875000000
-9.7333887920;0.2400559906;-6.9506030140;-68.8533088275;-85.6208148282;17.5104009750;37.7500000000;-19.5625000000;25.0000000000
-9.6335341098;-0.3450315381;-6.1259050608;2.7598241963;-91.8362132507;10.6000735866;37.7500000000;-19.5625000000;25.0000000000
-10.2662871209;1.0605375945;-6.7771513625;-5.6150066243;-93.7467570533;5.1289477866;38.8750000000;-20.3750000000;22.2500000000
-10.1658727118;0.6200006401;-7.4481287478;-36.5217416825;-96.4195478853;3.6056830367;40.2500000000;-21.7500000000;19.0625000000
-10.4200892369;0.8349331737;-7.8231059107;-6.1757715672;-86.5512943868;9.2205963913;41.0625000000;-20.2500000000;15.1875000000
-10.0160726273;0.5278499484;-7.2111528175;-32.2145745697;-85.6273235810;3.4706814769;43.1875000000;-22.0625000000;12.0000000000
-9.8620672625;0.8063840648;-5.7268786485;-45.6357245839;-58.3329197694;-12.3134037844;43.1875000000;-22.0625000000;12.0000000000
-9.5969819838;1.2339281595;-5.5045308512;-17.3313597931;-35.7839505426;-9.4522856697;43.5000000000;-22.0625000000;8.5000000000
-9.9912615631;1.0379623440;-4.4762133427;-23.8657388835;-26.3429294844;-7.7825336811;43.8750000000;-20.5625000000;7.2500000000
-9.6828302950;0.5449664551;-3.0879045163;-16.4241804475;-21.8921305356;-11.0471287881;44.5625000000;-21.0000000000;4.5000000000
-9.2371858421;1.4314338908;-2.9997570818;-32.1528795606;-20.8899455006;-12.7312921201;44.8750000000;-21.0000000000;3.0000000000
-8.9755135362;1.6738512836;-3.5526744281;-23.1046076509;-24.2965216217;-9.1439538366;44.8750000000;-21.0000000000;3.0000000000
-9.4029017691;1.6052448400;-2.8736638217;-11.4372660714;-11.4155104815;-2.5267252546;44.1875000000;-19.0625000000;2.1875000000
-9.4706265203;1.1274475376;-2.2940591093;-28.3380287203;-6.0318445303;-1.4293864804;44.5625000000;-18.7500000000;2.0625000000
-9.1450894008;1.0779686569;-1.8152661153;-20.6577305154;-6.3603701558;-2.2832023540;44.1875000000;-17.8750000000;0.1875000000
-9.1468243537;1.5690285015;-2.3275898359;-12.5938758168;-14.3554395933;0.3747015172;44.1875000000;-18.6875000000;-0.5625000000
-9.3129417967;0.9359529404;-2.7463270919;-17.4037288628;-9.3739901053;0.3707146588;44.1875000000;-18.6875000000;-0.5625000000
-9.5352390474;0.9592730242;-2.0366650934;5.1162000405;-3.0991684200;-2.7588954130;44.8750000000;-20.1875000000;-1.0625000000
-9.6733158417;1.3016343221;-2.0345412381;0.3084198879;-6.2588439652;-3.5250074618;44.1875000000;-17.5625000000;-1.7500000000
-9.4042154221;1.2024603498;-2.1247815638;3.6770951089;-3.4576912917;-1.2265673173;44.5625000000;-18.6875000000;-1.0625000000
-9.4606551714;1.2043417157;-1.8459236676;-0.7551124100;-1.7990121747;-0.7413511564;44.1875000000;-17.1875000000;-1.8750000000
-9.4281069064;1.3289006653;-2.1485070166;-1.0168716683;-3.7110022974;1.4138858086;44.1875000000;-17.1875000000;-1.8750000000
-9.3040397010;0.9635510399;-2.2064998719;1.8378628416;-0.7422110113;3.0959609778;44.1875000000;-18.2500000000;-3.0625000000
-9.4194664303;1.0920808249;-1.7968944335;3.5242718073;2.1413362035;-0.5000785344;44.8750000000;-20.1875000000;-1.0625000000
-9.5371801051;1.0626624391;-1.6276105468;-0.1270516075;3.7867471631;-0.3066594717;44.5625000000;-17.8750000000;-1.0625000000
-9.2291721013;1.0139915056;-1.5500562783;9.3048431098;2.0432913652;-0.2497659881;44.8750000000;-17.5625000000;-1.0625000000
-9.3896318371;1.2148548823;-1.4699063933;7.0649505379;-1.0686511960;1.8249912553;44.8750000000;-17.5625000000;-1.0625000000
-9.2569635982;0.9216057386;-1.7403601684;-3.2628697258;-1.7185931022;2.5382463536;44.8750000000;-19.0000000000;-1.5000000000
-9.3764255619;1.0574671119;-1.6436291305;3.0848941346;0.9435219708;0.8209137211;45.2500000000;-18.2500000000;-0.6875000000
-9.4695408089;1.0959021998;-1.6860563955;-2.3638701144;-0.3146789188;1.2069672666;43.7500000000;-18.2500000000;-2.5625000000
-9.4165014358;0.8449425667;-1.7413058045;-1.3795167806;-1.0641283622;-0.3101318754;44.1875000000;-18.6875000000;-1.0625000000
-9.4315276890;1.1562959798;-1.8013134963;3.2002127442;-0.5682430113;0.2457936842;44.1875000000;-18.6875000000;-1.0625000000
-9.4665055205;0.9691343256;-1.9524651717;-4.0085888080;0.3184963348;-0.2512050871;44.1875000000;-18.6875000000;-2.2500000000
-9.4269716711;1.1438903739;-1.7902350552;3.4359481009;0.5603598822;-0.3751813160;44.5625000000;-18.0000000000;-1.8750000000
-9.5999619932;1.0744729744;-1.6539392282;-1.0601614620;1.6971494409;0.1272093427;45.2500000000;-18.2500000000;-1.0625000000
-9.2126543682;1.0814429533;-1.7112275913;3.6501935443;1.3255615679;-1.3676282974;44.5625000000;-19.3750000000;-2.5625000000
-9.3924533444;1.3051509921;-1.6737924669;0.8217729571;2.0437993582;-0.3709832741;44.5625000000;-19.3750000000;-2.5625000000
-9.2355749472;1.0292165919;-1.5212626713;-0.8614075411;0.9938707791;-0.1247200180;44.8750000000;-18.2500000000;-1.8750000000
-9.2737644175;1.1977244025;-1.6239441271;1.7861134566;0.0000000000;0.0000000000;44.8750000000;-18.2500000000;-1.5000000000
-9.2979885903;1.0292871494;-1.6016370042;0.1884645990;0.5592329871;1.4935319817;44.5625000000;-17.5625000000;-2.6875000000
-9.4309053803;0.9274586681;-1.5853192624;-1.7778608451;-2.3016969096;-0.3689831598;44.5625000000;-17.5625000000;-2.6875000000
-9.4243888700;0.9194443142;-1.8656882369;1.4825886306;-2.1755287270;-1.7020748382;44.5625000000;-17.8750000000;-1.5000000000
-9.5516514178;1.0501189934;-1.8471370627;0.0000000000;-0.3738128766;-1.9684583701;45.6875000000;-18.6875000000;-2.2500000000
-9.2988792736;0.9944610049;-1.8704682206;-0.9458029329;0.2465572613;-1.9755568762;44.8750000000;-18.2500000000;-2.5625000000
-9.4541159840;1.3057033558;-1.9556155874;4.1282215456;0.3081637297;-1.6472350209;44.5625000000;-17.8750000000;-1.8750000000
-9.2281663775;1.0078186288;-2.0365673465;-2.9642747560;2.0761366168;0.1837756650;44.5625000000;-17.8750000000;-1.8750000000
-9.5385265723;1.0726562118;-1.8615466662;1.0659059007;4.1685511364;-2.1585178800;44.8750000000;-17.8750000000;-1.0625000000
-9.2500546887;1.3664688381;-1.8235454730;4.0511555718;3.4434049559;0.4319835627;44.8750000000;-19.0000000000;-1.8750000000
-9.2503023459;1.0890380204;-2.2171203689;-1.0032165985;1.2041340790;1.8459339381;44.8750000000;-19.0000000000;-1.0625000000
-9.5189196949;1.2550014992;-2.8353466298;6.5131583457;5.9671923350;1.6294164841;45.2500000000;-17.5625000000;-2.2500000000
-9.4925699614;1.8777937603;-3.1694510591;2.6346010682;8.8214262322;3.2061052587;45.2500000000;-17.5625000000;-2.2500000000
-9.5395348114;1.9580940477;-4.4153159714;10.9145595724;5.4258486926;11.2256150418;45.2500000000;-19.7500000000;0.0625000000
-9.8773565041;1.9475088284;-4.4083687061;19.2424085054;19.8891749416;18.2391876335;44.5625000000;-19.3750000000;0.0625000000
-9.9691671889;1.6013947701;-5.2128203687;19.4048322241;26.0131632591;18.5664039041;43.7500000000;-19.0000000000;0.5000000000
-10.1329586791;1.7756932679;-6.1669685821;34.2964124749;37.3450632206;19.9799182618;44.1875000000;-19.3750000000;1.6875000000
-10.5091789903;1.2330932711;-6.3328003673;36.3663697014;58.5060041894;21.4406340276;44.1875000000;-19.3750000000;1.6875000000
-10.3852151116;0.7240143648;-6.9213565460;31.9262848791;69.6012566215;12.7104748622;43.7500000000;-21.2500000000;3.1875000000
-10.5711608324;1.0195568293;-6.4186184656;59.1585283193;89.2464329650;2.7591885883;43.3750000000;-22.6875000000;4.7500000000
-11.0537988459;0.9907629750;-6.0000995190;52.0683894772;95.4132574998;-3.2385796989;42.0000000000;-23.8750000000;10.2500000000
-10.1254290544;0.9157165283;-5.6273424480;58.1576843377;101.4526424180;-10.1151181857;41.5625000000;-21.6875000000;15.0000000000
-10.1018536155;0.8202628462;-5.5302484965;48.4263252544;109.0370896594;-12.1225131829;41.5625000000;-21.6875000000;15.0000000000
-9.7403833254;0.6279946352;-5.9455187242;58.8001769485;102.6532239112;-14.0693039614;39.8750000000;-22.0000000000;18.5625000000
-8.7933454310;-0.1109650604;-5.4601456049;44.3211543486;105.5318144005;-12.5441848275;38.6875000000;-20.8750000000;22.5000000000
-8.2975930340;0.2646306366;-5.5865432048;42.6501211948;102.0484239307;-20.8272501791;36.5000000000;-20.1875000000;26.5000000000
-7.1509831851;-0.1106909783;-5.7066709172;42.5877649303;97.0715198732;-22.1279304662;34.2500000000;-16.8750000000;29.8750000000
-6.4505072566;0.2954743875;-6.3744376945;55.3694812228;86.9494765002;-17.2656980454;34.2500000000;-16.8750000000;29.8750000000
-6.0261507410;-0.9149536814;-7.0323797885;20.6518154569;81.7776803712;-13.2329596860;32.0000000000;-16.5000000000;33.0625000000
-5.6086130533;-1.0125938109;-6.8692112471;39.9609279843;78.7395452224;-14.4351420577;28.6875000000;-13.7500000000;35.3750000000
-4.8034741280;-0.3208679268;-7.5058736054;38.8907011594;71.4115871567;-15.5796290977;26.6875000000;-13.0625000000;38.6875000000
-4.1139385887;-1.0529772232;-7.4752199841;17.4247978918;73.8470503700;-13.4592969455;24.8750000000;-11.1875000000;39.8750000000
-3.8238210440;-0.7332580635;-6.8742771282;21.9527395480;76.7618740468;-11.5567159166;24.8750000000;-11.1875000000;39.8750000000
-2.9208349113;-1.2615210564;-7.5014746413;-3.3220600622;67.6803271520;-9.7833272237;21.1875000000;-11.1875000000;41.2500000000
-2.6542860653;-1.0674940997;-7.7073072386;14.6467250957;66.7965738092;-5.7035624178;19.6875000000;-9.6875000000;42.5625000000
-2.4298653679;-1.2283507273;-7.7005301641;-18.1108240031;60.7866420182;-2.2002363042;16.2500000000;-8.5000000000;43.0000000000
-1.9856741143;-2.2362147784;-8.5405726605;-17.0283745693;47.9718486970;-7.4071969406;13.6875000000;-8.5000000000;44.1875000000
-1.7836248878;-1.4380138212;-8.3026949282;27.4754566177;36.5952721172;-7.0632516679;13.6875000000;-8.5000000000;44.1875000000
-1.1871940192;-1.1177685808;-8.3809153286;9.6613724121;30.6385578982;-11.4182981035;12.1875000000;-8.8750000000;45.3750000000
-1.0861798131;-1.6588608729;-8.4781134032;14.9979300527;29.1185430572;-5.6471243949;11.5000000000;-8.1875000000;44.1875000000
-0.9132428803;-1.7728332396;-8.1778997192;18.7381522586;23.0649606961;-4.4425580140;10.0000000000;-7.0000000000;45.0000000000
-0.7460404323;-1.6090952199;-8.5624974336;-8.1093457643;19.3386146141;-6.4318221820;8.7500000000;-6.6875000000;45.0000000000
-0.8624309106;-2.0601863146;-8.5222839835;-10.9710052109;12.1657515810;-8.1053190079;8.7500000000;-6.6875000000;45.0000000000
-0.5392080019;-1.3227290086;-8.8239967565;2.1890613951;2.4342099649;-6.2668125730;7.6875000000;-5.8750000000;45.5000000000
-0.1621239702;-1.7502184340;-9.5987474532;-23.8367959236;7.5105317297;-2.1822418770;7.2500000000;-6.2500000000;45.0625000000
-0.8358173781;-1.4764751043;-8.4049121500;0.6266821755;9.6080014283;-3.1007478919;7.2500000000;-6.6875000000;45.8750000000
-0.3319451724;-1.6101987812;-9.4275621595;-10.7099621245;0.2485807143;-3.9306601686;7.0000000000;-7.3750000000;46.2500000000
-0.3920520765;-1.3873855470;-9.2934344862;-2.6816416586;4.9649324835;-0.8708553025;7.0000000000;-7.3750000000;46.2500000000
-0.4351538068;-1.4429387536;-9.3400894931;-4.1752983197;0.3175108076;3.0175045876;7.0000000000;-7.7500000000;46.2500000000
-0.3563397132;-1.5069582084;-9.2619674206;-20.5319575278;0.1272434175;-0.8806071631;7.2500000000;-8.1875000000;45.5000000000
-0.5520172244;-1.4872297393;-9.4271686194;-7.2299143643;-4.2206279859;0.6809927018;6.5625000000;-7.7500000000;45.0625000000
-0.3832735264;-1.5265101143;-9.5729617409;-5.1817526566;-4.8473644459;-0.6366564987;7.2500000000;-8.8750000000;45.8750000000
-0.5587623119;-1.2309126839;-9.8702320702;-6.6986670913;0.8268721517;-0.2480147340;7.2500000000;-8.8750000000;45.8750000000
-0.5583069311;-1.4416755516;-9.3989170099;-5.5055539492;-0.0624399384;1.4590628817;7.0000000000;-8.8750000000;45.5000000000
-0.5591925120;-1.6161662926;-9.7419363673;-4.3565974789;-0.6899462007;1.8060087921;7.2500000000;-10.2500000000;45.8750000000
-0.5888369414;-1.3256431900;-9.8693402750;4.2174416926;0.0631489284;0.8659391996;6.5625000000;-9.5625000000;45.0625000000
-0.5188382647;-1.6706422003;-9.5413585753;-5.4471111149;2.3445102728;0.6973861208;8.0625000000;-10.0000000000;45.8750000000
-0.6117895524;-1.6235475137;-9.6456573033;-0.8182205568;-1.0689918555;-0.5081579380;8.0625000000;-10.0000000000;45.8750000000
-0.7373659511;-1.2726545385;-9.5857516332;6.4688189144;-2.9011263335;-1.1727188500;6.5625000000;-9.2500000000;45.5000000000
-0.5030005314;-1.6134657438;-9.8621459372;-8.5612025754;-0.4984356088;-0.7376644113;6.5625000000;-8.8750000000;44.2500000000
-0.4985670191;-1.6314454954;-9.4932088567;1.8928183944;4.0072357567;-3.0018388528;7.6875000000;-8.8750000000;45.5000000000
-0.5314654981;-1.4244382261;-9.7281895027;1.1920752142;-2.1369594844;0.3111483268;7.6875000000;-8.8750000000;45.5000000000
-0.4931681169;-1.5392860755;-9.5591863621;-1.9868175967;0.7009163315;-2.4920099456;6.5625000000;-9.5625000000;45.0625000000
-0.5638018822;-1.3517241080;-9.0801693958;8.0391397025;1.3951725487;-1.1884558090;7.6875000000;-10.0000000000;45.5000000000
-0.4344948071;-1.3654329138;-9.3706054873;-3.7875726902;-3.8343165550;-1.6330716306;7.2500000000;-9.5625000000;46.2500000000
-0.5705165477;-1.3895511889;-9.7180958581;-3.4788420358;0.1262765574;-0.8071100037;7.2500000000;-10.0000000000;45.5000000000
-0.6665165132;-1.3185553342;-9.6082873370;4.8593355015;-2.7478883320;-0.4916452213;7.2500000000;-10.0000000000;45.5000000000
-0.5100292914;-1.2891665668;-9.5146425551;-2.5432321172;-2.6457907704;-1.2328198640;7.2500000000;-9.5625000000;45.8750000000
-0.3452636998;-1.4986054243;-9.7778001400;-8.3071466187;0.0630014865;0.0000000000;8.0625000000;-10.0000000000;44.6875000000
-0.7260927157;-1.3559386113;-9.1584514674;5.0436472634;-1.6910162148;-0.0623977907;6.5625000000;-9.2500000000;45.0625000000
-0.4541939591;-1.3177268011;-10.1807733795;-3.6305931182;-1.9744526382;-0.1233661035;7.6875000000;-10.0000000000;45.0625000000
-0.6500850069;-1.4802048075;-9.4055258839;-3.3224249616;5.2856529535;0.4350302218;7.6875000000;-10.0000000000;45.0625000000
-0.7488592618;-1.2005449619;-9.2910201236;2.8603809379;-1.2268340658;-0.6951182430;7.2500000000;-9.5625000000;45.5000000000
-0.4940191749;-1.3882614098;-9.7872968000;-1.5976655216;-4.0977469561;-0.0621090398;7.0000000000;-9.2500000000;45.0625000000
-0.7056464020;-1.2833479320;-9.4373336240;-1.8866162335;1.6754274471;-0.1274198105;7.6875000000;-9.5625000000;44.2500000000
-0.6783809741;-1.4349794312;-9.3740535768;1.3329113803;-1.3868330077;-1.2544239904;6.1875000000;-10.0000000000;44.2500000000
-0.6253937590;-1.1369723227;-9.7687186761;0.8078236792;-2.6491255505;0.9895068323;6.1875000000;-10.0000000000;44.2500000000
-0.6522629738;-1.4928956013;-9.6421451847;-5.3704519611;1.3884994363;0.0624466671;8.0625000000;-9.5625000000;45.5000000000
-0.7239213267;-1.3293916224;-9.4289047901;2.9833179703;-1.2321915616;-0.4922936789;7.2500000000;-9.5625000000;45.8750000000
-0.6827978310;-1.4986503400;-9.7722375319;1.5265343023;-2.4092769930;0.1840220425;8.0625000000;-10.2500000000;44.5625000000
-0.7824882687;-1.4047131386;-9.5452933312;0.8278889616;1.0785056453;-0.8108504792;8.0625000000;-10.2500000000;45.0625000000
-0.6718845701;-1.2868831148;-9.5334078358;3.1771079286;-0.4908682478;-0.6283297013;8.0625000000;-10.2500000000;45.0625000000
-0.6363827471;-1.5613311109;-9.4712046940;-0.9333854643;-1.3696003168;0.6869270591;8.5000000000;-10.0000000000;45.8750000000
-0.5877109321;-1.4599774444;-9.5734932257;0.7494524396;-0.0628474030;0.3818775206;7.6875000000;-10.0000000000;45.0625000000
-0.7530279547;-1.4502771503;-9.2438195699;3.1474437264;-0.2459645451;0.0632449154;8.7500000000;-10.0000000000;44.6875000000
-0.6271992516;-1.3432151395;-9.6085857824;-1.3560887781;-0.3738763158;-0.8581250877;7.2500000000;-9.2500000000;45.5000000000
-0.6777612026;-1.4019413346;-9.3113754383;-3.3341038741;1.0651157945;0.0627987453;7.2500000000;-9.2500000000;45.5000000000
-0.6720595883;-1.4234914629;-9.5267555459;0.7007440142;-1.6160967592;-0.1269265463;8.0625000000;-9.2500000000;45.5000000000
-0.6455898853;-1.0999232828;-9.6230193825;-1.5429362722;-0.2478570745;-0.0625270274;7.2500000000;-9.5625000000;45.5000000000
-0.6563205448;-1.5074504847;-9.7044121941;-3.9257350820;1.4125656870;1.3790724005;7.6875000000;-9.5625000000;45.8750000000
-0.7358198519;-1.4382831629;-9.6234338835;1.3992709752;-2.6048875203;-0.0631502311;7.6875000000;-10.0000000000;45.0625000000
-0.7003887682;-1.3005658788;-9.7492386239;-0.6213984900;-1.1073828569;-0.5659350559;7.6875000000;-10.0000000000;45.0625000000
-0.7599080378;-1.3307319039;-9.7158480144;-3.1074909597;0.9846948462;0.4333728149;8.7500000000;-10.0000000000;45.0625000000
-0.7450267687;-1.3733825286;-9.3823678875;0.3734600564;-0.2483910964;-0.3729414561;7.6875000000;-10.0000000000;44.6875000000
-0.6042373674;-1.4189593299;-9.6480909396;0.8092713640;-0.4998531003;0.5603830488;7.6875000000;-11.0625000000;45.0625000000
-0.6574137961;-1.5290630465;-9.6417357094;-1.3374784802;1.4376842675;0.9286673588;7.2500000000;-9.5625000000;45.8750000000
-0.6017716050;-1.3759868835;-9.6709004652;-0.5579103422;0.3817038537;0.1268304229;7.2500000000;-9.5625000000;45.8750000000
-0.8205942135;-1.2286800399;-9.5728334355;-2.4429555536;0.5690566922;0.1225972662;7.2500000000;-10.0000000000;44.2500000000
-0.6355975957;-1.3047871080;-9.6547310777;0.6853399518;-0.8038383267;-0.6740692368;7.6875000000;-10.0000000000;46.2500000000
-0.7061345044;-1.1463185255;-9.3992402078;-2.8059703254;0.4396655401;0.2489198393;8.0625000000;-10.6875000000;45.5000000000
-0.6629282265;-1.4001167316;-9.5066451543;-1.2307539908;-0.9859221257;-0.0625218293;8.0625000000;-10.6875000000;44.2500000000
-0.6273583576;-1.2352677856;-9.4244721571;0.3077869187;-1.9184730619;-0.5010976238;8.0625000000;-10.6875000000;44.2500000000
-0.6448785676;-1.1705549905;-9.5792225284;-3.7006911663;-0.4967988517;-0.1258070309;8.0625000000;-9.5625000000;45.5000000000
-0.6890219129;-1.4065649443;-9.5358920514;-0.8676709902;-1.8245920466;-0.6759521566;7.6875000000;-10.0000000000;43.8750000000
-0.6524010455;-1.2250532576;-9.5057107393;-1.7529742269;-1.0470173214;0.0633177195;8.0625000000;-10.0000000000;45.0625000000
-0.7597717073;-1.2136998016;-9.3021363259;-4.1163891133;-1.1893466695;-1.1240999573;8.7500000000;-10.6875000000;44.2500000000
-0.6934266695;-1.2454328206;-8.7502336924;-5.1200948019;-3.0622187411;-2.1453311893;8.7500000000;-10.6875000000;44.2500000000
-0.9771049433;-1.7006957678;-8.2384013553;-1.8729622955;-8.4840560922;-8.6023960030;8.7500000000;-10.2500000000;44.6875000000
-1.1571678948;-1.9739737528;-7.1073261914;-4.7216314184;-9.7899126626;-21.4157337853;7.6875000000;-10.2500000000;45.8750000000
-1.0508021427;-0.6423356860;-5.9510671436;-3.3730893671;-19.4748997581;-31.1769677039;8.5000000000;-10.2500000000;44.6875000000
-1.1815044869;-0.1012374903;-6.4741244623;-13.6638609812;-37.8053725053;-26.3733796162;8.5000000000;-10.2500000000;44.6875000000
-1.2312794204;-0.0295985823;-5.9665272527;-10.7047407520;-45.2124611535;-22.5181493614;10.2500000000;-10.6875000000;44.6875000000
-1.9768073922;0.8770957291;-6.4977870117;-20.6571091597;-60.0700886149;-11.6971190239;11.7500000000;-10.2500000000;43.0625000000
-2.1860237606;-0.1719053470;-6.7837194885;-12.7887056458;-71.5485282956;4.1500023880;14.2500000000;-11.0625000000;43.8750000000
-3.9345154402;0.4553989440;-6.1726647909;-10.3084222582;-85.7804225625;8.4523718823;15.7500000000;-11.8750000000;42.6875000000
-4.7030224560;-0.2853857890;-7.2851015659;-33.0370573020;-102.7756937937;12.4594813492;15.7500000000;-11.8750000000;42.6875000000
-5.7269456428;-0.4788764340;-7.8486265923;-37.9122727771;-103.0794095346;8.9131076584;19.5000000000;-14.0000000000;40.3750000000
-6.0805799144;-0.0986227077;-7.5011028463;-42.9593402003;-102.3886321638;0.7454092282;23.5625000000;-14.0625000000;38.7500000000
-7.4078038121;0.3560247670;-8.0097294544;-43.3988460203;-107.7493619177;-6.9854985610;26.5000000000;-16.3750000000;37.3750000000
-7.5988545788;0.2265933775;-8.3278661581;-44.9689978546;-106.2157456135;-13.6382869944;29.7500000000;-18.1875000000;34.5625000000
-8.6700058102;1.2458260509;-8.1737226374;-32.9208192048;-103.4390390263;-9.9647305964;29.7500000000;-18.1875000000;34.5625000000
-8.2176080289;0.4736006468;-8.0221003714;-51.6531535564;-99.5737071378;-12.9670187889;32.6875000000;-18.5625000000;31.0000000000
-8.9144987200;1.8786715637;-7.6715520284;-24.8778281620;-97.4063092336;-18.0150388601;35.1875000000;-18.8750000000;27.0625000000
-9.4220834286;1.1650144170;-8.0422382108;-31.8532268436;-99.7477321799;-2.1577140816;37.7500000000;-19.6875000000;23.5625000000
-9.2645229890;0.9757335882;-6.9417549228;6.3909581518;-91.6870519948;-0.8674450210;39.5625000000;-19.2500000000;20.0625000000
-9.4473936895;1.5629731259;-6.8617554473;-9.2878649878;-85.3014562239;2.7464094493;39.5625000000;-19.2500000000;20.0625000000
-9.6025610840;0.4826208442;-7.0442545815;-39.1023125531;-69.6415177802;-1.2629659591;41.0625000000;-17.7500000000;16.5000000000
-9.5474221489;0.8056611711;-5.2633139466;12.9033645172;-58.4574239458;-0.5030341352;42.1875000000;-19.2500000000;13.7500000000
-9.5410034613;1.5210737949;-5.4172797888;-1.8782625507;-68.0714498830;4.8589966497;43.2500000000;-19.2500000000;12.1875000000
-9.5678391462;0.1882611530;-6.9205093270;-51.6083660224;-64.5032694603;-5.9520363425;43.1875000000;-17.6875000000;9.0625000000
-9.7641946787;0.6045025545;-4.9454395082;-15.4749078080;-22.0498841490;-12.9516012348;43.1875000000;-17.6875000000;9.0625000000
-9.5928589756;1.8410112742;-5.7124628951;-21.1450539225;-46.6922591125;-10.9632057299;44.0000000000;-18.1875000000;6.6875000000
-9.8181286635;1.2244259609;-5.7837679350;-45.9389427809;-25.4294451438;-3.6725888801;44.6875000000;-17.0000000000;5.0625000000
-10.2339514448;-0.1733919124;-4.1101638894;-37.6804351476;-4.0554254130;-1.7384377727;43.8750000000;-16.2500000000;3.0625000000
-9.4821608346;-0.2395910626;-2.7827091107;1.9627633868;-8.2043007559;-9.9582563621;44.5625000000;-18.0625000000;2.6875000000
-9.1544302174;0.5868467693;-2.1069199151;1.8482906290;-14.8011892074;-13.7517608581;44.5625000000;-18.0625000000;2.6875000000
-9.2520452004;0.5393856252;-2.6980008663;-2.2337372234;-28.8725467316;-13.6784872715;44.5625000000;-15.5000000000;0.6875000000
-9.3483275683;1.0539758786;-2.3994732844;9.7675575156;-24.2024194534;-11.0279106111;45.0000000000;-15.5000000000;0.6875000000
-9.4606016762;0.5709224931;-2.2187363890;-1.9120750173;-14.3534527860;-10.4789368671;44.5625000000;-14.0000000000;-0.5000000000
-9.3157670291;0.7067466716;-1.9678384915;1.7988206852;-12.1729347374;-11.3332997007;45.3750000000;-13.6875000000;-2.0625000000
-9.3156056273;1.1860027631;-2.3197513090;-0.8842579164;-8.9651233770;-8.0151894434;45.3750000000;-13.6875000000;-2.0625000000
-9.3051230315;0.6275366445;-2.6694916626;4.4425713977;-7.7885463294;-7.0596751410;45.0625000000;-13.6875000000;-1.2500000000
-9.4341263935;0.9330551961;-2.0260329757;21.8945736155;-1.2580813324;-1.2539498218;45.7500000000;-13.2500000000;-2.0625000000
-9.5026781307;0.5863453641;-2.0807177245;-9.4148950872;-1.2876906381;-0.0630164382;44.6875000000;-13.0000000000;-2.8750000000
-9.2934165776;0.1294051947;-2.2113097606;-0.8652080815;-2.7352326098;0.4416834254;45.0625000000;-13.0000000000;-2.0625000000
-9.4375220648;0.6623834127;-2.0182223485;4.7935393255;1.2972885971;-0.6786183553;45.0625000000;-13.0000000000;-2.0625000000
-9.3178680604;0.3317598607;-1.9311812713;-4.7234562317;0.8203507464;-2.3988651839;45.7500000000;-13.6875000000;-2.0625000000
-9.5849376260;0.7155369408;-1.7591500765;16.9008232820;0.4325625413;-0.6748794035;45.0625000000;-13.0000000000;-2.8750000000
-9.4512236567;0.5345377121;-1.8449229912;-1.5376706413;1.3346810785;3.0737994776;45.7500000000;-15.1875000000;-2.3750000000
-9.4879448225;0.1389053396;-1.7868838141;-0.7588727899;1.2488465603;4.2637182638;45.0625000000;-13.2500000000;-2.0625000000
-9.4939234596;0.4679502339;-1.8206096473;0.0000000000;0.6754454749;1.2049727811;45.0625000000;-13.2500000000;-2.0625000000
-9.4226586392;0.3154873560;-1.9726488121;5.0273295405;1.6447448065;2.2261242409;45.5000000000;-13.2500000000;-2.3750000000
-9.4671565888;0.1624260539;-1.7403314397;-0.5518311657;2.0475942010;2.5119756350;44.6875000000;-13.6875000000;-2.3750000000
-9.2725463411;0.1376079801;-2.1393915353;6.3499469063;-0.4901838208;0.7978010531;44.6875000000;-13.6875000000;-1.6875000000
-9.3948622095;0.4650472845;-1.7367369331;5.8619940662;2.1526023785;-2.3970301750;44.6875000000;-13.2500000000;-2.0625000000
-9.4536013633;0.2686938772;-1.8277934761;-0.6790599178;1.2974213175;-1.6535646410;44.6875000000;-13.2500000000;-2.0625000000
-9.4696449526;0.5471374572;-1.5723922000;7.8010753688;-0.1847135551;1.1313221285;45.0625000000;-14.3750000000;-1.2500000000
-9.3348890940;0.3505304556;-1.7580235100;-10.6951655459;-1.0449715898;0.8189529829;45.7500000000;-13.6875000000;-1.6875000000
-9.3547057140;0.2648107018;-1.9219705446;3.9092552851;-1.6554518661;0.4448962460;45.5000000000;-14.7500000000;-0.8750000000
-9.5586966316;0.5015421859;-1.7455178136;4.2167619375;-2.1334765975;0.1859981735;45.7500000000;-13.2500000000;-1.2500000000
-9.5514198800;0.1587681497;-2.2628648549;-4.2365115185;-1.5460586885;-1.5289112787;45.7500000000;-13.2500000000;-1.2500000000
-9.4898881656;0.6136617319;-2.0251596656;1.6698599855;1.5008430649;-1.9640887168;45.5000000000;-13.6875000000;-2.3750000000
-9.4025266530;0.8334447261;-2.3175435805;-15.6911450984;4.5044574909;0.4456148111;44.6875000000;-14.0000000000;-2.5000000000
-9.4048954793;0.6230823878;-2.2771489539;-17.7849577934;6.1632343048;2.3427329430;45.5000000000;-13.6875000000;-2.3750000000
-9.5303054597;0.5949714296;-1.7665951784;-0.3181169982;7.3772950106;3.6417816464;45.5000000000;-13.6875000000;-2.3750000000
-9.3424888942;0.3883846161;-1.8455407785;-3.1714198606;3.8134198175;4.9183374570;45.0625000000;-13.6875000000;-2.0625000000
-9.5658092993;-0.0101002196;-1.7211880253;-2.6072721221;2.8504870641;4.9546515510;45.0625000000;-13.6875000000;-1.2500000000
-9.3309658092;0.2276274364;-1.4343934298;7.6734496856;0.7447529208;1.3195607057;45.7500000000;-14.7500000000;-1.2500000000
-9.2041424310;0.2540859643;-1.8542949644;-3.2678375743;-3.5281401111;-0.6242256231;45.5000000000;-14.0000000000;-2.3750000000
-9.2119563427;0.5565053965;-2.0816560661;7.5424348001;-3.4393465371;-0.6222567195;45.5000000000;-14.0000000000;-2.3750000000
-9.4099146835;0.5821004393;-1.8565503786;-1.1250960232;-2.1144943920;1.0193444195;45.5000000000;-14.3750000000;-1.2500000000
-9.3491779786;0.2516991004;-2.2817436139;-4.5876146104;-3.4072040939;0.0000000000;45.0625000000;-14.3750000000;-1.6875000000
-9.2341851128;0.6604737004;-2.1296969955;8.5840114530;-1.4335067885;-0.7983403452;45.7500000000;-13.6875000000;-0.8750000000
-9.6363408227;0.3930208325;-1.9594745462;-4.6804318939;1.0693570416;-0.3120926983;44.6875000000;-14.0000000000;-2.0625000000
-9.2330049136;0.3899819775;-2.1780716782;11.1824435721;-0.1270360705;-3.0504126166;44.6875000000;-14.0000000000;-2.0625000000
-9.3828402005;0.9732800536;-1.8443581941;6.4603859286;0.3064418982;-1.8463143113;45.5000000000;-13.6875000000;-2.0625000000
-9.1343878044;0.5786758173;-1.8484540420;-6.8030230713;0.9959317348;2.4921624148;45.7500000000;-14.0000000000;-1.6875000000
-9.2622552950;0.1785473880;-1.9203825362;5.0927254667;-2.3938875637;3.4612512064;45.7500000000;-13.6875000000;-0.8750000000
-9.5696702932;0.3340948316;-1.7183190936;5.1847936773;-1.1231139879;2.1524606975;45.7500000000;-14.0000000000;-0.8750000000
-9.4006794371;0.0592341399;-1.8849377879;-7.7590640595;-1.2650689791;0.8624330134;45.7500000000;-14.0000000000;-0.8750000000
-9.2834787212;0.2061683175;-1.9096362876;7.9406486474;-2.3793344841;-2.1519686391;45.0625000000;-13.6875000000;-0.8750000000
-9.2658185039;0.7416193656;-2.1357571845;0.8239204339;-3.4747450023;-0.3064298305;44.6875000000;-14.7500000000;-1.6875000000
-9.5733475537;0.2606169201;-2.2400742557;-9.0523091358;1.3088856930;0.3762630170;45.5000000000;-13.6875000000;-1.2500000000
-9.5343100001;0.1917758929;-2.0416185749;-4.6891415644;2.9554356509;-3.7096037002;44.6875000000;-14.3750000000;-1.6875000000
-9.2674106773;0.6203479130;-1.7523017825;5.4699728810;2.2761186758;-3.1697909093;44.6875000000;-14.3750000000;-1.6875000000
-9.4059799540;0.4549640083;-1.8772418355;-7.6598441587;0.3151336605;-1.5800546391;44.6875000000;-14.0000000000;-2.3750000000
-9.6311203489;0.4472032643;-1.8297814261;1.2422522121;1.0735711556;-2.5659362691;45.7500000000;-14.3750000000;-0.8750000000
-9.2554240585;0.7788042480;-1.6557638596;-0.2473985125;-1.4122027707;-1.2023025149;45.0625000000;-13.6875000000;-1.6875000000
-9.5093075513;0.4954434426;-2.0264890620;-4.7330269716;-2.1426793845;-0.3150211403;45.7500000000;-13.6875000000;-1.2500000000
-9.5922929737;0.6768519500;-1.7836853559;0.6766942859;-0.8254936768;1.0538532093;45.7500000000;-13.6875000000;-1.2500000000
-9.4916705641;0.2720039595;-1.9593893734;-4.8127377295;-2.9346553800;0.7000993419;45.0625000000;-13.6875000000;-1.2500000000
-9.4834683460;0.3413439558;-2.0007433175;9.7009712907;-1.8487775878;-0.7449674275;45.0625000000;-15.5000000000;-1.6875000000
-9.6329671929;0.4733245622;-1.9419711848;-0.6780141811;-0.3128168309;-1.1086674285;45.7500000000;-13.2500000000;-2.8750000000
-9.4892150037;0.3416182178;-1.9271082156;-2.8204551212;0.6364770268;-1.9103638978;45.5000000000;-13.2500000000;-1.2500000000
-9.4079089547;0.5721032168;-1.8240448607;3.1378597233;1.0473195749;-1.0485800126;45.5000000000;-13.2500000000;-1.2500000000
-9.4819384049;0.3140174592;-1.8382087981;-7.1490470359;1.4355902461;-0.2495086856;45.0625000000;-14.3750000000;-1.2500000000
-9.2442386211;0.3752833903;-1.7979615826;5.5899960420;0.8683059546;-0.8899258373;45.5000000000;-13.2500000000;-1.6875000000
-9.2481643282;0.4318451918;-1.9679575394;-2.7654436019;-1.1869540730;-0.2534988640;45.0625000000;-14.0000000000;-1.2500000000
-9.2995791258;0.3630151903;-2.1281392738;-2.8220875333;0.4456873845;-0.1231813000;45.0625000000;-13.6875000000;-2.0625000000
-9.5488447928;0.5264430256;-2.0461115496;0.6941159431;3.4451083285;-0.4992245121;45.0625000000;-13.6875000000;-2.0625000000
-9.6346760907;0.3775091599;-1.8672689425;-3.6219199505;0.8016688408;0.6235196011;45.0625000000;-14.3750000000;-1.6875000000
-9.4643055308;0.4882926853;-1.9102895083;9.7422708194;0.5087921619;0.9985087710;45.5000000000;-13.0000000000;-0.8750000000
-9.4176359187;0.4273639768;-1.7465141666;-4.1326567931;2.0352456720;1.7832070853;45.7500000000;-13.6875000000;-1.2500000000
-9.3757829520;0.1603115637;-1.7763290303;1.5607306500;-0.3817950059;-0.0632958444;45.0625000000;-13.2500000000;-2.3750000000
-9.5301704085;0.5265965986;-1.8541753444;1.7611973440;0.5081661304;-0.8653942051;45.0625000000;-13.2500000000;-2.3750000000
-9.6586258150;0.1935014445;-1.9976939843;-4.9361466483;-0.0626472668;-0.1858358941;45.0625000000;-13.6875000000;-3.2500000000
-9.3501065970;0.4305834435;-1.9756972664;6.1394438544;-0.2504809823;-1.9798688679;45.0625000000;-13.2500000000;-1.6875000000
-9.4513576369;0.5414065461;-1.9402008483;-2.4541787818;1.7184642910;-1.2020039481;46.1875000000;-13.0000000000;-2.7500000000
-9.5598440901;0.2731901847;-1.9059152109;-3.2871640760;1.1787560906;-0.3104585625;45.7500000000;-13.6875000000;-1.5625000000
-9.4761222001;0.4956861228;-1.8419292733;3.6166920325;0.2544945726;-0.3782534044;45.7500000000;-13.6875000000;-1.5625000000
-9.5842137877;0.4672731302;-1.8327055276;-6.7039179729;-0.5661579758;1.1645570374;45.7500000000;-14.7500000000;-1.6875000000
-9.3670941634;0.1973821640;-2.1174567760;1.6436804800;0.3100962931;-0.1885903720;45.0625000000;-14.0000000000;-2.3750000000
-9.3393697446;0.5430545498;-1.7625794774;1.7210212355;0.9992341444;-0.5564039619;45.0625000000;-14.0000000000;-2.0625000000
-9.3301780713;0.3657300113;-1.9809442932;-5.5223744170;-1.1433129218;0.6740034754;45.7500000000;-13.2500000000;-2.0625000000
-9.2071619959;0.4480496194;-2.0436999685;2.0524235119;1.0789456321;0.8225071550;45.7500000000;-13.2500000000;-2.0625000000
-9.5378479744;0.4046784634;-1.8784536898;-2.2281482148;0.3103999845;0.6327424193;45.7500000000;-13.0000000000;-2.3750000000
-9.3711934620;0.3280026980;-2.0987746206;2.1037548114;-1.2912912101;0.5608896025;44.6875000000;-13.6875000000;-1.2500000000
-9.5963938160;0.3914566594;-1.9586516433;1.4255255103;0.3148297326;0.6833160711;45.0625000000;-13.6875000000;-2.3750000000
-9.4228761290;0.1912901743;-1.9314755431;-3.5001935799;0.9247021384;0.1868088374;45.0625000000;-13.6875000000;-2.3750000000
-9.3109503544;0.3973114880;-2.0136045387;3.1900839814;0.2502142991;-1.7350416056;45.5000000000;-13.2500000000;-2.3750000000
-9.5513960169;0.6145240185;-1.9055403204;1.0446307288;0.8175409813;0.3812733385;46.1875000000;-13.6875000000;-1.6875000000
-9.4619414857;0.2666873176;-1.9153448862;-4.6337397867;0.7416618132;1.6558716888;46.1875000000;-13.6875000000;-2.3750000000
-9.4234706852;0.3155029221;-1.8733660606;2.9464110988;-0.4301395944;0.0629001394;45.0625000000;-13.6875000000;-2.0625000000
-9.4481548280;0.3819112626;-1.9332964400;-2.5848244066;0.6231943193;-0.4437705522;45.0625000000;-13.6875000000;-2.0625000000
-9.3923711374;0.3964117331;-1.7966682382;0.1266425858;0.4972148310;-0.8918259350;44.6875000000;-14.3750000000;-1.2500000000
-9.3327534290;0.4867466648;-1.8520751230;3.6752277105;-2.4615013841;-0.4429694707;44.6875000000;-13.0000000000;-1.6875000000
-9.5264355082;0.4134643138;-1.8741024270;-1.7671220608;-1.1892850316;1.7947997116;45.5000000000;-13.2500000000;-1.2500000000
-9.5722430038;0.1583360499;-2.0772481907;-1.4515336844;-1.1760669039;0.5565715700;45.7500000000;-13.0000000000;-2.0625000000
-9.5209929143;0.4791576527;-1.8657707160;2.6608658774;-0.2492721312;-1.1785868216;45.7500000000;-13.0000000000;-2.0625000000
-9.4552548102;0.5238023492;-2.0267361668;-3.2282601686;-0.4975196045;-0.3098620876;45.0625000000;-13.6875000000;-2.0625000000
-9.5390644732;0.1578318716;-1.6662714412;-13.6482812837;2.1921973563;2.7214345752;44.6875000000;-13.2500000000;-2.3750000000
-9.4094842161;-0.3134240849;-1.4263103761;-2.9086284478;-2.3579846849;0.6361598075;44.6875000000;-15.5000000000;-2.8750000000
-9.4294044068;-0.0784976087;-1.9900637558;-5.4651572524;-4.5198345248;-3.4054559242;46.1875000000;-12.5625000000;-2.3750000000
-9.6691282084;0.2063451177;-1.9041893092;-5.7036516283;-0.5646664814;-8.4929074593;46.1875000000;-12.5625000000;-2.3750000000
-9.4660974748;0.9541273192;-1.9549020018;2.0287718104;-2.1025756797;-9.9970348450;45.5000000000;-13.6875000000;-2.3750000000
-9.1928641435;1.1962870069;-2.3637733637;-0.7533912955;-1.6889917340;-6.1400385751;45.7500000000;-12.5625000000;-2.0625000000
-9.5226486224;1.4232368497;-2.2900903119;10.0137714133;1.2871272772;-0.3695933702;45.0625000000;-13.0000000000;-2.8750000000
-9.2846994268;1.1163730392;-2.1983942813;7.6411152234;1.4587838465;4.7367747087;46.1875000000;-13.6875000000;-3.5625000000
-9.4086427885;1.2923772215;-2.9253934220;7.8781802551;1.5065038016;7.6790465955;46.1875000000;-13.6875000000;-3.5625000000
-9.3473071048;1.5229215131;-3.9552202863;32.3160482341;9.0450363879;12.7378967345;44.6875000000;-12.1875000000;-2.8750000000
-10.1813080340;0.9959439242;-4.0696951278;18.6849631853;21.9648698881;16.9964327234;45.5000000000;-12.5625000000;-1.6875000000
-10.2040569858;1.4355260375;-6.4444927657;29.3544859844;18.5921348043;18.7933550993;44.6875000000;-14.0000000000;-0.5000000000
-10.1975355051;1.9134722567;-7.4142163087;66.1539443434;37.6725614144;26.4829167029;45.0625000000;-15.8750000000;0.2500000000
-11.4145804984;2.0346071912;-7.8336960488;68.0449418195;57.1785007852;42.4410226956;45.0625000000;-15.8750000000;0.2500000000
-11.6537387650;-0.0100602054;-8.2335776322;29.7764048625;72.3255682475;38.5560473797;45.0625000000;-16.2500000000;3.0625000000
-11.8416535757;-0.7646779158;-8.3594558931;66.2648492899;94.3018309430;25.8476725859;44.6875000000;-17.8750000000;5.0000000000
-12.1934367607;0.4830642760;-8.4745850659;64.8747941079;115.1543359074;-0.8879954967;42.5000000000;-19.5625000000;10.0625000000
-12.3440965874;1.2956925945;-7.5826671327;92.1234720779;135.9644795773;-0.1270905434;42.1875000000;-18.8750000000;15.1875000000
-11.7661150924;0.2066480820;-7.9408477159;64.3086331984;143.4123832886;-3.0984399195;42.1875000000;-18.8750000000;15.1875000000
-10.9601317038;0.5456455553;-7.9114895016;96.7645248268;152.7905403419;-1.5652357017;40.0000000000;-18.8750000000;19.8750000000
-9.9404944206;0.4562644205;-7.1989595651;54.2110004138;165.3614115738;-14.5723924625;37.7500000000;-17.0625000000;25.6875000000
-9.1191931682;0.1113736949;-6.0761507177;75.1565329334;164.3590757347;-7.0316944721;33.7500000000;-17.0625000000;32.0000000000
-7.8215985892;-1.4249693388;-4.5815867573;35.6860621230;164.2239683595;-8.1525282046;29.2500000000;-14.0625000000;35.5000000000
-7.3265634085;0.5956308980;-3.2971291060;85.1691998317;136.7546229094;-5.2284170595;29.2500000000;-14.0625000000;35.5000000000
-3.5507851782;-1.9288490819;-2.1603980723;40.2445786285;88.7774531954;16.4838034782;23.3750000000;-12.5625000000;39.7500000000
-2.6979149605;-0.7093595447;-4.8989314614;0.1878720048;77.0903184240;-14.7149616224;18.5000000000;-9.2500000000;43.3750000000
-2.4027928064;-1.1359023102;-4.3478994679;5.5712218793;103.1935740157;-1.5328050348;14.7500000000;-9.5625000000;43.7500000000
-1.4445782567;-0.7006902155;-3.8867661662;24.9363847572;101.2932651587;8.0145233469;10.6875000000;-7.0000000000;44.8750000000
0.9255653656;-0.5981915741;-8.6348485512;4.2425803143;97.7492391825;17.7714755439;10.6875000000;-7.0000000000;44.8750000000
-0.8759697323;-2.1273967405;-7.3523646935;20.0073759939;114.9994579673;40.1454737049;7.0000000000;-7.3750000000;45.0000000000
-0.3589330600;-5.7508061364;-6.8863815018;12.2914836526;86.3628080157;42.5173294947;1.6875000000;-7.3750000000;45.8750000000
1.2265715209;-0.2004262137;-10.6838207232;30.2270587178;38.8054077160;-28.5263758829;-3.0000000000;-6.2500000000;46.0000000000
0.2214031782;-2.6314957801;-7.7568845879;19.7431626760;52.3430391076;4.1238300684;-4.0625000000;-5.5625000000;45.5625000000
0.7512616655;-1.7265512229;-9.1202968919;-42.6230666398;38.5952126785;-27.1726122449;-4.0625000000;-5.5625000000;45.5625000000
1.2690783231;-3.3058722540;-7.8909158501;36.1944040258;34.2770955134;7.6279127790;-6.7500000000;-4.8750000000;45.6875000000
2.3868941442;0.8254430987;-8.0638459163;-20.6675827186;-5.8551410574;-35.8526737686;-9.0000000000;-5.5625000000;44.7500000000
1.8862844173;-0.8884021897;-8.2706807416;-42.5457385713;-2.5577832783;-16.5185269091;-8.6875000000;-5.2500000000;45.6875000000
1.9868318096;-0.8141342101;-7.5565371199;-4.7478707075;-15.9199153462;-10.6932061391;-8.2500000000;-6.7500000000;46.5000000000
1.8197028740;-1.0457194842;-7.8559520059;-33.3657824686;-15.5895069487;-20.1071507627;-8.2500000000;-6.7500000000;46.5000000000
1.1093070197;-0.2540303133;-5.3409498513;-33.9999112973;-18.3226282541;-19.0867402363;-8.2500000000;-7.5000000000;44.8750000000
-0.3346358665;-0.6948458691;-3.7646836096;-10.3856693508;-62.6580272097;-6.4983913525;-7.1875000000;-8.5625000000;45.6875000000
-0.9224339055;0.5337112540;-3.1303933249;-10.5636188474;-85.9886760441;-14.5050059117;-4.5625000000;-10.3750000000;45.2500000000
-1.4543970826;0.2238743062;-4.5132095321;-57.0927954406;-103.5534934558;-3.7145253959;-4.5625000000;-10.3750000000;45.2500000000
-2.0760380802;1.0316247080;-3.3692274901;-59.4892968714;-102.4419311235;-12.8187825786;-1.2500000000;-10.3750000000;46.5000000000
-5.4443527142;2.2162603880;-5.4624240108;-86.1565716459;-141.5039772121;-16.8822103714;3.0625000000;-13.7500000000;45.6875000000
-4.8496044305;0.8422256395;-7.5702023787;-26.1151530347;-173.1979029008;10.9149938782;7.5625000000;-16.3750000000;43.3750000000
-7.9131416702;1.3326776071;-9.0250584472;-75.3307499645;-159.7320805414;-10.4631989209;13.0625000000;-17.5625000000;41.5000000000
-6.6891822596;2.0647591793;-7.3827181114;-95.7895439034;-149.9851044577;-29.0517261879;13.0625000000;-17.5625000000;41.5000000000
-9.0617638370;4.4985566523;-6.5601088951;-75.4440725617;-141.1400825243;-14.0131611041;19.7500000000;-21.2500000000;38.6875000000
-8.0982415983;3.2453628899;-6.6437515404;-121.7409228219;-144.5898733157;-22.4973835407;25.5000000000;-23.0625000000;34.5000000000
-11.8007052018;4.2782409986;-7.9829075400;-96.0107131099;-154.6153460979;-24.5805266101;28.8750000000;-25.0000000000;29.5000000000
-10.7122792757;4.3785075597;-8.5700647310;-88.7347334912;-161.0241201452;-17.0465150290;33.3750000000;-27.5000000000;22.6875000000
-12.1583086243;4.1956363455;-11.3101827899;-80.1212114441;-173.6257321997;-41.3179362094;33.3750000000;-27.5000000000;22.6875000000
-11.3494563382;2.6591571498;-9.7750655911;-88.4596840919;-135.0815809019;-40.6765592325;36.2500000000;-27.2500000000;15.6875000000
-12.0854037593;4.0152289956;-6.7665722098;-7.4814400703;-144.1480516399;-36.8727515109;39.5625000000;-27.2500000000;8.6875000000
-10.6428882297;3.5281518794;-8.6741302815;-9.0122546484;-93.8989462394;-48.5919270171;41.0625000000;-25.5000000000;4.0000000000
-10.5629168566;2.3568051642;-6.5212503759;-4.8914902031;-43.1155878452;-18.3776026249;42.1875000000;-22.7500000000;-0.6875000000
-10.5859781082;1.6854561091;-6.4585253417;-19.8282056230;-50.4342281681;-20.8771903608;42.1875000000;-22.7500000000;-0.6875000000
-10.2200911162;0.6587054982;-6.3944117871;38.3067896978;-38.1286791039;-8.4054475375;42.1875000000;-21.7500000000;-2.3750000000
-9.6919676417;1.2526900551;-5.3099441637;34.8258963226;-11.7581712827;-8.3958415715;43.1875000000;-19.7500000000;-5.0625000000
-9.4194801337;2.3056186878;-5.8363728190;30.0844075461;12.7127148776;-23.5611893896;42.7500000000;-20.2500000000;-5.5000000000
-9.5586749521;4.9595150391;-5.4122954224;57.6206278875;42.7208422441;5.2520710240;42.7500000000;-18.7500000000;-3.5625000000
-11.8005679425;5.0680711433;-5.6291608121;17.8031253124;31.4553845811;16.5522313654;42.7500000000;-18.7500000000;-3.5625000000
-11.4657181129;3.6515751849;-9.2466785137;21.6181277150;40.9567073714;59.7860354851;43.5625000000;-21.3750000000;-1.1875000000
-11.2954240768;1.0425901077;-9.5132350509;35.9643766285;83.8120946007;25.3767233295;42.7500000000;-20.5625000000;0.3750000000
-13.6110308574;3.2484096838;-7.8214750608;92.7913440142;120.4933914592;15.4183846971;41.5625000000;-22.0625000000;2.5625000000
-12.1533017589;1.0703990854;-6.8397296058;46.1097824686;130.8213816846;11.3320571543;41.1875000000;-23.2500000000;7.7500000000
-11.8694745793;2.1191944157;-5.4230698579;64.3586165366;143.5921272931;-0.6226217838;41.1875000000;-23.2500000000;7.7500000000
-10.8821860548;0.9177087643;-4.4002129580;56.8424991695;148.7918950758;-8.6750557831;39.3750000000;-25.8750000000;12.8750000000
-10.6792668868;1.4871414537;-5.2139287216;76.6326206940;138.1377960978;-17.1192597536;37.8750000000;-25.8750000000;18.7500000000
-9.9650467156;1.5299070638;-6.1878764248;107.4365900280;139.7632567831;-5.1082612400;35.0000000000;-24.0625000000;24.6875000000
-9.0124482989;0.6234693757;-6.7753478669;58.5528991834;136.6646884426;-7.1578910728;32.0000000000;-20.6875000000;31.0000000000
-6.8742896045;0.6365931808;-8.2007884712;51.7889593675;111.9878395009;-7.6609048124;32.0000000000;-20.6875000000;31.0000000000
-6.7774112897;1.6781007064;-6.5413895043;21.7653336023;146.9764229989;-3.7483134118;28.7500000000;-18.8750000000;34.0000000000
-5.6015339733;-0.0606075452;-7.2258746565;-23.4228546310;147.2884038893;13.5879973882;25.0000000000;-17.3750000000;37.5625000000
-4.6134364540;-0.6084972486;-6.4575414137;52.3027333390;146.1019184338;1.4403632396;19.7500000000;-17.2500000000;39.1875000000
-4.4486970217;1.4190813120;-7.7369992057;7.0949100314;146.0138978730;21.1409953861;14.6875000000;-17.2500000000;42.2500000000
-2.2267200214;-2.4455049259;-6.5100751814;-6.7736605479;141.1835551194;13.1819670092;14.6875000000;-17.2500000000;42.2500000000
-2.0685257162;-0.7419865798;-3.7635476367;156.6556007980;103.2202820646;37.3845515507;8.0000000000;-15.0625000000;43.5000000000
-0.2955308619;-0.2185077236;-3.3014913795;57.5773778099;85.4637411061;-3.6825263729;2.0000000000;-14.6875000000;44.7500000000
0.2942266563;-0.5798862725;-2.8723014447;3.1980752689;42.9894888427;-4.6771365468;-2.0625000000;-9.6875000000;45.6875000000
1.0465049069;-1.7438382154;-3.0723696483;2.0373874678;-10.3748983527;-20.8113983893;-4.5625000000;-8.1875000000;46.0625000000
2.2012105769;-0.1182407441;-6.2582458112;18.1874431544;-4.9032444213;-14.4988423595;-4.5625000000;-8.1875000000;46.0625000000
1.3904031406;-0.5425932999;-6.7476920836;-29.7283995321;-7.2126666252;-17.4375667417;-4.5625000000;-7.7500000000;44.8750000000
1.7347178903;-1.0400648736;-7.4319492901;-40.9487357160;-13.4449918974;-10.4989483990;-4.5625000000;-8.7500000000;47.2500000000
1.3254662856;-0.7260538339;-5.7333633605;-42.8893323669;-7.8739687325;-16.8407489802;-3.0625000000;-9.1875000000;46.5625000000
0.4153109903;-0.1725632036;-4.5423144816;-63.7911642145;-24.5379086471;-26.3507813690;-2.7500000000;-10.5625000000;46.1875000000
0.1517479388;0.3425949592;-2.9045024433;-43.4993934540;-53.2501353443;-14.6155742550;-2.7500000000;-10.5625000000;46.1875000000
-1.5455028746;1.4113926205;-3.5914304711;-61.1744524358;-82.3043137650;-5.7456628778;-1.6875000000;-13.2500000000;45.7500000000
-2.7329785081;0.8947241862;-3.4822471883;-88.5729325218;-95.9979667816;-23.6702593469;0.1875000000;-15.5000000000;43.7500000000
-4.6150052104;1.0971831834;-4.0044760046;-70.3692219765;-117.6813657054;-26.8603177613;4.5625000000;-17.7500000000;43.3750000000
-5.4417701927;2.2753316412;-4.1003956597;-64.3837186723;-141.7600674049;-30.3764594110;9.0625000000;-20.6875000000;42.1875000000
-8.2075167121;3.8698929034;-5.7945477795;-75.3237636620;-173.7667838726;-11.8512980038;9.0625000000;-20.6875000000;42.1875000000
-9.3567510447;4.1803425879;-8.6802375261;-111.6594532163;-197.2560723019;-31.8593872195;14.5625000000;-22.1875000000;38.6875000000
-10.6902535396;2.5035281442;-9.8384966391;-102.8573361470;-176.4215947477;-51.1795516510;20.5000000000;-25.5625000000;34.6875000000
-11.2165291216;5.0133334258;-8.6503144088;-40.6978977559;-199.4127079238;-49.1190960805;26.3750000000;-28.5000000000;29.5625000000
-12.2433818057;3.5285059645;-11.6265782406;-50.9701481861;-198.7636124427;-25.0954537636;26.3750000000;-28.5000000000;29.5625000000
-11.5409822768;2.7116355892;-8.5263771241;-74.0618312638;-138.1847654205;-42.7617231245;32.2500000000;-28.8750000000;23.6875000000
-12.0478659410;5.0442015417;-8.3727854108;-118.9468930870;-154.7247042482;-105.8421604832;35.0625000000;-28.8750000000;17.0625000000
-11.0199081172;2.1275861756;-7.9803057974;22.6373556164;-128.7751154323;-31.4806486560;38.5000000000;-27.0000000000;8.7500000000
-10.6090792775;3.1924880775;-4.8376837961;6.3123851636;-133.8081311164;-43.7413953848;41.3750000000;-24.3750000000;3.6875000000
-11.8104675047;3.6285427998;-6.1770457177;13.6710264889;-126.4781214573;-22.0741735475;41.3750000000;-24.3750000000;3.6875000000
-10.7799056593;2.2500965480;-4.7868184245;15.3825217717;-73.0960544784;-7.2705086200;42.5000000000;-20.3750000000;-0.1875000000
-10.9049975215;1.6637989842;-4.1845435669;-20.5884684304;-50.0245287705;-13.0243047538;42.8750000000;-18.8750000000;-3.6875000000
-10.4718328332;1.6121947618;-5.8739933010;-10.3475371907;-41.4455087297;-5.8655107491;42.5000000000;-20.0000000000;-6.8750000000
-10.5779306249;1.0247164299;-4.2747209142;7.1431754655;-3.2897012408;-0.2486480062;42.1875000000;-18.5000000000;-8.8750000000
-10.2812768066;1.4851782701;-2.5955427248;-0.8198459001;7.9742194079;-14.5082520471;42.1875000000;-18.5000000000;-8.8750000000
-9.7711110182;2.1729610042;-2.3540306125;33.1132215480;4.7808723209;-8.2944418476;42.5625000000;-17.6875000000;-8.0625000000
-9.5498373423;2.4312039687;-3.9300470794;28.9421673496;6.4361494272;-6.6894643901;42.5625000000;-18.8750000000;-8.0625000000
-10.4133961916;2.9876273240;-4.9790633531;39.5410526332;27.3766546591;-1.7799563495;43.3750000000;-18.8750000000;-7.6875000000
-12.0702063233;4.1635599425;-6.6024142836;24.6314604246;35.6691936244;11.0195240533;43.3750000000;-17.3750000000;-5.6875000000
-12.3455993719;1.5952178099;-9.7987734495;56.2321327279;42.8349041857;16.2466257240;43.3750000000;-17.3750000000;-5.6875000000
-12.8089669340;1.2794881641;-9.9987669410;101.0237140486;97.6432631258;22.5737215353;43.0000000000;-19.5625000000;-4.1875000000
-13.2811690714;1.0327867466;-8.9147108252;79.9348835266;145.3404142813;-7.2924065855;43.6875000000;-20.0625000000;-1.0000000000
-14.3081942874;2.6405909045;-6.6394602170;112.3750230471;176.7440339360;-2.6132962518;42.8750000000;-21.5625000000;4.5000000000
-14.0214446630;1.4423817011;-5.8833182127;42.0857411014;168.8120299708;-3.2359480794;41.7500000000;-20.7500000000;12.3750000000
-12.9320590919;0.7154973785;-5.9331840102;20.8145834239;172.7245131814;-5.4785975774;41.7500000000;-20.7500000000;12.3750000000
-12.1528306109;0.2815844094;-6.4368868866;12.7837971649;164.6019228939;-8.6224331308;39.1875000000;-19.6875000000;19.7500000000
-11.5287669442;-0.0892571046;-5.0324311789;54.4845091699;186.9927118325;-8.3509665431;36.2500000000;-21.6875000000;24.7500000000
-9.6909385081;0.0000000000;-5.1053919408;49.2313549595;175.8772717288;-21.3171916658;32.1875000000;-20.1875000000;30.0000000000
-8.3311172637;1.2717136690;-4.9180246857;88.7288079510;168.0796494747;-13.7036593925;27.7500000000;-19.0625000000;35.5000000000
-6.6174354829;0.2373158229;-4.8212726692;30.0229276174;155.1039488175;-7.6172679669;27.7500000000;-19.0625000000;35.5000000000
-4.6181341651;0.5804015534;-4.4221908439;66.8074124651;136.4281784152;5.9034054490;22.5625000000;-15.7500000000;41.3750000000
-3.4930119601;-0.7597272438;-3.7235100537;-2.6522924610;123.8860441013;3.8718262271;17.7500000000;-14.2500000000;41.2500000000
-1.2007286909;-0.6504412196;-4.9554425028;19.5947512723;104.1885266237;-3.1436881133;11.8750000000;-12.3750000000;43.3750000000
-0.8050966743;-0.7300500724;-3.5389545461;54.7633940437;120.8251697646;3.6845283155;7.3750000000;-10.1875000000;44.5000000000
0.2816514816;-0.2027347294;-4.0731811047;43.3261652305;68.7605878211;4.9676072707;7.3750000000;-10.1875000000;44.5000000000
1.4936411509;-0.7132803170;-5.5076593377;-28.6233010142;43.6406509440;-13.7555019869;2.8750000000;-8.7500000000;45.7500000000
1.6385478533;-0.2572670564;-5.1361776307;-1.2717280960;26.9335725364;-14.4866981785;0.6875000000;-7.5625000000;46.2500000000
1.7700890871;-0.2454621034;-8.0981082760;-29.3061241983;2.5025991028;-3.5613902293;-1.0625000000;-8.0000000000;46.1875000000
2.0022166088;-1.9800110966;-8.1080825463;-9.9400825231;5.2511302877;-2.7280132858;-1.5000000000;-8.7500000000;46.1875000000
1.4278528659;0.1210671186;-6.3169617154;-9.2829273504;6.2090263318;-14.6221138361;-1.5000000000;-8.7500000000;46.1875000000
1.7479712476;-0.1518770189;-5.3222568580;-27.7022882067;-17.4204079879;-8.0336709197;-2.2500000000;-9.8750000000;46.2500000000
0.8377520999;0.6519538046;-4.3227510246;-15.8716668332;-30.5510510768;0.5607272872;-2.2500000000;-10.5625000000;45.3750000000
0.7132633091;0.2836384293;-4.3597392797;-47.4590183260;-55.0140881829;1.4506592975;-0.7500000000;-9.5000000000;45.7500000000
-0.4281431758;0.4589946374;-4.6495082919;-37.4229841675;-73.5931303862;0.0000000000;0.0000000000;-12.3750000000;45.0625000000
-2.3224925879;1.2813837760;-4.9162044994;-43.7005293167;-97.8227425774;-5.7859864135;0.0000000000;-12.3750000000;45.0625000000
-2.6464363920;1.3176612558;-7.5090517604;-17.7560907217;-124.0581508481;19.9378210738;2.8750000000;-13.8750000000;45.8750000000
-4.3536383537;0.1301972015;-6.1616183622;-47.2757030434;-98.3067239205;16.6857294519;8.5000000000;-16.0000000000;42.6875000000
-6.7704392089;0.8254004297;-5.4438912543;-54.9639337351;-120.8514888943;-20.1108762299;12.1875000000;-16.8750000000;43.0625000000
-7.0898683714;1.5353058458;-5.8327327101;23.3077912277;-164.8719286738;13.5152170521;15.8750000000;-19.3750000000;40.6875000000
-8.4246819934;1.0569139265;-6.9976494752;-85.3078286389;-154.2403024065;-2.8352128526;15.8750000000;-19.3750000000;40.6875000000
-8.1297197944;0.5462990758;-8.2117441352;-65.9164716051;-152.5431937654;-11.0577655350;22.5000000000;-20.5000000000;39.0625000000
-10.9015187893;2.8039027187;-7.4900200339;-42.4766911371;-143.9628377244;3.9971213352;25.6875000000;-21.8750000000;33.6875000000
-10.9409745213;1.2615103390;-8.2814798735;-111.0413625381;-139.3490406862;-19.9294884837;30.1875000000;-24.1875000000;29.7500000000
-11.4448923316;3.0030036184;-6.4715517239;-3.4914058268;-145.1107065499;-9.3335214932;34.2500000000;-25.6875000000;23.5000000000
-13.3228355154;2.0097962443;-8.8838340870;-106.6320180074;-172.1603513961;-30.9452073941;34.2500000000;-25.6875000000;23.5000000000
-10.2001786138;0.7314942677;-7.9529687288;-1.9120834295;-146.0601608235;-28.8844375235;37.1875000000;-25.2500000000;19.1875000000
-12.7879628430;3.7060322429;-7.4628600036;35.4369090010;-124.8206746997;-14.3811649253;39.8750000000;-23.0000000000;11.7500000000
-10.9607695234;2.1163474821;-7.7488759081;-65.6119875879;-137.4178210351;-2.2302579898;41.6875000000;-20.7500000000;8.5625000000
-11.5004028726;2.9176281764;-8.1007536545;-94.4230318500;-124.7459566752;-28.1752377091;41.6875000000;-20.7500000000;8.5625000000
-11.5345051222;2.1268871401;-8.1176254101;-33.3063955061;-99.9756156056;-15.9551738861;42.3750000000;-21.1875000000;2.6875000000
-10.3559674689;1.1186588835;-6.1616962918;-19.2505452637;-35.6474122951;-1.7267318926;42.0000000000;-21.5625000000;-2.8750000000
-9.8144342010;0.4710811402;-2.6459745601;-10.7819193596;14.7444519532;-8.3136652071;42.0000000000;-19.0000000000;-6.3750000000
-9.8124280992;1.0387008427;-0.6300055911;38.3070224024;20.7066143466;-15.8822688154;42.0000000000;-18.5625000000;-6.7500000000
-9.6267043513;1.7164708617;-0.9303642468;50.0831263392;0.0000000000;-6.4774786708;42.0000000000;-18.5625000000;-6.7500000000
-9.5027893224;1.4558229217;-1.4881301543;-0.3115898615;-6.4962377026;-3.8853947874;42.7500000000;-19.0000000000;-4.0625000000
-9.7514919857;0.6615750639;-1.0496423539;-12.4918509974;1.4321204920;1.7978219568;42.6875000000;-18.5625000000;-4.8750000000
-9.6962636588;0.6782228821;-0.8347150404;-8.7332048597;4.9069715329;-4.3865308531;41.5625000000;-18.1875000000;-4.8750000000
-9.2349055025;0.8089977139;-0.8062386600;-2.9479270470;2.7242705374;-6.1053276197;42.2500000000;-17.8750000000;-4.8750000000
-9.2813247198;1.0467997317;-0.7672179023;3.2323361343;0.6918732189;-10.1282537786;42.2500000000;-17.8750000000;-4.8750000000
-9.2710208042;1.2853052797;-0.8832921484;9.6186346650;-1.4785504221;-7.0734225833;43.3750000000;-17.8750000000;-5.3750000000
-9.2995081607;0.9228950077;-0.9343530324;-13.0353451591;0.3183952892;-8.2250846075;43.0625000000;-17.5000000000;-5.3750000000
-9.2556058265;1.6748174066;-1.1354197190;4.7179100063;-4.0975575954;-5.4204827085;43.3750000000;-16.7500000000;-5.2500000000
-9.5242064425;1.4467864733;-1.3352666021;-1.3581466562;-2.0933308932;0.1254887865;43.3750000000;-16.7500000000;-4.5625000000
-9.4547457344;0.7461427531;-1.2269657950;-10.4688444639;3.5188125096;3.8371008592;43.3750000000;-16.7500000000;-4.5625000000
-9.7038318118;0.7627257370;-0.9107139462;-7.5522913803;5.4942196968;-2.6878324858;43.0625000000;-18.1875000000;-4.5625000000
-9.4550218101;0.7541818315;-0.7408958560;11.0568613312;3.5990092141;-0.8874964223;43.0625000000;-16.7500000000;-4.1875000000
-9.4598118945;0.8212451314;-0.6496901940;3.0310484082;2.8679868422;-2.0705597193;43.7500000000;-17.5000000000;-5.2500000000
-9.3285360266;0.6157681791;-0.7104732752;-10.9592533007;-0.3136482357;-4.8083757018;43.3750000000;-16.0000000000;-5.2500000000
-9.4431425162;0.8708355037;-0.9930926202;6.5127117063;-6.2229637746;-1.4132215502;43.3750000000;-16.0000000000;-5.2500000000
-9.5189569476;0.8255749957;-1.1498964181;-1.5931052028;-3.7591683911;-1.5343326625;43.3750000000;-16.0000000000;-4.5625000000
-9.4971139383;0.6413163872;-1.4578633923;-3.4043961690;-1.2103069066;-5.4179755120;43.0625000000;-16.7500000000;-5.2500000000
-9.8227711027;0.8354642776;-1.1268680353;34.1629597257;-0.7392209076;-0.0624981370;43.3750000000;-17.5000000000;-5.6875000000
-9.4104322207;1.0120285905;-1.1701404313;16.3504098211;0.9508740659;-3.9793909571;43.7500000000;-16.3750000000;-5.6875000000
-9.6044812928;1.2174060913;-1.0510090764;1.8847603075;6.8441188822;-4.0137154970;43.7500000000;-16.3750000000;-5.6875000000
-9.2901232222;0.8742255308;-0.7437683640;-2.8330821653;0.2463092280;0.2480905784;43.0625000000;-17.5000000000;-4.5625000000
-9.5319766772;0.7625939818;-1.1046761377;-3.3536369989;-2.1608284687;1.5098970116;43.7500000000;-16.3750000000;-4.8750000000
-9.4588467777;0.7304653309;-0.9715015365;-5.4953815458;1.9948370913;-1.1376279244;44.5625000000;-17.8750000000;-4.5625000000
-9.3342785313;0.6274474827;-0.9106391497;15.5302237224;2.4703737323;1.7522210023;43.7500000000;-16.3750000000;-3.6875000000
-9.6389449531;0.8150177306;-0.9963706814;9.2503382532;2.4688917008;0.3137946638;43.7500000000;-16.3750000000;-3.6875000000
-9.5520071460;0.6195018863;-1.1713058613;-4.2021401715;3.7151908186;-1.0645444209;43.3750000000;-17.1875000000;-4.1875000000
-9.6803560894;0.6301927897;-1.0421682959;10.7180372978;3.5074887961;-0.8245674044;43.7500000000;-16.3750000000;-2.5625000000
-9.4198170514;0.8983856552;-1.3055731163;1.9285582061;-0.4326969977;-1.2509143905;43.3750000000;-17.1875000000;-3.6875000000
-9.5415974092;0.8372447533;-1.3373498774;-3.2493528681;1.1815015646;-0.4380195763;44.1875000000;-16.0000000000;-3.6875000000
-9.6933694619;0.8054714239;-1.1956924364;-2.0257323057;0.2474365716;2.5867738530;44.1875000000;-16.0000000000;-3.6875000000
-9.4437090737;0.4743572554;-1.3085784960;-8.7989133546;1.3021758551;-1.2968145286;43.3750000000;-16.0000000000;-3.3750000000
-9.3648688495;0.6970371098;-1.1342819741;4.6988537401;1.1350474868;-1.0150863465;43.3750000000;-16.7500000000;-3.3750000000
-9.5204012633;0.6839850712;-1.1335436262;-0.5535087343;1.1198211700;1.5556502383;43.0625000000;-16.7500000000;-2.5625000000
-9.4725598492;0.6373462136;-0.8259384672;-3.7039457719;0.1837961520;1.2907579153;43.3750000000;-16.7500000000;-4.1875000000
-9.5885106726;0.7237936951;-0.8199308375;3.4066179942;-2.8671555379;0.3065864462;43.3750000000;-16.7500000000;-4.1875000000
-9.3406174055;0.9787221899;-1.0485371755;3.2664432123;-3.5718594787;0.0630431756;43.0625000000;-16.3750000000;-4.1875000000
-9.3791591380;0.6946014118;-1.3308417566;-2.1307818218;-2.5817146311;-0.6796310398;42.6875000000;-18.1875000000;-3.6875000000
-9.4862124080;0.6911622643;-1.1797158150;2.7767804369;-0.6200918515;-2.0461104803;43.7500000000;-16.0000000000;-3.6875000000
-9.4452019922;0.9248255588;-1.2246505428;0.6763296183;-0.3186082652;1.5167618317;43.7500000000;-16.3750000000;-3.6875000000
-9.5199980863;0.7452301923;-1.1582250341;1.4108165296;0.7355313205;2.3544863820;43.7500000000;-16.3750000000;-3.6875000000
-9.5354973175;0.6485279322;-1.1222779296;-3.5276276518;-0.7494984047;0.7542943011;43.3750000000;-16.0000000000;-4.8750000000
-9.3844174723;0.8760660535;-1.2080302165;9.8923383666;-0.4297425017;1.7802921504;43.3750000000;-16.7500000000;-5.2500000000
-9.5178179297;0.7232927814;-1.1302125378;1.0518349835;0.8871416512;1.7927821480;43.0625000000;-16.3750000000;-3.6875000000
-9.7847330102;0.6502760201;-0.9029222184;-2.3293664474;2.1707757270;-1.1658410825;43.3750000000;-17.1875000000;-4.8750000000
-9.4687501870;0.8481331386;-0.9475350726;0.5587719800;0.0000000000;2.3075693487;43.3750000000;-17.1875000000;-4.8750000000
-9.6685208979;0.4899433685;-1.0242662843;-0.8876483127;-0.6823358023;0.0000000000;43.3750000000;-16.7500000000;-4.8750000000
-9.4926195808;0.6919207789;-1.0405398779;3.6975713480;-2.0869862697;-1.6699705508;43.3750000000;-16.7500000000;-4.5625000000
-9.3810808648;0.7399710577;-1.3182587571;0.1876244139;-0.1249476289;-0.5561795510;43.3750000000;-18.1875000000;-3.6875000000
-9.4906592645;0.6141599990;-1.1380807314;-0.8668501622;2.9053767012;-3.1804011390;43.3750000000;-18.1875000000;-3.6875000000
-9.3195554548;0.8176326195;-1.0717578323;2.9154208979;-0.1838029873;-3.1169758469;43.3750000000;-16.7500000000;-4.5625000000
-9.3348497674;0.7198813727;-1.2718269639;-4.7636378109;0.0000000000;-2.2989243516;44.1875000000;-16.3750000000;-3.6875000000
-9.3307492444;0.8279973814;-0.9886727917;-2.3981354463;0.3813675800;-1.3903127820;43.3750000000;-16.3750000000;-4.1875000000
-9.7869436327;0.6212495714;-0.9334535090;-3.9965915011;-0.6176821617;0.5522637587;43.7500000000;-16.0000000000;-3.6875000000
-9.6481233763;0.5538978375;-1.0358742158;-2.1242304407;-0.6944672850;-1.2634814087;43.7500000000;-16.0000000000;-3.6875000000
-9.3733635065;0.8566044357;-1.0308165776;3.9350470583;-0.5702767016;-1.2406199109;43.0625000000;-18.1875000000;-3.6875000000
-9.5556360090;0.6487918066;-0.9601528012;-5.2069010421;-2.1088369173;-1.3054079791;43.3750000000;-17.1875000000;-4.5625000000
-9.3586780323;0.8620535368;-1.2051127920;0.0000000000;-3.8050780640;-1.1183312600;43.7500000000;-17.5000000000;-4.1875000000
-9.5591974287;1.0293625409;-1.0861934516;1.4205509177;0.2549033612;0.6267793987;43.7500000000;-17.1875000000;-4.5625000000
-9.6290778211;0.6022822464;-1.0117970903;-5.1612725456;0.3174170726;1.6034401228;43.7500000000;-17.1875000000;-4.5625000000
-9.6184241840;0.9672887678;-0.9694578261;5.1863625958;0.6777668029;-0.4405736120;43.7500000000;-16.3750000000;-4.5625000000
-9.3945996291;0.5341702427;-1.1807878590;-3.5074106665;0.9517210772;2.4804055570;43.3750000000;-16.7500000000;-5.2500000000
-9.3366990109;0.3225681461;-0.8950952584;-1.6748004802;2.8542509322;-1.9724975350;43.7500000000;-16.0000000000;-4.1875000000
-9.3451471444;1.1429694395;-0.7523563923;8.0843933823;-0.7589035847;-2.2904546542;43.3750000000;-17.8750000000;-4.5625000000
-9.4550384988;0.5280803432;-0.9707434173;-4.2029679575;-1.9613418299;2.3947968258;43.3750000000;-17.8750000000;-4.5625000000
-9.4692561917;0.7145296123;-0.9796798390;0.4331343777;-1.3809774503;-0.1252959086;44.1875000000;-16.0000000000;-4.5625000000
-9.6474149535;0.7442706064;-1.0427103294;1.1033998851;-1.7055872743;0.4359268990;43.7500000000;-16.3750000000;-6.0625000000
-9.5406893423;0.4448441843;-1.2076380461;-1.9591013948;-1.3386542737;0.4296793066;43.7500000000;-17.5000000000;-4.5625000000
-9.5867409743;0.9018742289;-1.0015765366;4.9015816172;-0.6744507011;-1.5989489444;44.1875000000;-16.0000000000;-4.8750000000
-9.6812766406;0.6452599195;-1.2089313379;0.0627975177;0.6374506412;-0.1898614059;44.1875000000;-16.0000000000;-4.8750000000
-9.4331873931;0.7446272027;-0.9231777017;0.0000000000;3.2275295369;-0.9471032186;44.1875000000;-16.7500000000;-4.1875000000
-9.4484373756;0.6389871982;-0.9850846198;1.0547586480;0.3174193674;-0.5605913793;43.3750000000;-15.6875000000;-4.5625000000
-9.4251837112;0.8078144755;-1.0758203753;-0.1232672212;0.6980182042;-1.3697675954;43.3750000000;-15.6875000000;-4.8750000000
-9.5652150044;0.5516329012;-1.0325966658;-2.0495303258;0.9941578942;0.3691805384;43.3750000000;-15.6875000000;-4.8750000000
-9.3018137203;0.6338573921;-0.9254705677;0.1248971704;0.6129967616;-2.0169019427;43.3750000000;-15.6875000000;-4.8750000000
-9.6735563683;0.9697139583;-0.9550109523;0.3068422466;1.0003649909;0.0000000000;44.1875000000;-16.0000000000;-4.5625000000
-9.5113864713;0.4243706185;-0.9696907574;-3.9745788168;0.1906254733;0.9430840117;43.7500000000;-17.5000000000;-3.6875000000
-9.5584821872;0.6726008062;-1.0977601862;1.3012085686;-1.2370789668;-0.4432690051;43.7500000000;-15.6875000000;-4.8750000000
-9.2554373654;0.7028870342;-1.1522763749;1.0812719577;0.8075451423;0.0000000000;43.3750000000;-15.6875000000;-4.1875000000
-9.6022357268;0.6943501518;-0.8092185019;-2.0184727630;-0.4963445885;0.8077075417;43.3750000000;-15.6875000000;-4.1875000000
-9.4003760283;0.6407944291;-1.1798111776;0.2507911221;-0.9917904185;0.9803191302;43.3750000000;-15.2500000000;-4.1875000000
-9.3991528704;0.6215366054;-1.0702873112;-0.6972579076;0.2518388946;-0.6846450843;43.7500000000;-16.0000000000;-3.6875000000
-9.3678840689;0.6221623865;-1.0303001680;1.3764532962;0.4918562573;-0.9225202088;43.7500000000;-16.0000000000;-3.6875000000
-9.4761191140;0.8539438459;-0.9150728676;1.2456523630;0.7558270565;0.6207343396;43.3750000000;-15.6875000000;-4.5625000000
-9.3968559734;0.4429619321;-0.9671130520;-4.5543637582;0.3155131232;0.3776324419;43.3750000000;-15.6875000000;-4.5625000000
-9.4525620254;0.7367844806;-1.0403379257;3.1672512260;-1.0642933635;-0.2456440911;43.3750000000;-16.0000000000;-4.5625000000
-9.5723397707;0.7129027782;-1.1961851845;-3.0793484414;0.4413408193;-0.1251854698;43.7500000000;-17.1875000000;-4.5625000000
-9.4096992641;0.6851598720;-1.1087339332;-0.3705454438;0.1848447931;-0.0634625454;44.1875000000;-17.8750000000;-4.5625000000
-9.6600111445;0.6206019177;-1.1365811557;-0.9515500781;0.7388340693;-0.1251634514;43.7500000000;-15.2500000000;-4.8750000000
-9.6070777239;0.7227164026;-1.0840667316;-1.1813620966;0.2472623597;-0.2538337533;43.7500000000;-15.2500000000;-4.8750000000
-9.4626475578;0.8353658222;-1.1241515767;2.0972681869;0.1871965329;1.2881999249;43.7500000000;-16.0000000000;-6.0625000000
-9.7800625235;0.6829607205;-1.0068367021;-2.8408112162;1.1766812074;0.4959257217;42.6875000000;-15.6875000000;-5.3750000000
-9.5465335139;0.6223839455;-0.9780203871;-0.9326099982;0.1858865624;0.1243818352;43.3750000000;-15.6875000000;-4.5625000000
-9.7647261441;0.8137665231;-0.9748674643;3.9253739800;0.9953271043;-0.3070604160;43.3750000000;-15.6875000000;-5.6875000000
-9.6159351057;0.6205474569;-1.1129900143;-4.9743337423;0.4395587970;0.1253417102;43.3750000000;-15.6875000000;-5.6875000000
-9.8900859300;0.6827431847;-0.9551406893;1.6369083340;0.8049522660;-1.0830084141;43.3750000000;-15.2500000000;-5.2500000000
-9.6915811849;0.7267915928;-1.1107369796;0.4291337464;-0.5525232871;-0.6758689402;43.3750000000;-15.6875000000;-4.1875000000
-9.5952783536;0.7433854544;-1.0776141560;-1.1395454641;1.0818075122;-2.2370837864;43.7500000000;-16.7500000000;-4.5625000000
-9.4607250730;0.8705117789;-1.0415691417;1.5267417011;1.2452073540;-1.3381556891;43.7500000000;-16.7500000000;-4.5625000000
-9.6113660787;0.7828970443;-0.9383437995;-2.5070555642;1.1215076269;-1.2030837189;43.3750000000;-16.0000000000;-4.8750000000
-9.4983341600;0.6987884462;-0.9803839694;-3.0398488250;0.3078274501;0.5057352546;43.3750000000;-16.0000000000;-3.6875000000
-9.4632826442;0.6782450417;-0.9768105634;1.4258530973;-0.8658205368;-1.1936441000;43.0625000000;-15.2500000000;-3.3750000000
-9.5340469853;0.9639069513;-1.2310996001;0.3104334924;-1.8406331227;-0.1250636605;44.5625000000;-15.2500000000;-4.5625000000
-9.6192666056;0.6081744180;-1.0921437263;-4.8483787907;1.3186442640;0.5089799961;44.5625000000;-15.2500000000;-4.5625000000
-9.7508613595;0.6326450801;-0.8427872974;-0.5659706715;-1.2457987391;0.3738902549;43.3750000000;-15.2500000000;-4.1875000000
-9.5758031517;0.4649013609;-1.2721410991;-1.8767557807;-1.2282471310;0.0000000000;43.7500000000;-17.5000000000;-4.8750000000
-9.6513025332;0.8648278093;-0.7661330260;-1.0595001424;0.6339242844;-1.8976215314;43.7500000000;-15.6875000000;-4.8750000000
-9.4902644402;0.6305984155;-0.9750411284;-0.8243132356;-2.7202906623;0.0000000000;43.7500000000;-15.2500000000;-4.5625000000
-9.4706620926;0.6186501444;-1.1849832680;-2.1020478615;-1.7938989755;-0.3813835780;43.7500000000;-15.2500000000;-4.5625000000
-9.5475339381;0.7258139381;-0.8437769553;-1.3721984975;-0.1244457789;-1.5014228095;43.7500000000;-15.2500000000;-5.6875000000
-9.7084133407;0.6808292288;-0.9881103096;-0.7530284040;-2.8927797888;-1.4784807162;43.7500000000;-17.8750000000;-4.8750000000
-9.7378105014;0.7768802505;-1.2508450725;0.5097257705;-1.8162038462;-2.3521666536;43.3750000000;-16.7500000000;-4.5625000000
-9.4514903010;0.7386582307;-1.5538716497;1.3299562298;2.0433562255;-1.9656814373;42.6875000000;-15.6875000000;-4.5625000000
-9.8267317022;1.0540338598;-1.7147639146;-2.4039835105;9.7115976872;-4.1026574618;42.6875000000;-15.6875000000;-4.5625000000
-9.8007546979;1.2111011973;-2.4353146018;1.1464788937;4.0463801996;2.1594709754;43.7500000000;-16.0000000000;-4.5625000000
-10.0730958670;0.4299939228;-3.0226388765;6.6641042139;13.6044251352;6.0369960039;43.7500000000;-15.6875000000;-4.8750000000
-9.7166144522;0.5927007632;-2.3473546193;4.0314261804;22.7502805035;3.4765598426;43.3750000000;-15.6875000000;-3.3750000000
-9.6614874463;0.8283339047;-3.5462231585;9.8948375392;15.6545353283;2.6461595905;43.7500000000;-16.0000000000;-3.3750000000
-10.0823015826;0.4932371049;-3.6368953146;34.3092062176;35.1711122935;2.6432129957;43.7500000000;-16.0000000000;-3.3750000000
-10.0985875909;0.5484751791;-2.9228583902;27.8825865495;45.7290104449;0.2527423737;43.0625000000;-16.0000000000;-1.7500000000
-9.9792160954;1.0224049175;-4.2853021832;18.2805110746;39.4512183440;0.0000000000;43.7500000000;-16.7500000000;0.1875000000
-10.2518596643;0.7208040656;-3.7989091364;36.2776544586;52.7168866772;4.8835173903;43.7500000000;-18.1875000000;1.3750000000
-10.0535865610;0.5839274238;-3.5527909599;19.6704663411;58.5347668622;2.0220198702;43.3750000000;-19.0000000000;4.8750000000
-9.8794710973;0.0492247674;-3.9740098995;7.2044815128;57.9700852250;0.0000000000;43.3750000000;-19.0000000000;4.8750000000
-9.5522651397;0.3152689842;-3.3634643732;30.8888395599;60.3677459558;-2.0315297024;43.1875000000;-16.3750000000;7.2500000000
-9.7884592780;0.0693025576;-3.2802412321;6.9705580632;59.0862171463;-3.8949750566;42.7500000000;-17.1875000000;8.7500000000
-9.0703362241;-0.1617876344;-3.6273298432;15.1125130659;58.7070342834;-6.3697023789;41.2500000000;-16.7500000000;12.0000000000
-9.0931157734;0.5094583931;-3.1811861257;24.6933353029;59.6042500354;-7.2398340447;42.0000000000;-17.1875000000;13.8750000000
-8.4488834834;-0.1010980194;-3.5122826165;0.0622818014;48.9238362700;-8.4524370781;42.0000000000;-17.1875000000;13.8750000000
-8.2401949933;0.3899026809;-3.0842018286;32.0518811603;39.5190090878;-9.1704312847;41.0000000000;-16.0000000000;16.6875000000
-8.0746613838;0.4628071606;-3.4438748547;12.4086889595;28.7745391242;-6.7491870407;40.5625000000;-16.0000000000;18.2500000000
-7.8275026421;0.0101747960;-3.9784731248;2.7536710880;20.7089966393;-7.1489799974;41.2500000000;-16.3750000000;20.2500000000
-7.9530328922;0.5281267696;-3.5599424721;8.7273658113;13.4275845110;-3.8296954768;41.2500000000;-15.3750000000;20.5625000000
-7.6077301700;0.3983190868;-4.3089627859;-6.5053829879;4.1674204969;-2.3959268171;41.2500000000;-15.3750000000;20.5625000000
-7.6961610257;0.2092473989;-4.5966439777;12.8460883386;3.6333603140;2.5778954665;39.8750000000;-15.0000000000;21.7500000000
-7.8893578313;0.2067611791;-4.6199921085;-4.8925753199;-0.9320658550;3.5841493956;40.5625000000;-16.5000000000;21.0000000000
-7.7441334670;0.1479497171;-5.8474762490;-24.4532598954;-0.3693070126;5.4630961206;39.8750000000;-15.0000000000;21.6875000000
-7.9015596028;-0.1990613504;-4.9897003829;-9.2360159937;2.5437614113;5.4931408953;40.5625000000;-17.2500000000;20.1875000000
-7.9911437782;0.1607280901;-5.7755527026;-15.8406977353;-8.2012670818;0.3755699389;40.5625000000;-17.2500000000;20.1875000000
-7.7858688561;0.0000000000;-5.8454841324;5.1155291926;-2.7663611641;1.5325465268;39.8750000000;-15.7500000000;20.5000000000
-8.2438838617;0.0500359918;-5.4167788731;-4.7312839215;-1.8653015580;1.0750012484;39.7500000000;-17.2500000000;20.1875000000
-8.0893138914;0.1507382539;-6.0519443195;-2.0225039277;-4.0665619108;0.5045093980;40.0625000000;-15.7500000000;20.1875000000
-8.1905580736;0.1477777413;-5.8288316770;3.1675670181;-2.5741984384;0.5719403473;39.3750000000;-18.0000000000;20.5000000000
-8.0180270582;0.0604470280;-5.8983808331;-0.8205688101;-3.2961072474;-0.1905067060;39.3750000000;-18.0000000000;20.5000000000
-7.8978968147;0.1679790721;-5.8599475057;3.5669241547;-0.6802795870;1.6354253892;40.0625000000;-17.5625000000;20.1875000000
-8.0403178486;0.2676017511;-5.6878833506;-7.4522409087;-2.2246520228;1.9411040144;39.7500000000;-16.8750000000;19.7500000000
-8.1006625288;-0.1880291289;-5.8391210049;1.8244975607;-2.7145281507;-0.3681019899;40.3750000000;-17.2500000000;19.6875000000
-8.2835424385;0.1321805282;-5.5102775167;7.7578613105;-0.5657244665;-0.3164399410;40.7500000000;-16.5000000000;20.8750000000
-8.1148172307;0.1117493781;-5.4303358741;-7.4766093783;0.5515559639;0.5709399799;40.7500000000;-16.5000000000;20.8750000000
-8.0036765077;-0.0296310699;-5.4646560496;6.3432482889;-2.0996714888;-0.8106693653;40.7500000000;-17.2500000000;20.5000000000
-8.1240519952;0.2560584681;-5.5385764139;-6.4923430291;-1.8426905723;-0.1883674773;39.7500000000;-17.5625000000;19.3750000000
-7.8857256087;0.0605141679;-5.5386323549;-8.1853340674;0.5647656147;-0.3097891177;40.5000000000;-16.5000000000;20.1875000000
-7.9950310980;0.0894856128;-5.1890300192;6.0922365964;-1.9651873877;-0.9478929564;40.5000000000;-16.5000000000;20.1875000000
-8.1344948812;0.2955229217;-5.6565105150;-3.0916387384;-4.3146334181;0.6906845179;40.7500000000;-18.0000000000;18.5625000000
-8.2271776066;-0.0590028522;-5.7230097702;-3.5612900158;-1.3680170964;-0.7506802608;40.0625000000;-17.5625000000;19.2500000000
-8.1584150304;0.0692433099;-5.4168543581;2.8415090485;-0.6854931379;-1.2250938475;40.7500000000;-18.0000000000;19.2500000000
-8.0297502053;0.0814747264;-5.6001397388;-2.8628100961;-1.4733460971;-1.7380856191;39.3750000000;-18.2500000000;19.3750000000
-8.0061910727;0.1963442099;-5.6467519557;4.5201327273;-0.0628564209;-0.8720412147;39.3750000000;-18.2500000000;19.3750000000
-8.0329235033;0.0913521936;-5.5052810511;-3.2553197282;-0.7425374548;-1.1217383399;40.5000000000;-17.5625000000;19.2500000000
-8.1643068636;0.0298644644;-5.6546529872;2.6306382369;-0.4344735276;-1.4837615966;39.7500000000;-18.0000000000;19.2500000000
-8.2881845494;0.1906480104;-5.2841222406;1.9300421004;0.7460473772;-0.9965609336;40.0625000000;-17.2500000000;19.0000000000
-8.1583758344;0.0296897720;-5.7735448903;-1.6994844730;-1.0071034175;-0.8142963142;40.0625000000;-17.5625000000;18.5625000000
-8.0258213058;0.1609953804;-5.6793097201;5.0459626279;1.0544912403;-0.4410861803;40.0625000000;-17.5625000000;18.5625000000
-8.1094737980;0.0796399688;-5.3293318221;-2.0241248203;1.1407995427;-1.1394453906;40.0625000000;-17.5625000000;19.0000000000
-8.2046969495;0.0884165035;-5.5575138220;0.6372108324;0.0633768163;-0.6777938190;39.7500000000;-16.5000000000;19.7500000000
-8.1495453203;0.0203110960;-5.2608863532;3.7026703568;1.1212279195;-0.0632387096;40.5000000000;-15.7500000000;19.7500000000
-8.0517676263;0.0303662785;-5.4739081601;-2.6198323061;0.6756384297;-1.4436237700;39.7500000000;-16.5000000000;19.2500000000
-8.1615005447;0.0394571510;-5.3400618292;3.3600983192;-0.0615514549;0.1895531639;39.7500000000;-16.5000000000;19.2500000000
-8.1249265602;-0.0197187156;-5.2554227711;-1.7821348188;-0.5038554982;-1.0586180645;40.8750000000;-17.5625000000;19.0000000000
-8.0165879243;-0.0397571435;-5.6177128078;-3.1237762345;0.0000000000;-1.1199739318;40.5000000000;-16.8750000000;19.7500000000
-8.1717509000;0.0203509965;-5.3926082402;3.0902968006;-0.9919429400;-1.2288545111;39.7500000000;-15.0000000000;18.5625000000
-8.1415578294;0.1307580377;-5.4732887193;-0.6851485473;-1.4494839855;-0.6868048169;40.7500000000;-15.7500000000;19.6875000000
-8.0578597235;-0.0609523477;-5.7133658569;-2.9784535846;-0.9969338309;0.6338544677;40.7500000000;-15.7500000000;19.6875000000
-8.1764069413;-0.0799387895;-5.5089518957;4.4466802241;-1.6281041066;-0.6782526844;40.7500000000;-16.8750000000;20.5000000000
-7.9647362776;0.2012181348;-5.5563513609;0.2521888707;-0.4448460285;-0.4309319770;40.7500000000;-17.2500000000;19.0000000000
-8.1112282065;-0.1282768534;-5.3967670909;-1.6203275005;0.6919757508;0.3736050448;40.0625000000;-16.8750000000;19.0000000000
-8.0718260476;0.0000000000;-5.5632581163;1.3306335027;0.4322850364;-1.9673898963;40.5000000000;-16.8750000000;19.0000000000
-8.1333339490;0.0406778166;-5.4275161204;0.0000000000;0.5559696496;-1.0166304634;40.5000000000;-16.8750000000;19.0000000000
-7.9876009451;-0.0200679857;-5.2921461347;-0.1896850090;0.3766458133;-0.9891449065;40.0625000000;-17.2500000000;19.2500000000
-7.9691379542;0.1010809197;-5.5589300820;-0.9389130602;-0.6128698824;-0.3748160005;40.3750000000;-16.0625000000;20.1875000000
-8.0442611512;-0.0490186701;-5.2974110608;0.4410006631;-0.1883810994;0.0000000000;41.1875000000;-15.7500000000;19.2500000000
-7.9590065236;0.0788342596;-5.3921028867;-1.9892665865;-0.1840788625;-0.7423686249;40.5000000000;-16.8750000000;19.0000000000
-8.3124146712;0.0492283821;-5.4798670249;0.3107216998;-0.3781907871;0.3164162744;40.5000000000;-16.8750000000;19.0000000000
-8.0363617995;0.0000000000;-5.5285171421;-0.7383260482;-1.9360837819;-0.1868715282;41.1875000000;-17.5625000000;20.5000000000
-8.1207305037;-0.0099990354;-5.7526875832;-1.5969687264;-0.8663076607;0.0616754869;41.1875000000;-17.2500000000;19.2500000000
-8.0635339442;-0.0498808619;-5.5289157231;1.9641353063;0.8651241229;0.0000000000;40.7500000000;-15.3750000000;19.7500000000
-8.2039011138;0.0506213299;-5.4116124802;0.5605706722;-0.8637747202;-0.7974478801;40.7500000000;-15.0000000000;17.7500000000
-8.0090264215;0.0890529128;-5.5719157844;0.6262020792;-0.6975811839;0.9373933771;40.7500000000;-15.0000000000;17.7500000000
-8.1089244198;-0.0905525972;-5.3096645754;0.2508483229;0.3794072533;0.1860716305;40.7500000000;-15.3750000000;19.0000000000
-8.1243919631;0.1105526777;-5.4106561762;0.8874495892;-0.5670376040;-0.5022512486;40.5000000000;-16.8750000000;18.5625000000
-8.0458056327;0.0609730637;-5.3104959973;0.3068099259;-0.4416531359;1.1766492120;41.1875000000;-15.0000000000;19.3750000000
-8.0206846366;-0.0794999711;-5.4851270285;-1.5868516801;-1.2562546296;0.6217781205;40.7500000000;-17.2500000000;18.5625000000
-8.0062483983;0.0707849108;-5.7208155991;-0.1257948561;-1.8382890479;0.4339485170;40.7500000000;-17.2500000000;18.5625000000
-8.1666640425;-0.1283108630;-5.3659062489;-0.8903415480;0.8016377560;0.7359463886;41.5625000000;-16.8750000000;19.7500000000
-8.1470303854;-0.0200251391;-5.3291158448;-0.9881748763;-1.1900570584;-0.3719683137;40.7500000000;-15.3750000000;19.0000000000
-8.1162797773;-0.0098918493;-5.5704650733;1.4550916366;-0.8249137977;0.2476552916;40.7500000000;-15.7500000000;18.5625000000
-8.1297396920;-0.1410664708;-5.3880623079;-1.0535548899;0.9361623743;-0.4439195244;40.5000000000;-15.3750000000;19.2500000000
-8.2246645849;-0.0099042624;-5.3446880720;0.6163371784;-1.9265267287;-1.0089984409;40.5000000000;-15.3750000000;19.2500000000
-8.3345037568;0.0199329461;-5.3610411740;0.0624622954;-1.1188001409;-0.5070107413;40.5000000000;-15.3750000000;19.0000000000
-8.3223659644;-0.0302872213;-5.4019578053;-1.6822811940;0.1882517531;-1.1202137506;40.5000000000;-15.3750000000;19.2500000000
-8.1578640960;0.0686823466;-5.3452147673;-0.3758858928;-1.3105740588;-1.0577727190;40.5000000000;-16.8750000000;19.7500000000
-8.2191857571;-0.0101575551;-5.4932085675;0.3738586202;-0.6781787617;-0.5667182596;41.1875000000;-15.7500000000;19.0000000000
-8.2650598484;0.0890567882;-5.5030456358;-1.6843453371;-0.0620026106;-0.6947273977;41.1875000000;-15.7500000000;19.0000000000
-8.0137137255;-0.0499202071;-5.5582403316;-0.8788038952;0.0634782343;-0.0633517316;40.7500000000;-17.5625000000;18.5625000000
-8.1801600940;0.0901432167;-5.2189873213;-2.6575663014;0.5522653301;0.3169693585;40.7500000000;-16.0625000000;19.2500000000
-8.1706222168;-0.1407752244;-5.3926928751;0.8165559668;-0.6993005129;0.1241175449;40.7500000000;-15.7500000000;17.7500000000
-8.1342329477;0.1498896321;-5.2932486566;1.5827546298;0.0614398116;0.3118339625;39.7500000000;-15.3750000000;18.5625000000
-8.0475541367;-0.1623551346;-5.3402597998;-5.1929743251;-0.1244637159;1.3593793036;39.7500000000;-15.3750000000;18.5625000000
-8.3360235380;0.0000000000;-5.2256434924;4.7542824035;-1.5497451277;-0.6268674579;40.7500000000;-15.3750000000;17.7500000000
-8.0182663090;0.1867688107;-5.3592596265;-2.4524113838;-0.1873562279;0.6283444136;40.5000000000;-15.7500000000;18.1875000000
-8.3211220763;0.0000000000;-5.3780664730;-0.8793729497;-0.5603736694;0.6334924254;40.7500000000;-15.7500000000;19.3750000000
-8.0674124468;0.0203977508;-5.6167772284;-2.4960240948;-1.4481334246;0.9553274372;40.7500000000;-15.7500000000;19.3750000000
-8.3279625204;-0.0497276410;-5.4881856490;1.2933749633;-0.1251079402;0.7643082288;40.5000000000;-15.3750000000;18.1875000000
-8.0728386722;0.0100455549;-5.3443017378;-1.5398151314;-0.0626159761;0.5636286001;40.5000000000;-16.5000000000;18.1875000000
-8.1460809212;-0.0294737195;-5.4102400115;-0.1272450680;-0.8817635942;0.0000000000;41.1875000000;-15.3750000000;19.0000000000
-8.1727359816;0.1687584586;-5.0635688230;1.3127153531;0.0617532331;-0.3110916221;41.8750000000;-16.8750000000;18.1875000000
-8.0279010214;0.0602472429;-4.9360024046;-3.2621808014;-1.2271625539;0.0636725951;41.8750000000;-16.8750000000;18.1875000000
-8.0865489681;0.0496648599;-4.7237844715;-1.2488959384;-3.3615472828;0.3182411171;41.1875000000;-15.7500000000;18.5625000000
-8.1948266931;-0.0098938659;-4.1972124996;-4.1439642419;-5.2060028669;-0.8268486263;41.8750000000;-16.0625000000;18.5625000000
-8.2379245460;0.3191444557;-3.7946365413;-6.5987333294;-9.1504372849;-1.2288564174;40.8750000000;-17.2500000000;18.1875000000
-8.1835654226;0.1571747113;-3.8422631877;-10.8324477437;-15.3950133017;2.0899983969;40.5000000000;-17.5625000000;19.0000000000
-8.3426090199;-0.1104103094;-3.2114335280;-22.0033888190;-16.4339422842;0.6763940168;40.5000000000;-17.5625000000;19.0000000000
-8.3355669546;0.4341925047;-3.7956913438;-27.9777248796;-27.7212596828;-2.5878138740;40.7500000000;-17.2500000000;16.1875000000
-8.6999954767;0.3970771622;-3.1456355288;-14.7908659247;-28.1124929299;-0.8738972491;40.7500000000;-15.7500000000;15.7500000000
-8.5633143943;1.0699097687;-2.7604110082;-20.9114753909;-38.4876082874;-3.4979916840;41.8750000000;-16.5000000000;15.5000000000
-9.2784827430;1.3986418976;-3.8644433486;-32.6459506809;-51.4035180787;0.5056558706;41.5625000000;-15.7500000000;13.5000000000
-9.5687610947;-0.3970630000;-3.5176484907;-34.4515104196;-47.7483539430;9.0372176570;41.5625000000;-15.7500000000;13.5000000000
-9.4915823653;-0.3490043437;-4.1872686012;-38.8113935597;-66.5083675951;-6.8611880822;42.2500000000;-16.5000000000;12.2500000000
-9.7700214149;0.4633303846;-5.2152165092;-8.2120510550;-56.6033176525;-14.5032865982;43.3750000000;-16.5000000000;8.6875000000
-9.9039943148;0.4242078257;-3.9129867844;11.5471530758;-40.8636614546;-12.7076417176;43.3750000000;-16.5000000000;6.0000000000
-9.4440276728;0.4630311964;-2.4874391715;-4.1647531663;-35.6049606036;-15.9614202036;43.5000000000;-16.0625000000;4.3750000000
-9.4735626932;1.6556768349;-3.2501368196;-8.5534222886;-45.2175028790;-11.9914846553;43.5000000000;-16.0625000000;4.3750000000
-9.6612260901;0.8192442477;-3.3660999555;-17.8863319172;-37.6726582183;6.1761985590;43.8750000000;-15.3750000000;3.1875000000
-10.0869787134;-0.5014779584;-2.6199095022;-39.1496661417;-24.9282053444;4.4609282275;44.2500000000;-16.5000000000;2.3750000000
-9.4660538798;0.3017181088;-3.1371034903;1.1779434458;-32.1933482962;-11.9204739517;44.1875000000;-14.2500000000;0.5000000000
-9.7643390440;1.2096200641;-3.1027902438;33.0881835534;-28.7020006120;-7.0487344670;44.5000000000;-13.5625000000;0.0625000000
-9.6762020485;0.7668939740;-2.5818245995;-5.3907425874;-12.5632059395;1.7410469064;44.5000000000;-13.5625000000;0.0625000000
-9.7936370389;-0.0894767157;-2.1327803490;-44.2310775328;-1.5934934227;2.1400630228;44.5625000000;-13.8750000000;-2.6875000000
-9.6987689523;0.1522450230;-1.7751907701;-35.7136748090;-0.8671177434;-1.7272435612;43.7500000000;-13.8750000000;-2.2500000000
-9.8156499954;0.8686219599;-1.7986758936;-16.1221825044;-6.8616274226;-0.1874579400;44.6875000000;-13.1875000000;-3.5625000000
-9.2757231923;0.1000572289;-2.2446356545;-16.1396226689;-7.3442723368;1.9591764896;44.6875000000;-14.2500000000;-4.3750000000
-9.6210213541;0.8509069743;-1.7534128389;-1.8958136571;-5.5820763090;2.7172996331;44.6875000000;-14.2500000000;-4.3750000000
-9.6195338692;0.7795784463;-1.8267584838;-21.7354822256;-2.3327751964;5.1527672885;44.2500000000;-13.1875000000;-4.3750000000
-9.8350342871;-0.0710741920;-1.7843638893;-22.5134567017;0.5724573808;2.5150838402;44.5625000000;-13.1875000000;-5.0625000000
-9.6338144825;0.0908707338;-1.5904959367;8.9917115901;-0.6278532907;-0.7645986005;44.6875000000;-14.2500000000;-4.7500000000
-9.7528767057;1.0447024663;-1.5329844173;-7.9019254945;-1.9309218558;2.6600128984;44.2500000000;-13.8750000000;-5.5000000000
-9.5204933692;0.3190468089;-1.5787988219;-12.2895393829;2.7986969388;2.9304482234;44.2500000000;-13.8750000000;-5.5000000000
-9.7247740272;0.0891980674;-1.1823543762;2.5150561559;0.4325896732;-1.0675577196;44.2500000000;-13.5625000000;-5.5000000000
-9.5246741494;0.4034079354;-1.5304181848;-3.3056766418;1.4980213011;-2.6097338719;45.0000000000;-14.3750000000;-5.0625000000
-9.7704544682;0.2620215805;-1.1157388889;9.6290609665;2.1474132453;-3.5398982295;44.2500000000;-12.7500000000;-5.5625000000
-9.6487465355;0.6190826820;-1.2071764980;8.5390857660;-1.4713216517;-4.7467877081;43.8750000000;-13.2500000000;-5.5000000000
-9.6193906876;0.5006155005;-1.4679414819;-4.0151667824;1.4976361072;-2.6764080634;43.8750000000;-13.2500000000;-5.5000000000
-9.7922716247;0.3809776828;-1.1361464531;17.2975018417;-0.4415076111;-3.4409456825;44.6875000000;-13.2500000000;-5.5000000000
-9.6270577101;0.7964808794;-1.7107322814;-1.3476207918;1.1749749156;-1.9684949226;44.6875000000;-13.6875000000;-4.3750000000
-9.5027652479;0.6279940454;-1.4067165186;-11.7328496427;5.9839104997;-0.8234422689;44.6875000000;-13.2500000000;-5.0625000000
-9.5231625434;0.4460722239;-1.0634041164;-4.7257995497;2.4804984881;-0.2476612243;44.6875000000;-13.2500000000;-5.5000000000
-9.7605550323;0.5322068100;-1.2361334394;6.6677041434;-0.0615637853;1.4987673531;44.6875000000;-13.2500000000;-5.5000000000
-9.6708757769;0.3091552846;-1.3328355662;-3.7939210404;0.1266044867;0.5669111550;44.2500000000;-12.8750000000;-4.7500000000
-9.7036979708;0.4180694722;-1.0263092675;11.2674749978;-0.6309554246;1.0566110628;43.8750000000;-13.2500000000;-4.3750000000
-9.6392831071;0.2428183066;-1.4078312037;-3.6639372663;-3.3464481050;0.6144962885;45.0000000000;-15.0625000000;-5.0625000000
-9.4592357557;0.4678942118;-1.4515713852;5.4275911594;-0.6346892312;-2.7984867475;45.0000000000;-15.0625000000;-5.0625000000
-9.4935594444;0.5979712020;-1.2795037046;5.3876189372;-0.9883415385;0.3140761683;44.6875000000;-13.2500000000;-4.3750000000
-9.6822226061;0.3385043063;-1.4555053791;-6.6976322763;-0.2516265072;0.0000000000;44.2500000000;-14.3750000000;-5.5000000000
-9.7065098117;0.4463419458;-1.3100147534;3.5513976690;0.2532277819;0.6359671371;44.2500000000;-15.0625000000;-5.0625000000
-9.5521359099;0.4461493229;-1.4500410885;-8.6140145282;-0.8240305370;1.2262799832;44.2500000000;-13.6875000000;-3.8750000000
-9.4282565525;0.1001726839;-1.4300226335;-5.9651690487;0.2452542583;0.3163502341;44.2500000000;-13.6875000000;-3.8750000000
-9.4980779804;0.4774667050;-1.0526480470;11.2357578081;0.1253485737;-1.2508208880;45.0000000000;-13.2500000000;-5.0625000000
-9.5666144466;0.6681224542;-1.2759978123;-4.9380743958;-1.1447120810;-0.3123662853;44.2500000000;-14.3750000000;-3.8750000000
-9.7280495869;0.2208502982;-1.2135961229;-2.8255802752;-0.3750708961;0.4433002675;44.2500000000;-12.7500000000;-5.8750000000
-9.4933682130;0.3665509689;-1.3504966045;-1.8274491320;-3.2527272285;0.3105119676;44.2500000000;-12.8750000000;-3.8750000000
-9.7861170877;0.4851133341;-1.3636958153;1.4894624315;-1.9024643331;0.1246486489;44.2500000000;-12.8750000000;-3.8750000000
-9.7772971920;0.4468448012;-1.3629567646;-2.7384467457;-0.2513711023;-1.2322478030;43.8750000000;-13.2500000000;-5.0625000000
-9.8585274322;0.4900889978;-1.6029380045;2.1803717327;-0.4361393604;-1.7976717770;44.2500000000;-13.2500000000;-5.5000000000
-9.7840845815;0.7199729559;-2.0166146861;3.4122569436;-0.1262133537;0.5017208820;44.2500000000;-12.5000000000;-4.3750000000
-9.8107891402;0.6228981435;-2.9297464798;-4.3992010621;5.5097579493;0.6766892514;44.2500000000;-14.6875000000;-5.8750000000
-9.8138408878;0.6689780543;-2.7005441284;8.4642803175;11.0874933032;5.2983549165;44.2500000000;-14.6875000000;-5.8750000000
-9.7414739619;0.7928914590;-3.5383969278;10.4570386399;13.1058220127;6.5638854099;44.2500000000;-12.8750000000;-5.0625000000
-9.9091648573;0.6188818684;-4.0622702907;11.0999398132;28.4009112590;5.3444083854;44.6875000000;-13.6875000000;-3.8750000000
-10.0128225212;0.6647755892;-3.4280870910;15.3502805000;37.4493864664;6.0663975024;44.2500000000;-13.6875000000;-3.5625000000
-10.0686047469;0.5146546259;-3.7961165864;15.9818105865;41.1803469171;4.4324424583;44.2500000000;-15.0625000000;-1.5625000000
-10.1434331490;0.2990421375;-3.7624280065;27.7744988412;46.9971238976;3.4804571852;44.2500000000;-15.0625000000;-1.5625000000
-9.7688684060;0.6477767736;-3.3138277551;28.4132669122;52.4146923761;0.4383746609;43.8750000000;-15.0625000000;-0.3750000000
-9.6482579970;0.5599911254;-3.3720615821;23.4580137167;52.7841011000;-1.1293185143;44.6875000000;-15.0625000000;2.3750000000
-9.4914637884;0.6894862057;-3.2630000668;28.1392882870;55.1914748823;0.1876791300;44.6875000000;-17.0000000000;4.2500000000
-9.6932803035;0.1109800067;-3.0274366342;17.6426125255;52.6551358865;2.3355019670;43.8750000000;-15.0625000000;7.3750000000
-9.4855110262;0.3994487300;-3.3504185608;23.2661572676;45.9095272529;-0.3125974525;43.8750000000;-15.0625000000;7.3750000000
-9.1519804728;0.1804906838;-3.4109984956;27.9917754583;47.1934580734;0.3122767729;43.5000000000;-15.0625000000;9.0000000000
-8.7962169696;-0.0600136970;-3.4354689031;12.0957573045;42.3613688748;-1.8840003423;43.1875000000;-15.0625000000;11.3750000000
-8.7206829401;0.1293342321;-3.8244866038;14.5908650242;39.8593966842;-0.6238333850;43.1875000000;-14.6875000000;13.3750000000
-8.6063334285;0.0599305854;-3.5352605193;6.1824903379;33.8656390434;-1.6702987222;42.7500000000;-15.0625000000;15.6875000000
-8.2157818216;-0.0503421180;-3.8682361419;-1.0640627937;28.0568755650;-2.2210231029;42.7500000000;-15.0625000000;15.6875000000
-8.2659441045;0.0694516967;-3.7244343783;11.3952811115;23.6851247662;-2.3861622136;42.0000000000;-16.1875000000;16.0625000000
-7.9633109936;0.1499427461;-3.8457932967;0.6176015559;16.8635582846;-1.1410701139;42.0000000000;-15.5000000000;16.3750000000
-8.1187612235;0.1491028401;-4.6602823288;-1.2344771355;9.9733080255;0.0000000000;41.2500000000;-16.1875000000;17.1875000000
-8.0345442998;-0.1700460165;-4.3082534234;1.9195884159;10.2763939390;0.2461936366;41.2500000000;-14.3750000000;18.7500000000
-7.9985371720;0.2895682410;-4.7027934318;-10.5233838446;3.1294568660;-2.6771660520;41.2500000000;-14.3750000000;18.7500000000
-7.9298946906;0.2794799584;-4.7876869174;-3.8878200635;1.3309475050;0.6320156633;40.5625000000;-14.6875000000;18.3750000000
-7.9075637125;0.1514439860;-4.7705953896;-6.5787146390;-2.5854166500;1.4345740793;41.2500000000;-16.5625000000;18.7500000000
-8.0047775817;0.2450327051;-5.3453629563;-6.1889031640;-5.2588364042;0.7009263222;40.8750000000;-15.0625000000;18.0000000000
-7.9855230407;0.1797807639;-5.0703861021;4.3227074948;-4.5456222051;2.2745557331;40.5625000000;-15.5000000000;17.5625000000
-8.1078487495;0.2662931920;-5.5759751700;-7.0502172106;-6.4314049984;1.7961896364;40.5625000000;-15.5000000000;17.5625000000
-8.2277450384;0.1874553643;-5.8543844099;-6.6429340440;-0.9254455844;2.6744444087;41.6875000000;-15.5000000000;17.5625000000
-8.2456697282;0.1814931332;-5.4007630541;-3.6122330643;-2.4731700780;1.1184842363;41.2500000000;-16.1875000000;17.5625000000
-8.2761574751;0.2025156598;-5.6137499933;-1.9623837080;-3.2522504794;0.8594548349;41.2500000000;-15.8750000000;18.0000000000
-8.1232060628;0.2171897085;-5.6640887968;0.0000000000;-1.2638724616;1.2067195104;41.6875000000;-15.5000000000;16.7500000000
-8.0479206916;0.2112956492;-5.3917277003;-3.7524191547;0.6193808909;0.9514047470;41.6875000000;-15.5000000000;16.7500000000
-8.0103399620;0.1011138805;-5.5209744831;2.7119538941;-1.3124219364;0.3687696369;41.6875000000;-16.5625000000;17.1875000000
-8.1140813780;0.1705054875;-5.5143535717;0.6160272626;0.1225881882;0.3717691711;41.2500000000;-16.1875000000;16.3750000000
-7.9941904683;0.0000000000;-5.4066830120;0.2510735235;1.1310023373;-1.2693592107;41.2500000000;-16.1875000000;16.3750000000
-8.0831705214;0.1605862065;-5.4637445899;5.7941948376;0.0000000000;-1.4280886652;40.5000000000;-17.3750000000;16.3750000000
-8.0532676340;0.2183442079;-5.3539516656;1.6988044469;0.6323543409;-1.7204160780;40.5000000000;-17.3750000000;16.3750000000
-8.1850351698;0.2547149075;-5.3189452188;0.0000000000;-0.4970415745;-1.4984031707;40.8750000000;-15.5000000000;16.7500000000
-8.3003040235;0.1276012616;-5.1297516952;1.4112842350;0.0000000000;-0.8912512499;41.6875000000;-15.8750000000;16.7500000000
-7.9964805425;0.1384918376;-5.3863538641;-1.6188886897;-2.0785797180;-0.8141175126;41.2500000000;-16.5625000000;17.1875000000
-8.1019616987;0.1619415873;-5.3462465964;2.7687275415;-1.0122899580;-2.1385740792;41.2500000000;-16.5625000000;17.1875000000
-8.0925920916;0.2936209194;-5.3485182478;1.1979065746;-1.6541062542;-1.1232834913;41.6875000000;-16.5625000000;18.3750000000
-8.3130475114;0.2258256867;-5.5568643954;-1.1726053978;-0.6942944275;-0.6150798439;42.3750000000;-16.5625000000;17.1875000000
-8.2705508746;0.2634332810;-5.4195772474;0.3728013468;0.0000000000;0.8903884272;41.6875000000;-15.0625000000;17.1875000000
-8.2133124595;0.2682687457;-5.5386382625;-3.5256344050;-1.8823930693;0.6303057620;41.2500000000;-16.1875000000;16.7500000000
-8.1267191749;0.1004850216;-5.5897752948;0.0000000000;0.0000000000;0.3161767907;41.2500000000;-16.1875000000;16.7500000000
-8.2994858927;0.3009373586;-5.2878689484;0.8155149068;0.1248583711;0.4446566720;41.2500000000;-16.5625000000;17.1875000000
-8.1034657735;0.0809269349;-5.5538145164;-2.5741692692;-1.1185498909;1.3590392174;42.0000000000;-16.5625000000;18.0000000000
-8.2339573754;0.0687209971;-5.1114292764;3.3698839358;1.7843958408;1.0832975069;41.2500000000;-15.8750000000;18.0000000000
-8.2784714281;0.2203110240;-5.4367790187;-0.1265763933;-1.1944911661;-0.3161378419;41.6875000000;-16.5625000000;17.1875000000
-8.2260004698;0.0805916701;-5.4436002495;1.5292492335;-0.3126819532;-0.3741515241;41.6875000000;-16.5625000000;17.1875000000
-8.2949302758;0.2998842783;-5.2885274477;4.4323000676;0.6145855341;-0.5035734859;41.6875000000;-15.0625000000;15.5625000000
-7.9310653232;0.1908617105;-5.3874018775;-2.5785580416;-0.2540075573;1.4588203877;40.8750000000;-15.8750000000;18.3750000000
-8.2098541199;0.0400720074;-5.4737881083;0.6981189494;0.1888669105;1.0616457628;41.2500000000;-15.5000000000;17.5625000000
-8.0645451057;0.2789756184;-5.1634201875;0.2477001591;0.7402132771;-1.0166796906;41.2500000000;-17.3750000000;17.5625000000
-8.0006123319;0.2530046794;-5.5439414167;1.4200159170;-1.3226032038;0.8046345043;41.2500000000;-17.3750000000;17.5625000000
-8.2652478861;0.0998560689;-5.2736840409;2.2711286003;-0.1234883281;0.6956517988;40.8750000000;-15.5000000000;17.5625000000
-8.1283380728;0.1579700848;-5.4921225043;-0.6318171074;-0.9553671248;-0.1242579052;40.8750000000;-17.6875000000;18.3750000000
-8.2134902117;0.1088725947;-5.3307746180;1.8428010148;-0.3102707972;0.6989316282;41.6875000000;-15.8750000000;17.5625000000
-8.2225243964;0.0500002482;-5.5705681781;-2.1015734389;-2.0406936035;0.1272237270;41.6875000000;-16.1875000000;18.0000000000
-8.1028407150;0.1082481685;-5.4177655805;0.4346893309;-0.5080846871;-1.0659985036;41.6875000000;-16.1875000000;18.0000000000
-8.3741534784;0.2113105920;-5.1914090098;2.1950338403;-0.4369939827;-1.0166229967;41.2500000000;-15.0625000000;17.1875000000
-8.2630838548;0.1208511208;-5.6562450960;-1.3175655357;-2.5954867777;-0.8830965491;41.6875000000;-17.0000000000;16.7500000000
-8.3345494818;0.1307588892;-5.4034117672;3.8894122306;0.5637675544;0.1245094837;41.6875000000;-16.5625000000;16.7500000000
-8.0310394606;0.1105516775;-5.1825960554;-0.5595824431;0.1911112962;-0.9468550329;42.0000000000;-15.0625000000;17.1875000000
-7.9640813803;0.2130550648;-5.3059860351;-0.4905457332;-0.7970496251;-0.3181991863;42.0000000000;-15.0625000000;17.1875000000
-8.1911170273;0.0692159643;-5.3728316597;0.4364229372;0.1892747037;0.1238590150;41.2500000000;-15.8750000000;17.1875000000
-8.1231917446;0.1578556967;-5.1573088645;-0.8612293511;-0.9299228080;-0.5097813145;41.2500000000;-14.3750000000;17.5625000000
-8.1285683646;0.1388484136;-5.4004318034;0.0627183537;-2.2165265210;0.4926515514;41.6875000000;-17.0000000000;16.7500000000
-8.3497650531;0.0608047467;-5.2374698973;-0.9810381413;-1.3861521485;-0.3182696638;42.0000000000;-16.5625000000;17.5625000000
-8.0850912064;0.1281763133;-5.4597489993;0.6807920104;-2.1625209377;-0.4900535603;42.0000000000;-16.5625000000;17.5625000000
-8.3131497091;0.0300848070;-5.4804415496;2.2146468397;-1.1768550557;-0.9959401104;41.6875000000;-15.8750000000;17.5625000000
-8.2986060052;0.1917084997;-5.3639746562;1.2493830504;0.0000000000;-1.3859491835;41.6875000000;-14.6875000000;17.5625000000
-8.2934316715;0.0791413639;-5.3933797358;0.2461265101;-0.6215353832;-1.0140413300;41.6875000000;-17.0000000000;16.3750000000
-7.9995307971;0.1016908403;-5.4523673153;1.5281476123;-0.8782015970;-1.1060234951;42.3750000000;-15.5000000000;17.5625000000
-8.3570587816;0.2537325592;-5.3022087802;2.9475632294;0.3784803246;-0.7585397508;42.3750000000;-15.5000000000;17.5625000000
-8.1362386901;0.1409177618;-5.1362153233;0.8073898225;-0.5530133798;-0.1249730638;41.6875000000;-15.0625000000;16.7500000000
-8.2668738218;0.1630724854;-5.3403226816;1.4181190807;-0.8776104495;1.0022636546;41.2500000000;-15.5000000000;18.0000000000
-8.3067907058;0.0000000000;-5.3242405413;-1.0589595549;0.4940085607;1.2061124363;42.3750000000;-15.0625000000;17.1875000000
-8.1804565867;-0.0392137003;-5.3547216280;0.6772101692;0.0622369307;0.1912174387;41.6875000000;-15.5000000000;17.5625000000
-8.2826990419;0.0500708242;-5.2778911329;-0.2548456326;0.8092126679;-0.0628379458;41.6875000000;-15.5000000000;17.5625000000
-8.1505095687;0.0395298837;-5.2699973827;-0.7459094111;0.3066701978;-0.6204487214;42.0000000000;-14.6875000000;17.1875000000
-8.3660785582;0.1177898469;-5.2390480073;2.6587107930;0.5628150062;-0.2510553354;41.6875000000;-17.0000000000;16.3750000000
-8.2072507974;0.1015496031;-5.2933812979;-0.5645694480;-0.3775350609;0.4910884861;41.2500000000;-16.5625000000;16.3750000000
-8.2241714085;0.0000000000;-5.4403678163;-1.7980757224;-0.3187134159;-0.1272384410;42.0000000000;-16.1875000000;17.1875000000
-8.1143840169;0.0980701789;-5.2442512480;0.5571006104;0.9399150614;-0.1241842177;42.0000000000;-16.1875000000;17.1875000000
-8.1097828623;0.1114646869;-5.2470911991;-1.5450198636;0.1236982823;0.3747705459;41.2500000000;-14.6875000000;17.5625000000
-8.0896121236;0.0393184613;-5.4097016367;-0.1239112319;-0.6136587106;0.3119452191;41.6875000000;-15.0625000000;16.3750000000
-8.2952473353;0.0788697403;-5.3891344985;-0.4313298792;0.2464623245;0.4937805729;41.6875000000;-15.5000000000;16.3750000000
-8.1933236735;-0.0199050595;-5.2804296672;-0.4351220862;0.6300464735;-0.0618298663;41.6875000000;-14.3750000000;15.5625000000
-8.1274380416;0.1114025957;-5.2080555120;-0.5530346057;-0.1850994621;-0.1266554571;41.6875000000;-14.3750000000;15.5625000000
-8.2439486000;0.0492962962;-5.2749450889;0.0625357708;-0.3105749187;-0.2464164036;41.2500000000;-15.0625000000;17.5625000000
-8.2524792441;0.2193872442;-5.2206453375;0.4453307573;0.0615197404;0.0000000000;41.2500000000;-15.5000000000;16.7500000000
-8.1294678490;0.0300497021;-5.2122992435;-0.2493506942;-0.8730522911;0.3728361666;41.6875000000;-14.6875000000;16.3750000000
-8.3018560864;0.0987724117;-5.4065213387;0.3740042562;-1.0648346733;0.0000000000;41.6875000000;-14.6875000000;16.3750000000
-8.1776774850;0.1521926295;-5.3420774281;-1.5644619282;1.2951887297;0.2479281020;42.0000000000;-17.0000000000;16.0000000000
-8.2444264867;0.0797394915;-5.1809182840;0.9416713992;-0.1260440136;0.3117630131;41.6875000000;-14.6875000000;16.3750000000
-8.2760961721;0.1491148175;-5.3631158238;-0.4920851949;0.3141846865;0.3143051891;42.0000000000;-15.8750000000;18.0000000000
-8.2810458047;0.1825398800;-5.2107019230;-0.4964236491;0.1229508953;0.5523882740;42.0000000000;-15.5000000000;16.3750000000
-8.1649182523;0.0196563037;-5.0567772466;-2.2060989713;-0.3139646154;0.4975016745;42.0000000000;-15.5000000000;16.3750000000
-8.1615229812;0.0993803601;-4.7802081762;-2.4786590595;0.1902442913;-0.3749756994;41.6875000000;-14.6875000000;16.3750000000
-8.1448639090;-0.0099508594;-4.5729422263;-4.6250567413;-2.2010969991;-1.3612275714;41.2500000000;-14.3750000000;16.3750000000
-8.0193611181;-0.0711280820;-4.0160247331;-2.8076619911;-5.5480382842;-2.1986194203;41.2500000000;-16.5625000000;17.5625000000
-8.0391877022;-0.1495504461;-3.3533607034;-5.8688351723;-9.0261608755;-5.5677655635;42.0000000000;-15.0625000000;17.1875000000
-8.1264045351;-0.0196994643;-2.7793191686;-14.6277722783;-15.9389881046;-6.4689093397;42.0000000000;-15.0625000000;17.1875000000
-8.3899375986;0.6679751696;-3.0767543540;-32.6052907197;-25.0626733233;-4.3009655841;41.6875000000;-15.0625000000;16.7500000000
-8.5155070306;0.0689106663;-3.2451364944;-47.1131621153;-31.0580691202;1.1697702566;43.1875000000;-15.0625000000;14.7500000000
-8.6618330064;-0.2723558561;-2.7909305674;-38.7207923526;-35.5160708934;-4.2944015715;42.7500000000;-15.5000000000;14.7500000000
-9.0451911289;0.9793694499;-3.7528072325;-23.7151077336;-49.1857367121;-8.6882289394;42.3750000000;-15.5000000000;11.2500000000
-9.2654126335;1.0084482738;-4.2667612881;-32.3125092800;-50.5337964689;-0.7522335740;42.3750000000;-15.5000000000;11.2500000000
-9.8522895241;-0.2232954069;-4.2918923613;-25.5210254508;-47.8147942060;-2.0825877789;43.5000000000;-15.0625000000;10.5000000000
-9.2742133159;0.1700105493;-4.8345306032;-0.9437637447;-43.1983023480;-15.7340486425;43.1875000000;-15.8750000000;7.2500000000
-9.2788132908;1.2289652691;-4.9183281640;2.1237341666;-43.7636612233;-11.9649121276;43.8750000000;-14.3750000000;5.3750000000
-9.6908804462;0.0501272032;-3.8118048760;-11.6290561776;-33.2348717337;-11.2793500324;43.8750000000;-15.5000000000;3.3750000000
-9.4900439191;0.2015869641;-2.6299403333;12.5205105997;-30.8450488835;-13.8788265491;43.8750000000;-15.5000000000;3.3750000000
-9.4695063152;0.7330736834;-2.7489526517;12.6618680980;-38.3891275666;-14.0545521477;44.6875000000;-14.0000000000;1.7500000000
-9.5802923300;1.0775761941;-3.0831280819;2.1489842886;-35.5648556747;-4.5889256389;44.5625000000;-13.2500000000;1.7500000000
-9.5833618636;0.5841748201;-3.0463717102;-24.3268832246;-28.4545107605;0.3153217526;44.6875000000;-12.8750000000;0.5625000000
-9.9552766872;0.1501726258;-2.7122883217;-27.5286610135;-21.8322605063;-0.4950643151;44.2500000000;-11.7500000000;-2.8750000000
-9.7675539250;0.1281638135;-2.8236967468;1.6288079456;-17.2850461183;-3.3711699921;44.2500000000;-11.7500000000;-2.8750000000
-9.6188614896;0.6285066552;-2.4237074994;-2.1598351876;-13.3157691607;-1.9687441142;44.7500000000;-12.1875000000;-3.0000000000
-9.3922315581;0.1375344299;-2.3695115579;-22.5436830788;-11.2666458518;0.4440977914;45.0625000000;-12.8750000000;-3.7500000000
-9.6873524345;0.0100623138;-1.9767321569;13.6782328370;-9.0696195969;-3.4663743685;45.0625000000;-11.7500000000;-4.5625000000
-9.5293889950;0.9178330900;-1.9691086526;20.1988687165;-20.4628630175;1.6557899478;44.3750000000;-11.7500000000;-5.0000000000
-9.5107480049;0.3464894636;-3.1211113004;-12.5620988132;-10.7046244827;6.9545315585;44.3750000000;-11.7500000000;-5.0000000000
-9.7863559536;-0.1409228999;-1.6840464545;-14.2704347788;9.3415801965;3.4419406463;44.3750000000;-12.1875000000;-5.0000000000
-10.0578319938;0.6292847361;-1.1022773550;0.6128967620;1.2483800477;0.3179184987;44.6875000000;-12.5000000000;-5.0000000000
-9.4955777580;-0.0304727776;-1.5892192617;-2.5657923296;-5.6596055106;7.4990922951;44.3750000000;-12.5000000000;-4.0625000000
-9.4465716947;0.0592798821;-1.3505253642;-8.2254742476;1.8636067602;0.9356943578;44.0000000000;-11.7500000000;-6.0625000000
-9.7346590248;0.0913890738;-0.8881857058;9.3561016206;-1.6704451085;2.7129697273;44.0000000000;-11.7500000000;-6.0625000000
-9.4518939154;-0.2859179531;-1.4603680165;-2.3310787843;-6.0023749755;0.0621024533;44.0000000000;-12.5000000000;-6.5000000000
-9.6189060378;0.3958754762;-1.4419369565;4.6380738820;-4.2395575138;-1.0711243075;45.5000000000;-14.3750000000;-5.7500000000
-9.5670476358;0.3271303693;-1.4306109783;-5.5387000376;-5.0513616233;0.4319877222;44.3750000000;-12.5000000000;-5.6875000000
-9.5902989784;0.1970942727;-1.8452908346;-5.2882710533;-3.0591831061;-2.6926680502;44.3750000000;-12.1875000000;-4.5625000000
-9.6069321911;0.3009581780;-1.6724605187;26.1752937823;0.7527474635;-1.5813149041;44.3750000000;-12.1875000000;-4.5625000000
-9.5119946452;0.2803635074;-1.8283944093;1.1325925746;1.6022314243;-1.5883486603;44.3750000000;-12.1875000000;-6.0625000000
-9.8013429485;-0.1601499699;-1.4978592724;-2.5435871679;7.3599301289;-2.4030842990;44.3750000000;-14.0000000000;-5.2500000000
-9.8955135633;0.1503314684;-0.8606501316;13.9695242425;4.6723402831;-1.5887498675;44.3750000000;-12.5000000000;-5.6875000000
-9.3521041621;0.0300655609;-1.3334705528;-4.9207140122;1.2365721056;-2.4255523765;45.0625000000;-11.3750000000;-4.0625000000
-9.6068540882;0.0689134733;-1.1291680393;8.3733654271;3.2717764412;-3.8276544034;45.0625000000;-11.3750000000;-4.0625000000
-9.7042951798;0.3140804598;-1.2493756718;-4.9008848425;-0.6739651720;-2.9499664698;45.0625000000;-12.2500000000;-5.7500000000
-9.6314720926;-0.0705000641;-1.3959347368;-4.3135146835;2.3666386809;-4.8351952506;44.6875000000;-12.5625000000;-6.5000000000
-9.5190367713;0.6424016528;-0.9372177667;14.6678363024;0.4386821587;-2.1831572703;45.0625000000;-11.3750000000;-5.0000000000
-9.3736796664;0.2168146748;-1.7211159002;-8.3862269008;-3.2968145767;0.8687033490;45.0625000000;-11.3750000000;-5.0000000000
-9.1779497677;-0.0990339304;-1.5748097887;-6.9437201222;4.4610522330;0.0000000000;45.0625000000;-12.1875000000;-5.2500000000
-9.6585063345;0.5874888033;-1.0199487616;4.8900712269;0.8788848241;-0.8086822897;44.3750000000;-11.3750000000;-5.7500000000
-9.7144255957;0.2546880242;-1.4057583406;-3.6114504034;-1.7727649233;3.5269856996;44.3750000000;-12.1875000000;-4.5625000000
-9.7464773095;-0.2753502639;-1.2491503027;2.4786130499;0.5628736904;1.2663781969;44.6875000000;-11.3750000000;-6.0625000000
-9.4980249907;0.1202336698;-1.3230892522;4.1038448355;-2.4670101978;-0.6854184900;44.6875000000;-11.3750000000;-6.0625000000
-9.7946215683;-0.1193305336;-1.7333402628;-4.4874169596;-1.9625249227;0.0618222551;44.3750000000;-11.0000000000;-5.0000000000
-9.8570835846;0.0886991718;-1.2127287597;1.4856863793;1.6632135338;-2.2736873647;45.0625000000;-11.7500000000;-5.0000000000
-9.7103755281;0.1092447651;-1.5199014958;-3.5191004256;-0.8873833569;-0.9534719447;44.3750000000;-11.0000000000;-6.0625000000
-9.5928515207;0.0302695105;-1.4762480809;-2.3964763233;1.1183837624;-0.7543070251;44.0000000000;-11.3750000000;-5.2500000000
-9.7271771215;0.2035346935;-1.3153350834;-4.4066736528;1.4448361057;-0.8642994284;44.0000000000;-11.3750000000;-5.2500000000
-9.7584961477;0.2890463331;-1.4469859464;-0.5092954416;-1.0419718364;-0.6305422562;44.7500000000;-12.1875000000;-5.0000000000
-9.5220313724;0.3845903570;-1.4901246620;-0.8014927949;1.4563879054;0.1233559421;44.7500000000;-12.5000000000;-5.6875000000
-9.6300371212;0.2354353321;-1.2881579244;-6.0737525046;1.6421155633;1.2873553368;44.7500000000;-11.3750000000;-5.2500000000
-9.8731813540;0.3153153147;-1.3265068237;6.5795725055;0.6343728482;2.0789268243;45.0625000000;-11.0000000000;-5.2500000000
-9.7024590819;0.4298570678;-2.5453748869;-8.1338742640;0.3705464707;3.5852317638;45.0625000000;-11.0000000000;-5.2500000000
-9.7076129506;0.5922681485;-3.5588898384;2.7435067308;5.6613175250;3.9684779381;45.0625000000;-12.8750000000;-5.6875000000
-10.0827198191;0.4255357583;-3.0801067662;10.9056281045;16.9616192358;7.0655263511;44.3750000000;-11.3750000000;-5.7500000000
-10.0666854722;0.1890952561;-3.0560055477;5.1123276284;20.4719546906;5.5766745834;44.7500000000;-13.6875000000;-5.6875000000
-9.6587702844;0.7174964086;-3.3034604030;21.3980389316;24.6177584149;3.4421193307;44.7500000000;-12.5000000000;-3.7500000000
-9.6918296795;0.7449056652;-3.1312622313;19.9965957851;30.6303973947;8.6028891228;44.7500000000;-12.5000000000;-3.7500000000
-10.0243069264;0.4478969569;-3.5496636918;7.3157655633;32.7580063989;10.2559494725;45.0625000000;-12.1875000000;-1.3750000000
-9.6575057091;0.1081985051;-3.7895102851;24.1514105228;39.4879005127;10.0063016338;44.3750000000;-13.2500000000;-0.5625000000
-10.1578383021;0.1629700219;-3.4448976348;28.2741982936;43.8408692111;6.6455395775;44.3750000000;-15.5625000000;0.1875000000
-9.6124270088;0.0000000000;-3.8939077555;16.1831214265;44.3642119485;2.9118160161;44.3750000000;-15.0625000000;2.8750000000
-9.7565125233;0.0895835392;-3.4394588230;29.5940198343;50.6436291088;-1.6708909308;44.3750000000;-15.0625000000;2.8750000000
-9.5735872264;0.2649531393;-3.3347309291;28.9832227235;48.5543667828;-1.9119880174;45.5000000000;-16.0000000000;4.8750000000
-9.1795921673;-0.1385286482;-3.1884446550;13.4585288413;48.4547830589;-3.2857446858;44.0000000000;-15.0625000000;6.8750000000
-9.1438894203;0.2570227774;-3.4121728546;25.8330466185;45.6764816731;-3.5722654109;44.0000000000;-14.5000000000;10.0000000000
-8.8014549673;-0.1279528493;-3.1291336609;11.3643191426;43.0237491097;-2.9850891639;43.6875000000;-14.7500000000;11.5625000000
-8.7718250134;0.1500051868;-3.5963259703;20.4574331763;34.3043222127;-3.5378267709;43.6875000000;-14.7500000000;11.5625000000
-8.4554696550;-0.0098419221;-3.4638399403;12.3859004354;31.9715292105;-3.6860189962;43.0000000000;-14.0625000000;13.1875000000
-8.3430085079;0.0903304728;-3.7083446607;8.6661284277;25.7127476854;-2.9296736352;43.0000000000;-15.1875000000;14.3750000000
-8.4464735634;-0.0509236754;-3.5421225893;3.4133172549;22.0010232502;-1.4941761417;42.1875000000;-14.0625000000;15.8750000000
-8.2174592411;-0.1419527530;-3.5739416743;-0.8028859391;15.8352763262;-0.7399381577;41.5000000000;-15.1875000000;15.8750000000
-7.9331670999;0.1294063372;-4.1572209012;-3.6309931295;7.5076283168;-1.8499284106;41.5000000000;-15.1875000000;15.8750000000
-8.1465118724;-0.0786777059;-4.0376595177;2.8652752240;4.7190712300;0.4326916163;41.8750000000;-13.3750000000;16.6875000000
-8.1218905668;0.0786378425;-4.5819423619;-8.2813670299;-1.9913993497;0.6833271662;42.5625000000;-14.0625000000;16.6875000000
-7.9415341958;-0.0196881690;-5.0172772167;-4.6053630752;-4.6315214548;1.8797268763;42.0625000000;-13.3750000000;16.1875000000
-8.3849501444;-0.0596556427;-4.6941744920;0.0000000000;-4.6970149570;2.1393965303;41.3750000000;-15.5625000000;16.2500000000
-8.1996309014;0.1112474957;-5.1805266844;-4.5041582520;-8.0392130995;1.6332729357;41.3750000000;-15.5625000000;16.2500000000
-8.2338748135;0.0203272529;-5.3908382162;0.6298105570;-6.4824328207;4.6097174006;42.5000000000;-14.5000000000;17.0625000000
-8.3156058453;0.1114645640;-5.5001418830;-2.8246247884;-4.0351650398;3.6667450272;42.0625000000;-14.5000000000;16.1875000000
-8.1909438197;-0.1212232378;-5.5220752252;-1.9892973955;-1.9026021814;3.1234195652;42.0625000000;-14.5000000000;16.1875000000
-8.5483127382;-0.1096019372;-5.4402887722;1.7746206708;-2.6510762621;1.6142395243;42.0625000000;-16.6875000000;15.7500000000
-8.3666585740;-0.0296922380;-5.6847895188;2.1199964842;-1.3006450042;1.3665780751;42.0625000000;-16.6875000000;15.7500000000
-8.5314282216;-0.0203147438;-5.1467331439;1.5059426987;2.1020200101;0.9559516570;42.5000000000;-15.5625000000;15.7500000000
-8.2250818830;0.0000000000;-5.2135731040;-2.3224284247;-0.4454258209;1.2874821476;42.0625000000;-16.0000000000;15.7500000000
-8.2837746038;-0.0407931765;-5.0216592796;1.4317229282;1.3938600009;1.1083917796;42.0625000000;-15.5625000000;17.0000000000
-8.1342540860;-0.0499652465;-5.0138769228;-1.3672189501;0.2509288365;1.2389787850;42.0625000000;-14.5000000000;15.3750000000
-8.3112363066;-0.2139195205;-5.2125537435;-1.3621937078;-0.5581207093;2.1462919441;42.0625000000;-14.5000000000;15.3750000000
-8.4608729927;-0.1193563937;-5.0334201302;1.6441964331;0.4977004621;-0.3109918103;42.0625000000;-16.6875000000;15.7500000000
-8.5174540597;0.0701663006;-4.9951413578;-2.3528308665;-1.4801492983;-0.6150640440;41.7500000000;-15.5625000000;16.5625000000
-8.3743733430;-0.0397899673;-5.2155474902;-0.4911931789;-1.4717599169;-0.2486237392;42.0625000000;-16.0000000000;15.7500000000
-8.3615192910;-0.0299735077;-5.1659202166;-1.3298868743;-0.6257998780;-0.6907441179;42.0625000000;-16.0000000000;15.7500000000
-8.3621313519;0.0101056605;-5.3129695149;-3.8095620951;-0.7396946992;-0.2498627492;42.5000000000;-15.5625000000;16.1875000000
-8.2361199631;-0.0785443624;-5.0981580467;-0.9933142263;1.3507274233;-1.3609098876;42.5000000000;-14.5000000000;16.1875000000
-8.4382917542;0.2124518552;-4.9929746249;-2.2837396022;-2.2656248718;-1.4956121551;41.7500000000;-14.7500000000;15.3750000000
-8.3584315631;0.0397820117;-5.3592295540;-1.6898761692;-0.5042138480;0.0620323050;42.8750000000;-17.0625000000;16.1875000000
-8.4045553698;0.0592352271;-5.0464594802;3.3336968449;-1.3722724987;-1.5445856263;42.8750000000;-17.0625000000;16.1875000000
-8.3514264787;0.2079970150;-5.0440786352;-0.1274414157;-1.9360821467;-0.8003252705;41.7500000000;-14.7500000000;15.7500000000
-8.3212890609;0.1694067103;-4.8419855590;-1.0593786012;-0.4972585062;0.6762142447;41.3750000000;-14.7500000000;15.3750000000
-8.4507775097;0.0599407198;-4.8628889100;-3.0150563353;-3.1226394644;0.1869822865;41.7500000000;-15.5625000000;15.3750000000
-8.2236786288;0.1308972331;-5.2086075688;2.0092837648;-2.5998137252;1.0084722881;42.8750000000;-16.2500000000;15.3750000000
-8.4589265649;0.1568132163;-5.0173534511;-3.7548096905;-2.2067916318;1.2437937684;42.8750000000;-16.2500000000;15.3750000000
-8.3095010768;-0.0505653482;-5.4087483523;0.1872785362;-2.6135324176;0.8910950830;41.3750000000;-14.0625000000;15.3750000000
-8.5170793757;0.2138290450;-5.1134475240;0.1266255517;-0.6912159150;0.0000000000;42.0625000000;-15.1875000000;15.7500000000
-8.2553068786;0.0698758217;-5.2561211804;-1.8422617531;-1.8231038475;0.6136541267;42.0625000000;-15.1875000000;15.0000000000
-8.2909235131;0.0697971453;-5.1845885927;1.4809926707;-0.4940239048;1.0498773701;42.5000000000;-13.7500000000;15.0000000000
-8.4554745915;0.0000000000;-5.1593174154;0.7426797320;-0.3186260085;0.3707769482;42.5000000000;-13.7500000000;15.0000000000
-8.3424724361;0.0497284437;-5.1446564680;0.5712792157;-0.5021365381;0.1227217465;42.5000000000;-16.2500000000;16.1875000000
-8.5584650968;0.1284189752;-4.9601103582;1.4733121653;0.8121910912;0.3115036764;42.0625000000;-14.7500000000;15.7500000000
-8.4037243475;0.0983916828;-4.8638755591;-0.9552433698;0.0000000000;-0.0624107758;42.8750000000;-16.6875000000;14.2500000000
-8.4852980049;0.0713760950;-5.0807853394;-0.6265645383;-0.4416562543;0.7533986964;42.5000000000;-16.2500000000;15.0000000000
-8.4450260012;-0.0607882545;-5.0526928193;1.3339649447;0.6955107754;-0.3752762743;42.5000000000;-16.2500000000;15.0000000000
-8.5447294955;0.1929750422;-4.9530022884;1.6656407713;0.4378237047;-0.9349013005;42.0625000000;-14.0625000000;14.5625000000
-8.2290444742;0.1514285910;-5.1257069184;-2.4762151953;-1.0693956273;1.0028573152;42.5000000000;-14.0625000000;15.3750000000
-8.3992104660;0.0000000000;-4.9555143364;1.4328245990;0.0626791692;1.1158718221;41.7500000000;-15.1875000000;15.3750000000
-8.5236208849;0.0710613072;-4.8142097407;-1.4859150479;-1.0796630891;-0.1236957086;42.0625000000;-14.7500000000;15.0000000000
-8.2487785375;0.1402842784;-5.2689256150;0.5568545445;-1.7091266920;1.1068120626;42.0625000000;-14.7500000000;15.0000000000
-8.2154935411;-0.0499116874;-4.9130274203;-0.0614265488;-0.1893048631;-0.4339250322;42.0625000000;-14.5000000000;15.0000000000
-8.2393758130;0.1695022489;-5.1282952963;-0.6186390136;-1.5849354677;0.0000000000;42.0625000000;-14.7500000000;14.5625000000
-8.4709564952;0.0000000000;-5.0919732609;0.0000000000;-0.2546120205;0.1263568097;42.5000000000;-15.1875000000;14.5625000000
-8.5299534824;0.1912903754;-4.9219053199;-0.3761583263;-0.1882156625;-0.3813003975;42.5000000000;-16.2500000000;15.3750000000
-8.2908920439;0.0500382807;-5.0885682963;-0.0635099167;-1.1886858841;0.1900431102;42.5000000000;-16.2500000000;15.3750000000
-8.4823061083;0.0604727271;-4.9867214574;0.6346893330;0.3108253926;-0.4393606434;42.0625000000;-15.1875000000;15.7500000000
-8.4788078027;0.1826332407;-4.9006066409;0.1876539412;0.5076187342;0.1872337456;41.7500000000;-14.7500000000;14.2500000000
-8.3990860787;0.0890830711;-5.0965297929;-1.8697995949;-0.4901168941;0.9896245444;42.0625000000;-14.7500000000;15.7500000000
-8.2609957988;0.1017013638;-4.9872971722;0.2469613729;0.3715495604;0.3101925084;41.3750000000;-14.7500000000;15.0625000000
-8.4657927780;0.1383014696;-4.9067256120;-2.0954652209;-0.5669547854;0.8658313208;41.3750000000;-14.7500000000;15.0625000000
-8.5474387339;0.0609797323;-4.8875363577;0.4998042299;-1.1713720293;0.6781613592;42.0625000000;-14.5000000000;14.5625000000
-8.5443146358;0.1004868767;-5.0149084025;-2.0765544816;-1.1730144217;0.2483408101;42.0625000000;-16.2500000000;15.0000000000
-8.5712451281;0.2107022688;-5.0854357597;-1.0145906898;-0.2532870329;0.5019814410;41.7500000000;-14.7500000000;15.7500000000
-8.3811138240;0.0000000000;-4.7590111345;-3.0820049493;-0.9265390034;1.1089687032;42.5000000000;-14.7500000000;15.0000000000
-8.4758098776;0.1191194223;-4.9319667571;-0.4356826500;-2.5395315860;-0.5608105670;42.5000000000;-14.7500000000;15.0000000000
-8.5053530738;0.1774425872;-4.9143437485;-1.3798386797;-1.3935297746;-0.2450753140;42.0625000000;-15.1875000000;16.1875000000
-8.3321292120;0.0000000000;-4.5347539036;-3.5540896042;-0.3677977925;-0.7365390217;42.5000000000;-15.1875000000;14.2500000000
-8.2730363314;0.1707158993;-4.3384216343;-1.1919489920;-4.4108030511;-1.4646743045;42.8750000000;-16.6875000000;15.0000000000
-8.4052886337;0.2436043871;-4.6264958624;-5.6163007873;-3.0606450948;0.6977213781;42.8750000000;-16.6875000000;13.3750000000
-8.5417131737;-0.2211827565;-4.1518658500;7.0365696546;-5.7644843291;-1.6813421413;42.8750000000;-16.6875000000;13.3750000000
-8.3324885642;0.1399827902;-3.7834382933;-1.1092510165;-8.3176453782;-3.5472672288;42.0625000000;-14.7500000000;15.0625000000
-8.3169786095;0.3019128316;-3.4137699463;-12.9034006899;-9.5786762842;-0.5715266326;42.5000000000;-16.2500000000;14.5625000000
-8.1477721662;0.0295911222;-3.0686829279;-23.5875711881;-10.6677119284;-1.0628616910;42.5000000000;-15.1875000000;13.3750000000
-8.5577422548;0.3617731729;-2.7511138360;-27.1619067692;-21.2393394654;-1.3593573910;42.5000000000;-16.0000000000;12.2500000000
-9.0363283516;0.2946488801;-3.6311895111;-28.6618607616;-37.4937361410;3.4944760674;42.5000000000;-16.0000000000;12.2500000000
-9.0493414636;-0.0503255076;-3.8271894873;-29.7160842319;-34.0438208247;-2.2677941444;43.5625000000;-15.5625000000;12.2500000000
-8.9430590567;0.4319141698;-3.5212104603;-29.1378153286;-36.2790140108;-4.6739592583;42.5000000000;-16.0000000000;9.5000000000
-9.0888860530;0.5664120185;-4.1463436503;-31.6617078170;-40.1760392255;-5.3396049901;43.5625000000;-15.5625000000;8.6875000000
-9.2539986705;0.5489539735;-3.7210717158;-30.1182179860;-40.4682673905;-5.3980387183;43.5625000000;-15.5625000000;8.6875000000
-9.8064609670;1.0346265377;-3.1865960260;-24.4862338410;-32.6876523711;-6.7059118819;44.0000000000;-15.5625000000;6.0000000000
-9.8261291415;0.4340643520;-3.6647366902;-27.3869998447;-33.7122430563;-6.9222785960;44.7500000000;-15.5625000000;4.0000000000
-9.5834415480;0.0404591324;-2.9177537984;-10.8325562654;-34.1195733699;-13.5917129040;44.8750000000;-14.0625000000;3.1875000000
-9.4470963141;0.9653794697;-2.5210600461;9.5299001336;-37.1251560725;-15.8337754046;44.5000000000;-14.5000000000;1.5625000000
-9.9323391612;0.8274247486;-2.4623017498;6.0947899659;-41.6131383495;-6.8887622943;44.5000000000;-14.5000000000;1.5625000000
-9.6379611401;0.7243738429;-2.4685336268;-22.2662223310;-37.5627558803;-5.5276837645;44.5000000000;-13.7500000000;0.3750000000
-9.8943200897;1.0273098728;-2.1118707643;-13.9314130424;-35.0849637186;-3.1275053722;45.1875000000;-13.3750000000;-1.8750000000
-10.1627359432;0.6127306832;-2.8521060375;-24.8504322256;-35.1991925000;1.1330590199;44.5000000000;-15.1875000000;-1.8750000000
-9.6269255745;0.5581485750;-3.2270194596;-8.4342477051;-31.3424018551;-4.7625431124;44.6875000000;-12.5625000000;-4.1875000000
-9.7447676044;1.0959078196;-2.7795580512;4.9717236387;-14.8490980087;-0.7579297740;44.6875000000;-12.5625000000;-4.1875000000
-9.7604163043;0.8138134397;-2.9649175767;-19.9700672206;-10.7734401060;4.9358187369;44.0000000000;-12.2500000000;-6.1875000000
-9.8425306499;0.5378256701;-3.0602770601;-12.2876790507;-3.8638036368;2.4657234306;44.5000000000;-13.3750000000;-6.6875000000
-10.2957156860;-0.0404497847;-1.5763791417;-11.9316401810;8.1601062572;2.5235194791;44.5000000000;-11.8750000000;-7.5000000000
-9.7201761270;0.2862956105;-1.0355211006;-7.1183148079;4.9099071930;-4.1219806404;44.8750000000;-11.5000000000;-5.8750000000
-9.4571586687;0.4509311209;-0.9346213989;18.9085311005;-1.0068374879;-1.6303381157;44.8750000000;-11.5000000000;-5.8750000000
-9.6673214412;0.5432573833;-1.3730760020;11.8345524688;-4.7500691908;0.9418962272;44.5000000000;-11.0625000000;-7.5000000000
-9.9400390069;0.0203046963;-1.1767738544;-8.0146423734;1.2658345306;1.2264369808;44.7500000000;-11.8750000000;-7.0625000000
-9.6030658975;0.4277783402;-0.9893244808;9.8403113069;-1.2953022006;0.3175781988;44.8750000000;-12.2500000000;-6.6875000000
-9.5032857074;0.0795249119;-1.3216349243;-13.9326674687;-1.6124576377;1.3295296275;44.0625000000;-13.0000000000;-6.2500000000
-9.6110659095;0.1679704686;-1.0986479562;-6.5641513409;-0.7514377732;-2.1168720523;44.0625000000;-13.0000000000;-6.2500000000
-9.7516078238;0.6508154905;-1.7780340987;1.9215206282;-3.7495756795;0.6920353089;44.8750000000;-12.5625000000;-6.6875000000
-9.7191670433;-0.1908576581;-1.4457905536;-13.6906321963;3.0918924861;-3.5705048181;44.8750000000;-11.8750000000;-7.8750000000
-9.6922976450;1.0676337116;-1.0499993239;20.4792350802;-0.0621279786;-3.5171560994;43.3750000000;-13.7500000000;-6.6875000000
-9.4315830857;0.3969390139;-1.6155687605;-9.6975701166;0.0614355242;0.7608364816;44.8750000000;-13.3750000000;-7.5000000000
-9.5887175159;0.2509742053;-1.1123500358;3.3993033217;3.1405353732;-1.1965540493;44.8750000000;-13.3750000000;-7.5000000000
-9.5482943833;0.5133766359;-0.9963540010;3.5370885256;0.9457414192;0.0000000000;44.5000000000;-12.2500000000;-7.0625000000
-9.5583575147;0.0304776360;-1.0043230371;-7.6306212410;1.8962251033;-1.3989668116;44.7500000000;-11.5000000000;-6.6875000000
-9.6002953586;0.6425195004;-1.0538644780;10.1833750592;-1.7174773545;-1.7190593347;44.5000000000;-10.7500000000;-6.6875000000
-9.4544189117;0.3212728076;-1.2313587759;-3.9349744280;-1.0465296841;0.8150025373;44.0625000000;-11.5000000000;-7.5000000000
-9.8232706376;0.4862068131;-1.0933969293;0.5598054104;-0.4427464989;-0.8828470589;44.0625000000;-11.5000000000;-7.5000000000
-9.5957227079;0.4942499021;-1.4253104759;-0.8231205786;-2.4078594140;2.5369762839;44.0625000000;-11.8750000000;-6.2500000000
-9.7099829700;-0.0689270489;-1.5306688967;-2.8511991837;0.8847681371;1.7319228213;45.1875000000;-13.3750000000;-6.6875000000
-9.5230913377;0.4889597723;-1.2214720150;2.9498169327;0.7411748196;-0.4990706627;44.5000000000;-11.5000000000;-7.0625000000
-9.5865703359;0.1282307513;-1.3179216847;-2.0024164523;2.0160245471;-0.4401207882;44.8750000000;-11.5000000000;-7.5000000000
-9.7185261625;0.4217053625;-1.0388668203;0.0634091367;2.1816398896;-1.9124817340;44.8750000000;-11.5000000000;-7.5000000000
-9.5946171230;0.4535183214;-1.1532916950;3.6997056327;-0.3706311269;1.0093428518;45.1875000000;-13.3750000000;-7.5000000000
-9.5168508931;0.1419981978;-1.3850095590;-5.8712023786;0.5558294125;-0.5592263235;44.5000000000;-11.5000000000;-7.0625000000
-9.5265966902;0.4341586788;-1.4206620162;1.0720368417;0.7395272485;-0.8910936585;43.6875000000;-11.8750000000;-7.0625000000
-9.8628991669;0.3234160714;-1.3564614375;-2.0784814517;1.8581402662;-0.4933934060;44.8750000000;-11.0625000000;-7.0625000000
-9.5507007171;0.2656062386;-1.2600871631;-0.8038096391;2.3442996867;-1.8861934379;44.8750000000;-11.0625000000;-7.0625000000
-9.6276325070;0.5373631226;-1.2925868135;0.3752617387;2.1072635220;-1.1231519681;44.5000000000;-11.5000000000;-7.8750000000
-9.6537109503;0.0917645733;-1.2386749902;-4.3302994289;2.5296032369;-0.1227151626;44.5000000000;-11.5000000000;-6.6875000000
-9.6072145588;0.4570224538;-1.0516703046;6.3772709604;0.4372294195;-1.1744492374;43.6875000000;-11.5000000000;-7.5000000000
-9.5819511167;0.4165847022;-1.3934860233;-1.9175362177;-0.1842937912;0.0000000000;45.1875000000;-12.2500000000;-7.0625000000
-9.6189099952;0.3119202109;-1.2495330676;2.8911370209;0.4934028526;-0.3080149453;45.1875000000;-12.2500000000;-7.0625000000
-9.6435700166;0.6217702985;-1.2760901526;-0.5628961264;-1.3926043622;0.9931830991;44.8750000000;-11.8750000000;-7.0625000000
-9.6734161999;0.1989392179;-1.3551906423;-3.7974369048;0.4340398152;2.3562124882;44.8750000000;-11.0625000000;-5.8750000000
-9.6890346761;0.3432212496;-1.3351070855;3.7583391122;-0.8777696870;0.9983303748;44.0625000000;-11.0625000000;-7.0625000000
-9.5228437999;0.2632348022;-1.4857307078;-1.1993477326;0.0000000000;0.4411544875;44.8750000000;-11.0625000000;-6.6875000000
-9.8453117781;0.2789091859;-1.1768068475;1.5294941002;1.5182841400;-0.8736569055;44.8750000000;-11.0625000000;-6.6875000000
-9.5773584357;0.3536142201;-1.3161968922;-0.6872724539;-0.6320207210;0.4457612790;44.5000000000;-11.8750000000;-6.6875000000
-9.6802041832;0.0902292984;-1.5042975744;-3.8525442071;0.5013670454;0.0634339712;44.8750000000;-11.5000000000;-6.2500000000
