time index;acc_x;acc_y;acc_z;gyr_x;gyr_y;gyr_z;mag_x;mag_y;mag_z
1;-8.6269771248;-0.6867811016;-4.5353141374;0.0004624624;0.0454099354;0.0176322363;0.4638290000;-0.0004750000;0.8070190000
2;-8.6076640013;-0.6815060118;-4.5774567077;-0.0161217534;0.0256699548;0.0084736424;0.4647310000;-0.0013210000;0.8084400000
3;-8.5003359479;-0.6823624553;-4.5419687685;-0.0022296651;0.0347379881;-0.0051888687;0.4630600000;-0.0018230000;0.8079630000
4;-8.5122457221;-0.6561674791;-4.5514076614;0.0004094124;0.0202706581;-0.0005809168;0.4627470000;-0.0015350000;0.8072590000
5;-8.7324499481;-0.5825989148;-4.7175065091;0.0004795773;0.0422676032;0.0104137258;0.4623630000;-0.0004810000;0.8077870000
6;-8.5865800503;-0.6188388974;-4.6518412497;0.0115397815;0.0342959665;-0.0006159132;0.4615230000;-0.0004640000;0.8074780000
7;-8.6596166162;-0.6401496703;-4.6308573461;0.0147009917;0.0492823489;0.0267884846;0.4622780000;-0.0001070000;0.8087460000
8;-8.5647223509;-0.6827449200;-4.6824755225;-0.0013070358;0.0347251901;-0.0025005820;0.4608510000;-0.0003310000;0.8077250000
9;-8.5820382080;-0.6904357329;-4.6708401206;-0.0048281291;0.0435768768;-0.0096574805;0.4607580000;-0.0000860000;0.8085470000
10;-8.4142984546;-0.6178960077;-4.7022208125;0.0236448691;0.0360181664;-0.0060102355;0.4598600000;-0.0014360000;0.8096240000
11;-8.6720592838;-0.6207033077;-4.6550515595;-0.0195538135;0.0307755417;-0.0151783430;0.4590320000;0.0001700000;0.8095790000
12;-8.7453338527;-0.6613105831;-4.5384650833;0.0077794191;0.0216347280;-0.0173123577;0.4589440000;-0.0014480000;0.8104140000
13;-8.4287167641;-0.6596833483;-4.5321355612;0.0183836818;0.0275700340;0.0066637480;0.4571720000;-0.0011700000;0.8106160000
14;-8.3569361020;-0.6187961957;-4.6986701392;-0.0013401546;0.0323075381;-0.0006237187;0.4558800000;-0.0000650000;0.8095910000
15;-8.4974016393;-0.6438870976;-4.6058702355;0.0116332370;0.0538758238;-0.0025628589;0.4570010000;0.0003110000;0.8100470000
16;-8.5994360277;-0.6748157131;-4.6325110505;0.0140203399;0.0384373390;0.0021012924;0.4562210000;0.0009620000;0.8108380000
17;-8.5678687836;-0.6320212614;-4.6287670676;0.0202226572;0.0430434415;-0.0024187455;0.4555180000;0.0009780000;0.8105340000
18;-8.6297755225;-0.6706510954;-4.7289616935;0.0187847899;0.0276777733;-0.0068970623;0.4540070000;0.0009940000;0.8104730000
19;-8.5125909748;-0.6466833682;-4.7454463743;0.0120509842;0.0240464881;0.0031337754;0.4546140000;0.0025550000;0.8115890000
20;-8.6012180623;-0.6419534473;-4.7287129071;0.0123803397;0.0235456516;0.0030714028;0.4532560000;0.0020300000;0.8118140000
21;-8.5875305223;-0.6555838144;-4.7298132595;0.0214336809;0.0506844572;0.0083351981;0.4538800000;0.0025180000;0.8132140000
22;-8.3978214741;-0.6776707581;-4.7324144517;0.0263029269;0.0623579907;-0.0061378023;0.4511840000;0.0035210000;0.8115820000
23;-8.5245560842;-0.6174563152;-4.7005177585;0.0153349154;0.0638881657;0.0146846295;0.4501540000;0.0031000000;0.8127840000
24;-8.6961523268;-0.6555579458;-4.5837925922;0.0227542241;0.0494713032;0.0039315018;0.4485430000;0.0030990000;0.8134090000
25;-8.5275374317;-0.6499472756;-4.5961072555;0.0123515943;0.0395671805;-0.0034008431;0.4488210000;0.0049550000;0.8135440000
26;-8.5780271425;-0.6489750753;-4.7344001479;0.0235982157;0.0569831521;0.0029950164;0.4474750000;0.0058860000;0.8140350000
27;-8.5262063872;-0.6352327242;-4.9147642028;0.0208297777;0.0679999644;0.0139291830;0.4452900000;0.0067020000;0.8142170000
28;-8.4521681103;-0.6420080852;-4.7474835803;0.0442819998;0.0784346626;0.0230623262;0.4442650000;0.0072080000;0.8155500000
29;-8.5611204714;-0.6346893196;-4.8267972874;0.0430595305;0.0740259508;0.0193526398;0.4420270000;0.0080500000;0.8147650000
30;-8.5270481048;-0.6331111302;-4.7077589754;0.0243598620;0.0622539837;0.0297098866;0.4399010000;0.0096340000;0.8160460000
31;-8.6141220490;-0.6080995210;-4.5706456271;0.0050160395;0.0392491876;0.0179270777;0.4387810000;0.0087260000;0.8155940000
32;-8.4369059308;-0.6494768038;-4.6458891499;-0.0014160024;0.0242450627;0.0114732553;0.4383710000;0.0075330000;0.8155870000
33;-8.4939333357;-0.6244018831;-4.7491547449;0.0235656497;0.0055365086;0.0031562831;0.4393420000;0.0071190000;0.8157660000
34;-8.5112939051;-0.6392447033;-4.8713754543;0.0049136514;0.0038875268;0.0013462765;0.4382100000;0.0079450000;0.8151640000
35;-8.3816472139;-0.6260138998;-4.8434738754;0.0039806173;0.0039867767;0.0068765861;0.4397210000;0.0084600000;0.8152210000
36;-8.3229504936;-0.6162211711;-4.7422704102;-0.0048700769;0.0431010023;0.0047628003;0.4386930000;0.0074410000;0.8139460000
37;-8.4303021042;-0.6017208028;-4.9236601513;0.0005591449;0.0511628973;0.0057361370;0.4393630000;0.0075070000;0.8161780000
38;-8.4908379916;-0.5185760311;-4.8533036686;0.0166341120;0.0368953428;0.0182383294;0.4368930000;0.0066700000;0.8136040000
39;-8.3268164327;-0.4143706495;-4.8491925675;-0.0069571611;0.0613019357;0.0635202923;0.4368700000;0.0070810000;0.8131860000
40;-8.5865203393;-0.2162161363;-4.9096649540;0.0222998242;0.0667778862;0.1309535194;0.4361080000;0.0061280000;0.8142650000
41;-8.3443540735;-0.0501530159;-5.1720804097;0.0286213968;0.1195192806;0.2240704436;0.4333860000;0.0045510000;0.8145810000
42;-8.5427398391;0.0387398931;-5.0210068422;0.0862151144;0.1703174389;0.3211423128;0.4264500000;0.0033320000;0.8130710000
43;-8.4321864114;0.0081303593;-4.9633178516;0.0429589291;0.1913104271;0.4039778338;0.4195230000;0.0021090000;0.8116980000
44;-8.2755408275;0.1969721432;-5.1659741597;0.1037190115;0.2635831480;0.4849533494;0.4109000000;0.0009270000;0.8094310000
45;-8.3830591812;0.4798057886;-5.3634663817;0.1612252974;0.3308524076;0.6340710905;0.4011610000;0.0002300000;0.8093200000
46;-8.3240827945;0.7519996939;-5.6794471513;0.1586429937;0.4201012364;0.7382498138;0.3861270000;-0.0011680000;0.8076240000
47;-8.2986473997;1.0719472458;-5.9869898016;0.3603458756;0.5299565433;0.9193050462;0.3709770000;0.0012780000;0.8064460000
48;-8.4477874168;1.1339462064;-6.3400270329;0.4655135092;0.6859289995;1.0288902422;0.3499780000;0.0077480000;0.8062440000
49;-8.0733818027;1.1343326502;-6.4002348801;0.3820493969;0.8271912886;1.1297239600;0.3259950000;0.0137010000;0.8066150000
50;-7.7047916716;1.3123178840;-6.5664805782;0.4822083089;1.0132770078;1.1506665986;0.2995280000;0.0199500000;0.8117080000
51;-7.6778577067;1.4879172900;-6.7368312528;0.5072758112;1.0609986016;1.0707340424;0.2717900000;0.0321460000;0.8138130000
52;-7.0503347477;1.7105708696;-6.7578023178;0.3995452813;0.9941516784;1.0225000624;0.2431390000;0.0437320000;0.8142310000
53;-6.7391173392;1.5666014849;-7.3075547934;0.2775455630;1.1028923841;1.0023343643;0.2139570000;0.0491320000;0.8172920000
54;-6.7755300911;1.8097826176;-7.3118731312;0.3312148504;0.9657535405;1.0882745916;0.1882570000;0.0545390000;0.8188390000
55;-6.2054526056;1.8658626062;-7.1509146342;0.4068724852;0.9272552182;1.0710473240;0.1654120000;0.0636490000;0.8200600000
56;-5.6485694388;1.8586938948;-7.3977196543;0.3593967833;0.8659311087;1.0500271296;0.1453370000;0.0729840000;0.8218040000
57;-5.1389047148;2.6356262019;-8.5271849133;0.3655832018;0.8844104612;1.1598253548;0.1238860000;0.0805420000;0.8208860000
58;-5.0418454770;2.3968289699;-8.2266226728;0.4041884175;0.8852353648;1.0451541726;0.1031150000;0.0908860000;0.8199760000
59;-4.5473471454;2.6713485491;-8.2622623847;0.0887687528;0.8343044667;1.1299367226;0.0853360000;0.0948330000;0.8184060000
60;-4.3663755639;2.6677994010;-8.5016963711;-0.0217530960;0.6039897254;0.9733245823;0.0687060000;0.0962830000;0.8202080000
61;-4.2270333614;2.4602985139;-8.0948099725;-0.1056795007;0.6284418494;0.8770922062;0.0567150000;0.0918490000;0.8214130000
62;-3.7983073075;2.5325913522;-8.0558305930;-0.0322849745;0.4776320986;0.7763518791;0.0450380000;0.0874600000;0.8208380000
63;-3.4574583412;2.8444793816;-8.0444165937;0.1176670038;0.4707592474;0.7948313678;0.0357190000;0.0873540000;0.8183960000
64;-2.9310785857;2.7282951787;-8.1767793194;0.1257610204;0.3325968980;0.6567593491;0.0299210000;0.0924820000;0.8178500000
65;-2.8245714873;3.0892949745;-8.4495073678;0.2580366759;0.3206094230;0.6328432340;0.0216300000;0.0997070000;0.8193940000
66;-2.7789936777;3.1260691474;-8.9296384480;0.2690970847;0.3584918402;0.6273270831;0.0158460000;0.1062250000;0.8166330000
67;-2.3970968888;3.0981318757;-9.3081993979;0.3894043429;0.3190016191;0.5932437736;0.0096920000;0.1180430000;0.8147830000
68;-2.2061210151;3.0033795844;-8.9933980415;0.3274285953;0.2824446227;0.5365114873;0.0070470000;0.1306490000;0.8119650000
69;-2.1615349888;2.9036729038;-9.5465707530;0.2948677614;0.3081359849;0.5272439951;0.0043410000;0.1400300000;0.8104100000
70;-1.7243410438;2.4659173960;-9.0995166307;0.1390778310;0.2843803091;0.4151837750;-0.0022780000;0.1472920000;0.8099530000
71;-1.8201931242;2.6025359347;-9.0657144626;0.1432643502;0.2631516266;0.3620600936;-0.0061880000;0.1516190000;0.8087990000
72;-1.6726487773;2.3886849354;-9.0901899531;0.1153112531;0.2794141003;0.3368646896;-0.0117730000;0.1578390000;0.8071510000
73;-1.4686736814;2.2851934235;-8.6238990523;0.0418395485;0.2107161242;0.2304935548;-0.0139360000;0.1596410000;0.8052590000
74;-1.5199304602;2.4796183527;-8.8206623414;0.0222096563;0.1617964101;0.1911388880;-0.0161020000;0.1619090000;0.8058440000
75;-1.2331773581;2.2955658441;-9.1317476153;-0.0303338584;0.1424185616;0.2052237600;-0.0195600000;0.1623580000;0.8052880000
76;-1.2263856101;2.4946637803;-9.3425319550;0.0262961611;0.1568290412;0.1678952685;-0.0217550000;0.1642410000;0.8053240000
77;-1.1545893828;2.4706126036;-9.3323487358;0.0239010631;0.1496012996;0.0967143223;-0.0243740000;0.1645400000;0.8050790000
78;-1.0879865244;2.8012248742;-9.2507578087;-0.0116575628;0.1141892304;0.0284090717;-0.0263520000;0.1615320000;0.8039190000
79;-1.1479285134;2.7642192115;-9.3903487942;-0.0694081813;0.1279861979;-0.0022016127;-0.0286840000;0.1599620000;0.8038370000
80;-1.0197862568;2.7971332552;-9.1180027960;-0.0448258356;0.1436161446;0.0395042699;-0.0324440000;0.1615560000;0.8053280000
81;-1.0098691870;2.7567982722;-9.1227928019;-0.0401426173;0.1286337029;0.0005653673;-0.0344830000;0.1583780000;0.8055450000
82;-0.9677896772;2.9235628990;-9.2231055777;-0.0025879346;0.1280477595;0.0145199625;-0.0375750000;0.1588450000;0.8041770000
83;-0.9543037112;2.8649169776;-9.0053771858;-0.0807983193;0.0904482777;0.0090452995;-0.0406010000;0.1568870000;0.8039320000
84;-0.9921631704;2.7627215399;-9.0622159959;-0.0512084686;0.0771466451;0.0044991161;-0.0422430000;0.1537130000;0.8038890000
85;-0.9890724850;2.7617055174;-9.1250454174;-0.0029367231;0.0508973669;0.0018368643;-0.0442370000;0.1538350000;0.8050480000
86;-0.8456122474;2.9376989192;-9.0315364583;0.0716007058;0.0291369926;0.0011833714;-0.0447200000;0.1554700000;0.8037760000
87;-0.8701679805;3.0737102615;-9.3901511371;-0.0300225596;0.0448290860;-0.0214532572;-0.0434950000;0.1563240000;0.8061630000
88;-0.8470708952;3.1741702831;-9.5951603573;0.0006410183;0.0637916652;0.0398459978;-0.0438130000;0.1555520000;0.8053280000
89;-0.7493832209;3.0174382472;-9.4304306429;-0.0867752963;0.0555186716;0.0288364223;-0.0436890000;0.1547600000;0.8050640000
90;-0.7973938490;3.0052057944;-9.4984502542;0.0082438700;0.0862899912;0.0072825694;-0.0458280000;0.1521640000;0.8034800000
91;-0.7752455011;2.7175244219;-9.3044932895;-0.0716795056;0.0584043606;0.0184320647;-0.0470040000;0.1524130000;0.8045340000
92;-0.8977843337;2.7347350986;-9.1694974706;0.0247103085;0.0478649109;-0.0210295279;-0.0473530000;0.1516560000;0.8031470000
93;-0.8488360899;2.9208154322;-9.0272642584;0.0104130221;0.0230137073;0.0001915115;-0.0479030000;0.1510630000;0.8056110000
94;-0.7134494294;2.8110103629;-9.1390995847;-0.0066493432;0.0248734016;0.0184657733;-0.0475020000;0.1492030000;0.8053650000
95;-0.6130213332;2.8545390284;-9.3396862548;0.0228440434;0.0224594336;-0.0448067646;-0.0487510000;0.1517490000;0.8051580000
96;-0.7297643660;3.1599437495;-9.4462298064;-0.0841471810;0.0014907371;-0.0279444278;-0.0493470000;0.1514450000;0.8067900000
97;-0.7989938498;2.9915437924;-9.6158398230;-0.0564379944;0.0406002435;0.0000250352;-0.0495940000;0.1496410000;0.8047260000
98;-0.7227252085;3.1896804730;-9.2749235943;-0.0094475634;0.0517182121;0.0404769602;-0.0498150000;0.1494840000;0.8056830000
99;-0.6980530212;2.9375233013;-9.2077832629;-0.0592331427;0.0693671458;-0.0000826793;-0.0511570000;0.1485530000;0.8061870000
100;-0.7588790260;2.7851694538;-9.2587011607;-0.0478931982;0.0260992452;-0.0396007353;-0.0511890000;0.1460440000;0.8055150000
101;-0.8166948848;2.9989562058;-8.8919535836;0.0429525676;0.0330962879;-0.0387443139;-0.0516340000;0.1468620000;0.8049400000
102;-0.8281228227;3.1036734723;-9.3576733472;-0.0348421229;0.0175284157;0.0010736892;-0.0513050000;0.1468990000;0.8034370000
103;-0.6833296727;2.9409726493;-9.2560950340;-0.0104087545;0.0056304882;-0.0177363659;-0.0520050000;0.1453840000;0.8056250000
104;-0.6818692434;3.0881054113;-9.4934999125;0.0603061575;0.0262267345;-0.0070801898;-0.0527560000;0.1468860000;0.8044810000
105;-0.7153808374;2.9835514981;-9.3949310081;-0.0156520249;0.0335487987;-0.0071996987;-0.0525760000;0.1484580000;0.8053040000
106;-0.7208609143;2.9880661971;-9.2295969002;-0.0188554911;0.0349371316;-0.0348800739;-0.0537080000;0.1459620000;0.8045870000
107;-0.7481264034;3.0070565646;-9.1554884010;0.0095784534;0.0356138076;-0.0107691608;-0.0532140000;0.1467140000;0.8061180000
108;-0.7286314856;2.9577603326;-9.2240351008;-0.0173233313;0.0325824437;0.0190931794;-0.0531040000;0.1453970000;0.8055810000
109;-0.7099040951;3.0263741348;-9.1172517218;0.0149752612;0.0300332282;0.0001903200;-0.0541090000;0.1443660000;0.8047210000
110;-0.7493299941;2.9092063673;-9.1041350354;-0.0714374960;0.0103424207;-0.0475233450;-0.0543070000;0.1439320000;0.8060940000
111;-0.7502089720;2.8965151299;-9.2945327285;0.0007066255;0.0150282744;-0.0491882562;-0.0528840000;0.1418980000;0.8069940000
112;-0.7527183016;2.9632630664;-9.1023230525;0.0070591322;0.0208788228;-0.0312619494;-0.0534810000;0.1431240000;0.8061340000
113;-0.7399286307;3.1987873605;-9.4166468581;0.0086125304;0.0210995329;-0.0158935849;-0.0538460000;0.1423080000;0.8069520000
114;-0.7372030544;3.1858243832;-9.2570846804;-0.0693921478;0.0213658823;-0.0255888151;-0.0561620000;0.1399320000;0.8071520000
115;-0.7067878615;3.0430728497;-9.0841631489;0.0122537571;0.0135711776;-0.0052838618;-0.0537460000;0.1387370000;0.8061550000
116;-0.7622750732;3.0241700639;-9.2536851734;0.0096436824;0.0213311719;0.0091970600;-0.0541980000;0.1395590000;0.8054420000
117;-0.6927229440;3.1325394761;-9.3152812491;0.0014845724;0.0229550661;-0.0098666955;-0.0545600000;0.1408670000;0.8063820000
118;-0.7523792682;3.1089599844;-9.1806687349;-0.0066257105;0.0251833007;0.0056089406;-0.0560210000;0.1390660000;0.8046830000
119;-0.7308605250;3.0620010932;-9.4036440109;0.0077402184;0.0248541914;0.0148954151;-0.0553060000;0.1395080000;0.8077410000
120;-0.7118534803;3.1306341366;-9.1975697968;-0.0084818830;0.0380640167;0.0198474225;-0.0551050000;0.1384790000;0.8063780000
121;-0.7351886787;3.0718382101;-9.2015936564;-0.0209266298;0.0319655519;-0.0108412312;-0.0553810000;0.1390140000;0.8063630000
122;-0.7336344820;3.1684582480;-9.3349009269;0.0260440087;0.0207901989;-0.0016126232;-0.0549980000;0.1384920000;0.8058310000
123;-0.7094725086;3.0853028949;-9.1704044800;-0.0322002497;0.0295272287;0.0111660849;-0.0544280000;0.1398050000;0.8062580000
124;-0.7288207909;2.9566190823;-9.1910996078;-0.0048654937;0.0082748197;-0.0125369480;-0.0543400000;0.1382340000;0.8053080000
125;-0.7314691423;3.0271084368;-9.3632095620;0.0042483775;0.0224127127;0.0002007333;-0.0543200000;0.1385550000;0.8082010000
126;-0.6749340191;3.1025860458;-9.2809589189;0.0167459865;0.0141486485;-0.0195260366;-0.0548000000;0.1387260000;0.8069400000
127;-0.8034976065;3.2560592787;-9.1844826321;-0.0031375025;0.0207222477;0.0001945813;-0.0540360000;0.1380160000;0.8083540000
128;-0.7192897563;2.9534569153;-9.3394926556;-0.0335455298;0.0179302390;0.0084725914;-0.0548210000;0.1344840000;0.8064190000
129;-0.7239095735;3.1232615500;-9.0608707096;0.0442747181;0.0280201808;-0.0287634824;-0.0548330000;0.1363510000;0.8062670000
130;-0.7456521927;3.1850955455;-9.2749475233;0.0041661981;0.0215359998;-0.0105769770;-0.0554720000;0.1384600000;0.8071900000
131;-0.6904400239;2.9480525963;-9.0413471422;0.0041965680;0.0181366639;-0.0109190146;-0.0553690000;0.1362820000;0.8090020000
132;-0.7576687373;2.9770679690;-8.9786396801;0.0300111208;0.0002478562;-0.0704651449;-0.0548960000;0.1369790000;0.8076380000
133;-0.8198090411;3.0553746205;-9.0626985679;0.0370660335;-0.0103654562;-0.0446524797;-0.0549280000;0.1377930000;0.8070790000
134;-0.7963722672;2.9596484574;-9.1455801668;0.0369582549;-0.0278269258;-0.0579418957;-0.0561670000;0.1388710000;0.8070220000
135;-0.8397463215;3.0286925550;-9.3322228418;-0.0102870674;-0.0451495053;-0.0619736693;-0.0544110000;0.1388660000;0.8065410000
136;-0.8764516461;3.1129017950;-9.2154536518;0.0022608551;-0.0149200020;-0.0106404050;-0.0516260000;0.1393490000;0.8073380000
137;-0.8710166516;3.0727183935;-9.0237788073;-0.0160046763;-0.0249938756;-0.0775877710;-0.0517860000;0.1390960000;0.8069200000
138;-0.9958391433;3.1061944346;-9.0804677001;-0.0031439194;-0.0640086239;-0.0823602636;-0.0505140000;0.1369380000;0.8075390000
139;-0.9454557208;2.8825454703;-8.9001322693;0.0239004350;-0.0775627960;-0.0102959416;-0.0482070000;0.1361280000;0.8070860000
140;-0.9418921457;2.9259735765;-8.9672108135;0.0426141586;-0.0873311914;-0.1415733643;-0.0458000000;0.1381930000;0.8085460000
141;-1.0985937765;2.6230046720;-8.8584376291;0.0147825431;-0.1151810386;-0.1714915084;-0.0438580000;0.1369670000;0.8089090000
142;-1.2094002789;2.5274197846;-8.7654117928;0.0189785069;-0.1645287966;-0.2425754790;-0.0400430000;0.1376040000;0.8085060000
143;-1.2563727239;2.3336016639;-8.4569351366;-0.0145618600;-0.2787962423;-0.3030109623;-0.0350130000;0.1377730000;0.8102230000
144;-1.5511915024;2.5385583346;-8.9503885412;0.1359122459;-0.2590247988;-0.3766707459;-0.0304740000;0.1396480000;0.8080480000
145;-1.6614634919;2.5859082548;-8.6530901993;-0.0014651944;-0.3525253225;-0.4381319331;-0.0235860000;0.1383660000;0.8086100000
146;-1.7972106153;2.4201316470;-8.7831748940;-0.0062203751;-0.3768668234;-0.6244813135;-0.0160890000;0.1375790000;0.8102960000
147;-2.3780323141;2.6393694262;-8.4973812493;-0.0878094429;-0.5073411373;-0.7087438325;-0.0083560000;0.1334860000;0.8111880000
148;-2.6344195638;2.5310732177;-9.0644758460;-0.0599341083;-0.5236823787;-0.7905211896;0.0032810000;0.1314490000;0.8133240000
149;-2.7855975433;2.1087074178;-8.9687390861;-0.0163496233;-0.5252998018;-0.9175687271;0.0147230000;0.1282460000;0.8143590000
150;-3.3622190441;2.4994446552;-8.5864302913;0.0980883785;-0.6886652705;-0.8989928530;0.0266390000;0.1285300000;0.8141470000
151;-3.5267857057;2.0436705048;-8.8479905017;-0.0243457078;-0.6995341892;-1.0399261348;0.0400010000;0.1299580000;0.8153620000
152;-3.9530652306;2.2770766828;-8.2993421787;-0.2275373230;-0.8576353545;-1.1489757441;0.0574720000;0.1243040000;0.8162430000
153;-4.6564907871;1.7273700118;-8.5817990378;-0.4337597698;-0.8712045565;-1.2916953052;0.0773610000;0.1148600000;0.8186280000
154;-4.6121116420;1.9672163460;-7.6933853894;-0.4493865958;-0.9771503022;-1.3188448304;0.0982330000;0.0994150000;0.8212340000
155;-5.6703403998;1.3370341140;-7.8644168396;-0.3949015246;-0.9944293251;-1.4847483749;0.1207800000;0.0901190000;0.8220700000
156;-5.9789000986;1.3538135788;-7.2380640995;-0.2683844204;-0.9533768805;-1.4857033786;0.1443660000;0.0802420000;0.8243310000
157;-6.5906296669;1.4116176929;-7.3292693440;0.2625874750;-1.0343179055;-1.4528115638;0.1657000000;0.0880260000;0.8236150000
158;-7.8322954524;0.6299642313;-7.7250161441;-0.6777840981;-1.1822657983;-1.8838460144;0.1912280000;0.0874890000;0.8240930000
159;-6.9475712712;0.6110965738;-7.3556485065;-0.3975381491;-1.1363917438;-1.9531995271;0.2201730000;0.0732310000;0.8289440000
160;-7.7521971979;0.9214411330;-7.5172665041;-0.4455538299;-1.0859904766;-1.9821844218;0.2535060000;0.0702930000;0.8316840000
161;-8.3721856427;0.1886502999;-7.1284668261;-0.6252925032;-1.0022601286;-1.9973535345;0.2823770000;0.0650430000;0.8379820000
162;-8.5648885001;-0.4544277915;-6.4196245672;-0.3395746534;-1.0055947116;-1.9931806803;0.3157090000;0.0581160000;0.8455760000
163;-8.1154926163;-0.4928919817;-5.7313620571;-0.3156940482;-0.8763163565;-2.1017690404;0.3520960000;0.0642970000;0.8542980000
164;-7.9483707529;10.2501472612;-14.9673190433;-1.8493037796;0.3014446827;-0.2198821119;0.3839440000;0.0539170000;0.8672330000
165;-7.2179774420;-0.4389166710;-6.8606616244;0.3210229501;-0.3105549592;-2.4175915209;0.3796170000;0.0253570000;0.8674050000
166;-8.1559927234;-3.0491844909;-3.9675912704;-0.1549607707;-0.5609394260;-0.0995933523;0.3823330000;0.0357120000;0.8572380000
167;-8.5295162940;-3.1215170950;-3.8366645878;0.4371584124;-0.2072789358;0.1530948732;0.3942810000;0.0469470000;0.8504690000
168;-7.9192185164;-0.9197850562;-6.5835134684;0.6600874085;0.3938332196;0.4281978450;0.3830160000;0.0485320000;0.8551050000
169;-7.6901780510;-1.0506436183;-6.7917897647;0.4349070274;-0.0356610322;0.0809626803;0.3809790000;0.0612350000;0.8583760000
170;-7.8471549369;-1.0573117083;-5.7833356915;0.2309689266;-0.1499603910;-0.1308044916;0.3922560000;0.0813720000;0.8571660000
171;-7.5135996492;-2.1471484391;-5.3548008927;-0.3053128773;-0.0622026399;-0.2697524101;0.3955990000;0.0825100000;0.8531560000
172;-7.7812819591;-1.9609831107;-5.4319526839;-0.1245228417;0.1109194647;0.0971668905;0.3934940000;0.0745140000;0.8545090000
173;-8.1517745587;-0.7747662278;-5.6827838750;0.0076304867;0.0147295015;0.0086899493;0.3880640000;0.0657050000;0.8527010000
174;-8.0523035593;-1.1190271745;-5.1443689787;-0.0479943975;-0.0513796183;-0.0945264907;0.3894100000;0.0636430000;0.8547000000
175;-7.8747357580;-1.5504717479;-5.4697556902;0.1392319656;0.0317913897;0.0626064943;0.3912840000;0.0687620000;0.8565300000
176;-7.8293441309;-1.5272403571;-5.4329938568;0.2609928246;0.0531005890;0.1357457974;0.3920210000;0.0739800000;0.8551430000
177;-7.9746384605;-1.3342558710;-5.5917798400;0.1435832090;0.0294129568;0.0700289300;0.3908820000;0.0786640000;0.8545110000
178;-8.0737165893;-1.3981211931;-5.6205171642;-0.0363336250;-0.0066691291;0.0040267263;0.3897360000;0.0789650000;0.8536360000
179;-7.9140704121;-1.3959651243;-5.4610498089;-0.0655579552;0.0066814900;0.0412373690;0.3894350000;0.0773870000;0.8530840000
180;-7.9196779205;-0.7934110347;-5.7057009904;-0.0554647778;0.0174301631;0.2146474055;0.3921010000;0.0728110000;0.8540520000
181;-8.2514021334;-0.1225599856;-5.5497917472;-0.2487343151;0.0531180897;0.4514340020;0.3915050000;0.0627400000;0.8528610000
182;-8.3928984826;0.7804787349;-6.0812017103;-0.1743480550;0.1541017354;0.6894739086;0.3868220000;0.0479800000;0.8494720000
183;-7.8535017176;1.5280752187;-6.4686885607;0.1044676575;0.4084244489;1.2099827922;0.3730060000;0.0346830000;0.8446030000
184;-8.6313087376;1.6360012658;-6.8137255536;-0.1694577829;0.5505466941;1.5441600397;0.3520950000;0.0231030000;0.8379200000
185;-8.3140514701;1.4597825154;-6.3308741093;-0.2073723243;0.5941595365;1.6845777704;0.3316410000;0.0055150000;0.8318510000
186;-7.8032633316;2.1816683695;-6.8002102412;0.2199515457;0.6930259570;2.0949065667;0.3093970000;-0.0065340000;0.8233260000
187;-8.5527804809;2.1676710493;-7.3307798122;0.2060215659;0.9757817600;2.2678180388;0.2807830000;-0.0114460000;0.8189040000
188;-7.9629050264;2.2423410270;-7.5328414297;0.0556410394;1.0590945353;2.3221959489;0.2459640000;-0.0265110000;0.8134800000
189;-6.9963865664;3.3715652038;-8.1701261536;0.3067227169;1.0476857379;2.2835975759;0.2171700000;-0.0333950000;0.8132000000
190;-6.1838228388;2.7610772370;-8.8660907628;0.3246022281;1.4520641435;2.3668450891;0.1828710000;-0.0301800000;0.8153820000
191;-6.4128748011;3.4067367770;-8.8389484168;0.5929284925;1.3286155806;2.2772865696;0.1378740000;-0.0218050000;0.8176480000
192;-5.3088247206;2.7746563728;-9.1037397982;1.3277240270;1.8466094037;2.1084763877;0.0897970000;0.0060380000;0.8193720000
193;-5.4776198698;2.4300971062;-7.8441843697;1.7169594803;1.8419572267;1.9190109729;0.0349020000;0.0595820000;0.8176020000
194;-4.1019926432;3.2120286833;-7.5086411530;1.1149007715;1.4275766109;1.4601950237;-0.0051750000;0.1095840000;0.8134200000
195;-2.8407569896;3.0158411229;-7.6761727557;-0.0443238909;0.9873340675;1.2385432825;-0.0318250000;0.1274220000;0.8130460000
196;-1.6596480840;2.2399294044;-7.5339577818;0.0378422916;0.7274651580;0.9843211400;-0.0474350000;0.1279040000;0.8108990000
197;-1.2483419163;2.2035557766;-7.6899581619;0.3464311328;0.6409979403;0.7462409447;-0.0605860000;0.1387990000;0.8064310000
198;-0.9124752345;2.4495926970;-7.7954005115;0.2712168896;0.5473202536;0.6844393889;-0.0664160000;0.1453390000;0.8028410000
199;-0.7904184775;2.1829107821;-8.0441967460;0.2247536284;0.2384373352;0.5148752312;-0.0723690000;0.1526720000;0.7995150000
200;-0.3459793003;1.8978344910;-8.2468658705;0.0686312447;0.2461396604;0.3168284288;-0.0816590000;0.1663060000;0.8005590000
201;-0.4438379895;2.2060856660;-8.6486342327;0.0275865101;0.0276934768;0.1121607736;-0.0829320000;0.1691290000;0.7999360000
202;-0.3522624086;2.3410169087;-8.8831160623;-0.0733660354;0.0574588433;0.1147437677;-0.0837180000;0.1691190000;0.8005930000
203;-0.3037983824;2.1089919862;-9.3676846711;-0.0701509005;0.0713893021;0.1365870712;-0.0775640000;0.1584990000;0.7974720000
204;-0.0905724599;2.3791326197;-9.3730961852;0.0305504728;0.0249873596;0.0400303603;-0.0775050000;0.1592670000;0.7985720000
205;-0.0596857014;2.6358269372;-9.5211630459;0.0314264768;0.0775243866;0.0233376023;-0.0835860000;0.1643350000;0.8003580000
206;-0.1025649032;2.6525498565;-9.6711911637;-0.0618315702;-0.0003917078;-0.0317716968;-0.0822890000;0.1651560000;0.7990250000
207;-0.0957142959;2.6968559220;-9.3654669371;-0.0353580273;0.0882918533;-0.0465141310;-0.0838550000;0.1626760000;0.7978780000
208;-0.2092881061;2.7830660287;-9.3788777039;0.0232072715;0.1127352592;-0.0238641609;-0.0851160000;0.1599110000;0.7972960000
209;-0.0746891156;2.8782303777;-9.1453971513;0.0248364364;0.1236459856;-0.0511799417;-0.0872440000;0.1585710000;0.7984610000
210;-0.0601988117;2.9379008615;-9.2611925589;-0.0242583632;0.0689458149;-0.0522408792;-0.0903580000;0.1623720000;0.7967920000
211;-0.1724328325;2.9057896138;-8.9969658587;-0.0192046911;0.0291366704;-0.0669971920;-0.0911730000;0.1614460000;0.7969040000
212;-0.1324023778;2.9180798855;-9.1717062010;0.0043107591;0.0380369166;-0.0423014338;-0.0933300000;0.1597220000;0.7975190000
213;-0.1176998082;3.1757556795;-9.3497242485;-0.0228993235;0.0507315574;-0.0026026776;-0.0922660000;0.1586640000;0.7968800000
214;0.0994307263;3.1415240651;-9.6836714098;-0.0389381234;0.0455863886;0.0046070211;-0.0937680000;0.1570140000;0.7994510000
215;-0.1780606266;3.1229600412;-9.5391221528;-0.0436452691;0.0367768893;-0.0053581927;-0.0949870000;0.1562220000;0.7996830000
216;-0.1024275574;3.0083409985;-9.1993972154;-0.0145998968;0.0530798506;0.0232278257;-0.0947260000;0.1554280000;0.7994240000
217;-0.0304539459;2.7401615519;-9.0724259732;-0.0066125304;0.0361989701;0.0001906131;-0.0946400000;0.1546550000;0.7984680000
218;-0.0464114438;2.6944678992;-9.2234166734;0.0544404312;0.0246161886;-0.0238788947;-0.0961760000;0.1556140000;0.7979860000
219;-0.1067971126;2.8056332832;-9.1453356328;0.0093183808;0.0016295278;0.0122822525;-0.0952300000;0.1560100000;0.7977450000
220;0.0593883860;2.9488332112;-9.3019321983;0.0659435779;0.0220501825;-0.0059885802;-0.0944940000;0.1578390000;0.7987260000
221;-0.0207976885;3.1619535303;-9.2485163767;-0.0479557701;0.0160258423;-0.0179586463;-0.0956090000;0.1581250000;0.7984040000
222;0.0007050393;2.8851659914;-9.2579139496;-0.0832076862;-0.0045128167;-0.0885350844;-0.0952960000;0.1542480000;0.7989960000
223;-0.1040626987;3.1021715447;-9.2831390515;-0.0094775311;0.0361587961;-0.0053444515;-0.0934710000;0.1502210000;0.7996500000
224;-0.1169603874;3.0047274116;-9.1725228190;0.0086715833;0.0194185148;0.0002808756;-0.0938860000;0.1518230000;0.7996220000
225;-0.0448257143;2.9306725467;-9.1752397119;0.0203348320;0.0192427180;0.0048898255;-0.0936410000;0.1517020000;0.7990810000
226;-0.0836676172;2.7628090329;-9.3390850633;-0.0068553860;-0.0210682240;-0.0583951625;-0.0950020000;0.1526410000;0.7992950000
227;-0.0755807005;2.9359277859;-9.3195348964;0.0282077022;-0.0083430130;-0.0654491889;-0.0950940000;0.1522210000;0.8001220000
228;-0.1756741852;3.0187455633;-9.3162257676;0.0643948519;0.0038426690;0.0076769368;-0.0935390000;0.1537110000;0.7985190000
229;-0.0791185216;3.0585532824;-9.2760316489;0.0112871937;0.0084789283;0.0021249139;-0.0920520000;0.1545040000;0.7981600000
230;-0.0956969009;3.0222468348;-9.3722844570;0.0282316757;0.0167543154;-0.0267716058;-0.0926730000;0.1554090000;0.7993690000
231;-0.1298995260;3.1601332153;-9.7300492639;0.0258353481;0.0300435240;0.0039471685;-0.0918340000;0.1556580000;0.7996760000
232;-0.0818543907;2.9992625409;-9.4844008877;-0.0067485578;0.0382492874;0.0057629076;-0.0924110000;0.1546150000;0.7991090000
233;-0.1192027578;3.0351924298;-9.3723383808;-0.0227150785;0.0404071589;-0.0288784412;-0.0920700000;0.1559750000;0.7978730000
234;-0.1094329967;2.9454922785;-9.2129265620;0.0099040772;0.0581743967;0.0110695490;-0.0940930000;0.1558460000;0.7984810000
235;-0.1656406830;3.0090219273;-9.0337336285;-0.0068580991;0.0222673186;0.0224624745;-0.0935260000;0.1550340000;0.7987860000
236;-0.1506503874;2.9409345175;-9.1884620802;-0.0618456973;0.0108918919;-0.0088376656;-0.0935470000;0.1542470000;0.7983770000
237;-0.1026422149;2.8358317340;-9.1993804358;-0.0765306494;0.0038985934;0.0154993378;-0.0929610000;0.1510330000;0.7989760000
238;-0.0737848838;2.9302616418;-9.2754150248;0.0330997938;0.0285528390;0.0075661893;-0.0940610000;0.1515770000;0.7989270000
239;-0.0588206953;2.9786720638;-9.3844790009;-0.0067323469;0.0135868533;-0.0212233292;-0.0945980000;0.1527730000;0.7991730000
240;-0.1187063550;2.9851771849;-9.3223172402;-0.0226220021;0.0152049552;-0.0383310029;-0.0937150000;0.1502090000;0.8001920000
241;-0.1463163156;3.0399236768;-9.2566986173;0.0281920602;0.0371842817;-0.0133560490;-0.0953820000;0.1515660000;0.7998390000
242;-0.1032314922;2.9546639246;-9.2017912498;-0.0214196125;0.0257543906;-0.0237089970;-0.0953860000;0.1498400000;0.7997140000
243;-0.1176435965;3.0923910996;-9.3819307762;0.0133381507;0.0135515177;-0.0238873152;-0.0935000000;0.1499710000;0.7991000000
244;-0.1355758844;3.0109628273;-9.2269882089;0.0023523413;0.0136777791;-0.0096099737;-0.0932020000;0.1496900000;0.7995270000
245;-0.1128616666;3.0373102937;-9.0792590767;0.0122738791;0.0265689077;-0.0326765364;-0.0948890000;0.1497270000;0.7987700000
246;-0.1457792174;3.0627984347;-9.2695635266;0.0023684120;0.0171599082;-0.0160665004;-0.0937970000;0.1498520000;0.7986750000
247;-0.1204495285;3.0509064801;-9.2404730751;-0.0096625287;0.0014361110;-0.0070345925;-0.0937510000;0.1492970000;0.7995080000
248;-0.1461026167;3.0549960875;-9.1466554922;0.0005686001;0.0138578127;-0.0196043308;-0.0949390000;0.1478250000;0.8002980000
249;-0.1382998189;3.0745844944;-9.2624868516;0.0262229016;0.0168757526;-0.0199850977;-0.0953500000;0.1471640000;0.8002860000
250;-0.1106139715;3.0094341792;-9.3091210229;0.0226401154;0.0098923114;-0.0362958906;-0.0945370000;0.1491540000;0.8001670000
251;-0.1788938618;3.0266047394;-9.2016984838;-0.0212427139;0.0050263856;-0.0145475411;-0.0941730000;0.1496380000;0.8018320000
252;-0.1638272498;3.0265939379;-9.4372609159;-0.0178327302;0.0215008737;-0.0145779183;-0.0939550000;0.1480690000;0.8007490000
253;-0.1130230457;2.9690482148;-9.2274965770;0.0409683989;0.0074477263;-0.0059771907;-0.0945410000;0.1474280000;0.8000410000
254;-0.1629379235;3.1193338197;-9.1918608102;0.0042095293;0.0136638253;-0.0123506206;-0.0944600000;0.1489170000;0.7990690000
255;-0.1651992841;3.1158038378;-9.1843518724;-0.0084010291;0.0265072121;-0.0232430533;-0.0942770000;0.1488930000;0.7999030000
256;-0.1415883020;3.1060527144;-9.5217025915;0.0241251836;0.0352543207;0.0047065729;-0.0929890000;0.1493840000;0.8009160000
257;-0.1387724319;3.1031479929;-9.3018301721;0.0330028636;0.0282242215;0.0020860357;-0.0933150000;0.1488820000;0.7999420000
258;-0.1634685120;3.0143852574;-9.4295911905;-0.0137108153;0.0326563503;-0.0016542719;-0.0955440000;0.1489220000;0.7993010000
259;-0.2045392293;2.9160346734;-9.2974195324;0.0559227472;0.0119094707;-0.0105742983;-0.0945620000;0.1499640000;0.7997460000
260;-0.1202508141;2.8987459227;-9.3802124315;0.0292406531;0.0283153353;0.0092272384;-0.0949140000;0.1502040000;0.8008330000
261;-0.1200332243;2.9279719006;-9.2118001895;-0.0194207286;0.0101860283;-0.0209531249;-0.0944250000;0.1502280000;0.7997500000
262;-0.1501342207;2.8134644271;-9.2735141871;-0.0238954509;0.0087455922;-0.0087641121;-0.0941720000;0.1499710000;0.7993480000
263;-0.1480382656;2.8618939366;-9.1249019870;0.0288627089;-0.0064626579;-0.0470342321;-0.0936350000;0.1487750000;0.7991030000
264;-0.2177400467;2.8602816755;-9.3390763907;-0.0197247415;-0.0154661412;-0.0644600112;-0.0936200000;0.1489000000;0.7993780000
265;-0.2073540871;2.8953300548;-9.1664957293;0.0171814568;-0.0102686216;-0.0636477517;-0.0929660000;0.1495060000;0.8013300000
266;-0.2100036901;2.9023648973;-8.8558581539;0.0147344697;-0.0347858303;-0.0769975740;-0.0911330000;0.1495300000;0.7997490000
267;-0.3337742365;2.7390874677;-8.7462251862;0.0097460945;-0.0726034079;-0.1338775176;-0.0899900000;0.1500270000;0.8006190000
268;-0.4439227481;2.4150405124;-8.4222672420;-0.0482683117;-0.1715983181;-0.1960944280;-0.0869460000;0.1475910000;0.8010340000
269;-0.5624434107;2.1419284747;-8.1005484187;0.0059472985;-0.2707975467;-0.3854910527;-0.0826510000;0.1442680000;0.8042640000
270;-0.7755486976;2.0023968730;-8.0375361825;0.0361315222;-0.3400855228;-0.4362371542;-0.0769160000;0.1436900000;0.8038090000
271;-1.2115403245;1.6811060674;-7.8072201009;-0.0343096703;-0.5314769331;-0.6085611636;-0.0661790000;0.1414340000;0.8045330000
272;-1.5336873799;1.7893137084;-8.3030624340;0.0967581271;-0.6613958422;-0.9963057022;-0.0542200000;0.1385720000;0.8075160000
273;-1.9094347393;2.2965469750;-8.5873594010;0.0066600653;-0.6996219187;-1.0586975218;-0.0405700000;0.1375990000;0.8088980000
274;-2.4379765498;1.3721924219;-10.1725678812;-0.1188239649;-0.8805812913;-1.2640221597;-0.0260210000;0.1305980000;0.8114640000
275;-3.0109645969;2.3358640195;-9.6072114440;-0.0364895598;-0.6734984055;-1.4875368196;-0.0134680000;0.1251170000;0.8126980000
276;-4.0150395090;2.4149237393;-9.3092433096;-0.0119656283;-0.8671669723;-1.5938926589;0.0052040000;0.1243170000;0.8156590000
277;-3.9616568532;2.5427439476;-8.9818084793;-0.2219440310;-0.7866201768;-1.5792538799;0.0165300000;0.1174480000;0.8194730000
278;-4.4093885574;2.2960972778;-8.3017909444;-0.4144573469;-1.0790607971;-1.5374145967;0.0391260000;0.1059340000;0.8236350000
279;-5.7264990674;2.0986968595;-7.8819642386;-0.8061081638;-1.2238735229;-1.7521903914;0.0667370000;0.0838980000;0.8264220000
280;-5.4234074294;2.3995054364;-7.6998460975;-0.4487883022;-1.1101026718;-1.7889274375;0.0952490000;0.0660010000;0.8282500000
281;-6.3573163599;1.9851784961;-7.7837888782;-0.4352299599;-1.1316257623;-1.6974881359;0.1242650000;0.0547660000;0.8294980000
282;-6.9312984219;1.9831540240;-7.5253052795;-0.3583747580;-0.8412282216;-1.7972868480;0.1474580000;0.0428910000;0.8320340000
283;-7.1454964390;1.3577483611;-7.3800445310;0.0815131950;-1.2083746984;-1.8896357591;0.1766800000;0.0421200000;0.8348680000
284;-7.6074523270;1.1586582550;-7.7868784243;-0.3630608870;-1.5248291067;-1.0110845008;0.2105040000;0.0386730000;0.8365280000
285;-6.9215437565;1.8351636445;-6.8907721744;-0.3795394658;-0.6782617281;-1.6437654047;0.2405470000;0.0294560000;0.8365620000
286;-8.5507476632;0.6133397317;-7.8649776420;-0.4488063871;-0.4864457873;-1.5794700799;0.2596450000;0.0251210000;0.8421850000
287;-7.9648710124;0.6136787009;-6.7322567539;-0.5205739472;-0.7399075512;-1.3911830530;0.2774330000;0.0125290000;0.8486440000
288;-7.1282203486;0.1652945874;-6.7174069197;0.1238492552;-0.5744352231;-1.1287191473;0.3068150000;0.0081570000;0.8517860000
289;-7.7112540220;-0.0635999177;-6.7019588405;0.1169948455;-0.4196153367;-0.9797025361;0.3234340000;0.0207980000;0.8552560000
290;-8.2700698497;1.3940223487;-6.5788525010;-0.2068801034;-0.4225321057;-0.7267037453;0.3426600000;0.0286280000;0.8585910000
291;-7.5759814462;2.4374030163;-7.2041768381;0.1108972196;0.0544495013;0.1813711826;0.3475940000;0.0128290000;0.8605590000
292;-8.1808706122;-1.1869763296;-5.2740159190;-0.1529715140;0.0293530717;-0.0205459781;0.3451550000;0.0193540000;0.8562780000
293;-7.8473989436;-2.1005258504;-4.8934342976;-0.0347425554;-0.0497575247;0.0651726378;0.3420780000;0.0168240000;0.8525890000
294;-8.0512427402;-2.0494607588;-5.5429498947;-0.1421883815;-0.0126602430;0.0372739709;0.3413560000;0.0114660000;0.8542530000
295;-7.7113015928;-1.6208104469;-5.8464458116;0.1942505583;-0.0571057386;-0.0213046202;0.3480620000;0.0133970000;0.8540950000
296;-7.6803829455;-0.5196970500;-6.4615936922;0.4778080076;-0.0483804526;-0.0176891553;0.3511370000;0.0241020000;0.8555180000
297;-7.7791735001;-0.2243974313;-6.4278546727;0.1162161263;0.0479650952;0.0097046787;0.3508570000;0.0335440000;0.8557140000
298;-7.5417492088;-1.0012764722;-5.9195060714;-0.1872840738;0.0441353326;-0.0349378747;0.3506190000;0.0298730000;0.8587640000
299;-7.4924024194;-1.4450006232;-5.7746562828;-0.1431216445;0.0454224016;-0.0508526318;0.3491210000;0.0236370000;0.8587490000
300;-7.7879336681;-1.3595118424;-5.6996652025;-0.0214053936;0.0429391996;-0.0034524296;0.3494950000;0.0245160000;0.8555870000
301;-7.8727576413;-0.9318883564;-5.9209976103;0.0529943758;0.0731629603;0.0156217586;0.3473510000;0.0238490000;0.8564710000
302;-7.6502897400;-0.6253378732;-5.8437291107;0.0271916821;0.0603507461;-0.0051359397;0.3450860000;0.0259660000;0.8577430000
303;-7.9250548744;-0.9489963500;-5.8091249984;-0.0269685049;0.0508280102;0.0011413559;0.3433220000;0.0262410000;0.8580830000
304;-7.7379627889;-1.1323520535;-6.0127156488;-0.0215890517;0.0468824441;0.0434665014;0.3421710000;0.0251480000;0.8595610000
305;-7.4733410583;-0.9197614389;-5.8989668441;0.0370722241;0.0680129290;0.0735298811;0.3431100000;0.0256150000;0.8567010000
306;-7.5728240669;-0.4125910179;-6.1110654614;0.0020303081;0.0912032325;0.1723266466;0.3403570000;0.0245850000;0.8564600000
307;-7.8994962041;0.0808563159;-6.3089528468;-0.1798247747;0.1328682113;0.3007054217;0.3341800000;0.0182720000;0.8561200000
308;-7.7136017596;0.3294513964;-6.2469691163;-0.1193320809;0.1549904679;0.5027307784;0.3283530000;0.0097930000;0.8520880000
309;-7.7595488565;0.8436354951;-6.0704999302;-0.0580924232;0.1684217259;0.7869427508;0.3195170000;0.0022720000;0.8482040000
310;-8.1467764338;1.1140016313;-6.0920936335;-0.4508489057;0.1777341361;0.9106457444;0.3131440000;-0.0113860000;0.8440510000
311;-7.9428908972;0.7820835336;-6.0090475663;-0.5271724493;0.2175292687;0.9720128488;0.3021010000;-0.0349580000;0.8344060000
312;-7.9425186655;1.0457971927;-6.3918309742;-0.1841967852;0.2875234178;1.2657975393;0.2924380000;-0.0514390000;0.8276600000
313;-7.9401513294;1.3605106793;-6.4089855219;-0.1244359855;0.2850504735;1.3836728063;0.2815870000;-0.0661370000;0.8242980000
314;-7.4055984950;2.0949239585;-6.7352669269;-0.0032537593;0.2744267306;1.5168590650;0.2693980000;-0.0793750000;0.8166000000
315;-7.4955196828;2.3819198211;-6.9318614211;0.0552812422;0.4007539423;1.6123415703;0.2530910000;-0.0851270000;0.8140570000
316;-7.2698009009;2.9841958651;-7.2285604399;0.0391583399;0.5181800320;1.7122855501;0.2373510000;-0.0918250000;0.8118190000
317;-7.0635362353;3.3014667213;-7.2763902746;0.2515469312;0.6053767430;1.8228142315;0.2153780000;-0.0969000000;0.8109730000
318;-6.9869099651;3.6305651964;-7.9177398034;0.2888157003;0.8166613258;1.9797553957;0.1897620000;-0.0941930000;0.8089590000
319;-6.1650318598;3.3744886812;-7.0983756069;0.1614579400;0.8324221368;1.8872822982;0.1613000000;-0.0960580000;0.8098970000
320;-5.5219970427;3.8376808744;-7.3024503386;0.4676016803;0.7564982959;1.6702163522;0.1379790000;-0.0897690000;0.8123600000
321;-5.5743806463;3.6663731389;-7.4148682191;0.1896781310;0.8188549277;1.6220771698;0.1108670000;-0.0847950000;0.8156450000
322;-5.0948526478;3.8808913141;-7.1342901613;0.2958418531;0.7107561610;1.6904521051;0.0858510000;-0.0813880000;0.8170960000
323;-3.9801589352;3.9363912384;-7.5531810083;0.3215442171;0.8263814474;1.4337007446;0.0609200000;-0.0713110000;0.8178120000
324;-3.9220966634;4.5212175636;-8.3730959044;0.9016648782;0.8867784256;1.4806687323;0.0338890000;-0.0502940000;0.8180890000
325;-3.0486348252;4.6696430533;-8.7229519525;0.9371386596;0.7499158881;1.5401667136;0.0099340000;-0.0228930000;0.8221640000
326;-2.6913420053;4.8667182912;-8.5718627394;0.1428529482;0.5756481798;1.0600027466;-0.0058030000;-0.0069980000;0.8207260000
327;-2.2849411199;3.8995900450;-7.6851073761;-0.3274475521;0.5188947942;0.7704317563;-0.0198340000;-0.0134790000;0.8196580000
328;-1.6169204771;3.1807549059;-7.6955459572;-0.3145753255;0.4033236088;0.5970571224;-0.0298690000;-0.0178150000;0.8165300000
329;-1.3134312049;3.2935412800;-7.6681533857;-0.0198656034;0.4340723888;0.5565126658;-0.0400070000;-0.0207730000;0.8165570000
330;-1.2371452327;3.5795903104;-7.7383517770;0.2153689081;0.3597505007;0.5534259268;-0.0514650000;-0.0210850000;0.8176150000
331;-0.8024074107;3.6384685678;-7.8797979604;0.1113313974;0.2728791844;0.3548956692;-0.0579890000;-0.0149980000;0.8163440000
332;-0.6210649135;3.5708715205;-7.7527446699;0.1631736859;0.2245976937;0.1523051690;-0.0652150000;-0.0098950000;0.8172570000
333;-0.4969065929;4.0762980210;-8.1658618643;0.3539325375;0.1715005973;0.0331674690;-0.0700170000;0.0085630000;0.8152750000
334;-0.4877642963;4.4600764470;-8.5252482597;0.2277931015;0.1944899526;-0.0001514657;-0.0741730000;0.0171320000;0.8147690000
335;-0.4943209652;4.4750313232;-8.6038052668;0.0735819136;0.0566434379;-0.0561892700;-0.0788070000;0.0169000000;0.8152740000
336;-0.4021799087;4.4298568877;-8.5466353773;0.0567797878;0.1314876141;-0.0278685072;-0.0818230000;0.0171960000;0.8152890000
337;-0.5635763437;4.5300587832;-8.6839803139;0.0501824901;0.1327266040;0.0226997145;-0.0829450000;0.0176190000;0.8148270000
338;-0.4630578324;4.7581461668;-8.6285376590;-0.0408004203;0.1254128861;0.0195069250;-0.0851190000;0.0198900000;0.8152740000
339;-0.4688915988;4.7239853600;-8.7788317542;-0.0084440969;0.1197027978;0.0625060453;-0.0895030000;0.0178070000;0.8152510000
340;-0.2425269221;4.5399604357;-8.8208530465;0.0845538444;0.1077618679;0.0989733318;-0.0904370000;0.0186000000;0.8157590000
341;-0.4335250566;4.6065589047;-8.5348486151;-0.0177829880;0.0384960313;0.0771732076;-0.0912340000;0.0205240000;0.8137830000
342;-0.2872023650;4.3650369623;-8.7907500454;0.0023804597;0.0903922931;0.0573816885;-0.0933100000;0.0205550000;0.8134240000
343;-0.1766335277;4.3285372249;-8.3226269702;-0.0732081175;0.0542463786;0.0592047047;-0.0938900000;0.0204430000;0.8128500000
344;-0.3287396023;4.2346146835;-8.3345200922;-0.0208538539;0.0668612890;-0.0017360853;-0.0953860000;0.0207180000;0.8130640000
345;-0.2290509255;4.1659147694;-8.3834908085;0.0516038992;0.0350081039;-0.0068956825;-0.0957830000;0.0204490000;0.8133250000
346;-0.3050873123;4.2482827249;-8.6734208189;-0.0943847158;0.0039141721;-0.0163735846;-0.0963270000;0.0176610000;0.8133240000
347;-0.2046223643;4.0521015517;-8.8761314969;0.0096949869;0.0190833310;-0.0359790503;-0.0966320000;0.0176800000;0.8127600000
348;-0.1679614372;4.1635309102;-8.5905367388;0.0472309100;-0.0100407543;-0.0458793643;-0.0958000000;0.0215210000;0.8130410000
349;-0.2422109580;4.4725027866;-8.9527755066;0.1090276497;0.0239664488;-0.0478471897;-0.0944580000;0.0221860000;0.8125390000
350;-0.2726697382;4.6302982930;-8.8560894110;-0.0209822411;0.0187892060;-0.0537336664;-0.0949520000;0.0242910000;0.8136060000
351;-0.2764195485;4.4952316344;-8.7772129963;-0.0486671311;0.0125943812;-0.0106723984;-0.0955310000;0.0207240000;0.8129200000
352;-0.3199777866;4.5314318395;-8.7459733288;0.0297099387;0.0396108130;-0.0070249744;-0.0957540000;0.0212320000;0.8138720000
353;-0.2828292045;4.3702569571;-8.7737460266;-0.0050952186;0.0283806306;0.0075842941;-0.0963760000;0.0231350000;0.8125930000
354;-0.2667053469;4.2870518318;-8.7405109092;-0.0068216104;0.0139709114;-0.0342859875;-0.0966410000;0.0218040000;0.8127300000
355;-0.3440214815;4.4013183359;-8.5566064819;0.0258627565;0.0066257193;-0.0113978632;-0.0956480000;0.0216450000;0.8133220000
356;-0.2241868059;4.3196853665;-8.7645056070;-0.0234812998;0.0081094779;-0.0041752449;-0.0944500000;0.0219160000;0.8126790000
357;-0.2899893675;4.1687982525;-8.7221221855;0.0097298327;0.0145151315;-0.0478284578;-0.0952100000;0.0200330000;0.8137650000
358;-0.2725148560;4.3302081203;-8.6685028426;0.0598546854;-0.0109836853;-0.0361582946;-0.0953360000;0.0218890000;0.8140220000
359;-0.2659318921;4.4472080640;-8.8768561164;0.0058067018;0.0032688977;-0.0050867973;-0.0948780000;0.0221950000;0.8123840000
360;-0.3206984448;4.5063870516;-8.6770172472;-0.0278076171;0.0157416641;-0.0416352125;-0.0931700000;0.0226780000;0.8135520000
361;-0.3477720516;4.5173616134;-8.8241683919;0.0486808303;0.0206112643;-0.0104554334;-0.0938550000;0.0221540000;0.8135280000
362;-0.3211301550;4.4306082503;-8.7910643274;0.0237301840;0.0249888961;-0.0051315900;-0.0928730000;0.0231960000;0.8139740000
363;-0.3734411301;4.3602604180;-8.7898761419;0.0483078760;0.0423408879;-0.0042432567;-0.0946670000;0.0233530000;0.8137630000
364;-0.3114590653;4.4438612264;-8.6293596834;0.0114762104;0.0138335243;-0.0122246181;-0.0954960000;0.0254910000;0.8137140000
365;-0.2970513544;4.3575579059;-8.5565657384;-0.0224707492;0.0301582401;0.0056510159;-0.0952690000;0.0265750000;0.8128880000
366;-0.2857535042;4.3046306840;-8.6596216874;0.0364184359;0.0109462377;-0.0255620554;-0.0959330000;0.0264380000;0.8132760000
367;-0.3343726779;4.2328615095;-8.6917214497;0.0263685709;-0.0057406828;0.0004520741;-0.0946800000;0.0258840000;0.8136060000
368;-0.3432646470;4.3246474764;-8.8995354736;-0.0135039854;-0.0054575015;-0.0059309505;-0.0936110000;0.0256210000;0.8130990000
369;-0.2446189918;4.1299025335;-8.8525220626;0.0276634845;0.0172838844;-0.0203071895;-0.0946870000;0.0253560000;0.8134710000
370;-0.3290485809;4.2641110806;-8.6406142456;-0.0247440021;0.0067424008;-0.0324011093;-0.0935660000;0.0258640000;0.8139260000
371;-0.3425569841;4.2001642190;-8.8705946603;0.0096786333;0.0169243467;-0.0459983579;-0.0924830000;0.0265250000;0.8136890000
372;-0.3488815425;4.3273570214;-8.8040706921;0.0268599022;0.0135936912;-0.0143330690;-0.0926550000;0.0281380000;0.8131190000
373;-0.3087859324;4.2736234449;-8.7694464513;-0.0156024062;0.0321381978;-0.0192111799;-0.0932280000;0.0251000000;0.8125670000
374;-0.3583372619;4.5091933328;-8.7293210290;0.0409135430;0.0134555862;-0.0283488549;-0.0932920000;0.0261280000;0.8139350000
375;-0.3563077213;4.4520897118;-8.7427230812;0.0050057716;0.0136560931;-0.0212723859;-0.0930890000;0.0278880000;0.8126900000
376;-0.4149230925;4.3454132520;-8.8588425900;0.0369520228;0.0174577556;-0.0209052862;-0.0942790000;0.0273470000;0.8134730000
377;-0.3824013232;4.3881608927;-8.6121356143;0.0168329148;0.0314786259;0.0002649593;-0.0940030000;0.0268120000;0.8134880000
378;-0.3359763238;4.2557175513;-8.6996477210;0.0095521508;0.0175672232;-0.0140949000;-0.0944360000;0.0294850000;0.8131760000
379;-0.3236751567;4.3507613921;-8.8534471757;0.0421443830;0.0416902802;-0.0068993954;-0.0953830000;0.0293550000;0.8134140000
380;-0.3357638997;4.2736571674;-8.7255443394;-0.0140065094;0.0217235881;0.0047443993;-0.0952580000;0.0284300000;0.8131500000
381;-0.3618172938;4.2962432551;-8.8403596175;0.0307112728;0.0146331176;-0.0177454998;-0.0960090000;0.0291990000;0.8144930000
382;-0.3722614587;4.1991060403;-8.6970996471;0.0022172249;0.0160041997;0.0003086357;-0.0947600000;0.0305090000;0.8148090000
383;-0.2916966160;4.1798788058;-8.7639051067;-0.0075418788;0.0286201598;-0.0178008045;-0.0946900000;0.0304080000;0.8135720000
384;-0.3189808950;4.1856855538;-8.7031149275;0.0021561039;0.0087739438;-0.0033174941;-0.0940560000;0.0302940000;0.8126340000
385;-0.3401032405;4.2227339309;-8.8075297877;-0.0096492066;0.0140683358;-0.0249877885;-0.0944430000;0.0289570000;0.8130410000
386;-0.3617156804;4.4228755150;-8.6603267028;0.0201017136;0.0262902526;-0.0088894538;-0.0949360000;0.0310610000;0.8141090000
387;-0.3658132748;4.3587382707;-8.5853644897;-0.0356479889;0.0088124937;-0.0060017064;-0.0939810000;0.0303890000;0.8140140000
388;-0.4146179086;4.1862520911;-8.7938730459;0.0271397811;-0.0041684267;-0.0189914946;-0.0938000000;0.0285730000;0.8122430000
389;-0.3325635542;4.3531240455;-8.6853004791;0.0444899406;0.0193248103;0.0146982367;-0.0935510000;0.0295780000;0.8143130000
390;-0.3479398291;4.2008180875;-8.8237775511;0.0078314403;0.0084626175;-0.0256705264;-0.0923630000;0.0306520000;0.8135260000
391;-0.3953479440;4.2315350956;-8.7872530505;0.0059145912;0.0224358858;-0.0088926653;-0.0922260000;0.0310490000;0.8135290000
392;-0.3948237538;4.2234425523;-8.5401419401;0.0454964202;-0.0099517662;-0.0243721165;-0.0927460000;0.0311730000;0.8140580000
393;-0.4556949873;4.2708510095;-8.5956608471;0.0478046356;-0.0148314921;-0.0157480192;-0.0927720000;0.0326480000;0.8136330000
394;-0.3885755038;4.0666394118;-8.5473900845;0.0204559307;-0.0187696110;-0.0701444884;-0.0915520000;0.0335730000;0.8133990000
395;-0.4541101037;3.8875699423;-8.4645235154;0.0222104833;-0.0470518769;-0.1488073389;-0.0895950000;0.0323390000;0.8140390000
396;-0.5460054026;3.7116800262;-8.4880932283;0.0546418522;-0.0973604862;-0.2245237882;-0.0874670000;0.0325480000;0.8153630000
397;-0.7861149038;3.7762130006;-8.3845870662;-0.0050028806;-0.1436674485;-0.2351426490;-0.0837590000;0.0337040000;0.8155040000
398;-0.8431956160;3.7016926502;-8.1302875804;0.0313129847;-0.1822070747;-0.2159718535;-0.0792360000;0.0319310000;0.8154230000
399;-0.9004569196;3.6635062315;-8.1540350035;0.0182075355;-0.3022466369;-0.3792581309;-0.0747420000;0.0289090000;0.8172790000
400;-0.9641052469;3.5844637546;-8.2723498457;0.0815644985;-0.2742969938;-0.4981759456;-0.0655380000;0.0298710000;0.8176420000
401;-1.5831419081;3.2384774463;-8.2107566807;-0.0542245130;-0.4347010586;-0.7484658975;-0.0553290000;0.0281410000;0.8187540000
402;-1.7785943931;2.9834299411;-8.4386199351;0.0427446681;-0.4520967819;-0.9842127362;-0.0439460000;0.0243030000;0.8186890000
403;-2.5397068102;2.8121817061;-8.1255385069;0.0663393218;-0.5805476284;-1.2098861043;-0.0280320000;0.0243350000;0.8213950000
404;-2.6592896085;3.0868916621;-8.3758276969;0.0622117306;-0.5977426250;-1.3525850907;-0.0130470000;0.0202420000;0.8245090000
405;-3.3511198020;3.3386287072;-8.6233267588;0.0822745066;-0.5988818639;-1.1651477449;0.0002930000;0.0216820000;0.8253100000
406;-3.7709696754;3.5125801872;-8.8553979157;-0.2234313473;-0.7295922920;-1.4358949161;0.0197660000;0.0182930000;0.8252900000
407;-4.1814566838;3.5762634920;-8.9169758424;-0.2728761249;-0.5707845503;-1.5402017346;0.0368880000;0.0074280000;0.8271600000
408;-4.9303691808;2.9514506685;-8.7055891272;-0.3330548824;-0.8286005531;-1.6868413941;0.0538980000;-0.0010560000;0.8295600000
409;-4.5713320045;3.1516909845;-8.1953001578;-0.4296764003;-0.6528085384;-1.6739168053;0.0765450000;-0.0177780000;0.8294900000
410;-5.5180217522;2.6868396503;-8.0595310259;-0.3138277036;-0.6137887902;-1.7037118653;0.0956250000;-0.0262220000;0.8296290000
411;-5.7902512032;2.6696613208;-7.5133845285;-0.1546903162;-0.2817149136;-1.7096293647;0.1120980000;-0.0330440000;0.8297890000
412;-6.0626214327;2.7583484821;-7.3572706932;0.1218470807;-0.5507726883;-1.3781544185;0.1223300000;-0.0284730000;0.8340270000
413;-7.2117497875;3.0550331250;-7.0908159083;-0.1464516373;-0.7535991787;-1.6391406518;0.1442510000;-0.0270920000;0.8337950000
414;-6.1094927756;2.5804735372;-7.8378778214;-0.0549274427;-0.3274573759;-1.5012248621;0.1677270000;-0.0285420000;0.8343350000
415;-7.2602030981;1.8270047804;-7.5265891263;-0.0140847924;-0.4866818201;-1.4833139281;0.1819950000;-0.0261000000;0.8370960000
416;-7.0943396213;1.6184552735;-6.9409653167;-0.0213183365;-0.5398943190;-1.2356646890;0.1989060000;-0.0242350000;0.8405190000
417;-7.1340568457;1.5487432061;-7.2422051018;0.2241312798;-0.5458747466;-1.0804715364;0.2169930000;-0.0159740000;0.8431150000
418;-7.7342839932;0.2131723271;-6.6285092788;-0.1515911993;-0.6017021039;-1.2176270631;0.2291410000;-0.0112880000;0.8472910000
419;-7.8342189190;0.0660193158;-5.9514536821;-0.3197022116;-0.6376466617;-1.3206505752;0.2517380000;-0.0165570000;0.8516830000
420;-7.7474482306;-0.7704005845;-5.7452385181;-0.1534431266;-0.5534622825;-1.3796406924;0.2771210000;-0.0178200000;0.8545050000
421;-8.0753110865;0.3769934482;-6.3396300138;-0.0659730646;-0.7210225248;-1.3110569201;0.3103600000;-0.0159940000;0.8581700000
422;-6.3217586726;0.9319316531;-5.8798636921;1.3382234777;-0.3151224847;0.0669055854;0.3023440000;-0.0317010000;0.8665090000
423;-9.3341826818;-1.4716450857;-5.0292831665;-0.1246065264;-0.0284991102;0.1104005577;0.3082130000;-0.0013760000;0.8594930000
424;-7.6256406769;-2.2210120364;-4.3840503904;-0.3175405860;-0.4135394098;-0.1903883741;0.3238630000;-0.0076560000;0.8546550000
425;-6.9189133129;-1.4093074490;-6.0417217818;-0.0730285520;0.0047937011;0.0860458153;0.3336150000;-0.0080270000;0.8499490000
426;-7.6593572001;-0.4364827564;-7.0493630515;0.2380486890;-0.0478192205;0.0675598235;0.3334680000;-0.0115440000;0.8521740000
427;-8.0282562875;-0.8678738591;-6.1158392943;0.3616684945;-0.0419213291;-0.0395263194;0.3373080000;-0.0010840000;0.8525280000
428;-7.6110542146;-1.1279312717;-5.7962576559;-0.1503709862;0.0035650898;-0.1047730374;0.3416350000;-0.0076780000;0.8537150000
429;-7.6984177115;-1.2321513892;-5.7429619775;-0.1857518535;0.0311998929;-0.0376207773;0.3405590000;-0.0145210000;0.8513780000
430;-7.7442649030;-0.9927232300;-5.9215144423;0.0480088154;0.0463725382;0.0604728709;0.3395290000;-0.0071660000;0.8503180000
431;-7.8925945133;-0.6614607475;-5.6777739715;0.0334061359;-0.0088165515;0.0098374747;0.3399680000;-0.0057220000;0.8508770000
432;-7.8768061118;-0.9431057546;-5.6873959239;-0.0458723316;0.0093207186;-0.0278475280;0.3388490000;-0.0072950000;0.8504300000
433;-7.7952202584;-1.0222889644;-5.6660201809;0.0609141051;-0.0082951469;0.0501670175;0.3400750000;-0.0134840000;0.8525920000
434;-7.7523486913;-0.8550281505;-5.6876267149;0.0810616785;0.0148049454;0.0412008923;0.3393250000;-0.0121160000;0.8514490000
435;-7.7820638270;-0.8775040999;-5.7241454014;0.0166343891;-0.0214755092;-0.0057107466;0.3414710000;-0.0052030000;0.8507950000
436;-7.6399319847;-1.0337617799;-5.7434779918;-0.0228271969;0.0231571845;-0.0079256810;0.3415330000;-0.0062980000;0.8519090000
437;-7.8029708899;-0.9981392650;-5.7219805052;0.0242986304;0.0312468893;0.0174048070;0.3425410000;-0.0059980000;0.8502930000
438;-7.8722203778;-0.9571701376;-5.7762292743;0.0259535138;0.0094324149;0.0176202208;0.3420570000;-0.0081510000;0.8513920000
439;-7.7141365546;-0.9145519383;-5.6872608507;-0.0029417862;0.0417119305;-0.0187265198;0.3417150000;-0.0086460000;0.8501410000
440;-7.7115336565;-0.9670314520;-5.8733259941;0.0005152119;0.0254019254;0.0103381437;0.3414940000;-0.0056140000;0.8512130000
441;-7.6450070024;-0.9499168226;-5.8059614948;0.0004748758;0.0131037588;0.0031947397;0.3417090000;-0.0058520000;0.8501200000
442;-7.7703708282;-0.9644873269;-5.8094139599;-0.0095440138;0.0273532754;-0.0041892651;0.3414670000;-0.0067960000;0.8506690000
443;-7.7745103586;-0.9515671822;-5.7875642247;-0.0420491215;0.0200287879;-0.0114591277;0.3412790000;-0.0085640000;0.8521910000
444;-7.8992793361;-0.9542238518;-5.8581260448;-0.0102174522;0.0349542484;-0.0143882835;0.3408700000;-0.0101560000;0.8521860000
445;-7.9195243647;-0.9072683621;-5.7499069811;-0.0176564436;0.0199548623;-0.0005482679;0.3412590000;-0.0100160000;0.8517870000
446;-7.9187755051;-0.9369749112;-5.8008944378;0.0295438218;0.0179086650;-0.0151722467;0.3402190000;-0.0086370000;0.8503570000
447;-7.8189607235;-0.9580761421;-5.7483226557;-0.0175959012;0.0236058742;-0.0042807020;0.3416670000;-0.0081580000;0.8517900000
448;-7.8880967240;-0.9283474430;-5.8473994073;-0.0066334045;0.0167796322;0.0067855413;0.3398580000;-0.0115820000;0.8511910000
449;-7.7753687142;-0.8993650154;-5.6780005244;-0.0191213824;0.0237359701;-0.0005860367;0.3387740000;-0.0115780000;0.8514230000
450;-7.8414144139;-0.9234098880;-5.7310482940;-0.0067079275;0.0230884654;-0.0061450179;0.3399240000;-0.0106850000;0.8524270000
451;-7.6754442266;-0.8995433984;-5.8306970647;0.0206911758;0.0237713922;0.0066750364;0.3405880000;-0.0104150000;0.8520390000
452;-7.6590505202;-0.9157430444;-5.9243702205;0.0185767364;0.0230981013;0.0030825350;0.3394880000;-0.0098710000;0.8519900000
453;-7.7971041906;-0.9459234550;-5.8069752276;0.0050100017;0.0198791899;-0.0060325313;0.3406420000;-0.0102420000;0.8505230000
454;-7.6706567524;-0.9101336550;-5.8452888987;-0.0049947952;0.0137929535;-0.0005022034;0.3421700000;-0.0107990000;0.8508640000
455;-7.7449507201;-0.9126381594;-5.8843824916;0.0075786765;0.0002720328;0.0049508977;0.3412510000;-0.0098790000;0.8516480000
456;-7.7166837909;-0.9302732831;-5.8748515574;0.0059320469;0.0143211606;-0.0041542020;0.3412240000;-0.0110620000;0.8511040000
457;-7.9457095585;-0.9039134358;-5.7472641537;0.0113478565;0.0127500590;-0.0042023302;0.3409030000;-0.0106370000;0.8502610000
458;-7.7795888558;-0.9300186853;-5.8694792894;0.0169008873;0.0129032228;0.0032245414;0.3418410000;-0.0107030000;0.8523670000
459;-7.8531922994;-0.9297037882;-5.6847323730;0.0113605800;0.0146418923;-0.0042127395;0.3408170000;-0.0099960000;0.8512180000
460;-7.8987531506;-0.9326272325;-5.7651591023;0.0218292389;0.0071835033;-0.0032390942;0.3406640000;-0.0099870000;0.8509360000
461;-7.7599502898;-0.9514030809;-5.8328434602;-0.0048706600;0.0129765614;-0.0059816200;0.3409690000;-0.0098730000;0.8514990000
462;-7.8402245961;-0.9176124762;-5.7377753467;0.0077880458;0.0286349569;-0.0005711958;0.3428620000;-0.0094800000;0.8510200000
463;-7.8290157977;-0.9004859405;-5.7773903789;0.0088257378;0.0233376730;0.0031224178;0.3405120000;-0.0103770000;0.8506570000
464;-7.9154142431;-0.9277123271;-5.8692920388;0.0095829779;0.0028229982;-0.0076356869;0.3400990000;-0.0095740000;0.8506340000
465;-7.7923534661;-0.8969526396;-5.6627671728;0.0197458183;0.0126992244;-0.0059277930;0.3410290000;-0.0089050000;0.8501150000
466;-7.8603553756;-0.9316993097;-5.7082944761;0.0076210290;0.0110842230;0.0086864268;0.3416620000;-0.0089530000;0.8516580000
467;-7.7649513424;-0.9229872847;-5.7558308666;0.0188885730;-0.0016610509;0.0013848193;0.3421890000;-0.0092140000;0.8512670000
468;-7.8007119501;-0.9441619449;-5.8144507636;-0.0138007267;0.0130902887;0.0048764738;0.3429230000;-0.0094430000;0.8496440000
469;-7.7608092278;-0.9316841094;-5.9029355345;0.0059143864;0.0309388445;-0.0005809752;0.3421680000;-0.0101340000;0.8508590000
470;-7.6510598864;-0.9074410463;-5.8391563825;-0.0244164683;0.0284961426;-0.0115273507;0.3419910000;-0.0093150000;0.8501570000
471;-7.7653709891;-0.9123660955;-5.6932970320;-0.0137981813;0.0341018572;-0.0033647114;0.3430800000;-0.0111820000;0.8499390000
472;-7.8533049731;-0.9162934376;-5.8409130433;-0.0056818797;0.0201355965;-0.0097328078;0.3421020000;-0.0114970000;0.8521070000
473;-7.7405160191;-0.8888489014;-5.7946255286;-0.0083139379;0.0288709640;-0.0060712981;0.3404070000;-0.0109230000;0.8512080000
474;-7.7854531179;-0.9087404024;-5.8385556637;0.0005476532;0.0183927554;-0.0069677727;0.3409300000;-0.0126440000;0.8506900000
475;-7.8173468162;-0.8815543906;-5.7984826002;-0.0118819583;0.0233574095;-0.0220072285;0.3424500000;-0.0130640000;0.8508920000
476;-7.8951556869;-0.9129465881;-5.7752830019;-0.0047714216;0.0314310839;-0.0096121134;0.3413910000;-0.0142680000;0.8515480000
477;-7.6793318819;-0.8971653678;-5.8901405863;-0.0047299146;0.0393115488;-0.0154911248;0.3413330000;-0.0122460000;0.8505660000
478;-7.7639093639;-0.8536087702;-5.6661938136;-0.0012793156;0.0254756906;0.0050072732;0.3404510000;-0.0141350000;0.8519220000
479;-7.8428123206;-0.9075568179;-5.8652820338;0.0077271222;0.0148278828;-0.0004865477;0.3411310000;-0.0144050000;0.8518140000
480;-7.8424884730;-0.9132184180;-5.9087928560;0.0006015457;0.0319469947;-0.0059523233;0.3393660000;-0.0134650000;0.8521500000
481;-7.6461959389;-0.8749432992;-5.6963485285;-0.0177838941;0.0215958850;0.0103259768;0.3396060000;-0.0151790000;0.8514830000
482;-7.9264894585;-0.8841983702;-5.7460895599;-0.0305111695;0.0287428259;-0.0153444370;0.3381720000;-0.0151330000;0.8503220000
483;-7.8133737149;-0.8721955256;-5.6973090239;0.0067815933;0.0220412978;-0.0059902483;0.3401730000;-0.0158580000;0.8517860000
484;-7.7332070004;-0.8854489315;-5.8067863903;-0.0049148418;0.0178512057;-0.0078790112;0.3390120000;-0.0152830000;0.8506320000
485;-7.7659575150;-0.8428462702;-5.9270560062;-0.0118946194;0.0236216200;-0.0033105405;0.3406080000;-0.0160070000;0.8522180000
486;-7.7457592387;-0.8668225653;-5.8448473114;-0.0031034974;0.0308199640;0.0067826466;0.3394860000;-0.0161170000;0.8517600000
487;-7.6784301053;-0.8268884721;-5.8113892558;0.0356755073;0.0418657421;0.0086996410;0.3382630000;-0.0154450000;0.8519820000
488;-7.7523322234;-0.7637241208;-5.7574486534;0.0398850701;0.0431639388;0.0477604554;0.3383560000;-0.0156900000;0.8511600000
489;-7.8364217887;-0.3595426446;-6.1002197711;0.0596514974;0.0853006177;0.1716535478;0.3353620000;-0.0152720000;0.8515880000
490;-7.8485875219;0.2932957908;-6.1143122478;-0.0407727780;0.1466574158;0.3646695444;0.3325360000;-0.0173280000;0.8499740000
491;-7.6167114432;0.9793440280;-6.2854697790;-0.0282163739;0.1950937223;0.6474705028;0.3229480000;-0.0245460000;0.8499170000
492;-7.7106184561;1.3953674813;-6.6884972298;0.1519916891;0.3317011874;1.0515002392;0.3090090000;-0.0270830000;0.8456530000
493;-8.1482883692;1.5745036463;-6.6452003180;0.0781746937;0.4545660377;1.2906049587;0.2937910000;-0.0307820000;0.8405200000
494;-8.1056007361;1.6228436631;-6.7395643613;0.0931409471;0.5336367313;1.4245202402;0.2746110000;-0.0341140000;0.8331570000
495;-8.0327078430;1.8233425526;-6.7597023077;0.0276291214;0.6427426637;1.6290481628;0.2556680000;-0.0376310000;0.8275970000
496;-7.9589429709;1.7746652853;-7.0472512134;0.1319195094;0.7189552922;1.7318017081;0.2346590000;-0.0433150000;0.8243130000
497;-7.4194070573;2.1166101580;-7.1241029606;0.3238802361;0.7724400756;1.8296955584;0.2109950000;-0.0433020000;0.8228110000
498;-6.9572847365;2.3736106630;-7.5071113885;0.4221062483;1.0037236699;2.0214083127;0.1813230000;-0.0395170000;0.8218670000
499;-6.7847434007;2.5457128440;-7.6654958021;0.3993118385;0.9299453119;1.8808075413;0.1522960000;-0.0308700000;0.8228420000
500;-6.3291553161;2.6635208917;-8.1777637839;0.3881828058;0.9249723906;1.7317138954;0.1268590000;-0.0237330000;0.8242490000
501;-5.7149398692;3.7906199120;-8.8440456440;0.6264892986;1.1544087501;1.9143487687;0.0971370000;-0.0114850000;0.8251710000
502;-5.1451599316;3.7711943987;-9.2237920079;0.7480593205;1.3848916794;2.0175783681;0.0608080000;0.0128030000;0.8260150000
503;-4.4840083372;3.6022826317;-9.2419077823;0.5733735202;1.3413317673;1.8146445642;0.0252820000;0.0341040000;0.8238800000
504;-4.2837619355;3.5801035801;-8.5337536829;0.8244743855;1.4317901003;1.7421583009;-0.0086680000;0.0607390000;0.8206670000
505;-4.0524426978;3.7392251535;-8.2604951861;0.1843587912;1.0692607227;1.8329515823;-0.0361920000;0.0810040000;0.8194130000
506;-2.6530893607;2.7287371117;-8.0816714737;0.0077039649;0.8410791156;1.4651336790;-0.0550220000;0.0873980000;0.8162660000
507;-1.9564718323;2.7506380889;-7.3785828730;-0.0078377882;0.6801961163;1.3570338213;-0.0680660000;0.0907970000;0.8135110000
508;-1.2577821509;2.1952019992;-7.1410478444;0.1917339049;0.5846475179;1.0968105754;-0.0778880000;0.0975190000;0.8096220000
509;-0.5351740029;1.9663866018;-7.3829704257;0.4666931918;0.4508412243;0.7946429728;-0.0855040000;0.1148450000;0.8062940000
510;-0.2341801800;2.0384139582;-7.8359105299;0.4128028058;0.3572907351;0.6812661557;-0.0955950000;0.1289430000;0.8052340000
511;-0.0212160526;2.2094889260;-7.9833431311;0.3087901539;0.1294571618;0.5136457064;-0.0973750000;0.1439120000;0.8032610000
512;0.1707359913;1.9173047672;-8.2686291934;0.0995441692;0.0342127487;0.1787461117;-0.0936140000;0.1521520000;0.8021120000
513;0.0180220044;1.9521628043;-9.2986678980;0.1008254240;0.0583419625;0.1499462955;-0.0931640000;0.1573140000;0.7979570000
514;0.2174637342;1.7585768458;-9.5376339398;-0.0716122185;0.0200590458;0.1633040114;-0.0923410000;0.1575710000;0.7979880000
515;0.3612965262;1.8450026938;-9.2391423151;0.0855536863;-0.0033776322;0.0087006899;-0.0927850000;0.1577900000;0.7998980000
516;0.1033487422;2.3458652335;-9.4961231610;0.0028062597;0.0342604835;-0.1035700324;-0.0929550000;0.1591370000;0.7993300000
517;0.0943633636;2.3201145933;-9.1691700087;0.0082815806;-0.0001205825;-0.1245392532;-0.0948320000;0.1583380000;0.8000880000
518;-0.0241219125;2.6455689411;-9.1680215009;0.0666747394;0.0130665837;-0.1304439237;-0.0915480000;0.1577760000;0.7999480000
519;-0.0232948267;2.8058540552;-8.6459402430;0.0841948347;-0.0438727569;-0.2042378231;-0.0932490000;0.1608770000;0.7990300000
520;-0.2118296140;2.7425009658;-8.7836396346;-0.0150866158;-0.0982017225;-0.2789200675;-0.0941690000;0.1591400000;0.7996950000
521;-0.2373516797;2.7522826539;-8.5679367793;0.1501946454;-0.1323859800;-0.2418140928;-0.0903180000;0.1606890000;0.7999760000
522;-0.3588620942;2.2643760184;-8.4501405527;-0.0554353312;-0.2531038025;-0.3859055284;-0.0875570000;0.1617150000;0.8003550000
523;-0.5348135557;2.2518816711;-8.2783819612;0.0299422767;-0.3272990129;-0.5632201499;-0.0825390000;0.1567070000;0.8016960000
524;-0.9031397131;2.1517787081;-8.2971212912;-0.0579868261;-0.4353766424;-0.6830269028;-0.0758940000;0.1546140000;0.8028060000
525;-1.0795296351;1.2447685795;-8.2272487726;-0.1631505902;-0.5674220075;-0.9873809974;-0.0671060000;0.1464780000;0.8052860000
526;-2.0272177328;1.8277080830;-8.6083629159;0.0905932276;-0.7854946479;-1.2147319048;-0.0518430000;0.1405190000;0.8084240000
527;-2.5025380804;1.1887661906;-9.2171484019;-0.2735556468;-0.7393735052;-1.7619532660;-0.0415580000;0.1351630000;0.8108060000
528;-3.7045409122;1.9788277020;-8.7474735266;-0.3066249654;-1.0360032958;-1.7771461830;-0.0248070000;0.1154430000;0.8156210000
529;-3.9045391310;2.7308691470;-9.5201769076;-0.2751152226;-1.1044000934;-2.0575052821;-0.0023180000;0.1033830000;0.8203350000
530;-4.1097826036;3.0497268821;-9.5414613758;-0.6418603869;-0.7608086830;-1.9044663578;0.0145080000;0.0838910000;0.8265290000
531;-4.7445850269;2.3558001486;-9.1151948892;-0.4983335815;-1.1008452401;-1.8876004694;0.0392370000;0.0673340000;0.8294360000
532;-5.0945829841;3.1098554873;-8.0359748457;-0.3452892978;-0.9604726785;-1.5178540834;0.0663640000;0.0510540000;0.8310580000
533;-5.6114254539;2.6459204036;-8.1929679128;-0.2882037043;-0.7213814867;-1.9509364775;0.0912540000;0.0412620000;0.8346110000
534;-5.9214655426;2.0908844572;-7.1787017507;0.0006985478;-0.7712134475;-1.4927087690;0.1096910000;0.0363910000;0.8356640000
535;-6.1883579851;2.3889499373;-8.1856019374;-0.0804950087;-0.9640077001;-1.4322099018;0.1328840000;0.0383380000;0.8386490000
536;-6.1670955656;2.1097633482;-8.3504314844;-0.2998467591;-1.1142618849;-1.4082864867;0.1634290000;0.0304680000;0.8378660000
537;-7.0536082417;1.9413622729;-7.7887268107;-0.1801561476;-0.6076238362;-1.2105989698;0.1790650000;0.0253210000;0.8403240000
538;-6.9105848849;1.8756780275;-8.2054593148;-0.3008192019;-0.6167642048;-1.0797202946;0.1992910000;0.0185010000;0.8439440000
539;-7.3064291620;1.0662101387;-7.4541075887;-0.2815149812;-0.4137118013;-0.8028736159;0.2129230000;0.0124870000;0.8448110000
540;-6.9946767229;0.7778021662;-6.1423850003;-0.1321230676;-0.5624929549;-0.8097321936;0.2310870000;0.0076870000;0.8433710000
541;-7.0568310467;0.7340605321;-6.5517081774;0.1433197609;-0.5005441006;-0.7250871524;0.2479300000;0.0125090000;0.8456660000
542;-7.5065203633;0.3986492688;-6.4293266085;-0.2216884556;-0.4233103107;-0.6228245362;0.2608640000;0.0110260000;0.8464730000
543;-7.6313647091;0.3074288666;-6.5362884077;-0.4126283792;-0.5028589445;-0.5840342937;0.2784400000;0.0025950000;0.8466890000
544;-7.7499466515;0.2288019225;-6.9091742270;-0.2305673968;-0.3682885510;-0.5285900687;0.2919830000;-0.0053030000;0.8483940000
545;-7.6075500271;0.1684331022;-6.6858325306;-0.0405591056;-0.2357874910;-0.4962673369;0.3063590000;-0.0101570000;0.8503860000
546;-7.7562961020;-0.1992860601;-6.1948410026;-0.1167505523;-0.2300466111;-0.5219150234;0.3155180000;-0.0101720000;0.8524080000
547;-7.7612213972;-0.3325911701;-5.8222198868;-0.1805035611;-0.2094128317;-0.5090436822;0.3259550000;-0.0142720000;0.8525820000
548;-7.5964798885;0.2621121506;-6.3057785330;-0.0498887996;-0.0628996675;-0.2795432833;0.3297790000;-0.0117800000;0.8574040000
549;-7.7415696007;1.3252704469;-6.6112147930;-0.1414753709;-0.0160377320;0.0696848587;0.3327900000;-0.0204470000;0.8570370000
550;-8.0449977481;-0.7078257819;-5.6497745481;0.0829613362;-0.0354609426;-0.0001852750;0.3360910000;-0.0213490000;0.8546950000
551;-7.7108207401;-1.0083912910;-5.5998640586;0.1190155343;-0.0190937134;0.0090720182;0.3380890000;-0.0164230000;0.8537740000
552;-7.7019280801;-0.7001058474;-6.0444560840;-0.0269361432;0.0251246596;0.0719726023;0.3387190000;-0.0148070000;0.8528230000
553;-7.6261517351;0.7592497584;-6.5468321182;0.2144495623;0.1244764621;0.4008702843;0.3331450000;-0.0139760000;0.8536950000
554;-7.7586441852;1.9404617165;-7.0202805207;0.5182588554;0.3133232932;0.8214166249;0.3231180000;-0.0053600000;0.8536430000
555;-8.1484046934;2.5483224937;-6.9850336236;0.0277056530;0.4007795020;1.2235316260;0.3122850000;-0.0042520000;0.8511320000
556;-8.0143344394;1.9526692494;-6.6528233432;-0.3611500742;0.3803222653;1.3703041355;0.2983220000;-0.0187370000;0.8410280000
557;-8.2479858572;1.8193294013;-6.7595204793;-0.1585940281;0.6674685469;1.5067208461;0.2778920000;-0.0333450000;0.8330080000
558;-8.0951681223;2.3582927612;-6.9426211783;-0.0084662328;0.7231378125;1.8549113135;0.2494060000;-0.0432370000;0.8257320000
559;-7.6202620667;3.1821862919;-7.7627811877;0.0861399759;0.7631013168;2.3046467906;0.2252300000;-0.0527370000;0.8220740000
560;-7.6850164013;3.6222912000;-8.5368591829;0.1766071007;0.9995984010;2.5524324926;0.1999950000;-0.0607180000;0.8216690000
561;-7.2942509334;3.8416319800;-8.6526879121;0.1755849087;1.2733677630;2.5674603995;0.1589210000;-0.0619250000;0.8226470000
562;-6.3191194202;4.4705401168;-8.3055054028;0.1017981183;1.6104113934;2.5842557012;0.1172650000;-0.0660340000;0.8229320000
563;-5.8927766497;4.1255341791;-8.8353847472;0.2320881410;1.1880687495;2.4264691524;0.0781420000;-0.0578380000;0.8197840000
564;-5.4375377505;3.4415082502;-7.7401577439;0.2684531465;1.4055274014;2.1771298179;0.0341670000;-0.0522270000;0.8205950000
565;-4.7159155021;3.1464652791;-7.7546120150;0.4930121007;1.2904958412;2.1856611631;-0.0050090000;-0.0384240000;0.8216770000
566;-3.1071306914;2.8556269289;-7.6763509030;0.3518767729;1.0734793279;1.5757674497;-0.0370530000;-0.0215710000;0.8204040000
567;-1.7420737164;3.7026934573;-7.4810468459;0.3097793168;0.7917357504;1.2520245291;-0.0608470000;-0.0077380000;0.8194840000
568;-1.5435403290;3.3237258478;-7.8096658467;0.2515306442;0.6445835623;1.0823491370;-0.0805620000;0.0094610000;0.8155340000
569;-0.6500650884;2.7447884597;-7.3399490320;0.2569690577;0.5698595882;0.8725166156;-0.0955780000;0.0212790000;0.8120870000
570;-0.1996541430;3.1310494750;-7.1049136657;0.3217005960;0.5557645166;0.6090641413;-0.1074040000;0.0324470000;0.8118060000
571;-0.3329515832;2.8345454240;-6.9696559200;0.3196063721;0.1995757251;0.5208987157;-0.1132740000;0.0469150000;0.8102240000
572;0.1873707772;2.6268849090;-7.2714280242;0.3290874159;0.1576027876;0.2051277015;-0.1194030000;0.0573900000;0.8087980000
573;0.4830124090;3.0941129270;-8.3341335771;0.5259917431;0.1169068284;0.1382731903;-0.1217580000;0.0737080000;0.8063790000
574;0.3847585934;3.7117286098;-8.8028110727;0.2284806395;0.0266248934;0.1191370055;-0.1229270000;0.0846530000;0.8054250000
575;0.4296931773;3.3257005993;-9.0896808382;-0.0260872747;0.0140852015;-0.0343360968;-0.1219180000;0.0876760000;0.8064080000
576;0.2130398848;3.6668904105;-9.2553313404;0.0862345804;0.0274319783;-0.0351252767;-0.1238320000;0.0899510000;0.8065900000
577;0.2993122490;3.7281121190;-8.9924116053;0.1422884996;-0.0209852652;0.0117758345;-0.1223550000;0.0919450000;0.8060830000
578;0.2393348570;3.5963731660;-8.8321383014;0.0231832799;0.0225565908;-0.0560615205;-0.1212350000;0.0933190000;0.8040510000
579;0.3031324735;3.2802618393;-8.6243016388;0.0601802636;-0.0072646578;-0.0999896992;-0.1217170000;0.0938230000;0.8052680000
580;0.1882288236;3.1240414668;-8.3385243991;0.0391785117;-0.0540775417;-0.1515679182;-0.1210070000;0.0969930000;0.8058250000
581;0.0433054744;3.1325890360;-8.4633786299;0.1309657449;-0.1039117924;-0.1607338945;-0.1191530000;0.0976710000;0.8046540000
582;-0.0467582285;3.1781046821;-7.5765746877;0.0147528940;-0.2548730582;-0.2699312747;-0.1140010000;0.0978460000;0.8061000000
583;-0.2644583648;2.1991641021;-7.8504793877;-0.1422376739;-0.3358351954;-0.5873718711;-0.1073940000;0.0918510000;0.8088910000
584;-0.8033147281;2.3337728942;-7.2285515951;-0.0467787841;-0.6116673237;-0.8208288057;-0.0946810000;0.0831680000;0.8104300000
585;-1.3292054072;1.9700495907;-7.5915014876;-0.0381559736;-0.6679182812;-1.1297480100;-0.0810740000;0.0805540000;0.8134770000
586;-2.1317057157;2.0982013114;-8.0303941639;-0.1623512895;-0.8294650847;-1.4163817189;-0.0645020000;0.0689630000;0.8178120000
587;-2.6689521504;2.5378839796;-8.0834026319;-0.0195012441;-0.9259189312;-1.6830563536;-0.0426640000;0.0622770000;0.8208060000
588;-3.0485402437;2.2449502850;-9.6762645415;-0.2713511425;-0.9446922009;-1.9150560139;-0.0213690000;0.0524030000;0.8238010000
589;-4.0665738052;3.0837348562;-9.4199129596;-0.3994953044;-1.0758274995;-1.8850812155;0.0019780000;0.0329420000;0.8263980000
590;-5.6282939956;3.4243322061;-10.3207269213;-0.3167170695;-1.1099403677;-2.1926044753;0.0306180000;0.0226240000;0.8283140000
591;-5.4641353466;4.0029651830;-9.3009803511;-0.6104269536;-1.1775029042;-2.1368503489;0.0609030000;0.0036510000;0.8299450000
592;-5.6988899604;3.3419136127;-9.0193497437;-0.6094303213;-0.8389030812;-1.9406244050;0.0873960000;-0.0131800000;0.8325110000
593;-5.7843111315;3.0933685984;-7.4319172126;0.0222148920;-0.6059101201;-1.6129291061;0.1094410000;-0.0235570000;0.8341620000
594;-6.6329440859;3.0145871860;-7.6353906932;0.1032386187;-0.8110740664;-1.6707054252;0.1306260000;-0.0143710000;0.8357730000
595;-5.7317438963;2.3836689643;-6.8070882914;-0.2744028293;-0.9894336497;-1.5921359474;0.1559340000;-0.0191850000;0.8371010000
596;-6.7048549349;3.7126863360;-8.1169482212;-0.1082808390;-0.6830253823;-1.5016527194;0.1831790000;-0.0193090000;0.8364050000
597;-7.7530320400;2.0977889847;-7.3463243172;-0.4236200183;-0.5398736237;-1.3946619502;0.1977840000;-0.0270680000;0.8374620000
598;-7.1106136601;1.4504030569;-6.3943171569;-0.0622151187;-0.5138099594;-1.2433266205;0.2230410000;-0.0301960000;0.8404300000
599;-7.2696931710;1.6477688710;-6.8770581909;0.1135780813;-0.6177460220;-0.8994269322;0.2422630000;-0.0237600000;0.8411550000
600;-7.5341372410;1.1340997370;-7.1553590393;-0.2183325738;-0.4442496282;-0.8121648488;0.2586740000;-0.0267630000;0.8428010000
601;-7.2743898982;1.2532521467;-6.9795293091;0.0460186179;-0.3469291624;-0.6148580053;0.2758490000;-0.0265570000;0.8434900000
602;-7.5249035133;0.7480190229;-6.5035535870;0.1463673864;-0.2488476354;-0.5760181450;0.2855510000;-0.0201940000;0.8456250000
603;-7.8062255586;0.0100810049;-6.4933752846;-0.1890105885;-0.2477321583;-0.5815199312;0.2964280000;-0.0199280000;0.8464740000
604;-7.4917684679;-0.0311730949;-6.3503334680;-0.2045578052;-0.1509648113;-0.4128447286;0.3042390000;-0.0248570000;0.8487540000
605;-7.5811115363;0.0634370937;-6.2259084815;0.2943020813;-0.0554637252;-0.2666993081;0.3090130000;-0.0189130000;0.8484890000
606;-7.7033412720;0.0297444815;-6.1665192575;0.1797998655;-0.1467019959;-0.2623809412;0.3138970000;-0.0116940000;0.8502860000
607;-7.8697437960;-0.5593853064;-6.1011734162;-0.1639535902;-0.1610830194;-0.3246319411;0.3211430000;-0.0091000000;0.8500070000
608;-7.5004034793;-0.5022609577;-5.8898180751;-0.2079913607;-0.1162660011;-0.2657205791;0.3265500000;-0.0141680000;0.8534320000
609;-7.5632674607;0.1958032212;-6.4980911179;0.0300990136;-0.0341281237;-0.0803920563;0.3312780000;-0.0158440000;0.8545990000
610;-7.8518240599;0.2933159045;-6.4890484376;0.0721885482;0.0256139347;0.0615669414;0.3341330000;-0.0159940000;0.8541630000
611;-7.8995402787;-0.0069522365;-6.2949251753;0.0422655990;0.1106597832;0.1901554108;0.3314020000;-0.0165030000;0.8543330000
612;-7.7684927459;0.1495442705;-5.9741909868;0.0539914376;0.1282201559;0.3660244821;0.3265800000;-0.0171730000;0.8513870000
613;-7.7686750265;0.6670028478;-6.3281480676;-0.0047700046;0.1643458697;0.6107399262;0.3178480000;-0.0170380000;0.8496570000
614;-7.8293427408;1.8287391021;-6.7087384837;0.0716965629;0.2965199886;0.9846387646;0.3079530000;-0.0224410000;0.8465420000
615;-7.7893603187;3.0000108419;-7.3143243748;0.1316392599;0.4609267399;1.4577121173;0.2923370000;-0.0260090000;0.8416670000
616;-7.6258950318;4.2719956150;-7.9012333733;-0.1814767820;0.6623397232;2.1548157168;0.2720940000;-0.0390500000;0.8346080000
617;-8.0163042613;4.4062371996;-8.6780840093;0.0010165142;1.0217925222;2.6259660625;0.2398390000;-0.0535890000;0.8284560000
618;-8.5447007562;4.3602166067;-8.4061384178;-0.2334145573;1.3053173391;2.9602795609;0.1985940000;-0.0663380000;0.8234460000
619;-8.0258833606;3.6784937018;-8.0192624038;0.0418458850;1.3068071055;3.2171630510;0.1514130000;-0.0804040000;0.8201370000
620;-7.3727097767;3.5770777513;-8.1021891756;0.1788548586;1.8396620056;3.4995355425;0.1051170000;-0.0852740000;0.8207930000
621;-6.4882675423;3.5038643208;-8.5572852245;0.6881578933;1.2575435813;2.9007536111;0.0569430000;-0.0691460000;0.8228750000
622;-6.2201742019;3.0143635267;-7.6018000609;0.3268679521;1.4765320288;2.3904262030;0.0140910000;-0.0564480000;0.8218870000
623;-4.3666324086;3.5133760736;-7.2626215232;0.9075395774;1.3093500231;2.8197524670;-0.0337790000;-0.0247860000;0.8200070000
624;-3.0845259341;2.9549110873;-7.8378990839;0.0957601322;0.9855328829;1.7961212646;-0.0670270000;0.0020990000;0.8170960000
625;-1.1685808099;1.6741007301;-6.8379040118;-0.5815258321;0.4960612445;1.0549486772;-0.0832100000;-0.0085000000;0.8166610000
626;-0.4215644032;1.8208109940;-7.0705258368;0.3647700808;0.4536144369;0.7946363330;-0.0913230000;-0.0054820000;0.8163130000
627;-0.4363191436;2.2597599066;-7.1219628378;0.6060439120;0.4155924026;0.6278873863;-0.1022530000;0.0151440000;0.8151720000
628;0.0548600388;2.5742770014;-7.3471608532;0.5392444844;0.3916342551;0.4201526815;-0.1090000000;0.0297150000;0.8101080000
629;-0.0611448287;3.2177063594;-7.6074483309;0.2519618339;0.1131507539;0.2669204892;-0.1152690000;0.0415230000;0.8086670000
630;0.1967396001;3.2930529321;-8.2131587833;0.2238089612;0.1265576681;0.1239628550;-0.1204730000;0.0576540000;0.8093040000
631;0.3330611410;3.9121366189;-9.1455807920;0.1875313807;0.0354960198;0.0312666820;-0.1230120000;0.0672840000;0.8083050000
632;0.2273445091;4.5809097697;-9.2073256477;0.1667882585;0.0421492959;0.0816571594;-0.1229810000;0.0704580000;0.8089720000
633;0.3543187124;4.1750369963;-9.3075987568;0.0362550981;0.0725323514;0.0335379552;-0.1199450000;0.0677590000;0.8092520000
634;0.3649575734;3.9457517184;-9.0647700944;0.0260632348;0.1115335388;0.0564065200;-0.1231160000;0.0695950000;0.8064920000
635;0.2919812897;3.8873158311;-8.7095476520;0.0704475676;0.0764267266;0.0381356035;-0.1258200000;0.0771790000;0.8074310000
636;0.3349295791;3.5649174397;-8.7018516717;-0.0299195751;0.1037138100;0.0218609636;-0.1291360000;0.0785540000;0.8070120000
637;0.3568639494;3.2507147302;-8.5090242682;0.0396713507;0.0598871370;0.0257311654;-0.1293790000;0.0780100000;0.8075570000
638;0.4224519520;3.5989315565;-8.7857884124;0.2410854645;0.0318667831;0.0132481878;-0.1277200000;0.0773890000;0.8052850000
639;0.3728898919;3.7750071043;-8.9164825242;0.0483659946;-0.0001004595;0.0222840174;-0.1272040000;0.0825830000;0.8048540000
640;0.6178682426;3.3680737849;-8.8023706061;-0.0699161566;0.0370251583;-0.1063278607;-0.1301740000;0.0857800000;0.8058140000
641;0.3525018305;3.6033788781;-8.6539236669;0.0223141253;-0.0653623210;-0.1064252135;-0.1276280000;0.0838550000;0.8071710000
642;0.1986373283;3.4996136532;-8.6396175964;0.0756062989;-0.0783711139;-0.1477111891;-0.1259800000;0.0843690000;0.8072340000
643;0.1895710289;3.0981835521;-8.4954329812;0.0257400904;-0.1403407089;-0.2527139465;-0.1235500000;0.0799770000;0.8063990000
644;-0.0608999997;3.0798714054;-7.9354246067;0.0416998470;-0.2407631308;-0.4068700960;-0.1187850000;0.0786820000;0.8082540000
645;-0.2989343053;2.9862189976;-8.2503706104;-0.0550481848;-0.3277114178;-0.5488207855;-0.1136020000;0.0790420000;0.8077700000
646;-0.4455412134;2.4128190508;-7.6908603374;-0.1161134164;-0.4827526122;-0.7217321360;-0.1035250000;0.0708640000;0.8112670000
647;-0.7366684619;2.1724715774;-8.3440897515;0.0107903746;-0.5237694701;-1.0473452250;-0.0923250000;0.0663190000;0.8128530000
648;-1.4082847842;2.4922389443;-7.6118397970;0.0862105046;-0.7020388837;-1.2248744318;-0.0760610000;0.0595320000;0.8167270000
649;-2.1592318412;2.5656981499;-8.6918913177;0.1140987931;-0.6374730649;-1.3763581549;-0.0591640000;0.0571510000;0.8197670000
650;-2.7285942258;4.9200076096;-8.4570850981;0.1015633125;-0.7776364784;-1.5273652087;-0.0375110000;0.0581980000;0.8221450000
651;-3.1831419114;3.8631814444;-9.4565518863;-0.1964296719;-0.3519052840;-1.4120582079;-0.0299300000;0.0503260000;0.8251270000
652;-3.6045955436;4.1983091315;-8.8429120836;-0.3788968549;-0.9437846134;-1.4145458015;-0.0105420000;0.0330900000;0.8256180000
653;-3.9561712727;4.4086816866;-10.4695004622;-0.1831506553;-0.9753341712;-1.0717898869;0.0150510000;0.0264720000;0.8295900000
654;-4.0921436708;4.0501286418;-8.5364034691;-0.7884090833;-0.7209616451;-1.4557437230;0.0334760000;0.0067230000;0.8299230000
655;-5.2477572004;3.2890990677;-8.7760747509;-0.4367710464;-0.8083388525;-1.1302448972;0.0544390000;-0.0118910000;0.8315910000
656;-4.7236155389;3.5554878610;-8.0419143640;-0.0160336324;-0.6047715778;-1.1400903160;0.0740590000;-0.0192730000;0.8316060000
657;-4.8529226747;3.5109631760;-7.0757508060;-0.1273735380;-0.6185196631;-1.1972206325;0.0946840000;-0.0192450000;0.8327100000
658;-5.6971925130;2.5116768744;-7.6762337240;-0.5888478204;-0.8148892503;-1.5109673964;0.1195250000;-0.0329980000;0.8302250000
659;-6.2101630607;1.7597812563;-7.4834568780;-0.3236563752;-0.5248846258;-1.4086739582;0.1361890000;-0.0506130000;0.8310240000
660;-6.6724889098;2.6640293623;-8.0615851412;0.1081503228;-0.6076556449;-1.4318405276;0.1578080000;-0.0442330000;0.8329490000
661;-6.6726243300;2.1754033722;-7.7133452615;-0.1314101767;-0.6895278057;-1.5267055721;0.1769330000;-0.0424670000;0.8342560000
662;-7.1115848257;1.4436836047;-7.5273891899;0.0718818599;-0.5907382137;-1.5585174319;0.1981230000;-0.0360080000;0.8383680000
663;-6.7194633604;1.5543122450;-7.5128871631;-0.0392210345;-0.3775551747;-1.4093796979;0.2163530000;-0.0341980000;0.8433610000
664;-7.1951094695;2.0272731042;-7.5645929257;0.2266571815;-0.2898634254;-1.0506304707;0.2268990000;-0.0232700000;0.8485290000
665;-7.4889440365;1.6343480760;-7.1270478852;-0.0260749978;-0.3570776991;-1.0665350091;0.2385970000;-0.0176950000;0.8495100000
666;-7.6433314599;0.6261679193;-6.5852841610;-0.1996271674;-0.3403988086;-1.1169347808;0.2542050000;-0.0174450000;0.8541320000
667;-7.4246204121;0.3232855284;-6.0401483518;-0.1537511967;-0.2912413496;-0.9524216111;0.2671840000;-0.0186850000;0.8557660000
668;-7.4081560081;0.2640784082;-6.2591580732;0.0285400077;-0.2870022573;-0.7138139759;0.2768580000;-0.0144370000;0.8623260000
669;-7.8901356752;0.3182001278;-6.6060342023;-0.0113878136;-0.3136352307;-0.6377738320;0.2915290000;-0.0111970000;0.8649600000
670;-7.6935177355;2.0545373153;-7.1052604874;0.0300731474;-0.1775642949;-0.0013704139;0.3045540000;-0.0121270000;0.8649390000
671;-7.7791446471;0.2407569920;-6.6719989405;0.2344821981;-0.0414055773;-0.0563815954;0.3051180000;-0.0046970000;0.8654580000
672;-7.3909277539;-1.2342382304;-5.4602445949;-0.0448859003;-0.1544203485;0.0600132130;0.3098800000;-0.0033310000;0.8623320000
673;-7.3845306977;-1.5905348848;-5.8884682458;-0.0729323325;-0.1473759926;-0.0144837577;0.3143440000;-0.0057390000;0.8611500000
674;-7.4896164783;-1.3728672079;-6.3739531507;0.0824390488;-0.0877351248;-0.1237539432;0.3205140000;-0.0065990000;0.8611290000
675;-7.4637725745;0.0071068470;-6.8517270155;0.1660554313;0.0813950779;0.0159849552;0.3220620000;-0.0025140000;0.8619880000
676;-7.6063215451;-0.5323008735;-6.3537598823;-0.0720845027;0.0710720366;-0.0434771329;0.3215100000;-0.0015770000;0.8619590000
677;-7.6064828239;-1.0731149568;-5.7947334496;-0.1465837435;0.0698613664;-0.0521180998;0.3180550000;-0.0065790000;0.8613050000
678;-7.6314824985;-0.9132329359;-5.8070291049;-0.0341702929;0.0252773959;-0.0196596831;0.3155520000;-0.0070020000;0.8631380000
679;-7.7653750325;-0.4106419695;-6.1373484495;0.0351959122;0.0280330829;0.0422441969;0.3137180000;-0.0062940000;0.8622320000
680;-7.6319677867;-0.4589099065;-6.2550794746;0.0680722637;0.0365974989;0.0286386322;0.3159020000;-0.0065770000;0.8620460000
681;-7.5969465294;-0.5173688163;-6.2734321221;0.1086210993;0.0790466543;0.1220698121;0.3149390000;-0.0060340000;0.8620030000
682;-7.3747657886;-0.2580184782;-6.4267114291;0.0789765461;0.1191027756;0.2443637501;0.3110610000;-0.0022540000;0.8614060000
683;-7.5381211355;0.3745467893;-6.5392654997;-0.1091998398;0.1873971769;0.3787439924;0.3022900000;-0.0050240000;0.8588690000
684;-7.6004711148;0.6040075319;-6.8239218516;-0.1319747607;0.2604434249;0.5567577623;0.2943060000;-0.0123700000;0.8580500000
685;-7.6129490492;0.7941132794;-6.6601928553;0.0080150847;0.3102285664;0.8177969909;0.2827010000;-0.0174580000;0.8537610000
686;-7.4953829784;1.1526275505;-6.4959559174;0.0378740941;0.4004024818;0.9996370644;0.2692570000;-0.0191770000;0.8485470000
687;-7.4934171994;1.4202168203;-6.8291352494;0.0171837220;0.5829263568;1.1465721248;0.2534080000;-0.0240920000;0.8443620000
688;-7.4423749252;1.4324251203;-7.2123052856;0.1323708036;0.6490064872;1.4281546710;0.2322690000;-0.0257240000;0.8388380000
689;-7.2987220560;1.7944667874;-6.9411716464;0.0457347941;0.8351603286;1.3629891744;0.2090710000;-0.0252760000;0.8358350000
690;-6.9026366099;1.6714141164;-6.8229276333;0.0282646628;0.7733084720;1.4546834874;0.1856280000;-0.0290270000;0.8357470000
691;-6.5147374000;1.6183284532;-7.3568749794;0.2453594082;0.6660200293;1.6214147896;0.1647560000;-0.0271370000;0.8326890000
692;-6.3917426725;1.8387268509;-7.2459100503;0.2529228216;0.7453656993;1.5747893819;0.1437080000;-0.0225030000;0.8315340000
693;-5.9498425947;1.8348665580;-7.4144147041;0.3941782237;0.7299147427;1.5171066736;0.1192230000;-0.0171660000;0.8302350000
694;-5.5474232341;1.8363326412;-7.9155684037;0.3676815564;0.7549237831;1.3368002558;0.0961730000;-0.0045640000;0.8303200000
695;-5.1619832423;1.8919678011;-7.7159450007;0.3724003878;0.6731765297;1.1408275389;0.0789910000;0.0052000000;0.8298330000
696;-4.7180886793;2.1262511799;-7.7617109988;0.3649207380;0.6367838852;0.9788858720;0.0625090000;0.0164130000;0.8296410000
697;-4.3988908669;2.3662174664;-8.3532785355;0.3150061531;0.5601976534;0.8665644085;0.0457380000;0.0268380000;0.8291660000
698;-4.1480346687;2.0361189911;-8.2268216097;0.5050132884;0.5828296150;0.7830667928;0.0315960000;0.0432730000;0.8268240000
699;-4.0842130323;1.9869859832;-7.7925128969;0.3216557908;0.4844476118;0.5335736808;0.0188510000;0.0562250000;0.8248380000
700;-3.5383515993;2.2170655976;-7.9552768235;0.4899736565;0.3519790601;0.4465929212;0.0079740000;0.0700470000;0.8244380000
701;-3.6124697153;2.2005017299;-7.6995580834;0.0308705652;0.1955579396;0.2077938456;0.0014190000;0.0795370000;0.8252080000
702;-3.1127797379;2.3954012169;-8.2473559969;0.0989796107;0.1676560492;0.1675436381;-0.0013870000;0.0784000000;0.8240010000
703;-3.4351640972;2.7955749936;-8.8909150799;0.1448175439;0.1483944214;0.2597402830;-0.0049720000;0.0844940000;0.8213310000
704;-3.1411015519;2.9227384802;-9.0291441824;0.1711243702;0.1344446763;0.2898528904;-0.0060010000;0.0913170000;0.8202750000
705;-3.3335819874;2.7212795260;-8.8216047742;0.1155542228;0.0618042008;0.1374418292;-0.0088210000;0.0955690000;0.8215090000
706;-3.0041401296;2.7279111375;-8.9098958629;0.1289432318;0.1045673125;0.1927472523;-0.0101280000;0.1005360000;0.8203170000
707;-3.2798198203;2.1306235770;-8.3765739954;-0.0945045693;0.0170937554;0.0826970474;-0.0101640000;0.0993580000;0.8196350000
708;-2.7697210163;2.1526486052;-8.6364422643;0.2105041673;0.0534905475;0.0815503587;-0.0100050000;0.0998770000;0.8200510000
709;-2.9130746265;2.4560132320;-9.0802726994;0.0520492965;0.0542538257;0.0992994875;-0.0112100000;0.1068530000;0.8182980000
710;-2.8104562789;2.6114129422;-9.3672175895;0.0004813855;0.0547741670;0.0858603912;-0.0124810000;0.1049570000;0.8200530000
711;-3.0211134705;2.6009650969;-9.3119457894;0.0282457363;0.1059480561;0.0308951373;-0.0118200000;0.1064240000;0.8196550000
712;-2.8181792765;2.6056519715;-9.0113465559;0.0558254468;0.1040686058;0.0633912560;-0.0140460000;0.1085890000;0.8191360000
713;-2.8856775302;2.4921421828;-8.5699995079;0.0051479634;0.0611796940;0.0367884035;-0.0167680000;0.1076100000;0.8169660000
714;-2.7960574345;2.5609785069;-8.9100427461;-0.0049413107;0.0555481961;0.0463800668;-0.0158890000;0.1070420000;0.8179710000
715;-2.9140240561;2.4542084477;-8.7959243631;-0.0489770356;-0.0133859923;0.0000622793;-0.0167010000;0.1079750000;0.8182070000
716;-2.8199231422;2.5557465813;-8.9901599786;0.0405878487;-0.0114990353;-0.0249853754;-0.0160740000;0.1073990000;0.8196150000
717;-2.9542385178;2.6600139505;-9.1387751769;0.0006080723;0.0094322981;-0.0147507122;-0.0147020000;0.1083150000;0.8196630000
718;-2.8229921090;2.6246522563;-9.0323547652;0.0189307274;0.0329632921;-0.0108865058;-0.0156760000;0.1073360000;0.8168740000
719;-2.9239551754;2.7542473681;-9.0521143372;-0.0337790709;0.0109516172;0.0143944199;-0.0137430000;0.1061790000;0.8195790000
720;-2.8239801636;2.6430547779;-8.8979418009;0.0188906473;0.0254566119;0.0071862699;-0.0149370000;0.1077010000;0.8178660000
721;-2.8409016528;2.6198777184;-8.9636683337;0.0081350289;0.0383542486;-0.0277139239;-0.0154300000;0.1060840000;0.8188230000
722;-2.8360440296;2.5872997547;-8.8491606218;-0.0306286433;0.0155592673;-0.0091252135;-0.0155050000;0.1085790000;0.8200420000
723;-2.8877479555;2.3750053150;-8.7784141108;-0.0854148145;0.0078149146;-0.0639812415;-0.0148620000;0.1047390000;0.8191310000
724;-2.8610503688;2.5884322508;-8.8916712184;0.1476702196;0.0375553452;-0.0252180187;-0.0156510000;0.1056610000;0.8197820000
725;-2.9234646461;2.8717531985;-9.1778740682;0.0793703154;0.0268358134;0.0000680643;-0.0155720000;0.1083470000;0.8188010000
726;-2.9006910396;2.8662943844;-9.0126238079;-0.0128064634;0.0463166056;-0.0112115736;-0.0178410000;0.1088710000;0.8199460000
727;-2.9066053342;2.6795256027;-9.0592640079;-0.0010465036;0.0305249927;-0.0289669741;-0.0179850000;0.1084770000;0.8198060000
728;-2.8338539397;2.6163976677;-8.8774524735;0.0363920816;0.0115559288;0.0315889990;-0.0182630000;0.1102770000;0.8173000000
729;-2.8867951450;2.5508785566;-8.8061235437;0.0355430017;0.0430607112;-0.0127179899;-0.0188020000;0.1124040000;0.8175390000
730;-2.8161710264;2.4483927697;-8.8519227444;0.0023813880;-0.0011557899;-0.0174180841;-0.0173860000;0.1107730000;0.8182970000
731;-2.8258902487;2.4494299310;-8.9234275576;0.0198427935;0.0202806591;-0.0162656345;-0.0171610000;0.1127890000;0.8174640000
732;-2.9068828068;2.6242499850;-9.2141642410;-0.0057840948;0.0053985183;0.0055752972;-0.0176520000;0.1134300000;0.8185420000
733;-2.8785188665;2.5271657475;-9.0165236209;-0.0615034421;0.0219815561;-0.0293647002;-0.0176770000;0.1110500000;0.8180070000
734;-2.8594886840;2.6648850154;-8.8928065650;0.0078470920;0.0392409170;-0.0093550405;-0.0182030000;0.1106460000;0.8184030000
735;-2.9489863342;2.6439379190;-8.9778270031;-0.0202526930;0.0101162457;0.0090281949;-0.0183230000;0.1098410000;0.8186790000
736;-2.7752193854;2.6583232962;-8.7019733122;-0.0048696013;0.0025900531;-0.0098411874;-0.0176940000;0.1079350000;0.8200970000
737;-2.8959255280;2.5771410011;-8.9381172874;0.0405139559;0.0131343926;0.0009683302;-0.0179960000;0.1106770000;0.8171700000
738;-2.8328357394;2.5502272261;-8.8796193120;0.0648698327;0.0077432563;0.0163916777;-0.0189170000;0.1125270000;0.8179470000
739;-2.8095416188;2.5319871401;-9.1874441932;0.0172821201;0.0405538975;0.0017783206;-0.0182910000;0.1124830000;0.8193500000
740;-2.8485794584;2.5487504660;-8.9064612123;0.0133311125;0.0331430889;0.0200275224;-0.0179500000;0.1137100000;0.8181150000
741;-2.7855919793;2.5088961373;-8.7213757525;0.0520417817;0.0337670207;-0.0089973136;-0.0201780000;0.1134840000;0.8174750000
742;-2.8820938951;2.5231187201;-9.0636866054;-0.0058445324;0.0294638627;0.0091100782;-0.0201660000;0.1148070000;0.8177420000
743;-2.7831943391;2.5226926265;-8.9115479594;-0.0248579064;0.0271001381;-0.0282667246;-0.0190540000;0.1158510000;0.8180550000
744;-2.8312048419;2.4933400415;-9.1902758524;0.0387393538;0.0110843769;-0.0017415313;-0.0196790000;0.1152970000;0.8191360000
745;-2.8464937496;2.5847711094;-9.0298151957;0.0202561684;0.0202346165;0.0044948723;-0.0182600000;0.1158570000;0.8175350000
746;-2.8442698315;2.5880640324;-9.1988715265;-0.0067827764;0.0082426649;0.0072268870;-0.0188050000;0.1137350000;0.8175290000
747;-2.9427503687;2.5780785913;-9.1354092702;-0.0358769959;-0.0008872490;-0.0128826579;-0.0191720000;0.1139830000;0.8183390000
748;-2.8798029484;2.4611561325;-8.9874016661;0.0166479914;0.0288962929;0.0241215823;-0.0166650000;0.1128090000;0.8165190000
749;-2.8091489791;2.5642830889;-8.8934050967;0.0319426184;0.0306335202;-0.0147193930;-0.0182710000;0.1141350000;0.8172720000
750;-2.8604194961;2.5326397243;-8.8370608463;-0.0137806170;0.0207134584;-0.0205889456;-0.0187760000;0.1142520000;0.8180780000
751;-2.9231754910;2.4664982137;-9.1200141243;0.0078280156;0.0244065087;-0.0090245115;-0.0176630000;0.1150300000;0.8183920000
752;-2.7970439469;2.5581633466;-9.0313354709;0.0386706175;0.0223857225;-0.0036507344;-0.0179200000;0.1138280000;0.8186660000
753;-2.8803277309;2.6303409791;-9.2247240841;-0.0119094667;0.0369946440;0.0181875972;-0.0182440000;0.1158500000;0.8178110000
754;-2.8748854917;2.5074642311;-8.9745691198;-0.0047366165;0.0214017799;-0.0164309741;-0.0193360000;0.1157250000;0.8179060000
755;-2.9132311304;2.5224037259;-9.0004038624;0.0080028878;0.0495012532;0.0117437408;-0.0183800000;0.1149200000;0.8178130000
756;-2.8449639257;2.5119636074;-8.8544013495;0.0096948584;0.0185201145;0.0055776415;-0.0194200000;0.1154340000;0.8188700000
757;-2.8143252882;2.5006400296;-8.8955109185;0.0158305777;0.0430994735;0.0035580389;-0.0203430000;0.1154930000;0.8170410000
758;-2.7869797587;2.4905928371;-8.8828955040;-0.0021307495;0.0061433123;-0.0129356085;-0.0189330000;0.1163900000;0.8177800000
759;-2.8905156753;2.4964666481;-8.9651833836;-0.0083922044;-0.0064927457;-0.0144192717;-0.0197230000;0.1146540000;0.8183120000
760;-2.8505100343;2.5292640159;-9.1662210244;0.0237832078;0.0164490213;-0.0053263179;-0.0190160000;0.1156990000;0.8187470000
761;-2.8106006507;2.5457985418;-9.0755556163;0.0059656371;0.0223867283;-0.0000160866;-0.0200700000;0.1158220000;0.8195300000
762;-2.8180471325;2.5798857204;-9.1848068405;0.0007945270;0.0508610886;-0.0091666874;-0.0195060000;0.1169390000;0.8173390000
763;-2.8549235229;2.5118326942;-8.8374688756;-0.0121290549;0.0174119510;0.0072942411;-0.0202220000;0.1164300000;0.8167630000
764;-2.8342386987;2.5393583313;-8.8360461499;-0.0048325223;0.0281826648;-0.0091080754;-0.0204960000;0.1157680000;0.8167570000
765;-2.8144318469;2.4269138831;-9.1338926146;0.0237316815;0.0095549400;-0.0072411643;-0.0188670000;0.1172870000;0.8190170000
766;-2.7777853656;2.4829808917;-9.0905300711;0.0183798360;0.0082042463;0.0158715892;-0.0198740000;0.1173200000;0.8181490000
767;-2.7682308416;2.5534519161;-9.0635472195;-0.0278707993;0.0079189832;-0.0110810806;-0.0193510000;0.1157330000;0.8176300000
768;-2.8326467610;2.5443849767;-9.0617081553;-0.0225193533;0.0185259666;-0.0283862209;-0.0193360000;0.1157250000;0.8179060000
769;-2.8114326024;2.5098672259;-8.8309856968;0.0348054997;0.0128210467;-0.0211357692;-0.0194720000;0.1151950000;0.8179050000
770;-2.8734780462;2.6319097746;-8.7757479063;0.0243303069;0.0243956408;-0.0073356443;-0.0199210000;0.1148190000;0.8172000000
771;-2.7924056501;2.5364905828;-9.1010126257;-0.0182527008;0.0137063167;0.0036055794;-0.0177070000;0.1142550000;0.8175690000
772;-2.7743920205;2.5063355706;-9.1666379211;0.0051116339;0.0282638576;-0.0018444955;-0.0191900000;0.1153210000;0.8180530000
773;-2.9081998699;2.5830823132;-9.0895742783;-0.0029766346;0.0206174071;-0.0091974615;-0.0176330000;0.1150150000;0.8189450000
774;-2.8335236563;2.4819826715;-8.7608531688;-0.0058014817;-0.0045872481;-0.0073073634;-0.0196450000;0.1140180000;0.8172170000
775;-2.9077565267;2.4608411553;-8.8252609360;0.0125003232;-0.0065401654;-0.0143928750;-0.0177110000;0.1161170000;0.8175550000
776;-2.8418387546;2.4668087432;-9.1191875635;-0.0178445329;-0.0010569202;-0.0172210057;-0.0167230000;0.1144990000;0.8180200000
777;-2.8222734438;2.4474954051;-8.7840088265;-0.0176823742;0.0056506395;-0.0486803968;-0.0169130000;0.1137950000;0.8195340000
778;-2.8129662047;2.4167036202;-8.7349141548;-0.0028838255;0.0056412308;-0.0467863990;-0.0169320000;0.1124760000;0.8191290000
779;-2.9626838128;2.3648332560;-8.6735627094;-0.0065435086;-0.0389770445;-0.0733155018;-0.0143990000;0.1131500000;0.8178480000
780;-2.9197452896;2.3360376495;-8.5478138075;-0.0193234027;-0.0808517154;-0.1316674698;-0.0129610000;0.1113740000;0.8190210000
781;-3.0516982123;2.1092638503;-8.5852255576;-0.0995697139;-0.1370433905;-0.2116887207;-0.0104430000;0.1084000000;0.8198340000
782;-3.2330881781;1.9270106485;-8.5888046730;-0.1277180564;-0.2068620594;-0.3589333085;-0.0057710000;0.1047600000;0.8199100000
783;-3.2696884804;1.7429679602;-8.2297260967;-0.0898594091;-0.2726245581;-0.5172892317;-0.0023050000;0.1011170000;0.8204900000
784;-3.8312868751;1.6110621296;-8.2593300483;-0.2412116048;-0.4172678071;-0.6885256873;0.0075340000;0.0937890000;0.8221790000
785;-3.7964788255;1.7250930142;-8.7853203723;-0.2834888442;-0.4629790039;-0.8322976495;0.0184310000;0.0848750000;0.8230960000
786;-4.2541624345;1.5610754783;-8.6343906491;-0.2241806281;-0.5019150569;-1.0015582844;0.0283450000;0.0748520000;0.8260480000
787;-4.9313962840;1.4794614678;-7.7728500299;-0.2801408026;-0.6945080807;-1.2039447358;0.0418180000;0.0677860000;0.8265040000
788;-4.9552233124;1.1659073264;-7.4674659487;-0.2471749446;-0.6767329147;-1.4671692180;0.0599130000;0.0550440000;0.8285650000
789;-5.6603538800;1.3052542638;-7.6903574379;-0.1614051971;-0.7212934231;-1.5217148989;0.0751860000;0.0484160000;0.8318460000
790;-5.9370595787;2.2468099077;-8.5138530865;-0.1503964184;-0.9570968392;-1.7787563364;0.0977960000;0.0445370000;0.8340230000
791;-5.9642849080;2.0975953865;-8.8462651604;0.1705034119;-0.5030365242;-1.3276938832;0.1096980000;0.0438310000;0.8360230000
792;-6.1609609354;2.0722231349;-8.4355495644;0.0686245073;-0.3968039602;-1.1919929273;0.1208650000;0.0502650000;0.8398710000
793;-6.4222880330;1.8352754197;-7.8278442489;0.0329319726;-0.5725369597;-1.1059016444;0.1344890000;0.0543550000;0.8409400000
794;-6.1656389342;1.2529595334;-7.5458671161;-0.2354956778;-0.4369096880;-0.9946645770;0.1508450000;0.0514440000;0.8440990000
795;-6.7733268154;0.8966123432;-6.8782295580;-0.1207980907;-0.3329438502;-0.9337074776;0.1571980000;0.0502940000;0.8449150000
796;-6.9116426635;0.6598998679;-7.1544854428;-0.1015115880;-0.4110141901;-0.8039581767;0.1685700000;0.0475900000;0.8471830000
797;-6.8036726608;0.2444659868;-7.2633244843;-0.2710916902;-0.4238089737;-0.8218762190;0.1820390000;0.0416560000;0.8501110000
798;-6.9491993273;-0.0459438539;-7.1951699218;-0.2837521438;-0.3521405829;-0.8797427945;0.1924830000;0.0327640000;0.8552830000
799;-6.7550233292;0.0929343553;-7.3428155731;-0.0444111453;-0.3538114204;-0.6877453584;0.2041920000;0.0288300000;0.8586770000
800;-7.0268978301;-0.1871916674;-7.3980972948;0.0242552706;-0.2393141535;-0.5082462468;0.2155920000;0.0308310000;0.8591200000
801;-7.0976552846;-0.2035874939;-6.8924628926;-0.1870747471;-0.2027679390;-0.5516553079;0.2232600000;0.0288310000;0.8613730000
802;-7.0107121845;-0.7187168992;-6.4349835882;-0.2311922044;-0.2091547152;-0.5678948893;0.2325850000;0.0225540000;0.8637230000
803;-7.1072471633;-0.7979863176;-6.4143565344;-0.2176807277;-0.1952503751;-0.5253985241;0.2396120000;0.0200060000;0.8667810000
804;-7.1972021469;-0.7136290634;-6.7893587799;-0.0979006550;-0.2162296312;-0.4349477428;0.2476530000;0.0150970000;0.8682430000
805;-7.3184844542;0.8294543469;-7.2652475449;0.0440779338;-0.0438652779;-0.0459020090;0.2548990000;0.0137700000;0.8703350000
806;-7.3425538981;0.2710549218;-6.9651198733;-0.0154618426;-0.0133591685;-0.0686002356;0.2534680000;0.0119530000;0.8691880000
807;-7.2634090793;-1.4619566909;-5.8343934928;0.0379226148;-0.0600287780;-0.0163160465;0.2569300000;0.0140950000;0.8673820000
808;-7.2323992276;-1.6378143833;-6.0934292308;0.0105744918;-0.1289914768;-0.0284261474;0.2588680000;0.0179210000;0.8678460000
809;-7.0321619888;-1.6707304236;-6.3600829284;0.0885270354;-0.0865655103;-0.0712390156;0.2630570000;0.0191050000;0.8667650000
810;-7.0802459069;-0.4539812984;-6.9050301385;0.1539996950;0.0154898401;0.0006648500;0.2659840000;0.0206460000;0.8676980000
811;-7.1278265637;-0.6366003776;-6.7248570397;0.0568832648;0.0232198207;-0.0049104168;0.2654110000;0.0245180000;0.8673710000
812;-7.1622958741;-1.3777459225;-6.3432510366;-0.0937696560;0.0238392771;-0.0644512501;0.2656300000;0.0224170000;0.8662920000
813;-7.1308199691;-1.3416531515;-6.3510583505;-0.0567215502;0.0602779852;-0.0098280338;0.2641410000;0.0228210000;0.8666430000
814;-7.3851323238;-0.8988545758;-6.3428419294;-0.0156657524;0.0250310728;-0.0112849047;0.2626400000;0.0213710000;0.8667310000
815;-7.4780466625;-0.7934096302;-6.4311066289;-0.0229999079;0.0455373023;-0.0006490157;0.2622950000;0.0181520000;0.8678440000
816;-7.1910539908;-1.0698422673;-6.4331071060;0.0096112047;0.0443274413;-0.0107463996;0.2627800000;0.0164500000;0.8666350000
817;-7.1455375473;-1.1088465761;-6.3434932019;0.0316185601;0.0137512959;0.0031968400;0.2617000000;0.0184470000;0.8669910000
818;-7.2636963119;-1.0158798629;-6.5518872461;0.0167912652;0.0003066222;0.0158103938;0.2618190000;0.0191850000;0.8691960000
819;-7.1689714432;-0.9694169307;-6.5419446459;0.0184056000;0.0018930960;-0.0021807866;0.2620340000;0.0189460000;0.8681030000
820;-7.3467533867;-1.0639283295;-6.3932156186;-0.0209617260;0.0328418027;-0.0032789057;0.2619950000;0.0194970000;0.8674080000
821;-7.1525983543;-1.1087615487;-6.2793295017;-0.0056882183;0.0165364269;-0.0106296604;0.2627500000;0.0195880000;0.8686790000
822;-7.2617976327;-0.9622876522;-6.4991552659;-0.0174100776;0.0259584858;0.0068547618;0.2618510000;0.0191030000;0.8672680000
823;-7.1712897916;-0.9856263657;-6.3440740388;-0.0029364822;0.0235830306;-0.0114464221;0.2602470000;0.0189660000;0.8680310000
824;-7.1218833662;-1.0836820601;-6.2868910951;0.0224015524;-0.0001000250;-0.0150323722;0.2616990000;0.0185800000;0.8669900000
825;-7.3599033678;-1.0065657353;-6.4416860246;0.0464812803;0.0249529494;0.0121849800;0.2607450000;0.0185870000;0.8670890000
826;-7.1307219193;-0.9353349692;-6.6408475700;0.0078183062;0.0275203895;0.0161060518;0.2608040000;0.0193550000;0.8681890000
827;-7.2391871972;-0.9338803611;-6.5688877739;-0.0233409220;0.0366495586;0.0240662508;0.2610350000;0.0184430000;0.8673770000
828;-7.1935223786;-0.6919656918;-6.6644409148;0.0270589473;0.0755372697;0.1322813146;0.2595710000;0.0183710000;0.8656650000
829;-7.2262521956;-0.3435490207;-6.5569369008;0.0387217494;0.0889601090;0.2592187487;0.2560110000;0.0194680000;0.8657900000
830;-7.1998882149;0.1569132963;-6.9433254009;-0.1527568220;0.1306000765;0.3665104637;0.2527140000;0.0161160000;0.8630630000
831;-7.1351605493;0.5019368635;-6.9191294402;-0.1205126995;0.2258908028;0.6269433028;0.2455890000;0.0077480000;0.8603560000
832;-7.1675185736;0.6565672008;-6.8951965201;0.0604386116;0.2844944957;0.8417758978;0.2377820000;0.0037700000;0.8578660000
833;-7.3265888147;0.6988476406;-6.9937856963;0.0382448102;0.3622696174;1.0380366629;0.2261560000;0.0018170000;0.8507970000
834;-6.9656578354;1.0574777133;-7.1462697231;0.1008169994;0.5797642268;1.2458048547;0.2097640000;0.0007590000;0.8468380000
835;-7.0249492228;1.2563366564;-7.3770230192;0.1278500715;0.5228618250;1.2839049792;0.1956610000;0.0035530000;0.8422530000
836;-6.9806311576;1.3415096705;-7.7897779535;0.0174525004;0.7094072058;1.4289733891;0.1755710000;0.0001380000;0.8383000000
837;-6.8569257067;1.0825836620;-7.8164375888;0.2793270882;0.7973038091;1.5024030816;0.1539260000;0.0022760000;0.8361740000
838;-6.2295956263;1.1938216645;-7.7393553867;0.3097478148;0.8509324449;1.4841157311;0.1295640000;0.0109420000;0.8347180000
839;-6.3501893560;1.0849461340;-7.8817572670;0.3017747683;0.9189266223;1.3512439275;0.1050970000;0.0195280000;0.8313290000
840;-5.8334430641;0.7650166731;-7.5099192670;0.3073889526;0.8451952954;1.1488707094;0.0827890000;0.0271770000;0.8323070000
841;-5.2541396930;0.6196479378;-7.3789244773;0.3654233045;0.7846062944;0.9093499411;0.0621830000;0.0392340000;0.8319420000
842;-4.7854655174;0.4870112605;-7.5182651273;0.4832361429;0.6638713087;0.6432013853;0.0418740000;0.0545990000;0.8321160000
843;-4.2438120281;1.2451026581;-7.9672706316;0.6624812672;0.5557997336;0.5524381478;0.0262770000;0.0770700000;0.8284300000
844;-4.3611286791;1.5409751922;-8.2781306516;0.2861118691;0.3543759664;0.4246457051;0.0148970000;0.0909420000;0.8263550000
845;-3.9134380627;1.7508523408;-8.9301926161;0.3066528120;0.3555422349;0.3834479741;0.0062350000;0.1006110000;0.8262120000
846;-4.0241910822;2.0275444740;-9.0216037865;0.3497134151;0.3403227311;0.4441956396;-0.0030290000;0.1139680000;0.8227100000
847;-3.9822349026;2.0038709652;-8.6609362769;0.1273676436;0.2891829209;0.3714815571;-0.0088690000;0.1211110000;0.8214580000
848;-3.9180754162;1.8143337595;-8.5671611030;0.2310785425;0.3089217855;0.3852977274;-0.0137220000;0.1247090000;0.8180660000
849;-3.7784903628;1.7916563012;-8.3872786809;0.2191116413;0.2098162500;0.3165014748;-0.0179290000;0.1325070000;0.8166000000
850;-3.7231955702;1.4561058802;-8.4010133547;0.1308434930;0.1517136996;0.2572536650;-0.0220410000;0.1418510000;0.8169170000
851;-3.4965229099;1.3058102019;-8.4633560070;0.1268515150;0.0646289468;0.2016093943;-0.0215540000;0.1461290000;0.8159410000
852;-3.4266991668;1.1609695020;-8.9206685705;0.0926712400;0.0371197834;0.1356470557;-0.0205630000;0.1508230000;0.8141540000
853;-3.2809106441;1.2573207846;-9.1680073521;-0.0379799663;-0.0177040921;0.0710158248;-0.0186800000;0.1488280000;0.8134180000
854;-3.4189730936;1.2268485209;-9.1299042343;0.0669394441;0.0148496156;0.0161064293;-0.0175480000;0.1474700000;0.8140240000
855;-3.3825263219;1.5146252644;-9.1832374735;-0.0760474691;-0.0367258944;-0.0110358637;-0.0181870000;0.1495800000;0.8149480000
856;-3.3873754506;1.5881869594;-9.1529230648;-0.0754205855;-0.0047074030;-0.0330941778;-0.0170060000;0.1468690000;0.8163940000
857;-3.4922808490;1.6293683689;-8.7801351521;-0.0357984600;-0.0017123099;-0.0678846174;-0.0170240000;0.1447520000;0.8159950000
858;-3.4242514646;1.8091851373;-8.7985037009;0.0385506912;0.0145033940;-0.0345429925;-0.0161450000;0.1447820000;0.8145140000
859;-3.5123635869;1.8132466900;-8.9962168764;-0.0304340385;-0.0215245442;-0.0707289457;-0.0145880000;0.1444770000;0.8154060000
860;-3.4839811086;1.9084430827;-9.0008955262;0.0277112754;0.0055394919;-0.0275954710;-0.0159430000;0.1459440000;0.8157540000
861;-3.5485664990;1.8764358483;-9.0677137326;-0.0639169545;-0.0352960030;-0.0109609036;-0.0143360000;0.1447510000;0.8150000000
862;-3.5747268913;1.6718663245;-8.9774411158;-0.0092776292;-0.0046226714;-0.0000172978;-0.0121690000;0.1442760000;0.8170210000
863;-3.4808968927;1.6351920352;-8.9439359991;0.0078477079;0.0000461767;0.0252992075;-0.0113840000;0.1416280000;0.8162450000
864;-3.5551596124;1.6023046126;-8.9869350550;-0.0049830986;-0.0000610826;0.0120461380;-0.0110800000;0.1420090000;0.8168050000
865;-3.5228915695;1.5567321238;-8.8893414112;-0.0120579174;-0.0038950232;-0.0171291983;-0.0104210000;0.1412180000;0.8162860000
866;-3.6045973602;1.7940770351;-9.0466255578;-0.0599143534;-0.0113926397;-0.0037595900;-0.0091220000;0.1403760000;0.8174470000
867;-3.6019443585;1.7419755928;-8.8646818232;-0.0509440702;0.0038508158;0.0153989045;-0.0081530000;0.1369060000;0.8175120000
868;-3.4789081312;1.8694265836;-8.8066653954;0.0476888642;0.0271510391;-0.0147258577;-0.0082290000;0.1370770000;0.8161290000
869;-3.6577932278;1.8764431656;-8.7272755862;-0.0418129881;0.0046020014;0.0008070740;-0.0076870000;0.1374740000;0.8160100000
870;-3.5589561002;1.8265612056;-8.9613651182;0.0094523172;0.0173504982;0.0291291593;-0.0082880000;0.1361090000;0.8175120000
871;-3.5851619010;1.8238354543;-8.7950899572;0.0244017289;0.0095858165;0.0072001310;-0.0073580000;0.1367790000;0.8169930000
872;-3.5301039292;1.6709781869;-9.0758699426;-0.0347338298;0.0037773709;0.0109831663;-0.0075200000;0.1374570000;0.8165680000
873;-3.5573904389;1.7215913126;-8.8022550657;0.0367281700;0.0039388859;0.0018331610;-0.0083580000;0.1366750000;0.8162650000
874;-3.5691371213;1.8222094554;-9.0775334234;-0.0213805211;0.0314444270;0.0043408816;-0.0080440000;0.1361210000;0.8169700000
875;-3.5474581931;1.7503679126;-8.9297955374;-0.0361541559;0.0242115497;-0.0037580971;-0.0063280000;0.1367340000;0.8182760000
876;-3.5483169646;1.7419762671;-8.7336373044;-0.0074544434;0.0166106318;-0.0183615424;-0.0068590000;0.1351360000;0.8185420000
877;-3.5987946842;1.8483015887;-8.9467489027;-0.0021233492;0.0023839681;-0.0092368656;-0.0074700000;0.1355710000;0.8174110000
878;-3.6639645089;1.8543919089;-8.8949968389;-0.0064514228;0.0241628227;-0.0074996852;-0.0057870000;0.1334090000;0.8180460000
879;-3.6393294096;1.8474304932;-8.7540045956;-0.0262740019;0.0033558536;-0.0182505016;-0.0069230000;0.1333070000;0.8173120000
880;-3.4763722599;1.8278459442;-8.8465899794;-0.0075878869;0.0059993669;0.0017764371;-0.0062080000;0.1339500000;0.8178870000
881;-3.6054856597;1.8094043009;-8.8124358282;-0.0175071269;0.0131227402;-0.0001072503;-0.0045400000;0.1324600000;0.8182410000
882;-3.6241607034;1.8018343337;-8.8681334183;0.0593036839;0.0354840734;-0.0027781562;-0.0050230000;0.1336960000;0.8169720000
883;-3.6435350590;1.8451375000;-8.8144140005;-0.0225320410;0.0170072027;-0.0201438831;-0.0055400000;0.1326230000;0.8175100000
884;-3.5299080316;1.7744511641;-8.9295285730;-0.0027850135;0.0421154234;-0.0110830096;-0.0075450000;0.1347440000;0.8185170000
885;-3.6134765168;1.7519070485;-8.9971793252;0.0079361322;0.0232771976;-0.0291980261;-0.0055120000;0.1335390000;0.8180560000
886;-3.6483598965;1.8661281799;-8.8972663360;0.0080007376;0.0385090049;0.0147020919;-0.0071020000;0.1346580000;0.8166060000
887;-3.5920338340;1.8313897404;-8.8589632571;-0.0011286879;0.0199300868;-0.0075260803;-0.0069960000;0.1346050000;0.8185400000
888;-3.5927456865;1.8573272100;-8.9116234484;-0.0067226542;0.0201673971;0.0035332308;-0.0070850000;0.1338520000;0.8168880000
889;-3.5941605958;1.7281275333;-8.8853289555;0.0007278169;0.0275541230;-0.0127102721;-0.0065250000;0.1325120000;0.8170580000
890;-3.6045316597;1.7978844085;-8.8178542605;0.0060729016;0.0247513355;0.0007898929;-0.0074250000;0.1322260000;0.8181270000
891;-3.5272410922;1.8160584085;-8.9600091813;0.0131542555;0.0032246215;-0.0055657243;-0.0073630000;0.1319970000;0.8167520000
892;-3.5877944192;1.8152726557;-9.0100192580;0.0097586260;0.0022823389;-0.0091071738;-0.0073420000;0.1326500000;0.8171620000
893;-3.5415093967;1.7591117009;-8.8593615210;-0.0047564079;0.0255161713;-0.0162817278;-0.0069610000;0.1327270000;0.8191060000
894;-3.6426178415;1.7323693091;-8.7070397636;0.0115980543;0.0339934631;-0.0102137032;-0.0086710000;0.1330420000;0.8179330000
895;-3.5620229133;1.7729533438;-8.7189802942;-0.0029176119;0.0128242053;-0.0277245456;-0.0087570000;0.1336820000;0.8188890000
896;-3.5189169180;1.7775234384;-9.0075547798;0.0081616668;0.0339673478;-0.0184524312;-0.0075850000;0.1321060000;0.8177070000
897;-3.6348125415;1.8071778413;-8.9748134622;0.0060842067;0.0316572843;0.0044449768;-0.0072200000;0.1327890000;0.8168900000
898;-3.5926180952;1.8236673814;-8.9983143961;0.0301696995;0.0271484321;-0.0220064819;-0.0071910000;0.1333070000;0.8174390000
899;-3.6602256077;1.9134822833;-9.0215585165;0.0043250210;0.0351449249;-0.0091076343;-0.0083060000;0.1335930000;0.8171160000
900;-3.5576477752;1.7938822949;-8.9499863787;0.0116968730;0.0462287102;0.0016008493;-0.0078640000;0.1341050000;0.8176820000
901;-3.5531373553;1.8107695940;-8.9676741812;0.0097098010;0.0222291718;0.0017255292;-0.0074810000;0.1334500000;0.8171500000
902;-3.5639706573;1.8073401320;-8.9852388945;-0.0064159512;0.0291516392;-0.0055564575;-0.0069480000;0.1343830000;0.8168890000
903;-3.6009083147;1.7549876571;-8.8935700371;0.0236760234;0.0413319721;0.0071675444;-0.0072070000;0.1341120000;0.8171570000
904;-3.5806000750;1.7992585170;-8.9712604540;-0.0010922858;0.0312290368;-0.0046988291;-0.0087040000;0.1343880000;0.8173700000
905;-3.5931224733;1.7579417502;-9.0028196820;-0.0277726206;0.0134874958;-0.0128195338;-0.0074520000;0.1339670000;0.8176990000
906;-3.5364505738;1.8295262365;-8.7325968960;-0.0012280582;0.0168509424;0.0070764410;-0.0082240000;0.1343490000;0.8186300000
907;-3.6350783102;1.8077589647;-8.8397666043;-0.0066576325;0.0097416557;-0.0072530756;-0.0092210000;0.1333140000;0.8179090000
908;-3.5823315033;1.7983837996;-8.9905834497;0.0386187412;0.0256397400;-0.0258143959;-0.0091530000;0.1337460000;0.8166680000
909;-3.5025046778;1.8302541615;-8.9518877261;-0.0229123817;0.0183795785;-0.0286003120;-0.0076560000;0.1336040000;0.8164530000
910;-3.5229344794;1.7563695192;-8.8549539900;0.0268955996;0.0276594997;-0.0172479953;-0.0087090000;0.1329280000;0.8172430000
911;-3.5207496320;1.8393817939;-8.8681019059;0.0240198320;0.0238608990;-0.0162865225;-0.0089650000;0.1346490000;0.8176330000
912;-3.5770356649;1.8635046929;-8.8369196407;0.0060491973;0.0249963545;0.0008083698;-0.0099240000;0.1335960000;0.8176030000
913;-3.5430626765;1.8370993408;-8.9917326095;-0.0233683204;0.0087568198;-0.0100028143;-0.0098250000;0.1337460000;0.8169160000
914;-3.5526093986;1.8031381002;-8.9544207451;0.0188171619;0.0307326213;-0.0001254883;-0.0113260000;0.1324290000;0.8170030000
915;-3.6059781448;1.8267958996;-8.9544021849;-0.0155812171;0.0205010245;-0.0028271900;-0.0091370000;0.1334720000;0.8169460000
916;-3.5043735479;1.7983977139;-8.7937376357;-0.0092324831;0.0240710213;-0.0073266244;-0.0092120000;0.1323790000;0.8180540000
917;-3.6658206193;1.8423898636;-8.8753532693;-0.0003188981;0.0132985677;0.0054089691;-0.0091820000;0.1323640000;0.8186060000
918;-3.5623365255;1.7828288881;-8.9556281173;0.0088448459;0.0144755553;-0.0183115900;-0.0088120000;0.1309190000;0.8178050000
919;-3.6387342457;1.8294571381;-8.7031892772;-0.0164473641;0.0025791717;-0.0018834696;-0.0092400000;0.1314630000;0.8175080000
920;-3.4993122711;1.7492029934;-8.9072010923;-0.0175057112;-0.0158612521;-0.0279057263;-0.0091180000;0.1313360000;0.8172380000
921;-3.6920857411;1.6518397951;-8.7939599729;-0.0242534435;-0.0215267677;-0.0783929531;-0.0089800000;0.1314680000;0.8172430000
922;-3.6869196584;1.5787304516;-8.6338001575;-0.0760222472;-0.0642519435;-0.0982109595;-0.0067920000;0.1284570000;0.8195580000
923;-3.6761826620;1.5486377286;-8.4593849408;-0.0673892553;-0.1139532798;-0.1666517169;-0.0057130000;0.1239360000;0.8190830000
924;-3.7136656173;1.5416230257;-8.4188830508;-0.1124660360;-0.1532115031;-0.2281558550;-0.0021210000;0.1220260000;0.8195170000
925;-4.0137797764;1.3118753446;-8.4230978215;-0.2346706007;-0.2221749062;-0.3479412289;0.0027190000;0.1146470000;0.8200410000
926;-4.0905635981;1.4089654925;-8.0107627455;-0.3362357092;-0.3714947675;-0.5010201198;0.0108540000;0.1046400000;0.8230600000
927;-4.4262215901;1.3154363256;-8.1032465456;-0.5896188512;-0.5147174975;-0.6332703828;0.0238860000;0.0894190000;0.8252110000
928;-4.5943226027;0.9237312425;-7.9551009501;-0.7301681622;-0.5177014532;-0.8681710812;0.0370050000;0.0619270000;0.8285590000
929;-5.1566019085;0.9519447501;-7.8751755521;-0.4086754360;-0.5499963071;-1.0535602652;0.0487070000;0.0443740000;0.8288820000
930;-5.5049662076;1.2760365354;-8.2593874618;-0.4885791887;-0.6471879458;-1.2752973400;0.0652800000;0.0300600000;0.8306170000
931;-5.6505426311;1.4213778631;-7.9258407935;-0.5326338418;-0.8247570557;-1.5049850770;0.0856880000;0.0106580000;0.8321300000
932;-6.0366303263;1.6636267553;-8.1260536863;-0.4657792618;-0.5775510821;-1.5009074240;0.1030640000;-0.0047190000;0.8334920000
933;-6.2370004014;1.2466091757;-7.8045985199;-0.2908569892;-0.4974764815;-1.4181024511;0.1165850000;-0.0161940000;0.8346710000
934;-6.5929463892;1.5894449309;-7.8953601714;0.0434471723;-0.6986834675;-1.3367390165;0.1353600000;-0.0149860000;0.8370710000
935;-6.6666646592;1.4497916877;-8.0859807307;-0.1413887438;-0.3969484207;-1.3093678472;0.1500630000;-0.0196040000;0.8400390000
936;-6.8819403539;1.4536668859;-7.5574098469;-0.0041119572;-0.3890890839;-1.1701379916;0.1631420000;-0.0214250000;0.8434720000
937;-6.6544737558;1.4203097732;-7.5499210784;0.0858953496;-0.2675128751;-1.0433901005;0.1726480000;-0.0161620000;0.8469860000
938;-7.1181238396;0.8483918707;-7.0638855689;-0.0714263844;-0.2410419621;-0.9281409913;0.1839470000;-0.0109220000;0.8507100000
939;-6.8538981280;0.6135682406;-6.8063909763;-0.0551233100;-0.1868515422;-0.6724125720;0.1912880000;-0.0105690000;0.8545860000
940;-7.1665377468;0.3756197807;-6.9720492916;0.0578898253;-0.1707734730;-0.5844612231;0.2006500000;-0.0120120000;0.8552490000
941;-7.2463149604;-0.2431313174;-6.6637495938;-0.0146076889;-0.1696233790;-0.5455851314;0.2068260000;-0.0094870000;0.8579600000
942;-7.0249552567;-0.7057237385;-6.9865429120;-0.1100084211;-0.1621301162;-0.5837052425;0.2151110000;-0.0109290000;0.8589920000
943;-6.9498287357;-0.7403706452;-6.8113365120;-0.0865978705;-0.1325339267;-0.5264735561;0.2224950000;-0.0135880000;0.8660630000
944;-6.9185313705;0.4876010387;-7.6605921907;0.0049020696;-0.0654533084;-0.2483799799;0.2276150000;-0.0137310000;0.8694400000
945;-7.1742506442;0.7081456984;-7.6809491751;-0.1118876905;0.0345943846;-0.0515739257;0.2274990000;-0.0198530000;0.8696180000
946;-7.1646439425;-1.4270159195;-6.1757585518;0.1113498190;0.0440052204;0.0196674393;0.2268260000;-0.0187220000;0.8673770000
947;-7.1688963341;-1.4224991716;-6.1166108138;0.0929145021;-0.0086331898;0.0455028365;0.2268340000;-0.0122140000;0.8677430000
948;-7.1385377473;-1.2536028199;-6.2963234011;-0.0105178539;-0.0718331618;-0.0594877206;0.2281500000;-0.0132630000;0.8667010000
949;-7.1080172642;-0.3423491509;-7.0180305579;0.0664549405;-0.0526131288;0.0340560467;0.2306070000;-0.0124850000;0.8665190000
950;-6.9917424694;-0.4460291860;-7.1028359078;0.0608475968;-0.0057977476;-0.0200951857;0.2339630000;-0.0118870000;0.8677520000
951;-7.0753163530;-1.2891349787;-6.4403508746;0.0312530814;0.0055479145;0.0032198120;0.2350140000;-0.0105460000;0.8669570000
952;-6.8266435543;-1.1931954350;-6.5445492366;0.0058631639;0.0040985113;0.0194667578;0.2355620000;-0.0094880000;0.8669720000
953;-7.0492137675;-0.8071987535;-6.8013542895;0.0093985764;0.0076224102;0.0153790966;0.2329820000;-0.0100060000;0.8674230000
954;-7.2598529788;-0.7042287378;-6.6813269941;-0.0227079426;0.0307328115;-0.0212323072;0.2325420000;-0.0110510000;0.8668620000
955;-7.0980538133;-0.9923269435;-6.6552299425;-0.0330528139;0.0362785583;-0.0353463867;0.2344730000;-0.0108100000;0.8670750000
956;-6.9566951529;-0.9552855691;-6.6533059882;0.0042216436;0.0343256009;0.0067899706;0.2349940000;-0.0115990000;0.8665510000
957;-6.9436510871;-0.8427482109;-6.8128394203;0.0007719292;0.0488815307;-0.0060976482;0.2325300000;-0.0123740000;0.8665950000
958;-7.0205521257;-0.8204843721;-6.7296079262;-0.0249085736;0.0294703032;-0.0059445684;0.2320640000;-0.0125420000;0.8680940000
959;-7.1153992697;-0.9328605896;-6.4902411810;-0.0261853486;0.0351436599;-0.0132228741;0.2310270000;-0.0128930000;0.8666760000
960;-7.0859279667;-0.8687698309;-6.7373749540;0.0234997742;0.0237563236;0.0086398949;0.2335560000;-0.0141440000;0.8677520000
961;-7.0021036709;-0.8312599630;-6.7046249470;0.0233514364;0.0138132855;0.0125083626;0.2316960000;-0.0112960000;0.8664160000
962;-7.1634897659;-0.9116694502;-6.6726704276;0.0243847572;0.0176555709;-0.0040302511;0.2319970000;-0.0129070000;0.8668530000
963;-7.1223570060;-0.9444878706;-6.6728597774;0.0238246103;0.0174963412;0.0068104539;0.2319640000;-0.0118280000;0.8662930000
964;-7.1210842022;-0.8751887625;-6.7078108463;0.0059398199;0.0177864675;-0.0095676359;0.2317250000;-0.0110450000;0.8669670000
965;-7.1789254292;-0.9138335648;-6.8400095561;-0.0158666076;0.0108370615;-0.0040967433;0.2328620000;-0.0110770000;0.8677020000
966;-7.1687191005;-0.9153503518;-6.6711503305;-0.0085043453;0.0300621101;-0.0169298964;0.2317710000;-0.0113340000;0.8677980000
967;-7.0735879020;-0.9081686025;-6.7953263697;-0.0046972969;0.0407596611;-0.0042517260;0.2303840000;-0.0123750000;0.8674740000
968;-7.1364299854;-0.8567734090;-6.7010159260;-0.0173882881;0.0234365742;-0.0143698126;0.2310580000;-0.0129080000;0.8672290000
969;-7.1773386806;-0.8625261585;-6.5239417458;-0.0012354587;0.0054799996;-0.0095962314;0.2304640000;-0.0140100000;0.8688670000
970;-7.1598102297;-0.8615879971;-6.5548189847;0.0151533694;0.0195286093;-0.0040644200;0.2315050000;-0.0118670000;0.8679290000
971;-7.2190953614;-0.8875572661;-6.6261201152;0.0122826913;0.0237259952;0.0077489832;0.2306900000;-0.0126600000;0.8680400000
972;-6.9328696946;-0.9019019221;-6.6502286431;0.0025336785;0.0352053896;-0.0033143096;0.2309710000;-0.0120010000;0.8681840000
973;-7.0517387653;-0.8685846933;-6.6254142111;-0.0029458171;0.0248099225;-0.0096657478;0.2308520000;-0.0128720000;0.8659800000
974;-7.0140732891;-0.8465376502;-6.7223498154;0.0023354090;0.0326157024;0.0301461666;0.2295550000;-0.0134270000;0.8673100000
975;-7.1929333191;-0.7650528629;-6.8429813044;0.0130444531;0.0587003003;0.0649244787;0.2278560000;-0.0113900000;0.8664000000
976;-7.0763450766;-0.5271337274;-6.8547419689;-0.0204397862;0.0386427719;0.1074563584;0.2286700000;-0.0135200000;0.8661730000
977;-6.9204655791;-0.2339268562;-6.7714782068;-0.0417704361;0.0712413079;0.2106340660;0.2250640000;-0.0153240000;0.8653520000
978;-7.0221671524;0.2100960942;-7.0055762620;-0.0218855569;0.1102801915;0.4289850055;0.2221820000;-0.0164220000;0.8627630000
979;-7.1671711297;0.5730597554;-6.9553118226;0.0379074729;0.1420046220;0.6520464483;0.2168120000;-0.0174850000;0.8597980000
980;-7.2585107314;0.6926670358;-7.1909917627;-0.0606323912;0.1849220313;0.7649388478;0.2119200000;-0.0206460000;0.8554890000
981;-7.0122222920;0.5363082552;-6.8900939459;-0.1371746024;0.2735662919;0.8871547038;0.2028500000;-0.0260580000;0.8524070000
982;-6.7928378934;0.6142611173;-7.0806033385;0.0568809205;0.3485384733;0.9496475369;0.1932830000;-0.0277020000;0.8479000000
983;-6.9870742286;0.8626087506;-7.4338527530;0.0828789715;0.3588016342;1.1317068400;0.1828660000;-0.0277290000;0.8429320000
984;-6.9446103937;0.7062402058;-7.3341971543;0.0292289619;0.4182202708;1.0752606425;0.1704480000;-0.0277630000;0.8389880000
985;-6.5804601202;0.7098716972;-7.4597076596;0.1040723089;0.4582418645;1.0791863335;0.1580430000;-0.0270730000;0.8377950000
986;-6.1943642924;1.1097537945;-7.4660036230;0.1694489676;0.4748344596;1.0886944758;0.1464720000;-0.0242720000;0.8368960000
987;-6.1372609172;1.2894733648;-7.8114809761;0.2274185850;0.5514066996;1.1460091681;0.1298040000;-0.0188810000;0.8356350000
988;-6.2562425284;1.1342332140;-7.8194768297;0.2090661719;0.5037756238;0.9633759815;0.1141770000;-0.0141380000;0.8333190000
989;-5.6605209483;1.3571242987;-7.4039281125;0.2999543068;0.4436778134;0.8716076145;0.1002370000;-0.0062430000;0.8318740000
990;-5.7946627031;1.5191935910;-7.4729071803;0.2452312651;0.4676767454;0.7882385765;0.0883760000;0.0030140000;0.8333970000
991;-5.5440247080;1.3789456878;-7.7254705702;0.2458349260;0.4322477526;0.6764997583;0.0768510000;0.0089830000;0.8334420000
992;-5.2635397814;1.5718017267;-7.8301835037;0.2808129420;0.3507249326;0.5582679003;0.0666640000;0.0183440000;0.8304830000
993;-5.0907699594;0.9581802606;-7.6987603593;0.2150239394;0.2835033015;0.4191761830;0.0578900000;0.0299950000;0.8308720000
994;-4.8916263113;1.4157037913;-7.9560180448;0.1333606990;0.1872796409;0.1816677453;0.0527760000;0.0369780000;0.8303400000
995;-4.6300288852;1.8013299052;-8.3087431834;0.1624585335;0.2144789289;0.1641202274;0.0475710000;0.0402180000;0.8305200000
996;-4.5784940935;1.8256804911;-8.1540330647;0.1923134408;0.1151789497;0.0522312289;0.0425490000;0.0462240000;0.8316530000
997;-4.9147460204;1.8242414898;-8.3444407332;0.0831606046;0.1321008892;0.0280745293;0.0404040000;0.0502770000;0.8301590000
998;-4.7719520338;2.0109857418;-8.1153666134;0.1506807480;0.1361178507;0.0443152544;0.0372240000;0.0524480000;0.8297390000
999;-4.6246451052;2.0390579086;-8.3651814350;0.1227544880;0.1233886784;0.0524494837;0.0339320000;0.0566020000;0.8298520000
1000;-4.5516124318;2.0018944925;-8.1949784676;0.1127710684;0.0539483078;0.0666787109;0.0310200000;0.0616980000;0.8294230000
1001;-4.5427255266;1.8235953564;-8.1310350966;0.0561880988;0.0131760335;0.0161681470;0.0296520000;0.0627740000;0.8294980000
1002;-4.4648675197;1.6650940257;-8.3537044449;0.0718195471;0.0415703168;0.0382720113;0.0298440000;0.0651370000;0.8305910000
1003;-4.5107596118;1.8492060316;-8.4941209118;0.0115981267;0.0681598590;0.0005238097;0.0301070000;0.0677320000;0.8279630000
1004;-4.4860388402;2.1304601790;-8.6873849909;-0.0448479578;0.0794172691;0.0869311699;0.0284390000;0.0660330000;0.8274950000
1005;-4.5593541714;2.2109257550;-8.3504586527;-0.0401707324;0.0251776507;0.0779616342;0.0270090000;0.0636170000;0.8288340000
1006;-4.7991069762;2.0776643967;-7.9327040220;0.0722182733;0.0649898728;0.0949934367;0.0269790000;0.0668210000;0.8283960000
1007;-4.4857197394;1.8144029672;-7.7924327465;0.0367618441;-0.0072670839;0.1077398213;0.0277010000;0.0681250000;0.8291040000
1008;-4.3770480569;1.8121186528;-8.3579798596;-0.0072571937;-0.0066319258;0.1227120145;0.0285900000;0.0668220000;0.8277710000
1009;-4.3786185139;1.8165342285;-8.7490549687;-0.0326173235;-0.0336933275;0.0931787938;0.0309160000;0.0644080000;0.8276070000
1010;-4.3149909189;1.8356225426;-9.0208504271;-0.0049448273;0.0654969773;0.1241024222;0.0318640000;0.0673290000;0.8274860000
1011;-4.2698120063;1.8338736358;-8.6860604928;-0.0197974879;0.0335012925;0.0873916760;0.0306720000;0.0675860000;0.8282630000
1012;-4.4934236452;1.7803402490;-8.5170103099;-0.0202753929;0.0431450085;0.0565865985;0.0310740000;0.0654600000;0.8280190000
1013;-4.4255904424;1.8142832273;-8.1932891719;-0.0303238329;0.0469558491;0.0326693567;0.0312340000;0.0621250000;0.8283250000
1014;-4.4091786279;1.8494133738;-8.1180127674;0.0111898090;-0.0116879801;0.0232276684;0.0305280000;0.0636030000;0.8280100000
1015;-4.3133659180;2.0321721624;-8.5437239871;0.0226479472;0.0146883996;-0.0108392591;0.0311050000;0.0649130000;0.8285750000
1016;-4.3965642236;1.9359067919;-8.3708616127;0.0134864325;0.0199589990;-0.0064178485;0.0294270000;0.0646800000;0.8279580000
1017;-4.5154464032;2.1059770086;-8.3783565498;0.0393115246;0.0196608326;-0.0065066547;0.0302670000;0.0643970000;0.8282700000
1018;-4.3982819934;2.1106465831;-8.4834848453;0.0005439831;0.0166419562;0.0178770613;0.0313370000;0.0638680000;0.8277650000
1019;-4.4053877542;2.0284451322;-8.2885988490;0.0097327626;0.0340260977;-0.0020808983;0.0302480000;0.0660010000;0.8279820000
1020;-4.3453627370;1.9477058504;-8.2187881592;0.0122174979;0.0075054645;-0.0146248997;0.0299880000;0.0662630000;0.8282450000
1021;-4.3654442141;1.9005061642;-8.2631603845;0.0299187993;0.0202852654;0.0128278587;0.0293750000;0.0676300000;0.8271080000
1022;-4.4652459818;2.0055248490;-8.3437709277;0.0291541827;0.0088980154;-0.0233969273;0.0300770000;0.0676150000;0.8274120000
1023;-4.3741199309;2.0376952201;-8.5741896430;0.0098166216;0.0038975680;-0.0111305815;0.0308260000;0.0676430000;0.8260630000
1024;-4.4445322576;2.1169039847;-8.6318789980;-0.0234022544;0.0213929947;0.0160308354;0.0301530000;0.0683090000;0.8263070000
1025;-4.3859450818;1.9259910574;-8.4466514324;-0.0238171416;0.0433858106;-0.0077381304;0.0313760000;0.0666390000;0.8285740000
1026;-4.3951877880;2.0154980933;-8.2913257381;0.0258165188;0.0316589387;0.0016193599;0.0302230000;0.0673430000;0.8275570000
1027;-4.4970239121;1.9687092964;-8.1911248655;-0.0217186479;0.0104896890;-0.0055596553;0.0305770000;0.0663050000;0.8264760000
1028;-4.4048023730;1.9471391250;-8.2741140103;0.0243179274;0.0071928648;-0.0378250558;0.0297290000;0.0661250000;0.8285110000
1029;-4.4075261658;2.0350786550;-8.5866423923;0.0333459046;0.0449791468;-0.0039151394;0.0312150000;0.0671840000;0.8281500000
1030;-4.4580100291;2.0280289579;-8.7479045099;-0.0178170170;-0.0136896166;-0.0054176947;0.0307940000;0.0677250000;0.8279910000
1031;-4.4173129311;1.9396112552;-8.6525858631;0.0469427831;0.0302356654;-0.0180577517;0.0319050000;0.0691680000;0.8283010000
1032;-4.3537662642;2.0542916003;-8.6378326066;0.0006287348;0.0218869674;-0.0001835015;0.0304520000;0.0673630000;0.8267390000
1033;-4.4349160566;1.9988473720;-8.5054742982;0.0087942636;0.0041042842;-0.0037336740;0.0303540000;0.0665470000;0.8274310000
1034;-4.4557685029;2.0773507153;-8.5355541672;-0.0020281764;0.0200473953;-0.0148603428;0.0288280000;0.0667050000;0.8270920000
1035;-4.5837132367;1.9250530958;-8.6186621929;-0.0156863226;0.0090364835;-0.0312593868;0.0309090000;0.0676020000;0.8275830000
1036;-4.4276747971;2.0977488416;-8.3815054656;0.0504750521;0.0147540760;-0.0000754357;0.0308010000;0.0679870000;0.8281270000
1037;-4.4370758835;2.0542845623;-8.3635854044;-0.0449571940;0.0142875959;0.0043410641;0.0305360000;0.0669220000;0.8282620000
1038;-4.4116976641;1.9333565332;-8.4610056590;-0.0228672554;0.0042220038;-0.0093320282;0.0302110000;0.0656210000;0.8272940000
1039;-4.4346060347;1.9151240130;-8.4653999562;0.0089248499;0.0296249019;0.0034604423;0.0318730000;0.0666590000;0.8276290000
1040;-4.3533481777;2.0430324606;-8.5067142442;0.0222520968;0.0040833906;-0.0000691063;0.0316010000;0.0653320000;0.8276270000
1041;-4.4912182745;1.9780402185;-8.5109226551;-0.0091834988;0.0076527179;-0.0163430998;0.0319340000;0.0669620000;0.8262500000
1042;-4.4070939325;1.9549308575;-8.4445126265;0.0006710425;0.0197781507;-0.0165748844;0.0333500000;0.0650650000;0.8270100000
1043;-4.4178583030;1.9722078527;-8.3493944285;0.0148639376;0.0075476177;-0.0093614637;0.0312900000;0.0648220000;0.8269290000
1044;-4.4737406846;2.0218801208;-8.5497884625;0.0225918144;0.0084154833;-0.0038007879;0.0323180000;0.0655750000;0.8282060000
1045;-4.3604067132;2.0833662874;-8.7094911475;0.0305523841;0.0159514530;0.0052737883;0.0322920000;0.0670500000;0.8277800000
1046;-4.5111451870;1.9600550154;-8.6039859021;-0.0117440649;0.0289300853;-0.0250834380;0.0311650000;0.0661460000;0.8271900000
1047;-4.4702030455;1.8726681121;-8.4583503057;0.0086955740;0.0270859042;-0.0001891991;0.0323400000;0.0656970000;0.8286190000
1048;-4.4751892252;1.9295810838;-8.5592701480;0.0243706494;0.0019922435;-0.0144093134;0.0322470000;0.0668070000;0.8269530000
1049;-4.5075283690;1.9657881690;-8.4254642900;0.0071138962;0.0109961802;-0.0241050054;0.0325040000;0.0680090000;0.8266790000
1050;-4.4865293476;1.9878327545;-8.4781146287;0.0151854367;0.0278987024;-0.0149096139;0.0324280000;0.0678470000;0.8277800000
1051;-4.5137130023;1.9363261691;-8.4353886294;-0.0019724025;0.0199260233;-0.0282106114;0.0310580000;0.0657340000;0.8277400000
1052;-4.4998699066;2.0262466854;-8.4414756102;0.0208766842;0.0093805403;-0.0139958989;0.0323680000;0.0670120000;0.8291620000
1053;-4.4800753098;2.0011130550;-8.5874075198;-0.0157151961;0.0327975057;-0.0093161534;0.0327330000;0.0676960000;0.8283450000
1054;-4.5112487752;2.0383203904;-8.6566233605;-0.0002814498;0.0163056612;-0.0038740908;0.0330270000;0.0660880000;0.8286440000
1055;-4.4443910703;2.0041641037;-8.1936292422;-0.0065120931;0.0235041638;-0.0110687333;0.0334240000;0.0656920000;0.8283870000
1056;-4.4949689800;1.9185992385;-8.2957716553;0.0078654097;0.0020799973;-0.0202482949;0.0317180000;0.0679990000;0.8273370000
1057;-4.5091920107;1.9251216113;-8.3918499803;0.0094065765;-0.0068803100;-0.0055581473;0.0339710000;0.0672830000;0.8283980000
1058;-4.5009148940;1.9917291862;-8.5149604196;-0.0244396776;-0.0068821652;-0.0389224886;0.0347920000;0.0654150000;0.8283060000
1059;-4.5497238046;1.9408633942;-8.5068952269;-0.0010944397;0.0088920369;-0.0412588953;0.0332740000;0.0647700000;0.8281120000
1060;-4.5066303289;1.9593777826;-8.2913216357;-0.0045660948;0.0158252287;-0.0647706767;0.0347550000;0.0647680000;0.8276200000
1061;-4.6140977998;1.9613295573;-8.2290223850;-0.0093816163;-0.0126185021;-0.0542106475;0.0344880000;0.0647680000;0.8277470000
1062;-4.5337743261;1.8755764168;-8.3028103637;-0.0471441573;-0.0400442151;-0.0929504896;0.0351020000;0.0631340000;0.8288870000
1063;-4.5145948625;1.6346951609;-8.2599892862;-0.0229783462;-0.0683271044;-0.1323539954;0.0373260000;0.0623670000;0.8269140000
1064;-4.6711832925;1.5032651288;-7.9378756017;-0.0301626592;-0.1473789397;-0.2300586629;0.0409530000;0.0616350000;0.8280300000
1065;-4.7667718900;1.2577354555;-7.7706289932;-0.0779930914;-0.2511638804;-0.3786068770;0.0466150000;0.0589000000;0.8286910000
1066;-5.1450407578;1.0285477780;-7.8063146695;-0.1622934409;-0.3286500944;-0.5462479840;0.0534020000;0.0545440000;0.8298230000
1067;-5.3257824251;0.5103156366;-7.7215428856;-0.2170751579;-0.4011866536;-0.8174510679;0.0652610000;0.0457520000;0.8307770000
1068;-5.2583563823;0.6214521305;-7.7832262000;-0.0740770021;-0.4118620376;-0.9925650137;0.0750890000;0.0402900000;0.8323150000
1069;-5.8503103907;0.1450349107;-8.0443846886;0.0264047982;-0.5623096017;-0.8353198489;0.0854820000;0.0415930000;0.8343770000
1070;-5.7414831659;0.6087490172;-8.0359013958;-0.1177189821;-0.3257518256;-1.1976721203;0.0945060000;0.0405160000;0.8364020000
1071;-6.0481294261;1.0978641816;-7.9975824760;0.0618387408;-0.3682462761;-1.1578776780;0.1020010000;0.0405280000;0.8380810000
1072;-6.2442407254;1.0488641791;-7.7386247873;0.0026879464;-0.4433431654;-1.1497539671;0.1119490000;0.0430480000;0.8395650000
1073;-6.3802193662;1.0754330622;-7.4272079917;-0.0428596230;-0.4351178528;-1.0404422028;0.1227290000;0.0416330000;0.8435930000
1074;-6.4047315000;0.9731766560;-7.4928489502;-0.0121814550;-0.3454942356;-0.9385238398;0.1314600000;0.0422960000;0.8453170000
1075;-6.7332100533;0.8042498297;-7.5908978372;-0.1247568760;-0.3679214172;-0.8130899479;0.1407760000;0.0404110000;0.8476350000
1076;-6.6345669503;0.5143481686;-7.4401552114;-0.1209744082;-0.2758485988;-0.7433283710;0.1498220000;0.0362660000;0.8499590000
1077;-6.6012314226;0.5712217523;-7.5735180334;0.1104787612;-0.1976094930;-0.4784644123;0.1570630000;0.0372010000;0.8520350000
1078;-6.8415835634;0.2552339451;-7.2631232164;-0.0413919214;-0.1555471699;-0.3981884238;0.1607320000;0.0379100000;0.8539690000
1079;-6.9107449623;-0.3955086705;-6.9479428194;-0.1733129362;-0.1829970766;-0.3774018246;0.1665670000;0.0327630000;0.8552060000
1080;-6.5836445737;-0.7743619732;-6.8694633312;-0.2169885547;-0.2032474549;-0.3839718951;0.1743180000;0.0277310000;0.8563810000
1081;-6.7193427207;-1.0038526399;-7.0164716725;-0.1215915866;-0.1613746289;-0.4679270883;0.1809160000;0.0224050000;0.8590290000
1082;-6.5985606793;-1.0062577130;-7.0305137756;-0.0346097418;-0.1560097142;-0.4513216192;0.1861240000;0.0206910000;0.8614560000
1083;-6.8146732733;-1.1256955598;-7.1189053925;0.0453412223;-0.1534152417;-0.5136824972;0.1914560000;0.0188500000;0.8636140000
1084;-6.7847518525;-0.9664702543;-7.0970794076;-0.0080718136;-0.0780179681;-0.4874256310;0.1972550000;0.0189690000;0.8668780000
1085;-6.9099595599;-0.6661383434;-6.9576883898;0.0320267670;-0.0662630544;-0.4235725692;0.2016810000;0.0221610000;0.8702030000
1086;-6.6946330334;0.3478424102;-7.4296455225;-0.1719314354;0.0115142734;-0.1790808463;0.2025320000;0.0205430000;0.8706630000
1087;-7.1601168635;-0.1438671655;-7.0187282995;-0.1922270699;-0.0039979477;-0.0822019720;0.2025270000;0.0125720000;0.8703070000
1088;-7.1283834716;-1.5091265851;-6.1697601647;0.1126873485;-0.0610087364;0.0089848863;0.2041990000;0.0124090000;0.8707890000
1089;-7.0839788817;-1.6342882554;-6.3053044906;0.1549951615;-0.0836138525;0.0362637692;0.2079800000;0.0182470000;0.8699340000
1090;-6.7860022557;-1.2716860051;-6.8204642523;0.0846789931;-0.1053049005;0.0204668359;0.2123930000;0.0218450000;0.8680170000
1091;-6.8134828958;-0.7119359469;-7.3499498600;0.0803881721;-0.0589680524;0.0570378360;0.2153500000;0.0240360000;0.8694980000
1092;-6.9997425339;-1.2829143203;-6.8816607905;0.0308800673;-0.0695748716;0.0128566981;0.2182580000;0.0241260000;0.8700280000
1093;-7.0109445548;-1.4527407767;-6.7531128782;0.0039373292;-0.0266666028;0.0161247849;0.2202200000;0.0238190000;0.8707980000
1094;-6.8878015102;-1.3418964908;-6.7536146808;0.0464414014;-0.0043742455;0.0229372743;0.2206600000;0.0247310000;0.8713610000
1095;-7.1183279620;-1.1496578271;-6.7229627786;0.0523086068;0.0178046176;0.0302872986;0.2210350000;0.0252110000;0.8682020000
1096;-6.8906759558;-1.1949903132;-6.6259480195;0.0301415119;0.0182053338;-0.0041501578;0.2224050000;0.0261930000;0.8707310000
1097;-6.8648278082;-1.2720081406;-6.5171610688;0.0237101266;0.0343075541;0.0220759718;0.2210610000;0.0270580000;0.8687410000
1098;-6.8534931316;-1.2132248599;-6.5918542189;0.0396915998;0.0028170239;0.0144022350;0.2215040000;0.0267730000;0.8693120000
1099;-7.0650098257;-1.1781212705;-6.7303980068;0.0014574143;0.0109606407;0.0068644251;0.2215160000;0.0283620000;0.8695770000
1100;-7.0055113587;-1.2568720450;-6.6252337385;0.0014000708;0.0002707442;0.0041569971;0.2247080000;0.0276460000;0.8702610000
1101;-6.8686529148;-1.2906812678;-6.5646835193;0.0390659571;0.0112156376;0.0266861172;0.2242640000;0.0284640000;0.8696860000
1102;-6.8628847381;-1.1908629241;-6.5411886321;0.0245637678;0.0109692446;-0.0039903723;0.2226820000;0.0287140000;0.8708610000
1103;-7.1100403045;-1.2586057934;-6.5664911808;0.0097694227;0.0125710220;-0.0004514683;0.2228280000;0.0290420000;0.8685220000
1104;-7.0834386594;-1.2135989987;-6.6259232147;0.0114130474;0.0170556697;-0.0004688509;0.2242940000;0.0290480000;0.8677530000
1105;-6.9739450104;-1.2492770723;-6.6075055726;0.0130959585;0.0125348807;-0.0058283165;0.2248390000;0.0304380000;0.8702460000
1106;-6.9890814814;-1.2369212014;-6.5384370884;0.0189083970;0.0127764679;0.0078430279;0.2242440000;0.0304670000;0.8693950000
1107;-6.9424414471;-1.1757760750;-6.7583787902;-0.0049320838;0.0183961495;0.0122836466;0.2250110000;0.0292910000;0.8683320000
1108;-7.1191443446;-1.2235299567;-6.5800321797;-0.0048756377;0.0145330959;-0.0004707271;0.2249940000;0.0299640000;0.8680500000
1109;-7.0799290392;-1.2626027058;-6.5058533587;0.0297196128;0.0139798547;-0.0113661764;0.2258620000;0.0309960000;0.8689050000
1110;-6.9571494094;-1.2531704752;-6.7228814293;0.0131561371;0.0270320787;-0.0097414593;0.2252070000;0.0301900000;0.8694360000
1111;-7.1670824046;-1.2466869438;-6.6207317843;0.0208551655;0.0129416118;0.0068604280;0.2255410000;0.0311550000;0.8680640000
1112;-7.1107425157;-1.2453983331;-6.7256214664;0.0238725159;0.0196383794;0.0068764854;0.2255190000;0.0310330000;0.8676500000
1113;-7.1219898212;-1.2658021859;-6.6353270370;0.0201138024;0.0129718059;0.0161781285;0.2252050000;0.0309890000;0.8694300000
1114;-7.1054851147;-1.2533633726;-6.6219025831;0.0170060262;0.0144366290;-0.0115910948;0.2251850000;0.0331250000;0.8691380000
1115;-6.9999374244;-1.2657562711;-6.4930148718;0.0184593221;0.0194057512;-0.0060318586;0.2260590000;0.0318290000;0.8675280000
1116;-7.1621933614;-1.2455951671;-6.6980054893;0.0164695906;-0.0015200568;0.0124215146;0.2256290000;0.0323070000;0.8697130000
1117;-7.1007915899;-1.2367270206;-6.5623159024;0.0395854860;-0.0060653605;0.0159908793;0.2256740000;0.0331490000;0.8680550000
1118;-7.0532365307;-1.2285701770;-6.6755108870;0.0344573586;0.0017472658;-0.0031015931;0.2279630000;0.0338110000;0.8673150000
1119;-7.0820019878;-1.2788216267;-6.6572640275;0.0461779525;0.0178989995;0.0013806312;0.2290330000;0.0335480000;0.8668080000
1120;-7.1895427258;-1.3057967233;-6.5960782103;0.0332369328;0.0062259252;-0.0067003405;0.2286070000;0.0358840000;0.8691170000
1121;-7.1976337622;-1.3022909046;-6.7649677315;0.0236681233;0.0128933316;0.0050409428;0.2282670000;0.0376470000;0.8679880000
1122;-6.9716998607;-1.2784348509;-6.5147149106;-0.0066980207;0.0102355409;-0.0004565024;0.2282660000;0.0383130000;0.8679830000
1123;-7.1491346284;-1.2741015269;-6.6183851795;-0.0175336657;0.0386959966;0.0003259245;0.2266470000;0.0351270000;0.8683550000
1124;-6.9478449395;-1.2793789364;-6.6792003329;0.0115530199;0.0283532058;-0.0113202811;0.2286220000;0.0357440000;0.8693950000
1125;-6.9274593161;-1.2529920014;-6.6978606759;0.0096475160;0.0216794781;0.0077600770;0.2278370000;0.0355350000;0.8675730000
1126;-7.0459733770;-1.2478501695;-6.7272738849;0.0123609437;0.0162707156;-0.0148914525;0.2290700000;0.0367840000;0.8700940000
1127;-7.1280153319;-1.3029089665;-6.6952005810;0.0060994861;0.0238684705;-0.0031850338;0.2270880000;0.0355060000;0.8689210000
1128;-7.0416497869;-1.3010916747;-6.4999022260;0.0024939961;0.0265684150;-0.0060318593;0.2266220000;0.0363350000;0.8679310000
1129;-7.0697344251;-1.2827148869;-6.5118812069;-0.0020509548;0.0246615130;-0.0131342528;0.2261700000;0.0365580000;0.8697040000
1130;-7.1717596265;-1.2887167370;-6.7445488777;-0.0156787940;0.0257180459;-0.0095286854;0.2278030000;0.0366800000;0.8694930000
1131;-6.9362997124;-1.2828579022;-6.6000907621;0.0006746528;0.0270047726;-0.0095520310;0.2265840000;0.0354890000;0.8697280000
1132;-6.9948822602;-1.2714161718;-6.6731149425;0.0060923295;0.0352709051;-0.0077824607;0.2254230000;0.0361970000;0.8685730000
1133;-7.1614909746;-1.2823268963;-6.7601084355;0.0023935477;0.0199716253;0.0013102162;0.2262350000;0.0351310000;0.8683380000
1134;-7.0627266069;-1.2795448562;-6.5519650319;-0.0074657000;0.0245866736;-0.0115470737;0.2259120000;0.0362210000;0.8674900000
1135;-6.9181328684;-1.2907627095;-6.5457546627;-0.0020402134;0.0320014642;-0.0033303189;0.2250580000;0.0352480000;0.8693930000
1136;-7.1388530907;-1.2747760977;-6.5602014071;0.0135648338;0.0376702589;-0.0077054375;0.2253870000;0.0351520000;0.8678900000
1137;-6.9898998169;-1.3018687510;-6.6274232973;0.0006742019;0.0292778871;-0.0059218284;0.2252940000;0.0359290000;0.8687080000
1138;-7.0099046260;-1.2886123303;-6.5882569666;0.0042279370;0.0142645199;-0.0040911954;0.2254090000;0.0355400000;0.8683020000
1139;-6.9046035885;-1.2471143544;-6.6721971497;-0.0076194262;0.0246534960;-0.0041114036;0.2239290000;0.0351420000;0.8687970000
