split,source_kind,original_subject,subject,exercise,exercise_label,quality_label,quality_name,source_file,template_file,samples,duration_seconds,acc_x_mean,acc_x_std,acc_x_min,acc_x_max,acc_x_range,acc_x_rms,acc_x_median,acc_x_iqr,acc_x_mean_abs,acc_x_zero_crossings,acc_x_diff_mean_abs,acc_x_diff_std,acc_x_diff_rms,acc_y_mean,acc_y_std,acc_y_min,acc_y_max,acc_y_range,acc_y_rms,acc_y_median,acc_y_iqr,acc_y_mean_abs,acc_y_zero_crossings,acc_y_diff_mean_abs,acc_y_diff_std,acc_y_diff_rms,acc_z_mean,acc_z_std,acc_z_min,acc_z_max,acc_z_range,acc_z_rms,acc_z_median,acc_z_iqr,acc_z_mean_abs,acc_z_zero_crossings,acc_z_diff_mean_abs,acc_z_diff_std,acc_z_diff_rms,gyr_x_mean,gyr_x_std,gyr_x_min,gyr_x_max,gyr_x_range,gyr_x_rms,gyr_x_median,gyr_x_iqr,gyr_x_mean_abs,gyr_x_zero_crossings,gyr_x_diff_mean_abs,gyr_x_diff_std,gyr_x_diff_rms,gyr_y_mean,gyr_y_std,gyr_y_min,gyr_y_max,gyr_y_range,gyr_y_rms,gyr_y_median,gyr_y_iqr,gyr_y_mean_abs,gyr_y_zero_crossings,gyr_y_diff_mean_abs,gyr_y_diff_std,gyr_y_diff_rms,gyr_z_mean,gyr_z_std,gyr_z_min,gyr_z_max,gyr_z_range,gyr_z_rms,gyr_z_median,gyr_z_iqr,gyr_z_mean_abs,gyr_z_zero_crossings,gyr_z_diff_mean_abs,gyr_z_diff_std,gyr_z_diff_rms,duration_seconds,acc_energy,gyr_energy,acc_magnitude_mean,acc_magnitude_std,acc_magnitude_min,acc_magnitude_max,acc_magnitude_range,acc_magnitude_rms,acc_magnitude_median,acc_magnitude_iqr,gyr_magnitude_mean,gyr_magnitude_std,gyr_magnitude_min,gyr_magnitude_max,gyr_magnitude_range,gyr_magnitude_rms,gyr_magnitude_median,gyr_magnitude_iqr,acc_jerk_mean_abs,acc_jerk_std,acc_jerk_rms,gyr_jerk_mean_abs,gyr_jerk_std,gyr_jerk_rms,acc_corr_xy,acc_corr_xz,acc_corr_yz,gyr_corr_xy,gyr_corr_xz,gyr_corr_yz,acc_gyr_corr_x,acc_gyr_corr_y,acc_gyr_corr_z
training,original,s11,s11,e6,6,1,normal,ex6_long_bno055_20260616_183236_081602_reversed.txt,template_times_long.txt,1541,61.64,6.6517261518494495,3.6590517674327607,-0.09,10.11,10.2,7.591713945872215,9.27,7.33,6.651972744970798,4.0,0.24956493506493502,0.42909744750489964,0.429097890929331,0.12635301752109024,0.8129626737208664,-4.8,5.41,10.21,0.82272315750808,0.22,0.89,0.6097274497079819,263.0,0.4410974025974026,0.7955683782584223,0.7955686931086124,4.879682024659313,3.895451460266707,-2.27,15.16,17.43,6.243864087332237,2.59,7.569999999999999,4.892816353017521,24.0,0.6453701298701298,1.0987529026558336,1.0987529235515083,-0.45124918883841664,15.94143869085444,-112.4375,103.5,215.9375,15.947824094988578,0.0,5.1875,8.19005515898767,832.0,10.516680194805195,20.146880306592784,20.146880309903835,-0.17269630110317977,50.83003601223819,-181.375,186.625,368.0,50.83032938136291,0.125,5.25,25.966336794289422,548.0,7.920251623376624,14.048803984014027,14.04880438785039,-0.544005515898767,6.359269319265646,-56.25,45.8125,102.0625,6.382495458383158,0.0,2.5,3.270238481505516,662.0,3.2552353896103896,6.060086397447695,6.060086420414284,61.64,97.29683277092798,2878.7917266588256,9.821917159980963,0.9092722768233144,6.937304952213071,15.16845410712641,8.23114915491334,9.863915691596718,9.755024346458598,0.2102992038924203,29.025905372894474,45.125253948787936,0.13975424859373686,220.69255339725444,220.5527991486607,53.65437285682152,4.6443850507898246,32.89039154198809,22.811221847433277,27.291820947298305,35.56958437755785,377.0872099046615,507.73930083180574,632.4507581486903,0.39987237416510507,-0.9591234392163782,-0.4238610551783241,-0.3248924236585814,-0.4181089351155865,-0.03573480729328585,0.06075044156633892,0.053341165352182945,0.05123478365113513
training,original,s11,s11,e6,6,2,rapid,ex6_long_bno055_20260616_183236_081602_reversed.txt,template_times_long.txt,301,12.04,2.8947508305647838,3.4228183421021443,-4.54,9.67,14.21,4.482774562041501,1.62,5.890000000000001,3.319003322259136,40.0,1.0483333333333333,1.3813641808009935,1.381364542761975,-0.583156146179402,2.0487551537305055,-10.08,5.54,15.620000000000001,2.1301335100796193,-0.27,1.8800000000000001,1.4392358803986711,110.0,2.0048,3.103530837968623,3.103531322005091,7.224883720930233,7.564095359508738,-8.96,28.17,37.13,10.460137828379908,7.95,13.02,8.380365448504982,32.0,2.9010333333333334,4.069128464016179,4.069128612696663,-0.2902823920265781,47.18018248187733,-154.3125,175.8125,330.125,47.181075474075044,1.6875,48.625,33.653654485049834,155.0,48.896458333333335,71.5851972554552,71.58519736489404,-0.3176910299003322,155.3326227598837,-284.3125,295.9375,580.25,155.3329476352484,0.5625,282.875,132.60382059800665,40.0,39.780208333333334,52.86070021822227,52.86070026789751,-1.231935215946844,20.3720889471287,-46.5625,74.3125,120.875,20.409303575722845,-1.0,23.1875,15.28093853820598,91.0,12.412916666666666,17.30900007743242,17.309000097492632,12.04,134.0472199335548,26770.918176391195,10.608273582764536,4.638076274359327,3.3499104465642064,28.296999840972543,24.947089394408337,11.577876313623099,9.668009102188517,6.501232910301921,142.14985410563395,81.02059709813416,0.7856128181235335,325.6450689592889,324.85945614116537,163.6182085722466,153.4423369909687,127.76558541144166,101.05703323899829,85.7242818066464,132.51858910482457,1785.2630252514248,1396.162841512081,2266.3703910325335,0.4764816105468816,-0.9258495193509769,-0.5018224038327436,-0.24433615288614316,-0.4581255993425592,0.675012577470134,0.017895036347703723,-0.0626582220824306,0.12298465890636738
training,original,s11,s11,e6,6,3,amplitudine_mica,ex6_long_bno055_20260616_183236_081602_reversed.txt,template_times_long.txt,1501,60.04,5.011538974017322,2.8443720446572613,-0.13,8.4,8.530000000000001,5.762462600010721,6.86,5.77,5.0117121918720855,2.0,0.18766,0.3099013442299913,0.30990138216320795,-0.5307661558960693,0.6005524987414921,-4.71,1.43,6.14,0.8014836342616988,-0.45,0.6000000000000001,0.6138174550299801,231.0,0.3982666666666667,0.6408397406181638,0.6408400736533257,7.812045303131247,1.8979344677263583,3.03,15.16,12.13,8.039291452731309,7.07,2.9399999999999995,7.812045303131247,0.0,0.5278266666666667,0.8605373514005976,0.8605373515038922,-0.041430712858094604,13.997106486849106,-91.5625,107.5625,199.125,13.997167803100783,0.125,6.875,7.756953697534977,935.0,11.797291666666666,20.806041447796613,20.806041603041653,0.07611592271818787,34.703213468935495,-155.4375,121.125,276.5625,34.70329694285829,0.25,4.4375,16.712275149900066,556.0,5.757625,9.498688642221884,9.498688643044364,-0.08694203864090606,4.194788061160287,-30.5625,20.5,51.0625,4.195688953692338,0.125,1.9375,2.2604097268487675,603.0,1.9325833333333333,2.880382544761488,2.8803826424047667,60.04,98.47855829447035,1417.8433310084943,9.885909639491711,0.8644934321758602,6.416112530185237,15.162456924918205,8.746344394732969,9.92363634432814,9.870704128885638,0.314703560844638,20.25085181577244,31.74502058188214,0.31868871959954903,157.6120013474545,157.29331262785496,37.6542604629077,4.995701277098141,14.728287441862165,19.13368465140951,20.332897891358627,27.91996821273262,361.99821451588116,448.4311022828432,576.3099520286733,0.5485026145408025,-0.877361461926206,-0.5854772530060731,-0.09908486344738614,-0.31571903864608925,0.7589249226551493,0.015295575367743511,-0.04928549235813547,-0.056298272436122336
training,original,s11,s11,e6,6,1,normal,ex6_scrt_bno055_20260616_183236_081602_reversed.txt,template_times_scrt.txt,482,19.28,6.31941908713693,4.042012572672675,-2.71,9.94,12.649999999999999,7.501528060103123,9.2,7.615,6.404647302904564,9.0,0.2793347193347193,0.4467404734107797,0.44675685108533475,0.9225726141078837,0.8126300852882405,-2.04,4.23,6.2700000000000005,1.229433968872435,1.15,0.9649999999999999,1.0648547717842323,50.0,0.5145530145530145,0.9752568748621507,0.9752568828395869,4.740995850622406,4.09125434051966,-1.59,15.49,17.080000000000002,6.262220351795347,2.5199999999999996,8.295,4.765186721991701,6.0,0.592016632016632,0.9983551649952549,0.9983551961667239,-1.045902489626556,18.508147581768995,-99.0,95.4375,194.4375,18.537676200817312,0.1875,7.046875,10.1875,260.0,13.378118503118504,24.965266298210544,24.965284498550282,-0.5435684647302904,51.600676783618546,-155.4375,181.5,336.9375,51.60353971583073,0.40625,5.734375,28.005964730290458,168.0,7.6930873180873185,13.617558024015723,13.61755874065148,-0.3082209543568465,6.022477415341244,-28.25,28.375,56.625,6.030359390202213,0.0625,2.734375,3.3777230290456433,214.0,3.6021309771309773,6.265648241395867,6.265648289899737,19.28,96.99983485477179,3042.935984504668,9.811568599230988,0.8561287738163428,7.315879988080724,16.25097535534406,8.935095367263337,9.84884941781383,9.736113184123637,0.24939035545887656,31.694961661748543,45.148260096762954,0.4192627457812106,185.73590962708315,185.31664688130195,55.1628134208605,5.2780760316058695,47.91574035658051,23.333237139647768,28.243659029137724,36.63528668878177,438.96828667685264,580.7606186655962,727.9945418070507,0.5993672669591497,-0.9604806510909552,-0.5833982720695048,-0.3822917476513807,-0.279415596930617,-0.4087603071808088,0.020110609276569432,-0.032816540450920445,0.01080891555684078
training,original,s11,s11,e6,6,2,rapid,ex6_scrt_bno055_20260616_183236_081602_reversed.txt,template_times_scrt.txt,95,3.8,2.967157894736842,3.2927012309230066,-2.56,9.76,12.32,4.4323704006345235,2.52,5.3950000000000005,3.3065263157894735,16.0,1.0635106382978725,1.3800860459918183,1.3800890350556558,0.42673684210526314,2.1053592978048155,-7.04,5.52,12.559999999999999,2.148171805341267,0.35,1.93,1.5277894736842106,41.0,2.138936170212766,2.99245007423825,2.992466782908126,6.354315789473685,8.137272484022175,-10.12,24.4,34.519999999999996,10.324365967534227,8.1,13.059999999999999,8.56084210526316,6.0,2.687659574468085,3.4136704974672654,3.413674005051735,-1.0388157894736842,71.62469354379384,-184.0625,131.0,315.0625,71.63222643117301,5.0625,112.40625,59.420394736842105,31.0,54.39494680851064,72.91983817123564,72.9200494402763,-1.7019736842105264,168.43393193970851,-290.75,295.375,586.125,168.44253068358984,1.8125,319.90625,147.6782894736842,10.0,43.09375,58.48232055088379,58.48232330623684,1.882236842105263,28.95760834136342,-82.875,80.75,163.625,29.01871631174575,0.625,31.625,21.011184210526316,27.0,19.523271276595743,27.43127547495795,27.4313160954057,3.8,130.85308210526316,34346.147902960525,10.576577813786498,4.357646595833852,2.579244075305786,24.40174174111348,21.822497665807692,11.439103203715892,10.06639458793465,5.899191994750346,166.2221960478625,81.95321497041155,3.5194770563252717,313.10452153594014,309.58504447961485,185.32713752432622,174.66045184156602,106.81398672384177,100.10982096331874,63.6273889480925,118.61880490739895,1999.814273326155,1389.9598573149494,2435.4148584473264,0.33133290785297165,-0.9308414596722714,-0.3853172095012463,-0.48731956784124814,-0.44417609091004384,0.013462537237197628,-0.004736030122826282,-0.12944150963165602,0.09887197254625266
training,original,s11,s11,e6,6,3,amplitudine_mica,ex6_scrt_bno055_20260616_183236_081602_reversed.txt,template_times_scrt.txt,405,16.2,4.859506172839506,3.1011099172873084,-0.74,7.81,8.549999999999999,5.764692789990024,6.76,6.38,4.896592592592592,10.0,0.21532178217821782,0.35125904996084323,0.35125905083297027,0.19965432098765432,0.6595257398264868,-3.32,2.34,5.66,0.6890834850602037,0.18,0.84,0.5270617283950617,96.0,0.4203960396039604,0.7461686571645919,0.7461687622664046,7.752469135802469,2.072672117301124,3.21,14.13,10.920000000000002,8.024758401809203,7.01,3.21,7.752469135802469,0.0,0.5451485148514852,0.9118772992037133,0.9118773475800915,-0.04645061728395062,16.907133127657296,-107.4375,86.625,194.0625,16.90719693669453,0.625,6.5,9.120216049382716,236.0,14.114170792079207,25.107668680456072,25.107673835442824,0.1300925925925926,39.26535074597436,-142.9375,138.0625,281.0,39.26556625450647,0.0,5.4375,20.077623456790125,121.0,6.522122524752476,11.069122011835352,11.06913057499379,-0.05941358024691358,3.786464955984935,-20.25,19.5,39.75,3.786931057785414,0.125,2.0625,2.18070987654321,138.0,2.217512376237624,3.8339080515209805,3.8339081014606418,16.2,98.10326641975308,1841.9788483796297,9.855639267520344,0.9847035331835424,6.934652118167139,14.49031745683993,7.555665338672791,9.904709305161514,9.831500394141273,0.34980104239007836,23.93587038755526,35.62376955306366,0.23385358667337133,175.43654256952854,175.20268898285516,42.9182810510816,5.349138365194903,25.247015201089802,20.176148264120606,23.18873521727087,30.737508027692733,423.6698332361233,547.9655465291413,692.6488055120756,0.5021547108138887,-0.8803925779751177,-0.479109370679584,-0.26291236558151704,-0.10913635087246777,-0.15861378142925905,0.03253048813004948,-0.044878292992319664,0.11113054599335755
training,original,s11,s11,e7,7,1,normal,ex7_long_bno055_20260616_184508_892753_reversed.txt,template_times_long.txt,1995,79.8,-4.9972832080200495,4.133095090250934,-13.53,1.21,14.739999999999998,6.485006899473241,-2.17,7.95,5.001423558897243,20.0,0.2890872617853561,0.4996858510352292,0.49968585918917185,-0.039629072681704264,1.5750396940558422,-3.64,3.41,7.050000000000001,1.5755381624235996,-0.42,2.625,1.3592280701754385,138.0,0.4295937813440321,0.632996045032847,0.6329962898064461,-6.530150375939851,3.468863562245898,-11.12,-0.05,11.069999999999999,7.394313919889029,-8.68,6.135000000000001,6.530150375939851,0.0,0.4575025075225677,0.7241493134283699,0.7241493470483084,0.1836466165413534,17.93709438734668,-117.1875,92.4375,209.625,17.93803448375409,-0.0625,8.9375,10.6953007518797,902.0,11.362713139418254,17.851389594690684,17.85138969375339,0.47597117794486216,46.658301705335475,-170.0,186.625,356.625,46.66072938337276,-1.125,5.6875,21.970645363408522,573.0,6.3345975426278835,11.00838972734457,11.008389788433059,-2.236810776942356,15.591310557716984,-92.625,68.25,160.875,15.750945602059025,-0.0625,3.6875,7.692324561403509,732.0,4.207622868605817,7.0072081237920365,7.007208214645129,79.8,99.21351333333332,2747.0890350877194,9.830780008213948,1.6028966789641512,2.7400182481144175,16.19222344213419,13.452205194019772,9.960598040947808,9.729532362863079,0.3425035769219118,28.74859256471386,43.82473571666803,0.3365728004459065,192.5367456811816,192.2001728807357,52.41268009830941,7.082935037821539,29.15798779726446,19.702945596347057,18.601626833032967,27.096615766697216,381.90375614853986,399.6850012503055,552.8097133596876,0.5288254799140201,-0.7754619799995295,-0.6074309382550892,0.29952680756791844,0.14632997436060655,0.6961673969683349,-0.297085829731465,-0.16360396980461858,-0.03813686643697129
training,original,s11,s11,e7,7,2,rapid,ex7_long_bno055_20260616_184508_892753_reversed.txt,template_times_long.txt,476,19.04,-8.287731092436974,5.267801821303556,-16.95,3.01,19.96,9.820194636007763,-10.075,8.87,8.582773109243698,22.0,1.1086526315789473,1.4547385476416235,1.4547408523061491,1.0564495798319329,2.0205154200312,-6.61,6.74,13.350000000000001,2.2800369026204215,0.88,2.505,1.7386344537815126,96.0,1.2044842105263158,1.6297608798995542,1.6297618166306904,-4.999810924369748,2.6634787556685082,-11.93,2.42,14.35,5.665000296676474,-5.035,3.4124999999999996,5.043046218487396,16.0,1.321557894736842,1.7394676741674977,1.7394860705029185,-1.6348476890756303,58.451550993453985,-164.5625,257.9375,422.5,58.474409278818946,0.0625,80.453125,45.83889180672269,133.0,40.19578947368421,53.755117825346616,53.75511924826078,1.40953256302521,116.56519676371929,-234.25,216.125,450.375,116.57371864451618,-1.96875,194.3125,97.24067752100841,36.0,21.565394736842105,28.965154850841742,28.96517489862429,-3.685136554621849,44.36915936450053,-115.3125,137.8125,253.125,44.52193318060948,-3.75,64.390625,36.32878151260504,47.0,14.932236842105263,21.684724814257688,21.684727564336004,19.04,133.72701932773109,18990.8909532563,10.667626708781102,4.464163945223245,1.408864791241516,19.39376446180576,17.984899670564243,11.56403992243762,10.918831385285678,8.42827517086418,122.51034813516688,63.10392660569163,2.240431041116865,298.8415785370235,296.6011474959066,137.80744157430794,127.4287717244608,103.78016711069475,60.66853339975684,34.54284299954204,69.81317173262092,1326.3761797250224,930.0482445870059,1619.957872106962,-0.42572687892885164,0.41415660746913907,-0.41855683520764725,0.5459605937769342,0.5824963776502255,0.8510171655333386,-0.09004220204135252,-0.26325285341566285,0.0675679503601879
training,original,s11,s11,e7,7,3,amplitudine_mica,ex7_long_bno055_20260616_184508_892753_reversed.txt,template_times_long.txt,1817,72.68,-7.34053384700055,2.313382923675009,-17.08,-3.02,14.059999999999999,7.696439287781839,-6.47,4.17,7.34053384700055,0.0,0.26973017621145373,0.483862942388618,0.4838630003251958,-0.9385085305448542,0.9462272384877924,-6.03,2.78,8.81,1.3327206191703103,-0.97,1.02,1.1799724821133735,104.0,0.38437775330396473,0.5965346022811999,0.5965353806375804,-5.583819482663731,3.201080504562877,-11.94,4.8,16.74,6.436299900693534,-7.31,6.169999999999999,5.632272977435333,48.0,0.5485627753303965,0.921651126161658,0.9216516071824681,0.15268987341772153,17.04723670704937,-131.0625,113.0,244.0625,17.047920504965287,-0.0625,6.9375,9.047571546505228,889.0,10.221159140969164,18.041687592825728,18.04168770325321,0.1328769950467804,42.905513892440275,-188.5625,238.4375,427.0,42.905719649834545,-0.5,3.875,17.22636901485966,762.0,6.676177037444934,13.068944714767664,13.068944714812979,-0.6342528893780958,10.364509633188622,-62.375,73.0625,135.4375,10.3838979513545,-0.1875,2.6875,4.690114199229499,679.0,3.216203193832599,6.01162753086408,6.011627537169097,72.68,102.43727837094112,2239.357708877958,10.012610707440373,1.478142480341973,4.237463864152708,18.43301657352914,14.195552709376432,10.12113029117505,9.818064982469815,0.2802490548732166,22.311958418032365,41.73169323703452,0.22534695471649932,247.57733166881414,247.35198471409765,47.32185233988583,5.039298686325311,12.466164420127473,20.358435925544,22.02660446941069,29.993953020339678,356.6511150517244,453.4034132246254,576.8662522555629,0.34431404176025215,-0.592685633095516,-0.48310351251649253,0.3322626548074645,0.2695577274247753,0.6713441674010422,-0.19859536747166728,-0.018358262948892,-0.05908616999178978
training,original,s11,s11,e7,7,1,normal,ex7_scrt_bno055_20260616_184030_561451_reversed.txt,template_times_scrt.txt,531,21.24,-4.214802259887006,4.264279711519167,-11.83,0.98,12.81,5.995718434685088,-1.17,8.870000000000001,4.232956685499058,16.0,0.23330188679245284,0.3868325432513841,0.38683256579851727,-0.9502259887005651,1.2324698251207054,-4.16,2.27,6.43,1.556249112268029,-1.41,1.9349999999999998,1.3854425612052732,55.0,0.3818301886792453,0.5974278857533228,0.5974339783528939,-7.00030131826742,2.9489600937032674,-11.25,-0.45,10.8,7.5960900587598985,-8.37,4.094999999999999,7.00030131826742,0.0,0.39783018867924524,0.6197538243341374,0.6197581695139204,-0.04107815442561205,22.308664057325604,-107.375,92.875,200.25,22.308701877011632,-0.8125,9.28125,13.150070621468927,234.0,11.382429245283019,18.557460280749034,18.557479587591306,0.3373352165725047,43.387794027612706,-124.875,124.125,249.0,43.38910537947153,-0.25,6.65625,24.240819209039547,123.0,5.507783018867925,9.368512395694259,9.368512692565172,-0.8405131826741996,8.897274723872883,-31.625,50.3125,81.9375,8.936887597050575,-0.3125,4.375,5.31885593220339,168.0,3.35436320754717,5.6048137219299115,5.604813752943864,21.24,96.07113502824858,2460.1606049905836,9.735406992652495,1.1370952975285233,5.259790870367376,13.807602978069728,8.547812107702352,9.8015883931253,9.671039240950272,0.4477768152744268,30.429917927438478,39.16861881557661,0.5077524002897476,142.25348743528224,141.7457350349925,49.600006098695026,8.092000293499748,47.39858578111779,17.264356060811803,16.081320624036383,23.593788657346813,364.09765239894756,396.43383365633326,538.2628400232381,-0.8178721758369853,-0.8530958704996618,0.734253928852078,0.6274023309885962,-0.13263398961547013,-0.29309182195225886,-0.07849858767311527,-0.12901143009939306,-0.03965896949780868
training,original,s11,s11,e7,7,2,rapid,ex7_scrt_bno055_20260616_184030_561451_reversed.txt,template_times_scrt.txt,158,6.32,-6.9412658227848105,5.0038133223354055,-14.15,2.38,16.53,8.556828792686094,-9.34,8.7225,7.372658227848102,8.0,0.894140127388535,1.2013155189305464,1.2013156269976637,1.0434177215189875,1.7256680130695814,-5.83,5.07,10.9,2.0165938195163133,1.03,2.1074999999999995,1.5702531645569622,18.0,0.9966242038216562,1.338390530653934,1.338392181153659,-5.940822784810127,2.343844878974725,-11.86,-0.64,11.219999999999999,6.386468834748603,-6.255,3.4475,5.940822784810127,0.0,1.130063694267516,1.4695182509288458,1.469534351483858,0.16890822784810128,53.75630873959308,-121.125,156.1875,277.3125,53.756574103042375,2.625,71.890625,42.78837025316456,26.0,30.32921974522293,41.47589385609569,41.475920909925954,-0.4576740506329114,107.81301647945162,-198.6875,186.125,384.8125,107.81398790479427,1.4375,194.859375,88.92286392405063,10.0,17.948248407643312,23.332824832114344,23.332825171711004,-6.932753164556962,20.013198453940184,-107.5625,60.0625,167.625,21.179971170836573,-7.125,18.328125,15.65110759493671,32.0,12.521894904458598,17.77114165969596,17.771149903966137,6.32,118.07295379746834,14962.21642602848,10.228785316746608,3.666729433893013,2.9137947765757284,17.543289315290902,14.629494538715175,10.866137943053564,10.21992795229967,5.604835687625698,105.38673124126198,62.09551758630002,6.3973261015833796,229.16398672675425,222.76666062517086,122.32013908604127,106.67541317943144,114.20000576367953,50.83075899902979,28.061966918825426,58.06238065882849,1064.113726913769,693.1565825262725,1269.9622323934725,-0.661938842704535,0.1501877934430768,-0.18114971689567907,0.7823753148607899,0.5109347004554213,0.47636235653401143,-0.16794645958861865,-0.47494180166770616,0.09757739108829493
training,original,s11,s11,e7,7,3,amplitudine_mica,ex7_scrt_bno055_20260616_184030_561451_reversed.txt,template_times_scrt.txt,433,17.32,-8.76187066974596,0.7132357790914768,-10.24,-7.61,2.63,8.790852228875806,-8.36,1.4100000000000001,8.76187066974596,0.0,0.11000000000000006,0.15862491426609487,0.15862546150299156,0.21346420323325638,0.2993403204907056,-0.5,1.65,2.15,0.36765689648568717,0.13,0.28,0.2499076212471132,118.0,0.21284722222222222,0.3192755181031706,0.31927906347014107,-4.033325635103926,1.5432433462035409,-6.0,-0.86,5.14,4.3184853484049235,-4.84,2.3500000000000005,4.033325635103926,0.0,0.27550925925925923,0.3812987218412589,0.38129894949880055,-0.6719110854503464,11.791722497450268,-46.5,36.1875,82.6875,11.810850264211542,-0.375,6.25,7.276991916859123,198.0,6.857204861111111,10.209279874139146,10.209293906762248,0.10796766743648961,18.92344381007072,-67.0,61.3125,128.3125,18.923751812209847,-0.5,3.0625,10.097575057736721,117.0,2.932002314814815,4.512769542703641,4.512779644689931,-0.4871535796766744,3.392591528030874,-16.1875,10.375,26.5625,3.4273890771633533,-0.125,2.0625,2.0549942263279446,127.0,1.560474537037037,2.6392078546469215,2.6392155316845924,17.32,96.06357020785218,509.3515625,9.794931308982152,0.35055792698690713,8.588806669147932,10.968978986213802,2.3801723170658704,9.801202487850773,9.798173299141018,0.16961248747984392,13.833537893483621,17.83212807966432,0.2795084971874737,77.91163363869352,77.63212514150604,22.56881836738468,4.7557530949367,15.673220457525204,10.249232507158554,8.07833596413207,13.050144785985525,208.5042398700776,196.8532002990864,286.74936880800817,-0.5121573653854788,-0.8365696919447493,0.4100746140446059,0.6851352360481889,0.017631127965138056,0.32015107949555727,-0.07292671828227586,-0.13956760639571048,-0.10299221701584627
training,original,s11,s11,e7,7,1,normal,ex7_scrt_v2_bno055_20260616_184325_718708_reversed.txt,template_times_scrt.txt,531,21.24,-4.228625235404896,4.166582981401838,-11.54,1.59,13.129999999999999,5.936470763206919,-1.9,8.56,4.368135593220339,2.0,0.24388679245283024,0.410402391776056,0.41040339106326407,-1.0461016949152542,0.8981441741964807,-3.5,1.41,4.91,1.3787645606656873,-0.94,1.3900000000000001,1.1668173258003767,44.0,0.3698867924528302,0.5348023673187242,0.5348023793006725,-7.064387947269304,2.9970462785276233,-10.43,-0.94,9.49,7.673842809515977,-8.52,3.924999999999999,7.064387947269304,0.0,0.4218867924528301,0.6134085696627547,0.6134846340589266,-0.788135593220339,18.494966005528223,-123.5,64.5,188.0,18.511751004671204,0.0,9.3125,11.468926553672317,229.0,10.657547169811322,16.419496012742833,16.419631672034637,-1.440324858757062,40.32484226119465,-107.875,123.875,231.75,40.350556862191915,-0.4375,6.03125,23.004590395480225,137.0,5.15872641509434,8.498393123144357,8.500466482760125,-0.4701035781544256,7.723371773542957,-26.375,41.375,67.75,7.737665599297612,-0.0625,3.5625,4.560263653483992,173.0,3.418514150943396,5.515405477568347,5.5154739175684036,21.24,96.03054030131827,2030.723833274482,9.746960086349892,1.013562714596574,6.175572847922693,13.297059825389972,7.1214869774672795,9.799517350426921,9.719819957180277,0.4167130741262497,28.07639755915668,35.24825858641336,0.23385358667337133,146.44443538847764,146.21058180180427,45.06355326951573,7.192118081622409,43.4577180377545,17.3086799335554,14.821084703486624,22.78716640633909,339.9428559361738,342.2214695211285,482.36571136767475,-0.7540235888235494,-0.8616831258996691,0.6484605674470838,0.5306523185796549,-0.05064479358522304,-0.11944287757232666,0.027148511798316764,-0.04110090748692727,-0.06085704726368523
training,original,s11,s11,e7,7,2,rapid,ex7_scrt_v2_bno055_20260616_184325_718708_reversed.txt,template_times_scrt.txt,158,6.32,-8.682658227848101,4.430949182211831,-16.31,3.11,19.419999999999998,9.747915908385854,-9.71,1.2125000000000004,9.00240506329114,4.0,0.8242675159235671,1.288693036208261,1.2887200483647816,-0.13227848101265824,1.121167959466556,-4.15,3.11,7.26,1.1289442811199397,-0.135,0.72,0.7505063291139239,51.0,0.7932484076433121,1.170832031050947,1.1708345327947556,-3.629873417721519,2.883626625557216,-11.67,-0.5,11.17,4.6358692328735716,-3.235,4.7725,3.629873417721519,0.0,0.8702547770700637,1.3398830817975642,1.3402939595809467,0.8223892405063291,55.696667280463984,-190.125,215.625,405.75,55.70273844447513,1.03125,37.078125,35.702927215189874,52.0,33.690684713375795,51.16983429608819,51.16991981301497,1.5771360759493671,96.0409343169051,-206.5625,221.75,428.3125,96.0538829130095,-1.1875,43.03125,64.05893987341773,27.0,15.278662420382165,25.75836362248138,25.758565222559287,-3.4161392405063293,15.449955853842281,-52.0625,46.25,98.3125,15.823120526501798,-1.0625,12.140625,10.715189873417721,51.0,10.130573248407643,15.838672113992295,15.839456611525776,6.32,117.78766329113924,12579.51463607595,10.278836685828134,3.483271404472086,2.276510487566442,18.68831988168011,16.411809394113668,10.853002501203951,9.757302034619507,2.939678021167312,80.67440304318603,77.91761886570667,1.021258414898012,272.1986363967498,271.1773779818518,112.1584354209524,54.121362722555205,138.99393204626168,41.44041412126317,36.05852957574974,54.932007770579496,1047.8252882945794,1053.580866046907,1485.9241151854858,-0.47912628355228837,0.18146106675252155,-0.20769101317925806,0.6473112233758476,0.11757872836888923,-0.03215062834732127,-0.09601445764379811,-0.36427531914048483,0.013282341970673009
training,original,s11,s11,e7,7,3,amplitudine_mica,ex7_scrt_v2_bno055_20260616_184325_718708_reversed.txt,template_times_scrt.txt,433,17.32,-7.381316397228637,1.9223030053728631,-10.93,-4.97,5.96,7.627521261881995,-6.12,3.8199999999999994,7.381316397228637,0.0,0.1331712962962963,0.21655528827484471,0.21655606151243553,-1.2082217090069285,0.5941756000424141,-2.25,0.79,3.04,1.3464190810447487,-1.5,0.8999999999999999,1.2331639722863743,24.0,0.24812499999999998,0.37115082050687787,0.37115466727098695,-5.431339491916859,2.8069382953232456,-8.39,-0.21,8.18,6.113783711434994,-7.25,4.67,5.431339491916859,0.0,0.28511574074074075,0.4106094906174855,0.4106862481803408,-0.11099884526558891,12.124791398338857,-51.0,59.8125,110.8125,12.125299468338183,-0.3125,4.6875,6.4799364896073905,208.0,6.404224537037037,10.748745472966672,10.74877102551858,-0.3233256351039261,27.214538698408465,-77.75,100.25,178.0,27.216459285393597,-0.625,3.875,13.49133949191686,103.0,3.307146990740741,5.499029789198358,5.500166867996842,-0.23065819861431872,4.8660541950702925,-24.625,22.3125,46.9375,4.871517898350492,-0.0625,2.0,2.566974595842956,159.0,2.1410590277777777,3.4854405485138806,3.48544141627993,17.32,97.37027621247114,911.4902298643187,9.845332785285635,0.6630976997780463,7.351312807927574,12.120932307376359,4.769619499448785,9.867637823332956,9.820565156853245,0.2591122554904146,16.4062892841668,25.34410980461836,0.369754986443726,107.19407778650833,106.8243228000646,30.190896473346378,3.7635173043311494,13.858236901439314,11.416872623763492,9.511951050115677,14.860087257046542,209.62977364875056,234.02028331043658,314.1816910654142,-0.81426424358433,-0.8849735571828719,0.755994563060031,0.6299261931685796,-0.30654677021259147,-0.24163013522921634,-0.04890952678071971,-0.02799771188327079,-0.043896197719799725
training,original,s11,s11,e7,7,1,normal,ex7_scrt_v2_bno055_20260616_184325_718708_reversed.txt,template_times_scrt_v2.txt,545,21.8,-4.387559633027523,4.228552153002737,-11.54,1.59,13.129999999999999,6.093548460793325,-1.93,8.57,4.523486238532111,2.0,0.2431433823529412,0.40876848072501193,0.4087685505774344,-1.063302752293578,0.8887241190139916,-3.5,1.41,4.91,1.3858005999249292,-1.03,1.36,1.1809174311926605,43.0,0.3722610294117647,0.5348297817281071,0.5348379702412355,-6.969431192660551,3.0408968750844836,-10.43,-0.02,10.41,7.603947984706921,-8.26,4.079999999999999,6.969431192660551,0.0,0.43040441176470584,0.6230326952922408,0.6230431129450316,-0.6212155963302752,18.474076610407025,-123.5,64.5,188.0,18.484518263247,0.0,9.25,11.496903669724771,236.0,10.632352941176471,16.318722431248716,16.318723985887303,0.44862385321100917,41.765478416108245,-107.875,123.875,231.75,41.767887792993236,-0.375,6.375,24.21559633027523,136.0,5.270335477941177,8.651298462847995,8.651335722136436,-0.16227064220183487,7.9825637791801825,-26.375,41.375,67.75,7.984212938668407,-0.0625,3.6875,4.782683486238532,174.0,3.5060891544117645,5.612180106241602,5.612184773711847,21.8,96.87180110091744,2149.9815223623855,9.787552187185987,1.0371225983596224,6.175572847922693,13.297059825389972,7.1214869774672795,9.842347336937333,9.722432823115827,0.4409828245269303,29.21926459546808,36.00300124798502,0.23385358667337133,146.44443538847764,146.21058180180427,46.3678932275598,7.3614812537966845,47.047832580668754,17.506716369454942,14.810256456175692,22.930957553888483,341.9701536005483,340.52646989004245,482.59907029474954,-0.7072912241893623,-0.8584206241972339,0.5944940301343759,0.5299839764861468,-0.050774196099775105,-0.048667160158300284,0.013789048714714619,-0.044537431977801335,-0.017901233543581502
training,original,s11,s11,e7,7,2,rapid,ex7_scrt_v2_bno055_20260616_184325_718708_reversed.txt,template_times_scrt_v2.txt,146,5.84,-8.15554794520548,5.2877568632607845,-16.31,3.11,19.419999999999998,9.719739447717046,-9.934999999999999,8.315,8.551027397260274,6.0,1.188206896551724,1.5339010381273406,1.5339021683500436,-0.2765068493150685,1.3872005872011335,-4.15,3.11,7.26,1.4144898397829924,-0.43,1.3875,1.102945205479452,37.0,1.0391724137931035,1.354188524120073,1.354208255771615,-5.235136986301371,2.4464335899430987,-11.67,-0.59,11.08,5.778554886417751,-5.29,3.5200000000000005,5.235136986301371,0.0,1.2053793103448276,1.628727746961339,1.6287435394319694,-2.0017123287671232,65.24516378166811,-190.125,215.625,405.75,65.27586268402614,2.09375,75.25,49.153253424657535,35.0,43.66293103448276,58.7975041867254,58.79879530858927,1.6275684931506849,120.10988674044917,-206.5625,221.75,428.3125,120.12091354965389,0.4375,201.59375,101.07876712328768,11.0,22.12801724137931,31.405076534208614,31.40521582188165,-5.488013698630137,18.58420320856056,-52.0625,46.25,98.3125,19.377587653096157,-6.34375,23.265625,15.344178082191782,38.0,14.196551724137931,19.282577528702333,19.282614836006893,5.84,129.86581301369864,19065.463024400684,10.551647198897456,4.304480735663489,1.8005554698481243,18.68831988168011,16.887764411831984,11.395868243082607,10.87707797222589,7.5782035281391655,122.06569026845722,64.54014474484661,2.050152433357091,272.1986363967498,270.1484839633927,138.07774268288384,123.9744317082288,97.01670724217841,56.91061093930076,32.185333998336965,65.38129214132255,1402.413732294131,1021.2070991694982,1734.828007590763,-0.44173702620955857,0.4813600136648039,-0.3352549068819691,0.6482904483991969,0.15159105996838282,0.015048415128850454,-0.09309688287279362,-0.46464764596547126,-0.08843399639385432
training,original,s11,s11,e7,7,3,amplitudine_mica,ex7_scrt_v2_bno055_20260616_184325_718708_reversed.txt,template_times_scrt_v2.txt,528,21.12,-7.471382575757575,1.95277119072685,-11.0,-4.72,6.28,7.722361874236837,-6.165,3.8500000000000005,7.471382575757575,0.0,0.1498292220113852,0.2416458198242069,0.24164678537165643,-1.1853409090909093,0.6082226009166711,-2.25,0.79,3.04,1.3322791760852164,-1.4649999999999999,0.9124999999999999,1.211477272727273,32.0,0.2589563567362429,0.3806826418744143,0.3806827482809139,-5.403030303030303,2.7450442093348766,-9.41,-0.21,9.2,6.060363369193853,-6.905,4.3149999999999995,5.403030303030303,0.0,0.31745730550284634,0.4583985904640361,0.45839874756014104,-0.03752367424242424,13.265820660990865,-51.0,63.3125,114.3125,13.26587373058031,-0.34375,5.265625,7.408025568181818,245.0,6.920066413662239,11.47399841286855,11.4740588428103,-0.14725378787878787,30.352194149101617,-83.6875,102.5,186.1875,30.35255134816187,-0.625,4.546875,16.16027462121212,113.0,3.7319734345351043,5.992917907918309,5.992920841582382,-0.45868844696969696,5.073132245683733,-24.625,22.3125,46.9375,5.093826250823594,-0.0625,2.328125,2.8812736742424243,189.0,2.398481973434535,3.7792423893401392,3.7792463268304544,21.12,98.13784488636362,1123.2078450520833,9.880560736370464,0.7157963545995311,7.351312807927574,12.382196897158437,5.030884089230863,9.906454708237636,9.837265880267239,0.29732026741411843,19.283648959436157,27.410741103832272,0.369754986443726,109.87027151372659,109.50051652728287,33.514293145642846,4.441417353920526,22.533910675780636,12.503741755564077,10.102358723960593,16.07486266434085,230.55907001380254,245.9672916715757,337.1311218767551,-0.7962663225690555,-0.8661731459043363,0.7338246698494277,0.665238294567399,-0.2825165795047219,-0.1896318139841352,-0.04618535537134297,0.06397287299602969,-0.05033236593779103
training,original,s11,s11,e8,8,1,normal,ex8_long_bno055_20260616_185759_909871_reversed.txt,template_times_long.txt,1854,74.16,-4.6472276159654795,4.136168431458097,-15.67,0.17,15.84,6.221303224243513,-2.15,8.16,4.647950377562028,12.0,0.3505612520237452,0.6026159399450985,0.6026159469286508,0.9805933117583603,0.8436128281104209,-3.08,5.36,8.440000000000001,1.2935400445358045,0.89,0.8,1.0573570658036677,125.0,0.4437560712358338,0.7417513612061626,0.7417518389662555,-6.33811758360302,4.357293513014488,-13.09,2.54,15.629999999999999,7.691406975458777,-9.22,6.970000000000001,6.762087378640777,46.0,0.5153804641122504,0.8505244305992463,0.8505244881947188,-0.6300229234088457,21.844433154614634,-106.6875,161.625,268.3125,21.853516621597716,-1.25,6.171875,10.233380528586839,831.0,10.190535617916892,19.474803839903416,19.474817786301188,0.18514023732470333,67.46753586373045,-318.75,300.5,619.25,67.46778988844403,-0.75,4.609375,27.397653721682847,595.0,8.131104964921748,16.06201447581242,16.06201649871497,-0.1515304746494067,15.381061074562155,-88.5,110.4375,198.9375,15.381807477151655,-0.0625,2.9375,6.8413902373247035,608.0,3.8578656233135455,7.406432250371934,7.406432270033139,74.16,99.53560091693636,5266.078862425836,9.868854645456192,1.4633211895527416,1.7115197924651644,18.340629760179993,16.62910996771483,9.976753024753913,9.752040811791533,0.3521948802036903,32.1647444071012,65.05004288739315,0.31868871959954903,336.6968278826666,336.37813916306703,72.56775359914234,4.920858013849262,13.508452991408888,21.86813468309726,23.339735054897456,31.98372315648837,384.2542306255559,533.7778322833577,657.7006066522656,-0.19657980286705268,-0.8329222886007395,-0.10258263486392673,0.6617073587986517,0.5680369686665697,0.8335114760837763,-0.0815053951132386,-0.023728814405817554,-0.010728209732232073
training,original,s11,s11,e8,8,2,rapid,ex8_long_bno055_20260616_185759_909871_reversed.txt,template_times_long.txt,342,13.68,-9.035146198830407,4.184076170396343,-16.16,0.58,16.74,9.956925239948232,-10.085,5.855,9.04187134502924,10.0,1.3127859237536659,1.6238032587864253,1.6238033265767622,2.117602339181287,1.8084491707729533,-3.75,7.31,11.059999999999999,2.784731238409811,2.16,2.3200000000000003,2.3595321637426903,50.0,1.3897067448680351,1.795673377562916,1.7956745846829392,-4.566725146198831,2.593798796998177,-9.91,5.0,14.91,5.251930193770089,-5.005,3.2675000000000005,4.725964912280702,19.0,1.6662756598240471,2.2237034385578687,2.2237048687063905,-1.3934576023391814,69.39676466755128,-180.75,205.8125,386.5625,69.41075327651338,-0.25,93.21875,54.27357456140351,84.0,47.61363636363637,64.61671677999132,64.6167259673794,2.767543859649123,160.22832711846644,-284.375,341.5,625.875,160.25222653741,-1.78125,291.140625,138.19078947368422,23.0,33.19299853372434,42.684560203856826,42.68456278564433,-5.278143274853801,48.09101512480121,-133.375,107.4375,240.8125,48.37979466847438,0.09375,78.28125,40.11001461988304,31.0,15.624450146627566,20.349858166769557,20.349861871950825,13.68,134.4778590643275,32839.23331277412,10.914631337307943,3.9177393781341405,0.3781534080237807,18.198642806539173,17.82048939851539,11.596458901937586,11.423473640623829,5.29934477499074,160.02032155635982,85.04545844296052,0.4050462936504913,369.4021827984372,368.9971365047867,181.21598525730042,172.07535533197677,139.6089437694045,72.42291598095349,38.84200195899179,82.18138399520033,1680.1642171924134,1088.200113254227,2001.7820269001088,-0.5556744958208394,0.35584785819297843,-0.2708004776819889,0.6762132587547509,0.5024534827451651,0.8756302802082062,-0.017820391863601275,-0.2161728768430347,0.08542907294885052
training,original,s11,s11,e8,8,3,amplitudine_mica,ex8_long_bno055_20260616_185759_909871_reversed.txt,template_times_long.txt,1813,72.52,-7.795350248207391,1.58285987876497,-13.64,-4.97,8.670000000000002,7.954428382230296,-7.04,3.0700000000000003,7.795350248207391,0.0,0.27524834437086093,0.40679554523117506,0.4067955455680897,1.828428019856591,0.8434987479622569,-1.74,4.96,6.7,2.013613458837269,2.03,1.15,1.8393932708218421,38.0,0.5476103752759383,0.7318397894380596,0.7318398523833092,-4.772305570876998,2.8320622703422993,-9.57,2.47,12.040000000000001,5.549367276088331,-6.34,4.7299999999999995,4.873662437948153,52.0,0.38842715231788083,0.6161748678070692,0.6161748680294986,-0.3695532266960838,17.512312974279226,-86.375,111.0625,197.4375,17.516211784985643,-0.875,5.8125,8.390444015444016,955.0,6.618377483443709,9.748267227923535,9.748267493735234,0.13099834528405957,37.82570790770805,-171.4375,272.3125,443.75,37.825934744374976,-0.875,4.25,14.977316602316602,564.0,5.895626379690949,11.256561390558318,11.256561391403848,-0.08873414230557088,15.791562686863404,-76.8125,81.3125,158.125,15.791811987265655,-0.125,3.6875,7.149131274131274,843.0,3.9080435982339954,6.1248466557059364,6.124847246597266,72.52,98.1230472145615,1987.0003404233314,9.879338561491872,0.7222996621771562,6.483532987499948,15.525723815655102,9.042190828155153,9.90570780987212,9.796147201833994,0.23693159795444174,19.863681822609575,39.90531900478257,0.4050462936504913,285.7097727043126,285.3047264106621,44.575781994524014,4.832345445019427,6.8985501498480275,20.423317474565394,16.073359534385858,25.989705334776712,274.1473475009304,294.7475808373321,402.5331098819767,0.4222909103711134,-0.8287628692343137,-0.6786618832161908,0.8568795654545642,0.8173440613706278,0.9041794255069308,-0.0982832234911334,0.05713693826998599,0.007131506263720577
training,original,s11,s11,e8,8,1,normal,ex8_scrt_bno055_20260616_185136_335178_reversed.txt,template_times_scrt.txt,515,20.6,-5.327300970873786,4.37925753966776,-18.91,-0.01,18.9,6.896233191606104,-2.46,8.235,5.327300970873786,0.0,0.3488715953307393,0.695634996654137,0.6956350848010944,-0.48885436893203876,1.2082519059004129,-6.48,2.68,9.16,1.3033998857357332,-0.39,1.48,0.970757281553398,72.0,0.4469844357976654,0.7233215379224627,0.7233220217038273,-5.304407766990291,4.770158389092238,-12.1,3.38,15.48,7.133803530763514,-8.6,9.979999999999999,6.15147572815534,12.0,0.48836575875486377,0.8569806645646622,0.8569811733740186,-1.6398058252427183,21.385904485008528,-92.1875,104.5,196.6875,21.448680001025885,-1.1875,6.53125,10.73106796116505,234.0,10.631322957198444,19.53119771412705,19.531198151682155,0.4601941747572815,75.84873663251554,-389.75,315.875,705.625,75.85013267903481,-1.0625,5.84375,32.35364077669903,106.0,8.558608949416342,17.162295783165757,17.16229581073395,-0.7923543689320388,9.91688169617239,-61.5625,61.9375,123.5,9.948485715014353,0.25,3.28125,4.885072815533981,165.0,3.856395914396887,7.4636575088494865,7.463657795102412,20.6,100.14803631067961,6312.260869235437,9.865845103114502,1.6772408032334656,1.3917614738165445,20.21017565485268,18.818414181036136,10.007399078216059,9.716491136207555,0.34345322813168444,36.637275476826304,70.49802064505484,0.3247595264191645,396.21511084573746,395.8903513193183,79.4497380060843,6.06217782649107,16.856200621841836,21.53825741367911,24.9910633769454,32.99166229713812,395.3123512352641,548.6821247060753,676.2572949781214,-0.682460649256724,-0.7965525635094453,0.583703530637013,0.6613580408237975,-0.16809507661386489,-0.1136235682480852,-0.036755766813042476,-0.024383237294220834,-0.003976865556318349
training,original,s11,s11,e8,8,2,rapid,ex8_scrt_bno055_20260616_185136_335178_reversed.txt,template_times_scrt.txt,140,5.6,-9.07907142857143,3.74050605751769,-15.45,-1.15,14.299999999999999,9.819415643073093,-9.7,4.3325000000000005,9.07907142857143,0.0,0.8430215827338128,1.2931631482553918,1.2931635404874524,0.32271428571428573,1.6033829606077727,-6.06,4.59,10.649999999999999,1.6355370459183822,0.41500000000000004,1.2425000000000002,1.153142857142857,46.0,1.150863309352518,1.628840486089338,1.628840563939213,-3.2398571428571423,3.3855752804496664,-11.17,3.2,14.370000000000001,4.686021157198748,-4.4350000000000005,6.4975,4.0324285714285715,10.0,1.3442446043165468,2.033222162146542,2.03322244852349,-1.3830357142857144,47.44909857433102,-131.6875,198.625,330.3125,47.469250502863126,-0.625,50.421875,32.09375,49.0,30.60701438848921,46.78599847315449,46.786003045090865,0.5535714285714286,145.13517667104065,-261.125,254.0625,515.1875,145.13623237724175,-1.09375,235.625,113.65535714285714,13.0,23.887140287769785,34.120418123646004,34.12042135001439,-2.4433035714285714,16.16184173134101,-37.3125,54.25,91.5625,16.345484406742784,-0.8125,13.71875,11.353125,54.0,11.773830935251798,16.86362442388036,16.86362442987481,5.6,121.0546992857143,23585.03055245536,10.604226382289973,2.933442025822158,2.1946298093300385,16.82960189665816,14.634972087328123,11.002486050239478,10.159772037683393,3.2945283895360262,122.97993585564372,91.98350900784945,1.0019512213675874,281.38943765713736,280.3874864357698,153.57418582709582,117.12024542033367,188.57186479292605,55.93852417952979,46.45426158159206,72.71256360818823,1152.3891229984347,972.3405902966427,1507.7953821203741,-0.38774492305493463,-0.019359182333173602,0.3087006453305872,0.6065876348478834,0.061761586736810696,0.06897327381453569,-0.13738923015371532,0.03190468793587404,0.20080574127357945
training,original,s11,s11,e8,8,3,amplitudine_mica,ex8_scrt_bno055_20260616_185136_335178_reversed.txt,template_times_scrt.txt,570,22.8,-8.52275438596491,1.2687818274386886,-12.78,-6.26,6.52,8.616678574086583,-8.22,2.33,8.52275438596491,0.0,0.17569420035149386,0.2898690644908808,0.28986906928585315,-0.0969122807017544,0.45960426458489584,-1.5,2.36,3.86,0.46971062386903556,-0.21,0.51,0.37147368421052634,71.0,0.2665553602811951,0.3908653876318626,0.390866955821159,-3.616684210526316,3.212415561907001,-7.74,2.54,10.280000000000001,4.837356553020734,-5.325,7.0275,4.199035087719298,6.0,0.3050439367311072,0.46208811682132184,0.4620891278083313,-0.20855263157894738,11.89055344726719,-59.6875,64.75,124.4375,11.892382245894057,-0.5,4.171875,5.757017543859649,333.0,5.513510544815466,9.001594746337814,9.00159523489293,0.01337719298245614,40.48450959716121,-185.375,176.625,362.0,40.48451180725698,0.0625,3.25,15.580701754385965,185.0,5.184973637961336,10.299008585699898,10.299008923090174,-0.09133771929824562,4.576040088605499,-23.5625,30.0,53.5625,4.576951547863625,0.1875,2.375,2.529495614035088,201.0,2.1230228471001755,3.5340306430461745,3.5340326163452307,22.8,97.86779614035089,1801.3729372258772,9.873867822759399,0.6119888553131102,7.16487264366925,12.938585703236656,5.773713059567406,9.89281537987801,9.802486903148903,0.18455024870054793,17.888431773939967,38.48865996491658,0.28641098093474,195.77259807299387,195.48618709205914,42.4425840074079,3.327794826237564,6.395169215313645,12.613401877090423,11.061497566430305,16.776609768517947,224.24502234426967,272.867138034061,353.1887669010458,-0.5593764822114282,-0.7827640266893381,0.5104931108278937,0.8322660011603848,-0.24743576552511767,-0.28084675385241603,-0.04561059948832827,-0.0010077327197130555,-0.019473405677988536
training,original,s12,s12,e6,6,1,normal,ex6_long_bno055_20260617_160550_609767.txt,template_times_long.txt,1757,70.28,6.683733636881047,3.301523967054075,0.29,10.38,10.090000000000002,7.454686836736177,8.6,6.719999999999999,6.683733636881047,0.0,0.20247152619589975,0.33641395548961106,0.33645546199211573,-0.2982470119521912,0.8780069402546609,-4.71,1.47,6.18,0.9272796057682721,-0.04,1.37,0.7133750711439955,191.0,0.23785307517084284,0.3634521639270214,0.36345320830080147,4.607814456459875,4.376402431210462,-2.22,12.61,14.83,6.354907733796413,3.4,8.790000000000001,4.894177575412635,33.0,0.28240888382687923,0.4381713024134693,0.43821358986421866,-0.35571997723392146,7.4033111329270325,-39.6875,39.5625,79.25,7.411852159421735,-0.25,6.3125,5.088574274331246,688.0,5.298441059225513,7.6192419448336155,7.6192419455818055,-1.5328685258964143,37.67674908880862,-118.3125,112.0625,230.375,37.70791837026707,0.0625,9.3125,22.734632896983495,431.0,4.689279612756264,7.106656618930527,7.106656679181267,-0.17558338076266364,4.827763467772593,-38.8125,42.625,81.4375,4.830955353173915,-0.1875,3.4375,3.0409789413773476,612.0,2.624537300683371,4.377797152071016,4.377797419594727,70.28,96.81705560614685,1500.1607898762095,9.827962420293131,0.47771358725999924,8.13393508702891,12.973399708634586,4.839464621605677,9.839565824066977,9.806819056146596,0.32315125552329427,24.890121461694168,29.67562372551453,0.125,119.81192944569418,119.68692944569418,38.73190919482552,7.4859242916289235,40.053151374475746,12.201579314064283,11.155884166503714,16.532764115351362,214.71223923400782,183.64431339049182,282.535979155836,0.8282472070553962,-0.9509359877871568,-0.8089113761170819,-0.5286332841524252,-0.5787555927193956,0.3886007702055757,0.010606710486133647,0.10094266308039422,0.13855933530546408
training,original,s12,s12,e6,6,2,rapid,ex6_long_bno055_20260617_160550_609767.txt,template_times_long.txt,431,17.24,5.297981438515082,2.751793822813577,0.21,9.87,9.659999999999998,5.970006412569864,5.39,5.09,5.297981438515082,0.0,0.5603255813953488,0.727627435735667,0.7278908683855497,-0.6562877030162413,1.0819434052094232,-3.71,1.66,5.37,1.2654307887855807,-0.58,1.6800000000000002,1.005522041763341,67.0,0.5256976744186046,0.7144730966530477,0.7145047072932313,5.21661252900232,6.635419312531385,-9.39,34.68,44.07,8.440487884646151,5.78,11.66,6.969883990719257,21.0,1.2176046511627905,1.9500563241577864,1.9503621011446555,-0.8127900232018561,23.56663938887469,-81.3125,50.4375,131.75,23.580651384282763,0.4375,31.59375,18.93082946635731,122.0,18.477616279069768,25.44306493869894,25.44307478481746,4.961716937354988,132.29794362704735,-280.5625,353.4375,634.0,132.3909533273019,14.625,211.90625,112.01943155452436,25.0,25.56875,32.35615238719587,32.35615851461163,1.70330626450116,13.498849738404765,-53.3125,36.9375,90.25,13.605888302155035,1.375,18.375,10.877320185614849,78.0,6.432412790697675,8.504624385544025,8.504640811598238,17.24,108.48412737819024,18268.53183910963,10.085334549990593,2.60195203509909,5.7887908927512655,35.07143139365714,29.282640500905877,10.415571389904168,9.583282318704796,3.151285829028346,115.73145980297144,69.81948904842282,1.3184389443580617,355.6310522332098,354.31261328885176,135.1611328715087,110.75807673709399,108.5718294646994,39.89645941701391,37.893687305598405,55.02416752326115,898.924437761218,544.1138047182064,1050.7735137931695,0.7589133472623364,-0.8423623269051801,-0.7149545879572355,-0.605218370196451,-0.4423557617378732,0.32099051532441697,-0.09042165812880872,-0.07593573152430164,0.04062769678342916
training,original,s12,s12,e6,6,3,amplitudine_mica,ex6_long_bno055_20260617_160550_609767.txt,template_times_long.txt,1990,79.6,5.407698492462312,2.8356432236809654,0.0,9.74,9.74,6.106068741619843,6.515,6.02,5.407698492462312,0.0,0.12485671191553545,0.18340456676387923,0.18340695080289482,-0.48063819095477384,0.7782352441420705,-2.6,1.18,3.7800000000000002,0.914692935267976,-0.14,1.39,0.6782462311557789,208.0,0.16204625439919557,0.2197636752199999,0.21976460279931223,7.283788944723618,2.1879524205639505,-0.63,13.68,14.31,7.605308487229801,7.18,4.324999999999999,7.284904522613065,2.0,0.21058320764203114,0.36835949781726157,0.3683595228297027,0.01617462311557789,5.600751356094843,-26.5,74.25,100.75,5.600774711701155,0.15625,4.4375,3.6196922110552765,859.0,4.0245098039215685,6.042500691697792,6.04250104760077,0.04896356783919598,24.723495546635938,-120.0,85.1875,205.1875,24.723544031459213,-0.0625,4.0625,13.363976130653267,508.0,3.217100301659125,5.433549697134972,5.433549763372537,-0.14356155778894472,3.8352064685472302,-22.9375,23.875,46.8125,3.8378924655676983,-0.125,2.3125,2.4524811557788944,642.0,1.4506975867269984,2.136482209183805,2.136482209414884,79.6,95.96145582914572,657.3517254239949,9.786856607915244,0.422958112880509,7.749348359700962,13.946013767381702,6.19666540768074,9.795991824677364,9.775886149088539,0.21409667579600722,15.094868825602681,20.724301208046636,0.1875,120.14372902902589,119.95622902902589,25.638871375783978,4.261702631870389,20.35693498835217,8.431558206042892,8.057506215272909,11.662528893471208,150.9517833526905,146.07689057623958,210.0592746292824,0.8907855652608987,-0.945461832061744,-0.8529925210729999,-0.4640012752856931,-0.554523735818031,0.7648852889685421,0.039708825656669326,0.08844963184241163,0.08925119161702295
training,original,s12,s12,e6,6,1,normal,ex6_scrt_bno055_20260617_140923_695244.txt,template_times_scrt.txt,566,22.64,6.172526501766784,4.087987246783315,-0.65,10.0,10.65,7.4034939822273325,9.06,8.79,6.182879858657244,1.0,0.23323893805309734,0.35755636215625053,0.3575600698341791,-0.2680035335689046,0.3571368376904998,-1.68,1.24,2.92,0.44651160661397077,-0.31,0.45,0.373339222614841,80.0,0.2512212389380531,0.3376921744708931,0.3376923247494533,4.9711307420494695,4.049087991438544,-0.3,12.9,13.200000000000001,6.4114939301976355,2.46,8.350000000000001,4.9731802120141335,2.0,0.3143008849557522,0.4931156906293875,0.49311579354215374,-0.7131183745583038,6.454447027668902,-36.1875,18.875,55.0625,6.493721910362085,0.03125,5.34375,4.299690812720848,300.0,5.776769911504425,8.139674802306613,8.139675310434196,-0.21278710247349825,42.67215123894869,-156.6875,160.1875,316.875,42.67268177312845,0.375,5.46875,23.04096731448763,184.0,6.0244469026548675,9.821482134905043,9.821482135527996,0.36969964664310956,3.7051163410344596,-13.3125,25.5,38.8125,3.7235151308043077,0.0625,2.5,2.2314487632508833,222.0,2.1349557522123894,3.138975192420958,3.138975387335951,22.64,96.11835017667845,1876.9907588891342,9.789403475040274,0.5347240218541355,7.365310584082656,12.910538331146382,5.545227747063726,9.803996643036882,9.789726746541714,0.27152264928326986,24.603074158884464,35.660615541821,0.2724311839712921,161.91067415785162,161.63824297388032,43.324251394445746,4.987091469615838,32.755179329548085,13.425563853927223,11.086457727274125,17.411355769569273,240.9620329953703,223.14326931882442,328.4137938448312,0.21961768480485647,-0.9702641267369684,-0.24104972200491728,-0.1441991258614361,0.16761112234755238,0.4411859318433835,0.05641464621799566,0.20898595889115926,-0.2179705726502978
training,original,s12,s12,e6,6,2,rapid,ex6_scrt_bno055_20260617_140923_695244.txt,template_times_scrt.txt,161,6.44,3.1424223602484473,3.3508741376255977,-3.88,9.38,13.260000000000002,4.593819301670182,1.2,6.12,3.2898757763975155,4.0,0.663375,0.9840712626634313,0.9840712626634313,-0.4753416149068323,0.728184188575804,-2.55,2.54,5.09,0.8695986794803895,-0.56,0.8300000000000001,0.7205590062111802,42.0,0.6258125,0.8888181034912318,0.8888204965008402,6.949689440993789,5.920999938880587,-7.97,23.27,31.24,9.129973910284983,9.64,7.7299999999999995,8.053664596273292,6.0,1.2710625,2.0408482754956947,2.040848322389491,-1.4479813664596273,19.027973436470624,-58.25,52.125,110.375,19.082987793756143,-0.1875,15.9375,13.182453416149068,53.0,15.02109375,21.920292118103006,21.920293510309687,0.5873447204968945,129.58095484550012,-277.1875,292.0625,569.25,129.58228595179295,0.0,140.5625,94.14712732919254,28.0,23.305859375,35.22245665032652,35.222456756463444,-2.1754658385093166,19.109924735212303,-64.3125,49.75,114.0625,19.233353191786396,0.0625,14.75,12.718167701863354,42.0,6.8453125,9.528839314760399,9.528839346786942,6.44,105.21580124223601,17525.65113062888,9.985281006406732,2.3473313497094885,5.094104435521517,23.601343182115716,18.507238746594197,10.257475383457471,9.723481886649452,2.0452482740502713,97.77814783093342,89.247324539064,0.125,295.52055501690575,295.39555501690575,132.38448221233816,77.99050923830411,171.13140822232472,44.50812587836898,41.487217679608996,60.84539834695801,794.8414604639192,707.5851499996625,1064.1661955599138,-0.2041091959628299,-0.9213067026156739,0.28241509523046504,-0.5316699660278221,-0.35142514841463013,0.8831817750796027,-0.21584035585652558,0.010919449944198908,-0.10261095497682295
training,original,s12,s12,e6,6,3,amplitudine_mica,ex6_scrt_bno055_20260617_140923_695244.txt,template_times_scrt.txt,539,21.56,4.220519480519481,2.8843826342867325,0.0,7.36,7.36,5.111990597254586,6.42,5.94,4.220519480519481,0.0,0.15148698884758363,0.22572641620979458,0.22572641927093365,0.15183673469387757,0.460034849112807,-0.98,1.16,2.1399999999999997,0.4844444822688582,0.29,0.81,0.4321706864564007,50.0,0.20691449814126395,0.2869597491845331,0.2869600959267248,8.146029684601114,1.6324698746109054,4.15,13.39,9.24,8.307993591350119,7.23,2.88,8.146029684601114,0.0,0.24726765799256506,0.42813292682209814,0.4281331047587124,-0.022495361781076067,5.103572858821863,-35.0625,17.3125,52.375,5.10362243574158,0.1875,4.25,3.3485621521335807,284.0,4.21596189591078,5.965712564721016,5.965713271661991,0.10412801484230055,27.58962324435794,-117.3125,101.25,218.5625,27.58981974223628,0.125,3.21875,12.912569573283859,188.0,3.9100836431226766,6.66677282796258,6.666773155902911,0.13532003710575138,1.8772835203200673,-6.25,12.9375,19.1875,1.8821543316390414,0.0,1.625,1.234577922077922,201.0,1.289614312267658,1.7717187827085639,1.7717198834071437,21.56,95.38989183673469,790.7876203038034,9.750293594832332,0.56715663736422,7.030007112371936,13.42721862486792,6.397211512495985,9.766774894341259,9.737869376819551,0.19866190826855856,14.40267505212899,24.152651441334235,0.385275875185561,118.01367108305715,117.62839520787159,28.12094629104439,3.406680018727911,7.582364605944701,10.286854249383545,9.59444747772737,14.066726440466857,167.62017615998005,154.55612444951734,228.00026109800277,0.8629022289940088,-0.9238561580323856,-0.815516064090165,-0.5895168428854602,0.1513293190754946,0.18841051001854625,0.06854411958996195,0.10855161254242165,-0.22869476907416328
training,original,s12,s12,e7,7,1,normal,ex7_long_bno055_20260617_165653_093979.txt,template_times_long.txt,1843,73.72,-5.971752577319588,3.1166740623012554,-11.13,-1.86,9.270000000000001,6.736132870968665,-4.94,6.334999999999999,5.971752577319588,0.0,0.19691096634093377,0.30148249215212486,0.3014824933741177,-0.8946066196418884,0.6296961129641587,-2.53,1.13,3.6599999999999997,1.0940010048392352,-0.99,1.0,0.9340965816603364,164.0,0.24106406080347448,0.33188157477319674,0.3318815834760904,-5.874422137818774,3.3267315719004937,-10.03,2.28,12.309999999999999,6.750998326527331,-7.4,6.24,5.893553988062941,7.0,0.20390336590662325,0.2958157757213857,0.29582078164561093,-0.17736028214867064,9.943012865328237,-62.75,59.1875,121.9375,9.944594587501628,-0.0625,7.90625,6.5822707542051,676.0,6.439569761129207,9.791431046608011,9.79143127994614,0.2906606077048291,31.05254039041842,-82.125,103.9375,186.0625,31.05390069359144,-0.0625,8.625,19.797578676071623,380.0,3.4545331161780672,4.958534159938104,4.958535058944502,-0.007494574064026044,5.9355337541619955,-25.4375,28.9375,54.375,5.935538485717769,-0.4375,3.875,3.847022517634292,431.0,2.0509296959826275,2.8670281290586725,2.8670289259514155,73.72,92.14830265870863,1098.4703269126423,9.586246948855688,0.5021673966553658,7.760341487331598,12.078290441945832,4.317948954614234,9.599390744141454,9.591188664602527,0.38365467108535256,22.647568392989566,24.19830516374034,0.2651650429449553,104.53427219099007,104.26910714804511,33.143179191390836,8.33151021724153,39.2482765783083,10.758601583305342,8.03706263467148,13.429143078466797,210.75258228544507,189.7570976916251,283.5919728489018,-0.7188507092884883,-0.9365393077461514,0.7574362782961588,0.4659099483567563,-0.24514879646094517,-0.5751108343954232,0.05874149154354567,0.001012512856296071,-0.03976172625658875
training,original,s12,s12,e7,7,2,rapid,ex7_long_bno055_20260617_165653_093979.txt,template_times_long.txt,461,18.44,-7.057700650759219,3.951324817696635,-13.88,0.95,14.83,8.088516940123972,-8.6,6.970000000000001,7.093275488069414,14.0,0.6860869565217392,0.8638294318524888,0.8638294417000535,-1.0426030368763557,0.8163054651816037,-3.45,2.16,5.61,1.3241509373893725,-1.02,1.04,1.1245119305856832,58.0,0.6716086956521741,0.8800113538965094,0.880011363562994,-6.139696312364427,1.6828271052384525,-11.42,-0.48,10.94,6.366143092500085,-6.22,1.7199999999999998,6.139696312364427,0.0,0.5649782608695652,0.7595755266093152,0.7595758255649061,3.149539045553145,24.58628909715686,-84.5,103.0625,187.5625,24.787198465507114,2.0,29.5,18.62432212581345,189.0,24.789402173913043,33.99267608811837,33.99269472749927,-0.4407537960954447,100.54856228424151,-170.4375,203.875,374.3125,100.54952829992177,1.25,183.5,87.15252169197397,31.0,16.217798913043477,20.606331878401818,20.606334398028427,-0.3581887201735358,19.790674467503663,-56.4375,54.5625,111.0,19.793915606518105,0.3125,28.375,16.113882863340564,56.0,5.930978260869566,7.506368613788431,7.506369577840571,18.44,107.70525986984815,11116.411944143167,9.94529629221169,2.9658626957377106,3.496584047323902,16.78120972993306,13.284625682609159,10.378114466021666,10.371287287506794,5.057192920525042,93.68941231443411,48.360169192416286,8.559990508172307,207.42638942827404,198.86639892010172,105.43439639957715,96.96902694933058,84.01944977689718,32.34933652971245,16.263636986969825,36.20753322109257,850.925292703662,546.5526795166662,1011.332628391698,0.1310647034475202,0.17299489740266968,0.08469111767374282,0.056599239745015045,0.09712211098874811,-0.651105994650872,-0.10632991427319144,0.12243794586446802,-0.24373773261581705
training,original,s12,s12,e7,7,3,amplitudine_mica,ex7_long_bno055_20260617_165653_093979.txt,template_times_long.txt,1771,70.84,-6.950654997176737,2.1966846638183672,-10.4,-3.97,6.43,7.289514963427454,-5.95,4.61,6.950654997176737,0.0,0.15947457627118644,0.2303690234682832,0.23036902353756183,-0.26902879728966683,0.47745332416268965,-2.01,1.31,3.32,0.5480311765995863,-0.21,0.7,0.4257086391869001,278.0,0.21325988700564974,0.28781220697102944,0.2878122229965481,-5.580327498588368,2.7209932763545344,-8.74,-0.72,8.02,6.208370108286722,-6.41,5.635000000000001,5.580327498588368,0.0,0.18683615819209035,0.2653705336414043,0.26537065007438926,0.018210050818746472,8.112705926226623,-60.125,52.6875,112.8125,8.112726363645171,-0.0625,6.09375,5.1729249011857705,805.0,5.807838983050847,8.619351148980298,8.619351503389513,0.07040513833992094,27.571731385344314,-76.3125,89.25,165.5625,27.571821275880296,-0.0625,5.3125,15.767186617730095,418.0,3.2102754237288136,4.649102800298023,4.649102859434159,-0.07280491247882552,4.75089793945724,-35.25,21.0625,56.3125,4.751455754442011,-0.25,3.5,3.059747317899492,427.0,1.8520833333333333,2.64214487611047,2.6421449612897714,70.84,91.98122597402597,848.5979893068887,9.577858630648256,0.49583265860839637,7.612417487237546,11.232404016950245,3.6199865297126985,9.590684332936101,9.5822074700979,0.30008219729674757,18.38573001334796,22.59563942850843,0.10825317547305482,91.05844620352359,90.95019302805053,29.13070526621161,5.78319224131448,25.33048402881519,9.390829171303466,6.384897639811942,11.355817469274514,191.0846620309524,166.70886080131882,253.5846847369864,0.5153122697460499,-0.937138114792656,-0.5150073750209392,0.11675744811671798,0.2119082078781841,0.05774668885735554,0.02148113289561727,0.004027418517324363,-0.008018354363292958
training,original,s12,s12,e7,7,1,normal,ex7_scrt_bno055_20260617_161240_779392.txt,template_times_scrt.txt,546,21.84,-5.110238095238095,3.3167872681464656,-10.56,-1.3,9.26,6.092258298214314,-2.87,7.094999999999999,5.110238095238095,0.0,0.22390825688073393,0.34235054249748287,0.34235316279157474,0.8968315018315018,0.45711954195557125,-0.59,2.51,3.0999999999999996,1.0066106587529353,0.905,0.63,0.9086996336996337,22.0,0.3428440366972477,0.4911440606815195,0.4911504935754921,-7.076098901098901,2.8419059250654075,-9.84,-1.44,8.4,7.625457687578821,-8.524999999999999,4.5125,7.076098901098901,0.0,0.2453027522935781,0.3772931183176699,0.37729335434030353,-0.26694139194139194,11.677835898300136,-66.125,40.5,106.625,11.68088648067256,0.1875,9.125,7.5885989010989015,268.0,9.164564220183486,13.276422795868257,13.276429575835142,0.40899725274725274,32.828336646315485,-111.0625,96.9375,208.0,32.83088432736126,0.0,10.625,20.167010073260073,162.0,5.994380733944954,8.108299090451947,8.108301913454182,0.8923992673992674,8.940209893685363,-27.8125,31.875,59.6875,8.984638523368895,0.25,11.125,6.954441391941392,241.0,8.568463302752294,10.885973217948967,10.886012495947568,21.84,96.27648113553114,1295.0338040865386,9.790462503414407,0.6506343864011682,7.758517899702236,12.654603905298657,4.8960860055964215,9.812057945993345,9.788140571416978,0.3548130705956378,25.41683630335176,25.475836324155456,0.793036096278095,124.07044999716895,123.27741390089085,35.98657811026965,13.049977177345124,28.65422343159468,13.735521151154668,11.150154275056416,17.691537006472224,401.9931217308357,252.43298416797364,474.6797672271812,-0.3989835571318222,-0.9261461581422358,0.3659228156006992,0.451211253563243,-0.08966041914374465,0.010122482814501408,0.06351469446508394,-0.06549194762049751,-0.012915858029383722
training,original,s12,s12,e7,7,2,rapid,ex7_scrt_bno055_20260617_161240_779392.txt,template_times_scrt.txt,150,6.0,-7.709200000000001,3.876768159175888,-13.43,2.93,16.36,8.629084308314527,-9.33,5.160000000000001,7.776266666666667,6.0,0.8404697986577181,1.1284779380413676,1.128478514810655,1.9465333333333334,1.277549209315329,-1.11,5.73,6.840000000000001,2.3283307325206186,1.9,1.3975,1.9990666666666668,14.0,1.0922147651006713,1.4842196707932984,1.4842266872214644,-5.491933333333333,2.808463802310596,-14.82,0.56,15.38,6.168370989707629,-5.59,4.0874999999999995,5.4994000000000005,2.0,0.6946308724832215,0.9714277949093747,0.9714335908730508,0.52375,29.521857783330073,-92.25,79.375,171.625,29.526503366326104,0.9375,33.5,22.630416666666665,72.0,30.751677852348994,38.818309037694945,38.81831564627829,-1.1120833333333333,97.97404691865114,-214.75,187.0,401.75,97.98035823040418,-0.375,150.703125,78.48125,17.0,18.36744966442953,25.351601104002086,25.351618107882572,0.93125,14.315432286958714,-47.5,41.4375,88.9375,14.345690228253222,0.9375,14.78125,10.894583333333333,54.0,10.858640939597315,14.503408938173488,14.503526134839063,6.0,117.93102066666668,10677.763828125,10.257866852213072,3.5647143376342147,1.2387493693237548,18.66137186811302,17.422622498789263,10.859604995885748,9.98942606569404,4.531834151036062,86.69198980313604,56.233999787476954,4.217245101959334,215.5400285474835,211.32278344552418,103.3332658349914,82.7480899453256,98.23606705216176,44.60960414887956,27.79443500071779,52.55994101336929,1037.724557715671,630.9332513963329,1214.4747940586224,-0.5532150558900663,0.24103826799141084,-0.37048428931087585,0.5042942847828378,0.015999267025922404,0.11401489749226523,-0.05309983357453388,0.06751290794420084,-0.41597152678207655
training,original,s12,s12,e7,7,3,amplitudine_mica,ex7_scrt_bno055_20260617_161240_779392.txt,template_times_scrt.txt,509,20.36,-6.598133595284873,2.1532924152950597,-10.31,-3.38,6.930000000000001,6.94060769435891,-5.24,4.47,6.598133595284873,0.0,0.19482283464566935,0.2641966520647867,0.26419726881705974,1.6099410609037328,0.4738727669709181,-0.05,3.45,3.5,1.6782328857642228,1.6,0.5899999999999999,1.6101375245579568,2.0,0.31759842519685033,0.471125790865902,0.47112990334595795,-6.234361493123772,2.4208618176281016,-8.97,-1.22,7.750000000000001,6.687887197538107,-7.24,4.41,6.234361493123772,0.0,0.21348425196850396,0.3096779038990485,0.30968646832145785,0.09319744597249509,11.0624480432249,-75.1875,37.625,112.8125,11.062840615004188,0.4375,9.625,7.406311394891945,202.0,8.664616141732283,12.86460060273044,12.864630121744323,0.23600196463654224,27.112421665154002,-98.875,91.5625,190.4375,27.113448793475616,0.125,13.3125,16.757858546168958,144.0,5.81865157480315,7.5680726778558025,7.568073001868717,-0.643541257367387,8.835099700087067,-29.5,38.4375,67.9375,8.858506198023036,-1.0,11.0,6.931114931237721,214.0,8.772514763779528,11.088607174094985,11.088616839484251,20.36,95.71633595284872,935.9986800098231,9.76869712767203,0.5374870981343766,7.5902635000374,11.871031968620082,4.280768468582682,9.783472591715517,9.773146883169208,0.32319406513908255,22.30376491606945,20.941364582532163,0.85923294280422,113.95217267016018,113.09293972735595,30.594095508934778,14.076243284342596,20.615973715541436,12.252251893675515,9.600814060304415,15.565773578162254,398.4782460936532,239.3689625452733,464.8466551884336,-0.0821204263250678,-0.9301976945391006,0.0617471331999527,0.5566213313663834,0.17996095178722296,0.3289037548063433,0.016472705413609907,0.0600001489672375,-0.0661169678365113
training,original,s12,s12,e7,7,1,normal,ex7_scrt_v2_bno055_20260617_164227_962207.txt,template_times_scrt.txt,546,21.84,-5.8150549450549445,3.4432173195721405,-10.26,-1.12,9.14,6.758003368141328,-6.33,7.49,5.8150549450549445,0.0,0.25313761467889906,0.33586180078994216,0.3361045053731206,0.5536630036630038,0.6711112019686661,-0.82,2.54,3.36,0.8700189463643692,0.4,1.02,0.6525641025641027,113.0,0.32655045871559635,0.4336659436256423,0.43367366075967445,-5.4321245421245425,3.848908064440948,-9.69,1.38,11.07,6.657482281588914,-6.734999999999999,7.92,5.603553113553113,3.0,0.22196330275229362,0.3118613099494393,0.3124278999394108,1.5552884615384615,11.477752150736281,-94.9375,38.5625,133.5,11.58264722040372,0.78125,9.375,7.702266483516484,213.0,7.733256880733945,11.554396781686066,11.554406105841856,3.6796016483516483,26.85466959857014,-83.0625,70.5625,153.625,27.105585172412702,1.625,15.828125,18.252403846153847,124.0,4.284747706422018,5.738199201616703,5.738201522142246,0.7952152014652014,4.72843787241661,-14.4375,14.8125,29.25,4.794840136015491,0.375,4.734375,3.5053800366300365,170.0,2.4716743119266056,3.28906806509819,3.289068067097426,21.84,90.74961282051282,891.8609561011905,9.518080814634772,0.3946522856823164,8.228013125901052,11.757197795393253,3.529184669492201,9.526259119954318,9.528795611271391,0.34449731818764917,21.581893664763168,20.641773711191725,0.7153451963912248,111.17752203683081,110.46217684043958,29.864041188378884,11.469642354629075,32.699039281315066,13.405914711388409,8.332939023497557,15.784689481214023,257.0222819963978,211.47177768146426,332.837447109538,-0.4649487358899077,-0.9301094083902479,0.28228701922026134,0.5698621952476262,0.17260397632052474,0.1569220893644499,-0.08686002501508723,0.05432304029744641,0.08646903084388856
training,original,s12,s12,e7,7,2,rapid,ex7_scrt_v2_bno055_20260617_164227_962207.txt,template_times_scrt.txt,150,6.0,-8.850933333333332,1.3024378918866812,-9.66,-3.79,5.87,8.946248673792459,-9.35,0.21000000000000085,8.850933333333332,0.0,0.20348993288590606,0.31445719832713104,0.3166477093112794,1.1632666666666667,0.3778668136908676,0.35,2.88,2.53,1.2230996143678023,1.07,0.31000000000000005,1.1632666666666667,0.0,0.26187919463087245,0.37572010346043216,0.37572480290337307,-2.332,2.0856647221769213,-8.44,-0.81,7.629999999999999,3.1286133243552703,-1.315,1.2175,2.332,0.0,0.18053691275167782,0.2649462127552476,0.2691971658356746,-2.9575,8.486617283503874,-58.6875,11.25,69.9375,8.987184162276117,-0.84375,6.921875,5.2091666666666665,77.0,6.805369127516778,10.671825051411364,10.67190102448997,-9.329166666666667,16.242234789961085,-54.9375,4.125,59.0625,18.730817965766114,-0.84375,17.125,10.490833333333333,46.0,2.692953020134228,3.654847568651643,3.658582295473436,-1.6441666666666668,3.1638497339299936,-15.625,5.3125,20.9375,3.5655615499759175,-0.875,2.078125,2.115,46.0,1.8326342281879195,2.7723509569697926,2.772374090132424,6.0,91.31955933333333,444.32625,9.55277795485517,0.25296774214593576,8.796578880451195,11.085386777194561,2.288807896743366,9.556126795586868,9.533108090196414,0.1535090466975113,12.872913430362509,16.691744960141,0.369754986443726,75.25327027777597,74.88351529133224,21.07904765400942,4.079769182450001,19.11752302059139,10.838877509160776,8.87172433806813,14.00673974875173,206.79838185954264,203.92376149148697,290.43152590681694,-0.12040743368465363,-0.9251450766772382,-0.17164429492475344,0.58964070701061,0.35928869098295413,0.619212720459261,-0.4044973235803018,-0.46906858200450025,0.36319287922119003
training,original,s12,s12,e7,7,3,amplitudine_mica,ex7_scrt_v2_bno055_20260617_164227_962207.txt,template_times_scrt.txt,509,20.36,-6.904891944990177,2.910370023213136,-11.23,0.54,11.77,7.493182664529662,-8.56,5.2299999999999995,6.907249508840865,4.0,0.2994488188976378,0.4600355846730536,0.46019124747431744,1.3724557956777994,0.67106816043068,-1.02,4.1,5.119999999999999,1.5277327603456694,1.29,0.3899999999999999,1.3959528487229862,18.0,0.41669291338582676,0.649836368230196,0.6498403801588812,-5.044243614931236,2.9957136483402675,-8.86,-0.37,8.49,5.866744745566038,-5.97,6.32,5.044243614931236,0.0,0.2525590551181103,0.3927029362395859,0.392727691116986,0.4745825147347741,18.84874758754353,-94.25,64.5625,158.8125,18.854721270340224,0.1875,7.9375,11.396242632612967,193.0,8.804010826771654,13.761792995540791,13.762027499541261,2.0079813359528487,51.41728253811425,-145.9375,133.625,279.5625,51.45647610019368,0.375,11.375,31.74570235756385,108.0,5.855191929133858,9.32921015487026,9.331294531856548,0.16355599214145383,8.989608156956963,-31.5,42.5,74.0,8.991095894171774,-0.3125,3.875,5.251964636542239,156.0,2.9575541338582676,4.618181825404008,4.618723628897684,20.36,92.90044774066797,3084.1092522102163,9.558590883826906,1.2384619720803576,5.137518856413084,13.499696292880074,8.36217743646699,9.638487834752294,9.543264640572428,0.44011590096138953,35.55169016465756,42.663644694826615,0.3644344934278313,157.7613159570495,157.39688146362167,55.53475715450835,9.80772176654701,61.73613150979969,16.33189613347755,15.03192879347924,22.196614934870794,307.50221438269875,302.6000738785668,431.4213909411276,-0.4553000972619103,-0.7384694464820483,-0.02247802460242956,0.8201639970190311,0.5552284654003552,0.63625805597932,-0.022953016875900123,-0.05549299341534247,-0.04202829213084982
training,original,s12,s12,e7,7,1,normal,ex7_scrt_v2_bno055_20260617_164227_962207.txt,template_times_scrt_v2.txt,619,24.76,-5.459143780290792,3.3395072929911565,-10.26,-1.12,9.14,6.399574968216933,-4.83,7.284999999999999,5.459143780290792,0.0,0.24741100323624587,0.3393559250064653,0.3393564249745701,0.667124394184168,0.6487767555551786,-0.52,2.88,3.4,0.9305730685251412,0.51,0.9899999999999999,0.7106785137318256,110.0,0.3333980582524272,0.4421365832230458,0.44214174241791454,-6.103021001615508,3.4376305968969523,-9.69,0.71,10.399999999999999,7.004582033703515,-7.88,6.534999999999999,6.126284329563813,3.0,0.2248381877022654,0.31768509347013313,0.31769981353635635,0.29634491114701134,11.669664402386033,-94.9375,38.5625,133.5,11.673426556529087,0.0625,9.78125,7.731522617124394,256.0,8.146035598705502,12.019963776215203,12.019963946395752,0.4755654281098546,27.13694215505531,-83.0625,70.5625,153.625,27.14110889413384,0.3125,17.59375,18.619547657512115,129.0,4.110032362459547,5.546186795682878,5.5461960162627735,0.24151857835218093,4.782597289091204,-15.625,14.8125,30.4375,4.788691684929381,-0.1875,4.4375,3.4450726978998385,189.0,2.4428600323624594,3.302959981074579,3.30296166715213,24.76,90.88469547657512,895.8402476272213,9.525300613357118,0.39159124320346345,8.228013125901052,11.757197795393253,3.529184669492201,9.53334649934508,9.536508795151398,0.3379598912318649,21.84846906726396,20.45689729758722,0.2651650429449553,111.17752203683081,110.91235699388585,29.930590499140195,13.523706037917268,32.34235499292121,13.520376950930697,8.627873667961781,16.03872803328139,263.31879335302943,216.80999775942428,341.09142771599664,-0.6698228746088971,-0.9415230533179565,0.5677838276151846,0.5897279572436641,0.22606383928546475,0.2436267940943684,-0.03467896320996108,-0.06682106197040734,0.05708335535096373
training,original,s12,s12,e7,7,2,rapid,ex7_scrt_v2_bno055_20260617_164227_962207.txt,template_times_scrt_v2.txt,170,6.8,-6.808058823529411,3.5881813019081576,-11.23,0.54,11.77,7.695759221805214,-8.65,6.362500000000001,6.815117647058823,4.0,0.5795266272189348,0.73233519778671,0.7323359723046252,1.5048235294117647,1.106446470638116,-1.02,4.1,5.119999999999999,1.8678109237979157,1.36,1.6625,1.5751764705882352,18.0,0.8234319526627218,1.0495489868856496,1.0495549916385387,-5.677705882352941,1.8499081142429394,-8.28,-0.37,7.909999999999999,5.9714741996970115,-6.29,1.7149999999999999,5.677705882352941,0.0,0.4768639053254438,0.6341802317691114,0.6341965984170737,0.6507352941176471,30.80589177753734,-94.25,64.5625,158.8125,30.812763988846456,-0.53125,42.796875,25.048529411764704,35.0,16.84171597633136,21.833745191769577,21.833750203045607,-0.7470588235294118,81.78447083437236,-145.9375,133.625,279.5625,81.78788276110416,1.09375,154.375,70.76029411764706,8.0,11.532174556213018,14.932192995942067,14.932193110433515,0.6047794117647058,14.855176488938707,-31.5,42.5,74.0,14.867482189476863,-1.0625,14.453125,11.073161764705882,28.0,5.355029585798817,7.379656305389348,7.379668314895313,6.8,98.37193176470588,7859.726217830882,9.700214581721779,2.068276778687527,5.137518856413084,13.499696292880074,8.36217743646699,9.918262537597291,9.825600046295325,3.2272870054327836,78.10958587906842,41.935889302974324,3.6959648604931297,157.7613159570495,154.06535109655638,88.65509696475935,83.83463919462613,71.11917374218011,31.60344438317187,16.6215723391347,35.70790338153902,587.7186728451273,354.8603263933584,686.5413969010455,-0.7158918434429148,-0.44659129076558396,0.15378893715475675,0.8466955222231712,0.5571041514993123,0.6194393976146216,-0.04306543502317468,-0.06650967860753583,-0.12870703734377065
training,original,s12,s12,e7,7,3,amplitudine_mica,ex7_scrt_v2_bno055_20260617_164227_962207.txt,template_times_scrt_v2.txt,518,20.72,-6.335810810810811,2.4467288892813084,-9.97,-3.52,6.450000000000001,6.791831924306644,-4.895,5.130000000000001,6.335810810810811,0.0,0.1813926499032882,0.2522467950540619,0.2522471539828675,1.3382432432432434,0.30002928219817804,0.57,2.73,2.16,1.3714636518196712,1.3,0.27,1.3382432432432434,0.0,0.24696324951644102,0.3347551733437213,0.33475531639821127,-5.9174903474903475,2.8055056659027833,-8.89,-0.66,8.23,6.548858988713534,-7.07,5.450000000000001,5.9174903474903475,0.0,0.19671179883945844,0.2730936877634508,0.2731016772416195,-0.10726351351351351,9.44799896867714,-43.5625,47.0,90.5625,9.4486078325569,0.34375,6.28125,6.109435328185328,247.0,6.404497098646035,8.998997146060521,8.999013519168743,0.44956563706563707,28.329889512186927,-71.5625,109.0,180.5625,28.3334563552481,0.0,7.78125,16.973938223938223,114.0,3.4742504835589942,4.869119099383374,4.869129437805933,-0.06165540540540541,5.34618191109551,-22.0,18.875,40.875,5.3465374230000995,-0.40625,3.1875,3.4253137065637067,157.0,1.9961315280464216,2.6294866069742464,2.6295122174909618,20.72,90.89744749034749,920.6464014237451,9.52219500197142,0.47460492494073314,7.66497227653173,11.244594256797352,3.579621980265623,9.53401528687402,9.527040461428662,0.28110640751402727,19.449565199316226,23.288641329654514,0.4592793267718459,111.93889585952687,111.47961653275502,30.342155517097744,5.642333339819044,32.32680778186564,10.44382401053497,6.880985518108304,12.5068549869039,210.18513970815886,159.9228946547428,264.10816948532704,-0.1040464802652799,-0.9430526258399479,-0.02206792664389872,0.6274967420939479,0.5765950324165273,0.7084534675758546,0.01566160175590518,0.050233653695021294,-0.0031788985557847484
training,original,s12,s12,e8,8,1,normal,ex8_long_bno055_20260617_170534_544651.txt,template_times_long.txt,1641,65.64,-3.4601584399756247,4.1605973267134635,-11.24,2.24,13.48,5.411401532393412,-2.62,8.84,4.023107861060328,66.0,0.33132926829268294,0.47936510596679893,0.47936530700601976,3.5471785496648387,2.6471919788242295,-2.44,10.1,12.54,4.426070609011303,2.77,4.25,3.5877513711151736,47.0,0.6116463414634147,0.8454944992399963,0.8454955250779447,-6.391815965874468,2.7423888344748972,-10.82,2.11,12.93,6.955286324879827,-7.04,4.53,6.445746496039002,1.0,0.3369024390243902,0.4807142056682238,0.4807253158179759,-0.12267672151127361,17.86585787527686,-121.625,94.25,215.875,17.866279052941966,0.625,11.1875,10.934072212065814,724.0,10.980830792682926,16.465262607961726,16.46526327520452,0.4451934795856185,37.01903866189032,-115.5,165.0,280.5,37.021715528656905,-0.4375,9.25,21.526698659354054,427.0,5.803163109756097,8.726231117990883,8.726235558568657,-0.1833104814137721,24.169108019443982,-90.5,113.125,203.625,24.169803168171384,-0.75,7.25,13.55130255941499,411.0,4.574923780487805,6.678115653170939,6.678120916173695,65.64,97.24937544180378,2273.9907330705364,9.843908463215824,0.588932601943275,6.6435607922258075,12.67471498693363,6.031154194707822,9.8615097952496,9.841534433207048,0.43083459619168885,30.93829085886984,36.287916608735024,0.4050462936504913,176.37434665010102,175.96930035645053,47.686378904992736,11.273586385884485,46.3081339200688,21.804337375827828,16.106365285148556,27.108008615491492,369.4596942028126,329.24974913787526,494.8796449115579,0.55065404796243,-0.6285923637351896,0.0384311658755009,0.010188512535503319,-0.21037021803093972,0.7909848153078175,0.0075331438387274885,-0.043628518271546214,0.04727712338212857
training,original,s12,s12,e8,8,2,rapid,ex8_long_bno055_20260617_170534_544651.txt,template_times_long.txt,491,19.64,-5.799063136456212,3.766441693783891,-11.74,6.67,18.41,6.914854755761615,-7.35,6.735,6.061181262729124,26.0,0.9585510204081633,1.3719367900957848,1.3719368849646585,3.290366598778004,1.8961986487990043,-3.66,11.56,15.22,3.797641593155033,2.9,2.4550000000000005,3.3326883910386966,16.0,1.4161020408163267,2.1532277031101628,2.153227714812517,-6.285865580448066,2.5923857278522653,-11.6,-0.26,11.34,6.799453644038895,-6.66,4.249999999999998,6.285865580448066,0.0,0.8475102040816326,1.2646325982262436,1.2646330434928061,0.5729378818737271,36.80671322950991,-135.0,191.875,326.875,36.81117217063137,-1.125,26.40625,23.03678716904277,193.0,25.41811224489796,39.15535311660949,39.15535351881877,0.03576883910386965,110.28367905494042,-252.4375,350.5,602.9375,110.28368485548056,-2.75,169.3125,85.34432281059063,43.0,22.40918367346939,33.49155006427798,33.49155034505429,-0.21104887983706722,61.913257275160525,-138.1875,235.375,373.5625,61.9136169840682,-1.1875,79.96875,46.7459266802444,50.0,13.805357142857142,21.256162071747763,21.256162071747763,19.64,108.46986782077393,17350.849509928717,10.231900894160725,1.943726295764637,3.733014867369269,15.13471175807455,11.401696890705281,10.414886836676331,10.02052892815544,1.9429855205171407,104.38320281518902,80.34299272476616,0.2576941016011038,373.43547070578336,373.17777660418227,131.72262337931446,109.12517898038014,147.88828325619613,53.95838770242016,46.49922699186544,71.22980916923557,1042.132883015788,924.9947859106124,1393.4332778517303,-0.018482668331301105,-0.4149572899145728,-0.20515870226085975,0.3301123235606806,0.44937550466935733,0.9340461100691959,-0.05195430973347998,-0.048645873369697,0.06622451869127709
training,original,s12,s12,e8,8,3,amplitudine_mica,ex8_long_bno055_20260617_170534_544651.txt,template_times_long.txt,1575,63.0,-6.4479999999999995,2.233416544292054,-10.25,-2.0,8.25,6.8238444780283105,-5.7,4.530000000000001,6.4479999999999995,0.0,0.23624523506988565,0.3338178709848549,0.3338178710453125,3.1941333333333333,1.7754648829183275,-0.85,8.65,9.5,3.654416957817937,3.19,2.555,3.208622222222222,16.0,0.36564167725540025,0.5137984457337694,0.5137987928087616,-5.716793650793651,2.1234047394641316,-8.77,-0.86,7.909999999999999,6.0984077703391835,-6.49,3.4850000000000003,5.716793650793651,0.0,0.2505273189326557,0.3460128405876988,0.3460144285318513,0.15964285714285714,8.563492600990022,-44.25,79.5,123.75,8.56498052356499,0.0,6.6875,5.536150793650793,718.0,6.0100460609911055,8.525845775001908,8.525846507426815,0.0963095238095238,28.658518667816033,-108.75,107.125,215.875,28.658680495757938,-0.75,8.125,16.39361111111111,332.0,4.59494123252859,6.578235079307908,6.5782354686764775,0.005753968253968254,14.644842194566458,-75.0625,53.125,128.1875,14.644843324935394,-0.875,4.5625,8.286388888888888,321.0,2.488445044472681,3.5749638977077343,3.574964887624017,63.0,97.11019409523811,1109.1502951388889,9.84465214125961,0.4393384945923382,7.582598499195378,12.069138328812043,4.486539829616665,9.85445047149957,9.838317945665306,0.34394874759485106,20.469350017984304,26.270820409346463,0.3365728004459065,149.99783852609343,149.66126572564752,33.30390810609003,7.032569320667945,23.86001109886808,14.37215725522551,10.144435315817834,17.59171600628385,224.67052656928465,173.17018667164618,283.6631083888288,0.8064095421402564,-0.8661783070809334,-0.6238311919034828,-0.3925927873883965,-0.4376755411526042,0.9389830494592526,0.007861824633035294,0.019901837428312568,0.014293908381785268
training,original,s12,s12,e8,8,1,normal,ex8_scrt_bno055_20260617_170018_516871.txt,template_times_scrt.txt,648,25.92,-4.688873456790123,4.029284867013298,-11.67,2.07,13.74,6.182286861132646,-2.755,7.872499999999999,4.907885802469136,8.0,0.426321483771252,0.6867505640524699,0.6867508564206061,1.29233024691358,1.2999834883371872,-2.68,5.7,8.38,1.8330506095132881,1.2650000000000001,1.8200000000000003,1.5015277777777778,93.0,0.7285471406491499,1.0619588286412691,1.0619616010196347,-5.992808641975309,4.090921197888408,-11.13,4.06,15.190000000000001,7.255990054201195,-8.434999999999999,6.975,6.51219135802469,5.0,0.37225656877897983,0.5645926871039798,0.5646578480078418,-0.21373456790123457,19.392353623786306,-144.9375,91.8125,236.75,19.39353143539087,0.0625,10.15625,10.822145061728396,333.0,12.70034775888717,20.075460108354747,20.075460786064102,1.5022183641975309,40.0822237486438,-143.3125,246.0,389.3125,40.110364254766836,-0.3125,10.765625,21.868537808641975,172.0,7.816363987635239,13.095988241234387,13.095988258691778,-0.8292824074074074,15.886949166700907,-70.625,85.375,156.0,15.908578287721818,-1.0,6.328125,8.750192901234568,162.0,4.828728748068007,8.1734321942799,8.17343229075244,25.92,94.23013703703704,2238.033245322145,9.685503318620784,0.6489703398637098,5.980744100862367,12.225158485680257,6.24441438481789,9.70722087093093,9.677659829677538,0.3986430119658113,28.51370513870399,37.749196873379844,0.5153882032022076,280.20910160985136,279.6937134066491,47.30785606347158,9.729693580624318,32.00064576603557,26.17373793662551,22.667768610287126,34.625024062730525,442.87442576803335,452.43343326471836,633.1143408066711,0.3277134899202969,-0.8575351205246678,-0.36776362142911073,0.1248350359507196,0.038936999911280266,0.7837138382458759,-0.044102508119061135,-0.16342936718154416,0.08197099326622956
training,original,s12,s12,e8,8,2,rapid,ex8_scrt_bno055_20260617_170018_516871.txt,template_times_scrt.txt,131,5.24,-7.007175572519084,3.6995236488926886,-14.68,3.53,18.21,7.923823870633699,-8.75,5.035,7.178473282442747,10.0,1.1541538461538463,1.6884885156422063,1.6884886277833933,1.9074809160305344,1.873722401784421,-4.65,6.83,11.48,2.67382106431404,1.98,2.69,2.2050381679389313,22.0,1.4955384615384617,2.25793440714788,2.25798071804808,-5.868625954198473,2.79652067451512,-11.5,-1.04,10.46,6.500869055232727,-6.4,4.69,5.868625954198473,0.0,1.0666153846153847,1.4550842428691728,1.4550897408222472,-1.2833969465648856,52.57051578927172,-139.4375,203.6875,343.125,52.58617915453184,-1.0,40.5625,34.23091603053435,37.0,26.13221153846154,39.593182436632055,39.59318783372385,0.9179389312977099,133.5853223668636,-234.9375,287.5625,522.5,133.5884761637038,-1.5625,227.375,106.1087786259542,9.0,25.245673076923076,36.54729551926598,36.547358386729904,-1.9580152671755726,44.56660898180577,-96.3125,96.3125,192.625,44.60960053535185,-1.625,61.8125,33.99713740458015,17.0,12.784134615384616,18.43770597743735,18.437717567164828,5.24,112.19760229007635,22601.203661736643,10.307574385073893,2.4395722137794795,4.6140112700339175,18.786984856543636,14.17297358650972,10.592336960750274,9.889534872783452,2.357745152724055,121.62786087241093,88.36213624249977,0.8882919002219934,359.9254805685477,359.0371886683257,150.33696704981327,131.33335150962228,148.8123168092645,60.66522085325426,51.10238796523076,79.32038248094292,1103.7595377570547,899.3133385629864,1423.7449203094532,-0.19743733337715652,-0.1977243368773012,-0.20006683383275764,0.6883003465104588,0.5936797437578333,0.9121625289231502,-0.32007119470903994,-0.1428988283498449,0.09135408252074331
training,original,s12,s12,e8,8,3,amplitudine_mica,ex8_scrt_bno055_20260617_170018_516871.txt,template_times_scrt.txt,520,20.8,-6.7319615384615386,1.8691589013566263,-9.69,-4.22,5.47,6.9866344654523145,-6.025,3.9425,6.7319615384615386,0.0,0.16233140655105974,0.224210446259191,0.22421045371031773,2.067269230769231,0.7997202904137223,-0.22,3.95,4.17,2.2165636953141266,2.04,1.0125,2.0686153846153843,6.0,0.3049518304431599,0.38995947035492823,0.38996739155215077,-5.860423076923077,2.299754964757984,-8.48,-0.99,7.49,6.295508838724757,-6.73,3.97,5.860423076923077,0.0,0.19371868978805393,0.29791474726749284,0.29791762837200103,0.4991586538461538,6.517202242786904,-28.3125,30.5,58.8125,6.536289806541334,0.0625,4.453125,4.123677884615384,266.0,4.234585741811175,5.853518865326414,5.853518870281353,0.13365384615384615,25.33953714374088,-74.875,96.0625,170.9375,25.339889621101655,-0.5,4.140625,13.123076923076923,135.0,3.503131021194605,5.363798513786926,5.363798708450795,-0.30901442307692306,10.291389881804653,-35.1875,40.75,75.9375,10.296028147445051,-0.625,2.875,5.650120192307693,116.0,1.941835260115607,2.8181405743521486,2.8181408856800303,20.8,93.35964730769231,790.8412860576923,9.65841245859332,0.27334243611561265,8.439087628411023,10.950844716276457,2.5117570878654334,9.662279612373693,9.65214742739794,0.2267043152614896,15.682571680821676,23.343055317022714,0.3365728004459065,106.55284047128917,106.21626767084327,28.121900470233022,4.249418620786411,11.237412312608981,11.211604499849964,7.499153559906077,13.488416496242541,165.8383221887565,129.83686694957066,210.61804558409122,0.5479639539282202,-0.9626433362885078,-0.5780682358527137,0.6664667518552452,0.6421984564848358,0.9714904048127537,-0.03890725426121402,0.12126344382508565,0.023239575312494837
training,original,s2,s2,e6,6,1,normal,template_session.txt,template_times.txt,118,4.72,3.7080664830508474,7.812481262914778,-10.458441,9.612016,20.070457,8.64781015784456,9.274497,14.403435250000001,8.380745415254237,2.0,0.40037891452991453,0.7923793210167694,0.7923816228601297,-3.408609203389831,1.753558016364209,-7.66562,-0.733528,6.932092,3.8332208934770553,-2.3772235,2.48564425,3.408609203389831,0.0,0.4593717521367521,0.8169197530346402,0.8169204298371043,2.5139675677966102,2.28222221144777,-1.944563,10.556871,12.501434,3.3953749652076355,1.667856,1.80662925,2.667768754237288,4.0,0.6259090512820515,1.1116559610750414,1.1116586499397443,0.0012520254237288093,0.45774351416326287,-1.46388,1.95355,3.41743,0.45774522643736537,0.0239585,0.19800125,0.2725278728813559,47.0,0.2152925299145299,0.4214758989357147,0.4214759466235352,0.051996186440677966,1.7243048484153973,-3.716773,4.799637,8.51641,1.7250886393670388,0.017298,0.13258725,0.979948593220339,12.0,0.1597432735042735,0.26089879503251096,0.2608988215897719,-0.03907856779661017,0.8297551976023878,-2.001451,1.941708,3.9431589999999996,0.8306749198147323,-0.0109755,0.13341324999999998,0.49851878813559314,18.0,0.09724690598290597,0.15935563910792447,0.15935582239336807,4.72,101.00677409866735,3.8754823284086273,9.94499547847689,1.4504616615896766,5.889787189577396,14.388066215187989,8.498279025610593,10.050212639475214,9.849188746552336,0.2531397013165382,1.1791116587738368,1.5764447419913703,0.027878512747275454,5.115774006835133,5.087895494087858,1.9686244762291836,0.2052012912497873,2.148368205999771,24.397363315705583,31.411009615498354,39.77289104180719,8.237693538540686,10.078724345246384,13.01692280311968,0.862597137433724,-0.6209441027520037,-0.8221662926353784,-0.557691508516227,-0.6512524916409774,0.9697889203854513,0.17039656666874653,0.10949317111020469,-0.1289824369630257
training,original,s2,s2,e6,6,2,rapid,template_session.txt,template_times.txt,67,2.68,-0.6544056417910447,8.294818222458531,-13.555678,9.354962,22.91064,8.320592291876709,-0.287457,17.958461,7.86095704477612,2.0,0.7982078484848487,1.1776914656811681,1.1777106448659775,-4.579547805970149,1.872510612159373,-9.095605,0.766389,9.861994000000001,4.947580630956455,-4.075529,2.329532999999999,4.602425089552239,2.0,0.8937494848484849,1.4274786123326146,1.4274896073947227,2.6305985074626865,2.7386660121257553,-4.350549,9.022834,13.373383,3.797412281203833,1.716104,2.5065180000000002,2.9468287462686567,6.0,1.196023409090909,1.8073306776090694,1.8073705132166749,-0.009799656716417911,0.8611350417602973,-3.175436,2.000217,5.1756530000000005,0.8611907996601383,0.072026,0.36102249999999997,0.5146902835820896,15.0,0.39206484848484846,0.7700262903233229,0.7700268436865161,0.03223959701492535,2.2590132079352245,-4.346163,4.412022,8.758185000000001,2.2592432505689772,0.015508,1.270533,1.5750068208955224,7.0,0.29609081818181815,0.40791543039917344,0.4079158559417207,0.042219388059701476,1.4128998817383585,-2.296631,3.389604,5.686235,1.413530527630869,0.025759,1.12295,1.0047014776119403,8.0,0.232574196969697,0.36388585406826807,0.3638859043942666,2.68,108.13115022089126,7.843898211205148,10.12107567305129,2.3864151862701166,5.0653522026455375,15.746906714873433,10.681554512227894,10.398612898886624,9.841680445988327,2.1728406672108598,2.0148161395744366,1.9453570713150619,0.032836503011130766,5.2385623977055005,5.205725894694369,2.8006960226352926,1.0350141377010267,3.8750221991213847,47.39036360305131,44.00257531105868,64.6689507912012,15.75686559971126,17.580236334082933,23.60812409086274,0.6870872215789691,-0.4543505711349793,-0.7717234154215412,-0.3233043269700404,-0.4517211129397472,0.9599513650339571,0.09154380211977878,0.0839750134664931,-0.13734784355185534
training,original,s2,s2,e6,6,3,amplitudine_mica,template_session.txt,template_times.txt,114,4.56,-1.892344842105263,4.2646102259453365,-10.122043,1.710821,11.832863999999999,4.665604931911823,1.1608640000000001,7.97174275,3.3628662456140352,2.0,0.2685092566371681,0.4603374416813927,0.460337461179325,-6.51304607017544,0.827692038518297,-7.61299,-4.300028,3.3129619999999997,6.565427878124494,-6.8710065,0.6408672499999994,6.51304607017544,0.0,0.2595123097345132,0.4391803334431832,0.4391814137891849,5.325806964912282,1.80618288069478,1.30233,6.895623,5.593292999999999,5.623745764703722,6.4958845,2.4663955,5.325806964912282,0.0,0.2948380088495575,0.48250085926356723,0.48250811944525135,0.030695017543859646,0.3139460333118222,-1.515358,1.012418,2.5277760000000002,0.31544301535181535,0.029524,0.09987225,0.15936291228070176,44.0,0.14101407079646017,0.25945680720931225,0.25945691783419017,0.04533830701754386,0.7748264262052968,-1.324804,2.569935,3.8947390000000004,0.7761517588908045,-0.0025455,0.16077975,0.42580785087719303,22.0,0.08497946902654868,0.14230860018741684,0.14230872194838962,-0.019817061403508765,0.659810970021562,-1.502896,1.852011,3.354907,0.6601085002357302,-0.014067,0.18196299999999999,0.38200753508771923,12.0,0.07072338938053098,0.11904602910935591,0.11904660676669333,4.56,96.49922902955728,1.137659080847,9.777377390766855,0.9498001832377099,6.040976947605246,12.657628794513844,6.6166518469085975,9.823402110753548,9.774861598807764,0.2740569681865779,0.6150235624593929,0.8714385224826576,0.0062066483709003525,3.3694682573245887,3.3632616089536884,1.0666110260291706,0.16463983935274856,0.9074655326845161,13.21578998277482,14.96148409089546,19.96254270054116,5.119576696311805,6.113798648252332,7.974246012055995,-0.5999786613911482,0.914762636859875,-0.791299199644781,-0.6098986508933517,-0.6221329733201161,0.9733061694892936,0.12037431934124225,0.31598834689345556,0.006053459876786857
training,original,s2,s2,e7,7,1,normal,template_session.txt,template_times.txt,113,4.52,-3.175357814159292,5.24928375175798,-12.391088,1.671497,14.062585,6.13497165066089,0.504134,10.425536,4.312887053097345,2.0,0.3753379464285715,0.6597872991781304,0.659803478944475,-0.3715986814159293,0.7085899808075572,-2.425352,0.629985,3.055337,0.8001158296964956,-0.206852,0.9554769999999999,0.5679132477876107,12.0,0.24624850000000004,0.36057261717061595,0.36057735546139846,-7.659636964601769,2.745246224357643,-10.460225,-0.340103,10.120122,8.136732468371054,-8.908092,3.842090999999999,7.659636964601769,0.0,0.5494669821428572,0.9384370653706605,0.9384741977454777,0.015595672566371682,0.43264545732417753,-2.528243,1.48274,4.0109829999999995,0.4329264565096989,0.011981,0.273919,0.2563623274336283,32.0,0.20129452678571427,0.363842798995701,0.3638502403938844,-0.022296283185840673,1.2735735463574651,-3.213304,3.045945,6.2592490000000005,1.273768700441895,0.053555,0.199938,0.7375546902654868,8.0,0.14151514285714287,0.22130439640924432,0.22130485778042533,0.06519769911504426,0.35434526506119707,-0.468965,1.331023,1.7999880000000001,0.36029336219417896,-0.002948,0.09482,0.1825369203539823,41.0,0.06858211607142857,0.10273396854397868,0.1027345218911606,4.52,104.48447775718742,1.9397233258126638,9.991538036444869,2.1572309620119134,4.808597357513831,15.365189386521632,10.5565920290078,10.221764904222137,9.866307657114742,0.9875823552577963,0.869593345810148,1.0879019894895754,0.031036282171033307,3.3207290820562285,3.289692799885195,1.3927395039319679,0.2031230205392781,1.418052696423881,20.48115469773207,22.007472644662286,30.06337555827674,7.125659310483164,8.317045243263472,10.952089398264011,0.6230883962166222,-0.6281031706891678,-0.7108101838979454,0.2332701177439427,0.2320544749135265,0.8208246719405813,0.24516890780638373,0.48107559137712996,0.012801469296818784
training,original,s2,s2,e7,7,2,rapid,template_session.txt,template_times.txt,57,2.28,-5.869646859649122,6.320897716493393,-13.575946,3.226096,16.802042,8.625920368248261,-9.06405,12.749012,7.386235701754385,2.0,0.8777567321428572,1.1739731349438736,1.1739817222066855,-0.8581655789473684,1.3234677801098826,-3.148734,1.341362,4.490096,1.5773443269873109,-0.925198,2.420189,1.3455883859649123,10.0,0.4886450178571428,0.6454033993177111,0.6454051048898751,-6.179272263157894,2.752995268481768,-10.052794,-0.194824,9.85797,6.764790362643582,-6.304578,4.525083,6.179272263157894,0.0,0.943057625,1.2299976040270857,1.2301164775260613,0.09497828070175439,0.5481550140517385,-1.507517,1.873447,3.380964,0.5563225622200874,0.109,0.498722,0.4045310877192983,16.0,0.3443129285714286,0.4967592684365356,0.4967986651311288,-0.016280175438596518,2.178748551700531,-3.801918,4.32499,8.126908,2.1788093757025813,-0.056089,2.058282,1.6066084561403509,4.0,0.32279053571428573,0.41010423150070735,0.41010505730091373,0.17895664912280704,0.7197137757553709,-1.119886,2.343607,3.4634929999999997,0.7416288837938526,0.034445,0.541756,0.4644724736842105,9.0,0.20545821428571426,0.28448726734837476,0.2844890801792123,2.28,122.65690597575474,5.606718490161912,10.375535956005221,3.8736493906131386,3.3448966867958716,16.689638448397076,13.344741761601204,11.075057831711522,10.312561964989495,6.126239410118563,1.8193077553927364,1.515532177596291,0.04235409649608878,4.895126430001783,4.852772333505694,2.3678510278651212,1.4943284348184638,2.767626819986185,39.40777165468415,22.682749983661136,45.46954600179121,14.87205394732363,9.422192110308796,17.605558576076753,0.6895391982280865,-0.010576898405262936,-0.237086913050868,-0.3262944334524352,-0.45949330583475223,0.8347340136102867,0.3810938941614541,0.46161282867058506,-0.14455095176309857
training,original,s2,s2,e7,7,3,amplitudine_mica,template_session.txt,template_times.txt,100,4.0,-6.23566051,2.8592932321923983,-11.521031,-3.65422,7.866811,6.859957710047104,-4.0383890000000005,5.56268875,6.23566051,0.0,0.2875539292929292,0.4931426529546489,0.4931448495321131,-1.0628446200000001,0.8384828498590389,-4.159719,0.146666,4.306385,1.3537696169476845,-0.6794074999999999,1.1410755,1.06577794,2.0,0.25138041414141415,0.4931071599179895,0.4931322063767792,-6.591554229999999,2.9658725922501152,-14.913247,1.568795,16.482042,7.228069410326059,-7.931431,4.052846499999999,6.648196769999999,2.0,0.6475786565656566,1.7341407694067843,1.7341470100634986,0.06360642999999998,0.4463692558157933,-1.722863,1.791286,3.5141489999999997,0.4508783544093573,0.035976499999999995,0.21816375,0.27818433,30.0,0.20599533333333336,0.4210013188622197,0.42100622157477274,0.013267740000000002,1.0156951989519554,-2.401494,2.361953,4.763447,1.0157818516289607,0.0265675,0.1225705,0.5904758999999999,10.0,0.14440864646464646,0.27608973238044276,0.27608981438036767,0.04544133,0.3700829360492606,-1.264845,1.187229,2.452074,0.37286229901534695,-0.0017469999999999999,0.0966915,0.20277399000000002,30.0,0.09847215151515151,0.14891253647905695,0.14891261116436003,4.0,101.13669935989668,1.37413035460066,9.947683591999004,1.4765806829870434,7.078332216379434,17.771203079016654,10.692870862637221,10.056674368790942,9.73215731996472,0.5980669758543957,0.7595566769355564,0.8928628165195787,0.021207486107504586,2.5309839356681025,2.509776449560598,1.1722330632603144,0.18190391291512858,1.3793937578681017,20.902150595430356,41.792622172428445,46.728183867569776,7.670779985731737,10.650745426666045,13.125518798628503,0.7142740086713958,-0.7111569684794516,-0.5385633996945322,0.05695834377270886,-0.035564457078390434,0.6887309738936589,0.060141310884307665,0.49655504751113183,0.07851217374936771
training,original,s2,s2,e8,8,1,normal,template_session.txt,template_times.txt,104,4.16,-2.8969707211538465,4.376328568814243,-17.974272,0.662563,18.636834999999998,5.248303640362509,-0.1764015,7.327010250000001,2.992501951923077,10.0,0.5188356990291262,1.3037308717365563,1.3037310047420063,7.9831115384615385,2.7999082242513835,0.735499,11.144457,10.408957999999998,8.459879189429852,9.432511,2.782127,7.9831115384615385,0.0,0.778668640776699,1.4017490719958443,1.401759623239451,0.6110896538461539,2.6942498422616667,-13.699027,3.763761,17.462788,2.7626821709282496,2.0715605,3.688053,2.3712363076923073,2.0,0.5720402038834951,1.5825540525552069,1.5825653540254687,0.048640057692307684,0.8446491745770596,-3.30176,2.877407,6.179167,0.8460485112131687,0.036134,0.26463325,0.4329394423076923,28.0,0.24111414563106795,0.40477377969685,0.4047737848412478,0.04598100961538461,0.3728402552554021,-1.201812,1.318844,2.520656,0.3756648894748662,0.023148000000000002,0.07992700000000001,0.20072877884615384,23.0,0.1202824077669903,0.23805786140922802,0.23806313442621677,-0.014531971153846182,1.4976199579505596,-4.269815,5.459436,9.729251000000001,1.4976904608888486,-0.0266635,0.144013,0.7120451826923078,27.0,0.2778944077669903,0.6251892574498087,0.6251946497476817,4.16,106.74665977875549,3.0999989091476348,10.047520627970083,2.4070706282265855,3.6706344587944195,25.197950640906534,21.527316182112113,10.331827513985871,9.812955111482754,0.6870071887850937,0.9230819448229156,1.4993060502411033,0.02205413466903655,6.245887430108391,6.223833295439355,1.7606813763846185,0.203470596429436,0.5842132970071006,30.69964244940458,53.97458197729345,62.09447275035721,11.38866631766079,15.887523999758347,19.547765584278903,0.5707771583128886,0.9279018215393147,0.347450979264917,-0.8162768971714062,-0.7360126110584586,0.7607635001063672,-0.06747464981811437,0.03236620183247485,0.00035405573699933383
training,original,s2,s2,e8,8,2,rapid,template_session.txt,template_times.txt,51,2.04,-5.77674094117647,4.763589428030334,-13.019657,1.020246,14.039903,7.487490910866389,-8.311083,9.300365499999998,5.9891326274509815,4.0,1.2761401799999998,2.405146513066492,2.40514653117999,6.256976078431373,4.486360357000333,-3.077438,21.450481,24.527919,7.69916741595652,5.725406,5.889184499999999,6.377659921568627,2.0,2.4351775399999998,4.3205316120574295,4.320532818897,0.34888866666666674,3.2064188257252972,-4.372214,5.911527,10.283741,3.225344165774257,-1.019359,6.315659,2.829435098039215,2.0,0.7302963800000001,1.0239665818770316,1.023991805109914,0.047242588235294126,1.5464789218653867,-4.017195,4.123664,8.140858999999999,1.547200348344421,0.102401,0.5779805,0.9944786666666667,9.0,0.53791322,0.7422860211631095,0.7422894074456,-0.025130823529411768,0.27352660715254123,-0.704041,0.801323,1.5053640000000001,0.27467865427012533,0.025167,0.34736599999999995,0.20954419607843136,16.0,0.22553852,0.28084021218105926,0.2808440084437622,0.003587882352941186,2.2903726842024317,-4.311919,6.495379,10.807298,2.290375494420168,-0.091447,1.024005,1.4552863529411764,8.0,0.55657828,0.853591339859616,0.8535915995522918,2.04,125.7425440269274,7.715097186469177,10.470928344135595,4.012755118233007,3.11339265495472,21.75526451452827,18.641871859573552,11.213498295667032,9.84024508421396,2.8126856086538687,1.906497705720222,2.019991011007897,0.04114776912543376,7.52190916282841,7.480761393702976,2.77760637716527,0.759950286126665,3.224699447268314,78.23177826582346,99.08315662718837,126.24453674452971,22.912553726292728,18.001898356398048,29.13852197168445,0.025751585837641384,0.9105850868705504,-0.12053816933252598,-0.3808638378143633,-0.7870784082111042,0.21347405045974288,0.22629842501562783,-0.24540779529195877,-0.20936150680862306
training,original,s2,s2,e8,8,3,amplitudine_mica,template_session.txt,template_times.txt,92,3.68,-6.032237445652174,2.139978037494825,-10.600797,-3.899184,6.701613,6.400577677185745,-4.5145145,4.436217250000001,6.032237445652174,0.0,0.29887506593406593,0.4615318631045739,0.4615319140667294,6.907070304347827,2.340775895269868,0.81344,9.495221,8.681781,7.292931645167122,8.2021675,3.100503999999999,6.907070304347827,0.0,0.5768007032967033,0.8941041630863,0.8941054267170752,-1.6529894347826086,0.7034154099328706,-4.999174,-0.581133,4.418041,1.796431827382814,-1.3972375000000001,0.73089775,1.6529894347826086,0.0,0.4059974505494506,0.6791009949345412,0.6791607952348737,-0.02363832608695652,0.49192626770719255,-1.535013,2.000309,3.535322,0.49249388150567086,0.0032830000000000003,0.14456724999999998,0.25819106521739127,34.0,0.21167919780219782,0.35966236447260724,0.3596662934198653,-0.028510032608695647,0.18337704741860777,-0.700382,0.554971,1.255353,0.185580072958589,0.0127055,0.069922,0.09906481521739129,17.0,0.06660034065934066,0.12422879588009139,0.12423420511333767,0.002335467391304359,0.8610247653166905,-2.676443,1.815766,4.492209,0.8610279327040428,0.0242365,0.25672825,0.49978548913043475,14.0,0.14818776923076923,0.22417958501940366,0.2241817252648268,3.68,97.38141389320245,1.0183592876964347,9.834507698165382,0.8147835466725395,7.776297086142864,12.577889999526986,4.801592913384122,9.868202161143763,9.787842862858145,0.5683864249195789,0.6057712659709372,0.8070938365644994,0.01601531195450154,2.962914228678583,2.946898916724081,1.0091378933012252,0.16457821594777655,0.7510950667658123,21.673409774409127,21.244365452572993,30.348966287699653,7.378805371918442,8.213426368551898,11.041156706988453,0.8530531659162782,0.7266700443432806,0.522020084617138,-0.1243081911807813,-0.4269804673260883,0.4787691888589315,0.26001051490607113,0.11140646886629207,0.05417545762826662
training,original,s3,s3,e6,6,1,normal,template_session.txt,template_times.txt,131,5.24,3.092737908396946,7.702703554124005,-10.001809,9.189264,19.191073,8.300401786223972,8.964597,15.567378,8.003053175572518,2.0,0.33427468461538457,0.6341555293124457,0.63415564249725,-4.1362076412213735,0.7879489920182144,-6.924429,-2.801641,4.122788,4.2105910826534325,-3.843035,0.6787979999999996,4.1362076412213735,0.0,0.20332241538461543,0.3168761242190695,0.31688923255460444,2.2141536564885493,2.8478171352819315,-2.861442,8.976279,11.837721,3.6072896820947165,0.450101,3.9358890000000004,2.3919025267175575,4.0,0.36481676923076917,0.6073839547669935,0.6074496453782056,0.009066740458015268,0.2060087587956591,-0.813181,0.513429,1.32661,0.20620818238629882,-0.00065,0.1447305,0.1315202366412214,44.0,0.10062705384615386,0.15657685137800542,0.1565802161503809,-0.0015745801526717825,1.613914689849625,-3.538261,3.582125,7.120386,1.6139154579515833,0.032371,0.2324235,0.9561897404580152,9.0,0.12003956923076921,0.1974657405498468,0.19746589358983177,0.07026012213740458,0.6123655399462268,-1.091424,1.826225,2.917649,0.6163830296791086,-0.011395,0.154136,0.35861235114503814,16.0,0.059381707692307696,0.09684833595243636,0.09685014424571284,5.24,99.63828592861772,3.0271729591745262,9.901436634000591,1.2648472285176446,6.85267919606558,13.374702845874147,6.522023649808567,9.981897912151663,9.832768836203005,0.22844403178009642,1.0617637113827474,1.3783434914292085,0.02265195252069896,3.9271760520838637,3.9045240995631647,1.7398772827916704,0.18073036778029308,2.0286722712992042,15.496761144521724,17.452218102895987,23.339441353241696,4.806392256700671,4.738660360594454,6.749541357628779,0.5099438759874694,-0.8073773712682584,-0.6989749734158996,-0.06336853800799647,-0.01894881361275299,0.9347795852377865,-0.28892242602797674,-0.3404049451284676,0.037635938496152654
training,original,s3,s3,e6,6,2,rapid,template_session.txt,template_times.txt,75,3.0,-2.43687952,7.7460055636451,-12.491693,9.616233,22.107926,8.120282260304519,-7.046753,15.520766499999999,7.658490613333333,2.0,0.6557329189189188,1.005499427881071,1.0055174666173603,-4.369098053333333,1.5208247994963513,-10.498792,-2.283009,8.215783,4.626221554400982,-3.684649,2.1136005000000004,4.369098053333333,0.0,0.610163527027027,0.9596331443298229,0.9596444255497394,2.4275012400000002,3.8848641180428256,-4.775207,9.605719,14.380926,4.580931290235448,2.364696,6.002603000000001,3.9155648666666667,2.0,0.8727258918918919,1.3027073341070663,1.3027073657454329,0.04730648000000002,0.44802202699353555,-0.796793,1.927481,2.724274,0.4505126410228537,0.020568,0.483641,0.32943456,19.0,0.25869299999999995,0.38595944975981505,0.38596061208037724,-0.0877102133333333,2.332374796626324,-4.497812,4.049191,8.547003,2.33402340893588,-0.00789,2.455209,1.7148580800000002,4.0,0.24422367567567566,0.32560763252392544,0.3256076936987789,0.17486905333333336,1.1674817158341668,-1.548379,2.949555,4.497934,1.1805052912294747,-0.013025,1.168927,0.8423658266666667,5.0,0.13696059459459461,0.20536286030189987,0.20536540344133336,3.0,108.32584134327871,7.044219655802841,10.131401533529743,2.3833892484589807,4.939876325813329,17.815832158608618,12.875955832795288,10.40797008754727,10.01777685500321,1.7192553554275243,2.0247840445358563,1.7159455786230111,0.03806985948227285,4.760952829512282,4.722882970030009,2.6540948844762204,1.7574545373255037,3.5888277471806056,35.60289777741259,31.63189797983263,47.62502808351331,10.586980773608314,8.581457268535296,13.62811691879877,0.5217200560307707,-0.7752426474535604,-0.7580448969080492,-0.08236014205909134,-0.11813036360071426,0.9448396323360442,-0.29987212188814877,-0.1619929754060697,-0.01717759391292133
training,original,s3,s3,e6,6,3,amplitudine_mica,template_session.txt,template_times.txt,115,4.6,-1.8545870260869566,4.576355720880127,-10.225466,1.74489,11.970356,4.937866413883868,1.413615,8.8291845,3.633645008695652,2.0,0.26382967543859653,0.4876893519966342,0.4876896403782373,-4.3920679739130435,0.6557889182240626,-5.82958,-2.252227,3.577353,4.44075671397771,-4.658625,0.49749899999999947,4.3920679739130435,0.0,0.2417955789473684,0.3738526561081687,0.37385302298870005,7.003027773913044,2.0078129083442144,1.548254,8.638227,7.0899730000000005,7.28517060041226,8.164559,2.3083915,7.003027773913044,0.0,0.30973284210526314,0.5075886420454888,0.5075926686902997,0.011616486956521737,0.20722905500920077,-0.8257,0.666207,1.4919069999999999,0.2075543880750715,0.010293,0.1185365,0.12675554782608697,32.0,0.10269307894736843,0.1592235446863741,0.15922354549822812,0.02075486956521737,1.086634972086439,-3.044761,2.502023,5.546784,1.0868331643688305,0.015066,0.11124500000000001,0.5929065565217391,16.0,0.11083480701754386,0.19325549784219473,0.19325721679364152,-0.005605521739130435,0.39054921790289443,-1.089114,1.18157,2.270684,0.3905894436342724,-0.017361,0.055834499999999995,0.21541002608695656,13.0,0.05803741228070176,0.0940075662648447,0.094013548026335,4.6,97.17655559121158,1.3768452646597131,9.793866953401011,1.1210377738021107,6.354918778902607,12.78654964920975,6.431630870307143,9.857816978987364,9.769595385239299,0.28251752302857014,0.6719275189577277,0.9619556507069468,0.005894872856983431,3.2057589181200132,3.1998640452630296,1.1733904996460953,0.12202135755678184,0.9508956637148628,13.47551466846471,14.67809576610187,19.925761990419968,4.542382097481617,4.9070013950169,6.686695582290201,-0.5044716014010047,0.8294509946212703,-0.8010073327317745,-0.490883315727317,-0.49701414804303784,0.9585215459401634,-0.08044705196462153,-0.011146819584124775,-0.03853992562346378
training,original,s3,s3,e7,7,1,normal,template_session.txt,template_times.txt,151,6.04,-1.2766906158940396,5.091817382452458,-11.059873,2.929278,13.989151,5.24943265362619,2.32416,10.068252999999999,4.22954342384106,2.0,0.23739814000000006,0.4108151883743368,0.4108210079798987,-3.050680966887417,0.7149218639834857,-6.285815,-1.25691,5.028905,3.1333317145381794,-3.294478,0.8766979999999998,3.050680966887417,0.0,0.25338081999999995,0.4740794748742088,0.4741045018877238,-7.652632437086092,2.058215874323044,-9.91028,-1.700387,8.209893000000001,7.924584266853221,-8.785158,2.0089355000000007,7.652632437086092,0.0,0.44806219999999997,0.7844042278868133,0.7844555502557768,-0.017715456953642378,0.43832962984759266,-1.753762,1.374095,3.127857,0.4386874762486433,0.014144,0.2090935,0.25924655629139076,37.0,0.17825609333333334,0.2992844185594949,0.2992924991125126,0.0030137152317881518,1.0020114621951133,-2.732291,2.619645,5.351936,1.002015994308418,0.010225,0.058619,0.5419121125827815,26.0,0.09143568666666665,0.15861338985547932,0.158613475698147,0.06654896688741721,0.2126755096799069,-0.269957,0.888466,1.158423,0.22284442423222245,0.007699,0.094292,0.11683782781456951,32.0,0.055913739999999996,0.09501891794369302,0.09501947231681865,6.04,100.17334662074528,1.246142392078682,9.892479224622026,1.5205924540016853,5.122432677298648,14.735772274827337,9.61333959752869,10.00866357815794,9.838224156249998,0.34497878540289406,0.6650904550909335,0.8965473097531536,0.016381431866598233,2.937197730803631,2.9208162989370328,1.1163074809740738,0.13689179991876796,1.0921809562196332,16.005259509902096,19.349582658096626,25.11124610651222,5.849174553119992,6.568027961879059,8.794989156382835,-0.5755354216920734,-0.6027397179853419,0.4994497403774232,0.29705015323353845,-0.1031710249078905,-0.4593945164380781,0.33616977274837273,0.4525605298533016,0.20411596759265052
training,original,s3,s3,e7,7,2,rapid,template_session.txt,template_times.txt,68,2.72,-6.053947014705883,4.138329582919436,-10.248293,1.069518,11.317811,7.333215269834401,-8.5008175,7.83032475,6.246429985294118,2.0,0.44537922388059703,0.5568730305665153,0.5568735872914121,-1.2238255882352942,0.5676927763611705,-2.385824,0.419562,2.805386,1.34908271012274,-1.2849564999999998,0.7274434999999999,1.246012705882353,4.0,0.3427027313432836,0.5125307272797819,0.5125392538377449,-6.344761499999999,2.2936449621690933,-9.66912,-1.260643,8.408477,6.746614388296245,-7.1157635,3.0238112499999996,6.344761499999999,0.0,0.5287249104477613,0.6706512620710264,0.6707121213895799,0.009392529411764695,0.32660123272314595,-0.995795,0.703843,1.699638,0.326736261876501,-0.0209965,0.28531399999999996,0.2363957352941177,14.0,0.16415386567164184,0.23407665925532908,0.23407742620660255,0.03594524999999999,1.4085925284348806,-2.429683,2.294753,4.724436,1.4090510892654433,0.0414525,2.3442237500000003,1.1247352794117647,2.0,0.16959164179104477,0.2318581090006582,0.23186282510300407,-0.014575705882352947,0.3586610920852663,-1.711044,0.602809,2.313853,0.35895714253621525,-0.0370525,0.30751025,0.24816129411764698,5.0,0.1332974776119403,0.3117974960118077,0.31179928399152373,2.72,101.11287605685045,2.2210317871629264,9.901160695863396,1.7549623732548607,6.536426697852658,13.006997284294558,6.4705705864419,10.055489846688248,9.907235160243129,2.908100485198185,1.204045727946648,0.8782400993898837,0.05494552281123549,2.7921980641881405,2.737252541376905,1.490312647454529,1.2392175278171171,1.843756386457444,22.061605680712734,12.346971197126104,25.281656254168123,8.22023666374787,7.812479573134937,11.340508272942415,-0.23495266174415055,-0.5148643413648677,-0.4346265062238068,0.5117298977749161,0.405120093847767,0.8350753303659044,0.1682948185230044,0.17437197230557214,0.017199871378750658
training,original,s3,s3,e7,7,3,amplitudine_mica,template_session.txt,template_times.txt,133,5.32,-7.165726819548872,1.6557455155294207,-10.653793,-5.288561,5.365232000000001,7.354531532640117,-6.322241,3.2562179999999996,7.165726819548872,0.0,0.3626306590909091,0.48484113218977487,0.48487950644846256,-1.3787273759398495,0.5903367076338035,-2.502758,0.592819,3.095577,1.4997955212447802,-1.550314,0.8269309999999999,1.4002839172932329,4.0,0.29202500000000003,0.3883806648713949,0.3883810502853188,-6.052923842105263,2.002855981954963,-8.06046,-1.194499,6.865961,6.375681855517818,-7.174767,2.5493810000000003,6.052923842105263,0.0,0.36399409090909096,0.48767783689654204,0.48768103592529277,0.0027822556390977404,0.33986165110156735,-1.099732,0.956895,2.0566269999999998,0.339873039289563,-0.009833,0.253861,0.23499458646616544,39.0,0.19230409848484847,0.2600308541323042,0.26003204790434153,0.020244067669172916,0.5910165998303478,-1.397882,1.689553,3.087435,0.5913632078095657,0.02487,0.115147,0.32958172180451123,29.0,0.08587379545454546,0.13648248163602603,0.13648650826827227,0.006152962406015038,0.13662335279150145,-0.806327,0.419936,1.2262629999999999,0.13676183486031804,-0.000572,0.11745900000000001,0.08617660150375939,33.0,0.07488735606060606,0.11440723190929049,0.11440919015205903,5.32,96.98783979292281,0.48392792586110517,9.825123336270712,0.6743821023659043,8.321180808990212,12.303887615761573,3.982706806771361,9.848240441465816,9.787664574442669,0.6018373187973278,0.4671415460866976,0.5154674594781274,0.025780442005520387,1.8573005139204048,1.8315200719148845,0.695649283663187,0.20943499185427444,0.4354459604833206,17.16075439067886,9.765832746880594,19.744948227261805,6.30817946841392,4.721340549746611,7.879351800268888,-0.8020105719908238,-0.8304541153566379,0.7171279143569482,0.7433781846505036,0.3996587210768495,0.4761313869038474,-0.018517611527232157,0.1271368556420166,0.06575731657392422
training,original,s3,s3,e8,8,1,normal,template_session.txt,template_times.txt,137,5.48,-2.914039284671533,4.429742569207276,-10.610933,1.190808,11.801741,5.302286693687551,-0.025159,9.168002,3.268868306569343,18.0,0.30369352205882355,0.4920540679670754,0.49205894054373417,6.163799744525547,2.469969225137862,-0.042294,8.343643,8.385937,6.640269216209636,7.418525,2.620177,6.164417175182482,2.0,0.3520487279411765,0.49995522446211266,0.4999564668951555,-4.794148167883212,1.8808857413869504,-8.586506,-0.778311,7.8081949999999996,5.149911438827924,-5.61074,2.2042300000000004,4.794148167883212,0.0,0.2958683602941176,0.44097506760777727,0.44098710283135895,0.017012970802919716,0.40303169065274247,-1.274193,1.208791,2.482984,0.40339061075581434,-0.001817,0.160324,0.2386296569343066,50.0,0.14606255882352942,0.22259377967862376,0.22259382824685017,0.06886289781021898,0.5198604296215017,-0.981687,2.042977,3.024664,0.524401530300087,0.00584,0.12298800000000001,0.2606520364963504,31.0,0.07273559558823528,0.1133932839973843,0.11339364128488681,-0.00866096350364968,1.0717803070059382,-2.980045,3.210474,6.190519,1.0718153006813043,-0.021135,0.193022,0.5697418394160584,24.0,0.11995534558823528,0.18357620485451107,0.1835772348864809,5.48,98.72900727356809,1.5865089886015764,9.851335520874464,1.2962236414774713,5.453870908393322,13.153419569413005,7.6995486610196835,9.936247142335384,9.836328016035557,0.5655931557300224,0.7159604995242681,1.03629607338952,0.01744852068228135,3.910049450183207,3.892600929500926,1.2595669845631778,0.18282377785725795,0.7893277458156808,15.942609499474528,13.22595030561433,20.714549455378343,5.591622149945107,5.366606830530186,7.750271423714785,0.7615468451446489,-0.8551074235250624,-0.9095537630912409,0.5575904135702077,0.6559028091754866,0.9096978748515309,-0.2538272810243608,0.012667477354606554,-0.10117842767540887
training,original,s3,s3,e8,8,2,rapid,template_session.txt,template_times.txt,66,2.64,-6.133942621212121,4.541926541107131,-10.582595,1.696072,12.278666999999999,7.632453654306459,-9.209928999999999,8.20818525,6.638080590909091,4.0,0.5291393692307693,0.7322585815811476,0.7322653588720943,4.8846106515151515,2.7439151412519505,0.323168,8.583002,8.259834,5.602543308113466,6.1028825,5.069020500000001,4.8846106515151515,0.0,0.480473,0.6725575878795058,0.6725624307157835,-2.9663588484848487,1.3710681931427977,-5.824434,-0.434401,5.390033,3.2678911867184643,-2.673936,1.6215227500000005,2.9663588484848487,0.0,0.37317555384615386,0.5155677895717145,0.5158655679637268,0.07565677272727273,0.500591789377024,-1.190881,1.082252,2.273133,0.5062766900136693,0.0209615,0.40266225,0.3587884090909091,7.0,0.13559849230769228,0.19099988913367455,0.1910016753222539,-0.026324818181818182,0.2932966365655493,-0.765291,0.656233,1.421524,0.29447565786151103,-0.019821,0.22791024999999998,0.2097825454545455,10.0,0.0920916,0.133739076213565,0.1337427044898007,0.020122151515151485,1.7545494633054468,-3.660871,3.093116,6.753987,1.754664845538039,0.0001025,1.56972925,1.2677277878787876,4.0,0.21483896923076923,0.2762282589535472,0.2762293918471218,2.64,100.32195311265521,3.421880720091197,9.882792263817423,1.6286098927876225,5.733641811697082,13.094491921888187,7.360850110191104,10.016084719722333,9.785524474116723,1.1074334899380887,1.3738634173751318,1.2387009447358637,0.017011768544157896,3.7988533642904674,3.7818415957463096,1.8498326194797186,1.0365256741379993,2.4197908810607167,23.63147477086805,15.024053702959579,28.003013936281693,7.522581256544899,5.008034911661434,9.037125784105276,0.5235212546939415,-0.7847227020033649,-0.5743903847409386,0.7538013082531287,0.8970029098602017,0.6849838334998114,0.07378407293136781,0.16410548754309387,0.34341499874695913
training,original,s3,s3,e8,8,3,amplitudine_mica,template_session.txt,template_times.txt,117,4.68,-6.347715589743589,2.10211177578507,-10.614925,-4.55379,6.061134999999999,6.686730675462267,-4.987752,4.060884,6.347715589743589,0.0,0.21068100862068967,0.34052367245243303,0.3405238840652814,6.307543188034188,2.3883309476280816,0.260495,8.401432,8.140937,6.74457009633042,7.853448,2.951651,6.307543188034188,0.0,0.2888641206896551,0.4737070410255699,0.4737101804201849,-2.4982619145299143,0.642752014781426,-3.167801,-0.938404,2.2293969999999996,2.5796206593404882,-2.83475,0.8501859999999999,2.4982619145299143,0.0,0.12528291379310347,0.19547411627880273,0.19547567379630817,0.024862649572649578,0.23418702472929825,-0.35579,1.168635,1.5244250000000001,0.23550310803752322,-0.003723,0.112532,0.12975764102564105,37.0,0.08444675000000001,0.1417398121305305,0.14174636600739265,0.0284355811965812,0.10847608894407276,-0.177724,0.417267,0.594991,0.1121411795487712,0.016329,0.050348,0.06981452136752136,18.0,0.02915098275862069,0.04505047519213486,0.045050751835166894,0.0002977863247863346,0.8330022495088785,-2.637897,1.951539,4.589436,0.833002302736041,-0.009311,0.091684,0.4333347435897435,23.0,0.09828818965517243,0.1622970489965999,0.16230007959013917,4.68,96.85603565657887,0.7619301944094701,9.824087659586054,0.5859499239251161,7.8740401768634,11.644723660071843,3.770683483208443,9.841546405752444,9.776910201921925,0.19109239215921292,0.48897793191881633,0.7230703814331406,0.011203200346329614,2.666848872944435,2.655645672598105,0.8728861291196407,0.09190254204318835,0.5630612391064257,10.764468992870759,10.98779212868731,15.381981945175948,3.7818113727543223,3.9984030200842953,5.503573745314325,0.8976528982164906,-0.9295813562861162,-0.9266108880801996,0.33074358309080637,0.6341093900107271,0.8317652538561618,-0.26827483599734164,0.06809948563926244,-0.07911080858508003
training,original,s4,s4,e6,6,1,normal,template_session.txt,template_times.txt,134,5.36,4.476882373134329,7.141546916317913,-7.670107,9.938944,17.609051,8.428770262668852,9.659538,13.372993999999998,8.076437597014927,2.0,0.3061132255639098,0.5779163154428706,0.5779172026803816,-2.121236529850747,1.8086625329181314,-6.170136,0.275544,6.44568,2.7876342252087287,-0.863391,3.1222105000000004,2.1253491268656717,2.0,0.26294690225563916,0.44087527535643745,0.44088054262680076,3.3216537462686566,2.8727385093445887,-0.510955,9.135239,9.646194000000001,4.391584014131117,1.3053495000000002,4.747199500000001,3.340036970149254,2.0,0.2591465338345864,0.4348807002062023,0.43488720283523763,0.041277820895522385,0.20814290312713474,-0.711664,0.62296,1.3346239999999998,0.2121964340418439,0.022692999999999998,0.1060225,0.127257223880597,40.0,0.11059184962406014,0.1912146444470073,0.19121467670401915,0.02422982835820896,1.382187731046154,-3.328257,2.911997,6.240254,1.3824000898570514,0.02333,0.0670895,0.7980816492537314,14.0,0.10496452631578947,0.1721691048002612,0.1721692035243543,-0.01658583582089554,0.5928144566168979,-1.702523,1.166528,2.869051,0.5930464315075724,0.001882,0.077009,0.3417090149253731,26.0,0.058654669172932335,0.09327489858164789,0.09327512733991948,5.36,98.10108286757779,2.307761404980724,9.857202313372749,0.9678044331458282,7.359149569233527,13.059286208164403,5.700136638930876,9.904599076569317,9.82787190411327,0.14438061997971374,0.8914339987214305,1.230084074729953,0.007222233726486564,3.761743778742646,3.7545215450161593,1.5191317931571058,0.09181980912384889,1.7125365756822708,13.695305942868439,16.15148169326596,21.17620753951644,4.577506890754529,5.08550794375934,6.8422189661647455,0.9436644562936592,-0.8821451907093335,-0.9666930341451623,-0.7124888925793508,-0.6877581448722568,0.9879661070374071,0.005550151987389491,0.01628877920560333,-0.05892047578387722
training,original,s4,s4,e6,6,2,rapid,template_session.txt,template_times.txt,79,3.16,2.9186392784810127,6.843279920491076,-7.401159,10.726096,18.127254999999998,7.439686506035621,6.070072,14.254122,6.917020265822785,2.0,0.5131851153846155,0.7069337694941151,0.7069343156644663,-3.0545740126582275,2.1716843525516683,-6.443556,0.040111,6.483667,3.747884113193036,-2.652047,4.2843085,3.0555894810126585,2.0,0.32919734615384616,0.43105341884792736,0.4311836846985196,4.571650860759493,2.8112568327597445,-0.094918,8.434097,8.529015,5.366857234212716,5.119328,5.1625475000000005,4.574053848101265,2.0,0.4241777435897436,0.5736186256640522,0.5737399984863821,0.06648240506329114,0.31551239576389284,-0.586458,0.831342,1.4178000000000002,0.3224406644076874,0.037238,0.356354,0.24845888607594938,8.0,0.13291885897435898,0.17268067942859902,0.17268103233845447,-0.015038037974683567,1.5948850517241837,-2.991537,2.42746,5.418997,1.5949559463506757,0.019594,2.166924,1.3068081392405062,4.0,0.1546017435897436,0.18437501309852927,0.18437507139294576,0.007800962025316466,0.8140949437952856,-1.599316,1.344682,2.9439979999999997,0.8141323188042406,0.035608,0.9561425,0.6324013924050634,7.0,0.09046766666666667,0.1098743112081594,0.10987654345708607,3.16,98.19872720643461,3.31066388538462,9.84755078543755,1.1065580575202538,7.587969621081717,12.443540245962723,4.855570624881006,9.909527092976466,9.690271995103851,1.1803977639710688,1.492700411898179,1.0404371031944346,0.04391402792958077,3.406503324999111,3.36258929706953,1.8195229829228925,1.2235310649828226,1.860350050730755,21.37006397309087,13.326797902509712,25.184979184989086,6.145962603562117,3.107369321839082,6.886842558581596,0.9367470791444108,-0.8335791888588583,-0.9263215027300911,-0.8745314979313913,-0.8807118749629839,0.9827340869165317,-0.12411928340997253,-0.12465556858119269,-0.057394701630116764
training,original,s4,s4,e6,6,3,amplitudine_mica,template_session.txt,template_times.txt,128,5.12,0.2740520390625001,4.869180626604636,-7.550297,4.345226,11.895523,4.876886762537779,4.014748,9.87698375,4.574043460937499,2.0,0.21850636220472444,0.36412049649175166,0.36412170807682886,-3.4835383515625002,0.9717248281127289,-5.464097,-2.510996,2.9531009999999998,3.6165299097861046,-2.815484,1.6928034999999997,3.4835383515625002,0.0,0.1630454015748031,0.26258182214222836,0.26258309562621435,7.6197668828125,1.1888916545704884,4.485319,8.793948,4.308629000000001,7.711958941456669,8.2912045,1.0399137499999993,7.6197668828125,0.0,0.15279351968503935,0.22704099962932411,0.22704694736397407,0.0023819062500000003,0.27149653465244833,-0.662642,0.88406,1.5467019999999998,0.2715069829777346,0.0051055,0.0818075,0.1611685,32.0,0.07690591338582677,0.12665257047718873,0.1266525990635454,0.019280382812500014,0.8043925610753504,-2.012065,1.774416,3.786481,0.804623592417447,0.020957,0.099776,0.4795293671875,14.0,0.06672938582677167,0.10232155794106884,0.10232162171018194,-0.005561007812500004,0.32291732420150654,-0.876276,0.654516,1.530792,0.322965204127862,-0.00035800000000000003,0.0404615,0.18898152343750002,24.0,0.03157653543307086,0.04880180948113397,0.048801861461528664,5.12,96.3376237977072,0.8254416903577813,9.799486587939123,0.5546948805500572,8.060992281840617,11.244548335082472,3.1835560532418548,9.81517314150429,9.793988154680802,0.3015660883759086,0.551322973079027,0.722138954573899,0.007848709766579472,2.298033723476442,2.2901850137098627,0.9085382162340675,0.09231121823059002,0.9777622152859494,8.915356954297797,8.870987589914188,12.576883971912824,3.015690703173377,2.993867913495523,4.249427667423505,0.9542368765063418,0.8181570836958658,0.6501372489977092,-0.9347470494570077,-0.9189437657210165,0.9565760802785598,0.019557014232865155,0.022482240159220495,0.011775782189281813
training,original,s4,s4,e7,7,1,normal,template_session.txt,template_times.txt,141,5.64,-2.657554695035461,4.6759119624998435,-9.724996,1.497299,11.222295,5.378359381647359,0.67788,10.155375,4.000003560283687,2.0,0.2045737142857143,0.3297808567762222,0.32978112349918653,-6.003720361702127,1.8082265183304,-7.666914,-1.764381,5.902533,6.27011493699358,-6.779678,1.772919,6.003720361702127,0.0,0.22940755000000002,0.3620479452399051,0.36204847041146104,-5.213433489361702,1.3658707961197876,-6.555626,-1.43689,5.118736,5.389386957687399,-5.927389,1.4962020000000003,5.213433489361702,0.0,0.2684214357142857,0.4597209456251616,0.45973658206580637,-0.006196546099290777,0.20442529169795498,-0.875202,0.495737,1.370939,0.20451918508872124,0.009448,0.095432,0.1301626453900709,48.0,0.11107317857142858,0.17917282386437866,0.1791743077413524,0.016393028368794343,0.5786251683427353,-1.35342,1.347528,2.7009480000000003,0.5788573371900532,0.021617,0.15889,0.36401556737588653,10.0,0.057895850000000006,0.09700183833490778,0.09700259115040617,-0.0028313829787234134,0.5977697199104678,-1.457689,1.479511,2.9372,0.5977764254061976,-0.007166,0.192735,0.36505087234042555,20.0,0.061611207142857144,0.09630365955346423,0.09630733006404178,5.64,97.28658274095521,0.7342405686595248,9.811029804682894,1.01502557237692,7.305674248805855,12.43749381918154,5.1318195703756855,9.863396105852953,9.780015137987926,0.48490887615518474,0.5500660862317345,0.6570143601453676,0.010465811626433948,2.0063197906859216,1.9958539790594876,0.8568783861549577,0.23216054756568782,1.0249556177850712,12.091594764041789,11.652836214113545,16.792714365782526,3.9301439464154293,4.03689134462372,5.634050334159587,-0.8697422586042699,-0.7230734008408568,0.9431455636151375,0.5185523915775572,-0.5667421974693616,-0.9870804715208037,0.10663701902265584,-0.02379289344249115,-0.007073497682280379
training,original,s4,s4,e7,7,2,rapid,template_session.txt,template_times.txt,73,2.92,-5.621165712328767,4.680162807489557,-11.016679,1.619628,12.636307,7.314467025701129,-8.695717,9.516781,6.21228705479452,2.0,0.3936500138888888,0.5807793072341183,0.5807888943013799,-4.632760191780822,1.8874711225931462,-7.519325,-1.166223,6.353102,5.002500797918189,-5.164418,3.352895,4.632760191780822,0.0,0.35410491666666666,0.47883281626754637,0.478854030461586,-4.619091643835617,1.5987333908404582,-7.340858,-1.562133,5.778725,4.8879398594029615,-4.741084,2.5171679999999994,4.619091643835617,0.0,0.4864229583333333,0.6311798081429492,0.6311830151634463,0.0034925753424657527,0.3634574142866198,-0.812361,0.959433,1.7717939999999999,0.3634741945206542,0.000446,0.174342,0.23934621917808221,21.0,0.15612819444444445,0.20977733450143513,0.20977760274190113,0.025492712328767108,1.0158850142922549,-1.813496,2.041693,3.855189,1.0162048221915956,0.035391,0.937,0.7408379452054794,2.0,0.13445125,0.17500016062466836,0.1750078442394321,-0.00045579452054795693,0.9199313812875923,-2.013536,1.711625,3.725161,0.9199314942028796,0.0335,0.705729,0.6571029178082193,2.0,0.11559875000000003,0.15639797622366483,0.156397976340897,2.92,102.41839817238146,2.0110596847542332,9.891018358396732,2.1415307623847766,5.59002104337041,14.336354774755891,8.746333731385482,10.120197536233245,9.830024020454529,2.1777483425345796,1.0477036516341196,0.9557074568646851,0.02188883774895323,2.873347184478061,2.8514583467291077,1.4181183606294057,0.6619808338501955,1.7641130526578592,20.807034015424943,13.045992143984863,24.558716895228162,6.654961369113563,4.200676868223872,7.869828268496397,-0.6042559211124096,-0.18048814890234283,0.8454309807783812,0.7746538107860601,-0.7679364618658923,-0.9837367268617475,-0.02255763736641291,0.004899786284446367,0.03558768016401949
training,original,s4,s4,e7,7,3,amplitudine_mica,template_session.txt,template_times.txt,138,5.52,-6.398624898550724,2.0621442244645105,-9.511576,-4.550344,4.961232,6.722710717771933,-4.832208,4.276025499999999,6.398624898550724,0.0,0.09591562043795616,0.15283206500227567,0.15283299032112257,-4.75659254347826,1.606048899802236,-6.256417,-1.506567,4.74985,5.020414892539158,-5.707309,2.5897544999999993,4.75659254347826,0.0,0.10996212408759122,0.15677335931033665,0.1567876638195515,-4.854056963768116,1.3498295843520365,-6.101209,-1.957515,4.143694,5.038244626285799,-5.6847365,1.8752880000000003,4.854056963768116,0.0,0.126043094890511,0.20167607820489333,0.201678968152268,-0.010910115942028984,0.16166193084953873,-0.622574,0.516947,1.139521,0.16202965937096075,0.008286,0.054143,0.09239502898550725,38.0,0.04912855474452554,0.0779244475161322,0.077925149795069,0.023785963768115967,0.37848585042291044,-0.919004,0.924805,1.843809,0.37923252898812876,0.032471,0.10942650000000001,0.23737289130434786,2.0,0.0348634890510949,0.05233745678839279,0.052337480616102224,-0.0014368985507246274,0.31571645350042854,-0.919925,0.777036,1.696961,0.31571972331220194,0.006851,0.10025925,0.18860433333333335,26.0,0.03537649635036496,0.04955168082023557,0.04955182411470733,5.52,95.78331400237231,0.2697498652469348,9.77477188184853,0.48697911679629086,8.41992939097235,11.202769119357633,2.7828397283852837,9.7868950133519,9.76694545488711,0.27091128373701956,0.33051333416038736,0.4006379926930532,0.02348336347289289,1.3041822780252,1.280698914552307,0.5193744942206295,0.0881406254332095,0.4667357485534787,5.533301343721649,4.976621760464225,7.442055355018387,1.9943628772286135,1.750526860550053,2.653644206666526,-0.9583400050525025,-0.8919514870880983,0.9646506181469464,0.7564134656408372,-0.720446254782808,-0.9769138513756319,0.12975504251827724,-0.09567691969402521,-0.06717813751420425
training,original,s4,s4,e8,8,1,normal,template_session.txt,template_times.txt,124,4.96,-2.711604814516129,3.3651647466797185,-8.567992,0.09865,8.666642,4.321705038801587,-0.21275149999999998,6.694721499999999,2.7141731370967745,6.0,0.24443226016260167,0.4202035346261366,0.4202083426896516,2.127792459677419,1.3606760758135736,-2.087263,3.379076,5.466339,2.5256563770140046,2.7578875,0.9840952499999998,2.399105137096774,4.0,0.27688269105691055,0.5123948492253888,0.5123954402499451,-8.365468661290322,1.3006920443019436,-10.108119,-4.917313,5.190806,8.465982855944185,-9.117882999999999,1.708488,8.365468661290322,0.0,0.22843795934959352,0.38429933901612656,0.3843097679296247,0.017038443548387096,0.2819557549495706,-0.801211,1.742884,2.544095,0.2824700980771839,0.002352,0.077064,0.13721675,51.0,0.11580152845528455,0.20611213340807993,0.20613819758168947,0.009892967741935486,0.5325779583484428,-1.537108,1.866623,3.4037309999999996,0.5326698344465722,0.019331,0.061624,0.2946278548387097,12.0,0.08539780487804878,0.1592075136128681,0.15920752893731252,0.002592548387096751,0.8677890535447184,-1.857399,2.392517,4.249916,0.8677929261979367,-0.011526000000000002,0.08114225,0.4881716935483872,27.0,0.09759376422764227,0.17877589720330325,0.17878251981483387,4.96,96.72894029429538,1.11659107159625,9.813842833732087,0.6460875552901106,7.923097389902071,11.560169164566668,3.637071774664597,9.835087203187138,9.781122919354827,0.3309997533187925,0.6153901777320443,0.8590029107908617,0.011876965479448023,3.1732266968837886,3.1613497314043406,1.0566887297573728,0.09757845451850841,1.0618962653626125,12.543686183451488,14.471256754139866,19.151013944779802,5.003203196019588,6.111051239907363,7.897910450076902,0.7474703906340824,-0.8685056121077028,-0.8868787272207335,0.7332926159725832,0.6060190623708301,0.9399721413590633,0.01355029306232918,0.16819214627786921,0.09267907210114537
training,original,s4,s4,e8,8,2,rapid,template_session.txt,template_times.txt,61,2.44,-4.635498081967213,3.2769599977370634,-8.120337,0.475643,8.595979999999999,5.676822112299328,-5.76272,6.817966,4.726381131147542,2.0,0.3974537500000001,0.559468810238548,0.5594911415425181,2.2675895081967212,1.412728050525749,-1.003289,4.391317,5.394606,2.6716591703333212,2.614886,1.8981379999999999,2.3823520327868852,6.0,0.4783552499999999,0.6332461415629477,0.6335259266424565,-7.594534442622951,1.0789734301656493,-10.259856,-5.566574,4.693281999999999,7.6707976810231235,-7.520196,1.6493699999999993,7.594534442622951,0.0,0.45238310000000015,0.6001506008188195,0.6001624487240103,0.027357049180327875,0.24736412885569842,-0.612944,0.529206,1.14215,0.24887229734221814,0.038629,0.316848,0.19714875409836072,17.0,0.16965535,0.21885592437007692,0.21887422791453393,-0.006685049180327876,0.6676342235288457,-1.18977,1.597816,2.787586,0.6676676915273856,-0.034205,0.901085,0.5116385573770491,4.0,0.12098718333333333,0.15877905015388435,0.1587793417171033,0.0014685081967213067,1.2916949912901472,-2.197464,2.613684,4.811148,1.2916958260520846,-0.080473,1.6731639999999999,1.0032434590163932,5.0,0.16873563333333333,0.21696595624627382,0.2169803912285624,2.44,98.20520908030647,2.176195673734279,9.844321800642298,1.1377773796772457,7.538944169132704,12.191163529600978,4.652219360468274,9.909854140213492,9.883622285111164,1.6671317901282698,1.1735789997834853,0.893816538782693,0.04562848507237557,3.0560551387686052,3.01042665369623,1.4751934360395855,1.0427662495137633,1.52434421182488,22.192167144256835,13.383589530590276,25.915492495454497,7.8728430048691775,3.625141894817011,8.667370462653308,0.5292843545385361,-0.519338194892064,-0.82671766953607,0.6232950351200783,0.5848014294200886,0.977375326060521,0.2590803778889523,0.21074058062793338,0.09767367402848592
training,original,s4,s4,e8,8,3,amplitudine_mica,template_session.txt,template_times.txt,137,5.48,-4.813486131386861,1.5873611949342186,-7.394022,-3.345705,4.048316999999999,5.06846764813949,-3.636736,3.343461,4.813486131386861,0.0,0.10757963970588236,0.16876856873722912,0.16877612109526405,1.116588496350365,1.0011434168619555,-1.406361,2.033351,3.439712,1.4996859708979078,1.635982,1.0393649999999999,1.4251749781021896,4.0,0.15555391911764704,0.29872777920420224,0.2987295433286776,-8.172747547445256,0.9265889399796822,-9.145898,-6.086825,3.0590730000000006,8.225106050256441,-8.800819,1.5112550000000002,8.172747547445256,0.0,0.12783965441176467,0.21746830188209146,0.2174709768844927,-6.831386861315088e-05,0.1691512611572591,-0.737643,0.651335,1.388978,0.1691512749519669,-0.000313,0.061488,0.09071574452554744,54.0,0.05886736764705883,0.09170279420511535,0.09170280937674831,0.02790521167883212,0.27115459441084244,-0.813235,0.921033,1.7342680000000001,0.27258671080767843,0.017106,0.039233000000000004,0.14825788321167882,16.0,0.03880880882352941,0.06454613214514708,0.06454613726390741,-0.009646109489051069,0.5227353062530917,-1.527745,1.510424,3.038169,0.5228242991979125,-0.005629,0.043341000000000005,0.27596399270072997,37.0,0.05691051470588235,0.09065670888831114,0.09065675751491252,5.48,95.59079184950976,0.3762609165586131,9.77351378723506,0.26309713080145436,8.871097178458479,10.47426921724165,1.6031720387831712,9.777054354431591,9.770758041823113,0.13007555054258546,0.3429101747797501,0.5085995758857201,0.009690917087665129,1.8090286138906149,1.7993376968029497,0.6134011057689847,0.05286716498924451,0.5091086158655751,6.554945471251734,7.756877943424037,10.1556125152677,2.5773807313862847,2.5206187820606396,3.6050534640970526,0.8272425176702923,-0.9508164973114965,-0.9258613562828948,0.7915063725908617,0.6726096677329799,0.9512058680878306,0.009888416776079868,-0.01699009154884614,0.015697964645410754
training,augmented,s11,s11_p1,e6,6,1,normal,ex6_long_bno055_20260616_183236_081602_reversed.txt,template_times_long.txt,1541,61.64,6.653864539773977,3.6612925694392255,-0.0893714071,10.1214151714,10.2107865785,7.5946676420165,9.2395832271,7.3252531084,6.654110567132966,4.0,0.2881851708176623,0.4473228001483441,0.4473232105005926,0.12638714738942242,0.8122293786582574,-4.7651029349,5.3691464018,10.1342493367,0.8220038166461361,0.2171239476,0.8908194025,0.6095191185249189,263.0,0.4404730392335714,0.7937849357369574,0.7937852491296861,4.880148820404089,3.8972912111157676,-2.2689595809,15.2339841386,17.5029437195,6.245376793559506,2.5835831314,7.5821457511,4.8932667195408825,24.0,0.647711581802078,1.1030136826755146,1.1030137597225276,-0.44526344283186253,15.935788616505599,-112.0951082773,103.3408293955,215.43593767279998,15.942007977775948,0.0,5.212138713,8.189402847243542,832.0,10.513055617177272,20.142013462912985,20.142013466120538,-0.15941678856865668,50.844966540223965,-178.0620226491,183.8291292189,361.89115186799995,50.84521645335943,0.1234154966,5.188499312199999,25.974990779076375,548.0,7.927267445273377,14.051337443975273,14.051337857083947,-0.5457189799270603,6.3608872576712665,-56.0677947869,45.8008827191,101.86867750600001,6.384253747295554,0.0,2.4930091073,3.2700773734116804,662.0,3.257153201513182,6.06772754482328,6.067727567575322,61.64,97.3593981608049,2880.142350462301,9.8247466787521,0.9130995888480564,6.867190050864155,15.242617736434646,8.375427685570491,9.867086609572498,9.745643824879204,0.3324175535739542,29.031616421677004,45.13654393511886,0.1399698984245772,218.21107529590427,218.0711053974797,53.666957715733254,4.636545035969492,33.159768934863656,23.328717910078407,27.11164306622756,35.76688788640323,377.2689065528199,507.58447284363336,632.434838480226,0.40038380077749236,-0.9587093356990498,-0.4233196884865362,-0.32561000695125414,-0.4180662757591137,-0.03578955597441485,0.060106577773417484,0.053729477661238985,0.051324456303491035
training,augmented,s11,s11_p1,e6,6,2,rapid,ex6_long_bno055_20260616_183236_081602_reversed.txt,template_times_long.txt,301,12.04,2.893496496854817,3.423465854145805,-4.4866362689,9.627499909,14.1141361779,4.482459194662386,1.629668644,5.8526960029,3.319576922417608,40.0,1.0519293586683334,1.3828902460615322,1.382890601355726,-0.5824148111448504,2.0489924262560657,-9.966460625,5.5743702805,15.5408309055,2.1301589084140207,-0.2678983315,1.8862917744999999,1.4397909485262457,110.0,2.0061347924816664,3.1016949319449627,3.1016953650190606,7.2248341921255825,7.558450970466201,-9.0490001131,27.6459944106,36.694994523700004,10.456022674834268,7.9239034845,13.016041332299999,8.38208608964917,32.0,2.895692143078,4.041712707190814,4.041712904516351,-0.3061914066750829,47.24147674160368,-155.9675599937,172.5767900797,328.5443500734,47.242469007292605,1.6696414772,48.6772763987,33.67690209385249,155.0,48.935515381584665,71.64532889704643,71.6453290056866,-0.18872947714518368,155.32426347786065,-287.0196180445,296.4982869884,583.5179050329,155.324378137353,0.5707565858,282.4608561581,132.5983866022907,40.0,39.98219472855133,53.11935612475596,53.119356173457454,-1.24672535919701,20.3419742596458,-46.4430252666,74.4288838928,120.8719091594,20.380143299333227,-0.9990539834,23.3425136344,15.268777785751826,91.0,12.406444752369,17.288663529045756,17.288663548939834,12.04,133.95842758355732,26772.863562561783,10.609090805929691,4.626620781423026,3.3360366383965507,27.779162327672225,24.443125689275675,11.574041108599767,9.690275835728007,6.3289976392929255,142.16140379905468,81.012337532279,0.7880661275488787,327.6799561394805,326.89189001193165,163.62415335934296,152.61925617493782,127.58233453672196,100.86708767204313,85.10902109401107,131.97619045502282,1789.6265737470733,1398.4803847358417,2271.2354919630407,0.47683909910564154,-0.9259534280519344,-0.5034022763048555,-0.24323948362261147,-0.4588261927354369,0.6730545896218637,0.017799846421315494,-0.06055765420677942,0.12364586486707711
training,augmented,s11,s11_p1,e6,6,3,amplitudine_mica,ex6_long_bno055_20260616_183236_081602_reversed.txt,template_times_long.txt,1501,60.04,5.010615355517522,2.8449042958409816,-0.1288052626,8.399931745,8.5287370076,5.761922135315824,6.8409841428,5.7515154574,5.010786981450367,2.0,0.2148613134052667,0.3259353916838449,0.3259354273403477,-0.5310760915281811,0.6007975978161494,-4.6944404175,1.4485832147,6.1430236322,0.8018725388330148,-0.4482162918,0.5970543352,0.6140462488483678,231.0,0.3985582431506,0.640555869369157,0.6405561903144322,7.810110946420786,1.8986256972643676,3.0017955628,15.2196258411,12.2178302783,8.037575040627265,7.0734945005,2.944209516599999,7.810110946420786,0.0,0.5357062001835334,0.8618659609793768,0.8618659765785108,-0.04318418231598931,14.011642559082883,-92.6590124628,108.6142572864,201.2732697492,14.011709106212026,0.1259091137,6.8996085514,7.755001225695869,935.0,11.795576349327598,20.82325258267461,20.8232527361286,0.07642068865789482,34.70005563651775,-156.7182675801,120.756129563,277.47439714309996,34.700139787889654,0.2528553035,4.4668348662,16.713018713295337,556.0,5.743305517412134,9.48555323943856,9.485553240208892,-0.08763405753417725,4.198468795012321,-30.4362918755,20.7842614812,51.2205533567,4.1993832821894355,0.1251342016,1.9578391933000001,2.262402466974417,603.0,1.9350596658965333,2.88780035418906,2.88780045068709,60.04,98.44535879569135,1418.0625133269198,9.883848011118406,0.8688540089117781,6.37768850410054,15.24691622991191,8.86922772581137,9.92196345466417,9.870191247126856,0.35738606165007525,20.250976008172927,31.748393408853374,0.32256148585074845,158.84685681777495,158.5242953319242,37.6571708088502,5.02432053378727,14.535218074643023,19.60780718700653,20.0657253332141,28.055292474519227,361.90232931058995,448.86362954954376,576.5863802526217,0.5490289818223028,-0.8758927880067028,-0.5849020259302236,-0.10006397839526426,-0.3168078365731299,0.7587795390745985,0.015628207652583295,-0.048309335857084426,-0.054008393793011984
training,augmented,s11,s11_p1,e6,6,1,normal,ex6_scrt_bno055_20260616_183236_081602_reversed.txt,template_times_scrt.txt,482,19.28,6.320609973696058,4.043213312524113,-2.7287384769,9.9794459579,12.7081844348,7.5031782819121595,9.1629787723,7.630277943275001,6.4055661030508295,9.0,0.30388894824532225,0.4579877306190153,0.4580033749131319,0.9220882870188797,0.8126865075296282,-2.0459304087,4.2395996645,6.2855300732,1.2291078750777396,1.13590035585,0.972362358125,1.0646339020674274,50.0,0.5142040038841996,0.9748680807434186,0.9748680889154104,4.739907949558921,4.0889569664759895,-1.5942885194,15.4097082017,17.003996721100002,6.259895881241507,2.5241230856,8.315398574375001,4.7640218293589225,6.0,0.5916268514977131,0.9987109488129576,0.998710962822169,-1.032770789763071,18.474738479026534,-98.6289984988,95.9574222347,194.5864207335,18.503582825296604,0.1878709058,7.0365126437250005,10.174553840082572,260.0,13.385221520809564,24.954863966368663,24.954881823373515,-0.5328394468259343,51.542843396940675,-152.8712645923,178.7734410459,331.6447056382,51.545597516350945,0.4021670384,5.807712988424999,27.98983487186037,168.0,7.702970569877131,13.609977749284022,13.609978499668358,-0.3068910524236515,6.028811734308935,-28.3036537548,28.180991552,56.4846453068,6.0366176825933575,0.0625105029,2.713839339475,3.380209426646058,214.0,3.610702393735343,6.285092744508055,6.28509279804117,19.28,96.99468694272079,3035.771953736055,9.810859007061937,0.8612389251958175,7.322498743353731,16.17708269827354,8.85458395491981,9.848588068485796,9.747598761924825,0.32064778830206286,31.671516021044017,45.085330504109734,0.41820547147816006,183.08196281895658,182.66375734747842,55.09783982821881,5.270199572945275,47.748887450722385,23.689695300506827,28.05837450732422,36.721574631599296,439.2236286915241,580.3082152283615,727.7877579778848,0.6000192601370044,-0.9601681624223369,-0.5849512425371978,-0.3819563605022632,-0.28053271730063317,-0.40923122010122426,0.02002342701574391,-0.032727742014724545,0.011413024537085325
training,augmented,s11,s11_p1,e6,6,2,rapid,ex6_scrt_bno055_20260616_183236_081602_reversed.txt,template_times_scrt.txt,95,3.8,2.9736636049452625,3.2950331952317033,-2.5175274715,9.6381487251,12.1556761966,4.438459078673014,2.5300069382,5.4481495304,3.3115619231410522,16.0,1.059183896648936,1.3756702903257303,1.3756732432278609,0.42755643551368416,2.111028343909051,-7.0880768518,5.6045742309,12.6926510827,2.1538907062189945,0.3462812709,1.9479576294,1.5304295380778947,41.0,2.1437623042414895,3.0046743430774034,3.0046911345137914,6.357147650828421,8.131679647598634,-10.2523891617,24.3993810974,34.6517702591,10.32170238602156,8.0194386349,13.019762420000001,8.56145145220316,6.0,2.69015995225,3.4225698634934507,3.4225708492170424,-0.9262332967042098,71.5431512898612,-181.2252818499,131.1652083819,312.39049023179996,71.5491467776094,5.0776151955,113.07147461345001,59.362328127415786,31.0,54.472119455010635,72.90029960189813,72.90050936939144,-1.9838402069568435,168.32396103634707,-293.3026190183,292.8935552515,586.1961742697999,168.33565124753713,1.789624879,317.61915264835,147.6058663212558,10.0,42.96572488337128,58.44299834077231,58.44300102750213,1.922096728790526,28.992270574815223,-81.762413566,81.2276632557,162.9900768217,29.055915213913394,0.6232140298,31.7067394328,21.037563258125264,27.0,19.566587621532975,27.50864277765652,27.50868371103216,3.8,130.87670431299466,34300.41809445445,10.582438771235235,4.346112511895189,2.552086213525717,24.401103529784567,21.849017316258852,11.440135677210941,10.13636930118732,5.999164062956633,166.13280390197176,81.85541864851366,3.5379874461871563,310.63475817792516,307.096770731738,185.20372052001127,172.4452671836116,106.80949044571543,100.47559556502172,63.64984493910716,118.93968246518143,2000.9014736964336,1387.674669867287,2435.0046605359594,0.33280253693810447,-0.9302073517359626,-0.38450236588448206,-0.48727644374811624,-0.4438850556850007,0.014458386230423014,-0.005424759912250481,-0.12778062606507656,0.09762138391976301
training,augmented,s11,s11_p1,e6,6,3,amplitudine_mica,ex6_scrt_bno055_20260616_183236_081602_reversed.txt,template_times_scrt.txt,405,16.2,4.861853914880494,3.1028102313994106,-0.7465543784,7.8613453437,8.6078997221,5.767586568202999,6.7439042076,6.4035624025,4.899001304946666,10.0,0.23930213509430692,0.3642699851826703,0.36426998588651543,0.19964602873703705,0.6587760297595088,-3.2785307092,2.3796025317,5.6581332409,0.6883635624988956,0.1826471398,0.8491379558,0.5264740902397531,96.0,0.42076901193688115,0.7456448833267911,0.7456449958303195,7.748736146336296,2.0662455620235245,3.1626752916,14.3738660376,11.211190746,8.019493910972225,7.0381507456,3.1768647118000004,7.748736146336296,0.0,0.5623047596586633,0.9120033048015325,0.9120034160971402,-0.04901996319259243,16.911144943812914,-107.1692019363,86.6713807531,193.84058268939998,16.911215990207225,0.6340324637,6.5326563697,9.12317668394074,236.0,14.124918929591583,25.104685585554837,25.10469047534973,0.08457574323777824,39.26270994554855,-144.8162617544,135.7607231492,280.57698490359996,39.26280103768223,0.0,5.371185414699999,20.073137191008644,121.0,6.5142318374032175,11.111983951962285,11.111992418339096,-0.0596088842412346,3.781934403950215,-19.9227528371,19.3495799808,39.2723328179,3.7824041369032413,0.1232957265,2.0914852116,2.180337663946913,138.0,2.216418865388614,3.8293671260316304,3.8293671758817935,16.2,98.05118180401239,1841.863352646924,9.853298080589374,0.981681587413238,6.907062170636788,14.676515899948813,7.7694537293120245,9.902079670655674,9.84188889362824,0.38417588810081327,23.931444404836768,35.62512205375767,0.23493956128553056,173.44664622769082,173.2117066664053,42.91693549925162,5.4018826177811645,25.229161560095847,20.830993191990743,22.723072932783943,30.826422446877988,424.0502210136566,548.1082058027481,692.9943688155328,0.5008982849696163,-0.8785169282681073,-0.47716449694682583,-0.2639642130007519,-0.11228222483842724,-0.1582337981983314,0.03148801922632464,-0.04386718424785665,0.11079907845453256
training,augmented,s11,s11_p1,e7,7,1,normal,ex7_long_bno055_20260616_184508_892753_reversed.txt,template_times_long.txt,1995,79.8,-5.000717829061955,4.139054778085594,-13.7594903151,1.2224436997,14.9819340148,6.491452323008412,-2.1731733841,7.947713082849999,5.004853947721404,20.0,0.30545131447056173,0.5148463315033489,0.5148463379472846,-0.040025328044411036,1.5748336759622517,-3.6915560868,3.3477534072,7.039309493999999,1.5753422275270352,-0.424374623,2.6376053708500002,1.3593071047554885,138.0,0.43067019330371115,0.6333626945947018,0.6333629253218496,-6.531435667807769,3.4711865518712184,-11.2792842493,-0.0499408665,11.2293433828,7.396538917669744,-8.6571175848,6.128844806,6.531435667807769,0.0,0.47183976403289873,0.7379273612548222,0.737927393709031,0.18386049359358392,17.93681937943882,-117.3110799041,92.9562301527,210.2673100568,17.93776168120528,-0.0626801884,8.9079536058,10.696810398254637,902.0,11.349101659001706,17.851431248068238,17.8514313488482,0.47670395623343353,46.604715690459,-167.5026311334,189.3786782732,356.8813094066,46.607153648881024,-1.1400507523,5.631298934649999,21.947413350645864,573.0,6.338989914349198,11.000137664989214,11.00013772618848,-2.233130277866917,15.576903935059974,-92.5176878628,68.4391216988,160.95680956159998,15.736162398755704,-0.0627942937,3.657074937,7.6865676404655146,732.0,4.2131174116513534,7.030484070730454,7.030484164661303,79.8,99.32944435632427,2741.616872422133,9.835024715841795,1.612988901110377,2.712826220578312,16.339466398559686,13.626640177981376,9.96641582296887,9.722442862708741,0.4203162329545176,28.727096035958393,43.77637291693952,0.3387846854582521,193.00450310675333,192.66571842129508,52.36045141537774,7.102957994160614,29.310268329853546,20.245754583707086,18.623359984745463,27.508546231764317,381.93754584120114,399.76733585783154,552.8925860798532,0.5291164486986196,-0.7741915246998868,-0.6075979592643583,0.29945632110773485,0.1462734955274818,0.6952411599181406,-0.2972496528789774,-0.16322490304658638,-0.03852350565165901
training,augmented,s11,s11_p1,e7,7,2,rapid,ex7_long_bno055_20260616_184508_892753_reversed.txt,template_times_long.txt,476,19.04,-8.289062398480041,5.269575429405001,-17.2548201415,3.0130168624,20.267837003900002,9.822269628353958,-10.12041356645,8.791273222025,8.583680528790127,22.0,1.1116130480831579,1.4616896092773537,1.4616934483260084,1.0563427626443276,2.020182838630545,-6.5524719209,6.6249395624,13.1774114833,2.279692684045027,0.8834964627499999,2.5025609222,1.738708996079622,96.0,1.2043625715465265,1.6296437001290938,1.629644635863889,-5.002363945407354,2.6671578352279455,-11.7336363544,2.460648191,14.1942845454,5.668983679666862,-5.05616490085,3.366159488049999,5.045808428007353,16.0,1.3228160962454738,1.7463230892625086,1.74634186907414,-1.636476177580882,58.50066329275637,-163.5883005091,261.0035293525,424.5918298616,58.52354790998442,0.0630701966,80.82428555197501,45.87511795240399,133.0,40.21910028676189,53.77893231358373,53.778933738354404,1.3376890933407557,116.55650245453639,-236.5006915286,213.764292631,450.2649841596,116.56417835915452,-1.9915442570500002,195.49989414827502,97.22637647264412,36.0,21.773234345203576,29.162846065927674,29.16286555542594,-3.7098726766930668,44.40294520978276,-114.4963624408,137.6876177914,252.18398023219999,44.557655891891834,-3.7310645619500002,64.8895427815,36.35292849490525,47.0,15.000531622159789,21.75566026101974,21.755663025255206,19.04,133.81135534610226,18997.598035097275,10.670210325842291,4.467434045220008,1.4194135906666412,19.25577519292177,17.83636160225513,11.567685825008486,11.017608624718484,8.361396953800641,122.51754756557176,63.1430801720595,2.212248105553332,301.34221004585856,299.12996194030524,137.83177440306454,127.83252232224015,103.30088178825102,60.86578267344354,34.591994187954,70.00892487640631,1329.7083204409914,931.0466446379767,1623.2597056360505,-0.4249698947694145,0.41450029180067754,-0.41969969431131965,0.5468101221320042,0.5832703699398903,0.8511629666046452,-0.08896270621733299,-0.2633738719499488,0.06900331130499604
training,augmented,s11,s11_p1,e7,7,3,amplitudine_mica,ex7_long_bno055_20260616_184508_892753_reversed.txt,template_times_long.txt,1817,72.68,-7.340693254984149,2.31467823304864,-16.8828266042,-2.9926404131,13.890186191100002,7.6969807578243925,-6.469686644,4.1495672419,7.340693254984149,0.0,0.29103783438237885,0.4932373549802773,0.4932374448178874,-0.9383380593323061,0.9459053597875762,-6.0544871612,2.7498475566,8.8043347178,1.3323720438625175,-0.975071239,1.0200242277,1.179597362693561,104.0,0.3853109041069383,0.5969244574943399,0.5969252113699737,-5.583627294664501,3.2016398195931193,-12.1116685181,4.8933546582,17.0050231763,6.436411368155914,-7.3215001587,6.1564588343,5.632223619405724,48.0,0.5528601111330947,0.9231997269749254,0.9232001919988964,0.14959065359152457,17.05993513393225,-130.3900954259,113.8386291803,244.2287246062,17.060590966834003,-0.0634691385,6.933296028,9.053901008035332,889.0,10.223145968545595,18.05933031692311,18.059330428637747,0.11496221528723159,42.90237203248,-189.843340201,240.9522596194,430.79559982039996,42.90252605994507,-0.5048745731,3.9014561339,17.232392247212054,762.0,6.679996724134692,13.0946580584346,13.09465805846792,-0.6334141750371491,10.383259452960095,-62.7278657156,73.4887454973,136.2166112129,10.40256172222127,-0.1840370499,2.6793076102,4.693468093275894,679.0,3.218802710508205,6.024767956102794,6.024767962397815,72.68,102.44611934971203,2239.903796846507,10.012814480344273,1.4797518480880851,4.286961307187141,18.288805862292733,14.001844555105592,10.121567040222182,9.820417960869941,0.3387651300930479,22.321613714900696,41.73307271228976,0.2266614263304377,250.61814370747922,250.39148228114877,47.327621922578224,5.013703473744752,12.480284744311898,20.782516219613377,21.806545903363176,30.123718639204863,356.9479913410688,454.18080414341694,577.6608619032318,0.3445706695523866,-0.5921360826528903,-0.48253178918583006,0.33166298273020317,0.2697800672646253,0.6716908425760161,-0.19729431333912592,-0.017634541105187373,-0.05806457618287436
training,augmented,s11,s11_p1,e7,7,1,normal,ex7_scrt_bno055_20260616_184030_561451_reversed.txt,template_times_scrt.txt,531,21.24,-4.210813742644822,4.259255402260291,-11.7178883326,0.9787374855,12.6966258181,5.989341279049805,-1.1607960868,8.855705840750002,4.228943455460263,16.0,0.24070525471641505,0.38991468698147835,0.3899146918299572,-0.9503572302414313,1.2317310628256135,-4.1043144408,2.280386155,6.3847005958,1.555744283679577,-1.4227393181,1.9286772663999998,1.385141689294162,55.0,0.38345093109471695,0.5978464596157755,0.5978524617031017,-6.999022906385876,2.9468362081428685,-11.3951320653,-0.4579915415,10.9371405238,7.594087521337638,-8.3809153286,4.095342240549998,6.999022906385876,0.0,0.4200363011677358,0.6297732951594927,0.6297775604336301,-0.031725465822975384,22.332615235430946,-109.2161036236,92.0726938508,201.28879747439998,22.33263776984224,-0.8182205568,9.33751812365,13.156752508058378,234.0,11.383657399353584,18.545793073788094,18.54581265362414,0.35047201015518004,43.40867314704981,-125.1408748534,123.0666583221,248.2075331755,43.410087940676945,-0.2515306879,6.58221846625,24.25373832534463,123.0,5.4976686680341516,9.338561894183426,9.338562192363957,-0.8378639443141241,8.904682464387411,-31.1769677039,50.7700158548,81.9469835587,8.944013963582027,-0.3180322171,4.38498398525,5.32180510439096,168.0,3.364220875922453,5.615589877489501,5.615589912155893,21.24,95.96271451486767,2463.17783055704,9.729743166184491,1.137898253339841,5.191635474804039,13.80323793707385,8.611602462269811,9.796056069401995,9.666864804148053,0.48230599810971775,30.44397304933934,39.19620307540183,0.5138339967818472,144.4508237789782,143.93698978219635,49.63041235529925,8.05412962698809,47.14212270002197,17.846061260247495,15.742255327776137,23.797069258826863,363.94394854120833,395.88701400925044,537.7561952603858,-0.8178968329713303,-0.8519981943497654,0.7341744098911754,0.6275425238960879,-0.13553181187600216,-0.2956364658262907,-0.08036140380164176,-0.12830826180540508,-0.03934814619576188
training,augmented,s11,s11_p1,e7,7,2,rapid,ex7_scrt_bno055_20260616_184030_561451_reversed.txt,template_times_scrt.txt,158,6.32,-6.9485796483651905,5.007868871087464,-14.3081942874,2.3868941442,16.6950884316,8.565133376642871,-9.3160032658,8.79041927295,7.379661602896836,8.0,0.9072215273630574,1.2130632181164096,1.2130638544690064,1.0476295049303799,1.7252084915889516,-5.7508061364,5.0680711433,10.8188772797,2.018383491572228,1.03574379465,2.105191892525,1.572829923013924,18.0,1.0010137001942676,1.3370321291566094,1.3370337931493999,-5.934426819668354,2.3428796697682523,-11.6265782406,-0.6300055911,10.996572649500001,6.380165109541637,-6.16937100475,3.5016026663750006,5.934426819668354,0.0,1.1188844506076434,1.4655028403130963,1.4655187351134158,0.14037488208037913,53.780334573217196,-121.7409228219,156.655600798,278.3965236199,53.78051777283945,2.61773136835,72.462013952075,42.811811530687976,26.0,30.488352492689167,41.589501715842005,41.58952981250178,-0.4122383646993662,107.76970783683376,-199.4127079238,186.9927118325,386.40541975630003,107.77049627660548,1.44545216925,194.993633664825,88.8782127606538,10.0,17.819049201173247,23.224597770343085,23.2245981104589,-6.917708343431013,19.96067007357219,-105.8421604832,59.7860354851,165.62819596830002,21.125412150080656,-7.11565682805,18.208278745450002,15.633356712776582,32.0,12.558964857558598,17.767829512137705,17.767839270473335,6.32,118.14188850374549,14953.106998131312,10.23159659022533,3.668285664807862,2.928571868016042,17.249002115092086,14.320430247076043,10.869309476859396,10.273092176623305,5.630397778353922,105.36255516114208,62.06318528762929,6.412516294355246,228.89476207754848,222.48224578319324,122.28289740651107,106.34450111692027,113.97795109577552,50.85110830542498,28.16904436374932,58.132007330359215,1065.619759421234,692.7726471795821,1271.0151109838052,-0.66164228477763,0.14830286234411405,-0.17797336087968324,0.7821887810680128,0.5095629473082895,0.4756087181094792,-0.17007847442279123,-0.4729569825119443,0.09965456745521949
training,augmented,s11,s11_p1,e7,7,3,amplitudine_mica,ex7_scrt_bno055_20260616_184030_561451_reversed.txt,template_times_scrt.txt,433,17.32,-8.766435881303927,0.7333060635524544,-10.295715686,-7.60773017,2.6879855159999995,8.797052679383915,-8.3621313519,1.4338962277,8.766435881303927,0.0,0.16089195635833328,0.2087928213708712,0.20879350980056569,0.2132967006665127,0.29925928271377816,-0.5014779584,1.6556768349,2.1571547933,0.3674936745109838,0.1307588892,0.2792908202,0.24977414562494227,118.0,0.21292125073032409,0.31952141095561,0.319525069244212,-4.029738177105543,1.5396807769734848,-6.0519443195,-0.8606501316,5.1912941879,4.313862152526848,-4.7876869174,2.3236077199000005,4.029738177105543,0.0,0.2795393317962963,0.3831381473370469,0.3831383962359342,-0.6703949041415704,11.780814536064474,-47.1131621153,36.2776544586,83.3908165739,11.799873747657092,-0.3761583263,6.2200008088,7.272357959323095,198.0,6.847609265355556,10.190055107346485,10.19006897145658,0.11049528646951491,18.925575689197007,-66.5083675951,60.3677459558,126.87611355089999,18.925898244888053,-0.5021365381,3.018164277,10.095069407708314,117.0,2.9338447915319446,4.508351337517637,4.508361614877214,-0.4887566997709007,3.3910720790237177,-15.9614202036,10.2559494725,26.2173696761,3.426113389353187,-0.1236957086,2.0334909217000003,2.055302055565358,127.0,1.5584962714537038,2.6392174218342026,2.639224849200468,17.32,96.1325941156649,509.1648977932089,9.797794551525032,0.3685322805010538,8.588565292173948,11.08451517797375,2.495949885799801,9.804723051451525,9.796249744065973,0.2593302169101914,13.827690319812325,17.83142950558304,0.28424166538467655,77.30952808102111,77.02528641563644,22.564682532515473,4.783692580133637,15.793859223591488,11.061813291785647,7.774320267589318,13.520494403880935,208.3257889305168,196.35574056502352,286.278205922772,-0.5072814209782288,-0.8284208866002348,0.40691721689606575,0.6864792576950222,0.017944383490908298,0.3193628447356735,-0.0830238476954343,-0.14071342128069952,-0.1036693908898524
training,augmented,s11,s11_p1,e7,7,1,normal,ex7_scrt_v2_bno055_20260616_184325_718708_reversed.txt,template_times_scrt.txt,531,21.24,-4.230302079999058,4.166534908844156,-11.7698386457,1.5783300642,13.3481687099,5.93763158461868,-1.9165433993,8.4944201552,4.369716609173823,2.0,0.2640164369607548,0.42478723346294966,0.42478919236058243,-1.0457685412693032,0.8972522947940117,-3.4455089067,1.4089550354,4.854463942100001,1.377930884486463,-0.9460938959,1.3861899476500001,1.1663217525054614,44.0,0.3699338593337736,0.5349886568132435,0.5349886761052414,-7.060151109656309,2.997686431438527,-10.4928005265,-0.9466851255,9.546115401,7.670192802818705,-8.5078075491,3.9167369713000006,7.060151109656309,0.0,0.43986214137094337,0.625521851306505,0.6255931066003613,-0.7909191560478344,18.480696532658328,-121.6521471053,63.5949564749,185.24710358020002,18.49761329046569,0.0,9.362143429549999,11.472566420370244,229.0,10.658926325954527,16.413503927471634,16.413635857240145,-1.438742865905085,40.402158161117654,-109.9052612341,124.6340234707,234.5392847048,40.427767253586474,-0.4415273669,6.0529075557,23.047274725172127,137.0,5.190608781393019,8.525208859647663,8.527347398779563,-0.4683484460197741,7.727681554472844,-26.8251293545,41.743580396,68.5687097505,7.741861047204927,-0.0623035557,3.56215034275,4.559667921531639,173.0,3.429800081841132,5.544001399718801,5.544067783324449,21.24,95.98601998949485,2036.5024750280008,9.744623817849865,1.0140644151571254,6.239489605511616,13.41591363296078,7.176424027449165,9.797245530734383,9.719115754807834,0.4897665902391033,28.116975840877643,35.297849007999105,0.23408239543473078,144.69921417715793,144.4651317817232,45.12762430073182,7.152108381339584,43.76670119069485,17.901081146149245,14.690718724152289,23.15741615191942,340.6143572431576,342.08072760988847,482.7394375460535,-0.7541277072924784,-0.8619143919641461,0.6478811502714388,0.5297508875203728,-0.05123524667086097,-0.1167560873284157,0.02829249452677973,-0.04203472897006137,-0.06125695474694747
training,augmented,s11,s11_p1,e7,7,2,rapid,ex7_scrt_v2_bno055_20260616_184325_718708_reversed.txt,template_times_scrt.txt,158,6.32,-8.676719401894305,4.4338898340144315,-16.1791743407,3.0743214423,19.253495783,9.743964215830514,-9.695061467150001,1.1596528196250002,8.995352048851267,4.0,0.8740674391936305,1.3199382931350714,1.319962993696088,-0.13189649271518988,1.1220976331065549,-4.1621133024,3.1077877604,7.2699010628,1.1298228989597885,-0.13535890835,0.720846262175,0.751352619107595,51.0,0.7930547211815286,1.1720053565933057,1.172007815292382,-3.6313637450632914,2.8860885252854422,-11.4975204499,-0.5072078336,10.990312616299999,4.63856762640628,-3.2308460527,4.712573605124999,3.6313637450632914,0.0,0.8750198239025477,1.342543613196169,1.34296241418392,0.7895576623829103,55.63907874029661,-190.538281445,212.6596871064,403.1979685514,55.644680647579904,1.0132290616000001,37.155073592324996,35.71052607975,52.0,33.68090261385605,51.12361494190504,51.12370031270668,1.4923065812468357,96.23555888565805,-207.1402708066,222.3763521503,429.5166229569,96.24712864791026,-1.1794613202500002,42.5397563721,64.14429597561394,27.0,15.434851407076437,26.06961253386865,26.069808051591455,-3.4172716517531643,15.44749292388313,-51.7667421475,46.8164618375,98.583203985,15.820960248205392,-1.0793041023,12.136492923125,10.714856074189875,51.0,10.129984835375796,15.82734564391623,15.828128620373,6.32,117.73764804714386,12610.14304051384,10.274060366259167,3.490176447918708,2.2807412196796966,18.515905921561444,16.235164701881747,10.850698044234015,9.770456946742495,3.0346195112238714,80.73794024301739,78.04824178563405,1.011918209867563,271.83915442715386,270.82723621728627,112.29489320763362,53.73361114808833,138.78989140682637,42.09193388604104,36.096080401108864,55.44959800206098,1051.1214444184577,1053.573447744386,1488.2450405455202,-0.4809396675617385,0.18266286006869759,-0.21184226573267492,0.649113323769276,0.11982158571551754,-0.03098959269290128,-0.09543948492536669,-0.3652704328716825,0.011362236195363435
training,augmented,s11,s11_p1,e7,7,3,amplitudine_mica,ex7_scrt_v2_bno055_20260616_184325_718708_reversed.txt,template_times_scrt.txt,433,17.32,-7.3809378995531185,1.9235199831000456,-10.9739687727,-4.9328180407,6.041150731999999,7.627461792919371,-6.1453085824,3.814635226200001,7.3809378995531185,0.0,0.16719697105902773,0.24083726855466076,0.24083944718837308,-1.207413621643187,0.593100114485197,-2.2165434665,0.8005862056,3.0171296721000003,1.3452194614752906,-1.4964407336,0.9088529169,1.2323015873794458,24.0,0.24875626590023148,0.36997896905127403,0.3699826866792815,-5.432934755675058,2.8094252884341055,-8.4354048071,-0.2107118702,8.224692936899999,6.1163429032972845,-7.2296029323,4.6514128735,5.432934755675058,0.0,0.3003007320189815,0.4220240356849027,0.42210137624591976,-0.10411370479653582,12.152376603744814,-51.2765675668,60.5877463129,111.8643138797,12.152822585011714,-0.3120649024,4.6397610679,6.485262010113395,208.0,6.40177815317014,10.755427613869347,10.755452889899795,-0.30907728384526556,27.239901902119158,-77.9195336401,99.9270568085,177.8465904486,27.24165531689409,-0.6206372483,3.8535371165,13.501147460669285,103.0,3.3127598308803243,5.50786075245095,5.50902727533327,-0.23052443807690529,4.878894450271621,-24.9858388575,22.609863364,47.5957022215,4.884337475384138,-0.0612841598,2.006808532,2.5695735865715936,159.0,2.1533935469618055,3.5089499621361964,3.5089508147284945,17.32,97.3974393126917,913.6556337606767,9.846329509673296,0.6687559342753435,7.420205883858659,12.166080533721196,4.745874649862537,9.869014100339088,9.84003310539703,0.3353330937684085,16.41834184292547,25.379000864681796,0.3637733129299858,106.93999106303835,106.57621775010837,30.22673706771336,3.7632415009466693,13.715455704370054,12.158109887097257,9.238133670767485,15.26966763704109,209.64775633926516,234.54529603370707,314.58492912030476,-0.8123462560818681,-0.8844946560929021,0.7564664926111417,0.6304359678536235,-0.3053256801328201,-0.24234927272211082,-0.05044326960461621,-0.0263241202666453,-0.043269758963451845
training,augmented,s11,s11_p1,e7,7,1,normal,ex7_scrt_v2_bno055_20260616_184325_718708_reversed.txt,template_times_scrt_v2.txt,545,21.8,-4.388287588402752,4.227494707543163,-11.7698386457,1.5783300642,13.3481687099,6.093338941896725,-1.9448641174,8.5169259778,4.524120826919816,2.0,0.2635720919965074,0.4217097005160197,0.42171041848214613,-1.0630131831666056,0.8878150943849344,-3.4455089067,1.4089550354,4.854463942100001,1.3849955485140482,-1.0354170184,1.3516053435,1.1804696146645872,43.0,0.37224309719136034,0.5348401743481717,0.534848566096084,-6.965399224082753,3.0415556526370158,-10.4928005265,-0.0203309097,10.4724696168,7.6005162416075915,-8.3243330603,4.1306065144,6.965399224082753,0.0,0.4476887671886029,0.6346760954455171,0.6346861991940685,-0.624492842031376,18.458424546537273,-121.6521471053,63.5949564749,185.24710358020002,18.46898557176214,0.0,9.3425606805,11.499201957179633,236.0,10.631645163537684,16.31075286384506,16.31075446473154,0.45355702025926553,41.84454980734472,-109.9052612341,124.6340234707,234.5392847048,41.84700780880253,-0.368111804,6.3822036847,24.25998440892349,136.0,5.305385629038604,8.683344669051063,8.683381492221585,-0.16194151660238526,7.984733239350644,-26.8251293545,41.743580396,68.5687097505,7.98637527032073,-0.0613299906,3.6737335912,4.781267573634311,174.0,3.5173708552224268,5.63706712291365,5.6370716673366905,21.8,96.81483926917961,2156.0576805583287,9.784429104588355,1.0391276949749384,6.239489605511616,13.41591363296078,7.176424027449165,9.839453199704728,9.719949999447723,0.5120033167249662,29.26095936092931,36.05348717997154,0.23408239543473078,144.69921417715793,144.4651317817232,46.43336818020343,7.449637370975889,47.71997296959488,18.07704750909841,14.660359019412587,23.274573534745443,342.5751429925939,340.44643170463735,482.9715327602823,-0.7074070217686191,-0.858115315652273,0.593784753939903,0.5291287612857583,-0.05165649832126374,-0.04692790406010327,0.014685119365890157,-0.045354133607586535,-0.01867727412052877
training,augmented,s11,s11_p1,e7,7,2,rapid,ex7_scrt_v2_bno055_20260616_184325_718708_reversed.txt,template_times_scrt_v2.txt,146,5.84,-8.147032480413014,5.2878417886926234,-16.1791743407,3.0743214423,19.253495783,9.712641711663652,-9.8991790043,8.37961069,8.541340136737674,6.0,1.218035584077931,1.5624964162290986,1.562497458852662,-0.27658526684589047,1.3897098738342961,-4.1621133024,3.1077877604,7.2699010628,1.416966105194033,-0.4276037034,1.3714627938250001,1.1044515984226027,37.0,1.0417308949103448,1.3583289681572475,1.3583487425742629,-5.23341402525411,2.444588582329018,-11.4975204499,-0.5797711805,10.9177492694,5.776212919948486,-5.3070966508,3.584035508,5.23341402525411,0.0,1.2092749905296554,1.6307002452973398,1.6307152358973784,-2.040955126444521,65.11369484105028,-190.538281445,212.6596871064,403.1979685514,65.14567333047972,2.0867671573999997,75.0084013785,49.09312382917466,35.0,43.56855150808689,58.6592638411476,58.66051643354663,1.5726969163301345,120.30350101213017,-207.1402708066,222.3763521503,429.5166229569,120.3137803053592,0.44164961135,200.903575874875,101.16431491120547,11.0,22.4101100631,31.720902789425374,31.72104317110019,-5.481077417546575,18.54860892244026,-51.7667421475,46.8164618375,98.583203985,19.34148656682752,-6.299456692050001,23.328279394625,15.322395470420547,38.0,14.172952868455173,19.23775013932619,19.23778716134649,5.84,129.70783765899722,19093.457587662586,10.54388186822547,4.305158859775486,1.7754707055399457,18.515905921561444,16.7404352160215,11.388934878161225,10.894538800336615,7.584881100429298,122.08905357958224,64.71259988367396,2.0234603757717835,271.83915442715386,269.8156940513821,138.17907796646563,123.53923970294053,96.3680689991659,57.28201377531958,32.55548372118461,65.8869381780351,1405.382081545921,1017.7226877844446,1735.1824873371506,-0.4423101773669684,0.4817241993493157,-0.3398404559871099,0.6490933666057574,0.15230927563626723,0.014190112865650768,-0.09450798195739898,-0.46464253246793946,-0.08908010304709284
training,augmented,s11,s11_p1,e7,7,3,amplitudine_mica,ex7_scrt_v2_bno055_20260616_184325_718708_reversed.txt,template_times_scrt_v2.txt,528,21.12,-7.470200279778598,1.9552040830505426,-11.1191822665,-4.6256579671,6.493524299399999,7.721833669950536,-6.1840735819,3.8653769971500003,7.470200279778598,0.0,0.18465211756166977,0.26357506808380243,0.26357507039153405,-1.1843513448104166,0.6073107073590726,-2.2165434665,0.8005862056,3.0171296721000003,1.330982495462363,-1.4633416407,0.9145271467999999,1.2105079363282196,32.0,0.2596357028916509,0.3796167881170105,0.3796168806151296,-5.401620475451893,2.745637435434686,-9.4044151196,-0.2107118702,9.193703249399999,6.059375272062418,-6.8841287845500005,4.33631804035,5.401620475451893,0.0,0.33042953006072107,0.4660174063412679,0.46601758806365146,-0.02674012778768911,13.288049038784708,-51.2765675668,64.4713689109,115.7479364777,13.28807594392737,-0.34212532505000004,5.2523979618,7.411373155901326,245.0,6.916226207347818,11.470380090059612,11.470440260474337,-0.14723725230776485,30.361995804347885,-83.4030813259,104.0259093912,187.42899071710002,30.362352807905147,-0.6193336380500001,4.524769899424999,16.16512749588087,113.0,3.7501998828387095,6.009723691038332,6.009726697017067,-0.4583127676367425,5.0865416529412455,-24.9858388575,22.609863364,47.5957022215,5.10714759724889,-0.0629998797,2.334541711725,2.884494588888636,189.0,2.4082436086282732,3.7992979105826095,3.799301839862436,21.12,98.11425831729049,1124.528386903372,9.879055224451669,0.7200876262821563,7.420205883858659,12.468692710962571,5.048486827103912,9.905264172009272,9.849479100693234,0.3818713246029777,19.290797700627323,27.42979239762568,0.3637733129299858,111.10765561209271,110.74388229916273,33.53398853258246,4.4309309769226175,22.686735769624125,13.176258972902357,9.777880180889895,16.4079475057921,230.59849042315585,246.2740434399643,337.3819323225648,-0.7942833072426474,-0.8658804578204441,0.7340774251137279,0.6651195851656531,-0.28411314859106196,-0.19120118303992845,-0.048557331378991125,0.06536269248966013,-0.050138519907664526
training,augmented,s11,s11_p1,e8,8,1,normal,ex8_long_bno055_20260616_185759_909871_reversed.txt,template_times_long.txt,1854,74.16,-4.645549684294606,4.134836582735754,-15.9683983747,0.1708344811,16.1392328558,6.219164367917896,-2.154322221,8.152484296499999,4.6462749883344125,12.0,0.3637376665626012,0.6128422256798507,0.6128422343848681,0.9811483119725457,0.8446765746483955,-3.0301291613,5.459064069,8.4891932303,1.2946545971209165,0.8974573850500001,0.79096415845,1.0577687608765372,125.0,0.44479993721656774,0.7428100793118706,0.7428105622793645,-6.338848583966721,4.3591979092607716,-12.8705458971,2.5579466695,15.4284925666,7.6930883124113665,-9.19245508875,7.003265984025001,6.7627349375443915,46.0,0.5316196067676741,0.8586602221495089,0.8586602813957996,-0.6224276579348976,21.867819098910143,-104.8410043164,164.5798590256,269.420863342,21.87667544056961,-1.2559850636499998,6.233521222199999,10.235922590868231,831.0,10.190048416967565,19.494689624376594,19.494703261703282,0.15302229473052884,67.44285143333794,-320.6565172896,300.3905734941,621.0470907837,67.44302503062846,-0.7386801835,4.573943233375,27.390766104875727,595.0,8.115482456660173,16.045449375689987,16.04545135718195,-0.15792556669131616,15.38816377823825,-90.0503847386,112.0221945373,202.0725792759,15.388974135740773,-0.06313849375,2.959108821425,6.843963279237271,608.0,3.871563477137561,7.439329477381654,7.439329496842434,74.16,99.53774374358632,5263.971078564498,9.868852913195525,1.4640648623945813,1.6957059137723824,18.650934795288194,16.95522888151581,9.976860415159987,9.756873101537423,0.40276739876831513,32.1633889482887,65.03450999220028,0.32013891201930245,332.96536336538384,332.64522445336456,72.55322927730025,4.923356360182945,13.47776570024998,22.365522505113873,23.24185421071661,32.25523808746357,384.4452689337981,534.0684203540883,658.0480547992612,-0.19637550859477318,-0.8329534552171102,-0.10257692974098595,0.6606073378525994,0.5673408742573619,0.8332098915564995,-0.08139328341241858,-0.024502442560155956,-0.010449610452724838
training,augmented,s11,s11_p1,e8,8,2,rapid,ex8_long_bno055_20260616_185759_909871_reversed.txt,template_times_long.txt,342,13.68,-9.039687303140058,4.191878495878626,-16.0296668766,0.5779468464,16.607613723,9.964325961286153,-10.0247740678,5.894838989175001,9.046368463905555,10.0,1.3302914731325512,1.6406756714386006,1.640675713202968,2.1171065454842104,1.8100452102317344,-3.7337186729,7.4210774841,11.154796157,2.785391137347667,2.16436452135,2.3177641745499997,2.3590615197093565,50.0,1.3925535203272725,1.7991719973663813,1.7991731863160108,-4.573703160225146,2.6013375194623616,-10.0985457028,5.0494591496,15.1480048524,5.261721912835767,-4.96447883005,3.2575844729749996,4.732770297946784,19.0,1.6756336071178883,2.2315619339526207,2.2315633573952938,-1.385399063292105,69.38559314353667,-179.8209851425,209.7307984582,389.5517836007,69.39942266651052,-0.24878343014999998,93.48739844754999,54.24377598541315,84.0,47.57436197208328,64.59421322437123,64.59422249173176,2.875068165545029,160.2192014241575,-283.1489748123,347.4336594137,630.582634226,160.24499531015402,-1.8001622603,291.5970477728,138.17409854021054,23.0,33.31115441987243,42.923512119613925,42.923514628248086,-5.295810680074562,48.11498440818724,-134.6617409376,109.0623972225,243.72413816009998,48.405550666832546,0.09563926279999999,77.819896068875,40.122666663760526,31.0,15.606692677356893,20.370123314174126,20.370127045162285,13.68,134.73191313879227,32837.835723755554,10.923634908406761,3.925062232198297,0.37559946564157826,18.10098175770921,17.725382292067632,11.607407683836742,11.484121571072357,5.424977101219419,159.99441628007995,85.0859711289237,0.40851313287807994,374.73531212381107,374.326798990933,181.21212907461674,170.85183099422457,139.48305992085736,72.87286851313134,38.826440924569404,82.57086338534438,1682.6967414224346,1089.5625399211078,2004.6483112987712,-0.5523866893722795,0.3539776767076901,-0.26959924054378614,0.677145518937713,0.5026006366044851,0.8757249029025366,-0.019781288547723878,-0.21546825951887072,0.08790211719721225
training,augmented,s11,s11_p1,e8,8,3,amplitudine_mica,ex8_long_bno055_20260616_185759_909871_reversed.txt,template_times_long.txt,1813,72.52,-7.795757591491561,1.5862749896490247,-13.8423728772,-4.9075625797,8.9348102975,7.955507825908056,-7.055190172,3.0286895563,7.795757591491561,0.0,0.2953516650128587,0.4227996512156148,0.4227996672941112,1.8280458246731934,0.8430356932248476,-1.7488136181,4.9945961658,6.7434097839,2.0130724570060057,2.0242869888,1.1399997049,1.8390180943043022,38.0,0.5449285143481788,0.7291157931412174,0.7291158601432657,-4.77091348924203,2.8316204796975115,-9.6908565925,2.4503321437,12.1411887362,5.547944670134511,-6.3421940467,4.714335255,4.8722094443765025,52.0,0.3935785854090508,0.6184252339504485,0.618425234082859,-0.3697826980264755,17.521393373445168,-85.7045911071,112.9913006441,198.6958917512,17.525295004386315,-0.8669008751,5.7808246154,8.39464073034716,955.0,6.61930260637064,9.759367417307855,9.759367691428391,0.14014847797562086,37.83346142792666,-168.9591450248,270.5078464686,439.4669914934,37.833721006719564,-0.8703356904,4.2147480605,14.980940791847987,564.0,5.898388073082339,11.265287311629642,11.265287312429303,-0.08217342323204627,15.813745264558746,-76.9280486154,80.9373153539,157.8653639693,15.813958763188925,-0.1231999057,3.6711164097,7.154480285239658,843.0,3.9189106624543597,6.150833758849622,6.1508343362858815,72.52,98.12225554811444,1988.6077019689014,9.878968025582811,0.7268055432004292,6.402895433260402,15.33811945835562,8.93522402509522,9.905667849676489,9.8035492273152,0.2874712911666979,19.87025801473653,39.92218115780624,0.402458960577402,283.955028072524,283.5525691119466,44.59380788819117,4.8358744200152275,6.909400897700385,20.756365107879212,15.880344736898177,26.13449906645075,274.40074615236784,295.2874529781831,403.10104114888975,0.4210654530596266,-0.8273327943986084,-0.6782781564518799,0.8569929688506093,0.8178048700108713,0.9045788996945073,-0.09908875486547082,0.05845744674652784,0.007943413386835286
training,augmented,s11,s11_p1,e8,8,1,normal,ex8_scrt_bno055_20260616_185136_335178_reversed.txt,template_times_scrt.txt,515,20.6,-5.325021539444466,4.378102102752607,-18.6754708131,-0.0099994075,18.665471405599998,6.89373863862522,-2.4809900701,8.23731462185,5.325021539444466,0.0,0.36998071904961094,0.7001746488254743,0.7001746493365038,-0.4900193568326214,1.2109669480502185,-6.5764960637,2.6530174283,9.229513491999999,1.306353673145491,-0.3849029118,1.46715253605,0.9723245511708738,72.0,0.4498016087319066,0.7252898321267841,0.725290304435008,-5.297553735715534,4.7656813563040235,-12.0558811196,3.4335017489,15.4893828685,7.125713604448145,-8.4984306394,9.992773295049998,6.144483840227767,12.0,0.5003740949149805,0.8650217519483785,0.8650223688050206,-1.6356688627504854,21.443885959111743,-93.1717888177,105.3778479843,198.549636802,21.50617719763234,-1.1870898325,6.4658974885,10.745654079744273,234.0,10.647329681872764,19.578838591838974,19.578839046166443,0.40889538339922527,75.70227185942706,-392.9791539232,313.5232305761,706.5023844993,75.70337614738968,-1.0813027255,5.8990082684,32.31323971666408,106.0,8.550302200875876,17.258254965493947,17.258254990654,-0.8031127613551455,9.923035558164903,-62.0666564025,61.6906936792,123.7573500817,9.9554821478448,0.2458131782,3.2886707897500003,4.8878287867341745,165.0,3.851312791378015,7.457500146744525,7.457500424478057,20.6,100.00598670963238,6292.628442565186,9.857837475971825,1.6819711671006217,1.3718346878696988,20.245450167873713,18.873615480004013,10.000299331001667,9.694190958059353,0.3925675996456306,36.600562358474335,70.37774703419126,0.32862863374053625,399.46178040265505,399.1331517689145,79.32608929327844,6.02082373824193,16.642748403440407,22.03215213038517,24.848152595058174,33.20913149848596,395.53937042163784,551.4018422470715,678.5981028466038,-0.6823778830014758,-0.7956767327211717,0.5837511609785666,0.6615370045800053,-0.16736646007680245,-0.11184594945520554,-0.037401949434336494,-0.025570882892091057,-0.005213126685490902
training,augmented,s11,s11_p1,e8,8,2,rapid,ex8_scrt_bno055_20260616_185136_335178_reversed.txt,template_times_scrt.txt,140,5.6,-9.073949548115714,3.7392193169821377,-15.3274751477,-1.1511212611,14.1763538866,9.81418980365887,-9.784963279,4.243409782799999,9.073949548115714,0.0,0.8566588283582734,1.300065895758218,1.3000660382719407,0.3238471905635715,1.6060577782122392,-6.0205027931,4.5275226397,10.5480254328,1.6383829191589958,0.4183101447,1.22385849315,1.155008482442143,46.0,1.1534728114568342,1.634328974780624,1.6343290513306734,-3.238732132599285,3.388013621258539,-10.9886334952,3.2530176562,14.2416511514,4.6870056672212925,-4.42598162815,6.4856037481249995,4.033739452519286,10.0,1.3534920134553956,2.0377792041900893,2.0377795217472334,-1.3345444889392861,47.52552821476194,-131.6026724235,198.1665338641,329.7692062876,47.54426191545192,-0.6325106176999999,50.225814234125,32.09522559211929,49.0,30.645992774773383,46.86641893974145,46.8664235576607,0.5874141982092851,145.0474984411061,-259.1933641883,254.4202431081,513.6136072964,145.04868789293798,-1.0928943626,234.21763718375,113.61873862527071,13.0,23.895225463031654,34.17192991726368,34.171933200078534,-2.474019680973571,16.161474729803437,-37.5344780021,53.7947509968,91.32922899889999,16.3497412463904,-0.8209320180999999,13.847999412300002,11.368028376153571,54.0,11.770696514871222,16.876948320781516,16.876948326977825,5.6,120.97064221659821,23566.892739371942,10.599797836613048,2.935119765790067,2.2178911244414454,16.759497980027454,14.541606855586009,10.998665474347252,10.208166737124383,3.261072946554684,122.947587707306,91.9281426785413,1.0004847006009698,282.89191815100514,281.8914334504042,153.51512218466277,117.20186698751385,186.71975040059226,56.405627689306755,46.25470783542199,72.94582120975086,1152.6299280590033,975.744862546198,1510.1767405978023,-0.386867542009355,-0.015834380940610283,0.30494773639512257,0.6082509746046775,0.0608334627240037,0.07063122703083394,-0.13351978751959975,0.03269926937565904,0.20106409822410218
training,augmented,s11,s11_p1,e8,8,3,amplitudine_mica,ex8_scrt_bno055_20260616_185136_335178_reversed.txt,template_times_scrt.txt,570,22.8,-8.526488157211581,1.275630960292849,-12.8020777788,-6.2056578902,6.596419888599999,8.621382408983317,-8.2140388555,2.3139657074999995,8.526488157211581,0.0,0.22299600730158173,0.3234632476338218,0.3234632567947455,-0.09713711738491228,0.45978519834194265,-1.4814922286,2.3757250342,3.8572172628,0.46993408919569746,-0.21254023854999998,0.5139032819,0.37165167405157895,71.0,0.2665541662384886,0.39072893217438415,0.3907304682506707,-3.616078625652983,3.2122428062113535,-7.6719340264,2.5396470442,10.2115810706,4.836789066411823,-5.36271461015,7.0207515427,4.197949686602807,6.0,0.3147385494927944,0.46921060856850494,0.46921162916289294,-0.2148304205105265,11.900199514160027,-59.5470310318,65.9471696246,125.4942006564,11.902138487952126,-0.49411168675,4.145850399625,5.76011777592772,333.0,5.5163917419405974,9.013739022825042,9.013739508974199,0.0333911994433333,40.42706230802285,-186.9825227101,173.8548432118,360.83736592189996,40.42707609794409,0.06170273345,3.278260643375,15.56195285811491,185.0,5.1802611835103685,10.335012094563472,10.335012434996724,-0.0884280600175439,4.580597019391717,-23.9815669675,29.5789862157,53.5605531832,4.5814504882033535,0.18888523155,2.354882759525,2.530423051868772,201.0,2.123002734563796,3.5361641983457064,3.5361661893406455,22.8,97.94360116307611,1796.999070991212,9.877400905616476,0.6168893845763022,7.29372835301429,12.955382679764101,5.661654326749812,9.89664595522524,9.812208633665989,0.26558363565362697,17.87119526257154,38.43981595791339,0.28220630808433866,197.6119715150842,197.32976520699987,42.39102583084316,3.3212662964551454,6.419369304415827,13.485048220352395,10.796524019591363,17.274589905721133,224.12069689695304,274.0851993925587,354.051950006824,-0.559830827988909,-0.7819533047572631,0.5104578167170943,0.8332913280519755,-0.251064684248267,-0.28487847235801916,-0.041913163396866376,-0.0003572579901948794,-0.01838553565353303
training,augmented,s11,s11_p2,e6,6,1,normal,ex6_long_bno055_20260616_183236_081602_reversed.txt,template_times_long.txt,1541,61.64,6.784760674886438,3.732232802781416,-0.0918,10.3122,10.404,7.74354822478966,9.4554,7.4766,6.785012199870214,4.0,0.2545562337662338,0.4376793964549976,0.43767984874791754,0.128880077871512,0.8292219271952838,-4.896,5.5182,10.414200000000001,0.8391776206582415,0.2244,0.9077999999999999,0.6219219987021415,263.0,0.44991935064935057,0.8114797458235907,0.8114800669707847,4.977275665152498,3.9733604894720407,-2.3154,15.4632,17.7786,6.368741369078881,2.6418,7.721399999999999,4.990672680077871,24.0,0.6582775324675325,1.1207279607089502,1.1207279820225386,-0.46027417261518494,16.26026746467153,-114.68625,105.57,220.25625,16.26678057688835,0.0,5.29125,8.353856262167424,832.0,10.727013798701298,20.54981791272464,20.54981791610191,-0.1761502271252435,51.84663673248295,-185.0025,190.3575,375.36,51.84693596899017,0.1275,5.355,26.485663530175213,548.0,8.078656655844156,14.329780063694308,14.3297804756074,-0.5548856262167424,6.486454705650958,-57.375,46.72875,104.10374999999999,6.510145367550821,0.0,2.55,3.335643251135626,662.0,3.320340097402597,6.18128812539665,6.18128814882257,61.64,101.22762481487345,2995.094912415842,10.018355503180581,0.9274577223597805,7.076051051257333,15.471823189268937,8.395772138011605,10.061194005428652,9.95012483338777,0.21450518797026952,29.60642348035236,46.02775902776369,0.14254933356561159,225.10640446519952,224.9638551316339,54.72746031395795,4.73727275180562,33.548199372827845,23.267446284381947,27.83765736624427,36.280976065109016,384.6289541027546,517.8940868484418,645.0997733116641,0.399872374165105,-0.9591234392163784,-0.42386105517832406,-0.3248924236585813,-0.41810893511558656,-0.035734807293285875,0.060750441566338936,0.05334116535218294,0.0512347836511351
training,augmented,s11,s11_p2,e6,6,2,rapid,ex6_long_bno055_20260616_183236_081602_reversed.txt,template_times_long.txt,301,12.04,2.95264584717608,3.4912747089441876,-4.6308,9.8634,14.4942,4.572430053282332,1.6524,6.0078,3.385383388704319,40.0,1.0693,1.4089914644170134,1.4089918336172145,-0.5948192691029901,2.0897302568051157,-10.2816,5.6508,15.9324,2.1727361802812117,-0.2754,1.9176,1.4680205980066445,110.0,2.044896,3.1656014547279954,3.1656019484451927,7.369381395348837,7.715377266698914,-9.1392,28.7334,37.8726,10.669340584947504,8.109,13.280399999999998,8.547972757475083,32.0,2.9590539999999996,4.150511033296502,4.150511184950596,-0.29608803986710963,48.12378613151488,-157.39875,179.32875,336.7275,48.12469698355654,1.72125,49.5975,34.326727574750834,155.0,49.8743875,73.0169012005643,73.01690131219193,-0.3240448504983386,158.43927521508138,-289.99875,301.85625,591.855,158.43960658795334,0.57375,288.5325,135.2558970099668,40.0,40.575812500000005,53.91791422258672,53.91791427325546,-1.2565739202657806,20.779530726071275,-47.49375,75.79875,123.29249999999999,20.817489647237302,-1.02,23.65125,15.586557308970102,91.0,12.661175,17.65518007898107,17.655180099442486,12.04,139.46272761887045,27852.463270717402,10.820439054419827,4.730837799846513,3.4169086554954906,28.86293983779199,25.4460311822965,11.809433839895561,9.861369284232287,6.63125756850796,144.99285118774657,82.64100904009685,0.8013250744860041,332.1579703384746,331.35664526398864,166.89057274369156,156.51118373078808,130.3208971196705,103.07817390377826,87.43876744277934,135.16896088692107,1820.9682857564535,1424.0860983423227,2311.697798853184,0.4764816105468816,-0.9258495193509768,-0.5018224038327438,-0.24433615288614305,-0.45812559934255886,0.6750125774701337,0.01789503634770373,-0.06265822208243056,0.12298465890636735
training,augmented,s11,s11_p2,e6,6,3,amplitudine_mica,ex6_long_bno055_20260616_183236_081602_reversed.txt,template_times_long.txt,1501,60.04,5.1117697534976685,2.9012594855504066,-0.1326,8.568,8.7006,5.877711852010935,6.9972,5.8854,5.111946435709527,2.0,0.1914132,0.3160993711145911,0.3160994098064721,-0.5413814790139906,0.612563548716322,-4.8042,1.4586,6.2627999999999995,0.8175133069469327,-0.459,0.612,0.6260938041305796,231.0,0.406232,0.6536565354305272,0.6536568751263923,7.968286209193871,1.9358931570808857,3.0906,15.4632,12.3726,8.200077281785935,7.2114,2.9988,7.968286209193871,0.0,0.5383832000000001,0.8777480984286096,0.8777480985339701,-0.04225932711525646,14.277048616586088,-93.39375,109.71375,203.10750000000002,14.2771111591628,0.1275,7.012499999999999,7.912092771485677,935.0,12.0332375,21.222162276752545,21.222162435102483,0.07763824117255169,35.39727773831421,-158.54625,123.5475,282.09375,35.39736288171545,0.255,4.52625,17.046520652898067,556.0,5.8727775,9.68866241506632,9.688662415905252,-0.08868087941372423,4.278683822383492,-31.17375,20.91,52.083749999999995,4.279602732766185,0.1275,1.9762499999999998,2.305617921385743,603.0,1.971235,2.937990195656718,2.9379902952528623,60.04,102.45709204956697,1475.1242015812377,10.083627832281547,0.8817833008193774,6.544434780788941,15.465706063416569,8.921271282627629,10.122109071214702,10.068118211463352,0.3209976320615304,20.655868852087888,32.379920993519775,0.32506249399154,160.76424137440358,160.43917888041204,38.40734567216586,5.0956153026401045,15.022853190699406,19.5163583444377,20.739555849185802,28.478367576987274,369.2381788061988,457.3997243285,587.8361510692467,0.5485026145408026,-0.8773614619262063,-0.5854772530060729,-0.09908486344738614,-0.31571903864608936,0.7589249226551493,0.01529557536774353,-0.04928549235813542,-0.05629827243612239
training,augmented,s11,s11_p2,e6,6,1,normal,ex6_scrt_bno055_20260616_183236_081602_reversed.txt,template_times_scrt.txt,482,19.28,6.445807468879668,4.122852824126129,-2.7642,10.1388,12.903,7.651558621305185,9.384,7.7673000000000005,6.532740248962655,9.0,0.28492141372141366,0.4556752828789953,0.4556919881070414,0.9410240663900415,0.8288826869940054,-2.0808,4.3146,6.3954,1.2540226482498837,1.173,0.9843,1.086151867219917,50.0,0.5248440748440748,0.9947620123593938,0.9947620204963785,4.835815767634855,4.173079427330053,-1.6218,15.7998,17.421599999999998,6.387464758831253,2.5704000000000002,8.4609,4.860490456431536,6.0,0.6038569646569646,1.01832226829516,1.0183223000900585,-1.0668205394190873,18.878310533404374,-100.98,97.34625,198.32625000000002,18.908429724833656,0.19125,7.1878125,10.39125,260.0,13.645680873180874,25.46457162417476,25.46459018852129,-0.5544398340248967,52.63269031929092,-158.54625,185.13,343.67625,52.63561051014735,0.414375,5.8490625000000005,28.566084024896263,168.0,7.846949064449064,13.889909184496037,13.88990991546451,-0.3143853734439834,6.142926963648069,-28.815,28.9425,57.7575,6.150966578006257,0.06375,2.7890625,3.4452774896265566,214.0,3.674173596673597,6.3909612062237855,6.390961255697732,19.28,100.91862818290457,3165.870598278657,10.007799971215606,0.8732513492926697,7.462197587842337,16.57599486245094,9.113797274608604,10.045826406170105,9.93083544780611,0.25437816256805235,32.32886089498351,46.05122529869821,0.4276480006968348,189.45062781962483,189.02297981892798,56.26606968927772,5.383637552237987,48.87405516371212,23.79990188244072,28.80853220972048,37.36799242255741,447.74765241038966,592.3758310389081,742.5544326431916,0.5993672669591497,-0.9604806510909554,-0.5833982720695046,-0.3822917476513807,-0.2794155969306171,-0.40876030718080886,0.02011060927656942,-0.03281654045092048,0.010808915556840805
training,augmented,s11,s11_p2,e6,6,2,rapid,ex6_scrt_bno055_20260616_183236_081602_reversed.txt,template_times_scrt.txt,95,3.8,3.0265010526315796,3.3585552555414666,-2.6112,9.9552,12.5664,4.521017808647215,2.5704,5.5029,3.372656842105264,16.0,1.08478085106383,1.4076877669116548,1.407690815756769,0.4352715789473684,2.1474664837609114,-7.1808,5.6304,12.8112,2.1911352414480922,0.357,1.9686,1.5583452631578951,41.0,2.1817148936170216,3.0522990757230155,3.052316118566289,6.4814021052631565,8.300017933702616,-10.3224,24.888,35.2104,10.530853286884911,8.262,13.321200000000001,8.73205894736842,6.0,2.741412765957446,3.4819439074166105,3.4819474851527703,-1.0595921052631574,73.05718741466971,-187.74375,133.62,321.36375,73.06487095979648,5.16375,114.654375,60.60880263157893,31.0,55.48284574468085,74.37823493466036,74.37845042908184,-1.7360131578947346,171.80261057850268,-296.565,301.2825,597.8475000000001,171.81138129726162,1.84875,326.304375,150.63185526315792,10.0,43.955625,59.651966961901465,59.65196977236158,1.9198815789473687,29.536760508190696,-84.5325,82.365,166.89749999999998,29.599090637980662,0.6375,32.2575,21.43140789473684,27.0,19.913736702127657,27.979900984457107,27.979942417313815,3.8,136.13954662231575,35733.732278240124,10.788109370062228,4.44479952775053,2.6308289568119023,24.889776575935755,22.258947619123852,11.667885267790208,10.267722479693342,6.017175834645353,169.54663996881973,83.59227926981978,3.589866597451777,319.3666119666589,315.77674536920716,189.03368027481272,178.15366087839735,108.95026645831861,102.1120173825851,64.89993672705434,120.99118100554695,2039.8105587926777,1417.7590544612483,2484.123155616273,0.33133290785297187,-0.930841459672271,-0.3853172095012464,-0.487319567841248,-0.44417609091004373,0.013462537237197734,-0.004736030122826267,-0.12944150963165615,0.09887197254625271
training,augmented,s11,s11_p2,e6,6,3,amplitudine_mica,ex6_scrt_bno055_20260616_183236_081602_reversed.txt,template_times_scrt.txt,405,16.2,4.956696296296296,3.1631321156330547,-0.7548,7.9662,8.721,5.879986645789824,6.8952,6.5076,4.994524444444444,10.0,0.21962821782178218,0.3582842309600601,0.3582842318496297,0.20364740740740736,0.6727162546230165,-3.3864,2.3868,5.7732,0.7028651547614078,0.1836,0.8568,0.537602962962963,96.0,0.42880396039603963,0.7610920303078836,0.7610921375117327,7.907518518518518,2.1141255596471464,3.2742,14.4126,11.138399999999999,8.185253569845388,7.1502,3.2741999999999996,7.907518518518518,0.0,0.5560514851485148,0.9301148451877875,0.9301148945316932,-0.047379629629629556,17.245275790210442,-109.58625,88.3575,197.94375000000002,17.24534087542842,0.6375,6.630000000000001,9.30262037037037,236.0,14.396454207920794,25.60982205406519,25.60982731215168,0.13269444444444398,40.05065776089385,-145.79625,140.82375,286.62,40.050877579596595,0.0,5.54625,20.479175925925926,121.0,6.6525649752475235,11.29050445207206,11.290513186493666,-0.06060185185185182,3.8621942551046335,-20.655,19.89,40.545,3.862669678941122,0.1275,2.10375,2.224324074074074,138.0,2.2618626237623762,3.9105862125514,3.9105862634898547,16.2,102.06663838311111,1916.3947938541667,10.052752052870751,1.004397603847213,7.073345160530482,14.780123805976727,7.706778645446245,10.102803491264744,10.028130402024098,0.35679706323788096,24.414587795306364,36.33624494412493,0.23853065840683876,178.9452734209191,178.70674276251228,43.776646672103226,5.456121132498801,25.7519555051116,20.579671229403022,23.652509921616286,31.352258188246587,432.14322990084577,558.9248574597242,706.501781622317,0.5021547108138885,-0.8803925779751175,-0.47910937067958415,-0.26291236558151704,-0.10913635087246781,-0.1586137814292591,0.03253048813004951,-0.044878292992319616,0.11113054599335759
training,augmented,s11,s11_p2,e7,7,1,normal,ex7_long_bno055_20260616_184508_892753_reversed.txt,template_times_long.txt,1995,79.8,-5.097228872180451,4.215756992055953,-13.8006,1.2342,15.034799999999999,6.614707037462706,-2.2134,8.109,5.101452030075188,20.0,0.2948690070210632,0.5096795680559338,0.5096795763729552,-0.04042165413533836,1.606540487936959,-3.7128,3.4782,7.191000000000001,1.6070489256720715,-0.4284,2.6775,1.3864126315789473,138.0,0.4381856569709127,0.6456559659335039,0.6456562156025749,-6.660753383458647,3.538240833490816,-11.3424,-0.051,11.2914,7.54220019828681,-8.8536,6.257700000000001,6.660753383458647,0.0,0.4666525576730191,0.7386322996969372,0.7386323339892746,0.18731954887218044,18.295836275093617,-119.53125,94.28625,213.8175,18.29679517342917,-0.06375,9.11625,10.909206766917293,902.0,11.58996740220662,18.208417386584493,18.208417487628456,0.48549060150376,47.591467739442194,-173.4,190.3575,363.7575,47.59394397104021,-1.1475,5.8012500000000005,22.410058270676693,573.0,6.461289493480441,11.228557521891462,11.22855758420172,-2.2815469924812035,15.903136768871322,-94.4775,69.615,164.0925,16.065964514100205,-0.06375,3.7612499999999995,7.846171052631579,732.0,4.291775325977935,7.1473522862678776,7.147352378938031,79.8,103.22173927200001,2858.0714321052633,10.027395608378228,1.6349546125434342,2.7948186130767056,16.516067910976876,13.72124929790017,10.159810001766767,9.92412301012034,0.3493536484603492,29.32356441600814,44.70123043100139,0.3433042564548246,196.38748059480523,196.0441763383504,53.460933700275596,7.22459373857797,29.741147553209746,20.097004508274,18.973659369693628,27.63854808203116,389.54183127151066,407.67870127531165,563.8659076268815,0.5288254799140198,-0.7754619799995295,-0.6074309382550891,0.29952680756791855,0.14632997436060655,0.6961673969683347,-0.297085829731465,-0.1636039698046186,-0.038136866436971305
training,augmented,s11,s11_p2,e7,7,2,rapid,ex7_long_bno055_20260616_184508_892753_reversed.txt,template_times_long.txt,476,19.04,-8.453485714285714,5.373157857729627,-17.289,3.0702,20.3592,10.016598528727918,-10.276499999999999,9.0474,8.754428571428571,22.0,1.1308256842105264,1.4838333185944559,1.4838356693522718,1.0775785714285715,2.0609257284318243,-6.7422,6.8748,13.617,2.3256376406728294,0.8976,2.5551,1.7734071428571432,96.0,1.228573894736842,1.6623560974975455,1.6623570529633043,-5.099807142857143,2.7167483307818783,-12.1686,2.4684,14.637,5.7783003026100035,-5.1357,3.4807500000000005,5.143907142857142,16.0,1.347989052631579,1.7742570276508478,1.7742757919129768,-1.667544642857143,59.620582013323066,-167.85375,263.09625,430.95,59.64389746439533,0.06375,82.0621875,46.75566964285715,133.0,40.99970526315789,54.83022018185355,54.830221633225996,1.437723214285714,118.89650069899366,-238.935,220.4475,459.3825,118.90519301740649,-2.008125,198.19875000000002,99.18549107142857,36.0,21.99670263157895,29.54445794785858,29.544478396596777,-3.7588392857142856,45.25654255179054,-117.61875,140.56875,258.1875,45.412371844221674,-3.825,65.6784375,37.05535714285714,47.0,15.23088157894737,22.11841931054284,22.118422115622725,19.04,139.12959090857143,19758.122947767857,10.880979242956725,4.5534472241277095,1.437042087066346,19.781639751041876,18.34459766397553,11.795320720886373,11.13720801299139,8.596840674281461,124.96055509787021,64.36600513780547,2.2852396619392024,304.81841010776395,302.53317044582474,140.56359040579412,129.97734715895,105.85577045290864,61.88190406775197,35.233699859532884,71.20943516727334,1352.9037033195225,948.649209478746,1652.357029549101,-0.42572687892885147,0.41415660746913885,-0.41855683520764725,0.5459605937769343,0.5824963776502259,0.8510171655333392,-0.09004220204135253,-0.2632528534156629,0.06756795036018798
training,augmented,s11,s11_p2,e7,7,3,amplitudine_mica,ex7_long_bno055_20260616_184508_892753_reversed.txt,template_times_long.txt,1817,72.68,-7.487344523940562,2.359650582148509,-17.4216,-3.0804,14.3412,7.850368073537476,-6.5994,4.2534,7.487344523940562,0.0,0.27512477973568283,0.49354020123639036,0.49354026033169973,-0.9572787011557513,0.9651517832575482,-6.1506,2.8356,8.9862,1.3593750315537165,-0.9894,1.0404,1.203571931755641,104.0,0.39206530837004405,0.608465294326824,0.608466088250332,-5.695495872317006,3.265102114654134,-12.1788,4.896,17.0748,6.565025898707404,-7.4562,6.2934,5.7449184369840385,48.0,0.5595340308370045,0.9400841486848912,0.9400846393261174,0.15574367088607605,17.38818144119036,-133.68375,115.26,248.94375000000002,17.38887891506459,-0.06375,7.07625,9.228522977435333,889.0,10.425582323788545,18.402521344682242,18.402521457318276,0.13553453494771633,43.763624170289084,-192.33375,243.20625,435.54,43.763834042831235,-0.51,3.9525,17.57089639515685,762.0,6.809700578193833,13.330323609063015,13.33032360910924,-0.6469379471656577,10.571799825852395,-63.6225,74.52375,138.14625,10.59157591038159,-0.19125,2.74125,4.783916483214089,679.0,3.280527257709251,6.131860081481362,6.131860087912479,72.68,106.57574441712714,2329.827760316628,10.21286292158918,1.5077053299488123,4.322213141435762,18.801676904999727,14.479463763563965,10.32355289699855,10.01442628211921,0.28585403597068115,22.758197586393013,42.566327101775215,0.22985389381082932,252.5288783021904,252.29902440837958,48.26828938668355,5.140084660051817,12.715487708530024,20.765604644054886,22.467136558798902,30.59383208074647,363.7841373527588,462.47148148911793,588.4035773006741,0.34431404176025227,-0.5926856330955157,-0.4831035125164924,0.3322626548074644,0.26955772742477513,0.671344167401042,-0.1985953674716672,-0.01835826294889198,-0.05908616999178977
training,augmented,s11,s11_p2,e7,7,1,normal,ex7_scrt_bno055_20260616_184030_561451_reversed.txt,template_times_scrt.txt,531,21.24,-4.299098305084746,4.34956530574955,-12.0666,0.9996,13.066199999999998,6.11563280337879,-1.1934,9.0474,4.317615819209039,16.0,0.23796792452830187,0.3945691941164117,0.3945692171144875,-0.9692305084745761,1.2571192216231195,-4.2432,2.3154,6.5586,1.5873740945133896,-1.4382,1.9737,1.4131514124293787,55.0,0.38946679245283017,0.6093764434683893,0.6093826579199517,-7.1403073446327685,3.0079392955773328,-11.475,-0.459,11.016,7.748011859935097,-8.5374,4.1769,7.1403073446327685,0.0,0.4057867924528302,0.6321489008208202,0.6321533329041988,-0.041899717514124454,22.754837338472118,-109.5225,94.7325,204.255,22.754875914551864,-0.82875,9.466875,13.413072033898304,234.0,11.61007783018868,18.928609486364014,18.92862917934313,0.3440819209039535,44.255549908164966,-127.3725,126.6075,253.98000000000002,44.256887487060965,-0.255,6.789375000000001,24.72563559322034,123.0,5.617938679245284,9.555882643608143,9.555882946416475,-0.8573234463276838,9.07522021835034,-32.2575,51.31875,83.57625,9.115625348991585,-0.31875,4.4625,5.425233050847457,168.0,3.4214504716981136,5.71690999636851,5.716910028002741,21.24,99.95240888338984,2559.5510934322033,9.930115132505545,1.1598372034790938,5.364986687774723,14.083755037631121,8.718768349856397,9.997620160987806,9.864460025769278,0.456732351579916,31.03851628598725,39.95199119188814,0.5179074482955425,145.09855718398788,144.58064973569233,50.59200622066893,8.253840299369742,48.34655749674015,17.609643182028037,16.402947036517116,24.06566443049375,371.37960544692646,404.3625103294599,549.028096823703,-0.8178721758369853,-0.853095870499662,0.7342539288520777,0.627402330988596,-0.13263398961547018,-0.293091821952259,-0.07849858767311538,-0.1290114300993931,-0.039658969497808644
training,augmented,s11,s11_p2,e7,7,2,rapid,ex7_scrt_bno055_20260616_184030_561451_reversed.txt,template_times_scrt.txt,158,6.32,-7.080091139240506,5.103889588782113,-14.433,2.4276,16.860599999999998,8.727965368539817,-9.5268,8.896949999999999,7.520111392405063,8.0,0.9120229299363057,1.2253418293091574,1.225341939537617,1.064286075949367,1.7601813733309732,-5.9466,5.1714,11.118,2.0569256959066395,1.0506,2.1496500000000003,1.6016582278481013,18.0,1.0165566878980892,1.3651583412670127,1.3651600247767322,-6.059639240506329,2.3907217765542192,-12.0972,-0.6528,11.444400000000002,6.514198211443576,-6.3801000000000005,3.51645,6.059639240506329,0.0,1.1526649681528665,1.4989086159474228,1.498925038513535,0.17228639240506363,54.83143491438494,-123.5475,159.31125,282.85875,54.83170558510322,2.6775,73.3284375,43.64413765822784,26.0,30.93580414012739,42.3054117332176,42.30543932812447,-0.46682753164556795,109.96927680904064,-202.66125,189.8475,392.50874999999996,109.97026766289017,1.46625,198.7565625,90.70132120253164,10.0,18.307213375796177,23.79948132875663,23.799481675145223,-7.071408227848101,20.413462423018988,-109.71375,61.26375,170.97750000000002,21.603570594253306,-7.2675,18.6946875,15.964129746835447,32.0,12.772332802547771,18.126564492889884,18.126572902045464,6.32,122.8431011308861,15566.68996964003,10.433361023081538,3.740064022570874,2.9720706721072436,17.894155101596724,14.92208442948948,11.083460701914637,10.424326511345663,5.716932401378213,107.49446586608725,63.33742793802601,6.525272623615047,233.7472664612893,227.22199383767426,124.76654186776209,108.80892144302007,116.48400587895314,51.84737417901038,28.623206257201936,59.223628272005065,1085.3960014520442,707.019714176798,1295.361477041342,-0.6619388427045348,0.15018779344307687,-0.18114971689567905,0.78237531486079,0.510934700455421,0.47636235653401154,-0.1679464595886185,-0.4749418016677062,0.09757739108829494
training,augmented,s11,s11_p2,e7,7,3,amplitudine_mica,ex7_scrt_bno055_20260616_184030_561451_reversed.txt,template_times_scrt.txt,433,17.32,-8.937108083140878,0.7275004946733062,-10.4448,-7.7622,2.6826000000000008,8.966669273453322,-8.5272,1.4382000000000001,8.937108083140878,0.0,0.11219999999999998,0.16179741255141672,0.16179797073305133,0.2177334872979215,0.30532712690051966,-0.51,1.683,2.193,0.37501003441540093,0.1326,0.28559999999999997,0.2549057736720554,118.0,0.21710416666666663,0.325661028465234,0.3256646447395439,-4.113992147806004,1.5741082131276118,-6.12,-0.8772,5.2428,4.404855055373021,-4.9368,2.3970000000000002,4.113992147806004,0.0,0.28101944444444443,0.3889246962780841,0.38892492848877663,-0.6853493071593537,12.027556947399274,-47.43,36.91125,84.34125,12.047067269495773,-0.3825,6.375,7.422531755196306,198.0,6.994348958333332,10.413465471621928,10.413479784897493,0.1101270207852198,19.301912686272136,-68.34,62.53875,130.87875,19.302226848454044,-0.51,3.12375,10.299526558891454,117.0,2.990642361111111,4.603024933557713,4.60303523758373,-0.4968966512702079,3.4604433585914918,-16.51125,10.5825,27.09375,3.49593685870662,-0.1275,2.10375,2.0960941108545033,127.0,1.591684027777778,2.69199201173986,2.691999842318284,17.32,99.94453844424942,529.929365625,9.990829935161797,0.35756908552664524,8.760582802530891,11.18835856593808,2.4277757634071886,9.997226537607789,9.994136765123839,0.17300473722944254,14.110208651353293,18.18877064125761,0.28509866713122317,79.4698663114674,79.18476764433618,23.020194734732375,4.850868156835435,15.986684866675706,10.454217157301722,8.239902683414712,13.311147681705236,212.6743246674791,200.79026430506815,292.48435618416835,-0.5121573653854786,-0.8365696919447501,0.410074614044606,0.685135236048189,0.017631127965138098,0.3201510794955572,-0.07292671828227588,-0.1395676063957105,-0.10299221701584628
training,augmented,s11,s11_p2,e7,7,1,normal,ex7_scrt_v2_bno055_20260616_184325_718708_reversed.txt,template_times_scrt.txt,531,21.24,-4.313197740112995,4.249914641029875,-11.7708,1.6218,13.3926,6.055200178471058,-1.938,8.7312,4.455498305084745,2.0,0.2487645283018868,0.41861043961157696,0.4186114588845293,-1.0670237288135593,0.9161070576804103,-3.57,1.4382,5.0081999999999995,1.4063398518790011,-0.9588,1.4178,1.1901536723163841,44.0,0.3772845283018868,0.5454984146650987,0.5454984268866859,-7.205675706214689,3.0569872040981756,-10.6386,-0.9588,9.6798,7.827319665706298,-8.6904,4.003499999999999,7.205675706214689,0.0,0.43032452830188683,0.6256767410560099,0.6257543267401051,-0.8038983050847456,18.86486532563879,-125.97,65.79,191.76,18.88198602476463,0.0,9.498750000000001,11.698305084745762,229.0,10.870698113207547,16.74788593299769,16.748024305475333,-1.469131355932204,41.13133910641853,-110.0325,126.3525,236.385,41.157567999435756,-0.44625,6.151875,23.46468220338983,137.0,5.261900943396226,8.668360985607244,8.670475812415328,-0.4795056497175139,7.877839209013816,-26.9025,42.2025,69.105,7.892418911283564,-0.06375,3.63375,4.651468926553672,173.0,3.4868844339622647,5.625713587119714,5.625783395919772,21.24,99.91017412949154,2112.7650761387713,9.941899288076891,1.0338339688885054,6.299084304881147,13.563001021897772,7.263916717016626,9.99550769743546,9.914216356323882,0.42504733560877384,28.637925510339816,35.953223758141625,0.23853065840683876,149.3733240962472,149.13479343784036,45.96482433490605,7.335960443254857,44.32687239850959,17.65485353222651,15.117506397556356,23.24290973446587,346.7417130548974,349.0658989115511,492.01302559502824,-0.7540235888235498,-0.8616831258996693,0.6484605674470839,0.5306523185796547,-0.05064479358522307,-0.11944287757232666,0.027148511798316833,-0.041100907486927324,-0.06085704726368525
training,augmented,s11,s11_p2,e7,7,2,rapid,ex7_scrt_v2_bno055_20260616_184325_718708_reversed.txt,template_times_scrt.txt,158,6.32,-8.856311392405063,4.519568165856068,-16.6362,3.1722,19.8084,9.942874226553572,-9.9042,1.236749999999999,9.182453164556962,4.0,0.8407528662420382,1.314466896932426,1.3144944493320772,-0.1349240506329114,1.1435913186558875,-4.233,3.1722,7.4052,1.1515231667423387,-0.1377,0.7343999999999999,0.7655164556962026,51.0,0.8091133757961784,1.1942486716719658,1.1942512234506506,-3.7024708860759494,2.94129915806836,-11.9034,-0.51,11.3934,4.728586617531043,-3.2997,4.8679499999999996,3.7024708860759494,0.0,0.8876598726114651,1.3666807434335155,1.3670998387725657,0.8388370253164564,56.81060062607326,-193.9275,219.9375,413.865,56.81679321336463,1.051875,37.8196875,36.41698575949367,52.0,34.36449840764331,52.19323098200995,52.19331820927527,1.6086787974683565,97.9617530032432,-210.69375,226.185,436.87874999999997,97.97496057126969,-1.21125,43.891875,65.34011867088608,27.0,15.584235668789805,26.273530894931003,26.273736527010474,-3.4844620253164553,15.758954970919126,-53.10375,47.175,100.27875,16.139582937031832,-1.08375,12.3834375,10.929493670886075,51.0,10.333184713375795,16.15544555627214,16.156245743756294,6.32,122.54628488810128,13087.727027373418,10.484413419544698,3.5529368325615276,2.322040697317771,19.06208627931371,16.74004558199594,11.070062551228032,9.952448075311896,2.9984715815906586,82.28789110404975,79.47597124302081,1.0416835831959723,277.6426091246848,276.60092554148883,114.40160412937145,55.20378997700631,141.77381068718688,42.26922240368843,36.779700167264735,56.03064792599109,1068.7817940604712,1074.652483367845,1515.6425974891956,-0.47912628355228787,0.18146106675252133,-0.20769101317925803,0.6473112233758472,0.11757872836888932,-0.03215062834732124,-0.0960144576437981,-0.36427531914048483,0.013282341970673002
training,augmented,s11,s11_p2,e7,7,3,amplitudine_mica,ex7_scrt_v2_bno055_20260616_184325_718708_reversed.txt,template_times_scrt.txt,433,17.32,-7.528942725173211,1.9607490654803206,-11.1486,-5.0694,6.0792,7.7800716871196345,-6.2424,3.8964000000000008,7.528942725173211,0.0,0.1358347222222222,0.2208863940403416,0.22088718274268426,-1.232386143187067,0.6060591120432625,-2.295,0.8058,3.1008,1.3733474626656437,-1.53,0.918,1.2578272517321014,24.0,0.2530875,0.3785738369170154,0.3785777606164067,-5.539966281755197,2.8630770612297103,-8.5578,-0.2142,8.3436,6.236059385663694,-7.395,4.763399999999999,5.539966281755197,0.0,0.2908180555555556,0.4188216804298352,0.41889997314394756,-0.11321882217090085,12.367287226305633,-52.02,61.00875,113.02875,12.367805457704947,-0.31875,4.78125,6.609535219399538,208.0,6.532309027777777,10.963720382426006,10.963746446028953,-0.32979214780600347,27.758829472376632,-79.305,102.255,181.56,27.760788471101463,-0.6375,3.9525,13.761166281755195,103.0,3.3732899305555555,5.609010384982326,5.610170205356779,-0.23527136258660503,4.963375278971698,-25.1175,22.75875,47.87625,4.968948256317502,-0.06375,2.04,2.6183140877598152,159.0,2.183880208333333,3.555149359484158,3.5551502446055285,17.32,101.30403537145497,948.3144351508371,10.042239440991347,0.6763596537736072,7.498339064086126,12.363350953523886,4.86501188943776,10.064990579799614,10.01697645999031,0.26429450060022397,16.734415069850137,25.850992000710722,0.37715008617260054,109.33795934223849,108.96080925606589,30.7947144028133,3.838787650417772,14.135401639468101,11.645210076238763,9.702190071117991,15.157289002187474,213.82236912172556,238.70068897664527,320.4653248867225,-0.8142642435843301,-0.884973557182872,0.755994563060031,0.6299261931685799,-0.3065467702125914,-0.24163013522921636,-0.048909526780719643,-0.027997711883270802,-0.04389619771979971
training,augmented,s11,s11_p2,e7,7,1,normal,ex7_scrt_v2_bno055_20260616_184325_718708_reversed.txt,template_times_scrt_v2.txt,545,21.8,-4.475310825688075,4.313123196062792,-11.7708,1.6218,13.3926,6.215419430009192,-1.9686,8.7414,4.613955963302753,2.0,0.24800624999999996,0.4169438503395121,0.41694392158898297,-1.0845688073394495,0.9064986013942714,-3.57,1.4382,5.0081999999999995,1.4135166119234277,-1.0506,1.3872,1.2045357798165137,43.0,0.37970625,0.5455263773626693,0.5455347296460602,-7.108819816513762,3.1017148125861733,-10.6386,-0.0204,10.6182,7.756026944401059,-8.4252,4.1616,7.108819816513762,0.0,0.4390125,0.6354933491980856,0.6355039752039322,-0.6336399082568808,18.84355814261517,-125.97,65.79,191.76,18.85420862851194,0.0,9.434999999999999,11.726841743119266,236.0,10.845,16.64509687987369,16.645098465605045,0.4575963302752283,42.600787984430404,-110.0325,126.3525,236.385,42.6032455488531,-0.3825,6.5025,24.699908256880732,136.0,5.375742187500001,8.824324432104955,8.824362436579165,-0.16551605504587158,8.142215054763787,-26.9025,42.2025,69.105,8.143897197441776,-0.06375,3.76125,4.878337155963304,174.0,3.5762109375,5.724423708366434,5.7244284691860825,21.8,100.78542186539448,2236.8407758658254,9.983303230929709,1.0578650503268148,6.299084304881147,13.563001021897772,7.263916717016626,10.03919428367608,9.916881479578144,0.44980248101746945,29.803649887377446,36.72306127294472,0.23853065840683876,149.3733240962472,149.13479343784036,47.29525109211099,7.508710878872618,47.98878923228213,17.856850696844038,15.106461585299208,23.389576704966252,348.8095566725593,347.3369992878433,492.25105170064455,-0.7072912241893622,-0.858420624197234,0.5944940301343757,0.5299839764861466,-0.05077419609977511,-0.04866716015830025,0.013789048714714562,-0.044537431977801356,-0.017901233543581523
training,augmented,s11,s11_p2,e7,7,2,rapid,ex7_scrt_v2_bno055_20260616_184325_718708_reversed.txt,template_times_scrt_v2.txt,146,5.84,-8.318658904109588,5.393512000525999,-16.6362,3.1722,19.8084,9.914134236671385,-10.133700000000001,8.4813,8.722047945205478,6.0,1.2119710344827586,1.5645790588898874,1.5645802117170444,-0.28203698630136986,1.4149445989451561,-4.233,3.1722,7.4052,1.442779636578652,-0.4386,1.41525,1.1250041095890413,37.0,1.0599558620689655,1.3812722946024745,1.3812924208870474,-5.339839726027396,2.49536226174196,-11.9034,-0.6018,11.301599999999999,5.894125984146106,-5.3957999999999995,3.5904000000000007,5.339839726027396,0.0,1.229486896551724,1.661302301900566,1.6613184102206089,-2.041746575342465,66.55006705730149,-193.9275,219.9375,413.865,66.58137993770666,2.135625,76.755,50.13631849315069,35.0,44.53618965517241,59.97345427045991,59.97477121476105,1.660119863013699,122.51208447525815,-210.69375,226.185,436.87874999999997,122.52333182064699,0.44625000000000004,205.625625,103.10034246575343,11.0,22.570577586206895,32.03317806489279,32.03332013831928,-5.597773972602741,18.955887272731772,-53.10375,47.175,100.27875,19.76513940615808,-6.470625,23.7309375,15.651061643835618,38.0,14.48048275862069,19.66822907927638,19.668267132727028,5.84,135.11239185945206,19835.707730586473,10.762680142875405,4.39057035037676,1.836566579245087,19.06208627931371,17.225519700068624,11.623785607944258,11.09461953167041,7.72976759870195,124.50700407382637,65.83094763974356,2.0911554820242326,277.6426091246848,275.55145364266053,140.83929753654152,126.45392034239339,98.957041387022,58.04882315808679,32.829040678303706,66.688917984149,1430.4620069400137,1041.6312411528882,1769.5245677425783,-0.44173702620955846,0.4813600136648035,-0.3352549068819689,0.6482904483991967,0.15159105996838287,0.015048415128850473,-0.0930968828727936,-0.46464764596547115,-0.08843399639385427
training,augmented,s11,s11_p2,e7,7,3,amplitudine_mica,ex7_scrt_v2_bno055_20260616_184325_718708_reversed.txt,template_times_scrt_v2.txt,528,21.12,-7.620810227272727,1.9918266145413868,-11.22,-4.8144,6.405600000000001,7.876809111721573,-6.2883,3.9269999999999996,7.620810227272727,0.0,0.1528258064516129,0.24647873622069105,0.2464797210790896,-1.2090477272727274,0.6203870529350046,-2.295,0.8058,3.1008,1.3589247596069207,-1.4943,0.9307500000000001,1.235706818181818,32.0,0.26413548387096775,0.3882962947119026,0.3882964032465322,-5.511090909090909,2.799945093521574,-9.5982,-0.2142,9.384,6.18157063657773,-7.0431,4.4013,5.511090909090909,0.0,0.3238064516129033,0.4675665622733168,0.46756672251134385,-0.03827414772727264,13.531137074210681,-52.02,64.57875,116.59875,13.531191205191917,-0.35062499999999996,5.3709375,7.556186079545454,245.0,7.058467741935484,11.70347838112592,11.703540019666507,-0.15019886363636334,30.95923803208365,-85.36125,104.55,189.91125,30.959602375125108,-0.6375,4.6378125,16.483480113636364,113.0,3.8066129032258065,6.112776266076676,6.1127792584140295,-0.4678622159090909,5.174594890597407,-25.1175,22.75875,47.87625,5.195702775840066,-0.06375,2.3746875000000003,2.938899147727273,189.0,2.446451612903226,3.854827237126942,3.8548312533670632,21.12,102.10261381977273,1168.5854419921873,10.078171951097874,0.7301122816915218,7.498339064086126,12.629840835101605,5.131501771015479,10.10458380240239,10.034011197872584,0.30326667276240116,19.66932193862488,27.95895592590892,0.37715008617260054,112.06767694400111,111.6905268578285,34.1845790085557,4.530245700998936,22.984588889296244,12.75381659067536,10.304405898439805,16.396359917627663,235.1702514140786,250.8866375050072,343.8737443142902,-0.7962663225690553,-0.8661731459043361,0.7338246698494276,0.665238294567399,-0.28251657950472187,-0.18963181398413517,-0.04618535537134298,0.06397287299602959,-0.050332365937791015
training,augmented,s11,s11_p2,e8,8,1,normal,ex8_long_bno055_20260616_185759_909871_reversed.txt,template_times_long.txt,1854,74.16,-4.74017216828479,4.21889180008726,-15.9834,0.1734,16.1568,6.345729288728384,-2.193,8.3232,4.740909385113269,12.0,0.35757247706422013,0.6146682587440006,0.6146682658672239,1.0002051779935275,0.8604850846726294,-3.1416,5.4672,8.6088,1.3194108454265208,0.9078,0.8160000000000001,1.078504207119741,125.0,0.45263119266055046,0.7565863884302859,0.7565868757455806,-6.46487993527508,4.444439383274777,-13.3518,2.5908,15.9426,7.845235114967951,-9.4044,7.1094,6.897329126213592,46.0,0.5256880733944954,0.8675349192112313,0.8675349779586131,-0.6426233818770226,22.281321817706928,-108.82125,164.8575,273.67875,22.29058695402967,-1.275,6.2953125,10.438048139158576,831.0,10.39434633027523,19.864299916701487,19.86431414202721,0.1888430420711973,68.81688658100505,-325.125,306.51,631.635,68.81714568621291,-0.765,4.7015625,27.945606796116504,595.0,8.293727064220183,16.383254765328665,16.38325682868927,-0.15456108414239475,15.688682296053397,-90.27,112.64625,202.91625,15.68944362669469,-0.06375,2.99625,6.978218042071197,608.0,3.9350229357798163,7.554560895379374,7.554560915433802,74.16,103.5568391939806,5478.828448467841,10.06623173836532,1.4925876133437963,1.745750188314468,18.70744235538359,16.961692167069124,10.176288085248991,9.947081628027362,0.35923877780776436,32.808039295243226,66.35104374514101,0.32506249399154,343.4307644403199,343.10570194632834,74.01910867112518,5.019275174126248,13.778622051237067,22.305497376759206,23.806529755995406,32.62339761961814,391.939315238067,544.4533889290249,670.854618785311,-0.19657980286705273,-0.8329222886007394,-0.10258263486392669,0.661707358798652,0.5680369686665698,0.8335114760837766,-0.08150539511323865,-0.023728814405817606,-0.010728209732232069
training,augmented,s11,s11_p2,e8,8,2,rapid,ex8_long_bno055_20260616_185759_909871_reversed.txt,template_times_long.txt,342,13.68,-9.215849122807017,4.2677576938042705,-16.4832,0.5916,17.0748,10.156063744747195,-10.2867,5.9721,9.222708771929824,10.0,1.339041642228739,1.6562793239621536,1.6562793931082975,2.159954385964912,1.8446181541884124,-3.825,7.4562,11.2812,2.840425863178007,2.2032,2.3663999999999996,2.406722807017544,50.0,1.4175008797653958,1.8315868451141741,1.8315880763765982,-4.658059649122807,2.6456747729381402,-10.1082,5.1,15.2082,5.35696879764549,-5.1051,3.332849999999999,4.820484210526316,19.0,1.6996011730205278,2.268177507329026,2.268178966080518,-1.4213267543859653,70.78469996090232,-184.365,209.92875,394.29375000000005,70.79896834204364,-0.255,95.083125,55.359046052631584,84.0,48.56590909090909,65.90905111559114,65.90906048672697,2.8228947368421067,163.43289366083576,-290.0625,348.33,638.3924999999999,163.45727106815818,-1.816875,296.9634375,140.95460526315787,23.0,33.85685850439883,43.538251407933956,43.53825404135721,-5.383706140350879,49.052835427297225,-136.0425,109.58625,245.62875,49.34739056184387,0.095625,79.84687500000001,40.9122149122807,31.0,15.936939149560118,20.756855330104944,20.756859109389843,13.68,139.91076457052634,34165.9383386102,11.132923964054102,3.9960941656968236,0.38571647618425636,18.562615662669955,18.1768991864857,11.828388079976339,11.651943113436307,5.405331670490554,163.22072798748704,86.74636761181974,0.4131472195235011,376.7902264544059,376.3770792348824,184.84030496244642,175.5168624386163,142.4011226447926,73.87137430057254,39.61884199817162,83.82501167510434,1713.7675015362618,1109.9641155193117,2041.817667438111,-0.5556744958208393,0.3558478581929782,-0.2708004776819891,0.6762132587547509,0.5024534827451653,0.875630280208206,-0.01782039186360127,-0.21617287684303485,0.08542907294885053
training,augmented,s11,s11_p2,e8,8,3,amplitudine_mica,ex8_long_bno055_20260616_185759_909871_reversed.txt,template_times_long.txt,1813,72.52,-7.951257253171539,1.6145170763402692,-13.9128,-5.0694,8.8434,8.113516949874903,-7.1808,3.1314,7.951257253171539,0.0,0.2807533112582782,0.4149314561357985,0.41493145647945145,1.8649965802537232,0.8603687229215019,-1.7748,5.0592,6.834,2.053885728014014,2.0706,1.173,1.876181136238279,38.0,0.5585625827814569,0.7464765852268208,0.7464766494309755,-4.867751682294539,2.888703515749145,-9.7614,2.5194,12.2808,5.6603546216100975,-6.4668,4.8246,4.971135686707115,52.0,0.39619569536423843,0.6284983651632106,0.6284983653900885,-0.37694429123000567,17.86255923376481,-88.1025,113.28375,201.38625000000002,17.866536020685356,-0.8925,5.92875,8.558252895752897,955.0,6.750745033112583,9.943232572482005,9.94323284360994,0.13361831218974057,38.58222206586221,-174.86625,277.75875,452.625,38.58245343926248,-0.8925,4.335,15.276862934362933,564.0,6.013538907284769,11.481692618369486,11.481692619231923,-0.09050882515168228,16.107393940600673,-78.34875,82.93875,161.2875,16.10764822701097,-0.1275,3.76125,7.2921138996139,843.0,3.986204470198676,6.247343588820056,6.247344191529211,72.52,102.08721832202977,2067.275154176434,10.076925332721707,0.7367456554206995,6.6132036472499465,15.836238291968204,9.223034644718258,10.10382196606956,9.992070145870676,0.24167022991353093,20.26095545906177,40.70342538487823,0.4131472195235011,291.42396815839896,291.01082093887544,45.4672976344145,4.928992353919815,7.036521152844987,20.831783824056703,16.394826725073575,26.509499441472244,279.63029445094895,300.64253245407883,410.5837720796162,0.4222909103711134,-0.8287628692343135,-0.6786618832161907,0.8568795654545642,0.817344061370628,0.9041794255069305,-0.09828322349113337,0.05713693826998597,0.007131506263720571
training,augmented,s11,s11_p2,e8,8,1,normal,ex8_scrt_bno055_20260616_185136_335178_reversed.txt,template_times_scrt.txt,515,20.6,-5.433846990291262,4.466842690461115,-19.2882,-0.0102,19.278,7.0341578554382265,-2.5092,8.3997,5.433846990291262,0.0,0.3558490272373541,0.7095476965872197,0.7095477864971161,-0.4986314563106797,1.2324169440184214,-6.6096,2.7336,9.3432,1.3294678834504479,-0.3978,1.5096,0.9901724271844661,72.0,0.4559241245136187,0.737787968680912,0.7377884621379038,-5.410495922330097,4.865561556874082,-12.342,3.4476,15.7896,7.276479601378784,-8.772,10.179599999999999,6.274505242718447,12.0,0.49813307392996103,0.8741202778559556,0.874120796841499,-1.6726019417475726,21.8136225747087,-94.03125,106.59,200.62125,21.877653601046404,-1.21125,6.661875,10.945689320388347,234.0,10.843949416342413,19.921821668409592,19.9218221147158,0.469398058252425,77.36571136516585,-397.545,322.1925,719.7375,77.3671353326155,-1.08375,5.960625,33.00071359223301,106.0,8.72978112840467,17.505541698829067,17.505541726948632,-0.8082014563106796,10.115219330095838,-62.79375,63.17625,125.97,10.147455429314642,0.255,3.346875,4.98277427184466,165.0,3.9335238326848243,7.6129306590264765,7.61293095100446,20.6,104.19401697763107,6567.276208352549,10.063162005176789,1.710785619298135,1.4195967032928754,20.614379167949735,19.19478246465686,10.20754705978038,9.910820958931707,0.3503222926943188,37.37002098636283,71.90798105795594,0.33125471694754777,404.13941306265224,403.80815834570467,81.038732766206,6.183421383020892,17.19332463427867,21.96902256195269,25.490884644484307,33.65149554308088,403.21859825996944,559.6557672001968,689.7824408776838,-0.6824606492567242,-0.7965525635094453,0.5837035306370131,0.6613580408237975,-0.1680950766138647,-0.11362356824808538,-0.036755766813042524,-0.02438323729422088,-0.003976865556318365
training,augmented,s11,s11_p2,e8,8,2,rapid,ex8_scrt_bno055_20260616_185136_335178_reversed.txt,template_times_scrt.txt,140,5.6,-9.260652857142857,3.815316178668044,-15.759,-1.173,14.586,10.015803955934555,-9.894,4.419149999999999,9.260652857142857,0.0,0.8598820143884891,1.3190264112205,1.3190268112972017,0.3291685714285715,1.6354506198199283,-6.1812,4.6818,10.863,1.66824778683675,0.4233,1.2673500000000002,1.176205714285714,46.0,1.1738805755395683,1.6614172958111249,1.661417375217997,-3.3046542857142858,3.45328678605866,-11.3934,3.264,14.657399999999999,4.779741580342722,-4.5237,6.62745,4.113077142857143,10.0,1.3711294964028775,2.0738866053894727,2.0738868974939595,-1.4106964285714287,48.39808054581764,-134.32125,202.5975,336.91875,48.418635512920396,-0.6375,51.4303125,32.735625,49.0,31.219154676258995,47.72171844261758,47.72172310599269,0.5646428571428601,148.03788020446146,-266.3475,259.14375,525.49125,148.03895702478658,-1.115625,240.33750000000003,115.92846428571428,13.0,24.36488309352518,34.80282648611893,34.80282977701468,-2.4921696428571427,16.485078565967832,-38.05875,55.335,93.39375000000001,16.67239409487764,-0.82875,13.993125000000001,11.5801875,54.0,12.009307553956836,17.200896912357965,17.200896918472306,5.6,125.94530913685713,24537.865786774557,10.816310909935773,2.992110866338601,2.238522405516639,17.166193934591327,14.927671529074688,11.222535771244265,10.36296747843706,3.360418957326747,125.43953457275657,93.82317918800642,1.021990245794939,287.01722641028016,285.9952361644852,156.64566954363775,119.46265032874035,192.34330208878455,57.0572946631204,47.38334681322391,74.16681488035199,1175.4369054584033,991.7874021025758,1537.9512897627817,-0.38774492305493485,-0.01935918233317358,0.30870064533058755,0.606587634847883,0.06176158673681073,0.06897327381453568,-0.13738923015371524,0.03190468793587404,0.20080574127357953
training,augmented,s11,s11_p2,e8,8,3,amplitudine_mica,ex8_scrt_bno055_20260616_185136_335178_reversed.txt,template_times_scrt.txt,570,22.8,-8.69320947368421,1.2941574639874622,-13.0356,-6.3852,6.6504,8.789012145568316,-8.3844,2.3766,8.69320947368421,0.0,0.1792080843585237,0.29566644578069845,0.2956664506715702,-0.09885052631578949,0.46879634987659374,-1.53,2.4072,3.9372,0.47910483634641626,-0.2142,0.5202,0.37890315789473683,71.0,0.27188646748681894,0.3986826953844999,0.3986842949375822,-3.6890178947368426,3.2766638731451407,-7.8948,2.5908,10.4856,4.934103684081148,-5.4315,7.16805,4.283015789473684,6.0,0.31114481546572936,0.47132987915774827,0.47133091036449787,-0.21272368421052612,12.128364516212532,-60.88125,66.045,126.92625000000001,12.130229890811936,-0.51,4.2553125000000005,5.8721578947368425,333.0,5.623780755711774,9.18162664126457,9.181627139590788,0.01364473684210512,41.29419978910443,-189.0825,180.1575,369.24,41.29420204340212,0.06375,3.315,15.892315789473683,185.0,5.288673110720563,10.504988757413896,10.504989101551978,-0.09316447368421048,4.667560890377609,-24.03375,30.6,54.633750000000006,4.668490578820897,0.19125,2.4225000000000003,2.5800855263157896,201.0,2.1654833040421795,3.6047112559070977,3.604713268672135,22.8,101.82165510442105,1874.1484038898027,10.071345179214585,0.6242286324193725,7.308170096542636,13.19735741730139,5.889187320758754,10.09067168747557,9.998536641211881,0.18824125367455835,18.24620040941877,39.25843316421491,0.2921392005534348,199.68805003445374,199.3959108339003,43.29143568755606,3.394350722762315,6.52307259961992,12.865669914632232,11.282727517758914,17.112141963888305,228.72992279115505,278.32448079474216,360.25254223906677,-0.5593764822114282,-0.7827640266893382,0.510493110827894,0.8322660011603845,-0.24743576552511762,-0.2808467538524158,-0.04561059948832829,-0.0010077327197131015,-0.019473405677988543
training,augmented,s11,s11_p3,e6,6,1,normal,ex6_long_bno055_20260616_183236_081602_reversed.txt,template_times_long.txt,1541,61.64,6.51869162881246,3.5858707320841052,-0.0882,9.9078,9.996,7.439879666954771,9.0846,7.183400000000001,6.518933290071383,4.0,0.24457363636363638,0.4205154985548017,0.42051593311074437,0.12382595717066838,0.7967034202464491,-4.704,5.3018,10.0058,0.8062686943579184,0.2156,0.8722,0.5975329007138221,263.0,0.4322754545454546,0.7796570106932538,0.7796573192464401,4.782088384166126,3.8175424310613724,-2.2246,14.8568,17.0814,6.118986805585592,2.5382,7.4186,4.794960025957171,24.0,0.6324627272727273,1.0767778446027167,1.0767778650804782,-0.4422242050616483,15.62260991703735,-110.18875,101.43,211.61875,15.628867613088806,0.0,5.08375,8.026254055807918,832.0,10.306346590909092,19.74394270046093,19.743942703705763,-0.16924237508111586,49.813435291993414,-177.7475,182.8925,360.64,49.81372279373566,0.1225,5.145,25.447010058403635,548.0,7.761846590909091,13.767827904333746,13.767828300093383,-0.5331254055807918,6.232083932880333,-55.125,44.89625,100.02125000000001,6.254845549215494,0.0,2.45,3.2048337118754056,662.0,3.1901306818181823,5.9388846694987425,5.938884692005999,61.64,93.44387819319923,2764.791574283136,9.625478816781346,0.8910868312868481,6.798558853168809,14.865085024983879,8.06652617181507,9.666637377764784,9.559923859529425,0.20609321981457462,28.445387265436587,44.22274886981218,0.1369591636218621,216.27870232930937,216.1417431656875,52.581285399685086,4.551497349774028,32.23258371114832,22.354997410484614,26.745984528352334,34.858192690006696,369.5454657065682,497.58451481516954,619.8017429857165,0.39987237416510507,-0.9591234392163783,-0.42386105517832423,-0.3248924236585814,-0.41810893511558656,-0.03573480729328594,0.06075044156633892,0.05334116535218299,0.051234783651135145
training,augmented,s11,s11_p3,e6,6,2,rapid,ex6_long_bno055_20260616_183236_081602_reversed.txt,template_times_long.txt,301,12.04,2.8368558139534885,3.3543619752601015,-4.4492,9.4766,13.925799999999999,4.3931190708006715,1.5876,5.772200000000001,3.252623255813953,40.0,1.0273666666666665,1.3537368971849737,1.3537372519067354,-0.571493023255814,2.007780050655896,-9.8784,5.4292,15.307599999999999,2.087530839878027,-0.2646,1.8424,1.4104511627906977,110.0,1.964704,3.0414602212092503,3.041460695564989,7.080386046511629,7.412813452318565,-8.7808,27.6066,36.3874,10.25093507181231,7.791,12.7596,8.212758139534884,32.0,2.8430126666666666,3.987745894735855,3.9877460404427296,-0.28447674418604624,46.23657883223978,-151.22625,172.29625,323.5225,46.23745396459354,1.65375,47.6525,32.980581395348835,155.0,47.918529166666666,70.1534933103461,70.15349341759617,-0.3113372093023266,152.225970304686,-278.62625,290.01875,568.645,152.22628868254344,0.55125,277.2175,129.9517441860465,40.0,38.984604166666664,51.80348621385783,51.803486262539565,-1.207296511627907,19.964647168186126,-45.63125,72.82625,118.45750000000001,20.001117504208388,-0.98,22.72375,14.975319767441857,91.0,12.164658333333334,16.96282007588377,16.96282009554278,12.04,128.73895002418604,25710.789816606106,10.396108111109246,4.54531474887214,3.2829122376329223,27.73105984415309,24.44814760652017,11.346318787350638,9.474648920144746,6.371208252095883,139.30685702352125,79.40018515617147,0.7699005617610628,319.1321675801031,318.36226701834204,160.34584440080167,150.37349025114932,125.21027370321283,99.03589257421832,84.00979617051347,129.8682173227281,1749.5577647463965,1368.2395846818392,2221.0429832118825,0.47648161054688154,-0.925849519350977,-0.5018224038327436,-0.24433615288614324,-0.4581255993425591,0.6750125774701335,0.017895036347703716,-0.0626582220824306,0.12298465890636738
training,augmented,s11,s11_p3,e6,6,3,amplitudine_mica,ex6_long_bno055_20260616_183236_081602_reversed.txt,template_times_long.txt,1501,60.04,4.911308194536976,2.787484603764116,-0.1274,8.232,8.359399999999999,5.6472133480105065,6.7228,5.6546,4.911477948034643,2.0,0.1839068,0.30370331734539147,0.3037033545199438,-0.5201508327781479,0.5885414487666623,-4.6158,1.4014,6.0172,0.7854539615764647,-0.441,0.588,0.6015411059293805,231.0,0.39030133333333333,0.6280229458058006,0.6280232721802592,7.6558043970686205,1.8599757783718314,2.9694,14.8568,11.8874,7.878505623676683,6.9286,2.881199999999999,7.6558043970686205,0.0,0.5172701333333334,0.8433266043725857,0.8433266044738144,-0.04060209860093276,13.717164357112123,-89.73125,105.41125,195.14249999999998,13.717224447038769,0.1225,6.737500000000001,7.601814623584277,935.0,11.561345833333332,20.38992061884068,20.38992077098082,0.07459360426382376,34.00914919955679,-152.32875,118.7025,271.03125,34.009231004001116,0.245,4.34875,16.378029646902064,556.0,5.6424725,9.308714869377445,9.308714870183477,-0.0852031978680879,4.11089229993708,-29.95125,20.09,50.041250000000005,4.111775174618492,0.1225,1.8987500000000002,2.215201532311792,603.0,1.8939316666666668,2.8227748938662582,2.8227749895566716,60.04,94.57880738600932,1361.6967351005578,9.688191446701877,0.8472035635323429,6.287790279581532,14.859207786419839,8.571417506838307,9.725163617441575,9.673290046307926,0.3084094896277456,19.845834779456993,31.11012017024449,0.31231494520755804,154.45976132050544,154.14744637529787,36.90117525364955,4.895787251556179,14.433721693024921,18.75101095838132,19.926239933531456,27.36156884847797,354.75825022556353,439.4624802371863,564.7837529880998,0.5485026145408026,-0.8773614619262067,-0.5854772530060731,-0.09908486344738614,-0.31571903864608913,0.7589249226551492,0.015295575367743517,-0.049285492358135397,-0.056298272436122364
training,augmented,s11,s11_p3,e6,6,1,normal,ex6_scrt_bno055_20260616_183236_081602_reversed.txt,template_times_scrt.txt,482,19.28,6.19303070539419,3.961172321219222,-2.6558,9.7412,12.396999999999998,7.35149749890106,9.016,7.4627,6.276554356846473,9.0,0.2737480249480249,0.4378056639425641,0.437821714063628,0.9041211618257262,0.7963774835824757,-1.9992,4.1454,6.1446000000000005,1.2048452894949861,1.127,0.9457,1.043557676348548,50.0,0.5042619542619543,0.9557517373649078,0.955751745182795,4.646175933609959,4.009429253709267,-1.5582,15.1802,16.7384,6.13697594475944,2.4696,8.1291,4.669882987551867,6.0,0.5801762993762994,0.97838806169535,0.9783880922433894,-1.0249844398340247,18.137984630133616,-97.02,93.52875,190.54874999999998,18.166922676800965,0.18375,6.9059375,9.98375,260.0,13.110556133056132,24.465960972246336,24.46597880857928,-0.5326970954356841,50.568663247946176,-152.32875,177.87,330.19875,50.57146892151412,0.398125,5.6196874999999995,27.44584543568465,168.0,7.539225571725573,13.34520686353541,13.345207565838454,-0.30205653526970955,5.90202786703442,-27.685,27.8075,55.4925,5.909752202398169,0.06125,2.6796875,3.31016856846473,214.0,3.5300883575883573,6.140335276567951,6.140335324101742,19.28,93.15864139452283,2922.435719518283,9.615337227246366,0.839006198340016,7.169562388319108,15.925955848237178,8.756393459918069,9.651872429457553,9.541390920441163,0.2444025483496972,31.061062428513566,44.2452948948277,0.41087749086558634,182.02119143454146,181.6103139436759,54.0595571524433,5.172514510973753,46.9574255494489,22.866572396854814,27.67878584855497,35.90258095500614,430.1889209433155,569.1454062922843,713.4346509709096,0.5993672669591494,-0.9604806510909552,-0.5833982720695047,-0.3822917476513809,-0.2794155969306171,-0.40876030718080875,0.02011060927656942,-0.032816540450920445,0.010808915556840748
training,augmented,s11,s11_p3,e6,6,2,rapid,ex6_scrt_bno055_20260616_183236_081602_reversed.txt,template_times_scrt.txt,95,3.8,2.9078147368421057,3.2268472063045466,-2.5088,9.5648,12.073599999999999,4.343722992621834,2.4696,5.2871,3.2403957894736837,16.0,1.0422404255319149,1.3524843250719818,1.3524872543545428,0.41820210526315793,2.063252111848719,-6.8992,5.4096,12.308800000000002,2.1052083692344414,0.343,1.8914,1.497233684210526,41.0,2.0961574468085105,2.9326010727534855,2.9326174472499638,6.2272294736842095,7.97452703434173,-9.9176,23.912,33.8296,10.11787864818354,7.938,12.7988,8.389625263157894,6.0,2.6339063829787235,3.34539708751792,3.3454005249507004,-1.018039473684211,70.19219967291797,-180.38125,128.38,308.76125,70.19958190254955,4.96125,110.158125,58.23198684210528,31.0,53.307047872340426,71.46144140781092,71.46164845147078,-1.6679342105263186,165.06525330091438,-284.935,289.4675,574.4024999999999,165.07368006991803,1.77625,313.508125,144.7247236842105,10.0,42.231874999999995,57.31267413986611,57.31267684011211,1.8445921052631578,28.378456174536154,-81.2175,79.135,160.35250000000002,28.438341985510835,0.6125,30.9925,20.59096052631579,27.0,19.132805851063832,26.882649965458793,26.882689773497585,3.8,125.67130005389474,32986.04044600329,10.365046257510768,4.270493663917176,2.5276591937996704,23.91370690629121,21.38604771249154,11.210321139641573,9.865066696175957,5.781208154855338,162.89775212690526,80.31415067100332,3.4490875151987663,306.84243110522135,303.3933435900226,181.62059477383968,171.16724280473468,104.67770698936494,98.10762454405234,62.354841169130644,116.24642880925096,1959.8179878596316,1362.16066016865,2386.70656127838,0.331332907852972,-0.9308414596722716,-0.3853172095012464,-0.48731956784124786,-0.44417609091004395,0.013462537237197683,-0.004736030122826275,-0.12944150963165607,0.09887197254625263
training,augmented,s11,s11_p3,e6,6,3,amplitudine_mica,ex6_scrt_bno055_20260616_183236_081602_reversed.txt,template_times_scrt.txt,405,16.2,4.762316049382716,3.039087718941562,-0.7252,7.6538,8.379,5.6493989341902235,6.6248,6.2524,4.798660740740741,10.0,0.21101534653465348,0.3442338689616264,0.3442338698163109,0.19566123456790127,0.6463352250299571,-3.2536,2.2932,5.5468,0.6753018153589997,0.1764,0.8232,0.5165204938271606,96.0,0.4119881188118812,0.7312452840213002,0.7312453870210764,7.597419753086419,2.0312186749551016,3.1458,13.8474,10.701600000000001,7.86426323377302,6.8698,3.1457999999999995,7.597419753086419,0.0,0.5342455445544554,0.8936397532196391,0.8936398006284897,-0.04552160493827154,16.56899046510415,-105.28875,84.8925,190.18124999999998,16.569052997960636,0.6125,6.369999999999999,8.937811728395062,236.0,13.831887376237624,24.60551530684695,24.605520358733965,0.1274907407407412,38.48004373105488,-140.07875,135.30125,275.38,38.48025492941633,0.0,5.32875,19.676070987654324,121.0,6.391680074257427,10.847739571598646,10.847747963493916,-0.05822530864197532,3.7107356568652365,-19.845,19.11,38.955,3.7111924366297053,0.1225,2.02125,2.1370956790123454,138.0,2.173162128712871,3.7572298904905606,3.757229939431429,16.2,94.21837706953087,1769.0364859837962,9.658526482169938,0.9650094625198714,6.795959075803797,14.20051110770313,7.404552031899334,9.706615119058284,9.634870386258447,0.34280502154227754,23.45715297980415,34.91129416200238,0.2291765149399039,171.92781171813797,171.69863520319808,42.05991543005997,5.2421555978910055,24.742074897068004,19.772625298838197,22.72496051292545,30.12275786713888,415.1964365714008,537.0062355985584,678.795829401834,0.5021547108138888,-0.8803925779751174,-0.47910937067958415,-0.2629123655815171,-0.10913635087246776,-0.15861378142925894,0.03253048813004952,-0.04487829299231965,0.11113054599335755
training,augmented,s11,s11_p3,e7,7,1,normal,ex7_long_bno055_20260616_184508_892753_reversed.txt,template_times_long.txt,1995,79.8,-4.897337543859648,4.050433188445915,-13.2594,1.1858,14.4452,6.355306761483777,-2.1266,7.791,4.901395087719298,20.0,0.283305516549649,0.4896921340145246,0.4896921420053884,-0.038836491228070195,1.5435389001747253,-3.5672,3.3418,6.909000000000001,1.5440273991751274,-0.4116,2.5725,1.33204350877193,138.0,0.4210019057171515,0.6203361241321901,0.6203363640103171,-6.399547368421054,3.39948629100098,-10.8976,-0.049,10.848600000000001,7.246427641491249,-8.5064,6.0123,6.399547368421054,0.0,0.4483524573721163,0.7096663271598025,0.7096663601073423,0.17997368421052623,17.57835249959975,-114.84375,90.58875,205.4325,17.579273794079008,-0.06125,8.75875,10.481394736842105,902.0,11.13545887662989,17.494361802796867,17.49436189987832,0.46645175438596453,45.72513567122877,-166.6,182.8925,349.4925,45.727514795705304,-1.1025,5.5737499999999995,21.531232456140348,573.0,6.207905591775327,10.788221932797677,10.788221992664397,-2.192074561403509,15.279484346562644,-90.7725,66.885,157.6575,15.435926690017846,-0.06125,3.6137500000000005,7.538478070175438,732.0,4.123470411233701,6.867063961316196,6.8670640503522264,79.8,95.28465820533333,2638.3043092982457,9.634164408049669,1.5708387453848682,2.685217883152129,15.868378973291508,13.183161090139379,9.761386080128853,9.534941715605818,0.3356535053834744,28.173620713419584,42.94824100233467,0.32984134443698837,188.68601076755795,188.35616942312095,51.36442649634322,6.941276337065108,28.574828041319172,19.308886684420113,18.22959429637231,26.55468345136327,374.265681025569,391.69130122529947,541.753519092494,0.52882547991402,-0.7754619799995297,-0.6074309382550892,0.29952680756791855,0.14632997436060655,0.6961673969683346,-0.2970858297314651,-0.16360396980461855,-0.0381368664369713
training,augmented,s11,s11_p3,e7,7,2,rapid,ex7_long_bno055_20260616_184508_892753_reversed.txt,template_times_long.txt,476,19.04,-8.121976470588235,5.162445784877485,-16.611,2.9498,19.5608,9.623790743287607,-9.8735,8.6926,8.411117647058823,22.0,1.0864795789473685,1.425643776688791,1.4256460352600262,1.035320588235294,1.9801051116305761,-6.4778,6.6052,13.083,2.234436164568013,0.8624,2.4549,1.7038617647058825,96.0,1.1803945263157896,1.5971656623015633,1.5971665802980768,-4.899814705882353,2.6102091805551377,-11.6914,2.3716,14.062999999999999,5.551700290742945,-4.9343,3.3442499999999997,4.942185294117647,16.0,1.295126736842105,1.7046783206841478,1.7046963490928602,-1.6021507352941173,57.282519973584904,-161.27125,252.77875,414.05,57.30492109324257,0.06125,78.8440625,44.92211397058823,133.0,39.39187368421052,52.68001546883968,52.68001686329557,1.3813419117647059,114.2338928284449,-229.565,211.8025,441.3675,114.24224427162585,-1.9293749999999998,190.42624999999998,95.29586397058824,36.0,21.134086842105262,28.38585175382491,28.385871400651805,-3.6114338235294117,43.48177617721052,-113.00625,135.05625,248.0625,43.63149451699729,-3.675,63.1028125,35.60220588235295,47.0,14.633592105263157,21.251030317972532,21.251033013049284,19.04,128.43142936235293,18238.851671507357,10.454274174605478,4.374880666318781,1.3806874954166855,19.005889172569642,17.62520167715296,11.332759123988868,10.700454757579966,8.259709667446895,120.06014117246353,61.84184807357781,2.195622420294528,292.86474696628306,290.66912454598855,135.05129274282183,124.8801962899716,101.70456376848088,59.455162731761696,33.851986139551194,68.4169082979685,1299.8486561305217,911.4472796952659,1587.5587146648227,-0.42572687892885125,0.41415660746913857,-0.41855683520764725,0.5459605937769343,0.5824963776502259,0.851017165533339,-0.09004220204135246,-0.26325285341566296,0.06756795036018798
training,augmented,s11,s11_p3,e7,7,3,amplitudine_mica,ex7_long_bno055_20260616_184508_892753_reversed.txt,template_times_long.txt,1817,72.68,-7.193723170060538,2.267115265201509,-16.7384,-2.9596,13.778799999999999,7.542510502026203,-6.3406,4.086600000000001,7.193723170060538,0.0,0.2643355726872247,0.4741856835408456,0.47418574031869193,-0.9197383599339571,0.9273026937180366,-5.9094,2.7244,8.6338,1.306066206786904,-0.9506,0.9996,1.1563730324711061,104.0,0.3766901982378855,0.5846039102355759,0.5846046730248288,-5.472143093010457,3.137058894471619,-11.7012,4.704,16.4052,6.307573902679662,-7.1638,6.0466,5.519627517886627,48.0,0.5375915198237886,0.9032181036384249,0.9032185750388186,0.14963607594936698,16.706291972908385,-128.44125,110.74,239.18124999999998,16.706962094865982,-0.06125,6.79875,8.866620115575124,889.0,10.01673595814978,17.68085384096921,17.680853949188144,0.1302194551458445,42.047403614591474,-184.79125,233.66875,418.46,42.047605256837855,-0.49,3.7975,16.881841634562466,762.0,6.542653496696035,12.80756582047231,12.80756582051672,-0.6215678315905339,10.15721944052485,-61.1275,71.60125,132.72875,10.176219992327411,-0.18375,2.63375,4.596311915244909,679.0,3.151879129955947,5.8913949802467975,5.8913949864257145,72.68,98.38076214745185,2150.6791436063913,9.812358493291566,1.4485796307351335,4.152714586869654,18.064356242058558,13.911641655188905,9.918707685351547,9.621703682820419,0.2746440737757503,21.865719249671717,40.89705937229383,0.22084001562216934,242.62578503543784,242.40494501981567,46.37541529308811,4.938512712598804,12.216841131724925,19.951267207033123,21.586072380022475,29.394073959932882,349.5180927506899,444.3353449601329,565.3289272104516,0.34431404176025227,-0.5926856330955159,-0.4831035125164927,0.3322626548074643,0.2695577274247751,0.671344167401042,-0.1985953674716672,-0.018358262948891976,-0.05908616999178979
training,augmented,s11,s11_p3,e7,7,1,normal,ex7_scrt_bno055_20260616_184030_561451_reversed.txt,template_times_scrt.txt,531,21.24,-4.130506214689266,4.1789941172887834,-11.5934,0.9604,12.5538,5.875804065991386,-1.1466,8.6926,4.148297551789077,16.0,0.22863584905660375,0.3790958923863564,0.37909591448254687,-0.9312214689265538,1.2078204286182912,-4.0768,2.2246,6.301400000000001,1.5251241300226683,-1.3818,1.8962999999999999,1.3577337099811675,55.0,0.37419358490566035,0.5854793280382564,0.585485298785836,-6.860295291902072,2.8899808918292016,-11.025,-0.441,10.584,7.444168257584701,-8.2026,4.0131,6.860295291902072,0.0,0.3898735849056603,0.6073587478474547,0.607363006123642,-0.04025659133709965,21.86249077617909,-105.2275,91.0175,196.245,21.8625278394714,-0.79625,9.095625,12.887069209039549,234.0,11.154780660377359,18.186311075134054,18.18632999583948,0.3305885122410546,42.520038147060454,-122.3775,121.6425,244.01999999999998,42.521323271882096,-0.245,6.523125,23.756002824858758,123.0,5.397627358490566,9.181142147780372,9.181142438713868,-0.8237029190207156,8.719329229395425,-30.9925,49.30625,80.29875,8.758149845109562,-0.30625,4.2875,5.212478813559322,168.0,3.287275943396226,5.492717447491312,5.4927174778849865,21.24,92.26671808112992,2362.7382450329565,9.540698852799446,1.1143533915779529,5.154595052960029,13.531450918508334,8.376855865548304,9.605556625262793,9.477618456131266,0.43882127896893763,29.82131956888971,38.385246439265075,0.4975973522839526,139.4084176865766,138.91082033429265,48.608005976721124,7.930160287629753,46.45061406549543,16.91906893959556,15.759694211555656,23.12191288419988,356.81569935096854,388.5051569832066,527.4975832227734,-0.8178721758369851,-0.8530958704996621,0.7342539288520779,0.6274023309885958,-0.13263398961547015,-0.29309182195225897,-0.0784985876731153,-0.129011430099393,-0.03965896949780862
training,augmented,s11,s11_p3,e7,7,2,rapid,ex7_scrt_bno055_20260616_184030_561451_reversed.txt,template_times_scrt.txt,158,6.32,-6.802440506329115,4.903737055888697,-13.867,2.3324,16.1994,8.385692216832373,-9.1532,8.54805,7.225205063291139,8.0,0.8762573248407645,1.1772892085519355,1.1772893144577103,1.0225493670886074,1.69115465280819,-5.7134,4.9686,10.682,1.976261943125987,1.0094,2.06535,1.5388481012658226,18.0,0.976691719745223,1.3116227200408554,1.3116243375305856,-5.822006329113924,2.2969679813952304,-11.6228,-0.6272,10.9956,6.258739458053632,-6.1299,3.3785499999999997,5.822006329113924,0.0,1.1074624203821657,1.4401278859102689,1.4401436644541807,0.1655300632911389,52.68118256480122,-118.7025,153.06375,271.76625,52.68144262098152,2.5725,70.4528125,41.93260284810127,26.0,29.72263535031847,40.64637597897378,40.646402491727436,-0.44852056962025627,105.65675614986257,-194.71375,182.4025,377.11625000000004,105.65770814669838,1.40875,190.9621875,87.14440664556962,10.0,17.589283439490444,22.866168335472054,22.86616866827678,-6.794098101265822,19.61293448486138,-105.41125,58.86125,164.27249999999998,20.75637174741984,-6.9825,17.9615625,15.338085443037972,32.0,12.271457006369427,17.41571882650204,17.415726905886814,6.32,113.39726482708862,14369.71265555775,10.024209610411674,3.5933948452151525,2.855518881044214,17.192423528985085,14.336904647940871,10.648815184192493,10.015529393253676,5.492738973873186,103.27899661643676,60.853607234574014,6.269379579551712,224.58070699221918,218.31132741266745,119.87373630432043,104.5419049158428,111.91600564840593,49.81414381904919,27.500727580448917,56.90113304565192,1042.8314523754937,679.2934508757471,1244.562987745603,-0.6619388427045347,0.15018779344307676,-0.18114971689567902,0.7823753148607898,0.5109347004554209,0.4763623565340117,-0.1679464595886186,-0.474941801667706,0.09757739108829491
training,augmented,s11,s11_p3,e7,7,3,amplitudine_mica,ex7_scrt_bno055_20260616_184030_561451_reversed.txt,template_times_scrt.txt,433,17.32,-8.586633256351039,0.6989710635096472,-10.0352,-7.4578,2.5774,8.61503518429829,-8.1928,1.3818000000000001,8.586633256351039,0.0,0.10779999999999992,0.15545241598077283,0.15545295227293157,0.20919491916859123,0.29335351408089144,-0.49,1.617,2.107,0.36030375855597346,0.1274,0.27440000000000003,0.24490946882217088,118.0,0.20859027777777775,0.3128900077411072,0.31289348220073826,-3.952659122401848,1.5123784792794701,-5.88,-0.8428,5.0372,4.232115641436825,-4.7432,2.3029999999999995,3.952659122401848,0.0,0.2699990740740741,0.3736727474044338,0.3736729705088246,-0.6584728637413392,11.555888047501263,-45.57,35.46375,81.03375,11.574633258927312,-0.3675,6.125,7.1314520785219395,198.0,6.720060763888889,10.005094276656363,10.005108028627003,0.10580831408775968,18.544974933869305,-65.66,60.08625,125.74625,18.54527677596565,-0.49,3.00125,9.895623556581986,117.0,2.8733622685185187,4.422514151849568,4.422524051796132,-0.47741050808314095,3.3247396974702568,-15.86375,10.1675,26.03125,3.3588412956200857,-0.1225,2.02125,2.013894341801386,127.0,1.5292650462962962,2.586423697553983,2.5864312210509004,17.32,92.25945282762126,489.18124062500004,9.59903268280251,0.3435467684471689,8.417030535764974,10.749599406489526,2.332568870724552,9.605178438093759,9.602209833158199,0.16622023773024708,13.556867135613949,17.475485518071032,0.2739183272437242,76.35340096591965,76.07948263867593,22.117442000036984,4.660638033037966,15.359756048374699,10.04424785701538,7.916769244849428,12.789141890265814,204.33415507267603,192.9161362931047,281.014381431848,-0.5121573653854787,-0.8365696919447494,0.4100746140446058,0.6851352360481892,0.017631127965138087,0.3201510794955573,-0.07292671828227593,-0.1395676063957104,-0.10299221701584622
training,augmented,s11,s11_p3,e7,7,1,normal,ex7_scrt_v2_bno055_20260616_184325_718708_reversed.txt,template_times_scrt.txt,531,21.24,-4.144052730696798,4.083251321773801,-11.3092,1.5582,12.8674,5.817741347942781,-1.862,8.3888,4.280772881355932,2.0,0.23900905660377358,0.4021943439405348,0.40219532324199875,-1.0251796610169492,0.8801812907125511,-3.43,1.3818,4.8118,1.3511892694523737,-0.9212,1.3622,1.1434809792843692,44.0,0.36248905660377356,0.5241063199723498,0.524106331714659,-6.923100188323917,2.937105352957071,-10.2214,-0.9212,9.300199999999998,7.520365953325658,-8.3496,3.846499999999999,6.923100188323917,0.0,0.41344905660377357,0.6011403982694997,0.6012149413777481,-0.7723728813559324,18.125066685417657,-121.03,63.21,184.24,18.14151598457778,0.0,9.126249999999999,11.23954802259887,229.0,10.444396226415094,16.091106092487976,16.091239038593944,-1.4115183615819202,39.51834541597075,-105.7175,121.3975,227.115,39.543545724948075,-0.42875,5.910625,22.544498587570622,137.0,5.055551886792453,8.32842526068147,8.330457153104923,-0.4607015065913373,7.568904338072097,-25.8475,40.5475,66.395,7.582912287311659,-0.06125,3.49125,4.469058380414313,173.0,3.350143867924528,5.40509736801698,5.405164439217036,21.24,92.22773090538607,1950.3071694768128,9.552020884622895,0.9932914603046424,6.052061390964239,13.031118628882172,6.979057237917933,9.603527003418384,9.525423558036671,0.40837881264372555,27.514869607973544,34.54329341468509,0.2291765149399039,143.51554668070807,143.28637016576818,44.162282204125425,7.048275719989961,42.58856367699942,16.962506334884296,14.524663009416892,22.331423078212307,333.1439988174504,335.37704013070595,472.71839714032126,-0.7540235888235496,-0.8616831258996696,0.6484605674470841,0.5306523185796547,-0.05064479358522308,-0.11944287757232663,0.027148511798316836,-0.04110090748692732,-0.06085704726368525
training,augmented,s11,s11_p3,e7,7,2,rapid,ex7_scrt_v2_bno055_20260616_184325_718708_reversed.txt,template_times_scrt.txt,158,6.32,-8.509005063291141,4.342330198567594,-15.9838,3.0478,19.0316,9.552957590218139,-9.5158,1.18825,8.822356962025317,4.0,0.8077821656050955,1.2629191754840956,1.2629456473974858,-0.12963291139240507,1.0987446002772252,-4.067,3.0478,7.114800000000001,1.1063653954975412,-0.1323,0.7056,0.7354962025316456,51.0,0.7773834394904457,1.147415390429928,1.1474178421388603,-3.557275949367089,2.825954093046072,-11.4366,-0.49,10.9466,4.5431518482161,-3.1703,4.67705,3.557275949367089,0.0,0.8528496815286625,1.313085420161613,1.3134880803893276,0.8059414556962026,54.5827339348547,-186.3225,211.3125,397.635,54.58868367558563,1.010625,36.3365625,34.98886867088608,52.0,33.01687101910828,50.14643761016643,50.14652141675467,1.545593354430379,94.120115630567,-202.43125,217.315,419.74625000000003,94.13280525474931,-1.16375,42.170625,62.777761075949364,27.0,14.973089171974525,25.24319635003175,25.2433939181081,-3.347816455696203,15.140956736765435,-51.02125,45.325,96.34625,15.506658115971762,-1.04125,11.8978125,10.500886075949367,51.0,9.92796178343949,15.521898671712451,15.522667479295261,6.32,113.12327182481013,12081.36585648734,10.073259952111574,3.413605976382644,2.2309802778151133,18.314553484046506,16.083573206231392,10.635942451179874,9.562155993927114,2.8808844607439674,79.06091498232229,76.35926648839254,1.0008332466000516,266.75466366881477,265.7538304222147,109.91526671253335,53.03893546810411,136.21405340533641,40.6116058388379,35.33735898423474,53.83336761516791,1026.868782528688,1032.5092487259687,1456.2056328817762,-0.4791262835522881,0.18146106675252152,-0.2076910131792581,0.6473112233758473,0.11757872836888923,-0.03215062834732134,-0.0960144576437981,-0.36427531914048483,0.013282341970672993
training,augmented,s11,s11_p3,e7,7,3,amplitudine_mica,ex7_scrt_v2_bno055_20260616_184325_718708_reversed.txt,template_times_scrt.txt,433,17.32,-7.233690069284064,1.883856945265406,-10.7114,-4.8706,5.8408,7.474970836644355,-5.9976,3.7436,7.233690069284064,0.0,0.13050787037037037,0.2122241825093478,0.21222494028218683,-1.18405727482679,0.5822920880415658,-2.205,0.7742,2.9792,1.3194906994238538,-1.47,0.8819999999999999,1.2085006928406465,24.0,0.2431625,0.36372780409674027,0.3637315739255672,-5.322712702078522,2.7507995294167804,-8.2222,-0.2058,8.0164,5.9915080372062945,-7.105,4.5766,5.322712702078522,0.0,0.27941342592592594,0.40239730080513575,0.402472523216734,-0.10877886836027711,11.88229557037208,-49.98,58.61625,108.59625,11.882793478971418,-0.30625,4.59375,6.350337759815242,208.0,6.276140046296296,10.533770563507339,10.53379560500821,-0.3168591224018487,26.670247924440297,-76.195,98.245,174.44,26.672130099685724,-0.6125,3.7975,13.221512702078524,103.0,3.241004050925926,5.389049193414391,5.3901635306369045,-0.22604503464203235,4.768733111168887,-24.1325,21.86625,45.99875,4.774087540383482,-0.06125,1.96,2.515635103926097,159.0,2.0982378472222223,3.415731737543603,3.415732587954331,17.32,93.51441327445728,875.3952167616917,9.64842612957992,0.6498357457824853,7.204286551769023,11.878513661228833,4.67422710945981,9.670285066866295,9.62415385371618,0.25393001038060703,16.078163498483466,24.83722760852599,0.36235988671485153,105.05019623077818,104.68783634406333,29.58707854387945,3.6882469582445263,13.581072163410527,11.18853517128822,9.321712029113364,14.562885511905613,205.43717817577556,229.3398776442278,307.8980572441059,-0.8142642435843297,-0.8849735571828719,0.7559945630600305,0.62992619316858,-0.3065467702125916,-0.24163013522921628,-0.04890952678071971,-0.027997711883270788,-0.04389619771979971
training,augmented,s11,s11_p3,e7,7,1,normal,ex7_scrt_v2_bno055_20260616_184325_718708_reversed.txt,template_times_scrt_v2.txt,545,21.8,-4.299808440366972,4.143981109942683,-11.3092,1.5582,12.8674,5.971677491577458,-1.8914,8.398599999999998,4.433016513761468,2.0,0.23828051470588232,0.40059311111051166,0.40059317956588564,-1.0420366972477066,0.8709496366337117,-3.43,1.3818,4.8118,1.3580845879264305,-1.0094,1.3328,1.1572990825688074,43.0,0.36481580882352943,0.524133186093545,0.5241412108364107,-6.83004256880734,2.980078937582794,-10.2214,-0.0196,10.201799999999999,7.451869025012782,-8.0948,3.998400000000001,6.83004256880734,0.0,0.42179632352941177,0.610572041386396,0.6105822506861309,-0.6087912844036697,18.104595078198887,-121.03,63.21,184.24,18.11482789798206,0.0,9.065000000000001,11.266965596330275,236.0,10.419705882352941,15.992347982623741,15.992349506169555,0.4396513761467896,40.93016884778608,-105.7175,121.3975,227.115,40.932530037133375,-0.3675,6.2475,23.731284403669722,136.0,5.164928768382352,8.478272493591035,8.478309007693706,-0.15902522935779803,7.82291250359658,-25.8475,40.5475,66.395,7.824528679895039,-0.06125,3.61375,4.6870298165137605,174.0,3.4359673713235295,5.49993650411677,5.499941078237609,21.8,93.0356777773211,2064.8422540768347,9.59180114344227,1.0163801463924298,6.052061390964239,13.031118628882172,6.979057237917933,9.645500390198587,9.52798416665351,0.4321631680363893,28.63487930355872,35.28294122302532,0.2291765149399039,143.51554668070807,143.28637016576818,45.44053536300859,7.214251628720751,46.10687592905537,17.15658204206584,14.514051327052181,22.472338402810713,335.13075052853736,333.71594049224154,472.9470888888546,-0.7072912241893623,-0.8584206241972339,0.5944940301343761,0.5299839764861467,-0.050774196099775,-0.04866716015830021,0.013789048714714562,-0.04453743197780133,-0.017901233543581533
training,augmented,s11,s11_p3,e7,7,2,rapid,ex7_scrt_v2_bno055_20260616_184325_718708_reversed.txt,template_times_scrt_v2.txt,146,5.84,-7.99243698630137,5.182001725995569,-15.9838,3.0478,19.0316,9.525344658762704,-9.7363,8.1487,8.380006849315066,6.0,1.1644427586206896,1.5032230173647936,1.5032241249830427,-0.27097671232876713,1.3594565754571106,-4.067,3.0478,7.114800000000001,1.3862000429873325,-0.4214,1.35975,1.080886301369863,37.0,1.0183889655172413,1.3271047536376717,1.3271240906561828,-5.1304342465753425,2.3975049181442363,-11.4366,-0.5782,10.8584,5.662983788689395,-5.184200000000001,3.4496,5.1304342465753425,0.0,1.1812717241379311,1.5961531920221121,1.59616866864333,-1.9616780821917805,63.940260506034754,-186.3225,211.3125,397.635,63.97034543034562,2.051875,73.745,48.17018835616438,35.0,42.789672413793106,57.621554102990885,57.62281940241748,1.5950171232876709,117.70768900564019,-202.43125,217.315,419.74625000000003,117.71849527866081,0.42874999999999996,197.561875,99.05719178082192,11.0,21.685456896551724,30.77697500352444,30.777111505444015,-5.378253424657534,18.212519144389347,-51.02125,45.325,96.34625,18.990035900034233,-6.216875,22.8003125,15.037294520547944,38.0,13.912620689655173,18.896925978128287,18.896962539286754,5.84,124.72312681835616,18310.470688634417,10.340614254919508,4.21839112095022,1.764544360451162,18.314553484046506,16.550009123595345,11.167950878220951,10.659536412781373,7.426639457576382,119.62437646308807,63.24934184994968,2.0091493846899486,266.75466366881477,264.7455142841248,135.31618782922618,121.49494307406424,95.07637309733485,55.772398720514744,31.541627318370224,64.0736662984961,1374.3654576482484,1000.7829571861083,1700.1314474389478,-0.44173702620955846,0.48136001366480374,-0.3352549068819689,0.6482904483991971,0.15159105996838287,0.015048415128850431,-0.09309688287279365,-0.4646476459654711,-0.08843399639385428
training,augmented,s11,s11_p3,e7,7,3,amplitudine_mica,ex7_scrt_v2_bno055_20260616_184325_718708_reversed.txt,template_times_scrt_v2.txt,528,21.12,-7.321954924242424,1.9137157669123128,-10.78,-4.6256,6.154399999999999,7.5679146367521,-6.0417000000000005,3.7730000000000006,7.321954924242424,0.0,0.14683263757115747,0.23681290342772277,0.23681384966422328,-1.161634090909091,0.5960581488983377,-2.205,0.7742,2.9792,1.305633592563512,-1.4357000000000002,0.89425,1.1872477272727273,32.0,0.25377722960151805,0.37306898903692604,0.37306909331529564,-5.294969696969696,2.690143325148179,-9.2218,-0.2058,9.016,5.939156101809976,-6.7669,4.2287,5.294969696969696,0.0,0.3111081593927894,0.44923061865475533,0.4492307726089382,-0.03677320075757574,13.000504247771048,-49.98,62.04625,112.02625,13.000556255968704,-0.33687500000000004,5.1603125,7.259865056818183,245.0,6.781665085388994,11.24451844461118,11.244577665954095,-0.14430871212121243,29.745150266119584,-82.01375,100.45,182.46375,29.745500321198634,-0.6125,4.4559375,15.837069128787878,113.0,3.657333965844402,5.873059549759943,5.873062424750734,-0.44951467803030304,4.971669600770058,-24.1325,21.86625,45.99875,4.991949725807122,-0.06125,2.2815624999999997,2.823648200757576,189.0,2.350512333965844,3.7036575415533366,3.703661400293845,21.12,94.25158622886363,1078.7288143880207,9.682949521643055,0.7014804275075405,7.204286551769023,12.134552959215268,4.930266407446245,9.708325614072884,9.640520562661894,0.2913738620658357,18.89797598024743,26.86252628175563,0.36235988671485153,107.67286608345206,107.31050619673721,32.84400728273,4.352589006842115,22.083232462265023,12.253666920452796,9.900311549481382,15.75336541105403,225.9478886135265,241.04794583814422,330.38849943921997,-0.796266322569055,-0.8661731459043361,0.733824669849428,0.6652382945673986,-0.2825165795047219,-0.18963181398413514,-0.0461853553713429,0.06397287299602963,-0.050332365937791036
training,augmented,s11,s11_p3,e8,8,1,normal,ex8_long_bno055_20260616_185759_909871_reversed.txt,template_times_long.txt,1854,74.16,-4.554283063646171,4.053445062828936,-15.3566,0.1666,15.523200000000001,6.096877159758644,-2.107,7.9967999999999995,4.554991370010788,12.0,0.3435500269832704,0.5905636211461965,0.5905636279900778,0.9609814455231932,0.8267405715482125,-3.0184,5.2528,8.2712,1.2676692436450885,0.8722,0.7839999999999999,1.0362099244875944,125.0,0.4348809498111171,0.7269163339820393,0.7269168021869304,-6.21135523193096,4.270147642754197,-12.8282,2.4892,15.317400000000001,7.537578835949601,-9.0356,6.8306000000000004,6.626845631067961,46.0,0.5050728548300054,0.8335139419872613,0.8335139984308244,-0.6174224649406691,21.40754449152234,-104.55375,158.3925,262.94625,21.416446289165762,-1.225,6.0484375,10.028712918015103,831.0,9.986724905558553,19.085307763105348,19.085321430575164,0.18143743257820916,66.11818514645583,-312.375,294.49,606.865,66.11843409067515,-0.735,4.5171875,26.849700647249193,595.0,7.968482865623314,15.740774186296171,15.740776168740672,-0.1484998651564187,15.073439853070912,-86.73,108.22875,194.95875,15.074171327608623,-0.06125,2.87875,6.70456243257821,608.0,3.7807083108472748,7.258303605364496,7.258303624632476,74.16,95.59399112062567,5057.542139473773,9.67147755254707,1.4340547657616867,1.6772893966158613,17.973817164976396,16.296527768360534,9.777217964258835,9.556999995555703,0.3451509825996162,31.52144951895918,63.74904202964529,0.3123149452075581,329.96289132501323,329.65057637980567,71.11639852715949,4.822440853572278,13.238283931580707,21.430771989435318,22.872940353799507,31.3440486933586,376.5691460130448,523.1022756376906,644.5465945192203,-0.19657980286705268,-0.8329222886007394,-0.10258263486392666,0.6617073587986518,0.5680369686665696,0.8335114760837766,-0.0815053951132386,-0.02372881440581756,-0.010728209732232067
training,augmented,s11,s11_p3,e8,8,2,rapid,ex8_long_bno055_20260616_185759_909871_reversed.txt,template_times_long.txt,342,13.68,-8.8544432748538,4.100394646988417,-15.8368,0.5684,16.4052,9.757786735149267,-9.883299999999998,5.737900000000001,8.861033918128657,10.0,1.2865302052785923,1.5913271936106965,1.591327260045227,2.075250292397661,1.772280187357494,-3.675,7.1638,10.838799999999999,2.7290366136416147,2.1168,2.2735999999999996,2.3123415204678364,50.0,1.3619126099706744,1.7597599100116577,1.7597610929892804,-4.475390643274854,2.5419228210582134,-9.7118,4.9,14.6118,5.146891589894687,-4.9049,3.20215,4.631445614035088,19.0,1.632950146627566,2.1792293697867113,2.179230771332263,-1.365588450292397,68.00882937420026,-177.135,201.69625,378.83124999999995,68.0225382109831,-0.245,91.354375,53.18810307017544,84.0,46.66136363636364,63.32438244439149,63.324391448031804,2.712192982456138,157.0237605760971,-278.6875,334.67,613.3575000000001,157.04718200666179,-1.745625,285.3178125,135.42697368421054,23.0,32.52913856304985,41.83086899977969,41.83087152993144,-5.172580409356724,47.12919482230518,-130.7075,105.28875,235.99625,47.4121987751049,0.091875,76.71562499999999,39.307814327485374,31.0,15.311961143695013,19.942861003434164,19.94286463451181,13.68,129.15253584538013,31538.79967358827,10.696338710561786,3.839384590571458,0.37059033986330514,17.83466995040839,17.464079610545085,11.364529723898835,11.195004167811351,5.193357879490925,156.81991512523263,83.34454927410133,0.39694536777748146,362.0141391424685,361.617193774691,177.5916655521544,168.6338482253372,136.8167648940164,70.97445766133441,38.06516191981195,80.53775631529633,1646.560932848565,1066.4361109891427,1961.7463863621067,-0.5556744958208393,0.35584785819297826,-0.27080047768198895,0.6762132587547512,0.5024534827451652,0.8756302802082064,-0.017820391863601293,-0.21617287684303468,0.0854290729488505
training,augmented,s11,s11_p3,e8,8,3,amplitudine_mica,ex8_long_bno055_20260616_185759_909871_reversed.txt,template_times_long.txt,1813,72.52,-7.639443243243243,1.5512026811896704,-13.3672,-4.8706,8.4966,7.79533981458569,-6.8992,3.0086000000000004,7.639443243243243,0.0,0.26974337748344374,0.3986596343265515,0.3986596346567279,1.7918594594594595,0.8266287730030116,-1.7052,4.8608,6.566000000000001,1.9733411896605237,1.9894,1.1269999999999998,1.8026054054054053,38.0,0.5366581677704194,0.7172029936492985,0.717203055335643,-4.676859459459459,2.775421024935453,-9.3786,2.4206,11.7992,5.4383799305665645,-6.2132,4.635400000000001,4.776189189189189,52.0,0.38065860927152323,0.6038513704509278,0.6038513706689086,-0.36216216216216196,17.16206671479364,-84.6475,108.84125,193.48874999999998,17.16588754928593,-0.8575,5.69625,8.222635135135134,955.0,6.486009933774835,9.553301883365064,9.553302143860527,0.12837837837837857,37.06919374955389,-168.00875,266.86625,434.875,37.06941604948749,-0.8575,4.165,14.67777027027027,564.0,5.777713852097129,11.031430162747153,11.03143016357577,-0.0869594594594595,15.475731433126137,-75.27625,79.68625,154.9625,15.47597574752034,-0.1225,3.61375,7.006148648648648,843.0,3.8298827262693154,6.002349722591819,6.002350301665321,72.52,94.23737454486486,1908.3151269425675,9.681751790262034,0.7078536689336131,6.353862327749949,15.215209339342,8.86134701159205,9.707593653674676,9.600224257797315,0.23219296599535078,19.466408186157388,39.10721262468692,0.39694536777748146,279.9955772502264,279.5986318824489,43.684266354633536,4.735698536119038,6.760579146851066,20.014851125074088,15.75189234369814,25.46991122808118,268.66440055091175,288.8526292205855,394.48244768433716,0.4222909103711134,-0.8287628692343135,-0.6786618832161906,0.8568795654545639,0.8173440613706282,0.904179425506931,-0.09828322349113337,0.05713693826998598,0.0071315062637205585
training,augmented,s11,s11_p3,e8,8,1,normal,ex8_scrt_bno055_20260616_185136_335178_reversed.txt,template_times_scrt.txt,515,20.6,-5.2207549514563105,4.291672388874405,-18.5318,-0.0098,18.522000000000002,6.758308527773981,-2.4108,8.070300000000001,5.2207549514563105,0.0,0.34189416342412454,0.6817222967210542,0.6817223831050725,-0.47907728155339807,1.1840868677824048,-6.3504,2.6264,8.976799999999999,1.2773318880210185,-0.3822,1.4504000000000001,0.9513421359223301,72.0,0.43804474708171204,0.7088551071640135,0.7088555812697508,-5.198319611650486,4.674755221310393,-11.858,3.3124,15.1704,6.991127460148244,-8.428,9.780400000000002,6.028446213592233,12.0,0.47859844357976644,0.839841051273369,0.8398415499065383,-1.6070097087378643,20.958186395308356,-90.34375,102.41,192.75375,21.01970640100537,-1.16375,6.400625,10.516446601941748,234.0,10.418696498054473,19.140573759844507,19.14057418864851,0.45099029126213813,74.33176189986523,-381.955,309.5575,691.5125,74.33313002545411,-1.04125,5.726875,31.70656796116505,106.0,8.387436770428016,16.81904986750244,16.819049894519274,-0.7765072815533981,9.718544062248943,-60.33125,60.69875,121.03,9.749516000714067,0.245,3.215625,4.787371359223301,165.0,3.77926799610895,7.3143843586724975,7.314384639200363,20.6,96.1821740727767,6062.295338813714,9.66852820105221,1.6436959871687964,1.3639262443402136,19.80597214175563,18.442045897415415,9.807251096651736,9.522161313483403,0.3365841635690501,35.904529967289776,69.08806023215374,0.3182643358907812,388.2908086288227,387.9725442929319,77.86074324596262,5.940934269961248,16.519076609404998,21.10749226540553,24.491242109406496,32.33182905119535,387.4061042105588,537.7084822119538,662.732149078559,-0.6824606492567242,-0.7965525635094453,0.583703530637013,0.6613580408237973,-0.16809507661386483,-0.11362356824808528,-0.0367557668130424,-0.024383237294220976,-0.003976865556318357
training,augmented,s11,s11_p3,e8,8,2,rapid,ex8_scrt_bno055_20260616_185136_335178_reversed.txt,template_times_scrt.txt,140,5.6,-8.89749,3.665695936367336,-15.141,-1.127,14.014,9.623027330211631,-9.506,4.245850000000001,8.89749,0.0,0.8261611510791367,1.267299885290284,1.2673002696777034,0.31626,1.5713153013956174,-5.9388,4.4982,10.437,1.6028263050000147,0.4067,1.2176500000000001,1.1300800000000002,46.0,1.1278460431654675,1.5962636763675513,1.5962637526604286,-3.17506,3.317863774840673,-10.9466,3.136,14.0826,4.592300734054772,-4.3463,6.36755,3.95178,10.0,1.317359712230216,1.9925577189036112,1.9925579995530203,-1.3553749999999998,46.5001166028444,-129.05375,194.6525,323.70625,46.51986549280587,-0.6125,49.4134375,31.451874999999998,49.0,29.99487410071942,45.8502785036914,45.85028298418905,0.5424999999999986,142.23247313761985,-255.9025,248.98125,504.88374999999996,142.2335077296969,-1.071875,230.9125,111.38225,13.0,23.409397482014388,33.43800976117309,33.43801292301411,-2.3944375,15.838604896714193,-36.56625,53.165,89.73124999999999,16.018574718607926,-0.79625,13.444374999999999,11.1260625,54.0,11.538354316546762,16.52635193540275,16.526351941277312,5.6,116.260933194,22651.063342578123,10.392141854644173,2.8747731853057146,2.1507372131434375,16.493009858724996,14.34227264558156,10.782436329234688,9.956576596929725,3.2286378217453056,120.52033713853083,90.14383882769245,0.9819121969402356,275.7616489039946,274.7797367070544,150.50270211055388,114.777840511927,184.80042749706757,54.819753695939205,45.52517634996022,71.25831233602447,1129.341340538466,952.8937784907099,1477.6394744779666,-0.38774492305493485,-0.01935918233317357,0.3087006453305875,0.606587634847883,0.06176158673681073,0.06897327381453569,-0.13738923015371515,0.031904687935874095,0.20080574127357953
training,augmented,s11,s11_p3,e8,8,3,amplitudine_mica,ex8_scrt_bno055_20260616_185136_335178_reversed.txt,template_times_scrt.txt,570,22.8,-8.352299298245613,1.2434061908899148,-12.5244,-6.1348,6.3896,8.444345002604852,-8.0556,2.2833999999999994,8.352299298245613,0.0,0.17218031634446396,0.2840716832010632,0.2840716879001361,-0.09497403508771929,0.45041217929319793,-1.47,2.3128,3.7828,0.46031641139165486,-0.2058,0.49979999999999997,0.3640442105263158,71.0,0.2612242530755712,0.38304807987922534,0.3830496167047358,-3.5443505263157897,3.1481672506688607,-7.5852,2.4892,10.0744,4.740609421960318,-5.2185,6.88695,4.115054385964912,6.0,0.29894305799648513,0.4528463544848954,0.4528473452521647,-0.20438157894736853,11.652742378321845,-58.49375,63.455,121.94874999999999,11.654534600976174,-0.49,4.0884374999999995,5.641877192982456,333.0,5.4032403339191575,8.821562851411057,8.82156333019507,0.013109649122806762,39.67481940521798,-181.6675,173.0925,354.76,39.67482157111184,0.06125,3.185,15.269087719298247,185.0,5.0812741652021085,10.0930284139859,10.093028744628372,-0.08951096491228071,4.48451928683339,-23.09125,29.4,52.491249999999994,4.485412516906352,0.18375,2.3274999999999997,2.478905701754386,201.0,2.080562390158172,3.463350030185251,3.4633519640183263,22.8,93.99223141319298,1730.0385689117327,9.67639046630421,0.599749078206848,7.021575190795865,12.679813989171922,5.658238798376058,9.694959072280449,9.606437165085927,0.18085924372653395,17.530663138461165,37.718886765618244,0.2806827613160452,191.85714611153398,191.57646335021792,41.593732327259744,3.2612389297128126,6.267265831007373,12.361133839548616,10.840267615101702,16.441077573147588,219.7601218973843,267.4097952733797,346.1249915630249,-0.5593764822114283,-0.7827640266893384,0.5104931108278938,0.8322660011603851,-0.24743576552511765,-0.28084675385241614,-0.04561059948832837,-0.0010077327197130766,-0.019473405677988546
training,augmented,s12,s12_p1,e6,6,1,normal,ex6_long_bno055_20260617_160550_609767.txt,template_times_long.txt,1757,70.28,6.686002736849574,3.305968734186122,0.2943814459,10.5816878382,10.287306392300001,7.458690358808051,8.6108855297,6.6808949387,6.686002736849574,0.0,0.23501950407551253,0.35855386574683107,0.35859334603736864,-0.2980768923835515,0.8783279047590514,-4.7748278137,1.4902726709,6.2651004846,0.9275288362371602,-0.0393641383,1.3745310586,0.7134112860122368,191.0,0.23894713260620729,0.3652994768364022,0.3653005077806543,4.609001445081275,4.378674959853722,-2.2535139679,12.8525613224,15.1060752903,6.357333460249766,3.3923414822,8.766550617499998,4.8953313443172455,33.0,0.29913811249544414,0.4525458595244361,0.4525873072073787,-0.35445878078235626,7.399391185148758,-39.3894808933,39.2650987415,78.6545796348,7.407876277188413,-0.2499493985,6.3402405418,5.088775317427434,688.0,5.295333908117881,7.607626349073519,7.607626349810813,-1.5050498596134885,37.66177287649263,-117.7882454672,111.2910346625,229.0792801297,37.6918334826052,0.061830581,9.2950801155,22.73033979064878,431.0,4.685682742889635,7.107961493058964,7.107961553213129,-0.17606052448554355,4.816803948627105,-38.7869484605,41.9507169623,80.7376654228,4.82002049661532,-0.1890723069,3.4646278854999997,3.0388161739571435,612.0,2.623800369571014,4.366865750186543,4.366866004821197,70.28,96.9080603354389,1498.7835398063607,9.831986299401182,0.4900058610122773,8.150100127555863,13.211339109688277,5.061238982132414,9.844189165971919,9.809318474748045,0.3996505970094901,24.88491033809967,29.65678298924381,0.1230918757,119.25256558885586,119.12947371315586,38.714125843241774,7.523953055699901,39.929328960857276,13.002889802347095,11.077812574949498,17.081951722730377,214.68131675903643,183.2479645175576,282.2549986540925,0.8280431161826626,-0.9508242156534474,-0.8088614126027658,-0.5293016485119696,-0.5791718482437536,0.38976629057850876,0.010612582203878342,0.10104294403695419,0.1379803805856455
training,augmented,s12,s12_p1,e6,6,2,rapid,ex6_long_bno055_20260617_160550_609767.txt,template_times_long.txt,431,17.24,5.297229076643156,2.7506137881689985,0.2098506307,9.9272069419,9.7173563112,5.9687948617873525,5.3639713119,5.1243264988499995,5.297229076643156,0.0,0.5676763064906977,0.7384056455913038,0.7386633058046819,-0.6542393022721578,1.079457609816787,-3.6617055759,1.6717144322,5.3334200081,1.262243160420737,-0.5784426901,1.6711224518499999,1.0037815749041763,67.0,0.5247078544016279,0.7125014828381849,0.7125335458622959,5.21028848540928,6.631358294741973,-9.5350145522,35.3539323623,44.888946914499996,8.433387156678608,5.7702648186,11.572823596900001,6.960696306634339,21.0,1.224679110126744,1.9875755028995263,1.9878723716654576,-0.8050306280025522,23.546191983293664,-80.5094489506,50.4375911513,130.9470401019,23.559949728854363,0.4323811606,31.54098034125,18.924291497015545,122.0,18.471036576136978,25.402193903622255,25.402203840115103,4.9549446029570765,132.2987350153949,-276.063945014,356.6101454543,632.6740904682999,132.39149052220858,14.5850338367,212.85909653725002,111.99079264636495,25.0,25.642700523969072,32.50597821376793,32.505984314435864,1.7001618762573085,13.499892462279032,-52.9362024486,36.7311092903,89.6673117389,13.606529568504124,1.3958810438,18.3839944698,10.87754618449072,78.0,6.437188539445348,8.50433566649151,8.50435190405856,17.24,108.34178883255974,18267.715640816772,10.076136765627474,2.610221583109388,5.8465751819718035,35.74680869296952,29.90023351099772,10.408736178449319,9.58094908426595,3.091570727043864,115.70340480045355,69.86012996265575,1.3283833644080498,358.7938885843735,357.46550521996545,135.15811348497274,110.31730924315015,108.33216129846119,40.14150089319789,38.94563477639757,55.92944271218117,900.8137512848596,545.3727591559124,1053.0417185150993,0.7589948913542329,-0.8406550960495742,-0.7148089769359494,-0.6052629535494547,-0.4432782107649375,0.320948146002434,-0.08879235952886123,-0.07597426549153728,0.041139319698988534
training,augmented,s12,s12_p1,e6,6,3,amplitudine_mica,ex6_long_bno055_20260617_160550_609767.txt,template_times_long.txt,1990,79.6,5.405688747750201,2.834353058289986,0.0,9.8146184227,9.8146184227,6.1036897116900475,6.500662376199999,6.0154353503500015,5.405688747750201,0.0,0.15182744551935645,0.20798979569611062,0.2079919289131527,-0.48054386927834175,0.7780177945390077,-2.5980889826,1.1811903099,3.7792792925,0.9144583636887693,-0.14071984995,1.3908325743,0.6781321422808542,208.0,0.1625199030839115,0.22061388884349864,0.22061480194257746,7.28428395066206,2.1888500840660603,-0.6272644314,13.7398552754,14.3671197068,7.606040846878806,7.14669493705,4.3089384488250015,7.285394158913819,2.0,0.2361465398321267,0.39009191715209196,0.3900919185379537,0.01723783321291457,5.608956519900996,-26.1460227441,75.6102189927,101.7562417368,5.608983008089235,0.15550350945000002,4.438578925625,3.6204030868284924,859.0,4.028748353296983,6.061430790422571,6.061431147738296,0.046537965176833895,24.741286442548866,-120.4881658546,85.424163844,205.9123296986,24.74133021109526,-0.06145729925,4.0736832395,13.368815163780955,508.0,3.2282334806454,5.451736184701116,5.451736250786913,-0.1435514251844724,3.8317807330167697,-22.9755708154,24.170898851,47.1464696664,3.8344687503735146,-0.1259152998,2.30111278755,2.4514204608101005,642.0,1.4510451636011565,2.1343084570996673,2.134308457366389,79.6,95.94311955990014,658.2972615970798,9.785376406897496,0.43534829186986135,7.703842781783554,14.007930382885093,6.304087601101538,9.795055873240344,9.773199428453772,0.28322004207323204,15.101223957681572,20.742475661719457,0.18517956790233708,120.63467196597838,120.44949239807605,25.657304254287506,4.262011420879991,20.428646002288986,9.317880400971255,8.108121159172425,12.351701255237023,151.2218304060441,146.69010939718902,210.6799235482908,0.8906565731249179,-0.9438392954120093,-0.8527694361535015,-0.4628915469301492,-0.5524809361327182,0.7640208191627635,0.04028350347356985,0.08821572337753901,0.09094406281483482
training,augmented,s12,s12_p1,e6,6,1,normal,ex6_scrt_bno055_20260617_140923_695244.txt,template_times_scrt.txt,566,22.64,6.165604285476324,4.08382983648814,-0.6523580664,10.1517193939,10.8040774603,7.395427123464525,9.0572230636,8.75838981835,6.175909187721908,1.0,0.25659950280938054,0.37576437127081075,0.3757679771444031,-0.26798774143568904,0.3576005300272665,-1.6803842493,1.2631909828,2.9435752321,0.44687310126654933,-0.31058527715,0.45479159565000005,0.3734906575123675,80.0,0.25191565536017696,0.33869518003855625,0.3386953231632894,4.970297123037102,4.0504537529642946,-0.3039259354,12.7917425559,13.095668491300001,6.411710309751482,2.45811507285,8.323131427149999,4.972360090892579,2.0,0.3300999008269027,0.5092130897105914,0.5092130989522367,-0.7119418334750883,6.471133570718822,-36.6963236142,19.1363450688,55.832668682999994,6.510179019376963,0.0316091595,5.31040143555,4.302199624620318,300.0,5.78801947196938,8.169712023164358,8.1697125119012,-0.21344303021395825,42.69223345937071,-154.8674038929,158.9917130981,313.859116991,42.69276701827324,0.37731864275,5.442704040900001,23.047890090758127,184.0,6.000907488824071,9.761370293636682,9.761370294188506,0.36765017266484096,3.7037432429409956,-13.4431361091,25.6104720396,39.0536081487,3.7219458162487498,0.06266051980000001,2.5211577104,2.2323628633348056,222.0,2.1344701275118583,3.134056331590936,3.1340565196906294,22.64,96.0020670032838,1878.9076671999865,9.782613629294438,0.5500341655083903,7.380386610568904,12.802397981460224,5.42201137089132,9.798064451884557,9.756300923432505,0.3435799751996118,24.612293719593033,35.68112477291696,0.2718611732107894,160.66540559298554,160.39354441977474,43.34636855839237,4.97118807433475,32.90196279966253,14.057747669560612,11.15296046624962,17.94460355379198,240.7008254603375,222.41830383920683,327.7297503431716,0.2185572828257239,-0.9697406008968257,-0.24149581071738155,-0.1417397014897611,0.1705032505231319,0.44079740037188003,0.05669572980976301,0.21001289268524903,-0.2207664740288336
training,augmented,s12,s12_p1,e6,6,2,rapid,ex6_scrt_bno055_20260617_140923_695244.txt,template_times_scrt.txt,161,6.44,3.140849011019255,3.347920263095141,-3.8934695114,9.4569104279,13.350379939300002,4.590588480583254,1.1866651607,6.219432728999999,3.288191696545962,4.0,0.6579230255799999,0.9790933217948272,0.97909332422796,-0.4756247331012422,0.7284672637112485,-2.5739106535,2.5425285672,5.1164392207,0.8699904833023069,-0.5631269017,0.8184955445000001,0.720984118106211,42.0,0.6261541745500001,0.8892152718126469,0.8892174914208723,6.946784577760869,5.9216402059767015,-7.9219882296,23.1007104603,31.0226986899,9.128178279309408,9.5945707205,7.6035186332,8.051396811860249,6.0,1.304254339345,2.056164152010701,2.056164238599841,-1.4381230774540372,19.00933742839169,-57.2287513874,53.1514947261,110.3802461135,19.06365934054527,-0.1857500754,15.9179223726,13.171763927547206,53.0,15.007026636898127,21.90087858506009,21.900879962969224,0.4719081082242223,129.70743183012644,-281.8444687279,297.0269830514,578.8714517793001,129.7082902872037,0.0,141.0529127661,94.22986138406274,28.0,23.492051198258746,35.6039161229482,35.60391622414379,-2.17394037549441,19.111180862725718,-65.0762948224,49.181711591,114.25800641340001,19.234428786008138,0.0622631546,14.6216048459,12.714168630741614,42.0,6.833681086071875,9.536778295684348,9.536778326830468,6.44,105.15402473795632,17557.626927405887,9.981043535135436,2.3521893392512894,5.120236794065851,23.43687214935492,18.31663535528907,10.254463649453164,9.711184406525401,1.925529787738176,97.8472706295081,89.35064945349691,0.126815468,300.36818746367004,300.24137199567,132.50519585060007,78.57203020176017,173.38020695947728,44.92651944163325,41.44058564733317,61.12048991895768,799.8060998896893,713.5885800962843,1071.8668103195412,-0.20368603905625782,-0.9214180594920579,0.2822164288703643,-0.5311052581384601,-0.35389880704706883,0.8839159607019268,-0.2158359580084268,0.010886692802032525,-0.10186969390819514
training,augmented,s12,s12_p1,e6,6,3,amplitudine_mica,ex6_scrt_bno055_20260617_140923_695244.txt,template_times_scrt.txt,539,21.56,4.223302929100742,2.8861435774317936,0.0,7.4960787563,7.4960787563,5.115282238596586,6.3856682629,5.971777839,4.223302929100742,0.0,0.17251148585762083,0.24477677155239883,0.24477677162663455,0.1520617088541744,0.4597760253403402,-0.9778898073,1.1508769746,2.1287667819,0.484269301915177,0.2941080105,0.8007043549499999,0.4320064906278293,50.0,0.20675019450799256,0.2873093448595812,0.2873096936590596,8.141625215468276,1.6299852776293395,4.2066270034,13.2941260032,9.087498999800001,8.30318692758613,7.2437044318,2.8708042853499993,8.141625215468276,0.0,0.26658864903457247,0.43620342640381365,0.4362035546260509,-0.02454424742838587,5.121408717841025,-34.9316903492,17.6004475784,52.5321379276,5.121467531407368,0.1909213802,4.2800206986000005,3.355639647465492,284.0,4.231682946594796,5.986317340987534,5.986318006019512,0.09659076112263416,27.649534365401127,-118.3293569732,100.1919409573,218.5212979305,27.649703079755344,0.1260024375,3.19251069065,12.935600468077737,188.0,3.905297543668959,6.683418624978598,6.6834189652774425,0.13511783506419295,1.881884215204302,-6.269475344,13.1217204796,19.3911958236,1.886728657965301,0.0,1.6174302477999998,1.2355431215584416,201.0,1.2902962752226765,1.7737997667678413,1.773800854064632,21.56,95.34354229171635,794.2952551026797,9.74794837323287,0.5666081578154399,6.992868626019389,13.330801257494748,6.3379326314753595,9.764401788728092,9.730539322866749,0.24725883080004962,14.429550402719936,24.20915798366487,0.38217639770393064,119.02190636500507,118.63972996730114,28.18324422600563,3.4002040432646328,7.479326602244955,10.970652959128948,9.359744484606367,14.420819781370408,167.91802698047806,155.19366882317865,228.65156598592324,0.8624802988673189,-0.9240686040880352,-0.8132933771222861,-0.5889917067573023,0.14998950586215654,0.18840175920114605,0.06850495738310536,0.10936488849254111,-0.22616449986305867
training,augmented,s12,s12_p1,e7,7,1,normal,ex7_long_bno055_20260617_165653_093979.txt,template_times_long.txt,1843,73.72,-5.972812926094031,3.118524139185903,-11.1161376396,-1.8419538774,9.2741837622,6.737928988702769,-4.9318394007,6.318327273350001,5.972812926094031,0.0,0.21937356705168296,0.3255026304801693,0.3255026374324896,-0.8945704438336409,0.6293250594547759,-2.4985621417,1.1128732663,3.611435408,1.0937578842863143,-0.9930119291,0.993533557,0.9339671428470971,164.0,0.24146361311373507,0.33131646008468746,0.3313164682108062,-5.874569915970645,3.3272810272449114,-10.0395864839,2.2774080548,12.316994538700001,6.751397687286041,-7.4225823298,6.244656939,5.893698596332665,7.0,0.23053228736579806,0.3174525431306745,0.3174571733004484,-0.17561640930168204,9.94899837406156,-62.1291222475,58.7058990632,120.8350213107,9.950548214560621,-0.0615873802,7.9294461435,6.584937576435594,676.0,6.442401660344245,9.792994089751188,9.792994315136779,0.29658380631117726,31.059785815519867,-81.6953401774,103.2708607455,184.9662009229,31.06120179355807,-0.062095714,8.644979232099999,19.80113287895372,380.0,3.472581287285125,4.984084141801534,4.984085033373978,-0.0077711391181225775,5.935546083431099,-25.254948993,28.8929933637,54.1479423567,5.935551170627497,-0.4298772042,3.8821490377,3.847054116843896,431.0,2.0535672383053205,2.874241663500064,2.8742424455273206,73.72,92.17736409813091,1099.042434329568,9.58719170373221,0.5129515903272135,7.734560233356851,12.062603321484362,4.328043088127511,9.600904337515862,9.589197035490802,0.4341646098533971,22.652644753823783,24.205373783245488,0.26491671914384696,103.89506383508792,103.63014711594408,33.15180891489283,8.228754236046681,39.08473552981819,11.560434826314886,8.010609393389702,14.064619306150359,211.16872187991274,189.83141262585,283.95104211804124,-0.7191225736494523,-0.9356329340643553,0.7579259859061332,0.4658715666625803,-0.24538450715548682,-0.574131398365731,0.05979245966095063,-0.00025145682316545583,-0.03959641879583623
training,augmented,s12,s12_p1,e7,7,2,rapid,ex7_long_bno055_20260617_165653_093979.txt,template_times_long.txt,461,18.44,-7.0487336369603035,3.9503036064827195,-13.7809900611,0.9543041876,14.7352942487,8.080194581085657,-8.5002636945,6.9708785544000005,7.084253323392408,14.0,0.7067584064004349,0.8803941239739398,0.8803941312621515,-1.0421719086633405,0.8144008515663583,-3.4424077814,2.1902425257,5.6326503071000005,1.3226379074557784,-1.0213327289,1.0350121429,1.1240433608629068,58.0,0.6702880547639131,0.8764067028438974,0.8764067092748833,-6.139409954464859,1.6798030308810805,-11.2867814067,-0.4745789669,10.8122024398,6.365068170219347,-6.1911641831,1.7056567763999997,6.139409954464859,0.0,0.5738191878878263,0.7649176662953452,0.7649179816640534,3.1555027276431673,24.557997234389745,-83.762174387,102.3648568866,186.12703127359998,24.75989550923949,1.9939183267,29.5610121465,18.62299387548742,189.0,24.773591099261957,33.947370965647416,33.94738960810518,-0.43138826257440377,100.48680538342347,-171.7396656524,205.1783548964,376.9180205488,100.48773135064356,1.2267018851,184.15401333530002,87.09258658578005,31.0,16.287753337156303,20.62855718416452,20.62855960455499,-0.360389928088503,19.746389444161252,-55.8322035139,53.5986853505,109.4308888644,19.749677895620238,0.3093798453,28.205508055400003,16.093672590407376,56.0,5.9241329423832605,7.5024197247134214,7.502420716192462,18.44,107.55300831398446,11100.88635460832,9.938524191399626,2.962894735043564,3.4609802059428776,16.819065843045472,13.358085637102594,10.370776649508198,10.433909244390344,5.008677248181281,93.62610599083166,48.32223744407819,8.520028432345795,209.17698208735894,200.65695365501315,105.36074389737536,96.32819935775026,84.33782825407096,32.7651762891115,16.01934809623566,36.47158196027317,850.9984881841975,545.1671567848801,1010.6461575292807,0.12991559264260255,0.17215730978724425,0.08475520429833734,0.05608368354566623,0.09738686274183021,-0.6508245360633856,-0.10769454405608946,0.12008331401090029,-0.2452172467756595
training,augmented,s12,s12_p1,e7,7,3,amplitudine_mica,ex7_long_bno055_20260617_165653_093979.txt,template_times_long.txt,1771,70.84,-6.950866899054319,2.198143725317866,-10.5020006944,-3.9110309581,6.5909697363,7.29015682173733,-5.9377448408,4.593141117149999,6.950866899054319,0.0,0.19032773661824862,0.26184730352018887,0.261847312930244,-0.2690400785110672,0.47757755654538103,-1.9701381631,1.2972442882,3.2673824512999996,0.5481449501373682,-0.2121858632,0.69552510785,0.42568692489909654,278.0,0.213466989160678,0.2876315212780388,0.2876315353980067,-5.580454555934501,2.721543536983279,-8.7954582498,-0.717719691,8.0777385588,6.20872549518382,-6.4305794611,5.619515990600002,5.580454555934501,0.0,0.2083085136641243,0.2846393150055221,0.28463942740942894,0.02162944132879725,8.109656873628648,-58.9359723541,52.9232575765,111.85922993060001,8.10968571775285,-0.0624729467,6.121669829,5.172170220030999,805.0,5.806207476236667,8.615427822613666,8.615428184768101,0.07432544934042912,27.56370074084375,-77.1454694226,88.9830036258,166.1284730484,27.563800949854684,-0.0627944844,5.3016306132,15.760300585833145,418.0,3.223007682178023,4.6702872965637585,4.67028735537242,-0.0740389643859966,4.750206618144874,-34.8259999678,21.333800977,56.1598009448,4.750783586242876,-0.2516665321,3.50149746515,3.0595266305637496,427.0,1.8528132558951977,2.6419608279264635,2.6419609138045517,70.84,91.99512164643,848.1000699272493,9.578178516329878,0.5036049600100966,7.571210410763387,11.21220274455248,3.640992333789093,9.591408741495172,9.579768154785596,0.3989180271671895,18.37852134349427,22.590485235027046,0.10889157164478591,90.76314628711084,90.65425471546605,29.12215771414009,5.787833064986551,25.570930488761885,10.230636858829559,6.366417272521901,12.049780057125822,191.37381047574576,166.6186658981903,253.74340417378227,0.5145022496704694,-0.9362478094582936,-0.5151277470415765,0.11666839328131638,0.21252012816147053,0.05879642679117702,0.020737579690407737,0.0033206032442505886,-0.007955029781733344
training,augmented,s12,s12_p1,e7,7,1,normal,ex7_scrt_bno055_20260617_161240_779392.txt,template_times_scrt.txt,546,21.84,-5.1093920834467035,3.312523591534309,-10.5115014009,-1.294758907,9.2167424939,6.089228194677812,-2.89291440535,7.0524244274250005,5.1093920834467035,0.0,0.236771714666055,0.34854773834919994,0.3485521583666331,0.896358134209707,0.4568636243414261,-0.6014061204,2.5265457509,3.1279518713,1.0060726991675555,0.9042840112,0.628159647925,0.908269735987729,22.0,0.34378933578733945,0.4922789240787439,0.4922850898243302,-7.075981063757875,2.8408632368604,-9.9363323768,-1.4558461639,8.480486212899999,7.6249597995796,-8.4934775335,4.524781763949999,7.075981063757875,0.0,0.27208981648880737,0.39894281290640965,0.398943011493236,-0.26770893334047635,11.69059811986524,-67.0015451637,40.0517562919,107.0533014556,11.693662919427211,0.1889293876,9.034897030724999,7.594296646560257,268.0,9.171841280206971,13.297773880572732,13.29778075354423,0.400896320808975,32.82426589645341,-110.2506965077,98.1866358531,208.43733236079999,32.826713961362515,0.0,10.640986334699999,20.159641527525825,162.0,6.044501741202018,8.177171729375448,8.177174403743871,0.8913560887227104,8.93908506315606,-27.8921111294,31.6967509998,59.588862129199995,8.983415689104163,0.25133998479999997,11.075376734325001,6.9562559001527475,241.0,8.564349069557798,10.881705543282365,10.881745102371527,21.84,96.23089422807448,1295.036659417542,9.787918467051796,0.6538702550360638,7.7946162168350925,12.751413313978489,4.956797097143396,9.809734666548044,9.760901257001803,0.42858031756531645,25.413814991545163,25.47890631469602,0.7855179549126826,123.27779723095853,122.49227927604585,35.986617782413816,13.033355501155375,28.983787047643474,14.365163715628958,10.977706313870943,18.079490161241406,402.59372681783594,253.44969480481114,475.7293943721853,-0.39647707667234416,-0.9253107306577771,0.361881774582314,0.45122159204303247,-0.09006396554800006,0.011494081820294632,0.06229152516996065,-0.06592302748368851,-0.013344393157388697
training,augmented,s12,s12_p1,e7,7,2,rapid,ex7_scrt_bno055_20260617_161240_779392.txt,template_times_scrt.txt,150,6.0,-7.708429231354,3.881460922962021,-13.6371910316,2.9692517617,16.6064427933,8.63050520602786,-9.28623427935,5.256344279075,7.775880897123332,6.0,0.8519942409946308,1.133669997358525,1.1336715696351185,1.9447048505726665,1.2760588743781154,-1.114480175,5.8006050226,6.9150851976,2.325984352208759,1.89555650125,1.4200961959249998,1.9971145993686665,14.0,1.0900024149020135,1.4780275784283887,1.4780344321586398,-5.505105017580667,2.815280123667153,-15.113013464,0.5610436018,15.6740570658,6.183201713457776,-5.640398965799999,4.00888413235,5.512585598938,2.0,0.6896995983704699,0.9799281982793692,0.979932840883761,0.6035593896426673,29.518371240663836,-90.6225542467,80.7771457771,171.3997000238,29.52454105720317,0.9392081133999999,33.47301690465,22.633719008126665,72.0,30.74525440902953,38.7983056087405,38.79831205536442,-1.1567711335653341,97.89987097625566,-217.4580962861,186.412740001,403.8708362871,97.90670486040756,-0.3706492826,150.92101040215002,78.42785398335066,17.0,18.367776777087922,25.386971986972043,25.386989490382128,0.9214082375446663,14.282927915207138,-46.6676433678,40.6860386421,87.3536820099,14.312617614231803,0.9348038303499999,14.806306691625,10.886039996192666,54.0,10.842129446634228,14.458894497687153,14.459017094411603,6.0,118.12780674730116,10662.272404232648,10.266706150595274,3.5668685936869604,1.2415929116572595,18.910812726126796,17.669219814469535,10.86866168151816,10.0262016614509,4.468312529502489,86.63276959335839,56.187504276455684,4.239906300454817,218.23635562703447,213.99644932657966,103.25828007589826,82.82164165441999,97.63582438157088,44.69094541879625,27.776073552684956,52.619301253722384,1037.4670770987982,630.8380989626108,1214.205354611272,-0.5544207471286037,0.23846048850532278,-0.3700250661505109,0.5042897614550704,0.018747740434079792,0.11304757306955888,-0.05536109903757159,0.06758407414137362,-0.4111892032420479
training,augmented,s12,s12_p1,e7,7,3,amplitudine_mica,ex7_scrt_bno055_20260617_161240_779392.txt,template_times_scrt.txt,509,20.36,-6.6013863196392935,2.157270660196503,-10.3839398026,-3.3981609602,6.9857788424,6.944934703974218,-5.2424628943,4.4377835197,6.6013863196392935,0.0,0.21136170810059055,0.2834090168369136,0.2834106807951462,1.60959402015501,0.4725528975089568,-0.0502932782,3.4364021351,3.4866954132999997,1.6775276899839469,1.6068166549,0.592785312,1.6097916361793716,2.0,0.316368117192126,0.4690511145169119,0.46905530973580817,-6.235650875737131,2.4242319854057564,-8.9396965007,-1.2423885053,7.6973079954,6.690309601441894,-7.1827008831,4.364903921500001,6.235650875737131,0.0,0.23681470175728347,0.326317516105416,0.326325099678335,0.0932912267416503,11.029026926207889,-73.8179937305,36.9628304812,110.78082421170001,11.02942148038625,0.4392775384,9.7200782781,7.399104339089783,202.0,8.654976188909057,12.821077045709163,12.821107651346829,0.23848017739567842,27.165624875994272,-100.2446874595,91.7590918514,192.0037793109,27.16667163452766,0.1252303233,13.199228718899999,16.77065542664558,144.0,5.822655947993701,7.604347729972842,7.604348002604805,-0.6398895558166993,8.837382260890493,-29.1840007642,38.8488412158,68.03284198,8.860518261859474,-0.9864957095,10.8952118005,6.930130872574656,214.0,8.765998254766142,11.087041225034195,11.087051929052265,20.36,95.80645975627392,938.1849697590006,9.77282933359193,0.5461378697353021,7.559534078838631,11.97529742632045,4.415763347481819,9.788077429008922,9.778376154532687,0.3939932060440867,22.316310386262966,20.980163500387032,0.8550029459967011,113.0483113811513,112.19330843515459,30.629805251731533,14.119326207817435,20.710938091565247,12.849404038653546,9.442294266440651,15.945661013662118,398.2571528091082,238.95032800754012,464.44162067856104,-0.08407617536277656,-0.9293734669624296,0.059605044063192066,0.55541677427617,0.1781643436017001,0.3285059966511334,0.01705121346276851,0.05734667495631808,-0.06474584667039553
training,augmented,s12,s12_p1,e7,7,1,normal,ex7_scrt_v2_bno055_20260617_164227_962207.txt,template_times_scrt.txt,546,21.84,-5.812485067921428,3.440823826067884,-10.1503714325,-1.1026474964,9.0477239361,6.754572619111146,-6.28434688475,7.4864097333,5.812485067921428,0.0,0.2672765629816514,0.3508636618692675,0.35110470020812573,0.5540459370941391,0.6721220695360864,-0.8308920196,2.5687743285,3.3996663481000002,0.8710424655365515,0.402951524,1.0108620888000002,0.6530823940307693,113.0,0.327998263427523,0.43598364810105994,0.435991465035234,-5.435745415105495,3.853430837568318,-9.8177196948,1.3854561251,11.203175819899998,6.663051661045626,-6.7609747453499995,7.918581241775,5.607605340494506,3.0,0.24486390439963301,0.33209085282257605,0.3326257081954306,1.5467237365901094,11.461566268351486,-94.2960934565,38.5522244774,132.8483179339,11.565459594894788,0.7760751956,9.3133651204,7.69783381227216,213.0,7.733903508041837,11.545904207085139,11.545913334473141,3.6823217166336994,26.843293771866453,-82.2772434459,70.2986386234,152.5758820693,27.094684234135602,1.6478373236000001,15.92449248765,18.249039353654208,124.0,4.316075820662202,5.7937661732658325,5.7937684579743465,0.7890448339767399,4.728636350893092,-14.6617667639,14.6262973162,29.2880640801,4.794016425609421,0.37646938325,4.71798429795,3.5053872059423075,170.0,2.4693402351728437,3.2876810748354117,3.2876810768790654,21.84,90.77922368137688,890.8643628776731,9.519212210384284,0.40475001550044115,8.117979379698946,11.687587675848091,3.569608296149145,9.52781316364762,9.532062109141222,0.39968841591813664,21.57609049878159,20.62369224135339,0.7280664033936539,110.5928831152472,109.86481671185355,29.84735101944012,11.468309124189034,32.443175394021154,13.992450930820759,8.319443977891359,16.278876839410618,257.4804328419678,211.5579667323362,333.24607512228465,-0.4642765713225523,-0.9293968409343536,0.2812791244996987,0.5694787489568203,0.17230691473665297,0.1566688607326265,-0.0864991766471322,0.0515509392580825,0.08672476379383727
training,augmented,s12,s12_p1,e7,7,2,rapid,ex7_scrt_v2_bno055_20260617_164227_962207.txt,template_times_scrt.txt,150,6.0,-8.857420889435332,1.3073977418919132,-9.7665046582,-3.7188708278,6.047633830400001,8.953390065673979,-9.31611575405,0.31103728694999866,8.857420889435332,0.0,0.2358980395697986,0.33675980589664484,0.33884659751005064,1.1632898079513332,0.38088228474135444,0.3468725867,2.8898440368,2.5429714501,1.2240565722683099,1.071613906,0.3155208865500001,1.1632898079513332,0.0,0.26046278378053694,0.3740532728161681,0.3740577147958383,-2.332826300562667,2.09000226005312,-8.5681696185,-0.8171410663,7.751028552200001,3.1321219637210884,-1.3150441123499998,1.236930961775,2.332826300562667,0.0,0.17832856177315434,0.2552369239025708,0.25966678000292365,-2.9453378457360007,8.425775082321401,-57.5362624154,11.3745456222,68.9108080376,8.925732505704671,-0.82756720485,6.9956273814,5.193900597848,77.0,6.793639115897986,10.610884550943618,10.610958797539864,-9.321754097212667,16.231829979443578,-55.5361474982,4.0657350024,59.6018825006,18.71810364140728,-0.8513879662,17.0006467869,10.479770744784666,46.0,2.7514444509630875,3.7316475264565545,3.735189320714792,-1.6443438073346666,3.1680020228404593,-15.4473333696,5.3563973671,20.8037307367,3.5693281403425368,-0.86496790005,2.0664480048,2.116644275102667,46.0,1.8255840907718117,2.7639597964125966,2.76398324171094,6.0,91.47169615584677,442.77620806729846,9.560123877720855,0.2751864794612852,8.839559799997815,10.96337596662501,2.1238161666271953,9.564083654791334,9.549253910779115,0.2602712341838398,12.856750272414907,16.657736355821513,0.3703907472988833,73.79788382312925,73.42749307583037,21.042248170461693,4.080332108065553,19.09679191783509,11.301136016369659,8.581154746839502,14.189851727544358,207.03833977676956,202.48439848093182,289.5942087917261,-0.11619605609312991,-0.9188715755668854,-0.17367549830673787,0.5880758911711548,0.35350915826713525,0.620293845371556,-0.4097262030375344,-0.47291510036499174,0.3617604215855564
training,augmented,s12,s12_p1,e7,7,3,amplitudine_mica,ex7_scrt_v2_bno055_20260617_164227_962207.txt,template_times_scrt.txt,509,20.36,-6.906443730397642,2.909343198142468,-11.1851512616,0.5384551162,11.7236063778,7.494213957829516,-8.5353351141,5.2528242504,6.908794297004715,4.0,0.32726846411909444,0.4787075160987704,0.47885689926354746,1.3731509415974459,0.6700793888162981,-1.0134751141,4.0743318945,5.0878070086000005,1.5279233932780714,1.2915709951,0.3976079282,1.3966218522756384,18.0,0.4183870845507874,0.6510615100975662,0.65106593836761,-5.045623528043026,2.9985301475112744,-8.9808289512,-0.371633532,8.609195419199999,5.869369628186262,-5.9622744836,6.3653679768,5.045623528043026,0.0,0.2682656968440945,0.40880058321693175,0.4088242540613578,0.4737999852092334,18.819223568210315,-93.4481412231,65.6190450166,159.0671862397,18.825186908401918,0.189587427,7.8896417786,11.383081700961293,193.0,8.810069700615355,13.757574594567627,13.757811053829554,1.9939771143072678,51.46005242370958,-147.4754771042,133.1133070804,280.5887841846,51.4986693049764,0.3780135203,11.4992554045,31.758641262838896,108.0,5.924096406654921,9.415982003571628,9.418004088194952,0.15963618740039293,8.977271897537781,-31.7069156907,41.7135926555,73.4205083462,8.978691131487336,-0.3107925653,3.8212829539,5.248807061070334,156.0,2.9400047745555122,4.603236655393559,4.603801543984285,20.36,92.94729257372846,3087.1174967542347,9.560885588432738,1.2396609772948426,5.124601109015047,13.480682878695138,8.356081769680092,9.640917620938811,9.553020824337363,0.5449084891962954,35.558436640272525,42.693267390233316,0.365077735567766,159.01676479360233,158.65168705803458,55.5618348936951,9.835163861049407,61.563913156378035,17.07716260601465,14.868609646416111,22.642990868914893,308.9215515056867,302.57139103754764,432.41412055930505,-0.45449387856167817,-0.7384375597866805,-0.022246767397391176,0.8199188727185813,0.5544848821274011,0.6360863655142002,-0.02160675004623337,-0.05508222367047168,-0.04201243993146804
training,augmented,s12,s12_p1,e7,7,1,normal,ex7_scrt_v2_bno055_20260617_164227_962207.txt,template_times_scrt_v2.txt,619,24.76,-5.458326385655573,3.3381108607160197,-10.1503714325,-1.1026474964,9.0477239361,6.398149033179369,-4.8402752593,7.28247147575,5.458326385655573,0.0,0.26063543739077677,0.3515913805409652,0.3515925110334207,0.6677147048602584,0.6501609693613097,-0.5127966667,2.8898440368,3.4026407035,0.9319614869550459,0.5126992445,1.0014062395,0.7112380547054927,110.0,0.33443893468592234,0.4439626209843579,0.44396777496019646,-6.10973815282294,3.4445505603440916,-9.8177196948,0.7234211715,10.5411408663,7.013831253945811,-7.8356201729,6.538915690850001,6.133087639884006,3.0,0.2514853974703884,0.33811943828611096,0.33813282998718297,0.2911154281983846,11.643639125696627,-94.2960934565,38.5522244774,132.8483179339,11.64727780565006,0.061858955,9.7202935955,7.7245462066823904,256.0,8.14232333876343,12.000034512739882,12.000034689552743,0.4793528901373183,27.125032811154632,-82.2772434459,70.2986386234,152.5758820693,27.129268036559676,0.310601428,17.6857677597,18.61401394305493,129.0,4.149906982290777,5.607845987056058,5.6078550705183545,0.235410859398223,4.782657250208475,-15.4473333696,14.6262973162,30.0736306858,4.788447414945089,-0.1899335116,4.45355529075,3.445830229351373,189.0,2.439472129880097,3.2994965209221236,3.299498230178923,24.76,90.99869212276862,894.5854931271813,9.530868044302602,0.40155503341399423,8.117979379698946,11.687587675848091,3.569608296149145,9.539323462529648,9.542003066968126,0.41294122767320474,21.839920926061556,20.435345533427114,0.26889729539328805,110.5928831152472,110.32398581985392,29.909622082653957,13.450445092401068,32.22002712727287,14.121478439432158,8.514423219913342,16.48974093438544,263.7474719255085,216.55714213863746,341.2619591433404,-0.6689233625098919,-0.940730145902071,0.5665238180619003,0.5892310538521144,0.22490314651738627,0.24346298133202476,-0.03474874712832458,-0.06955561660462238,0.05722947474038653
training,augmented,s12,s12_p1,e7,7,2,rapid,ex7_scrt_v2_bno055_20260617_164227_962207.txt,template_times_scrt_v2.txt,170,6.8,-6.8092637144670585,3.5880104732269436,-11.1851512616,0.5384551162,11.7236063778,7.696745512821895,-8.64843169465,6.442544896675001,6.816301587425882,4.0,0.600118497312426,0.746123263866922,0.7461233566578871,1.5031483789717648,1.104927239052321,-1.0134751141,4.0743318945,5.0878070086000005,1.865561377388916,1.36003516265,1.65591014415,1.5734230468258823,18.0,0.8271890719065089,1.0515219151787676,1.0515276600702796,-5.678795074950588,1.8516699882557248,-8.2299864101,-0.371633532,7.858352878100001,5.973055771436427,-6.30196214515,1.7672683060750005,5.678795074950588,0.0,0.4880903177,0.6502961392550777,0.6503125606889881,0.6533087505411767,30.753308398872207,-93.4481412231,65.6190450166,159.0671862397,30.760246907326305,-0.5301605665,42.9571034115,25.01301589556471,35.0,16.848967579418936,21.80904633656225,21.809051283596048,-0.772769619611765,81.8935227084524,-147.4754771042,133.1133070804,280.5887841846,81.89716865975772,1.0958929086,153.7584660655,70.81399356728942,8.0,11.694070332350888,15.090025340588834,15.09002544874282,0.5844041720905884,14.81904815399323,-31.7069156907,41.7135926555,73.4205083462,14.830566962416745,-1.07252714945,14.418024264549999,11.051706713345883,28.0,5.308718838629585,7.346395556847095,7.346407180515081,6.8,98.39760599063918,7873.284740711208,9.701056639543896,2.070532797856747,5.124601109015047,13.480682878695138,8.356081769680092,9.91955674365741,9.909672345789176,3.301837337186754,78.13961837024176,42.041465027567526,3.6512081331012296,159.01676479360233,155.3655566605011,88.73153182894572,84.30813675236945,70.62418226837575,32.00706956990031,16.699418139363367,36.101566013758145,591.3378039907973,351.6253749645157,687.9831413251309,-0.7148177379962546,-0.4456326707008553,0.15208402158251944,0.846866312848722,0.5564998259537999,0.6194531624209043,-0.04213679314313365,-0.06625631998236373,-0.12982337497124086
training,augmented,s12,s12_p1,e7,7,3,amplitudine_mica,ex7_scrt_v2_bno055_20260617_164227_962207.txt,template_times_scrt_v2.txt,518,20.72,-6.336589972048262,2.4445216065089794,-9.8971606229,-3.5217186213,6.3754420016,6.791764009338947,-4.917560652,5.074408682174999,6.336589972048262,0.0,0.2084152979448743,0.27755231264958724,0.27755323335533383,1.3389842020745175,0.29957155637184535,0.5688662736,2.7721038347,2.2032375611000004,1.372086663003537,1.3007497534499999,0.27136893657500005,1.3389842020745175,0.0,0.24784564726034816,0.3347496517011595,0.3347497815973019,-5.9177280117480695,2.8092065279788954,-8.9808289512,-0.6490617576,8.3317671936,6.550659977274579,-7.06604009495,5.450607787200001,5.9177280117480695,0.0,0.21717418775918765,0.294378153610744,0.2943855283784051,-0.10858887379671824,9.453432515894734,-44.2508756566,47.283230887,91.5341065436,9.454056159981718,0.3467501728,6.253375267125,6.108978517063514,247.0,6.413490596226113,9.014259961359857,9.014276120765684,0.46805710009208534,28.317098181649694,-72.1546022243,109.1955745097,181.350176734,28.32096620664865,0.0,7.72554372175,16.97252091094884,114.0,3.5082416221021275,4.894425683868425,4.894435779247691,-0.05859334906486496,5.348988034036563,-21.908366727,19.1682774229,41.076644149900005,5.349308943108538,-0.40853619715,3.20790857725,3.426342436487259,157.0,1.9892495653029014,2.630051553262592,2.6300763984801256,20.72,90.92182630721103,920.071410923044,9.523266747509911,0.47876587491488637,7.73029586441625,11.400845978521582,3.6705501141053327,9.53529371897956,9.53587690836655,0.36549298789456763,19.447784572354905,23.27778095416998,0.4530527248576384,110.9126010106381,110.45954828578046,30.332678927569916,5.628088519978223,32.279621224426954,11.240443910369905,6.782326576321337,13.128119937372851,210.46812403180874,160.5752305519099,264.72860801256036,-0.10529294603120376,-0.9425492704858485,-0.021727901166665245,0.6263003906408678,0.5761261892566689,0.7086586415746942,0.013629707206914215,0.05295436850689624,-0.002127179044877805
training,augmented,s12,s12_p1,e8,8,1,normal,ex8_long_bno055_20260617_170534_544651.txt,template_times_long.txt,1641,65.64,-3.4581457241736135,4.157972665095411,-11.0952042678,2.2549287645,13.3501330323,5.408096572113046,-2.6161220639,8.8358772343,4.020758804571908,66.0,0.33968127866518294,0.4863737127621074,0.48637408166608337,3.547224905634126,2.6454878657469982,-2.4782398008,10.2194982285,12.697738029299998,4.425088765094508,2.7691233644,4.2679784807,3.5878341064666666,47.0,0.6155396494566464,0.8501711907606733,0.8501722276224225,-6.390336126933089,2.742471736801683,-10.9519728335,2.1125296198,13.0645024533,6.95395909121863,-7.0394720117,4.5033103883,6.444444350620963,1.0,0.3540514218787195,0.4954960263092056,0.4955067130862569,-0.1312251364709934,17.866408025017776,-119.4616037745,95.4604899676,214.9220937421,17.866889929499802,0.6203762392,11.187212018499999,10.933003251421997,724.0,10.979739131975794,16.457963553913718,16.457964246051628,0.44003214357148085,37.020368355392264,-115.5098405627,167.605662027,283.1155025897,37.02298342187329,-0.4330292776,9.1958646541,21.523767950909445,427.0,5.801909890611463,8.744998394350892,8.745002763184491,-0.1764709229154782,24.201934030765663,-91.9526035133,112.1857148959,204.1383184092,24.20257740027222,-0.7372869998,7.2117847222,13.562637189311701,411.0,4.581372070083293,6.691399811247176,6.6914048715230345,65.64,97.18646615460877,2275.691810025334,9.840346395242737,0.59502014776142,6.668184523766437,12.582741360156447,5.91455683639001,9.858319641531653,9.835477933927185,0.4642777097747981,30.94270647007981,36.30758496969765,0.39925584952252174,178.70166660624577,178.30241075672325,47.7042116591956,11.284154864864583,46.26533511408681,22.26299399403959,16.043963508994505,27.44175042989405,369.4965498514415,329.4600118410334,495.0470682212073,0.5504876891769167,-0.6288037659119834,0.036831500892126924,0.010889126122791595,-0.20989888239601878,0.7907662229970844,0.008120760075643161,-0.04308684744551566,0.047384569221897266
training,augmented,s12,s12_p1,e8,8,2,rapid,ex8_long_bno055_20260617_170534_544651.txt,template_times_long.txt,491,19.64,-5.801277400741345,3.7669966684975464,-11.7327254543,6.5452384261,18.2779638804,6.917014050934395,-7.3498520278,6.6876273081500015,6.0629328389405295,26.0,0.9781805705289797,1.3762753479353766,1.3762753723408951,3.2875315184843177,1.8962357002601231,-3.605882004,11.4155036998,15.0213857038,3.795203988716391,2.9009080877,2.4510583937500003,3.3296820483376783,16.0,1.421108043060204,2.154594914681361,2.154594927591545,-6.286532729956619,2.5962963050526335,-11.7634529846,-0.2614293347,11.5020236499,6.801562193235153,-6.6830663933,4.27827545065,6.286532729956619,0.0,0.8563791879681633,1.2690178307260063,1.269018388768978,0.5775944330716904,36.8988562677097,-136.6950991368,194.1946115081,330.8897106449,36.90337666385306,-1.142835769,26.637476765549998,23.07262595755153,193.0,25.478821468238774,39.213734615355776,39.21373502958889,0.06402859011832945,110.37678638972112,-251.4745198979,357.4286758607,608.9031957586001,110.3768049609268,-2.7214300858,169.25496545735,85.38355490247392,43.0,22.526391366099183,33.65647658233459,33.65647685911597,-0.16051783982077444,61.88131047475467,-136.1695237811,234.5057607935,370.6752845746,61.881518663086176,-1.2066047739,79.21364893485,46.73918049741712,50.0,13.816556851615715,21.224154788603347,21.22415478860585,19.64,108.50990496523845,17374.220634626574,10.232432698021745,1.9512114302898778,3.7638149562128236,15.120698645557425,11.356883689344603,10.416808770695487,10.031465546716865,1.9475945179639123,104.43802415278527,80.41716076615,0.2589793940730979,379.81916239201195,379.56018299793885,131.81130693012105,108.56168784179756,148.2282967250243,54.399845367829194,46.178131944941846,71.3565907675541,1044.1511500617196,927.5429900243766,1396.6343911412796,-0.019706540751145307,-0.41329840733111506,-0.20408072970022922,0.3300335294131896,0.4485867839486885,0.9340068811058296,-0.05128790823136669,-0.050812035167610195,0.06466184339766104
training,augmented,s12,s12_p1,e8,8,3,amplitudine_mica,ex8_long_bno055_20260617_170534_544651.txt,template_times_long.txt,1575,63.0,-6.445298333413396,2.23069327208049,-10.3418845614,-1.9680061436,8.3738784178,6.820400507360743,-5.7011216874,4.5118468822,6.445298333413396,0.0,0.25334985091988566,0.35187700780515374,0.3518770096484594,3.1945744921231745,1.7761739764714013,-0.8401337425,8.5341189046,9.3742526471,3.6551470805452233,3.1824621576,2.541055152,3.20904022946273,16.0,0.37029488506454894,0.51745317970168,0.5174535470740897,-5.717091515652317,2.1257353891986366,-8.9253952757,-0.8565716482,8.0688236275,6.099498860007698,-6.5019750156,3.48489477505,5.717091515652317,0.0,0.2684475796273824,0.3626862707330857,0.36268777492019333,0.155497293216381,8.571853838086518,-44.9233321896,79.6755216777,124.59885386730001,8.573264117576,0.0,6.7268821700000005,5.538668241384762,718.0,6.013019675175857,8.533301799235755,8.53330253628913,0.08738971953587325,28.64187660501025,-109.8980076994,105.6965693784,215.5945770778,28.642009922833875,-0.7598032302,8.11400960605,16.385089305002285,332.0,4.595262952159149,6.591870615179343,6.591870980669218,0.011013675399047691,14.651364288091669,-75.3244894499,53.5770365747,128.9015260246,14.651368427673017,-0.8646344238,4.5027716498,8.288845892378731,321.0,2.4943378559696954,3.5737990977268432,3.57380010213142,63.0,97.08184960446013,1108.5281868528439,9.842821967919756,0.44800146461410084,7.563042076176751,12.243170780630235,4.680128704453484,9.853012209698115,9.839427295503658,0.3952602667032856,20.463994504800937,26.26315129150196,0.3403840685344715,149.76572884709142,149.42534477855696,33.294566926945365,7.064108546061822,23.828055642434403,15.001535486638643,10.094686666888627,18.08172463731094,224.75633928117827,173.59688054566996,283.9917058335749,0.8057756594896115,-0.8646079035485237,-0.6235073084479643,-0.39310488432142604,-0.4380670363267881,0.9386583020846185,0.00786375697752586,0.019892630649271426,0.014567245728938472
training,augmented,s12,s12_p1,e8,8,1,normal,ex8_scrt_bno055_20260617_170018_516871.txt,template_times_scrt.txt,648,25.92,-4.687946265307253,4.028362035575345,-11.7695319604,2.0757217059,13.8452536663,6.180982193476451,-2.75724237675,7.89027108985,4.907154120758796,8.0,0.4413919760234931,0.6912992340330683,0.6912999535301555,1.292017718322531,1.2993824743735227,-2.6555183871,5.6230010399,8.278519426999999,1.832404049102822,1.2670428678499999,1.8242604924,1.5009365334595677,93.0,0.7273113302928903,1.0603792097648073,1.0603818960345777,-5.994029806016203,4.090652517378631,-11.0752214127,4.0628195688,15.1380409815,7.256847203389829,-8.471567939949999,6.9746201207,6.512929936569289,5.0,0.3847161739469861,0.5656167200905085,0.565680857667148,-0.2141766611768518,19.410073805921815,-146.9163974751,90.8325984032,237.7489958783,19.41125541518438,0.0628164138,10.127384490899999,10.829930823023766,333.0,12.698717164193816,20.04766707230036,20.047667728981324,1.498730983084105,40.09594052396839,-142.2348592113,245.874669559,388.1095287703,40.123940996134294,-0.31216169694999996,10.78348023575,21.873028626300155,172.0,7.811924305171097,13.114727382083284,13.114727399553532,-0.8326723397518517,15.93507030630083,-71.7900322535,87.0434235745,158.833455828,15.956810736865254,-0.9854770964999999,6.3868986011499995,8.761793930845679,162.0,4.8487938081132915,8.218843500455028,8.218843571407781,25.92,94.22407680858817,2241.3472867469295,9.684712377297037,0.65606629056652,5.943751725589797,12.355897671341722,6.412145945751925,9.706908715373197,9.68467777107698,0.439857514327306,28.52754855595011,37.782618492301964,0.5069530193531114,280.31264084273954,279.80568782338645,47.34286943930342,9.763347239487736,31.9682641299486,26.46407312884456,22.385050220649333,34.66176048543734,442.7736100759754,452.61524370869586,633.1737744230994,0.3274733370627165,-0.8574897424365513,-0.3688022788724617,0.12455380736782762,0.03726179860073749,0.7825780731174462,-0.04455819641007094,-0.16313304759551941,0.08121001099093958
training,augmented,s12,s12_p1,e8,8,2,rapid,ex8_scrt_bno055_20260617_170018_516871.txt,template_times_scrt.txt,131,5.24,-7.005051648309923,3.702423955042894,-14.6245381226,3.4943183736,18.1188564962,7.923300558376227,-8.7413321561,5.067857823250002,7.175901432464122,10.0,1.176210186936923,1.6954113376098705,1.6954123254199949,1.9119358960580153,1.878699372037821,-4.7181572392,6.851352256,11.5695094952,2.6804869335869688,2.0121659164,2.7158686957,2.209621855276336,22.0,1.5037798566884617,2.265263174612789,2.2653102407863863,-5.870421045180153,2.794616239467095,-11.4501803672,-1.0342435886,10.415936778599999,6.501670798616864,-6.4571610527,4.70713977245,5.870421045180153,0.0,1.054214823386154,1.4349410327669878,1.43494681545734,-1.269837958146565,52.56907449873318,-139.6865994357,202.1813856872,341.8679851229,52.58440911613736,-0.9941916771,40.7639107037,34.24031619092825,37.0,26.173159629283845,39.61289101853375,39.6128965143408,0.7915492327221366,133.6419288660123,-239.2687081025,293.2394525752,532.5081606777001,133.64427298323005,-1.5758167938,229.2657235277,106.15901512066871,9.0,25.402287866958464,36.61025949936178,36.61032426624877,-1.9915604658557258,44.606130655800925,-97.9539824956,97.6994191217,195.6534016173,44.65056780346183,-1.6468263621,61.81119847024999,34.02264289282214,17.0,12.765486250523844,18.456687576655288,18.45669925479994,5.24,112.23542511308277,22619.58498848097,10.307305918142353,2.4484423258288923,4.589404083209244,18.714810881532078,14.125406798322834,10.59412219643906,9.950762909071976,2.4228814754169186,121.68882605172396,88.3822075003461,0.8772065285260607,363.5080357002066,362.63082917168055,150.39808838040784,130.88875397886608,148.79281568693017,61.04373408018244,50.639571055312246,79.31395606775672,1105.6832119402422,899.3367612619816,1425.2515480867512,-0.1989131421725732,-0.19435148156454746,-0.2033267479191864,0.6883969428512582,0.5932328720703457,0.9117550721051294,-0.3217387963410522,-0.14248538802656235,0.09032073235985212
training,augmented,s12,s12_p1,e8,8,3,amplitudine_mica,ex8_scrt_bno055_20260617_170018_516871.txt,template_times_scrt.txt,520,20.8,-6.727414335786924,1.8688006235719963,-9.7764040283,-4.1669826704,5.6094213579,6.982157217938772,-6.0023175345999995,3.9221347107750013,6.727414335786924,0.0,0.18820050591791912,0.25501856600204736,0.2550186564207506,2.066738755998846,0.801405641397183,-0.2229360197,3.9313119345,4.1542479542,2.216677713969915,2.0409910579000003,0.9862235549,2.068092205480769,6.0,0.3064788152071291,0.391943927670121,0.3919517639603428,-5.8608626766786545,2.3026982679673265,-8.5534874027,-1.0070799675,7.5464074352,6.296993777048266,-6.7364625265499996,3.9966208869749997,5.8608626766786545,0.0,0.2160757470890173,0.31364200242049695,0.3136445225917995,0.4954264632161537,6.525439803937492,-28.6839271736,30.6930621321,59.3769893057,6.5442197407534115,0.063127084,4.4691510958750005,4.126124757148847,266.0,4.229076576845665,5.853981827800448,5.853981835094411,0.13740813901730767,25.324512245496162,-74.6796119229,94.2887242461,168.968336169,25.32488502380521,-0.5055558966,4.129210776125,13.11531566937077,135.0,3.5036526481071295,5.36220684097864,5.362207037680413,-0.3141813572400001,10.287596664631069,-35.0510293071,40.6213127268,75.67234203390001,10.292393067667279,-0.6261200442,2.8700512385,5.648758634981923,116.0,1.9382471667884391,2.824325490007944,2.8243258019325763,20.8,93.31631013180998,790.1099685435855,9.655738955719261,0.28812384631521953,8.489025924837177,10.865562498817363,2.376536573980186,9.660036756234936,9.642606003139635,0.2868942856473353,15.676779964212143,23.33127811538112,0.33950285713940836,104.9242402033207,104.58473734618129,28.108894829636856,4.280698163783427,11.193287781676712,11.957187644637319,7.427762480871979,14.076433917768975,165.9884733104531,129.70087374640826,210.652533624727,0.5448197550551094,-0.9609413526503156,-0.5760806087583494,0.6665409977176503,0.6423717206414339,0.9711789592366915,-0.040489975944245596,0.12288795251897539,0.02240670467038217
training,augmented,s12,s12_p2,e6,6,1,normal,ex6_long_bno055_20260617_160550_609767.txt,template_times_long.txt,1757,70.28,6.817408309618667,3.367554446395156,0.2958,10.5876,10.2918,7.6037805734709005,8.772,6.8544,6.817408309618667,0.0,0.20652095671981777,0.3431422345994033,0.34318457123195806,-0.3042119521912351,0.8955670790597541,-4.8042,1.4994,6.303599999999999,0.9458251978836375,-0.0408,1.3974,0.7276425725668753,191.0,0.2426101366742597,0.37072120720556184,0.37072227246681755,4.699970745589073,4.463930479834671,-2.2644,12.8622,15.1266,6.482005888472341,3.468,8.9658,4.992061126920888,33.0,0.2880570615034168,0.4469347284617387,0.44697786166150305,-0.36283437677859987,7.551377355585574,-40.48125,40.35375,80.83500000000001,7.560089202610171,-0.255,6.43875,5.1903457598178715,688.0,5.404409880410023,7.771626783730287,7.771626784493441,-1.5635258964143426,38.4302840705848,-120.67875,114.30375,234.9825,38.46207673767241,0.06375,9.498750000000001,23.189325554923165,431.0,4.78306520501139,7.248789751309138,7.248789812764892,-0.17909504837791687,4.924318737128045,-39.58875,43.4775,83.06625,4.927574460237394,-0.19125,3.50625,3.101798520204895,612.0,2.6770280466970386,4.465353095112437,4.465353367986621,70.28,100.72846465263517,1560.7672857872083,10.024521668698993,0.4872678590051992,8.296613788769488,13.23286770280728,4.936253914037792,10.036357140548317,10.002955437269527,0.3296142806337574,25.38792389092805,30.269136200024818,0.1275,122.20816803460805,122.08066803460805,39.506547378722026,7.635642777461502,40.854214401965265,12.445610900345565,11.37900184983379,16.863419397658387,219.00648401868798,187.31719965830166,288.1866987389527,0.8282472070553966,-0.9509359877871564,-0.8089113761170817,-0.5286332841524254,-0.5787555927193954,0.3886007702055757,0.010606710486133616,0.10094266308039425,0.13855933530546405
training,augmented,s12,s12_p2,e6,6,2,rapid,ex6_long_bno055_20260617_160550_609767.txt,template_times_long.txt,431,17.24,5.403941067285383,2.8068296992698487,0.2142,10.0674,9.8532,6.089406540821261,5.4978,5.1918,5.403941067285383,0.0,0.5715320930232558,0.7421799844503804,0.7424486857532608,-0.6694134570765661,1.1035822733136118,-3.7842,1.6932,5.477399999999999,1.290739404561292,-0.5916,1.7136,1.0256324825986078,67.0,0.5362116279069767,0.7287625585861085,0.7287948014390958,5.320944779582366,6.768127698782013,-9.5778,35.3736,44.95140000000001,8.609297642339074,5.8956,11.8932,7.109281670533641,21.0,1.2419567441860466,1.989057450640942,1.9893693431675488,-0.8290458236658933,24.037972176652186,-82.93875,51.44625,134.385,24.052264411968416,0.44625,32.225625,19.309446055684454,122.0,18.847168604651163,25.951926237472918,25.95193628051381,5.060951276102087,134.9439024995883,-286.17375,360.50625,646.6800000000001,135.03877239384795,14.9175,216.144375,114.25982018561484,25.0,26.080125000000002,33.00327543493978,33.003281684903854,1.7373723897911832,13.76882673317286,-54.37875,37.67625,92.055,13.878006068198138,1.4025,18.7425,11.094866589327149,78.0,6.561061046511628,8.674716873254907,8.674733627830202,17.24,112.86688612426914,19006.580525409656,10.287041240990407,2.653991075801072,5.904566710606292,35.77286002153029,29.868293310924,10.623882817702253,9.774947965078894,3.214311545608913,118.04608899903086,71.21587882939129,1.344807723245223,362.74367327787405,361.39886555462886,137.86435552893886,112.97323827183587,110.74326605399337,40.694388605354185,38.651561051710374,56.124650873726374,916.9029265164422,554.9960808125707,1071.788984069033,0.7589133472623366,-0.8423623269051801,-0.714954587957236,-0.6052183701964509,-0.44235576173787317,0.32099051532441675,-0.09042165812880867,-0.07593573152430165,0.0406276967834292
training,augmented,s12,s12_p2,e6,6,3,amplitudine_mica,ex6_long_bno055_20260617_160550_609767.txt,template_times_long.txt,1990,79.6,5.515852462311558,2.8923560881545844,0.0,9.9348,9.9348,6.22819011645224,6.645300000000001,6.1404,5.515852462311558,0.0,0.12735384615384615,0.18707265809915682,0.18707508981895274,-0.4902509547738694,0.7937999490249119,-2.652,1.2036,3.8556,0.9329867939733355,-0.1428,1.4178,0.6918111557788945,208.0,0.16528717948717947,0.2241589487243999,0.22415989485529847,7.42946472361809,2.2317114689752295,-0.6426,13.9536,14.5962,7.757414656974397,7.3236,4.4115,7.430602613065327,2.0,0.2147948717948718,0.37572668777360685,0.37572671328629675,0.01649811557788944,5.71276638321674,-27.03,75.735,102.765,5.712790205935178,0.159375,4.52625,3.6920860552763815,859.0,4.1049999999999995,6.163350705531748,6.163351068552786,0.04994283919598002,25.217965457568656,-122.4,86.89125,209.29125,25.2180149120884,-0.06375,4.14375,13.63125565326633,508.0,3.2814423076923074,5.542220691077672,5.542220758639988,-0.14643278894472364,3.911910597918175,-23.39625,24.3525,47.74875,3.914650314879052,-0.1275,2.35875,2.5015307788944727,642.0,1.4797115384615382,2.1792118533674807,2.179211853603182,79.6,99.83829864464322,683.9087351311244,9.982593740073549,0.43141727513811917,7.904335326894983,14.224934042729338,6.320598715834355,9.99191166117091,9.97140387207031,0.21837860931192843,15.396766202114735,21.13878723220757,0.19125,122.54660360960642,122.35535360960642,26.151648803299658,4.346936684507796,20.76407368811921,8.600189370163749,8.218656339578368,11.895779471340633,153.97081901974434,148.9984283877644,214.26046012186808,0.8907855652608989,-0.9454618320617441,-0.8529925210729996,-0.4640012752856931,-0.554523735818031,0.764885288968542,0.039708825656669305,0.08844963184241161,0.08925119161702294
training,augmented,s12,s12_p2,e6,6,1,normal,ex6_scrt_bno055_20260617_140923_695244.txt,template_times_scrt.txt,566,22.64,6.295977031802121,4.1697469917189816,-0.663,10.2,10.863,7.551563861871879,9.2412,8.9658,6.306537455830388,1.0,0.2379037168141593,0.36470748939937553,0.3647112712308626,-0.27336360424028266,0.3642795744443098,-1.7136,1.2648,2.9783999999999997,0.4554418387462502,-0.3162,0.459,0.3808060070671378,80.0,0.2562456637168141,0.34444601796031094,0.3444461712444424,5.070553356890459,4.130069751267314,-0.306,13.158,13.463999999999999,6.53972380880159,2.5092,8.517,5.072643816254417,2.0,0.3205869026548672,0.5029780044419753,0.5029781094129968,-0.72738074204947,6.5835359682222805,-36.91125,19.2525,56.16375000000001,6.623596348569326,0.031875,5.4506250000000005,4.385684628975264,300.0,5.892305309734514,8.302468298352744,8.30246881664288,-0.2170428445229683,43.52559426372766,-159.82125,163.39125,323.2125,43.52613540859102,0.3825,5.578125,23.501786660777388,184.0,6.144935840707964,10.017911777603143,10.017911778238556,0.3770936395759718,3.779218667855149,-13.57875,26.01,39.588750000000005,3.797985433420394,0.06375,2.55,2.2760777385159012,222.0,2.177654867256637,3.2017546962693775,3.2017548950826704,22.64,100.00153152381625,1952.821185548255,9.985191544541077,0.5454185022912182,7.512616795764309,13.16874909776931,5.656132302005,10.00007657589762,9.985521281472547,0.2769531022689371,25.09513564206215,36.37382785265743,0.27787980765071796,165.14888764100866,164.87100783335794,44.190736422334666,5.086833299008155,33.410282916139046,13.694075131005766,11.308186881819607,17.75958288496066,245.7812736552777,227.60613470520087,334.98206972172784,0.2196176848048564,-0.9702641267369683,-0.24104972200491706,-0.1441991258614361,0.16761112234755232,0.4411859318433835,0.05641464621799569,0.2089859588911594,-0.21797057265029773
training,augmented,s12,s12_p2,e6,6,2,rapid,ex6_scrt_bno055_20260617_140923_695244.txt,template_times_scrt.txt,161,6.44,3.2052708074534157,3.4178916203781093,-3.9576,9.5676,13.5252,4.685695687703586,1.224,6.2424,3.3556732919254655,4.0,0.6766425,1.0037526879166998,1.0037526879166998,-0.4848484472049689,0.74274787234732,-2.601,2.5908,5.191800000000001,0.8869906530699974,-0.5712,0.8466,0.7349701863354037,42.0,0.63832875,0.9065944655610564,0.9065969064308571,7.088683229813665,6.039419937658198,-8.1294,23.7354,31.8648,9.312573388490684,9.8328,7.884600000000001,8.214737888198757,6.0,1.2964837499999997,2.0816652410056085,2.081665288837281,-1.47694099378882,19.408532905200037,-59.415,53.1675,112.5825,19.464647549631266,-0.19125,16.25625,13.446102484472052,53.0,15.321515625,22.358697960465065,22.35869938051588,0.5990916149068317,132.1725739424101,-282.73125,297.90375,580.635,132.1739316708288,0.0,143.37375,96.0300698757764,28.0,23.7719765625,35.92690578333305,35.92690589159272,-2.218975155279503,19.492123229916547,-65.59875,50.745,116.34375,19.618020255622127,0.06375,15.045000000000002,12.972531055900621,42.0,6.9822187499999995,9.719416101055605,9.71941613372268,6.44,109.46651961242237,18233.687436306293,10.184986626534867,2.394277976703678,5.195986524231948,24.07337004575803,18.87738352152608,10.462624891126623,9.917951524382442,2.086153239531276,99.7337107875521,91.03227102984526,0.1275,301.4309661172438,301.30346611724383,135.03217185658494,79.5503194230702,174.55403638677123,45.39828839593637,42.31696203320117,62.06230631389717,810.7382896731975,721.7368529996558,1085.4495194711121,-0.20410919596282992,-0.9213067026156735,0.2824150952304651,-0.531669966027822,-0.35142514841462985,0.8831817750796029,-0.2158403558565255,0.010919449944198892,-0.10261095497682288
training,augmented,s12,s12_p2,e6,6,3,amplitudine_mica,ex6_scrt_bno055_20260617_140923_695244.txt,template_times_scrt.txt,539,21.56,4.30492987012987,2.9420702869724673,0.0,7.5072,7.5072,5.214230409199677,6.5484,6.058800000000001,4.30492987012987,0.0,0.15451672862453533,0.2302409445339905,0.23024094765635233,0.1548734693877551,0.4692355460950632,-0.9996,1.1832,2.1828000000000003,0.4941333719142354,0.2958,0.8261999999999999,0.44081410018552875,50.0,0.21105278810408923,0.29269894416822373,0.2926992978452593,8.308950278293135,1.6651192721031236,4.233,13.6578,9.424800000000001,8.474153463177123,7.3746,2.937599999999999,8.308950278293135,0.0,0.25221301115241634,0.4366955853585402,0.4366957668538866,-0.022945269016697602,5.205644315998301,-35.76375,17.65875,53.4225,5.205694884456412,0.19125,4.335,3.415533395176252,284.0,4.300281133828995,6.085026816015436,6.085027537095231,0.10621057513914584,28.1414157092451,-119.65875,103.275,222.93375,28.141616137081005,0.1275,3.283125,13.170820964749536,188.0,3.9882853159851295,6.800108284521831,6.8001086190209685,0.13802643784786645,1.9148291907264687,-6.375,13.19625,19.57125,1.9197974182718225,0.0,1.6575,1.2592694805194804,201.0,1.3154065985130112,1.807153158362735,1.8071542810752865,21.56,99.24364346693878,822.735440164077,9.94529946672898,0.5784997701115043,7.170607254619374,13.695762997365279,6.525155742745905,9.962110392228084,9.932626764355943,0.2026351464339342,14.690728553171567,24.63570447016092,0.39298139268927224,120.3739445047183,119.98096311202902,28.68336521686528,3.4748136191024694,7.734011898063594,10.492591334371216,9.786336427281919,14.348060969276194,170.97257968317965,157.6472469385077,232.56026631996284,0.862902228994009,-0.9238561580323856,-0.8155160640901656,-0.5895168428854606,0.1513293190754947,0.18841051001854636,0.06854411958996198,0.10855161254242174,-0.22869476907416345
training,augmented,s12,s12_p2,e7,7,1,normal,ex7_long_bno055_20260617_165653_093979.txt,template_times_long.txt,1843,73.72,-6.0911876288659785,3.1790075435472804,-11.3526,-1.8972,9.455400000000001,6.870855528388038,-5.0388,6.4617,6.0911876288659785,0.0,0.20084918566775242,0.30751214199516735,0.3075121432416001,-0.9124987520347261,0.6422900352234419,-2.5806,1.1526,3.7332,1.11588102493602,-1.0098,1.02,0.9527785132935431,164.0,0.24588534201954396,0.3385192062686607,0.33851921514561223,-5.991910580575149,3.3932662033385035,-10.2306,2.3256,12.5562,6.8860182930578775,-7.548,6.3648,6.0114250678242,7.0,0.2079814332247557,0.3017320912358134,0.30173719727852316,-0.18090748779164406,10.1418731226348,-64.005,60.37125,124.37625,10.143486479251662,-0.06375,8.064375,6.713916169289202,676.0,6.568361156351792,9.987259667540172,9.987259905545063,0.29647381985892535,31.67359119822679,-83.7675,106.01625,189.78375,31.674978707463268,-0.06375,8.7975,20.193530249593056,380.0,3.5236237785016282,5.057704843136865,5.057705760123392,-0.007644465545306537,6.0542444292452355,-25.94625,29.51625,55.4625,6.054249255432125,-0.44625,3.9525,3.923962967986978,431.0,2.09194828990228,2.924368691639846,2.924369504470444,73.72,95.87109408612045,1142.8485281199132,9.777971887832802,0.512210744588473,7.915548317078231,12.319856250784747,4.404307933706517,9.791378559024283,9.783012437894577,0.391327764507059,23.100519760849362,24.682271267015146,0.2704683438038544,106.62495763480987,106.35448929100602,33.80604277521865,8.498140421586362,40.033242109874465,10.973773614971451,8.197803887364909,13.697725940036133,214.96763393115398,193.5522396454576,289.2638123058798,-0.7188507092884883,-0.9365393077461514,0.7574362782961587,0.4659099483567563,-0.2451487964609451,-0.5751108343954233,0.058741491543545674,0.0010125128562960544,-0.039761726256588775
training,augmented,s12,s12_p2,e7,7,2,rapid,ex7_long_bno055_20260617_165653_093979.txt,template_times_long.txt,461,18.44,-7.198854663774404,4.030351314050567,-14.1576,0.969,15.1266,8.25028727892645,-8.772,7.1094,7.235140997830803,14.0,0.699808695652174,0.8811060204895386,0.8811060305340546,-1.063455097613883,0.8326315744852358,-3.519,2.2032,5.7222,1.35063395613716,-1.0404,1.0608,1.147002169197397,58.0,0.6850408695652174,0.8976115809744396,0.8976115908342538,-6.262490238611714,1.7164836473432217,-11.6484,-0.4896,11.158800000000001,6.493465954350087,-6.3444,1.7543999999999995,6.262490238611714,0.0,0.5762778260869565,0.7747670371415015,0.7747673420762043,3.2125298264642086,25.078014879099996,-86.19,105.12375,191.31375,25.282942434817254,2.04,30.09,18.996808568329723,189.0,25.285190217391303,34.67252960988074,34.672548622049256,-0.4495688720173531,102.55953352992634,-173.84625,207.9525,381.79875,102.5605188659202,1.275,187.17000000000002,88.89557212581344,31.0,16.54215489130435,21.018458515969854,21.018461085988996,-0.3653524945770066,20.186487956853735,-57.56625,55.65375,113.22,20.189793918648466,0.31875,28.942500000000003,16.436160520607373,56.0,6.0495978260869565,7.6564959860642,7.656496969397383,18.44,112.05655236859002,11565.51498668655,10.144202218055925,3.0251799496524647,3.56651572827038,17.116833924531722,13.550318196261342,10.5856767553421,10.578713033256928,5.158336778935541,95.56320056072279,49.327372576264615,8.731190318335754,211.57491721683954,202.84372689850377,107.54308432756869,98.90840748831718,85.6998387724351,32.99632326030671,16.588909726709222,36.93168388551441,867.9437985577351,557.4837331069995,1031.5592809595319,0.13106470344752022,0.17299489740266966,0.08469111767374286,0.056599239745015094,0.09712211098874811,-0.6511059946508717,-0.10632991427319145,0.12243794586446802,-0.24373773261581708
training,augmented,s12,s12_p2,e7,7,3,amplitudine_mica,ex7_long_bno055_20260617_165653_093979.txt,template_times_long.txt,1771,70.84,-7.0896680971202715,2.2406183570947347,-10.608,-4.0494,6.5586,7.435305262696003,-6.069,4.7021999999999995,7.0896680971202715,0.0,0.16266406779661016,0.23497640393764888,0.23497640400831307,-0.27440937323546016,0.4870023906459434,-2.0502,1.3362,3.3864,0.5589918001315782,-0.2142,0.714,0.43422281197063806,278.0,0.2175250847457627,0.29356845111045005,0.29356846745647897,-5.691934048560135,2.775413141881625,-8.9148,-0.7344,8.180399999999999,6.3325375104524575,-6.5382,5.747700000000001,5.691934048560135,0.0,0.19057288135593226,0.27067794431423237,0.27067806307587705,0.01857425183512139,8.274960044751156,-61.3275,53.74125,115.06875,8.274980890918075,-0.06375,6.215625,5.276383399209485,805.0,5.923995762711864,8.791738171959906,8.791738533457302,0.07181324110671955,28.1231660130512,-77.83875,91.035,168.87375,28.1232577013979,-0.06375,5.41875,16.082530350084696,418.0,3.274480932203389,4.742084856303983,4.742084916622842,-0.07426101072840204,4.8459158982463855,-35.955,21.48375,57.43875,4.846484869530852,-0.255,3.5700000000000003,3.120942264257481,427.0,1.8891250000000002,2.6949877736326795,2.6949878605155666,70.84,95.69726750337664,882.8813480748871,9.769415803261223,0.5057493117805643,7.764665836982298,11.45705209728925,3.692386260306952,9.782498019594824,9.773851619499858,0.30608384124268184,18.75344461361492,23.0475522170786,0.11041823898251593,92.87961512759405,92.76919688861153,29.713319371535842,5.8988560861407695,25.837093709391496,9.578645754729536,6.51259559260818,11.582933818660004,194.90635527157139,170.04303801734522,258.6563784317261,0.51531226974605,-0.9371381147926557,-0.515007375020939,0.1167574481167179,0.21190820787818404,0.057746688857355594,0.02148113289561723,0.004027418517324336,-0.008018354363292964
training,augmented,s12,s12_p2,e7,7,1,normal,ex7_scrt_bno055_20260617_161240_779392.txt,template_times_scrt.txt,546,21.84,-5.212442857142857,3.3831230135093953,-10.7712,-1.326,9.4452,6.214103464178601,-2.9274,7.236900000000001,5.212442857142857,0.0,0.2283864220183486,0.3491975533474326,0.34920022604740625,0.9147681318681319,0.4662619327946827,-0.6018,2.5602,3.162,1.0267428719279938,0.9231,0.6426,0.9268736263736265,22.0,0.34970091743119264,0.5009669418951499,0.500973503447002,-7.217620879120879,2.8987440435667153,-10.0368,-1.4688,8.568,7.777966841330398,-8.6955,4.6027499999999995,7.217620879120879,0.0,0.2502088073394496,0.3848389806840233,0.3848392214271096,-0.2722802197802197,11.91139261626614,-67.4475,41.31,108.75750000000001,11.91450421028601,0.19125,9.307500000000001,7.74037087912088,268.0,9.347855504587157,13.54195125178562,13.541958167351845,0.4171771978021977,33.48490337924179,-113.28375,98.87625,212.16,33.48750201390848,0.0,10.8375,20.570350274725275,162.0,6.114268348623853,8.270465072260986,8.270467951723266,0.9102472527472527,9.11901409155907,-28.36875,32.5125,60.88125,9.164331293836273,0.255,11.3475,7.09353021978022,241.0,8.739832568807339,11.103692682307948,11.10373274586652,21.84,100.16605097340661,1347.3531697716346,9.986271753482697,0.6636470741291915,7.913688257696281,12.90769598340463,4.994007725708348,10.008299104913212,9.983903382845318,0.36190933200755104,25.925173029418797,25.985353050638558,0.8088968182036569,126.55185899711233,125.74296217890867,36.70630967247504,13.310976720892025,29.227307900226574,14.010231574177762,11.373157360557544,18.045367746601666,410.03298416545243,257.48164385133316,484.1733625717248,-0.3989835571318222,-0.9261461581422361,0.36592281560069945,0.451211253563243,-0.08966041914374454,0.010122482814501375,0.06351469446508402,-0.06549194762049756,-0.012915858029383767
training,augmented,s12,s12_p2,e7,7,2,rapid,ex7_scrt_bno055_20260617_161240_779392.txt,template_times_scrt.txt,150,6.0,-7.863383999999999,3.954303522359406,-13.6986,2.9886,16.6872,8.801665994480818,-9.5166,5.2632,7.9317920000000015,6.0,0.8572791946308724,1.151047496802195,1.151048085106868,1.985464,1.3031001935016355,-1.1322,5.8446,6.9768,2.374897347171031,1.938,1.4254499999999999,2.039048,14.0,1.1140590604026845,1.5139040642091646,1.5139112209658938,-5.601772,2.8646330783568077,-15.1164,0.5712,15.6876,6.291738409501781,-5.7018,4.16925,5.609388000000001,2.0,0.7085234899328859,0.9908563508075621,0.9908622626905119,0.5342249999999997,30.11229493899668,-94.095,80.9625,175.0575,30.117033433652626,0.95625,34.17,23.083025,72.0,31.36671140939597,39.59467521844884,39.59468195920386,-1.1343250000000005,99.93352785702417,-219.045,190.74,409.78499999999997,99.93996539501228,-0.3825,153.7171875,80.050875,17.0,18.734798657718123,25.85863312608213,25.858650470040224,0.9498750000000004,14.601740932697888,-48.45,42.26625,90.71625,14.632604032818287,0.95625,15.076875,11.112475,54.0,11.075813758389264,14.793477116936959,14.793596657535844,6.0,122.6954339016,11109.14548678125,10.463024189257334,3.636008624386899,1.2635243567102297,19.03459930547528,17.771074948765047,11.076797095803462,10.189214587007921,4.622470834056786,88.42582959919875,57.35867978322649,4.3015900039985215,219.85082911843315,215.54923911443464,105.39993115169122,84.40305174423213,100.20078839320499,45.501796231857156,28.350323700732147,53.61113983363667,1058.4790488699844,643.5519164242596,1238.7642899397947,-0.5532150558900661,0.24103826799141073,-0.370484289310876,0.5042942847828379,0.01599926702592238,0.1140148974922653,-0.05309983357453381,0.06751290794420078,-0.41597152678207666
training,augmented,s12,s12_p2,e7,7,3,amplitudine_mica,ex7_scrt_bno055_20260617_161240_779392.txt,template_times_scrt.txt,509,20.36,-6.730096267190569,2.1963582636009606,-10.5162,-3.4476,7.0686,7.079419848246089,-5.3448,4.559399999999999,6.730096267190569,0.0,0.1987192913385827,0.26948058510608236,0.2694812141934009,1.6421398821218076,0.4833502223103365,-0.051,3.519,3.5700000000000003,1.7117975434795072,1.632,0.6017999999999999,1.6423402750491158,2.0,0.3239503937007874,0.48054830668322,0.48055250141287703,-6.359048722986247,2.4692790539806637,-9.1494,-1.2444,7.905,6.821644941488869,-7.3848,4.498199999999999,6.359048722986247,0.0,0.217753937007874,0.3158714619770295,0.315880197687887,0.09506139489194503,11.2836970040894,-76.69125,38.3775,115.06875,11.284097427304273,0.44625,9.817499999999999,7.554437622789783,202.0,8.837908464566928,13.121892614785047,13.121922724179209,0.24072200392927381,27.654670098457082,-100.8525,93.39375,194.24625,27.65571776934513,0.1275,13.57875,17.09301571709234,144.0,5.935024606299212,7.719434131412918,7.719434461906091,-0.6564120825147349,9.011801694088808,-30.09,39.20625,69.29625,9.035676321983498,-1.02,11.219999999999999,7.069737229862476,214.0,8.947965059055118,11.310379317576885,11.310389176273935,20.36,99.5832759253438,973.8130266822199,9.964071070225472,0.5482368400970641,7.742068770038148,12.108452607992485,4.366383837954337,9.979142043549826,9.968609820832592,0.32965794644186097,22.74984021439084,21.36019187418281,0.8764176016603044,116.23121612356339,115.35479852190308,31.205977419113474,14.357768150029447,21.028293189852263,12.497296931549023,9.792830341510502,15.8770890497255,406.44781101552627,244.15634179617876,474.1435882922023,-0.08212042632506769,-0.9301976945391004,0.061747133199952765,0.5566213313663836,0.1799609517872229,0.32890375480634343,0.01647270541360992,0.06000014896723753,-0.06611696783651132
training,augmented,s12,s12_p2,e7,7,1,normal,ex7_scrt_v2_bno055_20260617_164227_962207.txt,template_times_scrt.txt,546,21.84,-5.931356043956043,3.5120816659635827,-10.4652,-1.1424,9.322799999999999,6.893163435504154,-6.4566,7.6398,5.931356043956043,0.0,0.25820036697247706,0.34257903680574103,0.34282659548058303,0.5647362637362637,0.6845334260080395,-0.8364,2.5908,3.4272,0.8874193252916566,0.408,1.0404,0.6656153846153847,113.0,0.3330814678899083,0.4423392624981552,0.44234713397486797,-5.540767032967034,3.9258862257297666,-9.8838,1.4076,11.291400000000001,6.790631927220692,-6.8697,8.0784,5.715624175824177,3.0,0.22640256880733953,0.31809853614842803,0.318676457938199,1.586394230769231,11.707307193751006,-96.83625,39.33375,136.17000000000002,11.814300164811794,0.796875,9.5625,7.856311813186812,213.0,7.887922018348623,11.785484717319788,11.785494227958695,3.7531936813186815,27.39176299054154,-84.72375,71.97375,156.6975,27.64769687586096,1.6575,16.1446875,18.617451923076924,124.0,4.3704426605504585,5.8529631856490365,5.852965552585092,0.8111195054945055,4.823006629864942,-14.72625,15.10875,29.835,4.8907369387358015,0.3825,4.8290625,3.5754876373626376,170.0,2.5211077981651373,3.3548494264001536,3.354849428439375,21.84,94.41589717846153,927.8921387276786,9.70844243092747,0.4025453313959628,8.392573388419073,11.99234175130112,3.599768362882047,9.716784302353405,9.719371523496818,0.3513872645514038,22.01353153805843,21.05460918541556,0.7296521003190493,113.40107247756742,112.67142037724838,30.46132201214646,11.699035201721655,33.35302006694136,13.674033005616177,8.499597803967509,16.100383270838304,262.16272763632577,215.70121323509358,339.49419605172875,-0.4649487358899077,-0.930109408390248,0.282287019220261,0.569862195247626,0.1726039763205248,0.15692208936444985,-0.08686002501508726,0.054323040297446584,0.0864690308438885
training,augmented,s12,s12_p2,e7,7,2,rapid,ex7_scrt_v2_bno055_20260617_164227_962207.txt,template_times_scrt.txt,150,6.0,-9.027952,1.3284866497244145,-9.8532,-3.8658,5.987399999999999,9.125173647268308,-9.537,0.21419999999999995,9.027952,0.0,0.20755973154362417,0.3207463422936738,0.32298066349750515,1.186532,0.385424149964685,0.357,2.9376,2.5806000000000004,1.2475616066551583,1.0914,0.3161999999999999,1.186532,0.0,0.2671167785234899,0.3832345055296408,0.3832392989614405,-2.37864,2.1273780166204594,-8.6088,-0.8262,7.7826,3.1911855908423754,-1.3413,1.2418500000000001,2.37864,0.0,0.1841476510067114,0.2702451370103526,0.2745811091523882,-3.01665,8.65634962917395,-59.86125,11.475,71.33624999999999,9.166927845521638,-0.860625,7.0603125,5.313349999999999,77.0,6.941476510067114,10.885261552439593,10.88533904497977,-9.515749999999999,16.56707948576031,-56.03625,4.2075,60.243750000000006,19.105434325081436,-0.860625,17.467499999999998,10.700650000000001,46.0,2.7468120805369134,3.7279445200246752,3.731753941382905,-1.67705,3.227126728608593,-15.9375,5.41875,21.35625,3.6368727809754358,-0.8925,2.1196875,2.1573,46.0,1.8692869127516778,2.8277979761091885,2.8278215719350723,6.0,95.0088695304,462.2770304999999,9.743833513952273,0.2580270969888545,8.972510458060219,11.307094512738452,2.334584054678233,9.747249331498605,9.723770252000344,0.15657922763146281,13.130371698969759,17.02557985934382,0.37715008617260054,76.75833568333148,76.38118559715888,21.500628607089606,4.161364566099,19.499873481003217,11.05565505934399,9.049158824829497,14.28687454372677,210.9343494967335,208.0022367213167,296.2401564249533,-0.1204074336846534,-0.925145076677238,-0.17164429492475344,0.5896407070106103,0.35928869098295385,0.6192127204592613,-0.4044973235803018,-0.4690685820045001,0.3631928792211901
training,augmented,s12,s12_p2,e7,7,3,amplitudine_mica,ex7_scrt_v2_bno055_20260617_164227_962207.txt,template_times_scrt.txt,509,20.36,-7.042989783889981,2.968577423677399,-11.4546,0.5508,12.0054,7.643046317820256,-8.7312,5.3346,7.045394499017682,4.0,0.3054377952755905,0.4692362963665147,0.46939507242380385,1.3999049115913555,0.6844895236392936,-1.0404,4.182,5.2224,1.558287415552583,1.3158,0.39779999999999993,1.423871905697446,18.0,0.4250267716535433,0.6628330955948,0.662837187762059,-5.145128487229863,3.055627921307073,-9.0372,-0.3774,8.6598,5.9840796404773595,-6.0894,6.4464,5.145128487229863,0.0,0.2576102362204724,0.40055699496437763,0.40058224493932565,0.4840741650294695,19.2257225392944,-96.135,65.85375,161.98875,19.231815695747027,0.19125,8.096250000000001,11.624167485265225,193.0,8.980091043307086,14.037028855451606,14.037268049532088,2.0481409626719063,52.44562818887653,-148.85625,136.2975,285.15375,52.48560562219755,0.3825,11.6025,32.38061640471513,108.0,5.972295767716536,9.515794357967666,9.517920422493678,0.1668271119842829,9.169400320096102,-32.13,43.35,75.48,9.17091781205521,-0.31875,3.9525,5.357003929273085,156.0,3.016705216535433,4.710545461912089,4.711098101475638,20.36,96.65362582939096,3208.707265999509,9.74976270150344,1.2632312115219646,5.240269233541345,13.769690218737676,8.529420985196332,9.83125759144734,9.734129933383876,0.4489182189806158,36.262723967950706,43.51691758872315,0.37172318329638787,160.91654227619046,160.54481909289407,56.64545229759852,10.003876201877949,62.97085413999568,16.658534056147097,15.332567369348824,22.64054723356821,313.6522586703527,308.6520753561381,440.0498187599502,-0.45530009726191023,-0.7384694464820485,-0.022478024602429536,0.8201639970190308,0.5552284654003553,0.6362580559793195,-0.02295301687590019,-0.05549299341534249,-0.04202829213084984
training,augmented,s12,s12_p2,e7,7,1,normal,ex7_scrt_v2_bno055_20260617_164227_962207.txt,template_times_scrt_v2.txt,619,24.76,-5.568326655896607,3.4062974388509795,-10.4652,-1.1424,9.322799999999999,6.527566467581272,-4.9266,7.4307,5.568326655896607,0.0,0.2523592233009708,0.3461430435065947,0.3461435534740615,0.6804668820678513,0.6617522906662823,-0.5304,2.9376,3.468,0.9491845298956441,0.5202,1.0098,0.7248920840064621,110.0,0.3400660194174757,0.45097931488750675,0.4509845772662729,-6.225081421647819,3.5063832088348916,-9.8838,0.7242,10.608,7.144673674377586,-8.0376,6.6657,6.248810016155089,3.0,0.22933495145631075,0.3240387953395358,0.3240538098070835,0.3022718093699514,11.903057690433755,-96.83625,39.33375,136.17000000000002,11.906895087659668,0.06375,9.976875,7.886153069466881,256.0,8.30895631067961,12.260363051739507,12.260363225323665,0.48507673667205214,27.67968099815641,-84.72375,71.97375,156.6975,27.683931072016517,0.31875,17.945625,18.99193861066236,129.0,4.192233009708738,5.657110531596537,5.657119936588029,0.24634894991922462,4.878249234873029,-15.9375,15.10875,31.04625,4.884465518627969,-0.19125,4.52625,3.5139741518578345,189.0,2.4917172330097084,3.3690191806960708,3.369020900495172,24.76,94.55643717382875,932.0321936313611,9.71580662562426,0.3994230680675328,8.392573388419073,11.99234175130112,3.599768362882047,9.724013429331983,9.727238971054428,0.3447190890565057,22.285438448609238,20.86603524353896,0.2704683438038544,113.40107247756742,113.13060413376357,30.529202309123,13.794180158675616,32.989202092779635,13.790784489949312,8.800431141321019,16.35950259394702,268.58516922009,221.14619771461278,347.9132562703166,-0.6698228746088973,-0.9415230533179568,0.5677838276151846,0.5897279572436643,0.22606383928546495,0.2436267940943683,-0.03467896320996105,-0.06682106197040738,0.05708335535096376
training,augmented,s12,s12_p2,e7,7,2,rapid,ex7_scrt_v2_bno055_20260617_164227_962207.txt,template_times_scrt_v2.txt,170,6.8,-6.944219999999999,3.6599449279463205,-11.4546,0.5508,12.0054,7.849674406241319,-8.823,6.489750000000001,6.95142,4.0,0.5911171597633136,0.7469819017424443,0.7469826917507177,1.53492,1.1285754000508783,-1.0404,4.182,5.2224,1.905167142273874,1.3872,1.69575,1.60668,18.0,0.8399005917159763,1.0705399666233626,1.0705460914713092,-5.791259999999999,1.8869062765277984,-8.4456,-0.3774,8.068200000000001,6.090903683690952,-6.4158,1.7492999999999999,5.791259999999999,0.0,0.4864011834319527,0.6468638364044936,0.6468805303854152,0.6637500000000005,31.422009613088086,-96.135,65.85375,161.98875,31.429019268623385,-0.541875,43.652812499999996,25.549499999999995,35.0,17.17855029585799,22.270420095604972,22.27042520710652,-0.7619999999999998,83.42016025105983,-148.85625,136.2975,285.15375,83.42364041632624,1.115625,157.4625,72.1755,8.0,11.762818047337277,15.23083685586091,15.230836972642184,0.6168749999999998,15.15228001871748,-32.13,43.35,75.48,15.164831833266401,-1.08375,14.7421875,11.294625,28.0,5.462130177514792,7.527249431497135,7.52726168119322,6.8,102.346157808,8177.25915703125,9.894218873356214,2.109642314261277,5.240269233541345,13.769690218737676,8.529420985196332,10.116627788349238,10.022112047221231,3.291832745541436,79.67177759664979,42.77460708903381,3.7698841577029922,160.91654227619046,157.14665811848747,90.42819890405454,85.51133197851867,72.54155721702371,32.23551327083531,16.954003785917394,36.422061449169796,599.47304630203,361.9575329212256,700.2722248390663,-0.7158918434429148,-0.44659129076558407,0.15378893715475678,0.8466955222231713,0.5571041514993119,0.6194393976146214,-0.04306543502317468,-0.06650967860753583,-0.12870703734377056
training,augmented,s12,s12_p2,e7,7,3,amplitudine_mica,ex7_scrt_v2_bno055_20260617_164227_962207.txt,template_times_scrt_v2.txt,518,20.72,-6.462527027027027,2.4956634670669344,-10.1694,-3.5904,6.579,6.927668562792777,-4.992900000000001,5.2326,6.462527027027027,0.0,0.18502050290135394,0.2572917309551431,0.25729209706252487,1.3650081081081082,0.3060298678421416,0.5814,2.7846,2.2032000000000003,1.3988929248560646,1.326,0.2754000000000001,1.3650081081081082,0.0,0.2519025145067698,0.34145027681059575,0.3414504227261755,-6.035840154440155,2.861615779220839,-9.0678,-0.6732,8.3946,6.679836168487805,-7.2114,5.559000000000001,6.035840154440155,0.0,0.2006460348162476,0.2785555615187198,0.27856371078645187,-0.10940878378378387,9.636958948050683,-44.43375,47.94,92.37375,9.637579989208037,0.35062499999999996,6.406874999999999,6.231624034749035,247.0,6.532587040618955,9.17897708898173,9.178993789552118,0.45855694980694944,28.896487302430664,-72.99375,111.18,184.17375,28.900125482353065,0.0,7.936875000000001,17.31341698841699,114.0,3.5437354932301743,4.966501481371042,4.966512026562051,-0.06288851351351343,5.45310554931742,-22.44,19.2525,41.6925,5.453468171460101,-0.414375,3.2512499999999998,3.4938199806949806,157.0,2.03605415860735,2.6820763391137312,2.682102461840781,20.72,94.56970436895753,957.8405160412644,9.712638902010848,0.4840970234395478,7.818271722062364,11.469486141933299,3.651214419870935,9.7246955926115,9.717581270657234,0.2867285356643059,19.838556503302552,23.754414156247606,0.4684649133072828,114.1776737767174,113.70920886341011,30.948998627439703,5.755180006615424,32.97334393750294,10.65270049074567,7.01860522847047,12.756992086641976,214.38884250232206,163.1213525478377,269.3903328750336,-0.10404648026527986,-0.9430526258399479,-0.022067926643898735,0.6274967420939479,0.5765950324165273,0.7084534675758546,0.015661601755905225,0.05023365369502131,-0.0031788985557847237
training,augmented,s12,s12_p2,e8,8,1,normal,ex8_long_bno055_20260617_170534_544651.txt,template_times_long.txt,1641,65.64,-3.5293616087751376,4.243809273247733,-11.4648,2.2848,13.749600000000001,5.5196295630412795,-2.6724,9.0168,4.103570018281536,66.0,0.33795585365853653,0.48895240808613494,0.4889526131461402,3.6181221206581355,2.7001358184007143,-2.4888,10.302,12.790799999999999,4.514592021191529,2.8254,4.335000000000001,3.659506398537477,47.0,0.6238792682926829,0.8624043892247963,0.8624054355795034,-6.519652285191956,2.7972366111643954,-11.0364,2.1522,13.188600000000001,7.094392051377424,-7.1808,4.6206,6.574661425959781,1.0,0.3436404878048781,0.49032848978158833,0.49033982213433547,-0.12513025594149887,18.223175032782397,-124.0575,96.135,220.1925,18.223604634000807,0.6375,11.411249999999999,11.15275365630713,724.0,11.200447408536585,16.79456786012096,16.794568540708614,0.4540973491773303,37.75941943512812,-117.81,168.3,286.11,37.76214983923004,-0.44625,9.435,21.957232632541132,427.0,5.919226371951219,8.900755740350702,8.900760269740031,-0.18697669104204734,24.65249017983286,-92.31,115.3875,207.6975,24.653199231534813,-0.765,7.395,13.822328610603291,411.0,4.666422256097562,6.811677966234357,6.811683334497169,65.64,101.17825020965265,2365.8599586865857,10.04078663248014,0.6007112539821405,6.776432008070324,12.928209286672304,6.151777278601981,10.05873999115459,10.038365121871191,0.4394512881155226,31.55705667604724,37.01367494090972,0.4131472195235011,179.90183358310304,179.48868636357955,48.64010648309259,11.499058113602173,47.234296598470166,22.240424123344386,16.428492590851526,27.65016878780132,376.8488880868689,335.8347441206328,504.7772378097891,0.5506540479624302,-0.62859236373519,0.03843116587550085,0.010188512535503317,-0.21037021803093972,0.7909848153078172,0.00753314383872747,-0.04362851827154621,0.04727712338212857
training,augmented,s12,s12_p2,e8,8,2,rapid,ex8_long_bno055_20260617_170534_544651.txt,template_times_long.txt,491,19.64,-5.915044399185335,3.841770527659569,-11.9748,6.8034,18.7782,7.053151850876847,-7.497,6.8697,6.182404887983707,26.0,0.9777220408163265,1.3993755258977005,1.3993756226639515,3.3561739307535636,1.934122621774984,-3.7332,11.7912,15.5244,3.8735944250181342,2.958,2.5040999999999998,3.3993421588594703,16.0,1.4444240816326532,2.1962922571723658,2.1962922691087674,-6.411582892057027,2.6442334424093104,-11.832,-0.2652,11.5668,6.935442716919673,-6.7932,4.335000000000001,6.411582892057027,0.0,0.8644604081632653,1.2899252501907685,1.2899257043626622,0.5843966395112017,37.5428474941001,-137.7,195.7125,333.4125,37.547395614044,-1.1475,26.934375,23.497522912423623,193.0,25.92647448979592,39.93846017894168,39.938460589195145,0.03648421588594784,112.48935263603921,-257.48625,357.51,614.9962499999999,112.48935855259018,-2.805,172.69875000000002,87.05120926680245,43.0,22.857367346938773,34.16138106556354,34.16138135195538,-0.21526985743380878,63.15152242066374,-140.95125,240.0825,381.03375,63.151889323749565,-1.21125,81.568125,47.68084521384928,50.0,14.081464285714285,21.68128531318272,21.68128531318272,19.64,112.85205048073318,18051.823830129837,10.436538912043938,1.9826008216799298,3.8076751647166542,15.437405993236041,11.629730828519387,10.623184573409858,10.220939506718548,1.9818452309274832,106.47086687149282,81.94985257926149,0.26284798363312584,380.904180119899,380.6413321362659,134.35707584690073,111.30768255998775,150.8460489213201,55.03755545646856,47.42921153170275,72.65440535262027,1062.9755406761035,943.4946816288247,1421.3019434087648,-0.018482668331301095,-0.4149572899145729,-0.2051587022608597,0.33011232356068065,0.4493755046693573,0.9340461100691961,-0.051954309733479975,-0.04864587336969698,0.06622451869127706
training,augmented,s12,s12_p2,e8,8,3,amplitudine_mica,ex8_long_bno055_20260617_170534_544651.txt,template_times_long.txt,1575,63.0,-6.57696,2.2780848751778953,-10.455,-2.04,8.415,6.960321367588877,-5.814,4.6206000000000005,6.57696,0.0,0.24097013977128334,0.340494228404552,0.34049422846621874,3.2580160000000005,1.8109741805766941,-0.867,8.823,9.690000000000001,3.7275052969742952,3.2538,2.6060999999999996,3.272794666666667,16.0,0.37295451080050834,0.5240744146484448,0.5240747686649369,-5.831129523809523,2.1658728342534137,-8.9454,-0.8772,8.0682,6.220375925745968,-6.6198,3.5547000000000004,5.831129523809523,0.0,0.25553786531130873,0.35293309739945283,0.3529347171024883,0.16283571428571433,8.734762453009825,-45.135,81.09,126.225,8.73628013403629,0.0,6.82125,5.646873809523809,718.0,6.130246982210928,8.696362690501946,8.696363437575352,0.09823571428571395,29.231689041172356,-110.925,109.2675,220.1925,29.231854105673097,-0.765,8.2875,16.721483333333335,332.0,4.686840057179162,6.709799780894066,6.709800178050007,0.005869047619047641,14.937739038457787,-76.56375,54.1875,130.75125,14.937740191434102,-0.8925,4.6537500000000005,8.452116666666667,321.0,2.5382139453621346,3.6464631756618893,3.646464185376497,63.0,101.03344593668571,1153.9599670625,10.041545184084802,0.448125264484185,7.734250469179285,12.310521095388285,4.576270626209,10.051539480929561,10.03508430457861,0.3508277225467502,20.878737018343994,26.796236817533394,0.3433042564548246,152.9977952966153,152.65449104016048,33.96998626821183,7.173220707081304,24.337211320845437,14.659600400330017,10.34732402213419,17.943550326409525,229.16393710067038,176.6335904050791,289.33637055660535,0.8064095421402563,-0.8661783070809338,-0.6238311919034824,-0.39259278738839637,-0.4376755411526041,0.9389830494592524,0.007861824633035325,0.019901837428312533,0.01429390838178526
training,augmented,s12,s12_p2,e8,8,1,normal,ex8_scrt_bno055_20260617_170018_516871.txt,template_times_scrt.txt,648,25.92,-4.7826509259259256,4.109870564353565,-11.9034,2.1114,14.0148,6.305932598355298,-2.8101000000000003,8.029950000000001,5.00604351851852,8.0,0.434847913446677,0.7004855753335193,0.7004858735490181,1.3181768518518517,1.325983158103931,-2.7336,5.814,8.5476,1.8697116217035539,1.2903,1.8564000000000003,1.5315583333333334,93.0,0.7431180834621328,1.0831980052140946,1.0832008330400271,-6.112664814814815,4.172739621846175,-11.3526,4.1412,15.4938,7.4011098552852195,-8.6037,7.1145000000000005,6.642435185185186,5.0,0.37970170015455945,0.5758845408460594,0.5759510049679987,-0.21800925925925976,19.780200696262032,-147.83625,93.64875,241.485,19.781402064098685,0.06375,10.359375,11.038587962962962,333.0,12.954354714064912,20.476969310521838,20.476970001785386,1.5322627314814807,40.88386822361667,-146.17875,250.92,397.09875,40.91257153986218,-0.31875,10.9809375,22.305908564814814,172.0,7.972691267387945,13.357908006059075,13.357908023865614,-0.845868055555556,16.204688150034926,-72.0375,87.0825,159.12,16.226749853476257,-1.02,6.4546875,8.92519675925926,162.0,4.925303323029367,8.336900838165498,8.336900936567488,25.92,98.03703457333334,2328.44978843316,9.8792133849932,0.6619497466609839,6.100358982879614,12.469661655393862,6.369302672514248,9.901365288349549,9.87121302627109,0.40661587220512807,29.083979241478072,38.504180810847444,0.5256959672662517,285.81328364204836,285.2875876747821,48.25401318474102,9.924287452236804,32.64065868135628,26.697212695358022,23.12112398249287,35.31752454398513,451.73191428339413,461.4821019300127,645.7766276228045,0.3277134899202968,-0.8575351205246678,-0.36776362142911057,0.12483503595071968,0.03893699991128032,0.783713838245876,-0.04410250811906111,-0.1634293671815442,0.0819709932662295
training,augmented,s12,s12_p2,e8,8,2,rapid,ex8_scrt_bno055_20260617_170018_516871.txt,template_times_scrt.txt,131,5.24,-7.147319083969465,3.7735141218705426,-14.9736,3.6006,18.574199999999998,8.082300348046374,-8.925,5.1357,7.322042748091603,10.0,1.177236923076923,1.7222582859550504,1.722258400339061,1.945630534351145,1.9111968498201093,-4.743,6.9666,11.7096,2.7272974856003205,2.0196,2.7438,2.24913893129771,22.0,1.525449230769231,2.3030930952908375,2.3031403324090416,-5.985998473282443,2.8524510880054224,-11.73,-1.0608,10.6692,6.630886436337382,-6.528,4.783799999999999,5.985998473282443,0.0,1.0879476923076925,1.4841859277265563,1.484191535638692,-1.3090648854961828,53.621926105057156,-142.22625,207.76125,349.98749999999995,53.637902737622476,-1.02,41.37375,34.915534351145034,37.0,26.65485576923077,40.38504608536469,40.385051590398334,0.9362977099236621,136.25702881420085,-239.63625,293.31375,532.95,136.26024568697787,-1.59375,231.9225,108.23095419847327,9.0,25.750586538461533,37.2782414296513,37.2783055544645,-1.9971755725190823,45.457941161441894,-98.23875,98.23875,196.4775,45.50179254605889,-1.6575,63.04875,34.67708015267176,17.0,13.039817307692308,18.806460096986097,18.80647191850812,5.24,116.7303854225954,23514.2922896708,10.51372587277537,2.488363658055069,4.706291495434596,19.16272455367451,14.456433058239917,10.804183699965279,10.08732557023912,2.404900055778537,124.06041808985913,90.12937896734977,0.9060577382264333,367.1239901799187,366.21793244169226,153.34370639080953,133.9600185398147,151.7885631454498,61.878525270319344,52.124435724535374,80.90679013056177,1125.8347285121954,917.2996053342462,1452.2198187156423,-0.19743733337715658,-0.19772433687730115,-0.2000668338327577,0.6883003465104589,0.5936797437578331,0.9121625289231498,-0.32007119470904,-0.14289882834984485,0.09135408252074324
training,augmented,s12,s12_p2,e8,8,3,amplitudine_mica,ex8_scrt_bno055_20260617_170018_516871.txt,template_times_scrt.txt,520,20.8,-6.866600769230768,1.9065420793837589,-9.8838,-4.3044,5.579400000000001,7.126367154761361,-6.1455,4.021349999999999,6.866600769230768,0.0,0.16557803468208096,0.22869465518437487,0.22869466278452408,2.1086146153846155,0.8157146962219968,-0.2244,4.029,4.2534,2.2608949692204092,2.0808,1.03275,2.1099876923076923,6.0,0.31105086705202317,0.3977586597620268,0.39776673938319373,-5.977631538461538,2.345750064053143,-8.6496,-1.0098,7.639799999999999,6.421419015499253,-6.8646,4.0494,5.977631538461538,0.0,0.19759306358381495,0.30387304221284267,0.30387598093944096,0.5091418269230771,6.647546287642641,-28.87875,31.11,59.988749999999996,6.66701560267216,0.06375,4.5421875,4.206151442307691,266.0,4.319277456647399,5.970589242632942,5.97058924768698,0.1363269230769237,25.846327886615697,-76.3725,97.98375,174.35625,25.846687413523686,-0.51,4.2234375,13.385538461538461,135.0,3.5731936416184973,5.471074484062664,5.471074682619812,-0.3151947115384617,10.497217679440746,-35.89125,41.565,77.45625,10.501948710393952,-0.6375,2.9325,5.763122596153846,116.0,1.980671965317919,2.8745033858391915,2.874503703393631,20.8,97.13137705892306,822.7912740144232,9.851580707765187,0.2788092848379249,8.607869380979244,11.169861610601986,2.561992229622742,9.855525204621165,9.845190375945899,0.23123840156671882,15.996223114438111,23.809916423363166,0.3433042564548246,108.68389728071494,108.34059302426012,28.684338479637685,4.334406993202139,11.462160558861163,11.43583658984696,7.649136631104198,13.75818482616739,169.15508863253166,132.4336042885621,214.83040649577305,0.5479639539282201,-0.9626433362885081,-0.5780682358527138,0.6664667518552453,0.6421984564848359,0.9714904048127535,-0.03890725426121397,0.12126344382508561,0.02323957531249478
training,augmented,s12,s12_p3,e6,6,1,normal,ex6_long_bno055_20260617_160550_609767.txt,template_times_long.txt,1757,70.28,6.5500589641434255,3.235493487712993,0.2842,10.1724,9.8882,7.305593100001453,8.428,6.5856,6.5500589641434255,0.0,0.1984220956719818,0.3296856763798188,0.3297263527522734,-0.29228207171314746,0.8604468014495676,-4.6158,1.4406,6.0564,0.9087340136529066,-0.0392,1.3426,0.6991075697211154,191.0,0.23309601366742597,0.35618312064848096,0.35618414413478544,4.515658167330677,4.288874382586252,-2.1756,12.3578,14.5334,6.227809579120485,3.332,8.6142,4.796294023904382,33.0,0.2767607061503417,0.42940787636519984,0.42944931806693426,-0.34860557768924294,7.255244910268492,-38.89375,38.77125,77.66499999999999,7.2636151162333,-0.245,6.18625,4.986802788844622,688.0,5.192472238041002,7.466857105936943,7.466857106670169,-1.5022111553784863,36.92321410703245,-115.94625,109.82125,225.7675,36.953760002861735,0.06125,9.126249999999999,22.27994023904382,431.0,4.595494020501139,6.964523486551917,6.9645235455976415,-0.1720717131474104,4.731208198417142,-38.03625,41.7725,79.80875,4.734336246110437,-0.18375,3.36875,2.9801593625498004,612.0,2.5720465546697038,4.290241209029597,4.290241471202833,70.28,92.98310020414344,1440.7544225971117,9.63140317188727,0.4681593155147992,7.971256385288331,12.713931714461895,4.742675329173563,9.642774507585637,9.610682675023664,0.31668823041282756,24.392319032460286,29.08211125100424,0.1225,117.41569085678029,117.29319085678029,37.957271010929006,7.336205805796345,39.25208834698624,11.957547727782995,10.93276648317364,16.202108833044335,210.41799444932764,179.971427122682,276.88525957271924,0.8282472070553966,-0.9509359877871567,-0.8089113761170817,-0.5286332841524253,-0.5787555927193951,0.3886007702055755,0.010606710486133621,0.10094266308039426,0.13855933530546408
training,augmented,s12,s12_p3,e6,6,2,rapid,ex6_long_bno055_20260617_160550_609767.txt,template_times_long.txt,431,17.24,5.19202180974478,2.6967579463573053,0.2058,9.6726,9.4668,5.8506062843184665,5.2822,4.9882,5.19202180974478,0.0,0.5491190697674418,0.7130748870209538,0.7133330510178388,-0.6431619489559165,1.0603045371052349,-3.6358,1.6268,5.2626,1.240122173009869,-0.5684,1.6464,0.9854116009280741,67.0,0.5151837209302326,0.7001836347199867,0.7002146131473667,5.112280278422274,6.502710926280757,-9.2022,33.9864,43.1886,8.27167812695323,5.6644,11.4268,6.830486310904873,21.0,1.193252558139535,1.9110551976746306,1.9113548591217626,-0.7965342227378189,23.0953066010972,-79.68625,49.42875,129.115,23.109038356597107,0.42875,30.961875,18.55221287703016,122.0,18.108063953488372,24.93420363992496,24.934213289121107,4.862482598607888,129.6519847545064,-274.95125,346.36875,621.3199999999999,129.74313426075588,14.3325,207.668125,109.77904292343388,25.0,25.057375,31.709029339451952,31.709035344319396,1.669240139211137,13.228872743636668,-52.24625,36.19875,88.445,13.333770536111937,1.3475,18.0075,10.659773781902551,78.0,6.3037645348837215,8.334531897833145,8.334547995366274,17.24,104.18815593401392,17545.097978280886,9.883627858990781,2.549912994397108,5.673015074896241,34.37000276578401,28.696987690887767,10.207259962106086,9.391616672330702,3.088260112447781,113.416830606912,68.42309926745438,1.2920701654709004,348.5184311885456,347.22636102307473,132.4579102140785,108.5429152023521,106.4003928754054,39.09853022867363,37.135813559486444,53.92368417279593,880.9459490059936,533.2315286238423,1029.758043517306,0.7589133472623363,-0.8423623269051806,-0.7149545879572358,-0.6052183701964509,-0.44235576173787317,0.32099051532441686,-0.09042165812880873,-0.07593573152430162,0.040627696783429146
training,augmented,s12,s12_p3,e6,6,3,amplitudine_mica,ex6_long_bno055_20260617_160550_609767.txt,template_times_long.txt,1990,79.6,5.299544522613066,2.778930359207346,0.0,9.5452,9.5452,5.983947366787446,6.3847000000000005,5.8996,5.299544522613066,0.0,0.12235957767722472,0.17973647542860163,0.17973881178683693,-0.4710254271356784,0.7626705392592291,-2.548,1.1564,3.7044,0.8963990765626165,-0.1372,1.3622,0.6646813065326633,208.0,0.1588053293112117,0.2153684017155999,0.215369310743326,7.138113165829146,2.1441933721526714,-0.6174,13.4064,14.0238,7.453202317485205,7.0364,4.238500000000001,7.139206432160803,2.0,0.20637154348919057,0.36099230786091635,0.3609923323731086,0.015851130653266324,5.488736328972946,-25.97,72.765,98.735,5.488759217467132,0.153125,4.34875,3.547298366834171,859.0,3.9440196078431375,5.921650677863837,5.921651026648756,0.047984296482411995,24.229025635703216,-117.6,83.48375,201.08375,24.229073150830025,-0.06125,3.98125,13.096696608040203,508.0,3.152758295625943,5.324878703192273,5.324878768105085,-0.14069032663316583,3.7585023391762857,-22.47875,23.3975,45.87625,3.7611346162563444,-0.1225,2.26625,2.4034315326633164,642.0,1.4216836349924586,2.0937525650001283,2.0937525652265863,79.6,92.16138217831157,631.3205970972048,9.591119475756939,0.4144989506228988,7.5943613925069435,13.667093492034068,6.072732099527125,9.600071988183815,9.580368426106768,0.20981474228008778,14.792971449090626,20.309815183885704,0.18375,117.74085444844538,117.55710444844537,25.1260939482683,4.1764685792329805,19.94979628858513,8.262927041922033,7.89635609096745,11.429278315601785,147.93274768563674,143.1553527647148,205.85808913669678,0.8907855652608991,-0.9454618320617441,-0.8529925210729999,-0.4640012752856931,-0.5545237358180309,0.7648852889685422,0.0397088256566693,0.08844963184241161,0.08925119161702298
training,augmented,s12,s12_p3,e6,6,1,normal,ex6_scrt_bno055_20260617_140923_695244.txt,template_times_scrt.txt,566,22.64,6.049075971731448,4.006227501847649,-0.637,9.8,10.437000000000001,7.255424102582786,8.8788,8.6142,6.059222261484099,1.0,0.22857415929203534,0.3504052349131255,0.35040886843749547,-0.26264346289752655,0.34999410093668987,-1.6464,1.2152,2.8616,0.4375813744816914,-0.3038,0.441,0.36587243816254417,80.0,0.24619681415929204,0.33093833098147524,0.33093847825446426,4.871708127208481,3.968106231609773,-0.294,12.642,12.936,6.283264051593683,2.4108,8.183,4.873716607773852,2.0,0.3080148672566372,0.48325337681679975,0.48325347767131066,-0.6988560070671376,6.325358087115524,-35.46375,18.4975,53.96124999999999,6.363847472154844,0.030625,5.2368749999999995,4.213696996466432,300.0,5.661234513274336,7.976881306260481,7.976881804225513,-0.20853136042402778,41.81870821416971,-153.55375,156.98375,310.5375,41.81922813766588,0.3675,5.359375,22.580147968197878,184.0,5.903957964601771,9.625052492206942,9.625052492817437,0.36230565371024737,3.63101401421377,-13.04625,24.99,38.036249999999995,3.649044828188222,0.06125,2.45,2.1868197879858657,222.0,2.0922566371681417,3.076195688572539,3.076195879589232,22.64,92.31206350968198,1802.6619248371244,9.593615405539468,0.5240295414170528,7.218004372401003,12.652327564523453,5.43432319212245,9.607916710176143,9.593932211610879,0.2660921962976044,24.11101267570677,34.947403230984584,0.26698256029186623,158.67246067469458,158.4054781144027,42.45776636655683,4.887349640223522,32.100075742957124,13.157052576848676,10.864728572728641,17.063128654177888,236.14279233546281,218.68040393244792,321.8455179679346,0.21961768480485655,-0.9702641267369683,-0.24104972200491723,-0.14419912586143607,0.16761112234755235,0.44118593184338367,0.05641464621799569,0.2089859588911594,-0.21797057265029782
training,augmented,s12,s12_p3,e6,6,2,rapid,ex6_scrt_bno055_20260617_140923_695244.txt,template_times_scrt.txt,161,6.44,3.0795739130434785,3.2838566548730856,-3.8024,9.1924,12.9948,4.5019429156367785,1.176,5.9976,3.224078260869565,4.0,0.6501075000000001,0.9643898374101627,0.9643898374101627,-0.4658347826086956,0.713620504804288,-2.499,2.4892,4.9882,0.8522067058907817,-0.5488,0.8133999999999999,0.7061478260869567,42.0,0.6132962500000001,0.8710417414214072,0.8710440865708233,6.810695652173913,5.802579940102975,-7.8106,22.8046,30.6152,8.947374432079284,9.4472,7.575399999999999,7.892591304347825,6.0,1.2456412499999998,2.0000313099857805,2.0000313559417013,-1.4190217391304347,18.647413967741212,-57.085,51.0825,108.1675,18.70132803788102,-0.18375,15.61875,12.918804347826086,53.0,14.720671874999999,21.481886275740944,21.48188764010349,0.5755978260869572,126.98933574859011,-271.64375,286.22125,557.865,126.99064023275709,0.0,137.75125,92.2641847826087,28.0,22.8397421875,34.51800751731999,34.51800762133418,-2.1319565217391303,18.727726240508055,-63.02625,48.755,111.78125,18.84868612795067,0.06125,14.455,12.463804347826088,42.0,6.708406249999999,9.338262528465192,9.338262559851202,6.44,101.04925551304348,16831.63534585598,9.785575386278598,2.3003847227152985,4.992222346811087,23.129316318473403,18.137093971662317,10.052325875788323,9.529012248916464,2.004343308569265,95.82258487431476,87.4623780482827,0.1225,289.6101439165676,289.4876439165676,129.7367925680914,76.43069905353804,167.70878005787824,43.6179633608016,40.65747332601682,59.628490380018846,778.9446312546409,693.4334469996693,1042.8828716487155,-0.20410919596283011,-0.9213067026156739,0.28241509523046526,-0.5316699660278222,-0.3514251484146299,0.8831817750796025,-0.2158403558565255,0.010919449944198927,-0.10261095497682295
training,augmented,s12,s12_p3,e6,6,3,amplitudine_mica,ex6_scrt_bno055_20260617_140923_695244.txt,template_times_scrt.txt,539,21.56,4.13610909090909,2.8266949816009976,0.0,7.2128,7.2128,5.009750785309494,6.2916,5.821199999999999,4.13610909090909,0.0,0.14845724907063199,0.22121188788559873,0.22121189088551496,0.14880000000000002,0.4508341521305509,-0.9604,1.1368,2.0972,0.4747555926234811,0.2842,0.7938000000000001,0.42352727272727275,50.0,0.20277620817843867,0.28122055420084247,0.2812208940081903,7.98310909090909,1.5998204771186872,4.067,13.1222,9.0552,8.141833719523117,7.0854,2.822399999999999,7.98310909090909,0.0,0.24232230483271378,0.41957026828565624,0.4195704426635381,-0.02204545454545464,5.001501401645426,-34.36125,16.96625,51.3275,5.001549987026749,0.18375,4.165,3.2815909090909092,284.0,4.131642657992566,5.8463983134265955,5.846399006228752,0.10204545454545486,27.037830779470777,-114.96625,99.225,214.19125,27.038023347391555,0.1225,3.154375,12.654318181818182,188.0,3.8318819702602225,6.533437371403328,6.533437692784853,0.13261363636363635,1.8397378499136658,-6.125,12.67875,18.80375,1.8445112450062606,0.0,1.5925,1.2098863636363637,201.0,1.2638220260223048,1.7362844070543924,1.7362854857390009,21.56,91.61245212,759.4724305397727,9.555287722935686,0.5558135046169355,6.889406970124496,13.158674252370561,6.269267282246065,9.571439396454434,9.54311198928316,0.19468867010319002,14.114621551086406,23.66959841250755,0.3775703576818498,115.653397661396,115.27582730371415,27.558527365223505,3.338546418353353,7.430717313825809,10.081117164395874,9.402558528172822,13.78539191165752,164.26777263678045,151.465001960527,223.4402558760427,0.8629022289940086,-0.9238561580323856,-0.8155160640901651,-0.5895168428854606,0.1513293190754947,0.18841051001854628,0.06854411958996195,0.10855161254242165,-0.22869476907416333
training,augmented,s12,s12_p3,e7,7,1,normal,ex7_long_bno055_20260617_165653_093979.txt,template_times_long.txt,1843,73.72,-5.852317525773196,3.05434058105523,-10.9074,-1.8228,9.084600000000002,6.601410213549292,-4.8412,6.2082999999999995,5.852317525773196,0.0,0.19297274701411507,0.29545284230908236,0.2954528435066353,-0.8767144872490504,0.6171021907048756,-2.4794,1.1074,3.5868,1.0721209847424507,-0.9702,0.98,0.9154146500271297,164.0,0.23624277958740503,0.3252439432777328,0.3252439518065686,-5.756933695062398,3.2601969404624844,-9.8294,2.2344,12.0638,6.6159783599967845,-7.252,6.1152,5.775682908301682,7.0,0.19982529858849077,0.28989946020695795,0.2899043660126987,-0.17381307650569727,9.74415260802167,-61.495,58.00375,119.49875,9.745702695751596,-0.06125,7.748125,6.450625339120998,676.0,6.310778365906623,9.595602425675851,9.595602654347216,0.2848473955507328,30.431489582610055,-80.4825,101.85875,182.34125,30.432822679719614,-0.06125,8.4525,19.401627102550187,380.0,3.3854424538545063,4.859363476739341,4.859364357765612,-0.007344682582745583,5.816823079078755,-24.92875,28.35875,53.2875,5.816827716003414,-0.42875,3.7975,3.770082067281606,431.0,2.009911102062975,2.8096875664774994,2.8096883474323873,73.72,88.49922987342377,1054.9709019669017,9.394522009878575,0.4921240487222584,7.6051346575849665,11.836724633106915,4.231589975521948,9.407402929258625,9.399364891310476,0.3759815776636444,22.194617025129773,23.71433906046553,0.2598617420860562,102.44358674717027,102.18372500508421,32.480315607563014,8.164880012896699,38.46331104674214,10.543429551639234,7.876321381978049,13.160560216897462,206.53753063973616,185.9619557377926,277.92013339192374,-0.7188507092884885,-0.9365393077461517,0.7574362782961588,0.46590994835675636,-0.2451487964609452,-0.5751108343954231,0.058741491543545694,0.001012512856296045,-0.039761726256588754
training,augmented,s12,s12_p3,e7,7,2,rapid,ex7_long_bno055_20260617_165653_093979.txt,template_times_long.txt,461,18.44,-6.916546637744036,3.8722983213427025,-13.6024,0.931,14.5334,7.926746601321492,-8.428,6.8306000000000004,6.951409978308026,14.0,0.6723652173913044,0.8465528432154391,0.8465528528660525,-1.0217509761388286,0.7999793558779716,-3.381,2.1168,5.4978,1.2976679186415851,-0.9996,1.0192,1.1020216919739696,58.0,0.6581765217391305,0.8624111268185792,0.8624111362917342,-6.0169023861171365,1.6491705631336835,-11.1916,-0.4704,10.7212,6.2388202306500835,-6.0956,1.6856,6.0169023861171365,0.0,0.553678695652174,0.7443840160771289,0.744384309053608,3.086548264642082,24.094563315213723,-82.81,101.00125,183.81125,24.291454496196973,1.96,28.91,18.251835683297177,189.0,24.293614130434783,33.312822566356004,33.312840832949284,-0.43193872017353574,98.53759103855668,-167.02875,199.7975,366.82625,98.53853773392332,1.225,179.82999999999998,85.40947125813449,31.0,15.893442934782609,20.19420524083378,20.194207710067857,-0.35102494577006493,19.39486097815359,-55.30875,53.47125,108.78,19.39803729438774,0.30625,27.807499999999997,15.791605206073754,56.0,5.812358695652175,7.356241241512662,7.35624218628376,18.44,103.44013157900217,10676.202031155099,9.746390366367455,2.9065454418229564,3.4266523663774238,16.4455855353344,13.018933168956975,10.170552176701232,10.163861541756658,4.956049062114539,91.81562406814542,47.392965808567965,8.388790698008862,203.27786163970856,194.88907094169969,103.32570847158561,95.02964641034397,82.33906078135925,31.70234979911821,15.93836424723043,35.48338255667071,833.9067868495887,535.6216259263329,991.105975823864,0.13106470344752025,0.17299489740266963,0.08469111767374288,0.05659923974501513,0.0971221109887481,-0.6511059946508723,-0.10632991427319143,0.12243794586446803,-0.24373773261581694
training,augmented,s12,s12_p3,e7,7,3,amplitudine_mica,ex7_long_bno055_20260617_165653_093979.txt,template_times_long.txt,1771,70.84,-6.811641897233201,2.152750970542,-10.192,-3.8906,6.3014,7.1437246641589045,-5.831,4.5178,6.811641897233201,0.0,0.1562850847457627,0.22576164299891752,0.2257616430668106,-0.26364822134387356,0.46790425767943583,-1.9698,1.2838,3.2536,0.5370705530675947,-0.2058,0.6859999999999999,0.41719446640316205,278.0,0.20899468926553674,0.28205596283160883,0.28205597853661707,-5.4687209486166015,2.6665734108274437,-8.5652,-0.7056,7.8596,6.084202706120989,-6.2818,5.5222999999999995,5.4687209486166015,0.0,0.1830994350282486,0.2600631229685762,0.26006323707290147,0.017845849802371534,7.950451807702091,-58.9225,51.63375,110.55625,7.950471836372268,-0.06125,5.971875,5.069466403162056,805.0,5.69168220338983,8.446964126000694,8.446964473321723,0.06899703557312235,27.020296757637425,-74.78625,87.465,162.25125,27.02038485036269,-0.06125,5.20625,15.451842885375495,418.0,3.1460699152542375,4.556120744292063,4.556120802245476,-0.07134881422924899,4.655879980668096,-34.545,20.64125,55.18625,4.65642663935317,-0.245,3.4299999999999997,2.9985523715415026,427.0,1.8150416666666664,2.5893019785882605,2.5893020620639757,70.84,88.33876942545456,814.9935089303359,9.386301458035291,0.4859160054362284,7.460169137492795,11.00775593661124,3.547586799118444,9.398870646277379,9.390563320695941,0.2940805533508115,18.018015413081,22.14372663993826,0.10608811196359373,89.23727727945312,89.13118916748952,28.548091160887374,5.667528396488191,24.82387434823889,9.203012587877396,6.257199687015703,11.128701119889024,187.26296879033333,163.37468358529244,248.51299104224665,0.5153122697460498,-0.9371381147926555,-0.5150073750209392,0.11675744811671784,0.2119082078781841,0.057746688857355614,0.021481132895617202,0.0040274185173243,-0.008018354363292974
training,augmented,s12,s12_p3,e7,7,1,normal,ex7_scrt_bno055_20260617_161240_779392.txt,template_times_scrt.txt,546,21.84,-5.008033333333334,3.2504515227835364,-10.3488,-1.274,9.0748,5.970413132250028,-2.8125999999999998,6.953100000000001,5.008033333333334,0.0,0.21943009174311923,0.33550353164753327,0.3355060995357433,0.8788948717948719,0.4479771511164598,-0.5782,2.4598,3.0380000000000003,0.9864784455778766,0.8869,0.6174,0.8905256410256411,22.0,0.33598715596330275,0.4813211794678891,0.48132748370398226,-6.934576923076923,2.7850678065640992,-9.6432,-1.4112,8.232,7.472948533827245,-8.354500000000002,4.42225,6.934576923076923,0.0,0.24039669724770646,0.3697472559513165,0.36974748725349743,-0.26160256410256416,11.444279180334133,-64.8025,39.69,104.49249999999999,11.447268751059108,0.18375,8.942499999999999,7.436826923076922,268.0,8.981272935779817,13.010894339950891,13.01090098431844,0.4008173076923078,32.17176991338918,-108.84125,94.99875,203.84,32.17426664081403,0.0,10.4125,19.76366987179487,162.0,5.874493119266055,7.9461331086429094,7.9461358751851,0.8745512820512821,8.761405695811655,-27.25625,31.2375,58.493750000000006,8.804945752901517,0.245,10.9025,6.815352564102564,241.0,8.397094036697249,10.668253753589989,10.668292246028617,21.84,92.46393248256412,1243.7504654447116,9.59465325334612,0.6376216986731449,7.603347541708191,12.401511827192683,4.798164285484493,9.615816787073479,9.59237775998864,0.3477168091837264,24.90849957728473,24.966319597672346,0.7771753743525333,121.58904099722557,120.81186562287303,35.26684654806425,12.788977633798222,28.08113896296278,13.460810728131575,10.927151189555287,17.33770626634278,393.95325929621896,247.38432448461415,465.1861718826376,-0.3989835571318223,-0.9261461581422353,0.36592281560069934,0.4512112535632429,-0.08966041914374458,0.010122482814501349,0.06351469446508398,-0.06549194762049748,-0.012915858029383708
training,augmented,s12,s12_p3,e7,7,2,rapid,ex7_scrt_bno055_20260617_161240_779392.txt,template_times_scrt.txt,150,6.0,-7.555016,3.79923279599237,-13.1614,2.8714,16.0328,8.456502622148237,-9.1434,5.056799999999999,7.620741333333334,6.0,0.8236604026845636,1.1059083792805404,1.1059089445144419,1.9076026666666666,1.2519982251290223,-1.0878,5.6154,6.703200000000001,2.2817641178702064,1.862,1.3695499999999998,1.9590853333333333,14.0,1.0703704697986578,1.4545352773774327,1.454542153477035,-5.382094666666667,2.7522945262643836,-14.5236,0.5488,15.0724,6.045003569913476,-5.4782,4.005749999999999,5.389412000000001,2.0,0.6807382550335571,0.9519992390111871,0.9520049190555899,0.5132750000000003,28.931420627663474,-90.405,77.7875,168.1925,28.93597329899958,0.91875,32.83,22.177808333333335,72.0,30.136644295302013,38.04194285694105,38.041949333352726,-1.0898416666666666,96.01456598027812,-210.455,183.26,393.71500000000003,96.0207510657961,-0.3675,147.6890625,76.911625,17.0,18.00010067114094,24.844569081922046,24.84458574572492,0.9126249999999997,14.02912364121954,-46.55,40.60875,87.15875,14.058776423688158,0.91875,14.485625,10.676691666666668,54.0,10.641468120805367,14.213340759410018,14.213455612142281,6.0,113.26095224826665,10254.92438053125,10.05270951516881,3.49342005088153,1.2139743819372797,18.28814443075076,17.074170048813478,10.64241289596803,9.78963754438016,4.441197468015343,84.95815000707331,55.10931979172741,4.132900199920148,211.22922797653382,207.09632777661366,101.26660051829157,81.09312814641909,96.2713457111185,43.717412065901975,27.238546300703437,51.5087421931019,1016.9700665613576,618.3145863684063,1190.18529817745,-0.5532150558900659,0.24103826799141073,-0.3704842893108756,0.5042942847828378,0.015999267025922432,0.11401489749226525,-0.0530998335745338,0.06751290794420073,-0.4159715267820768
training,augmented,s12,s12_p3,e7,7,3,amplitudine_mica,ex7_scrt_bno055_20260617_161240_779392.txt,template_times_scrt.txt,509,20.36,-6.466170923379175,2.1102265669891582,-10.1038,-3.3124,6.791399999999999,6.8017955404717325,-5.1352,4.380599999999999,6.466170923379175,0.0,0.1909263779527559,0.25891271902349083,0.2589133234407185,1.5777422396856582,0.4643953116314998,-0.049,3.381,3.4299999999999997,1.6446682280489382,1.568,0.5782,1.5779347740667975,2.0,0.3112464566929134,0.46170327504858394,0.46170730527903875,-6.109674263261296,2.37244458127554,-8.7906,-1.1956,7.595,6.554129453587344,-7.0952,4.3218000000000005,6.109674263261296,0.0,0.20921456692913387,0.30348434582106754,0.3034927389550287,0.09133349705304515,10.841199082360403,-73.68375,36.8725,110.55625,10.841583802704106,0.42875,9.432500000000001,7.258185166994107,202.0,8.491323818897639,12.607308590675828,12.607337519309437,0.2312819253438109,26.57017323185092,-96.8975,89.73125,186.62875,26.571179817606104,0.1225,13.04625,16.422701375245577,144.0,5.702278543307087,7.416711224298687,7.416711541831343,-0.6306704322200392,8.658397706085324,-28.91,37.66875,66.57875,8.681336074062576,-0.98,10.780000000000001,6.792492632612967,214.0,8.597064468503937,10.866835030613087,10.866844502694567,20.36,91.9259690491159,898.933132281434,9.573323185118591,0.526737356171689,7.438458230036652,11.633611329247682,4.19515309921103,9.587803139881206,9.577683945505823,0.3167301838363006,21.85768961774806,20.522537290881523,0.8420482839481356,111.67312921675698,110.83108093280885,29.98221359875608,13.794718418655743,20.20365424123061,12.007206855802004,9.408797779098327,15.25445810659901,390.50868117178015,234.58158329436785,455.54972208466495,-0.08212042632506764,-0.9301976945390997,0.06174713319995254,0.5566213313663836,0.17996095178722296,0.3289037548063433,0.016472705413609918,0.0600001489672376,-0.06611696783651129
training,augmented,s12,s12_p3,e7,7,1,normal,ex7_scrt_v2_bno055_20260617_164227_962207.txt,template_times_scrt.txt,546,21.84,-5.6987538461538465,3.3743529731806974,-10.0548,-1.0976,8.9572,6.6228433007785,-6.2034,7.340199999999999,5.6987538461538465,0.0,0.2480748623853211,0.3291445647741433,0.3293824152656582,0.5425897435897437,0.6576889779292928,-0.8036,2.4892,3.2927999999999997,0.8526185674370818,0.392,0.9995999999999999,0.6395128205128204,113.0,0.3200194495412844,0.4249926247531295,0.425000187544481,-5.323482051282052,3.7719299031521287,-9.4962,1.3524,10.8486,6.524332635957136,-6.600300000000001,7.7616,5.491482051282052,3.0,0.21752403669724765,0.3056240837504504,0.3061793419406225,1.5241826923076922,11.248197107721555,-93.03875,37.79125,130.82999999999998,11.350994275995646,0.765625,9.1875,7.548221153846155,213.0,7.578591743119267,11.323308846052344,11.323317983725019,3.606009615384615,26.317576206598737,-81.40125,69.15125,150.5525,26.56347346896445,1.5925,15.5115625,17.88735576923077,124.0,4.1990527522935785,5.623435217584368,5.623437491699402,0.7793108974358974,4.633869114968277,-14.14875,14.51625,28.665,4.6989433332951815,0.3675,4.6396875,3.435272435897436,170.0,2.422240825688074,3.223286703796226,3.223286705755478,21.84,87.15592815282051,856.5432622395833,9.327719198342077,0.3867592399686701,8.06345286338303,11.522053839485388,3.458600976102357,9.335733937555231,9.338219699045961,0.33760737182389455,21.150255791467906,20.228938236967892,0.7010382924634003,108.95397159609418,108.25293330363078,29.266760364611308,11.240249507536493,32.04505849568877,13.13779641716064,8.166280243027607,15.468995691589743,251.88183635646988,207.24234212783497,326.1806981673472,-0.4649487358899075,-0.9301094083902479,0.2822870192202612,0.5698621952476263,0.17260397632052477,0.15692208936445,-0.08686002501508717,0.05432304029744657,0.0864690308438886
training,augmented,s12,s12_p3,e7,7,2,rapid,ex7_scrt_v2_bno055_20260617_164227_962207.txt,template_times_scrt.txt,150,6.0,-8.673914666666667,1.2763891340489475,-9.4668,-3.7142,5.752599999999999,8.76732370031661,-9.163,0.20579999999999998,8.673914666666667,0.0,0.1994201342281879,0.3081680543605885,0.31031475512505385,1.1400013333333334,0.37030947741705034,0.343,2.8224,2.4794,1.1986376220804462,1.0486,0.30379999999999985,1.1400013333333334,0.0,0.25664161073825503,0.3682057013912235,0.3682103068453056,-2.28536,2.043951427733383,-8.2712,-0.7938,7.4774,3.0660410578681647,-1.2887,1.1931500000000002,2.28536,0.0,0.17692617449664433,0.25964728850014274,0.2638132225189612,-2.89835,8.316884937833796,-57.51375,11.025,68.53875000000001,8.807440479030594,-0.826875,6.7834375,5.104983333333334,77.0,6.669261744966443,10.458388550383138,10.458463004000171,-9.142583333333334,15.917390094161863,-53.83875,4.0425,57.881249999999994,18.356201606450792,-0.826875,16.782500000000002,10.281016666666666,46.0,2.6390939597315435,3.58175061727861,3.5854106495639675,-1.6112833333333334,3.1005727392513935,-15.3125,5.20625,20.51875,3.494250318976399,-0.8575,2.0365625,2.0726999999999998,46.0,1.795981543624161,2.7169039378303967,2.716926608329775,6.0,87.70330478373333,426.7309305,9.361722395758067,0.2479083873030169,8.62064730284217,10.863679041650668,2.2430317388084973,9.36500425967513,9.342445928392486,0.1504388657635598,12.615455161755259,16.357910060938185,0.36235988671485153,73.74820487222046,73.3858449855056,20.65746670092923,3.9981737988010004,18.73517256017956,10.62209995897756,8.69428985130677,13.726604953776699,202.6624142223518,199.84528626165724,284.6228953886806,-0.1204074336846536,-0.9251450766772384,-0.17164429492475344,0.5896407070106102,0.35928869098295374,0.6192127204592612,-0.4044973235803021,-0.46906858200450036,0.36319287922119
training,augmented,s12,s12_p3,e7,7,3,amplitudine_mica,ex7_scrt_v2_bno055_20260617_164227_962207.txt,template_times_scrt.txt,509,20.36,-6.766794106090373,2.8521626227488737,-11.0054,0.5292,11.5346,7.343319011239069,-8.3888,5.125400000000001,6.769104518664046,4.0,0.29345984251968504,0.45083487297959257,0.45098742252483104,1.3450066797642437,0.6576467972220664,-0.9996,4.018,5.0176,1.497178105138756,1.2642,0.3822000000000001,1.3680337917485264,18.0,0.40835905511811027,0.6368396408655921,0.6368435725557037,-4.943358742632613,2.935799375373463,-8.6828,-0.3626,8.3202,5.749409850654717,-5.8506,6.1936,4.943358742632613,0.0,0.24750787401574803,0.3848488775147942,0.3848731372946462,0.4650908644400787,18.47177263579266,-92.365,63.27125,155.63625,18.47762684493342,0.18375,7.77875,11.168317779960708,193.0,8.627930610236222,13.486557135629974,13.486786949550437,1.967821709233791,50.38893688735197,-143.01875,130.9525,273.97125,50.427346578189805,0.3675,11.1475,31.11078831041257,108.0,5.738088090551181,9.142625951772855,9.144668641219416,0.16028487229862481,8.809815993817823,-30.87,41.65,72.52,8.811273976288339,-0.30625,3.7975,5.146925343811395,156.0,2.898403051181102,4.525818188895928,4.526349156319731,20.36,89.22159001013752,2961.9785258226916,9.367419066150367,1.2136927326387503,5.034768479284822,13.22970236702247,8.194933887737648,9.445718078057249,9.35239934776098,0.4313135829421615,34.8406563613644,41.810371800930085,0.35714580355927467,154.6060896379085,154.24894383434923,54.42406201141818,9.61156733121607,60.5014088796037,16.005258210807998,14.731290217609654,21.752682636173375,301.35217009504476,296.5480724009954,422.792963122305,-0.4553000972619103,-0.7384694464820483,-0.02247802460242956,0.8201639970190308,0.5552284654003554,0.6362580559793196,-0.022953016875900147,-0.05549299341534249,-0.04202829213084986
training,augmented,s12,s12_p3,e7,7,1,normal,ex7_scrt_v2_bno055_20260617_164227_962207.txt,template_times_scrt_v2.txt,619,24.76,-5.349960904684975,3.2727171471313334,-10.0548,-1.0976,8.9572,6.271583468852594,-4.7334,7.1393,5.349960904684975,0.0,0.242462783171521,0.3325688065063361,0.3325692964750787,0.6537819063004846,0.635801220444075,-0.5096,2.8224,3.332,0.9119616071546385,0.4998,0.9702,0.6964649434571889,110.0,0.3267300970873786,0.43329385155858485,0.4332989075695563,-5.980960581583199,3.3688779849590134,-9.4962,0.6958,10.192,6.8644903930294445,-7.7224,6.4043,6.003758642972536,3.0,0.22034142394822004,0.3113313916007304,0.3113458172656292,0.2904180129240714,11.436271114338314,-93.03875,37.79125,130.82999999999998,11.439958025398504,0.06125,9.585625,7.576892164781907,256.0,7.983114886731393,11.779564500690897,11.779564667467836,0.4660541195476582,26.594203311954203,-81.40125,69.15125,150.5525,26.59828671625116,0.30625,17.241875,18.247156704361874,129.0,4.027831715210356,5.4352630597692215,5.435272095937518,0.23668820678513725,4.68694534330938,-15.3125,14.51625,29.82875,4.692917851230794,-0.18375,4.34875,3.376171243941842,189.0,2.39400283171521,3.2369007814530875,3.236902433809087,24.76,87.28566153570276,860.3649738211834,9.334794601089976,0.38375941833939414,8.06345286338303,11.522053839485388,3.458600976102357,9.34267956935818,9.345778619248373,0.33120069340722935,21.411499685918685,20.04775935163547,0.2598617420860562,108.95397159609418,108.69410985400812,29.331978689157392,13.253231917158924,31.695507893062782,13.249969411912083,8.455316194602547,15.717953472615761,258.0524174859688,212.47379780423577,334.2695991616767,-0.6698228746088969,-0.9415230533179567,0.567783827615185,0.5897279572436638,0.2260638392854648,0.24362679409436827,-0.03467896320996102,-0.06682106197040734,0.05708335535096375
training,augmented,s12,s12_p3,e7,7,2,rapid,ex7_scrt_v2_bno055_20260617_164227_962207.txt,template_times_scrt_v2.txt,170,6.8,-6.671897647058824,3.5164176758699943,-11.0054,0.5292,11.5346,7.54184403736911,-8.477,6.235250000000001,6.678815294117647,4.0,0.5679360946745562,0.7176884938309759,0.7176892528585327,1.4747270588235295,1.0843175412253536,-0.9996,4.018,5.0176,1.8304547053219575,1.3328,1.6292499999999999,1.5436729411764705,18.0,0.8069633136094675,1.0285580071479365,1.0285638918057678,-5.5641517647058825,1.812909951958081,-8.1144,-0.3626,7.7518,5.85204471570307,-6.1642,1.6806999999999999,5.5641517647058825,0.0,0.4673266272189349,0.6214966271337292,0.6215126664487322,0.6377205882352935,30.18977394198659,-92.365,63.27125,155.63625,30.196508709069526,-0.520625,41.940937500000004,24.54755882352941,35.0,16.504881656804734,21.397070287934184,21.397075198984695,-0.7321176470588251,80.14878141768493,-143.01875,130.9525,273.97125,80.15212510588206,1.071875,151.2875,69.34508823529413,8.0,11.301531065088758,14.633549136023225,14.633549248224844,0.5926838235294118,14.558072959159931,-30.87,41.65,72.52,14.570132545687326,-1.04125,14.1640625,10.851698529411765,28.0,5.24792899408284,7.232063179281561,7.232074948597406,6.8,94.47640326682352,7548.481059604779,9.506210290087344,2.026911243113776,5.034768479284822,13.22970236702247,8.194933887737648,9.719897286845347,9.629088045369418,3.162741265324126,76.54739416148706,41.097171516914834,3.622045563283267,154.6060896379085,150.98404407462522,86.88199502546416,82.15794641073362,69.6967902673365,30.97137549550844,16.289140892352005,34.993745313908235,575.9642993882248,347.7631198654912,672.8105689630245,-0.7158918434429145,-0.4465912907655839,0.15378893715475664,0.8466955222231719,0.5571041514993123,0.6194393976146216,-0.04306543502317464,-0.0665096786075358,-0.12870703734377065
training,augmented,s12,s12_p3,e7,7,3,amplitudine_mica,ex7_scrt_v2_bno055_20260617_164227_962207.txt,template_times_scrt_v2.txt,518,20.72,-6.209094594594594,2.397794311495682,-9.7706,-3.4496,6.321,6.655995285820511,-4.7971,5.027400000000001,6.209094594594594,0.0,0.17776479690522246,0.24720185915298065,0.24720221090321018,1.3114783783783786,0.2940286965542145,0.5586,2.6754,2.1167999999999996,1.3440343787832778,1.274,0.26459999999999995,1.3114783783783786,0.0,0.24202398452611218,0.3280600698768469,0.32806021007024705,-5.799140540540542,2.7493955525847276,-8.7122,-0.6468,8.065399999999999,6.4178818089392635,-6.928599999999999,5.341000000000001,5.799140540540542,0.0,0.19277756286266917,0.26763181400818176,0.267639643696787,-0.10511824324324305,9.2590389893036,-42.69125,46.06,88.75125,9.259635675905763,0.33687500000000004,6.155625000000001,5.987246621621622,247.0,6.276407156673114,8.81901720313931,8.819033248785368,0.4405743243243247,27.763291721943187,-70.13125,106.82,176.95125,27.76678722814314,0.0,7.625624999999999,16.63445945945946,114.0,3.404765473887814,4.771736717395707,4.771746849049814,-0.06042229729729732,5.2392582728736,-21.56,18.4975,40.0575,5.239606674540097,-0.398125,3.1237500000000002,3.3568074324324324,157.0,1.9562088974854934,2.5768968748347616,2.5769219731411424,20.72,87.29790856972973,884.1888039273648,9.331751101931992,0.4651128264419184,7.5116728310010945,11.019702371661404,3.50802954066031,9.34333498113654,9.33649965220009,0.27548427936374686,19.0605738953299,22.822868503061425,0.45009374023640897,109.70011794233632,109.25002420209991,29.73531240675579,5.529486673022664,31.680271626228322,10.23494753032427,6.743365807746139,12.256717887165824,205.9814369139957,156.72443676164795,258.8260060956205,-0.10404648026527992,-0.943052625839948,-0.02206792664389874,0.6274967420939478,0.5765950324165274,0.7084534675758548,0.015661601755905162,0.050233653695021335,-0.0031788985557846643
training,augmented,s12,s12_p3,e8,8,1,normal,ex8_long_bno055_20260617_170534_544651.txt,template_times_long.txt,1641,65.64,-3.390955271176112,4.0773853801791935,-11.0152,2.1952,13.2104,5.303173501745543,-2.5676,8.6632,3.9426457038391227,66.0,0.3247026829268293,0.469777803847463,0.4697780008658994,3.4762349786715414,2.5942481392477448,-2.3912,9.898,12.2892,4.337549196831078,2.7146,4.165,3.51599634369287,47.0,0.5994134146341463,0.8285846092551965,0.8285856145763857,-6.263979646556978,2.687541057785399,-10.6036,2.0678,12.6714,6.81618059838223,-6.8992,4.4394,6.316831566118221,1.0,0.3301643902439024,0.4710999215548594,0.4711108095016164,-0.12022318708104827,17.50854071777132,-119.1925,92.365,211.5575,17.508953471883128,0.6125,10.963750000000001,10.715390767824497,724.0,10.761214176829268,16.13595735580249,16.13595800970043,0.43628960999390676,36.27865788865251,-113.19,161.7,274.89,36.28128121808377,-0.42875,9.065,21.096164686166972,427.0,5.687099847560976,8.551706495631064,8.551710847397285,-0.17964427178549663,23.6857258590551,-88.69,110.8625,199.5525,23.686407104807955,-0.735,7.105,13.280276508226688,411.0,4.483425304878049,6.5445533401075195,6.544558497850221,65.64,93.39830017430833,2183.940700040943,9.647030293951506,0.5771539499044094,6.510689576381291,12.421220687194959,5.910531110813667,9.664279599344606,9.644703744542909,0.42221790426785866,30.319525041692444,35.56215827656032,0.39694536777748146,172.846859717099,172.44991434932152,46.73265132689288,11.048114658166796,45.381971241667415,21.368250628311273,15.784237979445583,26.565848443181665,362.0705003187564,322.66475415511775,484.9820520133268,0.5506540479624299,-0.6285923637351897,0.03843116587550077,0.01018851253550327,-0.21037021803093967,0.7909848153078172,0.007533143838727501,-0.04362851827154616,0.047277123382128576
training,augmented,s12,s12_p3,e8,8,2,rapid,ex8_long_bno055_20260617_170534_544651.txt,template_times_long.txt,491,19.64,-5.683081873727087,3.6911128599082135,-11.5052,6.5366,18.041800000000002,6.776557660646382,-7.203,6.600300000000001,5.939957637474541,26.0,0.93938,1.3444980542938691,1.3444981472653654,3.2245592668024443,1.858274675823024,-3.5868,11.3288,14.9156,3.721688761291933,2.842,2.4059000000000004,3.2660346232179225,16.0,1.3877799999999998,2.1101631490479593,2.1101631605162665,-6.160148268839104,2.5405380132952198,-11.368,-0.2548,11.1132,6.663464571158117,-6.5268,4.165000000000001,6.160148268839104,0.0,0.83056,1.2393399462617187,1.2393403826229499,0.5614791242362525,36.070578964919704,-132.3,188.0375,320.3375,36.07494872721875,-1.1025,25.878125,22.576051425661916,193.0,24.90975,38.372246054277305,38.3722464484424,0.03505346232179146,108.0780054738416,-247.38875,343.49,590.87875,108.07801115837096,-2.695,165.92624999999998,83.6374363543788,43.0,21.961,32.82171906299242,32.8217193381532,-0.20682790224032566,60.67499212965731,-135.42375,230.6675,366.09125,60.67534464438683,-1.16375,78.369375,45.811008146639516,50.0,13.529250000000001,20.83103883031281,20.83103883031281,19.64,104.17446105507129,16663.755869335542,10.02726287627751,1.9048517698493441,3.658354570021883,14.832017522913057,11.173662952891174,10.206589099942805,9.820118349592331,1.9041258101067982,102.29553875888527,78.73613287027085,0.2525402195690817,365.9667612916677,365.7142210720986,129.08817091172816,106.94267540077254,144.9305175910722,52.879219948371755,45.56924245202813,69.80521298585084,1021.2902253554721,906.4948901924001,1365.5646122946957,-0.018482668331301105,-0.4149572899145729,-0.20515870226085967,0.33011232356068076,0.44937550466935733,0.934046110069196,-0.051954309733479996,-0.04864587336969699,0.06622451869127703
training,augmented,s12,s12_p3,e8,8,3,amplitudine_mica,ex8_long_bno055_20260617_170534_544651.txt,template_times_long.txt,1575,63.0,-6.319039999999999,2.188748213406213,-10.045,-1.96,8.085,6.687367588467744,-5.586,4.439399999999999,6.319039999999999,0.0,0.23152033036848793,0.3271415135651578,0.3271415136244063,3.1302506666666665,1.739955585259961,-0.833,8.477,9.31,3.5813286186615776,3.1262,2.5039,3.144449777777778,16.0,0.3583288437102922,0.503522476819094,0.5035228169525864,-5.6024577777777775,2.0809366446748485,-8.5946,-0.8428,7.751799999999999,5.9764396149324,-6.3602,3.4153000000000002,5.6024577777777775,0.0,0.24551677255400253,0.33909258377594487,0.33909413996121424,0.15645,8.392222748970223,-43.365,77.91,121.275,8.393680913093691,0.0,6.55375,5.425427777777777,718.0,5.889845139771283,8.355328859501869,8.35532957727828,0.09438333333333358,28.085348294459713,-106.575,104.9825,211.5575,28.08550688584278,-0.735,7.9625,16.065738888888887,332.0,4.503042407878017,6.446670377721749,6.446670759302949,0.005638888888888831,14.351945350675129,-73.56125,52.0625,125.62375,14.351946458436686,-0.8575,4.4712499999999995,8.120661111111112,321.0,2.4386761435832276,3.5034646197535793,3.503465589871537,63.0,93.26463040906665,1065.227943451389,9.647759098434419,0.43055172470049147,7.430946529211471,11.827755562235804,4.396809033024334,9.657361462069577,9.641551586752,0.33706977264295723,20.059963017624618,25.745404001159535,0.32984134443698837,146.99788175557157,146.66804041113457,32.63782994396823,6.891917934254585,23.382810876890716,14.084714110120998,9.941546609501476,17.23988168615817,220.177116037899,169.70678293821325,277.98984622105223,0.8064095421402563,-0.8661783070809332,-0.6238311919034824,-0.3925927873883964,-0.437675541152604,0.9389830494592523,0.007861824633035261,0.019901837428312558,0.014293908381785278
training,augmented,s12,s12_p3,e8,8,1,normal,ex8_scrt_bno055_20260617_170018_516871.txt,template_times_scrt.txt,648,25.92,-4.595095987654322,3.948699169673032,-11.4366,2.0286,13.4652,6.058641123909991,-2.6999,7.71505,4.809728086419754,8.0,0.4177950540958269,0.6730155527714204,0.6730158392921939,1.2664836419753087,1.2739838185704435,-2.6264,5.586,8.2124,1.7963895973230224,1.2397,1.7835999999999999,1.471497222222222,93.0,0.713976197836167,1.0407196520684436,1.0407223689992418,-5.872952469135803,4.00910277393064,-10.9074,3.9788,14.8862,7.110870253117172,-8.266300000000001,6.8355,6.381947530864198,5.0,0.36481143740340033,0.5533008333619002,0.5533646910476849,-0.20945987654320947,19.00450655131058,-142.03875,89.97625,232.015,19.005660806683053,0.06125,9.953125,10.605702160493829,333.0,12.446340803709427,19.673950906187653,19.67395157034282,1.472173996913581,39.280579273670924,-140.44625,241.08,381.52625,39.3081569696715,-0.30625,10.5503125,21.431167052469135,172.0,7.660036707882535,12.834068476409701,12.834068493517943,-0.8126967592592588,15.56921018336689,-69.2125,83.6675,152.88,15.590406721967382,-0.98,6.2015625,8.575189043209877,162.0,4.732154173106646,8.009963550394302,8.009963644937391,25.92,90.49862361037037,2149.4071288073883,9.491793252248367,0.6359909330664355,5.86112921884512,11.980655315966654,6.119526097121534,9.513076453512312,9.48410663308399,0.39067015172649455,27.943431035929915,36.994212935912245,0.5050804391381634,274.60491957765436,274.0998391385162,46.36169894220215,9.535099709011831,31.360632850714865,25.650263177893,22.214413238081384,33.93252358147591,434.01693725267273,443.384764599424,620.4520539905377,0.32771348992029714,-0.8575351205246677,-0.3677636214291108,0.12483503595071971,0.038936999911280294,0.783713838245876,-0.04410250811906113,-0.1634293671815442,0.0819709932662295
training,augmented,s12,s12_p3,e8,8,2,rapid,ex8_scrt_bno055_20260617_170018_516871.txt,template_times_scrt.txt,131,5.24,-6.867032061068703,3.625533175914835,-14.3864,3.4594,17.8458,7.765347393221026,-8.575,4.9343,7.034903816793893,10.0,1.131070769230769,1.6547187453293621,1.6547188552277252,1.869331297709924,1.8362479537487324,-4.557,6.6934,11.250399999999999,2.6203446430277593,1.9404,2.6362,2.160937404580153,22.0,1.4656276923076923,2.2127757190049224,2.212821103687119,-5.751253435114505,2.7405902610248174,-11.27,-1.0192,10.2508,6.370851674128072,-6.272,4.5962,5.751253435114505,0.0,1.045283076923077,1.4259825580117893,1.425987946005802,-1.257729007633588,51.519105473486285,-136.64875,199.61375,336.26250000000005,51.53445557144121,-0.98,39.75125,33.54629770992367,37.0,25.609567307692306,38.80131878789942,38.80132407704937,0.8995801526717576,130.9136159195263,-230.23875,281.81125,512.05,130.91670664042974,-1.53125,222.8275,103.98660305343512,9.0,24.74075961538462,35.81634960888066,35.816411218995306,-1.918854961832063,43.67527680216966,-94.38625,94.38625,188.7725,43.71740852464481,-1.5925,60.57625,33.31719465648854,17.0,12.528451923076924,18.068951857888603,18.06896321582153,5.24,107.75457723938932,21706.19599673187,10.101422897372416,2.39078076950389,4.521731044633238,18.411245159412765,13.889514114779526,10.380490221535268,9.691744175327782,2.310590249669577,119.19530365496269,86.59489351764978,0.8705260622175536,352.7269709571767,351.85644489495917,147.330227708817,128.7066844794298,145.83607047307922,59.451916436189165,50.08034020592615,77.73397483132408,1081.6843470019135,881.3270717917266,1395.270021903264,-0.19743733337715672,-0.1977243368773011,-0.20006683383275778,0.6883003465104589,0.5936797437578334,0.9121625289231499,-0.3200711947090401,-0.14289882834984494,0.09135408252074328
training,augmented,s12,s12_p3,e8,8,3,amplitudine_mica,ex8_scrt_bno055_20260617_170018_516871.txt,template_times_scrt.txt,520,20.8,-6.597322307692307,1.8317757233294938,-9.4962,-4.1356,5.3606,6.846901776143269,-5.9045000000000005,3.863649999999999,6.597322307692307,0.0,0.1590847784200386,0.2197262373340072,0.21972624463611135,2.025923846153846,0.7837258846054479,-0.2156,3.871,4.0866,2.172232421407844,1.9992,0.9922500000000001,2.027243076923077,6.0,0.29885279383429675,0.38216028094782967,0.3821680437211077,-5.743214615384615,2.253759865462824,-8.3104,-0.9702,7.340199999999999,6.169598661950262,-6.5954,3.8906000000000005,5.743214615384615,0.0,0.1898443159922929,0.29195645232214296,0.291959275804561,0.4891754807692307,6.386858197931166,-27.74625,29.89,57.636250000000004,6.405564010410507,0.06125,4.3640625,4.041204326923077,266.0,4.149894026974952,5.736448488019885,5.736448492875726,0.1309807692307686,24.83274640086606,-73.3775,94.14125,167.51875,24.83309182867962,-0.49,4.0578125,12.860615384615384,135.0,3.4330684007707126,5.256522543511187,5.25652273428178,-0.3028341346153846,10.085562084168561,-34.48375,39.935,74.41875,10.090107584496149,-0.6125,2.8175,5.537117788461538,116.0,1.9029985549132948,2.7617777628651052,2.76177806796643,20.8,89.6626052743077,759.5239711298077,9.465244209421455,0.26787558739330036,8.270305875842803,10.731827821950928,2.4615219461081246,9.469034020126218,9.459104478849982,0.22217022895626037,15.368920247205244,22.876194210682254,0.32984134443698837,104.42178366186339,104.0919423174264,27.559462460828364,4.164430248370683,11.012664066356802,10.987372409852963,7.349170488707955,13.21864816631769,162.5215557449814,127.24012961057925,206.4056846724094,0.5479639539282202,-0.962643336288508,-0.5780682358527138,0.6664667518552452,0.6421984564848354,0.9714904048127531,-0.03890725426121404,0.12126344382508564,0.02323957531249482
training,augmented,s2,s2_p2,e6,6,1,normal,template_session.txt,template_times.txt,118,4.72,3.782227812711864,7.968730888173074,-10.66760982,9.80425632,20.47186614,8.820766361001452,9.45998694,14.691503955,8.548360323559322,2.0,0.4083864928205127,0.8082269074371047,0.8082292553173323,-3.476781387457627,1.7886291766914932,-7.8189324,-0.74819856,7.07073384,3.909885311346596,-2.42476797,2.535357135000001,3.476781387457627,0.0,0.46855918717948725,0.833258148095333,0.8332588384338465,2.5642469191525423,2.327866655676726,-1.98345426,10.76800842,12.75146268,3.4632824645117886,1.70121312,1.8427618350000001,2.7211241293220336,4.0,0.6384272323076923,1.1338890802965422,1.1338918229385389,0.001277065932203387,0.46689838444652815,-1.4931576,1.992621,3.4857785999999997,0.46690013096611266,0.02443767,0.201961275,0.2779784303389831,47.0,0.21959838051282052,0.42990541691442896,0.42990546555600595,0.053036110169491536,1.7587909453837052,-3.79110846,4.89562974,8.6867382,1.7595904121543795,0.01764396,0.135238995,0.9995475650847456,12.0,0.16293813897435894,0.2661167709331612,0.26611679802156735,-0.03986013915254237,0.8463503015544355,-2.04148002,1.98054216,4.02202218,0.8472884182110269,-0.01119501,0.136081515,0.5084891638983051,18.0,0.09919184410256408,0.16254275189008296,0.16254293884123544,4.72,105.0874477722535,4.032051814476336,10.14389538804643,1.47947089482147,6.007582933368944,14.675827539491747,8.668244606122803,10.251216892264718,10.046172521483383,0.25820249534286965,1.2026938919493138,1.6079736368311974,0.028436083002220964,5.218089486971837,5.189653403969616,2.0079969657537675,0.20930531707478306,2.191335570119766,24.88531058201969,32.039229807808326,40.56834886264333,8.4024474093115,10.280298832151313,13.277261259182076,0.862597137433725,-0.6209441027520042,-0.822166292635379,-0.5576915085162271,-0.651252491640977,0.9697889203854506,0.17039656666874645,0.10949317111020472,-0.12898243696302536
training,augmented,s2,s2_p2,e6,6,2,rapid,template_session.txt,template_times.txt,67,2.68,-0.6674937546268657,8.460714586907704,-13.82679156,9.54206124,23.3688528,8.487004137714242,-0.29320614,18.317630219999998,8.018176185671642,2.0,0.8141720054545456,1.2012452949947916,1.2012648577632972,-4.671138762089553,1.9099608244025605,-9.2775171,0.78171678,10.05923388,5.046532243575585,-4.15703958,2.37612366,4.694473591343284,2.0,0.9116244745454545,1.456028184579267,1.456039399542617,2.6832104776119405,2.7934393323682705,-4.43755998,9.20329068,13.64085066,3.87336052682791,1.75042608,2.55664836,3.0057653211940303,6.0,1.2199438772727271,1.8434772911612507,1.8435179234810082,-0.009995649850746267,0.8783577425955033,-3.23894472,2.04022134,5.27916606,0.8784146156533411,0.07346652,0.36824294999999996,0.5249840892537313,15.0,0.3999061454545455,0.7854268161297893,0.7854273805602463,0.0328843889552239,2.304193472093929,-4.43308626,4.50026244,8.9333487,2.3044281155803565,0.01581816,1.29594366,1.6065069573134327,7.0,0.3020126345454546,0.4160737390071569,0.4160741730605551,0.043063775820895524,1.4411578793731257,-2.34256362,3.45739608,5.7999597000000005,1.441801138183486,0.02627418,1.145409,1.024795507164179,8.0,0.2372256809090909,0.37116357114963344,0.37116362248215196,2.68,112.49964868981527,8.160791698937837,10.323497186512315,2.434143489995519,5.1666592466984484,16.061844849170903,10.895185602472456,10.606585156864355,10.038514054908095,2.2162974805550775,2.0551124623659254,1.984264212741363,0.033493233071353386,5.3433336456596106,5.309840412588257,2.8567099430879987,1.0557144204550473,3.9525226431038125,48.33817087511234,44.88262681727984,65.96232980702521,16.07200291170549,17.93184106076459,24.080286572679995,0.6870872215789694,-0.45435057113497923,-0.7717234154215411,-0.32330432697004036,-0.4517211129397469,0.959951365033957,0.0915438021197788,0.08397501346649318,-0.13734784355185542
training,augmented,s2,s2_p2,e6,6,3,amplitudine_mica,template_session.txt,template_times.txt,114,4.56,-1.9301917389473686,4.349902430464243,-10.32448386,1.74503742,12.06952128,4.75891703055006,1.18408128,8.131177605,3.4301235705263156,2.0,0.2738794417699115,0.4695441905150205,0.4695442104029115,-6.643306991578947,0.8442458792886629,-7.7652498,-4.38602856,3.3792212400000006,6.696736435686984,-7.00842663,0.6536845950000005,6.643306991578947,0.0,0.26470255592920355,0.4479639401120469,0.4479650420649686,5.432323104210527,1.8423065383086756,1.3283766,7.03353546,5.705158860000001,5.736220679997796,6.62580219,2.5157234099999997,5.432323104210527,0.0,0.30073476902654867,0.49215087644883854,0.4921582818341564,0.031308917894736846,0.3202249539780586,-1.54566516,1.03266636,2.57833152,0.32175187565885166,0.03011448,0.101869695,0.16255017052631582,44.0,0.14383435221238938,0.26464594335349845,0.26464605619087395,0.04624507315789472,0.7903229547294028,-1.35130008,2.6213337,3.97263378,0.7916747940686205,-0.00259641,0.163995345,0.4343240078947368,22.0,0.08667905840707965,0.14515477219116518,0.14515489638735743,-0.020213402631578958,0.6730071894219932,-1.53295392,1.88905122,3.42200514,0.6733106702404448,-0.014348340000000001,0.18560226000000002,0.3896476857894737,12.0,0.07213785716814158,0.12142694969154304,0.1214275389020272,4.56,100.3977978823514,1.1836205077132187,9.972924938582192,0.9687961869024643,6.161796486557352,12.910781370404122,6.74898488384677,10.01987015296862,9.970358830783917,0.2795381075503087,0.6273240337085809,0.8888672929323106,0.00633078133831836,3.4368576224710803,3.430526841132762,1.0879432465497538,0.16793263613980353,0.9256148433382063,13.480105782430316,15.260713772713371,20.361793554551987,5.221968230238041,6.236074621217378,8.133730932297114,-0.5999786613911483,0.9147626368598749,-0.7912991996447817,-0.6098986508933517,-0.622132973320116,0.9733061694892934,0.12037431934124226,0.31598834689345545,0.006053459876786876
training,augmented,s2,s2_p2,e7,7,1,normal,template_session.txt,template_times.txt,113,4.52,-3.238864970442478,5.354269426793139,-12.63890976,1.70492694,14.3438367,6.257671083674109,0.51421668,10.63404672,4.399144794159292,2.0,0.3828447053571429,0.672983045161693,0.6729995485233645,-0.3790306550442478,0.7227617804237083,-2.47385904,0.6425847,3.11644374,0.8161181462904255,-0.21098904,0.97458654,0.5792715127433629,12.0,0.25117347,0.3677840695140282,0.36778890257062646,-7.812829703893805,2.8001511488447957,-10.6694295,-0.34690506,10.32252444,8.299467117738475,-9.08625384,3.91893282,7.812829703893805,0.0,0.5604563217857141,0.9572058066780736,0.9572436817003873,0.01590758601769911,0.4412983664706612,-2.57880786,1.5123948,4.09120266,0.4415849856398929,0.01222062,0.27939738000000003,0.2614895739823009,32.0,0.20532041732142856,0.371119654975615,0.37112724520176216,-0.022742208849557518,1.2990450172846142,-3.27757008,3.1068639,6.38443398,1.2992440744507328,0.0546261,0.20393676,0.7523057840707964,8.0,0.1443454457142857,0.2257304843374292,0.22573095493603385,0.06650165309734513,0.361432170362421,-0.4783443,1.35764346,1.83598776,0.36749922943806257,-0.00300696,0.09671640000000001,0.18618765876106194,41.0,0.06995375839285713,0.10478864791485824,0.1047892123289838,4.52,108.70565065857781,2.0180881481754955,10.191368797173766,2.2003755812521515,4.904769304664107,15.672493174252065,10.767723869587957,10.426200202306582,10.063633810257036,1.0073340023629545,0.886985212726351,1.1096600292793668,0.03165700781445398,3.3871436636973526,3.3554866558828986,1.420594294010607,0.20718548095006367,1.4464137503523586,20.890777791686705,22.44762209755553,30.664643069442274,7.268172496692827,8.483386148128742,11.171131186229292,0.6230883962166217,-0.6281031706891677,-0.7108101838979455,0.23327011774394257,0.23205447491352668,0.8208246719405821,0.2451689078063837,0.48107559137712996,0.01280146929681886
training,augmented,s2,s2_p2,e7,7,2,rapid,template_session.txt,template_times.txt,57,2.28,-5.987039796842105,6.447315670823261,-13.84746492,3.29061792,17.13808284,8.798438775613226,-9.245331,13.003992239999999,7.5339604157894735,2.0,0.8953118667857142,1.1974525976427508,1.197461356650819,-0.8753288905263158,1.3499371357120802,-3.21170868,1.36818924,4.5798979200000005,1.6088912135270572,-0.94370196,2.46859278,1.3725001536842105,10.0,0.4984179182142857,0.6583114673040653,0.6583132069876726,-6.302857708421054,2.808055173851403,-10.25384988,-0.19872048,10.0551294,6.900086169896454,-6.43066956,4.615584660000001,6.302857708421054,0.0,0.9619187775,1.2545975561076277,1.2547188070765827,0.09687784631578948,0.5591181143327731,-1.53766734,1.91091594,3.4485832800000003,0.567449013464489,0.11118,0.50869644,0.4126217094736842,16.0,0.35119918714285714,0.5066944538052663,0.5067346384337513,-0.016605778947368442,2.2223235227345417,-3.87795636,4.4114898,8.28944616,2.2223855632166334,-0.05721078,2.09944764,1.6387406252631578,4.0,0.3292463464285714,0.41830631613072145,0.418307158446932,0.1825357821052631,0.7341080512704783,-1.14228372,2.39047914,3.53276286,0.7564614614697296,0.0351339,0.55259112,0.4737619231578947,9.0,0.20956737857142857,0.29017701269534224,0.29017886178279656,2.28,127.61224497717522,5.833229917164454,10.583046675125326,3.9511223784254015,3.411794620531789,17.02343121736502,13.611636596833229,11.296558988345753,10.518813204289286,6.248764198320935,1.855693910500591,1.545842821148217,0.04320117842601056,4.993028958601819,4.949827780175808,2.415208048422424,1.524215003514833,2.8229793563859094,40.19592708777783,23.136404983334355,46.37893692182703,15.169495026270102,9.61063595251497,17.957669747598285,0.6895391982280863,-0.010576898405262934,-0.23708691305086804,-0.32629443345243553,-0.45949330583475184,0.8347340136102861,0.381093894161454,0.46161282867058506,-0.1445509517630986
training,augmented,s2,s2_p2,e7,7,3,amplitudine_mica,template_session.txt,template_times.txt,100,4.0,-6.360373720199999,2.916479096836246,-11.75145162,-3.7273044,8.02414722,6.997156864248047,-4.11915678,5.673942524999999,6.360373720199999,0.0,0.2933050078787878,0.5030055060137419,0.5030077465227554,-1.0841015124,0.8552525068562197,-4.24291338,0.14959932,4.3925127,1.380845009286638,-0.6929956500000001,1.16389701,1.0870934987999998,2.0,0.25640802242424243,0.5029693031163492,0.5029948505043147,-6.7233853146,3.025190044095117,-15.21151194,1.6001709,16.81168284,7.3726307985325805,-8.09005962,4.133903430000001,6.781160705400001,2.0,0.6605302296969695,1.7688235847949199,1.7688299502647684,0.0648785586,0.45529664093210914,-1.75732026,1.82711172,3.5844319799999997,0.45989592149754444,0.036696030000000004,0.222527025,0.2837480166,30.0,0.21011523999999993,0.4294213452394641,0.4294263460062683,0.013533094799999992,1.0360091029309946,-2.44952388,2.40919206,4.85871594,1.03609748866154,0.02709885,0.12502190999999999,0.602285418,10.0,0.14729681939393938,0.2816115270280516,0.28161161066797497,0.0463501566,0.3774845947702458,-1.2901419,1.21097358,2.50111548,0.3803195449956539,-0.00178194,0.09862533000000001,0.2068294698,30.0,0.10044159454545454,0.1518907872086381,0.1518908633876472,4.0,105.22262201403653,1.4296452209265267,10.146637263838985,1.506112296646784,7.219898860707024,18.126627140596987,10.906728279889965,10.257807856166762,9.926800466364014,0.6100283153714852,0.7747478104742673,0.9107200728499704,0.021631635829654678,2.581603614381465,2.5599719785518102,1.1956777245255206,0.18554199117343118,1.4069816330254639,21.32019360733897,42.62847461587702,47.66274754492116,7.824195585446373,10.863760335199364,13.388029174601074,0.7142740086713953,-0.7111569684794515,-0.538563399694532,0.056958343772708815,-0.03556445707839052,0.688730973893659,0.060141310884307714,0.4965550475111314,0.07851217374936774
training,augmented,s2,s2_p2,e8,8,1,normal,template_session.txt,template_times.txt,104,4.16,-2.954910135576923,4.463855140190527,-18.33375744,0.67581426,19.0095717,5.353269713169758,-0.17992953,7.473550455000001,3.0523519909615384,10.0,0.5292124130097087,1.3298054891712876,1.3298056248368468,8.142773769230768,2.8559063887364116,0.75020898,11.36734614,10.61713716,8.629076773218449,9.621161220000001,2.83776954,8.142773769230768,0.0,0.7942420135922331,1.4297840534357613,1.4297948157042402,0.6233114469230768,2.7481348391069,-13.97300754,3.83903622,17.812043759999998,2.8179358143468147,2.11299171,3.76181406,2.4186610338461536,2.0,0.583481007961165,1.6142051336063106,1.614216661105978,0.04961285884615386,0.8615421580686009,-3.3677952,2.93495514,6.30275034,0.8629694814374321,0.03685668,0.269925915,0.44159823115384617,28.0,0.24593642854368936,0.41286925529078705,0.41286926053807266,0.04690062980769231,0.3802970603605101,-1.22584824,1.34522088,2.5710691199999998,0.3831781872643636,0.02361096,0.08152554000000001,0.20474335442307692,23.0,0.1226880559223301,0.24281901863741262,0.24282439711474116,-0.01482261057692306,1.5275723571095707,-4.3552113,5.56862472,9.92383602,1.5276442701066257,-0.027196770000000002,0.14689326,0.7262860863461539,27.0,0.28345229592233007,0.6376930425988047,0.6376985427426352,4.16,111.0592248338172,3.2252388650771993,10.248471040529486,2.4552120407911175,3.7440471479703077,25.701909653724666,21.95786250575436,10.53846406426559,10.00921421371241,0.7007473325607929,0.9415435837193739,1.5292921712459255,0.02249521736241728,6.370805178710559,6.348309961348142,1.795895003912311,0.2075400083580247,0.5958975629472425,31.313635298392672,55.05407361683931,63.33636220536435,11.616439644014005,16.20527447975351,19.93872089596448,0.5707771583128888,0.9279018215393142,0.3474509792649171,-0.8162768971714058,-0.7360126110584585,0.7607635001063665,-0.06747464981811431,0.03236620183247486,0.0003540557369996222
training,augmented,s2,s2_p2,e8,8,2,rapid,template_session.txt,template_times.txt,51,2.04,-5.89227576,4.858861216590941,-13.28005014,1.04065092,14.320701060000001,7.637240729083715,-8.47730466,9.486372809999999,6.108915280000001,4.0,1.3016629835999998,2.453249443327822,2.45324946180359,6.3821156,4.57608756414034,-3.13898676,21.87949062,25.01847738,7.85315076427565,5.83991412,6.0069681899999985,6.5052131200000005,2.0,2.4838810908,4.406942244298578,4.4069434752749395,0.35586644000000006,3.270547202239804,-4.45965828,6.02975754,10.489415820000001,3.2898510490897426,-1.03974618,6.4419721800000005,2.8860238000000003,2.0,0.7449023076,1.0444459135145723,1.0444716412121122,0.048187440000000026,1.5774085003026943,-4.0975389,4.20613728,8.30367618,1.5781443553113095,0.10444902,0.5895401100000001,1.01436824,9.0,0.5486714843999999,0.7571317415863718,0.757135195594512,-0.02563344000000001,0.27899713929559206,-0.71812182,0.81734946,1.5354712799999999,0.2801722273555279,0.02567034,0.35431332000000004,0.21373508,16.0,0.23004929039999997,0.28645701642468047,0.2864608886126375,0.003659640000000023,2.3361801378864806,-4.39815738,6.62528658,11.02344396,2.336183004308572,-0.09327594,1.0444851000000002,1.48439208,8.0,0.5677098456,0.8706631666568083,0.8706634315433375,2.04,130.82254280561529,8.02678711280253,10.680346911018304,4.093010220597668,3.1756605080538143,22.190369804818832,19.01470929676502,11.437768261580372,10.03704998589824,2.8689393208269447,1.9446276598346266,2.0603908312280548,0.04197072450794244,7.672347346084979,7.630376621577036,2.8331585047085754,0.7751492918491983,3.2891934362136803,79.79641383113993,101.06481975973213,128.7694274794203,23.370804800818583,18.36193632352601,29.72129241111814,0.025751585837641453,0.9105850868705501,-0.12053816933252592,-0.38086383781436317,-0.7870784082111041,0.21347405045974302,0.22629842501562777,-0.24540779529195875,-0.20936150680862314
training,augmented,s2,s2_p2,e8,8,3,amplitudine_mica,template_session.txt,template_times.txt,92,3.68,-6.152882194565219,2.182777598244722,-10.81281294,-3.97716768,6.835645260000001,6.528589230729461,-4.60480479,4.524941595,6.152882194565219,0.0,0.30485256725274734,0.47076250036666545,0.47076255234806413,7.045211710434782,2.3875914131752647,0.8297088,9.68512542,8.85541662,7.4387902780704644,8.36621085,3.1625140799999993,7.045211710434782,0.0,0.5883367173626373,0.9119862463480259,0.9119875352514165,-1.6860492234782607,0.7174837181315281,-5.09915748,-0.59275566,4.50640182,1.8323604639304705,-1.42518225,0.7455157049999999,1.6860492234782607,0.0,0.41411739956043964,0.6926830148332319,0.6927440111395711,-0.02411109260869567,0.5017647930613364,-1.56571326,2.04031518,3.6060284400000002,0.5023437591357842,0.00334866,0.147458595,0.2633548865217391,34.0,0.21591278175824175,0.3668556117620594,0.36685961928826255,-0.029080233260869563,0.18704458836697993,-0.71438964,0.56607042,1.28046006,0.1892916744177608,0.01295961,0.07132044,0.10104611152173913,17.0,0.06793234747252748,0.12671337179769324,0.12671888921560442,0.002382176739130431,0.8782452606230242,-2.72997186,1.85208132,4.58205318,0.8782484913581238,0.02472123,0.26186281499999997,0.5097811989130435,14.0,0.1511515246153846,0.22866317671979178,0.22866535977012334,3.68,101.31562301448784,1.0595010029193705,10.03119785212869,0.8310792176059902,7.931823027865722,12.829447799517526,4.897624771651804,10.06556620436664,9.98359972011531,0.5797541534179711,0.6178866912903558,0.8232357132957894,0.016335618193591573,3.0221725132521544,3.0058368950585628,1.0293206511672497,0.1678697802667321,0.7661169681011285,22.106877969897308,21.669252761624453,30.955945613453647,7.526381479356811,8.377694895922938,11.261979841128221,0.8530531659162779,0.7266700443432805,0.5220200846171379,-0.12430819118078135,-0.4269804673260883,0.4787691888589316,0.2600105149060709,0.11140646886629209,0.05417545762826668
training,augmented,s2,s2_p3,e6,6,1,normal,template_session.txt,template_times.txt,118,4.72,3.633905153389831,7.656231637656482,-10.24927218,9.41977568,19.66904786,8.474853954687669,9.08900706,14.115366545,8.21313050694915,2.0,0.3923713362393162,0.7765317345964341,0.7765339904029273,-3.3404370193220343,1.7184868560369246,-7.5123076,-0.71885744,6.79345016,3.756556475607514,-2.3296790300000003,2.4359313650000005,3.3404370193220343,0.0,0.450184317094017,0.8005813579739472,0.8005820212403623,2.4636882164406777,2.236577767218815,-1.90567174,10.34573358,12.25140532,3.327467465903483,1.63449888,1.7704966650000002,2.6144133791525417,4.0,0.6133908702564101,1.0894228418535408,1.0894254769409493,0.001226984915254235,0.4485886438799976,-1.4346024,1.914479,3.3490814,0.4485903219086181,0.02347933,0.19404122499999998,0.2670773154237288,47.0,0.21098667931623927,0.41304638095700036,0.41304642769106453,0.05095626271186441,1.6898187514470895,-3.64243754,4.70364426,8.3460818,1.690586866579698,0.01695204,0.129935505,0.9603496213559323,12.0,0.15654840803418804,0.2556808191318608,0.25568084515797646,-0.03829699644067795,0.81316009365034,-1.96142198,1.90287384,3.8642958199999997,0.8140614214184376,-0.01075599,0.130744985,0.4885484123728814,18.0,0.09530196786324786,0.156168526325766,0.1561687059455007,4.72,97.00690584436015,3.7220132282036453,9.746095568907359,1.421452428357883,5.771991445785848,14.10030489088423,8.328313445098381,9.849208386685712,9.652204971621288,0.24807690729020848,1.1555294255983604,1.5449158471515427,0.027320942492329945,5.013458526698431,4.986137584206101,1.9292519867045996,0.20109726542479156,2.105400841879775,23.909416049391478,30.782789423188394,38.97743322097105,8.072939667769873,9.877149858341458,12.756584347057286,0.862597137433725,-0.6209441027520042,-0.822166292635379,-0.5576915085162271,-0.6512524916409773,0.9697889203854511,0.17039656666874645,0.10949317111020478,-0.1289824369630255
training,augmented,s2,s2_p3,e6,6,2,rapid,template_session.txt,template_times.txt,67,2.68,-0.6413175289552239,8.128921858009363,-13.28456444,9.16786276,22.452427200000002,8.154180446039172,-0.28170786,17.59929178,7.7037379038805955,2.0,0.7822436915151515,1.1541376363675449,1.154156431968658,-4.487956849850745,1.8350603999161854,-8.9136929,0.75106122,9.66475412,4.848629018337326,-3.99401842,2.28294234,4.510376587761193,2.0,0.8758744951515153,1.398929040085962,1.398939815246828,2.577986537313433,2.68389269188324,-4.26353802,8.84237732,13.105915340000001,3.7214640355797566,1.68178192,2.45638764,2.887892171343284,6.0,1.1721029409090908,1.7711840640568879,1.7712231029523413,-0.009603663582089554,0.8439123409250913,-3.11192728,1.96021266,5.0721399400000005,0.8439669836669356,0.07058548,0.35380205,0.5043964779104477,15.0,0.38422355151515153,0.7546257645168565,0.7546263068127856,0.031594805074626864,2.21383294377652,-4.25923974,4.32378156,8.583021299999999,2.2140583855575975,0.01519784,1.24512234,1.543506684477612,7.0,0.29016900181818184,0.39975712179118994,0.39975753882288634,0.04137500029850744,1.3846418841035912,-2.25069838,3.32181192,5.5725103,1.3852599170782514,0.02524382,1.1004909999999999,0.9846074480597014,8.0,0.22792271303030304,0.3566081369869027,0.35660818630638125,2.68,103.84915667214395,7.533279842041424,9.918654159590265,2.3386868825447142,4.964045158592627,15.431968580575964,10.467923421983336,10.19064064090889,9.644846837068561,2.129383853866642,1.9745198167829474,1.9064499298887603,0.03217977295090815,5.13379114975139,5.1016113768004825,2.744682102182587,1.014313854947006,3.7975217551389564,46.44255633099029,43.1225238048375,63.37557177537716,15.441728287717037,17.228631607401276,23.13596160904549,0.6870872215789694,-0.45435057113497934,-0.7717234154215408,-0.32330432697004036,-0.45172111293974726,0.9599513650339578,0.09154380211977883,0.08397501346649337,-0.1373478435518556
training,augmented,s2,s2_p3,e6,6,3,amplitudine_mica,template_session.txt,template_times.txt,114,4.56,-1.8544979452631578,4.17931802142643,-9.91960214,1.67660458,11.59620672,4.572292833273587,1.13764672,7.812307895,3.2956089207017545,2.0,0.26313907150442484,0.45113069284776486,0.45113071195573845,-6.382785148771931,0.8111381977479312,-7.4607302,-4.21402744,3.2467027600000007,6.434119320562004,-6.733586369999999,0.628049905000001,6.382785148771931,0.0,0.254322063539823,0.43039672677431956,0.43039778551340124,5.219290825614035,1.7700592230808843,1.2762834,6.75771054,5.481427139999999,5.511270849409648,6.36596681,2.4170675900000003,5.219290825614035,0.0,0.28894124867256626,0.4728508420782958,0.47285795705634626,0.030081117192982457,0.3076671126455857,-1.48505084,0.99216964,2.4772204799999997,0.30913415504477904,0.02893352,0.09787480500000001,0.15617565403508774,44.0,0.13819378938053098,0.254267671065126,0.25426777947750634,0.044431540877192977,0.759329897681191,-1.29830792,2.5185363,3.81684422,0.7606287237129884,-0.00249459,0.157564155,0.4172916938596492,22.0,0.0832798796460177,0.1394624281836685,0.13946254750942183,-0.01942072017543861,0.6466147506211307,-1.47283808,1.81497078,3.28780886,0.6469063302310154,-0.01378566,0.17832373999999998,0.3743673843859649,12.0,0.06930892159292036,0.1166651085271688,0.11666567463135946,4.56,92.6778595599868,1.0926077812454589,9.581829842951521,0.9308041795729557,5.920157408653142,12.404476218623568,6.484318809970426,9.626934068538477,9.579364366831609,0.26857582882284525,0.6027230912102051,0.8540097520330044,0.006082515403482346,3.302078892178097,3.2959963767746148,1.045278805508587,0.1613470425656936,0.8893162220308259,12.951474183119322,14.662254409077551,19.563291846530337,5.017185162385567,5.991522675287285,7.814761091814875,-0.5999786613911477,0.9147626368598748,-0.7912991996447815,-0.6098986508933515,-0.6221329733201161,0.9733061694892936,0.12037431934124232,0.3159883468934557,0.0060534598767869215
training,augmented,s2,s2_p3,e7,7,1,normal,template_session.txt,template_times.txt,113,4.52,-3.1118506578761065,5.14429807672282,-12.14326624,1.63806706,13.7813333,6.012272217647673,0.49405132,10.21702528,4.226629312035398,2.0,0.36783118749999993,0.6465915531945678,0.6466074093655855,-0.3641667077876107,0.6944181811914061,-2.37684496,0.6173853,2.99423026,0.7841135131025657,-0.20271496,0.93636746,0.5565549828318583,12.0,0.24132353,0.3533611648272036,0.3533658083521705,-7.5064442253097345,2.69034129987049,-10.2510205,-0.33330094,9.917719559999998,7.973997819003633,-8.72993016,3.7652491800000005,7.5064442253097345,0.0,0.5384776425000001,0.9196683240632473,0.9197047137905682,0.015283759115044253,0.42399254817769405,-2.47767814,1.4530852,3.9307633400000004,0.42426792737950497,0.01174138,0.26844062,0.2512350808849558,32.0,0.19726863625000002,0.356565943015787,0.3565732355860068,-0.021850357522123887,1.2481020754303158,-3.14903792,2.9850261,6.13406402,1.248293326433057,0.0524839,0.19593924000000001,0.722803596460177,8.0,0.13868484,0.21687830848105943,0.2168787606248168,0.06389374513274336,0.3472583597599731,-0.4595857,1.30440254,1.7639882400000002,0.3530874949502954,-0.00288904,0.0929236,0.17888618194690264,41.0,0.06721047375,0.1006792891730991,0.10067983145333738,4.52,100.3468924380028,1.8629102821104822,9.79170727571597,2.114086342771675,4.712425410363555,15.0578855987912,10.345460188427644,10.017329606137695,9.668981503972446,0.9678307081526416,0.852201478893945,1.0661439496997838,0.030415556527612644,3.2543145004151035,3.223898943887491,1.3648847138533284,0.19906056012849255,1.3896916424954036,20.07153160377743,21.567323191769038,29.462108047111204,6.983146124273501,8.150704338398203,10.733047610298732,0.6230883962166217,-0.6281031706891677,-0.7108101838979451,0.23327011774394263,0.23205447491352657,0.8208246719405811,0.2451689078063836,0.4810755913771298,0.012801469296818874
training,augmented,s2,s2_p3,e7,7,2,rapid,template_session.txt,template_times.txt,57,2.28,-5.75225392245614,6.194479762163525,-13.30442708,3.16157408,16.46600116,8.453401960883294,-8.882769,12.49403176,7.238510987719298,2.0,0.8602015974999999,1.1504936722449959,1.1505020877625516,-0.841002267368421,1.296998424507685,-3.08575932,1.31453476,4.40029408,1.5457974404475647,-0.90669404,2.37178522,1.3186766182456142,10.0,0.47887211749999997,0.6324953313313568,0.6324970027920775,-6.0556868178947365,2.6979353631121326,-9.85173812,-0.19092752,9.6608106,6.6294945553907105,-6.17848644,4.43458134,6.0556868178947365,0.0,0.9241964725,1.2053976519465441,1.2055141479755402,0.09307871508771928,0.5371919137707036,-1.47736666,1.83597806,3.31334472,0.5451961109756855,0.10682,0.48874755999999997,0.3964404659649123,16.0,0.33742667,0.4868240830678049,0.4868626918285062,-0.015954571929824548,2.1351735806665206,-3.72587964,4.2384902,7.96436984,2.13523318818853,-0.05496722,2.01711636,1.5744762870175442,4.0,0.316334725,0.4019021468706931,0.4019029561548954,0.1753775161403509,0.7053195002402635,-1.09748828,2.29673486,3.3942231400000002,0.7267963061179756,0.0337561,0.53092088,0.4551830242105263,9.0,0.20134905,0.2787975220014073,0.2787992985756281,2.28,117.79969249911485,5.3846924379515,10.168025236885118,3.796176402800876,3.277998753059954,16.355845679429137,13.077846926369183,10.853556675077293,10.106310725689706,6.003714621916192,1.7829216002848816,1.4852215340443653,0.041507014566167004,4.797223901401747,4.75571688683558,2.320494007307819,1.4644418661220946,2.7122742835864613,38.619616221590476,22.229094983987913,44.56015508175538,14.574612868377157,9.233748268102618,17.253447404555214,0.6895391982280866,-0.010576898405262913,-0.23708691305086793,-0.3262944334524355,-0.4594933058347522,0.8347340136102863,0.3810938941614541,0.461612828670585,-0.14455095176309854
training,augmented,s2,s2_p3,e7,7,3,amplitudine_mica,template_session.txt,template_times.txt,100,4.0,-6.1109472998,2.8021073675485497,-11.29061038,-3.5811356,7.709474780000001,6.722758555846163,-3.95762122,5.4514349750000015,6.1109472998,0.0,0.28180285070707073,0.48327979989555586,0.4832819525414709,-1.0415877276,0.8217131928618581,-4.07652462,0.14373268,4.2202573,1.3266942246087308,-0.66581935,1.11825399,1.0444623812,2.0,0.24635280585858582,0.48324501671962966,0.48326956224924356,-6.459723145400001,2.906555140405113,-14.61498206,1.5374191,16.15240116,7.083508022119539,-7.77280238,3.9717895699999985,6.5152328346,2.0,0.6346270834343435,1.6994579540186485,1.6994640698622288,0.06233430139999999,0.43744187069947743,-1.68840574,1.75546028,3.44386602,0.4418607873211702,0.03525697,0.213800475,0.27262064340000003,30.0,0.20187542666666664,0.4125812924849753,0.41258609714327726,0.013002385200000017,0.9953812949729164,-2.35346412,2.31471394,4.66817806,0.9954662145963815,0.02603615,0.12011909,0.5786663820000001,10.0,0.14152047353535352,0.2705679377328339,0.2705680180927603,0.04453250339999999,0.36268127732827543,-1.2395481,1.16348442,2.40303252,0.36540505303504006,-0.00171206,0.09475766999999999,0.1987185102,30.0,0.09650270848484847,0.1459342857494758,0.14593435894107282,4.0,97.13168606524478,1.3197147925584736,9.748729920159024,1.4470490693273022,6.936765572051846,17.41577901743632,10.479013445384474,9.855540881415124,9.537514173565427,0.5861056363373081,0.7443655433968452,0.8750055601891871,0.020783336385354494,2.480364256954741,2.4595809205693864,1.1487884019951078,0.17826583465682602,1.3518058827107398,20.484107583521755,40.956769728979886,45.793620190218384,7.517364386017103,10.437730518132723,12.863008422655934,0.7142740086713951,-0.7111569684794514,-0.5385633996945323,0.05695834377270883,-0.03556445707839042,0.6887309738936583,0.06014131088430765,0.4965550475111315,0.0785121737493677
training,augmented,s2,s2_p3,e8,8,1,normal,template_session.txt,template_times.txt,104,4.16,-2.839031306730769,4.288801997437958,-17.61478656,0.64931174,18.2640983,5.143337567555258,-0.17287347,7.180470045000001,2.9326519128846154,10.0,0.5084589850485436,1.2776562543018253,1.2776563846471665,7.823449307692306,2.743910059766356,0.72078902,10.92156786,10.20077884,8.290681605641254,9.24386078,2.72648446,7.823449307692306,0.0,0.7630952679611649,1.3737140905559273,1.373724430774662,0.5988678607692307,2.6403648454164332,-13.42504646,3.68848578,17.11353224,2.7074285275096845,2.0301292899999996,3.6142919399999993,2.3238115815384615,2.0,0.5605993998058252,1.5509029715041027,1.5509140469449592,0.04766725653846154,0.8277561910855185,-3.2357248,2.81985886,6.05558366,0.8291275409889053,0.035411319999999996,0.259340585,0.4242806534615384,28.0,0.23629186271844663,0.3966783041029131,0.3966783091444228,0.04506138942307693,0.36538345015029405,-1.17777576,1.29246712,2.47024288,0.3681515916853689,0.02268504,0.07832846,0.19671420326923078,23.0,0.11787675961165048,0.23329670418104345,0.23330187173769237,-0.014241331730769226,1.4676675587915482,-4.1844187,5.35024728,9.53466598,1.4677366516710717,-0.026130229999999997,0.14113273999999998,0.6978042790384615,27.0,0.2723365196116505,0.6126854723008124,0.6126907567527278,4.16,102.51949205151676,2.977238952345388,9.846570215410681,2.358929215662054,3.597221769618531,24.693991628088405,21.096769858469873,10.125190963706155,9.616696009253099,0.6732670450093909,0.9046203059264573,1.4693199292362815,0.02161305197565582,6.120969681506223,6.099356629530567,1.725467748856926,0.19940118450084726,0.5725290310669585,30.085649600416488,52.89509033774758,60.852583295350065,11.160892991307572,15.569773519763176,19.156810272593322,0.570777158312889,0.9279018215393143,0.3474509792649171,-0.8162768971714064,-0.7360126110584585,0.7607635001063671,-0.06747464981811432,0.03236620183247487,0.00035405573699940154
training,augmented,s2,s2_p3,e8,8,2,rapid,template_session.txt,template_times.txt,51,2.04,-5.661206122352941,4.668317639469728,-12.75926386,0.99984108,13.75910494,7.337741092649061,-8.14486134,9.114358189999999,5.869349974901961,4.0,1.2506173764000004,2.357043582805163,2.357043600556391,6.131836556862745,4.396633149860326,-3.01588924,21.02147138,24.03736062,7.545184067637389,5.61089788,5.77140081,6.250106723137256,2.0,2.3864739892,4.234120979816281,4.234122162519061,0.34191089333333335,3.1422904492107917,-4.28476972,5.79329646,10.07806618,3.1608372824587723,-0.99897182,6.189345820000001,2.7728463960784313,2.0,0.7156904524,1.003487250239491,1.0035119690077157,0.04629773647058824,1.515549343428079,-3.9368511,4.04119072,7.9780418200000005,1.5162563413775327,0.10035298,0.5664208900000001,0.9745890933333333,9.0,0.5271549555999999,0.7274403007398474,0.7274436192966881,-0.02462820705882353,0.2680560750094904,-0.68996018,0.78529654,1.47525672,0.26918508118472284,0.02466366,0.34041868,0.20535331215686278,16.0,0.22102774960000002,0.2752234079374381,0.275227128274887,0.003516124705882383,2.244565230518383,-4.22568062,6.36547142,10.59115204,2.2445679845317654,-0.08961806,1.0035249,1.4261806258823528,8.0,0.5454467144,0.8365195130624237,0.8365197675612459,2.04,120.76313928346107,7.409579337884998,10.261509777252881,3.9325000158683476,3.0511248018556256,21.320159224237706,18.26903442238208,10.98922832975369,9.64344018252968,2.756431896480791,1.868367751605818,1.9795911907877388,0.04032481374292509,7.371470979571842,7.331146165828916,2.722054249621965,0.7447512804041316,3.160205458322948,76.66714270050699,97.10149349464461,123.71964600963913,22.45430265176687,17.64186038927009,28.555751532250763,0.02575158583764148,0.9105850868705502,-0.12053816933252604,-0.3808638378143632,-0.7870784082111042,0.21347405045974288,0.2262984250156279,-0.24540779529195889,-0.20936150680862317
training,augmented,s2,s2_p3,e8,8,3,amplitudine_mica,template_session.txt,template_times.txt,92,3.68,-5.91159269673913,2.097178476744929,-10.38878106,-3.82120032,6.5675807399999995,6.27256612364203,-4.42422421,4.347492905,5.91159269673913,0.0,0.2928975646153846,0.4523012258424825,0.4523012757853948,6.768928898260868,2.29396037736447,0.7971712,9.30531658,8.50814538,7.147073012263779,8.03812415,3.0384939200000005,6.768928898260868,0.0,0.5652646892307693,0.8762220798245739,0.8762233181827337,-1.6199296460869566,0.6893471017342132,-4.89919052,-0.56951034,4.32968018,1.7605031908351576,-1.36929275,0.7162797949999999,1.6199296460869566,0.0,0.39787750153846146,0.6655189750358503,0.6655775793301761,-0.02316555956521739,0.48208774235304874,-1.50431274,1.96030282,3.46461556,0.4826440038755574,0.00321734,0.141675905,0.2530272439130435,34.0,0.20744561384615384,0.3524691171831551,0.35247296755146795,-0.027939831956521746,0.17970950647023562,-0.68637436,0.54387158,1.23024594,0.18186847149941723,0.01245139,0.06852356,0.09708351891304348,17.0,0.06526833384615384,0.12174421996248957,0.12174952101107092,0.002288758043478255,0.8438042700103566,-2.62291414,1.77945068,4.40236482,0.843807374049962,0.02375177,0.251593685,0.48978977934782614,14.0,0.14522401384615385,0.2196959933190156,0.21969809075953028,3.68,93.52510990303163,0.9780322599036558,9.637817544202074,0.7984878757390887,7.620771144420006,12.326332199536447,4.705561055116441,9.670838117920889,9.592086005600983,0.5570186964211867,0.5936558406515183,0.7909519598332094,0.01569500571541151,2.9036559441050107,2.887960938389599,0.9889551354352005,0.16128665162882105,0.736073165430496,21.23994157892094,20.819478143521533,29.74198696194566,7.231229264480073,8.049157841180863,10.820333572848684,0.8530531659162787,0.7266700443432812,0.5220200846171378,-0.12430819118078135,-0.4269804673260886,0.4787691888589316,0.26001051490607113,0.11140646886629216,0.054175457628266636
training,augmented,s3,s3_p1,e6,6,1,normal,template_session.txt,template_times.txt,131,5.24,3.0911856895778627,7.716578098785739,-10.0604861943,9.366588784,19.4270749783,8.312701517684289,8.832971309,15.52218340175,8.014220580467937,2.0,0.37776105195692306,0.6447029980472714,0.6447073556185324,-4.132840297076336,0.7905313615158412,-6.8221410484,-2.7934049948,4.028736053599999,4.207767668809449,-3.8289529126,0.6515402152999998,4.132840297076336,0.0,0.21292721304076925,0.3172271631991714,0.31724067296957076,2.2139005265137404,2.8480075934882008,-2.8856303995,9.0380494253,11.9236798248,3.607284684338661,0.4520184423,3.9017903371,2.3926111647564885,4.0,0.3709080949146154,0.6102851974341804,0.6103486870270362,0.009159532271755729,0.20563041088627343,-0.8257252223,0.5135198243,1.3392450465999999,0.20583430936725533,-0.0006553686,0.145015738,0.13132040989770993,44.0,0.10061716667769231,0.15683047339291842,0.15683390142568182,-0.0012038993122137623,1.6100091821666946,-3.5419570781,3.5637028452,7.105659923299999,1.6100096322800752,0.0322016379,0.23118671815,0.9544893340541984,9.0,0.12078247513615384,0.1980562562334267,0.19805641250051906,0.07074126155267171,0.6134706832619411,-1.1007554996,1.8295371366,2.9302926362,0.6175359141847026,-0.011308912,0.15208721320000002,0.35919673974961835,16.0,0.05802686346538462,0.09664380241672574,0.09664552590232575,5.24,99.81881807065307,3.0158493842552536,9.908802096852323,1.2784596497614031,6.898856705624642,13.207590502596,6.308733796971358,9.990936796449724,9.868310184983867,0.34838715469035897,1.0603780990502827,1.3752991206678506,0.022951436609687865,3.918371996265276,3.895420559655588,1.7366201036079405,0.18297446693965236,2.03473312113684,16.428216128921136,16.900382437329316,23.569242917551122,4.821292044929646,4.741558398479761,6.762191436856535,0.5142714580898872,-0.8078065251670843,-0.704320099205729,-0.06359420635876753,-0.01866862559085213,0.9344854642023944,-0.2877281344200577,-0.32756755754417405,0.041805543788782824
training,augmented,s3,s3_p1,e6,6,2,rapid,template_session.txt,template_times.txt,75,3.0,-2.417973022225333,7.716982276975756,-12.4549835852,9.5711515396,22.0261351248,8.086928279598345,-7.1711087825,15.43345118285,7.630996939257334,2.0,0.6949692335202704,1.0131080353052124,1.0131414764084559,-4.361974497654667,1.5090192156432483,-10.360583549,-2.2438560938,8.1167274552,4.615621357019036,-3.694628182,2.125321210550001,4.361974497654667,0.0,0.6041985405054053,0.9484374781873036,0.9484467504848286,2.4314650705666665,3.891473524931342,-4.7556032582,9.5392705663,14.294873824500002,4.588636898320385,2.3736681143,5.97746509135,3.9224265055693337,2.0,0.8722699179675675,1.3150024010141772,1.3150024121467143,0.04694635370666667,0.448059050226457,-0.7875653133,1.9491966592,2.7367619725,0.45051178965281935,0.0202787641,0.48350972335,0.3288426856053333,19.0,0.2581225593094595,0.38652945400968663,0.3865306249538686,-0.09119641827333332,2.337220911523624,-4.5214699963,4.0392301991,8.560700195399999,2.3389994390698785,-0.0078859308,2.4955151113,1.719005287606667,4.0,0.24429591533243245,0.32533918805794015,0.32533925155918636,0.17414761501066667,1.167090012888909,-1.5185583892,2.9413302807,4.4598886699,1.1800112245224352,-0.0129283198,1.1695055475,0.8424679683706666,5.0,0.13526914276216218,0.20683576097771392,0.2068382345138453,3.0,107.75795809536501,7.066305738584329,10.10659328084315,2.3695422239287356,4.935294857545907,17.74599105624486,12.810696198698954,10.380653066901187,9.944945517421525,1.7154401186318218,2.028193911610847,1.7183524654415405,0.03837041635112179,4.7736016535005055,4.735231237149383,2.6582523842901615,1.772113007379241,3.6139382959845108,35.945004867634935,31.503658852793727,47.79669335892922,10.579789483159233,8.622010172966387,13.64811360337767,0.519831862875665,-0.7754349396756113,-0.7548373903649918,-0.08093220465436533,-0.11713125930655598,0.9448478969362324,-0.2997372476957921,-0.16294137308763335,-0.01729281961809089
training,augmented,s3,s3_p1,e6,6,3,amplitudine_mica,template_session.txt,template_times.txt,115,4.6,-1.8526424933826087,4.5717647328271465,-10.289654946,1.7758326565,12.065487602500001,4.932881204793908,1.4100396857,8.7846717528,3.6295617112260867,2.0,0.2734221442464912,0.4949745295036986,0.49497458317263915,-4.390412312068696,0.6567023125318076,-5.8779232719,-2.2625352159,3.6153880560000005,4.4392542388614125,-4.6201997563,0.48294401339999915,4.390412312068696,0.0,0.25367213923508775,0.38638914041530925,0.3863892646971667,7.0039945563599995,2.0078512013549727,1.5333464821,8.7611221927,7.2277757106000005,7.286110498222157,8.1786688107,2.235101384650001,7.0039945563599995,0.0,0.35182454489824566,0.5256422334799485,0.52564671690694,0.011435327966956524,0.20743256867679472,-0.8240358465,0.6658035421,1.4898393886,0.20774753253303643,0.0102584912,0.1194838212,0.1268576273930435,32.0,0.10292850439385963,0.15928619860604187,0.1592861986143115,0.022347717071304347,1.0865189632118597,-3.0878373459,2.5460399859,5.6338773318,1.0867487648381633,0.0151111396,0.11224660585,0.5925547919704348,16.0,0.11275952195526315,0.19323051092208035,0.19323219838357136,-0.005161174845217384,0.3918213699948208,-1.0993827302,1.1827927232,2.2821754534,0.39185536070137045,-0.0170324156,0.055887690850000005,0.21585157598956525,13.0,0.05831042996052632,0.09480861171734548,0.09481449100616839,4.6,97.12770137016113,1.37773253886124,9.790665557542976,1.1271953293475283,6.319543362996503,12.914416099949591,6.5948727369530875,9.855338724273313,9.767992133531123,0.3165743544497719,0.671839896960705,0.9624778915450832,0.00586830230592945,3.2473948354140196,3.24152653310809,1.1737685201355674,0.12149710119902322,0.9459414818844281,14.609484872515607,14.341846456932636,20.472557437567335,4.570059495787227,4.891565009907906,6.694240213884646,-0.4914646439855228,0.8268526136254547,-0.7894247620056386,-0.49123376999560464,-0.4975512022873653,0.9578369085523335,-0.07959960539439276,-0.01629594074693939,-0.04085792878501742
training,augmented,s3,s3_p1,e7,7,1,normal,template_session.txt,template_times.txt,151,6.04,-1.2767267154880795,5.093913360769211,-10.8485103014,2.9713790404,13.8198893418,5.251474500848695,2.3149387508,10.160048371850001,4.23178913036755,2.0,0.24258179581600003,0.41312450328982275,0.41312865307944996,-3.052293010690729,0.7119063011685929,-6.207674535,-1.2741790123,4.9334955226999995,3.134214926381887,-3.3142184414,0.9071333229,3.052293010690729,0.0,0.25741660394933336,0.47413078932421876,0.4741573430158744,-7.666945599099337,2.064044275770865,-9.9850392075,-1.7035996124,8.2814395951,7.939920250978038,-8.7325358516,2.07526455115,7.666945599099337,0.0,0.4781131795593334,0.8018761722803152,0.8019254515091772,-0.01725795033377484,0.4378223825935735,-1.7409604517,1.3832607581,3.1242212098,0.4381623849095635,0.0139999141,0.20679665705,0.2590691413298013,37.0,0.17870843771733333,0.2991501044029176,0.29915815624517167,0.004569167155629121,0.9983693585410246,-2.6911694515,2.5826780758,5.2738475273,0.9983798141800109,0.0102400664,0.058038110549999994,0.5404216579211921,26.0,0.092987552922,0.16132813471676635,0.1613282170578228,0.06702282761059604,0.2136073946688235,-0.2725265048,0.8845730311,1.1570995359,0.2238753637141037,0.0075536438,0.0941809113,0.11719132828609272,32.0,0.05624006582733333,0.09612787888206917,0.0961284301178833,6.04,100.44362122971025,1.2388687073898719,9.905997303017147,1.521459385697579,5.155375514004458,14.74680876536385,9.591433251359392,10.022156515925614,9.850685966365038,0.41305466769173904,0.6637001581565631,0.8935159805245929,0.01625748660821455,2.898140504538739,2.8818830179305244,1.1130447912774544,0.13678409471348174,1.087829225694719,16.721689430082165,19.222400082252953,25.477746413651264,5.878185282541802,6.589678083875267,8.830454091664656,-0.5805743240481226,-0.6044801828906864,0.50543222784092,0.2908356390011717,-0.09844764416634769,-0.45866407676953186,0.33614055518528296,0.451094266217773,0.2038600821731124
training,augmented,s3,s3_p1,e7,7,2,rapid,template_session.txt,template_times.txt,68,2.72,-6.0424748955117655,4.131891881781848,-10.4198030216,1.086515236,11.5063182576,7.320111569206077,-8.4802203944,7.840030966574999,6.235835939438236,2.0,0.4660043694089551,0.5683012132366453,0.5683020377245321,-1.2230761769970588,0.5692423774750945,-2.4215779084,0.4126038519,2.8341817603000004,1.3490560474091648,-1.2928262835,0.7296073253,1.2450152586088234,4.0,0.344898421658209,0.5149630532813473,0.5149681165590971,-6.323582547244118,2.2841016994228154,-9.7678357623,-1.285466923,8.482368839300001,6.723452744320927,-7.04138188345,2.887791870849999,6.323582547244118,0.0,0.5349142301850747,0.6745682446392421,0.674618215049988,0.009531684794117638,0.3275423807119538,-0.9972293741,0.7062001257,1.7034294998,0.32768104030820716,-0.021195221950000002,0.282959980075,0.23669497406470583,14.0,0.16467775525223882,0.2349182374180172,0.2349189816634474,0.035385955519117655,1.413534036334198,-2.477753758,2.3031973531,4.7809511111,1.4139768872662843,0.04157295045,2.3349803093,1.128131596210294,2.0,0.1714700120955224,0.23148076437459197,0.23148548525014023,-0.014601305823529413,0.3593456412704203,-1.7209293607,0.6005810308,2.3215103915,0.3596421666487424,-0.03643017705,0.306976979825,0.24831993593235294,5.0,0.13336464918059698,0.3138746977691146,0.3138764389085243,2.72,100.60880240979249,2.236047989932521,9.874037373667658,1.7641395503776935,6.446349191308669,13.122848878704941,6.676499687396272,10.030393930937732,9.915248364581952,2.76969630690569,1.2076159300383023,0.881879671752472,0.05571388611410755,2.7902458174083087,2.7345319312942014,1.49534209796037,1.2408200417056028,1.8481675925839645,22.49023418178721,12.092665378983448,25.535136371668248,8.259693437403463,7.831619390384857,11.382301962069796,-0.23799193160199297,-0.5107928119240828,-0.43275885973204525,0.5117756046547169,0.4019349319219249,0.8324870727293637,0.1711797673575348,0.1770310539175789,0.012321060655606397
training,augmented,s3,s3_p1,e7,7,3,amplitudine_mica,template_session.txt,template_times.txt,133,5.32,-7.167445530661655,1.6663929088223117,-10.6538189142,-5.2886834207,5.3651354935,7.358609974823711,-6.3452707789,3.358027408300001,7.167445530661655,0.0,0.38117932334621213,0.5073958214588811,0.5074425220834059,-1.3797685036473686,0.5900435256440074,-2.546230465,0.5914619398,3.1376924047999997,1.5006373598613718,-1.5330359027,0.8255505495,1.4011820488097746,4.0,0.2910503348507576,0.3865136768549942,0.38651396631562956,-6.05599499022406,2.001708177448322,-8.1299309348,-1.2074284759,6.9225024589,6.378237291703908,-7.1730026844,2.5453769518,6.05599499022406,0.0,0.37059463341212123,0.49419463319857165,0.49419842012284765,0.0027932806864661586,0.34065171397035804,-1.1149699119,0.9625435789,2.0775134908,0.34066316596887314,-0.0098513811,0.2532485043,0.23553246821578946,39.0,0.19295496818636365,0.2610985300033232,0.2610997620789263,0.020056668518045093,0.5921073639979909,-1.397259976,1.6733064052,3.0705663812,0.5924469600332946,0.0252356691,0.11440078299999999,0.3300445352037593,29.0,0.0852839580651515,0.1361127653484351,0.13611680655632127,0.0060035222774436105,0.13625451588852766,-0.8067696417,0.4232919107,1.2300615524,0.13638671262169494,-0.00057687,0.116493007,0.08597938837368421,33.0,0.07477080394924243,0.1139032650610157,0.1139052666409205,5.32,97.08296419666912,0.48564612848038086,9.828783701995269,0.6913574589612138,8.314223732893149,12.194988168408283,3.8807644355151343,9.853068770523684,9.759306786625297,0.648289982778822,0.46785131853825285,0.5164893728068363,0.025454480851767908,1.8546227235583843,1.8291682427066165,0.6968831526736609,0.2114227406243225,0.4278025807681102,17.49099561783256,10.050719921430552,20.173048818710544,6.318259360043806,4.730396284142867,7.892848050343667,-0.7996525729949405,-0.8249181882849203,0.7175016066990453,0.7443857074925456,0.39849982293464775,0.476413705623519,-0.019375285081746393,0.12133300065637252,0.07228847080434496
training,augmented,s3,s3_p1,e8,8,1,normal,template_session.txt,template_times.txt,137,5.48,-2.915612008531387,4.433332048831379,-10.7718696705,1.1932436498,11.965113320299999,5.306149869678377,-0.0247889948,9.2678219954,3.2704661043211676,18.0,0.3051208106919117,0.4965439048028408,0.49654630609487466,6.164001344786861,2.473457977704382,-0.0424276917,8.3917975607,8.434225252400001,6.64175480923556,7.3548784414,2.7296669047,6.164620727147446,2.0,0.35972016095367654,0.5096853519229786,0.5096864361717991,-4.788280989185401,1.8781099466441253,-8.4383646195,-0.7733966807,7.664967938799999,5.143435797507141,-5.6320647931,2.204211874,4.788280989185401,0.0,0.3038632011985294,0.4413900580885848,0.4414011516423054,0.01700916375620439,0.402831392288525,-1.2897071588,1.1911766339,2.4808837927000003,0.40319033007352356,-0.0017856553,0.1604736018,0.23862375561313873,50.0,0.14633991401911767,0.22215310719597983,0.2221531548133512,0.06903705124452554,0.5189795633013888,-0.9671812567,2.0475168715,3.0146981282,0.5235512406336552,0.005745508,0.1229533234,0.2603510906211679,31.0,0.07242809608308823,0.1137515350951819,0.11375189531908139,-0.009087382499270106,1.074406798479952,-3.0053627227,3.2628638874,6.2682266101,1.0744452285438417,-0.0212488322,0.1917823036,0.5706533541211679,24.0,0.12215418707352942,0.18734840404415942,0.1873494531121969,5.48,98.72306518856946,1.5911008929744646,9.850306625341874,1.301739058074015,5.459491922729023,13.142662229259146,7.683170306530124,9.935948127308711,9.841603884527045,0.6198080651071844,0.7166469147678806,1.0380356894289051,0.017401053454737865,3.9434947330259993,3.9260936795712613,1.261388478215361,0.18135524420497476,0.7784776246755579,16.30589374160875,13.12826151964035,20.934025442821667,5.636541201498172,5.394347777868341,7.801896222379503,0.7611808991601055,-0.8544893206958235,-0.9108203737959595,0.5552261350027564,0.6571500845318644,0.9095031604933613,-0.2566960357975732,0.009399391499772895,-0.10194279375700059
training,augmented,s3,s3_p1,e8,8,2,rapid,template_session.txt,template_times.txt,66,2.64,-6.119714440678789,4.528120514084436,-10.5190237152,1.6826979799,12.2017216951,7.6128037033359,-9.14847161835,8.192144390475,6.623463254045455,4.0,0.5335744482138463,0.7264643823472199,0.7264692001588281,4.878365924509091,2.744460433716931,0.3243838328,8.4893800533,8.164996220499999,5.597366985078713,6.05566327865,5.131072581074999,4.878365924509091,0.0,0.4865031093384616,0.6718488656620987,0.6718531927946415,-2.9666798273590915,1.3676680573533042,-5.8608663713,-0.4386172947,5.4222490766,3.26675758408302,-2.6968957263,1.6461280303249999,2.9666798273590915,0.0,0.3839324494969231,0.5334812642537355,0.533774846431819,0.07493614312575758,0.49910251542022194,-1.187028943,1.0673116295,2.2543405725000003,0.5046966875712153,0.0212395643,0.407170133475,0.3578010525742425,7.0,0.1350358526753846,0.19055973494022718,0.1905615413007138,-0.026112924939393937,0.29324434670603927,-0.773514357,0.6614186839,1.4349330409,0.2944047073739518,-0.01990944635,0.227613137775,0.20962852388787878,10.0,0.09114846926769232,0.132833610972588,0.13283736832085724,0.020866275309090947,1.7537135396760637,-3.6068217893,3.1467702254,6.753592014700001,1.7538376722742683,0.00010566189999999999,1.569845141525,1.267323325869697,4.0,0.21632947507076922,0.27953566039935357,0.27953679610819365,2.64,99.95700250433788,3.4173394588577226,9.866343386953337,1.6162520456475833,5.699105888409157,12.983442500909469,7.2843366125003115,9.997849894069118,9.757947047508644,1.0892266515814573,1.3730610886362375,1.2377571271177528,0.016923320971376065,3.763847438797712,3.746924117826336,1.8486047329966788,1.0352366780054214,2.4460001850310507,23.859066794447873,14.858745085975317,28.10760348788066,7.544801568882427,5.063462172864741,9.086400821548809,0.5235794143003316,-0.7851275719212765,-0.5683970215141151,0.7537751769919951,0.8972770523603597,0.6849736715646788,0.07117178301730764,0.1732188982112288,0.3404861385693189
training,augmented,s3,s3_p1,e8,8,3,amplitudine_mica,template_session.txt,template_times.txt,117,4.68,-6.356926084788033,2.1004537737757154,-10.495161608,-4.474400226,6.020761382,6.694954466105589,-5.0190889944,3.9439068875000007,6.356926084788033,0.0,0.24003400557499996,0.3613605434797244,0.36136516270328634,6.312488710136752,2.3902210296764057,0.259823291,8.4868744647,8.2270511737,6.749864464291954,7.7729752778,2.9528288737000006,6.312488710136752,0.0,0.32078004182068964,0.48735472927449913,0.4873582377518655,-2.496921336746154,0.6435216420640296,-3.1457939029,-0.9205570235,2.2252368793999997,2.5785143524330025,-2.8283710868,0.7991627419,2.496921336746154,0.0,0.13168518339568966,0.20325155264501987,0.20325286729252062,0.02476717774444445,0.23466980315157462,-0.3572970859,1.1704312508,1.5277283367,0.23597315441512348,-0.0037814541,0.112876061,0.12997454265384617,37.0,0.08478282810948276,0.1420841908709677,0.14209079009388154,0.02833526104615384,0.10803955271771343,-0.1771031994,0.4152954175,0.5923986169,0.11169347326499102,0.0161308024,0.0502302495,0.06967073370427349,18.0,0.02912696068189655,0.04493587764583759,0.04493615623571237,0.0009394890401709353,0.8331312501675752,-2.6400516443,1.9852313644,4.6252830087,0.8331317798796558,-0.0091986055,0.090567333,0.4332009862880342,23.0,0.0988750669508621,0.16272651139722497,0.16272948547622257,4.68,97.03182185524145,0.7622673242200642,9.832916267175706,0.5878601346858275,7.887294148112801,11.760974566856778,3.8736804187439766,9.850473179255982,9.777198770581826,0.3237852015036822,0.488928982196488,0.7233365569279424,0.01115869604784154,2.668988197103272,2.6578295010554305,0.8730792198993538,0.09113629541273922,0.56702474752935,11.875270464218863,10.717371501021402,15.99637773026302,3.7890457006693903,4.009282081564141,5.516449050912416,0.8979387324660641,-0.9263721692363844,-0.9214229736854851,0.331481820422406,0.6354546587401195,0.8308667544607046,-0.26843259922743984,0.06861078540560786,-0.08350554795221216
training,augmented,s3,s3_p3,e6,6,1,normal,template_session.txt,template_times.txt,131,5.24,3.0308831502290077,7.548649483041525,-9.80177282,9.00547872,18.80725154,8.134393750499491,8.78530506,15.25603044,7.842992112061069,2.0,0.32758919092307687,0.6214724187261969,0.621472529647305,-4.053483488396947,0.7721900121778501,-6.78594042,-2.74560818,4.04033224,4.126379261000364,-3.7661743,0.6652220399999997,4.053483488396947,0.0,0.19925596707692306,0.31053860173468806,0.3105514479035123,2.1698705833587786,2.790860792576293,-2.80421316,8.79675342,11.60096658,3.5351438884528217,0.44109898,3.8571712199999997,2.344064476183206,4.0,0.35752043384615384,0.5952362756716535,0.5953006524706415,0.008885405648854964,0.20188858361974596,-0.79691738,0.50316042,1.3000778,0.20208401873857282,-0.000637,0.14183589000000002,0.12888983190839695,44.0,0.09861451276923075,0.1534453143504453,0.15344861182737327,-0.0015430885496183512,1.5816363960526327,-3.46749578,3.5104825,6.97797828,1.5816371487925516,0.03172358,0.22777503,0.937065945648855,9.0,0.11763877784615386,0.19351642573884983,0.19351657571803516,0.06885491969465644,0.6001182291473023,-1.06959552,1.7897005,2.85929602,0.6040553690855265,-0.0111671,0.15105328,0.35144010412213744,16.0,0.05819407353846154,0.09491136923338764,0.09491314136079859,5.24,95.69260980584446,2.9072969099912154,9.70340790132058,1.2395502839472918,6.715625612144268,13.107208788956664,6.391583176812396,9.782259953908628,9.636113459478945,0.22387515114449563,1.0405284371550922,1.3507766216006243,0.022198913470284982,3.848632531042186,3.826433617571901,1.705079737135837,0.1771157604246872,1.9880988258732202,15.186825921631288,17.103173740838066,22.87265252617686,4.7102644115666585,4.643887153382566,6.614550530476205,0.5099438759874695,-0.8073773712682581,-0.6989749734158993,-0.06336853800799642,-0.01894881361275308,0.9347795852377864,-0.2889224260279766,-0.34040494512846753,0.03763593849615271
training,augmented,s3,s3_p3,e6,6,2,rapid,template_session.txt,template_times.txt,75,3.0,-2.3881419296,7.591085452372197,-12.24185914,9.42390834,21.66576748,7.957876615098429,-6.90581794,15.21035117,7.505320801066667,2.0,0.6426182605405405,0.9853894393234498,0.9854071172850132,-4.281716092266667,1.4904083035064246,-10.28881616,-2.23734882,8.05146734,4.533697123312963,-3.61095602,2.0713284899999995,4.281716092266667,0.0,0.5979602564864864,0.9404404814432263,0.9404515370387444,2.3789512152,3.8071668356819695,-4.67970286,9.41360462,14.09330748,4.489312664430739,2.31740208,5.88255094,3.8372535693333325,2.0,0.8552713740540541,1.2766531874249252,1.2766532184305246,0.04636035039999999,0.4390615864536648,-0.78085714,1.88893138,2.66978852,0.4415023882023966,0.02015664,0.47396817999999996,0.3228458688,19.0,0.25351914000000003,0.37824026076461875,0.37824139983876975,-0.08595600906666666,2.285727300693798,-4.40785576,3.96820718,8.37606294,2.2873429407571626,-0.0077322,2.40610482,1.6805609183999999,4.0,0.23933920216216215,0.3190954798734469,0.3190955398248034,0.17137167226666666,1.1441320815174836,-1.51741142,2.8905639,4.40797532,1.156895185404885,-0.0127645,1.1455484599999999,0.8255185101333333,5.0,0.13422138270270273,0.2012556030958619,0.20125809537250672,3.0,104.03613802608487,6.765268557433047,9.92877350285915,2.3357214634898007,4.841078799297063,17.459515515436443,12.618436716139382,10.199810685796324,9.817421317903145,1.6848702483189744,1.984288363645138,1.6816266670505509,0.03730846229262739,4.665733772922037,4.628425310629409,2.601012986786696,1.7223054465789935,3.517051192236993,34.89083982186434,30.99926002023598,46.67252752184304,10.375241158136147,8.409828123164589,13.355554580422796,0.5217200560307705,-0.7752426474535601,-0.7580448969080491,-0.08236014205909137,-0.11813036360071436,0.9448396323360444,-0.2998721218881488,-0.16199297540606966,-0.01717759391292126
training,augmented,s3,s3_p3,e6,6,3,amplitudine_mica,template_session.txt,template_times.txt,115,4.6,-1.8174952855652176,4.484828606462524,-10.02095668,1.7099922,11.73094888,4.839109085606191,1.3853427,8.65260081,3.560972108521739,2.0,0.2585530819298245,0.4779355649567015,0.4779358475706725,-4.304226614434783,0.6426731398595814,-5.7129884,-2.20718246,3.5058059400000006,4.351941579698156,-4.5654525,0.48754901999999944,4.304226614434783,0.0,0.2369596673684211,0.36637560298600536,0.36637596252892607,6.862967218434783,1.9676566501773303,1.51728892,8.46546246,6.948173539999999,7.139467188404015,8.00126782,2.262223670000001,6.862967218434783,0.0,0.30353818526315796,0.4974368692045789,0.49744081531649365,0.011384157217391304,0.2030844739090167,-0.809186,0.65288286,1.46206886,0.2034033003135701,0.01008714,0.11616577,0.12422043686956522,32.0,0.10063921736842106,0.1560390737926466,0.15603907458826352,0.020339772173913046,1.0649022726447102,-2.98386578,2.45198254,5.43584832,1.065096501081454,0.01476468,0.1090201,0.5810484253913044,16.0,0.10861811087719297,0.18939038788535084,0.1893920724577687,-0.005493411304347823,0.38273823354483666,-1.06733172,1.1579386,2.22527032,0.3827776547615869,-0.01701378,0.054717810000000006,0.2111018255652174,13.0,0.05687666403508772,0.0921274149395478,0.09213327706580832,4.6,93.3283639897996,1.3223221921791881,9.59798961433299,1.0986170183260682,6.2278204033245546,12.530818656225556,6.302998252901001,9.660660639407618,9.574203477534512,0.2768671725679983,0.6584889685785731,0.9427165376928078,0.005776975399843762,3.141643739757613,3.1358667643577696,1.1499226896531731,0.1195809304056462,0.9318777504405655,13.206004375095414,14.384533850779833,19.527246750611567,4.451534455531985,4.808861367116561,6.552961670644398,-0.5044716014010048,0.8294509946212703,-0.8010073327317746,-0.4908833157273172,-0.4970141480430379,0.9585215459401634,-0.08044705196462157,-0.01114681958412478,-0.03853992562346378
training,augmented,s3,s3_p3,e7,7,1,normal,template_session.txt,template_times.txt,151,6.04,-1.2511568035761589,4.989981034803409,-10.83867554,2.87069244,13.70936798,5.1444440005536665,2.2776768,9.86688794,4.144952555364238,2.0,0.23265017720000003,0.40259888460685006,0.40260458782030073,-2.989667347549669,0.7006234267038157,-6.1600987,-1.2317718,4.9283269,3.0706650802474162,-3.22858844,0.85916404,2.989667347549669,0.0,0.24831320359999998,0.46459788537672464,0.46462241184996933,-7.499579788344369,2.017051556836583,-9.7120744,-1.66637926,8.045695140000001,7.766092581516157,-8.60945484,1.9687567899999987,7.499579788344369,0.0,0.43910095599999993,0.768716143329077,0.7687664392506611,-0.01736114781456953,0.4295630372506408,-1.71868676,1.3466131,3.0652998599999997,0.42991372672367045,0.01386112,0.20491163,0.2540616251655629,37.0,0.1746909714666667,0.293298730188305,0.29330664913026233,0.0029534409271522936,0.981971232951211,-2.67764518,2.5672521,5.24489728,0.9819756744222495,0.0100205,0.057446620000000004,0.5310738703311259,26.0,0.08960697293333332,0.1554411220583697,0.15544120618418406,0.06521798754966886,0.20842199948630877,-0.26455786,0.87069668,1.13525454,0.21838753574757797,0.00754502,0.09240615999999999,0.1145010712582781,32.0,0.054795465200000004,0.09311853958481915,0.09311908287048228,6.04,96.20648209456375,1.1967951533523662,9.694629640129586,1.4901806049216515,5.019984023752675,14.441056829330789,9.421072805578113,9.808490306594779,9.641459673124999,0.3380792096948344,0.6517886459891148,0.8786163635580905,0.016053803229266268,2.8784537761875586,2.8623999729582925,1.0939813313545923,0.1341539639203926,1.0703373370952405,15.685154319704052,18.962591004934694,24.609021184381973,5.732191062057592,6.436667402641479,8.61908937325518,-0.5755354216920734,-0.6027397179853416,0.49944974037742307,0.29705015323353856,-0.10317102490789055,-0.459394516438078,0.3361697727483726,0.45256052985330186,0.20411596759265035
training,augmented,s3,s3_p3,e7,7,2,rapid,template_session.txt,template_times.txt,68,2.72,-5.932868074411765,4.0555629912610485,-10.04332714,1.04812764,11.091454780000001,7.186550964437713,-8.33080115,7.673718255,6.121501385588235,2.0,0.43647163940298517,0.545735569955185,0.5457361155455839,-1.1993490764705879,0.5563389208339471,-2.33810752,0.41117076,2.74927828,1.3221010559202855,-1.25925737,0.7128946299999999,1.2210924517647057,4.0,0.3358486767164179,0.5022801127341862,0.50228846876099,-6.21786627,2.2477720629257116,-9.4757376,-1.23543014,8.24030746,6.61168210053032,-6.973448230000001,2.963335025,6.21786627,0.0,0.5181504122388059,0.6572382368296057,0.6572978789617882,0.00920467882352941,0.32006920806868305,-0.9758791,0.68976614,1.66564524,0.32020153663897094,-0.020576570000000002,0.27960772,0.23166782058823532,14.0,0.16087078835820895,0.2293951260702225,0.2293958776824705,0.035226344999999985,1.380420677866183,-2.38108934,2.24885794,4.62994728,1.3808700674801344,0.04062345,2.297339275,1.1022405738235295,2.0,0.1661998089552239,0.22722094682064506,0.227225568600944,-0.014284191764705877,0.35148787024356093,-1.67682312,0.59075282,2.26757594,0.3517779996854909,-0.03631145,0.301360045,0.24319806823529416,5.0,0.13063152805970146,0.3055615460915715,0.30556329831169327,2.72,97.10880616499918,2.1330789283912748,9.70313748194613,1.7198631257897634,6.405698163895605,12.746857338608667,6.341159174713062,9.854380049754484,9.709090457038267,2.8499384754942216,1.1799648133877152,0.860675297402086,0.05384661235501079,2.736354102904378,2.682507490549367,1.4605063945054382,1.214433177260775,1.8068812587282959,21.620373567098476,12.100031773183582,24.776023129084756,8.055831930472912,7.6562299816722375,11.113698107483566,-0.23495266174415055,-0.5148643413648676,-0.43462650622380655,0.5117298977749162,0.40512009384776676,0.8350753303659044,0.16829481852300437,0.17437197230557214,0.017199871378750703
training,augmented,s3,s3_p3,e7,7,3,amplitudine_mica,template_session.txt,template_times.txt,133,5.32,-7.022412283157894,1.6226306052188324,-10.44071714,-5.18278978,5.25792736,7.207440901987314,-6.19579618,3.19109364,7.022412283157894,0.0,0.3553780459090909,0.47514430954597925,0.4751819163194932,-1.3511528284210526,0.5785299734811274,-2.45270284,0.58096262,3.03366546,1.4697996108198847,-1.51930772,0.81039238,1.3722782389473682,4.0,0.2861845,0.38061305157396697,0.3806134292796124,-5.931865365263158,1.9627988623158636,-7.8992508,-1.17060902,6.72864178,6.248168218407461,-7.03127166,2.4983933799999996,5.931865365263158,0.0,0.35671420909090906,0.4779242801586111,0.47792741520678683,0.0027266105263157917,0.333064418079536,-1.07773736,0.9377571,2.01549446,0.3330755785037717,-0.00963634,0.24878378,0.2302946947368421,39.0,0.1884580165151515,0.25483023704965807,0.2548314069462547,0.01983918631578946,0.5791962678337408,-1.36992436,1.65576194,3.0256863000000003,0.5795359436533744,0.0243726,0.11284406,0.32299008736842105,29.0,0.08415631954545454,0.1337528320033055,0.13375677810290684,0.006029903157894738,0.13389088573567143,-0.79020046,0.41153728,1.20173774,0.13402659816311166,-0.00056056,0.11510982,0.08445306947368422,33.0,0.07338960893939395,0.11211908727110469,0.11212100634901785,5.32,93.14712133712305,0.4647643799970055,9.628620869545298,0.6608944603185861,8.154757192810408,12.057809863446343,3.903052670635935,9.6512756326365,9.591911282953816,0.58980057242138,0.4577987151649636,0.505158110288565,0.025264833165409978,1.8201545036419968,1.7948896704765869,0.6817362979899233,0.20524629201718894,0.4267370412736543,16.817539302865278,9.570516091942979,19.350049262716567,6.182015879045642,4.626913738751679,7.7217647642635105,-0.8020105719908237,-0.8304541153566378,0.717127914356948,0.7433781846505036,0.39965872107684947,0.47613138690384715,-0.018517611527232077,0.12713685564201666,0.06575731657392417
training,augmented,s3,s3_p3,e8,8,1,normal,template_session.txt,template_times.txt,137,5.48,-2.8557584989781017,4.34114771782313,-10.39871434,1.16699184,11.56570618,5.1962409598137995,-0.02465582,8.984641960000001,3.203490940437957,18.0,0.2976196516176471,0.4822129866077339,0.48221776173285946,6.040523749635037,2.420569840635105,-0.04144812,8.17677014,8.21821826,6.507463831885444,7.2701545,2.5677734599999997,6.041128831678832,2.0,0.345007753382353,0.4899561199728704,0.4899573375572525,-4.698265204525548,1.8432680265592116,-8.41477588,-0.76274478,7.6520311,5.046913210051366,-5.4985252,2.1601454,4.698265204525548,0.0,0.28995099308823535,0.4321555662556218,0.43216736077473183,0.016672711386861314,0.39497105683968764,-1.24870914,1.18461518,2.43332432,0.395322798540698,-0.00178066,0.15711752,0.23385706379562043,50.0,0.1431413076470588,0.21814190408505127,0.21814195168191317,0.06748563985401461,0.5094632210290716,-0.96205326,2.00211746,2.9641707200000003,0.5139134996940853,0.0057232,0.12052824,0.25543899576642337,31.0,0.07128088367647059,0.11112541831743661,0.11112576845918908,-0.008487744233576677,1.0503447008658195,-2.9204441,3.14626452,6.06670862,1.050378994667678,-0.0207123,0.18916156,0.5583470026277372,24.0,0.11755623867647058,0.17990468075742086,0.17990569018875127,5.48,94.8193385855348,1.5236832326529544,9.654308810456977,1.2702991686479217,5.344793490225456,12.890351178024744,7.545557687799288,9.737522199488676,9.639601455714846,0.5542812926154248,0.7016412895337828,1.0155701519217295,0.017099550268635723,3.831848461179543,3.8147489109109074,1.2343756448719143,0.1791673023001128,0.7735411908993671,15.62375730948504,12.961431299502042,20.30025846627078,5.479789706946205,5.259274693919582,7.5952659952404895,0.7615468451446491,-0.8551074235250627,-0.9095537630912407,0.5575904135702078,0.6559028091754864,0.909697874851531,-0.2538272810243607,0.012667477354606585,-0.10117842767540879
training,augmented,s3,s3_p3,e8,8,2,rapid,template_session.txt,template_times.txt,66,2.64,-6.011263768787879,4.451088010284988,-10.3709431,1.66215056,12.03309366,7.47980458122033,-9.02573042,8.044021545,6.50531897909091,4.0,0.5185565818461538,0.7176134099495246,0.7176200516946524,4.7869184384848475,2.6890368384269117,0.31670464,8.41134196,8.09463732,5.490492441951197,5.980824849999999,4.9676400900000015,4.7869184384848475,0.0,0.47086354,0.6591064361219157,0.6591111821014678,-2.907031671515151,1.3436468292799417,-5.70794532,-0.42571298,5.28223234,3.202533362984095,-2.62045728,1.589092295,2.907031671515151,0.0,0.3657120427692307,0.5052564337802802,0.5055482566044524,0.07414363727272727,0.49057995358948353,-1.16706338,1.06060696,2.2276703400000004,0.4961511562133959,0.02054227,0.394609005,0.3516126409090909,7.0,0.13288652246153848,0.18717989135100108,0.18718164181580885,-0.025798321818181813,0.28743070383423835,-0.74998518,0.64310834,1.3930935199999999,0.28858614470428084,-0.01942458,0.223352045,0.20558689454545453,10.0,0.09024976800000001,0.13106429468929373,0.13106785040000465,0.019719708484848452,1.7194584740393377,-3.58765358,3.03125368,6.61890726,1.7195715486272782,0.00010045000000000003,1.538334665,1.242373232121212,4.0,0.21054218984615386,0.2707036937744763,0.2707048040101794,2.64,96.34920376939407,3.286374243575586,9.685136418541076,1.59603769493187,5.618968975463141,12.832602083450425,7.213633107987284,9.815763025327886,9.589813984634388,1.0852848201393286,1.346386149027629,1.2139269258411465,0.016671533173274737,3.7228762970046576,3.706204763831383,1.8128359670901242,1.0157951606552393,2.3713950634395022,23.158845275450684,14.723572628900389,27.442953657556057,7.372129631414001,4.907874213428205,8.85638326842317,0.5235212546939413,-0.7847227020033644,-0.574390384740938,0.7538013082531286,0.8970029098602017,0.6849838334998111,0.07378407293136777,0.16410548754309356,0.34341499874695885
training,augmented,s3,s3_p3,e8,8,3,amplitudine_mica,template_session.txt,template_times.txt,117,4.68,-6.220761277948719,2.0600695402693683,-10.4026265,-4.4627142,5.9399123000000005,6.5529960619530225,-4.88799696,3.979666319999999,6.220761277948719,0.0,0.2064673884482759,0.3337131990033844,0.3337134063839757,6.181392324273505,2.3405643286755202,0.2552851,8.23340336,7.9781182600000005,6.6096786944038115,7.69637904,2.89261798,6.181392324273505,0.0,0.283086838275862,0.46423290020505853,0.46423597681178114,-2.4482966762393157,0.6298969744857975,-3.10444498,-0.91963592,2.1848090599999996,2.5280282461536787,-2.778055,0.8331822800000004,2.4482966762393157,0.0,0.1227772555172414,0.19156463395322668,0.19156616032038204,0.024365396581196578,0.22950328423471228,-0.3486742,1.1452623,1.4939365,0.23079304587677274,-0.00364854,0.11028136,0.12716248820512818,37.0,0.082757815,0.1389050158879199,0.1389114386872448,0.027866869572649573,0.1063065671651913,-0.17416952,0.40892166,0.58309118,0.10989835595779579,0.01600242,0.04934104,0.06841823094017094,18.0,0.028567963103448276,0.04414946568829216,0.04414973679846356,0.00029183059829058486,0.8163422045187008,-2.58513906,1.91250822,4.49764728,0.8163422566813203,-0.00912478,0.08985032000000001,0.4246680487179487,23.0,0.09632242586206896,0.1590511080166679,0.15905407799833643,4.68,93.02053664457836,0.7317577587108551,9.627605906394333,0.5742309254466138,7.716559373326132,11.411829186870408,3.695269813544276,9.644715477637396,9.581371997883487,0.18727054431602852,0.4791983732804399,0.7086089738044778,0.010979136339403022,2.6135118954855456,2.6025327591461425,0.8554284065372479,0.09006449120232457,0.5518000143242972,10.54917961301334,10.768036286113562,15.074342306272424,3.7061751452992353,3.9184349596826094,5.393502270408039,0.8976528982164909,-0.9295813562861157,-0.9266108880802,0.3307435830908065,0.6341093900107272,0.8317652538561618,-0.26827483599734187,0.06809948563926244,-0.07911080858508
training,augmented,s4,s4_p1,e6,6,1,normal,template_session.txt,template_times.txt,134,5.36,4.486584095179851,7.154556781137516,-7.7746784855,10.065606695,17.8402851805,8.444946392822255,9.578434731449999,13.393886911575,8.090248988257464,2.0,0.3745245546932331,0.6015552235004805,0.6015587707998687,-2.1226554964522384,1.8086290093619537,-6.0804468155,0.2724757684,6.3529225839,2.788692390731631,-0.87224641775,3.1048671493,2.1267222989656713,2.0,0.2735262480954887,0.4525269415395486,0.4525333006524101,3.325939342988806,2.8776717841951567,-0.5108483387,9.2847510434,9.7955993821,4.398052683949312,1.3226935225499998,4.803379335525,3.3442718657813426,2.0,0.2668457216458646,0.4464568382808312,0.4464581441989033,0.04124692387537313,0.20834115714887994,-0.7232969622,0.6238783431,1.3471753053,0.21238490174990102,0.022601885449999998,0.106796143525,0.12725949494552238,40.0,0.11039530207518797,0.19107357611004633,0.19107360404453833,0.02230597300970135,1.3835802390094512,-3.3480237327,2.9008430967,6.248866829400001,1.3837600349082784,0.02290554485,0.067338187075,0.7988104229141789,14.0,0.10532250282180451,0.17385457799467458,0.17385468112898472,-0.017046025153731333,0.5946746413626026,-1.7293915918,1.1571277154,2.8865193072,0.5949188987192134,0.00185726605,0.07617394720000001,0.3426043249283582,26.0,0.05967622220977443,0.09359465722686514,0.09359488140990213,5.36,98.43679223855986,2.3138276767539563,9.873743020673395,0.9726206867341696,7.31363174612976,13.112866138926822,5.799234392797063,9.921531748604137,9.837441981868881,0.3062893294709266,0.8924994892817548,1.2317760910107662,0.007183961489831084,3.8044349032145095,3.7972509417246783,1.521127107362812,0.09200230267269666,1.7024056783367918,15.13312909009658,15.802801645497437,21.880131076034804,4.592345012659553,5.108275258996738,6.869068993464635,0.9433250787021549,-0.8814648437944427,-0.9655732224260669,-0.7128007383157711,-0.6868518467911225,0.9878083152797125,0.004692044360573978,0.01679627318322073,-0.06058913261308649
training,augmented,s4,s4_p1,e6,6,2,rapid,template_session.txt,template_times.txt,79,3.16,2.916653513082278,6.838481600620871,-7.394627099,10.5226574219,17.9172845209,7.434493817161018,5.9710691341,14.377299272899998,6.911931551492405,2.0,0.5335247549974358,0.7099584886257646,0.709960079167046,-3.060106766044304,2.183541627200994,-6.4712946079,0.0399332106,6.5112278185,3.7592695377306597,-2.6475402865,4.333412922249999,3.061117733401266,2.0,0.33865963462692306,0.43878340815807887,0.4389071915189853,4.581924968245569,2.8168323408983857,-0.0933119611,8.3903090043,8.4836209654,5.378529617968395,5.0622329529,5.1770142214,4.584287296374683,2.0,0.43462565804102565,0.5750758058767237,0.5752046706296413,0.06649414609873416,0.31602708191564743,-0.5845508658,0.8413789099,1.4259297757,0.3229467262096322,0.0366003846,0.3530142463,0.2486911237873418,8.0,0.13326978073974358,0.17313078219822167,0.1731311670440032,-0.014147422012658206,1.5948784085800665,-2.9427684024,2.4741949352,5.4169633376,1.594941154934717,0.0198988448,2.15085798385,1.3062083811594938,4.0,0.15634537512307692,0.18768921802690564,0.187689277543036,0.007849477353164542,0.8122870949932456,-1.5680058186,1.339873586,2.9078794046,0.812325020535059,0.0360298767,0.9619229447500001,0.6313915648341771,7.0,0.08913698047435897,0.10950307698173305,0.10950530032261739,3.16,98.33238662607833,3.308003814661293,9.853002769771884,1.1183572975332758,7.5222264025527465,12.504868362164494,4.9826419596117475,9.916268785489748,9.705969670897304,1.2267123435652003,1.4917667639945218,1.0404978310898132,0.04313958550802894,3.3859130646129363,3.3427734791049075,1.8187918557826492,1.2283617979517176,1.8648987333811278,21.823503076427432,12.882128886784772,25.341952000242056,6.197731818478664,3.1358879519343685,6.9459105192098445,0.9380471399670047,-0.8344896635482112,-0.9256762139528568,-0.8744977990689284,-0.8802569644058521,0.9829390703633389,-0.12588911750267448,-0.12209116410504503,-0.05631998441437667
training,augmented,s4,s4_p1,e6,6,3,amplitudine_mica,template_session.txt,template_times.txt,128,5.12,0.2719593764664062,4.873018971506058,-7.5905572849,4.3729417662,11.963499051100001,4.880601991466418,3.9783620532999997,9.82366286545,4.576651077063282,2.0,0.23135423308267714,0.37489751576009794,0.3749003909895354,-3.480603807155469,0.9750137864873171,-5.5163002728,-2.4984675212,3.0178327516,3.6145891531715577,-2.8244071244,1.6560125311500005,3.480603807155469,0.0,0.17031760482992128,0.2723564463133789,0.2723569362861146,7.623735389204688,1.201744615109492,4.4718483969,8.7274708975,4.2556225006,7.717870911369055,8.246226820850001,1.080648499725,7.623735389204688,0.0,0.19193368413622056,0.2567910173260277,0.25680815589928263,0.00226911920859375,0.27089417050254005,-0.6605690196,0.866517721,1.5270867406000002,0.2709036738662694,0.00516116455,0.08112021722500001,0.16080493686484376,32.0,0.07695206349055118,0.12724629301821833,0.1272463243133825,0.01776084618203125,0.8051804820119738,-2.0387082944,1.7578334438,3.7965417382,0.8053763444937628,0.0210558268,0.10093662472500001,0.48018149258359377,14.0,0.06731221043149606,0.10268112897665312,0.10268118943496506,-0.006128213600781249,0.3213938803404938,-0.8600838161,0.6565095393,1.5165933554,0.32145230022859766,-0.00035645015,0.040705751825,0.18813846582890625,24.0,0.03125521312283465,0.04942852639376733,0.04942857775553775,5.12,96.45106194988804,0.8253514381066347,9.80522108025705,0.5556091406472663,8.055328190847291,11.177824888121611,3.12249669727432,9.820950155147314,9.807885247468182,0.3435876425277673,0.5514715358504994,0.721963006845452,0.007781233333747104,2.323035570021089,2.315254336687342,0.9084885459413534,0.09155610224781946,0.9879519696397502,10.066102266401932,8.608018395056005,13.244787485168821,3.021360071496931,3.0179102168722896,4.270409671066477,0.9501958349571222,0.8174888251555699,0.6437712357909475,-0.9342548714235163,-0.9175644341930468,0.9565822410178569,0.021424492536586768,0.029299268528326695,0.01730015523440464
training,augmented,s4,s4_p1,e7,7,1,normal,template_session.txt,template_times.txt,141,5.64,-2.657089555733333,4.678997195614879,-9.7970049458,1.4972678255,11.2942727713,5.3808121751050795,0.6696259955,10.0861229279,4.002610906601418,2.0,0.21507586792071426,0.3392107475322796,0.33921078297768437,-5.990197104085107,1.7995999270694376,-7.6380736565,-1.770699277,5.867374379499999,6.254679947311287,-6.7481236058,1.7853684573999997,5.990197104085107,0.0,0.23326412751357145,0.3536578759222421,0.35365810550291144,-5.222554848641135,1.3629947823147388,-6.6218944207,-1.426209631,5.1956847897000005,5.397484036445335,-5.85924285,1.5136352733999994,5.222554848641135,0.0,0.29877064218000005,0.4716856324534575,0.4717036573137512,-0.006498198108510638,0.2054255872704817,-0.887675083,0.5039457508,1.3916208338,0.20552833985628294,0.0093963235,0.09608795170000001,0.13053055859503546,48.0,0.11152438756857143,0.18036897777422836,0.18037049853769768,0.016544146673758853,0.5781137395146443,-1.3439416891,1.3509607879,2.6949024770000003,0.5783504167931142,0.0219828981,0.1572183231,0.3636788024496454,10.0,0.05900878463357143,0.09806272580296581,0.09806346545469923,-0.0034535097439716105,0.5963380845709381,-1.4663851477,1.472665623,2.9390507706999998,0.5963480844601474,-0.0071302538,0.1900527788,0.3642722096021277,20.0,0.06216397606571429,0.09721659328253542,0.09722010266601575,5.64,97.2069948307392,0.7323621409281356,9.806920321219154,1.0155336744776042,7.3610376155653245,12.506600753135997,5.145563137570672,9.859360771913117,9.755047431448414,0.47820634833758646,0.5494515936040159,0.6560983822675858,0.010549972909427555,2.01492996800915,2.0043799950997228,0.8557815965117126,0.23039472093145835,1.0334271002034228,12.885329966837624,11.095933540957613,17.004454401704038,3.9633832465656424,4.067267014490635,5.679002353082869,-0.8704445921886106,-0.7200784832399185,0.93958970433029,0.5173280496907843,-0.5660597828164462,-0.9872034916696685,0.10611586315127122,-0.022515536516620655,-0.007241538754494325
training,augmented,s4,s4_p1,e7,7,2,rapid,template_session.txt,template_times.txt,73,2.92,-5.629130867956164,4.692157769424545,-10.9929600314,1.6480010367,12.640961068100001,7.328264382631677,-8.8641009367,9.5184440731,6.221410361071232,2.0,0.4133425318180557,0.5909170842476411,0.5909282494169634,-4.630996694521918,1.8912936306217976,-7.513398613,-1.1880747749,6.325323838099999,5.002311663811393,-5.1332412754,3.4494087297000005,4.630996694521918,0.0,0.3677032382694445,0.501765017939086,0.5017906472658794,-4.629755039012329,1.6108264320634462,-7.4014942646,-1.5559647047,5.8455295599,4.901978530705159,-4.7708161612,2.4973584663000006,4.629755039012329,0.0,0.4893697256097222,0.6512003059262449,0.6512020617670636,0.003977819771232874,0.3632773422741002,-0.8077885448,0.9635577168,1.7713462616,0.3632991198170815,0.0004518275,0.1741363189,0.23935740847534248,21.0,0.1565416027513889,0.20954642311221705,0.20954669628383993,0.022355444036986288,1.014176429899351,-1.8406316322,2.0255312256,3.8661628578,1.0144227899852623,0.0347034927,0.9318831623999999,0.7396706893493151,2.0,0.13690288354861113,0.1777550521979424,0.17776267250306202,0.0007180703315068436,0.9201348183448249,-2.0508199881,1.7291666387,3.7799866268000004,0.9201350985347015,0.0338108755,0.7079654491,0.6570461252794522,2.0,0.11855124715138891,0.15836824428127705,0.1583682445043817,2.92,102.75597435914587,2.007688446856815,9.90324909800173,2.1637078504441853,5.536619152711758,14.500131865364844,8.963512712653086,10.1368621554772,9.859182421836126,2.172327869699819,1.0468116437588781,0.9549208497816196,0.02198609823047726,2.9031062517989974,2.8811201535685202,1.4169292314215325,0.659447659811367,1.768846092776438,21.38505620798945,13.54024483858196,25.311239782112878,6.69973889491665,4.240539802770399,7.928977177350115,-0.5990637210335615,-0.17490184592079017,0.8409982046212033,0.7773776185409792,-0.7686454574011554,-0.9833734532984365,-0.02202555441581913,0.013168608867543886,0.04532955780836868
training,augmented,s4,s4_p1,e7,7,3,amplitudine_mica,template_session.txt,template_times.txt,138,5.52,-6.397327883461594,2.050974884767263,-9.5442302344,-4.4696268276,5.0746034068000005,6.718057905858008,-4.87107984815,4.255329757875,6.397327883461594,0.0,0.14297657277372264,0.19572184998673647,0.19572185038743412,-4.764955903136232,1.6081126711109246,-6.373524509,-1.478191257,4.895333252,5.0289990178782435,-5.7329383823499995,2.5179237394499996,4.764955903136232,0.0,0.13902849041824822,0.17898456998357132,0.17899668841124197,-4.856584907488406,1.3488673995195852,-6.1842233879,-1.9281663044,4.2560570835,5.040422623662712,-5.6789992218,1.9194076566249993,4.856584907488406,0.0,0.15602579851678836,0.22037557550574058,0.22037790275306718,-0.010837293947826085,0.16196166280214053,-0.6332569806,0.5261575398,1.1594145204,0.16232383422574104,0.008350205199999999,0.053931739,0.09239980918985508,38.0,0.04933203869197081,0.07820564887370607,0.07820630754926147,0.023271755446376816,0.3778088439753934,-0.9211687625,0.9271291673,1.8482979298,0.3785248963906853,0.032276957349999996,0.10926142075,0.23694586896956524,2.0,0.03512434009489051,0.05301062266091251,0.05301064438949616,-0.0013408765304347594,0.31501971746678825,-0.9045774414,0.7758911686,1.68046861,0.3150225711639167,0.00690504295,0.099371111725,0.18840939291304348,26.0,0.0352212785189781,0.04962017447837294,0.04962032262341736,5.52,95.82899337341252,0.2688693446880499,9.776708160050742,0.4949453774001212,8.475398235973412,11.145989586169758,2.6705913501963465,9.789228436062391,9.775711951674708,0.33770630063344953,0.33011222761613923,0.3998690559000035,0.02316402322508688,1.3079869979392889,1.284822974714202,0.5185261272954815,0.08817450996309927,0.46888819217668776,7.180364555745833,4.771075675205164,8.62095112223387,2.0049581656705016,1.7601064922663774,2.6679265563742707,-0.9549120317766508,-0.889910105619138,0.9641968769180815,0.7561529486459044,-0.7193734720680603,-0.9761035658879126,0.12468168278676206,-0.095077412318555,-0.06130904779432278
training,augmented,s4,s4_p1,e8,8,1,normal,template_session.txt,template_times.txt,124,4.96,-2.7118244304330648,3.364846102095534,-8.6313087376,0.0994307263,8.730739463899999,4.321594732535794,-0.2138718684,6.806296667575,2.714397400620161,6.0,0.2588281734544714,0.4289069496899264,0.42891569754993425,2.1286840023096776,1.3620080213231889,-2.1005258504,3.406736777,5.507262627399999,2.527125131812403,2.76194313495,1.023838852625,2.3993823643403225,4.0,0.28276972635365855,0.5154254384607839,0.5154258721285497,-8.34747997359113,1.2945992356373337,-10.1725678812,-4.8934342976,5.279133583600001,8.447272286982216,-9.114320892599999,1.646090159499999,8.34747997359113,0.0,0.26626952244065055,0.39829379034022055,0.3983034763612098,0.0171345938532258,0.28112745843267256,-0.8061081638,1.7169594803,2.5230676441,0.28164914732931295,0.00236037665,0.07767265044999999,0.13702564657580646,51.0,0.11548462509674796,0.20576610572509907,0.20579233383930176,0.010112142483870972,0.5334054357733675,-1.5248291067,1.8466094037,3.3714385104,0.5335012786659376,0.0193306164,0.06218515765,0.2951381255290322,12.0,0.08481489908617887,0.15698911942041202,0.15698913183143634,0.0032305146540322583,0.868925496468268,-1.8896357591,2.3668450891,4.2564808482,0.868931501694786,-0.01146245945,0.080601144475,0.48852569685403213,27.0,0.09881684456422762,0.18133468564982752,0.1813410314627636,4.96,96.4189515545367,1.1189918111670756,9.797531414642014,0.6537046226236477,8.033195837110245,11.63397372076119,3.600777883650945,9.81931522839229,9.76556595141927,0.3638441031332018,0.6157954075794889,0.8601091949113707,0.01203795528001749,3.1659689505892197,3.153930995309202,1.0578240927333218,0.0978564274382792,1.0601829743048374,13.497173865298967,14.071252626931274,19.49804741098528,4.998418833833889,6.1189223178347145,7.900974697473792,0.7466891232844154,-0.8661449442525624,-0.8831497026837135,0.7329759616003568,0.6062720964107203,0.9406472128175393,0.019469412206184807,0.16903469725708223,0.0806590719286291
training,augmented,s4,s4_p1,e8,8,2,rapid,template_session.txt,template_times.txt,61,2.44,-4.636826620440983,3.279784408192343,-8.2479858572,0.483012409,8.7309982662,5.6795375579576675,-5.7843111315,6.8169473385999995,4.727685266972132,2.0,0.40797139237666663,0.5559147107238646,0.5559226534455634,2.2648117529327867,1.4101380327620774,-1.008391291,4.4705401168,5.478931407799999,2.667932073285334,2.626884909,1.8733227909,2.3798655981557384,6.0,0.48343654944166664,0.6276989011628596,0.6279811068658726,-7.571425806060657,1.0798721835670106,-10.3207269213,-5.5998640586,4.720862862700001,7.648046330241668,-7.4810468459,1.5790039198000008,7.571425806060657,0.0,0.442180169325,0.5841515253844686,0.5841545680055431,0.026753765867213113,0.24703436897185924,-0.6104269536,0.5259917431,1.1364186966999998,0.2484788591437959,0.0391785117,0.3220375394,0.1969675233786885,17.0,0.16903103488833335,0.21855141517924206,0.21857012200898066,-0.006183680313114758,0.6654394147127497,-1.1775029042,1.6104113934,2.7879142976,0.6654681454100276,-0.0341281237,0.8941322247,0.5099676199327868,4.0,0.122872524005,0.1607349214276724,0.1607352042103616,-0.0018709706918033076,1.2896074251779879,-2.1926044753,2.5842557012,4.7768601765,1.2896087823853903,-0.0803920563,1.6422454306,1.0023127460032786,5.0,0.16608760709000003,0.21441547902052677,0.21443006798214798,2.44,97.86762108943937,2.167680407602393,9.82700610133697,1.1391102552981114,7.53137491834431,12.244229193488959,4.7128542751446485,9.892806532498216,9.867538256333068,1.5726688430632887,1.1717561043127875,0.8914415514256181,0.04536415265413686,3.046664609382965,3.0013004567288277,1.4723044547926876,1.0247365992249342,1.5229727668166706,22.072919108627495,12.87208252757116,25.551991440445804,7.860610688612175,3.599152463229848,8.645409119960574,0.5278938563207731,-0.5162185182478912,-0.8125756464175201,0.622266555117161,0.5858695054425174,0.9776849668733169,0.2608261028236991,0.21776846801788988,0.1083406463613027
training,augmented,s4,s4_p1,e8,8,3,amplitudine_mica,template_session.txt,template_times.txt,137,5.48,-4.811023740694891,1.5795073993186224,-7.3599033678,-3.2809106441,4.078992723700001,5.063673869635774,-3.6639645089,3.3229842537,4.811023740694891,0.0,0.12250622612352936,0.18070434613767464,0.18071305239692367,1.1165375177182482,1.0014715148089992,-1.4270159195,2.027544474,3.4545603935,1.4998670685918332,1.6293683689,1.0427422916000002,1.424978638969343,4.0,0.15781804530367646,0.29894592772212075,0.29894774604405905,-8.17832854999708,0.9299535571307737,-9.1832374735,-6.1166108138,3.0666266597,8.231031010154044,-8.7272755862,1.4202733490999995,8.17832854999708,0.0,0.16822050714926473,0.2545807355801713,0.25458637488138525,0.00019665838759123162,0.16922063672942456,-0.7301681622,0.6624812672,1.3926494294,0.16922075100185935,-0.0003188981,0.0616367436,0.09082840854233577,54.0,0.05916800522794117,0.09199747270845808,0.09199748923053272,0.02773275166423357,0.27114380817048594,-0.8247570557,0.9189266223,1.743683678,0.27255837947871525,0.0173504982,0.0398523279,0.14815790077518248,16.0,0.03917090013970588,0.06575699767077295,0.06575700274084402,-0.010257836724817544,0.5220445891729616,-1.504985077,1.5024030816,3.0073881586,0.5221453593579466,-0.0055657243,0.043830597400000004,0.2756832548839416,37.0,0.05655726913235294,0.08915649549671803,0.0891565451689373,5.48,95.64026577159592,0.37555950909273583,9.77585327093845,0.2701084905698338,8.925366698934758,10.579669087131316,1.6543023881965588,9.779584130810262,9.78644564788174,0.21482621278546077,0.3427703970241801,0.5080039015761807,0.009773003726563374,1.7969148817766123,1.787141878050049,0.6128291026809479,0.0533596601438594,0.5133332681631358,7.566717667560916,7.714954570092918,10.80628244491028,2.5783072188933005,2.512486566711156,3.600035675226194,0.8300001745601284,-0.9451121479863229,-0.9251019670916864,0.7934048988019536,0.67155849655364,0.9497864545760987,0.01079656123066759,-0.01751080200152629,0.023475016039954968
training,augmented,s4,s4_p2,e6,6,1,normal,template_session.txt,template_times.txt,134,5.36,4.566420020597015,7.284377854644272,-7.82350914,10.13772288,17.96123202,8.59734566792223,9.852728760000002,13.640453879999999,8.237966348955224,2.0,0.31223549007518797,0.5894746417517279,0.5894755467339892,-2.1636612604477605,1.8448357835764941,-6.29353872,0.28105488,6.5745936,2.843386909712903,-0.8806588200000001,3.1846547099999998,2.1678561094029845,2.0,0.2682058403007519,0.44969278086356623,0.4496981534793368,3.38808682119403,2.9301932795314802,-0.5211741,9.31794378,9.83911788,4.479415694413738,1.3314564899999999,4.84214349,3.4068377095522386,2.0,0.2643294645112782,0.44357831421032645,0.44358494689194244,0.04210337731343283,0.21230576118967745,-0.72589728,0.6354192,1.36131648,0.2164403627226808,0.02314686,0.10814294999999999,0.129802368358209,40.0,0.11280368661654135,0.19503893733594743,0.19503897023809952,0.024714424925373124,1.409831485667077,-3.39482214,2.97023694,6.36505908,1.4100480916541924,0.0237966,0.06843128999999999,0.8140432822388061,14.0,0.10706381684210527,0.17561248689626643,0.17561258759484136,-0.01691755253731343,0.6046707457492358,-1.73657346,1.18985856,2.92643202,0.6049073601377237,0.00191964,0.07854918,0.3485431952238806,26.0,0.05982776255639098,0.09514039655328085,0.09514062988671787,5.36,102.06436661542791,2.4009949657419454,10.054346359640201,0.9871605218087446,7.506332560618197,13.320471932327692,5.814139371709495,10.102691058100703,10.024429342195534,0.1472682323793073,0.9092626786958591,1.254685756224552,0.007366678401016295,3.836978654317499,3.8296119759164826,1.549514429020248,0.09365620530632587,1.7467873071959164,13.969212061725809,16.474511327131278,21.59973169030677,4.66905702856962,5.187218102634527,6.979063345488039,0.9436644562936586,-0.8821451907093332,-0.9666930341451623,-0.7124888925793509,-0.6877581448722574,0.9879661070374075,0.005550151987389466,0.01628877920560342,-0.058920475783877393
training,augmented,s4,s4_p2,e6,6,2,rapid,template_session.txt,template_times.txt,79,3.16,2.9770120640506326,6.980145518900898,-7.54918218,10.94061792,18.4898001,7.588480236156335,6.19147344,14.539204439999999,7.05536067113924,2.0,0.5234488176923078,0.7210724448839974,0.7210730019777555,-3.1156654929113925,2.2151180396027015,-6.57242712,0.04091322,6.613340340000001,3.8228417954568963,-2.70508794,4.3699946700000005,3.1167012706329116,2.0,0.3357812930769231,0.4396744872248859,0.4398073583924899,4.663083877974684,2.867481969414939,-0.09681636,8.60277894,8.6995953,5.474194378896971,5.22171456,5.26579845,4.665534925063293,2.0,0.43266129846153834,0.5850909981773332,0.5852147984561099,0.06781205316455698,0.32182264367917074,-0.59818716,0.84796884,1.446156,0.3288894776958411,0.03798276,0.36348108,0.25342806379746835,8.0,0.13557723615384615,0.17613429301717098,0.1761346529852236,-0.015338798734177221,1.6267827527586671,-3.05136774,2.4760092,5.52737694,1.6268550652776894,0.01998588,2.21026248,1.3329443020253167,4.0,0.1576937784615385,0.18806251336049984,0.18806257282080469,0.007956981265822793,0.8303768426711913,-1.63130232,1.37157564,3.00287796,0.8304149651803254,0.03632016,0.97526535,0.6450494202531646,7.0,0.09227702000000002,0.11207179743232257,0.11207407432622779,3.16,102.16595578557458,3.4444147063541584,10.044501801146298,1.128689218670659,7.739729013503351,12.692411050881976,4.952682037378625,10.107717634835996,9.88407743500593,1.2040057192504907,1.5225544201361427,1.0612458452583233,0.04479230848817239,3.4746333914990934,3.429841083010921,1.8559134425813502,1.248001686282479,1.8975570517453704,21.79746525255268,13.593333860559905,25.688678768688863,6.26888185563336,3.1695167082758635,7.024579409753228,0.9367470791444098,-0.833579188858858,-0.9263215027300911,-0.8745314979313913,-0.8807118749629841,0.9827340869165311,-0.12411928340997255,-0.12465556858119262,-0.057394701630116805
training,augmented,s4,s4_p2,e6,6,3,amplitudine_mica,template_session.txt,template_times.txt,128,5.12,0.2795330798437501,4.966564239136728,-7.70130294,4.43213052,12.13343346,4.974424497788536,4.09504296,10.074523424999999,4.66552433015625,2.0,0.22287648944881885,0.3714029064215867,0.37140414223836543,-3.5532091185937498,0.9911593246749834,-5.57337894,-2.56121592,3.0121630199999996,3.688860507981827,-2.87179368,1.7266595700000003,3.5532091185937498,0.0,0.16630630960629916,0.267833458585073,0.2678347575387387,7.772162220468751,1.2126694876618982,4.57502538,8.96982696,4.394801580000001,7.866198120285803,8.45702859,1.060712025,7.772162220468751,0.0,0.15584939007874016,0.23158181962191057,0.23158788631125352,0.0024295443750000003,0.27692646534549736,-0.67589484,0.9017412,1.57763604,0.2769371226372893,0.00520761,0.08344365,0.16439187,32.0,0.07844403165354329,0.12918562188673252,0.1291856510448163,0.019665990468750012,0.8204804122968574,-2.0523063,1.80990432,3.86221062,0.8207160642657959,0.021376140000000002,0.10177151999999999,0.48911995453125,14.0,0.0680639735433071,0.1043679890998902,0.10436805414438556,-0.005672227968749997,0.3293756706855367,-0.89380152,0.66760632,1.56140784,0.32942450821041924,-0.00036516,0.04127073,0.19276115390624998,24.0,0.03220806614173228,0.049777845670756646,0.04977789869075923,5.12,100.22966379913457,0.8587895346482356,9.995476319697906,0.5657887781610582,8.22221212747743,11.46943930178412,3.2472271743066905,10.011476604334375,9.989867917774419,0.30759741014342623,0.5623494325406075,0.736581733665377,0.00800568396191106,2.3439943979459708,2.33598871398406,0.9267089805587488,0.09415744259520184,0.9973174595916683,9.093664093383754,9.048407341712473,12.82842165135108,3.0760045172368438,3.053745271765434,4.334416220771976,0.9542368765063416,0.8181570836958654,0.6501372489977094,-0.9347470494570075,-0.9189437657210162,0.95657608027856,0.019557014232865162,0.022482240159220665,0.011775782189281804
training,augmented,s4,s4_p2,e7,7,1,normal,template_session.txt,template_times.txt,141,5.64,-2.71070578893617,4.76943020174984,-9.91949592,1.52724498,11.4467409,5.485926569280305,0.6914376,10.3584825,4.080003631489363,2.0,0.20866518857142857,0.3363764739117466,0.3363767459691702,-6.123794768936171,1.844391048697008,-7.82025228,-1.79966862,6.02058366,6.395517235733451,-6.91527156,1.8083773799999996,6.123794768936171,0.0,0.233995701,0.3692889041447032,0.36928943981969026,-5.317702159148936,1.3931882120421832,-6.68673852,-1.4656278,5.2211107199999995,5.497174696841147,-6.04593678,1.5261260399999994,5.317702159148936,0.0,0.2737898644285714,0.46891536453766486,0.4689313137071226,-0.006320477021276606,0.20851379753191407,-0.89270604,0.50565174,1.39835778,0.20860956879049566,0.00963696,0.09734063999999999,0.13276589829787233,48.0,0.11329464214285713,0.18275628034166624,0.18275779389617947,0.016720888936170197,0.59019767170959,-1.3804884,1.37447856,2.75496696,0.5904344839338541,0.02204934,0.1620678,0.37129587872340425,10.0,0.05905376700000001,0.09894187510160592,0.09894264297341429,-0.0028880106382978502,0.6097251143086772,-1.48684278,1.50910122,2.9959439999999997,0.6097319539143216,-0.00730932,0.19658969999999998,0.37235188978723405,20.0,0.06284343128571429,0.0982297327445335,0.0982334766653226,5.64,101.21696068368979,0.7639038876333697,10.007250400776554,1.0353260838244585,7.451787733781972,12.68624369556517,5.234455961783198,10.060664027970013,9.975615440747685,0.4946070536782905,0.5610674079563693,0.670154647348275,0.010675127858962626,2.04644618649964,2.0357710586406776,0.8740159538780569,0.2368037585170016,1.0454547301407724,12.333426659322624,11.885892938395816,17.128568653098178,4.008746825343739,4.117629171516194,5.7467313408427785,-0.8697422586042699,-0.723073400840857,0.9431455636151379,0.518552391577557,-0.5667421974693616,-0.9870804715208039,0.10663701902265582,-0.02379289344249116,-0.0070734976822803735
training,augmented,s4,s4_p2,e7,7,2,rapid,template_session.txt,template_times.txt,73,2.92,-5.733589026575343,4.773766063639349,-11.23701258,1.65202056,12.88903314,7.460756366215151,-8.86963134,9.707116619999999,6.336532795890411,2.0,0.40152301416666675,0.5923948933788007,0.5924046721874076,-4.725415395616439,1.925220545045009,-7.6697115,-1.18954746,6.48016404,5.102550813876552,-5.26770636,3.4199528999999997,4.725415395616439,0.0,0.361187015,0.48840947259289735,0.48843111107081777,-4.711473476712329,1.6307080586572675,-7.48767516,-1.59337566,5.894299500000001,4.985698656591022,-4.83590568,2.5675113600000006,4.711473476712329,0.0,0.4961514174999999,0.6438034043058082,0.6438066754667153,0.0035624268493150723,0.3707265625723522,-0.82860822,0.97862166,1.80722988,0.37074367841106726,0.00045492,0.17782884,0.2441331435616438,21.0,0.15925075833333333,0.21397288119146385,0.21397315479673917,0.026002566575342462,1.0362027145780999,-1.84976592,2.08252686,3.93229278,1.0365289186354274,0.03609882,0.95574,0.755654704109589,2.0,0.137140275,0.17850016383716172,0.17850800112422077,-0.00046491041095891107,0.9383300089133441,-2.05380672,1.7458575,3.79966422,0.9383301240869371,0.03417,0.71984358,0.6702449761643836,2.0,0.11791072500000002,0.1595259357481381,0.1595259358677149,2.92,106.55610145854567,2.092306496018304,10.088838725564665,2.1843613776324724,5.701821464237817,14.623081870251006,8.92126040601319,10.322601486957911,10.026624500863619,2.221303309385272,1.0686577246668023,0.9748216060019788,0.022326614503932297,2.930814128167622,2.90848751366369,1.4464807278419938,0.6752204505271993,1.7993953137110164,21.223174695733437,13.306911986864561,25.049891233132726,6.788060596495836,4.28469040558835,8.027224833866326,-0.6042559211124099,-0.1804881489023428,0.8454309807783812,0.7746538107860602,-0.7679364618658931,-0.9837367268617475,-0.02255763736641292,0.004899786284446377,0.035587680164019427
training,augmented,s4,s4_p2,e7,7,3,amplitudine_mica,template_session.txt,template_times.txt,138,5.52,-6.526597396521739,2.1033871089538008,-9.70180752,-4.64135088,5.060456639999999,6.857164932127371,-4.92885216,4.361546009999998,6.526597396521739,0.0,0.09783393284671528,0.15588870630232116,0.155889650127545,-4.851724394347826,1.6381698777982807,-6.38154534,-1.53669834,4.844847,5.120823190389941,-5.821455179999999,2.64154959,4.851724394347826,0.0,0.11216136656934306,0.1599088264965434,0.15992341709594257,-4.951138103043479,1.3768261760390772,-6.22323318,-1.9966653,4.22656788,5.139009518811515,-5.79843123,1.9127937600000005,4.951138103043479,0.0,0.12856395678832114,0.2057095997689911,0.20571254751531323,-0.011128318260869569,0.16489516946652952,-0.63502548,0.52728594,1.16231142,0.16527025255837996,0.00845172,0.05522586,0.09424292956521739,38.0,0.05011112583941606,0.07948293646645485,0.07948365279097039,0.024261683043478265,0.38605556743136865,-0.93738408,0.9433011,1.88068518,0.3868171795678913,0.03312042,0.11161503,0.2421203491304348,2.0,0.03556075883211679,0.05338420592416064,0.05338423022842426,-0.0014656365217391282,0.32203078257043716,-0.9383235,0.79257672,1.73090022,0.3220341177784459,0.00698802,0.102264435,0.19237642,26.0,0.03608402627737226,0.05054271443664028,0.05054286059700147,5.52,99.65295988806814,0.28064775980291096,9.970267319485497,0.49671869913221667,8.588327978791797,11.426824501744786,2.8384965229529886,9.98263291361894,9.962284363984853,0.2763295094117595,0.337123600843595,0.4086507525469143,0.023953030742350744,1.330265923585704,1.3063128928433532,0.5297619841050422,0.08990343794187369,0.4760704635245482,5.643967370596083,5.076154195673508,7.590896462118753,2.0342501347731856,1.785537397761054,2.706717090799857,-0.958340005052503,-0.8919514870880985,0.9646506181469466,0.7564134656408376,-0.7204462547828078,-0.9769138513756315,0.12975504251827719,-0.09567691969402517,-0.06717813751420425
training,augmented,s4,s4_p2,e8,8,1,normal,template_session.txt,template_times.txt,124,4.96,-2.7658369108064518,3.432468041613313,-8.73935184,0.100623,8.83997484,4.408139139577619,-0.21700653,6.828615930000001,2.76845659983871,6.0,0.24932090536585363,0.42860760531865927,0.4286125095434447,2.170348308870968,1.387889597329845,-2.12900826,3.44665752,5.57566578,2.5761695045542847,2.81304525,1.0037771549999999,2.4470872398387096,4.0,0.2824203448780488,0.5226427462098965,0.5226433490549439,-8.532778034516129,1.3267058851879825,-10.31028138,-5.01565926,5.29462212,8.635302513063069,-9.30024066,1.7426577599999984,8.532778034516129,0.0,0.23300671853658544,0.391985325796449,0.3919959632882171,0.01737921241935484,0.28759487004856205,-0.81723522,1.77774168,2.5949769000000003,0.28811950003872755,0.00239904,0.07860528,0.139961085,51.0,0.11811755902439025,0.21023437607624157,0.21026096153332327,0.010090827096774188,0.5432295175154117,-1.56785016,1.90395546,3.47180562,0.5433232311355037,0.019717619999999998,0.06285647999999999,0.3005204119354839,12.0,0.08710576097560975,0.1623916638851255,0.1623916795160588,0.0026443993548387074,0.8851448346156127,-1.89454698,2.44036734,4.33491432,0.8851487847218953,-0.01175652,0.08276509500000001,0.4979351274193548,27.0,0.09954563951219512,0.18235141514736933,0.18235817021113057,4.96,100.63678948218495,1.1617013508887384,10.010119690406729,0.6590093063959128,8.081559337700112,11.791372547858,3.709813210157888,10.031788947250881,9.976745377741924,0.33761974838516906,0.6276979812866853,0.8761829690066789,0.012114504789036983,3.2366912308214646,3.2245767260324274,1.0778225043525202,0.09953002360887858,1.0831341906698646,12.794559907120517,14.760681889222662,19.534034223675395,5.103267259939981,6.23327226470551,8.05586865907844,0.7474703906340824,-0.8685056121077029,-0.8868787272207339,0.7332926159725828,0.60601906237083,0.9399721413590627,0.01355029306232909,0.16819214627786916,0.0926790721011453
training,augmented,s4,s4_p2,e8,8,2,rapid,template_session.txt,template_times.txt,61,2.44,-4.728208043606557,3.3424991976918044,-8.28274374,0.48515586,8.767899600000002,5.790358554545315,-5.8779744,6.954325320000001,4.820908753770492,2.0,0.4054028250000001,0.5706581864433189,0.5706809643733685,2.312941298360655,1.4409826115362638,-1.02335478,4.47914334,5.50249812,2.725092353739988,2.66718372,1.9361007600000002,2.4299990734426227,6.0,0.48792235500000003,0.6459110643942066,0.6461964451753057,-7.7464251314754105,1.1005528987689621,-10.46505312,-5.67790548,4.787147640000001,7.824213634643585,-7.67059992,1.682357399999999,7.7464251314754105,0.0,0.46143076199999994,0.6121536128351959,0.6121656976984903,0.02790419016393443,0.2523114114328124,-0.62520288,0.53979012,1.164993,0.2538497432890625,0.03940158,0.32318496,0.20109172918032786,17.0,0.17304845700000002,0.22323304285747847,0.22325171247282458,-0.0068187501639344365,0.6809869079994227,-1.2135654,1.62977232,2.84333772,0.6810210453579334,-0.0348891,0.9191066999999999,0.5218713285245902,4.0,0.12340692699999999,0.16195463115696204,0.1619549285514454,0.0014978783606557405,1.31752889111595,-2.24141328,2.66595768,4.90737096,1.3175297425731263,-0.08208246,1.7066272800000002,1.0233083281967212,5.0,0.172110346,0.22130527537119932,0.22131999905313365,2.44,102.17269952715083,2.264113978953143,10.041208236655143,1.1605329272707907,7.689723052515358,12.434986800192998,4.74526374767764,10.10805122301776,10.081294730813385,1.700474425930837,1.1970505797791549,0.9116928695583466,0.04654105477382308,3.1171762415439774,3.0706351867701542,1.504697304760377,1.0636215745040385,1.5548310960613778,22.636010487141974,13.651261321202082,26.433802345363585,8.030299864966562,3.697644732713351,8.840717871906373,0.5292843545385358,-0.5193381948920638,-0.82671766953607,0.6232950351200787,0.5848014294200887,0.9773753260605212,0.2590803778889523,0.21074058062793335,0.09767367402848608
training,augmented,s4,s4_p2,e8,8,3,amplitudine_mica,template_session.txt,template_times.txt,137,5.48,-4.909755854014598,1.6191084188329028,-7.54190244,-3.4126191,4.129283340000001,5.169837001102279,-3.70947072,3.4103302199999996,4.909755854014598,0.0,0.10973123250000001,0.1721439401119737,0.17215164351716933,1.1389202662773723,1.0211662851991945,-1.43448822,2.07401802,3.50850624,1.5296796903158658,1.66870164,1.0601523,1.4536784776642335,4.0,0.15866499750000002,0.3047023347882863,0.3047041341952512,-8.33620249839416,0.9451207187792758,-9.32881596,-6.2085615,3.12025446,8.38960817126157,-8.97683538,1.5414801000000002,8.33620249839416,0.0,0.13039644750000007,0.2218176679197334,0.22182039642218268,-6.968014598540197e-05,0.1725342863804043,-0.75239586,0.6643617,1.4167575600000002,0.17253430045100626,-0.00031926,0.06271776,0.09253005941605838,54.0,0.060044715000000005,0.09353685008921765,0.09353686556428327,0.028463315912408763,0.2765776862990593,-0.8294997,0.93945366,1.7689533599999998,0.27803844502383196,0.01744812,0.04001766,0.1512230408759124,16.0,0.039584985,0.06583705478805002,0.06583706000918556,-0.009839031678832124,0.5331900123781536,-1.5582999,1.54063248,3.09893238,0.5332807851818707,-0.00574158,0.04420782,0.28148327255474453,37.0,0.058048725,0.09246984306607735,0.09246989266521076,5.48,99.45265984022994,0.39146185758758106,9.96898406297976,0.26835907341748344,9.048519122027649,10.683754601586482,1.6352354795588333,9.972595441520225,9.966173202659572,0.13267706155343717,0.34976837827534507,0.5187715674034346,0.009884735429418432,1.8452091861684272,1.8353244507390087,0.6256691278843644,0.053924508289029394,0.5192907881828865,6.686044380676771,7.912015502292518,10.358724765573056,2.6289283460140105,2.571031157701852,3.677154533378994,0.8272425176702921,-0.9508164973114971,-0.9258613562828945,0.7915063725908617,0.6726096677329797,0.9512058680878304,0.009888416776079864,-0.01699009154884613,0.0156979646454106
