acc_x;acc_y;acc_z;gyr_x;gyr_y;gyr_z;mag_x;mag_y;mag_z
-9.4296927201;0.1192653022;-1.8628853781;-0.8041717187;1.8692532637;14.6958352772;39.5625000000;1.5000000000;-7.5000000000
-9.4443453901;0.2139303266;-1.9277328466;-1.8076211718;-2.6118169541;6.8537130766;38.8750000000;1.1875000000;-7.7500000000
-9.5535387159;0.1965023532;-1.7374458961;4.3154880446;0.1259827490;0.0000000000;38.8750000000;1.8750000000;-8.2500000000
-9.6422360191;0.2168150783;-1.8941220503;0.5595949390;-1.2294116718;2.4160465418;39.2500000000;1.5000000000;-8.5625000000
-9.5873873093;0.1803143961;-1.9215017686;-1.0762421740;4.4148887813;-10.4690041496;39.2500000000;1.5000000000;-8.5625000000
-9.6239648929;0.2179968465;-1.8243156187;6.0843490610;1.7300731339;-12.8835551609;38.5000000000;1.1875000000;-7.8750000000
-9.6571572158;0.0799492156;-1.7604824016;-2.0767902047;-0.4910131564;5.3440853636;39.5625000000;1.1875000000;-7.8750000000
-9.6661619289;0.0982082712;-1.8579670694;-0.3138856019;6.9769395088;9.8780933812;39.5625000000;1.1875000000;-9.0625000000
-9.4381820379;0.0405294983;-1.7770563531;15.3055408490;6.4860585708;-6.6244575920;38.5000000000;1.5000000000;-9.3750000000
-9.5613094319;-0.0203922355;-1.9028227251;10.1705831229;4.9187964801;-3.2910451965;38.5000000000;1.5000000000;-9.3750000000
-9.9102329903;0.2668927586;-1.8376456860;17.5534634907;-4.0076047113;18.9202921578;39.5625000000;1.1875000000;-8.2500000000
-9.8221815365;0.1993971461;-2.5573340209;32.2135706388;2.0285114457;19.3785173799;39.2500000000;0.7500000000;-7.3750000000
-9.2564788283;0.9576339030;-3.1012761075;5.3093261474;14.9897679766;7.1700464410;39.5625000000;1.0625000000;-8.2500000000
-9.8711212117;0.8626269233;-4.5555245293;10.9729083820;15.2796589007;29.5504071668;39.5625000000;0.5000000000;-8.2500000000
-9.5300817863;0.9133504317;-5.5099655998;5.4449635629;31.6718624889;31.6967509998;39.5625000000;0.5000000000;-8.2500000000
-9.8752886129;0.9718019840;-5.8954540391;-4.3530763851;49.3210157906;25.1811341216;40.0000000000;-0.6875000000;-7.5000000000
-10.1079809414;0.2859604893;-5.7143827487;15.5144198826;58.9585203915;15.6051027665;41.7500000000;-0.2500000000;-6.6875000000
-10.5115014009;0.2522273403;-4.9374577389;23.9888751346;68.1199314548;2.4601880426;41.5000000000;-1.0000000000;-5.0625000000
-10.2081994066;0.4545124828;-4.5163094414;23.9252872208;70.2954847436;6.9372099134;42.5625000000;-2.5000000000;-2.7500000000
-10.2819751916;0.4036922429;-4.1488434562;17.7861654706;74.8048195454;-27.4001253266;42.5625000000;-2.5000000000;-2.7500000000
-9.9521624498;0.7524917244;-4.0867713508;0.4396323411;70.9412569203;-12.9970612693;43.1875000000;-3.0625000000;0.7500000000
-9.6717047193;1.1943791902;-5.8154613100;-62.7541446255;66.7336352345;9.0488565611;43.5625000000;-1.6875000000;2.2500000000
-9.6529038005;-0.3842090196;-5.5483133086;-9.1118834110;98.1866358531;20.3937717193;42.8750000000;-2.0625000000;5.2500000000
-9.8610884095;0.1578288102;-5.5013786398;21.0780744112;74.6466970017;-17.3182941681;42.8750000000;-2.0625000000;5.2500000000
-8.4463622954;0.8435219495;-6.0171724638;25.6284736782;73.1084594585;-9.8975928586;42.5000000000;-2.7500000000;7.7500000000
-8.1174290824;1.2318924985;-6.4946077748;24.7567619759;75.5971047985;-13.0441285389;40.5625000000;-2.2500000000;10.0000000000
-7.5581713417;0.4354873203;-6.4448232907;40.0517562919;85.9094826923;-14.0119158880;39.5000000000;-2.0000000000;12.6875000000
-7.1371581707;0.7947034384;-6.4011700041;27.8196083093;85.7911795611;5.8815233997;38.3750000000;-0.5000000000;14.7500000000
-6.9639321218;0.3545214467;-6.1494881599;26.7283257498;75.8968300556;-3.3311382187;38.3750000000;-0.5000000000;14.7500000000
-5.9554398874;0.7045138839;-5.9946633068;3.7319120705;63.4572438041;-1.5077665056;35.6875000000;-0.0625000000;17.1875000000
-5.1835589313;0.1805892468;-6.7156234182;-4.2502585755;79.9196105590;5.0308974728;33.8750000000;0.2500000000;19.2500000000
-5.6920008266;0.0687547009;-6.4858817138;9.5273739794;54.9197359698;10.7886941746;32.6875000000;1.0000000000;21.8750000000
-5.1555492621;0.8942680985;-7.5449834924;-19.0915242326;40.9937455381;20.9545269256;31.5000000000;-0.5000000000;23.1875000000
-4.2445448715;-0.3281218113;-7.9634778117;18.3967177116;34.6166239493;16.2337127900;31.5000000000;-0.5000000000;23.1875000000
-4.2316988235;1.0092906808;-7.8437673629;-6.1582656835;37.2148741688;17.9388246144;30.5000000000;-0.3750000000;26.0000000000
-4.2156814202;-0.6014061204;-7.9569854629;-11.6903643354;47.5821837070;-2.1617313890;29.0000000000;-0.0625000000;24.5000000000
-3.8272043579;0.6630884369;-8.2452045791;4.1159471676;44.8902652148;9.3928559040;28.0625000000;-0.7500000000;26.5625000000
-3.1167942159;0.7406218856;-7.9584655407;-11.2675809306;54.3403798904;14.8873561764;26.5625000000;-0.7500000000;27.7500000000
-3.5040025996;0.8770307595;-8.6490873539;-11.0919332473;48.1358646496;16.1824884602;26.5625000000;-0.7500000000;27.7500000000
-3.1127101874;0.5366456690;-8.5006943497;3.5106351331;26.4353022955;21.2233771441;24.0625000000;-1.1875000000;29.5000000000
-2.7577700298;0.4712519258;-8.5295286215;4.3042231207;7.6945735985;6.9321050715;23.3750000000;-1.1875000000;31.6875000000
-2.7483949795;1.0384298481;-9.0937082857;-11.4341839265;7.2933738971;-2.2908602772;22.0000000000;-2.6875000000;31.1875000000
-2.5472724132;0.5199719121;-9.1618681039;-23.7441363650;12.8259230939;21.5493978403;22.3750000000;-2.6875000000;32.0625000000
-2.7128959899;1.3624661697;-9.1032009878;-24.6309909830;5.4098521658;10.8943715979;22.3750000000;-2.6875000000;32.0625000000
-2.7374915501;0.2238722635;-9.2339836206;-18.4115540858;11.2256152072;20.9053357002;22.0625000000;-3.5000000000;31.7500000000
-2.6188698806;1.3023394219;-9.5587109043;1.0780769515;16.9614642597;11.8215104991;22.3750000000;-4.5625000000;31.5000000000
-1.8406949453;0.8892538285;-9.0275548813;-5.6976653539;17.3969071046;1.9956777740;21.2500000000;-5.7500000000;31.7500000000
-2.5036152281;1.3809035596;-9.2385434763;-22.2371874219;19.0356234512;-4.9707672818;21.2500000000;-5.3750000000;33.0000000000
-1.9121834266;0.2136203778;-8.7634554234;5.6321989707;5.2161595202;2.0163691403;21.2500000000;-5.3750000000;33.0000000000
-1.8493291410;1.6122411678;-8.6847327432;-4.9570393209;9.3721067433;-5.3439944103;19.7500000000;-5.3750000000;32.6875000000
-1.8344126166;0.6721272127;-8.6326995503;0.1891360591;16.4619334193;-1.0157973228;19.5000000000;-5.7500000000;33.0000000000
-2.1993291994;1.2494538517;-8.7590268548;-0.0631981578;-1.7830971977;-19.1708741147;19.5000000000;-5.7500000000;33.0625000000
-1.2947589070;1.3344014459;-8.6867100418;12.4160442607;1.8775783700;-2.8571400455;19.1875000000;-5.7500000000;33.3750000000
-1.8245905529;1.7366603092;-9.1649075968;-1.4107395684;-0.8662419074;7.4117205206;19.1875000000;-5.7500000000;33.3750000000
-1.8637998406;1.1507498429;-9.3717510024;-10.1098614812;0.6193764525;4.6118286057;19.1875000000;-5.7500000000;33.6875000000
-1.6506599603;1.0303422752;-9.5658244551;14.1262304403;2.3798400926;-9.8237376125;18.7500000000;-5.7500000000;33.3750000000
-2.0186279195;1.7558071038;-9.8017078714;-3.5849331028;7.7278177876;16.8316500372;19.1875000000;-5.3750000000;33.6875000000
-1.9147018355;0.5620718851;-9.7726049906;-8.2339946899;-1.9950790918;-1.7417566742;19.1875000000;-5.3750000000;33.3750000000
-1.9899452214;1.3540670634;-9.5688419749;8.5031888147;-0.6372047747;-13.1346974218;19.1875000000;-5.3750000000;33.3750000000
-1.8683049463;1.4491794550;-9.6408997324;1.9080277325;0.6287853071;6.7048076507;19.1875000000;-6.0625000000;33.0000000000
-1.8381304724;0.9806419089;-9.9363323768;-3.7237195429;-2.1650413115;-12.0973778923;19.5000000000;-6.0625000000;33.3750000000
-1.7553213053;1.0289010133;-9.5744679143;11.6712488061;0.7439938000;9.7821312482;19.8750000000;-5.7500000000;32.8750000000
-2.0752995023;1.4150617026;-9.3629360559;-5.0211706652;0.2481213053;-2.1357301027;19.1875000000;-5.3750000000;33.3750000000
-1.9422469255;1.2340068113;-9.6193408683;2.5367530846;1.0022313848;-17.6745000816;19.1875000000;-5.3750000000;33.3750000000
-1.8046940003;0.6850034723;-9.6579918961;3.2312871173;4.9647764061;-1.8884782890;19.5000000000;-6.5000000000;32.5000000000
-1.9252160095;1.3726722797;-9.4515602547;14.3103210409;1.2359050935;-2.4910929786;19.8750000000;-6.0625000000;31.3750000000
-1.9658189669;1.4547417376;-9.5886535804;-13.7135689220;-1.7172576890;-2.0192057759;19.5000000000;-6.0625000000;33.8750000000
-1.8542590517;0.7271721210;-9.7869485520;2.4112411294;5.6078915829;8.4140246913;18.7500000000;-5.0000000000;33.0000000000
-1.9427596622;1.0290799477;-9.5092474149;-0.8230827948;3.8899934482;-8.7369585534;18.7500000000;-5.0000000000;33.0000000000
-1.9884804325;1.4516887089;-9.3636360223;4.2322405853;5.2173168834;-12.9122996557;19.5000000000;-4.5625000000;33.3750000000
-1.9135904460;1.1769807177;-9.5372586148;2.5667573584;0.7503602359;-3.6719751708;19.8750000000;-5.0000000000;33.0000000000
-1.8424231008;0.9780293638;-9.3392922158;-2.7769462492;2.8737333183;-2.8311897535;19.5000000000;-5.3750000000;33.7500000000
-1.8618974904;0.9050803006;-9.3185383058;-0.3133344448;1.5166638848;-0.7442055968;19.5000000000;-5.3750000000;33.7500000000
-1.7878516065;1.1390298477;-9.2833048327;5.4823045969;-1.4002625994;-7.8723811083;19.1875000000;-5.7500000000;32.6875000000
-1.9982359174;1.1687352082;-9.6692143175;1.1971097436;-3.4610863551;-5.4009355737;18.7500000000;-4.5625000000;31.7500000000
-1.8770577854;1.3691044762;-9.7610977716;-9.5995991304;1.2359738653;-3.6010311881;18.7500000000;-5.0000000000;34.1875000000
-1.8145115682;1.1384770774;-9.5309084730;0.9262686102;0.2507127490;2.0985715606;19.5000000000;-5.7500000000;32.5625000000
-2.0255558868;1.1333391284;-9.5001186749;1.7997373017;0.9845749709;-3.4417325283;19.5000000000;-5.7500000000;32.5625000000
-1.8345968514;1.2161397996;-9.8717065247;3.8650608665;10.4381890402;-2.0397479585;19.8750000000;-4.5625000000;32.1875000000
-2.0494183756;0.8720733889;-9.5695730883;-2.8266007285;-3.6739536632;-4.2167470296;19.8750000000;-5.3750000000;32.5625000000
-2.0385690642;1.1236223772;-9.3768704633;11.1265448764;5.2040011823;1.7699745041;18.7500000000;-5.0000000000;32.1875000000
-1.9155304931;1.0591449510;-9.4232587103;-2.9865130509;-1.6309222701;0.3715074299;19.1875000000;-4.5625000000;33.0000000000
-1.9947333695;1.0657377611;-9.6303588843;1.9027850666;-3.6819458189;0.6126158675;19.1875000000;-4.5625000000;33.0000000000
-2.0126927908;1.3776187484;-9.6224817381;-1.6664152406;0.6279205447;-2.4895231703;19.8750000000;-4.2500000000;34.1875000000
-1.8378030307;1.0641620199;-9.5051940561;-1.9588210640;3.4782603141;-2.6153213931;19.1875000000;-5.7500000000;33.7500000000
-1.8995029615;0.9363856249;-9.2116389457;4.7281201815;-0.9866559680;6.1320303306;19.5000000000;-5.0000000000;32.8750000000
-1.8713000233;1.1664192376;-9.4979468528;-1.4658620696;2.1170869168;4.6284048738;19.5000000000;-5.0000000000;33.7500000000
-2.0985815233;0.9833045324;-9.4565351968;-2.5269421466;-2.3333318257;5.3667601146;19.5000000000;-5.0000000000;33.7500000000
-1.9351781945;0.9999485890;-9.5725630429;5.9849706044;-3.5102687655;13.7562531261;18.7500000000;-4.5625000000;32.5625000000
-1.9410800044;1.2914428032;-9.7354798923;0.5688335946;-1.9100556153;1.6564528637;19.8750000000;-4.5625000000;33.0000000000
-2.0525292027;1.0678865613;-9.5390793696;-1.9760813142;1.0073718331;6.3540902559;19.8750000000;-5.7500000000;32.5625000000
-1.9864066502;0.8705387405;-9.5542347546;4.8349872315;-2.2414086828;-2.8331839450;20.6875000000;-5.0000000000;33.0000000000
-2.0207208747;1.2201768583;-9.8858857876;9.1064805641;2.7519651167;-6.4900877174;20.6875000000;-5.0000000000;33.0000000000
-2.1300243495;1.1260509501;-9.4695917970;-4.2560837112;-0.2502581145;0.5008305493;19.1875000000;-5.7500000000;32.1875000000
-1.7898116927;0.6480354391;-9.7890088017;8.6076776541;2.2812189903;-12.0888383461;20.2500000000;-5.0000000000;33.2500000000
-2.0637358929;1.0880045589;-9.4725359111;1.8254644913;3.9916140000;-5.3540066400;20.2500000000;-5.0000000000;33.0000000000
-1.9369942573;1.2672945944;-9.5398236036;-2.4314489731;0.2485814163;4.5341290294;19.5000000000;-5.0000000000;32.5625000000
-2.0518924217;1.0015831017;-9.3858373861;-6.6030298401;0.1273443414;-4.1037931144;19.5000000000;-5.0000000000;32.5625000000
-2.0276572416;1.1166273564;-9.5071775730;0.1895657572;-1.6424045909;-0.5078141630;19.8750000000;-4.5625000000;32.1875000000
-1.9043884989;1.1888140548;-9.5685347537;-2.3067678860;4.0199928832;0.1243295172;19.5000000000;-5.3750000000;34.5000000000
-1.9150870130;1.1493118266;-9.5692711757;-0.3143858305;1.5055357922;10.9667381306;19.1875000000;-4.5625000000;32.5625000000
-1.8178572692;1.1793087512;-9.6112757887;0.1879118103;-1.2686259670;-5.7934530624;19.5000000000;-5.0000000000;32.5000000000
-1.8088159530;0.9081269735;-9.3683833637;-2.9172922455;2.0382527976;8.1715692339;19.5000000000;-5.0000000000;32.5000000000
-2.0194427253;1.1824265919;-9.4435212610;-1.5535866270;-0.7494409553;8.2951481729;19.8750000000;-5.3750000000;32.8750000000
-2.0219843520;1.0237444781;-9.8430277678;0.1839395659;-3.0852315964;0.5034211606;19.5000000000;-5.3750000000;33.7500000000
-2.0992085717;1.0831263116;-9.5994852365;-0.1857012972;-4.5862699423;-1.8573008689;19.8750000000;-4.5625000000;33.0625000000
-1.9638754543;1.0165726545;-9.6979448466;0.3129954072;0.6143650127;-0.3763349090;20.2500000000;-5.3750000000;33.3750000000
-2.1233587688;0.9218542202;-9.6111392349;6.4362966688;4.6960119769;4.9645966107;20.2500000000;-5.3750000000;33.3750000000
-2.0948949069;1.0892875687;-9.4633408926;-3.3738113926;-2.6050529484;4.0966883097;19.8750000000;-5.0000000000;32.5000000000
-2.0527926233;1.0399908110;-9.7501801394;-0.1883678381;2.0076821361;-1.9757534316;19.8750000000;-5.0000000000;33.3750000000
-2.1157436744;1.0363955840;-9.5539512269;-4.8989492084;1.6322888128;10.4251458620;19.5000000000;-5.0000000000;33.3750000000
-2.0890022603;1.1330701604;-9.4607050458;3.8128293742;3.4627545526;3.3746769279;18.7500000000;-5.0000000000;32.5625000000
-2.0624628436;1.0343663349;-9.3574907294;-3.1843707900;3.3361460188;11.6633051072;18.7500000000;-5.0000000000;32.5625000000
-2.0147033948;1.1188915069;-9.5308405896;2.2778826777;-4.1202186982;-2.3671883063;19.5000000000;-5.0000000000;33.3750000000
-1.9879432295;1.4251101021;-9.5277247340;-4.2878556754;-7.4546727183;12.3657969056;19.5000000000;-5.3750000000;32.1875000000
-1.9183471140;1.0688234015;-9.7337114436;-3.0722661114;-1.2315307585;4.0375651725;19.5000000000;-5.3750000000;33.0000000000
-1.9968438204;1.2481543733;-9.5252772361;-6.2482470909;0.8912833442;-2.1499418075;19.5000000000;-5.0000000000;32.5625000000
-1.8829537654;1.2800075384;-9.4423758346;0.8239903309;-1.5010758249;9.3369557293;19.5000000000;-5.0000000000;32.5625000000
-1.9164629878;1.1060527361;-9.3473745376;1.0577502452;-4.6797692809;-6.9902790696;19.8750000000;-5.0000000000;33.3750000000
-1.8607067085;1.1219055567;-9.5907200797;-1.5736949475;-4.7659920144;-5.0544733764;19.5000000000;-4.5625000000;33.0000000000
-2.0660833364;1.1965976500;-9.4780200283;5.0407693382;0.3759488156;-8.4466962783;19.8750000000;-5.7500000000;32.5625000000
-1.8985544237;1.2046278131;-9.4627363219;-10.2393256739;-6.4039036954;0.5091462012;19.8750000000;-5.3750000000;33.8750000000
-1.9344458167;0.9946927569;-9.5695245413;0.3113248863;-2.6674583079;-10.0321268147;19.8750000000;-5.3750000000;33.8750000000
-1.9370317714;1.1279873437;-9.8225226769;4.3422869341;1.8448394282;10.8664412262;19.5000000000;-5.3750000000;33.8750000000
-2.1796728200;0.9267397178;-9.5662955114;4.2655233440;-3.9722965311;0.6211003027;19.8750000000;-5.3750000000;34.1875000000
-2.0117880451;1.3029958890;-9.6811767611;5.9971916471;1.0182259640;10.1511757366;19.1875000000;-5.3750000000;33.8750000000
-2.0305858552;1.0764760029;-9.7300566941;-2.7056794035;1.1359967128;0.0000000000;20.2500000000;-5.3750000000;32.5625000000
-2.1718380707;1.1196409867;-9.6739504453;2.8974990676;-9.5330347074;-0.4961720791;20.2500000000;-5.3750000000;32.5625000000
-1.9882945568;1.0579558452;-9.6812083132;-1.7942709867;1.8988154683;-1.7695021809;20.2500000000;-5.0000000000;33.3750000000
-2.1066721916;1.0986140060;-9.3910741553;6.6434935510;-4.6972185986;-4.0115745843;19.5000000000;-5.0000000000;33.0625000000
-2.1890420318;0.9573367752;-9.4619308489;7.2192331113;-2.6063121651;-10.8452383664;19.1875000000;-5.3750000000;32.5625000000
-2.0388250198;0.9442975597;-9.6532029534;4.2073234108;5.2627159596;15.3884351491;19.1875000000;-5.3750000000;32.5625000000
-1.9318042565;1.0890281837;-9.6237899080;-1.9362643918;2.0108273576;-8.4814128626;19.5000000000;-5.3750000000;33.3750000000
-2.0851949050;1.3495686434;-9.5007881239;3.2311173736;-9.3110967784;-2.5729130297;19.8750000000;-5.0000000000;33.7500000000
-2.0499059304;1.2360667339;-9.6490048232;3.4460653932;3.1579634855;12.8924649856;19.8750000000;-5.0000000000;31.8750000000
-2.1830924643;0.5903930940;-9.1702873776;-4.4720819014;-3.7624010878;3.9436671455;21.0000000000;-5.3750000000;32.2500000000
-2.0632949938;0.7719175870;-8.9961091575;17.2053743140;0.8737585717;-11.2914505039;21.0000000000;-5.3750000000;32.2500000000
-2.0825092694;1.0210753146;-8.6008637169;-0.0623267818;-9.4872597392;1.3647681508;19.8750000000;-5.3750000000;32.5625000000
-1.9641556161;0.3775526516;-7.8662989166;17.4224624386;-13.6896007203;-1.5929232607;21.0000000000;-5.0000000000;33.3750000000
-2.1563681475;2.0371348735;-7.8768555391;5.3330498878;-25.7859294483;9.2684648236;20.6875000000;-4.5625000000;33.7500000000
-2.1846077670;0.4478509558;-7.4687991266;10.9541658625;-21.1531565089;0.5090576520;20.8750000000;-3.8750000000;32.5625000000
-2.7600876385;1.3989486251;-7.7768347132;7.1627689531;-34.1945051832;0.4920657911;20.8750000000;-3.8750000000;32.5625000000
-2.6158885758;0.6391022607;-8.0893153641;-1.5438831852;-40.0956770939;-5.1165091151;20.8750000000;-3.5000000000;31.7500000000
-3.2102857092;1.1815399106;-8.4548969080;-0.5568968664;-43.7436364607;12.5356190634;22.5000000000;-3.5000000000;32.1875000000
-3.4583717032;0.2641372507;-8.3564178805;7.8324571999;-44.2324478319;15.1029407299;23.5000000000;-3.8750000000;29.5000000000
-3.9114428592;0.4649550648;-8.4672365916;2.5554247296;-47.1163164677;-2.3754596062;26.1875000000;-4.5625000000;29.5000000000
-4.3364430436;0.6306040582;-7.5504312129;3.7206861235;-45.8406328629;-3.1384328929;26.1875000000;-4.5625000000;29.5000000000
-4.9843932267;-0.2352113355;-6.9322186359;13.2298957319;-47.2291096994;-6.9364722077;26.8750000000;-4.2500000000;27.5625000000
-5.5008342232;1.4751225845;-7.2073272456;1.7139596060;-69.1810199975;-8.7474233157;28.3750000000;-4.2500000000;26.7500000000
-5.1589176430;-0.0297220595;-6.0376088924;-11.1402315488;-58.3974510248;0.6147922627;30.2500000000;-4.2500000000;24.7500000000
-6.3544979932;0.4322529045;-5.8186914154;-0.5676313335;-75.9681195524;-4.0188589364;31.5000000000;-3.5000000000;25.2500000000
-6.0347854717;1.1547762188;-5.4340440192;-4.9153111812;-70.9521528284;-1.7763004261;31.5000000000;-3.5000000000;25.2500000000
-7.1933976264;1.5085962101;-5.5932778413;-19.3485245335;-71.2421170484;11.6166408698;32.8750000000;-2.7500000000;22.5000000000
-8.2242555114;1.2678692253;-5.0408573889;-43.8298084380;-82.5237173263;9.6748179064;35.3750000000;-3.8750000000;20.1875000000
-7.7814013455;1.6990528404;-6.3568949965;-52.7314969335;-97.4430207179;-22.6049534808;36.5000000000;-3.5000000000;18.5625000000
-8.9084024291;1.7087026317;-6.3538833018;-10.0659170031;-83.9022654297;14.5142279144;37.6875000000;-5.0000000000;15.5625000000
-9.3016665264;2.4156253471;-8.1280312774;-59.6800642124;-107.8111933304;3.5287134194;37.6875000000;-5.0000000000;15.5625000000
-8.8967028254;1.1437711768;-7.3389667077;-16.1827013217;-77.5482291927;13.8205037141;39.8750000000;-5.6875000000;13.0625000000
-10.3241703075;2.5265457509;-7.0446160672;-28.8669330686;-82.2325377088;-17.2114126946;40.5000000000;-6.7500000000;9.7500000000
-8.9634973695;1.3432278112;-6.8628603510;-17.4557102055;-78.0471997815;12.1312607013;41.5000000000;-7.0625000000;6.5625000000
-9.7275182991;1.0272135530;-5.2859661635;-10.4843653853;-53.2306605738;-4.8605511657;42.6875000000;-7.0625000000;2.3750000000
-10.1068670629;1.5175751836;-5.1240958414;-1.9455261415;-59.0172026408;-9.5478830996;42.6875000000;-7.0625000000;2.3750000000
-9.9136924313;1.2299445014;-4.7161433992;19.4385981914;-59.4080389292;-14.0404383264;41.8750000000;-7.0625000000;1.0000000000
-9.8770237329;2.3624614419;-4.6533183475;2.1743757967;-61.9217567738;-9.6530050617;42.7500000000;-6.3750000000;-1.3750000000
-9.2453453516;1.8920511495;-4.4332813028;-30.4746305142;-23.1355553833;-11.3759658968;42.0000000000;-5.6875000000;-3.6875000000
-10.1064150660;1.5684607052;-3.7749693350;-11.8538113819;-29.2913572843;-23.6832086195;41.5625000000;-4.5000000000;-6.0000000000
-9.5280990435;2.4733871693;-4.1974534483;-14.2244466930;-35.4447221724;-15.5961300642;41.5625000000;-4.5000000000;-6.0000000000
-9.2349752980;1.7055812066;-3.2962882091;-16.5781112600;-4.4754571085;1.8590966985;40.1875000000;-4.5000000000;-6.0000000000
-9.8275139515;1.3870312136;-2.3099265273;-10.6429759536;-3.6717247370;-1.2439308376;39.5000000000;-4.5000000000;-7.5625000000
-9.4576380411;1.6001632715;-2.4347554131;1.0770555343;-12.6669943874;-2.3534815754;39.5625000000;-3.7500000000;-6.7500000000
-9.1935608323;1.2475393685;-2.1055588352;18.7971898172;-4.7983679451;-3.6755495033;38.5000000000;-3.3750000000;-7.0000000000
-9.5381396749;1.4291371589;-1.8347780645;6.2417592677;-8.2463824394;2.8992436623;38.5000000000;-3.3750000000;-7.0000000000
-9.4461143291;1.0941901255;-1.6038006685;14.5028946464;-0.2545792783;-5.6108732397;38.8750000000;-2.6875000000;-9.0625000000
-9.5078642171;1.2381325329;-1.8962783533;1.0554480130;-10.1133399939;1.2317717240;38.0625000000;-3.3750000000;-7.0000000000
-9.6518230436;1.3854038663;-1.6236528682;1.9378532843;-14.9455981653;-6.4726430304;37.7500000000;-3.0000000000;-8.6875000000
-9.2380282021;1.4614669971;-2.1319212276;0.1887227161;0.0000000000;2.8846693212;38.0625000000;-3.3750000000;-6.7500000000
-9.4499213169;1.5016986172;-2.1370724577;-0.4364035885;-2.6608181123;-3.6199157488;38.0625000000;-3.3750000000;-6.7500000000
-9.6811494174;0.7544855293;-1.5556575178;6.4082807756;0.1229030998;-0.2488878411;37.0000000000;-2.2500000000;-7.2500000000
-9.7104835324;1.4246972512;-1.9237905569;-1.4289760245;2.1284400523;-2.5963038440;36.2500000000;-2.1875000000;-8.3750000000
-9.5207509174;1.2903691591;-1.6338584341;0.1895550353;-1.2328832676;-10.7326355654;37.0000000000;-1.8750000000;-7.8750000000
-9.5100328324;1.3641970249;-1.6994713407;-3.6043116515;-8.6430509378;-0.3737335280;36.5625000000;-2.1875000000;-7.2500000000
-9.3057537085;1.1313513370;-1.7237274530;-3.2244565122;5.0588508565;-0.9935195588;36.5625000000;-2.1875000000;-7.2500000000
-9.6953380700;1.4084120345;-1.5598435237;-5.9451223991;3.8588706418;-4.1845149471;37.0000000000;-2.5625000000;-8.0625000000
-9.3847090124;1.0603004638;-1.8259269833;1.9717691153;4.4495385121;2.0886601155;37.0000000000;-2.8750000000;-6.8750000000
-9.5317106810;1.4188005438;-1.6511272007;-1.9095501123;7.8351148519;1.8909290081;37.3750000000;-1.5000000000;-5.6875000000
-9.2463576172;1.0223248634;-1.5577303315;1.0630228719;0.5029796156;-14.1243370753;37.3750000000;-1.5000000000;-5.6875000000
-9.4032105692;1.1568804888;-1.5633184591;1.6829991422;-1.3930471278;1.4900649393;37.3750000000;-2.8750000000;-7.6875000000
-9.5403994364;1.4170482475;-1.5337652313;-1.9423150238;2.2784839471;-0.9888418245;37.7500000000;-2.1875000000;-6.8750000000
-9.1304123429;1.3170952320;-1.5894642705;0.5627002791;-1.5128220001;1.1185761116;36.5625000000;-2.5625000000;-6.8750000000
-9.4780616484;0.9513450542;-1.4558461639;-2.8284770119;2.9952874589;-3.2131561961;37.7500000000;-2.5625000000;-6.5000000000
-9.4406855110;1.4520440855;-1.6622901924;-3.7961189379;-3.9466972006;11.5967585377;37.7500000000;-2.5625000000;-6.5000000000
-9.5686347792;1.0163952919;-1.9440174467;-7.2783317950;-3.9488611481;6.4096503512;37.7500000000;-2.5625000000;-8.0000000000
-9.3585816595;1.1584733530;-1.8060111368;12.8392602678;7.4214066367;-12.0461593855;37.7500000000;-2.1875000000;-7.6875000000
-9.5912597915;1.3672436582;-1.6893374968;1.5605093753;-6.5969833106;-6.9832733503;37.7500000000;-2.1875000000;-7.6875000000
-9.5201472925;1.0038696142;-1.8884597717;-0.5686500314;5.5533628029;-5.8845999331;38.0625000000;-2.1875000000;-7.6875000000
-9.5735642433;1.0939052671;-1.6313759531;0.8096258207;0.1250598076;-1.0054195517;38.0625000000;-2.1875000000;-7.6875000000
-9.3362726413;1.4643491310;-1.7535458537;-4.4837105468;1.3854753213;3.2324496179;38.0625000000;-3.2500000000;-5.6875000000
-9.5574291290;0.9061034646;-1.6631771440;-8.3637563202;1.3540106493;-6.7151763669;38.8750000000;-2.5625000000;-6.1875000000
-9.6074650029;1.1589786245;-1.5442483209;1.9097915038;-4.9926887012;-1.1457929936;38.8750000000;-1.5000000000;-6.8750000000
-9.3933586926;0.9123159275;-1.6293710813;1.9318495528;4.5455783949;10.5860034697;38.5000000000;-1.8750000000;-7.6875000000
-9.6153949995;1.2898302487;-1.5835725667;-6.0926133947;3.9343966277;3.1810406422;38.5000000000;-1.8750000000;-7.6875000000
-9.3495925378;1.1235615277;-1.5591100805;4.4898526083;-2.7053458332;-1.8689952306;39.5625000000;-2.5625000000;-6.0625000000
-9.4199604189;1.3400909351;-1.6320521284;0.1854168381;1.1227008355;0.3771821661;39.5625000000;-2.8750000000;-8.3750000000
-9.4982191043;1.2058501807;-1.7388159086;-7.8679209757;-5.9261791955;-2.6708962632;38.5000000000;-2.5625000000;-6.8750000000
-9.6198172522;1.0460051107;-1.9778670930;8.1386506515;0.9991732630;-5.2934821500;39.5625000000;-2.5625000000;-6.8750000000
-9.6300352749;1.2061969441;-1.9600032973;7.0492086936;-2.3767963359;-3.8085281562;39.5625000000;-2.5625000000;-6.8750000000
-9.7695651729;1.1824592359;-2.2789690802;4.0112471973;1.9831693902;-1.9623442059;38.0625000000;-2.1875000000;-6.0625000000
-9.5197706109;1.2840463137;-2.2758755757;7.5009838458;8.9191472510;0.9804793847;38.0625000000;-2.1875000000;-7.1875000000
-9.7727166874;1.3491801217;-2.6871487420;3.1179106034;-1.7385055643;11.6043915519;38.0625000000;-2.5625000000;-6.0000000000
-9.5310180093;1.4493112022;-2.5361293191;9.6450879108;16.7349837324;-5.7752014691;39.1875000000;-2.1875000000;-6.0625000000
-9.6970229794;1.1951143455;-2.3149873463;13.4474558626;16.8379144512;11.0321347372;39.1875000000;-2.1875000000;-6.0625000000
-9.7882252995;1.0849991875;-2.2708483636;7.0632404095;16.7608781450;-5.9884570429;39.2500000000;-2.5625000000;-6.5000000000
-9.5612884796;1.1976688054;-2.5834152482;13.2880117661;16.1021793527;10.1294989544;40.2500000000;-2.5625000000;-5.2500000000
-9.3292025171;1.4986483998;-2.9598713659;-0.1897916186;5.1819740325;2.7641118950;40.6875000000;-1.8750000000;-5.6875000000
-9.3715824064;1.2131063722;-3.9334947933;-2.7283028500;21.8328635684;3.0090997694;41.0000000000;-1.8750000000;-5.2500000000
-9.4244744594;1.4494224113;-4.8732695546;-19.4930103285;37.9621533434;14.6727407331;41.0000000000;-1.8750000000;-5.2500000000
-9.5551578867;1.9301890962;-5.5761908263;-29.2130532146;39.5708554012;18.4503568685;41.3750000000;-2.8750000000;-4.0000000000
-9.9106569258;1.0485504878;-6.1693205221;-24.7907301684;46.0612517194;7.0316972450;42.5000000000;-2.1875000000;-2.0625000000
-9.8843873689;0.8812300034;-5.6146713286;2.6038158881;66.6729783313;7.0648466832;43.1875000000;-3.6875000000;-1.0000000000
-9.6691875395;1.4189870707;-5.1889607412;16.6656157839;70.7011886468;-2.6685517420;43.5000000000;-4.0000000000;-0.1875000000
-9.4876348703;1.2459862675;-5.1907645980;16.3674392357;80.3261714964;10.3151538027;43.5000000000;-4.0000000000;-0.1875000000
-9.2602160746;1.3043903577;-5.7200251823;14.0070167364;77.1658809805;21.4559639312;43.1875000000;-4.0000000000;3.0000000000
-9.1073408237;1.2575355459;-5.9135808471;18.3968039319;68.6300523298;12.8509937689;42.8750000000;-3.1875000000;5.2500000000
-8.7821829959;1.2230312066;-6.1215124750;14.3459988631;82.4130976631;-1.1029753261;42.5000000000;-3.1875000000;8.3750000000
-9.0537029637;1.1879447140;-6.4866359582;11.2850580228;73.3990659537;5.9163697201;42.0625000000;-3.1875000000;9.8750000000
-8.4798450303;0.9554874543;-6.4376347482;14.2398598895;75.7804857589;3.0299307141;42.0625000000;-3.1875000000;9.8750000000
-8.0328182670;1.2610769036;-6.9390825290;10.6213917535;80.9385939632;1.4969289114;40.0625000000;-3.5625000000;13.0000000000
-7.5561506003;1.0428212931;-7.1049885896;16.4932949317;75.1179952702;0.0000000000;39.6875000000;-3.1875000000;15.5000000000
-7.3941482047;1.0655767133;-7.0244693248;3.4625892594;76.3738366665;-5.6035644162;37.5000000000;-2.7500000000;19.2500000000
-6.7792561708;0.6441458758;-7.0981716540;24.6505099989;81.5778599103;-10.7709810725;35.5625000000;-3.1875000000;19.2500000000
-6.3609337135;0.7402227691;-7.1062781858;10.6605790826;66.0699616997;6.4439726276;35.5625000000;-3.1875000000;19.2500000000
-5.9750855207;0.6685773022;-7.2240675477;19.6481186552;51.9610292955;-5.4294985435;34.5000000000;-2.7500000000;22.7500000000
-5.3536963150;0.7814235753;-6.7494377259;10.9316729019;57.6657003058;4.8086818498;32.1875000000;-2.5000000000;25.3750000000
-4.8162681869;1.1565025598;-7.1710960599;-0.4368108832;51.7069488629;-0.2493084707;31.5000000000;-1.3750000000;27.0000000000
-4.5218212860;0.3431550440;-7.2482570163;3.7838324309;41.5269727656;-14.0768961088;29.2500000000;-2.5000000000;28.2500000000
-3.7984842108;0.8170843427;-7.4608338259;-7.2420387004;35.8197305335;-3.3409057822;29.2500000000;-2.5000000000;28.2500000000
-3.7841612290;0.6553430027;-7.7919332531;-9.6185732543;38.2112119316;5.0203446751;28.1875000000;-1.3750000000;28.6875000000
-3.4048366800;0.0000000000;-7.8095249520;9.8139874731;30.8129784057;-4.4723867600;27.5000000000;-1.0000000000;30.0000000000
-3.3454764518;0.5033774123;-8.2036868970;11.6441377070;21.1755965946;3.7212179677;25.2500000000;-1.0000000000;30.0625000000
-2.9984945403;0.7307402983;-8.6251518553;-15.5258333543;24.7496751415;15.3865604683;25.2500000000;-1.0000000000;30.0625000000
-3.2417064357;0.1805077957;-9.1358273813;6.4186478126;23.6934145931;8.2783828279;25.2500000000;-1.7500000000;31.5625000000
-2.8969725514;0.7055190079;-8.7836660200;-10.0241317799;18.0492859064;-1.1055120359;23.3750000000;-1.7500000000;32.5000000000
-2.7513056242;0.5511789419;-9.2026951608;-14.3713532445;18.7547044690;-2.1443757448;23.0000000000;-0.5625000000;32.5625000000
-2.7278142916;0.2965785207;-8.9096948581;10.5201645086;21.4069111709;10.5653217382;23.3750000000;-2.0625000000;33.0000000000
-2.6556139646;0.6126805356;-9.0532678742;-4.9007129048;28.5169434486;-8.8890435378;23.3750000000;-2.0625000000;33.0000000000
-2.3232143934;0.4380834749;-9.0725492320;-7.5314495259;21.1887068559;-5.3216773897;22.2500000000;-1.7500000000;33.6875000000
-2.2633548142;0.4770214511;-8.5748210016;-4.2271294737;22.3853905572;10.7356455158;21.5625000000;-1.7500000000;35.3750000000
-2.2145787526;0.7951032739;-8.5848473992;-8.9879944559;6.1186667801;9.9149036582;22.0625000000;-1.7500000000;34.1875000000
-1.9954190511;0.4344929207;-8.6216095534;1.9755537920;-0.8714962959;-12.2510480617;21.5625000000;-2.0625000000;33.7500000000
-1.8473151752;1.0472671911;-8.9198125806;-1.4174658795;2.4155068383;0.5013030985;21.5625000000;-2.0625000000;33.7500000000
-1.8446568690;0.8674892583;-8.9917404896;-9.3581368425;-1.9813618508;8.7465680026;20.0625000000;-1.7500000000;35.0000000000
-1.8932555560;0.7185730319;-9.2219021679;10.5338248108;-2.2425810832;2.0234467660;20.0625000000;-1.3750000000;34.5000000000
-1.9448044501;1.0095398288;-9.1823517966;-0.1904198473;-8.5703889119;25.3564720768;20.5000000000;-1.7500000000;34.5000000000
-2.1955692471;0.7293927487;-9.1291490761;-2.0607158285;-7.2315826128;5.4992764174;20.7500000000;-2.0625000000;35.0000000000
-2.0996734743;0.7657524083;-9.5461725932;-2.0519476043;-3.3297592561;5.8179804101;20.7500000000;-2.0625000000;35.0000000000
-1.9891328192;0.7902753851;-9.4819160353;-3.4116591024;0.0000000000;-2.8918212024;19.6875000000;-1.7500000000;35.3750000000
-2.1427902784;0.4129967930;-9.7121906451;4.2584680178;-4.1499057481;-4.9216655005;20.8750000000;-1.7500000000;34.5000000000
-1.9436321043;0.7661179345;-9.5888742997;-0.9291847600;-0.1229334263;-7.9870162231;20.5625000000;-2.5000000000;34.1875000000
-2.2289572271;0.8515367675;-9.5419987713;0.1844604632;2.8181482235;3.6105414272;20.8750000000;-2.5000000000;35.0000000000
-2.2471564068;0.7886388356;-9.7235954704;1.7107336544;-6.9895102063;4.8953129889;20.8750000000;-2.5000000000;35.0000000000
-2.1350994934;0.8934225428;-9.7756246249;-7.0937306695;-2.7466563708;12.0901282414;20.8750000000;-2.7500000000;34.5625000000
-2.1583621653;0.6138211637;-9.8095254594;0.3091829417;3.2957259572;5.9068157009;20.5625000000;-2.5000000000;35.0000000000
-2.2826200297;0.8302025019;-9.3532137025;-0.9284114405;0.1261426316;10.2362383629;20.5625000000;-2.7500000000;35.0000000000
-2.2466844769;0.4757167630;-9.4158209028;-0.9410376920;1.7556701151;-7.7363347547;20.8750000000;-2.5000000000;35.0000000000
-2.0990802140;0.7256812673;-9.2303643198;-2.7899050070;5.0607772740;-10.7719652107;20.8750000000;-2.5000000000;35.0000000000
-2.1295845651;0.8657999563;-9.0084132093;-3.1903180708;0.2533232011;-1.2578427755;21.2500000000;-1.7500000000;35.2500000000
-2.0889763589;0.6115165539;-9.3822748305;6.0490316675;-4.1688954593;-10.7642563350;21.6875000000;-2.0625000000;35.2500000000
-2.0567124052;0.9134974012;-9.5200665047;2.5955530528;-2.3414239342;15.4432654190;20.1875000000;-2.7500000000;35.2500000000
-2.3063156789;0.5933359306;-9.3226926476;1.6622513005;-3.4998208950;0.9913952363;20.5625000000;-1.7500000000;34.5000000000
-2.2888539309;0.6662534016;-9.6107053602;3.0416761575;-4.9351654029;-9.6127852415;20.5625000000;-1.7500000000;34.5000000000
-2.1956700634;0.6968217723;-9.6801361128;0.1840145440;-1.9775419394;-4.4203362363;20.8750000000;-2.0625000000;33.3750000000
-2.3137082898;0.4771196279;-9.6015136822;1.8989016565;-6.6499071595;3.4848089222;21.6875000000;-1.7500000000;33.3750000000
-2.3215971415;0.7958326486;-9.8455589122;-1.6674368927;-0.7380763986;3.2355870270;20.8750000000;-2.7500000000;33.5000000000
-2.2954909129;0.6528186460;-9.8316021134;-1.4420501841;7.4520493088;-6.7387667744;21.2500000000;-2.5000000000;35.0000000000
-2.2736379637;0.6029427933;-9.5935875553;3.1757915843;-1.2742335617;-8.0135854323;21.2500000000;-2.5000000000;35.0000000000
-2.3554373868;0.7455141353;-9.4163438412;-5.5249207264;-3.1233683366;3.4858503016;21.2500000000;-2.0625000000;33.7500000000
-2.3998893750;0.7175635066;-9.5547121428;-7.0075982791;-0.7494388207;6.7503350740;21.2500000000;-2.0625000000;34.1875000000
-2.2636558962;0.5605209681;-9.4482754934;0.1911922291;-9.3552788173;-1.5941435264;21.2500000000;-2.0625000000;33.2500000000
-2.2435930256;0.9646184039;-9.5042728823;1.9686747922;-2.8035268787;-3.6880252747;20.8750000000;-1.7500000000;35.2500000000
-2.2647906267;0.8936799526;-9.3656015882;3.0226871146;5.2093633526;6.9881636970;20.8750000000;-1.7500000000;35.2500000000
-2.2255132860;0.6185864283;-9.2070755452;5.8860157292;-3.9373424161;-3.0481622365;21.6875000000;-2.0625000000;33.7500000000
-2.3538267696;0.8970691229;-9.3048317546;-2.4242120797;-2.4864478529;7.5270670770;21.6875000000;-2.7500000000;34.5625000000
-2.1653973648;0.5905962225;-9.3701753754;0.1850798420;-4.6815996302;5.9696199966;20.8750000000;-2.0625000000;35.0000000000
-2.2510693518;0.6058380958;-9.4435308244;4.1083957218;-0.5066411965;-7.2313269625;20.8750000000;-2.5000000000;34.1875000000
-2.2696276405;0.8571782499;-9.3597539170;-5.6052534979;1.8414818221;-6.2634128083;20.8750000000;-2.5000000000;34.1875000000
-2.4074000568;0.6208620351;-9.3949024764;-3.9947242386;-3.9655384612;-10.6846891781;21.6875000000;-1.7500000000;33.3750000000
-2.1885932145;0.8546834776;-9.8288472369;-0.1868915296;-0.6216288757;8.3995570430;21.6875000000;-1.7500000000;33.0000000000
-2.3099334928;0.8209986355;-9.3884610235;-1.3192916544;-4.7013605829;-3.8816149633;21.6875000000;-2.5000000000;35.3750000000
-2.1777680188;0.7787402160;-9.7133696002;-1.4111891225;-4.5821265685;-5.6703463601;22.0000000000;-2.0625000000;33.6875000000
-2.1456326149;0.6557038066;-9.4693178729;4.5170642344;2.1361363526;-1.0196583125;22.0000000000;-2.0625000000;33.6875000000
-2.5310584766;0.8713006504;-9.6115852434;-2.2189999866;1.1402626308;17.4221993257;21.6875000000;-2.0625000000;34.1875000000
-2.4511702387;0.5512705404;-9.5605045315;4.7231213350;-1.8971993830;0.1255592954;21.2500000000;-2.0625000000;35.0000000000
-2.1428853759;0.9904431498;-9.6216647874;-4.9617770225;3.1873405206;10.5717308017;20.5625000000;-1.3750000000;34.0625000000
-2.4066947414;0.7927005031;-9.3899159054;-8.0182200490;2.4584414196;5.0757436996;20.5625000000;-1.3750000000;34.0625000000
-2.2543662843;0.9034877218;-9.4939424216;-0.6991623542;-5.2196389058;1.8451466614;20.8750000000;-2.7500000000;34.0625000000
-2.1987549700;0.5677005386;-9.4687682145;-0.3124288450;4.6745310984;2.8873288652;21.2500000000;-2.0625000000;34.0625000000
-2.3321785493;0.6183147508;-9.3097890087;-2.6786706934;-10.0940514770;23.1805160789;21.6875000000;-2.5000000000;33.3750000000
-2.4153459647;0.3940320596;-9.3817349495;7.4706527023;-1.4918203356;2.5247314285;22.3750000000;-2.0625000000;33.3750000000
-2.3814748398;0.6302833555;-9.2377274034;1.1947123356;-0.7579574441;-8.5636855909;22.3750000000;-2.0625000000;33.3750000000
-2.3191284354;0.6186423857;-9.4130722246;-1.4199620532;3.9328694576;2.5170559698;22.0625000000;-2.5000000000;34.1875000000
-2.3192701719;0.7226230154;-9.4526769279;0.8271392559;2.2402380979;4.4305756666;21.2500000000;-1.3750000000;34.5000000000
-2.2316423864;0.5507062955;-9.3807347355;4.1837235631;-5.3123226815;-2.7461610029;21.6875000000;-1.3750000000;34.1875000000
-2.1894547686;0.8451886381;-9.4936942422;-10.1975727691;4.5824341929;4.3236421820;21.6875000000;-2.0625000000;34.5000000000
-2.5028947574;0.4977277286;-9.4034126705;3.0971937948;-4.2872650799;-1.6477337179;21.6875000000;-2.0625000000;34.5000000000
-2.3626719174;0.7656315597;-9.3725133673;-3.3392119750;0.6267913015;2.0985551488;22.0625000000;-1.7500000000;35.0000000000
-2.4949210836;0.4942760596;-9.5759539615;4.6464115218;-1.8475969557;2.3620231558;21.2500000000;-1.3750000000;33.7500000000
-2.4714560781;0.6976184218;-9.5714888979;4.7599691640;3.4574823580;-1.6193062385;21.6875000000;-2.0625000000;33.2500000000
-2.4804190279;0.8371054967;-9.1800338016;-1.4248883177;-2.9979593051;-5.2004695060;22.0625000000;-1.7500000000;33.6875000000
-2.3723404697;0.7202121160;-9.4286115622;-4.2630700405;0.0000000000;0.1228499337;22.0625000000;-1.7500000000;33.6875000000
-2.5399232465;0.4377950407;-9.4721206671;7.7737352133;1.8930597755;0.8818329308;22.0625000000;-2.0625000000;33.6875000000
-2.6193947084;0.5657002948;-9.6140608549;7.9373163093;-1.6211837807;0.6186423987;21.6875000000;-1.7500000000;34.5000000000
-2.3267497209;0.5414466126;-9.4124701665;4.6334585124;3.9033354751;1.5021212466;22.0000000000;-1.3750000000;34.0625000000
-2.4584557716;0.6634218836;-9.3708408567;3.7473830880;4.1227040987;8.0399633390;22.7500000000;-1.7500000000;33.7500000000
-2.4209389978;0.5554661974;-9.7022901323;-4.2315165678;3.1142999487;8.6714074484;22.7500000000;-1.7500000000;33.7500000000
-2.4607104828;0.5812163371;-9.3444161181;9.5833011379;3.1949283876;-14.9142697867;22.0625000000;-1.7500000000;33.2500000000
-2.4686088786;0.3931080546;-9.3704539126;2.9706289541;1.8606680741;-11.6779323987;21.6875000000;-1.7500000000;33.3750000000
-2.3599172336;0.7607350872;-9.1445849074;4.0551218558;2.6124478309;-0.7390581849;21.6875000000;-1.3750000000;35.0000000000
-2.3466267901;0.6344847448;-9.1785144674;-12.4367080309;-3.5542609057;10.9172912858;22.0000000000;-1.3750000000;33.2500000000
-2.5039053290;0.2550446955;-8.7108889112;-2.2874149208;-1.1040262706;3.0083903149;22.0000000000;-1.3750000000;33.2500000000
-2.3267833284;0.9335545510;-9.0382237018;1.9224095687;-9.0978759664;-0.6198988081;22.3750000000;-1.7500000000;33.2500000000
-2.4115460066;0.5292325947;-8.8719452756;3.8416785567;-6.6551698315;0.2515358048;21.6875000000;-1.3750000000;34.1875000000
-2.4662815818;0.1727797035;-8.0393482311;6.5554592888;-16.9242672718;-2.0860129867;22.0000000000;-1.7500000000;33.2500000000
-2.6093423230;0.4831151907;-7.8649730337;2.7102719977;-15.7499733629;-4.9750104203;22.7500000000;-1.3750000000;33.3750000000
-2.8793368758;0.5674759350;-7.5084160318;0.6989529917;-27.9660890738;-9.0849095925;22.7500000000;-1.3750000000;33.3750000000
-2.4499569973;0.2156987044;-7.7541300475;8.2231048715;-28.2898239656;-9.6280777420;23.0625000000;-1.0000000000;33.0000000000
-3.4009322687;0.8744795831;-8.1982499136;-3.7600951620;-37.3630314499;-3.1516530382;23.5000000000;-0.2500000000;33.3750000000
-3.4386353279;-0.3161093594;-7.9158619788;9.0186649059;-36.4129467044;-9.2484635170;24.2500000000;-0.2500000000;32.5625000000
-3.9964229486;0.9525203258;-8.3118045312;-6.3069337659;-50.5103888391;-3.1693718231;25.7500000000;-0.5625000000;32.2500000000
-4.0688576390;-0.3697811377;-8.0793673166;30.0340440661;-48.9622739366;-1.3682273783;25.7500000000;-0.5625000000;32.2500000000
-4.8243144442;1.0891792137;-7.1712064540;-24.7234996523;-64.0230907604;-9.0502862007;27.0625000000;-0.5625000000;30.5625000000
-4.5487817012;0.1205302541;-8.5452060958;6.7052931989;-52.1999344391;5.3563240693;28.5625000000;0.8750000000;28.5625000000
-5.3825988378;0.5970181708;-6.0822423432;6.7864187206;-50.3175819524;8.0863140581;30.5625000000;-0.2500000000;28.2500000000
-6.0023919995;0.0101456762;-7.0345538491;-14.5081642281;-73.3218151579;-7.9211032248;31.1875000000;0.5000000000;25.5000000000
-6.0805660073;0.0402284231;-6.5234646984;23.4765476017;-73.7870544132;-2.2233173654;31.1875000000;0.5000000000;25.5000000000
-6.7589842595;0.8104650523;-5.9958092942;5.0184345228;-83.3241493454;18.0898620973;32.3750000000;-0.2500000000;24.3750000000
-7.3323167739;-0.1991219147;-4.9386395421;2.0662963583;-77.7176058994;7.4386291371;34.8750000000;0.0625000000;22.7500000000
-8.9283516262;1.7514696888;-5.2478945962;-54.1892888769;-97.6652674661;-6.0708659903;36.0625000000;0.5000000000;19.8750000000
-7.3905074835;0.8880325024;-6.2122253277;-13.0722725497;-88.6395580810;15.2254118636;37.8750000000;0.0625000000;17.6875000000
-8.6904105581;0.2064902069;-5.5527893869;-0.0616832704;-103.5325935242;21.2841116873;37.8750000000;0.0625000000;17.6875000000
-9.5729549063;2.3716784216;-7.0373414357;-48.8517454595;-110.2506965077;17.3846122679;39.7500000000;-1.0000000000;15.2500000000
-8.8303088412;0.3121742916;-7.1669404533;1.5870505375;-82.8893154926;25.7496882980;41.5000000000;-1.7500000000;13.0000000000
-10.1535795760;1.9050410844;-6.0627867970;-67.0015451637;-84.2239971321;19.2919551639;42.8750000000;-2.6875000000;8.6875000000
-9.7319400585;0.5008891073;-7.4479241356;-13.4087019206;-68.3187006640;14.4693223868;42.5625000000;-3.5000000000;5.1875000000
-9.7686096655;1.0499179019;-6.3433773523;-21.3998815147;-51.2673138832;5.7423710980;42.5625000000;-3.5000000000;5.1875000000
-10.0207547646;0.7800204481;-5.5291213478;-23.0203802977;-44.7683535423;-2.2674514726;43.5625000000;-4.1875000000;3.2500000000
-10.2049108560;0.5542180576;-4.7570578569;-0.8174564745;-37.4644059818;-1.6455578070;42.7500000000;-4.0625000000;1.7500000000
-9.8237053744;1.4473285401;-4.3400284916;-2.7700588454;-27.5197651518;1.7273830713;43.5000000000;-3.7500000000;-1.3750000000
-9.5501270380;0.9828292480;-4.0257237037;-19.0617137952;-20.5569260244;-7.3201888605;43.5000000000;-3.7500000000;-1.3750000000
-9.5576701004;0.9357648510;-3.0744379166;-7.2904842450;-22.9541706561;-8.8323131022;43.8750000000;-3.7500000000;-2.1875000000
-9.1114987151;1.1071266172;-3.2966818733;-14.8336064704;-17.9078381023;-10.0923555662;42.5625000000;-3.7500000000;-3.5625000000
-9.6140945808;0.9051683863;-2.8837879647;0.4305912144;-10.7891090086;-9.2491953453;42.5625000000;-3.0000000000;-3.5625000000
-9.6022959186;1.3474782596;-2.3277346180;-17.0958855130;-14.8984626320;-27.8921111294;42.5625000000;-3.0000000000;-3.2500000000
-9.7806481951;1.0041271231;-2.6620408594;-8.8532576219;-2.1319039621;-17.1493116882;42.5625000000;-3.0000000000;-3.2500000000
-9.5408255917;1.4815139546;-2.2685353830;-6.2930073611;-5.3922027150;5.9504976571;40.6875000000;-2.2500000000;-4.7500000000
-9.5678967617;1.4129005203;-2.5889212839;-23.3975615392;-15.9939506292;-6.1089676020;39.8750000000;-1.8750000000;-4.5000000000
-9.3924185302;1.6779939752;-2.8699088770;-7.6171632131;-10.9116946804;-16.0384938169;39.5625000000;-1.5625000000;-4.5625000000
-9.5342728932;1.2931607959;-2.7797919916;-7.3381544340;2.1213629647;1.7701044154;38.7500000000;-1.1875000000;-5.5000000000
-9.6206689946;1.4206308560;-2.4970115278;-5.7709775835;-4.8839513014;-1.3581214808;38.7500000000;-1.1875000000;-5.5000000000
-9.3503268801;1.1094839745;-2.2566061344;1.0434621229;1.5160324891;-6.6134288796;38.0625000000;-1.7500000000;-5.0000000000
-9.6302159192;1.0884952976;-1.9926103907;-2.0443836040;2.5299308357;-10.5202742404;38.0625000000;-1.0625000000;-5.8750000000
-9.4578464973;1.1172369504;-2.0589347321;-6.0790585519;-6.3384311753;7.5372650990;37.7500000000;-1.5000000000;-6.3750000000
-9.5017748024;0.9417545393;-2.0487638387;4.8759080903;3.6538748808;-1.0057410414;38.5625000000;-1.0625000000;-6.7500000000
-9.5364047017;1.3706296383;-1.8330432598;-4.7757371738;-2.7087631812;1.3986664559;38.5625000000;-1.0625000000;-6.7500000000
-9.3347564367;0.7544084451;-2.2319226389;-2.7171969654;-2.1149152149;4.6604759050;38.1875000000;-1.5000000000;-5.5625000000
-9.5721331553;1.1907780513;-1.8574446167;2.3463941557;4.6758261191;-1.3775951683;38.1875000000;-1.0000000000;-6.0000000000
-9.5049109170;1.1270995916;-1.6454619591;0.4415895798;10.2614405925;-4.8214582186;38.8750000000;-1.0000000000;-6.0000000000
-9.5909574885;0.8798332096;-1.5609766709;-1.2929896237;3.4327965002;-2.8545699431;38.1875000000;-0.5625000000;-6.0000000000
-9.2456556180;1.2745826989;-1.7475083476;-5.4540580217;2.2415197904;2.5343930608;38.1875000000;-0.5625000000;-6.0000000000
-9.3838266127;1.1910075920;-1.7889509989;-8.8355532410;4.1773481248;5.4694858196;37.7500000000;-0.5625000000;-6.0000000000
-9.3546156016;0.9840058620;-1.8058612308;1.6866383217;6.3202092877;-5.2897862992;38.8750000000;-1.0000000000;-4.7500000000
-9.7087049681;1.1746774096;-1.9361341086;0.6767823185;-4.3456027433;-7.6603621238;38.8750000000;-1.6875000000;-4.7500000000
-9.3159051713;1.1091383354;-1.9475741255;-1.0538917211;1.0188795200;12.9896157858;38.5625000000;-1.3750000000;-5.8750000000
-9.6719656542;1.1186156480;-1.9218909401;1.5664268306;6.7302533074;2.4002605037;38.5625000000;-1.3750000000;-5.8750000000
-9.4536045855;1.3202801468;-2.0113611376;4.2159354994;2.5154286226;-4.7839223045;38.1875000000;-1.3750000000;-5.1875000000
-9.4398611681;1.1119925700;-2.0291647868;-2.7292788494;5.8396891811;4.0763635361;38.5625000000;-1.0000000000;-5.5625000000
-9.5714630165;1.1453681781;-1.8882665707;3.1159484631;-5.3661160126;2.9463722721;38.8750000000;-1.0000000000;-5.0625000000
-9.6445069977;1.0641059832;-2.0110974856;-1.8224239239;1.5269914270;4.5481835338;38.5625000000;-0.5625000000;-5.0625000000
-9.4990696366;1.0052035772;-1.9858143125;0.8001172630;0.0000000000;7.5438979802;38.5625000000;-0.5625000000;-5.0625000000
-9.2439441565;1.0918311108;-1.6665980444;-1.8365490065;-4.9382497835;6.6845036956;38.8750000000;-1.3750000000;-5.5625000000
-9.4949183026;1.2686043463;-1.9450138006;0.4361144592;-1.5135653652;2.3920345443;38.8750000000;-1.3750000000;-4.6875000000
-9.4948606588;0.5985681922;-1.9856374565;4.8433933969;-7.4491288598;-3.4034854947;38.5625000000;-1.0000000000;-5.8750000000
-9.4272368385;0.8841792679;-1.8139333301;10.0416022754;-3.1933485897;9.9345691571;39.6875000000;-1.0000000000;-5.0625000000
-9.3635927842;1.3299666466;-2.2132288715;-4.9503628476;4.5043626276;-7.3797263890;39.6875000000;-1.0000000000;-5.0625000000
-9.6733083306;1.3206088667;-2.4604135823;-3.2023009829;-7.2794900825;4.3942064187;39.2500000000;-1.3750000000;-6.3750000000
-9.2090351115;1.4100440713;-3.0639334181;4.7202516468;4.4709291488;8.8345203890;40.0000000000;-1.6875000000;-4.7500000000
-9.5052987341;1.4976027784;-3.2960000111;8.3415176079;9.3165437229;6.9886847107;38.8750000000;-1.3750000000;-4.3750000000
-9.9492840331;1.8708203795;-4.2347098208;-0.6785433211;11.7986714448;18.8664284575;39.2500000000;-1.6875000000;-5.5625000000
-9.6044973458;1.9117969014;-4.7498117925;13.8181799531;28.0692990408;-2.2802228222;39.2500000000;-1.6875000000;-5.5625000000
-9.9282507925;2.1751503896;-4.8366704170;-0.7011538212;42.7342342975;23.3554697797;40.7500000000;-1.6875000000;-5.0625000000
-9.8852477137;1.4933888450;-4.9848075573;5.5804859580;50.4939897297;12.8016290567;41.5000000000;-1.6875000000;-4.3750000000
-9.9986731127;1.1771562504;-4.6956987276;25.1814892203;59.6279727442;10.0335651905;42.2500000000;-2.3750000000;-2.2500000000
-10.0359667845;1.3388405716;-4.6458166059;11.7384145909;70.5378013875;9.4487508010;43.6875000000;-2.7500000000;-1.2500000000
-10.0216818007;1.2422671745;-4.7680636726;25.1363533139;72.7799636423;0.6263489115;43.6875000000;-2.7500000000;-1.2500000000
-9.5432963104;1.2344998621;-4.7662799834;20.0571739136;73.8814039718;4.8544294335;43.1875000000;-3.7500000000;1.0625000000
-9.2799332469;0.9860221750;-4.6920111643;29.0565481156;69.9639296082;4.0308390332;42.5625000000;-3.7500000000;3.5000000000
-9.4850751234;1.2238444686;-4.8886590437;21.2559718542;77.2134668022;-12.8931262085;42.5625000000;-4.1875000000;5.0000000000
-8.5961281179;1.2357849341;-5.1069345601;21.3793327358;72.4487617891;0.4988904440;42.5000000000;-3.6875000000;8.8750000000
-8.3884112714;1.1947267131;-5.5890591238;15.8393031107;70.2608808454;-9.7461014883;42.5000000000;-3.6875000000;8.8750000000
-7.8785828365;1.2506071346;-5.8255241783;24.7352697085;69.0904587853;-13.0715217771;41.2500000000;-3.0000000000;11.5625000000
-7.7914528240;1.7534501516;-6.2484157851;5.5169265025;70.4920910562;-1.0177860756;40.1875000000;-3.3750000000;14.0000000000
-7.4732339240;1.1888261140;-6.7124425921;6.9009589822;72.2253248364;5.5874859565;39.0625000000;-3.3750000000;15.5000000000
-7.2532631083;1.2593750261;-6.9206024491;15.4851386989;62.4305536099;11.7129783563;39.0625000000;-3.3750000000;15.5000000000
-6.7501214668;1.2320137143;-6.7051475147;11.4450424152;62.6128993455;-9.8914876975;38.3750000000;-3.3750000000;18.2500000000
-6.5040173655;1.2277370214;-6.9261905383;5.9944971881;66.5319590935;-0.7388613749;36.0625000000;-2.5625000000;20.7500000000
-6.0615113907;0.7763311374;-6.8006992515;22.6725083554;60.1095767004;-13.3441613514;34.5625000000;-2.1875000000;22.3750000000
-5.4689335670;1.1713758676;-7.0688179509;-0.9411409811;56.7108877240;-0.5016005459;32.8750000000;-1.8750000000;24.0000000000
-5.1173736049;0.6171313858;-7.2952807428;4.0363347341;40.2114561794;21.2111210146;32.8750000000;-1.8750000000;24.0000000000
-4.7776563088;0.9716260736;-7.4267041619;10.6645759616;39.0904143071;0.0000000000;32.5625000000;-1.5000000000;25.2500000000
-4.5235313107;0.3341354386;-7.8327361668;15.1021751903;34.2766520665;2.5827659823;30.5625000000;-2.1875000000;26.3750000000
-4.1729059192;1.3789577722;-7.8182974758;-5.0779985463;30.1400131103;4.2720922175;29.5000000000;-1.8750000000;28.0000000000
-4.1601788441;0.2483679500;-8.3744006398;0.8250591214;29.2554985048;-5.5249006515;29.0625000000;-2.1875000000;28.8750000000
-3.8954932837;0.9201970180;-8.6285098079;1.7159537867;28.3591228068;1.8463070172;29.0625000000;-2.1875000000;28.8750000000
-3.8989910019;0.6874461323;-8.6214702557;1.0837328631;36.3629396030;1.4008431908;28.0000000000;-1.8750000000;28.0625000000
-3.6484242817;0.2651199119;-8.5870433662;-1.8190257146;26.7024722868;-12.5867734471;27.2500000000;-1.8750000000;29.6875000000
-3.5709852470;0.7612646099;-8.6299900777;12.4602963436;22.7314686078;-3.6362178938;25.5000000000;-1.5000000000;31.2500000000
-3.1498057144;0.9968862823;-8.9779084799;-0.0620654945;20.4132189253;4.7835171182;25.5000000000;-1.8750000000;33.0000000000
-3.2067907382;0.5691521498;-8.8839669451;-7.1309152739;32.8690206488;-3.7189460364;25.5000000000;-1.8750000000;33.0000000000
-2.8888562593;0.7010873965;-9.0700262784;-0.5711110835;10.7292882831;-9.0678773371;24.7500000000;-1.1875000000;31.6875000000
-2.7687191848;0.3485651438;-9.0993810710;6.4881608569;24.4083529803;8.7634083087;25.0625000000;-1.8750000000;35.0000000000
-2.2318129133;0.8193810692;-8.4618742649;4.7870364166;26.8892964814;-1.6024775609;22.8750000000;-1.5000000000;33.1875000000
-2.4994578649;0.4163301577;-8.6132884046;-10.4384477740;16.1105864600;-6.2287231858;22.1875000000;-1.1875000000;33.6875000000
-2.2385832005;0.8118486274;-8.6651972995;10.6924302872;15.5993653774;-4.2716933986;22.1875000000;-1.1875000000;33.6875000000
-2.2982232071;0.8822845909;-8.8490887125;-1.5925663800;18.9077231601;-3.9776446736;21.7500000000;-1.8750000000;35.7500000000
-2.2676619932;0.6943559698;-8.8773569954;1.0628938990;11.0688602013;-7.0677194480;20.6875000000;-1.5000000000;34.5625000000
-2.1118977082;0.8426418998;-8.7001672251;10.0990607027;1.5060729554;2.4845221721;20.6875000000;-1.1875000000;34.5625000000
-2.2174320188;0.6179452403;-9.0616661550;3.7831437196;10.4958762382;-7.0922122881;20.6875000000;-1.1875000000;34.8750000000
-2.1435134261;0.4791422910;-9.1512110695;13.1442194761;1.2377597228;-3.8438955284;20.6875000000;-1.1875000000;34.8750000000
-2.1218334235;1.3333248726;-9.0580315604;-15.6297695309;-0.4952369832;9.7524157046;21.0625000000;-0.7500000000;35.6875000000
-2.2036265369;0.3186448248;-9.2684443179;-0.9226132148;-0.8603236496;-4.4458968977;20.6875000000;-0.3750000000;34.1875000000
-2.3618776452;0.6837236207;-9.3278295624;-1.3067353496;0.1258263421;-6.6271985849;20.3750000000;-0.2500000000;35.7500000000
-2.1435911196;0.6612994961;-9.7176483823;0.8131473978;-0.6182439509;11.7367304870;20.6875000000;-0.6875000000;35.2500000000
-2.1790700081;0.4214794984;-9.6554845698;-2.2092579344;1.1387162279;12.0534282923;20.6875000000;-0.6875000000;35.2500000000
-2.3856728320;0.5401335510;-9.5417044451;-6.2330450561;-2.8580041962;2.1000553673;20.6875000000;-1.3750000000;35.7500000000
-2.2681679265;0.5456953377;-9.6032061330;12.0007662876;-1.6389292624;-5.4648768424;20.6875000000;-1.0625000000;33.2500000000
-2.2712104386;0.3671471137;-9.4679412351;-1.6707647896;1.7621578489;-6.7938786435;21.0625000000;-0.2500000000;33.6875000000
-2.4391467537;0.3727931123;-9.4902366228;1.4544799530;-2.9536175008;6.7469551449;21.7500000000;-1.0625000000;34.5000000000
-2.3472056189;0.2404153360;-9.4675895164;0.8105031114;-0.7448139819;-2.3300342726;21.7500000000;-1.0625000000;34.5000000000
-2.2898001608;0.4889018286;-9.4660004856;-2.0915938116;1.6164876300;12.9377080031;21.7500000000;-0.6875000000;34.5000000000
-2.2620724523;0.3724155419;-9.5399546935;-6.3607933586;0.6286534883;-11.3596711391;21.7500000000;-1.0625000000;35.0000000000
-2.3393890273;0.3264156592;-9.6441271183;-3.1931593196;1.3836817484;2.4128128461;21.5000000000;-0.2500000000;34.8750000000
-2.3181383983;0.5887538416;-9.5834007310;1.1934838261;6.6272185718;1.7346838951;20.6875000000;-1.0625000000;35.0000000000
-2.3412422358;0.3177611949;-9.2989672192;1.9217965529;-2.4534070685;6.8047965119;20.6875000000;-1.0625000000;35.0000000000
-2.1044455361;0.6666264344;-9.5170598496;-0.4418810477;5.8179770947;2.5929213856;21.0625000000;-0.6875000000;34.5000000000
-2.3381044595;0.5129358028;-9.4322990485;0.8177135764;4.3059961239;0.3786787645;20.3750000000;-0.2500000000;35.3750000000
-2.2729439871;0.6292662613;-9.4325706981;4.0455135822;-0.5086708311;2.0280731467;20.6875000000;-0.2500000000;34.8750000000
-2.2012149379;0.5599793375;-9.2824221510;-5.2723972093;-0.3760656805;-13.0438840299;20.6875000000;-0.6875000000;35.6875000000
-2.2266445876;0.4742858166;-9.3360420038;0.9438610668;-3.0597953052;-4.3129762934;20.6875000000;-0.6875000000;35.6875000000
-2.4991250749;0.7496578155;-9.6837288351;1.0700217474;-5.3818724316;6.1563928299;20.3750000000;-0.6875000000;35.3750000000
-2.1513567408;0.3536687937;-9.6691185331;-3.2453933331;4.5817638568;-16.7768685832;21.0625000000;-1.0625000000;34.5000000000
-2.4170839421;0.3731801755;-9.6719852559;5.1337212357;-0.2494009573;-4.9641409568;21.5000000000;-1.0625000000;34.5625000000
-2.3457922389;0.5223876271;-9.3868789570;-1.4599546041;1.8468105816;-5.9288642380;21.0625000000;-0.6875000000;35.2500000000
-2.2168966351;0.6216900328;-9.5321937580;-1.1886422202;3.7475825394;-8.5577130010;21.0625000000;-0.6875000000;35.2500000000
-2.2139814305;0.4818332606;-9.6820949270;4.1677240023;2.2868971390;0.6215003203;21.5000000000;-0.2500000000;35.0625000000
-2.4006822982;0.6282488770;-9.4114520083;5.3600557783;-0.7367927182;-4.4038492243;20.6875000000;-1.0625000000;35.0000000000
-2.1886963074;0.5165690481;-9.3292982065;0.0615369829;-1.4769348804;3.0794242103;21.0625000000;-1.0625000000;34.5625000000
-2.1809016606;0.4361334782;-9.4965664963;-5.6358467090;1.4899650618;-5.4465125476;20.6875000000;-1.0625000000;35.0625000000
-2.3115257096;0.7845089126;-9.6280381150;-10.3236103766;1.1202008551;3.2055942200;20.6875000000;-1.0625000000;35.0625000000
-2.2563267766;0.4834506651;-9.5284865336;-3.2650220780;-2.8919333333;6.1731888134;21.0625000000;-1.3750000000;34.1875000000
-2.1979595075;0.5264673499;-9.6008280513;3.7375917304;0.3787162757;6.0361349375;21.0625000000;-1.3750000000;34.1875000000
-2.2791927872;0.5677055180;-9.6220000349;6.1145893463;1.1216109175;-7.7050943502;21.0625000000;-1.3750000000;35.2500000000
-2.3624019478;0.6409972257;-9.5607101846;0.3137863921;5.6858971537;-13.5569063079;21.0625000000;-1.3750000000;35.2500000000
-2.3576822774;0.6630804125;-9.4854099419;-2.1894115811;-1.0149045879;1.0189548649;21.0625000000;-1.0625000000;35.2500000000
-2.2423538285;0.5393816185;-9.5204260236;-1.4142773342;2.3725762733;2.2666793641;21.0625000000;-0.6875000000;34.8750000000
-2.2578202350;0.6817691977;-9.5067167611;-9.3388426473;-4.5625157788;0.2511441648;21.0625000000;-1.0625000000;36.5000000000
-2.1915855573;0.4004232571;-9.3544559779;-1.4646917728;3.4724332946;5.8811805916;21.7500000000;-1.0625000000;34.1875000000
-2.2281984427;0.4819061801;-9.7391809362;0.6991736696;-1.6034072607;1.6257194666;21.7500000000;-1.0625000000;34.1875000000
-2.2891408245;0.5882524514;-9.2870143858;-10.9519937753;0.3686877188;0.8673623445;20.6875000000;-0.2500000000;34.5000000000
-2.2939117782;0.4232072645;-9.6351841021;7.4977121304;-2.4785671569;-9.9246839641;21.5000000000;-0.6875000000;35.7500000000
-2.2725050104;0.6025277365;-9.5423939156;0.8138501111;0.4981766008;-12.3050452294;21.7500000000;-1.7500000000;34.1875000000
-2.2501743459;0.7383682020;-9.4015693701;-1.4445336249;5.9237038222;-1.5083272722;21.5000000000;-1.0625000000;35.3750000000
-2.2695466603;0.3474106230;-9.4816577183;5.4137693624;4.2905668991;-8.5643951603;21.5000000000;-1.0625000000;35.3750000000
-2.3079501483;0.7077551844;-9.4450283691;-6.0551505920;-0.8655509264;5.2168731052;20.6875000000;-0.6875000000;34.1875000000
-2.3355075701;0.4443465856;-9.5312444203;-3.3254934541;0.7625806057;14.7337123714;21.0625000000;-0.2500000000;35.2500000000
-2.2930244779;0.4127464078;-9.5061879237;2.9119644331;0.6265488293;14.6869088383;21.0625000000;-1.0625000000;35.2500000000
-2.4062138922;0.6496271457;-9.6420180805;-10.3730482060;3.4957154804;-4.5127746395;20.6875000000;-0.6875000000;35.2500000000
-2.3495045342;0.5337856065;-9.2227707154;8.3980297802;0.0000000000;4.7842768329;20.6875000000;-0.6875000000;35.2500000000
-2.2319773145;0.7001203874;-9.3585328789;-3.6805353994;-5.5286410574;4.9512029298;21.0625000000;-0.6875000000;34.5625000000
-2.1150696008;0.1716442752;-9.4893012558;4.2000973598;5.9782157151;-8.2748235185;20.6875000000;-0.2500000000;34.5000000000
-2.3878236541;0.6021020081;-9.4557204541;-1.3189166851;-0.7494578584;-15.0870805323;21.7500000000;-1.0625000000;35.2500000000
-2.2940382664;0.4377251827;-9.4806124569;1.9301915095;0.0000000000;-4.4348189817;21.0625000000;-0.6875000000;35.7500000000
-2.2835467838;0.4037840035;-9.5248644000;-1.9688874927;-3.2353277069;0.2462666167;21.0625000000;-0.6875000000;35.7500000000
-2.3520707047;0.9359517623;-9.6810764325;-5.1313419262;-1.3868702350;-10.7566318898;20.3750000000;-1.0625000000;34.1875000000
-2.1339419167;0.6401942053;-9.6129545326;0.9557543577;4.6325042904;-2.9484224933;20.6875000000;-0.6875000000;34.8750000000
-2.2809179719;0.2655785179;-9.5810933789;4.8264304722;-0.3691895582;8.1231862123;20.6875000000;-0.6875000000;35.2500000000
-2.1265470935;0.7236496034;-9.3092639926;-0.9191063445;1.2339382516;6.1383901373;21.5000000000;-0.2500000000;34.1875000000
-2.3119648398;0.4362319006;-9.2428586202;-2.4643094015;-0.4960421010;1.2368434184;21.5000000000;-0.2500000000;34.1875000000
-2.1275072909;0.5227629015;-9.6449255806;-2.9275576755;-6.2783149267;7.2005004712;20.3750000000;-0.6875000000;35.7500000000
-2.1738795000;0.3737453500;-9.5321288165;1.1772882178;2.8007535213;-2.6950483197;21.0625000000;-1.3750000000;35.7500000000
-2.3069833082;0.8090675491;-9.2396828339;-3.3658038720;-3.6896402632;12.6810009411;20.6875000000;-1.0625000000;35.3750000000
-2.2024515787;0.5655840912;-9.4947081155;7.0559645310;-2.2156226478;-0.8922481588;20.6875000000;-0.2500000000;34.1875000000
-2.2378325314;0.2741303752;-9.6717072626;5.1794037990;-4.3290662974;0.6210647263;20.6875000000;-0.2500000000;34.1875000000
-2.2210715795;0.4945700142;-9.4206926545;-6.2666135297;4.1795071816;-6.6086215859;21.0625000000;-1.3750000000;35.2500000000
-2.3678053647;0.4928715144;-9.6073983092;-0.3146026291;-2.4508507704;-6.6811220372;20.6875000000;-0.6875000000;34.5625000000
-2.2840635584;0.4734158852;-9.1164758780;-4.7703253968;-3.2388267747;6.0924821422;21.5000000000;-1.0625000000;35.7500000000
-2.2231304916;0.5495862778;-9.2693311106;-2.8552403684;-1.7444406928;6.1114122904;20.6875000000;-0.2500000000;34.1875000000
-2.3166444222;0.3450760417;-8.9637821150;1.9021688360;0.1271471211;-10.3792279867;20.6875000000;-0.2500000000;34.1875000000
-2.1677150372;0.5362170320;-8.8442416123;8.9713034608;-0.5005474692;-0.8815951493;21.5000000000;-0.2500000000;34.5000000000
-2.0485308142;0.4172474318;-8.9708092833;6.2689695584;-4.3563304108;12.4066421039;20.6875000000;-0.6875000000;34.1875000000
-2.2676074891;0.4679100847;-8.7113789861;-2.1630453348;-12.5769215329;-10.5019057499;21.5000000000;-1.3750000000;34.8750000000
-2.4309629962;0.8515703751;-8.9565926648;-7.2946472428;-8.5304029508;-6.7383136750;21.5000000000;0.3750000000;34.5625000000
-2.4817853790;0.1970764504;-8.7208731328;3.1878368711;-23.3971113873;-4.1201470424;21.5000000000;0.3750000000;34.5625000000
-2.6846463390;0.4070926395;-8.4862607173;-3.9169292522;-7.5860756715;-14.9198518371;21.7500000000;-0.2500000000;34.5625000000
-2.4638201585;0.3824396949;-8.7580500954;4.6932793325;-17.4464391990;1.7598083989;22.1875000000;-0.6875000000;34.1875000000
-2.7494197909;0.6287852815;-8.0919639674;1.9141646504;-26.0626567502;0.5000833973;22.1875000000;-0.2500000000;34.5625000000
-2.9184158235;0.7178920775;-8.3230978956;-3.4710663416;-32.9527514697;-2.4669762626;22.5625000000;-0.2500000000;34.1875000000
-3.1603053105;0.1608102853;-8.4486032425;15.5501612000;-31.5894688671;11.7476134956;22.5625000000;-0.2500000000;34.1875000000
-3.2992677818;0.8253040584;-8.4307086639;-7.8758220844;-30.2823880271;-0.8870305456;23.6875000000;-0.2500000000;33.3750000000
-3.7784418286;-0.2110087010;-8.2771070087;3.9121745090;-35.3766814398;-3.4301846039;24.7500000000;-0.2500000000;31.2500000000
-4.1081952783;0.6341628851;-7.9160006529;-9.9341057000;-43.2750035072;-8.2823106908;25.5625000000;-0.6875000000;31.5000000000
-3.9958073803;0.3223636440;-8.4351630211;11.3364396353;-41.5114655981;1.4005121797;27.0000000000;-0.2500000000;31.7500000000
-4.6462089069;0.8556251719;-8.0667132571;-3.1543378609;-43.5344866951;10.1234756633;27.0000000000;-0.2500000000;31.7500000000
-4.5376573386;0.4208001015;-7.8190558708;3.0161381153;-43.9775873208;9.8894846596;27.6875000000;-0.2500000000;29.3750000000
-5.4183369681;0.3244023022;-7.3640673259;-3.0394548448;-69.7556095209;11.5797697371;28.8750000000;-1.0625000000;29.0000000000
-4.9086536103;0.9149221277;-8.3713739462;6.0802246772;-50.2565205394;0.2472065173;30.2500000000;-0.6875000000;26.6875000000
-5.8243518164;0.6214478655;-7.5658765941;3.2136052911;-49.4543924836;18.1008859813;30.2500000000;-0.6875000000;26.6875000000
-6.0519270200;0.9371656383;-8.4596753524;-11.9011032136;-55.3457079983;11.3068020435;31.7500000000;-1.7500000000;26.2500000000
-6.2240442193;0.0401640365;-7.4857122093;3.8615578006;-39.6058674370;3.8409310409;33.2500000000;-0.2500000000;23.5000000000
-6.7480359396;1.0758472582;-8.0064495986;-7.5254604137;-47.6327322481;-1.1356737359;34.6875000000;-2.0625000000;20.7500000000
-6.8657754676;-0.5567835908;-6.7985063661;9.5118852992;-38.6551119122;10.0274749939;36.0000000000;-1.0625000000;21.1875000000
-7.5125645933;0.4865570131;-6.6468098636;8.1971072275;-50.6250714930;-8.4995409563;36.0000000000;-1.0625000000;21.1875000000
-6.9928299478;0.7337742074;-6.1152487470;-27.6799496904;-54.3910940292;1.0000268482;37.5000000000;-1.3750000000;19.0625000000
-7.7297922337;0.7407144912;-5.8459629547;-7.9885108110;-48.5068176402;3.7609583731;37.7500000000;-1.0625000000;18.5000000000
-7.7152423795;0.8999041387;-6.8917630784;-35.2664198759;-59.9445503469;-13.2616184364;38.8750000000;-1.0625000000;17.3750000000
-7.7238309835;1.0655142937;-6.7895784418;-20.3449387098;-52.0397432643;-1.7774026867;39.6875000000;-0.6875000000;15.3750000000
-8.5823979593;1.0810270719;-6.0916078036;-26.3196654881;-46.1122368112;-2.1151790010;39.6875000000;-0.6875000000;15.3750000000
-7.9472456540;1.3828018960;-6.9264568190;-16.9731498859;-46.5109263289;-4.8380059286;41.1875000000;-1.3750000000;14.1875000000
-8.1231710684;1.5303306939;-6.1749721204;-5.2206501333;-32.2707049292;4.6054812303;41.7500000000;-1.0625000000;11.7500000000
-8.9491953381;1.4705497490;-5.8068694309;-14.5076067381;-40.0711035194;3.2885815540;40.6875000000;-1.7500000000;11.0625000000
-8.3866629615;1.3900860984;-5.4693410291;4.9506184848;-51.9393229681;13.0475608560;42.5625000000;-1.7500000000;9.8750000000
-8.8999363127;1.2700429317;-5.3340136229;-8.8588143388;-43.0035867361;16.5770003030;42.5625000000;-1.7500000000;9.8750000000
-9.2647080370;0.5902134973;-5.1754960868;-8.2162604178;-32.0003036709;-10.2265803337;42.5625000000;-2.5000000000;7.5625000000
-9.2164063732;0.8125162401;-4.7047542877;17.2981260479;-28.9857129328;-4.2689418348;43.1875000000;-2.7500000000;6.3750000000
-9.2018597100;1.7497619808;-4.2540894844;-11.5841646982;-24.1749804944;3.3472962778;42.8750000000;-2.3750000000;4.5000000000
-8.9920272052;1.5343062878;-4.3966123978;-0.9215883805;-24.8969405243;-1.8487338795;43.5625000000;-2.0000000000;3.1875000000
-9.2729962017;1.3923173584;-4.1910570833;-1.2927155111;-21.9821915476;-1.6390833367;43.5625000000;-2.0000000000;3.1875000000
-9.1531834580;1.6316033272;-4.2068474061;-23.4254586195;-21.6099993922;-3.2112292604;44.0000000000;-1.6875000000;2.5625000000
-8.9435732754;1.0963324013;-3.9674008646;-9.8434065764;-18.9482479010;11.3867467647;43.5625000000;-1.2500000000;2.5625000000
-9.4645535982;1.6558380573;-3.4226145944;-16.3166391280;-19.3147490655;10.7413229939;43.1875000000;-2.3750000000;1.0000000000
-9.0879151814;0.9817468103;-3.5365642825;-12.1024165065;-16.8225367681;8.8686701622;43.1875000000;-2.3750000000;-0.1875000000
-9.1605061244;1.0314938060;-3.0835951087;4.3402482544;-12.1812281849;0.2452121193;43.1875000000;-2.3750000000;-0.1875000000
-9.3263896435;1.5748700315;-3.2943247321;-12.6153974298;-10.9498743539;-3.2586845053;43.1875000000;-2.5000000000;0.1875000000
-8.9477386691;1.2035470424;-3.3585781313;0.9304706077;-10.1547071358;13.3293936852;42.8750000000;-2.3750000000;-1.0000000000
-9.3676447675;1.4399042632;-2.9951878168;-3.6859543072;-10.9644963752;2.9456076968;42.8750000000;-2.5000000000;-1.7500000000
-9.4114213175;1.0093181157;-3.0157947391;-0.6958196660;-0.8890437898;-13.2661855464;42.1875000000;-2.0625000000;-2.1875000000
-9.1626398718;1.2258680656;-2.9886181154;-1.0481608109;-10.7295669877;-0.6267650734;42.1875000000;-2.0625000000;-2.1875000000
-9.4703307667;1.4383162210;-2.8808567327;1.9497808579;-4.2260573028;-6.4201789390;42.5625000000;-1.3750000000;-2.5625000000
-9.1648631675;1.3943960211;-2.7848617182;-13.7924580689;-0.4975452260;-1.6535434356;42.5625000000;-2.5000000000;-2.1875000000
-9.1045379475;1.3189415448;-2.6307917603;5.4551614005;-1.6150262671;2.5832266691;42.1875000000;-2.0625000000;-2.5625000000
-9.7097575081;1.7521136771;-2.5760798699;-6.3306722752;-9.6810565091;6.7482305452;42.1875000000;-2.0625000000;-3.3750000000
-9.1255222761;1.9982975520;-3.3114788526;-26.7412766352;-10.7317705508;20.3988191732;42.1875000000;-2.0625000000;-3.3750000000
-9.5773096965;0.5655588230;-2.8876079439;-26.1961541428;7.2211800011;15.1212903935;41.7500000000;-1.7500000000;-2.5625000000
-9.7135596054;0.3843498239;-2.4251608039;1.6689702504;-8.8016305968;-14.3770574204;41.0625000000;-2.8750000000;-2.5625000000
-8.7095054819;1.4410081139;-2.0749082976;-7.6822873945;3.3726164285;-6.1131974384;42.5625000000;-2.8750000000;-3.0625000000
-9.2382212041;1.8801321060;-1.8578075113;-12.4179546066;2.8885112019;-7.0076783003;41.7500000000;-2.8750000000;-2.6875000000
-9.0922258543;1.4364953245;-2.2543335090;-3.1470352275;-6.3335961985;-8.4784706025;41.7500000000;-2.8750000000;-2.6875000000
-9.1662119887;1.5097188343;-2.5917931849;18.5420771289;-2.9050962630;-3.7353910735;41.7500000000;-2.0625000000;-3.0625000000
-9.3326411171;1.7749679103;-2.8115955402;14.3110853459;-10.2415515210;3.8453549244;41.0625000000;-2.5000000000;-3.1875000000
-9.0274589174;1.9507098438;-2.6793201437;-3.1297954893;0.8764014150;0.3686878442;40.6875000000;-2.8750000000;-3.8750000000
-9.5488724748;1.7818081551;-2.5032232458;-4.2361595499;-1.6145133934;1.3590275648;40.2500000000;-1.7500000000;-3.8750000000
-9.4124498662;1.2917231117;-2.3192423224;-5.3844818634;-2.8452997640;-13.0705406736;40.2500000000;-1.7500000000;-3.8750000000
-9.2576288317;1.3502154939;-2.4442370204;8.2612178555;-3.5408288522;-15.5534290397;40.7500000000;-1.7500000000;-2.2500000000
-9.5425055573;1.3541472630;-2.4396495046;9.3720210012;4.8043732480;2.5787885675;40.2500000000;-1.3750000000;-3.5000000000
-9.4923633265;1.3031544625;-2.1837369562;4.3711157649;3.3340932872;-9.4611664520;40.3750000000;-2.8750000000;-2.7500000000
-9.4071484440;1.2216431380;-2.4537072440;-2.5371017048;-8.3209952459;-8.7167578961;40.3750000000;-1.7500000000;-3.8750000000
-9.4112220279;1.1594980100;-2.3526234355;-0.1900111571;0.1274507598;0.5060835738;40.3750000000;-1.7500000000;-3.8750000000
-9.7711222901;1.1668414824;-2.5501864756;1.4651318369;-7.1875073911;2.9169849726;40.7500000000;-2.0625000000;-3.3750000000
-9.1223352266;1.0488791522;-2.6217301601;16.2905868515;1.1346865859;-24.1836221070;40.7500000000;-2.0625000000;-3.0625000000
-9.1277711033;1.3250689736;-2.5138916920;1.9217765104;1.4766159818;3.8195409168;40.0000000000;-2.0625000000;-4.5625000000
-9.3475426088;1.2135049875;-2.4860217419;3.7666929593;1.1111270460;-4.0092555962;40.0000000000;-2.0625000000;-4.5625000000
-9.2543989063;1.3530512032;-2.3531658580;3.0346378732;3.4855287547;-11.8688604515;40.3750000000;-1.7500000000;-4.6875000000
-9.2801732709;1.6526179669;-2.4639282869;-3.5195858771;0.1245061904;-1.1055515878;40.7500000000;-1.3750000000;-4.2500000000
-9.3583868832;1.4651112702;-2.4786356269;0.0616330319;3.9840132956;-4.4212196412;40.7500000000;-1.7500000000;-3.5000000000
-9.5656117012;1.1675828221;-2.4534810575;7.7980991800;0.6363945673;12.0458235689;40.7500000000;-1.0625000000;-3.0625000000
-9.3363759197;1.2388439008;-2.3492978202;-3.6668167252;-1.6131013150;0.1231377753;40.7500000000;-1.0625000000;-3.0625000000
-9.3304160899;0.9259959798;-2.2967407020;7.0131232436;6.1630325852;-14.6462296221;41.1875000000;-2.0625000000;-2.2500000000
-9.2794975325;1.4603602139;-2.1326754675;7.5517758365;-1.0024438387;-12.8919792509;41.5000000000;-1.3750000000;-3.8750000000
-9.2706796140;1.1063653242;-2.1185357826;-1.0706897700;-4.0150612284;-1.1288518451;41.5000000000;-1.3750000000;-2.7500000000
-9.3020601800;1.4372687547;-2.3841494400;7.4993714596;-5.3283177978;4.8005748306;41.5000000000;-1.7500000000;-1.8750000000
-9.2294842162;0.9910773410;-2.4739061222;12.2696618292;0.6193624726;5.0633181902;41.5000000000;-1.7500000000;-1.8750000000
-9.2550085512;1.2072487721;-2.4674146249;1.4584125213;2.1478322517;-1.5994342106;41.1875000000;-1.3750000000;-3.5000000000
-9.3887922109;1.4486822866;-2.7181037821;-4.8942329503;-4.2021361679;12.8204858200;41.5000000000;-1.0625000000;-4.2500000000
-9.2882890751;1.1214532320;-2.7245123350;-0.3169086464;-1.6190332948;6.0589716856;42.2500000000;-1.3750000000;-2.2500000000
-9.3238503371;1.0458418419;-2.6127650169;5.6156029470;10.6992080354;14.6989306967;41.1875000000;-1.3750000000;-2.6875000000
-9.1882485173;0.9996526693;-2.5140655654;7.6111710427;1.1378241202;-2.8505328931;41.1875000000;-1.3750000000;-2.6875000000
-9.4313980891;1.2455473837;-2.4078742245;-2.0228405118;0.5045243203;5.7909615562;41.5000000000;-1.0625000000;-1.5000000000
-9.2632460737;0.9601112084;-2.4917045230;5.1101018597;3.3100752740;2.0899931160;42.6875000000;-1.7500000000;-1.8750000000
-9.4181687398;1.1383133476;-2.4917713725;-0.9429186868;0.8751284592;11.9923101233;42.1875000000;-1.7500000000;-2.5625000000
-9.5336446345;0.8578309329;-2.3279512494;-1.8072536313;-4.3220566081;-2.7367860123;41.7500000000;-1.3750000000;-2.6875000000
-9.0801052081;1.2168420131;-2.6248301264;4.8052300190;1.4867369302;11.4900884204;41.7500000000;-1.3750000000;-2.6875000000
-9.5805251477;1.2112732271;-2.5568980036;1.4285235044;7.6659428756;-0.6326933167;41.3750000000;-1.7500000000;-3.8750000000
-9.3746362294;0.8544083911;-2.7412572456;11.1849643456;-8.3280007279;-2.8813286153;41.3750000000;-1.7500000000;-1.8750000000
-8.9557488557;1.2031367109;-2.7239767695;-0.3156606778;1.9972668911;-17.7734183202;41.7500000000;-1.7500000000;-1.5000000000
-9.3284946659;1.1825605797;-2.4660720869;-3.5937129823;4.9232298585;-0.3762007379;42.5625000000;-2.5000000000;-1.8750000000
-9.4102050581;1.1287398313;-2.6256093793;1.0787130914;-3.2155358038;6.5773466638;42.5625000000;-2.5000000000;-1.8750000000
-9.0910295773;1.2690217719;-2.5995998932;-0.0614919412;-2.7037305282;10.7600660776;42.5625000000;-1.7500000000;-1.0625000000
-9.4219975778;1.1118483217;-2.6194858295;0.8191314715;2.9603756114;-2.9447757151;41.7500000000;-1.7500000000;-2.6875000000
-9.3308605119;1.1734284183;-2.6959854233;2.2956080586;1.1057324658;9.1403006485;42.5625000000;-2.0625000000;-3.0625000000
-9.5275544950;1.2559850440;-2.5233741389;-1.0656401717;-7.9221148264;12.1327163807;42.1875000000;-1.3750000000;-2.2500000000
-9.0542432751;0.9840113136;-2.6472230391;3.0875669806;1.4831124338;10.3895840930;42.1875000000;-1.3750000000;-2.2500000000
-9.4146360950;1.1605878847;-2.6038854965;-3.0244565698;1.4803065339;-0.6243972692;42.5625000000;-1.7500000000;-2.6875000000
-9.2150603014;1.0981158729;-2.5774797406;1.5517061250;-5.4569624120;1.9956890092;41.7500000000;-2.0625000000;-1.5000000000
-9.3189162553;1.1447454050;-2.6405150283;0.3095649888;4.1159863920;-5.4389437263;42.5625000000;-2.5000000000;-1.5000000000
-9.2489440833;1.0920177306;-2.6135686065;-1.6568940893;6.7749149292;4.7063408213;41.7500000000;-1.3750000000;-1.8750000000
-9.4495933672;1.1039726322;-2.5385595917;5.3891457519;-4.9191620518;-0.6207308777;41.7500000000;-1.3750000000;-1.8750000000
-9.1680738747;1.0168149065;-2.5503326033;0.0621570829;-4.1298284096;-2.1531545559;41.3750000000;-1.3750000000;-3.5000000000
-9.2456990754;0.9524951876;-2.5848614937;2.0532913191;2.4571308997;-6.9662062112;42.1875000000;-1.3750000000;-2.7500000000
-9.3346361131;1.1085519740;-2.5415862472;-0.3167781669;-2.5815717742;-1.2677895029;41.3750000000;-1.7500000000;-3.0625000000
-9.2138946764;1.0983824577;-2.5268783442;-2.4774738154;-1.5222536424;-0.8615630774;41.3750000000;-1.3750000000;-4.2500000000
-9.0854281119;1.3060429568;-2.6450817500;-1.4183729924;3.3231716649;-9.2689587491;41.3750000000;-1.3750000000;-4.2500000000
-9.1713182189;1.0919146472;-2.5368946071;-5.5110538351;-2.7196712179;1.2550058216;41.7500000000;-1.7500000000;-1.8750000000
-9.2302978284;1.0362439329;-2.5433828997;4.1405819492;1.7279968565;0.7568017720;42.1875000000;-1.3750000000;-3.5000000000
-9.2704021542;1.2061326121;-2.4266649649;-2.8262693045;3.0079872383;-1.8498829772;41.7500000000;-1.3750000000;-2.6875000000
-9.2192880624;0.8766948641;-2.2703832756;4.3853944535;-3.6853169985;-3.5955020947;41.7500000000;-1.7500000000;-2.6875000000
-9.1932439496;0.8363969816;-2.3184146163;5.1977621723;-0.7412985652;0.8754995469;41.7500000000;-1.7500000000;-2.6875000000
-9.1527050188;1.2871470899;-2.1207435999;-7.1385243502;7.1408788371;3.3794283460;42.5625000000;-1.0625000000;-1.8750000000
-9.4316527148;0.8445188186;-2.1076936755;-1.4367162210;-5.5853118080;-1.0060303050;41.7500000000;-1.7500000000;-2.6875000000
-9.0164029765;0.9791824484;-2.6159430494;-3.5107830515;6.2295922205;-6.6665270901;40.6875000000;-1.3750000000;-1.8750000000
-9.6882701046;2.1389999101;-3.8065309849;-34.3462715496;7.9149129807;-7.2626121258;41.0625000000;-1.0625000000;-2.2500000000
-8.9635348274;1.3924487083;-5.5645258733;21.9656142896;22.8197383930;0.6181921683;41.0625000000;-1.0625000000;-2.2500000000
-9.4722971134;2.4963613728;-6.6626627464;5.6123678537;32.5181866485;11.6844003713;40.6875000000;-1.3750000000;-2.2500000000
-9.7573089268;2.3657843372;-7.7855773959;-13.2903781453;58.6618331847;10.3300519593;41.0625000000;-1.3750000000;-1.8750000000
-9.9644845821;1.4439870564;-7.9107261039;22.5657907771;77.2227083258;11.8629127107;41.0625000000;-1.3750000000;-0.6875000000
-10.2852420083;2.6395485026;-7.8104436901;15.3694492054;80.0614416876;15.2998809151;41.0625000000;-1.3750000000;-0.6875000000
-9.4594592958;2.1655080322;-8.4121012269;-7.7745322064;99.5483912096;27.2450682406;42.5625000000;-2.0625000000;2.0625000000
-10.7425154637;2.0606429928;-8.4337627506;33.0273712470;113.8518280920;37.3320116886;42.5625000000;-2.5000000000;4.8750000000
-10.3175984154;2.9762445892;-9.0470547737;-24.8616226692;135.6269937064;34.9156837805;42.5625000000;-2.8750000000;8.0000000000
-10.4346685661;1.1610234713;-8.8579605855;48.0363537497;151.9187673592;27.6886469604;41.0625000000;-4.7500000000;13.0000000000
-9.9362855441;2.8740946592;-8.6263457904;24.8715295798;142.9837317393;28.6652084687;41.0625000000;-4.7500000000;13.0000000000
-8.8986297350;1.4683086808;-8.1896036596;42.3112670543;155.9656640959;14.9453232648;38.5000000000;-6.5000000000;17.7500000000
-8.3962224852;1.6983806337;-7.2694772525;70.4636902216;137.1889034240;5.5696252496;35.0625000000;-5.7500000000;22.0625000000
-6.7369677187;1.0408611870;-6.0542364863;29.5725536941;119.9670881478;13.1498670925;31.7500000000;-6.1875000000;26.0625000000
-6.1880150969;1.0857441543;-5.7706353248;39.3791558789;99.0500394030;-2.8222491077;28.0000000000;-5.3750000000;30.0625000000
-4.2940204600;0.4086119434;-5.5606780719;28.4349334255;100.7452533899;-6.7678265545;28.0000000000;-5.3750000000;30.0625000000
-3.4030031984;0.0198744816;-3.7733948476;48.3804294923;101.7759265331;-7.3905828501;24.6875000000;-3.8750000000;32.7500000000
-1.6880703470;0.6407669385;-3.1614359785;12.4961732226;68.3377757118;6.8681190506;20.2500000000;-2.7500000000;35.2500000000
-1.1424633074;-0.0397707787;-1.2534072122;-5.7640361101;35.1612301886;3.1805133176;18.5000000000;-2.5000000000;36.1875000000
-1.0309912040;-0.4047717535;0.5610436018;-20.4454733463;-13.2955076209;14.8025529942;15.5625000000;-2.0625000000;37.0625000000
-0.8905690136;0.7835498091;-0.4459039351;-28.1091758619;-59.0362722498;7.6114124924;15.5625000000;-2.0625000000;37.0625000000
-2.0650722991;0.7360102137;-1.2882875102;1.9358507767;-78.8296102230;8.2369536497;15.5625000000;-2.8750000000;38.3750000000
-3.2214932520;1.3590720585;-3.3014498123;-41.1852427197;-107.6304078923;4.2485923480;16.2500000000;-4.0000000000;36.8750000000
-5.1066560725;-0.2667627402;-4.2194804870;17.9813320787;-121.8850908338;9.9110492436;19.6875000000;-3.5625000000;35.7500000000
-7.4372417913;1.9010084847;-5.3617550557;-29.0207442556;-136.3330594591;7.5487759680;23.0000000000;-4.3750000000;33.6875000000
-8.0001216916;1.4170656342;-5.2313927489;37.2179728930;-152.5323564258;1.1250873078;23.0000000000;-4.3750000000;33.6875000000
-11.1656135850;2.1328754261;-4.7282739542;-15.4468074298;-163.1063904579;7.6242904468;27.0625000000;-4.5000000000;30.0625000000
-9.9314911381;2.7697571380;-8.3649578573;-18.4142139934;-217.4580962861;0.0000000000;31.5000000000;-3.6875000000;27.0000000000
-11.5632298429;0.5500966328;-8.2022718996;1.4362889560;-185.9074658315;3.4940974119;35.1875000000;-4.0625000000;21.7500000000
-13.6371910316;4.2879332204;-9.6374081446;-27.8413470471;-195.4435698869;-1.6056507755;39.1875000000;-4.0625000000;14.6875000000
-11.0076112519;1.2150485925;-9.0627168985;-16.0306636450;-129.1289442213;26.5450677880;39.1875000000;-4.0625000000;14.6875000000
-11.9605621324;1.3559668023;-7.5293019254;4.4267706902;-119.6625259751;9.2630488682;41.8750000000;-5.0625000000;9.2500000000
-12.1883795679;1.2077383198;-7.1747919514;-55.7003208994;-92.7079743394;-5.9605475248;42.8750000000;-4.7500000000;4.6875000000
-10.7925760070;0.0888375152;-7.3614523597;8.8806367389;-90.5613015712;12.7452052751;43.1875000000;-5.0625000000;0.2500000000
-9.7130885326;3.3062294249;-11.1636528092;-65.3695036936;-64.7283758872;17.0188987787;40.1875000000;-5.0625000000;-2.3750000000
-10.1071591454;2.3075501257;-12.9893065364;-2.5290160455;-8.0252952027;40.6860386421;40.1875000000;-5.0625000000;-2.3750000000
-10.9094406372;3.1937074041;-15.1130134640;-59.8470354179;51.0387126535;16.1023845733;37.3750000000;-5.5000000000;-5.1875000000
-11.5030061691;3.6157603396;-12.8195521691;5.2831387620;108.7089797808;24.5440589461;34.6875000000;-7.0000000000;-5.7500000000
-12.2777280302;3.5953797401;-10.9094080556;3.0534774153;161.7321419177;15.5025182924;38.1875000000;-6.7500000000;-6.0000000000
-12.5767871238;4.9631208354;-8.6327640409;7.9022367060;179.6484165553;16.6036469679;41.2500000000;-9.5000000000;-1.6875000000
-13.1112835367;4.1213005179;-7.5482075487;28.8616880592;182.0076406458;14.8999391418;41.2500000000;-9.5000000000;-1.6875000000
-13.3547622456;4.7765777810;-6.6282414258;20.5711131246;181.7946064460;15.7828419804;41.2500000000;-9.0625000000;5.0000000000
-12.7574570252;3.0308038980;-6.6539342412;53.1413711234;186.4127400010;0.4996183230;40.3750000000;-10.5625000000;11.3750000000
-11.6851955326;3.7405574375;-6.1087563361;50.8667403066;182.0440346790;3.6863687742;37.0625000000;-11.1875000000;17.0000000000
-10.2687194340;2.3476758318;-5.9500089664;8.7543983200;169.0531767984;5.6567403795;33.7500000000;-10.0625000000;23.0625000000
-8.3361418509;1.0356602551;-4.2468535984;57.9202941908;159.7024884512;-16.7083424616;33.7500000000;-10.0625000000;23.0625000000
-6.1328875779;2.7637408517;-3.9684031934;-12.2181933627;129.2331323512;-22.8466029555;29.6875000000;-9.7500000000;27.5000000000
-4.2879700885;-0.6303809049;-3.5370461639;63.5076643219;102.9263037584;-25.4857372248;25.1875000000;-8.2500000000;31.3750000000
-3.3868703170;2.0252140549;-3.1346224499;5.2369674895;65.3146130869;-17.3677188325;20.6875000000;-7.0625000000;33.5000000000
-2.0170252769;0.3674342424;-4.2972247725;-7.6168563815;34.6525775538;-19.7350510661;18.0625000000;-6.5000000000;35.8750000000
-1.7623153954;-0.5936839462;-3.1471945811;-0.9417120291;-33.5336479062;-46.6676433678;18.0625000000;-6.5000000000;35.8750000000
0.3529790358;0.7317632082;-1.9654255743;-67.6470252568;-88.8643124494;-24.8922563974;15.8750000000;-5.6875000000;37.0625000000
2.9692517617;-1.1144801750;-2.2851226168;6.9114528396;11.4032528241;5.7595591934;16.7500000000;-5.2500000000;37.5625000000
-0.3739747468;0.2184515706;-2.3128942554;-24.5136289078;2.4758054574;5.3019813658;19.7500000000;-5.5625000000;35.2500000000
0.1732173227;-0.0301771992;-3.5895628451;8.3932848834;-3.1401093703;4.4305977628;19.7500000000;-6.0000000000;35.3750000000
-0.9986868794;3.2872204262;-3.9888123242;-51.3110619536;-17.3941040742;28.8160636075;19.7500000000;-6.0000000000;35.3750000000
-3.8836109298;1.7114860293;-4.6564770656;-28.5226718780;-97.4630438039;-12.1032830074;19.3750000000;-6.3750000000;35.0625000000
-3.0253479486;1.9825647177;-5.7818718312;38.7069491848;-94.8954797405;-3.5328461748;19.3750000000;-6.3750000000;36.1875000000
-5.9475478102;2.8721476030;-5.2873857058;-46.2632746619;-90.4714782711;20.0032561474;22.3750000000;-7.3750000000;32.1875000000
-7.6439829909;-0.8507036620;-5.2612405891;17.1128897366;-118.3225631288;-24.5285649401;22.3750000000;-7.3750000000;32.1875000000
-8.0587771080;5.3171623893;-5.7462049250;-18.7188935312;-137.3399025579;-35.6999173185;25.3750000000;-7.0000000000;31.3750000000
-8.8278028513;2.6135444533;-7.1270940981;-12.9913420112;-142.1007139482;0.4966444098;27.8750000000;-7.0000000000;28.1875000000
-10.7564825339;3.4844865279;-6.5737974302;-32.9148402504;-154.2830117288;-17.2346542997;32.0000000000;-7.0000000000;23.3750000000
-10.2715651626;4.4699235147;-8.1356644586;-53.5509602049;-164.2835718087;18.1516470719;35.2500000000;-8.1875000000;19.8750000000
-11.0759406340;3.1886862827;-7.1175489956;-17.7374738668;-136.0500827953;-4.9994405829;35.2500000000;-8.1875000000;19.8750000000
-12.0609524888;2.5905687667;-7.3708139358;13.0007824639;-143.3051952933;-22.4880417055;38.2500000000;-8.8750000000;13.8750000000
-10.2821200575;5.3879288485;-7.3338849374;-27.9487583296;-132.0891413472;-8.4637973491;40.8750000000;-9.2500000000;10.8750000000
-9.8305927579;4.8403839491;-7.5841526802;-66.3439519980;-81.0216833302;19.9978587071;42.0000000000;-7.7500000000;6.1875000000
-12.0787016460;2.5707425070;-5.1672813664;-7.8033011456;-74.4406778381;-14.1174697101;42.6875000000;-8.1875000000;1.3750000000
-11.1208699391;4.0673283260;-5.1492490975;-14.7776482293;-76.7929959918;-5.2908304154;42.6875000000;-8.1875000000;1.3750000000
-10.5292464506;1.9817174776;-5.4245529597;39.7606166643;-57.9657679389;0.9990937801;42.6875000000;-8.1875000000;-1.5625000000
-10.5616515090;3.5114358083;-4.1615982914;-19.3122522869;-27.7659627843;-14.6305158343;41.8750000000;-7.3750000000;-3.5625000000
-10.2915469204;1.6441533706;-3.8294201364;49.6849644598;-42.1582701788;-2.4063914039;40.3750000000;-7.7500000000;-4.0000000000
-9.4133001672;2.5948864410;-5.0800206913;23.0548029367;-1.3691497123;-9.4555481415;40.0000000000;-8.8750000000;-5.1875000000
-8.9873427695;4.5304176683;-5.5946204796;28.0567951070;-15.0593010454;6.1298698113;40.0000000000;-8.8750000000;-5.1875000000
-8.2697470939;2.4124527511;-8.6224297471;80.7771457771;8.0848380504;33.0872996929;40.0000000000;-9.6875000000;-4.2500000000
-10.3804887215;5.8006050226;-10.1399861720;-11.9311208534;75.1607807835;20.9770952315;39.1875000000;-10.6875000000;-4.0625000000
-11.5965301293;1.3988224522;-10.8303350703;52.8010813180;104.5846768526;20.4534734890;39.5625000000;-11.5625000000;-3.2500000000
-11.7353491237;3.7046642305;-9.8113502816;44.3650993202;139.2493016080;-12.5396716933;39.8750000000;-11.1875000000;-2.0625000000
-12.3723567891;2.7806064219;-8.1863285423;35.3407730738;171.3746842783;4.4786997608;39.8750000000;-11.1875000000;-2.0625000000
-13.2211416470;2.8061230185;-7.0218543760;35.2455323446;169.5533147240;-21.7138943204;41.0625000000;-11.5625000000;2.6875000000
-12.1800941035;2.7938149897;-6.2768777712;60.0129550154;151.1470103266;-24.1632134935;40.6875000000;-10.6875000000;6.5000000000
-9.9616245188;3.5904508133;-5.6170053851;0.8255499633;168.6603680254;7.1813436283;38.6875000000;-10.5625000000;12.8750000000
-9.9884124755;2.0730451429;-5.5592773979;24.8265885827;145.1188568149;-10.7078540712;38.0000000000;-8.2500000000;17.6875000000
-8.2578897085;2.0613103568;-5.1057936159;19.9190290069;142.3569012861;-6.0310619728;38.0000000000;-8.2500000000;17.6875000000
-7.2228905349;1.2472630337;-5.4901473641;26.6835662724;137.2613844879;-5.2902997097;33.8750000000;-8.1875000000;22.2500000000
-5.9165174238;1.0308796121;-5.2654021882;37.7107191311;139.1828676039;-11.2115150819;30.0625000000;-8.5625000000;26.6875000000
-5.9425371777;1.6329418284;-4.7005949901;19.4902500030;104.4974316706;-13.2347270756;27.1875000000;-7.8750000000;30.5625000000
-3.1362571399;1.9839124073;-4.9706766567;8.1275911532;87.8076357457;-1.3991337120;22.6875000000;-5.2500000000;33.2500000000
-3.2661736358;0.7215476451;-5.2084697332;-2.1610965153;71.5863861465;-4.8492155464;22.6875000000;-5.2500000000;33.2500000000
-1.8664722247;2.3182711660;-5.6637925465;1.8139149252;42.0874728813;-4.1275802016;20.5000000000;-5.2500000000;35.7500000000
-0.7977198489;0.1103353351;-5.8138246114;-36.3640394814;52.2248738416;-22.8624093922;17.5000000000;-4.8750000000;37.0000000000
-0.0790668482;2.6782130840;-6.6043639115;11.3891445300;35.2766835764;-15.9652813764;16.0625000000;-5.2500000000;36.2500000000
0.3040381379;1.8901045178;-7.0328876242;-15.5957209652;31.3670843188;6.3873926833;13.8750000000;-5.2500000000;37.8750000000
0.3768830583;0.5510826498;-7.3644903228;42.2216648586;15.7410004630;5.0230361267;13.8750000000;-5.2500000000;37.8750000000
0.1510051271;1.4417614374;-6.7728200866;10.7251624694;-7.4540401052;-5.4246632489;12.7500000000;-5.6875000000;38.6875000000
0.3777297865;0.2780916224;-6.5311727331;5.1494784883;-7.1940214703;3.6629424019;11.7500000000;-4.5625000000;40.3750000000
0.3537707027;0.9221372370;-6.5028913865;15.3768101517;-11.3011028177;-22.4338859014;11.7500000000;-4.7500000000;38.5000000000
-0.0905625998;0.9418127542;-5.7971635389;-14.3012383639;-27.0110812855;3.5037935574;12.5000000000;-3.6875000000;38.3750000000
-0.6020347684;0.7377775379;-6.2003060168;11.4851240240;-47.6725541129;4.3009911025;12.5000000000;-3.6875000000;38.3750000000
-1.8859297401;2.0323003509;-7.0527046838;-6.9235805831;-59.1798769345;-3.0530207079;12.8750000000;-3.6875000000;38.0000000000
-1.7996027798;0.1688951977;-7.3968567151;-12.6491586019;-62.6998498054;6.6579672806;15.0625000000;-4.0625000000;38.8750000000
-2.6862629291;1.5474485853;-7.6579247113;23.4029814889;-72.4195880805;-1.7201144670;17.0000000000;-3.6875000000;38.0000000000
-3.4280594376;1.3842382435;-7.7810371141;-24.1185030062;-78.0727508712;0.9941081138;18.3750000000;-3.6875000000;36.0000000000
-3.7546955439;1.0008151701;-7.8752642117;3.0918793033;-86.6964320174;0.1269977697;18.3750000000;-3.6875000000;36.0000000000
-4.9837939110;1.9743123700;-8.3758443953;-10.2976921257;-90.1394232876;10.8745651468;21.0000000000;-2.5625000000;34.5000000000
-4.6445664540;1.7371276554;-8.0214034026;-21.3453737752;-73.6976473585;9.7801719511;23.2500000000;-4.0625000000;33.0000000000
-6.4982853048;1.5312187767;-8.4076830880;12.1534609671;-96.8279460564;11.0464361258;27.6875000000;-4.5000000000;32.0625000000
-6.6216059025;1.9232686485;-7.7921416227;-22.6270543401;-79.3769593153;-5.1042982461;29.0625000000;-4.0625000000;28.0625000000
-6.8594498203;1.6977738708;-7.3817846466;17.7141010571;-75.8749120131;21.5268673872;29.0625000000;-4.0625000000;28.0625000000
-8.6194430744;2.0640437672;-7.2464457585;-13.6231774530;-98.3180692675;8.1649250068;31.3750000000;-4.7500000000;25.0000000000
-8.9673769177;1.4434202630;-7.3471941485;11.0303146577;-119.4375303907;2.2576836952;32.8750000000;-5.1875000000;23.2500000000
-9.7812862389;1.8107152040;-6.6612923640;1.9430039787;-126.2489949686;11.9222975850;35.0625000000;-6.0000000000;20.6875000000
-10.1583201053;1.7783380775;-6.6564793409;-34.7832350009;-127.3323634309;-4.0422697046;35.0625000000;-6.0000000000;20.6875000000
-8.9473799012;2.0405622474;-6.5585598099;-10.1123733458;-124.6504029804;-9.6517890261;37.3750000000;-6.2500000000;16.6875000000
-9.9200260314;2.4683173672;-6.7698744419;-43.6231401303;-107.8097679445;2.6017724119;39.5625000000;-5.8750000000;12.3750000000
-10.8511646394;1.0114733402;-5.9914056505;17.2999379662;-120.2465143403;-3.7530296816;41.3750000000;-6.5000000000;7.5625000000
-10.4206053025;3.4007846349;-5.8575175151;-90.6225542467;-107.8588030210;-22.1196758004;41.8750000000;-6.8750000000;5.0000000000
-9.8880516282;1.6064557925;-5.5866975886;-25.0266641945;-80.4033827140;-12.7855982291;41.8750000000;-6.8750000000;5.0000000000
-10.1737539881;2.8462018395;-4.3895880842;-2.1024772556;-84.5108384754;-5.8135392295;41.7500000000;-5.5000000000;-0.5000000000
-9.8600752687;2.0867563300;-4.9581888091;-37.1305715809;-64.4982852748;-3.2011638455;40.7500000000;-4.3750000000;-2.8750000000
-10.5497300510;1.4256119080;-4.2419063016;28.4142592926;-34.9067970411;7.7445683047;38.8750000000;-3.5625000000;-7.2500000000
-9.5329210939;4.1057798576;-3.6017597007;-61.1160095619;-0.8612370532;-4.7514020407;34.8750000000;-2.1875000000;-8.0000000000
-9.7929131180;2.1145987496;-3.0799967787;-14.3262946358;10.1478374397;1.3908014555;34.8750000000;-2.1875000000;-8.0000000000
-9.5116365639;2.7856588965;-2.1451914589;-11.5165548518;-7.6475172329;-1.2453063637;32.8750000000;-2.5625000000;-7.5000000000
-9.2866168059;2.1776063478;-2.3299211709;-21.9501925240;-6.2045454775;4.5928914401;32.0625000000;-1.0625000000;-7.5625000000
-9.1947515556;2.0904779213;-1.5983688970;-15.6058565722;28.1012021592;11.5165183328;31.5000000000;-1.7500000000;-7.2500000000
-9.9182738312;1.1824655658;-1.4050580132;7.8454778324;9.5802346349;-11.6717279498;32.1875000000;-1.6875000000;-7.2500000000
-9.6798422726;2.1610760765;-0.7113292125;-0.5643475494;11.1544384355;-22.3049957644;32.1875000000;-1.6875000000;-7.2500000000
-9.2875580245;1.7466515276;-0.9152239125;4.4788004405;3.2560528636;-6.3498595403;32.5625000000;-1.3750000000;-7.0625000000
-9.2858517528;1.8664943742;-0.8952313878;0.3144397771;9.5525530139;-4.2986704448;34.0625000000;-2.0000000000;-6.6875000000
-9.4004014207;1.6369263662;-1.3719991899;-10.9515393907;5.7065876035;-0.7539031171;34.0625000000;-2.7500000000;-5.5000000000
-9.4970121427;2.2284030805;-1.3563622116;-13.1908989256;4.4135091446;1.8628561506;33.2500000000;-2.7500000000;-5.0625000000
-9.2183836827;1.9508825433;-1.5892819025;-15.3917651032;6.6430545406;-7.2032982954;33.2500000000;-2.7500000000;-5.0625000000
-9.2091758854;2.3721585207;-1.2212193408;-5.4563410093;8.2823807818;-9.5769731690;34.0625000000;-2.3750000000;-4.2500000000
-9.4279562917;2.2190433527;-1.2642620451;-12.2024429513;6.0556499838;4.7973779322;33.6875000000;-3.3750000000;-4.6875000000
-9.1822429244;1.3462777793;-1.6880663867;-3.6855111780;8.6123950726;-3.5670268562;33.2500000000;-3.7500000000;-3.8750000000
-9.6060312248;1.6171381803;-1.6579036716;-18.2866771671;11.4812281410;-4.4802022376;33.6875000000;-4.1875000000;-4.2500000000
-9.7413636886;1.3148751652;-1.6398671971;7.2672511005;1.1144839978;-1.9724392183;33.6875000000;-4.1875000000;-4.2500000000
-9.2083394625;2.0408790399;-1.5087553249;1.0784372308;-4.2571498300;-9.5175830891;34.5625000000;-4.5000000000;-4.7500000000
-9.3434989861;2.0366647855;-1.7104030013;-14.8976038808;11.5337385190;-2.2556570318;34.5000000000;-4.8750000000;-2.6875000000
-9.5132211895;1.5398768634;-1.5564476236;-0.8120315915;3.7762293255;1.7485714776;34.5000000000;-3.6875000000;-2.7500000000
-9.6420029827;1.3319648493;-1.7187683256;7.6911715211;0.0000000000;4.5028135737;35.5625000000;-4.0625000000;-3.0625000000
-9.1702875938;1.8412866133;-1.7763368867;-7.7728777308;-1.6421600151;4.5561651332;35.5625000000;-4.0625000000;-3.0625000000
-9.5006136392;1.5473612537;-1.8209349704;1.0528662635;0.7565763524;-12.4672494282;35.5000000000;-3.6875000000;-3.8750000000
-9.8457056987;1.6973613108;-1.6109987688;-11.9982990445;1.1410042670;-10.7776455322;35.0625000000;-4.0625000000;-4.7500000000
-9.5061085549;1.5389147040;-1.6158676330;4.3569196898;2.1345076295;1.0129475699;35.5000000000;-3.2500000000;-4.2500000000
-9.3780176804;1.8067192549;-1.6807639883;0.8170805136;-1.1231827690;-10.0119127483;35.8750000000;-3.6875000000;-3.0625000000
-9.4777361056;1.9174405149;-1.4723498871;-6.0677427687;5.9540208528;-7.9359101278;35.8750000000;-3.6875000000;-3.0625000000
-9.4344915192;1.6607486904;-1.6265035869;0.3108815221;2.2224217745;-16.8870315260;35.8750000000;-2.8750000000;-3.0625000000
-9.4102078881;1.9771944040;-1.3938947767;4.1255170302;9.7049716811;-2.2946535353;36.2500000000;-3.6875000000;-3.8750000000
-9.3126842053;1.7895552466;-1.4167695911;-1.4422314142;-8.1886964897;0.1241931273;35.8750000000;-3.6875000000;-3.5000000000
-9.3030084637;1.7166228263;-1.5016507379;-2.0356647072;3.4209408163;6.6011689428;36.2500000000;-4.0625000000;-3.5000000000
-9.7363876133;1.7044887593;-1.4982895242;-5.5719822939;5.1635387942;-3.6510759044;36.2500000000;-4.0625000000;-3.5000000000
-9.2913924983;1.7765659473;-1.5958073377;-2.0250927860;5.6996800820;-3.6666229350;37.0000000000;-3.2500000000;-2.2500000000
-9.3229696257;1.7313503128;-1.7113050958;-0.9557399123;4.3000289241;2.9160350464;37.0000000000;-2.8750000000;-2.7500000000
-9.5173367038;1.5329061808;-1.7216131469;-8.8774518500;6.5601730543;-6.3896503728;36.2500000000;-3.7500000000;-1.5000000000
-9.3388155289;1.5897822971;-1.6766781010;-3.8577848324;-4.5370542724;5.6652336999;36.5625000000;-3.2500000000;-1.5000000000
-9.4305656945;1.6290336408;-1.8704837453;-3.2045498700;0.4974550221;6.5927299026;36.5625000000;-3.2500000000;-1.5000000000
-9.4852552746;1.6688884578;-1.8005443049;5.7038785296;0.1235064717;5.2749387071;37.0000000000;-3.2500000000;-1.8750000000
-9.7675830525;1.5066190622;-1.6609285560;-0.0621650222;1.2313232896;4.1368710683;36.5625000000;-2.8750000000;-1.8750000000
-9.2089599934;1.4986603105;-1.8361516164;17.2167307735;-2.7317314454;-1.0049233157;36.5625000000;-3.2500000000;-2.7500000000
-9.5146241960;1.8355596145;-1.6689636382;-5.6244968183;2.5909635684;1.7301295313;36.5625000000;-2.8750000000;-2.2500000000
-9.6649621535;1.3331660085;-1.7612613193;7.3432004098;-2.3979120766;-10.7793935270;36.5625000000;-2.8750000000;-2.2500000000
-9.3856970796;1.8814134055;-1.8777073465;4.1752880031;-1.5206398445;-2.1468071719;37.3750000000;-2.8750000000;-2.2500000000
-9.7393353561;1.6744666293;-1.9824636678;-1.1827311870;2.1135636935;-14.1913548060;36.2500000000;-2.8750000000;-2.6875000000
-9.4699388465;1.7820802337;-2.2875454228;3.6969520309;2.4753020893;-1.1304015610;36.5625000000;-3.2500000000;-2.7500000000
-9.4026486510;1.9942010438;-2.2174593381;1.9331566556;8.6917500033;-1.6159292553;36.5625000000;-3.2500000000;-2.7500000000
-9.6324408004;1.5527026150;-2.1008860854;-0.9557020181;12.5572482803;-6.9051050202;37.3750000000;-4.0625000000;-2.6875000000
-9.5078702313;1.3706765060;-2.0589639767;16.8212605992;2.1466956595;15.3833292600;38.5000000000;-3.2500000000;-2.2500000000
-9.4109336911;1.6800624047;-2.0238572375;4.2600944052;15.7503151824;0.2524901188;38.5000000000;-2.8750000000;-2.2500000000
-9.0996469976;1.4362960240;-2.2330227060;10.2351884553;16.7288697832;21.0424045876;39.1875000000;-2.8750000000;-2.2500000000
-9.5323425581;2.0037248011;-2.6630128436;16.6856808089;13.0388405551;-1.8729699289;39.1875000000;-2.8750000000;-2.2500000000
-9.3208386897;1.7778774142;-3.0486161092;-6.8862777212;11.6773176652;3.9464926017;40.6875000000;-2.8750000000;-2.2500000000
-9.2987649705;1.6075947015;-3.9351159098;5.2104814669;14.9729317991;9.8081488692;40.6875000000;-2.5625000000;-1.5625000000
-9.6952094659;1.4363748593;-4.4331960949;23.7908280589;26.6317257050;6.4680106127;40.2500000000;-2.5625000000;-1.5000000000
-9.7203116529;1.9265228807;-4.5241342618;-9.6986775517;38.7317246454;9.0542097717;41.5000000000;-2.8750000000;-1.0625000000
-9.5820062657;1.2777234956;-5.1007030394;19.7341329136;38.2079899064;8.1604608617;41.5000000000;-2.8750000000;-1.0625000000
-9.9393470791;2.1825614393;-4.8159930073;15.4609412924;35.2539693443;1.0198742966;42.1875000000;-3.6875000000;-0.7500000000
-9.3780387306;2.1206130047;-5.7591023782;15.8814969562;44.8774833301;2.3703832415;42.5625000000;-3.6875000000;1.1875000000
-9.4055756081;2.2753152238;-5.7759780387;19.0073333220;57.9085442906;8.6448202048;44.0000000000;-3.5625000000;1.5625000000
-9.6841848240;2.0958701461;-5.6359344824;8.3912486761;71.0565684078;2.7961089445;43.5000000000;-4.6875000000;3.8750000000
-9.2506215828;1.6485220946;-5.5075086481;28.1173047455;74.3652549988;12.9130898975;43.5000000000;-4.6875000000;3.8750000000
-8.9699013037;2.3622839813;-5.3640357760;12.6801965830;77.4619110266;6.0239449226;43.5000000000;-4.5625000000;6.6875000000
-8.5094084474;1.6474312964;-5.7781931723;6.1621178111;76.5124655327;20.8052472942;42.5000000000;-4.5625000000;8.5625000000
-8.1045956048;2.1423358538;-6.0889978326;15.8458540350;81.3548816939;14.2454455365;42.0625000000;-3.8750000000;11.3750000000
-7.8186764353;2.3303209592;-6.3316640745;0.9395806811;80.4756909984;23.0819936141;40.1875000000;-4.8750000000;14.5000000000
-7.0184317907;1.8622007260;-6.1470656017;7.9817462567;91.7590918514;24.2623976349;40.1875000000;-4.8750000000;14.5000000000
-7.2926901334;2.7516050785;-6.5552472769;-24.2868964972;77.8792698673;38.8488412158;39.5000000000;-5.5625000000;17.2500000000
-6.6639973775;0.5304569148;-6.4106580091;16.2898620507;88.8286811207;16.7827753509;37.6875000000;-5.5625000000;19.1875000000
-6.0838061229;1.6655845741;-6.4326542404;20.4078740488;86.7519185512;11.3036146696;35.3750000000;-6.6875000000;22.0000000000
-5.5652047909;0.8049339438;-6.1042486397;3.8320429366;78.9363090053;0.6224600568;32.7500000000;-5.8750000000;23.5000000000
-5.3723511582;0.8709059711;-5.7914499201;20.4514884831;53.2135771145;8.6684129472;32.7500000000;-5.8750000000;23.5000000000
-4.7334346078;1.7274713674;-5.8582859926;15.0508817776;42.7942405565;-0.1229958295;31.2500000000;-6.2500000000;26.6875000000
-4.5581183617;1.5422449336;-6.2348128175;0.8156207322;24.5237017480;-8.5987011903;29.3750000000;-6.2500000000;28.5000000000
-4.3443546894;0.9413712764;-6.3674755870;-3.9121978459;3.2396101855;-19.0976111426;29.3750000000;-5.6875000000;29.5625000000
-3.3981609602;2.6787076441;-7.1474367600;2.3172405596;16.3456546370;-5.0887833928;28.2500000000;-6.0000000000;30.0000000000
-4.0969506893;2.0481319931;-7.5459219957;-21.8142648547;10.6013614997;-6.5356334170;28.2500000000;-6.0000000000;30.0000000000
-3.9588292897;1.8054683767;-7.8429417551;16.5366786610;-18.0606285371;-8.2306874310;28.6875000000;-5.3750000000;28.8750000000
-3.7862824685;3.4364021351;-8.5960788009;-30.4523623739;7.7556976694;7.9525413856;28.2500000000;-5.6875000000;29.1875000000
-4.3785831350;1.3802386558;-8.3210423598;-20.7777011380;-2.6532018190;-6.4592400562;28.2500000000;-5.3750000000;30.7500000000
-3.8284890444;2.6256151497;-8.6315701802;21.0419528215;-15.7622650128;-11.7685643536;27.8750000000;-5.6875000000;29.1875000000
-3.9439485181;2.9146503644;-8.7464909373;-9.9929895456;0.8802385921;6.0875039091;27.8750000000;-5.6875000000;29.1875000000
-4.1555189256;2.1026270638;-8.7150110233;-6.5754246737;-12.7611193100;-3.5926852612;27.8750000000;-5.6875000000;29.5625000000
-3.9956343660;2.2754391928;-8.7054624300;9.6575769234;-4.7046804787;12.4787946580;28.6875000000;-5.6875000000;30.3750000000
-4.2038389929;2.0389441876;-8.5444560108;-10.3117780833;-2.3779409929;0.7645086263;29.0625000000;-6.0000000000;28.8750000000
-4.4364362349;1.8859361678;-8.6158399564;1.4398273131;-13.7841960392;0.2529345599;29.0625000000;-6.3750000000;29.1875000000
-3.9043354321;2.1623121784;-8.3664006916;7.7104200950;-0.7486866658;15.3031085680;29.0625000000;-6.3750000000;29.1875000000
-4.6594044416;2.3044333528;-8.5386588303;-15.4328637564;4.9231189440;6.3803463116;29.0625000000;-6.7500000000;28.5000000000
-4.2872942139;1.7365939859;-8.6661997072;12.0841233846;-8.8098137325;2.9722053871;29.3750000000;-5.3750000000;28.3750000000
-4.3037968373;2.1447180101;-8.3325548651;8.1229044484;2.5364211049;4.1275446654;29.0625000000;-7.1875000000;28.5000000000
-4.4026744371;2.0272212650;-8.3026004468;-0.0629381631;-4.8457432675;3.6416719625;29.3750000000;-6.3750000000;28.8750000000
-4.3330589428;1.9737201027;-8.6061277713;2.5192306019;-4.2408852288;0.1247693647;29.3750000000;-6.3750000000;28.8750000000
-4.2446033039;1.8494330781;-8.3080822111;-0.8199540094;0.9879155801;2.7134416991;29.3750000000;-5.6875000000;28.5000000000
-4.5101103509;1.8738652904;-8.5237575934;-3.2339494155;-4.8136226758;-5.8286493429;29.0625000000;-6.3750000000;27.5625000000
-3.9186448733;2.0843778694;-8.5697130194;2.0320408827;-1.2300853021;-8.1618717812;29.7500000000;-6.7500000000;28.3750000000
-4.1008187169;1.9541471619;-8.5888927606;2.2253072219;5.4378759903;-0.7558135491;29.7500000000;-6.7500000000;28.0625000000
-4.3999227896;1.7491307909;-8.4675183251;3.8325172745;2.6391425568;-7.8112014726;29.7500000000;-6.7500000000;28.0625000000
-4.3052064568;2.0398601650;-8.3393280026;2.2929901565;-4.3700619535;7.0069126986;29.7500000000;-5.6875000000;29.0625000000
-4.4868997648;2.3303838344;-8.4077553139;-0.6804269562;3.4979741795;-1.7360032580;30.1875000000;-5.6875000000;28.0000000000
-4.5971301683;2.2157160341;-8.4860035499;-6.2450828595;-6.4831689764;-9.2301996964;29.7500000000;-6.0000000000;28.7500000000
-4.0552948796;1.9218189116;-8.4693490801;5.3749141804;-3.2718586366;-0.7407193692;30.1875000000;-5.6875000000;28.0000000000
-4.3800831463;1.9620991138;-8.6813093030;5.1128573595;-0.3768918439;0.4919854760;30.1875000000;-5.6875000000;28.0000000000
-4.1917249369;2.2575438053;-8.4302448613;-0.9307100780;-2.7894232427;-6.1425352681;29.3750000000;-6.0000000000;26.8750000000
-4.3097794645;2.2321099804;-8.5918490687;-6.3084489212;-3.9672201272;6.9778613199;29.7500000000;-6.0000000000;27.5625000000
-4.3983310689;1.9289727219;-8.3039075285;2.1759506922;-4.6123641146;-11.1824733376;29.7500000000;-5.3750000000;28.0625000000
-4.1896007315;1.9875664129;-8.5008567626;-1.7104283259;-6.4931775201;-14.6778119536;29.7500000000;-5.3750000000;28.0625000000
-4.5134653231;1.9766759468;-8.5074240759;-2.1754131446;4.5489162674;-8.0524448470;29.3750000000;-5.0000000000;28.0000000000
-4.3100720797;2.0566928265;-8.3789890505;-2.0806326608;-3.1867818888;12.2270934283;30.1875000000;-5.3750000000;28.0000000000
-4.4937730923;1.6708347928;-8.2329608487;-2.6089971709;3.6682616150;-14.0537680965;30.1875000000;-5.3750000000;27.2500000000
-4.4620283017;2.1837460245;-8.2199795785;2.9723544778;-4.6781679829;3.3345745014;29.3750000000;-6.3750000000;28.3750000000
-4.3617844655;1.8736778286;-8.4295967975;-3.1454840468;-0.7401503378;1.1081730136;29.3750000000;-6.3750000000;28.3750000000
-4.4242717957;1.9214562375;-8.5029493168;6.0903398234;4.0895358729;-1.3537583087;29.7500000000;-5.3750000000;28.0000000000
-4.4088976585;2.3416733187;-8.4151191810;1.7951264693;10.4894086680;-1.4769424911;30.1875000000;-5.0000000000;28.0000000000
-4.5151787587;2.0077708646;-8.4984902652;-2.0963350196;-6.2489686703;7.8118743054;29.7500000000;-6.3750000000;27.1875000000
-4.1931821815;2.0212964162;-8.3281998588;-1.4088903437;-2.9854970481;2.3823906446;29.7500000000;-5.6875000000;27.2500000000
-4.4904615752;1.9416029484;-8.4323781306;-2.8379696427;-1.6435612492;13.0164226716;29.7500000000;-5.6875000000;27.2500000000
-4.4143861384;2.0482653841;-8.4517791488;-3.5808981289;-4.5347395317;-9.0368101941;29.7500000000;-6.0000000000;27.2500000000
-4.5234156261;2.0520522946;-8.5424365408;5.2024732735;-1.2388532340;-2.5960464743;29.3750000000;-5.6875000000;28.0000000000
-4.3994544307;1.9815915579;-8.5857968626;3.5406713415;-2.5454349572;15.8856794311;30.1875000000;-5.0000000000;28.0000000000
-4.4094320951;2.0916735483;-8.3831297460;3.3587401566;2.9618978636;4.8579778099;29.7500000000;-5.3750000000;29.1875000000
-4.3406622558;2.0863254937;-8.4307433587;-4.2116394077;-0.7427029472;-2.8263010565;29.7500000000;-5.3750000000;29.1875000000
-4.6442503897;1.7487914124;-8.5219694093;1.5337724496;0.9903161322;0.0000000000;30.1875000000;-5.3750000000;28.5000000000
-4.3615792840;1.9262545711;-8.6795561344;3.7500101915;-1.7541969296;-16.5025362976;30.1875000000;-5.6875000000;28.5000000000
-4.4131605287;1.9112337526;-8.6057693154;-6.2936399307;-2.2382269368;-3.3538412981;29.0625000000;-5.3750000000;27.2500000000
-4.3969960160;1.8663047363;-8.5400074535;-9.9968698026;-1.5981376082;-6.6805740771;29.7500000000;-5.6875000000;27.5625000000
-4.2840562538;1.8654522465;-8.6007556866;5.9405749762;1.7818279854;18.1580841833;29.7500000000;-5.6875000000;27.5625000000
-4.5595031928;1.9104628082;-8.2189853664;3.8540994403;3.7597985775;6.3709978060;29.7500000000;-5.0000000000;29.1875000000
-4.6982582710;1.9612785036;-8.6013470964;1.8004930899;-2.7119932719;-8.1254299583;29.3750000000;-5.6875000000;28.5000000000
-4.1598599427;1.8238949492;-8.3149099686;5.4454178698;6.5199726086;18.4384670454;29.7500000000;-5.3750000000;28.3750000000
-4.5832683203;1.9512733617;-8.1872185756;0.6759075634;0.6191335089;-5.2150231694;29.7500000000;-5.6875000000;28.0000000000
-4.3278659637;2.0250311965;-8.5193419999;-6.1622765003;-1.1435715951;-6.2624809452;29.7500000000;-5.6875000000;28.0000000000
-4.4344528256;1.9462032195;-8.5011222868;2.8458104522;1.5295616242;-1.1468432917;29.0625000000;-6.0000000000;28.3750000000
-4.3509654348;1.9627847297;-8.5074707226;4.2084871594;-4.0766844463;4.0470337407;30.1875000000;-5.0000000000;28.0625000000
-4.4367703237;2.0945896863;-8.6514060315;-10.4119718071;-1.3972396883;-1.3643873146;30.8750000000;-5.3750000000;27.1875000000
-4.3857807072;1.7090488557;-8.3978048852;4.3697321873;1.1203755846;-5.9809639106;28.6875000000;-5.0000000000;27.1875000000
-4.1746976046;1.6700060889;-8.6376647387;-5.9086076865;1.1187920113;0.9864813697;28.6875000000;-5.0000000000;27.1875000000
-4.2416955666;2.0601130974;-8.4140965734;11.5895408725;5.3115636432;-19.5956170618;30.5000000000;-5.0000000000;27.5625000000
-4.4748459542;2.0960435227;-8.4565186705;-3.1881916233;1.3686400483;-1.4972713199;30.1875000000;-5.3750000000;30.0000000000
-4.3887568382;1.9388225506;-8.6097836506;3.1437069051;1.2276305126;10.6056903741;29.7500000000;-6.0000000000;28.0625000000
-4.3316261852;1.9884201674;-8.4450039142;-0.9216405940;7.2858360659;-7.1880123366;29.3750000000;-5.3750000000;28.0625000000
-4.3039134888;1.9211790722;-8.6979102175;-1.5895869087;1.1448768426;0.3692068313;29.3750000000;-5.3750000000;28.0625000000
-4.3480714990;1.7613605455;-8.6278583402;0.6981876057;2.4715519934;0.2546887415;29.7500000000;-5.6875000000;28.7500000000
-4.4126747079;2.0789823923;-8.6482992181;-2.3353265627;-6.9357996263;-9.5544021041;30.1875000000;-5.6875000000;28.3750000000
-4.1937244366;1.9549339120;-8.4719865937;-1.4426601118;0.2485280374;-3.1283205930;29.3750000000;-5.0000000000;28.5000000000
-4.1672841551;1.7950233337;-8.3685422749;-2.5557038707;2.8706933931;-6.1925826241;29.3750000000;-5.6875000000;29.0000000000
-4.3555753457;1.6830753577;-8.4908808533;7.0551250782;0.7550803750;8.0152334908;29.3750000000;-5.6875000000;29.0000000000
-4.2713486049;1.9008241280;-8.3783234300;-4.9670681133;-1.1027296269;-11.7858145395;29.7500000000;-5.0000000000;28.8750000000
-4.1517816658;2.2287273991;-8.4123394394;0.0620781567;-0.7618802106;-3.1327178230;29.3750000000;-5.3750000000;28.5000000000
-4.6024124089;1.7405243223;-8.2627466203;3.0893993573;-10.7267623427;3.1840356558;29.3750000000;-5.3750000000;28.5000000000
-4.2108986585;2.2579615480;-8.5991912621;-5.0932509129;-5.1510150478;-6.3509560133;29.7500000000;-5.6875000000;29.1875000000
-4.4334553543;1.4580117840;-7.9184842061;4.4168599616;-6.9830146131;-6.5341877151;29.7500000000;-5.6875000000;29.1875000000
-4.3111062383;2.0211560954;-8.4138858454;-1.9070382813;1.6008170487;-16.6961700890;29.7500000000;-5.3750000000;28.5000000000
-4.4781077438;1.5513086640;-7.9701498859;4.6347919356;-3.1626237888;9.1435649608;29.0625000000;-5.0000000000;28.3750000000
-4.7343349329;1.4916594109;-7.2400376008;-11.9678340508;-6.0779827118;-2.6248562961;29.3750000000;-4.5625000000;28.7500000000
-4.5636042056;1.7533608737;-7.0115059394;2.8048098050;-2.6216750860;-10.6915862008;29.7500000000;-5.0000000000;28.8750000000
-4.6108732617;1.3594135374;-6.0718471955;14.1606194638;-9.2123972323;-8.6143177081;29.7500000000;-5.0000000000;28.8750000000
-4.7358158459;1.7799481913;-5.6169732240;5.7440571072;-37.9669138453;-10.6731439243;30.1875000000;-5.0000000000;27.6875000000
-5.0737217763;1.8111429757;-5.7636003543;3.0252822255;-46.0779103815;1.8662983706;30.8750000000;-4.1875000000;28.3750000000
-6.0619401084;1.6068166549;-5.6285362675;7.0622231413;-56.9822863588;2.9311583757;32.0000000000;-3.0625000000;27.2500000000
-5.6126408125;1.8043511111;-6.7883473285;7.0954022543;-70.1918445271;12.6791154546;32.0000000000;-3.0625000000;27.2500000000
-6.4836650959;2.1028520987;-6.7386149415;-9.2427699647;-64.5654266049;12.0240179939;33.5000000000;-4.1875000000;25.6875000000
-6.6810382862;1.3265528853;-6.8805307369;-14.9251943760;-62.8039317764;-4.6714229690;34.2500000000;-3.5000000000;23.0000000000
-7.3054205089;1.9476378083;-6.5281229669;-7.6291920232;-81.0012807616;-7.2310398438;34.8750000000;-4.5625000000;22.0625000000
-7.5424255639;2.3073472475;-7.3899810929;-42.7286656242;-61.7206686151;10.8224399837;37.5625000000;-4.1875000000;19.2500000000
-8.3907015630;1.4265735599;-7.2337964593;-6.8705660908;-66.6471449346;-9.5334378164;37.5625000000;-4.1875000000;19.2500000000
-7.7833016842;2.1456395310;-7.2385287892;-21.0703671868;-54.1120102669;-7.9964445264;37.8750000000;-4.5625000000;16.0625000000
-8.6555418864;1.5011498127;-5.9262342324;-11.9394885297;-51.6230624377;-14.3255079712;40.0625000000;-4.1875000000;16.1875000000
-7.8898639231;3.2418264285;-6.2622221286;-35.5417034205;-50.4666235867;-6.2638958820;40.8750000000;-4.1875000000;12.6875000000
-8.1841809804;1.6938740216;-5.5257018540;-10.4747279116;-45.8594941204;-6.6264956832;41.5625000000;-4.1875000000;10.7500000000
-8.8194935929;2.6599754299;-5.8804025002;-27.0630879334;-48.8219100719;-27.8312249543;41.5625000000;-4.1875000000;10.7500000000
-8.5288645459;1.7860031019;-5.3445610772;-10.2500010571;-35.0541397935;-5.3332671357;42.0000000000;-4.5625000000;9.1875000000
-9.0434601184;2.4276358244;-4.9457360267;-20.7033905546;-38.8070347840;-16.6905022942;42.3750000000;-4.5625000000;8.3750000000
-8.9829356844;1.8074377324;-4.9495138882;-0.8106630212;-40.5499432651;0.1262187084;42.7500000000;-3.8750000000;6.7500000000
-9.0973491354;2.5250745927;-4.5415858841;-30.5233067259;-38.5553982461;-13.1121209211;43.0625000000;-4.1875000000;5.6875000000
-8.8169708346;2.4449931822;-4.3643236320;-10.9156411799;-24.4810049871;-19.1155339586;43.0625000000;-4.1875000000;5.6875000000
-8.9125498781;2.3015498189;-3.7243430942;-8.5754782414;-30.9563078478;-10.3063382347;43.0000000000;-3.8750000000;3.7500000000
-9.3177578285;2.7305043510;-3.7548567247;-14.8042136426;-25.6815869909;-10.5470372880;42.6875000000;-3.0625000000;3.2500000000
-8.8994700553;1.9884683776;-3.3769497681;-6.7303449461;-28.3278110230;-4.8060109752;43.0000000000;-3.0625000000;1.0000000000
-9.3006286446;2.9896973876;-3.7145290932;-18.5494438055;-33.0920139560;-6.7812121331;43.0625000000;-2.6875000000;-0.1875000000
-9.1071893657;2.0124211571;-3.6480384206;-15.6200427296;-18.7547444530;-3.4185828072;43.0625000000;-2.6875000000;-0.1875000000
-9.3439241528;2.2274818250;-3.1127334115;-16.8807341220;-16.0094916980;-4.2273005966;42.3750000000;-2.3750000000;-0.6875000000
-9.5039824397;1.9784332336;-2.7616611231;-15.0170931949;-10.8060703563;-11.3349621220;42.3750000000;-2.3750000000;-1.5000000000
-8.7655271628;2.1599045493;-2.6879297006;-8.4336915296;-16.8583976652;6.2904356171;41.5625000000;-1.5625000000;-1.7500000000
-8.9203116142;2.3986716880;-3.0613325452;-2.9917121808;-11.8938099502;17.6208093750;41.2500000000;-1.5625000000;-3.5000000000
-9.3576439045;2.2487871186;-2.9767736474;-7.7033042247;-13.6463890706;1.2278546748;41.2500000000;-1.5625000000;-3.5000000000
-9.2945543737;1.8296937527;-2.6181466495;6.0507301864;-7.2055513840;-3.1400697940;41.5625000000;-1.5625000000;-3.0625000000
-9.2328921763;2.3135450371;-2.4610926138;0.3092201924;-4.1723573363;-8.7258957823;41.2500000000;-2.3750000000;-3.3750000000
-9.3878054334;1.6460663158;-2.5173328634;0.5670344580;-0.8837313385;-11.8238598324;40.5000000000;-1.2500000000;-2.7500000000
-9.2893434023;2.1314188453;-2.0939160022;9.5300178145;-5.1558628659;-7.2666091479;40.0625000000;-2.0000000000;-3.0625000000
-9.2038213826;1.9870712442;-2.4035843783;0.1888429315;-0.3815185300;-3.2406998742;40.0625000000;-2.0000000000;-3.0625000000
-9.2715755142;1.9658797253;-2.2698907979;-3.6136343895;1.3683764538;3.8270081089;40.5000000000;-0.8750000000;-4.6875000000
-9.4743703422;1.8564256260;-2.1723535856;-3.3081058218;-6.0003519162;1.2466013791;39.3750000000;-1.5625000000;-5.5000000000
-9.2878569413;1.8908074200;-2.1501375469;-0.3160460905;-4.9080680741;1.7563784747;39.0000000000;-1.2500000000;-3.8750000000
-9.3721728797;2.2131669443;-2.1584949729;-13.4955872413;3.1004119462;5.6915032702;40.0625000000;-1.1875000000;-4.2500000000
-9.2654974804;1.6999285009;-2.0668465346;7.8420919119;5.5767351573;-3.0348061654;40.0625000000;-1.1875000000;-4.2500000000
-9.2865619931;2.2428683440;-2.2125710853;-1.4201002679;1.4805577496;-2.0360921555;39.3750000000;-1.2500000000;-5.0625000000
-9.3973064611;2.0162514257;-1.9502199999;-1.3017842844;-5.1653850045;0.9871477308;40.0625000000;-1.5625000000;-4.2500000000
-9.1682604318;1.9367499328;-1.9998709336;-8.1921509389;3.4962307774;-2.2410619414;39.7500000000;-1.2500000000;-3.8750000000
-9.3016553373;2.0729698598;-2.1905807828;0.1901279647;9.2817983001;-3.4787929947;39.0000000000;-2.3750000000;-4.6875000000
-9.2285535637;1.7897801763;-2.0159057385;-1.8485030633;-2.2371190361;13.5696379209;39.0000000000;-2.3750000000;-4.6875000000
-9.2391591451;1.9028066262;-2.0499180057;4.3786800320;1.1459194713;-14.5225367467;39.7500000000;-1.2500000000;-3.0625000000
-9.2599928952;1.9193309178;-2.0492223200;4.5994577179;7.9510159249;4.1674309190;39.7500000000;-1.2500000000;-4.2500000000
-9.3638719498;1.8269406894;-1.8979105050;1.0500206549;0.2487670635;-13.1157639842;39.0000000000;-0.8750000000;-4.2500000000
-9.4108609367;1.8008606789;-1.8598150625;-1.1996786469;1.2701179783;2.0043127997;40.0625000000;-1.5625000000;-4.2500000000
-9.1150645766;1.8415849028;-1.9800289939;-0.8061517886;2.9626382009;-7.9155482160;40.0625000000;-1.5625000000;-4.2500000000
-9.3521572747;2.1777604088;-1.9832389882;-4.3458050223;1.7580501051;8.7161088025;39.0000000000;-1.5625000000;-4.6875000000
-9.2441635826;1.6697466177;-2.0574880225;11.2084319682;3.8734646983;-1.0185946046;40.5000000000;-0.1875000000;-3.3750000000
-9.2855004780;2.1708401708;-2.1136845400;2.3166958029;-0.3763656840;-3.1295432950;39.3750000000;-1.1875000000;-3.8750000000
-9.2023156155;1.8629114618;-2.2531401523;4.8681734201;1.3605672462;-1.2546256282;39.3750000000;-1.2500000000;-4.6875000000
-9.1767755222;2.0193758755;-2.2459307613;-1.7992839860;-1.6217442050;1.8424046303;39.3750000000;-1.2500000000;-4.6875000000
-9.4507311745;2.0067000491;-2.3382222153;1.7829413827;4.3791116210;-1.3850323346;40.5000000000;-0.8750000000;-3.8750000000
-9.4090471896;1.8336802359;-2.2777863441;5.4072672578;-0.2484708853;2.2499477118;40.0625000000;-0.5000000000;-2.6875000000
-9.3610333840;2.1341605875;-2.1801511719;-8.9659003079;1.3684569392;-7.8744886390;40.5000000000;-1.2500000000;-3.8750000000
-9.5333904465;1.8840204787;-2.5509595361;7.3081306085;0.1226479861;4.2940964491;40.5000000000;-1.2500000000;-3.8750000000
-9.3723377571;2.2163377408;-2.6792735830;6.3966357917;-0.9884063452;-2.2163538138;39.7500000000;-1.5625000000;-4.2500000000
-9.3467333312;1.9179061664;-3.1780320615;12.4487398247;12.9346050001;2.9583322313;40.5000000000;-1.1875000000;-3.3750000000
-9.1595662806;2.4050520904;-3.3662750525;4.8579859556;19.3709284196;2.9819240560;41.2500000000;-1.5625000000;-2.2500000000
-9.4156902258;2.3695497422;-3.7193246769;12.4610962160;17.3804188414;12.9913149758;40.8750000000;-1.1875000000;-2.6875000000
-9.3184988890;2.3308101298;-3.6958687500;12.3436743752;20.9255370336;-8.3124721568;40.8750000000;-1.1875000000;-2.6875000000
-9.3153216231;2.0827735754;-4.0337879197;6.4250725645;26.6392733514;-7.1301562049;42.3750000000;-1.5625000000;-1.8750000000
-9.3134260243;2.1719098679;-3.8322255089;13.8481607196;34.6918338260;2.7522677093;42.3750000000;-3.0625000000;-1.5625000000
-9.5998546462;2.2269548096;-3.8570612767;15.9795875259;38.2460368202;2.5174497756;41.5625000000;-2.0000000000;0.0000000000
-9.0470583552;2.2254474310;-3.9073785927;8.8047978226;32.5823951701;8.2218755161;42.7500000000;-2.3750000000;1.1875000000
-9.1844861847;2.4221834875;-4.3076207378;12.7343140557;39.9213525751;-2.3586590507;42.7500000000;-2.3750000000;1.1875000000
-9.0064824863;2.1745674219;-4.4998394281;14.0670214820;40.6138307845;1.0109083920;43.3750000000;-2.5625000000;3.0625000000
-8.9842443880;2.5751782558;-4.4211477097;20.0180067193;46.4206425713;16.1611497223;43.7500000000;-2.5625000000;3.8750000000
-8.6320081833;2.1142285476;-4.8965117652;2.9293652488;36.7829922178;2.2741240903;43.3750000000;-3.7500000000;5.8750000000
-8.7301972136;1.9469339095;-5.0726085364;24.2703100695;46.7776691046;2.5753543420;42.7500000000;-3.7500000000;8.1875000000
-8.5827675307;2.1670532405;-5.1601091347;11.4760292708;41.7299681929;8.6884205931;42.7500000000;-3.7500000000;8.1875000000
-8.2576231934;1.7045219324;-5.5652072793;14.3304280072;49.7438177281;10.9998535066;42.0000000000;-3.7500000000;8.8750000000
-8.1557883250;2.0292980549;-5.3846287390;21.4586296013;44.1906943547;7.4618433057;41.5625000000;-4.8750000000;11.0000000000
-7.8436830367;2.1581122743;-5.9233912533;10.1128227827;48.7131830528;15.4343766545;40.5625000000;-4.8750000000;11.6875000000
-7.6874870283;1.6169871529;-6.2924275055;25.9927340708;43.2018482643;18.2539480726;40.5000000000;-4.0625000000;13.3750000000
-7.5333177467;1.9504083350;-5.9119506483;11.8455856399;41.7067070145;6.2341652297;40.5000000000;-4.0625000000;13.3750000000
-7.0989985751;1.6742972983;-6.1488741873;16.1392490169;41.2196647546;12.6407124140;39.7500000000;-4.0625000000;14.8750000000
-6.7795656431;1.8875287399;-6.1207061079;4.9538794649;48.3393029547;-10.6312105416;39.0000000000;-3.7500000000;17.2500000000
-6.6817504624;1.2244316157;-6.2311887368;9.4289475508;39.8072215862;1.4727647492;37.8750000000;-4.0625000000;18.8750000000
-6.5103801033;1.8084543868;-6.4702693449;-0.3131465494;37.6650422412;-2.1025365889;37.5625000000;-3.3750000000;19.2500000000
-6.1886084891;1.3377435711;-6.7986178206;7.2680180875;34.3882142458;0.0000000000;37.5625000000;-3.3750000000;19.2500000000
-6.1736341317;1.9883529915;-6.9523654852;3.7244382621;28.3162163776;-0.4964548461;36.3750000000;-3.7500000000;20.5000000000
-5.7846692593;1.5251345624;-7.0727527090;-4.2540578404;32.1017188614;-3.4141588121;35.2500000000;-3.7500000000;21.1875000000
-5.6044039381;1.8592631906;-7.1086496179;3.9185451608;23.7270840911;2.1235437970;34.8750000000;-3.0000000000;23.6875000000
-5.5718797185;1.6912942551;-7.4858996039;-0.3134950321;23.6306345813;-4.0001013688;34.2500000000;-3.3750000000;24.5000000000
-5.5106457618;1.3187207349;-7.3278144545;0.8178167288;18.9294733712;4.6317270690;34.2500000000;-3.3750000000;24.5000000000
-5.2424628943;1.8983257246;-7.3813803081;1.9184995732;16.3996431626;0.8657952413;33.5000000000;-3.7500000000;24.5000000000
-5.4112249879;1.7496575930;-7.5568707265;0.8065192416;22.7929498709;-10.0561048884;33.5000000000;-3.3750000000;25.2500000000
-5.1356360881;1.8012841587;-7.4080159475;1.4517904638;15.3655469952;0.8800167316;32.0000000000;-3.7500000000;26.0625000000
-4.9313069592;1.5498232585;-7.1068796349;-6.0886787303;17.3919162462;0.0000000000;32.3750000000;-3.3750000000;26.0625000000
-4.8029217580;1.8916257150;-7.5840918533;-2.5749694431;7.5599323703;3.8314014940;32.3750000000;-3.3750000000;26.0625000000
-5.0310821001;1.7298803004;-7.6448942438;-0.8021113122;3.4624489155;17.3529201489;31.5625000000;-3.3750000000;26.8750000000
-4.9319721219;1.9569995356;-7.7032579024;0.3180384623;-1.6055250406;0.7528251548;31.2500000000;-3.0000000000;27.2500000000
-4.4418272642;1.8317498076;-8.0001333662;1.9218635682;5.5833962881;8.1971012998;31.2500000000;-3.7500000000;28.0625000000
-4.8361188172;1.7390192908;-7.8891157250;-3.3009325712;2.0353226542;0.2539010989;32.0625000000;-3.0000000000;26.8750000000
-4.8015208520;1.8005757961;-8.2402251146;-2.0269489595;3.4388253531;-4.4205242904;32.0625000000;-3.0000000000;26.8750000000
-4.6315321882;2.0417377698;-8.1627088146;-3.1029295779;6.0298653088;2.0287429697;31.3750000000;-3.3750000000;26.5625000000
-5.0213737865;1.5696867818;-8.3328029202;4.2283009894;-1.9683293994;-10.6068500160;30.8750000000;-3.7500000000;27.6875000000
-4.7101539575;1.6223545666;-8.1885875026;-3.5656470884;-8.2547274669;11.8232309642;31.5625000000;-3.0000000000;26.5000000000
-4.6398725162;1.7346337594;-8.3473900112;-1.4194054136;1.9906711475;5.2875756992;31.5625000000;-3.3750000000;26.8750000000
-4.8885502123;1.7555744053;-8.2277956139;-2.0814138201;-3.7558574444;-1.3880634614;31.5625000000;-3.3750000000;26.8750000000
-4.7626005762;1.8462011405;-8.2649517200;0.4348325991;1.4952806386;8.4128787303;30.1875000000;-3.7500000000;27.7500000000
-4.6826934109;1.5481434124;-8.1583139019;-2.5656935817;-2.3495174000;-9.6951055716;31.5625000000;-3.3750000000;28.0625000000
-4.7413878307;1.5674792460;-8.3426619528;2.7120991741;0.4990777225;-0.8702009901;30.8750000000;-3.7500000000;28.5000000000
-4.8069181278;1.6916042045;-8.0724172653;-3.1577203450;-5.9049874425;3.2114910790;30.5625000000;-3.3750000000;28.0625000000
-4.7859714859;1.5641993716;-8.5323928370;3.8220173660;1.1175014593;5.9150761247;30.5625000000;-3.3750000000;28.0625000000
-4.8572358026;1.5088674781;-8.2208838239;-0.9421688176;2.3973070217;-6.4409189208;30.5625000000;-3.7500000000;26.0625000000
-4.9155007112;1.6609849041;-8.2603603302;-4.9066169053;-8.9433448825;8.7887966170;31.0000000000;-3.0000000000;27.2500000000
-4.6370036172;1.6157445868;-8.4552785239;-3.4951638853;1.1281189585;-13.5374359932;31.3750000000;-3.3750000000;28.0625000000
-4.6201937726;1.5771546192;-8.5298979584;-4.9659440471;-1.3700617574;10.2458172565;31.3750000000;-3.3750000000;28.0625000000
-4.6854023516;1.5417890244;-8.5256747340;0.1889725643;-0.6320103782;4.9245944983;32.0625000000;-3.3750000000;27.2500000000
-4.7276530123;1.7674411067;-8.2462594947;-1.4373591992;-1.6469427599;-8.9108611956;30.8750000000;-2.5625000000;28.0625000000
-4.7304769121;1.5130751652;-8.3779367241;3.9003258116;-1.6063684856;2.6287017077;30.8750000000;-3.3750000000;28.5000000000
-4.7955251783;1.4832853544;-8.1766264499;-8.2882571332;-6.6594231114;2.1183318843;30.8750000000;-3.0000000000;27.6875000000
-4.6343709295;1.9360482365;-8.4367246306;-0.6818287991;-8.3251104685;-5.1560499227;30.8750000000;-3.0000000000;27.6875000000
-4.7852375829;1.6224983902;-8.5333912394;-1.4257572332;3.0065283117;2.1616221053;30.1875000000;-3.7500000000;27.7500000000
-4.6890329193;1.3491415224;-8.3380559047;2.0404962635;-4.5646943032;12.2620067855;30.5625000000;-3.7500000000;28.5000000000
-4.7323641789;1.6383208445;-8.6696252430;0.1846639252;-0.8639490207;-3.8257019902;31.3750000000;-3.3750000000;26.8750000000
-4.6267624988;1.7647997492;-8.4939168878;-8.7416408379;1.5954257272;-6.2875598215;31.3750000000;-3.3750000000;26.5000000000
-4.8108161252;1.6071132176;-8.2557422375;-1.4440393219;-5.8269346392;-3.3737300907;31.3750000000;-3.3750000000;26.5000000000
-4.6924492952;1.7659225968;-8.7801498256;-1.8112244572;0.1272739658;0.8814018693;30.5625000000;-2.5625000000;27.1875000000
-4.7445357657;1.6167606247;-8.4335612907;5.5365891887;2.5785338567;-5.6186000089;31.3750000000;-3.3750000000;27.2500000000
-4.5776064742;1.3555181585;-8.4358672387;-2.7791703508;5.4801299559;-14.4908017027;30.5625000000;-3.0000000000;28.3750000000
-4.7274802604;1.7164089119;-8.5619114719;-4.7547637812;4.2683950555;10.1642865071;31.0000000000;-3.0000000000;27.6875000000
-4.8469644230;1.5359322945;-8.5299524332;3.8948923477;-1.9637099212;-3.3393472534;31.0000000000;-3.0000000000;27.6875000000
-4.4700709405;1.3835965938;-8.3797051011;-0.8195944723;-1.8936600853;-3.1307874634;31.3750000000;-3.3750000000;28.0625000000
-4.5617536025;1.9175568434;-8.6823229014;-10.3986803070;9.0033541148;15.2989544828;31.0000000000;-3.3750000000;27.1875000000
-4.6307820746;1.4238256054;-8.2371834735;2.2740670963;3.8095422494;-6.6386571850;31.2500000000;-2.2500000000;28.8750000000
-4.5704730940;1.4571931056;-8.3474536935;1.5849551024;1.9790835560;-16.0487119220;30.2500000000;-3.0000000000;28.0000000000
-4.6697959498;1.7026403840;-8.5036241939;4.0577717940;6.6908495648;-3.2066484288;30.2500000000;-3.0000000000;28.0000000000
-4.7876248994;1.3524170431;-8.3958573838;-2.5728644992;1.9724843623;-4.3325075815;30.2500000000;-2.5625000000;28.7500000000
-4.5609367376;1.7282373807;-8.5735654327;0.4418221012;-5.9210558926;2.1254979798;30.5625000000;-1.8750000000;27.2500000000
-4.6489075959;1.3283937602;-8.5601183631;5.0864279279;10.4856412470;8.0848458809;31.0000000000;-2.5625000000;27.2500000000
-4.7105665079;1.5556903214;-8.5025451219;-4.7181427663;-5.6310292639;-8.9151311385;30.5625000000;-3.0000000000;27.6875000000
-4.5212520596;1.6829379935;-8.2788378006;1.4490927527;0.9816572663;3.6581977922;30.5625000000;-3.0000000000;27.6875000000
-4.6977537588;1.3842864802;-8.2359447976;3.0862557510;0.1245111887;0.4946828926;29.8750000000;-3.0000000000;28.0000000000
-4.5854615536;1.5076959634;-8.5920912368;3.6356437661;2.6282127948;-6.5209783434;30.2500000000;-3.3750000000;28.3750000000
-4.5959393739;1.2958891549;-8.5431818351;3.5294591371;3.0511056924;-3.7996354064;31.0000000000;-2.5625000000;27.6875000000
-4.7167998031;1.5906932904;-8.2172189316;1.3000318500;2.4884578301;5.7712385730;30.2500000000;-2.5625000000;29.2500000000
-4.6555637335;1.5230691147;-8.4216947964;0.3072682213;0.5087325853;0.6146604221;30.2500000000;-2.5625000000;29.2500000000
-4.6815466854;1.5914251834;-8.3950643561;-4.9354362746;7.4734498632;4.9390617026;30.5625000000;-2.2500000000;28.5000000000
-4.8310930252;1.2707568625;-8.3918908967;-0.3089065404;-3.9493383641;0.6172062497;30.2500000000;-1.8750000000;28.0000000000
-4.5375465520;1.5701915262;-8.3500184746;2.4817812184;6.2353004481;2.8609427209;30.2500000000;-1.8750000000;27.6875000000
-4.7943973884;1.3897872862;-8.1693492818;6.2484889873;-5.7257788557;6.7570145601;30.2500000000;-2.2500000000;27.2500000000
-4.6120075001;1.4971508646;-8.2791295976;-3.4467228325;-6.3129610412;-0.7439349983;30.2500000000;-2.2500000000;27.2500000000
-4.6201972655;1.3995924052;-8.6074270645;1.4241420340;-5.9314858522;-6.3207514819;31.0000000000;-2.5625000000;28.0000000000
-4.7570429321;1.4143901401;-8.7197921185;-6.2329421393;-6.3584985537;-3.1498607870;31.0000000000;-2.2500000000;29.6875000000
-4.7105404413;1.6469215743;-8.8434368726;-2.3366898569;-3.0125852224;-1.9020899701;31.2500000000;-2.2500000000;27.6875000000
-4.6743700730;1.1856164165;-8.7937469903;1.3213826561;0.0000000000;4.4359717443;30.8750000000;-2.2500000000;27.2500000000
-4.8873672861;0.9675298486;-8.5306749948;6.0474614000;9.1529567291;3.0498292493;30.8750000000;-2.2500000000;27.2500000000
-4.7658473637;0.8899930897;-7.8511904950;11.8435519245;9.0511835059;-5.5692357631;30.8750000000;-1.5000000000;27.2500000000
-4.7033877182;1.0999013600;-7.3992817707;4.2990779855;0.1250810750;-14.9625203290;30.5000000000;-1.8750000000;29.2500000000
-4.7533378471;1.0395427762;-6.9242668019;6.7390876607;-7.2878147751;0.6368888973;30.5000000000;-1.0625000000;28.8750000000
-4.5067257829;1.5402616277;-6.9439122306;-0.5704511887;-21.1527373912;-12.4086583135;30.5625000000;-1.5000000000;27.6875000000
-5.0651489627;0.8622591640;-6.6909565545;-3.1451669959;-27.3186990210;-9.1499750124;30.5625000000;-1.5000000000;27.6875000000
-4.8474744189;1.5219612540;-6.7131025197;-9.2373473967;-28.5484787131;-7.3784089061;31.0000000000;-1.8750000000;27.5625000000
-5.0833232269;1.1510521615;-7.1019086317;5.9820395351;-22.0475793286;-0.3819030153;31.6875000000;-1.0625000000;26.0625000000
-5.5599453140;1.0742362923;-6.9231309453;-2.6414911520;-36.1706173831;-5.4479784797;32.0625000000;-1.5000000000;25.6875000000
-5.5489083216;1.4359554810;-7.1639615713;-11.4561310032;-38.8108205632;-1.2483647836;33.1875000000;-1.8750000000;25.0000000000
-5.7866204882;1.4927673002;-7.2962514959;0.9524342003;-36.3403879634;1.1344219579;33.1875000000;-1.8750000000;25.0000000000
-6.6924841521;0.9728773828;-6.9286757336;-3.8968738289;-46.8133413017;-23.9261416795;33.5625000000;-1.0625000000;24.0625000000
-6.3975554454;1.4823709696;-7.5032842167;-2.0922597539;-51.7553276116;2.3390063301;35.0000000000;-1.5000000000;22.0625000000
-6.5477493841;0.9937074030;-6.4945771519;-3.2835937048;-40.5696169017;-7.9078066652;36.5000000000;-2.2500000000;22.0625000000
-7.4104230998;1.1071167867;-6.5350252236;-8.8566401043;-51.1762119852;-9.7256272080;36.5000000000;-2.2500000000;22.0625000000
-7.3411938527;1.3397780422;-6.2303733989;0.4392775384;-46.5167915644;3.2421774458;36.5000000000;-1.5000000000;21.0000000000
-7.6837627819;1.3945080709;-5.9587468176;-13.8414517539;-46.1177991631;5.0017307031;37.8750000000;-1.8750000000;19.0625000000
-7.6895987870;1.5291668243;-5.8638139978;-2.1707781470;-67.0875153740;-1.8877461920;38.2500000000;-1.5000000000;17.0625000000
-8.2403649496;1.5968581281;-6.3510302234;-24.2055685331;-59.8217541986;-4.6714455986;39.7500000000;-1.0625000000;16.6875000000
-8.0368001433;1.3289330666;-6.3811198499;-19.2411410891;-47.8814909283;0.7492726116;39.7500000000;-1.0625000000;16.6875000000
-8.3037970468;1.6886857048;-5.9940491676;-27.0340882030;-45.2784222887;2.6016174007;40.8750000000;-1.5000000000;12.6875000000
-8.6945429491;1.2116367222;-5.9031126874;-6.8989417996;-48.1236974308;-10.4864854182;40.8750000000;-1.5000000000;11.8750000000
-8.6638294297;1.5442131391;-4.9854935885;-14.3800608208;-44.8275459823;-9.4488477107;42.3750000000;-1.8750000000;10.0000000000
-8.6793654792;1.9756115805;-5.6007428617;-6.7903901321;-39.8348402314;-29.1840007642;42.3750000000;-2.2500000000;8.5000000000
-8.8181059548;1.4378741316;-4.8570946006;-0.8077215915;-38.3404118925;3.2948586004;42.3750000000;-2.2500000000;8.5000000000
-8.8748627169;2.1371119904;-4.8020731245;-21.3258203223;-36.0886094263;-7.5809504086;42.7500000000;-2.2500000000;7.2500000000
-9.0478705606;1.1479207912;-4.5829732795;4.1476818336;-29.9774514637;7.2301407516;43.0625000000;-2.2500000000;5.6875000000
-9.0776062336;2.2909322399;-4.3807811051;-27.4499437842;-26.8941850697;2.9768265702;43.3750000000;-1.5000000000;4.0625000000
-8.9242430368;1.5967385375;-3.9907367453;-5.3408246361;-29.0683484379;-2.2917976611;43.0625000000;-1.8750000000;4.1875000000
-8.9848946273;1.9031321941;-4.0148011796;-17.5923058973;-25.5022947074;1.6234580122;43.0625000000;-1.8750000000;4.1875000000
-9.5083018616;1.5938341062;-3.7072885812;-10.3309230795;-25.7872291603;4.5929881364;43.0625000000;-1.5000000000;2.5625000000
-9.1050031754;1.5952931114;-3.6622938978;-8.4372626038;-18.2589711685;-11.6598753766;42.7500000000;-1.8750000000;0.5625000000
-9.3461738581;1.5113107298;-3.4189411970;-2.0503770819;-20.1610400593;1.8895590503;43.0625000000;-1.5000000000;-0.5625000000
-9.7052241138;1.4979905848;-3.0023870671;-5.3897991906;-18.9178827591;-15.0008647669;42.0000000000;-0.3750000000;-0.2500000000
-9.3267135514;1.4878602487;-2.9690744930;-11.4312378325;-13.0994239722;2.6055494877;42.0000000000;-0.3750000000;-0.2500000000
-9.5136020601;1.8143838830;-2.7067049284;-4.3932664008;-13.4703344616;-14.0328639310;42.7500000000;-0.7500000000;-2.5625000000
-9.4883035839;1.6917724389;-2.8212326400;-0.9396133897;-12.1938112407;-8.5576042458;42.0000000000;-0.8750000000;-1.5000000000
-9.1834827974;1.6811619495;-2.9804691001;-12.1963648042;-9.1119772254;-5.8505598925;41.2500000000;-0.7500000000;-3.0000000000
-9.5077788942;1.4794193371;-2.7304248382;-1.4321270879;-6.6015900987;-9.6591717135;41.0000000000;-0.7500000000;-3.7500000000
-9.2709372072;1.8693823598;-2.4088899132;-7.6969156374;0.6164653742;-20.7122939646;41.0000000000;-0.7500000000;-3.7500000000
-9.3911201740;1.5667186068;-2.5074766417;-9.7470431303;-2.3979045985;-3.4346913956;38.6875000000;-0.7500000000;-2.1875000000
-9.5557193825;1.8560274763;-2.0409551684;-18.7192939984;-1.8593360036;-11.0403634817;39.5000000000;-0.7500000000;-3.3750000000
-9.3862054356;1.5942021718;-2.2240689014;-11.3122611822;-10.4996789150;-1.6048825376;38.3750000000;-1.0625000000;-3.5000000000
-9.1368988763;1.7188358342;-2.1221442449;-7.0114967347;0.8598242497;-0.5043911657;37.6875000000;-0.3750000000;-1.8750000000
-9.4791143155;1.7615184014;-2.1120207106;-10.2276402895;1.9065531094;-13.4007504646;37.6875000000;-0.3750000000;-1.8750000000
-9.4165951626;1.4608621844;-2.1419676227;-1.5496226653;-0.6335952857;-7.7802550317;37.6875000000;-0.2500000000;-4.5625000000
-9.5226266274;1.6705828869;-2.1830999111;1.5571453616;2.1589695358;3.6012039920;37.6875000000;-1.0000000000;-2.6875000000
-9.6913311914;1.7004176634;-2.1296443823;3.1102074518;-1.3991935225;8.8978110084;36.5000000000;-1.0625000000;-3.0625000000
-9.3571206900;1.5281155889;-2.1195270180;6.5298816975;-4.5480115496;15.9268691199;36.1875000000;-1.0000000000;-3.5625000000
-9.2918417687;1.5051432338;-1.9956243892;6.2363560484;2.5069042188;-4.5091681182;36.1875000000;-1.0000000000;-3.5625000000
-9.6614815399;1.4257352750;-1.8821706731;4.6106484209;2.1205025879;-15.0167700180;36.1875000000;-1.0000000000;-2.8750000000
-9.5039935521;1.6409711518;-1.9023893467;3.2472764122;3.4639673469;19.7936282542;35.3750000000;-1.0000000000;-3.5625000000
-9.7452585824;1.3523025081;-1.8254572504;-10.5046828680;0.7458719688;-3.8778827070;36.5000000000;-0.5625000000;-2.3750000000
-9.3815627168;1.4529538455;-1.8729716137;-9.6486233053;-1.2271339184;-5.9074504053;35.7500000000;-0.8750000000;-2.7500000000
-9.4268619145;1.6504279859;-1.9378962727;-1.4444338982;0.5040425518;12.6521098916;35.7500000000;-0.8750000000;-2.7500000000
-9.5724758495;1.1818851326;-1.8954036116;-0.9203776389;-1.1272586129;7.9911315378;36.5000000000;-1.2500000000;-2.8750000000
-9.3431897365;1.4726991308;-2.0045880841;3.0563005433;-0.7648705708;-2.0253233753;36.1875000000;-0.8750000000;-2.7500000000
-9.2335433632;1.6806183824;-2.0216946818;1.6662668639;7.0559021229;1.5209113779;36.1875000000;-0.7500000000;-2.7500000000
-9.4191871752;1.3967494364;-1.9138388659;2.8588162681;8.2730228780;-17.0403429556;36.5000000000;-0.5000000000;-3.5000000000
-9.5350753257;1.5843722203;-1.8949604395;-1.6950650907;-4.1910858015;-7.9961097525;36.5000000000;-0.5000000000;-3.5000000000
-9.3847078768;1.6043097835;-1.9632462933;1.5745390420;5.0282999797;1.2506430518;36.1875000000;-0.0625000000;-2.3750000000
-9.4913432168;1.4594788256;-2.0390371429;-4.3502233118;-0.1234107318;3.0893475590;36.1875000000;-0.8750000000;-2.8750000000
-9.6339499184;1.6268662733;-2.2577034132;-3.2408748728;6.4163341434;0.6323310334;37.2500000000;-1.1875000000;-4.0000000000
-9.4710262481;1.5069868851;-2.5532369902;2.6035698067;4.3746177810;1.4750106108;36.8750000000;-0.7500000000;-2.7500000000
-9.4702843451;1.4463907615;-2.5833484627;-2.3463974779;9.5499923035;-10.6255373179;36.8750000000;-0.7500000000;-2.7500000000
-9.4579298552;1.5022246296;-2.9825569476;5.3755905599;11.9568374237;-14.7832568672;36.8750000000;-0.0625000000;-2.7500000000
-9.5720035336;1.6116855976;-3.1735276546;4.7578218457;12.2840688071;1.3998209286;37.2500000000;1.0000000000;-2.7500000000
-9.4080982493;1.7838174684;-3.4191302718;2.8040890817;24.6319793253;-8.8008373363;37.6875000000;-0.5000000000;-3.1875000000
-9.5511788001;1.5072380025;-3.3390224456;15.1224425370;17.0340477138;5.5473175166;37.6875000000;-0.5000000000;-3.1875000000
-9.3645698173;2.3403394517;-3.6918361470;9.9619390743;22.3576882679;-4.8165410247;39.5000000000;0.1875000000;-2.7500000000
-9.6312696364;1.8529933674;-4.2749517742;0.0631429232;31.0157360316;18.9014307245;40.1875000000;0.8750000000;-2.8750000000
-9.5864645432;1.8443987767;-4.2731064746;12.8003145456;34.7336621018;11.5121031033;41.6875000000;0.0625000000;-0.5000000000
-9.2174940129;1.9568750196;-4.3688037432;22.3878390371;31.2857873548;8.3403693271;41.6875000000;-0.1875000000;0.2500000000
-9.6866410536;2.0338800282;-4.5077744749;15.6438178797;47.7101392545;17.1042295024;41.6875000000;-0.1875000000;0.2500000000
-9.5793393859;1.7581658208;-4.8791342145;0.8275271773;45.7674529658;17.7035560706;43.1875000000;0.5000000000;2.6875000000
-9.0746574977;1.2127117396;-5.0954601543;17.3885916368;59.8257033288;21.0606515813;43.1875000000;-0.1875000000;4.1875000000
-9.1557765806;1.4420561117;-4.6477470265;9.3395896277;66.7545919528;7.8727815251;43.1875000000;-0.5625000000;3.8750000000
-9.0694976097;1.4460157314;-4.9200581365;11.3487681958;61.3196786387;9.3286467166;42.7500000000;-0.7500000000;7.2500000000
-8.6573915006;1.5172465852;-4.8464450508;17.2499652708;59.2358900241;-2.5987763683;42.7500000000;-0.7500000000;7.2500000000
-8.5317887607;1.2565964201;-5.1979329278;15.1336578460;56.2136177722;3.7442806200;42.0000000000;-1.1875000000;9.1875000000
-8.3521822546;1.0157063823;-5.6518085554;15.7631957064;48.5258293178;14.3605594369;42.3750000000;-1.1875000000;10.0000000000
-8.1191624392;1.4816002869;-5.5428679270;4.6933690864;55.2279630019;12.2787972111;41.2500000000;-1.8750000000;12.7500000000
-7.7313348681;0.7844089895;-5.7316478355;20.1831772765;53.4696100963;-11.4820970975;39.7500000000;-1.5000000000;14.1875000000
-7.1358036023;1.2660612074;-5.7226315756;10.2187025342;56.1999370494;1.3827985974;39.7500000000;-1.5000000000;14.1875000000
-6.8073540510;1.2201528342;-5.9391807037;6.0684457531;48.8001172036;-0.9948551882;39.0000000000;-0.6875000000;17.8750000000
-6.8286161147;1.1830215034;-6.1129649468;15.1391327314;49.0805439375;-13.9000182953;37.8750000000;-0.6875000000;17.7500000000
-6.1231925329;1.3061213241;-6.1217581625;-8.1940804010;40.7537609735;-9.6646146813;37.8750000000;-0.6875000000;19.6875000000
-6.2792431941;0.9464240346;-6.6071719311;-5.4829265287;34.2458801642;-0.4951691033;36.7500000000;-0.6875000000;21.2500000000
-6.0107347403;1.0933552951;-6.7836985177;-7.3680853365;32.8675694193;5.9129034658;36.7500000000;-0.6875000000;21.2500000000
-5.9848519912;1.3128988184;-7.0998360593;-10.5206350092;30.8871198467;7.1916069235;35.2500000000;-0.6875000000;21.6875000000
-5.3073427990;1.3115307306;-7.1827008831;6.8680787477;22.7030892009;-6.2710841171;34.5625000000;-1.0625000000;24.0625000000
-5.4791320507;1.9834707183;-7.1470180833;-17.4180835528;23.1320725140;-4.0285360409;34.5625000000;-1.8750000000;24.5000000000
-5.4065586366;1.0951829759;-7.3289949640;-2.6968649068;15.7922262748;4.9557148859;32.7500000000;-1.0625000000;24.5000000000
-5.4636805992;1.7477483557;-7.3012071671;-6.0912781350;12.1217185277;10.0735718589;32.7500000000;-1.0625000000;24.5000000000
-5.2083505321;1.4055662516;-7.5203930684;-4.9182571957;7.9727999844;10.5717824076;33.0625000000;-1.8750000000;25.0000000000
-5.2528602901;1.7979333756;-7.5468442778;-4.5068330008;15.1984876512;-0.2459786982;32.7500000000;-2.1875000000;25.0000000000
-4.9479999872;1.3737472562;-7.3817011462;9.1671632066;17.7376284130;-2.7420634128;32.0000000000;-2.5625000000;26.1875000000
-5.0174854425;1.8858445796;-7.2598539431;10.4174387243;5.1980542830;-6.1326341274;31.2500000000;-1.8750000000;25.7500000000
-4.8749343186;1.5881741446;-7.4439700798;5.9741048222;3.4679829263;-4.0931153348;31.2500000000;-1.8750000000;25.7500000000
-4.8190082165;1.9097204475;-7.7581379502;3.6481845583;0.1228266971;10.7025763752;30.8750000000;-2.1875000000;26.5625000000
-5.1216909514;1.4994945630;-8.1135194745;-5.9220161938;0.2490376699;3.1225438781;31.2500000000;-1.8750000000;27.0000000000
-4.9760069943;1.5071073046;-8.0995368255;8.1408665075;5.7771007903;-5.6809291726;31.2500000000;-1.8750000000;26.2500000000
-4.8745296331;1.6094763666;-8.1496942544;3.1771208710;-1.6178968870;6.9460024553;32.3750000000;-2.1875000000;26.1875000000
-4.8828492691;1.5233901277;-8.3259872129;4.9110410498;-3.3237196915;-6.2749830782;32.3750000000;-2.1875000000;26.1875000000
-5.0689920036;1.7002096767;-8.5402949926;3.2153665168;-2.1108809368;16.9940688291;32.3750000000;-1.5000000000;26.6875000000
-5.0892188867;1.5602234086;-8.2692875605;5.6178181926;7.6857591600;-15.5308263276;31.5625000000;-1.8750000000;27.0000000000
-5.0619309143;1.3154762912;-8.4821429871;-3.2103030288;-1.1320116459;-0.9864957095;31.5625000000;-2.1875000000;27.0000000000
-5.0119102806;1.7813312326;-8.3418430577;-5.6763265776;7.0389166942;-0.3761657220;32.0000000000;-1.8750000000;27.3750000000
-4.9838794901;1.5077706621;-8.2775651065;-3.1456374557;3.4302938685;13.3830053787;32.0000000000;-1.8750000000;27.3750000000
-4.8597982366;1.4459800408;-8.3489757688;7.6368991742;-0.7532015724;-10.1753546451;31.5625000000;-1.5000000000;26.1875000000
-4.9223680834;1.5328166340;-8.2970437623;-7.6124123464;-5.5690546393;19.1191765656;31.5625000000;-1.5000000000;26.5625000000
-4.9363106545;1.4121189605;-8.2807980158;8.5794605567;-0.7442533940;3.4034989881;31.2500000000;-1.8750000000;26.5625000000
-4.8751616267;1.4048101422;-7.9465687191;4.2411378532;-3.8667654431;-0.6178111411;32.0000000000;-1.5000000000;27.3750000000
-4.9235813785;1.4591878133;-8.4276880137;3.0564980160;0.7478724164;5.8506300007;32.0000000000;-1.5000000000;27.3750000000
-4.7179278949;1.2863888002;-8.2352269069;5.7352375388;2.8468229955;6.0430846562;31.2500000000;-1.8750000000;27.6875000000
-4.8174905037;1.4605337303;-8.3093279191;3.4058436029;2.1393984752;-3.8596301260;30.8750000000;-1.0625000000;27.5000000000
-4.8602720625;1.2742576181;-8.3343656350;0.1877535606;-5.5510535498;3.6367175658;31.5625000000;-2.1875000000;26.5000000000
-4.8915530465;1.3546224004;-8.1550185717;-5.6304262650;-1.2719509172;-4.5959375903;31.5625000000;-1.5000000000;27.3750000000
-5.1167909825;1.5283834020;-8.3935870637;6.8788832043;6.1148039800;-7.4385935615;31.5625000000;-1.5000000000;27.3750000000
-4.8790910575;1.4576187777;-8.4394444662;-2.9566196042;-1.8907354471;-5.1796694233;32.0000000000;-2.1875000000;27.0000000000
-5.0946208567;1.2950066014;-8.3983624604;10.3574945715;-2.1529864531;-12.2493585693;31.5625000000;-1.5000000000;25.7500000000
-4.9665111312;1.6431399142;-8.2100681640;-4.7911561296;5.1603918139;-1.7644219305;31.2500000000;-1.5000000000;26.6875000000
-4.8867071438;1.2790347634;-8.3325834703;6.0763551515;2.9849698489;5.0642327792;31.2500000000;-1.5000000000;26.6875000000
-5.1433975602;1.3474754508;-8.6381820229;3.2203507672;4.3026515012;-6.1527676901;32.0000000000;-1.0625000000;27.0000000000
-5.1948878599;1.3757939365;-8.4837812613;-0.3144476713;1.8565488135;5.1915717990;31.5625000000;-1.0625000000;27.2500000000
-4.7758978654;1.4282497749;-8.3443893230;8.3920424814;1.3767174965;8.2295526284;31.2500000000;-1.5000000000;27.3750000000
-5.0740623284;1.3746906316;-7.8711990265;-4.3587967215;3.3529833713;24.2859845535;31.5625000000;-1.5000000000;27.3750000000
-5.1703614044;0.9802031148;-8.2470662891;11.9948860356;-4.2168971933;-5.6769567473;31.5625000000;-1.5000000000;27.3750000000
-4.9784429722;0.9725224150;-8.5074728387;-0.4359165797;-1.8528165414;-4.1644510345;32.0000000000;-1.5000000000;26.1875000000
-5.0383901396;1.2191829316;-8.4713838376;0.0635976537;-0.1254230675;-6.3431382526;32.0000000000;-0.6875000000;25.3750000000
-4.8849786133;1.2075603618;-8.2642992753;4.2457777579;2.2678773748;-11.0581074686;31.5625000000;-0.6875000000;27.0000000000
-4.6966354151;1.5978022547;-8.9396965007;-6.7034054459;-7.9691239278;-8.3409339634;32.0000000000;-0.6875000000;26.1875000000
-4.7055012846;1.2746390157;-8.1691694391;0.5662063475;-3.0557384831;-7.2338782304;32.0000000000;-0.6875000000;26.1875000000
-4.6888725943;1.5710311035;-8.3007041064;1.6865344395;-1.1455396360;-1.2738644347;32.3750000000;-0.3750000000;26.1875000000
-4.8073501051;1.1033838543;-8.2301193678;1.4117934845;2.9493295901;-4.4608474416;32.0000000000;-0.3750000000;26.5625000000
-4.5931703453;0.9004571264;-8.3452367538;7.8599467066;0.1252303233;-6.4582788064;32.3750000000;-0.6875000000;27.3750000000
-4.8677444820;1.2858909397;-8.1796929733;1.1855198728;-0.1263343188;1.4731365489;31.2500000000;-1.0625000000;26.6875000000
-4.8233778775;1.0505559918;-8.4444551387;-0.9267247174;-2.1105618846;2.3781044231;31.2500000000;-1.0625000000;26.6875000000
-4.8864489807;1.2915323701;-8.4695623082;7.1602536096;0.1240197636;-8.3436728795;31.2500000000;-1.0625000000;27.0000000000
-4.8402363054;1.4590275515;-8.5426147317;-7.8662375906;8.6878954696;-6.5342882907;32.3750000000;-0.6875000000;26.1875000000
-5.2453231702;0.7939789895;-8.4643434519;0.9250858641;-0.4955783388;-8.0470821468;32.3750000000;-0.6875000000;27.0000000000
-5.0162245531;1.2156969952;-8.3638583300;2.9298729417;-0.7601604452;-5.3480172996;32.0000000000;-0.3750000000;27.7500000000
-4.9768070931;1.1071625064;-8.6474191507;0.1877206988;5.6861361748;-6.5865173583;32.0000000000;-0.3750000000;27.7500000000
-4.7576080931;1.4853508898;-8.2535462334;-1.1750880021;9.4853748705;-3.9371988251;31.5625000000;-1.0625000000;26.5625000000
-4.6733248349;1.3832340203;-8.4123198029;5.2736636636;8.4593899181;-5.5398388014;32.0000000000;-0.6875000000;27.5000000000
-4.9057886412;1.6857024487;-8.0732787940;-3.7438805788;4.7810723466;1.5081144923;32.0000000000;-1.0625000000;26.5625000000
-4.8559950496;1.3451893358;-8.2468803375;-2.1907423208;2.2261994031;0.4966783940;31.2500000000;-1.5000000000;26.5000000000
-4.8161041741;1.2068939314;-8.0162032149;-5.1153274345;0.3696183118;2.1212012843;31.2500000000;-1.5000000000;26.5000000000
-4.7531661976;1.1312441135;-8.4964927073;-3.8407903773;-3.3561130483;-5.1463472878;31.5625000000;-0.3750000000;27.7500000000
-4.6431378089;1.0896273013;-8.4658163285;1.3374582415;-2.7256520972;7.5355972162;31.5625000000;-1.0625000000;27.7500000000
-5.0957986193;0.9280160175;-7.9263785438;0.3119546539;-7.3998651763;4.4215762410;31.5625000000;-1.0625000000;27.3750000000
-4.5783542045;1.5061388265;-8.4034716628;-7.7644550099;-11.1245470413;-10.8045059150;31.5625000000;-1.5000000000;27.7500000000
-5.1841580427;1.2343645117;-8.1672697546;-7.7786696932;3.0902840791;3.3075322279;31.5625000000;-1.5000000000;27.7500000000
-5.1232969100;1.1149357868;-8.5022809236;9.0040724287;-14.2714808815;4.9688596878;31.5625000000;-0.6875000000;27.0000000000
-4.9580349897;1.2103160291;-8.6199585920;-0.3107363173;-8.6370669371;9.0231998761;32.0000000000;-1.0625000000;26.5625000000
-5.1201028106;1.1650889398;-8.4234270958;0.8228040649;-1.7675953610;4.5528244004;32.3750000000;0.0000000000;26.6875000000
-5.0714882159;1.1681968333;-8.6166751707;-4.7728946469;6.3741635147;-4.6099297687;32.0000000000;-1.0625000000;26.1875000000
-5.1974180409;1.3936151952;-8.2137417406;0.1869609077;-2.6493842597;4.9121172160;32.0000000000;-1.0625000000;26.1875000000
-5.1132288764;1.1878034707;-8.3839868447;-1.9182649483;-1.3807989665;2.3285471047;31.5625000000;-0.3750000000;26.1875000000
-4.9716977358;1.3758616800;-8.3458516756;5.1148666285;2.7555821876;-10.4371339461;32.0000000000;-0.6875000000;27.7500000000
-5.0080985981;1.3098834793;-8.1439903702;1.9523012527;0.6248569423;12.9087314055;31.5625000000;-0.6875000000;26.1875000000
-5.0427489742;1.3552758701;-8.3511714858;-2.0485160088;2.7637459401;5.7174423595;31.5625000000;-1.0625000000;26.1875000000
-5.0910420295;0.9685037174;-8.3797061644;14.9969684180;0.0000000000;-6.4711870481;31.5625000000;-1.0625000000;26.1875000000
-4.9563876889;1.2458809547;-8.3219074839;-1.4187499055;-4.4310080573;-7.6958172239;31.5625000000;-1.5000000000;26.5625000000
-4.9943913056;1.0604492180;-8.4477845498;14.4731910361;-0.8768292732;-2.7169514829;31.2500000000;-1.0625000000;25.3750000000
-5.0374805252;1.2389972884;-8.2931939330;-3.5618967317;9.4740317798;-2.5012426861;32.0000000000;-0.7500000000;26.8750000000
-4.9860696426;1.1216115838;-8.1833915179;-0.1891405048;-1.3945114868;-2.4568964205;31.5625000000;-1.0625000000;25.2500000000
-5.0484912059;1.4554137492;-8.3281762527;-7.1675284179;-5.2706976051;13.1079894237;31.5625000000;-1.0625000000;25.2500000000
-4.8405295061;1.3016876997;-8.5649937268;-3.7388173970;-6.9393182255;3.9351480721;31.2500000000;-1.0625000000;27.0000000000
-4.8844478433;1.3422623120;-8.2672152824;5.3742732558;10.1353575336;-4.6926263095;32.0000000000;-0.3750000000;27.0000000000
-4.9640336491;1.2756526267;-8.4088158925;-3.4988222307;5.5200366474;-20.3022087956;31.5625000000;-0.3750000000;26.5000000000
-5.0001993261;1.1316928389;-8.6281862624;-0.3068278193;3.1559997167;-9.6029152432;31.5625000000;-0.6875000000;27.0000000000
-4.7659777847;1.1204310126;-8.5502285587;-1.9310937496;-1.6363049876;4.8340713289;31.5625000000;-0.6875000000;27.0000000000
-5.0107379648;1.0356044111;-8.4178670692;9.9129150116;9.3020507186;5.8312377617;31.5625000000;-0.6875000000;27.7500000000
-4.9401376578;1.1276429259;-8.1850049732;-0.9459753145;-0.7395122325;4.8428544457;32.0000000000;-1.5000000000;25.6875000000
-5.1325249630;1.0439579907;-8.1252777551;1.3188311261;-3.2922664421;-5.6214563582;32.0000000000;-0.7500000000;26.5000000000
-4.8018369276;1.0471177740;-8.4773927493;-1.8012448550;2.6102929417;-1.5285776244;32.0000000000;-0.7500000000;26.5000000000
-4.9407408731;1.1920675610;-8.3425454843;2.2149866732;2.6465186287;-10.7687128887;31.5625000000;-0.6875000000;27.0000000000
-5.0490497498;1.1880403040;-8.4681947562;-0.9440396339;-0.6364621160;-3.4029551917;32.0000000000;-1.8750000000;25.2500000000
-4.8874471640;1.3985466614;-8.4253336348;-1.1696819724;-3.9915613107;17.5925256582;31.5625000000;-0.6875000000;25.7500000000
-4.9666489477;1.3265904383;-8.3199175883;-6.1210389544;2.0021038726;1.2571246782;31.5625000000;-0.6875000000;27.2500000000
-4.9794478419;1.3317863477;-8.4313833462;3.6909230266;-7.0769824157;6.3251695355;31.5625000000;-0.6875000000;27.2500000000
-4.9284992120;1.3574653635;-8.5122525699;-5.8496196017;5.6403800996;9.5153645446;30.8750000000;-0.3750000000;26.5625000000
-5.0020424602;1.1395475062;-8.2023504043;1.6733713547;-4.4860802851;3.8469889783;31.2500000000;-1.0625000000;26.5625000000
-4.7541209665;1.2425890790;-8.4490949939;10.0516970746;8.0844716638;8.8445859886;30.5000000000;-1.5000000000;27.0000000000
-5.0227983110;1.1568930367;-8.1210404133;-2.5274657392;-6.8815813191;-1.0068986299;32.0000000000;-0.6875000000;27.0625000000
-4.7470272830;1.0255906524;-7.9984711881;5.0136346010;1.5265978046;3.1567556748;32.0000000000;-0.6875000000;27.0625000000
-4.7432860218;1.2116032041;-7.6981014190;4.3845371526;-9.7199228871;10.8602158843;31.2500000000;-1.0625000000;27.0000000000
-5.1760438966;1.2167276455;-7.9271487853;5.4151202657;-0.1233541790;0.0000000000;32.0000000000;-1.0625000000;27.0000000000
-4.9456647409;1.3341872217;-7.9320127330;1.1893049019;-8.1636593203;-2.2603953853;32.0000000000;-0.3750000000;27.6875000000
-5.0651836055;0.9886872468;-8.1344395932;1.0747143781;-10.6387652704;0.3785388172;31.2500000000;-1.0625000000;26.1875000000
-5.1874105412;1.3165708066;-8.5999206921;-3.5011688762;-15.3435438822;-10.5723412983;31.2500000000;-1.0625000000;26.1875000000
-5.0886831853;1.1493875813;-8.7491832701;-3.7498554319;-3.0778748577;4.4214668810;31.5625000000;-0.6875000000;26.5625000000
-5.2294954880;1.0954647012;-8.9135950964;-1.1882223716;-4.8176184514;1.6520871543;32.0000000000;-0.6875000000;27.0000000000
-5.3448330643;0.6996177824;-8.6899120292;14.4982695210;-0.2532384528;-12.2623567467;31.2500000000;-1.0625000000;26.1875000000
-5.3425040405;0.8639525789;-8.0692423965;4.1851742580;-2.4587562433;-6.0291951085;32.3750000000;0.0000000000;25.0000000000
-5.3132610022;0.3644782674;-7.1086756274;6.1691327203;-3.0538343843;7.7176356979;32.3750000000;0.0000000000;25.0000000000
-5.1833218352;0.9372914778;-6.3923768862;4.6204844012;-12.9115787119;-6.1629842096;31.5625000000;-0.6875000000;26.5625000000
-5.3300559249;0.9886195543;-6.1533599704;-4.3148768807;-20.0961325241;-7.5746389114;32.7500000000;0.0000000000;25.7500000000
-5.7191182971;0.4737456628;-5.2166810500;2.1513769199;-26.5409720524;-8.7028056321;33.0625000000;0.2500000000;25.7500000000
-5.2870217072;1.3626643981;-6.1086664807;1.4452182938;-37.0002176562;-15.1471977987;32.7500000000;0.2500000000;25.3750000000
-5.4443160037;0.9151224241;-6.2427435964;2.2144565796;-36.9799548109;9.3824779880;32.7500000000;0.2500000000;25.3750000000
-6.2898255549;1.3176260644;-6.7873371827;-19.4395658123;-58.3434806250;3.1156233246;33.8750000000;1.0625000000;23.7500000000
-6.6590873261;0.2647501723;-6.1186182621;1.4273297976;-48.1394280082;3.8317371225;35.2500000000;1.5000000000;22.6875000000
-7.0557409595;1.2626451625;-5.7954108649;-5.7019788594;-56.8556887471;6.2639875234;36.0625000000;0.6875000000;20.6875000000
-7.2400381579;-0.0502932782;-5.6937125801;-5.7951577116;-62.0432605864;5.2024417436;37.5625000000;0.0000000000;19.5000000000
-8.1957020349;0.6990289304;-4.6680070597;-9.7178736052;-64.3052555502;-14.0682928600;37.5625000000;0.0000000000;19.5000000000
-7.7000914751;0.8504408663;-5.1140902726;-40.7061162172;-77.3863127961;-4.1837943125;37.8750000000;0.2500000000;17.7500000000
-8.6515445068;0.7114455841;-4.3894868908;-2.3104476330;-74.1887537575;-6.7568115766;39.3750000000;0.2500000000;15.5000000000
-8.9112847473;1.8398719881;-5.0908396832;-73.8179937305;-77.1942607116;-9.7551253714;40.8750000000;0.0000000000;14.0625000000
-9.1794932545;0.1100346064;-4.7188079317;-8.9271780424;-76.8164707897;-5.9777119311;41.5000000000;0.6875000000;10.8750000000
-9.8076672272;2.7396458692;-4.6348882428;-64.9271793013;-91.0384784400;-16.6246063844;41.5000000000;0.6875000000;10.8750000000
-9.9661459726;0.5993083701;-5.8225319381;-4.9521171141;-90.4561732505;-3.1547216410;42.2500000000;0.0000000000;8.5000000000
-10.2303695018;3.1006168330;-4.8657188175;-6.5475407615;-100.2446874595;-4.3128512797;42.2500000000;-0.3750000000;5.8750000000
-10.1222722794;1.8244092594;-6.1334234490;-58.2316307518;-68.2716796730;0.1266812851;41.8750000000;0.6875000000;3.0000000000
-9.6629202907;0.9164822587;-5.5857582285;-12.1287763556;-56.6687417596;-5.1840698359;42.5625000000;0.0000000000;-0.1875000000
-9.7497641565;1.8772148526;-5.1225676409;-32.2831522615;-30.1095594735;-1.3942706643;42.5625000000;0.0000000000;-0.1875000000
-10.3839398026;1.8819928096;-4.0066624439;-17.3576908119;-20.6657494998;-5.5539363267;40.2500000000;-0.2500000000;-2.5625000000
-9.8516135943;1.2744746446;-2.8215989142;-12.2630267338;-12.2015339636;-14.0192056420;37.6875000000;-0.2500000000;-2.0625000000
-9.8316760700;1.4438261637;-2.8846240361;16.6915907179;-13.7551719573;-2.5913645535;34.5625000000;-0.8750000000;-2.7500000000
-9.4188144044;1.8568336978;-2.6406538391;0.0627967965;-9.9365285130;-0.7417172066;33.5625000000;-1.2500000000;-1.7500000000
-9.3236265276;1.3714819394;-3.1192024576;11.2862639999;3.2631411725;-19.1644944647;33.5625000000;-1.2500000000;-1.7500000000
-10.1356468078;1.7207257065;-3.0722322560;5.2479600050;10.0905751521;3.7932018965;32.7500000000;-3.0000000000;-1.1875000000
-9.9141090349;1.4725583311;-2.7399834650;23.8500344562;12.6455049586;-3.7316821687;32.5000000000;-4.0000000000;1.0625000000
-9.8253462918;1.3560990566;-2.2618651744;19.4664566896;13.4783250135;-0.3729456641;31.1875000000;-2.5000000000;1.2500000000
-9.2899173425;0.9463222868;-1.9504054190;15.4563915163;20.1311434278;-3.4937139323;33.3750000000;-2.0000000000;0.5000000000
-9.6005896138;0.6489841764;-1.4266489910;36.9628304812;16.3615281157;0.1227041381;33.3750000000;-2.0000000000;0.5000000000
-9.3776830381;1.6620382024;-1.2423885053;-7.8763010627;15.2810177327;-15.8202769887;34.0625000000;-1.2500000000;-2.2500000000
-9.7370297404;0.5669768253;-1.9488686919;5.5578397214;28.3703947455;-5.3696392045;34.7500000000;-0.1875000000;-0.3750000000
-9.4834288250;1.5146583837;-1.5905246834;12.6197370519;19.0225803858;-2.1600265819;35.8750000000;0.1875000000;-0.2500000000
-9.2520127064;1.2938373245;-1.9722191729;-11.9195154734;-0.7582829375;5.9370054440;35.8750000000;0.1875000000;-0.2500000000
-9.1346635853;0.9323607307;-2.7340882316;9.3916650015;10.5280246120;-2.5266059204;35.8750000000;1.2500000000;-0.5625000000
-9.4320085329;0.9696375231;-2.6146318221;11.2129555561;1.3831404103;18.2751507898;35.8750000000;0.5625000000;-1.0625000000
-9.4789491564;1.2093968895;-2.5259475285;-20.0089269521;12.5507057481;2.9058871241;36.2500000000;0.5625000000;-0.2500000000
-9.0936684088;0.7019865226;-2.9739173822;-9.0310972843;8.2806828368;-9.5110088695;36.6875000000;0.1875000000;0.8750000000
-9.1234609603;0.9367287446;-2.8045326460;5.5359109553;13.4007984950;-8.2534677007;36.6875000000;0.1875000000;0.8750000000
-9.2784750566;1.1744500129;-2.8273545944;1.2877562349;8.8265407076;-7.8523751268;36.2500000000;0.5625000000;1.2500000000
-9.0180876708;0.9808427514;-2.9710247933;0.6929411125;0.8721070767;2.7668724560;36.2500000000;0.5625000000;0.8750000000
-8.9396155343;0.6193217129;-3.0958501108;16.8093527390;-1.0057336182;1.4017983497;37.3750000000;0.1875000000;1.1875000000
-9.0749589427;0.4583573382;-2.8419204953;17.8836280609;7.8456989624;-13.4307863506;36.2500000000;0.5625000000;0.0000000000
-8.8746819966;0.2649584890;-2.8742621695;20.3960423523;1.6414564299;-8.0622369631;36.2500000000;0.5625000000;0.0000000000
-9.1458987625;0.2224990979;-3.0474969093;10.1117559467;0.7506584445;-13.3754727961;37.3750000000;0.5625000000;0.8750000000
-9.0669328441;0.1013768223;-3.0415520972;18.4385501535;-3.9929275233;-5.4300461113;36.6875000000;0.8750000000;0.7500000000
-9.1716095894;0.3253828871;-2.8914172284;21.5744141204;-3.4323348746;-18.6057578888;37.0625000000;0.8750000000;0.3750000000
-9.4126700780;0.2370199374;-2.8860640457;12.6797950900;-5.4442182539;-24.2372378811;37.0625000000;1.6875000000;1.1875000000
-9.6192137325;0.2936790939;-2.7887969221;27.1587809071;1.3790116058;-23.1082698905;37.0625000000;1.6875000000;1.1875000000
-9.3722765631;0.0000000000;-2.7842572891;19.7623409063;-5.2676220134;-9.4057737748;37.3750000000;2.7500000000;1.5625000000
-9.1483585078;0.2136000994;-2.7026202122;20.6291183985;-10.8626143921;10.2946179793;35.8750000000;2.3750000000;1.1875000000
-9.1782283452;0.2713839335;-2.5128473704;16.9246021997;-16.3464782613;-11.9662642354;37.0625000000;3.1875000000;1.0625000000
-9.2837259133;-0.0596284033;-2.5648397438;15.3553635186;-16.7561115510;-17.5904488746;36.6875000000;3.0625000000;0.2500000000
-9.5845826908;-0.2362240077;-2.5659060246;29.1420669684;-9.2072072821;11.1937404819;36.6875000000;3.0625000000;0.2500000000
-9.5186512855;-0.0200386391;-2.4079148431;27.6154545799;-17.2842697584;4.1770131275;35.8750000000;2.6875000000;0.7500000000
-9.5997615586;-0.0202258610;-2.3410719271;12.1382453454;-17.9679647643;1.3744488167;35.5625000000;3.5000000000;1.0625000000
-9.5796223922;-0.2436863960;-2.4239996029;19.3225355361;-13.4240087842;1.9600589310;35.5000000000;3.5000000000;0.7500000000
-9.7343432395;-0.2295332856;-2.3651643685;10.1505770262;-12.0955253909;1.7572238907;34.6875000000;2.5625000000;1.0625000000
-9.4899054384;-0.4830736183;-2.2212280537;0.8110015148;-9.7017450711;0.8746361795;34.6875000000;2.5625000000;1.0625000000
-9.3925457935;-0.5764456664;-2.1296647769;-3.9107796439;-12.1042481209;8.2142416455;34.6875000000;2.8750000000;1.0625000000
-9.6266455789;-0.3146675816;-1.8836915442;2.0517291994;2.2846361174;3.8794169101;34.0000000000;2.7500000000;0.7500000000
-10.3065837491;-0.0709151240;-1.4748038803;-3.5142821789;-8.3557670656;14.0826876656;34.6875000000;3.1875000000;-0.5000000000
-10.0782968892;-0.6897264675;-1.6672253374;1.4329991882;-5.4946064977;2.4652238783;35.3750000000;3.1875000000;-1.6875000000
-9.4354686526;-0.7537474630;-1.8160062487;3.2972139454;1.1086411326;-3.2804213389;35.3750000000;3.1875000000;-1.6875000000
-9.0149904472;-0.6917465088;-1.7229489809;10.2866209561;3.6945886831;-20.0517702680;34.6875000000;3.7500000000;-1.2500000000
-9.0779107363;-0.6254168788;-1.6149487478;11.5899379426;1.1038940888;-11.9850139043;35.5000000000;3.1875000000;-1.6875000000
-9.5858044998;-0.5539694186;-1.6718494099;13.4438844909;3.9284956461;8.3848292041;34.6875000000;3.5000000000;-2.5000000000
-10.1887768834;-0.3578239708;-1.3231336882;20.9226122871;14.6367557318;-10.9793240532;35.7500000000;3.5000000000;-3.0000000000
-10.2243260114;-0.6094485618;-1.2332566622;10.5362227654;-6.6865064734;-1.6371009274;35.7500000000;3.5000000000;-3.0000000000
-9.1942513585;-0.7573268918;-1.8826436757;13.9974041481;2.0339407172;-6.1609448296;35.5000000000;3.7500000000;-2.0000000000
-9.0582551824;-0.6167418988;-1.8142809375;15.7334877522;-1.6481207447;3.1444266315;36.1875000000;3.2500000000;-3.0625000000
-9.5308492355;-0.8706963527;-1.9496619094;-2.0382239212;-8.7021066238;11.0397258997;35.7500000000;3.2500000000;-1.1875000000
-9.6317422886;-0.7273108937;-2.0988051771;1.0664876587;-3.4368893296;1.4918344559;34.6875000000;2.8750000000;-2.8750000000
-10.1824347056;-0.6725082514;-1.9389257345;3.4567356220;3.3301494399;-1.0072693397;34.6875000000;2.8750000000;-2.8750000000
-9.8371408240;-0.7708308112;-1.9707262973;-5.1958378703;1.6285124772;0.3748649436;33.6875000000;2.8750000000;-2.3750000000
-9.8306211814;-0.8720946655;-2.1095630463;-0.6783063829;-3.5171732811;-1.1410148119;33.6875000000;3.2500000000;-1.5625000000
-9.5963506083;-0.7496157836;-1.9884766918;5.2713881522;-3.4910921976;-2.4901193609;32.8750000000;2.8750000000;-3.0625000000
-9.5084383609;-1.0575846923;-2.0345571456;-2.7731279533;-0.6138091496;2.8822175727;32.8750000000;3.2500000000;-2.0000000000
-9.6471965484;-0.7511958490;-2.0338574121;2.5639148386;4.1311053909;13.2827972695;32.8750000000;3.2500000000;-2.0000000000
-9.4525483670;-0.7292141268;-2.0073904082;-11.3380070438;12.2042525976;-16.5922922637;33.6875000000;2.8750000000;-3.0000000000
