acc_x;acc_y;acc_z;gyr_x;gyr_y;gyr_z;mag_x;mag_y;mag_z
-9.8532000000;-0.9588000000;-0.9792000000;0.4462500000;2.0400000000;-2.6137500000;52.5000000000;-10.0000000000;-3.3750000000
-9.8430000000;-1.2036000000;-0.9384000000;-6.3112500000;-1.7212500000;1.6575000000;53.1875000000;-9.1875000000;-4.5625000000
-9.5778000000;-1.4280000000;-1.2648000000;-2.8687500000;-4.4625000000;0.5737500000;53.1875000000;-9.1875000000;-2.1875000000
-9.8328000000;-1.1220000000;-1.1628000000;1.0200000000;-0.1275000000;-0.1912500000;53.1875000000;-9.1875000000;-2.1875000000
-9.9756000000;-1.6014000000;-1.0710000000;-12.5587500000;0.6375000000;1.7850000000;53.1875000000;-8.0625000000;-3.7500000000
-9.7512000000;-1.5708000000;-1.2138000000;-2.2950000000;2.0400000000;-0.8287500000;53.1875000000;-7.7500000000;-4.1875000000
-9.7716000000;-0.9588000000;-1.0200000000;12.5587500000;3.8250000000;-1.9762500000;52.7500000000;-9.1875000000;-3.0000000000
-9.8328000000;-1.5912000000;-1.1424000000;3.1875000000;3.3150000000;4.8450000000;52.5000000000;-9.5625000000;-3.3750000000
-9.8124000000;-1.9584000000;-1.2444000000;-1.2750000000;4.3350000000;-0.4462500000;52.5000000000;-9.5625000000;-3.3750000000
-9.8634000000;-1.1424000000;-1.6116000000;5.1000000000;8.5425000000;-5.9925000000;52.5000000000;-7.7500000000;-2.1875000000
-9.7920000000;-1.3974000000;-1.6830000000;5.2912500000;9.0525000000;-1.1475000000;53.1875000000;-7.3750000000;-3.3750000000
-10.0266000000;-1.3158000000;-1.3056000000;10.5187500000;10.7100000000;1.3387500000;52.7500000000;-8.8750000000;-3.0000000000
-9.7410000000;-1.2342000000;-1.6524000000;6.4387500000;7.2675000000;0.2550000000;52.5000000000;-8.0625000000;-2.1875000000
-9.7920000000;-1.3464000000;-1.2750000000;2.1675000000;11.9212500000;2.3587500000;52.5000000000;-8.0625000000;-2.1875000000
-9.8124000000;-1.6116000000;-1.2954000000;5.5462500000;10.4550000000;1.5300000000;52.7500000000;-9.5625000000;-1.7500000000
-9.8430000000;-0.8874000000;-1.5198000000;13.8975000000;10.7737500000;-0.3187500000;52.7500000000;-8.0625000000;-1.0000000000
-9.6390000000;-1.0914000000;-2.6112000000;-2.0400000000;7.2675000000;2.0400000000;53.5000000000;-8.0625000000;-0.2500000000
-9.7716000000;-0.5406000000;-6.4362000000;34.5525000000;15.0450000000;0.6375000000;52.7500000000;-8.0625000000;-0.2500000000
-10.6998000000;-0.6630000000;-5.9772000000;45.5175000000;64.5787500000;13.4512500000;52.7500000000;-8.0625000000;-0.2500000000
-10.4652000000;-0.8568000000;-5.6406000000;10.0087500000;70.9537500000;19.4437500000;53.1875000000;-8.8750000000;0.1875000000
-11.1384000000;-1.9380000000;-6.7830000000;-6.3750000000;65.6625000000;27.3487500000;52.5000000000;-8.8750000000;2.8750000000
-11.1894000000;-2.4174000000;-6.2832000000;14.9812500000;72.2925000000;24.1612500000;52.0625000000;-10.6875000000;6.8750000000
-11.3118000000;-2.0604000000;-6.5178000000;17.1487500000;78.9225000000;12.4950000000;52.7500000000;-11.8750000000;10.0625000000
-11.4342000000;-2.1624000000;-6.9054000000;22.0575000000;99.0037500000;2.2950000000;52.7500000000;-11.8750000000;10.0625000000
-11.4342000000;-2.4072000000;-5.9466000000;20.0175000000;114.3675000000;-8.2237500000;51.2500000000;-13.6875000000;12.2500000000
-11.3424000000;-1.7238000000;-6.4974000000;19.0612500000;111.3712500000;-15.2362500000;50.5625000000;-12.3750000000;17.0000000000
-10.6386000000;-2.3562000000;-6.0486000000;26.0100000000;117.3000000000;-13.8975000000;48.3750000000;-11.7500000000;20.0625000000
-10.4958000000;-0.9792000000;-6.6708000000;18.2325000000;115.8337500000;-26.8387500000;48.3750000000;-11.7500000000;20.0625000000
-9.6696000000;-1.9584000000;-6.1608000000;14.0250000000;118.8937500000;-16.6387500000;47.0625000000;-13.1875000000;25.1875000000
-8.7924000000;-0.9588000000;-5.9976000000;21.2287500000;116.3437500000;-24.9900000000;44.6875000000;-10.5625000000;29.0625000000
-7.8846000000;-0.4896000000;-5.4570000000;23.7150000000;111.5625000000;-11.3475000000;41.6875000000;-11.0000000000;31.2500000000
-7.0890000000;-1.6218000000;-6.1098000000;11.1562500000;96.2625000000;-4.7812500000;37.6875000000;-10.2500000000;34.8750000000
-5.9874000000;-1.4076000000;-6.3240000000;33.4050000000;97.1550000000;7.1400000000;37.6875000000;-10.2500000000;34.8750000000
-5.3142000000;-2.0604000000;-6.3852000000;-21.9937500000;90.9712500000;4.0162500000;34.7500000000;-8.6875000000;36.5000000000
-4.2534000000;-2.2134000000;-6.1506000000;13.5150000000;83.3212500000;3.1875000000;31.1875000000;-7.8750000000;39.1875000000
-4.3350000000;-2.0298000000;-6.1098000000;-3.7612500000;80.3887500000;-12.1762500000;27.8750000000;-9.0000000000;41.5625000000
-2.9784000000;-3.7128000000;-9.2106000000;3.1875000000;70.7625000000;-19.1887500000;24.8750000000;-7.8750000000;43.1875000000
-3.1314000000;-2.4378000000;-7.3644000000;49.3425000000;79.4325000000;-20.6550000000;24.8750000000;-7.8750000000;43.1875000000
-2.3562000000;-2.5092000000;-7.7724000000;20.3362500000;59.6700000000;-14.7900000000;22.0625000000;-8.6875000000;44.0000000000
-1.4484000000;-3.5598000000;-9.3126000000;36.2100000000;45.7725000000;-16.3837500000;18.6875000000;-5.6875000000;45.1875000000
-1.2138000000;-2.0196000000;-7.6296000000;58.0762500000;83.2575000000;-23.9062500000;16.6875000000;-4.5000000000;45.1875000000
-0.8568000000;-1.2138000000;-6.1812000000;38.3137500000;83.8312500000;-4.8450000000;14.6875000000;-2.2500000000;45.1875000000
-0.9384000000;-1.5504000000;-5.0388000000;9.4350000000;23.5237500000;11.4112500000;14.6875000000;-2.2500000000;45.1875000000
-0.0918000000;-1.4586000000;-5.6712000000;-36.4650000000;-18.1050000000;23.2687500000;10.8750000000;-0.3750000000;45.5625000000
1.2342000000;-3.5904000000;-8.2314000000;-29.3887500000;-22.8862500000;25.3087500000;9.5625000000;-0.2500000000;46.5000000000
0.4692000000;-1.9482000000;-9.5574000000;-27.7950000000;17.9775000000;-5.3550000000;10.1875000000;-1.0625000000;46.7500000000
-0.2040000000;-1.5504000000;-7.5378000000;-44.7525000000;10.7737500000;21.9937500000;11.0000000000;-3.0000000000;46.5000000000
-0.1938000000;-2.4888000000;-8.8128000000;-32.7675000000;-2.1675000000;8.8612500000;11.0000000000;-3.0000000000;46.5000000000
-0.5100000000;-2.5806000000;-9.5064000000;-40.2900000000;-9.0525000000;0.0000000000;9.0625000000;-5.0625000000;45.6875000000
-0.6222000000;-1.9686000000;-9.2106000000;-14.9175000000;-11.4112500000;-3.3787500000;9.7500000000;-5.8750000000;45.6875000000
-1.2648000000;-1.7646000000;-10.5060000000;-37.3575000000;-22.9500000000;8.0962500000;9.3750000000;-7.6875000000;46.5000000000
-0.6018000000;-3.2130000000;-11.3424000000;-56.4825000000;-9.7537500000;5.6100000000;10.8750000000;-7.3750000000;46.0625000000
-0.8670000000;-1.8258000000;-10.0368000000;5.6100000000;7.5862500000;-3.5700000000;10.8750000000;-7.3750000000;46.0625000000
-1.1526000000;-1.7544000000;-9.5268000000;12.2400000000;-1.8487500000;-0.3187500000;10.5000000000;-10.0000000000;45.6875000000
-0.5406000000;-2.0502000000;-10.1082000000;25.1175000000;-3.4425000000;-6.8850000000;10.8750000000;-10.6875000000;44.8750000000
-0.9690000000;-1.3362000000;-9.9552000000;-6.4387500000;-3.5700000000;-5.0362500000;10.5000000000;-10.2500000000;44.5000000000
-0.7446000000;-1.8768000000;-9.7104000000;-19.0612500000;-1.8487500000;0.1912500000;11.1875000000;-8.7500000000;44.8750000000
-0.7038000000;-1.8054000000;-9.5370000000;6.0562500000;-3.3787500000;-5.2912500000;11.1875000000;-8.7500000000;44.8750000000
-0.8466000000;-1.4688000000;-9.9348000000;-6.6937500000;-1.0837500000;-3.9525000000;10.5000000000;-9.5625000000;46.0625000000
-0.6018000000;-1.7442000000;-9.8328000000;-7.8412500000;2.1037500000;-1.4025000000;11.1875000000;-9.5625000000;46.5000000000
-0.9486000000;-1.8360000000;-9.1698000000;-1.1475000000;3.4425000000;-4.4625000000;11.1875000000;-10.0000000000;44.8750000000
-1.0200000000;-0.7140000000;-9.7308000000;-22.2487500000;-1.9762500000;1.8487500000;11.5625000000;-10.0000000000;44.5000000000
-0.4794000000;-2.3664000000;-9.7308000000;-46.7925000000;2.1675000000;4.5262500000;11.5625000000;-10.0000000000;44.5000000000
-0.9180000000;-0.9078000000;-8.6598000000;-4.3350000000;4.2075000000;-6.7575000000;10.5000000000;-11.0625000000;45.2500000000
-0.7446000000;-1.1220000000;-9.8532000000;-41.8200000000;-11.9850000000;-1.8487500000;11.5625000000;-12.0625000000;44.5000000000
-0.6936000000;-0.7752000000;-9.8532000000;-24.5437500000;-2.6137500000;-4.5900000000;11.1875000000;-13.2500000000;45.2500000000
-1.0608000000;-0.1326000000;-9.5166000000;-33.9787500000;-9.5625000000;-0.7650000000;12.0000000000;-14.7500000000;45.2500000000
-0.8568000000;-0.7956000000;-10.0776000000;-62.6025000000;-14.9812500000;2.9962500000;12.0000000000;-14.7500000000;45.2500000000
-1.1832000000;-0.4182000000;-9.5064000000;-35.5725000000;-11.1562500000;-5.5462500000;12.0000000000;-15.5000000000;44.5000000000
-0.8670000000;0.4488000000;-10.1592000000;-14.5987500000;-20.4000000000;-7.9050000000;12.6875000000;-17.6875000000;42.8750000000
-1.4688000000;0.8976000000;-10.2306000000;-48.3225000000;-15.1725000000;-3.3787500000;13.0000000000;-18.5000000000;41.6875000000
-1.0200000000;-0.2244000000;-9.8430000000;-21.8025000000;-5.0362500000;-0.1912500000;13.7500000000;-19.8750000000;42.5000000000
-1.3566000000;0.4284000000;-9.7716000000;-5.1000000000;-2.6137500000;-6.4387500000;13.7500000000;-19.8750000000;42.5000000000
-1.1526000000;0.5712000000;-9.6390000000;21.4837500000;-0.8925000000;-8.3512500000;14.5000000000;-21.0000000000;41.0000000000
-1.6932000000;1.0914000000;-9.5268000000;18.2325000000;-4.7175000000;-1.5300000000;14.5000000000;-20.5625000000;40.2500000000
-1.1832000000;0.3774000000;-10.1898000000;2.8050000000;-4.7175000000;1.7850000000;14.5000000000;-20.5625000000;40.6875000000
-1.4382000000;0.6120000000;-9.4656000000;8.7975000000;4.5262500000;-0.1912500000;14.8750000000;-19.8750000000;43.0000000000
-1.3566000000;0.2958000000;-9.4554000000;1.0837500000;-6.4387500000;-1.9762500000;14.8750000000;-19.8750000000;43.0000000000
-1.2444000000;0.4080000000;-9.7818000000;11.6662500000;-4.5900000000;-3.0600000000;14.1875000000;-19.8750000000;41.0000000000
-1.7952000000;0.7548000000;-9.7002000000;-21.1012500000;-5.2275000000;5.2275000000;14.8750000000;-19.5625000000;42.1875000000
-1.2138000000;-0.1326000000;-10.5366000000;-22.5037500000;2.1675000000;4.1437500000;14.5000000000;-19.5625000000;41.5000000000
-1.5912000000;0.4998000000;-9.1698000000;8.5425000000;10.4550000000;1.2750000000;14.5000000000;-19.5625000000;41.5000000000
-1.3464000000;0.3774000000;-9.6084000000;2.5500000000;-4.4625000000;-0.1275000000;14.8750000000;-20.5625000000;41.5000000000
-1.5708000000;0.3264000000;-9.7614000000;10.8375000000;-2.8050000000;3.8887500000;14.5000000000;-19.8750000000;41.8750000000
-1.2036000000;-0.0816000000;-9.9756000000;7.7137500000;-1.6575000000;1.2750000000;13.7500000000;-20.2500000000;42.5625000000
-1.4178000000;0.9996000000;-9.4860000000;15.1725000000;2.8687500000;-3.3150000000;14.5000000000;-19.1875000000;41.8750000000
-1.4178000000;0.0408000000;-9.9654000000;-12.7500000000;-3.8887500000;4.6537500000;14.5000000000;-19.1875000000;41.8750000000
-1.3872000000;-0.0918000000;-9.5982000000;3.5062500000;-0.8925000000;-1.5300000000;14.1875000000;-19.1875000000;41.0625000000
-1.6014000000;0.6426000000;-9.4962000000;8.6700000000;-2.0400000000;-3.3150000000;14.8750000000;-19.8750000000;41.7500000000
-1.3974000000;0.0816000000;-9.9858000000;0.9562500000;-6.0562500000;0.5100000000;14.1875000000;-19.5625000000;41.7500000000
-1.6116000000;0.2142000000;-9.9042000000;5.4825000000;1.8487500000;0.8925000000;14.5000000000;-18.7500000000;43.0000000000
-1.3464000000;-0.1122000000;-9.7818000000;-2.1037500000;3.9525000000;0.3187500000;14.5000000000;-18.7500000000;43.0000000000
-1.6320000000;0.2856000000;-9.3228000000;2.7412500000;0.3825000000;-1.7212500000;15.2500000000;-18.7500000000;42.5625000000
-1.5096000000;0.0306000000;-10.0266000000;-2.3587500000;-5.9287500000;0.9562500000;14.8750000000;-18.5000000000;43.0625000000
-1.4178000000;0.0612000000;-9.6696000000;-1.1475000000;1.2112500000;-0.1912500000;14.8750000000;-18.7500000000;43.0000000000
-1.5606000000;0.2448000000;-9.6492000000;1.0200000000;-1.8487500000;-0.8287500000;14.5000000000;-19.1875000000;41.8750000000
-1.4892000000;-0.0714000000;-9.9450000000;-3.3150000000;-3.7612500000;-0.5737500000;14.5000000000;-19.1875000000;41.8750000000
-1.6218000000;0.2244000000;-9.5676000000;3.1875000000;1.4025000000;-3.8250000000;14.8750000000;-18.7500000000;42.1875000000
-1.4484000000;0.1224000000;-10.1694000000;-5.2275000000;-3.5700000000;-0.5737500000;14.8750000000;-18.7500000000;42.5625000000
-1.5708000000;0.0918000000;-9.5676000000;4.3350000000;3.1237500000;-1.5937500000;15.2500000000;-18.7500000000;41.0625000000
-1.6320000000;0.2040000000;-9.6186000000;2.1037500000;-0.4462500000;-1.9762500000;14.5000000000;-19.1875000000;41.7500000000
-1.5300000000;0.3366000000;-9.8124000000;-2.2312500000;-0.1275000000;0.0637500000;14.5000000000;-19.1875000000;41.7500000000
-1.5198000000;0.0306000000;-9.6696000000;-1.5300000000;0.2550000000;0.1912500000;15.2500000000;-19.1875000000;42.2500000000
-1.5402000000;0.1836000000;-9.4554000000;-2.4225000000;0.1912500000;-1.1475000000;14.8750000000;-18.5000000000;41.5000000000
-1.5810000000;0.2856000000;-9.5166000000;0.3825000000;-4.6537500000;-1.5300000000;15.6875000000;-18.7500000000;42.5625000000
-1.6728000000;0.2142000000;-10.1388000000;-7.3312500000;-4.1437500000;1.4662500000;15.6875000000;-19.1875000000;41.7500000000
-1.5402000000;0.0000000000;-9.7512000000;-4.9725000000;3.8250000000;0.6375000000;15.6875000000;-19.1875000000;41.7500000000
-1.6932000000;0.1530000000;-9.4962000000;0.1912500000;1.4025000000;-1.5300000000;15.2500000000;-18.5000000000;43.3750000000
-1.5606000000;0.4386000000;-9.8226000000;5.6100000000;-2.2312500000;-1.2750000000;14.8750000000;-19.5625000000;41.8750000000
-1.6014000000;0.0918000000;-9.8124000000;-3.3150000000;0.6375000000;0.9562500000;15.2500000000;-19.5625000000;41.5000000000
-1.5912000000;0.1836000000;-9.2922000000;-0.3187500000;2.4225000000;-1.0200000000;15.6875000000;-19.8750000000;43.5000000000
-1.4790000000;0.1734000000;-9.4044000000;-0.0637500000;-3.0600000000;-1.4025000000;15.6875000000;-19.8750000000;43.5000000000
-1.6014000000;0.4080000000;-9.7002000000;0.7650000000;-4.9087500000;-0.4462500000;15.6875000000;-20.2500000000;42.5625000000
-1.6524000000;0.1632000000;-9.8022000000;-4.1437500000;-2.6775000000;-0.4462500000;15.2500000000;-19.5625000000;41.7500000000
-1.7340000000;0.4896000000;-9.9756000000;-3.6337500000;-1.2112500000;1.5300000000;15.2500000000;-19.1875000000;41.7500000000
-1.6320000000;0.1632000000;-9.8226000000;-11.4112500000;2.5500000000;2.6137500000;16.0000000000;-19.5625000000;41.5000000000
-1.7850000000;0.5406000000;-9.3840000000;0.2550000000;1.3387500000;-1.0837500000;16.0000000000;-19.5625000000;41.5000000000
-1.5606000000;0.1530000000;-10.1898000000;-9.8175000000;-4.9087500000;2.8687500000;15.6875000000;-20.2500000000;41.0625000000
-1.7850000000;0.0918000000;-9.7206000000;2.2312500000;1.8487500000;-2.0400000000;16.3750000000;-20.2500000000;41.5000000000
-1.7340000000;0.6222000000;-9.5166000000;4.1437500000;0.5737500000;-3.3150000000;15.2500000000;-20.5625000000;41.7500000000
-1.4382000000;0.3366000000;-9.5574000000;3.3787500000;-0.0637500000;-1.2750000000;16.0000000000;-19.5625000000;41.7500000000
-1.7952000000;0.4080000000;-9.5778000000;0.0000000000;-2.4225000000;-0.4462500000;16.0000000000;-19.5625000000;41.7500000000
-1.5708000000;0.3774000000;-9.5676000000;0.3187500000;-0.8287500000;-2.2312500000;16.3750000000;-19.5625000000;40.2500000000
-1.6422000000;0.4488000000;-9.7104000000;3.9525000000;-5.5462500000;-1.2750000000;15.6875000000;-19.5625000000;41.5000000000
-1.7544000000;0.4284000000;-10.0368000000;-1.4662500000;-4.0162500000;-0.6375000000;16.0000000000;-20.2500000000;41.7500000000
-1.8258000000;0.3672000000;-9.6594000000;-0.4462500000;1.7212500000;0.2550000000;16.3750000000;-19.5625000000;41.5000000000
-1.7952000000;0.3468000000;-9.9144000000;1.0200000000;-3.3787500000;-0.1275000000;16.3750000000;-19.5625000000;41.5000000000
-1.7442000000;0.4284000000;-9.5574000000;4.4625000000;0.0637500000;-0.3825000000;15.6875000000;-19.1875000000;41.0000000000
-1.8360000000;0.4794000000;-9.7512000000;2.5500000000;-3.6975000000;0.7650000000;16.0000000000;-19.5625000000;41.0625000000
-1.8054000000;0.3060000000;-9.5268000000;-2.1675000000;-0.1912500000;2.9325000000;16.7500000000;-18.7500000000;43.0000000000
-1.7442000000;-0.0306000000;-9.6288000000;1.9762500000;-2.4862500000;1.3387500000;16.0000000000;-19.8750000000;42.5625000000
-1.8768000000;0.2448000000;-9.9348000000;1.3387500000;-0.7012500000;0.1912500000;16.0000000000;-19.8750000000;42.5625000000
-1.8054000000;0.1938000000;-9.4554000000;-2.9962500000;4.0162500000;0.8925000000;16.7500000000;-19.5625000000;41.5000000000
-1.8870000000;0.0204000000;-9.5268000000;3.6337500000;-4.6537500000;-0.5100000000;16.3750000000;-19.8750000000;40.2500000000
-1.7034000000;0.3978000000;-10.1286000000;3.8887500000;-4.3350000000;-2.1037500000;16.0000000000;-19.1875000000;41.0000000000
-1.6524000000;0.2244000000;-10.0776000000;-1.2112500000;3.3787500000;0.7012500000;16.3750000000;-19.1875000000;41.0625000000
-1.8972000000;0.1428000000;-9.2004000000;-2.6775000000;1.9125000000;-0.5100000000;16.3750000000;-19.1875000000;41.0625000000
-1.8258000000;0.0408000000;-10.0164000000;1.7850000000;-4.8450000000;-0.8287500000;16.7500000000;-19.8750000000;41.5000000000
-1.9686000000;0.4794000000;-9.7512000000;3.7612500000;2.9962500000;-3.4425000000;16.0000000000;-18.7500000000;41.5000000000
-1.9176000000;0.1938000000;-9.4248000000;-9.8175000000;3.4425000000;0.5737500000;16.3750000000;-19.1875000000;41.5000000000
-1.8054000000;0.0408000000;-9.4248000000;1.9762500000;-0.4462500000;-1.0200000000;16.3750000000;-19.1875000000;41.5000000000
-1.7442000000;0.4386000000;-9.4860000000;0.1275000000;-2.6137500000;-3.3150000000;15.6875000000;-19.1875000000;42.5625000000
-1.5096000000;0.0000000000;-10.3326000000;8.7975000000;-2.3587500000;-4.7175000000;16.0000000000;-18.7500000000;42.1875000000
-1.4892000000;0.6630000000;-9.8430000000;10.7100000000;6.5025000000;-9.3712500000;16.3750000000;-19.1875000000;42.2500000000
-1.7646000000;1.0200000000;-9.2208000000;-4.3350000000;3.6975000000;-1.0837500000;16.0000000000;-18.5000000000;41.5000000000
-1.7034000000;-0.0816000000;-9.5778000000;-3.8887500000;-6.9487500000;5.1000000000;16.0000000000;-18.5000000000;41.5000000000
-1.8054000000;0.1734000000;-10.0980000000;6.6937500000;-6.1837500000;0.9562500000;16.3750000000;-18.5000000000;41.8750000000
-1.9074000000;0.1836000000;-9.8736000000;5.1637500000;-1.2112500000;0.8925000000;16.7500000000;-18.5000000000;42.2500000000
-1.8258000000;-0.1326000000;-10.0776000000;-1.3387500000;0.0000000000;1.5937500000;17.0625000000;-18.7500000000;41.7500000000
-1.9278000000;0.1224000000;-9.5064000000;4.2075000000;2.6775000000;-1.5937500000;17.0625000000;-18.7500000000;41.7500000000
-1.8768000000;-0.0408000000;-9.3738000000;-2.9325000000;0.4462500000;-0.5100000000;17.0625000000;-18.7500000000;41.7500000000
-1.7340000000;0.0612000000;-9.8328000000;3.1237500000;-3.5062500000;-1.6575000000;16.0000000000;-18.7500000000;41.5000000000
-1.8462000000;0.1326000000;-9.5778000000;0.0000000000;1.8487500000;-2.4225000000;16.7500000000;-18.7500000000;42.5625000000
-1.9074000000;0.3978000000;-9.5064000000;0.7012500000;-0.2550000000;-0.8287500000;16.3750000000;-18.5000000000;41.5000000000
-1.8360000000;0.0000000000;-9.8022000000;-4.0800000000;-0.6375000000;1.4025000000;16.3750000000;-18.7500000000;41.7500000000
-1.7748000000;0.2856000000;-9.6900000000;2.1675000000;-1.1475000000;-3.0600000000;16.3750000000;-18.7500000000;41.7500000000
-1.8666000000;0.3468000000;-9.9756000000;1.5937500000;-3.0600000000;0.1275000000;17.0625000000;-18.5000000000;42.5625000000
-1.8666000000;0.0306000000;-9.8940000000;-3.5062500000;-0.7012500000;0.4462500000;16.3750000000;-18.7500000000;41.5000000000
-1.8360000000;0.3570000000;-9.5880000000;1.2750000000;1.4662500000;-0.5737500000;16.3750000000;-18.0625000000;42.1875000000
-1.9176000000;0.0000000000;-10.0164000000;-5.2912500000;-0.3825000000;1.6575000000;17.0625000000;-18.7500000000;41.7500000000
-1.9176000000;0.2244000000;-9.5472000000;3.6975000000;2.3587500000;-1.7850000000;17.0625000000;-18.7500000000;41.7500000000
-1.9176000000;0.1530000000;-9.4146000000;2.0400000000;-0.6375000000;-0.3187500000;16.0000000000;-18.7500000000;41.7500000000
-1.8054000000;0.1122000000;-9.8022000000;2.5500000000;-2.9962500000;-2.2950000000;17.0625000000;-18.7500000000;41.7500000000
-1.7952000000;-0.1326000000;-9.5064000000;-2.3587500000;3.1237500000;-2.2312500000;17.5000000000;-18.7500000000;41.7500000000
-1.6116000000;-0.1224000000;-8.7414000000;0.2550000000;3.0600000000;-6.4387500000;16.7500000000;-18.7500000000;41.5000000000
-1.1220000000;0.1428000000;-7.6500000000;-1.1475000000;4.8450000000;-10.8375000000;16.7500000000;-18.7500000000;41.5000000000
-0.7956000000;0.2958000000;-4.7022000000;-35.4450000000;0.8925000000;-13.0050000000;16.0000000000;-18.7500000000;41.8750000000
-1.3668000000;0.0000000000;-2.4378000000;-22.0575000000;-30.5362500000;-20.0812500000;16.7500000000;-18.5000000000;41.8750000000
-1.9176000000;0.7854000000;-3.3252000000;2.4225000000;-64.6425000000;-22.8862500000;17.5000000000;-20.2500000000;41.5000000000
-2.6826000000;0.0612000000;-4.2738000000;-36.1462500000;-78.3487500000;-16.5750000000;19.0000000000;-19.8750000000;39.8750000000
-4.7328000000;-0.4182000000;-3.9984000000;-24.5437500000;-95.8800000000;-18.8700000000;19.0000000000;-19.8750000000;39.8750000000
-5.1816000000;-0.2142000000;-4.6614000000;24.4162500000;-112.1362500000;-36.1462500000;23.0000000000;-20.2500000000;39.0625000000
-8.7108000000;0.7344000000;-6.8646000000;18.6150000000;-131.5162500000;-49.5337500000;26.0000000000;-21.0000000000;37.5000000000
-8.0784000000;-1.0404000000;-8.5374000000;13.2600000000;-139.0387500000;-44.3700000000;30.3750000000;-19.5625000000;34.7500000000
-9.4962000000;-0.3978000000;-6.3648000000;20.7825000000;-114.3675000000;-73.3762500000;35.5000000000;-18.5000000000;32.5000000000
-11.0976000000;0.6528000000;-5.3856000000;-8.4150000000;-132.1537500000;-28.6875000000;35.5000000000;-18.5000000000;32.5000000000
-10.9956000000;-0.6630000000;-9.0372000000;3.4425000000;-145.9237500000;-34.6162500000;39.0625000000;-16.5625000000;30.8750000000
-10.5570000000;-0.6528000000;-6.6708000000;-7.3312500000;-99.7687500000;-25.5637500000;42.5625000000;-13.0000000000;25.0000000000
-12.3216000000;-0.1326000000;-6.7320000000;-19.1887500000;-119.1487500000;-37.0387500000;45.0625000000;-11.5625000000;20.6875000000
-13.1988000000;0.1530000000;-8.2314000000;-31.3012500000;-117.7462500000;-12.2400000000;46.8750000000;-10.8750000000;16.6875000000
-11.5260000000;-0.4284000000;-6.7320000000;2.0400000000;-96.0075000000;-25.8187500000;46.8750000000;-10.8750000000;16.6875000000
-12.3216000000;-0.2244000000;-7.7826000000;4.3350000000;-114.0487500000;-13.7062500000;47.8750000000;-11.6875000000;12.5000000000
-10.7610000000;-2.0196000000;-8.4252000000;19.0612500000;-87.0187500000;4.1437500000;49.2500000000;-10.7500000000;9.1875000000
-11.5974000000;-1.7952000000;-5.1816000000;29.7712500000;-84.4050000000;-8.9250000000;49.0625000000;-8.5625000000;5.1875000000
-11.1180000000;-1.1016000000;-5.5692000000;-10.0725000000;-46.2187500000;-32.8950000000;49.3750000000;-7.5000000000;2.3750000000
-10.3122000000;-0.4590000000;-6.0180000000;-44.8162500000;-43.2225000000;1.6575000000;49.3750000000;-7.5000000000;2.3750000000
-9.6798000000;-1.8972000000;-4.7532000000;-49.7887500000;-19.8262500000;-5.8012500000;49.5625000000;-6.6875000000;-0.6875000000
-10.0674000000;-2.2236000000;-3.4272000000;-18.1050000000;-11.6025000000;-8.2237500000;49.5625000000;-6.0625000000;-1.5000000000
-10.1796000000;-1.3362000000;-2.5194000000;7.2675000000;-8.0962500000;-9.2437500000;49.5625000000;-5.6875000000;-2.3750000000
-9.8634000000;-0.9894000000;-2.7540000000;-3.0600000000;-8.9887500000;5.3550000000;49.1875000000;-4.5000000000;-3.0625000000
-10.0266000000;-1.7034000000;-1.9278000000;-23.6512500000;-12.5587500000;-5.4825000000;49.1875000000;-4.5000000000;-3.0625000000
-9.7002000000;-1.4586000000;-2.6214000000;6.5662500000;-12.2400000000;-4.9725000000;49.8750000000;-4.8750000000;-3.1875000000
-10.0164000000;-0.9078000000;-1.7646000000;9.5625000000;-0.5100000000;1.1475000000;49.5000000000;-4.0625000000;-4.0000000000
-9.6798000000;-1.4076000000;-1.4892000000;-16.8937500000;-6.4387500000;0.7012500000;49.5000000000;-4.0625000000;-3.5625000000
-9.8838000000;-1.2138000000;-1.3974000000;-9.2437500000;-7.0125000000;0.5737500000;49.5000000000;-4.0625000000;-3.5625000000
-9.8022000000;-1.3974000000;-1.5198000000;4.3987500000;-11.0925000000;6.0562500000;49.3750000000;-4.5000000000;-3.5625000000
-9.6798000000;-1.9176000000;-1.4484000000;7.8412500000;-10.0087500000;0.2550000000;49.7500000000;-4.5000000000;-3.5625000000
-9.9756000000;-0.8874000000;-1.6626000000;19.5712500000;-3.7612500000;-9.8812500000;49.7500000000;-4.8750000000;-5.5625000000
-9.7920000000;-1.1526000000;-1.2546000000;9.0525000000;1.3387500000;4.6537500000;48.6875000000;-6.6875000000;-5.1875000000
-9.7920000000;-1.6014000000;-1.0302000000;-12.3037500000;-1.7212500000;2.2950000000;48.6875000000;-6.6875000000;-5.1875000000
-9.7002000000;-1.6626000000;-1.2138000000;7.1400000000;-2.4225000000;2.6137500000;48.6875000000;-6.0000000000;-4.7500000000
-9.9858000000;-1.2852000000;-1.1730000000;-1.0200000000;-1.1475000000;-3.6337500000;48.6875000000;-5.1875000000;-5.5625000000
-9.7410000000;-1.5504000000;-1.2546000000;1.5300000000;-0.0637500000;2.6137500000;49.3750000000;-6.0000000000;-7.0625000000
-9.7614000000;-1.2750000000;-0.9894000000;-3.8887500000;-0.5737500000;0.2550000000;49.0625000000;-4.8750000000;-6.0000000000
-9.6186000000;-1.6320000000;-1.3566000000;5.8012500000;-4.5262500000;-0.1912500000;49.0625000000;-4.8750000000;-6.0000000000
-9.8328000000;-1.1118000000;-0.9690000000;15.4912500000;2.1675000000;-4.4625000000;49.0625000000;-4.5000000000;-5.5625000000
-9.8940000000;-1.0506000000;-1.1934000000;1.3387500000;-1.1475000000;1.5300000000;49.0625000000;-4.8750000000;-5.1875000000
-9.6288000000;-1.7646000000;-0.8670000000;-10.9650000000;-0.7012500000;1.4025000000;49.0625000000;-4.0625000000;-6.0000000000
-9.6594000000;-1.4382000000;-1.1220000000;7.1400000000;-2.8687500000;-2.2950000000;49.0625000000;-5.1875000000;-6.0000000000
-9.9552000000;-1.2648000000;-0.9588000000;-1.1475000000;-4.7812500000;3.5062500000;49.0625000000;-5.1875000000;-6.0000000000
-9.5676000000;-1.7340000000;-1.3770000000;-8.6062500000;-3.3150000000;-1.9125000000;49.0625000000;-5.1875000000;-6.7500000000
-10.0062000000;-1.1526000000;-0.9486000000;6.1837500000;-1.2750000000;0.0000000000;48.6875000000;-5.5625000000;-6.0000000000
-9.7104000000;-1.6830000000;-1.3056000000;-2.6137500000;-3.3787500000;3.0600000000;48.3750000000;-4.5000000000;-6.0000000000
-9.9450000000;-1.0506000000;-1.1424000000;3.6975000000;0.7012500000;-2.6137500000;48.6875000000;-4.5000000000;-6.7500000000
-9.8736000000;-1.0608000000;-0.9486000000;8.4787500000;2.8050000000;3.2512500000;48.6875000000;-4.5000000000;-6.7500000000
-9.7308000000;-1.6218000000;-1.2240000000;-12.2400000000;-4.3350000000;5.6737500000;49.0625000000;-6.6875000000;-6.0000000000
-9.6900000000;-1.8564000000;-1.1118000000;-7.6500000000;2.4225000000;-0.3825000000;48.3750000000;-4.8750000000;-5.5625000000
-9.7920000000;-1.7850000000;-0.6936000000;7.5225000000;2.2950000000;0.0000000000;48.6875000000;-4.8750000000;-6.0000000000
-9.7614000000;-1.4382000000;-0.8262000000;-1.5937500000;-0.8925000000;-4.3987500000;48.6875000000;-4.8750000000;-6.3750000000
-9.7410000000;-1.6320000000;-1.0506000000;2.2312500000;-2.1037500000;-2.1675000000;48.6875000000;-4.8750000000;-6.3750000000
-9.9450000000;-1.2240000000;-0.7344000000;5.0362500000;-0.4462500000;-4.3987500000;48.3750000000;-6.3750000000;-6.0000000000
-9.7206000000;-1.5810000000;-1.3260000000;-11.2837500000;-4.9087500000;-1.2112500000;49.0625000000;-4.0625000000;-6.0000000000
-9.8940000000;-1.0914000000;-0.7650000000;0.8925000000;0.2550000000;-1.5937500000;48.3750000000;-5.1875000000;-5.5625000000
-9.7920000000;-1.7136000000;-1.1424000000;-7.9050000000;-5.2912500000;1.2112500000;49.0625000000;-4.0625000000;-6.0000000000
-9.7308000000;-1.5198000000;-1.1832000000;-7.3312500000;-1.4025000000;-4.3987500000;49.0625000000;-4.0625000000;-6.0000000000
-9.8532000000;-1.2036000000;-0.6834000000;12.5587500000;2.8687500000;-1.2750000000;48.6875000000;-4.8750000000;-7.0625000000
-9.8226000000;-1.2342000000;-1.0506000000;-4.3350000000;-4.3987500000;-0.4462500000;49.3750000000;-4.5000000000;-6.3750000000
-9.8022000000;-1.6422000000;-0.9996000000;4.2075000000;0.3187500000;1.0200000000;48.6875000000;-5.1875000000;-7.0625000000
-9.8226000000;-1.5708000000;-0.7038000000;3.0600000000;-0.8287500000;-1.6575000000;49.3750000000;-4.0625000000;-6.7500000000
-9.7818000000;-1.4484000000;-1.2036000000;-6.8850000000;-4.1437500000;0.0000000000;49.3750000000;-4.0625000000;-6.7500000000
-9.5166000000;-1.6218000000;-1.0608000000;2.0400000000;0.4462500000;-1.0837500000;48.6875000000;-4.0625000000;-6.0000000000
-9.9654000000;-1.3464000000;-1.0098000000;4.1437500000;-2.0400000000;2.1037500000;48.6875000000;-5.5625000000;-7.0625000000
-9.7206000000;-1.8870000000;-0.8874000000;-5.5462500000;0.8925000000;-1.5300000000;48.6875000000;-4.0625000000;-6.0000000000
-9.7410000000;-1.2138000000;-1.0404000000;5.6737500000;-1.5300000000;-0.6375000000;48.6875000000;-4.8750000000;-6.7500000000
-9.8124000000;-1.7136000000;-0.8466000000;-0.2550000000;-0.2550000000;1.1475000000;48.6875000000;-4.8750000000;-6.7500000000
-9.5472000000;-1.6932000000;-1.3056000000;-2.4225000000;-1.1475000000;-1.9762500000;48.6875000000;-6.3750000000;-6.7500000000
-10.1184000000;-0.7956000000;-1.2750000000;5.2275000000;1.8487500000;-3.7612500000;48.6875000000;-4.0625000000;-7.5000000000
-10.1898000000;-0.4182000000;-2.4480000000;-1.9762500000;4.2712500000;4.5262500000;48.3750000000;-4.5000000000;-6.7500000000
-10.3020000000;-0.6426000000;-2.6826000000;-10.5187500000;16.7025000000;10.3912500000;49.0625000000;-4.0625000000;-6.7500000000
-10.6182000000;-0.4386000000;-4.8450000000;-0.6375000000;10.7100000000;14.0887500000;49.0625000000;-4.0625000000;-6.7500000000
-11.2302000000;-0.2448000000;-6.2220000000;11.6025000000;33.0225000000;23.1412500000;48.6875000000;-4.8750000000;-6.3750000000
-11.0874000000;-0.7242000000;-8.2620000000;22.5037500000;61.4550000000;19.8262500000;49.3750000000;-7.0625000000;-6.0000000000
-12.0972000000;-0.6834000000;-7.9254000000;33.8512500000;92.5650000000;24.5437500000;49.0625000000;-7.7500000000;-4.0000000000
-12.5052000000;-0.8772000000;-8.3538000000;9.5625000000;111.5625000000;17.7862500000;49.3750000000;-8.1875000000;-0.7500000000
-13.0662000000;-0.4080000000;-7.6908000000;66.7462500000;150.6412500000;19.5075000000;49.3750000000;-8.1875000000;-0.7500000000
-13.5150000000;-0.8976000000;-7.2624000000;35.3812500000;152.4900000000;19.1887500000;49.3750000000;-11.5625000000;3.8750000000
-12.5256000000;-1.8564000000;-7.3440000000;27.0937500000;171.6787500000;14.2800000000;47.5625000000;-9.2500000000;11.6875000000
-12.6582000000;-1.7442000000;-5.8956000000;36.9750000000;179.3925000000;6.5662500000;45.7500000000;-10.7500000000;16.3750000000
-11.2710000000;-2.1318000000;-5.6712000000;34.6800000000;171.2962500000;3.4425000000;45.7500000000;-10.7500000000;16.3750000000
-10.2408000000;-0.5610000000;-4.9062000000;43.7962500000;166.5787500000;-6.4387500000;44.3750000000;-10.7500000000;21.6875000000
-8.9148000000;-1.4892000000;-4.8654000000;15.7462500000;144.9675000000;6.7575000000;40.0625000000;-10.6875000000;29.3750000000
-6.8952000000;-1.7442000000;-5.3652000000;9.1800000000;126.7987500000;0.9562500000;34.5625000000;-9.5625000000;33.2500000000
-6.6810000000;-0.4998000000;-4.3860000000;43.7325000000;125.3962500000;11.2837500000;31.8750000000;-10.0000000000;36.8750000000
-4.9368000000;-1.8156000000;-5.6712000000;-25.9462500000;87.1462500000;11.6025000000;31.8750000000;-10.0000000000;36.8750000000
-4.0698000000;-1.6014000000;-5.2020000000;20.2725000000;87.6562500000;13.9612500000;27.7500000000;-9.5625000000;39.5625000000
-3.5904000000;-0.8874000000;-4.2942000000;30.7275000000;73.0575000000;17.4675000000;25.0000000000;-10.6875000000;41.5625000000
-2.1420000000;-2.7744000000;-9.6696000000;-48.8962500000;27.7950000000;15.1725000000;20.5000000000;-10.2500000000;41.8750000000
-2.0298000000;-0.8160000000;-7.9764000000;32.8950000000;77.1375000000;1.2112500000;19.0000000000;-10.5625000000;42.0000000000
-2.2746000000;-1.1016000000;-7.5378000000;59.2875000000;72.9300000000;13.8337500000;19.0000000000;-10.5625000000;42.0000000000
-0.6936000000;-2.7846000000;-8.7108000000;-2.4225000000;37.8037500000;12.4312500000;16.5625000000;-10.5625000000;45.5000000000
-0.9792000000;-1.7340000000;-6.8850000000;27.2850000000;52.5300000000;5.5462500000;13.2500000000;-7.5625000000;44.6875000000
-1.2036000000;-2.5704000000;-4.7226000000;54.5700000000;52.0837500000;22.6312500000;11.7500000000;-6.8750000000;45.5000000000
0.0102000000;-1.7850000000;-7.1604000000;-10.4550000000;-9.4987500000;-7.7137500000;10.0000000000;-5.7500000000;46.6875000000
-0.2958000000;-0.4998000000;-7.7826000000;-36.3375000000;-7.9687500000;-7.5225000000;10.0000000000;-5.7500000000;46.6875000000
-0.0714000000;-2.4990000000;-7.4052000000;-22.8862500000;-7.1400000000;6.8212500000;9.5625000000;-5.7500000000;44.3750000000
0.2040000000;-0.8160000000;-10.2510000000;-72.9300000000;-30.4087500000;-21.2925000000;9.0625000000;-7.2500000000;45.0625000000
-1.4178000000;0.9690000000;-9.9858000000;-82.4925000000;-5.8650000000;4.5262500000;10.5625000000;-9.5000000000;45.1875000000
-0.6018000000;-2.8254000000;-10.0776000000;-111.6262500000;-10.1362500000;13.7062500000;11.6875000000;-11.3750000000;43.2500000000
-0.9792000000;0.1326000000;-9.7716000000;1.7212500000;-0.5100000000;-17.6587500000;11.6875000000;-11.3750000000;43.2500000000
-1.4994000000;1.1220000000;-9.1290000000;23.7150000000;-1.0200000000;-8.9887500000;11.1875000000;-16.0625000000;44.7500000000
-0.7344000000;-0.3876000000;-10.2816000000;5.3550000000;-17.2125000000;8.1600000000;11.1875000000;-15.5625000000;43.2500000000
-1.4484000000;-0.2244000000;-10.3632000000;13.7700000000;-8.0962500000;4.3350000000;12.0000000000;-15.2500000000;44.0000000000
-0.9588000000;-0.7446000000;-10.3224000000;-20.0175000000;-9.3712500000;2.2312500000;11.6875000000;-16.0000000000;43.2500000000
-1.2648000000;0.0306000000;-9.4656000000;8.5425000000;0.2550000000;-1.6575000000;11.6875000000;-16.0000000000;43.2500000000
-1.3260000000;-0.5304000000;-9.6288000000;9.8812500000;-4.7175000000;4.4625000000;12.0625000000;-15.5625000000;43.2500000000
-0.9792000000;-0.8670000000;-10.1184000000;20.0812500000;-5.9925000000;0.5737500000;12.0625000000;-15.5625000000;44.0000000000
-1.2852000000;-0.5610000000;-9.9756000000;11.6662500000;-2.6137500000;0.2550000000;12.7500000000;-14.8750000000;43.2500000000
-1.2138000000;-0.6018000000;-9.2922000000;4.2075000000;-5.2275000000;-5.1637500000;13.1875000000;-13.7500000000;44.0000000000
-1.6320000000;-0.2142000000;-9.8940000000;-17.1487500000;-9.3712500000;7.9687500000;13.1875000000;-13.7500000000;44.0000000000
-1.0302000000;-1.6218000000;-10.2102000000;-13.8975000000;-5.1000000000;4.2712500000;12.7500000000;-13.7500000000;43.5625000000
-1.4178000000;-0.5406000000;-9.6288000000;10.0725000000;-1.7212500000;-6.8212500000;13.5625000000;-14.8750000000;44.3750000000
-1.3158000000;-0.2550000000;-10.1184000000;8.4150000000;-4.2075000000;-0.4462500000;13.5625000000;-15.2500000000;43.2500000000
-1.3974000000;-0.7446000000;-10.1796000000;-0.3187500000;0.8287500000;2.6775000000;14.6875000000;-13.7500000000;42.7500000000
-1.2240000000;-0.8874000000;-9.4350000000;5.9287500000;7.9687500000;-2.1037500000;14.6875000000;-13.7500000000;42.7500000000
-1.6524000000;-0.5100000000;-9.1800000000;-3.7612500000;-5.2275000000;-1.2750000000;13.1875000000;-13.7500000000;42.7500000000
-1.2546000000;-0.8568000000;-9.8124000000;0.1912500000;-8.1600000000;-0.1912500000;13.5625000000;-13.7500000000;42.8750000000
-1.5402000000;-0.8160000000;-9.8634000000;-6.1837500000;-4.8450000000;0.0637500000;13.5625000000;-14.1875000000;43.5625000000
-1.1934000000;-0.5610000000;-9.5880000000;-0.8287500000;2.5500000000;-1.0837500000;13.8750000000;-14.5625000000;43.2500000000
-1.6932000000;-0.4080000000;-9.1494000000;1.1475000000;-2.4862500000;0.5100000000;13.8750000000;-14.5625000000;43.2500000000
-1.5504000000;-0.6630000000;-10.0062000000;-1.5300000000;-9.4987500000;0.7650000000;13.8750000000;-13.7500000000;43.2500000000
-1.2750000000;-0.9180000000;-10.3224000000;1.4662500000;3.8887500000;-0.4462500000;13.5625000000;-14.5625000000;44.0625000000
-1.6116000000;-0.6834000000;-9.4350000000;4.0800000000;1.4662500000;-0.8925000000;14.2500000000;-14.8750000000;44.0000000000
-1.4484000000;-0.5712000000;-9.9144000000;0.3187500000;-1.5937500000;-0.5100000000;13.5625000000;-14.1875000000;43.5625000000
-1.5300000000;-0.4182000000;-9.5982000000;-2.5500000000;-0.3187500000;0.4462500000;13.5625000000;-14.1875000000;43.5625000000
-1.5912000000;-0.8670000000;-9.8226000000;-2.7412500000;-3.6975000000;1.2112500000;14.2500000000;-14.1875000000;43.2500000000
-1.4076000000;-0.4488000000;-9.9552000000;-0.4462500000;1.4025000000;1.6575000000;13.8750000000;-14.1875000000;43.5625000000
-1.6422000000;-0.8058000000;-9.7716000000;-7.7137500000;0.7650000000;4.2075000000;13.8750000000;-14.1875000000;43.5625000000
-1.4790000000;-0.9894000000;-9.6390000000;4.2712500000;-2.3587500000;-2.9325000000;13.8750000000;-14.1875000000;43.5625000000
-1.4790000000;-0.1122000000;-9.8634000000;-1.5300000000;1.2750000000;2.3587500000;14.2500000000;-14.1875000000;43.5625000000
-1.6116000000;-1.0608000000;-9.4554000000;-6.6300000000;0.5100000000;2.9962500000;14.2500000000;-14.5625000000;43.2500000000
-1.6014000000;-0.6222000000;-9.7716000000;5.3550000000;-2.7412500000;-3.5700000000;13.5625000000;-14.5625000000;44.0625000000
-1.4484000000;-0.4998000000;-9.9756000000;-0.3187500000;-2.4862500000;-0.6375000000;13.8750000000;-14.1875000000;43.5625000000
-1.6014000000;-0.6834000000;-9.7002000000;-4.3987500000;0.3187500000;0.1912500000;13.8750000000;-14.1875000000;43.5625000000
-1.5096000000;-0.7446000000;-9.3432000000;-2.4862500000;1.4025000000;-1.2112500000;14.2500000000;-14.1875000000;42.3750000000
-1.6932000000;-0.5508000000;-9.7716000000;-1.8487500000;-6.8212500000;-1.6575000000;14.2500000000;-14.5625000000;42.3750000000
-1.4178000000;-0.5406000000;-10.0878000000;-1.0200000000;-1.7850000000;-0.7650000000;14.2500000000;-14.5625000000;44.0000000000
-1.6320000000;-0.3774000000;-9.9042000000;0.0000000000;0.4462500000;1.5300000000;14.6875000000;-14.8750000000;43.2500000000
-1.6116000000;-0.8874000000;-9.6798000000;1.7212500000;1.8487500000;0.2550000000;14.6875000000;-14.8750000000;43.2500000000
-1.5300000000;-0.3366000000;-9.7104000000;6.8850000000;-0.7650000000;-1.5937500000;14.6875000000;-14.8750000000;43.5625000000
-1.7034000000;-0.6324000000;-9.5370000000;-4.7812500000;-2.2950000000;1.2750000000;15.0000000000;-14.5625000000;42.0625000000
-1.4586000000;-0.5202000000;-9.7512000000;1.2112500000;-1.1475000000;-0.9562500000;14.6875000000;-14.5625000000;42.3750000000
-1.7646000000;-0.4488000000;-9.5880000000;0.1275000000;-0.7650000000;1.8487500000;15.0000000000;-14.1875000000;42.7500000000
-1.5606000000;-0.9996000000;-9.8634000000;-0.3825000000;-3.5700000000;1.4662500000;15.0000000000;-14.1875000000;42.7500000000
-1.6626000000;-0.2958000000;-9.7512000000;7.2675000000;-0.0637500000;-2.2950000000;14.2500000000;-13.7500000000;43.1875000000
-1.7442000000;-0.6528000000;-9.9552000000;-8.3512500000;-1.9762500000;1.9125000000;15.3750000000;-14.5625000000;42.7500000000
-1.6320000000;-0.8670000000;-9.8736000000;2.4862500000;-0.1275000000;-0.3187500000;14.2500000000;-14.5625000000;43.5625000000
-1.6626000000;-0.5100000000;-9.8532000000;3.6975000000;1.0200000000;0.1912500000;15.3750000000;-14.8750000000;42.0000000000
-1.6626000000;-0.7650000000;-9.4758000000;3.6337500000;1.0200000000;-0.7650000000;15.3750000000;-14.8750000000;42.0000000000
-1.6830000000;-0.5100000000;-9.7410000000;-0.1275000000;-1.2112500000;-0.0637500000;15.3750000000;-14.5625000000;44.0000000000
-1.7238000000;-0.6222000000;-9.5880000000;-1.6575000000;-2.6137500000;1.4025000000;15.3750000000;-14.5625000000;43.2500000000
-1.5198000000;-0.6222000000;-9.7410000000;-0.7012500000;-0.3187500000;0.3187500000;14.6875000000;-14.8750000000;43.2500000000
-1.6320000000;-0.8058000000;-9.5880000000;-1.4025000000;-2.2312500000;1.2112500000;15.3750000000;-14.1875000000;43.5625000000
-1.7442000000;-0.6732000000;-10.0980000000;-1.2750000000;-3.1875000000;0.4462500000;15.3750000000;-14.1875000000;43.5625000000
-1.7136000000;-0.7752000000;-9.5574000000;-2.2950000000;2.6775000000;-1.0200000000;15.2500000000;-13.7500000000;43.1875000000
-1.8666000000;-0.3366000000;-9.8838000000;1.9125000000;-2.0400000000;-0.4462500000;15.2500000000;-14.8750000000;42.0000000000
-1.7238000000;-0.8670000000;-9.9042000000;-2.6137500000;0.8925000000;1.6575000000;15.2500000000;-14.5625000000;43.2500000000
-1.7238000000;-0.5712000000;-9.8430000000;5.8650000000;0.1912500000;-0.7012500000;14.8750000000;-14.5625000000;42.0000000000
-1.7340000000;-0.8058000000;-9.7206000000;-3.9525000000;1.4662500000;0.1912500000;14.8750000000;-14.5625000000;42.0000000000
-1.7340000000;-0.4692000000;-9.6798000000;1.9762500000;0.9562500000;-0.8925000000;15.0000000000;-14.1875000000;42.0625000000
-1.6524000000;-0.7446000000;-9.5778000000;-6.2475000000;2.2950000000;1.4025000000;14.6875000000;-14.5625000000;41.5625000000
-1.6728000000;-0.4590000000;-9.2922000000;2.1675000000;-0.5100000000;-0.9562500000;15.3750000000;-14.5625000000;42.3750000000
-1.6728000000;-0.6426000000;-9.8838000000;-9.9450000000;-3.8250000000;-0.0637500000;15.3750000000;-14.5625000000;42.0625000000
-1.6524000000;-0.4488000000;-9.7920000000;1.9762500000;0.8925000000;-1.7212500000;15.3750000000;-14.5625000000;42.0625000000
-1.8258000000;-0.1938000000;-9.5880000000;0.6375000000;-1.2750000000;-0.0637500000;15.3750000000;-14.5625000000;42.0625000000
-1.7952000000;-0.6528000000;-10.0062000000;-1.9762500000;-3.8250000000;1.2112500000;15.0000000000;-15.2500000000;42.3750000000
-1.7136000000;-0.5814000000;-10.0062000000;1.2750000000;-0.3187500000;0.1912500000;15.7500000000;-15.2500000000;42.7500000000
-1.8054000000;-0.5610000000;-9.7104000000;-0.3187500000;0.8925000000;0.3187500000;15.3750000000;-14.8750000000;42.3750000000
-1.6626000000;-0.3978000000;-9.8022000000;3.1875000000;0.0637500000;0.0637500000;15.3750000000;-14.8750000000;42.3750000000
-1.7442000000;-0.7344000000;-9.7002000000;-5.4187500000;1.7850000000;1.2112500000;15.0000000000;-14.8750000000;43.1875000000
-1.7850000000;-0.4896000000;-9.3126000000;3.1237500000;1.8487500000;-1.7850000000;14.6875000000;-14.8750000000;42.3750000000
-1.6014000000;-0.4794000000;-9.7920000000;-0.9562500000;-3.3150000000;1.0837500000;15.0000000000;-14.8750000000;42.3750000000
-1.5810000000;-0.7242000000;-9.6084000000;4.7175000000;0.2550000000;-0.5100000000;15.0000000000;-14.8750000000;42.3750000000
-1.7850000000;-0.4080000000;-9.8532000000;4.2075000000;-2.4225000000;1.4025000000;15.0000000000;-14.8750000000;42.3750000000
-1.7748000000;-0.7752000000;-9.8838000000;-1.7212500000;-0.7012500000;1.8487500000;15.3750000000;-14.8750000000;41.5625000000
-1.7340000000;-0.6324000000;-9.6186000000;1.6575000000;0.5737500000;-1.0837500000;15.7500000000;-14.5625000000;42.0625000000
-1.7136000000;-0.7446000000;-9.5676000000;-3.5062500000;-1.2750000000;0.6375000000;15.3750000000;-14.8750000000;42.3750000000
-1.8258000000;-0.4794000000;-9.7614000000;3.0600000000;-2.4862500000;0.0000000000;15.7500000000;-14.8750000000;42.7500000000
-1.7034000000;-0.6936000000;-10.0776000000;-1.4662500000;-0.0637500000;0.7650000000;15.7500000000;-14.8750000000;42.7500000000
-1.8258000000;-0.5610000000;-9.6492000000;5.1000000000;1.1475000000;-0.8287500000;15.0000000000;-14.8750000000;42.3750000000
-1.8462000000;-0.5406000000;-9.7716000000;-0.8287500000;-1.4662500000;-0.6375000000;15.0000000000;-14.5625000000;42.3750000000
-1.8054000000;-0.4794000000;-9.6492000000;1.5937500000;0.2550000000;0.6375000000;15.3750000000;-14.5625000000;43.5625000000
-1.8156000000;-0.6426000000;-9.7308000000;-2.4225000000;-2.1037500000;1.0837500000;15.0000000000;-14.1875000000;42.0625000000
-1.8360000000;-0.5610000000;-9.9246000000;4.7812500000;-0.3187500000;0.3187500000;15.0000000000;-14.1875000000;42.0625000000
-1.7850000000;-0.8568000000;-9.6492000000;-2.5500000000;1.9762500000;1.2750000000;16.5000000000;-14.1875000000;42.7500000000
-1.8564000000;-0.7650000000;-9.2208000000;3.6975000000;-0.2550000000;-1.9125000000;15.3750000000;-14.1875000000;42.3750000000
-1.7544000000;-0.6426000000;-9.7104000000;-2.8687500000;-3.2512500000;0.7012500000;15.3750000000;-14.5625000000;42.7500000000
-1.7442000000;-0.8772000000;-9.5472000000;-1.5300000000;-1.4025000000;0.1275000000;16.0625000000;-14.1875000000;42.0625000000
-1.9074000000;-0.6732000000;-9.5574000000;-1.7212500000;-2.1675000000;-1.7212500000;16.0625000000;-14.1875000000;42.0625000000
-1.7034000000;-0.5100000000;-9.9552000000;4.2075000000;-4.2075000000;-1.0837500000;16.0625000000;-14.5625000000;42.7500000000
-1.8156000000;-0.7344000000;-9.7920000000;-8.1600000000;-0.1912500000;0.9562500000;16.0000000000;-14.5625000000;42.0000000000
-1.8462000000;-0.8568000000;-9.0372000000;-7.0125000000;-0.4462500000;-2.9962500000;15.2500000000;-13.7500000000;42.3750000000
-1.7646000000;-0.4590000000;-9.0372000000;-7.0125000000;-5.3550000000;-5.9925000000;15.2500000000;-13.7500000000;42.3750000000
-1.5912000000;-0.7548000000;-8.5782000000;-14.4712500000;-5.8650000000;-6.4387500000;15.7500000000;-15.5625000000;42.7500000000
-1.6320000000;-0.6732000000;-7.9560000000;-0.1912500000;-9.6262500000;-11.7937500000;16.5000000000;-14.8750000000;42.0625000000
-1.8564000000;-1.1118000000;-7.4970000000;14.9812500000;-23.2687500000;-22.9500000000;16.7500000000;-16.0000000000;42.0000000000
-2.1012000000;-0.1530000000;-7.8336000000;24.6712500000;-33.2775000000;-30.8550000000;17.5000000000;-16.3750000000;42.8750000000
-2.3358000000;-0.5202000000;-7.9560000000;-2.8687500000;-39.9075000000;-19.8900000000;17.5000000000;-16.3750000000;42.8750000000
-2.6928000000;-0.8670000000;-7.3236000000;-13.3875000000;-39.2700000000;-19.1887500000;19.0000000000;-14.5625000000;42.3750000000
-2.7132000000;-0.6834000000;-6.8748000000;-0.4462500000;-47.1112500000;-23.9700000000;20.7500000000;-14.1875000000;40.3750000000
-3.9066000000;-0.3876000000;-5.8242000000;9.8812500000;-49.5337500000;-24.1612500000;22.2500000000;-14.8750000000;40.3750000000
-3.9474000000;-0.9486000000;-7.0686000000;-4.1437500000;-78.4125000000;-33.0862500000;24.5000000000;-13.3750000000;40.5000000000
-5.3346000000;-0.5304000000;-6.2832000000;-5.6100000000;-75.4800000000;-33.8512500000;24.5000000000;-13.3750000000;40.5000000000
-5.1306000000;-1.1424000000;-7.4562000000;11.8575000000;-92.9475000000;-40.0987500000;27.5000000000;-11.8750000000;38.0625000000
-6.3546000000;0.7242000000;-6.7320000000;-22.3762500000;-84.9150000000;-53.5500000000;30.5000000000;-13.3750000000;36.8750000000
-6.9564000000;0.2958000000;-6.1098000000;-8.8612500000;-86.1262500000;-6.4387500000;32.6875000000;-10.1875000000;35.3750000000
-7.6602000000;-2.3154000000;-4.6614000000;-23.7150000000;-88.8037500000;-0.4462500000;36.1875000000;-10.1875000000;31.3750000000
-8.3640000000;-2.1318000000;-6.0282000000;-2.8050000000;-105.5062500000;-21.9937500000;36.1875000000;-10.1875000000;31.3750000000
-9.1698000000;-1.3158000000;-7.1604000000;10.5825000000;-105.5700000000;-15.1087500000;37.7500000000;-11.3750000000;29.1875000000
-9.5472000000;-2.6418000000;-6.6402000000;-13.7700000000;-93.0750000000;-4.7812500000;41.0625000000;-7.5625000000;27.1875000000
-10.2102000000;-2.4990000000;-5.5488000000;-25.1812500000;-87.8475000000;-22.5675000000;43.2500000000;-8.6875000000;22.8750000000
-11.1078000000;-1.0506000000;-7.6194000000;22.3125000000;-103.0200000000;-24.3525000000;44.3750000000;-7.5625000000;20.0625000000
-9.7002000000;-3.0498000000;-5.8140000000;-21.0375000000;-74.6512500000;-4.2712500000;44.3750000000;-7.5625000000;20.0625000000
-11.2404000000;-0.9588000000;-6.7116000000;-10.9012500000;-91.6725000000;-31.9387500000;45.8750000000;-8.0000000000;16.1875000000
-10.9956000000;-1.8666000000;-7.0788000000;-6.5662500000;-78.0937500000;-9.9450000000;46.8750000000;-6.5000000000;13.0000000000
-10.3938000000;-2.1930000000;-5.8956000000;3.1875000000;-70.4437500000;-17.8500000000;48.2500000000;-4.6875000000;9.7500000000
-10.9650000000;-0.9384000000;-8.2212000000;20.5912500000;-87.5925000000;-12.6225000000;48.0000000000;-3.5000000000;6.2500000000
-10.6386000000;-3.0192000000;-6.2934000000;-22.4400000000;-62.7937500000;4.5262500000;48.0000000000;-3.5000000000;6.2500000000
-10.2204000000;-1.8564000000;-4.3146000000;-46.0912500000;-32.5762500000;-15.5550000000;48.2500000000;-3.1875000000;4.2500000000
-9.7002000000;-1.1730000000;-5.7120000000;-3.1875000000;-51.1275000000;-10.3912500000;48.2500000000;-4.6875000000;2.1875000000
-9.5370000000;-1.6422000000;-4.6716000000;6.1200000000;-30.2175000000;-5.0362500000;48.5625000000;-3.1875000000;0.5625000000
-9.8940000000;-1.6626000000;-3.0396000000;-25.5000000000;-5.4187500000;-5.6737500000;48.1875000000;-2.0625000000;-1.6875000000
-9.8940000000;-1.9482000000;-2.1114000000;-29.4525000000;-14.5987500000;-7.4587500000;48.1875000000;-2.0625000000;-1.6875000000
-9.7818000000;-1.3668000000;-1.5810000000;10.7100000000;-24.0975000000;-2.0400000000;47.8750000000;-0.5625000000;-1.5000000000
-10.0674000000;-1.4076000000;-1.4280000000;8.7337500000;-45.5812500000;8.7975000000;48.1875000000;-1.6875000000;-2.1875000000
-9.6390000000;-2.5602000000;-2.5092000000;-6.5662500000;-50.1075000000;-4.3987500000;47.8750000000;-0.5625000000;-3.0000000000
-9.3738000000;-1.5708000000;-2.9274000000;28.6875000000;-5.8012500000;-12.9412500000;47.7500000000;-1.3750000000;-5.3750000000
-9.9960000000;-1.5504000000;-2.3052000000;-1.8487500000;5.1637500000;8.2237500000;47.7500000000;-1.3750000000;-5.3750000000
-9.4350000000;-3.1314000000;-1.7850000000;-16.1287500000;2.9962500000;-10.0725000000;47.7500000000;-0.1875000000;-6.1875000000
-9.8736000000;-1.4688000000;-0.9792000000;49.2787500000;11.7300000000;-2.1675000000;47.7500000000;-2.0625000000;-5.7500000000
-9.8124000000;-1.8768000000;-1.6626000000;14.1525000000;-9.6262500000;10.3912500000;47.7500000000;0.5000000000;-5.0000000000
-9.5880000000;-2.7846000000;-1.9992000000;-31.6200000000;-6.4387500000;-3.0600000000;48.5000000000;-0.1875000000;-5.3750000000
-9.7002000000;-1.9176000000;-1.7238000000;14.3437500000;8.4150000000;-3.3150000000;48.5000000000;-0.1875000000;-5.3750000000
-10.0062000000;-2.0196000000;-1.1118000000;-3.1875000000;0.3187500000;2.6137500000;47.7500000000;-1.6875000000;-6.1875000000
-9.4248000000;-2.9274000000;-1.1526000000;-20.4637500000;-5.9925000000;-6.2475000000;47.3750000000;-1.0000000000;-6.5625000000
-9.4044000000;-2.2236000000;-1.2750000000;0.6375000000;1.0200000000;-14.4075000000;47.0000000000;-0.1875000000;-6.5625000000
-9.8226000000;-1.2240000000;-0.9792000000;10.5187500000;1.4662500000;-5.4825000000;47.0000000000;-0.1875000000;-6.5625000000
-9.7920000000;-1.6116000000;-0.8976000000;-8.7337500000;-3.6975000000;2.9962500000;47.3750000000;0.7500000000;-5.0000000000
-9.6084000000;-2.1726000000;-1.3566000000;0.6375000000;-5.2912500000;8.1600000000;47.7500000000;-0.5625000000;-5.3750000000
-9.5472000000;-2.6214000000;-1.3872000000;-2.8050000000;-4.2075000000;3.9525000000;47.3750000000;0.0625000000;-6.5625000000
-9.6492000000;-2.2644000000;-1.4484000000;-1.0200000000;0.3187500000;-3.5062500000;47.7500000000;-0.1875000000;-6.1875000000
-9.7104000000;-1.7952000000;-0.8670000000;7.4587500000;1.2112500000;-1.5937500000;47.7500000000;-0.1875000000;-6.1875000000
-9.7512000000;-1.9278000000;-1.3668000000;0.5737500000;-5.2275000000;3.8887500000;48.5000000000;-1.6875000000;-7.0000000000
-9.6186000000;-2.4378000000;-1.2852000000;-1.0200000000;-5.4187500000;4.8450000000;48.0625000000;1.1875000000;-6.1875000000
-9.6186000000;-2.3562000000;-1.4178000000;-5.2275000000;-4.4625000000;-0.1275000000;47.0000000000;-0.5625000000;-6.1875000000
-9.6288000000;-2.2032000000;-1.2342000000;4.0800000000;1.7850000000;-0.5737500000;47.7500000000;-0.1875000000;-5.7500000000
-9.7206000000;-2.1624000000;-1.1526000000;-3.5700000000;-0.1912500000;-1.4662500000;47.7500000000;-0.1875000000;-5.7500000000
-9.6390000000;-2.1726000000;-1.1220000000;-0.5737500000;1.5937500000;-1.8487500000;47.7500000000;-1.6875000000;-7.0000000000
-9.7206000000;-1.9482000000;-1.1220000000;-0.8287500000;-0.7650000000;-1.1475000000;47.7500000000;0.5000000000;-6.1875000000
-9.6696000000;-2.1012000000;-1.1322000000;-3.1237500000;-1.6575000000;1.4025000000;47.7500000000;-1.3750000000;-6.5625000000
-9.5982000000;-2.4072000000;-1.3056000000;-3.9525000000;-0.6375000000;-2.8687500000;47.7500000000;-0.1875000000;-5.7500000000
-9.7818000000;-1.8462000000;-0.9792000000;4.5900000000;1.9762500000;-2.9325000000;47.7500000000;-0.1875000000;-5.7500000000
-9.6900000000;-2.1216000000;-1.1628000000;-7.7775000000;-0.7012500000;2.0400000000;47.3750000000;-0.1875000000;-6.1875000000
-9.5880000000;-2.3460000000;-1.2342000000;-0.6375000000;-0.6375000000;0.1912500000;47.3750000000;0.5000000000;-6.5625000000
-9.7206000000;-2.0502000000;-1.1322000000;1.9125000000;-0.6375000000;-1.9125000000;47.7500000000;0.5000000000;-6.1875000000
-9.6288000000;-2.2236000000;-1.3260000000;-2.4225000000;-0.6375000000;0.4462500000;46.6875000000;0.5000000000;-5.0000000000
-9.6594000000;-2.1012000000;-1.0404000000;13.2600000000;1.9762500000;-1.0200000000;46.6875000000;0.5000000000;-5.0000000000
-9.7002000000;-1.9278000000;-1.0914000000;1.7212500000;-2.0400000000;0.3825000000;47.3750000000;-0.5625000000;-7.3750000000
-9.5370000000;-2.0094000000;-1.2546000000;-12.2400000000;-2.1037500000;4.5900000000;47.3750000000;0.5000000000;-5.7500000000
-9.4554000000;-1.8972000000;-0.9792000000;-3.3787500000;-1.4025000000;2.1037500000;47.0625000000;0.5000000000;-6.5625000000
-10.0980000000;-1.6218000000;-0.9282000000;14.3437500000;-8.1600000000;9.6262500000;47.3750000000;-1.0000000000;-6.5625000000
-9.6288000000;-2.7336000000;-1.4280000000;7.3312500000;-4.9087500000;10.1362500000;47.3750000000;-1.0000000000;-6.5625000000
-9.5472000000;-2.0910000000;-1.0098000000;1.0200000000;2.2312500000;-1.0837500000;47.3750000000;-0.1875000000;-6.5625000000
-9.9144000000;-1.6728000000;-0.6936000000;5.4187500000;0.5737500000;4.0800000000;47.7500000000;-2.0625000000;-7.2500000000
-9.5574000000;-2.2338000000;-1.6830000000;-3.8250000000;-5.9287500000;5.6100000000;47.3750000000;-0.1875000000;-7.0000000000
-10.2816000000;-0.8466000000;-3.2742000000;-0.8287500000;-1.5300000000;-3.4425000000;47.7500000000;-1.0000000000;-7.0000000000
-10.8018000000;-0.3264000000;-6.6096000000;17.9775000000;3.4425000000;11.6025000000;47.7500000000;-1.0000000000;-7.0000000000
-11.6994000000;-1.0914000000;-6.5178000000;-11.0287500000;42.9675000000;23.0137500000;48.0625000000;-0.5625000000;-7.7500000000
-11.6586000000;-1.0812000000;-7.2624000000;8.0325000000;55.0162500000;20.4000000000;47.7500000000;-2.8750000000;-7.7500000000
-11.8932000000;-0.7242000000;-8.3028000000;43.1587500000;89.8875000000;24.2887500000;47.7500000000;-2.8750000000;-4.1875000000
-12.9336000000;-0.4590000000;-7.7724000000;31.4287500000;121.4437500000;24.6075000000;47.0000000000;-4.2500000000;-1.0625000000
-13.0560000000;-1.6830000000;-8.3946000000;13.7700000000;136.2975000000;24.2250000000;47.0000000000;-4.2500000000;-1.0625000000
-13.3212000000;-1.7544000000;-7.5990000000;36.2737500000;165.9412500000;21.7387500000;47.8750000000;-5.7500000000;3.6875000000
-13.0866000000;-2.2440000000;-7.0584000000;21.5475000000;176.3962500000;17.3400000000;46.7500000000;-6.8750000000;8.7500000000
-12.5460000000;-2.6214000000;-6.6912000000;19.4437500000;182.8987500000;13.6425000000;45.6875000000;-8.0000000000;15.3750000000
-11.5566000000;-2.1522000000;-6.4668000000;36.4012500000;181.6237500000;5.7375000000;43.3750000000;-9.0625000000;20.5000000000
-10.9038000000;-1.7850000000;-6.3954000000;23.3325000000;176.0137500000;10.0087500000;43.3750000000;-9.0625000000;20.5000000000
-8.9658000000;-2.7948000000;-6.0180000000;-3.3787500000;164.8575000000;-0.0637500000;39.6875000000;-9.8750000000;27.5625000000
-7.9458000000;-1.1934000000;-4.6002000000;61.7737500000;167.1525000000;2.5500000000;35.2500000000;-9.8750000000;32.2500000000
-6.4872000000;-1.8462000000;-3.8862000000;40.9275000000;140.0587500000;9.1162500000;29.6875000000;-7.5625000000;37.3750000000
-4.5696000000;-1.8972000000;-3.5190000000;35.3175000000;110.6700000000;-7.0125000000;24.8750000000;-5.6875000000;40.5625000000
-3.2946000000;-0.9690000000;-2.6622000000;17.3400000000;85.8075000000;-7.9050000000;24.8750000000;-5.6875000000;40.5625000000
-2.4786000000;-0.0306000000;-2.5092000000;-17.8500000000;42.5850000000;10.4550000000;21.5625000000;-6.3750000000;43.0000000000
-1.5300000000;-1.3872000000;-5.8140000000;-31.6837500000;11.1562500000;19.5712500000;17.7500000000;-4.8750000000;43.1875000000
-0.3366000000;-2.0808000000;-7.5072000000;11.7300000000;39.0787500000;20.5275000000;16.8750000000;-6.7500000000;44.0625000000
-1.6218000000;-1.6524000000;-7.1094000000;50.0437500000;55.9725000000;23.5237500000;15.0625000000;-6.7500000000;43.2500000000
-0.3468000000;-3.1722000000;-8.3844000000;-17.0850000000;21.4200000000;16.3837500000;15.0625000000;-6.7500000000;43.2500000000
-0.3264000000;-2.3562000000;-7.6704000000;17.0212500000;34.1700000000;10.7100000000;13.0625000000;-4.8750000000;44.0625000000
-0.8874000000;-2.7234000000;-6.9870000000;-0.3187500000;5.4187500000;2.0400000000;11.2500000000;-4.8750000000;45.2500000000
-0.3876000000;-1.5504000000;-9.1086000000;-16.9575000000;-17.6587500000;-19.2525000000;10.8750000000;-4.8750000000;44.8750000000
-0.8568000000;-0.6834000000;-9.3840000000;-38.3775000000;-13.0050000000;-7.6500000000;10.8750000000;-4.8750000000;44.8750000000
-0.9792000000;-1.9788000000;-9.4248000000;-37.4212500000;-6.9487500000;9.1162500000;11.2500000000;-4.8750000000;45.0000000000
-0.5100000000;-2.5194000000;-9.7308000000;-1.1475000000;-6.0562500000;4.0800000000;11.5625000000;-6.7500000000;43.7500000000
-1.4280000000;-0.1530000000;-9.3636000000;-14.7900000000;-10.4550000000;-12.6225000000;11.8750000000;-7.1875000000;44.0625000000
-1.1628000000;-1.4994000000;-9.7512000000;-43.1587500000;-15.7462500000;13.1325000000;11.8750000000;-7.8750000000;44.0625000000
-1.0812000000;-1.2342000000;-9.8940000000;-15.8100000000;-8.2875000000;4.7175000000;11.8750000000;-7.8750000000;44.0625000000
-1.1628000000;-1.1832000000;-9.4452000000;-14.9812500000;-7.5225000000;-1.4025000000;12.6875000000;-9.0000000000;43.7500000000
-1.3974000000;-1.0200000000;-9.4656000000;-25.6912500000;-8.4787500000;1.8487500000;13.0000000000;-10.0625000000;43.6875000000
-1.1628000000;-1.1118000000;-9.4962000000;-0.2550000000;-7.9687500000;3.7612500000;14.5000000000;-11.2500000000;45.2500000000
-1.2240000000;-0.9996000000;-10.0164000000;4.2712500000;-8.8612500000;2.1675000000;13.7500000000;-11.5625000000;44.0625000000
-1.3770000000;-0.4182000000;-10.4040000000;-10.5825000000;-8.4150000000;-2.6137500000;13.7500000000;-11.5625000000;44.0625000000
-1.4892000000;-1.2138000000;-9.9654000000;-13.8975000000;0.3825000000;5.9287500000;13.7500000000;-10.7500000000;43.2500000000
-1.4586000000;-1.0098000000;-9.5166000000;12.9412500000;3.5062500000;0.4462500000;14.5000000000;-11.5625000000;43.7500000000
-1.6116000000;-0.3978000000;-10.1592000000;4.5900000000;-2.7412500000;3.2512500000;14.8750000000;-12.1875000000;43.0000000000
-1.3566000000;-1.3464000000;-10.0470000000;-14.4075000000;-2.8687500000;5.6100000000;13.7500000000;-11.5000000000;42.5625000000
-1.5708000000;-1.0812000000;-9.5472000000;-2.8050000000;-2.0400000000;0.0637500000;13.7500000000;-11.5000000000;42.5625000000
-1.3668000000;-0.8364000000;-9.7206000000;0.9562500000;-2.6775000000;1.9125000000;13.3750000000;-11.8750000000;43.2500000000
-1.6116000000;-0.9078000000;-9.8532000000;-0.3187500000;-2.8687500000;4.2712500000;14.5000000000;-12.2500000000;42.5000000000
-1.2546000000;-1.2444000000;-9.8532000000;-7.9687500000;-4.2712500000;3.8250000000;14.0625000000;-12.2500000000;43.2500000000
-1.7136000000;-0.7038000000;-9.4962000000;4.0800000000;2.1037500000;0.3825000000;14.8750000000;-12.6875000000;43.0000000000
-1.6524000000;-1.3260000000;-9.4350000000;0.4462500000;-3.1875000000;2.5500000000;14.8750000000;-12.6875000000;43.0000000000
-1.6014000000;-0.6936000000;-9.6798000000;5.8012500000;-2.7412500000;-1.5300000000;14.5000000000;-12.2500000000;43.0000000000
-1.5708000000;-1.0404000000;-9.5268000000;-8.9250000000;-4.1437500000;-0.7012500000;14.8750000000;-12.6875000000;42.5000000000
-1.6830000000;-0.8772000000;-9.6288000000;-4.7812500000;-5.6737500000;-1.5300000000;14.0625000000;-11.5625000000;43.2500000000
-1.5912000000;-0.8568000000;-9.6492000000;-5.4825000000;-4.8450000000;-0.9562500000;15.5625000000;-12.6875000000;43.0000000000
-1.7646000000;-0.7446000000;-9.7206000000;0.9562500000;-4.5262500000;-0.3187500000;15.5625000000;-12.6875000000;43.0000000000
-1.7238000000;-0.8568000000;-10.1694000000;-4.0800000000;-7.3312500000;1.4025000000;15.5625000000;-13.3750000000;42.5000000000
-1.7646000000;-0.9282000000;-9.8226000000;-3.3150000000;0.3825000000;-0.1912500000;15.5625000000;-13.3750000000;43.0000000000
-1.8870000000;-0.6324000000;-9.7206000000;1.9762500000;-0.3187500000;-0.7012500000;16.0000000000;-14.0625000000;41.2500000000
-1.6932000000;-0.9486000000;-10.1184000000;-2.1675000000;-3.3787500000;1.3387500000;15.1875000000;-14.1875000000;43.0000000000
-1.8972000000;-0.7752000000;-9.7308000000;-1.8487500000;1.3387500000;-0.7012500000;15.1875000000;-14.1875000000;43.0000000000
-1.9380000000;-0.5916000000;-9.4146000000;-4.0800000000;-0.4462500000;-2.3587500000;16.0000000000;-14.5000000000;42.5625000000
-1.7340000000;-0.6936000000;-9.8124000000;-1.7212500000;-3.9525000000;-0.8925000000;16.3750000000;-13.6875000000;41.7500000000
-1.8564000000;-0.5202000000;-9.8124000000;-3.7612500000;-0.7012500000;-0.4462500000;16.3750000000;-13.6875000000;41.7500000000
-1.7646000000;-0.8568000000;-9.5370000000;-1.8487500000;0.5737500000;0.9562500000;16.0000000000;-13.2500000000;42.0625000000
-1.8870000000;-0.5610000000;-9.8022000000;2.1037500000;-1.2750000000;-0.1912500000;16.0000000000;-13.2500000000;42.0625000000
-1.7850000000;-0.6120000000;-9.8736000000;-1.5300000000;1.0200000000;1.2112500000;16.3750000000;-14.5000000000;41.7500000000
-1.8054000000;-0.4998000000;-9.7104000000;-5.9925000000;4.2712500000;1.4662500000;16.0000000000;-14.0625000000;42.5625000000
-1.8258000000;-0.7752000000;-9.2004000000;-6.9487500000;2.9962500000;1.6575000000;16.0000000000;-14.7500000000;41.7500000000
-1.9176000000;-0.4488000000;-9.5778000000;-5.8012500000;-6.8212500000;0.7012500000;14.5000000000;-14.5000000000;41.7500000000
-1.4382000000;-0.9078000000;-9.9756000000;-8.7975000000;-3.3150000000;2.1037500000;14.5000000000;-14.5000000000;41.7500000000
-1.9380000000;-0.4488000000;-9.2310000000;-0.1275000000;2.1037500000;-2.8687500000;15.1875000000;-14.7500000000;41.7500000000
-1.8360000000;-0.2244000000;-9.7308000000;0.3187500000;-5.0362500000;0.0637500000;16.6875000000;-15.5000000000;41.3750000000
-1.7952000000;-0.6936000000;-9.9348000000;-8.1600000000;-1.4025000000;2.8050000000;16.0000000000;-14.7500000000;41.0625000000
-1.9176000000;-0.6324000000;-9.5472000000;1.8487500000;-2.2312500000;-4.7175000000;16.0000000000;-15.1875000000;42.2500000000
-1.8054000000;-0.2754000000;-9.7716000000;0.4462500000;-1.1475000000;-2.1675000000;16.0000000000;-15.1875000000;42.2500000000
-1.9176000000;-0.3570000000;-9.5982000000;-1.2112500000;-4.0800000000;-0.0637500000;16.0000000000;-15.1875000000;42.5625000000
-1.7850000000;-0.2754000000;-9.9756000000;-1.3387500000;-2.8050000000;0.3825000000;16.3750000000;-15.8750000000;42.5625000000
-1.8972000000;-0.6222000000;-9.7614000000;-7.2675000000;-0.6375000000;0.5100000000;16.3750000000;-15.5000000000;42.1875000000
-1.8972000000;-0.4284000000;-9.5982000000;4.3987500000;-1.2112500000;-3.1237500000;16.0000000000;-15.5000000000;42.5625000000
-1.9584000000;-0.2550000000;-9.7002000000;-2.6137500000;-2.4862500000;-0.1912500000;16.0000000000;-15.5000000000;42.5625000000
-1.8666000000;-0.5712000000;-9.8940000000;0.7650000000;-1.5300000000;-1.5937500000;16.0000000000;-15.1875000000;41.3750000000
-1.9278000000;-0.3774000000;-9.8940000000;-1.9125000000;-0.0637500000;-0.3825000000;16.6875000000;-13.6875000000;42.0625000000
-1.8972000000;-0.4998000000;-9.6084000000;0.9562500000;1.3387500000;-1.2750000000;16.6875000000;-15.1875000000;42.5000000000
-1.9176000000;-0.3672000000;-9.7104000000;-2.0400000000;-2.8687500000;-0.6375000000;16.6875000000;-15.1875000000;42.5000000000
-1.8972000000;-0.4590000000;-9.8124000000;-0.5100000000;-0.7650000000;-1.2112500000;17.0625000000;-15.5000000000;42.0625000000
-1.9686000000;-0.2244000000;-9.6696000000;-0.0637500000;0.7650000000;-1.8487500000;17.5000000000;-15.5000000000;42.0625000000
-1.9380000000;-0.4182000000;-9.5370000000;-4.0800000000;-1.0200000000;1.0837500000;17.0625000000;-15.5000000000;42.0625000000
-1.8972000000;-0.3468000000;-9.6798000000;3.6337500000;-0.7650000000;-1.5300000000;16.6875000000;-15.1875000000;42.5000000000
-1.9176000000;-0.1734000000;-9.7002000000;-0.4462500000;-1.0200000000;0.6375000000;16.6875000000;-15.1875000000;42.5000000000
-1.9380000000;-0.5814000000;-9.9246000000;-7.2037500000;-0.7012500000;2.4225000000;16.6875000000;-14.7500000000;40.5625000000
-1.9584000000;-0.4386000000;-9.6084000000;1.0837500000;1.0200000000;-0.5100000000;17.0625000000;-15.8750000000;41.7500000000
-1.9278000000;-0.2142000000;-9.8736000000;-1.7850000000;-1.0200000000;0.8287500000;17.0625000000;-16.2500000000;40.5625000000
-1.9584000000;-0.3570000000;-9.6900000000;0.1912500000;0.7650000000;0.8925000000;16.6875000000;-15.1875000000;40.1875000000
-1.9176000000;-0.4590000000;-9.7206000000;-0.4462500000;1.2112500000;0.2550000000;16.6875000000;-15.1875000000;40.1875000000
-1.9584000000;-0.3468000000;-9.5472000000;0.9562500000;-0.6375000000;-1.4025000000;16.6875000000;-15.8750000000;42.0625000000
-1.9482000000;-0.1734000000;-9.7614000000;0.7012500000;-0.1912500000;0.0637500000;17.8750000000;-15.8750000000;41.7500000000
-1.9074000000;-0.5508000000;-9.6288000000;-3.2512500000;-0.2550000000;1.0200000000;17.5000000000;-15.8750000000;41.3750000000
-1.9482000000;-0.3366000000;-9.5370000000;2.6137500000;-1.1475000000;-1.4662500000;16.6875000000;-15.5000000000;41.8750000000
-1.9482000000;-0.0918000000;-9.7512000000;0.3825000000;-2.1675000000;-0.3187500000;16.6875000000;-15.5000000000;41.8750000000
-1.8870000000;-0.3774000000;-9.8328000000;-0.7012500000;1.0200000000;1.4025000000;17.0625000000;-15.5000000000;42.0625000000
-1.9686000000;-0.4284000000;-9.5982000000;1.4025000000;-1.7850000000;-0.5100000000;17.0625000000;-16.2500000000;41.7500000000
-1.9686000000;-0.2040000000;-9.7308000000;2.2312500000;-1.5937500000;-0.9562500000;16.6875000000;-15.8750000000;41.3750000000
-1.9380000000;-0.2652000000;-9.8124000000;0.1275000000;-1.9762500000;0.5737500000;17.0625000000;-15.8750000000;41.7500000000
-1.9890000000;-0.2550000000;-9.6798000000;1.4025000000;-0.8287500000;0.8925000000;17.0625000000;-15.8750000000;41.7500000000
-1.9074000000;-0.3570000000;-9.8532000000;0.7650000000;0.1275000000;0.1912500000;16.6875000000;-15.8750000000;41.0000000000
-2.0604000000;-0.2958000000;-9.4962000000;-1.1475000000;-0.5737500000;0.9562500000;17.5000000000;-15.8750000000;42.0625000000
-1.9788000000;-0.3366000000;-9.7512000000;2.0400000000;-1.1475000000;0.3825000000;17.0625000000;-15.5000000000;41.7500000000
-1.9788000000;-0.3060000000;-9.7410000000;-0.0637500000;-0.0637500000;1.7212500000;17.0625000000;-15.1875000000;41.0000000000
-1.9992000000;-0.5100000000;-9.7920000000;-1.4662500000;0.0000000000;2.1037500000;17.0625000000;-15.1875000000;41.0000000000
-1.9686000000;-0.5406000000;-9.6084000000;4.3987500000;0.8287500000;-0.5100000000;17.5000000000;-15.1875000000;41.8750000000
-1.9686000000;-0.2754000000;-9.9144000000;-0.8287500000;-1.9762500000;1.9762500000;17.5000000000;-15.5000000000;41.5000000000
-2.0298000000;-0.6834000000;-9.5268000000;0.2550000000;1.6575000000;0.2550000000;17.5000000000;-15.8750000000;41.8750000000
-1.9788000000;-0.2040000000;-9.7104000000;2.7412500000;-0.6375000000;0.1912500000;17.0625000000;-15.5000000000;42.1875000000
-1.9380000000;-0.6936000000;-9.4554000000;-1.4025000000;0.6375000000;0.8925000000;17.0625000000;-15.5000000000;42.1875000000
-1.9992000000;-0.2040000000;-9.7920000000;2.2950000000;-1.9125000000;-0.0637500000;17.5000000000;-14.7500000000;40.5000000000
-1.9380000000;-0.5814000000;-9.5574000000;-4.9087500000;0.9562500000;0.3825000000;16.6875000000;-16.2500000000;40.0625000000
-2.0604000000;-0.2754000000;-9.5370000000;3.2512500000;-1.9125000000;-0.2550000000;17.5000000000;-15.8750000000;41.3750000000
-1.9584000000;-0.3570000000;-9.8634000000;-3.0600000000;-1.5300000000;1.4025000000;17.0625000000;-14.5000000000;41.8750000000
-2.0400000000;-0.6120000000;-9.5166000000;-2.6137500000;-0.5100000000;0.0637500000;17.0625000000;-14.5000000000;41.8750000000
-2.0706000000;-0.2856000000;-9.6288000000;0.8287500000;-1.9125000000;-0.7650000000;17.0625000000;-13.6875000000;41.8750000000
-1.9788000000;-0.3876000000;-9.7818000000;-2.0400000000;-1.9762500000;0.9562500000;17.8750000000;-15.8750000000;41.0625000000
-1.9788000000;-0.5916000000;-9.6084000000;-0.7012500000;-1.1475000000;-0.6375000000;16.6875000000;-15.5000000000;42.6875000000
-2.0604000000;-0.1632000000;-9.5880000000;1.0837500000;-1.7212500000;-1.2750000000;17.0625000000;-16.2500000000;39.8750000000
-1.9686000000;-0.5100000000;-9.7716000000;-3.7612500000;-1.9125000000;1.4025000000;17.0625000000;-16.2500000000;39.8750000000
-2.1012000000;-0.4182000000;-9.6696000000;2.9962500000;-0.8925000000;-1.2112500000;17.8750000000;-16.2500000000;40.1875000000
-2.0604000000;-0.2346000000;-9.8022000000;-2.9325000000;-0.2550000000;0.1275000000;17.8750000000;-16.2500000000;41.0625000000
-2.1624000000;-0.3876000000;-9.5268000000;-0.7012500000;-1.9762500000;0.0637500000;17.0625000000;-15.8750000000;41.0625000000
-2.0604000000;-0.1428000000;-9.7410000000;1.6575000000;-1.5937500000;-0.0637500000;17.5000000000;-15.5000000000;42.1875000000
-2.0604000000;-0.4896000000;-9.6798000000;-1.2112500000;-0.5737500000;0.1912500000;17.5000000000;-15.5000000000;42.1875000000
-2.1420000000;-0.2142000000;-9.5268000000;3.0600000000;-1.8487500000;-0.1275000000;17.8750000000;-16.2500000000;41.3750000000
-2.0400000000;-0.4182000000;-9.5982000000;-3.1875000000;-2.0400000000;0.1275000000;18.5000000000;-15.5000000000;41.0625000000
-2.0706000000;-0.1734000000;-9.6186000000;-0.4462500000;-2.0400000000;0.2550000000;18.1875000000;-15.5000000000;42.1875000000
-2.0094000000;-0.3468000000;-9.3534000000;-4.3987500000;-0.5737500000;0.7012500000;17.5000000000;-16.6875000000;40.6875000000
-1.9788000000;-0.2652000000;-9.2004000000;-10.0725000000;-2.1675000000;0.6375000000;17.5000000000;-16.6875000000;40.6875000000
-1.9176000000;-0.2754000000;-8.6904000000;-8.2237500000;-4.0162500000;-2.0400000000;17.5000000000;-14.5000000000;41.3750000000
-1.8870000000;-0.1632000000;-8.3742000000;-7.5862500000;-6.8212500000;-2.4862500000;17.5000000000;-16.2500000000;40.1875000000
-1.8666000000;-0.3468000000;-7.7316000000;-20.5912500000;-8.2237500000;-5.4187500000;17.8750000000;-16.6875000000;41.0625000000
-1.7952000000;-0.6732000000;-6.6504000000;-29.1975000000;-11.8575000000;-15.3000000000;17.8750000000;-16.6875000000;41.0625000000
-1.8666000000;-0.8772000000;-4.9368000000;-51.6375000000;-19.1250000000;-35.1900000000;18.5000000000;-17.0000000000;39.8750000000
-2.9682000000;1.8666000000;-5.7120000000;1.4662500000;-46.4737500000;-40.8637500000;18.5000000000;-17.7500000000;39.8750000000
-2.5296000000;-0.0510000000;-5.0796000000;-35.1900000000;-50.2350000000;-2.7412500000;20.7500000000;-18.5000000000;39.8750000000
-3.9984000000;-0.7548000000;-4.8450000000;-77.9025000000;-66.7462500000;-28.6875000000;22.5625000000;-18.5000000000;37.8750000000
-4.7328000000;-1.2342000000;-4.7634000000;-33.0862500000;-79.9425000000;-32.6400000000;22.5625000000;-18.5000000000;37.8750000000
-6.0180000000;0.5610000000;-6.6402000000;11.4750000000;-93.5850000000;-51.7650000000;24.0625000000;-20.6875000000;36.6875000000
-7.9662000000;0.8874000000;-6.6810000000;-22.8225000000;-96.9000000000;-58.3950000000;28.8750000000;-20.6875000000;34.3750000000
-7.5072000000;-0.4896000000;-6.7218000000;-45.7087500000;-100.1512500000;-50.0437500000;32.1875000000;-18.7500000000;31.5625000000
-9.4350000000;0.0510000000;-5.1102000000;-37.4212500000;-92.3100000000;-70.0612500000;35.5000000000;-17.3750000000;28.0625000000
-9.7920000000;0.2856000000;-6.9870000000;11.9850000000;-116.4075000000;-55.0800000000;35.5000000000;-17.3750000000;28.0625000000
-10.4754000000;-0.7140000000;-5.4264000000;-11.3475000000;-98.3662500000;-55.0800000000;38.8750000000;-17.7500000000;24.8750000000
-11.9544000000;0.3570000000;-7.9050000000;5.9925000000;-134.0025000000;-55.9725000000;40.6875000000;-15.1875000000;21.5000000000
-10.4244000000;-0.8976000000;-7.4766000000;-0.5737500000;-122.2725000000;-43.7325000000;43.0000000000;-11.7500000000;17.5000000000
-11.8014000000;0.9894000000;-8.4150000000;10.9012500000;-121.8900000000;-55.9725000000;45.5000000000;-11.1875000000;13.0625000000
-12.3012000000;1.3158000000;-8.3436000000;21.1012500000;-101.8087500000;-29.1337500000;45.5000000000;-11.1875000000;13.0625000000
-10.7814000000;-1.3158000000;-6.5382000000;12.6862500000;-82.6837500000;-15.3637500000;46.2500000000;-7.3750000000;9.5000000000
-11.2914000000;0.0510000000;-6.1812000000;23.7150000000;-79.3687500000;-21.4200000000;47.6875000000;-6.6875000000;5.1875000000
-11.3016000000;-0.6324000000;-6.7218000000;-8.0325000000;-76.3087500000;-9.4350000000;47.3750000000;-5.1875000000;2.7500000000
-10.0980000000;-1.2852000000;-6.1812000000;-32.9587500000;-48.1312500000;-15.1087500000;47.2500000000;-3.0000000000;-1.0625000000
-10.3326000000;-0.8568000000;-4.8042000000;11.2200000000;-19.6987500000;-11.7300000000;47.2500000000;-3.0000000000;-1.0625000000
-9.5370000000;-0.5304000000;-5.2020000000;8.3512500000;-27.5400000000;-21.4200000000;47.6875000000;-2.6875000000;-1.8750000000
-9.9858000000;-0.4080000000;-4.0392000000;39.6525000000;-6.2475000000;-11.4112500000;47.2500000000;-1.5000000000;-2.8750000000
-10.4244000000;-0.5508000000;-2.9580000000;15.7462500000;-6.1837500000;-4.2075000000;47.5625000000;-0.2500000000;-3.5625000000
-9.9042000000;-1.2954000000;-2.8560000000;-19.2525000000;-18.0412500000;-0.3825000000;48.3750000000;0.0000000000;-2.0000000000
-9.6900000000;-1.1628000000;-2.4072000000;24.6712500000;-6.5662500000;7.8412500000;48.3750000000;0.0000000000;-2.0000000000
-9.5574000000;-1.9890000000;-1.9074000000;-2.2950000000;-6.2475000000;11.0287500000;47.5625000000;-0.7500000000;-4.0000000000
-9.6390000000;-2.1930000000;-1.5504000000;-15.5550000000;-12.3037500000;-0.6375000000;47.1875000000;-2.6875000000;-4.3750000000
-9.6186000000;-1.5198000000;-1.5504000000;26.7750000000;-8.6062500000;-2.6775000000;47.5000000000;-2.6875000000;-4.0000000000
-9.6390000000;-1.6626000000;-1.3668000000;29.2612500000;-5.2275000000;1.6575000000;46.7500000000;-1.1875000000;-6.3750000000
-9.6288000000;-1.5912000000;-1.4688000000;-1.5937500000;-7.2675000000;-5.9287500000;46.7500000000;-1.1875000000;-6.3750000000
-9.9246000000;-1.2852000000;-1.1628000000;11.9850000000;-4.0162500000;-0.5100000000;46.7500000000;-1.1875000000;-7.1875000000
-9.8328000000;-1.5198000000;-1.5708000000;13.3237500000;-9.9450000000;4.3350000000;47.1875000000;-0.7500000000;-5.1875000000
-9.5166000000;-1.8156000000;-1.7544000000;9.0525000000;-8.2875000000;1.9762500000;47.1875000000;-1.5000000000;-6.0000000000
-9.6594000000;-1.5300000000;-1.7952000000;13.4512500000;-0.6375000000;-0.5737500000;47.1875000000;-1.8750000000;-6.7500000000
-9.8328000000;-1.7952000000;-1.1118000000;6.5025000000;4.5262500000;2.4225000000;47.1875000000;-1.8750000000;-6.7500000000
-9.6900000000;-1.8972000000;-1.3770000000;-2.9325000000;-1.4662500000;-2.8050000000;47.1875000000;-0.7500000000;-7.1875000000
-9.7206000000;-1.6422000000;-1.4076000000;9.1162500000;1.3387500000;-0.6375000000;47.5000000000;-1.5000000000;-6.0000000000
-9.6492000000;-2.0502000000;-1.4484000000;-4.5900000000;2.1037500000;-1.5937500000;47.5000000000;-3.0000000000;-6.3750000000
-9.8226000000;-1.5504000000;-1.0710000000;7.2037500000;5.0362500000;-6.3750000000;47.1875000000;-1.8750000000;-7.1875000000
-9.7818000000;-1.5198000000;-1.1628000000;0.7012500000;-0.7650000000;-2.9325000000;47.1875000000;-1.8750000000;-7.1875000000
-9.8124000000;-1.6728000000;-1.3566000000;0.8287500000;2.6775000000;-2.4862500000;47.1875000000;-0.7500000000;-6.3750000000
-9.7512000000;-1.5606000000;-1.0506000000;6.3112500000;-1.0200000000;-1.0200000000;46.7500000000;-2.6875000000;-5.5625000000
-9.6390000000;-1.6626000000;-1.5810000000;0.2550000000;-3.7612500000;1.5937500000;46.7500000000;-1.1875000000;-6.7500000000
-9.7818000000;-1.6218000000;-1.3566000000;6.6937500000;2.1037500000;0.4462500000;46.3750000000;-3.2500000000;-6.3750000000
-9.8532000000;-1.7136000000;-1.0812000000;2.3587500000;0.0000000000;-0.3825000000;46.3750000000;-3.2500000000;-6.3750000000
-9.6390000000;-1.6422000000;-1.4178000000;8.7337500000;-2.3587500000;3.7612500000;47.1875000000;-3.0000000000;-7.1875000000
-9.6798000000;-1.9890000000;-1.3974000000;-0.1912500000;-0.1912500000;3.7612500000;47.5000000000;-1.1875000000;-5.1875000000
-9.7002000000;-2.0706000000;-1.3668000000;2.0400000000;0.5737500000;0.1275000000;47.5000000000;-1.8750000000;-5.1875000000
-9.7002000000;-1.7442000000;-1.3056000000;16.2562500000;3.6975000000;-1.1475000000;46.7500000000;-1.5000000000;-6.0000000000
-9.7002000000;-1.7238000000;-1.2648000000;14.0250000000;1.5300000000;0.3825000000;46.7500000000;-1.5000000000;-6.0000000000
-9.8226000000;-1.6932000000;-1.3770000000;33.2137500000;5.1637500000;4.0162500000;47.8750000000;-1.1875000000;-5.5625000000
-9.9654000000;-1.4688000000;-1.0608000000;48.0037500000;6.6300000000;7.7137500000;46.7500000000;-1.1875000000;-5.5625000000
-9.5574000000;-1.7952000000;-1.3974000000;59.5425000000;-0.5100000000;14.3437500000;47.1875000000;-2.6875000000;-6.7500000000
-9.3228000000;-1.7544000000;-0.9486000000;41.3737500000;-0.7650000000;8.4787500000;47.1875000000;-2.6875000000;-6.7500000000
-10.0266000000;-1.2138000000;-1.1322000000;28.7512500000;0.3825000000;7.7137500000;47.1875000000;-2.6875000000;-4.7500000000
-9.6390000000;-1.5810000000;-1.0608000000;26.6475000000;1.6575000000;9.1800000000;47.1875000000;-4.0625000000;-5.1875000000
-9.8124000000;-1.6116000000;-1.1730000000;-7.9687500000;-0.9562500000;1.4662500000;46.7500000000;-3.6875000000;-5.1875000000
-9.6798000000;-1.6830000000;-1.4178000000;-3.3150000000;-0.5737500000;-1.0837500000;47.5000000000;-4.7500000000;-5.1875000000
-9.8328000000;-1.6422000000;-1.0302000000;7.9687500000;2.3587500000;2.9962500000;47.5000000000;-4.7500000000;-5.1875000000
-9.8430000000;-1.5912000000;-1.2036000000;-3.2512500000;-1.5300000000;-2.2312500000;46.0625000000;-4.0625000000;-5.5625000000
-9.6900000000;-1.5402000000;-1.1526000000;-11.7300000000;-1.7850000000;-4.5900000000;47.8750000000;-4.5000000000;-4.7500000000
-9.8226000000;-1.7442000000;-1.0710000000;-9.1800000000;1.0200000000;-0.6375000000;47.1875000000;-4.0625000000;-5.1875000000
-9.8124000000;-1.6218000000;-1.0404000000;3.9525000000;1.0200000000;-2.2312500000;47.1875000000;-4.5000000000;-5.5625000000
-9.8124000000;-1.3158000000;-1.0710000000;-12.3037500000;-2.9325000000;-4.3350000000;47.1875000000;-4.5000000000;-5.5625000000
-9.6594000000;-1.6626000000;-1.2852000000;-13.8975000000;-3.3150000000;0.5737500000;46.3750000000;-4.5000000000;-5.5625000000
-9.6798000000;-1.6422000000;-1.0914000000;-11.0287500000;-2.1037500000;-2.5500000000;47.1875000000;-3.6875000000;-5.1875000000
-9.7512000000;-1.6422000000;-1.0506000000;11.6662500000;-2.3587500000;0.7012500000;47.1875000000;-3.6875000000;-5.5625000000
-9.7104000000;-1.4484000000;-1.2138000000;6.7575000000;-0.9562500000;-0.1912500000;47.5000000000;-4.0625000000;-4.7500000000
-9.8430000000;-1.4076000000;-1.2138000000;-5.8012500000;-1.4025000000;1.4662500000;47.5000000000;-4.0625000000;-4.7500000000
-9.7104000000;-1.8564000000;-1.2240000000;2.1675000000;1.6575000000;-0.0637500000;46.7500000000;-4.0625000000;-6.0000000000
-9.9960000000;-1.1424000000;-1.6116000000;4.6537500000;0.2550000000;-1.5300000000;46.7500000000;-5.5625000000;-6.0000000000
-9.8022000000;-1.0404000000;-2.2440000000;3.3150000000;2.5500000000;2.1675000000;47.1875000000;-3.6875000000;-5.5625000000
-9.8736000000;-1.0404000000;-2.3154000000;1.1475000000;14.9812500000;2.6775000000;46.7500000000;-4.0625000000;-6.3750000000
-10.7508000000;-0.6222000000;-4.4880000000;7.5862500000;6.0562500000;2.1675000000;46.7500000000;-4.0625000000;-6.3750000000
-10.4244000000;0.0714000000;-5.7834000000;13.3237500000;29.8350000000;14.5987500000;46.3750000000;-4.0625000000;-5.1875000000
-11.2812000000;-0.4284000000;-6.9972000000;12.9412500000;45.8362500000;24.6075000000;46.7500000000;-5.1875000000;-4.7500000000
-11.7402000000;-0.5916000000;-7.6704000000;2.6775000000;70.1887500000;27.9862500000;46.7500000000;-6.6875000000;-2.5000000000
-12.0258000000;-0.8976000000;-9.0780000000;23.7787500000;91.9912500000;25.9462500000;47.1875000000;-8.5000000000;0.2500000000
-13.1988000000;-1.2852000000;-8.3538000000;55.5262500000;131.2612500000;29.3250000000;47.1875000000;-8.5000000000;0.2500000000
-12.9744000000;-2.6112000000;-8.2110000000;13.1325000000;138.0825000000;17.6587500000;46.8750000000;-9.2500000000;2.2500000000
-13.1274000000;-2.7846000000;-8.2722000000;36.0825000000;165.4312500000;-2.9962500000;46.0625000000;-9.6875000000;7.0000000000
-13.0968000000;-2.2848000000;-6.7626000000;45.5812500000;178.5637500000;-13.2600000000;45.0000000000;-10.7500000000;13.0000000000
-11.9952000000;-1.8870000000;-6.0486000000;58.5225000000;183.1537500000;-19.9537500000;43.0625000000;-10.7500000000;20.7500000000
-10.8528000000;-1.9278000000;-5.2326000000;52.6575000000;172.2525000000;-21.5475000000;43.0625000000;-10.7500000000;20.7500000000
-9.7308000000;-1.8054000000;-5.6508000000;41.1187500000;149.9400000000;-24.9900000000;40.2500000000;-10.0000000000;26.1875000000
-7.7214000000;-1.9380000000;-5.7834000000;-0.8925000000;149.1112500000;-17.4675000000;35.2500000000;-6.2500000000;31.5625000000
-7.2114000000;-1.8462000000;-4.2228000000;17.5312500000;145.0950000000;-13.7700000000;31.2500000000;-6.2500000000;34.7500000000
-5.2020000000;-2.6418000000;-4.7328000000;13.8337500000;110.5425000000;-6.7575000000;26.6875000000;-6.0000000000;38.3750000000
-3.7944000000;-1.9176000000;-5.2734000000;16.7025000000;105.6337500000;-17.2125000000;26.6875000000;-6.0000000000;38.3750000000
-2.9682000000;-0.9792000000;-3.0294000000;12.2400000000;100.0875000000;-15.8737500000;22.2500000000;-5.8750000000;41.8750000000
-1.9380000000;-1.4382000000;-3.2028000000;-40.4812500000;49.4700000000;-9.6262500000;18.1875000000;-4.3750000000;43.0625000000
-1.2138000000;-0.5304000000;-4.6002000000;-39.3975000000;27.0937500000;-0.0637500000;14.0625000000;-4.3750000000;44.0000000000
-1.1322000000;-1.6320000000;-5.2020000000;-40.2262500000;8.7337500000;10.5825000000;13.0000000000;-4.6875000000;44.5000000000
-0.6426000000;-3.1212000000;-7.9254000000;-9.8812500000;8.9887500000;-5.6737500000;13.0000000000;-4.6875000000;44.5000000000
-0.4080000000;-1.2444000000;-7.3440000000;30.9187500000;8.4150000000;-21.9300000000;13.0000000000;-6.5625000000;44.5625000000
-1.3056000000;-0.6936000000;-8.0172000000;-31.2375000000;-15.0450000000;-7.3312500000;13.0000000000;-6.5625000000;44.0625000000
-0.6018000000;-1.9176000000;-9.8430000000;-38.5050000000;-16.5112500000;-2.6137500000;12.5625000000;-5.8750000000;44.0625000000
-1.3260000000;-1.2954000000;-9.2922000000;16.8300000000;-3.0600000000;-5.8012500000;13.0000000000;-7.0000000000;44.5000000000
-1.4484000000;-0.8466000000;-9.5676000000;-21.8025000000;-21.2287500000;-1.9762500000;13.0000000000;-7.0000000000;44.5000000000
-1.4586000000;-1.1220000000;-10.6896000000;-50.5537500000;-23.3962500000;2.2950000000;13.6875000000;-6.5625000000;44.8750000000
-1.2342000000;-1.4382000000;-10.1286000000;-5.2912500000;-2.4862500000;-1.2112500000;14.5000000000;-8.3750000000;43.2500000000
-1.9074000000;-0.9792000000;-9.6798000000;-4.2712500000;-6.1837500000;1.7850000000;15.5625000000;-10.2500000000;44.0625000000
-1.4178000000;-0.8874000000;-10.2408000000;3.4425000000;-8.6700000000;2.0400000000;15.5625000000;-10.2500000000;44.0625000000
-1.9278000000;-0.9690000000;-9.7920000000;-6.5025000000;-5.5462500000;6.1200000000;15.1875000000;-10.2500000000;43.6875000000
-1.3158000000;-1.8972000000;-9.5064000000;-18.9975000000;-3.9525000000;2.6775000000;16.0000000000;-10.5625000000;44.0625000000
-1.7850000000;-1.2852000000;-9.6288000000;5.9287500000;-0.9562500000;-0.4462500000;15.5625000000;-11.0000000000;43.2500000000
-1.9482000000;-0.9486000000;-9.9450000000;8.6062500000;-1.3387500000;5.5462500000;16.2500000000;-11.5625000000;43.2500000000
-1.5606000000;-1.7034000000;-10.3020000000;-1.4025000000;-1.4025000000;5.2912500000;16.2500000000;-11.5625000000;43.2500000000
-1.8258000000;-1.0098000000;-9.5880000000;3.5062500000;1.7212500000;-0.6375000000;16.0000000000;-10.5625000000;43.2500000000
-1.8258000000;-0.9792000000;-10.0470000000;-13.8337500000;-7.2675000000;1.0200000000;16.2500000000;-11.0000000000;43.0000000000
-1.7748000000;-1.3158000000;-10.1694000000;-15.2362500000;-1.2750000000;1.8487500000;15.5625000000;-11.2500000000;43.2500000000
-1.8870000000;-1.0914000000;-9.6492000000;1.9125000000;3.5700000000;3.0600000000;16.6875000000;-11.5625000000;42.5625000000
-1.5810000000;-1.6116000000;-9.6390000000;-2.1675000000;1.5937500000;1.2112500000;16.6875000000;-11.5625000000;42.5625000000
-1.7442000000;-0.7446000000;-10.0674000000;10.2637500000;1.8487500000;0.5100000000;15.5625000000;-12.0000000000;42.5000000000
-1.6524000000;-1.2954000000;-9.6900000000;-11.6025000000;4.9725000000;0.5737500000;15.5625000000;-12.7500000000;42.0625000000
-1.7544000000;-1.1832000000;-9.5982000000;-10.7100000000;4.5900000000;-0.1275000000;16.0000000000;-12.0000000000;41.7500000000
-1.5912000000;-0.9792000000;-9.4860000000;3.6337500000;5.1637500000;-0.6375000000;15.5625000000;-11.0000000000;42.5000000000
-1.6422000000;-0.9996000000;-9.2922000000;-5.2275000000;2.6137500000;-1.9762500000;15.5625000000;-11.0000000000;42.5000000000
-1.4994000000;-0.7038000000;-9.3126000000;-0.4462500000;0.4462500000;-4.3350000000;15.1875000000;-11.2500000000;43.2500000000
-1.5198000000;-0.8874000000;-9.5268000000;-8.4787500000;-2.6775000000;0.7650000000;15.5625000000;-10.5625000000;42.5000000000
-1.6014000000;-0.7752000000;-9.5064000000;0.2550000000;-1.2112500000;-3.5062500000;15.1875000000;-12.3750000000;43.0000000000
-1.6932000000;-0.8262000000;-9.6900000000;-2.5500000000;-4.3987500000;-1.5300000000;15.5625000000;-12.3750000000;43.2500000000
-1.6422000000;-0.8466000000;-9.6492000000;-2.0400000000;-1.8487500000;-1.7212500000;15.5625000000;-12.3750000000;43.2500000000
-1.7136000000;-0.7446000000;-9.7308000000;-5.7375000000;-4.8450000000;-0.2550000000;15.1875000000;-12.7500000000;43.2500000000
-1.6014000000;-1.0812000000;-9.9042000000;-2.6137500000;-3.6337500000;-0.1912500000;16.0000000000;-12.3750000000;42.5000000000
-1.7544000000;-0.7344000000;-9.8532000000;4.9725000000;-0.5100000000;0.1912500000;16.0000000000;-12.0000000000;43.0000000000
-1.7952000000;-0.9588000000;-9.5166000000;-5.1000000000;0.4462500000;-0.3187500000;16.6875000000;-12.0000000000;42.0625000000
-1.8462000000;-0.6834000000;-9.4758000000;-0.9562500000;-2.0400000000;-0.8925000000;16.6875000000;-12.0000000000;42.0625000000
-1.7646000000;-0.7956000000;-9.7818000000;-3.6337500000;-5.2912500000;1.0837500000;15.5625000000;-12.3750000000;41.7500000000
-1.8564000000;-0.7446000000;-9.6798000000;-1.7850000000;-2.8050000000;0.2550000000;15.1875000000;-11.0000000000;42.5625000000
-1.8462000000;-0.6120000000;-9.8634000000;0.4462500000;-2.4862500000;0.1912500000;16.0000000000;-12.7500000000;42.5625000000
-1.7748000000;-0.7344000000;-9.8736000000;0.5100000000;-1.7212500000;2.4862500000;16.2500000000;-13.5000000000;43.0000000000
-1.8462000000;-0.6834000000;-9.8838000000;0.7012500000;-0.8925000000;1.0200000000;16.2500000000;-13.5000000000;43.0000000000
-1.8258000000;-0.8058000000;-9.7818000000;-1.5300000000;0.1275000000;2.3587500000;16.2500000000;-13.0625000000;41.2500000000
-1.7850000000;-0.9690000000;-9.7410000000;0.6375000000;1.5937500000;2.3587500000;16.6875000000;-13.0625000000;41.7500000000
-1.9380000000;-0.7344000000;-9.3636000000;4.2075000000;0.5100000000;0.5100000000;16.6875000000;-13.0625000000;42.0625000000
-1.7034000000;-0.8874000000;-9.8328000000;-5.4187500000;-1.7212500000;3.3150000000;16.2500000000;-12.7500000000;43.0000000000
-1.7646000000;-0.9282000000;-9.5982000000;-0.3825000000;-0.1912500000;0.9562500000;16.2500000000;-12.7500000000;43.0000000000
-1.9278000000;-0.5712000000;-9.6288000000;0.6375000000;-1.1475000000;0.7012500000;16.6875000000;-12.3750000000;42.5000000000
-1.7544000000;-1.1424000000;-10.0062000000;-4.9725000000;-2.5500000000;2.1675000000;16.2500000000;-13.0625000000;43.2500000000
-1.9278000000;-0.7344000000;-9.8022000000;2.1675000000;1.2112500000;-1.4025000000;16.2500000000;-13.5000000000;42.5625000000
-1.7646000000;-0.8364000000;-9.4860000000;0.1275000000;1.0837500000;-0.5100000000;17.0625000000;-13.0625000000;42.0625000000
-1.8972000000;-0.6936000000;-9.8124000000;-0.9562500000;-1.9125000000;-1.0837500000;17.0625000000;-13.0625000000;42.0625000000
-1.7952000000;-0.7446000000;-9.6900000000;4.0800000000;0.4462500000;0.3187500000;16.6875000000;-13.0625000000;42.0625000000
-1.7952000000;-0.8874000000;-9.8532000000;-3.3150000000;-1.2750000000;0.2550000000;16.0000000000;-13.5000000000;43.0000000000
-1.8462000000;-0.8568000000;-9.5268000000;1.4662500000;1.0200000000;-1.1475000000;16.6875000000;-13.5000000000;43.0000000000
-1.8972000000;-0.6222000000;-9.6084000000;-0.7012500000;-3.1875000000;-0.7650000000;16.2500000000;-13.8750000000;41.3750000000
-1.8768000000;-0.7242000000;-9.6084000000;-3.5062500000;-2.1675000000;0.0000000000;16.2500000000;-13.8750000000;41.3750000000
-1.8972000000;-0.7752000000;-9.8940000000;-1.0837500000;-1.1475000000;-0.0637500000;16.2500000000;-12.7500000000;43.0000000000
-1.8972000000;-0.7344000000;-9.5982000000;-1.7212500000;-0.3187500000;-0.1275000000;16.6875000000;-13.0625000000;42.5000000000
-1.8870000000;-0.7242000000;-9.7206000000;-3.4425000000;-1.1475000000;-0.1275000000;17.5000000000;-12.7500000000;43.2500000000
-1.8870000000;-0.6324000000;-9.5574000000;0.7012500000;-1.1475000000;-0.8925000000;16.6875000000;-13.8750000000;43.0000000000
-1.9176000000;-0.7344000000;-9.7512000000;-3.0600000000;-3.2512500000;0.1912500000;16.6875000000;-13.8750000000;43.0000000000
-1.9074000000;-0.7446000000;-9.7716000000;0.4462500000;-1.6575000000;0.0637500000;17.5000000000;-13.0625000000;43.0000000000
-1.9788000000;-0.7650000000;-9.8736000000;-1.4662500000;-2.8050000000;0.0000000000;17.5000000000;-13.0625000000;41.7500000000
-1.9482000000;-0.6426000000;-10.0674000000;1.3387500000;-1.7850000000;-0.7012500000;17.0625000000;-13.8750000000;41.2500000000
-1.9278000000;-0.7140000000;-9.7716000000;-2.2950000000;2.4225000000;-0.3825000000;17.0625000000;-13.8750000000;41.2500000000
-1.9380000000;-0.7854000000;-9.5268000000;-1.7850000000;0.5737500000;-1.8487500000;16.6875000000;-13.8750000000;43.0000000000
-1.9482000000;-0.4284000000;-9.8328000000;3.2512500000;-0.7650000000;-1.6575000000;16.2500000000;-13.5000000000;41.3750000000
-1.9380000000;-0.8976000000;-9.5676000000;-4.8450000000;1.0200000000;0.6375000000;16.6875000000;-13.5000000000;42.0625000000
-1.8462000000;-0.5610000000;-9.7206000000;5.8650000000;0.3825000000;-1.9762500000;16.6875000000;-13.0625000000;42.5625000000
-1.9992000000;-0.5304000000;-9.6594000000;2.3587500000;0.2550000000;-0.3825000000;16.6875000000;-13.0625000000;42.5625000000
-1.7952000000;-0.8466000000;-9.7410000000;-2.5500000000;-0.8925000000;1.0200000000;16.6875000000;-13.5000000000;41.7500000000
-1.9584000000;-0.5712000000;-9.4554000000;0.9562500000;-0.9562500000;-1.0200000000;17.0625000000;-13.8750000000;42.5625000000
-1.9278000000;-0.6834000000;-9.6900000000;-0.4462500000;-2.9962500000;1.5937500000;16.2500000000;-13.8750000000;42.5000000000
-1.8666000000;-0.8466000000;-9.6798000000;1.1475000000;0.1912500000;-0.1275000000;17.7500000000;-13.5000000000;41.7500000000
-1.8972000000;-0.5712000000;-9.5574000000;1.5300000000;-0.6375000000;-0.5100000000;17.7500000000;-13.5000000000;41.7500000000
-1.9992000000;-0.6324000000;-9.6492000000;-2.7412500000;-2.3587500000;1.9762500000;17.5000000000;-13.5000000000;41.7500000000
-1.9074000000;-0.9180000000;-9.7920000000;-1.4662500000;-1.1475000000;0.1275000000;16.6875000000;-13.0625000000;41.3750000000
-1.9788000000;-0.6426000000;-9.7206000000;1.9762500000;-0.5100000000;0.0000000000;17.5000000000;-13.8750000000;41.7500000000
-1.9380000000;-0.6426000000;-9.7920000000;-2.2312500000;-1.2112500000;0.3825000000;17.0625000000;-13.5000000000;42.1875000000
-2.0298000000;-0.6324000000;-9.4656000000;-0.5100000000;1.7850000000;-0.1912500000;17.0625000000;-13.5000000000;42.1875000000
-1.9074000000;-0.5814000000;-9.6900000000;4.7175000000;-2.1675000000;-0.1275000000;17.5000000000;-12.7500000000;42.5625000000
-1.9380000000;-0.7446000000;-10.0368000000;-0.5100000000;-1.2112500000;0.8925000000;17.0625000000;-14.2500000000;41.2500000000
-1.9584000000;-0.6936000000;-9.5064000000;-3.3787500000;3.8250000000;-0.3825000000;17.0625000000;-13.0625000000;42.5625000000
-1.9788000000;-0.5508000000;-9.0984000000;-1.4662500000;-0.7012500000;-1.2112500000;16.6875000000;-13.5000000000;41.7500000000
-1.9380000000;-0.5304000000;-9.8634000000;-2.9325000000;-4.5262500000;2.6775000000;16.6875000000;-13.5000000000;41.7500000000
-1.9482000000;-0.8058000000;-9.6288000000;-0.8925000000;0.6375000000;0.1275000000;17.0625000000;-12.7500000000;42.0625000000
-2.0298000000;-0.4284000000;-9.7920000000;-1.0837500000;-2.6775000000;2.0400000000;17.7500000000;-14.2500000000;43.0000000000
-1.9176000000;-0.9180000000;-9.8022000000;-1.2750000000;-0.0637500000;0.8925000000;17.5000000000;-13.0625000000;42.5000000000
-1.9992000000;-0.6324000000;-9.7512000000;0.8925000000;-0.9562500000;-0.5100000000;17.5000000000;-13.5000000000;41.3750000000
-2.0196000000;-0.6426000000;-9.7512000000;-3.2512500000;-0.2550000000;1.5300000000;17.5000000000;-13.5000000000;41.3750000000
-2.1114000000;-0.8058000000;-9.5574000000;-0.3825000000;-0.2550000000;0.3187500000;17.5000000000;-13.5000000000;41.6875000000
-1.9788000000;-0.6324000000;-9.7920000000;0.0637500000;-0.8287500000;-0.8925000000;17.7500000000;-13.8750000000;41.7500000000
-1.9584000000;-0.5406000000;-9.5778000000;-0.3825000000;-0.1912500000;0.9562500000;17.5000000000;-14.5625000000;41.7500000000
-1.9584000000;-0.7140000000;-9.6390000000;-1.5300000000;-1.3387500000;-0.1912500000;17.7500000000;-13.5000000000;40.5625000000
-1.9992000000;-0.4488000000;-9.8328000000;0.8925000000;-0.1912500000;-0.1912500000;17.7500000000;-13.5000000000;40.5625000000
-1.9788000000;-0.6732000000;-9.4656000000;-3.4425000000;1.2750000000;0.7012500000;17.0625000000;-13.5000000000;41.7500000000
-2.0094000000;-0.6120000000;-9.7206000000;1.3387500000;-3.3787500000;0.3187500000;17.7500000000;-13.8750000000;43.0000000000
-1.9788000000;-0.5508000000;-9.7002000000;-0.8925000000;0.0000000000;0.4462500000;17.7500000000;-14.5625000000;41.2500000000
-2.0502000000;-0.6732000000;-9.6084000000;-2.1037500000;-0.6375000000;0.2550000000;17.7500000000;-13.8750000000;41.0000000000
-1.9788000000;-0.5712000000;-9.7716000000;0.8925000000;-1.4025000000;-0.4462500000;17.7500000000;-13.8750000000;41.0000000000
-1.9686000000;-0.6120000000;-9.8022000000;-1.7850000000;0.5737500000;0.1912500000;17.7500000000;-13.0625000000;41.7500000000
-2.0196000000;-0.6018000000;-9.3636000000;0.4462500000;0.4462500000;-0.9562500000;17.5000000000;-14.5625000000;40.5625000000
-1.9890000000;-0.3774000000;-9.6594000000;-0.8925000000;-1.9125000000;-0.1912500000;18.5000000000;-13.5000000000;41.0000000000
-1.9278000000;-0.6018000000;-9.3024000000;-1.5937500000;0.6375000000;0.3187500000;17.0625000000;-14.2500000000;41.7500000000
-1.8870000000;-0.4896000000;-9.2208000000;-0.7012500000;-2.6775000000;-1.3387500000;17.0625000000;-14.2500000000;41.7500000000
-1.9176000000;-0.6630000000;-8.5476000000;-11.2837500000;-3.6337500000;-0.7012500000;17.5000000000;-13.5000000000;42.0625000000
-1.8972000000;-0.4998000000;-8.3334000000;-6.3112500000;-7.9050000000;-2.9962500000;17.7500000000;-14.5625000000;42.1875000000
-1.7136000000;-0.6222000000;-7.2012000000;-18.1687500000;-11.1562500000;-5.9287500000;17.5000000000;-14.2500000000;41.3750000000
-1.6218000000;-0.7650000000;-6.4872000000;-20.3362500000;-14.2800000000;-15.5550000000;18.5000000000;-15.2500000000;41.7500000000
-1.8972000000;-0.8364000000;-5.0286000000;-24.9900000000;-22.7587500000;-26.3925000000;18.5000000000;-15.2500000000;41.7500000000
-2.0094000000;-0.6732000000;-4.2024000000;-1.3387500000;-24.6075000000;-42.2662500000;18.0625000000;-15.6875000000;40.5625000000
-3.0090000000;0.9894000000;-3.4782000000;-20.7825000000;-45.3262500000;-44.1787500000;19.5625000000;-16.0625000000;39.5000000000
-4.1820000000;0.9894000000;-3.3150000000;-54.7612500000;-66.1087500000;-37.1662500000;21.5000000000;-15.2500000000;39.7500000000
-6.1710000000;0.0816000000;-3.6006000000;-81.9187500000;-97.8562500000;-39.6525000000;24.7500000000;-15.6875000000;37.0000000000
-8.0172000000;0.8568000000;-5.7018000000;-55.9725000000;-142.8637500000;-40.8000000000;24.7500000000;-15.6875000000;37.0000000000
-7.8948000000;-1.5912000000;-5.3142000000;-45.7725000000;-135.9150000000;-28.7512500000;27.3750000000;-17.6875000000;35.0000000000
-10.0572000000;-0.5508000000;-6.5586000000;11.0287500000;-148.9200000000;-58.2037500000;33.0000000000;-18.2500000000;30.2500000000
-10.9650000000;-2.1420000000;-5.7324000000;40.8637500000;-126.2250000000;-31.2375000000;36.5625000000;-17.6875000000;25.6875000000
-11.8014000000;-0.9384000000;-9.4044000000;27.9862500000;-171.4875000000;-63.3037500000;36.5625000000;-17.6875000000;25.6875000000
-12.5970000000;-0.7140000000;-8.5884000000;58.5225000000;-120.2325000000;-42.4575000000;40.2500000000;-15.7500000000;22.0625000000
-12.3420000000;-0.2754000000;-7.4868000000;70.6350000000;-120.7425000000;-41.3100000000;43.2500000000;-14.0000000000;17.7500000000
-12.4848000000;0.7650000000;-9.9450000000;21.9937500000;-137.8275000000;-26.9025000000;45.0000000000;-8.3750000000;13.8750000000
-11.7606000000;-1.4688000000;-10.9650000000;2.4862500000;-115.5150000000;-8.9887500000;46.5000000000;-6.1875000000;10.6875000000
-11.1486000000;-1.2750000000;-8.6088000000;12.4950000000;-73.9500000000;-15.9375000000;46.5000000000;-6.1875000000;10.6875000000
-11.9034000000;-1.5096000000;-4.4472000000;11.1562500000;-43.2862500000;-12.3037500000;47.0625000000;-4.3750000000;5.1875000000
-10.0776000000;-1.8156000000;-4.5594000000;-39.0150000000;-48.5775000000;-19.5712500000;47.1875000000;-4.0625000000;3.5625000000
-9.9960000000;0.0510000000;-4.7226000000;12.1125000000;-51.3825000000;-19.8262500000;47.5000000000;-3.6875000000;0.7500000000
-10.5774000000;-1.0098000000;-4.2330000000;18.4237500000;-44.5612500000;5.5462500000;47.5000000000;-2.6875000000;-2.2500000000
-9.8634000000;-1.8462000000;-4.4064000000;-13.2600000000;-39.3337500000;-9.8812500000;47.5000000000;-2.6875000000;-2.2500000000
-10.0164000000;-0.3978000000;-3.8658000000;1.5937500000;-15.8100000000;-3.6337500000;47.0625000000;-1.1875000000;-3.8750000000
-9.8328000000;-1.5912000000;-2.7438000000;-23.0775000000;-8.7975000000;0.3187500000;46.7500000000;-1.5000000000;-4.2500000000
-9.3738000000;-1.5300000000;-3.2334000000;-8.8612500000;-6.4387500000;-6.6937500000;47.8750000000;-1.5000000000;-5.8750000000
-9.7818000000;-1.4382000000;-1.5912000000;16.0650000000;8.0325000000;1.8487500000;46.7500000000;-0.7500000000;-5.0625000000
-9.6594000000;-2.4276000000;-1.0710000000;8.6062500000;3.2512500000;0.9562500000;46.7500000000;-0.7500000000;-5.0625000000
-9.8226000000;-1.9584000000;-0.7548000000;30.2175000000;-1.5937500000;-1.0837500000;48.5625000000;-1.1875000000;-7.0625000000
-9.6492000000;-1.3158000000;-1.2036000000;27.2212500000;-9.9450000000;0.7012500000;47.0625000000;-3.0000000000;-6.6875000000
-9.7410000000;-1.3974000000;-1.3158000000;12.2400000000;-11.4112500000;3.9525000000;46.7500000000;-1.5000000000;-5.0625000000
-9.8940000000;-1.4688000000;-1.4994000000;8.0962500000;-8.0325000000;2.9325000000;46.7500000000;-1.1875000000;-5.0625000000
-9.6186000000;-1.7340000000;-1.3464000000;4.8450000000;-2.8687500000;5.8650000000;46.7500000000;-1.1875000000;-5.0625000000
-9.8430000000;-1.4076000000;-1.2036000000;-3.7612500000;-1.0200000000;0.0637500000;47.5000000000;-1.8750000000;-5.5000000000
-9.7614000000;-1.7136000000;-1.2240000000;-2.2312500000;-1.2750000000;5.1637500000;47.0625000000;-1.5625000000;-6.6875000000
-9.5574000000;-2.1420000000;-1.2036000000;-7.5862500000;-4.0800000000;5.6100000000;47.0625000000;-2.3750000000;-6.2500000000
-9.7716000000;-1.7340000000;-1.3260000000;9.5625000000;2.1037500000;-1.6575000000;46.7500000000;-2.0000000000;-5.5000000000
-9.8328000000;-1.9788000000;-0.8976000000;0.3187500000;2.3587500000;0.2550000000;46.7500000000;-2.0000000000;-5.5000000000
-9.7410000000;-1.1526000000;-1.3158000000;-3.8887500000;-0.3187500000;-7.2675000000;46.7500000000;-2.7500000000;-5.8750000000
-9.8328000000;-1.6218000000;-0.8772000000;0.2550000000;2.8050000000;2.6775000000;47.0625000000;-2.3750000000;-7.0625000000
-9.8124000000;-2.0502000000;-1.2138000000;-7.4587500000;-2.9325000000;1.3387500000;46.3750000000;-3.0625000000;-7.5000000000
-9.7002000000;-1.2138000000;-1.0914000000;12.3037500000;2.1675000000;-4.5262500000;46.3750000000;-4.5625000000;-7.0625000000
-9.8736000000;-1.2852000000;-1.2342000000;3.4425000000;-1.1475000000;4.2075000000;46.3750000000;-4.5625000000;-7.0625000000
-9.7818000000;-1.9686000000;-0.8976000000;-0.3825000000;0.9562500000;3.6337500000;47.0625000000;-2.0000000000;-5.8750000000
-9.8532000000;-1.4892000000;-1.1730000000;12.6862500000;-1.2750000000;2.1675000000;46.7500000000;-3.7500000000;-6.6875000000
-9.6798000000;-1.8972000000;-1.2138000000;1.8487500000;-0.7012500000;4.7175000000;46.7500000000;-2.3750000000;-7.0625000000
-9.7512000000;-1.7034000000;-1.1016000000;8.8612500000;-0.0637500000;0.2550000000;47.0625000000;-3.7500000000;-6.6875000000
-9.7920000000;-1.6524000000;-1.1628000000;6.1200000000;0.3825000000;1.7850000000;47.0625000000;-3.7500000000;-6.6875000000
-9.8124000000;-1.7442000000;-1.2648000000;-4.5262500000;0.2550000000;-0.8287500000;47.0625000000;-2.7500000000;-6.6875000000
-9.9144000000;-1.3668000000;-0.8976000000;6.6300000000;2.1675000000;-0.4462500000;47.0625000000;-4.8750000000;-5.0625000000
-9.7410000000;-1.6422000000;-1.2750000000;-2.4862500000;-0.8287500000;0.4462500000;46.3750000000;-3.7500000000;-7.0625000000
-9.8022000000;-1.1526000000;-1.0608000000;5.2912500000;0.9562500000;-1.2112500000;47.0625000000;-2.7500000000;-6.2500000000
-9.7308000000;-2.1522000000;-1.1832000000;-4.5900000000;-0.3825000000;3.4425000000;47.0625000000;-2.7500000000;-6.2500000000
-9.8736000000;-1.2954000000;-0.9996000000;7.7775000000;1.7212500000;-3.2512500000;46.3750000000;-3.0625000000;-6.2500000000
-9.7920000000;-1.5810000000;-1.0302000000;3.3787500000;-0.5737500000;2.6137500000;46.7500000000;-3.0625000000;-6.2500000000
-9.5982000000;-1.7850000000;-1.0812000000;-0.8287500000;0.7650000000;-4.1437500000;47.0625000000;-2.0000000000;-6.2500000000
-9.8736000000;-1.3464000000;-0.8364000000;5.8012500000;-1.5937500000;3.7612500000;46.7500000000;-2.7500000000;-5.8750000000
-9.6390000000;-1.9686000000;-1.2648000000;-0.1275000000;-1.5937500000;-0.4462500000;46.7500000000;-2.7500000000;-5.8750000000
-9.8838000000;-1.3362000000;-1.2036000000;18.1050000000;1.1475000000;2.4862500000;46.3750000000;-3.0625000000;-7.0625000000
-9.7206000000;-1.5198000000;-1.4994000000;14.4075000000;-0.5737500000;4.2712500000;46.3750000000;-2.7500000000;-5.5000000000
-10.0878000000;-1.6320000000;-2.3664000000;25.4362500000;-0.2550000000;3.2512500000;47.8750000000;-2.7500000000;-6.6875000000
-10.3020000000;-0.9282000000;-2.9376000000;39.7800000000;18.4875000000;-2.2312500000;47.0625000000;-3.3750000000;-6.6875000000
-9.9144000000;-0.6528000000;-4.6206000000;19.8900000000;8.3512500000;10.5825000000;47.0625000000;-3.3750000000;-6.6875000000
-10.7406000000;-1.1526000000;-6.4158000000;50.2350000000;37.1662500000;16.7025000000;46.7500000000;-3.7500000000;-5.0625000000
-11.1792000000;-0.6324000000;-6.2118000000;42.6487500000;57.8850000000;9.7537500000;47.5000000000;-4.5625000000;-5.0625000000
-11.2812000000;-0.9384000000;-7.2828000000;32.0025000000;69.0412500000;17.2125000000;47.0625000000;-4.8750000000;-2.3750000000
-11.7096000000;-1.8564000000;-8.7822000000;-1.7212500000;89.7600000000;17.5312500000;47.0625000000;-4.8750000000;-2.3750000000
-12.2196000000;-1.5300000000;-7.4868000000;6.5662500000;132.3450000000;9.8175000000;47.0625000000;-6.7500000000;0.0000000000
-12.6582000000;-1.8258000000;-8.3538000000;-15.7462500000;136.1062500000;10.3275000000;47.0625000000;-9.7500000000;4.3750000000
-12.7704000000;-2.1828000000;-7.6296000000;-7.3312500000;164.7300000000;6.6300000000;46.3750000000;-9.0000000000;10.5625000000
-12.2400000000;-2.6112000000;-6.6198000000;3.7612500000;174.9300000000;2.1675000000;44.6875000000;-9.8750000000;16.5000000000
-11.4444000000;-1.7442000000;-7.0890000000;13.5787500000;173.7825000000;-13.1325000000;44.6875000000;-9.8750000000;16.5000000000
-10.4958000000;-2.0502000000;-5.5998000000;22.1212500000;185.2575000000;3.1237500000;41.6875000000;-10.1875000000;23.1875000000
-8.9556000000;-0.8670000000;-6.2526000000;-31.3012500000;157.1437500000;-13.7062500000;39.5625000000;-9.8750000000;28.2500000000
-7.6296000000;-1.5810000000;-5.5998000000;-41.3737500000;151.0875000000;12.5587500000;34.0625000000;-11.0000000000;32.1875000000
-6.2628000000;-2.3868000000;-5.6304000000;-86.9550000000;124.6312500000;2.2312500000;30.2500000000;-11.3750000000;35.3750000000
-5.3448000000;-0.9486000000;-5.4060000000;-47.1112500000;110.2237500000;-4.9087500000;30.2500000000;-11.3750000000;35.3750000000
-3.8760000000;-1.6626000000;-5.9058000000;-14.7262500000;95.6887500000;5.5462500000;25.7500000000;-14.6875000000;38.0625000000
-3.3966000000;0.2244000000;-5.3652000000;25.8187500000;92.1187500000;-8.2875000000;22.8750000000;-15.6875000000;39.2500000000
-2.5092000000;0.2142000000;-5.3142000000;8.1600000000;70.5712500000;6.2475000000;19.0625000000;-15.6875000000;41.2500000000
-1.4382000000;-1.2138000000;-5.9772000000;-18.1687500000;33.6600000000;-0.6375000000;15.3750000000;-15.0625000000;41.7500000000
-1.3260000000;0.0204000000;-6.5484000000;42.5850000000;37.4850000000;-5.0362500000;15.3750000000;-15.0625000000;41.7500000000
-1.0812000000;0.0000000000;-6.6810000000;23.6512500000;22.1212500000;4.1437500000;14.2500000000;-16.1875000000;42.5000000000
0.0816000000;0.2652000000;-7.5582000000;12.7500000000;2.8687500000;-2.9962500000;13.5000000000;-14.3750000000;45.3750000000
-1.1628000000;0.2958000000;-7.9050000000;-13.3875000000;-4.7812500000;4.3350000000;12.0625000000;-13.5625000000;42.0625000000
-0.4794000000;-0.6426000000;-8.8638000000;-41.4375000000;-19.8900000000;-0.3825000000;12.0625000000;-12.7500000000;43.3750000000
-0.7446000000;0.0816000000;-9.3432000000;6.3750000000;0.2550000000;1.2112500000;12.0625000000;-12.7500000000;43.3750000000
-1.1220000000;0.0612000000;-9.1902000000;-16.0650000000;-0.7012500000;1.2112500000;13.1875000000;-14.2500000000;42.1875000000
-1.0302000000;0.1938000000;-10.2306000000;-40.0987500000;-9.1162500000;-0.8925000000;12.6875000000;-15.5000000000;42.5625000000
-1.2240000000;0.4590000000;-9.5166000000;-29.2612500000;-10.9650000000;1.4025000000;13.0625000000;-14.7500000000;42.5625000000
-1.1016000000;0.1734000000;-10.0776000000;-32.2575000000;-17.4675000000;-0.0637500000;12.6875000000;-15.7500000000;41.0625000000
-1.4484000000;0.8976000000;-10.1388000000;-14.9812500000;-4.2075000000;-0.1275000000;12.6875000000;-15.7500000000;41.0625000000
-1.1526000000;0.5304000000;-9.9042000000;-5.4187500000;-5.1000000000;2.0400000000;14.5000000000;-17.2500000000;41.7500000000
-1.5198000000;0.7854000000;-9.6798000000;4.0162500000;-2.6137500000;-0.8287500000;14.1875000000;-19.1875000000;40.6875000000
-1.2546000000;0.8364000000;-9.7410000000;13.1325000000;-2.1037500000;2.9962500000;14.5000000000;-19.1875000000;41.0625000000
-1.4382000000;0.1836000000;-9.6696000000;-2.6775000000;-3.1875000000;3.5062500000;14.5000000000;-18.0625000000;40.5625000000
-1.2342000000;0.2652000000;-9.9246000000;22.2487500000;-3.0600000000;1.9125000000;14.5000000000;-18.0625000000;40.5625000000
-1.5912000000;0.7242000000;-9.5370000000;22.3125000000;-2.9325000000;1.7850000000;13.7500000000;-18.7500000000;41.0625000000
-1.7544000000;0.6528000000;-9.9654000000;-11.7300000000;-11.9212500000;3.1875000000;14.8750000000;-18.5000000000;41.3750000000
-1.2444000000;-0.1530000000;-10.4550000000;-16.7662500000;-11.4750000000;6.6937500000;14.8750000000;-17.2500000000;41.0625000000
-1.7238000000;0.7242000000;-9.7716000000;-1.0837500000;4.9087500000;0.3187500000;14.5000000000;-19.1875000000;40.6875000000
-1.4382000000;0.3570000000;-9.6390000000;-13.1325000000;-1.0837500000;3.0600000000;14.5000000000;-19.1875000000;40.6875000000
-1.6320000000;0.6018000000;-9.4350000000;-2.9325000000;0.3825000000;1.1475000000;16.0000000000;-18.5000000000;41.0625000000
-1.4382000000;0.3876000000;-9.7818000000;-5.4825000000;-2.2312500000;1.7212500000;14.8750000000;-19.5625000000;41.0625000000
-1.4790000000;0.7650000000;-9.8328000000;-13.7062500000;1.5300000000;1.0837500000;15.6875000000;-19.8750000000;41.3750000000
-1.5504000000;0.4182000000;-9.7104000000;-6.5662500000;0.3187500000;1.3387500000;14.8750000000;-20.5625000000;40.1875000000
-1.4178000000;1.1730000000;-10.0572000000;-16.7025000000;3.6337500000;-1.0837500000;14.8750000000;-20.5625000000;40.1875000000
-1.4178000000;0.8772000000;-9.6492000000;-27.7312500000;3.0600000000;-0.2550000000;14.8750000000;-20.2500000000;41.0000000000
-1.6218000000;0.6426000000;-8.9964000000;-34.9350000000;-11.9212500000;-3.6975000000;14.8750000000;-21.0000000000;39.8750000000
-1.4994000000;1.7544000000;-9.9858000000;-17.4675000000;-5.6737500000;-3.7612500000;15.2500000000;-21.0000000000;39.8750000000
-1.4280000000;1.0302000000;-9.5880000000;-23.6512500000;-2.8687500000;1.9762500000;15.6875000000;-22.5000000000;39.3750000000
-1.6932000000;1.4484000000;-9.2616000000;4.3987500000;-3.3787500000;-3.3150000000;15.6875000000;-22.5000000000;39.3750000000
-1.4688000000;1.8360000000;-9.8940000000;2.8687500000;0.3187500000;0.4462500000;14.8750000000;-23.1875000000;37.8750000000
-1.8054000000;1.3770000000;-9.5574000000;-6.8212500000;-2.2950000000;0.8287500000;15.2500000000;-23.2500000000;39.0625000000
-1.6932000000;1.3362000000;-9.5574000000;-0.9562500000;-2.3587500000;-1.5300000000;15.6875000000;-23.5625000000;39.3750000000
-1.7340000000;1.7748000000;-9.7818000000;-1.5937500000;-1.2112500000;-0.9562500000;15.6875000000;-23.5625000000;39.3750000000
-1.7238000000;1.4076000000;-9.5676000000;-11.7300000000;-2.4862500000;1.2112500000;15.2500000000;-23.8750000000;39.5000000000
-1.7952000000;1.7850000000;-9.7614000000;0.3825000000;-1.9125000000;-2.6137500000;15.6875000000;-23.5000000000;38.2500000000
-1.6116000000;1.6728000000;-9.8736000000;-0.2550000000;-1.2112500000;3.1237500000;15.6875000000;-24.1875000000;39.0625000000
-1.8156000000;1.7544000000;-9.6390000000;-3.6975000000;0.0000000000;1.0200000000;16.0000000000;-23.5000000000;39.0625000000
-1.6524000000;1.5504000000;-9.3534000000;-2.6775000000;1.0837500000;2.4225000000;16.0000000000;-23.5000000000;39.0625000000
-1.7850000000;1.7238000000;-9.4452000000;-7.8412500000;-2.2312500000;1.2750000000;16.0000000000;-24.5625000000;38.6875000000
-1.7646000000;1.6728000000;-9.4350000000;-3.6975000000;-2.1037500000;1.2750000000;15.6875000000;-24.1875000000;38.6875000000
-1.6320000000;1.5504000000;-9.6492000000;-2.6137500000;-0.1275000000;3.6337500000;16.7500000000;-23.8750000000;38.2500000000
-1.7850000000;1.9584000000;-9.3942000000;0.0637500000;1.3387500000;2.0400000000;15.6875000000;-23.1875000000;37.0625000000
-1.6932000000;1.5198000000;-9.6798000000;-10.7737500000;0.8925000000;4.5900000000;15.6875000000;-23.1875000000;37.0625000000
-1.7034000000;1.7646000000;-9.2514000000;-12.4312500000;6.7575000000;1.9125000000;16.0000000000;-24.5625000000;38.6875000000
-1.8156000000;1.7850000000;-9.3432000000;-11.2837500000;-4.1437500000;2.2950000000;16.3750000000;-25.0000000000;38.6875000000
-1.4892000000;1.9074000000;-9.9756000000;-4.5900000000;-5.8012500000;1.4025000000;15.2500000000;-25.3750000000;36.6875000000
-1.7034000000;1.9992000000;-9.5064000000;-5.6100000000;1.8487500000;0.9562500000;15.2500000000;-25.0000000000;37.0625000000
-1.6830000000;1.6932000000;-9.3024000000;-7.9687500000;-2.1037500000;-0.5100000000;15.2500000000;-25.0000000000;37.0625000000
-1.7340000000;2.2644000000;-9.4758000000;2.9962500000;-0.5100000000;-1.6575000000;16.0000000000;-24.5625000000;36.6875000000
-1.7238000000;2.0910000000;-9.4656000000;-2.7412500000;-3.4425000000;0.7012500000;15.6875000000;-26.5000000000;37.8750000000
-1.7136000000;1.6728000000;-9.4962000000;-2.6775000000;-2.2950000000;1.4662500000;15.2500000000;-24.5625000000;35.8750000000
-1.6932000000;2.3460000000;-9.4554000000;10.0087500000;-1.4025000000;-1.5300000000;14.8750000000;-26.1875000000;37.5000000000
-1.6830000000;1.8870000000;-9.8124000000;-5.2275000000;-6.3112500000;1.5937500000;14.8750000000;-26.1875000000;37.5000000000
-1.7952000000;2.3460000000;-9.8532000000;4.7812500000;1.4662500000;-0.8287500000;15.6875000000;-26.5000000000;37.5000000000
-1.7952000000;1.8564000000;-9.4248000000;-5.5462500000;0.3825000000;1.0837500000;15.6875000000;-26.0625000000;36.2500000000
-1.8156000000;2.0400000000;-9.3432000000;1.7212500000;-1.2112500000;-1.4025000000;14.8750000000;-26.0625000000;37.0625000000
-1.8054000000;1.7238000000;-9.3636000000;-0.3825000000;-0.6375000000;0.0000000000;16.0000000000;-26.0625000000;35.8750000000
-1.8156000000;2.2236000000;-9.3942000000;3.6975000000;-2.3587500000;-2.8050000000;16.0000000000;-26.0625000000;35.8750000000
-1.8156000000;1.9890000000;-9.3636000000;3.3150000000;-1.2112500000;0.5100000000;16.0000000000;-24.5625000000;36.6875000000
-1.7952000000;2.0808000000;-9.7308000000;-0.1912500000;-2.0400000000;0.8287500000;15.6875000000;-26.5625000000;37.8750000000
-1.8156000000;1.8972000000;-9.5472000000;-2.4862500000;-0.7650000000;-0.8287500000;16.0000000000;-26.0625000000;37.5000000000
-1.8564000000;2.2746000000;-9.8022000000;-0.8287500000;0.0637500000;-0.2550000000;16.0000000000;-26.0625000000;37.8750000000
-1.8360000000;1.8666000000;-9.5064000000;-3.1875000000;1.4662500000;0.7650000000;16.0000000000;-26.0625000000;37.8750000000
-1.8666000000;2.1420000000;-9.4044000000;-0.7650000000;-0.3187500000;-0.8287500000;16.7500000000;-26.0625000000;36.2500000000
-1.8564000000;2.3460000000;-9.8328000000;-2.2950000000;2.1675000000;1.5300000000;16.7500000000;-26.5000000000;37.8750000000
-1.8258000000;1.6728000000;-9.3636000000;-7.2675000000;4.3350000000;2.8050000000;16.7500000000;-26.5000000000;36.3750000000
-1.7850000000;2.0808000000;-9.1392000000;4.2075000000;1.1475000000;-2.9325000000;16.0000000000;-26.8750000000;36.2500000000
-1.7544000000;2.2950000000;-9.6492000000;3.1237500000;-1.5937500000;-0.1275000000;16.0000000000;-26.8750000000;36.2500000000
-1.7442000000;1.8462000000;-9.4452000000;-2.9962500000;0.0000000000;-0.1912500000;16.0000000000;-26.5000000000;37.5000000000
-1.8462000000;2.1828000000;-9.0780000000;6.5025000000;2.1675000000;-0.3187500000;16.3750000000;-26.5000000000;38.1875000000
-1.7136000000;2.0502000000;-9.6084000000;0.5737500000;-2.7412500000;1.0837500000;16.0000000000;-26.5000000000;37.0625000000
-1.8870000000;2.1114000000;-9.3534000000;-1.0837500000;0.1275000000;0.0000000000;16.3750000000;-26.0625000000;37.5000000000
-1.8156000000;1.8972000000;-9.3840000000;1.4025000000;-0.6375000000;0.7650000000;16.3750000000;-26.0625000000;37.5000000000
-1.8360000000;2.1522000000;-9.4656000000;-0.8925000000;-1.3387500000;0.5100000000;16.0000000000;-26.5000000000;36.6875000000
-1.7238000000;1.8972000000;-9.6084000000;0.5737500000;-1.0837500000;0.9562500000;16.0000000000;-26.0625000000;37.0625000000
-1.8564000000;2.1318000000;-9.5370000000;2.4862500000;0.3825000000;-0.3825000000;16.3750000000;-26.5000000000;37.0625000000
-1.8462000000;2.0502000000;-9.6594000000;0.6375000000;-0.9562500000;0.0637500000;16.7500000000;-25.6875000000;37.0625000000
-1.7442000000;1.9176000000;-9.5166000000;2.2312500000;0.8925000000;1.6575000000;16.7500000000;-25.6875000000;37.0625000000
-1.8666000000;1.8360000000;-9.4248000000;-1.4025000000;1.2112500000;-0.5737500000;16.0000000000;-25.6875000000;35.8750000000
-1.8360000000;2.1114000000;-9.2922000000;2.2312500000;-0.3825000000;0.5100000000;16.3750000000;-26.8750000000;37.5000000000
-1.8156000000;1.9176000000;-9.5166000000;1.3387500000;-1.3387500000;0.5737500000;16.0000000000;-25.3750000000;37.0625000000
-1.8156000000;1.8972000000;-9.4248000000;2.2950000000;1.6575000000;-0.5737500000;15.6875000000;-25.3750000000;38.2500000000
-1.8870000000;2.2032000000;-9.4758000000;3.5062500000;-1.5937500000;1.4662500000;15.6875000000;-25.3750000000;38.2500000000
-1.8258000000;1.7544000000;-9.4962000000;1.1475000000;-1.2112500000;1.1475000000;16.0000000000;-26.5000000000;37.0625000000
-1.9380000000;2.0706000000;-9.4962000000;4.2075000000;-3.1875000000;-1.0200000000;16.0000000000;-25.6875000000;37.8750000000
-1.8564000000;2.0910000000;-9.1698000000;8.0962500000;-13.8337500000;1.9125000000;16.3750000000;-25.3750000000;38.2500000000
-1.9074000000;1.8360000000;-9.7716000000;2.2312500000;-17.5312500000;3.1237500000;16.0000000000;-25.6875000000;38.6875000000
-1.9482000000;2.0196000000;-9.7512000000;8.0325000000;-7.7137500000;2.9962500000;16.0000000000;-25.6875000000;38.6875000000
-1.9992000000;1.8054000000;-9.5472000000;-2.4225000000;-5.3550000000;5.0362500000;15.6875000000;-25.0000000000;37.8750000000
-2.2032000000;1.6014000000;-8.9556000000;-0.7650000000;-0.2550000000;1.9762500000;17.5000000000;-25.0625000000;37.0625000000
-2.0910000000;1.8768000000;-9.0882000000;4.0162500000;-8.7337500000;0.6375000000;16.3750000000;-25.3750000000;36.2500000000
-2.1522000000;1.8768000000;-9.4656000000;1.1475000000;-12.6862500000;2.5500000000;16.3750000000;-25.3750000000;36.2500000000
-2.2236000000;1.6116000000;-9.6900000000;0.0637500000;-12.3675000000;2.1675000000;18.1875000000;-25.3750000000;37.8750000000
-2.2746000000;1.8054000000;-9.4350000000;5.0362500000;-6.6300000000;0.0000000000;17.7500000000;-25.6875000000;37.0625000000
-2.3052000000;1.8768000000;-9.4656000000;-0.6375000000;-9.3075000000;0.9562500000;18.5625000000;-25.3750000000;37.0625000000
-2.2848000000;1.5198000000;-9.4044000000;-1.9762500000;-6.7575000000;0.7650000000;18.5625000000;-25.6875000000;37.0625000000
-2.3562000000;1.8564000000;-9.6492000000;2.2312500000;-4.4625000000;-0.5100000000;18.5625000000;-25.6875000000;37.0625000000
-2.4990000000;1.7850000000;-9.1596000000;-0.1912500000;-1.2750000000;-1.7850000000;19.2500000000;-25.3750000000;37.0625000000
-2.4888000000;1.9584000000;-9.6798000000;1.4662500000;-5.6100000000;-0.9562500000;18.1875000000;-25.6875000000;37.8750000000
-2.3970000000;1.6626000000;-9.2514000000;0.6375000000;-0.3825000000;0.5737500000;18.5625000000;-25.0000000000;37.5000000000
-2.6214000000;1.9380000000;-9.1596000000;-1.4025000000;-2.9962500000;-2.4862500000;18.5625000000;-23.8750000000;35.8750000000
-2.4378000000;1.7850000000;-9.2820000000;0.0637500000;-5.3550000000;-0.7650000000;18.5625000000;-23.8750000000;35.8750000000
-2.4582000000;1.7646000000;-9.5472000000;0.2550000000;-5.0362500000;-1.6575000000;19.6875000000;-24.5625000000;36.6875000000
-2.6418000000;1.8054000000;-9.3228000000;1.1475000000;0.5100000000;-3.1875000000;19.2500000000;-25.0000000000;35.8750000000
-2.6010000000;1.9074000000;-9.3432000000;4.7812500000;-1.0837500000;-0.5100000000;19.0000000000;-25.3750000000;36.6875000000
-2.6418000000;1.6830000000;-9.4146000000;-0.0637500000;-2.0400000000;0.8287500000;19.2500000000;-25.0000000000;36.6875000000
-2.5092000000;1.6524000000;-9.3636000000;4.5900000000;-0.6375000000;0.1275000000;19.2500000000;-25.0000000000;36.6875000000
-2.7030000000;1.7850000000;-9.3024000000;1.6575000000;-0.7012500000;-1.3387500000;19.2500000000;-25.3750000000;35.8750000000
-2.5908000000;1.7544000000;-9.4350000000;-1.1475000000;-1.6575000000;0.7012500000;19.6875000000;-24.5625000000;36.6875000000
-2.6826000000;1.5810000000;-9.1902000000;-1.5300000000;-1.3387500000;-0.3825000000;19.6875000000;-24.5625000000;35.8750000000
-2.6214000000;1.8360000000;-9.2616000000;2.9325000000;-1.7850000000;-1.9125000000;20.0625000000;-25.0000000000;36.2500000000
-2.5602000000;1.7442000000;-9.4452000000;6.1200000000;-2.1675000000;0.0637500000;20.0625000000;-25.0000000000;36.2500000000
-2.6418000000;1.6218000000;-9.4044000000;-0.9562500000;-2.4862500000;0.5737500000;19.6875000000;-25.0000000000;36.2500000000
-2.6724000000;1.7850000000;-9.3330000000;4.3987500000;-0.4462500000;1.1475000000;19.6875000000;-24.1875000000;37.8750000000
-2.5806000000;1.6116000000;-9.3534000000;-2.8687500000;-2.1037500000;2.2312500000;19.6875000000;-24.5625000000;35.5625000000
-2.7030000000;1.4790000000;-9.3126000000;-0.5737500000;-2.1037500000;0.5737500000;20.5000000000;-24.5625000000;37.0625000000
-2.7438000000;1.5606000000;-9.2616000000;-0.7012500000;-3.0600000000;0.7650000000;20.5000000000;-24.5625000000;37.0625000000
-2.6112000000;1.5504000000;-9.2922000000;-0.1275000000;-0.8925000000;0.1275000000;19.6875000000;-25.0000000000;36.2500000000
-2.8254000000;1.6422000000;-9.2514000000;-0.7012500000;-2.6775000000;1.0200000000;20.0625000000;-24.1875000000;37.8750000000
-2.6520000000;1.6932000000;-9.5268000000;2.1675000000;-1.8487500000;-0.0637500000;20.5000000000;-25.3750000000;35.5000000000
-2.8458000000;1.6218000000;-9.4248000000;-4.3350000000;-2.4862500000;1.5937500000;19.6875000000;-24.5625000000;37.0625000000
-2.6622000000;1.3872000000;-9.1392000000;-1.6575000000;-0.0637500000;-0.1912500000;19.6875000000;-24.5625000000;37.0625000000
-2.7438000000;1.7544000000;-9.2820000000;0.8925000000;-2.4862500000;-0.7012500000;20.0625000000;-24.5625000000;36.3750000000
-2.5806000000;1.3464000000;-9.0474000000;-4.6537500000;-0.6375000000;0.4462500000;19.6875000000;-25.3750000000;36.6875000000
-2.5704000000;1.1832000000;-8.5170000000;-3.3787500000;-0.5100000000;-3.9525000000;20.7500000000;-24.5625000000;35.0625000000
-2.3460000000;0.9282000000;-7.6704000000;-4.5262500000;-0.3825000000;-8.4787500000;20.7500000000;-24.5625000000;36.2500000000
-2.0400000000;0.3060000000;-6.4770000000;-16.5750000000;-2.9962500000;-17.7862500000;20.7500000000;-24.5625000000;36.2500000000
-2.4582000000;1.0200000000;-5.2836000000;3.0600000000;-13.0687500000;-32.5125000000;20.7500000000;-25.0000000000;35.0625000000
-3.0702000000;1.1832000000;-4.1208000000;4.5262500000;-35.8275000000;-16.5750000000;20.7500000000;-25.0000000000;36.2500000000
-3.5292000000;0.9078000000;-4.8654000000;-35.7000000000;-70.8900000000;-22.3762500000;21.8750000000;-24.5625000000;35.5625000000
-3.9372000000;0.9078000000;-6.0894000000;-24.9262500000;-73.8225000000;-24.7350000000;23.7500000000;-24.1875000000;32.7500000000
-5.3040000000;0.7956000000;-4.8858000000;-21.1012500000;-76.6275000000;-36.7200000000;23.7500000000;-24.1875000000;32.7500000000
-6.5586000000;1.2852000000;-4.7634000000;-8.6700000000;-89.9512500000;-40.0350000000;27.0625000000;-25.0000000000;32.7500000000
-7.0380000000;0.4386000000;-4.4268000000;-29.3887500000;-107.9287500000;-45.0075000000;29.2500000000;-22.7500000000;28.7500000000
-8.1702000000;0.0510000000;-5.0388000000;7.5862500000;-114.0487500000;-51.5737500000;32.2500000000;-24.5625000000;28.0625000000
-9.2004000000;0.0612000000;-3.8556000000;20.5912500000;-111.1162500000;-57.3750000000;35.1875000000;-22.7500000000;24.5000000000
-11.4036000000;1.5096000000;-5.0694000000;-7.0762500000;-151.9800000000;-57.6300000000;35.1875000000;-22.7500000000;24.5000000000
-10.8732000000;0.0000000000;-6.2220000000;-32.0025000000;-131.3887500000;-41.9475000000;38.5000000000;-20.1875000000;20.8750000000
-12.3012000000;0.1632000000;-5.3244000000;23.2050000000;-141.2700000000;-65.5350000000;41.5000000000;-17.5625000000;15.3750000000
-13.0356000000;1.1424000000;-6.7014000000;23.9700000000;-134.7675000000;-51.3825000000;44.0625000000;-16.5000000000;11.0625000000
-12.2706000000;1.3770000000;-5.9364000000;14.1525000000;-122.3362500000;-55.0162500000;45.1875000000;-12.0000000000;7.8750000000
-13.4946000000;2.0706000000;-7.7112000000;-24.1612500000;-127.6275000000;-36.5925000000;45.1875000000;-12.0000000000;7.8750000000
-12.1278000000;0.2142000000;-7.3644000000;-24.0975000000;-74.1412500000;-24.9900000000;46.6875000000;-9.5000000000;2.7500000000
-11.9340000000;-0.7446000000;-4.5084000000;5.2912500000;-62.5387500000;-31.6200000000;46.2500000000;-9.0625000000;-1.1875000000
-11.5260000000;0.8874000000;-5.4978000000;-3.6337500000;-71.1450000000;-33.5962500000;46.5625000000;-6.7500000000;-4.0000000000
-11.2098000000;0.3162000000;-5.3652000000;11.5387500000;-47.8762500000;-16.0650000000;46.5625000000;-6.7500000000;-4.0000000000
-10.4448000000;0.1632000000;-4.3452000000;-31.1737500000;-33.0225000000;-13.7062500000;46.1875000000;-4.5625000000;-7.1875000000
-10.4754000000;-0.2142000000;-3.6516000000;-24.9900000000;-21.2925000000;-13.1325000000;45.7500000000;-2.7500000000;-9.8750000000
-10.4958000000;0.1734000000;-3.1212000000;37.1025000000;-5.6100000000;-3.2512500000;46.1875000000;-1.2500000000;-11.0625000000
-10.0164000000;-0.7344000000;-2.0706000000;-0.9562500000;3.3787500000;6.8850000000;45.5625000000;-2.5000000000;-11.8750000000
-9.7002000000;-1.7136000000;-0.7752000000;-29.8987500000;7.3950000000;5.0362500000;45.5625000000;-2.5000000000;-11.8750000000
-9.6288000000;-1.7238000000;-0.0510000000;-6.1200000000;8.2237500000;2.9962500000;46.2500000000;-2.0625000000;-10.3750000000
-9.9552000000;-1.8870000000;-0.2652000000;-25.7550000000;-3.0600000000;-0.6375000000;46.2500000000;-3.8750000000;-10.3750000000
-9.8940000000;-1.4484000000;-0.5202000000;10.3275000000;0.4462500000;-4.5262500000;45.8750000000;-1.6875000000;-10.3750000000
-10.0368000000;-0.6222000000;-0.7140000000;4.2712500000;-2.7412500000;-2.9325000000;46.2500000000;-2.5000000000;-11.0625000000
-9.9858000000;-0.6324000000;-0.6426000000;-6.7575000000;1.2112500000;-1.0837500000;46.2500000000;-2.5000000000;-11.0625000000
-9.8532000000;-1.1526000000;-0.8568000000;-7.2675000000;-4.2075000000;1.9125000000;45.5625000000;-3.1875000000;-9.8750000000
-9.8940000000;-1.3158000000;-0.8466000000;2.6775000000;-0.2550000000;0.5737500000;46.2500000000;-1.6875000000;-11.5000000000
-9.8634000000;-1.2648000000;-0.7140000000;10.6462500000;1.9125000000;0.7650000000;45.8750000000;-2.0625000000;-11.5000000000
-9.6084000000;-1.5198000000;-0.8568000000;-9.3712500000;-2.5500000000;-0.0637500000;45.5625000000;-2.5000000000;-11.5000000000
-10.0368000000;-1.1526000000;-0.4692000000;6.3112500000;2.7412500000;0.2550000000;45.5625000000;-2.5000000000;-11.5000000000
-9.8022000000;-1.6320000000;-0.8364000000;-13.9612500000;-3.8887500000;0.0637500000;45.5000000000;-2.5000000000;-11.0625000000
-9.7410000000;-1.0914000000;-0.5202000000;0.3187500000;3.1237500000;-3.9525000000;45.5000000000;-2.5000000000;-10.0000000000
-9.9960000000;-1.0506000000;-0.5712000000;0.0000000000;-3.3787500000;2.2312500000;45.5000000000;-1.3750000000;-11.8750000000
-9.7512000000;-1.4280000000;-0.6324000000;-8.0325000000;-3.3150000000;-0.6375000000;45.8750000000;-2.5000000000;-11.0625000000
-9.7614000000;-1.0608000000;-0.6018000000;3.3787500000;-2.7412500000;-0.6375000000;45.8750000000;-2.5000000000;-11.0625000000
-9.9756000000;-0.6528000000;-0.4896000000;-4.0800000000;-2.9962500000;2.2312500000;45.8750000000;-2.8750000000;-10.6875000000
-9.7920000000;-1.2036000000;-0.7854000000;-30.0900000000;-8.5425000000;6.9487500000;45.1875000000;-1.0000000000;-10.3750000000
-9.9756000000;-1.5708000000;-0.3978000000;-12.4312500000;-1.6575000000;3.5062500000;45.5000000000;-2.0625000000;-11.5000000000
-9.8736000000;-1.2444000000;-0.7038000000;-1.2112500000;-4.5262500000;2.8050000000;45.1875000000;-2.8750000000;-10.3750000000
-9.7308000000;-1.4892000000;-0.7446000000;1.6575000000;-0.9562500000;-0.6375000000;45.1875000000;-2.8750000000;-10.3750000000
-9.9552000000;-0.9996000000;-0.5406000000;7.6500000000;3.1237500000;-2.4225000000;46.2500000000;-2.0625000000;-12.6875000000
-9.9042000000;-1.2138000000;-0.6426000000;0.0000000000;0.5737500000;-0.5100000000;44.7500000000;-3.5000000000;-10.6875000000
-9.7410000000;-1.2852000000;-0.6426000000;-0.1912500000;0.2550000000;-1.7212500000;45.8750000000;-2.0625000000;-11.8750000000
-10.0062000000;-0.7038000000;-0.4080000000;7.0125000000;0.8287500000;-1.5300000000;45.5000000000;-1.6875000000;-11.0625000000
-9.8430000000;-1.0710000000;-0.6936000000;-6.3112500000;-0.8287500000;1.2112500000;45.5000000000;-1.6875000000;-11.0625000000
-9.7920000000;-1.2852000000;-0.6426000000;1.0200000000;-0.1912500000;1.4025000000;46.2500000000;-2.0625000000;-11.0625000000
-9.8532000000;-1.0812000000;-0.6834000000;4.6537500000;0.0000000000;-0.1912500000;45.8750000000;-1.0000000000;-11.8750000000
-9.9144000000;-1.0302000000;-0.4998000000;-2.1675000000;1.5300000000;-0.1912500000;45.8750000000;-2.8750000000;-11.8750000000
-9.9756000000;-1.1220000000;-0.4896000000;1.2750000000;-0.6375000000;1.6575000000;46.2500000000;-3.1875000000;-11.5000000000
-9.7614000000;-1.4382000000;-0.7752000000;-4.9725000000;-2.1037500000;1.2750000000;46.2500000000;-3.1875000000;-11.5000000000
-10.0368000000;-1.0608000000;-0.2754000000;10.9012500000;4.2712500000;-0.0637500000;45.1875000000;-1.6875000000;-11.0625000000
-9.7920000000;-1.2750000000;-0.8568000000;-5.2912500000;-2.9962500000;-0.2550000000;45.5625000000;-1.6875000000;-11.5000000000
-10.0572000000;-0.8058000000;-0.2244000000;1.9125000000;3.9525000000;-0.4462500000;45.1875000000;-1.6875000000;-11.0625000000
-9.8736000000;-1.3260000000;-0.7752000000;-4.8450000000;-3.7612500000;2.3587500000;45.8750000000;-1.6875000000;-11.5000000000
-9.7920000000;-1.2342000000;-0.6834000000;-5.9287500000;3.4425000000;-1.1475000000;45.8750000000;-1.6875000000;-11.5000000000
-9.7920000000;-1.0914000000;-0.5610000000;7.1400000000;-0.3187500000;0.4462500000;45.8750000000;-1.6875000000;-10.6875000000
-9.6900000000;-1.1220000000;-1.0098000000;-7.0125000000;-2.4862500000;-0.5100000000;45.5000000000;-1.6875000000;-11.8750000000
-9.9144000000;-1.1220000000;-0.4896000000;-1.9125000000;3.2512500000;0.4462500000;45.8750000000;-2.0625000000;-11.5000000000
-9.9144000000;-1.2546000000;-0.5406000000;-2.6137500000;-3.2512500000;1.0200000000;46.2500000000;-1.3750000000;-11.8750000000
-9.7002000000;-1.1016000000;-0.7752000000;3.9525000000;2.6775000000;-2.1037500000;46.2500000000;-1.3750000000;-11.8750000000
-9.9144000000;-0.8976000000;-0.5304000000;-1.9762500000;-0.3187500000;1.2750000000;46.6875000000;-3.1875000000;-11.8750000000
-9.7104000000;-1.2852000000;-0.7752000000;-4.9725000000;-0.2550000000;-0.8925000000;45.8750000000;-1.6875000000;-11.0625000000
-10.0674000000;-1.0200000000;-0.2652000000;4.0800000000;0.5737500000;0.0000000000;46.2500000000;-2.0625000000;-11.5000000000
-9.7818000000;-1.1934000000;-0.7956000000;-4.3350000000;-1.9762500000;0.0637500000;45.5625000000;-2.0625000000;-12.2500000000
-9.9450000000;-1.1016000000;-0.3672000000;4.8450000000;1.9125000000;-0.0637500000;45.5625000000;-2.0625000000;-12.2500000000
-9.8634000000;-1.1016000000;-0.7140000000;-3.3150000000;-2.6137500000;0.2550000000;45.5625000000;-1.6875000000;-11.5000000000
-9.8736000000;-1.0914000000;-0.6018000000;1.4662500000;3.9525000000;-0.9562500000;45.5625000000;-2.0625000000;-11.0625000000
-10.0776000000;-0.9588000000;-0.2142000000;4.7812500000;0.2550000000;0.8287500000;45.8750000000;-1.6875000000;-11.5000000000
-9.6288000000;-1.2954000000;-0.8364000000;-6.2475000000;-2.6137500000;-0.6375000000;45.8750000000;-1.6875000000;-11.5000000000
-9.9858000000;-0.8874000000;-0.2550000000;4.2712500000;1.8487500000;0.2550000000;45.5625000000;-2.5000000000;-12.2500000000
-9.6798000000;-1.4280000000;-0.8568000000;-6.1200000000;-3.5700000000;1.5300000000;45.1875000000;-1.6875000000;-11.8750000000
-9.9552000000;-1.0404000000;-0.3468000000;9.7537500000;2.4862500000;0.2550000000;45.5625000000;-2.5000000000;-12.2500000000
-9.7920000000;-0.9486000000;-0.6834000000;-2.4225000000;-1.6575000000;-0.5737500000;45.1875000000;-1.0000000000;-11.5000000000
-9.8430000000;-1.3260000000;-0.5610000000;2.5500000000;0.7012500000;0.8287500000;45.1875000000;-1.0000000000;-11.5000000000
-9.9450000000;-1.0914000000;-0.5100000000;3.5062500000;-1.5300000000;0.6375000000;45.8750000000;-2.0625000000;-12.6875000000
-9.7512000000;-1.3362000000;-0.7344000000;-3.1875000000;-0.3187500000;-0.9562500000;45.5625000000;-1.6875000000;-11.0625000000
-10.0470000000;-0.8976000000;-0.4896000000;4.5900000000;0.1912500000;-0.2550000000;45.1875000000;-1.3750000000;-10.3750000000
-9.7410000000;-1.3158000000;-1.0710000000;-7.3950000000;-2.3587500000;0.8287500000;45.5625000000;-3.1875000000;-12.6875000000
-10.1082000000;-0.1428000000;-1.0812000000;10.7737500000;4.2712500000;-1.9762500000;45.5625000000;-3.1875000000;-12.6875000000
-10.6182000000;0.1428000000;-1.4382000000;6.3750000000;6.7575000000;5.1000000000;45.1875000000;-2.0625000000;-11.0625000000
-10.1694000000;0.5916000000;-3.8046000000;-0.8287500000;2.7412500000;4.7175000000;45.5625000000;-2.0625000000;-11.8750000000
-11.1282000000;1.4382000000;-5.9058000000;33.4050000000;20.6550000000;12.9412500000;44.7500000000;-2.5000000000;-11.0625000000
-11.8830000000;0.9894000000;-4.2942000000;8.2237500000;58.0762500000;28.8150000000;45.5625000000;-3.1875000000;-12.2500000000
-12.2094000000;1.9074000000;-6.8952000000;4.8450000000;41.8837500000;26.7112500000;45.5625000000;-3.1875000000;-12.2500000000
-12.4746000000;1.7340000000;-7.4664000000;53.6137500000;79.8787500000;46.3462500000;46.0000000000;-5.7500000000;-8.6875000000
-13.1988000000;1.3362000000;-6.6708000000;20.5275000000;110.4787500000;52.2112500000;46.2500000000;-6.1875000000;-6.7500000000
-13.3518000000;0.9384000000;-7.0890000000;23.0137500000;132.5362500000;50.6812500000;46.2500000000;-8.3750000000;-3.5625000000
-13.7802000000;1.1730000000;-5.4978000000;52.7212500000;156.1237500000;55.2075000000;46.2500000000;-12.0000000000;1.8750000000
-12.9642000000;0.3162000000;-6.5586000000;4.5262500000;143.6925000000;55.0800000000;46.2500000000;-12.0000000000;1.8750000000
-12.5460000000;0.0204000000;-4.2840000000;44.4975000000;171.8062500000;51.6375000000;44.1875000000;-13.1875000000;9.0000000000
-11.0466000000;-0.0612000000;-4.6002000000;55.6537500000;154.9125000000;48.1312500000;43.0625000000;-16.0625000000;12.3750000000
-9.6594000000;-0.2244000000;-5.0388000000;32.1300000000;144.3300000000;38.6962500000;40.0625000000;-19.0625000000;20.2500000000
-8.8230000000;0.2244000000;-4.3554000000;27.6037500000;140.5050000000;38.3137500000;37.2500000000;-19.7500000000;24.6875000000
-6.8544000000;-1.6626000000;-5.9568000000;-14.5350000000;111.9450000000;36.3375000000;37.2500000000;-19.7500000000;24.6875000000
-6.2832000000;0.0000000000;-4.9572000000;45.3900000000;127.3087500000;18.6787500000;33.1875000000;-20.5000000000;28.5000000000
-4.9776000000;-0.4080000000;-5.2734000000;37.3575000000;102.7012500000;19.1250000000;30.5625000000;-20.7500000000;31.2500000000
-3.8658000000;0.1530000000;-5.1714000000;28.7512500000;90.1425000000;7.7775000000;25.0625000000;-17.8750000000;34.7500000000
-3.3354000000;-0.1020000000;-4.9062000000;5.4187500000;69.2962500000;17.1487500000;23.1875000000;-19.6875000000;36.3750000000
-1.9584000000;-0.7548000000;-5.9976000000;-11.4750000000;48.1312500000;15.3637500000;23.1875000000;-19.6875000000;36.3750000000
-1.8972000000;-0.1224000000;-5.5488000000;27.5400000000;52.5300000000;13.1325000000;20.1875000000;-20.0625000000;39.5625000000
-1.1322000000;1.1322000000;-6.2118000000;38.6962500000;29.7712500000;2.1675000000;19.0625000000;-19.6875000000;39.8750000000
-1.7442000000;0.0102000000;-7.2216000000;-28.7512500000;2.9962500000;6.5025000000;16.8750000000;-18.5625000000;39.8750000000
-0.7344000000;-1.4178000000;-8.2416000000;-20.4637500000;-0.7650000000;7.7137500000;16.8750000000;-19.3750000000;39.8750000000
-1.7850000000;1.3668000000;-8.1396000000;7.2675000000;6.5025000000;-24.6712500000;16.8750000000;-19.3750000000;39.8750000000
-1.9380000000;1.8666000000;-8.8740000000;-52.2750000000;-17.3400000000;-14.9812500000;16.0625000000;-20.0000000000;39.5625000000
-1.5198000000;0.8466000000;-8.8944000000;-32.0662500000;-14.0250000000;-2.2312500000;16.3750000000;-19.2500000000;39.1875000000
-2.3052000000;2.0910000000;-9.1494000000;-3.1237500000;-11.2837500000;-7.8412500000;17.5000000000;-21.0625000000;37.1875000000
-1.9176000000;2.0502000000;-10.9038000000;-53.8050000000;-18.1050000000;-2.2950000000;18.1875000000;-21.5000000000;38.7500000000
-2.2236000000;2.1930000000;-9.3126000000;-14.5350000000;4.8450000000;1.7212500000;18.1875000000;-21.5000000000;38.7500000000
-2.4786000000;1.6116000000;-9.7206000000;-13.1962500000;-10.4550000000;5.6100000000;18.5625000000;-22.1875000000;38.3750000000
-2.5806000000;2.2236000000;-9.7614000000;-4.8450000000;1.0837500000;2.1675000000;18.5625000000;-24.0000000000;36.3750000000
-2.2644000000;1.6218000000;-9.4146000000;-11.7937500000;-3.1875000000;1.5937500000;18.5625000000;-24.3750000000;35.5625000000
-2.4072000000;2.0196000000;-9.5166000000;-6.3750000000;-2.0400000000;2.7412500000;19.0000000000;-24.5000000000;37.2500000000
-2.3052000000;2.6010000000;-9.1392000000;-7.6500000000;0.4462500000;6.0562500000;19.0000000000;-24.5000000000;37.2500000000
-2.1726000000;1.8054000000;-10.1184000000;-34.7437500000;-5.7375000000;13.3237500000;19.0000000000;-24.3750000000;37.1875000000
-1.9992000000;1.6830000000;-9.1596000000;-2.8687500000;9.3075000000;1.1475000000;18.1875000000;-25.1875000000;35.1875000000
-2.5296000000;1.9788000000;-8.6190000000;7.0125000000;0.1275000000;0.9562500000;17.7500000000;-26.6875000000;35.5625000000
-2.0094000000;2.0502000000;-9.5268000000;13.1325000000;-1.3387500000;1.3387500000;19.0000000000;-26.2500000000;36.3750000000
-2.3868000000;2.0604000000;-8.7108000000;-6.7575000000;-4.2075000000;2.5500000000;19.0000000000;-26.2500000000;36.3750000000
-2.0196000000;1.5810000000;-9.5778000000;-6.5025000000;-7.1400000000;2.5500000000;18.1875000000;-26.2500000000;36.7500000000
-2.2542000000;2.3256000000;-9.1392000000;-5.1000000000;-1.6575000000;0.5100000000;18.5625000000;-25.5000000000;35.5625000000
-2.2542000000;1.5810000000;-9.1086000000;-14.2162500000;-10.1362500000;2.8687500000;17.7500000000;-24.3750000000;35.1875000000
-2.3256000000;2.6418000000;-9.5370000000;0.8287500000;-4.7812500000;-2.4862500000;17.7500000000;-24.3750000000;35.1875000000
-2.3970000000;2.0094000000;-9.3228000000;-7.0125000000;-6.8850000000;2.9962500000;18.5625000000;-26.2500000000;36.3750000000
-2.4582000000;2.2440000000;-9.6594000000;-12.7500000000;-3.6337500000;6.6937500000;18.5625000000;-25.5000000000;35.5625000000
-2.5194000000;2.0094000000;-9.2820000000;-5.8012500000;0.3825000000;6.8212500000;19.0000000000;-27.3750000000;35.2500000000
-2.4072000000;2.2644000000;-9.4146000000;-15.3000000000;-5.2275000000;0.8925000000;18.5625000000;-27.6875000000;35.2500000000
-2.6622000000;2.7642000000;-8.9556000000;-15.3637500000;-1.4025000000;2.8050000000;18.5625000000;-27.6875000000;35.2500000000
-2.4480000000;2.5398000000;-9.1800000000;-33.2775000000;-13.1962500000;7.7775000000;18.1875000000;-27.6875000000;34.7500000000
-2.5092000000;2.9070000000;-9.0066000000;-18.7425000000;-3.3150000000;6.8212500000;18.5625000000;-29.1875000000;34.3750000000
-2.6316000000;3.0090000000;-9.2106000000;-11.2837500000;-4.5262500000;4.9725000000;18.1875000000;-30.0000000000;32.5000000000
-2.5500000000;3.2844000000;-9.7716000000;-27.0300000000;-1.4025000000;10.9650000000;19.0000000000;-29.1875000000;32.8750000000
-2.3970000000;2.1930000000;-8.8434000000;-1.0837500000;9.8175000000;8.2237500000;19.0000000000;-29.1875000000;32.8750000000
-2.6418000000;3.2334000000;-8.6700000000;6.6300000000;1.2750000000;-3.2512500000;18.5625000000;-30.2500000000;32.7500000000
-2.5296000000;3.1926000000;-8.9964000000;-2.2950000000;-0.3825000000;4.0162500000;18.1875000000;-31.0625000000;33.5625000000
-2.2542000000;2.6010000000;-9.3126000000;2.1675000000;-2.9962500000;2.4225000000;17.7500000000;-30.6875000000;32.3750000000
-2.5194000000;3.0192000000;-8.7414000000;3.9525000000;2.9325000000;-1.5300000000;17.7500000000;-30.2500000000;31.2500000000
-2.4786000000;2.7948000000;-8.7414000000;3.2512500000;-3.0600000000;-1.4025000000;17.7500000000;-30.2500000000;31.2500000000
-2.5194000000;3.1620000000;-9.2310000000;0.2550000000;-4.1437500000;-1.4025000000;18.1875000000;-30.2500000000;32.8750000000
-2.4276000000;3.0192000000;-9.0168000000;1.9125000000;2.4225000000;-2.1037500000;18.5625000000;-31.0625000000;31.6875000000
-2.6214000000;3.0192000000;-8.7924000000;-1.4025000000;-2.0400000000;0.8925000000;19.0000000000;-30.2500000000;31.6875000000
-2.3562000000;3.0192000000;-9.3228000000;5.8650000000;-1.5937500000;-1.7850000000;19.0000000000;-30.6875000000;31.2500000000
-2.6826000000;3.1722000000;-8.6700000000;1.4025000000;2.1675000000;-0.1275000000;19.0000000000;-30.6875000000;31.2500000000
-2.4174000000;2.9172000000;-9.3942000000;-1.4025000000;-2.9325000000;-0.6375000000;18.5625000000;-28.5000000000;32.8750000000
-2.5092000000;2.9886000000;-8.9658000000;2.2950000000;2.8050000000;-0.3825000000;18.5625000000;-30.6875000000;32.8750000000
-2.4990000000;3.0396000000;-9.0780000000;2.9325000000;-1.7212500000;-1.4025000000;18.5625000000;-29.5625000000;32.8750000000
-2.5908000000;3.0906000000;-8.8230000000;3.3150000000;1.4025000000;-0.0637500000;17.7500000000;-30.0000000000;31.6875000000
-2.5092000000;2.8050000000;-9.0372000000;0.7012500000;-0.3825000000;0.7012500000;17.7500000000;-30.0000000000;31.6875000000
-2.5908000000;2.9274000000;-8.9250000000;6.0562500000;-0.0637500000;-0.3187500000;18.1875000000;-30.2500000000;32.7500000000
-2.4786000000;2.9682000000;-9.2310000000;5.5462500000;-1.4662500000;0.5737500000;19.0000000000;-29.5625000000;32.8750000000
-2.6010000000;2.9274000000;-8.8842000000;3.7612500000;-1.1475000000;0.3187500000;17.7500000000;-29.5625000000;33.5625000000
-2.5500000000;2.8152000000;-9.2208000000;2.2950000000;-3.1237500000;1.5300000000;19.0000000000;-29.5625000000;33.5625000000
-2.5092000000;2.8764000000;-8.8944000000;1.4662500000;-0.8925000000;-0.8925000000;19.0000000000;-29.5625000000;33.5625000000
-2.6418000000;2.9070000000;-9.0576000000;-0.1912500000;-2.2950000000;1.4662500000;18.5625000000;-29.5625000000;33.2500000000
-2.5092000000;2.6826000000;-9.0066000000;0.3187500000;-3.1875000000;0.8925000000;18.5625000000;-29.1875000000;33.2500000000
-2.5296000000;2.6622000000;-9.1596000000;0.5737500000;-0.9562500000;0.3825000000;18.5625000000;-29.5625000000;33.2500000000
-2.7030000000;3.0804000000;-9.3126000000;3.1237500000;-0.5737500000;-0.4462500000;19.0000000000;-30.0000000000;33.5625000000
-2.5092000000;2.5194000000;-9.0678000000;-3.3787500000;1.2112500000;0.9562500000;19.0000000000;-30.0000000000;33.5625000000
-2.6418000000;2.9886000000;-8.8842000000;5.3550000000;0.8287500000;-2.2950000000;19.0000000000;-29.5625000000;32.3750000000
-2.6010000000;2.9376000000;-9.3738000000;-3.0600000000;-2.9962500000;0.9562500000;18.5625000000;-29.5625000000;33.2500000000
-2.5908000000;2.7132000000;-9.0882000000;1.2112500000;2.9325000000;-0.6375000000;18.1875000000;-29.1875000000;33.5625000000
-2.6724000000;2.9478000000;-8.8536000000;4.3350000000;-0.3825000000;-0.5737500000;19.2500000000;-30.0000000000;32.7500000000
-2.6316000000;2.7948000000;-9.1698000000;-0.2550000000;-2.1675000000;0.3187500000;19.2500000000;-30.0000000000;32.7500000000
-2.4888000000;2.7540000000;-9.1596000000;3.8250000000;1.0200000000;-0.2550000000;18.5625000000;-30.0000000000;32.8750000000
-2.6112000000;2.7438000000;-8.7312000000;-3.0600000000;0.7012500000;0.3825000000;19.2500000000;-29.1875000000;33.2500000000
-2.5092000000;2.8254000000;-9.0678000000;3.1875000000;-1.2750000000;-0.1912500000;19.0000000000;-29.5625000000;33.5625000000
-2.5194000000;2.8050000000;-9.0576000000;-0.3187500000;0.2550000000;0.7012500000;18.5625000000;-29.5625000000;33.2500000000
-2.5806000000;2.7132000000;-9.1290000000;0.8287500000;-0.5737500000;0.0000000000;18.5625000000;-29.5625000000;33.2500000000
-2.6010000000;2.6724000000;-8.8842000000;-1.6575000000;-0.1912500000;-1.2750000000;19.0000000000;-29.5625000000;32.0625000000
-2.6928000000;3.0906000000;-9.1698000000;-0.4462500000;-3.4425000000;0.0000000000;19.6875000000;-29.5625000000;32.3750000000
-2.4990000000;2.5908000000;-9.2616000000;-1.2112500000;0.2550000000;-0.2550000000;19.0000000000;-29.1875000000;33.5625000000
-2.5704000000;2.9784000000;-9.2718000000;2.8687500000;0.3825000000;-0.0637500000;18.5625000000;-30.0000000000;32.8750000000
-2.6724000000;2.6214000000;-8.7312000000;2.5500000000;-0.4462500000;-0.5100000000;18.5625000000;-30.0000000000;32.8750000000
-2.5806000000;3.0090000000;-9.2616000000;1.2750000000;-1.4662500000;-0.7012500000;19.6875000000;-30.0000000000;33.2500000000
-2.6010000000;2.7948000000;-9.1800000000;-0.6375000000;1.5300000000;1.2750000000;19.0000000000;-28.7500000000;32.8750000000
-2.6010000000;2.8356000000;-9.0882000000;4.3987500000;1.9125000000;-0.1275000000;19.0000000000;-27.2500000000;32.7500000000
-2.6418000000;2.9376000000;-8.9148000000;-0.3825000000;-0.1912500000;0.4462500000;19.0000000000;-27.2500000000;32.7500000000
-2.4684000000;2.5194000000;-9.0984000000;-0.8925000000;-1.6575000000;0.5737500000;19.0000000000;-28.7500000000;34.7500000000
-2.7234000000;2.9886000000;-9.1800000000;3.8887500000;-0.7012500000;-1.2750000000;18.1875000000;-29.1875000000;34.0000000000
-2.6316000000;2.6724000000;-8.9352000000;-2.8050000000;0.3187500000;2.6137500000;19.0000000000;-28.7500000000;33.5625000000
-2.5602000000;2.6112000000;-9.1494000000;-1.0200000000;-1.9762500000;1.1475000000;18.1875000000;-28.5000000000;34.0000000000
-2.6826000000;2.7030000000;-9.0066000000;4.2712500000;-0.2550000000;-0.5737500000;18.1875000000;-28.5000000000;34.0000000000
-2.6214000000;2.9274000000;-9.3942000000;0.8287500000;-2.5500000000;0.7650000000;18.5625000000;-29.5625000000;33.5625000000
-2.6418000000;2.5908000000;-8.9352000000;-1.5300000000;1.7212500000;1.9762500000;18.5625000000;-29.5625000000;33.2500000000
-2.6724000000;2.7030000000;-9.2004000000;-0.1275000000;-2.3587500000;-0.3187500000;19.2500000000;-28.7500000000;32.7500000000
-2.5908000000;2.7540000000;-9.1596000000;0.2550000000;0.1275000000;0.8925000000;19.0000000000;-28.5000000000;32.3750000000
-2.6010000000;2.5296000000;-8.9862000000;0.0637500000;1.0200000000;0.3825000000;19.0000000000;-28.5000000000;32.3750000000
-2.6724000000;2.8050000000;-8.9760000000;0.9562500000;-1.0200000000;-0.7650000000;18.5625000000;-28.7500000000;32.3750000000
-2.5296000000;2.5398000000;-9.1290000000;-1.5937500000;-0.8287500000;1.2750000000;18.5625000000;-29.1875000000;34.0625000000
-2.6928000000;2.7642000000;-8.9250000000;0.0637500000;-1.1475000000;-0.3187500000;19.2500000000;-29.5625000000;34.0625000000
-2.5194000000;2.5908000000;-9.0066000000;-2.5500000000;-1.9125000000;-0.4462500000;18.1875000000;-29.1875000000;32.3750000000
-2.6520000000;2.7234000000;-8.8740000000;0.2550000000;-1.7850000000;-0.7012500000;18.1875000000;-29.1875000000;32.3750000000
-2.6010000000;2.5806000000;-8.8638000000;-2.0400000000;-2.3587500000;-1.7212500000;18.5625000000;-29.5625000000;32.5000000000
-2.6214000000;2.5092000000;-8.8332000000;-3.4425000000;-3.6337500000;-1.4025000000;19.6875000000;-29.1875000000;33.6875000000
-2.6622000000;2.7234000000;-8.5578000000;-0.7012500000;-3.2512500000;-3.6975000000;19.0000000000;-30.0000000000;33.6875000000
-2.6214000000;2.4990000000;-8.5476000000;-6.8212500000;-6.6300000000;-2.3587500000;19.6875000000;-30.2500000000;33.2500000000
-2.6418000000;2.4582000000;-8.3742000000;-0.5100000000;-6.6937500000;-6.3750000000;19.6875000000;-30.2500000000;33.2500000000
-2.6622000000;2.3052000000;-8.1498000000;-5.3550000000;-8.7975000000;-7.2037500000;20.5000000000;-29.5625000000;33.2500000000
-2.3358000000;1.9074000000;-7.3644000000;-24.3525000000;-4.0800000000;-12.1125000000;20.0625000000;-30.2500000000;34.0625000000
-2.2848000000;1.2342000000;-5.8344000000;-22.8862500000;-2.1675000000;-23.7150000000;20.0625000000;-30.0000000000;32.3750000000
-2.9274000000;1.8870000000;-4.4574000000;-16.1287500000;-11.9850000000;-36.5925000000;20.7500000000;-29.5625000000;31.2500000000
-3.3864000000;2.2134000000;-4.1820000000;-2.0400000000;-34.1062500000;-35.5087500000;20.7500000000;-29.5625000000;31.2500000000
-4.1922000000;1.6014000000;-4.2840000000;5.1000000000;-56.4825000000;-35.4450000000;22.2500000000;-29.1875000000;31.2500000000
-5.1306000000;1.8258000000;-5.3346000000;1.6575000000;-80.4525000000;-42.1387500000;23.7500000000;-29.1875000000;31.2500000000
-5.4774000000;0.7752000000;-4.6818000000;-5.7375000000;-81.2175000000;-38.8237500000;26.2500000000;-28.0625000000;28.8750000000
-7.4460000000;1.4484000000;-5.2530000000;15.1725000000;-95.3062500000;-55.9725000000;29.6875000000;-27.0000000000;27.3750000000
-7.8540000000;-0.1428000000;-4.9368000000;1.4025000000;-106.3350000000;-45.0075000000;29.6875000000;-27.0000000000;27.3750000000
-9.0576000000;0.5406000000;-6.2832000000;13.3875000000;-114.8137500000;-69.6787500000;32.6875000000;-24.7500000000;24.1875000000
-9.9552000000;-0.6426000000;-3.7944000000;16.8300000000;-90.2700000000;-64.1325000000;36.7500000000;-23.2500000000;21.7500000000
-11.3628000000;1.7646000000;-6.3750000000;30.3450000000;-126.7987500000;-86.3812500000;39.3750000000;-21.5625000000;19.7500000000
-11.4648000000;-0.1632000000;-4.9368000000;25.3725000000;-104.2950000000;-47.8762500000;42.1875000000;-17.8750000000;15.5000000000
-12.5460000000;0.3978000000;-5.9670000000;-31.3650000000;-131.6437500000;-66.4912500000;42.1875000000;-17.8750000000;15.5000000000
-12.5256000000;0.6732000000;-7.6296000000;-10.7737500000;-131.9625000000;-57.9487500000;43.3750000000;-14.1875000000;12.8750000000
-12.0564000000;-0.4794000000;-6.3648000000;-12.1125000000;-102.1912500000;-52.4662500000;45.2500000000;-12.2500000000;7.1875000000
-12.6684000000;1.8054000000;-8.3232000000;17.7225000000;-103.0200000000;-64.5150000000;46.7500000000;-10.0625000000;2.8750000000
-11.3628000000;0.8568000000;-7.3746000000;10.5187500000;-68.0850000000;-35.5087500000;46.7500000000;-7.5000000000;-1.0625000000
-10.5570000000;-0.9384000000;-5.0694000000;-6.1837500000;-34.9350000000;-24.3525000000;46.7500000000;-7.5000000000;-1.0625000000
-10.7100000000;-1.2036000000;-4.0494000000;-27.0300000000;-41.2462500000;-30.3450000000;47.1875000000;-3.2500000000;-3.0625000000
-10.1184000000;-0.7752000000;-4.6614000000;-2.7412500000;-30.4087500000;-27.8587500000;47.1875000000;-2.6875000000;-4.5625000000
-10.5978000000;-0.4998000000;-4.0188000000;-13.4512500000;-26.9662500000;-23.9700000000;46.8750000000;-0.3750000000;-5.7500000000
-9.7818000000;-1.2954000000;-3.8964000000;-17.3400000000;-15.0450000000;-26.4562500000;47.1875000000;-1.5000000000;-6.5625000000
-10.4142000000;-0.9792000000;-2.2848000000;34.1062500000;-15.7462500000;-24.4800000000;47.1875000000;-1.5000000000;-6.5625000000
-10.3224000000;2.2032000000;-4.3452000000;78.3487500000;-4.9087500000;11.6662500000;47.1875000000;2.1875000000;-7.7500000000
-9.7002000000;-1.7238000000;-1.8360000000;-1.7212500000;-0.4462500000;12.1125000000;46.5000000000;1.3750000000;-7.0000000000
-10.0572000000;-1.8768000000;-0.4896000000;-1.0837500000;-9.6262500000;8.3512500000;46.8750000000;2.1875000000;-9.3750000000
-9.4758000000;-2.7336000000;-0.7038000000;-6.7575000000;-18.2962500000;15.3000000000;47.1875000000;1.7500000000;-8.8750000000
-9.4860000000;-2.7846000000;-1.0914000000;4.0162500000;-4.5262500000;-0.8287500000;47.1875000000;1.7500000000;-8.8750000000
-9.7104000000;-1.6524000000;-0.7446000000;10.9650000000;2.8687500000;-5.9925000000;46.8750000000;0.2500000000;-10.0625000000
-9.6798000000;-1.0608000000;-1.2954000000;-8.3512500000;-1.4662500000;-0.3825000000;45.3750000000;0.6875000000;-9.3750000000
-10.1388000000;-1.1730000000;-0.8976000000;6.6300000000;0.2550000000;5.0362500000;46.5000000000;0.2500000000;-9.6875000000
-9.8328000000;-2.1318000000;-0.9384000000;0.1275000000;-2.2950000000;11.0925000000;46.5000000000;0.2500000000;-9.6875000000
-9.5982000000;-1.9686000000;-0.8364000000;-10.7737500000;-1.2750000000;-3.3150000000;47.5625000000;0.6875000000;-9.3750000000
-9.7818000000;-1.5708000000;-0.6834000000;11.3475000000;1.4025000000;3.3150000000;46.8750000000;0.2500000000;-9.6875000000
-9.5574000000;-2.1012000000;-0.8262000000;-4.3987500000;-1.3387500000;1.1475000000;46.0625000000;-0.5000000000;-10.1875000000
-9.9144000000;-1.4382000000;-0.8058000000;5.2275000000;0.0000000000;-1.9762500000;46.0625000000;1.0000000000;-9.6875000000
-9.7410000000;-1.6524000000;-0.9282000000;-2.1037500000;-0.4462500000;2.2950000000;46.0625000000;1.0000000000;-9.6875000000
-9.8328000000;-1.6626000000;-0.9180000000;-5.0362500000;-0.8287500000;-0.8287500000;46.5000000000;-0.5000000000;-9.3750000000
-9.7104000000;-1.7238000000;-0.7446000000;8.8612500000;1.4025000000;0.8287500000;46.0625000000;0.1875000000;-9.3750000000
-9.8022000000;-1.7952000000;-0.7446000000;-0.0637500000;-0.5737500000;0.5100000000;46.0625000000;-0.8750000000;-9.0000000000
-9.7716000000;-1.6116000000;-0.6732000000;0.8925000000;1.2750000000;-2.2950000000;46.8750000000;0.1875000000;-9.6875000000
-9.8124000000;-1.7646000000;-0.9792000000;-0.7012500000;-2.9325000000;3.1237500000;46.8750000000;0.1875000000;-9.6875000000
-9.8124000000;-1.7442000000;-0.8262000000;-0.2550000000;1.0200000000;-1.0837500000;46.5000000000;0.1875000000;-9.3750000000
-9.8532000000;-1.3260000000;-0.6630000000;-1.2112500000;-1.0837500000;-0.7650000000;46.5000000000;-2.3750000000;-10.0625000000
-9.6798000000;-1.8972000000;-1.0302000000;2.1037500000;-0.9562500000;1.8487500000;46.0625000000;0.6875000000;-10.0625000000
-9.8940000000;-1.6014000000;-0.7446000000;0.1275000000;0.6375000000;-0.8925000000;46.5000000000;0.1875000000;-10.0625000000
-9.6594000000;-1.8870000000;-0.9282000000;-0.0637500000;-0.0637500000;-0.8925000000;46.5000000000;0.1875000000;-10.0625000000
-9.8634000000;-1.5504000000;-0.7752000000;-0.5737500000;0.8287500000;-1.7850000000;46.5000000000;-1.5625000000;-10.8750000000
-9.7716000000;-1.7238000000;-1.0506000000;-0.7650000000;-0.2550000000;0.7650000000;46.5000000000;0.6875000000;-9.3750000000
-9.7614000000;-1.5402000000;-0.6324000000;-2.4225000000;1.4025000000;-1.4662500000;46.8750000000;0.0000000000;-10.1875000000
-9.7512000000;-1.9176000000;-1.0302000000;1.7212500000;-2.2312500000;1.7850000000;46.8750000000;1.0000000000;-10.0625000000
-9.7206000000;-1.7442000000;-0.7956000000;-1.4025000000;1.6575000000;-2.2312500000;46.8750000000;1.0000000000;-10.0625000000
-9.8022000000;-1.6422000000;-0.8466000000;3.4425000000;-0.2550000000;-0.4462500000;46.5000000000;1.2500000000;-9.3750000000
-9.6492000000;-1.9482000000;-0.9078000000;3.8250000000;0.3825000000;0.5100000000;46.5000000000;0.1875000000;-9.6875000000
-9.9348000000;-1.4382000000;-0.7140000000;-0.5100000000;0.6375000000;-0.9562500000;46.8750000000;0.5625000000;-10.1875000000
-9.7920000000;-1.7238000000;-0.8058000000;1.4025000000;-0.3187500000;0.9562500000;46.5000000000;-0.0625000000;-8.8750000000
-9.7818000000;-1.8258000000;-0.8976000000;-5.8650000000;-0.7012500000;-0.9562500000;46.5000000000;-0.0625000000;-8.8750000000
-9.9654000000;-1.5096000000;-0.6018000000;1.1475000000;1.0200000000;-0.1912500000;46.0625000000;-1.2500000000;-9.3750000000
-9.7308000000;-1.8768000000;-0.9282000000;-1.7212500000;-0.1275000000;0.8925000000;46.8750000000;0.8750000000;-10.0625000000
-9.7308000000;-1.5606000000;-0.8160000000;0.5100000000;0.0000000000;-0.3825000000;46.8750000000;-0.0625000000;-9.3750000000
-9.7716000000;-1.7136000000;-0.8568000000;1.5937500000;-0.0637500000;1.2112500000;46.5000000000;0.1875000000;-9.3750000000
-9.7716000000;-1.7952000000;-0.9282000000;1.4025000000;0.8925000000;1.1475000000;46.5000000000;0.1875000000;-9.3750000000
-9.9042000000;-1.5096000000;-0.6732000000;0.1275000000;1.3387500000;-0.8925000000;46.0625000000;-1.5625000000;-9.6875000000
-9.6900000000;-1.6116000000;-1.0608000000;0.7650000000;-0.1912500000;2.6137500000;46.0625000000;0.1875000000;-9.6875000000
-9.8634000000;-1.4178000000;-0.9078000000;-0.0637500000;-0.5100000000;3.6975000000;46.8750000000;0.1875000000;-10.0625000000
-9.5778000000;-1.6422000000;-1.6218000000;1.9125000000;-0.7650000000;1.4662500000;46.5000000000;1.2500000000;-10.0625000000
-10.4448000000;-0.8670000000;-2.4174000000;21.2925000000;15.0450000000;1.0837500000;46.5000000000;1.2500000000;-10.0625000000
-10.0878000000;-0.1734000000;-3.1416000000;6.9487500000;20.2725000000;6.6300000000;46.5000000000;-0.0625000000;-9.6875000000
-10.6590000000;0.0816000000;-4.4574000000;25.0537500000;23.7150000000;13.5150000000;46.5000000000;-0.0625000000;-8.8750000000
-11.1078000000;0.3570000000;-5.9466000000;52.9125000000;48.7050000000;17.7225000000;46.8750000000;-1.5625000000;-7.7500000000
-11.1180000000;0.2550000000;-6.1812000000;54.5062500000;71.9737500000;23.0775000000;46.8750000000;-2.0000000000;-7.7500000000
-11.9748000000;1.1628000000;-7.4154000000;54.4425000000;86.0625000000;30.2812500000;46.8750000000;-2.0000000000;-7.7500000000
-12.2196000000;0.7242000000;-8.1396000000;44.9437500000;108.7575000000;41.1825000000;47.1875000000;-4.7500000000;-4.1875000000
-13.2702000000;0.7446000000;-8.2008000000;44.1787500000;137.8912500000;50.2350000000;47.1875000000;-4.8750000000;0.5000000000
-13.0560000000;-0.8262000000;-8.6394000000;18.3600000000;142.8000000000;48.5137500000;46.8750000000;-7.8750000000;5.2500000000
-13.4844000000;-1.0098000000;-7.9356000000;53.4862500000;167.7900000000;44.0512500000;46.1875000000;-9.8750000000;10.2500000000
-13.1478000000;-1.2852000000;-7.9050000000;51.8287500000;170.0212500000;33.8512500000;46.1875000000;-9.8750000000;10.2500000000
-12.2706000000;-1.4790000000;-8.0784000000;46.0275000000;189.1462500000;25.9462500000;44.3750000000;-11.6875000000;15.7500000000
-11.7096000000;-1.9176000000;-6.3954000000;31.4925000000;190.3575000000;19.6987500000;40.2500000000;-12.2500000000;23.2500000000
-9.8226000000;-1.3362000000;-5.6304000000;32.1937500000;179.1375000000;17.7225000000;36.2500000000;-12.3750000000;29.5000000000
-8.2620000000;-1.8360000000;-4.4064000000;-6.2475000000;170.8500000000;17.9137500000;36.2500000000;-12.3750000000;29.5000000000
-6.2526000000;-1.3464000000;-2.8662000000;24.8625000000;151.0875000000;19.9537500000;32.1875000000;-12.0000000000;34.5625000000
-4.5390000000;-1.9176000000;-2.7744000000;-23.3325000000;100.2787500000;21.4837500000;26.5625000000;-14.5625000000;38.0625000000
-2.7132000000;-1.9686000000;-3.9780000000;-10.6462500000;88.0387500000;-3.3150000000;20.3750000000;-14.8750000000;41.5625000000
-2.8050000000;-1.0812000000;-4.5696000000;-46.1550000000;59.6062500000;-12.8775000000;18.5000000000;-14.5625000000;41.1875000000
-0.9894000000;-2.2644000000;-6.9564000000;-57.1200000000;31.8750000000;-11.9850000000;18.5000000000;-14.5625000000;41.1875000000
-1.5096000000;0.2142000000;-6.3240000000;37.8037500000;66.1087500000;-11.4112500000;14.6875000000;-16.0000000000;41.5625000000
-0.4182000000;-0.0204000000;-6.2322000000;10.3275000000;42.0750000000;-5.9925000000;13.5625000000;-16.3750000000;40.0000000000
-0.6018000000;0.5406000000;-7.5582000000;-27.7950000000;26.7112500000;-7.4587500000;11.6875000000;-14.6875000000;40.8750000000
0.1122000000;-1.2852000000;-7.2930000000;1.5937500000;16.3837500000;1.2112500000;10.0625000000;-15.0000000000;42.0625000000
-0.5304000000;1.8972000000;-9.5064000000;-30.1537500000;-17.9775000000;-29.8987500000;10.0625000000;-15.0000000000;42.0625000000
-0.7752000000;1.2648000000;-9.8022000000;-81.5362500000;-18.4237500000;-13.2600000000;9.2500000000;-15.3750000000;41.6875000000
-0.6732000000;0.6834000000;-8.7618000000;-24.6075000000;-0.9562500000;-1.3387500000;10.3750000000;-15.6875000000;41.6875000000
-0.8772000000;1.8768000000;-9.6084000000;24.6075000000;-7.3312500000;-1.3387500000;10.0000000000;-19.5000000000;40.5625000000
-0.7242000000;2.1726000000;-10.9038000000;-36.1462500000;-16.6387500000;-3.0600000000;10.6875000000;-18.6875000000;41.3750000000
-0.5916000000;0.6324000000;-10.0878000000;-18.8700000000;4.7812500000;8.0962500000;10.6875000000;-18.6875000000;41.3750000000
-0.8262000000;0.9792000000;-9.3228000000;19.8900000000;9.6262500000;3.6975000000;11.1875000000;-19.7500000000;40.6875000000
-0.8670000000;1.8462000000;-10.0470000000;2.8050000000;-3.5062500000;1.0200000000;10.7500000000;-19.7500000000;41.3750000000
-0.7242000000;0.6630000000;-9.6288000000;-12.5587500000;1.1475000000;8.3512500000;11.5625000000;-19.0000000000;40.6875000000
-0.8874000000;0.8772000000;-9.0984000000;27.2212500000;3.3150000000;6.1837500000;10.7500000000;-19.6875000000;40.1875000000
-0.5814000000;0.7956000000;-9.8838000000;13.7700000000;-0.7650000000;7.3312500000;10.7500000000;-19.6875000000;40.1875000000
-0.6528000000;0.7548000000;-9.8328000000;-1.4025000000;0.5100000000;4.5262500000;10.7500000000;-19.0625000000;40.6875000000
-0.6936000000;0.1530000000;-9.2514000000;9.8175000000;5.1000000000;6.6300000000;10.7500000000;-18.3750000000;40.1875000000
-0.6936000000;0.6324000000;-9.4248000000;15.7462500000;1.2750000000;1.2750000000;10.5000000000;-18.6875000000;41.0000000000
-0.6426000000;0.4284000000;-9.7512000000;-10.4550000000;-7.4587500000;2.2312500000;10.5000000000;-18.0000000000;41.3750000000
-0.5508000000;0.0612000000;-9.6390000000;-2.2950000000;-6.1200000000;4.2712500000;10.5000000000;-18.0000000000;41.3750000000
-0.7140000000;0.8364000000;-9.7512000000;-0.6375000000;-7.3312500000;-3.9525000000;10.7500000000;-18.6875000000;41.0000000000
-0.7242000000;1.0914000000;-10.0062000000;-9.8175000000;-4.5900000000;-0.8925000000;10.5000000000;-18.6875000000;41.0000000000
-0.7956000000;0.1326000000;-9.8022000000;-2.3587500000;-0.8925000000;4.0800000000;10.7500000000;-19.0625000000;39.7500000000
-0.7752000000;0.8160000000;-9.9756000000;8.1600000000;0.6375000000;-0.3187500000;10.5000000000;-19.0625000000;40.6875000000
-0.9996000000;0.7242000000;-9.5676000000;-9.6900000000;-2.2950000000;1.5937500000;10.5000000000;-19.0625000000;40.6875000000
-0.7242000000;0.2754000000;-9.6900000000;-7.3950000000;-7.3950000000;3.6975000000;11.5625000000;-18.0000000000;40.6875000000
-0.8772000000;0.7446000000;-9.7410000000;-5.8650000000;-5.4187500000;-2.6137500000;11.1875000000;-19.0625000000;41.0000000000
-1.0404000000;1.0608000000;-9.8226000000;-4.7812500000;-3.3150000000;-1.2112500000;11.5625000000;-19.5000000000;40.6875000000
-0.8364000000;0.4794000000;-9.7512000000;-4.2075000000;-1.2750000000;0.9562500000;11.1875000000;-20.1875000000;40.1875000000
-0.8568000000;1.0302000000;-9.9144000000;5.8012500000;-0.7650000000;-1.4025000000;11.1875000000;-20.1875000000;40.1875000000
-0.9486000000;1.1118000000;-9.8022000000;-1.4662500000;-1.8487500000;0.3825000000;11.5625000000;-19.7500000000;41.0000000000
-1.0506000000;0.9588000000;-10.0368000000;-9.3075000000;-6.3112500000;1.5937500000;12.0000000000;-19.3750000000;40.5625000000
-0.8670000000;0.6834000000;-10.0470000000;-5.3550000000;-4.7812500000;1.4025000000;12.0000000000;-19.3750000000;40.1875000000
-1.1424000000;1.1220000000;-9.9246000000;1.5300000000;0.1275000000;1.2112500000;12.0000000000;-19.7500000000;39.3750000000
-0.9180000000;0.7854000000;-9.9144000000;0.5100000000;1.0200000000;4.1437500000;12.0000000000;-19.7500000000;39.3750000000
-1.0608000000;0.5100000000;-9.2616000000;1.6575000000;3.2512500000;1.0200000000;11.5625000000;-20.1875000000;39.7500000000
-0.9078000000;1.0506000000;-9.7002000000;7.4587500000;-1.6575000000;-1.0200000000;12.0000000000;-19.7500000000;41.3750000000
-0.9996000000;0.5916000000;-9.7206000000;-5.8650000000;-2.4862500000;1.0200000000;12.2500000000;-19.7500000000;39.3750000000
-0.9792000000;0.7446000000;-9.5472000000;-3.1875000000;-1.8487500000;-2.2312500000;12.0000000000;-19.7500000000;39.5000000000
-1.0710000000;0.9690000000;-9.6900000000;-0.0637500000;-4.4625000000;-0.5737500000;12.0000000000;-19.7500000000;39.5000000000
-1.1934000000;1.0404000000;-9.8430000000;-1.7850000000;-4.8450000000;-0.5100000000;11.5625000000;-19.7500000000;41.0000000000
-0.9282000000;0.8772000000;-10.0980000000;0.0000000000;-1.5937500000;0.6375000000;12.0000000000;-20.8750000000;40.1875000000
-1.2138000000;0.8772000000;-9.6288000000;-2.6137500000;0.9562500000;0.5737500000;12.2500000000;-20.1875000000;39.7500000000
-1.0914000000;0.9588000000;-9.6798000000;0.1912500000;-1.5300000000;0.5737500000;12.0000000000;-20.8750000000;40.1875000000
-1.1220000000;0.9180000000;-9.5982000000;-1.2750000000;-1.2112500000;0.0637500000;12.0000000000;-20.8750000000;40.1875000000
-0.9894000000;0.7242000000;-10.0062000000;-1.5300000000;-1.1475000000;0.4462500000;12.2500000000;-19.3750000000;39.7500000000
-1.1730000000;1.0404000000;-9.5880000000;-1.5300000000;-0.0637500000;0.1912500000;12.2500000000;-20.1875000000;39.7500000000
-1.0608000000;0.7344000000;-9.5574000000;-3.8887500000;-2.3587500000;0.0000000000;12.2500000000;-21.2500000000;38.6875000000
-1.2852000000;1.4178000000;-9.6084000000;0.1275000000;-4.7175000000;-1.5300000000;12.2500000000;-20.8750000000;41.3750000000
-1.1220000000;0.6324000000;-9.9756000000;-1.9125000000;-2.8050000000;0.3187500000;12.2500000000;-20.8750000000;41.3750000000
-1.1016000000;0.9894000000;-9.8430000000;4.1437500000;1.6575000000;-1.4025000000;12.0000000000;-20.7500000000;39.5000000000
-1.2750000000;1.1424000000;-9.7308000000;-2.3587500000;-0.5100000000;-0.0637500000;12.6875000000;-20.3750000000;40.1875000000
-1.1220000000;1.0200000000;-9.7614000000;-0.9562500000;-1.4025000000;-1.2112500000;13.3750000000;-20.0625000000;39.3750000000
-1.2342000000;1.2444000000;-9.8124000000;-2.9325000000;-1.4662500000;0.5100000000;13.3750000000;-20.0625000000;39.3750000000
-1.2036000000;0.8670000000;-9.8226000000;-1.4662500000;-0.0637500000;0.9562500000;13.3750000000;-20.7500000000;39.7500000000
-1.1628000000;0.9486000000;-9.5880000000;1.4025000000;1.1475000000;-0.4462500000;11.5625000000;-20.7500000000;40.1875000000
-1.1730000000;0.9996000000;-9.5778000000;-0.2550000000;1.0200000000;-0.5100000000;13.0625000000;-19.6875000000;39.7500000000
-1.2444000000;1.0506000000;-9.4962000000;0.0637500000;-0.7650000000;-0.5100000000;12.2500000000;-20.7500000000;39.3750000000
-1.1220000000;1.1220000000;-9.9042000000;2.5500000000;-1.9125000000;-0.3825000000;12.2500000000;-20.7500000000;39.3750000000
-1.2138000000;0.9690000000;-9.5880000000;0.8287500000;0.5100000000;-1.0200000000;13.0625000000;-20.7500000000;39.5000000000
-1.2750000000;1.2852000000;-9.8736000000;0.4462500000;-1.9125000000;0.1912500000;13.3750000000;-20.7500000000;39.5000000000
-1.1832000000;0.9384000000;-9.7920000000;2.5500000000;-0.5737500000;1.4025000000;13.0625000000;-20.7500000000;38.6875000000
-1.2648000000;0.9588000000;-9.7920000000;-1.4025000000;-0.3187500000;0.7650000000;13.0625000000;-20.3750000000;40.1875000000
-1.1934000000;1.0914000000;-9.7104000000;0.8925000000;0.2550000000;1.3387500000;13.0625000000;-20.3750000000;40.1875000000
-1.2546000000;0.8466000000;-9.8022000000;0.8287500000;-1.1475000000;1.3387500000;12.2500000000;-20.0625000000;39.5000000000
-1.1118000000;0.9078000000;-9.9858000000;1.8487500000;1.7212500000;0.5737500000;13.3750000000;-20.0625000000;39.5000000000
-1.2852000000;0.9078000000;-9.2718000000;0.1275000000;1.7850000000;-0.8925000000;13.0625000000;-19.6875000000;39.7500000000
-1.2036000000;1.1730000000;-9.8430000000;-0.5100000000;-2.9325000000;1.6575000000;12.2500000000;-20.0625000000;40.6875000000
-1.1526000000;0.6222000000;-9.7614000000;-0.7650000000;1.9125000000;0.8925000000;12.2500000000;-20.0625000000;40.6875000000
-1.1832000000;0.9588000000;-9.6492000000;0.2550000000;0.0000000000;-1.5300000000;13.0625000000;-20.1875000000;39.0000000000
-1.2444000000;0.9588000000;-9.6594000000;-1.2750000000;-0.3825000000;-0.8925000000;12.6875000000;-20.7500000000;39.0625000000
-1.2036000000;1.0404000000;-9.9246000000;0.3825000000;-1.4662500000;0.3825000000;12.2500000000;-19.6875000000;39.7500000000
-1.2240000000;0.8772000000;-9.8634000000;2.1037500000;0.5737500000;-0.6375000000;13.0625000000;-20.1875000000;40.1875000000
-1.3158000000;1.1730000000;-9.6390000000;3.1237500000;1.0200000000;-0.2550000000;13.0625000000;-20.1875000000;40.1875000000
-1.1628000000;0.7446000000;-9.8226000000;-4.5262500000;-0.3825000000;0.7650000000;12.2500000000;-20.5000000000;40.1875000000
-1.2954000000;1.0506000000;-9.7104000000;-0.5737500000;1.5300000000;-0.3825000000;13.0000000000;-19.7500000000;39.3750000000
-1.1016000000;0.7854000000;-9.5574000000;0.8925000000;0.7650000000;-1.0837500000;12.6875000000;-20.5000000000;38.6875000000
-1.2750000000;1.0608000000;-9.7206000000;-1.1475000000;-0.8287500000;0.2550000000;13.0625000000;-20.1875000000;40.1875000000
-1.2036000000;0.8466000000;-9.2922000000;-1.9762500000;1.6575000000;-1.2750000000;13.0625000000;-20.1875000000;40.1875000000
-1.1424000000;1.1526000000;-9.7818000000;0.4462500000;-2.4862500000;0.5100000000;12.2500000000;-20.1875000000;38.2500000000
-1.1424000000;0.9996000000;-9.8124000000;-1.5300000000;-1.7850000000;-0.2550000000;13.0000000000;-20.1875000000;39.0000000000
-1.2036000000;0.9282000000;-9.4452000000;-3.5700000000;-0.1912500000;1.5937500000;12.6875000000;-20.8750000000;40.6875000000
-1.2444000000;0.9894000000;-9.7002000000;-0.5100000000;-6.0562500000;-1.1475000000;13.0625000000;-20.3750000000;39.5000000000
-1.2444000000;1.1016000000;-9.8226000000;-3.3150000000;-2.8050000000;1.0200000000;13.0625000000;-20.3750000000;39.5000000000
-1.1424000000;0.8874000000;-9.7920000000;-2.2312500000;-2.0400000000;0.3187500000;12.2500000000;-20.3750000000;39.5000000000
-1.3056000000;1.3362000000;-9.8226000000;2.5500000000;-2.5500000000;-0.4462500000;12.6875000000;-20.7500000000;39.5000000000
-1.1934000000;1.0404000000;-10.0062000000;-2.8687500000;-1.5937500000;1.2112500000;13.0625000000;-20.7500000000;39.5000000000
-1.3566000000;1.0608000000;-9.6594000000;1.0837500000;-0.7012500000;-0.2550000000;13.7500000000;-20.0625000000;40.1875000000
-1.3464000000;1.1934000000;-9.7716000000;-1.9762500000;-0.7012500000;0.3825000000;13.7500000000;-20.0625000000;40.1875000000
-1.3260000000;0.9690000000;-9.6492000000;-1.0200000000;-0.5737500000;0.9562500000;13.7500000000;-20.3750000000;38.2500000000
-1.3566000000;1.0404000000;-9.6084000000;1.1475000000;-0.0637500000;0.0637500000;13.3750000000;-20.7500000000;39.5000000000
-1.2342000000;1.3056000000;-9.7614000000;2.9325000000;-0.7012500000;0.1912500000;13.3750000000;-20.7500000000;39.0000000000
-1.4688000000;1.0302000000;-9.6288000000;-3.6337500000;-0.9562500000;2.1675000000;13.3750000000;-21.1875000000;39.5000000000
-1.1730000000;0.9996000000;-9.8634000000;-0.1912500000;0.3187500000;0.1275000000;13.3750000000;-21.1875000000;39.5000000000
-1.4688000000;1.0812000000;-9.5370000000;-4.5262500000;-2.6137500000;2.1037500000;13.0625000000;-20.3750000000;39.0625000000
-1.2648000000;1.0506000000;-10.0062000000;2.2950000000;-0.3825000000;0.7012500000;13.3750000000;-20.7500000000;39.5000000000
-1.4280000000;0.9894000000;-9.4554000000;-3.1875000000;0.7650000000;1.0200000000;13.3750000000;-21.1875000000;39.0000000000
-1.2750000000;0.9588000000;-9.6186000000;1.7850000000;-1.1475000000;-0.8925000000;12.6875000000;-20.7500000000;40.1875000000
-1.4382000000;1.1730000000;-9.5676000000;-0.7650000000;-0.3825000000;-0.2550000000;12.6875000000;-20.7500000000;40.1875000000
-1.2546000000;0.9588000000;-9.6288000000;-1.5300000000;-1.5937500000;-0.4462500000;13.3750000000;-20.3750000000;39.5000000000
-1.3668000000;0.9690000000;-9.2208000000;-0.5100000000;-2.2312500000;-2.6137500000;13.3750000000;-21.8750000000;39.5000000000
-1.2954000000;1.2138000000;-9.4554000000;-1.4662500000;-4.4625000000;-1.9762500000;13.3750000000;-21.1875000000;39.7500000000
-1.3668000000;0.9078000000;-8.9148000000;-5.4825000000;-3.5700000000;-1.9125000000;13.3750000000;-20.7500000000;39.0000000000
-1.3566000000;0.9690000000;-8.8128000000;-2.9325000000;-7.7137500000;-5.5462500000;13.3750000000;-20.7500000000;39.0000000000
-1.2342000000;0.7344000000;-8.3028000000;0.9562500000;-9.8812500000;-6.7575000000;13.7500000000;-21.5625000000;39.0625000000
-1.3668000000;0.8568000000;-8.0376000000;-2.1037500000;-16.0012500000;-11.4750000000;14.1875000000;-21.5625000000;38.6875000000
-1.3362000000;0.4182000000;-7.1298000000;-13.7062500000;-16.7025000000;-16.0012500000;14.8750000000;-20.3750000000;39.7500000000
-1.5912000000;0.7854000000;-5.6304000000;-5.8650000000;-19.9537500000;-22.1850000000;14.8750000000;-20.3750000000;39.7500000000
-2.1828000000;0.3162000000;-4.4472000000;-36.4650000000;-40.4812500000;-29.1975000000;15.6875000000;-22.2500000000;38.2500000000
-2.8662000000;1.0710000000;-5.2734000000;-7.5862500000;-64.7062500000;-33.2775000000;16.6875000000;-22.2500000000;38.2500000000
-3.0396000000;-0.4080000000;-3.8556000000;-9.4350000000;-62.4112500000;-34.6162500000;19.1875000000;-23.0625000000;36.2500000000
-5.4264000000;1.6626000000;-4.3860000000;5.0362500000;-93.9037500000;-43.0950000000;21.3750000000;-22.0000000000;35.5000000000
-5.9976000000;-0.4080000000;-3.4476000000;-18.3600000000;-107.2912500000;-34.3612500000;21.3750000000;-22.0000000000;35.5000000000
-7.9968000000;0.6834000000;-7.1298000000;18.9337500000;-143.3100000000;-36.9112500000;25.1875000000;-21.6875000000;34.2500000000
-8.9352000000;-1.4790000000;-5.5998000000;-38.5050000000;-129.9225000000;-36.2737500000;29.8750000000;-20.8750000000;31.1875000000
-10.5876000000;0.0000000000;-8.0988000000;-14.3437500000;-151.9800000000;-62.0287500000;32.8750000000;-20.8750000000;28.0000000000
-10.1082000000;-1.5606000000;-6.0180000000;9.8812500000;-114.3675000000;-53.4225000000;37.6875000000;-19.7500000000;23.0000000000
-12.2094000000;0.5814000000;-7.6092000000;33.9150000000;-131.9625000000;-64.0050000000;37.6875000000;-19.7500000000;23.0000000000
-11.7708000000;-0.4488000000;-8.7312000000;-31.8112500000;-128.8387500000;-55.7812500000;40.2500000000;-16.5000000000;19.3750000000
-11.7096000000;0.3672000000;-8.8230000000;7.3312500000;-115.1325000000;-76.5000000000;43.5625000000;-12.7500000000;15.0625000000
-12.0666000000;1.6422000000;-8.8740000000;64.2600000000;-86.9550000000;-58.5225000000;45.5000000000;-12.0625000000;11.6875000000
-11.4852000000;0.5202000000;-7.2318000000;22.1212500000;-74.1412500000;-32.6400000000;46.1875000000;-6.5625000000;7.6875000000
-11.0058000000;-0.2040000000;-7.4154000000;2.0400000000;-72.9300000000;-24.9900000000;46.1875000000;-6.5625000000;7.6875000000
-10.6386000000;-0.4590000000;-6.3240000000;-0.8925000000;-51.3825000000;-21.4837500000;45.7500000000;-5.0625000000;5.2500000000
-10.5468000000;-0.6834000000;-5.2734000000;0.3187500000;-45.7725000000;-15.0450000000;47.6875000000;-4.6875000000;3.0000000000
-10.1490000000;-0.5610000000;-5.0388000000;3.3150000000;-40.2900000000;-9.3712500000;47.2500000000;-1.7500000000;0.5625000000
-9.9552000000;-0.6732000000;-5.4876000000;-16.0650000000;-45.6450000000;-4.7175000000;46.8750000000;-0.6875000000;-0.5625000000
-9.9450000000;-1.5810000000;-4.9062000000;-43.9875000000;-36.2100000000;-0.7650000000;46.8750000000;-0.6875000000;-0.5625000000
-9.7614000000;-2.8662000000;-3.8454000000;-35.5087500000;-26.9662500000;-9.1162500000;47.2500000000;-2.5625000000;-2.0625000000
-9.6186000000;-2.7030000000;-3.0804000000;34.8075000000;-13.1325000000;-19.1887500000;46.8750000000;-2.1875000000;-3.2500000000
-9.9348000000;-1.3464000000;-1.6320000000;68.9137500000;-9.7537500000;-18.2325000000;47.2500000000;-1.0625000000;-3.7500000000
-9.9552000000;-0.6936000000;-1.3770000000;40.8637500000;-20.7825000000;3.8887500000;47.2500000000;0.7500000000;-5.2500000000
-9.5778000000;-1.6932000000;-1.6014000000;-16.9575000000;-26.0100000000;8.9887500000;47.2500000000;0.7500000000;-5.2500000000
-9.3738000000;-2.4378000000;-1.7442000000;-26.8387500000;-17.2125000000;3.8887500000;46.8750000000;0.3750000000;-6.5000000000
-9.7002000000;-2.1726000000;-1.1628000000;-0.5100000000;-1.4662500000;-0.8925000000;46.8750000000;0.0625000000;-6.5000000000
-9.6492000000;-1.9176000000;-1.3566000000;10.3275000000;-1.6575000000;-3.7612500000;47.2500000000;0.7500000000;-6.8750000000
-9.7308000000;-1.7850000000;-1.2342000000;20.9737500000;-1.2112500000;-4.7812500000;46.8750000000;0.3750000000;-7.2500000000
-9.7818000000;-1.3566000000;-1.2036000000;4.0800000000;-5.0362500000;-6.9487500000;46.8750000000;0.3750000000;-7.2500000000
-9.8022000000;-2.0196000000;-1.3668000000;-9.2437500000;-7.3312500000;1.0200000000;47.2500000000;-1.0625000000;-7.6875000000
-9.5166000000;-2.2848000000;-1.2648000000;2.9325000000;-2.1037500000;2.0400000000;46.8750000000;1.0625000000;-6.8750000000
-9.8328000000;-1.9278000000;-0.8262000000;-1.0200000000;-2.1037500000;-0.5100000000;46.8750000000;0.3750000000;-8.0625000000
-9.6798000000;-2.0094000000;-0.9690000000;-0.7650000000;-4.6537500000;0.9562500000;47.2500000000;0.6875000000;-8.0625000000
-9.6900000000;-2.0094000000;-0.7446000000;-8.6062500000;-2.7412500000;-0.1275000000;47.2500000000;0.6875000000;-8.0625000000
-9.7308000000;-1.7952000000;-0.8874000000;-13.7062500000;-5.2275000000;-0.0637500000;46.5625000000;1.5000000000;-8.5000000000
-9.7818000000;-2.1828000000;-0.8568000000;-3.3150000000;-5.9925000000;0.9562500000;46.5625000000;-0.6875000000;-8.5000000000
-9.5676000000;-2.1726000000;-1.4484000000;-1.4662500000;-8.1600000000;-3.7612500000;46.1875000000;1.0625000000;-8.5000000000
-9.8634000000;-1.7238000000;-0.7854000000;15.3000000000;0.7012500000;-2.8687500000;46.5625000000;1.5000000000;-8.7500000000
-9.8430000000;-2.0094000000;-1.2240000000;3.5700000000;-6.3112500000;2.5500000000;46.5625000000;1.5000000000;-8.7500000000
-9.7002000000;-2.1318000000;-1.3872000000;-4.4625000000;-1.9125000000;-1.2112500000;45.7500000000;-0.2500000000;-8.7500000000
-9.8634000000;-1.9686000000;-0.9282000000;5.9287500000;1.4025000000;1.5300000000;46.5625000000;1.0625000000;-9.2500000000
-9.6492000000;-2.3460000000;-1.1424000000;-8.5425000000;-0.7012500000;-1.5300000000;46.5625000000;1.5000000000;-8.5000000000
-9.7308000000;-1.8360000000;-1.0608000000;3.8887500000;2.8050000000;-4.2712500000;45.7500000000;0.6875000000;-8.7500000000
-9.7410000000;-2.1318000000;-0.6324000000;-1.0837500000;0.5737500000;0.2550000000;45.7500000000;0.6875000000;-8.7500000000
-9.7308000000;-2.2440000000;-0.7038000000;-9.0525000000;-2.2950000000;-1.3387500000;46.1875000000;1.5000000000;-8.7500000000
-9.4962000000;-1.8360000000;-0.8262000000;-3.4425000000;-0.4462500000;-1.0200000000;46.5625000000;-0.6875000000;-8.7500000000
-9.8634000000;-1.8258000000;-0.7446000000;-6.0562500000;-2.8050000000;2.4862500000;46.1875000000;1.0625000000;-9.2500000000
-9.5676000000;-2.5908000000;-1.2750000000;-11.6662500000;-5.1637500000;2.3587500000;46.1875000000;1.5000000000;-8.5000000000
-9.7104000000;-1.8972000000;-1.2036000000;2.3587500000;1.0200000000;-4.3350000000;46.1875000000;1.5000000000;-8.5000000000
-9.7512000000;-2.0298000000;-0.9996000000;1.7850000000;1.2750000000;0.8925000000;45.5000000000;0.3750000000;-9.2500000000
-9.7716000000;-2.1930000000;-0.8466000000;-4.3987500000;0.3825000000;-0.8925000000;46.1875000000;1.0625000000;-10.0000000000
-9.8430000000;-1.7238000000;-0.8262000000;9.4987500000;0.7650000000;0.6375000000;46.5625000000;1.5000000000;-9.5625000000
-9.6288000000;-2.3766000000;-0.9078000000;-7.7775000000;-1.2112500000;2.8687500000;46.5625000000;1.5000000000;-9.5625000000
-9.6492000000;-2.0502000000;-0.8874000000;3.0600000000;0.8287500000;-2.1037500000;46.5625000000;1.0625000000;-10.0000000000
-9.6900000000;-1.7136000000;-1.3770000000;11.0925000000;1.2112500000;0.3187500000;45.5000000000;-0.6875000000;-8.5000000000
-10.0776000000;-1.8666000000;-1.8972000000;7.0125000000;4.7175000000;0.4462500000;46.8750000000;1.5000000000;-8.7500000000
-9.9756000000;-0.9690000000;-3.1008000000;0.3825000000;8.8612500000;-4.1437500000;46.1875000000;1.5000000000;-8.0625000000
-10.7610000000;0.3468000000;-5.5284000000;-0.8287500000;12.3037500000;4.7175000000;46.1875000000;1.5000000000;-8.0625000000
-11.3730000000;-0.1326000000;-6.3546000000;11.2200000000;42.9037500000;22.5675000000;46.5625000000;0.6875000000;-8.0625000000
-12.1074000000;0.4284000000;-7.6194000000;22.9500000000;56.4187500000;31.1737500000;45.7500000000;0.3750000000;-7.2500000000
-12.6276000000;0.2142000000;-9.5472000000;20.5912500000;87.2100000000;36.7837500000;47.2500000000;-2.5625000000;-5.6875000000
-13.4436000000;-0.4080000000;-8.2008000000;56.3550000000;137.8275000000;55.0800000000;46.5625000000;-3.0000000000;-2.0625000000
-13.4028000000;-1.6626000000;-7.8948000000;9.4987500000;145.3500000000;42.9675000000;46.5625000000;-3.0000000000;-2.0625000000
-13.3620000000;-1.3566000000;-7.3746000000;29.8350000000;175.7587500000;32.0662500000;47.0000000000;-7.6875000000;3.0000000000
-13.5558000000;-1.6320000000;-6.2118000000;14.6625000000;179.3287500000;31.4287500000;45.8750000000;-7.6875000000;6.8750000000
-12.2910000000;-1.7544000000;-6.5382000000;42.7125000000;185.2575000000;25.9462500000;45.1875000000;-8.7500000000;15.1875000000
-11.7810000000;-1.3770000000;-5.1408000000;23.9062500000;181.7512500000;32.1300000000;43.2500000000;-10.2500000000;22.1875000000
-9.8634000000;-2.3868000000;-6.4872000000;6.2475000000;155.8687500000;14.9812500000;43.2500000000;-10.2500000000;22.1875000000
-8.9352000000;-1.3974000000;-5.5692000000;23.4600000000;158.4825000000;8.3512500000;37.7500000000;-10.6875000000;26.7500000000
-7.7214000000;-0.3570000000;-7.6602000000;-1.1475000000;134.2575000000;14.9812500000;34.0625000000;-11.5000000000;31.5625000000
-5.9874000000;-1.7238000000;-6.1710000000;13.8975000000;151.4062500000;14.0250000000;30.0000000000;-12.5000000000;35.5000000000
-5.1918000000;-0.9078000000;-4.9878000000;58.5225000000;135.7875000000;13.3237500000;24.3750000000;-12.8750000000;38.2500000000
-3.2334000000;-1.6626000000;-4.7328000000;0.4462500000;107.3550000000;8.6062500000;24.3750000000;-12.8750000000;38.2500000000
-2.0298000000;-1.6116000000;-3.2742000000;30.7275000000;105.1237500000;16.0012500000;20.0000000000;-10.5625000000;41.0000000000
-1.9686000000;-1.7952000000;-1.9584000000;94.2862500000;85.4250000000;47.9400000000;15.5625000000;-10.1875000000;43.7500000000
0.9282000000;-3.0600000000;-4.9062000000;83.1300000000;6.1200000000;24.5437500000;10.6875000000;-8.6875000000;45.0000000000
-0.0306000000;-2.6214000000;-5.2836000000;-8.3512500000;29.4525000000;10.5187500000;9.1875000000;-4.6875000000;45.0000000000
-0.1530000000;-3.2130000000;-5.7936000000;-8.9250000000;-35.1900000000;-16.0012500000;9.1875000000;-4.6875000000;45.0000000000
0.2958000000;-0.2448000000;-10.4346000000;-119.5312500000;-34.1700000000;-43.6687500000;8.5625000000;-4.1875000000;45.3750000000
-0.8568000000;-1.2852000000;-8.1294000000;-80.1975000000;-3.1237500000;-13.0050000000;9.0625000000;-4.8750000000;45.7500000000
-0.3978000000;0.0000000000;-10.0470000000;-47.0475000000;-22.8862500000;-18.9975000000;9.0625000000;-8.2500000000;44.0000000000
-0.7956000000;0.7446000000;-10.7202000000;-71.0175000000;-9.1162500000;-16.8937500000;11.7500000000;-11.5625000000;44.3750000000
-0.7038000000;-0.2652000000;-9.2616000000;-28.6237500000;0.8287500000;6.8212500000;11.7500000000;-11.5625000000;44.3750000000
-0.8466000000;0.3570000000;-9.6288000000;-3.9525000000;-12.7500000000;-8.8612500000;11.7500000000;-13.7500000000;42.3750000000
-1.2954000000;2.1420000000;-10.7712000000;-53.2950000000;-19.8900000000;-3.5062500000;10.5625000000;-14.8750000000;42.7500000000
-1.0506000000;0.1530000000;-9.8736000000;-59.9887500000;-13.3237500000;8.5425000000;11.7500000000;-14.8750000000;42.3750000000
-1.0812000000;0.3570000000;-9.7920000000;12.4312500000;-1.7850000000;4.3350000000;12.5000000000;-17.0625000000;42.3750000000
-1.2342000000;1.2036000000;-10.1592000000;0.6375000000;-0.6375000000;6.2475000000;12.5000000000;-17.0625000000;42.3750000000
-0.7446000000;0.4590000000;-10.4346000000;-18.7425000000;-0.7012500000;4.3987500000;12.8750000000;-18.5625000000;41.5625000000
-1.1832000000;0.8058000000;-9.6288000000;-2.0400000000;4.2075000000;5.1637500000;12.5000000000;-18.5625000000;41.1875000000
-0.9180000000;0.0204000000;-9.7308000000;-2.8687500000;3.0600000000;7.9687500000;13.1875000000;-17.8750000000;41.5625000000
-1.0302000000;0.6936000000;-9.3432000000;8.4787500000;4.9087500000;0.2550000000;12.0625000000;-18.5625000000;42.0000000000
-1.1220000000;1.1424000000;-9.3738000000;-23.1412500000;-4.5900000000;2.1037500000;12.0625000000;-18.5625000000;42.0000000000
-0.7446000000;0.3162000000;-9.4452000000;-5.3550000000;-3.5700000000;5.9925000000;12.0625000000;-19.2500000000;40.3750000000
-1.1424000000;1.0710000000;-9.5370000000;-14.3437500000;-8.2237500000;0.3825000000;12.5000000000;-19.3750000000;40.8750000000
-0.7752000000;0.9894000000;-10.0980000000;-25.0537500000;-7.6500000000;3.4425000000;12.0625000000;-19.0000000000;40.3750000000
-0.9792000000;0.6834000000;-9.5268000000;-3.0600000000;4.7812500000;0.8287500000;12.0625000000;-20.3750000000;40.8750000000
-1.2648000000;1.2648000000;-9.1494000000;2.4862500000;-4.2712500000;-0.1912500000;12.0625000000;-20.3750000000;40.8750000000
-1.1016000000;1.1832000000;-10.2510000000;-7.5225000000;-6.6937500000;3.3150000000;12.0625000000;-20.0625000000;40.0000000000
-0.9384000000;0.6120000000;-10.1898000000;-8.1600000000;2.8050000000;-0.2550000000;12.0625000000;-20.7500000000;40.8750000000
-1.3158000000;1.3566000000;-9.2820000000;-1.4025000000;-0.9562500000;-3.7612500000;12.7500000000;-20.3750000000;40.3750000000
-1.1118000000;1.5300000000;-10.0368000000;-13.0687500000;-9.7537500000;0.0637500000;13.1875000000;-21.1875000000;40.0000000000
-1.2036000000;1.1730000000;-9.7002000000;-9.5625000000;-1.7850000000;4.3987500000;13.1875000000;-21.1875000000;40.0000000000
-1.1730000000;0.9792000000;-9.7104000000;5.4187500000;-0.1275000000;1.5937500000;13.5625000000;-21.5625000000;39.1875000000
-1.1730000000;1.6218000000;-9.7206000000;1.7850000000;1.3387500000;0.6375000000;12.7500000000;-22.2500000000;39.5625000000
-1.1220000000;1.3158000000;-9.4656000000;-15.6825000000;-1.4025000000;2.1037500000;13.1875000000;-21.5625000000;39.5625000000
-1.4076000000;1.6830000000;-9.2514000000;-24.6075000000;-5.4187500000;3.2512500000;13.1875000000;-21.5625000000;39.5625000000
-1.2546000000;1.7034000000;-9.5574000000;-32.0025000000;-10.5825000000;5.4187500000;12.8750000000;-21.8750000000;39.1875000000
-1.3668000000;2.0706000000;-9.3840000000;-27.9862500000;-10.2637500000;7.8412500000;12.8750000000;-23.3750000000;37.6875000000
-1.2750000000;1.8360000000;-9.4452000000;-26.3925000000;-9.9450000000;6.7575000000;13.1875000000;-24.5000000000;39.2500000000
-1.4688000000;1.6728000000;-9.0882000000;-9.1800000000;-6.8850000000;1.5300000000;12.8750000000;-24.7500000000;37.2500000000
-1.3464000000;2.2950000000;-9.3840000000;2.1675000000;-8.6062500000;-1.6575000000;12.8750000000;-24.7500000000;37.2500000000
-1.7136000000;2.1420000000;-9.5880000000;-0.0637500000;-13.2600000000;-1.4662500000;13.5625000000;-24.8750000000;37.6875000000
-1.5402000000;2.3154000000;-10.2204000000;0.8925000000;-9.1800000000;-1.5300000000;14.0000000000;-25.5000000000;36.8750000000
-1.7646000000;2.1318000000;-9.6390000000;-4.6537500000;-3.4425000000;-0.4462500000;14.0000000000;-27.0000000000;35.6875000000
-1.8564000000;2.0502000000;-9.5676000000;0.9562500000;-4.0162500000;-1.4662500000;14.6875000000;-26.7500000000;37.2500000000
-1.7136000000;2.2134000000;-9.7818000000;-3.6337500000;-2.4225000000;2.1675000000;14.6875000000;-26.7500000000;37.2500000000
-1.7850000000;1.7748000000;-9.2514000000;6.0562500000;1.8487500000;-0.2550000000;15.0625000000;-27.0000000000;36.5625000000
-1.7850000000;2.3766000000;-9.4758000000;16.0012500000;1.2750000000;-2.4225000000;14.6875000000;-27.0000000000;35.7500000000
-1.7544000000;2.1624000000;-9.3942000000;5.2912500000;-0.5100000000;0.6375000000;14.6875000000;-26.2500000000;36.5625000000
-1.7238000000;2.0808000000;-9.4656000000;1.9762500000;-3.3787500000;1.0837500000;14.6875000000;-26.2500000000;37.0000000000
-1.7340000000;1.8564000000;-9.2616000000;-1.0200000000;-3.6337500000;0.8925000000;14.6875000000;-26.2500000000;37.0000000000
-1.7136000000;2.1726000000;-9.5166000000;4.8450000000;-3.1875000000;-0.7012500000;15.1875000000;-26.2500000000;37.2500000000
-1.8054000000;1.9278000000;-9.4452000000;-5.6737500000;-4.3350000000;2.6137500000;15.0625000000;-25.8750000000;37.0000000000
-1.7952000000;2.0502000000;-9.3330000000;1.9762500000;-1.8487500000;1.4025000000;15.5000000000;-25.8750000000;37.7500000000
-1.8564000000;1.9482000000;-9.4962000000;1.0200000000;-4.2712500000;0.5100000000;15.5000000000;-26.2500000000;36.5625000000
-1.8666000000;2.0910000000;-9.6900000000;0.0637500000;-5.2275000000;0.4462500000;15.5000000000;-26.2500000000;36.5625000000
-1.8360000000;1.9074000000;-9.5778000000;0.1275000000;-1.7212500000;0.7650000000;15.0625000000;-25.1875000000;37.0000000000
-1.8462000000;2.0094000000;-9.5982000000;-1.5937500000;-1.9762500000;0.7012500000;15.5000000000;-26.2500000000;35.7500000000
-1.8972000000;1.8462000000;-9.2310000000;-1.7850000000;0.0000000000;-0.3825000000;15.5000000000;-26.2500000000;36.5625000000
-1.9074000000;1.9788000000;-9.5676000000;0.6375000000;-3.7612500000;-1.2112500000;16.1875000000;-25.8750000000;37.3750000000
-1.8360000000;2.1726000000;-9.6390000000;2.5500000000;-1.4025000000;-1.1475000000;16.1875000000;-25.8750000000;37.3750000000
-1.9380000000;1.9992000000;-9.3636000000;-1.2750000000;0.1275000000;0.2550000000;15.7500000000;-26.2500000000;36.5625000000
-1.7850000000;2.1012000000;-9.5064000000;2.1037500000;-0.2550000000;-1.4662500000;15.7500000000;-26.2500000000;36.1875000000
-1.9890000000;2.2644000000;-9.3942000000;-2.6137500000;-0.9562500000;2.1675000000;15.7500000000;-26.2500000000;37.3750000000
-1.8360000000;1.6728000000;-9.5064000000;-0.3187500000;-2.7412500000;0.1275000000;15.7500000000;-26.6875000000;36.0625000000
-2.0094000000;2.3460000000;-9.3738000000;2.9962500000;0.0637500000;-2.4225000000;15.7500000000;-26.6875000000;36.0625000000
-1.9074000000;1.7748000000;-9.4860000000;-1.5300000000;-1.5937500000;1.8487500000;16.1875000000;-26.2500000000;37.2500000000
-1.9380000000;1.9584000000;-9.4758000000;-0.3825000000;-0.0637500000;-1.4025000000;16.1875000000;-25.8750000000;36.5625000000
-1.9482000000;2.1318000000;-9.2514000000;2.1037500000;0.3187500000;-0.2550000000;16.5625000000;-26.2500000000;35.0000000000
-1.9584000000;1.9584000000;-9.5676000000;1.2750000000;-3.3150000000;0.0000000000;15.5000000000;-25.8750000000;36.0625000000
-1.8870000000;1.8156000000;-9.4554000000;2.2312500000;0.4462500000;-0.5737500000;15.5000000000;-25.8750000000;36.0625000000
-2.0604000000;2.0400000000;-9.2820000000;1.7212500000;-0.8287500000;-0.5737500000;16.1875000000;-26.6875000000;36.0625000000
-1.8462000000;1.8156000000;-9.6492000000;-0.5737500000;-1.5937500000;1.0837500000;15.5000000000;-25.5000000000;37.2500000000
-2.0298000000;1.9074000000;-9.1596000000;-1.0200000000;1.1475000000;-0.7650000000;15.7500000000;-25.8750000000;36.5625000000
-1.9584000000;1.9788000000;-9.3228000000;-1.9125000000;-2.4862500000;-0.0637500000;16.2500000000;-26.2500000000;36.5625000000
-1.9176000000;1.9074000000;-9.4962000000;-0.4462500000;-2.5500000000;-0.1912500000;16.2500000000;-26.2500000000;36.5625000000
-1.9482000000;2.0808000000;-9.5370000000;-3.1875000000;-1.7212500000;0.5737500000;16.1875000000;-25.8750000000;37.0000000000
-1.9992000000;2.0706000000;-9.4962000000;4.0162500000;-2.7412500000;-0.1275000000;15.7500000000;-25.8750000000;37.0000000000
-2.0808000000;1.8462000000;-9.5268000000;1.5300000000;-2.2950000000;1.0837500000;16.5625000000;-25.8750000000;37.0000000000
-1.9482000000;2.1726000000;-9.7206000000;0.9562500000;-1.7850000000;-0.3187500000;15.7500000000;-25.5000000000;36.5625000000
-2.0196000000;1.7034000000;-9.3942000000;-2.9325000000;0.0637500000;1.5937500000;15.7500000000;-25.5000000000;36.5625000000
-2.0502000000;2.2236000000;-9.5370000000;6.2475000000;0.3825000000;-1.4025000000;16.8750000000;-25.5000000000;36.0625000000
-2.0196000000;1.9278000000;-9.2820000000;-4.9725000000;0.7012500000;1.6575000000;16.5625000000;-26.2500000000;35.2500000000
-1.9584000000;1.8462000000;-9.3330000000;-0.6375000000;-1.6575000000;-0.9562500000;16.5625000000;-26.6875000000;35.7500000000
-2.0808000000;2.1318000000;-9.2922000000;-0.8925000000;-0.9562500000;-1.4662500000;16.1875000000;-25.8750000000;36.0625000000
-1.9482000000;1.8564000000;-9.5370000000;1.6575000000;-2.4862500000;0.6375000000;16.1875000000;-25.8750000000;36.0625000000
-1.9992000000;1.8972000000;-9.4860000000;0.0637500000;-0.4462500000;-0.6375000000;16.1875000000;-26.2500000000;36.0625000000
-2.0298000000;2.1522000000;-9.5472000000;5.1637500000;-0.7012500000;0.5100000000;16.6875000000;-26.2500000000;36.5625000000
-2.0604000000;1.9788000000;-9.6594000000;2.1037500000;-0.1275000000;1.7850000000;16.5625000000;-26.2500000000;37.0000000000
-2.0298000000;1.9074000000;-9.5880000000;2.8050000000;0.8287500000;1.7212500000;16.5625000000;-26.2500000000;37.0000000000
-2.0196000000;1.4484000000;-9.4146000000;-3.5062500000;0.0637500000;1.0200000000;15.7500000000;-26.6875000000;36.1875000000
-2.0196000000;2.0094000000;-9.3228000000;3.8887500000;1.5300000000;-2.8050000000;17.3750000000;-25.8750000000;36.1875000000
-2.0298000000;1.9176000000;-9.3636000000;-0.7012500000;0.1912500000;0.0000000000;17.0000000000;-25.8750000000;35.0000000000
-1.9584000000;1.7544000000;-9.4656000000;3.8887500000;0.3187500000;-0.9562500000;17.0625000000;-25.5000000000;36.1875000000
-2.0502000000;2.0196000000;-9.1800000000;2.2312500000;1.9125000000;-0.9562500000;17.0625000000;-25.5000000000;36.1875000000
-1.9686000000;1.7850000000;-9.4350000000;-2.3587500000;-2.1037500000;-0.3187500000;16.5625000000;-25.5000000000;37.2500000000
-2.0196000000;1.8768000000;-9.4758000000;-2.0400000000;-2.2950000000;-1.5300000000;16.5625000000;-25.8750000000;36.0625000000
-2.0910000000;2.0298000000;-9.3534000000;0.1275000000;-1.0837500000;-2.6137500000;16.5625000000;-25.5000000000;35.7500000000
-2.1318000000;2.0196000000;-9.5778000000;-1.7212500000;-1.6575000000;0.1912500000;16.5625000000;-25.5000000000;37.0000000000
-2.0604000000;1.9074000000;-9.5778000000;2.5500000000;0.3825000000;0.8925000000;16.5625000000;-25.5000000000;37.0000000000
-2.0298000000;1.8870000000;-9.6288000000;3.4425000000;0.2550000000;-0.5100000000;16.5625000000;-25.5000000000;36.0625000000
-2.1318000000;2.1012000000;-9.4350000000;2.1675000000;1.3387500000;0.0000000000;16.8750000000;-25.5000000000;37.7500000000
-2.0196000000;1.7238000000;-9.3432000000;-1.5937500000;0.4462500000;1.8487500000;16.1875000000;-25.8750000000;37.2500000000
-2.0502000000;1.8156000000;-9.4044000000;2.1675000000;0.8287500000;0.6375000000;16.1875000000;-25.5000000000;36.5625000000
-2.0196000000;1.9074000000;-9.4350000000;1.4025000000;0.7012500000;0.0637500000;16.1875000000;-25.5000000000;36.5625000000
-2.0298000000;1.6830000000;-9.2922000000;0.6375000000;0.5100000000;1.4025000000;16.1875000000;-25.5000000000;37.7500000000
-1.9176000000;1.8972000000;-9.4860000000;1.0837500000;0.0637500000;0.4462500000;16.8750000000;-25.5000000000;37.2500000000
-2.2134000000;1.9176000000;-9.2208000000;-1.4025000000;-2.2950000000;0.9562500000;16.1875000000;-25.5000000000;35.7500000000
-1.9788000000;1.7748000000;-9.3738000000;-0.0637500000;-1.5300000000;0.8287500000;16.5625000000;-25.5000000000;35.3750000000
-1.9686000000;1.6830000000;-9.6390000000;0.1912500000;-1.7850000000;-0.2550000000;16.5625000000;-25.5000000000;35.3750000000
-2.1114000000;2.0196000000;-9.4248000000;0.7012500000;-0.1275000000;-0.1912500000;16.5625000000;-24.3750000000;36.5625000000
-1.9992000000;1.6218000000;-9.3024000000;-1.8487500000;-0.6375000000;0.0637500000;16.1875000000;-24.3750000000;37.0000000000
-2.1216000000;2.0094000000;-9.4350000000;0.7012500000;-2.8050000000;-0.0637500000;16.1875000000;-25.1875000000;37.0000000000
-2.0196000000;1.6218000000;-9.4758000000;-2.9325000000;-1.3387500000;-0.5100000000;16.8750000000;-25.1875000000;35.7500000000
-2.1012000000;2.0604000000;-9.3330000000;3.1875000000;0.0637500000;-2.1675000000;16.8750000000;-25.1875000000;35.7500000000
-2.0910000000;1.8972000000;-9.5574000000;0.8925000000;-3.1875000000;0.3187500000;17.5625000000;-25.8750000000;37.0000000000
-2.1930000000;1.7850000000;-9.3534000000;0.6375000000;0.2550000000;-1.3387500000;16.5625000000;-23.6875000000;36.0625000000
-2.1318000000;1.9890000000;-9.5370000000;1.2112500000;-1.8487500000;-1.6575000000;16.5625000000;-25.1875000000;36.5625000000
-2.2032000000;2.0604000000;-9.5064000000;0.3187500000;-0.6375000000;0.9562500000;17.5625000000;-26.2500000000;35.7500000000
-2.1624000000;1.9074000000;-9.4860000000;0.6375000000;-0.5737500000;-0.0637500000;17.5625000000;-26.2500000000;35.7500000000
-2.1216000000;1.8258000000;-9.3636000000;0.7012500000;0.3187500000;2.1037500000;18.0000000000;-25.5000000000;36.0625000000
-2.2032000000;1.8054000000;-9.3432000000;0.3825000000;-1.4025000000;0.3187500000;17.5625000000;-25.1875000000;36.0625000000
-2.0502000000;1.7340000000;-9.0882000000;-1.9125000000;0.2550000000;-0.0637500000;17.2500000000;-25.1875000000;36.5625000000
-1.9686000000;1.8156000000;-9.2208000000;1.8487500000;-2.0400000000;0.3825000000;17.2500000000;-25.1875000000;35.3750000000
-1.9788000000;1.3566000000;-8.8026000000;-6.8212500000;-2.4225000000;-0.1912500000;17.2500000000;-25.1875000000;35.3750000000
-1.9992000000;1.3056000000;-8.3538000000;-2.7412500000;-2.9325000000;-6.4387500000;17.2500000000;-24.7500000000;35.7500000000
-2.0196000000;1.3974000000;-7.9662000000;-12.0487500000;-8.6062500000;-5.6100000000;16.8750000000;-25.5000000000;36.1875000000
-1.6014000000;0.3264000000;-7.3542000000;-35.1262500000;-9.9450000000;-10.6462500000;17.5625000000;-25.5000000000;36.5625000000
-1.8972000000;0.5712000000;-6.5382000000;-17.5312500000;-11.4112500000;-25.1175000000;18.3750000000;-25.8750000000;35.7500000000
-1.9686000000;0.8874000000;-5.8650000000;-16.2562500000;-20.5275000000;-30.4087500000;18.3750000000;-25.8750000000;35.7500000000
-2.3868000000;1.1322000000;-5.1408000000;-19.3800000000;-31.7475000000;-30.2175000000;18.7500000000;-27.0000000000;36.0625000000
-3.0192000000;1.1424000000;-4.3758000000;-47.6212500000;-54.6975000000;-42.2662500000;20.2500000000;-26.6875000000;34.1875000000
-4.1514000000;0.8262000000;-4.0188000000;-66.3637500000;-64.3875000000;-38.4412500000;22.5000000000;-26.6875000000;34.1875000000
-5.0184000000;-0.2754000000;-4.9266000000;-85.4250000000;-88.8037500000;-69.4875000000;24.0000000000;-28.0625000000;31.0625000000
-6.0078000000;0.3570000000;-4.8756000000;-31.8112500000;-60.4987500000;-93.2025000000;24.0000000000;-28.0625000000;31.0625000000
-8.8128000000;2.9376000000;-4.6410000000;-25.6275000000;-90.9712500000;-94.4775000000;27.2500000000;-28.0625000000;28.0000000000
-8.2416000000;0.6834000000;-5.3040000000;-10.2000000000;-83.5125000000;-93.0750000000;31.2500000000;-26.5625000000;26.2500000000
-10.1388000000;1.6116000000;-3.7740000000;36.5925000000;-102.9562500000;-88.9312500000;35.7500000000;-24.6875000000;22.7500000000
-11.4444000000;2.6112000000;-7.7928000000;54.8250000000;-142.9912500000;-81.4087500000;38.0000000000;-19.8750000000;20.0000000000
-11.7708000000;2.4684000000;-7.1298000000;52.9762500000;-143.9475000000;-56.5462500000;38.0000000000;-19.8750000000;20.0000000000
-12.5154000000;1.8360000000;-9.7410000000;-23.2687500000;-143.5012500000;-53.6775000000;41.5625000000;-16.0625000000;16.5000000000
-12.2604000000;0.6222000000;-8.6496000000;-11.4112500000;-107.1637500000;-50.2350000000;44.2500000000;-12.3750000000;11.2500000000
-11.7198000000;0.1020000000;-7.9152000000;24.6712500000;-85.8075000000;-51.3187500000;45.8750000000;-9.8750000000;7.0000000000
-10.8528000000;0.7650000000;-6.8034000000;30.0900000000;-63.1125000000;-55.9087500000;45.8750000000;-9.8750000000;7.0000000000
-11.3628000000;1.3056000000;-6.9156000000;26.5200000000;-61.9650000000;-45.6450000000;47.0000000000;-7.0000000000;4.5625000000
-10.9854000000;0.2856000000;-6.1302000000;23.2050000000;-47.4937500000;-27.6037500000;47.0000000000;-5.8750000000;3.0625000000
-10.2000000000;0.1224000000;-5.9364000000;-13.3875000000;-45.7087500000;-26.2650000000;46.8750000000;-5.0625000000;0.2500000000
-10.7610000000;-1.2342000000;-5.2734000000;-5.3550000000;-28.6237500000;-24.6712500000;47.2500000000;-1.7500000000;-1.2500000000
-10.0062000000;-0.5304000000;-4.8144000000;18.4875000000;-11.0287500000;-23.8425000000;47.2500000000;-1.7500000000;-1.2500000000
-9.8634000000;-0.5610000000;-3.6618000000;-9.8812500000;-9.6262500000;-25.2450000000;46.1875000000;-0.2500000000;-2.3750000000
-9.8838000000;-1.1526000000;-2.7030000000;-5.2275000000;-10.0087500000;-20.4637500000;47.3750000000;0.3750000000;-2.8750000000
-9.7308000000;-1.4484000000;-1.9686000000;11.5387500000;-19.6987500000;-15.4275000000;47.3750000000;1.5000000000;-4.0000000000
-9.7716000000;-1.2444000000;-1.9584000000;14.9812500000;-33.7875000000;-9.8812500000;46.6875000000;1.8750000000;-3.1875000000
-9.6492000000;-1.4382000000;-2.3154000000;13.2600000000;-35.5087500000;-0.7650000000;46.6875000000;1.8750000000;-3.1875000000
-9.5166000000;-1.8156000000;-2.3460000000;20.5275000000;-27.2850000000;2.1037500000;46.6875000000;2.5625000000;-4.7500000000
-9.5166000000;-2.0400000000;-1.9890000000;38.0587500000;-12.6225000000;-0.1912500000;47.3750000000;1.8750000000;-6.3750000000
-9.8226000000;-1.6626000000;-1.8462000000;25.3087500000;-4.9087500000;-0.8287500000;46.2500000000;1.5000000000;-8.3750000000
-9.6492000000;-1.8462000000;-1.7646000000;5.0362500000;-3.3787500000;2.2312500000;46.6875000000;0.7500000000;-8.6875000000
-9.6594000000;-2.2440000000;-1.2342000000;6.2475000000;2.8050000000;3.7612500000;46.6875000000;0.7500000000;-8.6875000000
-9.7512000000;-2.0196000000;-1.2240000000;1.1475000000;-0.5737500000;-0.1275000000;46.6875000000;3.0000000000;-8.0000000000
-9.7206000000;-2.1318000000;-1.2444000000;-3.4425000000;-1.0200000000;-0.8287500000;47.0000000000;2.5625000000;-8.6875000000
-9.6288000000;-2.0910000000;-1.0812000000;-2.0400000000;0.8925000000;-0.8925000000;47.3750000000;1.5000000000;-8.0000000000
-9.5880000000;-1.9788000000;-1.2138000000;-1.9762500000;-2.3587500000;-0.8925000000;46.2500000000;2.5625000000;-8.0000000000
-9.7206000000;-1.7850000000;-1.2036000000;4.5262500000;-0.7012500000;-0.5737500000;46.2500000000;2.5625000000;-8.0000000000
-9.7716000000;-1.8258000000;-1.0914000000;7.7775000000;0.2550000000;1.7850000000;47.3750000000;2.2500000000;-7.5625000000
-9.6900000000;-1.9482000000;-1.2036000000;0.7650000000;-1.7850000000;0.7650000000;46.2500000000;2.2500000000;-7.5625000000
-9.6390000000;-1.8870000000;-1.0710000000;11.4750000000;-0.9562500000;2.8687500000;46.6875000000;2.5625000000;-8.6875000000
-9.6186000000;-2.2236000000;-1.3974000000;1.0200000000;-2.1037500000;2.4862500000;46.6875000000;2.2500000000;-8.3750000000
-9.9144000000;-2.1420000000;-1.0302000000;3.6337500000;1.5937500000;0.1275000000;46.6875000000;2.2500000000;-8.3750000000
-9.6186000000;-2.0808000000;-1.4382000000;17.1487500000;1.4662500000;1.7850000000;46.6875000000;1.8750000000;-8.0000000000
-9.6696000000;-1.9074000000;-1.2852000000;4.4625000000;1.3387500000;-0.5100000000;46.2500000000;2.5625000000;-8.0000000000
-9.7716000000;-1.8462000000;-1.1016000000;-0.5100000000;-0.6375000000;-0.3825000000;46.2500000000;1.0625000000;-8.0000000000
-9.6696000000;-1.8870000000;-1.0200000000;0.3825000000;-0.8287500000;2.8050000000;47.0000000000;0.3750000000;-7.5625000000
-9.7614000000;-2.1012000000;-1.1526000000;0.7012500000;-2.4225000000;0.6375000000;47.0000000000;0.3750000000;-7.5625000000
-9.7818000000;-1.6014000000;-0.9180000000;16.4475000000;-0.4462500000;0.6375000000;46.2500000000;1.8750000000;-9.1875000000
-9.6798000000;-1.8666000000;-1.2342000000;5.9287500000;-3.4425000000;3.7612500000;46.2500000000;1.1875000000;-7.1875000000
-9.7002000000;-1.9278000000;-1.0914000000;5.7375000000;-1.2112500000;-0.1912500000;46.6875000000;1.8750000000;-9.1875000000
-9.8226000000;-1.7850000000;-0.8568000000;1.9762500000;-2.4225000000;0.8287500000;47.0000000000;1.8750000000;-9.1875000000
-9.6798000000;-2.2440000000;-1.1934000000;-1.6575000000;-6.2475000000;1.5937500000;47.0000000000;1.8750000000;-9.1875000000
-9.6696000000;-1.8360000000;-0.8772000000;4.0162500000;0.5737500000;-1.0200000000;46.2500000000;0.0625000000;-8.3750000000
-9.7308000000;-1.9482000000;-0.8976000000;-0.5100000000;-2.3587500000;0.8287500000;45.5625000000;1.5000000000;-8.6875000000
-9.5982000000;-1.9074000000;-1.1016000000;3.9525000000;-3.7612500000;0.1912500000;46.6875000000;1.5000000000;-9.1875000000
-9.9654000000;-1.9278000000;-0.9282000000;-2.3587500000;-2.7412500000;0.7650000000;46.2500000000;1.0625000000;-8.6875000000
-9.7002000000;-2.0706000000;-1.0200000000;-0.7012500000;-7.1400000000;-0.2550000000;46.2500000000;1.0625000000;-8.6875000000
-9.6696000000;-1.8972000000;-0.8976000000;-2.6775000000;-3.6975000000;-0.2550000000;46.2500000000;1.5000000000;-9.8750000000
-9.7614000000;-1.8768000000;-0.9180000000;-2.8050000000;-2.6137500000;0.0000000000;45.8750000000;1.0625000000;-10.6875000000
-9.6186000000;-1.9074000000;-0.7650000000;-1.0837500000;1.1475000000;-1.1475000000;46.6875000000;0.7500000000;-9.8750000000
-9.8226000000;-1.8360000000;-0.8058000000;-4.2075000000;-2.7412500000;0.0000000000;45.8750000000;1.1875000000;-8.7500000000
-9.7614000000;-1.6626000000;-0.8466000000;2.3587500000;0.6375000000;0.7012500000;45.8750000000;1.1875000000;-8.7500000000
-9.7410000000;-1.8972000000;-1.0506000000;0.6375000000;-0.3825000000;1.3387500000;46.2500000000;1.1875000000;-9.5000000000
-9.8124000000;-1.7952000000;-0.9180000000;1.7212500000;0.9562500000;-0.3187500000;46.6875000000;1.5000000000;-9.5000000000
-9.7920000000;-1.8972000000;-0.9792000000;-0.1275000000;-0.8925000000;0.8287500000;46.6875000000;1.1875000000;-10.3750000000
-9.6390000000;-1.9176000000;-1.1220000000;8.7337500000;1.6575000000;0.5100000000;45.8750000000;-0.6875000000;-10.3750000000
-9.9042000000;-1.6218000000;-0.8772000000;1.2112500000;1.9125000000;1.8487500000;45.8750000000;-0.6875000000;-10.3750000000
-9.7920000000;-2.2644000000;-0.9996000000;-1.5937500000;2.4225000000;1.0837500000;46.2500000000;1.5000000000;-9.8750000000
-9.6900000000;-2.0400000000;-0.6630000000;4.0800000000;4.3350000000;0.0000000000;45.8750000000;1.0625000000;-10.3750000000
-9.5574000000;-2.0196000000;-0.7446000000;-3.2512500000;1.4025000000;-0.5737500000;45.8750000000;1.0625000000;-9.1875000000
-9.6900000000;-2.1828000000;-0.5508000000;-2.1675000000;1.5937500000;-1.3387500000;45.8750000000;1.0625000000;-9.1875000000
-9.6798000000;-1.9584000000;-0.6528000000;-1.8487500000;-0.7650000000;-2.7412500000;45.5625000000;0.3750000000;-9.8750000000
-9.7104000000;-1.7136000000;-0.9384000000;-1.2112500000;-2.9962500000;-1.6575000000;45.8750000000;0.0625000000;-9.1875000000
-9.7818000000;-1.9278000000;-1.0812000000;-1.4662500000;-2.2950000000;0.3825000000;45.8750000000;1.8750000000;-8.6875000000
-9.7206000000;-1.8564000000;-1.2240000000;-0.3187500000;-0.7012500000;-1.2750000000;46.2500000000;1.0625000000;-8.0000000000
-9.8736000000;-1.6626000000;-0.9588000000;2.1675000000;1.8487500000;-0.2550000000;46.2500000000;1.0625000000;-8.0000000000
-9.7818000000;-1.9074000000;-0.7446000000;-2.6137500000;1.3387500000;0.7012500000;45.8750000000;1.5000000000;-9.5000000000
-9.6798000000;-1.7442000000;-0.8160000000;2.9325000000;-0.1912500000;-0.5100000000;45.8750000000;0.7500000000;-9.5000000000
-9.7104000000;-1.7952000000;-0.7344000000;1.4025000000;-0.2550000000;1.8487500000;46.2500000000;1.5000000000;-10.6875000000
-9.7716000000;-2.0808000000;-0.7752000000;1.3387500000;-0.3825000000;0.7012500000;46.6875000000;0.3750000000;-9.1875000000
-10.0776000000;-1.6116000000;-0.9996000000;7.0125000000;-0.1912500000;-0.0637500000;46.6875000000;0.3750000000;-9.1875000000
-9.9756000000;-1.0914000000;-2.4684000000;-8.4150000000;-2.6775000000;2.1037500000;46.6875000000;1.5000000000;-8.6875000000
-9.9756000000;-0.4692000000;-3.8352000000;8.5425000000;-0.7650000000;3.6975000000;45.8750000000;1.0625000000;-8.6875000000
-10.9038000000;0.4692000000;-5.3142000000;17.1487500000;23.1412500000;8.9250000000;45.8750000000;0.3750000000;-9.5000000000
-10.8732000000;1.0914000000;-6.3342000000;10.8375000000;40.8000000000;19.1250000000;45.8750000000;1.0625000000;-8.3750000000
-12.4338000000;1.7136000000;-7.3134000000;30.2175000000;63.2400000000;36.4650000000;45.8750000000;1.0625000000;-8.3750000000
-12.7194000000;1.1322000000;-8.3742000000;18.3600000000;80.0062500000;48.3225000000;46.2500000000;0.3750000000;-7.5625000000
-13.3722000000;0.6324000000;-7.5582000000;50.8087500000;119.0850000000;63.8775000000;46.6875000000;-3.1875000000;-4.0000000000
-13.8006000000;-1.0098000000;-7.0176000000;12.4312500000;131.0062500000;68.6587500000;46.6875000000;-7.6875000000;-0.0625000000
-13.1070000000;-1.8564000000;-7.3644000000;32.0025000000;150.3225000000;51.8925000000;46.7500000000;-9.1875000000;4.5625000000
-13.4334000000;-1.1220000000;-6.3954000000;74.2687500000;175.0575000000;39.5250000000;46.7500000000;-9.1875000000;4.5625000000
-12.4440000000;-1.8360000000;-6.3240000000;53.8687500000;174.0375000000;26.1375000000;45.6875000000;-11.6875000000;10.5625000000
-11.3526000000;-1.6422000000;-5.3856000000;59.0962500000;182.4525000000;18.2962500000;43.0625000000;-12.5000000000;17.5625000000
-9.8838000000;-2.0094000000;-5.4570000000;38.8237500000;166.5150000000;4.7812500000;40.1875000000;-12.8750000000;23.8750000000
-8.5884000000;-0.6936000000;-4.7226000000;54.8250000000;164.2200000000;0.5100000000;36.1875000000;-11.6875000000;30.0625000000
-7.0584000000;-2.2134000000;-5.5896000000;-1.5937500000;132.0262500000;0.6375000000;36.1875000000;-11.6875000000;30.0625000000
-5.5998000000;-0.9180000000;-5.1102000000;40.6087500000;137.9550000000;-4.3350000000;32.8750000000;-11.7500000000;32.3750000000
-4.9572000000;-1.6014000000;-4.7328000000;1.4662500000;113.4750000000;7.3312500000;27.5625000000;-12.0625000000;37.8750000000
-3.2742000000;-1.3566000000;-5.9670000000;-24.7350000000;82.4925000000;-7.4587500000;23.0625000000;-11.3750000000;40.1875000000
-2.6826000000;-0.7140000000;-5.4672000000;-31.6200000000;86.7000000000;9.5625000000;19.7500000000;-11.6875000000;40.1875000000
-1.5198000000;-1.3668000000;-4.4982000000;-41.5650000000;67.8300000000;2.5500000000;19.7500000000;-11.6875000000;40.1875000000
-2.1930000000;-0.0408000000;-5.8854000000;-44.4337500000;52.7850000000;24.4800000000;17.1875000000;-11.0000000000;41.8750000000
0.2142000000;-1.7442000000;-7.6806000000;-39.1425000000;62.4112500000;31.3650000000;14.1875000000;-14.0000000000;42.2500000000
-0.2142000000;0.1734000000;-6.1914000000;-25.4362500000;51.1912500000;-4.8450000000;12.0000000000;-15.0625000000;42.2500000000
-0.8466000000;0.3060000000;-6.3444000000;-33.7237500000;13.7700000000;12.7500000000;9.0000000000;-16.8750000000;43.8750000000
0.3060000000;0.4284000000;-9.0576000000;-28.6237500000;-18.8700000000;-5.8650000000;9.0000000000;-16.8750000000;43.8750000000
0.0000000000;2.1624000000;-9.4860000000;-55.1437500000;-11.1562500000;-11.6025000000;7.8750000000;-18.0000000000;42.7500000000
-0.2244000000;1.2036000000;-8.7108000000;-42.7125000000;-12.6225000000;-6.5025000000;8.2500000000;-19.3750000000;41.1875000000
-0.3876000000;2.5704000000;-8.7924000000;19.2525000000;-17.8500000000;-1.9762500000;9.0000000000;-20.5625000000;40.3750000000
-0.6834000000;3.3252000000;-10.0266000000;-48.5775000000;-28.7512500000;9.3075000000;9.2500000000;-21.0000000000;40.0000000000
-0.3264000000;1.3260000000;-10.6488000000;-37.6125000000;-12.6225000000;13.0050000000;9.2500000000;-21.0000000000;40.0000000000
-0.6018000000;0.9486000000;-9.5064000000;13.0687500000;2.7412500000;5.6100000000;10.0625000000;-22.0625000000;40.3750000000
-1.2444000000;2.0400000000;-9.1698000000;-1.1475000000;-8.9887500000;5.1637500000;10.7500000000;-23.8750000000;38.8750000000
-0.5712000000;1.4484000000;-10.1694000000;-22.1212500000;-8.1600000000;2.2950000000;10.7500000000;-23.1875000000;39.5625000000
-1.0098000000;2.2032000000;-9.1494000000;-32.3212500000;-6.6937500000;4.7812500000;10.0625000000;-23.5625000000;40.0000000000
-0.5814000000;1.0914000000;-9.6084000000;-25.8825000000;-7.3312500000;5.6737500000;10.0625000000;-23.5625000000;40.0000000000
-0.9384000000;2.6316000000;-9.1698000000;-9.6262500000;-3.1875000000;2.4862500000;11.1875000000;-24.6875000000;38.5000000000
-0.8262000000;1.7952000000;-10.0470000000;-42.7125000000;-9.8175000000;5.0362500000;10.7500000000;-25.3750000000;38.0000000000
-0.4080000000;2.0400000000;-9.6594000000;-0.4462500000;4.8450000000;-1.9762500000;11.1875000000;-26.1875000000;37.1875000000
-1.1220000000;2.3256000000;-8.0478000000;23.3962500000;2.0400000000;-4.2075000000;11.5625000000;-27.1875000000;36.8750000000
-1.0404000000;2.7132000000;-10.0266000000;-7.0125000000;-19.0612500000;-0.0637500000;11.5625000000;-27.1875000000;36.8750000000
-0.7038000000;1.8972000000;-10.0368000000;-13.2600000000;-0.2550000000;2.1675000000;11.1875000000;-25.7500000000;38.0000000000
-1.0710000000;1.8666000000;-9.0372000000;4.7812500000;-3.5700000000;-4.3350000000;12.0000000000;-26.5625000000;37.1875000000
-1.2648000000;2.9682000000;-9.3840000000;-3.3787500000;-7.5225000000;-2.1675000000;11.1875000000;-26.8750000000;36.8750000000
-1.0098000000;2.1216000000;-9.6186000000;-10.3275000000;-7.8412500000;-0.8925000000;11.1875000000;-26.8750000000;36.8750000000
-1.0608000000;2.5194000000;-9.9960000000;-7.0762500000;-2.6137500000;-1.4662500000;11.5625000000;-26.5625000000;37.2500000000
-1.3158000000;2.0706000000;-8.8536000000;-6.4387500000;1.6575000000;1.1475000000;12.0000000000;-27.5625000000;36.5000000000
-1.1118000000;2.6316000000;-9.7920000000;-5.4825000000;-5.2912500000;-1.9125000000;11.5625000000;-26.5625000000;37.2500000000
-1.1016000000;2.3970000000;-9.4962000000;-10.6462500000;-2.2950000000;-2.6137500000;12.0000000000;-28.0000000000;37.2500000000
-1.4586000000;3.0294000000;-9.2208000000;-15.4275000000;-3.4425000000;-0.1912500000;12.0000000000;-28.0000000000;37.2500000000
-1.1424000000;2.4582000000;-9.5166000000;-5.4187500000;-5.4825000000;-1.2750000000;11.1875000000;-28.0000000000;36.5000000000
-1.3260000000;2.9580000000;-9.3228000000;4.4625000000;-1.5937500000;-4.1437500000;12.2500000000;-28.3750000000;35.6875000000
-1.4382000000;2.9274000000;-9.3942000000;-17.5312500000;-5.9287500000;1.4662500000;12.2500000000;-28.6875000000;36.0625000000
-1.2036000000;2.5602000000;-9.4554000000;-9.5625000000;-2.1037500000;-0.8287500000;13.3750000000;-28.3750000000;35.6875000000
-1.4382000000;2.9478000000;-8.8638000000;2.5500000000;-0.9562500000;-0.7650000000;13.3750000000;-28.3750000000;35.6875000000
-1.4178000000;2.8662000000;-9.2820000000;1.0837500000;-7.4587500000;-1.2112500000;12.6875000000;-28.3750000000;35.2500000000
-1.4586000000;2.8764000000;-9.2820000000;-0.1912500000;-5.8650000000;0.7012500000;14.1875000000;-29.0625000000;34.8750000000
-1.5096000000;2.8050000000;-9.2718000000;-8.5425000000;-5.1000000000;0.0637500000;13.0625000000;-29.0625000000;35.6875000000
-1.5912000000;3.0906000000;-9.1902000000;-5.2275000000;-5.4187500000;-0.4462500000;13.3750000000;-29.0625000000;35.2500000000
-1.4994000000;2.7132000000;-9.3942000000;-8.5425000000;-8.2875000000;0.2550000000;13.3750000000;-29.0625000000;35.2500000000
-1.6728000000;3.0804000000;-9.5370000000;-1.6575000000;-4.9725000000;-3.6975000000;13.3750000000;-28.6875000000;34.8750000000
-1.6116000000;3.1824000000;-9.3024000000;-1.9125000000;0.1912500000;0.4462500000;14.1875000000;-29.8750000000;34.5000000000
-1.6422000000;2.8152000000;-9.2820000000;-2.8687500000;-2.1675000000;1.2750000000;13.3750000000;-29.5000000000;34.8750000000
-1.6218000000;2.9682000000;-9.2106000000;5.6100000000;1.6575000000;-1.4662500000;14.1875000000;-29.8750000000;34.5000000000
-1.7238000000;3.2130000000;-9.0474000000;-4.9725000000;-1.9762500000;1.4025000000;14.1875000000;-29.8750000000;34.5000000000
-1.5300000000;2.6214000000;-9.2922000000;-0.8925000000;-1.7850000000;0.9562500000;14.1875000000;-30.1875000000;34.8750000000
-1.7034000000;3.0906000000;-9.1188000000;5.2275000000;-1.2112500000;-1.6575000000;13.3750000000;-29.5000000000;35.2500000000
-1.7340000000;3.0498000000;-8.8842000000;0.3825000000;-3.5700000000;0.1912500000;14.1875000000;-29.5000000000;33.6875000000
-1.6218000000;2.9478000000;-9.2514000000;-1.3387500000;-8.6062500000;0.0000000000;14.1875000000;-29.8750000000;34.5000000000
-1.8462000000;3.1212000000;-9.2004000000;-2.6137500000;-3.6975000000;-0.3187500000;14.1875000000;-29.8750000000;34.5000000000
-1.7136000000;2.9070000000;-9.3126000000;0.0000000000;-4.0162500000;0.2550000000;14.8750000000;-29.5000000000;33.6875000000
-1.7748000000;2.9478000000;-9.4554000000;-0.5100000000;-1.4025000000;-1.0837500000;14.8750000000;-30.5625000000;34.0625000000
-1.8768000000;2.9784000000;-8.9760000000;-0.7012500000;1.0200000000;-0.7012500000;15.6875000000;-30.1875000000;34.8750000000
-1.8156000000;3.0498000000;-9.1902000000;-3.1875000000;-1.1475000000;-1.3387500000;14.5000000000;-29.8750000000;34.5000000000
-1.7544000000;3.0192000000;-9.0984000000;2.7412500000;-0.3187500000;-0.2550000000;14.5000000000;-29.8750000000;34.5000000000
-1.8360000000;3.1314000000;-9.1494000000;0.8287500000;-1.1475000000;0.3825000000;14.8750000000;-30.5625000000;34.8750000000
-1.8666000000;3.0294000000;-9.1392000000;-0.8925000000;-2.5500000000;0.3187500000;15.2500000000;-30.1875000000;34.8750000000
-1.8054000000;3.0090000000;-9.2820000000;-0.9562500000;-2.1037500000;1.0837500000;14.8750000000;-30.5625000000;34.0625000000
-1.7238000000;3.1110000000;-9.2310000000;0.2550000000;-0.5100000000;-0.3825000000;14.8750000000;-31.0000000000;34.5000000000
-1.8462000000;2.8254000000;-8.9454000000;-2.6137500000;-1.8487500000;1.5300000000;14.8750000000;-31.0000000000;34.5000000000
-1.8768000000;3.1926000000;-9.4554000000;3.5062500000;-2.7412500000;-0.7650000000;14.5000000000;-31.2500000000;33.3750000000
-1.8666000000;2.8764000000;-9.0576000000;-3.6337500000;0.9562500000;1.0200000000;14.8750000000;-30.1875000000;33.6875000000
-1.8870000000;2.8254000000;-9.0270000000;2.8050000000;-1.5937500000;-1.0837500000;14.5000000000;-30.1875000000;33.6875000000
-1.8972000000;3.3150000000;-9.3636000000;0.1912500000;-2.0400000000;-1.3387500000;14.5000000000;-29.5000000000;34.5000000000
-1.8666000000;2.8662000000;-8.9862000000;-2.6137500000;1.3387500000;0.9562500000;14.5000000000;-29.5000000000;34.5000000000
-1.9176000000;3.0600000000;-9.2208000000;1.7212500000;-2.6775000000;-1.0837500000;15.2500000000;-30.5625000000;33.2500000000
-1.8462000000;3.1008000000;-9.3534000000;1.1475000000;0.6375000000;0.1912500000;14.5000000000;-31.0000000000;34.0625000000
-1.9074000000;3.0702000000;-9.1596000000;0.5737500000;0.1275000000;0.0637500000;15.6875000000;-29.8750000000;33.3750000000
-1.8666000000;3.0600000000;-9.1698000000;-0.4462500000;-0.1275000000;0.1275000000;15.6875000000;-30.1875000000;34.5000000000
-1.9278000000;3.0090000000;-9.1188000000;-1.2750000000;-0.8925000000;0.7650000000;15.6875000000;-30.1875000000;34.5000000000
-1.9176000000;3.1518000000;-9.2004000000;1.9762500000;0.0000000000;0.1275000000;14.8750000000;-30.1875000000;34.5000000000
-1.8360000000;2.7846000000;-9.1086000000;-1.6575000000;0.1275000000;0.3825000000;15.2500000000;-30.1875000000;35.2500000000
-1.9176000000;3.3150000000;-9.0984000000;2.0400000000;-0.4462500000;0.2550000000;15.2500000000;-29.5000000000;34.0625000000
-1.6932000000;2.4888000000;-9.1086000000;-5.4825000000;-1.7850000000;1.8487500000;14.5000000000;-30.1875000000;33.6875000000
-1.9584000000;3.3558000000;-9.0576000000;7.3950000000;-0.7012500000;-1.9125000000;14.5000000000;-30.1875000000;33.6875000000
-1.8258000000;2.7336000000;-9.2718000000;-2.4225000000;-0.8925000000;-0.0637500000;15.2500000000;-30.5625000000;34.0625000000
-1.9380000000;3.1008000000;-9.0780000000;1.3387500000;0.7012500000;-0.3825000000;15.2500000000;-29.8750000000;34.0625000000
-1.8258000000;2.8662000000;-9.1494000000;-1.4025000000;-1.1475000000;-0.2550000000;15.6875000000;-29.8750000000;34.0625000000
-1.9992000000;3.1416000000;-8.8332000000;1.5937500000;-0.7012500000;-0.9562500000;15.6875000000;-29.8750000000;34.0625000000
-1.8870000000;3.0192000000;-9.4248000000;-0.6375000000;-4.9087500000;0.8925000000;15.2500000000;-30.1875000000;33.6875000000
-1.8768000000;2.8254000000;-9.2718000000;0.6375000000;0.0000000000;-0.4462500000;14.1875000000;-29.8750000000;34.5000000000
-1.9890000000;3.1620000000;-9.2718000000;-0.4462500000;-1.0837500000;-1.0200000000;14.8750000000;-30.1875000000;34.0625000000
-1.9176000000;2.8050000000;-9.2004000000;1.7212500000;-0.3187500000;0.3187500000;16.0000000000;-30.1875000000;34.0625000000
-1.9788000000;3.2130000000;-9.2616000000;1.2112500000;-0.7650000000;-1.4025000000;16.0000000000;-30.1875000000;34.0625000000
-1.9176000000;2.9478000000;-9.2718000000;-1.7212500000;-0.9562500000;0.8287500000;16.0000000000;-31.0000000000;33.6875000000
-1.9278000000;2.9376000000;-9.2922000000;-0.1275000000;-0.1912500000;0.2550000000;14.8750000000;-29.8750000000;34.0625000000
-1.9176000000;3.0498000000;-9.1392000000;2.2312500000;1.1475000000;-1.5300000000;15.2500000000;-30.1875000000;34.0625000000
-2.0706000000;3.1926000000;-9.0576000000;-1.7212500000;1.2750000000;1.0200000000;15.6875000000;-30.5625000000;33.6875000000
-1.8462000000;2.7744000000;-9.2310000000;-3.3787500000;-1.5937500000;1.7850000000;15.6875000000;-30.5625000000;33.6875000000
-1.9482000000;2.8560000000;-8.9352000000;0.7650000000;1.0200000000;-0.1275000000;15.2500000000;-30.0625000000;34.0625000000
-1.9074000000;3.0600000000;-9.2208000000;1.5937500000;-1.7212500000;0.7650000000;14.8750000000;-30.5000000000;34.0625000000
-1.9074000000;2.7846000000;-8.8842000000;-5.1637500000;-0.3187500000;1.7850000000;16.0000000000;-29.7500000000;32.5000000000
-1.9482000000;3.0294000000;-8.8944000000;-0.3187500000;-1.9762500000;-1.4662500000;15.2500000000;-30.0625000000;34.0625000000
-1.8870000000;3.0498000000;-9.2106000000;-2.7412500000;-3.0600000000;0.2550000000;15.2500000000;-30.0625000000;34.0625000000
-1.9074000000;2.7336000000;-8.9148000000;-3.6337500000;-1.9125000000;-0.1275000000;14.5000000000;-30.5625000000;33.3750000000
-1.9380000000;2.9988000000;-9.0678000000;3.6337500000;-3.5062500000;-1.9762500000;14.8750000000;-31.0000000000;34.0625000000
-1.9992000000;3.2436000000;-9.3942000000;0.5100000000;-4.3987500000;-1.7212500000;15.2500000000;-29.0000000000;34.0625000000
-1.9686000000;2.7642000000;-9.1800000000;-3.0600000000;-2.5500000000;0.3825000000;15.6875000000;-30.1875000000;33.6875000000
-1.9584000000;2.9172000000;-8.8638000000;0.0637500000;-0.7012500000;-2.2312500000;15.6875000000;-30.1875000000;33.6875000000
-1.9482000000;2.5704000000;-8.3538000000;-1.4662500000;-2.6775000000;-3.3150000000;16.0000000000;-30.5625000000;34.0625000000
-1.9176000000;2.4990000000;-8.0172000000;1.2750000000;-4.5900000000;-6.1200000000;15.6875000000;-30.1875000000;34.0625000000
-1.7136000000;2.1318000000;-7.2522000000;-9.3712500000;-7.7137500000;-6.4387500000;16.3750000000;-30.5000000000;33.6875000000
-1.9584000000;1.8156000000;-5.9160000000;-13.0050000000;-13.3237500000;-14.3437500000;16.7500000000;-30.5000000000;33.6875000000
-1.9380000000;1.7544000000;-5.3652000000;-18.6150000000;-20.5275000000;-18.3600000000;16.7500000000;-30.5000000000;33.6875000000
-2.5398000000;1.5402000000;-4.6818000000;-31.6837500000;-29.5162500000;-24.4162500000;17.7500000000;-31.1875000000;33.6875000000
-2.8866000000;-0.3468000000;-3.6720000000;-35.1262500000;-40.2900000000;-34.6800000000;19.0000000000;-31.1875000000;31.3750000000
-4.2738000000;1.5300000000;-4.7430000000;45.9637500000;-59.6700000000;-65.7900000000;20.0625000000;-32.0625000000;30.1875000000
-5.1510000000;2.6622000000;-3.0906000000;24.3525000000;-62.2837500000;-65.2162500000;23.0000000000;-30.1875000000;30.5000000000
-7.1808000000;2.6622000000;-4.5390000000;-10.7100000000;-101.3625000000;-56.2912500000;23.0000000000;-30.1875000000;30.5000000000
-6.7014000000;0.5304000000;-3.3048000000;-30.7912500000;-102.5100000000;-47.1750000000;26.2500000000;-28.0000000000;29.7500000000
-10.2510000000;1.7646000000;-4.7838000000;-7.9687500000;-139.1025000000;-73.9500000000;29.6875000000;-26.8750000000;27.5000000000
-11.0568000000;1.9278000000;-6.5076000000;59.5425000000;-147.0075000000;-56.5462500000;33.6875000000;-25.7500000000;24.0000000000
-10.9548000000;0.1632000000;-4.7124000000;22.3125000000;-137.2537500000;-52.4662500000;37.0625000000;-22.8750000000;20.3750000000
-13.3008000000;2.1726000000;-9.5472000000;29.0700000000;-173.4000000000;-57.3112500000;37.0625000000;-22.8750000000;20.3750000000
-11.8218000000;-0.7548000000;-7.7112000000;-8.9887500000;-133.4287500000;-43.7325000000;40.7500000000;-19.5000000000;15.5625000000
-12.8724000000;1.6626000000;-8.2416000000;8.4787500000;-120.3600000000;-69.8062500000;42.5625000000;-16.5625000000;9.7500000000
-12.5664000000;2.7132000000;-7.2114000000;27.6037500000;-91.2262500000;-57.5025000000;44.5625000000;-15.3750000000;7.3750000000
-11.7606000000;0.7140000000;-5.4774000000;2.2950000000;-75.8625000000;-30.0262500000;45.2500000000;-11.3750000000;3.7500000000
-11.6076000000;1.0506000000;-6.3852000000;-25.6275000000;-89.0587500000;-40.2900000000;45.2500000000;-11.3750000000;3.7500000000
-11.4240000000;1.2954000000;-6.6708000000;-8.2237500000;-71.2087500000;-25.5637500000;46.7500000000;-11.0000000000;-0.5000000000
-10.5264000000;-0.1428000000;-5.9568000000;-17.5312500000;-45.3262500000;-14.8537500000;46.7500000000;-7.2500000000;-2.0000000000
-10.3326000000;-0.0306000000;-4.7940000000;-1.3387500000;-22.7587500000;-29.8350000000;46.3750000000;-6.8750000000;-5.5625000000
-10.4346000000;0.7344000000;-3.8454000000;41.1825000000;-12.1125000000;-15.5550000000;46.3750000000;-5.5000000000;-5.5625000000
-10.1082000000;-0.0714000000;-3.0192000000;17.5312500000;-13.8975000000;-9.9450000000;46.3750000000;-5.5000000000;-5.5625000000
-10.0878000000;-0.9078000000;-1.9890000000;-26.3287500000;-30.7275000000;-5.4825000000;46.3750000000;-4.3750000000;-7.1875000000
-9.7308000000;-1.1934000000;-1.8564000000;-3.0600000000;-22.6950000000;0.9562500000;47.0625000000;-4.3750000000;-7.5625000000
-9.7818000000;-1.1832000000;-1.5708000000;-11.2837500000;-9.3075000000;-6.5662500000;46.7500000000;-4.6875000000;-10.6875000000
-10.0062000000;-0.7038000000;-1.4178000000;-4.2712500000;-1.0837500000;-8.4150000000;46.7500000000;-2.5625000000;-9.5000000000
-9.8022000000;-0.7242000000;-0.7446000000;-1.9762500000;2.6137500000;-5.0362500000;46.7500000000;-2.5625000000;-9.5000000000
-10.2510000000;-1.0812000000;-0.6018000000;2.6137500000;-11.6662500000;-1.4662500000;45.5625000000;-3.0000000000;-9.5000000000
-9.4452000000;-1.1934000000;-0.7854000000;11.8575000000;-10.5187500000;-5.1000000000;46.0000000000;-4.3750000000;-9.8750000000
-9.9246000000;-0.7242000000;-0.9486000000;5.1000000000;-10.7737500000;-1.8487500000;46.3750000000;-3.1875000000;-10.6875000000
-9.7410000000;-1.2546000000;-0.8160000000;1.5937500000;-4.1437500000;0.1912500000;46.3750000000;-3.1875000000;-10.6875000000
-10.0878000000;-1.3158000000;-0.6630000000;3.1875000000;-0.4462500000;0.3187500000;46.0000000000;-2.8750000000;-10.6875000000
-9.6900000000;-1.3056000000;-0.4692000000;5.7375000000;-0.5737500000;-1.1475000000;45.5625000000;-1.7500000000;-11.5000000000
-9.7308000000;-1.1832000000;-0.7548000000;0.4462500000;-4.8450000000;0.7012500000;46.0000000000;-2.8750000000;-10.3750000000
-9.9042000000;-1.4892000000;-0.6936000000;-1.5300000000;-3.9525000000;1.8487500000;45.6875000000;-2.8750000000;-10.6875000000
-9.9552000000;-1.5096000000;-0.5508000000;-6.8212500000;-0.6375000000;-2.1037500000;45.6875000000;-2.8750000000;-10.6875000000
-9.8736000000;-1.3158000000;-0.7548000000;2.7412500000;-2.8687500000;-1.2750000000;46.0000000000;-3.1875000000;-10.0000000000
-9.9246000000;-1.3668000000;-0.9078000000;-6.9487500000;0.0637500000;-3.8250000000;46.0000000000;-3.5625000000;-11.5000000000
-10.1184000000;-0.9588000000;-0.6324000000;3.6337500000;3.7612500000;-4.2712500000;45.5625000000;-2.5625000000;-11.0625000000
-9.9552000000;-1.0200000000;-0.7752000000;0.5737500000;-1.6575000000;-1.9762500000;46.0000000000;-4.0000000000;-10.3750000000
-9.9348000000;-0.8262000000;-0.7038000000;2.2312500000;1.6575000000;-0.5100000000;46.0000000000;-4.0000000000;-10.3750000000
-9.8022000000;-1.2648000000;-0.4182000000;2.8050000000;2.4225000000;5.4825000000;45.5625000000;-3.1875000000;-10.6875000000
-9.5574000000;-1.6218000000;-0.6528000000;-8.3512500000;-0.5100000000;2.2950000000;46.7500000000;-1.7500000000;-10.3750000000
-9.7614000000;-1.5912000000;-0.3876000000;13.5150000000;6.6300000000;-0.1275000000;45.5625000000;-2.5625000000;-10.6875000000
-9.7818000000;-1.4688000000;-0.3366000000;-3.8887500000;-3.3150000000;-1.3387500000;45.2500000000;-3.1875000000;-10.3750000000
-9.8226000000;-1.0812000000;-0.6936000000;-6.4387500000;-1.8487500000;-2.0400000000;45.2500000000;-3.1875000000;-10.3750000000
-9.8532000000;-0.5304000000;-0.7242000000;-14.2162500000;-4.2712500000;3.1237500000;46.3750000000;-2.8750000000;-10.6875000000
-9.8328000000;-0.8262000000;-1.1118000000;-48.7050000000;-4.9725000000;10.0087500000;46.0000000000;-2.1875000000;-11.5000000000
-9.8430000000;-1.3158000000;-0.8874000000;-21.6112500000;5.4187500000;8.9887500000;45.2500000000;-2.1875000000;-11.0625000000
-10.0266000000;-1.3056000000;-0.9486000000;-2.4225000000;4.3987500000;3.5700000000;46.0000000000;-3.2500000000;-11.5000000000
-10.0470000000;-0.4896000000;-1.4178000000;1.9762500000;10.0725000000;0.0000000000;46.0000000000;-3.2500000000;-11.5000000000
-10.3632000000;0.2244000000;-2.1930000000;-5.8012500000;19.6987500000;3.1237500000;45.6875000000;-2.6875000000;-10.6875000000
-10.4448000000;0.9792000000;-4.5798000000;-17.5950000000;20.3362500000;10.7737500000;46.7500000000;-4.6875000000;-11.0625000000
-11.2200000000;1.8768000000;-5.5794000000;0.4462500000;65.7262500000;15.4912500000;46.7500000000;-2.8750000000;-9.5000000000
-12.1584000000;2.1114000000;-3.9576000000;7.3950000000;66.9375000000;34.4250000000;46.7500000000;-5.8750000000;-8.3750000000
-11.6382000000;2.2032000000;-7.2114000000;-25.1175000000;37.2937500000;36.5287500000;46.7500000000;-5.8750000000;-8.3750000000
-12.1278000000;2.3052000000;-7.4358000000;36.3375000000;88.5487500000;55.5900000000;47.0625000000;-6.8750000000;-4.8750000000
-12.6378000000;1.2954000000;-6.4770000000;13.0687500000;112.5187500000;66.8100000000;46.7500000000;-7.2500000000;-3.6875000000
-12.5256000000;0.8874000000;-7.2522000000;16.9575000000;123.9937500000;64.1325000000;46.7500000000;-10.2500000000;0.2500000000
-12.8928000000;1.0608000000;-6.2832000000;55.1437500000;150.5137500000;69.6150000000;45.3750000000;-14.3750000000;4.2500000000
-11.9850000000;0.3978000000;-6.5280000000;24.0975000000;144.9675000000;60.8175000000;45.3750000000;-14.3750000000;4.2500000000
-11.1996000000;0.7242000000;-5.6916000000;54.8250000000;156.6337500000;63.4312500000;43.8750000000;-16.1875000000;10.0625000000
-10.3122000000;-1.3260000000;-5.8038000000;2.2950000000;137.7637500000;50.2987500000;42.0000000000;-19.0625000000;17.5625000000
-8.8740000000;-0.9690000000;-6.2628000000;52.2750000000;143.8837500000;30.7275000000;38.0625000000;-19.5000000000;21.1875000000
-8.3742000000;-0.1224000000;-5.5284000000;30.7912500000;135.4050000000;19.3162500000;35.3750000000;-22.8750000000;26.2500000000
-6.5178000000;-0.7446000000;-6.4464000000;4.5262500000;115.8975000000;5.8012500000;35.3750000000;-22.8750000000;26.2500000000
-5.9160000000;0.5508000000;-5.6304000000;27.4125000000;119.7225000000;9.6900000000;32.5625000000;-22.0625000000;29.7500000000
-4.4268000000;-0.3978000000;-6.2424000000;-16.8300000000;89.5050000000;10.6462500000;29.1875000000;-22.0000000000;33.3750000000
-3.5802000000;0.2550000000;-5.8446000000;0.0637500000;84.9787500000;5.9925000000;24.3750000000;-20.8750000000;35.1875000000
-3.2130000000;1.0608000000;-6.3240000000;-27.0937500000;65.1525000000;4.7175000000;22.0625000000;-21.2500000000;38.0000000000
-2.1624000000;0.6834000000;-7.4868000000;-14.0887500000;52.7850000000;2.3587500000;22.0625000000;-21.2500000000;38.0000000000
-2.0604000000;1.4586000000;-6.5484000000;34.1062500000;65.8537500000;1.5300000000;19.8750000000;-22.3750000000;38.0000000000
-1.6422000000;2.1420000000;-7.5582000000;21.4837500000;43.0950000000;18.1050000000;18.0000000000;-20.8750000000;37.1875000000
-0.9486000000;1.5606000000;-7.9152000000;4.6537500000;45.7087500000;28.8787500000;15.7500000000;-21.5625000000;40.0000000000
-0.8976000000;0.6018000000;-6.6810000000;13.2600000000;41.6287500000;34.2975000000;12.7500000000;-19.7500000000;39.1875000000
-0.6630000000;-0.4692000000;-7.0074000000;14.4712500000;16.4475000000;24.5437500000;12.7500000000;-19.7500000000;39.1875000000
-0.1224000000;1.2750000000;-8.7312000000;-14.2162500000;14.7900000000;9.8812500000;12.3750000000;-20.0625000000;39.7500000000
-0.8364000000;0.2856000000;-6.5076000000;-35.5087500000;-3.4425000000;10.2000000000;9.6875000000;-20.0625000000;39.7500000000
0.3570000000;0.4998000000;-9.3024000000;-21.6750000000;-18.1050000000;-15.8100000000;9.0000000000;-21.5625000000;39.0000000000
-0.8262000000;2.4480000000;-9.2310000000;-54.8250000000;8.2237500000;-18.0412500000;10.7500000000;-22.0000000000;39.6875000000
-0.4284000000;1.4994000000;-9.2616000000;-35.5087500000;-1.4025000000;-1.4662500000;10.7500000000;-22.0000000000;39.6875000000
-0.5100000000;2.5398000000;-8.8842000000;9.6262500000;3.4425000000;-13.5150000000;10.7500000000;-23.5000000000;39.0000000000
-0.7038000000;3.4782000000;-9.2004000000;-17.5312500000;-12.7500000000;-3.9525000000;10.0625000000;-24.5625000000;39.0000000000
-0.6324000000;2.4684000000;-9.3840000000;-17.1487500000;-14.9812500000;0.9562500000;11.1875000000;-24.1875000000;38.5625000000
-0.8772000000;2.4786000000;-9.6696000000;-2.6137500000;-13.6425000000;-0.3187500000;11.5625000000;-25.0000000000;38.0625000000
-0.8160000000;2.8356000000;-10.0980000000;-15.8100000000;-11.0287500000;-3.4425000000;11.5625000000;-25.0000000000;38.0625000000
-1.0098000000;2.5908000000;-9.4656000000;-3.8887500000;-2.7412500000;3.3150000000;12.2500000000;-24.5625000000;38.5625000000
-0.7752000000;2.2848000000;-9.6186000000;11.0925000000;-4.0162500000;5.8012500000;11.1875000000;-26.0625000000;37.7500000000
-1.1118000000;2.7132000000;-9.6288000000;11.6025000000;-0.1275000000;2.7412500000;13.3750000000;-26.0625000000;39.0000000000
-0.5916000000;2.1012000000;-9.6900000000;0.1275000000;-4.3987500000;4.8450000000;13.3750000000;-26.0625000000;39.0000000000
-0.9690000000;2.2440000000;-9.5370000000;-2.8687500000;-2.5500000000;1.8487500000;12.2500000000;-24.8750000000;38.0625000000
-0.8466000000;2.2338000000;-9.4248000000;4.9087500000;-2.6137500000;4.0800000000;11.5625000000;-25.1875000000;37.3750000000
-0.8058000000;1.9890000000;-9.6288000000;0.2550000000;-3.3787500000;5.2912500000;12.2500000000;-24.5000000000;36.5625000000
-0.9180000000;1.9584000000;-9.2820000000;3.1875000000;2.1675000000;1.6575000000;12.0000000000;-25.5625000000;37.0000000000
-0.8874000000;1.8870000000;-9.3636000000;1.7212500000;1.3387500000;1.0837500000;12.0000000000;-25.5625000000;37.0000000000
-0.8160000000;2.1624000000;-9.4248000000;3.2512500000;0.5100000000;-2.8050000000;12.2500000000;-24.0625000000;37.7500000000
-0.9180000000;2.2134000000;-9.5676000000;-4.9725000000;-3.1875000000;-0.4462500000;11.1875000000;-26.0000000000;38.0625000000
-0.8568000000;1.9788000000;-9.5268000000;-2.5500000000;-0.1912500000;-2.1037500000;12.6875000000;-24.8750000000;38.0625000000
-0.9180000000;2.4990000000;-9.5166000000;1.7212500000;0.2550000000;-2.2950000000;12.0000000000;-25.5625000000;38.0625000000
-0.8568000000;1.9176000000;-9.5574000000;-6.6937500000;-0.1912500000;-0.3825000000;12.0000000000;-25.5625000000;38.0625000000
-0.9792000000;2.4072000000;-9.7410000000;3.6975000000;0.0000000000;-2.8687500000;12.2500000000;-25.1875000000;37.7500000000
-0.9792000000;2.2644000000;-9.4350000000;-2.6775000000;2.6775000000;-1.1475000000;12.0000000000;-25.1875000000;37.0000000000
-0.9180000000;2.1522000000;-9.0270000000;0.5737500000;0.1912500000;-2.4225000000;12.0000000000;-25.5625000000;36.5625000000
-1.0404000000;2.8356000000;-9.8838000000;-2.4225000000;-5.9287500000;-2.8687500000;12.2500000000;-25.5625000000;38.5625000000
-0.8262000000;1.9992000000;-9.4146000000;-4.2075000000;0.0000000000;1.5300000000;12.2500000000;-25.5625000000;38.5625000000
-0.9894000000;2.5296000000;-9.3432000000;4.7175000000;-0.3187500000;-0.3825000000;11.5625000000;-24.8750000000;37.7500000000
-0.9384000000;2.3256000000;-9.6084000000;-0.7012500000;-1.8487500000;0.3825000000;12.6875000000;-24.8750000000;37.3750000000
-1.0404000000;2.3562000000;-9.5064000000;-0.5737500000;0.7012500000;2.0400000000;12.6875000000;-24.8750000000;37.2500000000
-0.9588000000;2.0604000000;-9.2412000000;1.0837500000;0.3187500000;0.3825000000;12.2500000000;-25.5625000000;37.7500000000
-1.0506000000;2.6418000000;-9.5574000000;2.1037500000;-2.1037500000;0.5100000000;12.2500000000;-25.5625000000;37.7500000000
-0.9180000000;2.0094000000;-9.5166000000;-5.9287500000;-2.6775000000;1.7212500000;12.2500000000;-25.1875000000;36.5625000000
-0.9894000000;2.4174000000;-9.3534000000;6.6937500000;0.7650000000;-0.7012500000;13.3750000000;-25.1875000000;38.0625000000
-0.9078000000;2.0502000000;-9.5166000000;-3.7612500000;-2.9325000000;0.8925000000;12.0000000000;-25.5625000000;37.2500000000
-1.0302000000;2.4072000000;-9.4758000000;5.1000000000;-1.2750000000;-0.2550000000;12.2500000000;-26.0000000000;38.0625000000
-0.9690000000;2.0196000000;-9.3942000000;-3.6975000000;-1.4025000000;0.0637500000;12.2500000000;-26.0000000000;38.0625000000
-1.1322000000;2.5602000000;-9.6492000000;3.4425000000;-2.1037500000;-0.6375000000;12.0000000000;-24.5000000000;37.0000000000
-0.9792000000;1.8462000000;-9.6084000000;-5.8650000000;-0.6375000000;2.0400000000;13.0000000000;-25.1875000000;37.7500000000
-1.1322000000;2.6112000000;-9.5778000000;3.6337500000;-0.8925000000;-2.8050000000;13.7500000000;-25.1875000000;35.7500000000
-0.9792000000;2.2134000000;-9.6186000000;-4.3350000000;-1.2112500000;1.7212500000;13.0000000000;-24.5000000000;37.7500000000
-0.9792000000;2.2542000000;-9.5472000000;0.5737500000;-0.4462500000;0.1912500000;13.0000000000;-24.5000000000;37.7500000000
-1.0404000000;2.0604000000;-9.3432000000;-1.4662500000;0.1275000000;0.7012500000;13.3750000000;-25.5625000000;36.1875000000
-1.0506000000;2.5806000000;-9.6084000000;4.4625000000;-1.0200000000;-1.2750000000;12.6875000000;-26.0000000000;37.2500000000
-0.9894000000;2.1420000000;-9.5268000000;-4.7175000000;-0.0637500000;1.2112500000;13.0000000000;-24.8750000000;38.0625000000
-1.1424000000;2.2746000000;-9.2004000000;1.4662500000;0.5100000000;-0.0637500000;12.6875000000;-25.1875000000;37.7500000000
-0.9894000000;2.1828000000;-9.6186000000;-3.6337500000;-3.8250000000;0.2550000000;12.6875000000;-25.1875000000;37.7500000000
-1.0710000000;2.1216000000;-9.3024000000;-2.6137500000;0.5737500000;-0.6375000000;13.0000000000;-25.1875000000;37.2500000000
-1.0608000000;2.4174000000;-9.5880000000;-2.6137500000;-3.0600000000;-0.4462500000;13.3750000000;-26.3750000000;37.3750000000
-1.0812000000;2.3460000000;-9.5982000000;-1.0200000000;-0.8287500000;0.0637500000;13.0000000000;-24.8750000000;37.2500000000
-1.1322000000;2.3358000000;-9.4044000000;0.3825000000;-1.5300000000;-0.8925000000;13.0000000000;-26.0000000000;36.5625000000
-1.1526000000;2.6316000000;-9.6390000000;-1.5300000000;-1.1475000000;-0.2550000000;13.0000000000;-26.0000000000;36.5625000000
-1.1118000000;2.2950000000;-9.5064000000;-1.5937500000;0.5737500000;1.9125000000;13.3750000000;-26.3750000000;37.2500000000
-1.1220000000;2.2644000000;-9.2820000000;-0.4462500000;-2.6775000000;-0.8925000000;13.3750000000;-25.5625000000;36.5625000000
-1.0914000000;2.5704000000;-9.5268000000;3.3150000000;-1.2750000000;0.5737500000;13.7500000000;-26.3750000000;37.3750000000
-1.2546000000;2.2032000000;-9.4146000000;-4.2712500000;-3.3150000000;2.8050000000;13.3750000000;-24.8750000000;36.5625000000
-1.1118000000;2.3664000000;-9.4554000000;0.7012500000;1.3387500000;-0.7650000000;13.3750000000;-24.8750000000;36.5625000000
-1.2954000000;2.5092000000;-9.3636000000;0.3187500000;-2.8687500000;0.8925000000;12.6875000000;-25.5625000000;36.0625000000
-1.0404000000;2.2950000000;-9.8430000000;0.8287500000;-0.3825000000;1.4662500000;13.3750000000;-26.0000000000;36.5625000000
-1.1220000000;2.0604000000;-9.2616000000;0.3825000000;2.2312500000;0.3825000000;13.7500000000;-24.8750000000;37.0000000000
-1.0914000000;2.2338000000;-9.2208000000;1.2112500000;-0.4462500000;-0.7650000000;13.7500000000;-26.0000000000;37.7500000000
-1.1322000000;2.3256000000;-9.0780000000;0.8925000000;-0.5737500000;-0.8925000000;13.7500000000;-26.0000000000;37.7500000000
-0.9894000000;1.9686000000;-8.9454000000;-5.4187500000;-2.4862500000;-0.8925000000;13.0625000000;-25.5625000000;37.3750000000
-1.1322000000;2.3358000000;-8.8434000000;1.2750000000;-5.6100000000;-4.9087500000;13.3750000000;-25.1875000000;38.5000000000
-1.1118000000;2.3052000000;-8.7312000000;-10.0725000000;-7.3312500000;-0.5100000000;13.3750000000;-26.3750000000;37.7500000000
-1.1526000000;1.8972000000;-8.3640000000;-8.9250000000;-9.5625000000;-5.4187500000;13.3750000000;-26.3750000000;37.7500000000
-0.9792000000;1.8564000000;-7.8744000000;-2.9962500000;-15.6825000000;-7.5862500000;13.7500000000;-25.5625000000;37.0000000000
-1.4178000000;1.7544000000;-7.2420000000;-17.7225000000;-22.1850000000;-7.7775000000;14.5000000000;-26.6875000000;37.2500000000
-1.4382000000;1.3056000000;-6.8544000000;-17.5312500000;-27.9862500000;-14.5987500000;14.8750000000;-26.3750000000;36.1875000000
-1.2546000000;0.6120000000;-5.9772000000;-17.1487500000;-31.2375000000;-22.0575000000;16.0000000000;-28.1875000000;35.3750000000
-2.5704000000;1.0914000000;-5.5386000000;46.1550000000;-41.3737500000;-32.5125000000;16.0000000000;-28.1875000000;35.3750000000
-2.5194000000;0.5610000000;-4.7430000000;52.5300000000;-54.5700000000;-36.4650000000;17.0625000000;-28.1875000000;36.1875000000
-4.0086000000;1.7136000000;-5.6814000000;48.8325000000;-77.9662500000;-37.8675000000;19.6875000000;-26.3750000000;35.0000000000
-3.5598000000;-0.2142000000;-4.4574000000;27.7312500000;-81.0900000000;-39.5887500000;21.8750000000;-23.3750000000;35.8750000000
-6.6198000000;1.7952000000;-5.2326000000;57.1837500000;-108.3112500000;-41.6925000000;25.1875000000;-22.2500000000;35.0000000000
-6.2220000000;0.3672000000;-5.9772000000;-4.9087500000;-114.9412500000;-29.6437500000;25.1875000000;-22.2500000000;35.0000000000
-9.0984000000;0.7242000000;-6.7830000000;28.3050000000;-128.3287500000;-22.4400000000;29.2500000000;-19.6875000000;33.3750000000
-9.2718000000;-1.4382000000;-8.0376000000;-16.0012500000;-145.1587500000;-22.4400000000;32.6875000000;-18.6875000000;29.5000000000
-9.5574000000;-0.8262000000;-8.6190000000;39.6525000000;-121.6987500000;-41.1187500000;36.0000000000;-18.1875000000;26.7500000000
-10.3224000000;0.3366000000;-7.5582000000;32.3212500000;-109.9050000000;-47.4937500000;40.0000000000;-16.5000000000;23.5625000000
-10.7712000000;0.3060000000;-8.1600000000;10.7737500000;-110.7337500000;-37.2300000000;40.0000000000;-16.5000000000;23.5625000000
-10.4346000000;-1.4688000000;-6.3852000000;7.7775000000;-83.8950000000;-34.1700000000;42.0625000000;-14.2500000000;18.8750000000
-11.5770000000;-0.0918000000;-6.3240000000;11.4112500000;-95.6250000000;-42.1387500000;44.3750000000;-10.1875000000;15.0000000000
-11.0160000000;-1.1730000000;-6.7830000000;-3.5700000000;-94.2862500000;-28.2412500000;45.1875000000;-10.8750000000;13.0625000000
-10.9548000000;-0.8568000000;-6.5178000000;17.2762500000;-85.0425000000;-31.3012500000;46.2500000000;-6.7500000000;10.0000000000
-11.1996000000;-0.8466000000;-6.6708000000;4.3987500000;-79.1137500000;-26.7112500000;46.2500000000;-6.7500000000;10.0000000000
-10.8630000000;-1.5096000000;-5.9466000000;-2.4862500000;-64.9612500000;-20.5275000000;46.6875000000;-5.3750000000;5.5625000000
-10.0878000000;-1.2240000000;-5.6202000000;-32.0025000000;-72.3562500000;-32.8312500000;47.0000000000;-3.5000000000;3.6875000000
-10.1490000000;-1.2444000000;-4.9878000000;-13.3237500000;-46.1550000000;-24.9900000000;47.3750000000;-3.8750000000;0.8750000000
-10.4346000000;-0.3468000000;-4.2024000000;-27.4125000000;-46.2825000000;-18.2962500000;47.3750000000;-1.0000000000;-2.2500000000
-10.0776000000;-1.6320000000;-4.2636000000;-26.8387500000;-51.4462500000;-9.0525000000;47.3750000000;-1.0000000000;-2.2500000000
-10.0878000000;-1.8870000000;-3.3966000000;3.9525000000;-34.7437500000;-4.6537500000;47.0000000000;-1.6875000000;-2.6875000000
-10.0980000000;-1.9074000000;-2.5398000000;6.1200000000;-29.5800000000;-8.7337500000;47.3750000000;1.0000000000;-5.0625000000
-9.7716000000;-1.5912000000;-1.9074000000;29.3887500000;-20.9100000000;-1.0837500000;46.6875000000;0.1875000000;-6.6875000000
-9.5574000000;-1.8156000000;-1.2852000000;13.2600000000;-17.7862500000;1.7212500000;46.6875000000;-0.1875000000;-7.0625000000
-9.5166000000;-1.9482000000;-1.0812000000;13.7700000000;-12.4312500000;1.6575000000;46.6875000000;-0.1875000000;-7.0625000000
-10.0266000000;-1.9482000000;-0.8976000000;16.3200000000;-14.8537500000;6.3112500000;46.2500000000;-1.0000000000;-9.3750000000
-9.4146000000;-2.4888000000;-1.3974000000;14.4075000000;-10.0087500000;0.3825000000;46.3750000000;1.3750000000;-9.0625000000
-9.8634000000;-1.8156000000;-1.0608000000;15.3000000000;-1.1475000000;-4.0800000000;46.0000000000;1.0000000000;-9.0625000000
-10.0062000000;-1.9890000000;-0.9078000000;-3.8887500000;-2.6775000000;-1.2750000000;46.7500000000;0.5000000000;-9.8750000000
-9.8328000000;-1.7442000000;-0.7548000000;-1.2750000000;0.8287500000;-1.9762500000;46.7500000000;0.5000000000;-9.8750000000
-9.7716000000;-1.9176000000;-0.7650000000;-1.2112500000;-1.1475000000;2.0400000000;46.0000000000;0.8750000000;-9.8750000000
-9.8022000000;-1.9584000000;-0.6834000000;-7.2037500000;-0.4462500000;-0.3187500000;46.7500000000;2.0000000000;-8.6875000000
-9.7410000000;-2.1828000000;-0.6936000000;1.4662500000;0.0637500000;1.7850000000;46.3750000000;0.5000000000;-10.2500000000
-9.5574000000;-2.0706000000;-0.5202000000;1.1475000000;2.2312500000;-3.1875000000;46.7500000000;2.0000000000;-9.3750000000
-9.9348000000;-1.6422000000;-0.5508000000;10.0087500000;-0.8925000000;0.1275000000;46.7500000000;2.0000000000;-9.3750000000
-9.7308000000;-2.4684000000;-0.6120000000;0.0000000000;0.2550000000;-0.5737500000;46.7500000000;1.5625000000;-10.2500000000
-9.8328000000;-1.7646000000;-0.4794000000;2.6137500000;0.8287500000;-4.5900000000;46.3750000000;1.5625000000;-9.3750000000
-9.5880000000;-1.7850000000;-0.6528000000;5.3550000000;-0.0637500000;2.3587500000;46.7500000000;2.0000000000;-9.3750000000
-9.7614000000;-2.1828000000;-0.6528000000;-3.3150000000;-3.6975000000;1.7850000000;46.0000000000;0.1875000000;-10.2500000000
-9.8634000000;-2.0706000000;-0.7038000000;8.4787500000;0.2550000000;1.4025000000;46.0000000000;0.1875000000;-10.2500000000
-9.5268000000;-2.5398000000;-0.8364000000;-0.6375000000;1.0837500000;-1.5937500000;46.0000000000;-0.1875000000;-10.5625000000
-9.7410000000;-1.8666000000;-0.4998000000;4.3350000000;1.0200000000;-0.8925000000;45.5625000000;0.8750000000;-9.8750000000
-9.6696000000;-2.2542000000;-0.5100000000;1.9762500000;0.7650000000;0.0637500000;46.3750000000;1.2500000000;-9.7500000000
-9.8022000000;-2.0808000000;-0.4590000000;8.7975000000;1.4025000000;-0.3825000000;46.3750000000;0.1875000000;-9.8750000000
-9.8022000000;-1.9584000000;-0.5814000000;9.8812500000;0.2550000000;0.1912500000;46.3750000000;0.1875000000;-9.8750000000
-9.9450000000;-1.9176000000;-0.6426000000;3.5700000000;-0.3187500000;-1.6575000000;46.3750000000;0.8750000000;-9.0625000000
-9.8124000000;-2.3154000000;-0.6324000000;14.8537500000;-0.2550000000;4.5900000000;46.3750000000;0.5000000000;-9.7500000000
-9.5166000000;-2.2746000000;-0.6732000000;18.4875000000;-3.1875000000;1.7212500000;46.7500000000;0.1875000000;-10.2500000000
-9.6492000000;-1.6116000000;-0.9486000000;12.6225000000;-2.1675000000;-0.3187500000;46.7500000000;0.1875000000;-10.2500000000
-9.6696000000;-2.2542000000;-0.6936000000;-0.3825000000;1.4025000000;3.1237500000;46.7500000000;0.1875000000;-10.5625000000
-9.9960000000;-2.0808000000;-0.1326000000;-2.1037500000;1.0837500000;-2.6775000000;46.7500000000;-1.1875000000;-9.0625000000
-9.8838000000;-1.9890000000;-0.6324000000;10.5187500000;-1.5937500000;-0.1275000000;47.0625000000;-0.1875000000;-9.3750000000
-9.6696000000;-2.1114000000;-0.6732000000;-0.4462500000;-1.3387500000;-0.0637500000;46.7500000000;-0.5625000000;-9.8750000000
-9.8022000000;-1.7646000000;-0.2652000000;1.0837500000;2.0400000000;-0.2550000000;46.7500000000;-0.5625000000;-9.8750000000
-9.6696000000;-2.3868000000;-0.5814000000;-1.0200000000;-4.7175000000;3.6975000000;47.0625000000;-1.6875000000;-10.2500000000
-9.6390000000;-2.6316000000;-0.6834000000;-5.9925000000;-4.3350000000;-0.1275000000;46.3750000000;-0.1875000000;-9.0625000000
-9.7512000000;-1.8972000000;-0.3468000000;5.9287500000;4.0800000000;-4.7812500000;46.7500000000;0.1875000000;-10.2500000000
-9.7920000000;-1.8360000000;-0.2856000000;-2.5500000000;-1.4662500000;-1.2112500000;46.3750000000;-0.5625000000;-10.5625000000
-9.5778000000;-2.1012000000;-0.6528000000;-2.6137500000;-0.8287500000;-0.8925000000;46.3750000000;-0.5625000000;-10.5625000000
-9.7206000000;-1.9686000000;-0.3060000000;-0.5100000000;2.6137500000;-1.6575000000;47.0625000000;0.5000000000;-10.2500000000
-9.8022000000;-2.0910000000;-0.3774000000;-1.9125000000;-3.1237500000;1.1475000000;46.7500000000;0.5000000000;-9.8750000000
-9.7614000000;-2.0808000000;-0.5304000000;-0.7012500000;-1.5937500000;1.4025000000;45.5625000000;-1.0000000000;-9.3750000000
-9.6696000000;-2.2950000000;-0.6426000000;-2.2950000000;-1.4025000000;0.0000000000;46.0000000000;-1.0000000000;-8.6875000000
-9.8022000000;-1.8666000000;-0.4182000000;1.9125000000;0.9562500000;-1.9125000000;46.0000000000;-1.0000000000;-8.6875000000
-9.6900000000;-2.1930000000;-0.5100000000;-2.7412500000;-1.6575000000;0.4462500000;46.3750000000;0.1875000000;-10.2500000000
-9.5268000000;-2.1828000000;-0.6528000000;-1.2112500000;-0.8925000000;-1.3387500000;46.0000000000;0.1875000000;-10.5625000000
-9.8736000000;-1.8462000000;-0.3264000000;4.2712500000;0.2550000000;1.0200000000;46.7500000000;0.1875000000;-10.2500000000
-9.6798000000;-2.4072000000;-0.6018000000;-5.8650000000;-1.8487500000;1.5300000000;46.0000000000;-0.1875000000;-9.3750000000
-9.6288000000;-1.9890000000;-0.6324000000;5.0362500000;0.3187500000;-1.2750000000;46.0000000000;-0.1875000000;-9.3750000000
-9.7206000000;-2.1318000000;-0.5406000000;-1.0837500000;-0.3825000000;1.4025000000;46.3750000000;0.1875000000;-11.0000000000
-9.9042000000;-2.1216000000;-0.2652000000;0.2550000000;1.1475000000;-0.4462500000;46.0000000000;-0.1875000000;-10.2500000000
-9.6696000000;-2.0910000000;-0.5304000000;4.2712500000;-0.3187500000;-0.3187500000;46.0000000000;0.5000000000;-9.7500000000
-9.5880000000;-1.9176000000;-0.6018000000;-2.8050000000;-0.4462500000;-1.1475000000;46.7500000000;-2.0625000000;-9.0625000000
-9.7614000000;-2.2950000000;-0.4590000000;-3.3787500000;0.0637500000;0.8287500000;46.7500000000;-2.0625000000;-9.0625000000
-9.7410000000;-2.6010000000;-0.4284000000;-9.2437500000;-0.3187500000;-1.3387500000;46.7500000000;-0.1875000000;-10.2500000000
-9.8328000000;-1.6932000000;-0.3264000000;4.5262500000;1.0837500000;-2.9325000000;46.0000000000;-1.0000000000;-10.5625000000
-9.6186000000;-2.2338000000;-0.6732000000;-4.3350000000;-2.1037500000;1.5937500000;46.0000000000;-1.0000000000;-9.7500000000
-9.7920000000;-2.1420000000;-0.3774000000;-2.0400000000;1.2750000000;-0.2550000000;46.7500000000;-1.0000000000;-10.2500000000
-9.8226000000;-1.7748000000;-0.4386000000;3.7612500000;-1.0837500000;0.9562500000;46.7500000000;-1.0000000000;-10.2500000000
-9.6492000000;-2.3460000000;-0.6936000000;-3.1237500000;-0.7012500000;2.2950000000;46.0000000000;0.1875000000;-10.2500000000
-9.6492000000;-2.1420000000;-0.4080000000;-1.0200000000;1.4662500000;-0.4462500000;46.7500000000;0.5000000000;-9.8750000000
-9.8124000000;-2.1420000000;-0.3672000000;6.5025000000;0.5100000000;0.5737500000;47.0625000000;-0.1875000000;-9.0625000000
-9.7716000000;-2.2440000000;-0.4182000000;2.8687500000;-0.3187500000;1.9762500000;47.0625000000;0.8750000000;-9.3750000000
-9.8022000000;-2.0604000000;-0.2244000000;3.5700000000;0.6375000000;-0.5737500000;47.0625000000;0.8750000000;-9.3750000000
-9.7410000000;-2.2032000000;-0.6324000000;6.1200000000;-1.5300000000;-0.5100000000;45.2500000000;0.8750000000;-9.0625000000
-9.7206000000;-2.1114000000;-0.4284000000;3.3150000000;1.3387500000;-1.2112500000;47.0625000000;-0.1875000000;-10.2500000000
-9.7104000000;-2.0298000000;-0.5712000000;-1.0837500000;-0.8287500000;-0.3187500000;46.0000000000;0.1875000000;-9.8750000000
-9.7206000000;-2.1726000000;-0.4692000000;-1.4025000000;1.2750000000;-0.1912500000;46.0000000000;-0.1875000000;-10.2500000000
-9.7308000000;-2.0400000000;-0.4692000000;-1.5300000000;0.2550000000;-0.7650000000;46.0000000000;-0.1875000000;-10.2500000000
-9.6696000000;-2.2032000000;-0.6426000000;-3.8250000000;0.0637500000;-0.9562500000;47.0625000000;-0.1875000000;-11.3750000000
-9.7716000000;-2.0808000000;-0.3366000000;-1.2112500000;2.1037500000;-2.2312500000;46.7500000000;-0.5625000000;-10.2500000000
-9.6900000000;-2.1318000000;-0.6120000000;-7.0762500000;-0.9562500000;-0.2550000000;45.6875000000;-0.1875000000;-9.0625000000
-9.7206000000;-2.1930000000;-0.4896000000;1.0200000000;1.4025000000;-1.6575000000;46.0000000000;-2.0625000000;-9.0625000000
-9.7920000000;-2.0910000000;-0.6018000000;1.4025000000;1.4025000000;-0.0637500000;46.0000000000;-2.0625000000;-9.0625000000
-9.7614000000;-2.0298000000;-0.3672000000;-1.6575000000;1.2750000000;-1.3387500000;46.0000000000;-0.1875000000;-10.2500000000
-9.7104000000;-2.0808000000;-0.4794000000;-0.3825000000;0.5737500000;-1.0200000000;46.7500000000;0.1875000000;-10.5625000000
-9.6696000000;-2.1114000000;-0.3978000000;2.1675000000;2.4862500000;-1.5300000000;46.7500000000;0.5000000000;-10.5625000000
-9.7512000000;-1.8870000000;-0.3978000000;-1.2112500000;1.4025000000;-1.4025000000;46.3750000000;0.8750000000;-9.8750000000
-9.7818000000;-2.1012000000;-0.5202000000;3.6975000000;-0.5737500000;1.6575000000;46.3750000000;0.8750000000;-9.8750000000
-9.7716000000;-2.1726000000;-0.6324000000;-0.8925000000;1.0837500000;0.0000000000;46.3750000000;0.1875000000;-10.2500000000
-9.7818000000;-1.8768000000;-0.5406000000;3.1237500000;0.2550000000;1.3387500000;47.0625000000;-1.2500000000;-8.6875000000
-9.6288000000;-2.2644000000;-0.6630000000;1.7212500000;0.0637500000;2.1675000000;46.3750000000;-1.0000000000;-10.2500000000
-9.7308000000;-2.1114000000;-0.6630000000;4.9087500000;1.6575000000;0.3825000000;46.3750000000;-1.0000000000;-10.2500000000
-9.6798000000;-2.2746000000;-0.4488000000;2.8050000000;2.8050000000;0.7012500000;46.7500000000;-0.1875000000;-10.2500000000
-9.7818000000;-1.9482000000;-0.3978000000;1.5300000000;1.7212500000;-0.1275000000;46.0000000000;-0.5625000000;-10.2500000000
-9.6390000000;-2.4684000000;-0.6222000000;-3.5062500000;-0.8287500000;2.7412500000;46.3750000000;0.5000000000;-9.7500000000
-9.6288000000;-2.1930000000;-0.6018000000;1.4025000000;0.3187500000;-0.2550000000;46.3750000000;-1.2500000000;-9.7500000000
-9.5880000000;-2.2644000000;-0.6936000000;-1.1475000000;-0.6375000000;0.0000000000;46.3750000000;-1.2500000000;-9.7500000000
-9.6390000000;-2.2032000000;-0.5406000000;-0.4462500000;1.5300000000;-1.1475000000;46.7500000000;-0.5625000000;-10.5625000000
-9.7614000000;-2.1114000000;-0.5508000000;0.4462500000;0.2550000000;-1.4025000000;46.3750000000;0.8750000000;-9.3750000000
-9.6390000000;-2.2542000000;-0.6120000000;-1.8487500000;1.0837500000;-1.6575000000;47.0625000000;0.1875000000;-10.2500000000
-9.7410000000;-1.8666000000;-0.3468000000;2.9962500000;0.5737500000;-1.9125000000;46.0000000000;-0.5625000000;-9.7500000000
-9.6084000000;-2.1624000000;-0.7140000000;-2.6775000000;-0.6375000000;-0.1275000000;46.0000000000;-0.5625000000;-9.7500000000
-9.7104000000;-2.2644000000;-0.4590000000;0.6375000000;1.6575000000;-1.7212500000;46.3750000000;0.1875000000;-9.7500000000
-9.8634000000;-1.9992000000;-0.5916000000;6.9487500000;0.7012500000;-1.7850000000;46.7500000000;0.5000000000;-10.2500000000
-9.6288000000;-2.4684000000;-0.6732000000;-2.2950000000;-0.5100000000;0.3825000000;47.0625000000;0.8750000000;-9.3750000000
-9.6798000000;-2.0604000000;-0.6426000000;5.8012500000;1.2112500000;-1.7850000000;46.3750000000;0.8750000000;-10.2500000000
-9.7104000000;-2.3052000000;-0.5508000000;0.5737500000;0.4462500000;0.5737500000;46.3750000000;0.8750000000;-10.2500000000
-9.7002000000;-2.2848000000;-0.6426000000;-2.5500000000;0.4462500000;-1.5937500000;46.0000000000;0.8750000000;-9.3750000000
-9.7104000000;-2.1318000000;-0.5304000000;1.1475000000;0.7012500000;-0.2550000000;46.0000000000;0.5000000000;-9.7500000000
-9.7410000000;-2.2440000000;-0.5814000000;-2.2950000000;-2.4862500000;1.2750000000;47.0625000000;-1.6875000000;-9.3750000000
-9.6288000000;-2.3460000000;-0.7548000000;-1.2750000000;0.2550000000;-0.1275000000;46.7500000000;-1.2500000000;-8.2500000000
-9.8022000000;-2.0910000000;-0.4080000000;-3.1237500000;-0.3825000000;-1.0837500000;46.7500000000;-1.2500000000;-8.2500000000
-9.7104000000;-2.1012000000;-0.7140000000;-0.8925000000;-0.7012500000;1.4025000000;47.5000000000;0.5000000000;-10.2500000000
-9.5676000000;-2.2440000000;-0.6324000000;0.3187500000;0.3825000000;-0.8287500000;46.7500000000;0.1875000000;-10.2500000000
-9.7104000000;-1.9584000000;-0.6120000000;-2.5500000000;-0.0637500000;0.8287500000;47.5000000000;-1.0000000000;-9.3750000000
-9.7206000000;-2.3868000000;-0.4692000000;-3.8250000000;-0.7650000000;1.2750000000;46.3750000000;0.1875000000;-9.3750000000
-9.7104000000;-2.1318000000;-0.6732000000;2.9962500000;-0.4462500000;-1.0837500000;46.3750000000;0.1875000000;-9.3750000000
-9.6900000000;-2.2032000000;-0.4794000000;-1.4025000000;-0.5100000000;-0.1912500000;46.7500000000;0.5000000000;-9.0625000000
-9.7206000000;-2.4378000000;-0.6732000000;0.0637500000;-0.1912500000;-0.9562500000;47.0625000000;-0.5625000000;-9.3750000000
-9.7308000000;-2.0196000000;-0.3774000000;4.6537500000;2.1037500000;-2.8687500000;47.0625000000;0.5000000000;-9.3750000000
-9.5166000000;-2.0094000000;-0.7242000000;-1.3387500000;-1.3387500000;-0.1912500000;46.7500000000;0.1875000000;-9.7500000000
-9.8634000000;-1.6830000000;-1.6626000000;-4.3987500000;1.8487500000;0.3187500000;46.7500000000;0.1875000000;-9.7500000000
-9.9246000000;-1.7646000000;-2.3664000000;-2.4225000000;15.1725000000;2.6137500000;46.7500000000;-0.5625000000;-9.3750000000
-10.8936000000;-0.7140000000;-4.0392000000;1.1475000000;16.7662500000;2.2312500000;47.0625000000;0.5000000000;-9.3750000000
-11.1690000000;-0.1632000000;-5.6202000000;9.1800000000;31.9387500000;17.2125000000;46.7500000000;-1.2500000000;-8.2500000000
-11.8320000000;-0.2958000000;-6.9666000000;0.3187500000;54.2512500000;31.1737500000;47.5000000000;-1.6875000000;-7.8750000000
-12.0258000000;-1.2750000000;-9.3024000000;-8.4787500000;72.6112500000;29.4525000000;47.5000000000;-1.6875000000;-7.8750000000
-13.5048000000;-0.3366000000;-8.9454000000;22.8862500000;131.1337500000;40.5450000000;46.7500000000;-2.0625000000;-5.5000000000
-13.9230000000;-2.0196000000;-9.1392000000;-28.2412500000;141.0787500000;39.1425000000;47.5000000000;-3.8750000000;-2.7500000000
-14.4126000000;-0.9792000000;-9.7512000000;33.0862500000;179.1375000000;37.3575000000;47.5000000000;-5.3750000000;2.0000000000
-14.5044000000;-2.8356000000;-8.7516000000;-1.6575000000;196.2862500000;34.9350000000;46.3750000000;-6.8750000000;8.6875000000
-14.0658000000;-1.6830000000;-7.6296000000;14.5987500000;220.4475000000;32.3212500000;46.3750000000;-6.8750000000;8.6875000000
-13.6068000000;-1.6116000000;-6.4872000000;-23.2687500000;209.6737500000;31.0462500000;44.5625000000;-9.6875000000;15.7500000000
-11.1282000000;-1.9176000000;-6.0690000000;1.0200000000;200.5575000000;34.3612500000;41.2500000000;-10.8750000000;24.5000000000
-10.5570000000;-1.2444000000;-5.0898000000;-4.2075000000;181.3687500000;29.5800000000;35.6875000000;-12.7500000000;29.8750000000
-8.9148000000;-0.3366000000;-5.3856000000;-6.3750000000;163.0725000000;43.2225000000;30.8750000000;-13.7500000000;34.2500000000
-7.0380000000;-0.2958000000;-5.1408000000;4.1437500000;164.5387500000;64.0050000000;30.8750000000;-13.7500000000;34.2500000000
-5.1000000000;-0.5610000000;-4.3962000000;10.8375000000;141.2062500000;72.2287500000;25.2500000000;-16.0625000000;38.5625000000
-3.9168000000;0.6426000000;-4.4778000000;2.9325000000;126.7350000000;87.2737500000;18.6875000000;-17.1875000000;41.6875000000
-1.5402000000;-1.3464000000;-4.6512000000;-48.7687500000;120.9337500000;79.6875000000;12.3750000000;-17.8750000000;43.6875000000
-0.7752000000;-0.9384000000;-2.3052000000;-28.1775000000;92.5650000000;61.5825000000;6.0625000000;-17.8750000000;41.6875000000
-0.0102000000;-0.3774000000;-2.9580000000;73.3125000000;44.7525000000;60.7537500000;6.0625000000;-17.8750000000;41.6875000000
1.9686000000;0.0000000000;-6.7218000000;46.7287500000;19.3162500000;9.2437500000;1.5625000000;-19.3750000000;43.0000000000
0.7854000000;-2.8356000000;-6.3138000000;27.7312500000;9.1162500000;26.5200000000;-1.2500000000;-17.5625000000;42.5625000000
1.9074000000;-0.8058000000;-5.7120000000;-104.0400000000;-7.2675000000;-41.3737500000;-1.0000000000;-16.1875000000;43.7500000000
0.7956000000;0.9894000000;-0.6732000000;-145.0950000000;17.5312500000;-26.9662500000;-1.0000000000;-16.1875000000;43.7500000000
0.9690000000;-2.6316000000;1.5198000000;-113.5387500000;-26.1375000000;-49.0237500000;-1.2500000000;-18.0000000000;43.0625000000
-2.3154000000;-0.0408000000;2.4684000000;35.3812500000;-90.9075000000;-57.6937500000;-1.7500000000;-23.1875000000;40.6875000000
-3.4272000000;0.6018000000;-1.3668000000;-17.0212500000;-157.6537500000;-57.1200000000;1.8750000000;-26.1875000000;39.5625000000
-6.2220000000;3.3762000000;-3.7332000000;9.3075000000;-162.4987500000;-80.5162500000;7.0625000000;-25.3750000000;40.0000000000
-7.3440000000;2.1114000000;-6.5994000000;-36.2100000000;-179.4562500000;-53.1037500000;7.0625000000;-25.3750000000;40.0000000000
-10.2918000000;3.2028000000;-8.0988000000;8.4150000000;-182.1337500000;-116.5350000000;14.7500000000;-24.6875000000;37.2500000000
-11.8422000000;3.6108000000;-9.8634000000;85.8075000000;-184.4925000000;-53.2950000000;22.1875000000;-26.8750000000;34.5000000000
-12.1380000000;0.3366000000;-11.2302000000;-76.7550000000;-205.3387500000;-82.9387500000;28.8750000000;-21.6875000000;32.0625000000
-11.9748000000;3.4884000000;-9.3636000000;70.9537500000;-152.2987500000;-31.1100000000;35.5000000000;-21.0000000000;26.2500000000
-12.9846000000;0.8874000000;-9.3840000000;-100.7250000000;-176.3962500000;-40.9275000000;35.5000000000;-21.0000000000;26.2500000000
-13.3212000000;1.8054000000;-10.8018000000;8.6062500000;-160.7775000000;-59.7975000000;39.1875000000;-19.1875000000;21.5625000000
-10.7508000000;0.9486000000;-5.3652000000;37.0387500000;-90.9712500000;-10.3912500000;42.0625000000;-15.7500000000;15.2500000000
-13.3722000000;2.2338000000;-7.0992000000;-115.1325000000;-144.2025000000;-42.5212500000;44.0000000000;-15.8750000000;11.6875000000
-10.9038000000;0.1224000000;-6.0894000000;-37.1662500000;-107.9925000000;-12.4950000000;45.0625000000;-13.1875000000;6.5625000000
-12.9030000000;2.2440000000;-7.8234000000;-58.0125000000;-135.1500000000;-42.9037500000;45.0625000000;-13.1875000000;6.5625000000
-10.5366000000;2.3256000000;-11.0568000000;-1.0837500000;-111.8812500000;-20.9737500000;45.7500000000;-14.0000000000;1.5000000000
-10.9140000000;0.1326000000;-6.2730000000;-34.9350000000;-36.6562500000;-16.8937500000;46.5625000000;-9.8750000000;-3.2500000000
-10.8834000000;3.0294000000;-9.3636000000;-0.1912500000;-37.2937500000;-22.4400000000;46.0625000000;-8.3750000000;-6.0000000000
-11.0058000000;3.4374000000;-9.4758000000;89.7600000000;25.3087500000;12.8775000000;46.0625000000;-8.0625000000;-8.0000000000
-12.3522000000;3.3252000000;-10.0572000000;20.5275000000;34.9987500000;6.5025000000;46.0625000000;-8.0625000000;-8.0000000000
-13.0356000000;3.2640000000;-12.1686000000;105.6975000000;80.9625000000;35.7637500000;46.0625000000;-8.7500000000;-6.0000000000
-13.9332000000;0.7446000000;-11.8422000000;50.8725000000;130.4325000000;41.8837500000;45.6875000000;-10.2500000000;-5.2500000000
-15.0246000000;0.8976000000;-10.5468000000;43.6687500000;179.3925000000;27.1575000000;45.6875000000;-12.8750000000;-1.3750000000
-15.8304000000;0.1326000000;-8.2008000000;31.4287500000;202.6612500000;29.1975000000;45.2500000000;-14.0000000000;6.8750000000
-15.5754000000;-0.0918000000;-6.9666000000;13.8337500000;204.4462500000;32.3850000000;45.2500000000;-14.0000000000;6.8750000000
-13.9230000000;-1.3158000000;-6.9258000000;-12.7500000000;194.5012500000;24.9262500000;43.5000000000;-15.1875000000;13.5625000000
-13.1478000000;-0.2856000000;-5.3958000000;31.7475000000;209.6100000000;27.2212500000;40.5625000000;-17.0000000000;20.2500000000
-10.9038000000;-0.8466000000;-5.9772000000;18.3600000000;185.3212500000;11.5387500000;35.7500000000;-19.1875000000;26.1875000000
-9.4656000000;-0.3468000000;-4.9164000000;54.8887500000;192.1425000000;13.0050000000;31.6875000000;-19.5625000000;32.3750000000
-7.0074000000;0.3264000000;-5.0592000000;43.9237500000;169.3837500000;5.5462500000;31.6875000000;-19.5625000000;32.3750000000
-5.5590000000;1.1424000000;-5.1306000000;70.1887500000;161.6062500000;12.8137500000;25.0000000000;-17.3750000000;38.0000000000
-3.5802000000;1.0710000000;-3.6618000000;22.8225000000;146.4975000000;15.2362500000;19.0625000000;-17.0000000000;39.8750000000
-2.8560000000;0.8364000000;-2.4072000000;-37.4212500000;121.6350000000;39.0150000000;14.0000000000;-14.5000000000;43.5000000000
-0.9384000000;-3.2130000000;-0.0204000000;-0.8925000000;94.2225000000;66.4912500000;8.0000000000;-14.0000000000;43.5000000000
3.0702000000;-5.5488000000;0.8874000000;172.8900000000;39.5250000000;62.4750000000;8.0000000000;-14.0000000000;43.5000000000
0.6528000000;-0.5202000000;-3.1518000000;2.6137500000;9.3075000000;-2.2950000000;2.7500000000;-14.3750000000;44.3750000000
2.5908000000;-1.2750000000;-5.4264000000;-39.0787500000;-53.1675000000;-9.8175000000;1.2500000000;-10.6875000000;45.8750000000
1.1220000000;1.2444000000;-6.0588000000;-135.7237500000;-37.9950000000;-33.8512500000;2.0000000000;-9.8750000000;45.8750000000
-0.2754000000;-0.1224000000;-4.1922000000;-86.1900000000;-27.6675000000;-17.3400000000;5.0000000000;-14.5625000000;44.2500000000
-0.2346000000;0.3876000000;-4.9980000000;-77.2012500000;-59.6062500000;-26.5200000000;5.0000000000;-14.5625000000;44.2500000000
-1.3770000000;0.7650000000;-2.3460000000;-76.5637500000;-56.6737500000;-29.5162500000;5.6875000000;-17.5625000000;43.0625000000
-3.1008000000;0.8568000000;-1.3464000000;-35.9550000000;-91.6087500000;-33.2137500000;7.8750000000;-20.0625000000;41.1875000000
-4.8654000000;1.5708000000;-3.5190000000;-86.3812500000;-142.8637500000;-48.7050000000;11.1875000000;-21.6875000000;40.3750000000
-6.3444000000;0.7140000000;-2.6112000000;-25.6275000000;-129.8587500000;-50.7450000000;16.0000000000;-25.7500000000;38.0625000000
-9.7614000000;1.5708000000;-3.5292000000;-37.0387500000;-186.6600000000;-72.3562500000;16.0000000000;-25.7500000000;38.0625000000
-9.9246000000;1.4178000000;-6.8034000000;25.4362500000;-183.5362500000;-65.2162500000;21.5000000000;-25.6875000000;35.0000000000
-13.1886000000;3.1008000000;-6.0894000000;-82.3012500000;-215.2837500000;-78.2212500000;28.8750000000;-25.0000000000;30.5625000000
-14.4942000000;0.7752000000;-10.0776000000;-27.4762500000;-215.2837500000;-82.1737500000;34.3750000000;-23.5000000000;25.0625000000
-12.8316000000;2.0400000000;-4.8348000000;51.3187500000;-149.4300000000;-76.3087500000;39.2500000000;-21.5625000000;17.0000000000
-17.2788000000;4.6104000000;-8.4558000000;-13.7700000000;-213.0525000000;-97.4737500000;39.2500000000;-21.5625000000;17.0000000000
-12.3318000000;1.7238000000;-8.5476000000;7.9050000000;-155.4225000000;-27.0937500000;42.5625000000;-18.2500000000;13.3750000000
-14.0148000000;2.3052000000;-8.7516000000;-3.3787500000;-179.2650000000;-51.7012500000;45.0625000000;-14.2500000000;5.5000000000
-14.4534000000;1.6728000000;-10.9140000000;-1.9762500000;-156.1875000000;-37.9312500000;45.5000000000;-12.0000000000;-0.7500000000
-12.7704000000;-0.1836000000;-7.5582000000;21.4200000000;-76.5000000000;-24.0337500000;45.1875000000;-9.5000000000;-5.8750000000
-11.4852000000;-0.0816000000;-3.6720000000;-18.5512500000;-25.8187500000;-44.3700000000;45.1875000000;-9.5000000000;-5.8750000000
-11.0262000000;1.4688000000;-4.1208000000;7.5225000000;-49.3425000000;-14.3437500000;45.5625000000;-6.7500000000;-8.0000000000
-10.6692000000;-0.2652000000;-4.6206000000;-13.3875000000;-38.2500000000;-7.2037500000;45.5000000000;-7.1875000000;-9.5625000000
-10.5672000000;-1.0608000000;-3.8760000000;-3.9525000000;-20.2725000000;-9.1162500000;45.0625000000;-5.3750000000;-11.8750000000
-10.1490000000;0.3468000000;-3.3558000000;1.7212500000;5.2912500000;-16.3837500000;45.0625000000;-5.3750000000;-11.8750000000
-10.3122000000;2.0910000000;-2.3766000000;26.3925000000;29.1975000000;-1.4025000000;44.7500000000;-4.5625000000;-11.8750000000
-10.8222000000;0.9690000000;-4.1718000000;-25.5637500000;25.1175000000;13.8975000000;44.7500000000;-4.5625000000;-12.2500000000
-12.1584000000;0.2448000000;-5.1204000000;18.1050000000;43.7962500000;14.8537500000;45.5000000000;-4.5625000000;-10.7500000000
-12.8622000000;1.8054000000;-8.0988000000;82.8750000000;45.0712500000;20.0175000000;45.0625000000;-5.7500000000;-10.0000000000
-12.8112000000;1.4790000000;-10.6488000000;59.0325000000;70.6350000000;18.6150000000;45.0625000000;-5.7500000000;-10.0000000000
-14.3004000000;0.3876000000;-7.9866000000;58.5225000000;146.8800000000;38.3137500000;45.8750000000;-8.2500000000;-5.5625000000
-14.5146000000;-0.2142000000;-8.4354000000;4.9087500000;151.9800000000;25.3725000000;45.8750000000;-9.8750000000;-4.0000000000
-15.3306000000;-0.0714000000;-7.2420000000;21.8662500000;188.6362500000;34.3612500000;45.8750000000;-12.0625000000;3.0000000000
-14.6268000000;-1.2240000000;-6.9054000000;-7.9687500000;189.6562500000;32.8312500000;45.5000000000;-12.5000000000;9.2500000000
-13.6986000000;-1.4484000000;-6.1404000000;20.1450000000;198.8362500000;30.6000000000;45.5000000000;-12.5000000000;9.2500000000
-12.4032000000;-0.8568000000;-5.9160000000;39.5250000000;196.7962500000;13.0050000000;42.5625000000;-14.5000000000;14.7500000000
-11.1384000000;-0.4590000000;-5.4264000000;32.8312500000;194.8837500000;10.4550000000;40.0000000000;-15.0625000000;23.7500000000
-9.2616000000;-1.3872000000;-5.4570000000;12.1762500000;179.1375000000;9.1162500000;35.2500000000;-14.5000000000;29.7500000000
-7.8540000000;-0.7446000000;-5.1306000000;50.4900000000;175.2487500000;5.8012500000;29.3750000000;-16.2500000000;34.2500000000
-5.2428000000;-1.0506000000;-5.3754000000;34.9350000000;155.8050000000;2.1675000000;29.3750000000;-16.2500000000;34.2500000000
-4.8960000000;0.4080000000;-4.1412000000;55.7175000000;150.0037500000;4.9087500000;24.5000000000;-14.0625000000;39.0625000000
-2.4582000000;-0.3774000000;-3.7944000000;-26.2012500000;115.0050000000;17.7862500000;19.3750000000;-13.2500000000;41.0625000000
-1.3668000000;-0.1632000000;-4.0188000000;3.1875000000;106.1437500000;43.2862500000;14.1875000000;-11.7500000000;43.0000000000
-0.2550000000;0.1020000000;-1.5504000000;22.9500000000;107.9287500000;54.2512500000;9.6875000000;-12.5000000000;43.5000000000
1.4688000000;-1.8666000000;-2.1318000000;62.0925000000;63.9412500000;70.0612500000;9.6875000000;-12.5000000000;43.5000000000
1.2036000000;-0.5202000000;-6.4566000000;-23.5237500000;24.8625000000;-4.2712500000;4.1875000000;-11.6875000000;44.7500000000
2.2950000000;-1.9992000000;-6.3342000000;48.7687500000;36.8475000000;25.8187500000;2.2500000000;-9.8750000000;45.5000000000
1.1934000000;0.4692000000;-5.8854000000;-74.7787500000;-5.8012500000;-23.6512500000;1.1875000000;-9.5625000000;45.8750000000
1.6932000000;-0.2448000000;-5.7834000000;-100.5337500000;-26.8387500000;-19.0612500000;0.7500000000;-11.0000000000;44.2500000000
0.3366000000;0.1020000000;-4.1004000000;-46.9200000000;-34.2975000000;-21.4837500000;0.7500000000;-11.0000000000;44.2500000000
0.6732000000;-0.3468000000;-3.9474000000;-60.2437500000;-52.0837500000;-11.4112500000;1.5000000000;-14.2500000000;43.8750000000
-0.8976000000;0.8058000000;-1.2444000000;-48.3225000000;-61.9012500000;-35.8275000000;3.2500000000;-16.0625000000;43.8750000000
-2.4786000000;0.3162000000;-0.1734000000;-45.7087500000;-113.9850000000;-24.4162500000;4.7500000000;-19.0000000000;41.8750000000
-4.7430000000;0.9282000000;-3.1620000000;-65.9812500000;-168.8737500000;-46.6650000000;8.7500000000;-19.8750000000;41.1875000000
-5.7732000000;0.1326000000;-3.0498000000;-45.3900000000;-161.7337500000;-63.6225000000;8.7500000000;-19.8750000000;41.1875000000
-10.0470000000;0.1734000000;-5.7936000000;-3.7612500000;-184.3012500000;-87.2100000000;15.5000000000;-23.1875000000;37.5625000000
-10.7304000000;3.1824000000;-5.3958000000;114.4312500000;-168.1725000000;-81.2175000000;22.1875000000;-24.2500000000;35.3750000000
-14.6880000000;2.4582000000;-7.8234000000;23.7787500000;-208.5900000000;-33.0225000000;29.5000000000;-21.5625000000;33.3750000000
-11.7198000000;0.7752000000;-9.7410000000;6.2475000000;-225.6112500000;-33.0862500000;34.6875000000;-16.7500000000;29.0000000000
-15.3918000000;0.7038000000;-9.5370000000;38.6325000000;-206.9962500000;-13.6425000000;34.6875000000;-16.7500000000;29.0000000000
-14.8308000000;-0.1632000000;-9.9144000000;-42.3300000000;-204.5737500000;-2.5500000000;39.5000000000;-16.7500000000;20.5000000000
-13.0866000000;0.0204000000;-11.2710000000;3.4425000000;-178.2450000000;-9.4987500000;43.1875000000;-13.8750000000;15.0000000000
-14.3208000000;0.0510000000;-10.0674000000;-82.1100000000;-136.2337500000;-19.5712500000;44.2500000000;-13.0625000000;7.8750000000
-12.3420000000;-1.2342000000;-8.0274000000;-48.3225000000;-97.6650000000;-35.3175000000;45.3750000000;-12.3750000000;1.1875000000
-12.5664000000;-0.1326000000;-4.1514000000;3.4425000000;-90.5250000000;-30.7912500000;45.3750000000;-12.3750000000;1.1875000000
-12.2502000000;0.3264000000;-4.2840000000;-41.6287500000;-64.2600000000;-51.7650000000;46.1875000000;-12.7500000000;-2.7500000000
-10.8834000000;1.9686000000;-5.4366000000;28.3050000000;-27.9862500000;-11.2200000000;45.3750000000;-9.0625000000;-5.0625000000
-11.1486000000;-0.9588000000;-4.2024000000;-59.5425000000;-40.5450000000;-14.5350000000;45.7500000000;-6.5000000000;-8.2500000000
-10.9854000000;-0.2856000000;-3.6924000000;-68.7225000000;-16.7025000000;-8.4150000000;46.1875000000;-6.5000000000;-9.8750000000
-9.7818000000;-0.4998000000;-2.4888000000;-50.0437500000;-4.2712500000;-9.3712500000;46.1875000000;-6.5000000000;-9.8750000000
-10.1490000000;0.7242000000;-2.7438000000;5.8650000000;2.8687500000;-6.5662500000;45.0000000000;-5.0000000000;-10.1875000000
-10.4856000000;0.3468000000;-3.8454000000;-2.2312500000;26.3925000000;2.7412500000;45.3750000000;-3.8750000000;-11.0000000000
-11.0772000000;0.7752000000;-3.6414000000;-14.9812500000;39.0150000000;-7.5225000000;45.3750000000;-4.5625000000;-11.3750000000
-11.9340000000;2.0808000000;-5.5692000000;83.5762500000;41.6925000000;10.7100000000;45.3750000000;-3.8750000000;-8.6875000000
-12.7092000000;2.3562000000;-8.8842000000;45.1987500000;38.8875000000;23.8425000000;45.3750000000;-3.8750000000;-8.6875000000
-12.9132000000;2.0400000000;-11.2914000000;67.5112500000;109.5862500000;40.5450000000;45.7500000000;-5.0000000000;-8.6875000000
-14.1474000000;0.3366000000;-9.5064000000;14.7900000000;157.6537500000;30.8550000000;46.1875000000;-8.0000000000;-5.0625000000
-15.0654000000;0.9894000000;-7.4766000000;55.2075000000;191.5687500000;32.4487500000;46.1875000000;-9.0625000000;-0.8750000000
-15.2694000000;0.9078000000;-5.6610000000;20.4000000000;189.4012500000;48.3862500000;45.3750000000;-10.8750000000;6.5625000000
-14.1270000000;0.3264000000;-7.0176000000;2.9962500000;173.3362500000;44.6250000000;45.3750000000;-10.8750000000;6.5625000000
-13.4232000000;-0.6732000000;-5.4264000000;20.2087500000;186.1500000000;52.6575000000;43.5625000000;-14.2500000000;13.6875000000
-11.3934000000;-0.9894000000;-5.3346000000;22.0575000000;180.0937500000;35.3812500000;41.2500000000;-15.2500000000;20.0000000000
-10.5774000000;-0.1020000000;-4.3656000000;46.4737500000;188.1262500000;37.2937500000;37.6875000000;-18.2500000000;25.8750000000
-7.8948000000;-1.4076000000;-4.5594000000;-1.0837500000;162.9450000000;30.0900000000;37.6875000000;-18.2500000000;25.8750000000
-6.9870000000;-0.5304000000;-4.2432000000;25.8825000000;154.9125000000;29.5162500000;31.3750000000;-17.5625000000;31.3750000000
-4.5696000000;-1.4076000000;-5.3652000000;25.8825000000;135.2775000000;18.3600000000;27.2500000000;-17.1875000000;35.3750000000
-4.0596000000;1.1220000000;-5.8752000000;16.2562500000;135.1500000000;13.8337500000;22.1875000000;-18.0000000000;38.0625000000
-2.5500000000;0.2448000000;-5.7018000000;-49.2150000000;119.9137500000;26.9025000000;17.2500000000;-17.5625000000;40.8750000000
-1.3770000000;-0.4284000000;-5.3448000000;17.5312500000;109.7137500000;34.2975000000;17.2500000000;-17.5625000000;40.8750000000
-0.9282000000;0.3672000000;-4.6920000000;50.4900000000;96.0075000000;51.0000000000;11.7500000000;-18.2500000000;41.0625000000
1.5198000000;-2.5704000000;-3.4170000000;139.9312500000;67.1925000000;63.2400000000;7.7500000000;-17.5625000000;42.8750000000
0.0408000000;0.6324000000;-6.7422000000;36.9112500000;30.6637500000;9.5625000000;2.5625000000;-15.2500000000;44.7500000000
1.7952000000;-4.3248000000;-3.6822000000;76.9462500000;27.3487500000;34.2337500000;1.5000000000;-12.7500000000;45.1875000000
1.0200000000;0.7548000000;-8.0274000000;-63.9412500000;-40.9275000000;-39.7162500000;1.5000000000;-12.7500000000;45.1875000000
1.2240000000;-0.4692000000;-7.2318000000;-99.0675000000;-12.8775000000;-23.5237500000;-0.6875000000;-8.6875000000;45.5625000000
1.0608000000;-0.1938000000;-6.2934000000;-6.5662500000;-17.4675000000;-11.0925000000;1.7500000000;-11.2500000000;43.6875000000
0.5202000000;1.0098000000;-6.4770000000;-46.7287500000;-34.8712500000;-21.9300000000;2.5625000000;-14.2500000000;44.5000000000
0.1632000000;-0.1428000000;-4.9062000000;-68.9137500000;-40.3537500000;-13.6425000000;4.0625000000;-15.0000000000;44.5000000000
-0.3978000000;-0.6834000000;-2.5806000000;-50.1712500000;-50.1712500000;-21.6750000000;4.0625000000;-15.0000000000;44.5000000000
-2.1420000000;0.4080000000;-1.2648000000;-81.1537500000;-77.7750000000;-34.6162500000;5.1875000000;-17.5625000000;42.8750000000
-3.4476000000;-0.5610000000;-0.7242000000;-71.0175000000;-119.5950000000;-45.5175000000;7.3750000000;-19.3750000000;43.0000000000
-6.4566000000;1.3566000000;-4.1208000000;-15.7462500000;-170.0212500000;-62.4112500000;11.7500000000;-21.5000000000;39.7500000000
-8.6700000000;3.2640000000;-6.1506000000;-24.0337500000;-178.1175000000;-70.5712500000;17.6875000000;-23.5000000000;38.1875000000
-9.8022000000;2.9784000000;-5.5590000000;9.7537500000;-172.2525000000;-40.2900000000;17.6875000000;-23.5000000000;38.1875000000
-12.4338000000;1.2750000000;-7.6194000000;-93.5850000000;-216.8137500000;-63.4950000000;23.8750000000;-23.0000000000;34.5625000000
-11.5362000000;1.7034000000;-10.4958000000;28.0500000000;-197.1787500000;-43.0312500000;30.5625000000;-22.6875000000;31.0625000000
-13.4436000000;1.4586000000;-9.9348000000;-107.1637500000;-185.2575000000;-78.0300000000;35.6875000000;-21.1875000000;22.7500000000
-14.1270000000;0.9996000000;-10.2306000000;-41.9475000000;-155.1675000000;-69.5512500000;40.8750000000;-18.5625000000;17.0000000000
-12.2808000000;1.2954000000;-7.0992000000;-6.7575000000;-116.5350000000;-71.8462500000;40.8750000000;-18.5625000000;17.0000000000
-13.3722000000;4.1004000000;-8.6088000000;-20.9100000000;-139.6125000000;-89.8237500000;43.0625000000;-17.0625000000;11.0625000000
-13.1580000000;2.8866000000;-6.5076000000;78.3487500000;-78.2850000000;-19.6987500000;44.1875000000;-13.0000000000;6.3750000000
-10.9854000000;1.0608000000;-4.4472000000;-46.4737500000;-107.1637500000;-15.1087500000;45.2500000000;-10.0625000000;2.3750000000
-10.7406000000;3.9066000000;-10.6386000000;-95.3700000000;-171.8700000000;-33.6600000000;46.1875000000;-10.0625000000;-2.0000000000
-10.6590000000;0.9588000000;-8.1192000000;-32.1937500000;-60.7537500000;-6.4387500000;46.1875000000;-10.0625000000;-2.0000000000
-11.5668000000;0.7650000000;-4.1718000000;-56.4187500000;-5.2275000000;-14.9175000000;45.7500000000;-8.1875000000;-7.0625000000
-10.2816000000;0.0816000000;-2.7642000000;-69.2325000000;-10.9650000000;-8.6062500000;45.7500000000;-7.0625000000;-7.8750000000
-9.9858000000;-0.3876000000;-1.7442000000;-25.1175000000;-4.0800000000;-16.6387500000;45.6875000000;-5.6875000000;-9.5000000000
-10.2510000000;1.6626000000;-2.1624000000;47.1112500000;-17.7862500000;-15.3000000000;46.0625000000;-4.5000000000;-9.5000000000
-9.6594000000;0.6732000000;-3.4170000000;7.7775000000;-19.3162500000;7.8412500000;46.0625000000;-4.5000000000;-9.5000000000
-10.2714000000;0.5916000000;-3.8862000000;-2.3587500000;10.9012500000;4.0800000000;44.8750000000;-4.0625000000;-9.8750000000
-10.8222000000;1.7340000000;-4.9368000000;68.2762500000;44.0512500000;-3.8250000000;44.5625000000;-4.0625000000;-10.1875000000
-12.1380000000;3.7026000000;-6.4668000000;42.2662500000;44.1150000000;7.6500000000;45.6875000000;-4.7500000000;-10.1875000000
-12.4032000000;4.0086000000;-9.1290000000;75.0337500000;62.0925000000;34.2337500000;45.6875000000;-4.3750000000;-8.6875000000
-12.6786000000;2.3664000000;-8.3742000000;59.6700000000;102.9562500000;46.1550000000;45.6875000000;-4.3750000000;-8.6875000000
-13.7496000000;2.5806000000;-9.4860000000;82.4925000000;132.0900000000;43.6687500000;45.6875000000;-7.7500000000;-3.5000000000
-14.6166000000;1.9380000000;-7.7010000000;33.4687500000;153.1275000000;56.6737500000;45.6875000000;-10.0000000000;0.3750000000
-14.0046000000;0.6018000000;-8.2824000000;39.2062500000;167.4075000000;51.3825000000;45.6875000000;-11.8750000000;5.0625000000
-14.5044000000;0.6018000000;-6.5280000000;12.3675000000;177.2887500000;52.7850000000;43.0625000000;-16.0000000000;10.5000000000
-13.1478000000;-0.4080000000;-6.6810000000;45.0712500000;184.1737500000;44.4337500000;43.0625000000;-16.0000000000;10.5000000000
-12.0972000000;-0.0612000000;-5.3550000000;47.7487500000;179.5837500000;42.6487500000;41.5625000000;-17.5000000000;18.3750000000
-10.3938000000;0.2448000000;-5.0388000000;53.4862500000;176.0137500000;32.9587500000;38.0000000000;-18.1875000000;24.2500000000
-9.2718000000;0.5712000000;-4.0800000000;39.3337500000;158.1000000000;40.1625000000;32.5000000000;-18.5000000000;29.7500000000
-6.5280000000;-2.3154000000;-6.4872000000;-2.1037500000;125.2050000000;34.9987500000;32.5000000000;-18.5000000000;29.7500000000
-5.8038000000;-0.4284000000;-6.3138000000;56.4825000000;156.6975000000;16.2562500000;28.7500000000;-19.5625000000;34.1875000000
-5.1714000000;0.3264000000;-5.5488000000;-1.7850000000;139.0387500000;18.2325000000;23.2500000000;-19.8750000000;37.2500000000
-2.6316000000;0.2448000000;-5.1306000000;-24.4162500000;122.0812500000;18.6150000000;18.0625000000;-17.7500000000;40.0000000000
-1.9584000000;1.4280000000;-3.8148000000;22.1212500000;122.7187500000;34.6800000000;13.6875000000;-19.5625000000;41.8750000000
-0.6120000000;-0.6630000000;-2.1726000000;-18.6787500000;90.1425000000;44.4337500000;13.6875000000;-19.5625000000;41.8750000000
0.9588000000;-1.2240000000;-1.9380000000;92.3737500000;56.3550000000;52.0837500000;8.5000000000;-18.7500000000;41.8750000000
1.4076000000;1.9176000000;-5.7936000000;-0.0637500000;6.0562500000;-6.1837500000;4.2500000000;-18.7500000000;42.6875000000
1.5198000000;-1.2240000000;-4.2636000000;-16.5112500000;10.7737500000;25.8825000000;2.0625000000;-16.5625000000;43.5625000000
1.6218000000;0.2856000000;-6.6300000000;-25.3087500000;-29.0062500000;-13.9612500000;2.0625000000;-17.0000000000;43.1875000000
1.0302000000;2.0706000000;-8.0274000000;-57.8850000000;-33.7875000000;-30.2175000000;2.0625000000;-17.0000000000;43.1875000000
0.2550000000;1.4790000000;-6.6300000000;-55.4625000000;-28.3687500000;-5.7375000000;2.8750000000;-16.5625000000;43.5625000000
0.2040000000;0.0714000000;-4.9980000000;-30.4725000000;-37.1662500000;-9.4350000000;3.8750000000;-19.8750000000;42.3750000000
-0.9996000000;0.9282000000;-3.6720000000;-17.3400000000;-50.3625000000;-19.5712500000;5.7500000000;-20.6875000000;42.0000000000
-1.3158000000;1.1322000000;-2.0400000000;-55.2075000000;-63.8137500000;-25.5000000000;7.2500000000;-22.1875000000;40.7500000000
-3.6720000000;0.3978000000;-0.5304000000;-88.0387500000;-89.9512500000;-32.2575000000;7.2500000000;-22.1875000000;40.7500000000
-5.5182000000;1.4688000000;-3.0804000000;-32.3212500000;-147.3262500000;-44.3062500000;10.1875000000;-24.0000000000;40.0000000000
-6.3342000000;2.1318000000;-4.0392000000;-37.5487500000;-155.1675000000;-55.9725000000;14.6875000000;-26.5625000000;36.0625000000
-10.5162000000;3.3558000000;-4.8552000000;14.2800000000;-161.4787500000;-53.9962500000;19.8750000000;-27.6875000000;34.5000000000
-11.5872000000;2.4480000000;-6.0894000000;-36.0825000000;-188.9550000000;-40.5450000000;26.0625000000;-26.8750000000;31.0000000000
-12.8418000000;1.1730000000;-8.0274000000;-4.0162500000;-203.0437500000;-47.2387500000;26.0625000000;-26.8750000000;31.0000000000
-13.0458000000;2.0706000000;-8.7006000000;-46.2187500000;-190.6125000000;-57.5662500000;32.3750000000;-26.5625000000;25.8750000000
-14.0658000000;2.1828000000;-10.9038000000;-33.2775000000;-181.0500000000;-69.2962500000;36.3750000000;-24.3750000000;20.7500000000
-13.1376000000;2.3970000000;-6.6912000000;2.6137500000;-120.8700000000;-62.4112500000;40.5000000000;-22.8750000000;13.2500000000
-14.0046000000;3.6720000000;-8.9352000000;-74.0775000000;-153.5100000000;-84.9150000000;42.3750000000;-18.5000000000;8.5625000000
-12.0768000000;2.0910000000;-7.8030000000;-45.0075000000;-112.1362500000;-52.0837500000;42.3750000000;-18.5000000000;8.5625000000
-12.3420000000;1.8156000000;-5.5998000000;-40.9275000000;-88.6125000000;-56.5462500000;44.1875000000;-17.0000000000;2.6875000000
-13.4946000000;4.1514000000;-8.5782000000;-40.0987500000;-111.4350000000;-43.6687500000;45.2500000000;-13.2500000000;-1.1875000000
-11.1078000000;2.3052000000;-6.5586000000;-39.7800000000;-44.1150000000;-18.1687500000;45.2500000000;-10.0000000000;-4.6875000000
-10.9650000000;0.6732000000;-3.2742000000;-65.8537500000;-14.9175000000;-15.1087500000;44.5625000000;-8.8750000000;-8.6875000000
-10.0368000000;1.8972000000;-3.8862000000;-65.0887500000;-26.3287500000;-22.6312500000;44.5625000000;-8.8750000000;-8.6875000000
-10.6692000000;1.5504000000;-2.7744000000;-12.7500000000;-16.1925000000;-13.5150000000;44.8750000000;-7.2500000000;-10.1875000000
-10.3530000000;1.4382000000;-3.1110000000;26.4562500000;-10.0725000000;-6.1837500000;45.2500000000;-6.1875000000;-11.5000000000
-10.0266000000;1.7340000000;-4.5390000000;16.2562500000;8.4787500000;-5.1000000000;44.5625000000;-5.5000000000;-12.0000000000
-11.7606000000;3.2232000000;-4.5696000000;49.1512500000;46.1550000000;0.7012500000;45.0000000000;-5.0625000000;-10.7500000000
-11.6892000000;3.2742000000;-8.1600000000;63.8775000000;35.4450000000;14.7262500000;45.0000000000;-5.0625000000;-10.7500000000
-12.6582000000;4.0290000000;-9.1494000000;95.2425000000;73.8225000000;31.5562500000;45.0000000000;-6.5000000000;-9.5625000000
-13.6884000000;2.9172000000;-9.7818000000;46.7925000000;104.0400000000;38.6962500000;45.7500000000;-7.2500000000;-7.1875000000
-14.5860000000;2.3052000000;-7.9152000000;69.4237500000;148.2825000000;53.7412500000;46.0625000000;-9.5000000000;-2.5000000000
-14.2290000000;1.3566000000;-8.7108000000;32.6400000000;150.3862500000;46.9200000000;44.8750000000;-13.2500000000;3.3750000000
-14.8920000000;2.1216000000;-7.1706000000;84.0225000000;187.7437500000;47.0475000000;44.8750000000;-13.2500000000;3.3750000000
-13.8924000000;0.4896000000;-6.9870000000;19.5712500000;182.5162500000;43.4137500000;43.5000000000;-14.3750000000;7.3750000000
-13.2090000000;0.7140000000;-5.6508000000;61.1362500000;194.8837500000;40.2900000000;42.3750000000;-17.0000000000;16.3750000000
-11.1894000000;-0.4386000000;-4.4574000000;39.1425000000;190.2937500000;40.2900000000;39.1875000000;-17.5000000000;23.3750000000
-9.7512000000;0.0102000000;-3.9984000000;51.8925000000;174.1650000000;27.8587500000;34.2500000000;-18.8750000000;28.5000000000
-7.4664000000;-0.7344000000;-4.0596000000;38.1862500000;145.4137500000;27.4125000000;34.2500000000;-18.8750000000;28.5000000000
-5.2326000000;-0.5100000000;-4.8450000000;64.0687500000;134.7675000000;16.5112500000;29.8750000000;-17.5000000000;33.1875000000
-5.0388000000;-0.4080000000;-4.4676000000;63.9412500000;116.2162500000;5.6737500000;23.6875000000;-18.5625000000;36.2500000000
-2.9988000000;0.2550000000;-5.6610000000;44.4337500000;94.1587500000;3.9525000000;19.8750000000;-17.5000000000;40.1875000000
-1.8258000000;0.0714000000;-6.0588000000;24.2887500000;89.7600000000;18.9337500000;15.0625000000;-14.5000000000;42.1875000000
-2.0094000000;0.0000000000;-5.6814000000;-9.8812500000;76.2450000000;41.5650000000;15.0625000000;-14.5000000000;42.1875000000
-0.8058000000;-2.7132000000;-5.2632000000;65.1525000000;108.7575000000;59.8612500000;11.6875000000;-11.7500000000;44.1875000000
2.0196000000;-3.7230000000;-3.2028000000;77.7750000000;36.9750000000;-13.1962500000;8.0625000000;-12.8750000000;43.5000000000
-0.4896000000;0.8058000000;-3.8046000000;25.7550000000;39.2700000000;8.2875000000;4.2500000000;-9.2500000000;46.5625000000
2.1828000000;-2.8050000000;-3.5598000000;-34.7437500000;-26.7750000000;-4.7812500000;3.0000000000;-7.3750000000;45.0625000000
0.6018000000;0.7242000000;-5.2734000000;-146.8162500000;-47.3662500000;-27.7950000000;3.0000000000;-7.3750000000;45.0625000000
0.5202000000;-0.4284000000;-4.6920000000;-86.2537500000;-47.4300000000;-19.3800000000;3.5625000000;-9.5625000000;44.5625000000
-0.6120000000;0.4692000000;-4.3554000000;-30.6637500000;-69.0412500000;-19.4437500000;6.5625000000;-14.7500000000;44.0000000000
-0.8670000000;-0.5508000000;-4.1922000000;-49.0237500000;-70.6987500000;-12.1762500000;7.6875000000;-16.5625000000;42.5000000000
-2.5092000000;0.4896000000;-2.5602000000;-70.7625000000;-78.9225000000;-34.0425000000;7.6875000000;-16.5625000000;42.5000000000
-3.6516000000;-0.0306000000;-0.9588000000;-81.9825000000;-98.8762500000;-30.3450000000;11.3750000000;-18.0625000000;42.0000000000
-7.0176000000;1.2138000000;-3.1314000000;-44.1787500000;-159.4387500000;-50.1075000000;14.2500000000;-20.6875000000;40.0000000000
-6.4668000000;0.1428000000;-4.1514000000;42.2662500000;-168.7462500000;-61.2000000000;19.0625000000;-24.3750000000;36.5000000000
-11.7810000000;4.1412000000;-5.7732000000;72.4200000000;-176.3962500000;-52.4025000000;25.6875000000;-22.8750000000;34.1875000000
-10.4856000000;1.1016000000;-4.6614000000;-20.6550000000;-194.0550000000;-11.7937500000;25.6875000000;-22.8750000000;34.1875000000
-15.1164000000;1.9482000000;-8.1804000000;-104.9325000000;-238.9350000000;-40.4175000000;31.6875000000;-19.0625000000;31.7500000000
-13.1478000000;-0.0510000000;-9.8838000000;0.1912500000;-193.2262500000;-24.6075000000;36.0625000000;-16.8750000000;25.5000000000
-15.7284000000;2.7030000000;-7.2522000000;-63.1762500000;-174.3562500000;-44.2425000000;40.5000000000;-19.0625000000;17.5625000000
-13.7904000000;4.1106000000;-9.9450000000;-167.8537500000;-172.6987500000;-3.8250000000;42.6875000000;-18.0000000000;10.5000000000
-13.3314000000;3.1620000000;-6.9156000000;-151.5975000000;-141.7800000000;-26.2012500000;42.6875000000;-18.0000000000;10.5000000000
-13.9128000000;6.6708000000;-9.0678000000;-115.9612500000;-145.2225000000;-17.0850000000;43.5000000000;-16.1875000000;2.1875000000
-11.1588000000;3.4170000000;-7.7826000000;-146.1787500000;-86.2537500000;-5.6100000000;43.5000000000;-15.7500000000;-2.5000000000
-10.9446000000;2.7540000000;-3.1008000000;-98.7487500000;-16.0012500000;-16.6387500000;42.6875000000;-13.1875000000;-9.1875000000
-10.6998000000;1.2546000000;-1.8156000000;-82.1737500000;-21.9300000000;-19.5712500000;43.5000000000;-12.0000000000;-12.3750000000
-9.6696000000;3.4986000000;-1.5504000000;5.0362500000;-10.5187500000;-30.4725000000;43.5000000000;-12.0000000000;-12.3750000000
-10.8018000000;3.9678000000;-2.4786000000;-1.2112500000;-33.5325000000;-15.3637500000;43.0625000000;-9.0000000000;-15.1875000000
-10.6386000000;3.5802000000;-4.1412000000;43.9237500000;-18.4875000000;-2.9962500000;43.0625000000;-7.8750000000;-14.7500000000
-10.6896000000;4.0698000000;-4.8144000000;81.7912500000;22.4400000000;-1.7850000000;43.0625000000;-7.8750000000;-16.7500000000
-11.4444000000;4.6716000000;-5.3550000000;64.5787500000;32.8312500000;7.7137500000;43.5000000000;-9.7500000000;-15.6875000000
-11.9952000000;6.2628000000;-8.5476000000;119.7862500000;54.5062500000;4.9087500000;43.5000000000;-9.7500000000;-15.6875000000
-13.6272000000;6.3750000000;-7.4970000000;113.6025000000;115.4512500000;45.2625000000;43.5000000000;-10.1875000000;-13.6875000000
-13.5660000000;3.1110000000;-6.9870000000;36.0187500000;131.2612500000;58.5862500000;43.7500000000;-11.1875000000;-10.5000000000
-14.1984000000;4.3044000000;-4.8960000000;73.5675000000;154.5300000000;64.0687500000;43.7500000000;-14.8750000000;-4.2500000000
-13.8516000000;1.9992000000;-6.4668000000;18.3600000000;130.4325000000;67.9575000000;44.5000000000;-17.8750000000;0.7500000000
-13.1478000000;2.4480000000;-6.0180000000;63.8137500000;160.0125000000;56.6100000000;44.5000000000;-17.8750000000;0.7500000000
-14.4024000000;2.4174000000;-7.5786000000;61.9650000000;148.7925000000;62.2837500000;41.8750000000;-21.5625000000;5.5625000000
-12.4542000000;0.2448000000;-7.4256000000;47.3025000000;181.1137500000;51.4462500000;40.3750000000;-22.6875000000;12.6875000000
-11.7402000000;2.1624000000;-4.8654000000;75.5437500000;202.9162500000;33.2775000000;36.7500000000;-26.0625000000;17.7500000000
-9.9756000000;0.8568000000;-3.6516000000;1.1475000000;172.8262500000;40.9912500000;32.3750000000;-24.5625000000;24.8750000000
-7.5888000000;1.8972000000;-4.3962000000;52.7850000000;159.1837500000;30.9825000000;32.3750000000;-24.5625000000;24.8750000000
-5.5284000000;0.7344000000;-4.5492000000;42.0750000000;141.6525000000;32.2575000000;27.8750000000;-27.5000000000;30.3750000000
-4.5492000000;2.3154000000;-3.7536000000;71.4000000000;126.1612500000;22.6950000000;22.7500000000;-25.5625000000;33.3750000000
-2.8254000000;0.7752000000;-3.5292000000;1.5300000000;91.7362500000;42.5212500000;18.6875000000;-24.5000000000;37.3750000000
-0.8874000000;-0.2856000000;-3.8964000000;-42.5212500000;72.4200000000;31.4925000000;14.6875000000;-24.0625000000;39.0000000000
-0.6936000000;1.8666000000;-3.7230000000;-12.8137500000;62.4112500000;30.7912500000;14.6875000000;-24.0625000000;39.0000000000
0.2550000000;0.8058000000;-3.9984000000;-18.2325000000;33.4050000000;27.6675000000;10.5625000000;-23.6875000000;38.5625000000
1.0302000000;0.8976000000;-3.3660000000;23.4600000000;16.5112500000;19.3800000000;7.8750000000;-25.1875000000;39.0000000000
0.7446000000;1.2036000000;-6.1404000000;-11.9212500000;-30.7275000000;-5.8012500000;6.0625000000;-25.1875000000;38.5625000000
0.8874000000;0.8160000000;-7.2216000000;-8.4150000000;-2.6775000000;-13.7062500000;6.7500000000;-24.5625000000;38.8750000000
-0.3162000000;1.6626000000;-3.6414000000;-12.9412500000;-6.5025000000;-21.4837500000;6.7500000000;-24.5625000000;38.8750000000
-0.8262000000;-0.0918000000;-2.9478000000;-17.1487500000;-43.2225000000;-17.5312500000;6.0625000000;-25.6875000000;39.3750000000
-0.9894000000;1.3464000000;-3.4272000000;-15.8737500000;-70.8900000000;-40.6087500000;7.5625000000;-26.3750000000;38.5625000000
-2.1828000000;2.1114000000;-2.7846000000;-50.2987500000;-77.7750000000;-31.5562500000;10.0625000000;-26.0625000000;37.5000000000
-4.4166000000;0.9282000000;-1.3566000000;-58.5225000000;-115.8975000000;-51.9562500000;13.7500000000;-28.5625000000;37.5000000000
-5.2428000000;1.0812000000;-3.3864000000;-26.7112500000;-124.5675000000;-56.9287500000;13.7500000000;-28.5625000000;37.5000000000
-8.9148000000;2.4276000000;-2.9376000000;-9.5625000000;-154.4025000000;-79.5600000000;17.8750000000;-29.0000000000;34.2500000000
-10.0776000000;0.8874000000;-5.1408000000;32.2575000000;-165.6225000000;-64.0687500000;22.6875000000;-29.0000000000;31.1875000000
-12.5460000000;3.9474000000;-7.5786000000;-48.0037500000;-200.7487500000;-77.1375000000;27.7500000000;-25.6875000000;27.1875000000
-12.9744000000;2.0910000000;-7.6806000000;-46.9200000000;-174.5475000000;-63.9412500000;34.0625000000;-25.6875000000;22.5000000000
-13.7904000000;3.4272000000;-7.5174000000;-104.1675000000;-172.5075000000;-80.8350000000;34.0625000000;-25.6875000000;22.5000000000
-13.9128000000;3.7230000000;-7.9050000000;-61.3912500000;-145.0950000000;-69.5512500000;37.7500000000;-24.1875000000;16.1875000000
-13.7904000000;4.4064000000;-6.9666000000;-78.7312500000;-138.7200000000;-80.5162500000;42.2500000000;-22.0000000000;9.5000000000
-13.6680000000;6.0588000000;-7.9662000000;-93.4575000000;-135.1500000000;-72.3562500000;43.7500000000;-18.5625000000;2.7500000000
-12.3012000000;4.3350000000;-5.3550000000;-83.8312500000;-95.8162500000;-47.2387500000;43.7500000000;-18.5625000000;2.7500000000
-12.1278000000;6.2016000000;-7.3338000000;-92.5650000000;-109.2675000000;-55.4625000000;45.1875000000;-14.1875000000;-2.2500000000
-11.2506000000;5.6814000000;-6.9054000000;-79.9425000000;-69.2962500000;-30.0262500000;43.7500000000;-11.5625000000;-6.5625000000
-11.0772000000;1.4076000000;-3.7740000000;-89.7600000000;-19.5075000000;-13.5150000000;43.8750000000;-9.3750000000;-11.0625000000
-10.5264000000;1.0710000000;-1.6320000000;-62.7300000000;-6.6300000000;-33.7875000000;43.7500000000;-7.7500000000;-13.7500000000
-10.4448000000;2.0502000000;-0.6528000000;0.4462500000;-5.3550000000;-28.3050000000;43.7500000000;-7.7500000000;-13.7500000000
-10.2204000000;1.4892000000;-0.5202000000;22.6312500000;-17.5950000000;-7.3312500000;43.8750000000;-6.0000000000;-13.7500000000
-10.0266000000;1.2546000000;-1.1220000000;29.1337500000;-26.2012500000;-6.1200000000;43.7500000000;-3.7500000000;-13.7500000000
-10.5468000000;3.3456000000;-2.9682000000;72.1650000000;-22.2487500000;-10.1362500000;44.5625000000;-3.6875000000;-14.1875000000
-10.2612000000;3.0090000000;-2.2134000000;32.7037500000;7.5862500000;11.6025000000;43.0625000000;-4.0000000000;-15.0000000000
-10.1694000000;1.8258000000;-3.0090000000;-1.7212500000;14.0887500000;14.7262500000;43.0625000000;-4.0000000000;-15.0000000000
-11.4444000000;2.9478000000;-5.8242000000;49.1512500000;21.1012500000;15.1087500000;43.7500000000;-5.1875000000;-14.5625000000
-12.1482000000;5.2224000000;-7.3848000000;118.1925000000;58.0125000000;16.5112500000;43.5000000000;-5.8750000000;-14.1875000000
-13.2702000000;5.4060000000;-8.2620000000;55.4625000000;82.4287500000;35.4450000000;43.7500000000;-7.6875000000;-12.2500000000
-13.7394000000;5.1306000000;-7.7520000000;78.8587500000;122.2087500000;50.5537500000;44.1875000000;-9.5625000000;-9.8750000000
-14.8512000000;3.9576000000;-5.8650000000;48.3862500000;148.6650000000;67.3837500000;44.1875000000;-9.5625000000;-9.8750000000
-14.3514000000;3.5598000000;-6.6300000000;36.9112500000;153.0000000000;68.5312500000;44.1875000000;-12.5000000000;-3.8750000000
-14.5962000000;3.8658000000;-5.0082000000;43.6050000000;166.6425000000;83.4487500000;43.7500000000;-15.5625000000;0.2500000000
-13.5150000000;1.5606000000;-6.3342000000;11.0287500000;147.9637500000;77.0737500000;42.3750000000;-20.0000000000;7.0000000000
-13.4538000000;4.6716000000;-5.7324000000;122.5912500000;180.5400000000;72.0375000000;39.3750000000;-21.8750000000;12.7500000000
-12.0564000000;2.9784000000;-6.3138000000;16.8300000000;156.5700000000;81.4087500000;39.3750000000;-21.8750000000;12.7500000000
-10.2714000000;2.3664000000;-5.0184000000;46.4100000000;165.3037500000;79.0500000000;36.0625000000;-24.7500000000;20.2500000000
-8.6700000000;1.1526000000;-3.9882000000;58.2675000000;152.8725000000;75.6075000000;31.6875000000;-26.8750000000;24.2500000000
-6.5280000000;0.8568000000;-4.0086000000;69.9975000000;123.9300000000;68.5312500000;26.5625000000;-28.0000000000;29.7500000000
-4.7532000000;0.7854000000;-3.9270000000;70.8262500000;120.8062500000;43.1587500000;21.3750000000;-28.0000000000;34.0000000000
-3.7536000000;0.9996000000;-3.6516000000;67.1287500000;97.0275000000;48.6412500000;21.3750000000;-28.0000000000;34.0000000000
-3.1008000000;-0.5406000000;-1.9482000000;92.1825000000;95.7525000000;89.0587500000;16.5625000000;-25.0000000000;36.3750000000
1.9992000000;-6.7422000000;-0.1122000000;263.0962500000;62.7300000000;140.5687500000;11.7500000000;-23.8750000000;37.5000000000
0.0918000000;-6.5382000000;-0.2142000000;71.6550000000;45.9637500000;31.3012500000;7.0000000000;-18.6875000000;41.8750000000
2.7132000000;-0.0510000000;-6.8646000000;-63.3037500000;-81.2812500000;-65.6625000000;5.5000000000;-14.2500000000;42.3750000000
2.1522000000;-0.2040000000;-2.9376000000;-124.2487500000;10.0725000000;-29.0062500000;5.5000000000;-14.2500000000;42.3750000000
1.2546000000;-0.5100000000;-2.4378000000;-92.5650000000;1.5300000000;-57.6300000000;7.2500000000;-14.1875000000;42.7500000000
-1.0608000000;3.5190000000;-2.8050000000;-29.4525000000;-18.4875000000;-79.4962500000;8.0000000000;-18.5000000000;40.5000000000
-1.4484000000;3.8862000000;-5.1510000000;-22.3125000000;-87.7837500000;-33.9787500000;9.8750000000;-20.3750000000;39.6875000000
-2.0910000000;0.9894000000;-4.8246000000;-80.3250000000;-90.3975000000;-11.1562500000;12.7500000000;-20.3750000000;39.6875000000
-4.2126000000;1.3158000000;-4.4268000000;-79.3050000000;-89.7600000000;-22.8225000000;12.7500000000;-20.3750000000;39.6875000000
-4.3962000000;-0.0204000000;-3.2844000000;-105.4425000000;-97.5375000000;-31.3650000000;16.0625000000;-24.0625000000;36.8750000000
-7.3542000000;2.5398000000;-3.2538000000;-80.9625000000;-119.7862500000;-66.5550000000;19.0625000000;-26.1875000000;34.8750000000
-8.7516000000;2.6622000000;-2.5602000000;-81.9187500000;-128.9025000000;-70.3162500000;23.1875000000;-28.0625000000;31.0625000000
-10.9752000000;4.1310000000;-5.2020000000;-47.3662500000;-157.3350000000;-81.1537500000;27.8750000000;-28.8750000000;27.0625000000
-11.7708000000;3.7536000000;-4.5696000000;-106.5900000000;-148.2187500000;-70.4437500000;27.8750000000;-28.8750000000;27.0625000000
-13.8924000000;3.7128000000;-6.0588000000;-93.0112500000;-158.4187500000;-95.0512500000;32.6875000000;-28.0000000000;21.5625000000
-14.3616000000;5.1816000000;-4.4982000000;-90.7800000000;-131.7712500000;-98.0475000000;36.7500000000;-27.2500000000;14.0625000000
-14.9124000000;5.7528000000;-7.0482000000;-121.0612500000;-150.3862500000;-97.3462500000;39.3750000000;-25.1875000000;7.8750000000
-13.7496000000;4.9266000000;-5.1918000000;-96.5812500000;-120.9337500000;-105.6337500000;42.3750000000;-19.5625000000;1.5625000000
-14.4942000000;6.8748000000;-7.4358000000;25.9462500000;-135.9787500000;-98.6212500000;42.3750000000;-19.5625000000;1.5625000000
-13.6782000000;6.7626000000;-8.2110000000;-22.3125000000;-116.7262500000;-84.6600000000;42.3750000000;-15.5625000000;-3.5625000000
-11.9442000000;4.6818000000;-5.6100000000;-51.9562500000;-67.3200000000;-27.4762500000;44.5625000000;-11.8750000000;-9.0625000000
-10.9548000000;2.4990000000;-5.9364000000;-117.8100000000;-45.1987500000;-35.3812500000;44.1875000000;-8.8750000000;-11.0625000000
-11.8524000000;2.9478000000;-4.0494000000;-7.3312500000;-35.2537500000;-40.8637500000;43.5000000000;-6.2500000000;-14.5625000000
-10.0674000000;2.5296000000;-3.3762000000;13.8337500000;-8.7337500000;-23.7150000000;43.5000000000;-6.2500000000;-14.5625000000
-9.7104000000;3.2946000000;-1.8462000000;8.9887500000;1.5300000000;-43.7325000000;43.8750000000;-5.0625000000;-15.5000000000
-10.9344000000;5.7120000000;-1.5096000000;45.1987500000;2.5500000000;2.9962500000;43.5000000000;-3.2500000000;-15.8750000000
-10.7100000000;3.4680000000;-3.1110000000;10.2000000000;2.6137500000;32.0662500000;43.5000000000;-2.5000000000;-16.2500000000
-11.4750000000;1.4076000000;-5.8038000000;7.8412500000;20.2087500000;18.4875000000;42.6875000000;-4.7500000000;-15.8750000000
-13.2090000000;6.4362000000;-6.4770000000;155.8687500000;91.4812500000;24.4162500000;42.6875000000;-4.7500000000;-15.8750000000
-13.2396000000;4.9062000000;-8.6088000000;65.2162500000;87.2737500000;41.6925000000;44.5625000000;-6.5625000000;-14.2500000000
-14.2800000000;5.5998000000;-7.2726000000;92.0550000000;130.9425000000;56.7375000000;44.1875000000;-8.0625000000;-11.1875000000
-14.8614000000;3.2844000000;-6.9156000000;13.7062500000;139.9950000000;75.7987500000;44.1875000000;-10.5625000000;-4.5000000000
-14.8614000000;3.6006000000;-6.1302000000;60.2437500000;160.5862500000;78.9862500000;44.1875000000;-10.5625000000;-4.5000000000
-14.7186000000;1.9890000000;-5.2224000000;22.8862500000;163.1362500000;86.0625000000;43.5000000000;-14.0000000000;0.2500000000
-13.2906000000;2.2440000000;-5.7732000000;56.5462500000;166.4512500000;75.6075000000;42.0000000000;-17.3750000000;6.5625000000
-12.5358000000;1.3974000000;-4.6410000000;40.9275000000;163.7737500000;73.1850000000;40.0625000000;-20.3750000000;11.6875000000
-10.4550000000;1.7952000000;-4.8450000000;56.2275000000;157.4625000000;72.1012500000;37.5625000000;-22.8750000000;19.0625000000
-9.4962000000;1.0302000000;-4.5594000000;39.6525000000;142.7362500000;60.9450000000;37.5625000000;-22.8750000000;19.0625000000
-7.6296000000;1.4178000000;-4.1922000000;87.7200000000;140.6325000000;57.8212500000;32.6875000000;-25.0625000000;24.5000000000
-6.2832000000;0.6324000000;-5.1612000000;46.7925000000;107.2912500000;50.1712500000;28.3750000000;-26.0625000000;27.6875000000
-4.8348000000;1.4382000000;-5.9058000000;57.5025000000;99.0675000000;37.9950000000;24.0000000000;-25.0625000000;34.0000000000
-3.2028000000;0.3264000000;-4.9470000000;24.3525000000;90.6525000000;40.0987500000;19.8750000000;-25.0625000000;36.7500000000
-2.8560000000;1.2036000000;-5.3652000000;29.2612500000;82.3012500000;41.3100000000;19.8750000000;-25.0625000000;36.7500000000
-1.0200000000;-0.9894000000;-5.0694000000;42.1387500000;101.1712500000;64.5787500000;16.5625000000;-24.0000000000;38.0000000000
0.4182000000;-2.8968000000;-1.5402000000;197.6250000000;107.4187500000;65.9812500000;12.5000000000;-22.7500000000;38.6875000000
0.3876000000;2.2338000000;-6.5994000000;39.7800000000;59.9887500000;-2.7412500000;7.3750000000;-20.5625000000;40.6875000000
1.8870000000;-3.9678000000;-3.1314000000;61.0087500000;51.5737500000;23.7787500000;3.6875000000;-16.5625000000;43.5000000000
1.7748000000;1.9890000000;-5.8344000000;-68.4675000000;-25.6912500000;-57.1200000000;3.6875000000;-16.5625000000;43.5000000000
1.8972000000;0.9894000000;-5.6202000000;-81.1537500000;-19.8900000000;-29.8987500000;2.1875000000;-13.2500000000;44.1875000000
0.7752000000;2.9070000000;-5.1918000000;-22.3125000000;-32.0025000000;-35.1900000000;2.5625000000;-16.1875000000;42.6875000000
0.8262000000;1.6524000000;-5.7426000000;-52.4662500000;-47.4300000000;-10.0725000000;4.0625000000;-18.3750000000;42.7500000000
0.2142000000;0.8568000000;-3.9984000000;-79.5600000000;-48.7050000000;-15.1725000000;6.6875000000;-18.7500000000;42.0000000000
-0.9894000000;1.1424000000;-2.9478000000;-88.9312500000;-56.6100000000;-21.1012500000;6.6875000000;-18.7500000000;42.0000000000
-2.5602000000;0.5916000000;-2.0094000000;-105.6337500000;-74.5875000000;-39.2062500000;8.0625000000;-22.5000000000;39.2500000000
-4.4370000000;0.2244000000;-1.9380000000;-75.6075000000;-100.9800000000;-54.5062500000;11.0625000000;-24.6875000000;36.5000000000
-5.7630000000;0.3774000000;-1.1526000000;-56.6737500000;-141.0787500000;-83.8950000000;14.7500000000;-28.0625000000;35.2500000000
-9.6900000000;2.5092000000;-4.7634000000;-2.3587500000;-174.8662500000;-106.3987500000;19.8750000000;-30.5625000000;32.5000000000
-10.6998000000;3.5496000000;-4.3452000000;19.1887500000;-179.0737500000;-101.8725000000;19.8750000000;-30.5625000000;32.5000000000
-13.0662000000;4.5186000000;-6.2934000000;-41.4375000000;-195.3937500000;-72.8662500000;26.1875000000;-28.7500000000;28.5625000000
-13.8108000000;3.1620000000;-6.6402000000;-77.3925000000;-216.6225000000;-68.5950000000;32.5000000000;-25.7500000000;24.5625000000
-14.4228000000;3.3354000000;-10.8222000000;-30.9825000000;-209.0362500000;-73.6950000000;36.8750000000;-24.0000000000;16.7500000000
-14.5860000000;2.1012000000;-7.3032000000;-73.5037500000;-130.1137500000;-65.8537500000;41.0000000000;-22.0625000000;8.5000000000
-15.0552000000;2.4582000000;-7.8846000000;-103.1475000000;-136.2975000000;-109.3950000000;41.0000000000;-22.0625000000;8.5000000000
-12.9846000000;4.8654000000;-7.6602000000;40.5450000000;-89.0587500000;-78.7312500000;43.5625000000;-17.6875000000;3.0625000000
-12.6582000000;2.6316000000;-5.4672000000;-57.8212500000;-79.8150000000;-70.0612500000;45.0000000000;-14.2500000000;-2.7500000000
-12.1992000000;4.9164000000;-5.9262000000;-68.4675000000;-78.6037500000;-59.2875000000;45.0000000000;-12.0625000000;-5.5625000000
-12.1890000000;2.8152000000;-4.3656000000;-78.4125000000;-62.2200000000;-28.3687500000;45.7500000000;-7.0000000000;-7.8750000000
-11.4444000000;1.4178000000;-3.9270000000;-61.5187500000;-46.3462500000;-31.6837500000;45.7500000000;-7.0000000000;-7.8750000000
-10.2510000000;2.0298000000;-3.3660000000;-23.5237500000;-41.3100000000;-23.3325000000;45.0000000000;-4.0000000000;-10.6875000000
-11.8116000000;3.8760000000;-4.0902000000;6.7575000000;-55.2075000000;-50.5537500000;44.3750000000;-2.8750000000;-12.6875000000
-10.2000000000;5.4264000000;-5.4264000000;70.1887500000;-5.9287500000;-7.2037500000;44.3750000000;-1.0000000000;-15.5000000000
-10.9038000000;2.7336000000;-3.1314000000;-17.4675000000;34.6162500000;27.3487500000;44.0000000000;-0.1875000000;-15.8750000000
-11.9442000000;0.5100000000;-2.1318000000;-11.1562500000;40.2900000000;31.1100000000;44.0000000000;-0.1875000000;-15.8750000000
-11.7402000000;3.4986000000;-5.1102000000;103.4025000000;42.8400000000;10.3275000000;44.7500000000;-1.6875000000;-14.6875000000
-13.0152000000;5.8650000000;-6.3138000000;113.4750000000;75.1612500000;35.7000000000;44.3750000000;-4.2500000000;-12.3750000000
-13.3722000000;3.9882000000;-7.7010000000;35.1900000000;84.7875000000;55.7175000000;45.0625000000;-4.2500000000;-10.3750000000
-14.1882000000;4.1922000000;-7.8234000000;59.0962500000;129.9225000000;67.0012500000;44.7500000000;-7.5625000000;-7.5625000000
-15.0552000000;3.2436000000;-6.1200000000;23.2050000000;150.2587500000;83.1300000000;44.7500000000;-7.5625000000;-7.5625000000
-14.5146000000;1.6422000000;-6.0588000000;33.0862500000;158.3550000000;86.6362500000;44.3750000000;-12.3750000000;-3.6875000000
-14.2494000000;1.1730000000;-4.8756000000;13.8975000000;164.9850000000;89.5050000000;44.3750000000;-16.0625000000;3.3750000000
-12.8520000000;-0.4182000000;-4.5390000000;32.8312500000;159.6937500000;68.9775000000;41.7500000000;-17.8750000000;8.0625000000
-11.8116000000;1.9482000000;-5.0898000000;83.5762500000;164.8575000000;61.4550000000;39.2500000000;-23.8750000000;13.2500000000
-10.3326000000;1.5504000000;-5.4774000000;41.3100000000;158.6100000000;50.9362500000;39.2500000000;-23.8750000000;13.2500000000
-9.1596000000;1.8564000000;-5.1510000000;65.4712500000;151.5975000000;55.1437500000;35.8750000000;-23.8750000000;21.8750000000
-7.8234000000;1.3770000000;-6.4158000000;91.1625000000;133.6200000000;50.4262500000;31.7500000000;-24.5625000000;26.0625000000
-6.5178000000;0.8568000000;-6.6402000000;111.2437500000;140.3137500000;55.1437500000;27.5000000000;-24.5625000000;31.2500000000
-5.0796000000;0.2346000000;-5.4060000000;62.4750000000;131.8987500000;34.8075000000;27.5000000000;-24.5625000000;31.2500000000
-3.5088000000;0.5508000000;-4.7736000000;71.9100000000;123.3562500000;37.6125000000;23.0625000000;-21.5625000000;36.3750000000
-2.5296000000;-0.7650000000;-4.5594000000;63.9412500000;98.3025000000;35.3812500000;17.8750000000;-20.1875000000;38.6875000000
-1.7952000000;-0.9180000000;-4.5798000000;85.4250000000;86.8275000000;38.9512500000;13.5000000000;-17.7500000000;41.0000000000
0.8262000000;-4.6104000000;-0.9282000000;174.9300000000;107.4187500000;61.9012500000;8.8750000000;-14.5000000000;42.2500000000
1.1220000000;-0.0306000000;-4.7022000000;52.5300000000;41.4375000000;-40.5450000000;8.8750000000;-14.5000000000;42.2500000000
1.9380000000;-3.7638000000;-2.5296000000;75.4162500000;39.1425000000;-11.3475000000;5.2500000000;-9.0000000000;44.3750000000
2.2134000000;2.0910000000;-5.8242000000;-53.0400000000;-32.8312500000;-72.7387500000;4.0625000000;-6.3750000000;45.5000000000
2.1726000000;2.9988000000;-4.9062000000;-80.5162500000;-34.2975000000;-23.3962500000;3.7500000000;-4.5000000000;45.5000000000
0.9486000000;2.0094000000;-5.3346000000;-69.9337500000;-60.5625000000;11.4750000000;4.5000000000;-6.6875000000;44.7500000000
0.3774000000;1.8054000000;-7.0074000000;-54.8250000000;-87.5925000000;18.1050000000;4.5000000000;-6.6875000000;44.7500000000
0.3264000000;1.2444000000;-5.8140000000;-32.8312500000;-68.7862500000;21.2287500000;6.7500000000;-10.2500000000;44.3750000000
-1.0404000000;0.7446000000;-2.4276000000;-71.9737500000;-65.8537500000;17.0212500000;10.0625000000;-10.6875000000;42.5000000000
-3.5904000000;-0.0204000000;-2.9376000000;-86.3812500000;-111.1162500000;11.7937500000;12.2500000000;-14.3750000000;41.6875000000
-3.7536000000;-0.2652000000;-1.6626000000;-30.9825000000;-112.0725000000;-0.5737500000;15.5625000000;-18.5000000000;38.8750000000
-7.5990000000;-0.0816000000;-2.7846000000;-104.5500000000;-156.6975000000;-16.1287500000;15.5625000000;-18.5000000000;38.8750000000
-7.0788000000;-0.6528000000;-4.5390000000;-14.8537500000;-157.6537500000;-41.8200000000;19.2500000000;-20.2500000000;37.2500000000
-11.9136000000;1.7748000000;-4.4166000000;-1.9125000000;-155.6137500000;-65.2162500000;24.0625000000;-23.5625000000;34.1875000000
-11.6382000000;0.9588000000;-6.7116000000;-17.9137500000;-191.6325000000;-42.9675000000;29.5625000000;-21.6875000000;30.0000000000
-14.1474000000;-0.6324000000;-5.5386000000;-27.8587500000;-174.0375000000;-49.1512500000;34.7500000000;-20.5000000000;25.5625000000
-15.0756000000;1.1220000000;-8.4456000000;-100.6612500000;-207.5062500000;-79.1775000000;34.7500000000;-20.5000000000;25.5625000000
-14.3718000000;0.7242000000;-7.4868000000;0.9562500000;-146.5612500000;-68.0212500000;38.5000000000;-19.3750000000;18.5000000000
-17.2890000000;2.3358000000;-7.1094000000;-112.5187500000;-162.9450000000;-117.6187500000;42.6875000000;-16.5000000000;12.1875000000
-13.6782000000;1.1628000000;-10.6182000000;-33.7237500000;-163.3275000000;-69.7425000000;44.3750000000;-12.7500000000;7.1875000000
-13.1988000000;0.3672000000;-7.5888000000;-5.8012500000;-92.1187500000;-70.5075000000;45.5000000000;-8.6875000000;-0.2500000000
-14.4228000000;2.9886000000;-6.1710000000;-22.6950000000;-86.9550000000;-74.4600000000;45.5000000000;-8.6875000000;-0.2500000000
-12.5868000000;1.1424000000;-6.2424000000;-16.1287500000;-70.7625000000;-28.4325000000;46.2500000000;-5.0000000000;-5.0000000000
-11.3832000000;0.8364000000;-6.0588000000;-20.3362500000;-60.6262500000;-16.2562500000;46.3750000000;-1.5625000000;-7.7500000000
-11.0262000000;-0.8058000000;-4.0902000000;-62.8575000000;-39.3337500000;-18.2962500000;46.0000000000;0.1875000000;-10.1875000000
-10.5978000000;0.7038000000;-4.1106000000;17.8500000000;-39.0150000000;-34.9987500000;45.1875000000;0.8750000000;-12.1875000000
-9.9348000000;0.0510000000;-2.4276000000;69.6150000000;-5.8650000000;-4.6537500000;45.1875000000;0.8750000000;-12.1875000000
-9.6288000000;-1.0506000000;-0.7242000000;0.3187500000;2.8687500000;4.1437500000;45.1875000000;2.7500000000;-13.6875000000
-9.5880000000;-1.7340000000;0.9384000000;-22.7587500000;27.6037500000;16.3200000000;44.5000000000;0.8750000000;-13.2500000000
-10.0878000000;-1.8972000000;2.0910000000;-13.4512500000;18.6787500000;7.7775000000;44.5000000000;0.5000000000;-12.8750000000
-9.6798000000;-1.6626000000;0.9384000000;24.4162500000;-7.2675000000;-2.6137500000;44.8750000000;1.2500000000;-14.0625000000
-9.8838000000;-0.7344000000;-0.3876000000;62.4750000000;-22.1212500000;1.0200000000;44.8750000000;1.2500000000;-14.0625000000
-9.9654000000;-0.6324000000;-1.9074000000;23.3325000000;-13.2600000000;-0.7650000000;44.5000000000;0.5000000000;-12.5000000000
-10.2510000000;-1.0404000000;-1.0608000000;4.3987500000;4.0162500000;8.9887500000;44.8750000000;0.5000000000;-13.6875000000
-9.8124000000;-1.7238000000;-0.2652000000;-15.8737500000;2.8687500000;6.4387500000;45.1875000000;0.8750000000;-14.8750000000
-9.7512000000;-1.7850000000;0.1326000000;-4.5900000000;3.3787500000;3.7612500000;44.8750000000;0.1875000000;-14.0625000000
-9.5268000000;-1.4586000000;0.0102000000;-10.9650000000;0.8925000000;-0.3825000000;44.8750000000;0.1875000000;-14.0625000000
-9.8328000000;-1.5504000000;0.6222000000;-13.6425000000;6.6937500000;-1.0837500000;44.8750000000;0.1875000000;-13.6875000000
-9.6288000000;-1.4586000000;0.3570000000;-2.9325000000;-3.6975000000;-7.8412500000;45.1875000000;0.1875000000;-14.0625000000
-10.1286000000;0.0714000000;-0.3264000000;1.3387500000;-6.0562500000;-6.1200000000;45.1875000000;0.5000000000;-13.6875000000
-9.7206000000;-1.4790000000;-0.5610000000;-18.8062500000;-3.9525000000;5.8650000000;44.8750000000;0.8750000000;-12.8750000000
-10.0878000000;-0.7344000000;0.0204000000;5.2275000000;-0.1912500000;-3.1237500000;44.8750000000;0.8750000000;-12.8750000000
-9.9756000000;-1.1832000000;-0.3774000000;0.2550000000;-2.0400000000;3.6975000000;45.1875000000;0.5000000000;-14.0625000000
-9.7206000000;-1.9074000000;-0.1938000000;-9.8175000000;1.1475000000;-3.8250000000;45.1875000000;2.0000000000;-13.2500000000
-9.9450000000;-1.1424000000;0.4590000000;2.8050000000;2.8687500000;-6.3750000000;44.8750000000;1.2500000000;-12.8750000000
-9.7716000000;-1.1424000000;-0.1734000000;-3.1237500000;-2.2950000000;-0.8287500000;44.8750000000;0.8750000000;-13.6875000000
-9.7716000000;-1.6524000000;-0.3876000000;-4.3350000000;0.2550000000;-2.5500000000;44.8750000000;0.8750000000;-13.6875000000
-9.9756000000;-1.0302000000;0.0204000000;-1.7212500000;-0.8287500000;-2.4862500000;45.1875000000;0.8750000000;-14.5000000000
-9.9042000000;-1.0404000000;-0.0306000000;6.3112500000;-0.7012500000;2.4862500000;45.1875000000;2.0000000000;-13.6875000000
-9.6594000000;-1.7544000000;-0.2448000000;0.4462500000;-1.6575000000;3.0600000000;44.8750000000;1.2500000000;-13.6875000000
-9.9144000000;-1.2954000000;0.0306000000;-0.8925000000;0.1912500000;-2.4225000000;44.8750000000;1.2500000000;-13.6875000000
-9.8226000000;-1.5504000000;-0.1326000000;-1.9762500000;-1.1475000000;0.0000000000;44.8750000000;-0.5625000000;-12.8750000000
-9.9654000000;-1.3056000000;0.0000000000;-5.0362500000;0.7650000000;-2.1675000000;44.5000000000;2.0000000000;-14.0625000000
-9.8940000000;-1.1526000000;-0.1734000000;-5.5462500000;-0.6375000000;-1.0837500000;44.5000000000;1.6875000000;-14.8750000000
-9.7614000000;-1.3770000000;-0.1938000000;-3.5062500000;-1.4662500000;0.7650000000;44.5000000000;-0.1875000000;-14.5000000000
-9.8124000000;-1.5300000000;-0.1734000000;1.5300000000;-1.9762500000;0.7012500000;44.5000000000;-0.1875000000;-14.5000000000
-9.6390000000;-1.5606000000;-0.1632000000;-4.8450000000;0.2550000000;-3.0600000000;44.5000000000;2.0000000000;-14.5000000000
-9.9756000000;-0.9282000000;0.2754000000;2.6137500000;1.2112500000;-1.4662500000;44.0625000000;2.0000000000;-12.5000000000
-9.5982000000;-1.6218000000;-0.2244000000;5.2275000000;-1.7850000000;1.8487500000;44.5000000000;1.2500000000;-14.0625000000
-9.8838000000;-1.4076000000;-0.2958000000;6.6937500000;-1.3387500000;-0.7650000000;44.8750000000;0.8750000000;-13.2500000000
-9.8022000000;-1.5096000000;-0.0918000000;-3.3150000000;1.2750000000;-0.5100000000;44.8750000000;0.8750000000;-13.2500000000
-9.7104000000;-1.5402000000;-0.0102000000;-0.2550000000;0.9562500000;0.9562500000;44.8750000000;1.6875000000;-13.6875000000
-9.8430000000;-1.5708000000;-0.2652000000;0.8287500000;-0.7650000000;0.0000000000;44.5000000000;0.5000000000;-12.8750000000
-9.8022000000;-1.3974000000;-0.0612000000;-6.6300000000;1.2750000000;-2.5500000000;44.5000000000;-0.5625000000;-13.6875000000
-9.9348000000;-1.3158000000;0.0918000000;2.0400000000;1.0837500000;-1.0200000000;44.8750000000;1.2500000000;-13.6875000000
-9.8532000000;-1.3260000000;-0.0102000000;5.9925000000;0.2550000000;-0.4462500000;44.8750000000;1.2500000000;-13.6875000000
-9.8022000000;-1.1016000000;0.0408000000;1.2750000000;0.5737500000;-1.4662500000;45.1875000000;2.3750000000;-14.5000000000
-9.8532000000;-1.4382000000;-0.3570000000;31.8750000000;-0.5100000000;1.4025000000;44.8750000000;2.0000000000;-12.8750000000
-9.6288000000;-1.3158000000;-0.1122000000;65.7262500000;3.2512500000;-2.2950000000;44.5000000000;2.0000000000;-13.2500000000
-9.8226000000;-0.6018000000;-0.1938000000;41.1187500000;2.1037500000;-3.1237500000;44.5000000000;0.1875000000;-12.8750000000
-10.0674000000;-1.1934000000;0.1836000000;45.8362500000;2.1037500000;13.9612500000;44.5000000000;0.1875000000;-12.8750000000
-9.7818000000;-2.1930000000;-0.0408000000;74.3325000000;4.3350000000;19.0612500000;45.1875000000;-0.1875000000;-12.8750000000
-9.9552000000;-1.2036000000;-0.1836000000;58.1400000000;6.3112500000;4.8450000000;44.8750000000;-0.5625000000;-13.6875000000
-9.6798000000;-1.3260000000;-0.0714000000;34.8075000000;9.8812500000;4.2075000000;45.1875000000;-2.7500000000;-11.6875000000
-9.9654000000;-1.3158000000;0.1938000000;65.9175000000;10.6462500000;5.9925000000;45.1875000000;-3.1875000000;-13.2500000000
-9.8124000000;-0.9588000000;0.1326000000;49.5337500000;7.9050000000;1.0837500000;45.1875000000;-3.1875000000;-13.2500000000
-9.7206000000;-0.8568000000;-0.0714000000;-2.4862500000;6.0562500000;-4.6537500000;45.1875000000;-3.8750000000;-12.1875000000
-9.8022000000;-1.0812000000;-0.0204000000;-5.1000000000;4.5262500000;-4.5900000000;45.1875000000;-6.0625000000;-10.5625000000
-9.9960000000;-0.8364000000;0.1020000000;-10.3275000000;-1.5300000000;-2.5500000000;45.5625000000;-4.6875000000;-11.0000000000
-9.8226000000;-1.4484000000;-0.2856000000;3.1875000000;-2.1037500000;-0.2550000000;45.5625000000;-4.0000000000;-10.5625000000
-9.9246000000;-0.8772000000;-0.1734000000;18.8700000000;1.9762500000;1.2112500000;45.5625000000;-4.0000000000;-10.5625000000
-9.7308000000;-1.0710000000;-0.4182000000;-10.5825000000;0.8287500000;-1.7850000000;45.1875000000;-4.0000000000;-11.3750000000
-9.9246000000;-1.0302000000;-0.1122000000;9.3075000000;2.1037500000;-1.7212500000;45.1875000000;-4.6875000000;-11.3750000000
-9.9246000000;-1.0200000000;-0.0510000000;9.8175000000;2.9325000000;0.7012500000;45.5625000000;-3.5625000000;-11.7500000000
-9.9246000000;-1.4790000000;0.0306000000;1.3387500000;2.9962500000;0.6375000000;45.1875000000;-4.6875000000;-11.0000000000
-9.9042000000;-0.9180000000;0.0204000000;8.4150000000;1.6575000000;0.2550000000;45.1875000000;-4.6875000000;-11.0000000000
-9.8226000000;-1.1322000000;-0.1020000000;-9.2437500000;-1.4662500000;2.9962500000;44.5000000000;-3.5625000000;-11.2500000000
-9.9348000000;-1.4790000000;0.0510000000;-7.0125000000;-1.0837500000;-2.1675000000;46.0000000000;-4.6875000000;-10.5000000000
-9.8634000000;-0.9792000000;-0.2142000000;6.3750000000;-1.4662500000;-2.8050000000;44.8750000000;-4.6875000000;-10.1875000000
-9.8634000000;-0.9588000000;-0.3264000000;-4.0800000000;-1.9762500000;0.4462500000;46.0000000000;-4.6875000000;-11.7500000000
-9.8838000000;-1.3056000000;-0.1836000000;-5.2275000000;1.5937500000;-1.9762500000;46.0000000000;-4.6875000000;-11.7500000000
-10.0062000000;-0.7752000000;0.0000000000;1.8487500000;0.4462500000;-1.4025000000;45.5625000000;-4.6875000000;-11.0625000000
-9.7920000000;-1.2954000000;-0.2958000000;-3.9525000000;-0.8925000000;3.7612500000;45.5625000000;-4.3750000000;-11.3750000000
-9.7716000000;-1.2954000000;-0.0918000000;-1.8487500000;0.3825000000;-0.3187500000;44.8750000000;-4.0000000000;-10.2500000000
-9.9042000000;-1.1016000000;-0.1530000000;6.3112500000;0.0000000000;-1.5937500000;45.1875000000;-4.0000000000;-10.6875000000
-9.8430000000;-0.9486000000;-0.0816000000;0.4462500000;0.0637500000;1.5300000000;45.1875000000;-4.0000000000;-10.6875000000
-9.9246000000;-1.2138000000;-0.1326000000;-1.4662500000;-0.7650000000;0.8287500000;44.8750000000;-4.0000000000;-11.3750000000
-9.8328000000;-1.1424000000;-0.2040000000;0.5100000000;0.0637500000;-0.7012500000;45.5625000000;-4.0000000000;-11.0625000000
-9.7920000000;-1.2852000000;-0.2346000000;-2.5500000000;-0.3825000000;-0.8287500000;44.8750000000;-4.6875000000;-10.6875000000
-9.8124000000;-1.2342000000;-0.1938000000;8.7337500000;1.8487500000;-2.1675000000;45.1875000000;-4.0000000000;-10.2500000000
-9.9756000000;-0.8976000000;-0.0204000000;-0.7650000000;-1.7212500000;0.1275000000;45.1875000000;-4.0000000000;-10.2500000000
-9.6696000000;-1.3566000000;-0.3978000000;-2.6775000000;0.5100000000;-1.6575000000;45.1875000000;-4.3750000000;-10.2500000000
-9.9552000000;-1.1118000000;-0.0918000000;4.9725000000;-0.1275000000;0.3187500000;45.5625000000;-4.3750000000;-11.0625000000
-9.8124000000;-1.4280000000;-0.1938000000;5.3550000000;-0.4462500000;-2.2950000000;45.1875000000;-4.3750000000;-10.2500000000
-9.9246000000;-0.9282000000;-0.1326000000;3.4425000000;2.2312500000;-4.9725000000;45.1875000000;-4.3750000000;-10.2500000000
-9.8022000000;-1.0098000000;-0.0510000000;-3.6975000000;0.8287500000;-0.6375000000;45.1875000000;-5.0625000000;-10.6875000000
-9.8940000000;-1.1526000000;-0.0510000000;-5.3550000000;0.2550000000;0.8287500000;45.1875000000;-4.3750000000;-10.6875000000
-9.7206000000;-1.3668000000;-0.1734000000;3.0600000000;0.6375000000;-1.4662500000;45.1875000000;-4.0000000000;-11.3750000000
-9.9552000000;-0.8058000000;-0.2448000000;2.4225000000;-0.3825000000;-0.2550000000;45.5625000000;-5.7500000000;-11.0625000000
-9.8022000000;-1.5198000000;-0.1632000000;-2.8050000000;0.8287500000;0.8287500000;44.8750000000;-4.6875000000;-10.2500000000
-9.9552000000;-0.9078000000;-0.0816000000;12.4950000000;0.2550000000;-1.6575000000;44.8750000000;-4.6875000000;-10.2500000000
-9.8022000000;-1.1526000000;-0.1836000000;0.8925000000;-1.1475000000;1.9762500000;46.0000000000;-6.1875000000;-10.5625000000
-9.7512000000;-1.3260000000;-0.1734000000;-0.8925000000;0.3825000000;-0.2550000000;45.1875000000;-6.1875000000;-11.0625000000
-9.8634000000;-1.2852000000;-0.0714000000;1.5937500000;0.3825000000;1.0200000000;45.5625000000;-4.3750000000;-10.2500000000
-9.8532000000;-1.4688000000;-0.1836000000;-1.3387500000;-0.0637500000;0.5737500000;45.5625000000;-4.3750000000;-10.2500000000
-9.8634000000;-1.2852000000;-0.1734000000;-0.6375000000;0.4462500000;-1.9762500000;45.5625000000;-4.0000000000;-11.0625000000
-9.8736000000;-1.2036000000;-0.0714000000;5.5462500000;0.1912500000;-1.4025000000;45.1875000000;-5.7500000000;-11.0625000000
-9.8124000000;-1.3974000000;-0.3672000000;-5.0362500000;-0.5737500000;-1.3387500000;45.5625000000;-4.0000000000;-10.2500000000
-9.9756000000;-1.0098000000;-0.0714000000;1.0200000000;2.6137500000;-2.9325000000;45.1875000000;-4.0000000000;-10.2500000000
-9.7818000000;-1.1322000000;-0.1734000000;0.3825000000;0.6375000000;-0.3825000000;45.1875000000;-4.0000000000;-10.2500000000
-9.9654000000;-0.8976000000;-0.1224000000;2.4225000000;0.1912500000;0.3825000000;45.1875000000;-4.0000000000;-11.3750000000
-9.7308000000;-1.3872000000;-0.2856000000;-1.9125000000;-0.0637500000;0.9562500000;45.1875000000;-4.0000000000;-10.5625000000
-9.9858000000;-0.8772000000;0.0000000000;5.4825000000;-0.4462500000;0.5100000000;45.5625000000;-3.5625000000;-11.3750000000
-9.8022000000;-1.6014000000;-0.3162000000;-1.1475000000;-1.4025000000;2.8687500000;45.5625000000;-3.5625000000;-11.0625000000
-9.8532000000;-1.0914000000;-0.0510000000;10.7100000000;1.9762500000;-0.7650000000;45.5625000000;-3.5625000000;-11.0625000000
-9.7308000000;-1.5606000000;-0.2346000000;-3.8250000000;-1.6575000000;0.3825000000;45.5625000000;-4.0000000000;-10.2500000000
-9.8940000000;-1.0914000000;-0.1122000000;2.9325000000;0.7650000000;-1.9125000000;46.0000000000;-3.5625000000;-11.0625000000
-9.8532000000;-1.3362000000;-0.1938000000;0.0637500000;-0.5100000000;1.4025000000;45.5625000000;-4.0000000000;-10.2500000000
-9.8328000000;-1.4280000000;-0.1632000000;0.7650000000;0.0000000000;-1.5300000000;46.0000000000;-3.5625000000;-9.8750000000
-9.9246000000;-1.0302000000;-0.2550000000;0.0000000000;-0.3825000000;-1.7212500000;46.0000000000;-3.5625000000;-9.8750000000
-9.8226000000;-1.3158000000;-0.1734000000;-5.2912500000;0.3825000000;0.8925000000;45.5625000000;-4.0000000000;-10.2500000000
-9.8634000000;-1.3770000000;-0.1836000000;-1.4662500000;0.1912500000;-0.7650000000;45.1875000000;-4.3750000000;-10.5625000000
-9.9144000000;-1.2444000000;-0.2856000000;-0.1912500000;1.1475000000;-2.1037500000;45.1875000000;-4.3750000000;-10.5625000000
-9.7920000000;-1.2036000000;-0.1020000000;0.5737500000;2.3587500000;-3.8250000000;44.8750000000;-4.3750000000;-10.5625000000
-9.9552000000;-0.9486000000;0.0000000000;0.1912500000;-0.1275000000;-0.7012500000;44.8750000000;-4.3750000000;-10.5625000000
-9.7308000000;-1.4382000000;-0.1734000000;-2.6137500000;-0.7012500000;-0.0637500000;46.0000000000;-4.0000000000;-10.2500000000
-9.9552000000;-1.0200000000;-0.0918000000;0.3187500000;-2.1675000000;-0.1275000000;45.1875000000;-4.3750000000;-11.3750000000
-9.7308000000;-1.6116000000;-0.3468000000;-1.3387500000;-2.4862500000;1.8487500000;44.8750000000;-5.3750000000;-11.7500000000
-9.9348000000;-1.1628000000;0.0510000000;0.0000000000;0.3825000000;-2.1037500000;45.5625000000;-4.3750000000;-11.7500000000
-9.7818000000;-1.3872000000;-0.1734000000;-5.7375000000;-2.2312500000;-0.7012500000;45.5625000000;-4.3750000000;-11.7500000000
-9.9552000000;-1.2342000000;-0.0102000000;-4.1437500000;-1.2112500000;0.1912500000;46.0000000000;-4.0000000000;-11.2500000000
-9.8736000000;-1.6014000000;-0.1632000000;-8.0962500000;-3.5062500000;0.3187500000;45.5625000000;-3.1875000000;-10.1875000000
-9.8022000000;-1.1832000000;-0.4182000000;-1.1475000000;-1.7212500000;-2.6775000000;46.0000000000;-4.3750000000;-11.0625000000
-10.0062000000;-1.0710000000;-0.2856000000;-5.4187500000;-0.8287500000;0.3825000000;45.5625000000;-3.1875000000;-10.5625000000
-10.0878000000;-1.3566000000;-0.5508000000;3.3150000000;0.2550000000;-2.4225000000;45.5625000000;-3.1875000000;-10.5625000000
-10.4550000000;-0.8262000000;-1.8972000000;-1.9762500000;8.7975000000;-12.2400000000;45.5625000000;-4.0000000000;-10.5625000000
-10.8732000000;0.0408000000;-3.7740000000;-7.2037500000;1.9125000000;-4.4625000000;45.1875000000;-2.8750000000;-11.0625000000
-10.9140000000;-1.1526000000;-7.4562000000;11.9212500000;2.5500000000;12.3675000000;46.3750000000;-2.8750000000;-11.3750000000
-11.3526000000;-1.8768000000;-6.3138000000;26.9662500000;69.5512500000;3.4425000000;45.1875000000;-3.1875000000;-10.5625000000
-13.3314000000;1.3158000000;-6.3954000000;-1.5300000000;76.6912500000;-2.1675000000;45.1875000000;-3.1875000000;-10.5625000000
-13.0764000000;0.2550000000;-10.0878000000;0.5737500000;76.9462500000;7.5862500000;46.0000000000;-4.0000000000;-7.5000000000
-14.6268000000;2.8356000000;-8.2620000000;84.9787500000;156.5062500000;39.8437500000;46.0000000000;-4.3750000000;-4.3750000000
-14.7798000000;0.8568000000;-11.2812000000;-10.9012500000;161.7337500000;41.3737500000;46.6875000000;-5.3750000000;-0.7500000000
-17.4216000000;-0.7752000000;-7.0278000000;51.3825000000;235.7475000000;74.5237500000;46.3750000000;-8.0625000000;6.1875000000
-14.3310000000;-1.2954000000;-1.0098000000;-69.3600000000;220.0012500000;61.7737500000;46.3750000000;-8.0625000000;6.1875000000
-12.1992000000;-6.1506000000;2.8254000000;-26.2650000000;151.0875000000;67.7025000000;44.5000000000;-11.3750000000;15.6875000000
-6.6198000000;-3.8658000000;4.8960000000;32.1937500000;137.0625000000;-3.5700000000;39.7500000000;-15.0625000000;20.7500000000
-6.4362000000;0.2856000000;4.2840000000;38.1225000000;93.4575000000;-1.4025000000;37.1875000000;-17.2500000000;25.5625000000
-5.1306000000;-1.6932000000;-0.6528000000;17.1487500000;30.6637500000;6.1837500000;37.1875000000;-17.2500000000;25.5625000000
-5.5284000000;-0.3774000000;-3.9984000000;62.2837500000;24.6712500000;-6.8850000000;35.0000000000;-16.1875000000;28.6875000000
-5.4570000000;-0.1224000000;-5.7120000000;-11.2200000000;-4.6537500000;-8.3512500000;33.8750000000;-15.7500000000;29.8750000000
-5.4876000000;-0.8568000000;-6.2832000000;11.1562500000;-4.9087500000;-6.5025000000;32.6875000000;-15.7500000000;32.0625000000
-5.4264000000;-0.3264000000;-6.9054000000;16.5112500000;-14.0250000000;-2.1675000000;34.2500000000;-15.3750000000;31.0000000000
-5.9670000000;-0.1428000000;-7.0278000000;6.1200000000;-2.7412500000;-10.0725000000;34.2500000000;-15.3750000000;31.0000000000
-6.2118000000;-0.1224000000;-6.4056000000;6.3750000000;-11.5387500000;-2.2950000000;33.7500000000;-14.2500000000;31.0000000000
-6.4362000000;0.4590000000;-8.2212000000;8.0325000000;-30.2175000000;-9.8175000000;34.5000000000;-14.2500000000;29.7500000000
-6.2934000000;-0.1632000000;-8.6904000000;27.0300000000;-22.8225000000;-1.2750000000;34.8750000000;-12.0625000000;30.5625000000
-6.6708000000;-0.3366000000;-8.7414000000;2.1037500000;-20.5912500000;3.8250000000;35.2500000000;-12.8750000000;29.7500000000
-6.4056000000;-0.8568000000;-9.2004000000;0.4462500000;-7.3312500000;1.3387500000;35.2500000000;-12.8750000000;29.7500000000
-6.7422000000;-1.0302000000;-7.4970000000;2.9325000000;5.1000000000;1.7212500000;36.3750000000;-12.5000000000;29.3750000000
-6.5076000000;-0.8364000000;-7.3848000000;5.9925000000;1.7850000000;-3.1875000000;35.6875000000;-12.5000000000;28.1875000000
-6.3852000000;-0.6018000000;-7.6704000000;9.4350000000;1.2112500000;-2.2312500000;35.2500000000;-12.0625000000;29.7500000000
-6.3240000000;-0.8466000000;-7.5174000000;-9.1162500000;1.3387500000;-3.8887500000;35.2500000000;-12.8750000000;29.0000000000
-6.5790000000;-0.5916000000;-6.8952000000;13.9612500000;4.7175000000;-4.9087500000;35.2500000000;-12.8750000000;29.0000000000
-6.3240000000;-0.6018000000;-7.9968000000;6.6937500000;-8.6700000000;0.3825000000;36.3750000000;-12.5000000000;29.0000000000
-6.5076000000;-0.8466000000;-7.9050000000;2.0400000000;0.0000000000;1.4025000000;36.0000000000;-12.5000000000;29.3750000000
-6.5994000000;-0.9792000000;-7.5174000000;-7.5225000000;-2.4862500000;0.9562500000;35.2500000000;-11.3750000000;29.7500000000
-6.5382000000;-0.8976000000;-7.8642000000;8.5425000000;-3.1875000000;-3.1237500000;36.3750000000;-11.0000000000;29.0000000000
-6.6708000000;-0.5100000000;-7.9050000000;2.5500000000;-0.0637500000;-0.1275000000;36.3750000000;-11.0000000000;29.0000000000
-6.2424000000;-1.3056000000;-7.9254000000;-15.4912500000;-2.8050000000;-0.5737500000;36.3750000000;-11.3750000000;28.5625000000
-6.7728000000;-0.6834000000;-7.2216000000;7.1400000000;1.4025000000;-0.8287500000;36.3750000000;-12.0625000000;29.0000000000
-6.4056000000;-0.9996000000;-7.4562000000;-4.2712500000;-5.6737500000;1.1475000000;36.0000000000;-12.5000000000;28.1875000000
-6.6300000000;-0.7446000000;-7.2012000000;13.3875000000;-2.4225000000;-1.8487500000;36.3750000000;-12.0625000000;28.5625000000
-6.3750000000;-1.1016000000;-7.9050000000;-12.5587500000;-6.7575000000;-0.7650000000;36.3750000000;-12.0625000000;28.5625000000
-6.7626000000;-0.5610000000;-7.2522000000;4.3350000000;2.2312500000;-2.3587500000;36.0000000000;-11.3750000000;29.0000000000
-6.6708000000;-0.9792000000;-7.5480000000;-0.3187500000;-6.2475000000;1.6575000000;36.0000000000;-12.0625000000;29.3750000000
-6.7014000000;-0.6018000000;-7.9560000000;0.8287500000;-4.9087500000;-1.7850000000;37.0625000000;-9.8750000000;27.7500000000
-6.6096000000;-1.0200000000;-7.7112000000;-4.7175000000;-0.5737500000;2.4225000000;36.3750000000;-10.5625000000;27.7500000000
-6.6300000000;-1.2138000000;-7.6806000000;-6.1200000000;0.2550000000;-1.7212500000;36.3750000000;-10.5625000000;27.7500000000
-6.8544000000;-0.6222000000;-7.2216000000;13.3875000000;4.6537500000;-3.6337500000;37.0625000000;-12.5000000000;28.1875000000
-6.4668000000;-1.0200000000;-7.6500000000;-6.0562500000;-1.4662500000;-0.8287500000;37.5000000000;-12.0625000000;29.0000000000
-6.6300000000;-0.8466000000;-7.3746000000;4.0800000000;3.8250000000;-1.2112500000;36.6875000000;-11.6875000000;27.3750000000
-6.6300000000;-0.7956000000;-7.2114000000;0.2550000000;-1.7850000000;0.8287500000;37.0625000000;-12.0625000000;28.1875000000
-6.5892000000;-0.8670000000;-7.6398000000;-0.0637500000;-0.1912500000;0.7012500000;37.0625000000;-12.0625000000;28.1875000000
-6.5892000000;-0.9282000000;-7.3236000000;-1.7850000000;1.7212500000;0.3825000000;36.0000000000;-10.1875000000;27.7500000000
-6.6300000000;-0.9792000000;-7.1196000000;1.7212500000;-2.0400000000;-1.2112500000;37.8750000000;-11.0000000000;28.2500000000
-6.5790000000;-0.6222000000;-7.5378000000;7.2675000000;-0.1912500000;0.2550000000;37.0625000000;-12.0625000000;29.3750000000
-6.6300000000;-1.0608000000;-7.2624000000;-7.3312500000;-2.1675000000;1.4662500000;37.0625000000;-12.0625000000;28.2500000000
-6.6198000000;-1.1934000000;-7.4256000000;8.9250000000;-3.9525000000;-1.2112500000;37.0625000000;-12.0625000000;28.2500000000
-6.7830000000;-0.6018000000;-7.4562000000;-2.1675000000;-3.0600000000;0.0000000000;36.6875000000;-9.8750000000;27.7500000000
-6.7320000000;-1.2036000000;-7.3848000000;-1.9762500000;-0.8287500000;-0.1912500000;36.6875000000;-9.8750000000;29.0000000000
-6.7218000000;-0.8874000000;-7.3542000000;3.9525000000;-3.6975000000;-1.3387500000;36.6875000000;-11.0000000000;29.0000000000
-6.6810000000;-1.1016000000;-7.4868000000;0.0000000000;-4.3350000000;-0.5737500000;37.5000000000;-9.5000000000;27.7500000000
-6.6912000000;-0.7956000000;-7.4766000000;6.3112500000;-2.2950000000;-0.8287500000;37.5000000000;-9.5000000000;27.7500000000
-6.5892000000;-1.1424000000;-7.7010000000;-6.1837500000;-0.9562500000;-2.1037500000;37.8750000000;-10.5625000000;28.2500000000
-6.7932000000;-0.6834000000;-7.2216000000;4.8450000000;0.0637500000;-1.4025000000;37.8750000000;-10.5625000000;28.5625000000
-6.7626000000;-0.8670000000;-7.5582000000;-4.8450000000;-3.3150000000;1.5300000000;37.5000000000;-9.8750000000;27.7500000000
-6.6708000000;-1.3566000000;-7.6092000000;-0.7650000000;0.7012500000;-2.1675000000;36.6875000000;-11.3750000000;28.5625000000
-6.8646000000;-0.8772000000;-7.3134000000;-0.4462500000;1.0200000000;-0.7650000000;36.6875000000;-11.3750000000;28.5625000000
-6.7626000000;-1.1934000000;-7.3950000000;1.8487500000;-0.8287500000;-1.0837500000;37.0625000000;-11.3750000000;28.1875000000
-6.6198000000;-1.0404000000;-7.5378000000;3.6975000000;1.7212500000;-2.8687500000;37.0625000000;-9.5000000000;27.5000000000
-6.7218000000;-0.7956000000;-7.4052000000;-2.9325000000;0.9562500000;-1.1475000000;37.8750000000;-10.5625000000;27.7500000000
-6.6300000000;-1.1934000000;-7.2318000000;3.1237500000;1.0200000000;-2.2312500000;37.5000000000;-11.0000000000;28.1875000000
-6.6606000000;-0.9078000000;-7.3236000000;1.5300000000;-0.2550000000;-2.1037500000;37.5000000000;-11.0000000000;28.1875000000
-6.7116000000;-0.9282000000;-7.4766000000;-0.8287500000;-1.6575000000;1.4662500000;38.1875000000;-11.3750000000;27.5000000000
-6.7932000000;-1.1220000000;-7.2726000000;0.1912500000;-1.9762500000;-0.2550000000;37.5000000000;-11.0000000000;28.5625000000
-6.7218000000;-0.8670000000;-7.4460000000;2.2950000000;0.0637500000;-1.6575000000;37.8750000000;-9.1875000000;26.5625000000
-6.7116000000;-0.9996000000;-7.4970000000;-0.1912500000;0.8287500000;1.4025000000;37.8750000000;-9.1875000000;26.5625000000
-6.7320000000;-1.2036000000;-7.2012000000;-2.4225000000;-1.4025000000;1.2112500000;37.5000000000;-8.7500000000;28.1875000000
-6.7524000000;-1.0812000000;-7.6398000000;2.6775000000;-1.6575000000;0.3187500000;37.5000000000;-11.0000000000;28.1875000000
-6.5586000000;-1.2036000000;-7.5582000000;-1.7212500000;0.9562500000;-1.0200000000;36.3750000000;-9.8750000000;28.1875000000
-6.7932000000;-0.8874000000;-7.2726000000;2.2950000000;1.0200000000;0.0637500000;36.3750000000;-9.5000000000;27.3750000000
-6.5484000000;-1.5096000000;-7.4868000000;-1.8487500000;-0.9562500000;-0.3187500000;36.3750000000;-9.5000000000;27.3750000000
-6.7932000000;-0.7956000000;-7.1808000000;2.8050000000;1.9762500000;-0.4462500000;37.8750000000;-11.0000000000;28.1875000000
-6.6198000000;-1.3464000000;-7.6500000000;-4.5262500000;-2.9325000000;0.9562500000;37.5000000000;-11.0000000000;27.7500000000
-6.7932000000;-0.8772000000;-7.3440000000;2.8687500000;2.4225000000;-0.8925000000;37.0625000000;-8.7500000000;27.5000000000
-6.6402000000;-1.1220000000;-7.4766000000;-3.1875000000;-0.4462500000;-0.9562500000;37.0625000000;-11.3750000000;28.5625000000
-6.8646000000;-0.9384000000;-7.1094000000;4.3987500000;1.4662500000;-0.1912500000;37.0625000000;-11.3750000000;28.5625000000
-6.6300000000;-1.2036000000;-7.5378000000;-3.3787500000;-1.4025000000;0.0637500000;37.0625000000;-9.8750000000;27.7500000000
-6.7524000000;-1.0608000000;-7.1604000000;3.5700000000;1.3387500000;-0.7012500000;37.8750000000;-11.3750000000;28.1875000000
-6.7116000000;-0.9996000000;-7.2828000000;-0.1275000000;-1.0200000000;0.7650000000;37.8750000000;-10.5625000000;27.0000000000
-6.7422000000;-1.2546000000;-7.3746000000;0.5737500000;-0.8925000000;0.5100000000;37.5000000000;-9.8750000000;28.5625000000
-6.7626000000;-0.9588000000;-7.1808000000;0.8925000000;0.8287500000;-0.1912500000;37.5000000000;-9.8750000000;28.5625000000
-6.7422000000;-1.1628000000;-7.5072000000;-2.0400000000;-3.9525000000;-0.1912500000;37.0625000000;-10.5625000000;26.5625000000
-6.7116000000;-0.9690000000;-7.4970000000;2.7412500000;-0.1275000000;0.5100000000;37.0625000000;-10.5625000000;27.0000000000
-6.6504000000;-1.1526000000;-7.5174000000;-4.7175000000;-1.4662500000;0.7012500000;37.0625000000;-9.8750000000;27.8750000000
-6.8544000000;-0.9282000000;-7.3032000000;2.7412500000;0.0000000000;0.7650000000;37.5000000000;-11.0000000000;28.1875000000
-6.8034000000;-1.2546000000;-7.3338000000;-4.7812500000;-1.3387500000;1.4662500000;37.5000000000;-11.0000000000;28.1875000000
-6.6810000000;-1.0506000000;-7.5378000000;1.7212500000;0.5737500000;-0.8925000000;37.8750000000;-8.7500000000;28.5625000000
-6.8748000000;-0.9588000000;-7.0992000000;0.9562500000;0.5737500000;1.4662500000;37.8750000000;-11.3750000000;27.7500000000
-6.5280000000;-1.3566000000;-7.4562000000;-1.0200000000;0.1912500000;0.2550000000;37.0625000000;-11.3750000000;27.0000000000
-6.9258000000;-0.9486000000;-7.0176000000;1.5300000000;0.0000000000;-0.5100000000;37.8750000000;-11.6875000000;27.7500000000
-6.7116000000;-0.9690000000;-7.5480000000;1.5300000000;-1.5300000000;0.1912500000;37.8750000000;-11.6875000000;27.7500000000
-6.7218000000;-0.9588000000;-7.2930000000;-0.0637500000;0.6375000000;0.8925000000;37.8750000000;-11.3750000000;28.5625000000
-6.7932000000;-1.0914000000;-7.1094000000;-3.0600000000;-0.6375000000;1.7850000000;37.5000000000;-8.7500000000;27.7500000000
-6.8952000000;-0.9792000000;-7.3134000000;3.6975000000;-2.1037500000;1.5937500000;37.8750000000;-8.7500000000;27.0000000000
-6.6912000000;-1.2444000000;-7.4256000000;-1.4025000000;-2.0400000000;0.8287500000;37.0625000000;-10.5625000000;28.2500000000
-6.8136000000;-0.9690000000;-7.3644000000;3.8887500000;-0.3825000000;0.3187500000;37.0625000000;-10.5625000000;28.2500000000
-6.7422000000;-1.2852000000;-7.5378000000;-3.3150000000;-0.5100000000;0.7012500000;37.5000000000;-11.6875000000;28.1875000000
-6.8442000000;-1.0812000000;-7.2012000000;2.9325000000;-0.1912500000;-0.9562500000;37.0625000000;-11.0000000000;27.5000000000
-6.7422000000;-1.1322000000;-7.6908000000;-0.7650000000;-0.8287500000;-0.3187500000;37.8750000000;-11.3750000000;27.7500000000
-6.8034000000;-1.1016000000;-7.2114000000;-0.2550000000;1.7212500000;-0.6375000000;37.5000000000;-9.5000000000;27.7500000000
-6.8238000000;-1.1730000000;-7.1298000000;-0.5737500000;-0.7650000000;-0.5737500000;37.5000000000;-9.5000000000;27.7500000000
-6.7116000000;-0.9792000000;-7.5072000000;1.3387500000;-0.6375000000;-1.6575000000;37.8750000000;-8.7500000000;28.5625000000
-6.9156000000;-1.0914000000;-6.9054000000;-2.1037500000;1.7850000000;-0.0637500000;37.5000000000;-9.8750000000;29.0000000000
-6.8034000000;-1.0506000000;-7.1910000000;2.2950000000;-2.4862500000;-1.5937500000;38.1875000000;-11.0000000000;27.5000000000
-6.8340000000;-0.8568000000;-7.3542000000;0.0000000000;0.1275000000;-0.7650000000;37.5000000000;-11.3750000000;27.0625000000
-6.8646000000;-1.2036000000;-7.2624000000;-4.0800000000;-0.4462500000;1.0200000000;37.5000000000;-11.3750000000;27.0625000000
-6.8136000000;-1.0506000000;-7.3542000000;2.5500000000;-0.5737500000;0.3187500000;37.5000000000;-9.5000000000;27.0000000000
-6.8850000000;-1.1118000000;-7.4154000000;-1.8487500000;-0.2550000000;-0.1275000000;36.6875000000;-11.6875000000;28.2500000000
-6.8034000000;-0.9894000000;-7.5072000000;0.5100000000;1.1475000000;0.0637500000;37.5000000000;-11.3750000000;27.5000000000
-6.8238000000;-0.9588000000;-7.0890000000;2.4225000000;2.4862500000;0.3825000000;37.5000000000;-11.3750000000;26.5625000000
-6.6708000000;-1.2036000000;-7.3440000000;-3.7612500000;-1.9762500000;0.4462500000;37.5000000000;-11.3750000000;26.5625000000
-6.8442000000;-0.9690000000;-7.1502000000;2.6775000000;0.9562500000;-0.2550000000;37.8750000000;-11.6875000000;28.2500000000
-6.6912000000;-1.1526000000;-7.4154000000;-2.6775000000;-1.8487500000;0.6375000000;37.8750000000;-8.7500000000;27.0625000000
-6.8238000000;-1.0200000000;-7.2012000000;-0.7650000000;0.4462500000;0.7012500000;37.5000000000;-10.5625000000;27.0000000000
-6.8952000000;-1.1118000000;-7.0890000000;-2.1037500000;-1.2750000000;0.1912500000;38.5625000000;-11.0000000000;27.0000000000
-6.7830000000;-1.1016000000;-7.3644000000;-0.7650000000;-1.9762500000;0.7650000000;38.5625000000;-11.0000000000;27.0000000000
-6.8748000000;-1.0710000000;-7.2420000000;-1.0200000000;-1.8487500000;0.3825000000;37.5000000000;-10.5625000000;28.1875000000
-6.8034000000;-1.0506000000;-7.3950000000;0.7012500000;-0.0637500000;-1.4662500000;37.8750000000;-11.0000000000;28.2500000000
-6.8952000000;-0.8874000000;-7.1502000000;-2.5500000000;-1.7212500000;0.5100000000;37.0625000000;-11.0000000000;27.0000000000
-6.8340000000;-1.0506000000;-7.1094000000;-3.7612500000;-2.4225000000;-0.5737500000;37.0625000000;-11.0000000000;27.0000000000
-6.7218000000;-0.7038000000;-7.2012000000;2.1675000000;-2.2950000000;-0.8287500000;37.5000000000;-11.6875000000;27.7500000000
-6.8340000000;-1.0608000000;-7.0890000000;-5.1637500000;-2.2950000000;2.9962500000;38.5625000000;-10.5625000000;26.5625000000
-6.8238000000;-1.0608000000;-6.7524000000;0.1912500000;-2.4862500000;0.2550000000;38.5625000000;-9.5000000000;27.0625000000
-6.9360000000;-0.6936000000;-7.0278000000;4.9087500000;-4.9725000000;1.2750000000;37.8750000000;-9.5000000000;26.5625000000
-6.7728000000;-1.1934000000;-6.8340000000;-2.0400000000;-4.2075000000;0.6375000000;37.8750000000;-9.5000000000;26.5625000000
-6.9462000000;-1.0302000000;-6.6096000000;7.7137500000;-5.6737500000;-1.5300000000;38.1875000000;-11.6875000000;27.5000000000
-6.7932000000;-1.0710000000;-6.1506000000;2.6775000000;-8.3512500000;-0.1912500000;38.5625000000;-11.6875000000;27.5000000000
-6.7830000000;-1.3260000000;-5.2428000000;3.2512500000;-11.9212500000;-1.8487500000;37.8750000000;-11.0000000000;26.2500000000
-6.6606000000;-0.7752000000;-4.6002000000;-1.2112500000;-20.9100000000;-1.6575000000;38.1875000000;-11.0000000000;27.0000000000
-6.4974000000;-1.0812000000;-2.4276000000;-20.7187500000;-22.1850000000;-0.4462500000;38.1875000000;-11.0000000000;27.0000000000
-7.0890000000;-0.7854000000;0.3876000000;-27.2850000000;-30.4725000000;-7.2037500000;39.3750000000;-10.5625000000;25.8750000000
-8.3436000000;-0.4182000000;-0.2754000000;-18.8062500000;-75.7987500000;-11.9212500000;39.0000000000;-11.6875000000;25.7500000000
-8.8026000000;-1.4382000000;-1.4688000000;-3.6975000000;-99.5775000000;-9.1162500000;40.3750000000;-11.6875000000;23.0625000000
-10.5774000000;-0.1530000000;-2.0196000000;-21.0375000000;-120.2325000000;-23.0775000000;42.2500000000;-11.3750000000;20.0000000000
-11.4954000000;-0.1632000000;-5.5284000000;-30.3450000000;-141.9075000000;-8.8612500000;42.2500000000;-11.3750000000;20.0000000000
-11.2200000000;-2.3052000000;-3.3660000000;-67.7662500000;-105.5700000000;-6.8850000000;43.7500000000;-9.8750000000;14.5000000000
-12.5868000000;-0.5610000000;-5.1816000000;-57.1837500000;-138.0187500000;-31.9387500000;44.8750000000;-8.7500000000;11.2500000000
-12.6174000000;0.3978000000;-7.2420000000;-24.7350000000;-120.9975000000;-10.3912500000;45.1875000000;-7.2500000000;6.1875000000
-11.6892000000;-0.3774000000;-6.0894000000;-60.0525000000;-99.9600000000;-8.8612500000;46.0000000000;-6.8750000000;0.5000000000
-11.6688000000;0.7650000000;-5.6508000000;-42.3300000000;-83.8312500000;-13.3237500000;46.0000000000;-6.8750000000;0.5000000000
-11.9952000000;-0.1326000000;-3.0600000000;-41.5650000000;-45.5175000000;-6.0562500000;46.6875000000;-6.5625000000;-4.1875000000
-11.0058000000;0.3060000000;-2.0400000000;8.2237500000;-34.9987500000;6.7575000000;45.5625000000;-5.7500000000;-7.7500000000
-10.6386000000;-0.8160000000;-1.8564000000;13.3875000000;-42.3300000000;9.4987500000;45.6875000000;-5.0625000000;-10.5625000000
-10.1592000000;-1.2852000000;-1.7646000000;19.0612500000;-47.8762500000;9.5625000000;46.0625000000;-5.8750000000;-10.5625000000
-10.0062000000;-1.2648000000;-1.8768000000;11.7937500000;-33.2137500000;7.1400000000;46.0625000000;-5.8750000000;-10.5625000000
-9.8532000000;-1.2852000000;-0.9690000000;-3.0600000000;-15.4275000000;2.2950000000;45.2500000000;-5.1875000000;-12.0625000000
-9.8736000000;-1.3260000000;-2.1726000000;15.8737500000;0.5100000000;0.2550000000;44.8750000000;-5.8750000000;-14.0625000000
-10.7610000000;0.7752000000;-0.8160000000;28.3687500000;18.3600000000;4.3350000000;45.1875000000;-6.6875000000;-13.6875000000
-10.0368000000;-1.1016000000;-0.2856000000;-21.6112500000;0.8287500000;3.7612500000;44.8750000000;-6.2500000000;-13.2500000000
-9.7818000000;-1.0710000000;1.1322000000;-16.3200000000;5.8012500000;-4.1437500000;44.8750000000;-6.2500000000;-13.2500000000
-9.4452000000;-0.6630000000;0.8874000000;6.6937500000;1.0837500000;-4.0800000000;44.5000000000;-5.5000000000;-12.8750000000
-10.1694000000;-0.4284000000;0.1938000000;29.7712500000;2.0400000000;-0.3187500000;44.8750000000;-7.3750000000;-14.8750000000
-10.0470000000;-0.6324000000;-0.6936000000;21.8025000000;1.2750000000;2.1675000000;44.8750000000;-6.6875000000;-12.8750000000
-9.9756000000;-0.6630000000;0.0510000000;-0.7650000000;2.0400000000;-0.3187500000;45.1875000000;-7.7500000000;-12.5625000000
-9.6696000000;-1.0812000000;-0.0408000000;-4.9087500000;-1.6575000000;-0.9562500000;45.1875000000;-7.7500000000;-12.5625000000
-9.8532000000;-0.7956000000;0.6426000000;11.6662500000;2.9962500000;-0.0637500000;45.5625000000;-6.6875000000;-12.0625000000
-9.9552000000;-0.8262000000;-0.4080000000;3.1875000000;-0.8287500000;-1.0837500000;44.8750000000;-6.2500000000;-11.6875000000
-10.2306000000;-0.3162000000;0.4386000000;1.3387500000;4.9725000000;-2.7412500000;45.1875000000;-6.2500000000;-12.0625000000
-9.8532000000;-0.9894000000;-0.2856000000;0.1275000000;-1.6575000000;2.9325000000;45.1875000000;-6.6875000000;-11.6875000000
-9.9756000000;-0.5916000000;0.3366000000;-6.2475000000;1.2750000000;-0.5737500000;45.1875000000;-6.6875000000;-11.6875000000
-9.7614000000;-1.1730000000;0.2346000000;-10.9012500000;-0.9562500000;0.7012500000;45.1875000000;-8.1875000000;-11.6875000000
-9.8736000000;-0.4794000000;0.2244000000;9.0525000000;1.8487500000;-1.1475000000;45.5625000000;-5.8750000000;-11.6875000000
-9.9654000000;-0.6528000000;-0.0204000000;5.2275000000;1.2750000000;0.7650000000;44.8750000000;-6.6875000000;-11.6875000000
-9.9450000000;-0.6732000000;0.3264000000;5.0362500000;1.0200000000;-0.6375000000;45.1875000000;-6.6875000000;-12.0625000000
-9.8532000000;-0.9282000000;-0.1020000000;-1.4662500000;-1.2750000000;2.6137500000;45.1875000000;-6.6875000000;-12.0625000000
-9.9654000000;-0.7752000000;0.1632000000;-6.9487500000;1.0200000000;-0.1275000000;45.1875000000;-7.0000000000;-12.5625000000
-9.9246000000;-0.7956000000;0.0714000000;-6.4387500000;-1.4662500000;1.4025000000;45.5625000000;-7.0000000000;-10.5625000000
-9.9144000000;-0.6018000000;0.1938000000;-5.8012500000;-1.7850000000;2.4225000000;44.1875000000;-8.1875000000;-11.6875000000
-9.8430000000;-0.8568000000;0.0000000000;-5.2912500000;-1.4025000000;-0.2550000000;45.5625000000;-6.6875000000;-12.8750000000
-10.1388000000;-0.5100000000;0.3468000000;-0.1912500000;-1.3387500000;0.0000000000;45.5625000000;-6.6875000000;-12.8750000000
-9.7716000000;-0.7854000000;0.0714000000;2.8687500000;0.8925000000;-0.5737500000;45.5625000000;-6.6875000000;-12.8750000000
-9.8022000000;-0.5508000000;0.0816000000;1.4025000000;0.0637500000;-0.6375000000;44.5000000000;-5.8750000000;-14.5000000000
-9.8634000000;-0.8466000000;-0.0714000000;-0.0637500000;0.7012500000;0.2550000000;45.1875000000;-7.7500000000;-11.6875000000
-9.9756000000;-0.6732000000;0.1326000000;0.7012500000;-0.6375000000;1.1475000000;45.1875000000;-7.7500000000;-11.6875000000
-10.0062000000;-0.6120000000;0.2448000000;4.8450000000;1.0837500000;0.0637500000;45.1875000000;-7.0000000000;-11.6875000000
-9.8022000000;-0.8466000000;-0.0714000000;-0.5737500000;0.0000000000;-1.5937500000;45.1875000000;-6.6875000000;-12.0625000000
-10.1082000000;-0.4590000000;0.2652000000;0.0000000000;0.8925000000;-0.3825000000;45.1875000000;-7.0000000000;-11.6875000000
-9.9348000000;-0.8364000000;0.1734000000;2.6775000000;-0.1912500000;0.9562500000;45.1875000000;-6.6875000000;-12.0625000000
-9.8940000000;-0.8466000000;0.0510000000;-7.0762500000;0.5100000000;-1.4662500000;45.1875000000;-6.6875000000;-12.0625000000
-9.9450000000;-0.6732000000;0.4488000000;12.4950000000;0.9562500000;0.0000000000;45.1875000000;-6.6875000000;-12.0625000000
-9.7818000000;-0.7038000000;-0.3876000000;2.5500000000;-0.8925000000;-0.6375000000;45.1875000000;-7.0000000000;-11.6875000000
-10.0572000000;-0.7038000000;0.2244000000;-1.0837500000;0.1275000000;1.3387500000;44.8750000000;-6.2500000000;-11.6875000000
-9.7716000000;-0.7854000000;0.1632000000;-7.3950000000;-0.8287500000;0.6375000000;46.0000000000;-6.2500000000;-12.0625000000
-9.8328000000;-0.7140000000;0.1020000000;-3.6975000000;-0.2550000000;-0.5100000000;46.0000000000;-6.2500000000;-12.0625000000
-9.9042000000;-0.7140000000;-0.0408000000;2.8687500000;-1.5937500000;0.6375000000;44.8750000000;-8.8750000000;-12.0625000000
-9.5880000000;-0.8364000000;-0.0816000000;-8.0325000000;-0.8925000000;-1.0200000000;45.1875000000;-6.2500000000;-11.6875000000
-10.3938000000;-0.4998000000;-0.1224000000;6.1200000000;-0.3825000000;1.5300000000;45.1875000000;-6.2500000000;-11.3750000000
-9.9246000000;-1.4076000000;-1.7952000000;-20.2725000000;3.8887500000;-7.2037500000;45.1875000000;-6.2500000000;-12.0625000000
-10.7406000000;2.3664000000;-6.3444000000;-13.0687500000;20.5912500000;-14.5987500000;45.1875000000;-6.2500000000;-12.0625000000
-11.7504000000;1.4892000000;-7.3338000000;-8.2875000000;63.8775000000;25.0537500000;44.8750000000;-5.1875000000;-11.6875000000
-12.4236000000;-0.1530000000;-8.3436000000;-102.1275000000;53.8687500000;21.2925000000;46.0000000000;-5.1875000000;-11.3750000000
-13.2702000000;0.9486000000;-8.9454000000;28.0500000000;107.9287500000;22.5037500000;46.0000000000;-6.6875000000;-8.1875000000
-13.5150000000;0.5814000000;-7.0788000000;81.7912500000;144.3937500000;29.6437500000;46.0000000000;-7.3750000000;-6.1875000000
-13.8516000000;0.6120000000;-6.4668000000;47.1112500000;156.0600000000;20.3362500000;46.0000000000;-7.3750000000;-6.1875000000
-13.6680000000;-0.2040000000;-4.0902000000;64.5150000000;169.6387500000;25.8187500000;46.6875000000;-8.8750000000;-0.6875000000
-12.3318000000;-0.3774000000;-2.7030000000;72.2287500000;166.3875000000;19.8262500000;45.5625000000;-10.6875000000;5.5625000000
-11.8728000000;0.3264000000;-2.5194000000;66.4912500000;149.7487500000;23.8425000000;44.1875000000;-11.7500000000;12.6875000000
-9.6186000000;-2.2338000000;-1.2444000000;-26.6475000000;144.5212500000;16.8937500000;42.6875000000;-12.5625000000;18.5625000000
-8.6394000000;-1.6116000000;3.4884000000;11.2200000000;125.8425000000;4.9725000000;42.6875000000;-12.5625000000;18.5625000000
-6.8952000000;-0.5610000000;1.7646000000;3.3150000000;46.4100000000;4.1437500000;39.3750000000;-14.3750000000;23.5625000000
-4.7328000000;-1.7748000000;-1.6728000000;36.0825000000;21.2287500000;-6.9487500000;36.0000000000;-12.5625000000;27.1875000000
-5.3040000000;-0.6324000000;-4.1514000000;2.8687500000;12.2400000000;-16.7025000000;36.3750000000;-12.5625000000;28.6875000000
-5.8956000000;-0.7446000000;-3.1824000000;30.1537500000;11.7937500000;-20.0812500000;34.8750000000;-12.1875000000;28.6875000000
-6.5280000000;0.6630000000;-6.1302000000;4.0162500000;-21.2925000000;-13.6425000000;34.8750000000;-12.1875000000;28.6875000000
-6.2220000000;-0.8262000000;-8.1600000000;-8.2875000000;-2.6137500000;-4.6537500000;36.0000000000;-10.0000000000;29.8750000000
-6.5178000000;-0.6324000000;-8.2518000000;-54.1237500000;-9.1162500000;-13.4512500000;36.5625000000;-11.0625000000;28.2500000000
-6.5790000000;-0.8772000000;-8.0886000000;3.6337500000;-5.9287500000;-7.2037500000;36.2500000000;-12.5625000000;29.0625000000
-6.5280000000;0.1632000000;-8.3028000000;7.2037500000;-10.5187500000;-5.2275000000;36.5625000000;-10.2500000000;27.1875000000
-6.4566000000;-0.6018000000;-7.9866000000;-4.4625000000;-2.9962500000;-1.2750000000;36.5625000000;-10.2500000000;27.1875000000
-6.6606000000;-0.4896000000;-7.1094000000;2.1037500000;1.4025000000;-2.1675000000;36.5625000000;-11.7500000000;28.2500000000
-6.1404000000;-0.8670000000;-7.7622000000;-4.0162500000;-4.4625000000;-3.4425000000;37.0000000000;-10.0000000000;27.8750000000
-6.7422000000;0.1224000000;-7.0584000000;10.1362500000;-1.7850000000;1.5937500000;37.0000000000;-10.0000000000;27.1875000000
-6.4158000000;-1.2546000000;-7.7010000000;-27.5400000000;-13.5787500000;3.6337500000;37.3750000000;-11.5000000000;26.7500000000
-6.9258000000;-0.1530000000;-7.1400000000;22.1212500000;2.5500000000;-1.4025000000;37.3750000000;-11.5000000000;26.7500000000
-6.2934000000;-1.1220000000;-8.5068000000;-14.4075000000;-12.6862500000;4.0800000000;37.3750000000;-11.5000000000;28.2500000000
-6.8136000000;-0.7242000000;-7.5582000000;5.3550000000;3.5700000000;2.1675000000;37.3750000000;-11.5000000000;28.2500000000
-6.6096000000;-0.5406000000;-7.3134000000;2.9962500000;0.3825000000;2.7412500000;36.5625000000;-10.0000000000;27.5000000000
-6.7422000000;-0.7752000000;-7.4562000000;0.7650000000;-0.9562500000;4.6537500000;37.3750000000;-10.2500000000;27.1875000000
-6.4566000000;-1.3464000000;-7.4256000000;6.6937500000;1.7212500000;4.9725000000;37.3750000000;-10.2500000000;27.1875000000
-6.7728000000;-0.7854000000;-7.3032000000;-1.4662500000;-0.3825000000;-4.0162500000;37.0000000000;-11.5000000000;27.5000000000
-6.7830000000;-0.8772000000;-7.4460000000;5.1637500000;-5.8012500000;-0.5737500000;36.5625000000;-10.6875000000;27.1875000000
-6.3546000000;-0.8058000000;-7.9356000000;3.1875000000;-0.6375000000;-4.0162500000;37.7500000000;-12.1875000000;26.6875000000
-6.8442000000;-0.4386000000;-7.4358000000;0.0637500000;-2.2950000000;1.2112500000;37.0000000000;-11.5000000000;27.5000000000
-6.5382000000;-1.0404000000;-7.7826000000;-7.4587500000;-3.1237500000;-0.7012500000;37.0000000000;-11.5000000000;27.5000000000
-6.7422000000;-0.7140000000;-7.6602000000;11.4112500000;2.3587500000;-2.0400000000;37.7500000000;-11.7500000000;27.5000000000
-6.7830000000;-0.5508000000;-7.5786000000;-7.4587500000;-3.1237500000;-0.7650000000;37.7500000000;-12.1875000000;27.1875000000
-6.6810000000;-0.3060000000;-7.7214000000;-2.7412500000;1.9125000000;-1.0837500000;36.5625000000;-9.2500000000;26.2500000000
-6.7320000000;-0.4488000000;-7.3338000000;-6.1837500000;1.6575000000;4.2075000000;38.0625000000;-11.7500000000;26.7500000000
-6.6504000000;-0.8976000000;-7.2726000000;1.5937500000;1.0837500000;3.4425000000;38.0625000000;-11.7500000000;26.7500000000
-6.7422000000;-0.6018000000;-7.2624000000;6.9487500000;1.4662500000;3.9525000000;38.0625000000;-12.1875000000;27.5000000000
-6.5790000000;-0.8874000000;-7.3746000000;-5.5462500000;0.1912500000;1.4025000000;37.7500000000;-11.7500000000;28.2500000000
-6.5178000000;-0.9486000000;-7.1094000000;0.9562500000;0.1912500000;1.0837500000;38.0625000000;-11.7500000000;27.1875000000
-6.8238000000;-0.7140000000;-6.9666000000;5.9925000000;-1.1475000000;-1.2750000000;38.0625000000;-11.7500000000;27.1875000000
-6.6504000000;-0.6324000000;-7.5990000000;7.7775000000;-1.7850000000;-0.7012500000;37.3750000000;-12.1875000000;27.5000000000
-6.5892000000;-1.1016000000;-7.4664000000;-2.4225000000;-1.2750000000;-0.7650000000;37.3750000000;-11.7500000000;27.1875000000
-6.7932000000;-0.2958000000;-7.6092000000;9.4350000000;-1.8487500000;-2.8050000000;37.3750000000;-12.5625000000;28.0000000000
-6.7422000000;-0.8262000000;-7.7316000000;-5.9925000000;-0.8287500000;1.6575000000;38.5000000000;-9.5625000000;27.5000000000
-6.6504000000;-0.8058000000;-7.5786000000;3.5700000000;-0.3825000000;-0.7012500000;38.5000000000;-9.5625000000;27.5000000000
-6.6198000000;-0.7446000000;-7.7214000000;-2.8687500000;0.0637500000;0.7650000000;37.7500000000;-10.2500000000;26.2500000000
-6.6402000000;-0.9180000000;-7.3134000000;-3.3150000000;1.7850000000;0.1275000000;37.3750000000;-11.0625000000;27.5000000000
-6.7320000000;-0.7650000000;-7.2624000000;6.3112500000;2.4225000000;-1.1475000000;37.7500000000;-12.1875000000;27.8750000000
-6.5892000000;-0.6324000000;-7.3644000000;-1.2112500000;-0.3187500000;-1.1475000000;37.3750000000;-10.6875000000;26.6875000000
-6.6606000000;-0.8568000000;-7.2828000000;-0.8925000000;-0.0637500000;1.9762500000;37.3750000000;-10.6875000000;26.6875000000
-6.7116000000;-0.8976000000;-7.4358000000;0.9562500000;-0.9562500000;-0.7650000000;37.3750000000;-11.5000000000;26.6875000000
-6.7422000000;-0.5304000000;-7.4358000000;3.8887500000;0.6375000000;0.0000000000;36.5625000000;-10.6875000000;27.5000000000
-6.7932000000;-0.6834000000;-7.4358000000;2.2312500000;-1.5937500000;2.9325000000;37.0000000000;-11.0625000000;26.2500000000
-6.5484000000;-1.0098000000;-7.5786000000;-2.0400000000;-0.7012500000;0.7650000000;36.5625000000;-10.6875000000;27.1875000000
-6.7524000000;-0.8772000000;-7.4460000000;3.4425000000;0.0637500000;0.1912500000;36.5625000000;-10.6875000000;27.1875000000
-6.6708000000;-0.7854000000;-7.4460000000;-0.9562500000;0.2550000000;-0.5737500000;37.3750000000;-9.5625000000;28.2500000000
-6.7626000000;-0.6528000000;-7.3338000000;1.9125000000;1.5937500000;-1.3387500000;37.0000000000;-11.7500000000;27.8750000000
-6.6504000000;-0.9894000000;-7.3950000000;-8.4787500000;-1.4025000000;0.9562500000;37.3750000000;-9.2500000000;26.6875000000
-6.6096000000;-0.8670000000;-7.4052000000;2.8050000000;-0.1912500000;-0.5100000000;37.7500000000;-10.2500000000;27.5000000000
-6.6606000000;-0.8364000000;-7.4256000000;-2.8687500000;-0.1912500000;-0.5100000000;37.7500000000;-10.2500000000;27.5000000000
-6.6912000000;-0.7548000000;-7.5582000000;2.9325000000;-0.1912500000;-1.3387500000;37.3750000000;-12.1875000000;27.8750000000
-6.7218000000;-0.6630000000;-7.4052000000;0.0000000000;-0.1912500000;0.1275000000;37.0000000000;-12.5625000000;27.1875000000
-6.6504000000;-0.9486000000;-7.6704000000;-0.1275000000;-1.4025000000;-0.4462500000;37.3750000000;-12.1875000000;26.7500000000
-6.5994000000;-0.9078000000;-7.4256000000;1.5300000000;1.7850000000;-1.2112500000;37.3750000000;-11.5000000000;27.8750000000
-6.8034000000;-0.8160000000;-7.2012000000;1.9762500000;1.7212500000;-1.7850000000;37.3750000000;-11.5000000000;27.8750000000
-6.7014000000;-0.6936000000;-7.4154000000;2.2950000000;-1.7212500000;-1.3387500000;37.3750000000;-11.7500000000;27.1875000000
-6.6606000000;-0.7140000000;-7.4052000000;2.0400000000;1.2750000000;-0.9562500000;37.0000000000;-11.5000000000;26.6875000000
-6.7116000000;-0.8772000000;-7.1400000000;-1.5300000000;-0.7012500000;0.1912500000;37.3750000000;-11.5000000000;26.6875000000
-6.7116000000;-0.5610000000;-7.6092000000;0.4462500000;-2.2950000000;-0.1275000000;38.0625000000;-12.1875000000;26.6875000000
-6.7320000000;-1.0404000000;-7.3746000000;-0.3187500000;1.2750000000;0.5737500000;38.0625000000;-12.1875000000;26.6875000000
-6.7932000000;-0.5508000000;-7.3236000000;1.9762500000;1.4662500000;-1.4662500000;37.3750000000;-10.0000000000;27.5000000000
-6.7524000000;-0.9996000000;-7.3236000000;0.4462500000;-0.8287500000;1.0837500000;38.0625000000;-10.0000000000;26.7500000000
-6.5892000000;-0.7344000000;-7.7418000000;1.8487500000;-0.5100000000;-1.0200000000;37.0000000000;-9.5625000000;27.5000000000
-6.7218000000;-0.7140000000;-7.5174000000;2.8687500000;2.9962500000;0.5100000000;37.0000000000;-11.7500000000;27.1875000000
-6.6708000000;-0.9486000000;-7.3644000000;-6.1200000000;1.1475000000;0.4462500000;37.0000000000;-11.7500000000;27.1875000000
-6.6300000000;-0.8874000000;-7.3542000000;2.9325000000;0.1275000000;0.0637500000;36.5625000000;-9.5625000000;26.7500000000
-6.6096000000;-0.6834000000;-7.6806000000;2.7412500000;0.1275000000;-0.6375000000;37.3750000000;-11.5000000000;26.7500000000
-6.6504000000;-1.1832000000;-7.1706000000;-1.0200000000;0.8287500000;1.4662500000;37.3750000000;-11.5000000000;27.8750000000
-6.6198000000;-0.9282000000;-7.6602000000;2.3587500000;-2.3587500000;-0.7650000000;37.7500000000;-10.6875000000;27.1875000000
-6.6300000000;-0.9792000000;-7.2318000000;2.6137500000;2.1037500000;-0.8287500000;37.7500000000;-10.6875000000;27.1875000000
-6.6402000000;-0.9282000000;-7.3848000000;2.2950000000;-2.1675000000;-0.0637500000;37.0000000000;-10.0000000000;27.5000000000
-6.6402000000;-0.9384000000;-7.5786000000;0.3825000000;-1.0837500000;-0.5100000000;37.7500000000;-11.0625000000;28.0000000000
-6.8136000000;-0.8160000000;-7.2420000000;0.5737500000;0.5737500000;-1.0837500000;37.7500000000;-12.1875000000;27.5000000000
-6.6606000000;-0.9588000000;-7.5888000000;1.7212500000;-2.1675000000;-1.0837500000;37.3750000000;-9.2500000000;27.1875000000
-6.7218000000;-0.5508000000;-7.4766000000;0.3825000000;0.0000000000;0.4462500000;37.3750000000;-9.2500000000;27.1875000000
-6.7014000000;-1.0710000000;-7.4664000000;-3.3787500000;-0.0637500000;1.8487500000;37.7500000000;-11.0625000000;27.5625000000
-6.7218000000;-0.9792000000;-7.3236000000;3.1237500000;-0.1275000000;0.0637500000;37.7500000000;-11.5000000000;26.7500000000
-6.6402000000;-1.0302000000;-7.6398000000;-1.9125000000;-0.9562500000;0.0637500000;37.0000000000;-9.5625000000;26.6875000000
-6.6708000000;-0.9486000000;-7.4868000000;0.6375000000;1.2750000000;-1.3387500000;37.3750000000;-9.5625000000;27.1875000000
-6.6708000000;-0.7242000000;-7.3134000000;-0.0637500000;1.0837500000;-0.7650000000;37.3750000000;-9.5625000000;27.1875000000
-6.6912000000;-0.8160000000;-7.2930000000;4.6537500000;0.1275000000;-0.3187500000;37.3750000000;-11.5000000000;27.1875000000
-6.6606000000;-1.0098000000;-7.5684000000;-2.9962500000;-2.6775000000;0.7650000000;37.3750000000;-11.0625000000;28.2500000000
-6.7422000000;-0.8364000000;-7.3950000000;4.5262500000;0.9562500000;-1.2112500000;37.3750000000;-10.6875000000;26.7500000000
-6.6810000000;-0.9588000000;-7.4766000000;-2.5500000000;-0.8925000000;0.4462500000;37.3750000000;-10.6875000000;26.7500000000
-6.6402000000;-1.0608000000;-7.4868000000;3.3150000000;0.0637500000;-0.8925000000;37.7500000000;-11.5000000000;27.5000000000
-6.8136000000;-0.6120000000;-7.4256000000;2.9962500000;-0.1275000000;-0.4462500000;37.3750000000;-10.0000000000;27.1875000000
-6.7218000000;-0.9792000000;-7.4766000000;1.7850000000;0.7012500000;0.7650000000;37.3750000000;-11.5000000000;27.1875000000
-6.6810000000;-0.8772000000;-7.3848000000;-1.1475000000;-0.9562500000;1.4662500000;37.3750000000;-11.5000000000;26.2500000000
-6.7728000000;-1.0506000000;-7.3236000000;-1.9762500000;-0.9562500000;1.4662500000;37.3750000000;-11.5000000000;26.2500000000
-6.6810000000;-0.9792000000;-7.4868000000;1.5300000000;1.2750000000;-0.8287500000;38.0625000000;-10.0000000000;26.7500000000
-6.6504000000;-1.0608000000;-7.3032000000;-2.1037500000;-0.7650000000;1.7850000000;38.0625000000;-9.5625000000;26.0000000000
-6.5586000000;-1.1118000000;-7.5888000000;3.3787500000;-0.2550000000;-0.8925000000;38.0625000000;-11.5000000000;26.0000000000
-6.6708000000;-0.9996000000;-7.4868000000;-2.4862500000;-0.1275000000;-0.1912500000;37.0000000000;-11.5000000000;27.1875000000
-6.7422000000;-0.9996000000;-7.0482000000;3.4425000000;0.1275000000;-2.3587500000;37.0000000000;-11.5000000000;27.1875000000
-6.6504000000;-0.5304000000;-7.7724000000;1.2750000000;-1.9125000000;0.0000000000;37.7500000000;-10.2500000000;27.1875000000
-6.7116000000;-1.1730000000;-7.1502000000;-2.2950000000;-1.2112500000;1.4025000000;37.7500000000;-10.0000000000;26.7500000000
-6.6912000000;-0.7854000000;-7.5582000000;4.5262500000;-1.0200000000;-1.2750000000;37.7500000000;-10.2500000000;26.6875000000
-6.7014000000;-0.9282000000;-7.3134000000;-2.7412500000;0.8925000000;0.5737500000;37.7500000000;-11.5000000000;27.5000000000
-6.8136000000;-0.9078000000;-7.3746000000;-0.1275000000;-0.8925000000;0.4462500000;37.7500000000;-11.5000000000;27.5000000000
-6.6096000000;-1.1424000000;-7.5276000000;-0.2550000000;-1.4025000000;-0.1275000000;38.0625000000;-11.0625000000;26.6875000000
-6.7728000000;-0.8262000000;-7.3338000000;1.2112500000;-0.5100000000;-0.0637500000;37.7500000000;-11.5000000000;26.0000000000
-6.7626000000;-0.7854000000;-7.4358000000;2.9962500000;0.7012500000;0.1912500000;38.0625000000;-11.5000000000;28.0000000000
-6.7422000000;-1.1934000000;-7.4358000000;-3.3150000000;-0.8287500000;1.2112500000;38.5000000000;-11.0625000000;26.3750000000
-6.8136000000;-0.7140000000;-7.2318000000;5.6737500000;0.5737500000;-0.7012500000;38.5000000000;-11.0625000000;26.3750000000
-6.5892000000;-1.0608000000;-7.6908000000;-3.1875000000;-0.3825000000;0.9562500000;38.0625000000;-11.0625000000;28.0000000000
-6.7728000000;-0.9894000000;-7.2522000000;0.4462500000;1.2112500000;-0.4462500000;37.7500000000;-11.5000000000;28.2500000000
-6.7320000000;-0.8160000000;-7.2930000000;1.2112500000;-0.1912500000;-0.3825000000;37.3750000000;-8.8750000000;27.5625000000
-6.7116000000;-0.9996000000;-7.2726000000;-1.2750000000;0.5100000000;0.2550000000;37.3750000000;-10.6875000000;25.5000000000
-6.7116000000;-0.8568000000;-7.1400000000;0.8287500000;-1.4025000000;-0.1275000000;37.3750000000;-10.6875000000;25.5000000000
-6.6708000000;-0.9792000000;-7.2420000000;0.0000000000;-0.3187500000;1.2750000000;37.3750000000;-9.5625000000;27.1875000000
-6.5586000000;-1.1118000000;-7.0380000000;-1.5300000000;-1.0837500000;-0.9562500000;37.7500000000;-10.2500000000;26.3750000000
-6.6096000000;-1.1322000000;-5.8752000000;-5.4825000000;0.3825000000;-1.9762500000;37.3750000000;-11.5000000000;27.5000000000
-6.2832000000;-2.2032000000;-5.5590000000;-8.7975000000;-6.6937500000;-4.7175000000;37.7500000000;-11.7500000000;27.8750000000
-5.7222000000;-1.8666000000;-4.4778000000;-9.6900000000;5.8650000000;-24.9262500000;37.7500000000;-11.7500000000;27.8750000000
-5.8956000000;-1.4382000000;-1.2342000000;-34.2337500000;26.4562500000;-35.8275000000;37.7500000000;-11.5000000000;26.2500000000
-8.0070000000;0.0000000000;0.9078000000;-24.7987500000;-4.5262500000;-37.4212500000;37.7500000000;-10.6875000000;26.3750000000
-8.1294000000;-1.3260000000;0.4896000000;-18.7425000000;-61.4550000000;-25.3725000000;37.7500000000;-8.1875000000;27.5000000000
-9.5778000000;0.5100000000;-0.7548000000;38.6325000000;-104.3587500000;-28.5600000000;39.2500000000;-8.1875000000;26.0000000000
-10.9446000000;0.8262000000;-3.6006000000;23.7787500000;-152.4262500000;3.8250000000;39.2500000000;-8.1875000000;26.0000000000
-11.2608000000;-0.7038000000;-6.0180000000;31.9387500000;-149.7487500000;26.1375000000;41.7500000000;-6.6875000000;22.7500000000
-12.4032000000;-2.7234000000;-6.2118000000;2.8050000000;-157.7175000000;25.0537500000;43.2500000000;-5.8750000000;17.6875000000
-11.8422000000;-2.5908000000;-9.8940000000;-23.3325000000;-158.9925000000;1.9762500000;45.0625000000;-5.5000000000;12.1875000000
-11.8524000000;-2.2746000000;-7.2828000000;-14.9812500000;-99.0037500000;-3.3787500000;46.3750000000;-8.1875000000;5.5000000000
-11.8116000000;-1.7544000000;-5.3856000000;-28.6875000000;-91.2900000000;-14.5987500000;46.3750000000;-8.1875000000;5.5000000000
-11.3628000000;-0.3978000000;-5.9976000000;-47.6850000000;-91.0350000000;-20.4000000000;47.0625000000;-7.3750000000;2.2500000000
-10.7100000000;-0.9486000000;-5.7528000000;-51.9562500000;-77.3287500000;-0.2550000000;47.0000000000;-4.7500000000;-1.5625000000
-10.7100000000;-1.5198000000;-4.7022000000;-75.6712500000;-60.2437500000;-8.9887500000;46.5625000000;-4.7500000000;-5.8750000000
-10.8018000000;-0.9384000000;-2.9274000000;0.3187500000;-45.5175000000;-13.5787500000;46.2500000000;-3.2500000000;-7.8750000000
-10.8630000000;-0.7344000000;-4.1412000000;7.0125000000;-46.0912500000;-13.2600000000;46.2500000000;-3.2500000000;-7.8750000000
-9.9450000000;1.4076000000;-4.3656000000;23.3962500000;17.5312500000;4.5900000000;45.5000000000;-2.1875000000;-9.8750000000
-10.3224000000;-2.3766000000;0.7650000000;-20.2725000000;-3.4425000000;9.5625000000;46.2500000000;-2.1875000000;-10.3750000000
-9.2412000000;-2.0808000000;0.3366000000;3.1237500000;0.1912500000;2.2950000000;45.8750000000;-4.0625000000;-9.8750000000
-9.4860000000;-1.5402000000;-0.4590000000;5.6100000000;-2.1675000000;10.6462500000;46.1875000000;-4.7500000000;-9.1875000000
-10.1898000000;-0.9792000000;-1.0506000000;-12.8137500000;3.3787500000;1.3387500000;46.1875000000;-4.7500000000;-9.1875000000
-10.1082000000;-0.8670000000;-0.0714000000;3.8887500000;1.7850000000;3.1237500000;46.1875000000;-5.5000000000;-10.3750000000
-9.5064000000;-1.5198000000;-0.2652000000;6.5662500000;0.0000000000;-1.9762500000;46.5000000000;-4.7500000000;-10.7500000000
-9.9042000000;-1.5708000000;-0.1734000000;9.8812500000;1.0837500000;1.1475000000;45.7500000000;-4.5000000000;-11.0625000000
-9.9144000000;-1.4076000000;-0.4896000000;-4.3987500000;2.3587500000;0.8287500000;45.7500000000;-4.5000000000;-11.0625000000
-9.7818000000;-1.3566000000;-0.4896000000;-10.0087500000;0.0637500000;1.1475000000;46.1875000000;-5.1875000000;-11.5625000000
-9.9756000000;-1.1220000000;-0.2040000000;-1.9125000000;-0.5100000000;0.3825000000;45.3750000000;-3.6875000000;-11.8750000000
-9.7920000000;-1.5096000000;-0.1836000000;2.6775000000;0.7650000000;2.2312500000;45.7500000000;-4.5000000000;-10.3750000000
-9.8838000000;-1.3056000000;-0.3978000000;4.5262500000;0.4462500000;-0.3825000000;46.1875000000;-4.0625000000;-10.7500000000
-9.8838000000;-1.3362000000;-0.3978000000;-5.5462500000;-1.0837500000;-1.2112500000;46.1875000000;-4.0625000000;-10.7500000000
-9.9552000000;-1.1118000000;-0.2550000000;-4.7175000000;-0.6375000000;0.1275000000;45.7500000000;-5.1875000000;-11.0625000000
-9.9348000000;-1.5096000000;-0.3468000000;-0.1275000000;-0.2550000000;3.8887500000;45.7500000000;-4.5000000000;-10.3750000000
-9.6798000000;-1.0914000000;-0.1938000000;-3.5062500000;0.1275000000;-0.9562500000;46.5000000000;-3.2500000000;-10.3750000000
-9.9348000000;-1.3566000000;-0.6630000000;2.4225000000;-0.3187500000;1.5937500000;45.7500000000;-5.1875000000;-10.3750000000
-9.8532000000;-1.3260000000;-0.1632000000;-5.6737500000;0.6375000000;-1.2112500000;45.7500000000;-5.1875000000;-10.3750000000
-9.8736000000;-1.1934000000;-0.4386000000;6.0562500000;0.0637500000;1.0837500000;46.5000000000;-3.6875000000;-10.3750000000
-9.9246000000;-1.3464000000;-0.3978000000;-2.5500000000;0.2550000000;-0.4462500000;45.7500000000;-4.7500000000;-11.0625000000
-9.9756000000;-1.0506000000;-0.2550000000;5.4825000000;0.9562500000;-0.1912500000;45.7500000000;-4.5000000000;-10.3750000000
-9.8226000000;-1.5300000000;-0.4386000000;-0.7012500000;0.6375000000;0.5100000000;45.3750000000;-5.5000000000;-10.7500000000
-9.9654000000;-1.0200000000;-0.2856000000;4.2712500000;0.9562500000;-0.3187500000;45.3750000000;-5.5000000000;-10.7500000000
-9.8634000000;-1.6524000000;-0.5712000000;-7.7775000000;-0.9562500000;1.2750000000;46.1875000000;-4.0625000000;-10.7500000000
-10.0164000000;-0.7344000000;0.0000000000;9.4350000000;2.4862500000;-1.6575000000;46.1875000000;-3.6875000000;-11.0625000000
-9.7818000000;-1.3566000000;-0.5508000000;1.3387500000;1.3387500000;1.3387500000;45.3750000000;-4.5000000000;-11.0625000000
-9.9348000000;-1.1220000000;-0.1632000000;-2.3587500000;-0.5100000000;-1.0200000000;45.7500000000;-4.5000000000;-11.0625000000
-9.8940000000;-1.6218000000;-0.6426000000;-7.3950000000;-2.5500000000;0.4462500000;45.7500000000;-4.5000000000;-11.0625000000
-10.1898000000;-0.8670000000;0.2652000000;0.9562500000;2.8687500000;-2.1037500000;46.1875000000;-4.5000000000;-11.0625000000
-9.8124000000;-1.3872000000;-0.6936000000;2.9325000000;-0.9562500000;0.8925000000;45.7500000000;-3.6875000000;-9.5625000000
-9.9450000000;-0.9384000000;-0.0612000000;-5.4187500000;0.8287500000;-4.1437500000;46.1875000000;-5.5000000000;-11.0625000000
-10.0164000000;-1.2240000000;-0.8466000000;4.5262500000;-1.3387500000;1.7212500000;45.7500000000;-3.2500000000;-10.3750000000
-9.7104000000;-1.5504000000;-2.3868000000;3.9525000000;4.2075000000;-10.2637500000;45.7500000000;-3.2500000000;-10.3750000000
-11.2302000000;1.1934000000;-3.9474000000;4.1437500000;17.4037500000;-17.2125000000;45.7500000000;-3.6875000000;-10.0000000000
-11.2914000000;0.9078000000;-7.2828000000;17.8500000000;20.4000000000;23.0137500000;45.3750000000;-3.2500000000;-9.8750000000
-11.6586000000;-0.6630000000;-9.5268000000;-4.9087500000;48.4500000000;29.0062500000;46.1875000000;-4.0625000000;-9.1875000000
-12.7296000000;-0.1428000000;-8.6802000000;39.5887500000;111.1162500000;16.3200000000;46.1875000000;-5.8750000000;-8.0000000000
-13.0866000000;0.1020000000;-8.1804000000;67.9575000000;142.0350000000;22.8225000000;46.1875000000;-5.8750000000;-8.0000000000
-13.1988000000;-0.4794000000;-7.1502000000;43.4775000000;160.9050000000;15.2362500000;46.1875000000;-7.7500000000;-3.6875000000
-14.3616000000;1.0812000000;-4.0800000000;74.8425000000;182.9625000000;27.8587500000;47.6875000000;-7.0000000000;2.5625000000
-11.6688000000;-2.0502000000;-5.3550000000;-49.1512500000;143.8837500000;27.8587500000;45.3750000000;-8.1875000000;9.5625000000
-12.0870000000;-1.3668000000;-0.7650000000;45.1350000000;171.6787500000;31.1100000000;43.6875000000;-10.2500000000;15.0625000000
-9.6186000000;-1.3668000000;0.9180000000;-18.1050000000;131.3250000000;20.7187500000;43.6875000000;-10.2500000000;15.0625000000
-7.6296000000;-3.8352000000;1.2444000000;-23.2050000000;83.3850000000;25.6912500000;41.7500000000;-11.5000000000;21.5000000000
-6.8748000000;-1.9482000000;0.4590000000;35.7637500000;61.7737500000;-14.0250000000;39.2500000000;-11.7500000000;24.5625000000
-6.2424000000;0.3468000000;-1.6728000000;46.1550000000;33.8512500000;-12.9412500000;37.3750000000;-12.1875000000;26.0625000000
-5.6610000000;-0.6426000000;-3.1824000000;9.7537500000;16.3200000000;-5.1637500000;36.5000000000;-12.5625000000;27.3750000000
-6.0384000000;-0.4182000000;-5.1918000000;20.7187500000;2.1675000000;-4.0162500000;36.5000000000;-12.5625000000;27.3750000000
-5.8956000000;-0.8160000000;-7.6704000000;-17.4037500000;-13.0687500000;-3.3150000000;35.6875000000;-10.2500000000;28.8750000000
-6.3954000000;-0.5610000000;-7.2012000000;8.7337500000;4.5262500000;-1.4025000000;36.3750000000;-11.7500000000;28.0625000000
-6.1404000000;-0.3774000000;-8.2824000000;-26.8387500000;-10.0725000000;-4.2712500000;36.0625000000;-11.5000000000;29.1875000000
-6.6708000000;-0.0510000000;-7.6704000000;5.1637500000;2.6137500000;0.7650000000;36.7500000000;-10.2500000000;28.0000000000
-6.4668000000;-0.6732000000;-8.0682000000;-16.8300000000;-8.6062500000;1.5300000000;36.7500000000;-10.2500000000;28.0000000000
-6.5892000000;-0.1734000000;-7.4358000000;3.6975000000;5.1637500000;0.3187500000;36.3750000000;-11.7500000000;28.0000000000
-6.5688000000;-0.6732000000;-7.2318000000;-8.9250000000;-5.8012500000;5.9925000000;35.5625000000;-10.6875000000;27.5625000000
-6.2628000000;-1.2036000000;-7.8336000000;-2.2950000000;-5.1637500000;1.2112500000;36.6875000000;-12.1875000000;28.3750000000
-6.7728000000;-0.6324000000;-7.5174000000;3.2512500000;-3.6337500000;1.9762500000;36.2500000000;-12.1875000000;28.7500000000
-6.4260000000;-0.6324000000;-8.1192000000;-9.8175000000;-1.9762500000;2.0400000000;36.2500000000;-12.1875000000;28.7500000000
-6.5280000000;-0.9690000000;-7.6806000000;-1.9762500000;0.8925000000;1.4025000000;36.2500000000;-11.5000000000;28.3750000000
-6.5076000000;-0.7140000000;-7.6398000000;-0.5737500000;0.1275000000;-0.8925000000;37.0625000000;-11.5000000000;28.3750000000
-6.5994000000;-0.5712000000;-7.5582000000;13.9612500000;3.0600000000;0.3187500000;36.6875000000;-12.5625000000;28.3750000000
-6.3648000000;-0.9486000000;-7.8234000000;-0.0637500000;-1.2112500000;1.4025000000;36.6875000000;-12.5625000000;28.3750000000
-6.5484000000;-0.6528000000;-7.3440000000;7.5862500000;2.9962500000;-1.0837500000;36.2500000000;-12.5625000000;28.7500000000
-6.3240000000;-1.2648000000;-7.6602000000;-6.6300000000;-1.1475000000;1.1475000000;36.2500000000;-10.6875000000;27.6875000000
-6.6912000000;-0.6018000000;-7.1502000000;6.5025000000;3.6337500000;-3.5700000000;37.0625000000;-11.0625000000;28.7500000000
-6.4362000000;-1.0710000000;-7.7316000000;-0.4462500000;-3.3150000000;-0.4462500000;35.5625000000;-12.1875000000;28.7500000000
-6.5586000000;-0.5304000000;-7.5684000000;2.8687500000;0.5100000000;-2.4225000000;35.5625000000;-12.1875000000;28.7500000000
-6.4770000000;-1.0506000000;-7.7622000000;-6.1200000000;-1.9762500000;-0.1912500000;36.2500000000;-10.6875000000;28.0000000000
-6.2730000000;-0.7548000000;-7.8234000000;0.2550000000;-0.9562500000;-2.9962500000;36.0000000000;-10.0000000000;28.0000000000
-6.5280000000;-0.6426000000;-7.5888000000;0.6375000000;0.8287500000;0.0637500000;37.0625000000;-10.2500000000;28.7500000000
-6.4260000000;-0.8874000000;-7.7112000000;-3.0600000000;1.2750000000;-1.5937500000;36.2500000000;-12.1875000000;28.7500000000
-6.4770000000;-0.4284000000;-7.2420000000;4.2075000000;3.6975000000;-2.2950000000;36.2500000000;-12.1875000000;28.7500000000
-6.3750000000;-0.8058000000;-7.6908000000;-6.3750000000;-4.6537500000;2.0400000000;36.6875000000;-10.2500000000;29.1875000000
-6.3648000000;-0.8670000000;-7.7520000000;0.6375000000;-0.6375000000;-0.4462500000;36.6875000000;-11.7500000000;27.1875000000
-6.3750000000;-0.6426000000;-7.4868000000;1.2750000000;1.7212500000;0.3825000000;36.6875000000;-10.6875000000;27.1875000000
-6.3954000000;-1.0098000000;-7.6398000000;-3.0600000000;-3.6975000000;1.0200000000;36.2500000000;-11.0625000000;28.3750000000
-6.5076000000;-0.5304000000;-7.6704000000;5.2275000000;-0.3187500000;1.1475000000;36.2500000000;-11.0625000000;28.3750000000
-6.5688000000;-0.7446000000;-7.7316000000;-2.1675000000;-0.7012500000;0.9562500000;36.6875000000;-12.5625000000;28.0000000000
-6.5076000000;-0.8058000000;-7.9764000000;3.5700000000;-2.0400000000;1.8487500000;36.2500000000;-11.7500000000;28.3750000000
-6.4260000000;-0.6630000000;-7.9152000000;-1.1475000000;4.2712500000;-0.8925000000;36.0000000000;-12.1875000000;28.0000000000
-6.5382000000;-0.8466000000;-7.1604000000;-2.2950000000;2.1675000000;1.2112500000;37.0625000000;-12.1875000000;28.0000000000
-6.4464000000;-0.7446000000;-7.6704000000;1.4025000000;-2.0400000000;1.4662500000;37.0625000000;-12.1875000000;28.0000000000
-6.4464000000;-0.8364000000;-7.4358000000;6.3112500000;1.6575000000;0.1912500000;36.0000000000;-12.1875000000;28.3750000000
-6.5382000000;-0.8058000000;-7.4052000000;0.8925000000;0.2550000000;-0.5737500000;36.2500000000;-10.6875000000;27.5625000000
-6.5280000000;-0.7344000000;-7.3542000000;4.2075000000;-1.2112500000;-0.3825000000;35.5625000000;-12.1875000000;26.8750000000
-6.4260000000;-1.0812000000;-7.7724000000;-5.4187500000;-1.9125000000;1.0200000000;36.6875000000;-11.0625000000;27.1875000000
-6.4668000000;-0.8160000000;-7.4664000000;7.2037500000;0.8925000000;-3.6337500000;36.6875000000;-11.0625000000;27.1875000000
-6.5178000000;-0.6936000000;-7.9560000000;-1.7850000000;-2.9325000000;1.3387500000;36.6875000000;-11.7500000000;28.3750000000
-6.3750000000;-1.0200000000;-7.9866000000;0.5100000000;1.2750000000;-2.8687500000;36.2500000000;-12.1875000000;27.6875000000
-6.6504000000;-0.6018000000;-7.4970000000;-2.6775000000;0.9562500000;0.5100000000;36.2500000000;-11.7500000000;28.0000000000
-6.4362000000;-0.9792000000;-7.8030000000;2.4862500000;0.3825000000;-0.9562500000;36.6875000000;-12.1875000000;27.5625000000
-6.4872000000;-0.8262000000;-7.4766000000;-2.1037500000;1.3387500000;-0.1275000000;36.6875000000;-12.1875000000;27.5625000000
-6.5790000000;-0.7344000000;-7.3848000000;3.0600000000;-0.7650000000;0.0637500000;37.0625000000;-11.0625000000;28.0000000000
-6.3750000000;-1.1322000000;-7.9152000000;-4.1437500000;-0.7012500000;0.9562500000;36.6875000000;-13.0000000000;28.3750000000
-6.5892000000;-0.7344000000;-7.2624000000;1.2750000000;1.9762500000;-1.4662500000;36.6875000000;-11.7500000000;28.3750000000
-6.4770000000;-0.9078000000;-7.3032000000;-0.0637500000;-0.8925000000;-0.5737500000;35.5625000000;-12.1875000000;27.6875000000
-6.4362000000;-0.6120000000;-7.5684000000;-0.8287500000;-2.7412500000;-0.5737500000;35.5625000000;-12.1875000000;27.6875000000
-6.4362000000;-1.0710000000;-7.6296000000;-0.8925000000;-0.5100000000;-0.4462500000;36.2500000000;-11.5000000000;27.5625000000
-6.6708000000;-0.5610000000;-7.5276000000;1.1475000000;-1.4025000000;-1.0837500000;36.2500000000;-12.5625000000;28.3750000000
-6.4566000000;-0.8772000000;-7.8336000000;1.0200000000;-1.3387500000;-0.4462500000;36.2500000000;-11.0625000000;28.0000000000
-6.6300000000;-0.6426000000;-7.6194000000;-0.0637500000;0.3187500000;-1.2112500000;36.2500000000;-11.7500000000;27.2500000000
-6.4974000000;-0.7956000000;-7.7826000000;-1.7212500000;-0.8287500000;0.7012500000;36.2500000000;-11.7500000000;27.2500000000
-6.5790000000;-0.7854000000;-7.6398000000;0.8287500000;0.6375000000;-0.1275000000;36.6875000000;-12.1875000000;27.1875000000
-6.6708000000;-0.7446000000;-7.3746000000;3.8887500000;2.6775000000;1.0200000000;36.6875000000;-11.5000000000;27.6875000000
-6.3852000000;-1.0098000000;-7.7418000000;-3.2512500000;-1.8487500000;-0.9562500000;36.6875000000;-10.6875000000;28.7500000000
-6.6402000000;-0.5100000000;-7.4358000000;3.5062500000;2.3587500000;0.1275000000;36.6875000000;-11.0625000000;28.0000000000
-6.4362000000;-1.2648000000;-7.6806000000;-4.2075000000;-2.2312500000;1.7850000000;36.6875000000;-11.0625000000;28.0000000000
-6.3036000000;-1.0914000000;-7.8744000000;1.5937500000;3.0600000000;-2.6775000000;37.0625000000;-12.1875000000;29.1875000000
-6.7524000000;-0.7548000000;-7.0278000000;4.2075000000;-1.5300000000;-1.3387500000;36.2500000000;-11.7500000000;27.5625000000
-6.3444000000;-0.8058000000;-8.1702000000;-1.0837500000;-2.4862500000;-0.7012500000;36.6875000000;-11.5000000000;27.1875000000
-6.6300000000;-0.8976000000;-7.0788000000;0.0637500000;2.4225000000;0.2550000000;36.6875000000;-9.5625000000;28.3750000000
-6.3342000000;-1.0710000000;-7.9152000000;3.1875000000;-0.9562500000;-1.9125000000;36.6875000000;-9.5625000000;28.3750000000
-6.6912000000;-0.3978000000;-7.3134000000;-2.4862500000;-0.1912500000;1.6575000000;36.6875000000;-11.7500000000;28.7500000000
-6.3750000000;-1.2240000000;-7.8948000000;3.1875000000;-1.8487500000;0.0637500000;36.6875000000;-9.2500000000;27.1875000000
-6.5688000000;-0.3468000000;-7.6602000000;3.1875000000;3.8887500000;-0.5100000000;36.6875000000;-11.5000000000;28.3750000000
-6.5178000000;-1.2138000000;-7.5378000000;0.0000000000;-1.1475000000;0.8287500000;36.2500000000;-10.0000000000;28.3750000000
-6.4668000000;-0.7446000000;-7.5072000000;2.0400000000;0.6375000000;-0.5737500000;36.2500000000;-10.0000000000;28.3750000000
-6.4362000000;-1.0710000000;-7.4664000000;-1.7850000000;0.1912500000;1.0837500000;36.2500000000;-11.5000000000;28.7500000000
-6.4158000000;-1.0914000000;-7.4766000000;1.9762500000;-1.0837500000;-0.2550000000;36.6875000000;-10.0000000000;28.3750000000
-6.4362000000;-0.7752000000;-7.5480000000;0.0637500000;1.1475000000;-1.5300000000;36.6875000000;-11.5000000000;27.6875000000
-6.5484000000;-0.8160000000;-7.4052000000;0.1912500000;-1.2750000000;1.0837500000;36.6875000000;-11.5000000000;27.6875000000
-6.4872000000;-1.0404000000;-7.9152000000;-0.8287500000;-3.3150000000;0.3187500000;37.0625000000;-9.5625000000;27.6875000000
-6.5076000000;-0.6120000000;-7.5378000000;3.3787500000;2.2950000000;-1.2112500000;36.0000000000;-10.2500000000;27.5625000000
-6.4464000000;-1.0200000000;-7.8336000000;-3.1237500000;-2.0400000000;1.5300000000;36.2500000000;-12.1875000000;27.1875000000
-6.5892000000;-0.8568000000;-7.5276000000;0.5737500000;0.8925000000;-1.0200000000;36.2500000000;-11.5000000000;28.0000000000
-6.6198000000;-0.7956000000;-7.4868000000;1.1475000000;0.3187500000;0.7650000000;36.2500000000;-11.5000000000;28.0000000000
-6.3750000000;-1.0302000000;-7.7316000000;-1.1475000000;-0.3187500000;-0.3187500000;36.6875000000;-11.0625000000;28.0000000000
-6.6606000000;-0.6630000000;-7.2012000000;1.8487500000;1.8487500000;-0.8925000000;37.0625000000;-10.0000000000;28.0000000000
-6.5076000000;-1.0608000000;-7.7724000000;-0.2550000000;-2.7412500000;0.8925000000;37.5000000000;-11.5000000000;27.6875000000
-6.4974000000;-0.8364000000;-7.6500000000;-0.5100000000;0.0000000000;-0.3187500000;36.6875000000;-10.0000000000;27.1875000000
-6.5280000000;-0.9588000000;-7.3032000000;0.2550000000;1.7850000000;0.0000000000;36.6875000000;-10.0000000000;27.1875000000
-6.5280000000;-0.7854000000;-7.6500000000;-1.2750000000;-4.0162500000;0.6375000000;36.6875000000;-10.6875000000;27.5625000000
-6.5076000000;-0.8364000000;-7.7622000000;1.4662500000;0.5100000000;1.2750000000;36.2500000000;-11.0625000000;28.0000000000
-6.5586000000;-0.9894000000;-7.6398000000;-1.9762500000;-0.3187500000;-0.4462500000;36.6875000000;-11.5000000000;28.0000000000
-6.6096000000;-0.6834000000;-7.4154000000;2.5500000000;0.2550000000;-0.2550000000;37.0625000000;-10.0000000000;28.3750000000
-6.6198000000;-0.7752000000;-7.7010000000;-3.5062500000;-1.5300000000;2.3587500000;37.0625000000;-10.0000000000;28.3750000000
-6.3954000000;-1.1628000000;-7.5990000000;0.5100000000;1.0837500000;0.1275000000;37.5000000000;-11.7500000000;28.0000000000
-6.5586000000;-0.6936000000;-7.3950000000;0.6375000000;1.8487500000;-0.2550000000;36.6875000000;-11.0625000000;28.0000000000
-6.4464000000;-0.8772000000;-7.4460000000;0.7650000000;-0.8925000000;0.2550000000;36.6875000000;-10.6875000000;27.1875000000
-6.5280000000;-0.8364000000;-7.6704000000;-3.3150000000;-1.7212500000;0.5100000000;36.6875000000;-10.6875000000;28.3750000000
-6.5076000000;-0.9588000000;-7.4256000000;2.9325000000;1.5937500000;-0.3187500000;36.6875000000;-10.6875000000;28.3750000000
-6.6300000000;-0.6630000000;-7.4664000000;-0.5737500000;-1.9762500000;0.0000000000;36.6875000000;-9.2500000000;28.0000000000
-6.4464000000;-1.0098000000;-7.8132000000;0.5100000000;-0.5100000000;0.8287500000;36.2500000000;-11.7500000000;27.5625000000
-6.5994000000;-0.7548000000;-7.6500000000;-1.5937500000;0.3825000000;-0.3825000000;37.0625000000;-9.5625000000;28.3750000000
-6.6198000000;-0.7650000000;-7.3644000000;1.9762500000;1.5300000000;1.5300000000;37.5000000000;-11.5000000000;26.8750000000
-6.4770000000;-0.9282000000;-7.6398000000;-2.1037500000;-1.9762500000;0.8287500000;37.5000000000;-11.5000000000;26.8750000000
-6.3954000000;-0.6834000000;-7.6092000000;2.4225000000;1.6575000000;0.7012500000;36.6875000000;-11.5000000000;28.7500000000
-6.5178000000;-1.0200000000;-7.6194000000;-2.2950000000;-1.4662500000;2.7412500000;36.2500000000;-11.7500000000;28.0000000000
-6.6300000000;-0.6834000000;-7.5276000000;0.5100000000;0.3187500000;-0.9562500000;36.2500000000;-11.7500000000;27.6875000000
-6.5790000000;-0.7650000000;-7.3950000000;-1.9762500000;0.1912500000;1.4662500000;36.2500000000;-12.5625000000;27.5625000000
-6.5178000000;-0.9078000000;-7.7010000000;-2.0400000000;-1.4025000000;1.0200000000;36.2500000000;-12.5625000000;27.5625000000
-6.5790000000;-0.8976000000;-7.3644000000;1.8487500000;0.7012500000;-0.3187500000;36.6875000000;-12.1875000000;28.0000000000
-6.5484000000;-0.7446000000;-7.6602000000;-0.8925000000;-0.6375000000;-0.5100000000;36.2500000000;-11.7500000000;27.5625000000
-6.5586000000;-0.6732000000;-7.4562000000;2.7412500000;0.3187500000;-0.1275000000;36.6875000000;-12.1875000000;28.3750000000
-6.4974000000;-0.8874000000;-7.7010000000;-4.5262500000;-2.1675000000;1.5937500000;37.5000000000;-9.5625000000;28.0000000000
-6.5280000000;-0.7140000000;-7.3032000000;4.7812500000;2.1675000000;-0.5100000000;37.5000000000;-9.5625000000;28.0000000000
-6.3648000000;-0.7140000000;-7.0482000000;-3.5062500000;-2.2312500000;1.9125000000;37.7500000000;-11.7500000000;28.7500000000
-6.2730000000;-0.8568000000;-6.1914000000;-1.5300000000;-2.1675000000;1.7850000000;36.2500000000;-10.0000000000;28.0000000000
-5.9058000000;-1.6320000000;-5.0082000000;-6.9487500000;-5.7375000000;0.5100000000;37.0625000000;-11.7500000000;27.5625000000
-6.0384000000;-2.2134000000;-1.4790000000;1.5300000000;-1.9125000000;-8.0325000000;36.2500000000;-12.1875000000;28.7500000000
-6.4770000000;-1.8360000000;-0.9282000000;11.9212500000;-28.3687500000;-25.5637500000;36.2500000000;-12.1875000000;28.7500000000
-7.1400000000;-1.3158000000;-0.7956000000;9.3712500000;-50.3625000000;-27.9862500000;36.6875000000;-10.2500000000;27.1875000000
-7.7112000000;-2.1318000000;-0.0102000000;-56.8650000000;-68.9137500000;-35.0625000000;38.1875000000;-9.2500000000;26.0000000000
-9.6288000000;-0.8874000000;-1.0710000000;-77.2650000000;-101.5537500000;-50.4900000000;39.0000000000;-10.2500000000;24.0625000000
-10.5876000000;-0.7752000000;-3.0702000000;-51.8287500000;-125.1412500000;-49.9800000000;42.0000000000;-9.5625000000;20.5000000000
-11.5464000000;-0.4896000000;-2.4786000000;7.7775000000;-123.2925000000;-46.5375000000;42.0000000000;-9.5625000000;20.5000000000
-12.7092000000;0.1224000000;-5.4162000000;28.2412500000;-166.3875000000;-29.0062500000;42.6875000000;-5.8750000000;16.1875000000
-12.4644000000;-0.5304000000;-9.0066000000;54.1875000000;-141.5250000000;1.7850000000;44.5625000000;-4.7500000000;11.5000000000
-12.8316000000;-1.6524000000;-8.9148000000;54.4425000000;-108.0562500000;12.3037500000;46.3750000000;-3.2500000000;5.1875000000
-12.4440000000;-2.1624000000;-9.1902000000;-17.0212500000;-106.5262500000;-2.4862500000;46.5000000000;-3.2500000000;2.0000000000
-11.7198000000;-1.9176000000;-8.5986000000;-45.4537500000;-52.7850000000;-10.0087500000;46.5000000000;-3.2500000000;2.0000000000
-10.5264000000;-1.5912000000;-5.8242000000;-38.8237500000;-28.3687500000;-9.6900000000;46.8750000000;-1.5000000000;-3.5625000000
-10.2408000000;-2.1420000000;-3.6312000000;-44.2425000000;-16.7662500000;-12.8775000000;46.8750000000;-1.5000000000;-5.0625000000
-10.4244000000;-2.3766000000;-2.2644000000;16.0012500000;-14.5987500000;-8.6062500000;46.8750000000;-2.5625000000;-5.0000000000
-9.8328000000;-1.6116000000;-1.2750000000;50.6812500000;-26.5200000000;0.8287500000;46.8750000000;-2.5625000000;-5.0000000000
-9.8328000000;-1.2342000000;-1.1730000000;12.7500000000;-31.8750000000;-0.7650000000;46.8750000000;0.2500000000;-6.5625000000
-9.7104000000;-2.1726000000;-0.6426000000;2.2312500000;-31.4287500000;9.8812500000;46.8750000000;-1.7500000000;-7.3750000000
-9.2922000000;-2.4480000000;-0.6426000000;-5.8650000000;-34.4887500000;2.6775000000;46.5000000000;0.2500000000;-8.1875000000
-9.8430000000;-1.3770000000;-1.5810000000;1.2750000000;-22.1850000000;-5.8012500000;45.7500000000;-0.3750000000;-9.7500000000
-9.7002000000;-1.7340000000;-0.7548000000;10.0725000000;-0.9562500000;3.8887500000;45.7500000000;-0.3750000000;-9.7500000000
-10.0878000000;-1.3056000000;-1.1118000000;-7.5862500000;-1.6575000000;0.1912500000;46.8750000000;0.0000000000;-9.7500000000
-9.8226000000;-1.8768000000;-1.0710000000;-10.0087500000;1.6575000000;5.4825000000;46.1875000000;-1.1875000000;-9.3750000000
-9.9858000000;-2.1012000000;-0.3876000000;-28.8150000000;0.9562500000;0.7650000000;45.6875000000;-0.7500000000;-11.2500000000
-9.6492000000;-1.7034000000;-0.3468000000;9.3712500000;4.0800000000;2.3587500000;46.3750000000;-1.5000000000;-10.0625000000
-9.7308000000;-1.6728000000;0.0000000000;-3.0600000000;5.9287500000;4.2712500000;46.3750000000;-1.5000000000;-10.0625000000
-9.9246000000;-1.7748000000;-0.1836000000;-20.4637500000;-1.4662500000;-0.0637500000;46.7500000000;-3.2500000000;-10.5625000000
-9.8328000000;-1.6728000000;-0.7446000000;-4.5900000000;-1.3387500000;3.3787500000;46.3750000000;-2.5625000000;-10.0625000000
-9.8940000000;-1.4484000000;-0.8466000000;0.8287500000;0.6375000000;5.7375000000;46.3750000000;-2.5625000000;-10.5625000000
-9.8634000000;-1.7850000000;-0.6426000000;-7.0125000000;-0.7012500000;2.6137500000;46.7500000000;-2.5625000000;-11.0000000000
-9.8634000000;-1.6524000000;-0.3876000000;3.1237500000;-0.2550000000;0.7650000000;46.7500000000;-2.5625000000;-11.0000000000
-9.6900000000;-1.7034000000;-0.3978000000;-4.2075000000;-1.5937500000;2.4862500000;46.0625000000;-3.0000000000;-9.7500000000
-9.7308000000;-1.5912000000;-0.3672000000;4.9725000000;-1.7850000000;2.2950000000;45.6875000000;-0.7500000000;-9.7500000000
-9.8022000000;-2.2950000000;-0.9078000000;-5.1637500000;-4.6537500000;3.3150000000;45.6875000000;-1.1875000000;-10.0625000000
-9.8226000000;-1.7340000000;-0.2856000000;-0.9562500000;2.4225000000;-3.0600000000;46.0625000000;-1.5000000000;-10.5625000000
-9.7818000000;-1.6320000000;-0.6936000000;-2.1675000000;-1.4662500000;0.0637500000;46.0625000000;-1.5000000000;-10.5625000000
-9.6696000000;-1.7034000000;-0.5916000000;-5.4825000000;0.0637500000;-0.3187500000;46.3750000000;-0.7500000000;-10.0625000000
-9.8226000000;-1.6524000000;-0.5508000000;-7.4587500000;-2.6137500000;-0.7012500000;46.0625000000;-3.2500000000;-10.0625000000
-9.9144000000;-1.6320000000;-0.4998000000;-2.6137500000;0.4462500000;0.6375000000;46.0625000000;-1.5000000000;-10.0625000000
-9.7920000000;-1.8972000000;-0.5406000000;-11.4112500000;-0.9562500000;-2.3587500000;46.3750000000;-0.7500000000;-9.7500000000
-9.9450000000;-1.1628000000;-0.1428000000;3.7612500000;2.2950000000;-2.3587500000;46.3750000000;-0.7500000000;-9.7500000000
-9.8736000000;-1.6116000000;-0.6834000000;-10.9012500000;-2.9962500000;3.8887500000;46.0625000000;-0.3750000000;-11.0000000000
-9.8430000000;-1.8258000000;-0.1836000000;0.2550000000;2.4225000000;-0.0637500000;45.6875000000;-0.7500000000;-11.0000000000
-9.7614000000;-1.4994000000;-0.6324000000;4.9087500000;-2.8687500000;2.2312500000;46.3750000000;-1.5000000000;-11.7500000000
-9.8022000000;-1.8054000000;-0.4998000000;0.8287500000;0.5737500000;1.9762500000;46.3750000000;-1.1875000000;-11.0000000000
-9.7614000000;-1.5708000000;-0.2244000000;5.5462500000;0.2550000000;-2.1675000000;46.3750000000;-1.1875000000;-11.0000000000
-9.9960000000;-1.4382000000;-0.6630000000;18.4237500000;-2.7412500000;3.3787500000;45.2500000000;-0.7500000000;-11.0000000000
-9.5778000000;-2.4378000000;-0.8364000000;-13.8975000000;-0.7012500000;-1.7212500000;45.6875000000;-1.1875000000;-9.3750000000
-9.9654000000;-1.3770000000;-0.1020000000;7.5225000000;2.0400000000;-6.3112500000;45.2500000000;-1.7500000000;-10.0625000000
-9.7614000000;-1.5504000000;-0.7548000000;7.2675000000;-1.2750000000;2.6775000000;45.6875000000;-1.5000000000;-11.2500000000
-10.0062000000;-1.8054000000;-0.5508000000;-10.6462500000;-0.0637500000;-1.6575000000;45.6875000000;-1.5000000000;-11.2500000000
-10.5366000000;-1.3566000000;-0.8262000000;6.1200000000;2.5500000000;-1.4662500000;45.6875000000;-0.3750000000;-11.0000000000
-10.0674000000;-0.7752000000;-3.1926000000;-10.1362500000;-7.0125000000;-3.3787500000;46.0625000000;-3.0000000000;-10.5625000000
-10.3938000000;1.2648000000;-7.5480000000;32.5762500000;23.8425000000;-2.1037500000;45.6875000000;-1.1875000000;-11.0000000000
-12.5766000000;0.1428000000;-6.5994000000;56.4825000000;72.4200000000;46.6012500000;45.6875000000;-0.7500000000;-10.0625000000
-12.0972000000;-1.7850000000;-7.4766000000;-17.7225000000;53.1037500000;36.9750000000;45.6875000000;-0.7500000000;-10.0625000000
-12.0870000000;-2.4888000000;-9.7512000000;54.8887500000;116.0887500000;11.2837500000;45.6875000000;-2.1875000000;-6.5625000000
-13.8210000000;-0.5406000000;-7.4562000000;91.6087500000;158.7375000000;7.9050000000;46.7500000000;-4.8750000000;-5.0000000000
-14.4330000000;-0.4386000000;-8.3538000000;67.3837500000;160.0125000000;5.6737500000;46.7500000000;-6.3750000000;0.0625000000
-14.3004000000;-1.2036000000;-9.4860000000;21.6750000000;183.9825000000;9.1800000000;46.1875000000;-6.0000000000;7.1875000000
-14.6268000000;-2.1114000000;-8.6802000000;36.8475000000;235.2375000000;2.8687500000;46.1875000000;-6.0000000000;7.1875000000
-14.1576000000;-2.0706000000;-4.4370000000;42.3300000000;243.2062500000;-2.5500000000;44.6875000000;-7.5000000000;13.7500000000
-11.9442000000;-1.6116000000;-0.7446000000;37.4212500000;223.4437500000;-0.3187500000;41.2500000000;-6.7500000000;23.5625000000
-9.6696000000;-1.0302000000;2.9886000000;41.1825000000;192.8437500000;2.7412500000;35.8750000000;-6.3750000000;29.0625000000
-6.4464000000;-1.3056000000;2.8458000000;-20.7825000000;78.1575000000;6.5025000000;30.6875000000;-5.2500000000;35.3750000000
-4.6512000000;-2.5806000000;-0.4692000000;22.5037500000;45.1350000000;-3.3150000000;30.6875000000;-5.2500000000;35.3750000000
-3.8964000000;-1.4892000000;-1.1322000000;26.2012500000;24.2887500000;-11.5387500000;27.6875000000;-7.0625000000;35.3750000000
-4.1820000000;-0.7344000000;-3.8556000000;19.0612500000;-19.5712500000;-10.5187500000;26.0000000000;-7.0625000000;38.1875000000
-3.0804000000;-2.3970000000;-7.5582000000;-51.3825000000;-40.0987500000;-4.8450000000;25.5625000000;-5.2500000000;38.5625000000
-3.8148000000;-1.7442000000;-8.1294000000;-31.5562500000;-18.4875000000;-21.6750000000;25.5625000000;-5.2500000000;38.5625000000
-4.2024000000;-0.9690000000;-8.0172000000;-12.9412500000;-14.5350000000;-8.6062500000;27.5000000000;-6.3750000000;37.3750000000
-4.2942000000;-1.7238000000;-8.6700000000;-6.5662500000;-12.4312500000;-6.9487500000;27.8750000000;-7.0625000000;37.3750000000
-4.8348000000;-0.8874000000;-9.2310000000;-5.1637500000;-16.8937500000;-4.2075000000;29.0000000000;-7.0625000000;36.5625000000
-4.3860000000;-1.0914000000;-9.7410000000;-38.2500000000;-18.3600000000;-3.1875000000;29.2500000000;-7.0625000000;36.5625000000
-4.8144000000;-1.4586000000;-8.7210000000;-7.2037500000;-12.4312500000;-2.2950000000;29.2500000000;-7.0625000000;36.5625000000
-4.7328000000;-1.4280000000;-9.3330000000;0.5100000000;-19.5075000000;-0.1912500000;29.6875000000;-7.5000000000;36.1875000000
-4.9674000000;-1.4892000000;-9.3330000000;3.7612500000;-9.4350000000;-3.4425000000;30.0625000000;-8.2500000000;34.5625000000
-5.2734000000;-1.1934000000;-8.5068000000;1.1475000000;-4.4625000000;-1.5300000000;30.0625000000;-7.5000000000;35.0000000000
-5.0184000000;-1.6524000000;-8.3844000000;-6.6937500000;-8.1600000000;-2.9962500000;30.5000000000;-7.8750000000;35.3750000000
-5.1714000000;-1.0812000000;-8.6700000000;5.9925000000;-6.8212500000;-1.5300000000;30.5000000000;-7.8750000000;35.3750000000
-4.9878000000;-1.7442000000;-8.1600000000;1.5937500000;-6.3112500000;2.1037500000;31.1875000000;-7.8750000000;33.8750000000
-5.0286000000;-1.3158000000;-8.5986000000;18.1050000000;-4.8450000000;-2.1675000000;31.8750000000;-7.5000000000;34.1875000000
-5.2224000000;-1.3362000000;-8.1906000000;3.8887500000;-4.6537500000;1.8487500000;31.1875000000;-7.8750000000;34.2500000000
-5.0694000000;-1.5402000000;-8.8638000000;2.0400000000;-7.3312500000;2.1675000000;32.0000000000;-7.0625000000;35.3750000000
-5.1612000000;-1.6626000000;-8.4048000000;-4.4625000000;-4.0162500000;2.2950000000;32.0000000000;-7.0625000000;35.3750000000
-5.5080000000;-1.1220000000;-8.3946000000;2.6137500000;-5.4187500000;1.9762500000;31.5625000000;-7.5000000000;33.0625000000
-5.2428000000;-1.7238000000;-8.7516000000;-3.8250000000;-12.2400000000;6.8212500000;32.0000000000;-7.5000000000;33.8750000000
-5.3142000000;-1.7952000000;-8.4966000000;-2.0400000000;-3.4425000000;0.0000000000;32.2500000000;-7.8750000000;33.7500000000
-5.2122000000;-1.7238000000;-8.1702000000;7.6500000000;-1.6575000000;0.9562500000;32.2500000000;-7.5000000000;32.2500000000
-5.3958000000;-1.5912000000;-8.1090000000;-4.3350000000;-3.8887500000;0.0000000000;32.2500000000;-7.5000000000;32.2500000000
-5.2020000000;-1.7442000000;-7.9866000000;-1.7850000000;-3.6975000000;-0.1275000000;32.0000000000;-7.8750000000;33.3750000000
-5.5284000000;-1.5504000000;-8.0172000000;-0.7650000000;-7.5225000000;-0.8287500000;32.5625000000;-7.8750000000;32.6875000000
-5.1612000000;-1.7442000000;-8.5374000000;4.0800000000;-7.9050000000;-0.9562500000;33.3750000000;-8.2500000000;33.0625000000
-5.4774000000;-1.3464000000;-8.1600000000;1.8487500000;-3.8250000000;-0.9562500000;33.3750000000;-7.5000000000;32.2500000000
-5.4162000000;-1.7442000000;-8.6802000000;0.0000000000;-6.7575000000;1.1475000000;33.3750000000;-7.5000000000;32.2500000000
-5.4468000000;-1.5606000000;-8.5578000000;0.2550000000;-2.2312500000;-2.1037500000;33.0000000000;-8.2500000000;32.6875000000
-5.6406000000;-1.3974000000;-8.6496000000;-0.4462500000;-5.1000000000;0.6375000000;33.3750000000;-7.8750000000;32.6875000000
-5.4366000000;-1.7034000000;-8.7312000000;-1.8487500000;0.1912500000;1.3387500000;33.3750000000;-6.7500000000;33.0625000000
-5.5692000000;-1.6218000000;-8.2212000000;1.1475000000;-0.0637500000;-1.3387500000;33.7500000000;-6.3750000000;32.2500000000
-5.4774000000;-1.6422000000;-8.4048000000;4.0162500000;-0.8287500000;0.0637500000;33.7500000000;-6.3750000000;32.2500000000
-5.4978000000;-1.7136000000;-8.7516000000;-3.5700000000;0.1912500000;-0.6375000000;33.7500000000;-6.0000000000;31.8750000000
-5.7018000000;-1.6320000000;-7.8642000000;0.5737500000;4.3350000000;-2.8687500000;33.3750000000;-7.0625000000;32.6875000000
-5.5182000000;-1.4994000000;-8.2008000000;3.5700000000;-2.2950000000;-1.2750000000;32.5625000000;-8.5625000000;32.6875000000
-5.5080000000;-1.4790000000;-8.4558000000;0.1275000000;0.1912500000;-0.8287500000;33.0000000000;-6.0000000000;32.2500000000
-5.5182000000;-1.5504000000;-8.1294000000;-3.5062500000;0.8287500000;0.1912500000;33.0000000000;-6.0000000000;32.2500000000
-5.4162000000;-1.6626000000;-8.0274000000;0.2550000000;0.1275000000;-0.1275000000;34.0625000000;-6.3750000000;32.5625000000
-5.5284000000;-1.5504000000;-7.9662000000;2.7412500000;-2.6137500000;1.0200000000;33.0000000000;-7.5000000000;32.5625000000
-5.5080000000;-1.6320000000;-8.3538000000;0.9562500000;-2.0400000000;0.3187500000;33.3750000000;-7.8750000000;33.0625000000
-5.6406000000;-1.5810000000;-7.7214000000;1.1475000000;-0.5737500000;0.2550000000;33.3750000000;-6.0000000000;32.2500000000
-5.5284000000;-1.7034000000;-8.3334000000;4.2075000000;-4.2075000000;-0.3825000000;33.3750000000;-6.0000000000;32.2500000000
-5.5896000000;-1.5402000000;-8.3946000000;-2.7412500000;-1.6575000000;0.8925000000;33.3750000000;-7.0625000000;30.2500000000
-5.3754000000;-1.8462000000;-8.0172000000;0.0637500000;-0.4462500000;0.0637500000;33.3750000000;-6.0000000000;32.6875000000
-5.6202000000;-1.6626000000;-8.1906000000;1.2112500000;-3.9525000000;1.2750000000;33.3750000000;-6.0000000000;33.0625000000
-5.4876000000;-1.6014000000;-8.4456000000;0.8287500000;-3.3787500000;0.0637500000;34.0625000000;-5.5625000000;31.5000000000
-5.6508000000;-1.5912000000;-8.1600000000;-7.2037500000;0.1275000000;1.7850000000;34.0625000000;-5.5625000000;31.5000000000
-5.6304000000;-1.7034000000;-8.2824000000;3.8250000000;-1.5937500000;-0.1912500000;34.0625000000;-6.3750000000;33.0625000000
-5.5896000000;-1.5912000000;-8.4150000000;-3.1237500000;-1.1475000000;0.1275000000;33.7500000000;-6.0000000000;32.2500000000
-5.8140000000;-1.3872000000;-7.9050000000;2.5500000000;2.1675000000;-0.2550000000;33.7500000000;-8.2500000000;31.5000000000
-5.6610000000;-1.5504000000;-8.1906000000;-5.6737500000;-2.6137500000;2.9325000000;33.3750000000;-6.0000000000;32.5625000000
-5.5998000000;-1.5606000000;-8.4354000000;-1.9125000000;-0.7012500000;1.2112500000;33.3750000000;-6.0000000000;32.5625000000
-5.6712000000;-1.2852000000;-8.0580000000;-3.7612500000;1.4662500000;2.6137500000;34.5000000000;-7.8750000000;31.8750000000
-5.6406000000;-1.4790000000;-8.2518000000;-3.4425000000;-1.0837500000;2.8050000000;33.7500000000;-7.5000000000;31.5000000000
-5.7018000000;-1.7850000000;-8.1294000000;1.9125000000;0.5100000000;2.8687500000;33.7500000000;-7.5000000000;31.5000000000
-5.5896000000;-1.6524000000;-8.2110000000;1.6575000000;0.8925000000;0.7650000000;33.7500000000;-7.5000000000;31.5000000000
-5.7018000000;-1.6728000000;-7.7622000000;2.9325000000;2.2950000000;-0.1275000000;33.7500000000;-8.2500000000;33.0625000000
-5.6304000000;-1.5606000000;-7.9764000000;2.4862500000;-1.5300000000;0.1275000000;33.7500000000;-7.8750000000;32.6875000000
-5.5998000000;-1.6932000000;-8.2110000000;-2.6137500000;-2.4862500000;0.7012500000;33.7500000000;-7.8750000000;31.5000000000
-5.6406000000;-1.5096000000;-8.1498000000;-1.7850000000;-1.0837500000;-1.2112500000;33.3750000000;-8.5625000000;31.8750000000
-5.7120000000;-1.4790000000;-8.3334000000;1.7212500000;-2.9962500000;0.1275000000;33.3750000000;-8.5625000000;31.8750000000
-5.5488000000;-1.5504000000;-8.5578000000;-0.7012500000;-1.5937500000;0.5737500000;33.7500000000;-7.5000000000;31.8750000000
-5.8140000000;-1.4994000000;-8.0784000000;-0.8287500000;3.6975000000;-0.4462500000;34.0625000000;-8.2500000000;31.5000000000
-5.6406000000;-1.7136000000;-8.0988000000;-2.3587500000;-1.0200000000;-0.7012500000;33.7500000000;-7.8750000000;32.2500000000
-5.7732000000;-1.2648000000;-7.9662000000;4.6537500000;1.8487500000;-1.2112500000;33.7500000000;-7.8750000000;31.0625000000
-5.6406000000;-1.7850000000;-8.0886000000;-2.0400000000;-0.5100000000;0.7012500000;33.7500000000;-7.8750000000;31.0625000000
-5.5998000000;-1.5912000000;-8.3538000000;-0.5737500000;-0.8287500000;-2.1675000000;33.7500000000;-8.2500000000;32.5625000000
-5.7936000000;-1.4790000000;-7.7112000000;2.5500000000;4.6537500000;-1.9125000000;33.7500000000;-6.0000000000;32.5625000000
-5.4978000000;-1.6830000000;-8.3538000000;-10.2000000000;-4.0800000000;-0.6375000000;33.7500000000;-7.0625000000;31.5000000000
-5.6406000000;-1.6218000000;-7.8540000000;1.5300000000;1.2112500000;-3.3150000000;33.7500000000;-7.0625000000;32.2500000000
-5.6406000000;-1.3668000000;-8.0988000000;-1.4662500000;-1.7212500000;-2.6775000000;33.7500000000;-7.0625000000;32.2500000000
-5.6202000000;-1.6422000000;-8.0274000000;1.5300000000;-0.5737500000;-2.0400000000;33.7500000000;-6.3750000000;31.3750000000
-5.7120000000;-1.3872000000;-8.0376000000;2.3587500000;-2.1675000000;-1.4025000000;33.7500000000;-8.2500000000;31.8750000000
-5.7324000000;-1.5300000000;-8.2008000000;4.4625000000;-1.3387500000;-1.1475000000;33.7500000000;-6.0000000000;31.5000000000
-5.6406000000;-1.6422000000;-8.1906000000;-0.1275000000;-1.8487500000;-0.1275000000;34.0625000000;-7.0625000000;31.0625000000
-5.7732000000;-1.6014000000;-8.2518000000;1.4025000000;-1.2112500000;-1.0200000000;34.0625000000;-7.0625000000;31.0625000000
-5.7426000000;-1.6422000000;-8.3130000000;0.8925000000;-0.3187500000;0.2550000000;34.5000000000;-7.5000000000;31.0625000000
-5.6610000000;-1.6830000000;-8.0172000000;-2.0400000000;1.4662500000;-1.2750000000;34.0625000000;-7.5000000000;32.5625000000
-5.7630000000;-1.3872000000;-8.0376000000;2.9962500000;0.1912500000;-1.0200000000;34.5000000000;-7.5000000000;31.5000000000
-5.6610000000;-1.7136000000;-8.1294000000;-5.1000000000;0.1275000000;-0.5737500000;34.0625000000;-7.5000000000;30.6875000000
-5.5998000000;-1.4892000000;-7.9560000000;3.4425000000;0.5737500000;-1.2112500000;34.0625000000;-7.5000000000;30.6875000000
-5.7120000000;-1.5606000000;-8.0580000000;-0.6375000000;-1.0837500000;0.5737500000;34.5000000000;-7.8750000000;31.5000000000
-5.6916000000;-1.5606000000;-8.0988000000;1.8487500000;0.3825000000;0.7012500000;33.7500000000;-7.5000000000;31.8750000000
-5.6916000000;-1.7034000000;-8.0070000000;-1.8487500000;-1.2112500000;0.0637500000;34.5000000000;-6.0000000000;31.0625000000
-5.6304000000;-1.3872000000;-8.2824000000;2.9325000000;-1.5937500000;-0.3825000000;34.0625000000;-7.8750000000;32.2500000000
-5.7732000000;-1.5708000000;-7.8948000000;-1.4662500000;0.8287500000;1.9762500000;34.0625000000;-7.8750000000;32.2500000000
-5.6814000000;-1.6320000000;-8.0478000000;1.6575000000;-2.6137500000;0.6375000000;34.5000000000;-7.8750000000;32.2500000000
-5.7222000000;-1.5708000000;-8.4252000000;-0.3825000000;-1.7850000000;1.9125000000;34.5000000000;-7.0625000000;31.8750000000
-5.8242000000;-1.7034000000;-7.9254000000;-2.6137500000;1.0200000000;0.9562500000;34.0625000000;-7.5000000000;32.2500000000
-5.6202000000;-1.6116000000;-8.1498000000;1.2112500000;-1.9125000000;0.5100000000;34.5000000000;-6.3750000000;31.5000000000
-5.7324000000;-1.7034000000;-8.1804000000;-4.1437500000;-0.5737500000;1.9125000000;34.5000000000;-6.3750000000;31.5000000000
-5.6508000000;-1.6830000000;-8.1090000000;1.5300000000;1.6575000000;-1.5937500000;33.7500000000;-6.7500000000;31.5000000000
-5.8446000000;-1.3158000000;-7.9050000000;-2.4225000000;-0.7650000000;1.1475000000;34.5000000000;-6.3750000000;31.0625000000
-5.6304000000;-1.7136000000;-8.1294000000;-0.1275000000;-1.4662500000;0.7012500000;33.7500000000;-6.0000000000;31.0625000000
-5.7528000000;-1.4994000000;-8.2212000000;-1.0837500000;-0.9562500000;0.6375000000;34.8750000000;-7.8750000000;30.6875000000
-5.6916000000;-1.7238000000;-8.0070000000;0.2550000000;0.8287500000;-1.1475000000;34.8750000000;-7.8750000000;30.6875000000
-5.8650000000;-1.3566000000;-7.9050000000;0.1912500000;-1.9762500000;1.0837500000;34.5000000000;-8.2500000000;30.6875000000
-5.7528000000;-1.7034000000;-8.0478000000;-1.4662500000;-3.6337500000;1.0200000000;34.8750000000;-7.0625000000;32.2500000000
-5.7324000000;-1.4382000000;-8.3130000000;1.5300000000;1.8487500000;-0.4462500000;34.5000000000;-8.2500000000;30.2500000000
-5.7732000000;-1.6218000000;-7.8642000000;-0.5100000000;0.5100000000;-1.1475000000;34.5000000000;-8.2500000000;31.5000000000
-5.7324000000;-1.3056000000;-8.1192000000;-1.9125000000;-1.1475000000;1.0200000000;34.5000000000;-8.2500000000;31.5000000000
-5.8038000000;-1.5810000000;-7.9866000000;0.8925000000;-0.8287500000;0.7012500000;35.5625000000;-7.8750000000;31.0625000000
-5.7222000000;-1.3872000000;-8.1600000000;-1.2112500000;-0.3825000000;1.3387500000;34.5000000000;-8.2500000000;30.6875000000
-5.7732000000;-1.6116000000;-7.7112000000;-1.0200000000;0.9562500000;2.5500000000;34.0625000000;-7.8750000000;31.5000000000
-5.8242000000;-1.5300000000;-7.7520000000;-0.1912500000;-4.8450000000;0.8287500000;34.0625000000;-8.2500000000;31.8750000000
-5.6304000000;-1.7340000000;-8.2314000000;0.7012500000;-1.8487500000;1.4025000000;34.0625000000;-8.2500000000;31.8750000000
-5.8242000000;-1.4994000000;-7.8744000000;-3.6975000000;-0.7650000000;0.1275000000;34.0625000000;-7.8750000000;30.6875000000
-5.7834000000;-1.5912000000;-7.3644000000;-5.1000000000;-1.5937500000;-0.2550000000;33.7500000000;-8.5625000000;30.2500000000
-5.6100000000;-1.3362000000;-7.0380000000;-4.6537500000;-3.9525000000;-1.2750000000;34.5000000000;-8.5625000000;31.0625000000
-5.2632000000;-1.7850000000;-5.9670000000;-16.3837500000;-3.6975000000;-1.9762500000;34.5000000000;-8.5625000000;31.0625000000
-5.1714000000;-1.6830000000;-3.7230000000;-14.8537500000;-0.1912500000;-12.4950000000;34.0625000000;-6.3750000000;30.2500000000
-5.4978000000;-0.6630000000;-2.2134000000;-30.9825000000;-6.9487500000;-17.4037500000;34.5000000000;-9.0000000000;30.7500000000
-6.1710000000;-1.0608000000;-1.0812000000;-47.3662500000;-21.5475000000;-20.7187500000;35.2500000000;-8.5625000000;31.0625000000
-6.8646000000;0.3978000000;-1.9584000000;-48.8962500000;-44.8162500000;-21.0375000000;35.5625000000;-8.5625000000;29.8750000000
-8.4354000000;-0.9690000000;-2.4276000000;-50.1712500000;-63.6862500000;-13.8975000000;35.5625000000;-8.5625000000;29.8750000000
-9.9552000000;-1.0302000000;-4.5186000000;2.0400000000;-108.2475000000;-11.2200000000;37.0625000000;-9.3750000000;27.5625000000
-10.4754000000;-2.0808000000;-5.5386000000;16.7025000000;-119.0212500000;-3.8250000000;38.5625000000;-10.0625000000;25.5625000000
-10.7712000000;-1.5708000000;-8.4252000000;10.4550000000;-146.8800000000;-18.9975000000;41.5000000000;-10.0625000000;22.3750000000
-10.5774000000;-2.1420000000;-7.9560000000;13.4512500000;-105.8250000000;-11.1562500000;43.3750000000;-9.3750000000;17.2500000000
-11.2098000000;-0.6426000000;-6.8646000000;14.7262500000;-109.1400000000;-22.1850000000;43.3750000000;-9.3750000000;17.2500000000
-11.7198000000;-0.6834000000;-7.2318000000;-0.8287500000;-112.2000000000;-17.4037500000;44.5000000000;-6.3750000000;13.3750000000
-10.7610000000;-1.8564000000;-6.7524000000;16.7662500000;-98.1750000000;0.6375000000;45.5625000000;-5.2500000000;9.7500000000
-10.5672000000;-2.1216000000;-7.4256000000;19.5712500000;-94.3500000000;-5.1000000000;47.0625000000;-5.2500000000;5.5000000000
-10.3632000000;-0.6834000000;-7.6500000000;1.0837500000;-72.3562500000;-12.8775000000;46.6875000000;-3.0625000000;2.2500000000
-10.0980000000;-1.5708000000;-6.2934000000;-34.2337500000;-50.6175000000;-6.1200000000;46.6875000000;-3.0625000000;2.2500000000
-10.0572000000;-1.9278000000;-4.1208000000;-85.9350000000;-48.1312500000;-20.7825000000;46.6875000000;-3.3750000000;-0.3750000000
-10.2918000000;-1.7952000000;-2.8458000000;-36.3375000000;-40.2262500000;-27.3487500000;46.6875000000;-2.3750000000;-3.1875000000
-10.0980000000;-0.9690000000;-3.0498000000;53.8687500000;-24.5437500000;2.4862500000;46.2500000000;-1.0000000000;-4.6875000000
-10.0674000000;-1.8666000000;-1.3770000000;13.1962500000;-28.6237500000;13.3237500000;46.6875000000;0.0625000000;-6.0000000000
-9.6084000000;-2.2848000000;-1.3158000000;-3.3150000000;-39.5887500000;-0.1912500000;46.6875000000;0.0625000000;-6.0000000000
-9.8838000000;-1.7340000000;-2.6724000000;25.6275000000;-32.6400000000;0.3825000000;46.6875000000;-2.3750000000;-7.1875000000
-9.6390000000;-0.8976000000;-2.5194000000;12.4950000000;1.2112500000;6.6937500000;46.2500000000;-2.7500000000;-7.5625000000
-10.2612000000;-1.5810000000;-0.3774000000;-29.7712500000;2.7412500000;-1.0200000000;45.8750000000;-1.3750000000;-9.1875000000
-9.7104000000;-2.0910000000;-0.4284000000;-5.6100000000;-5.4825000000;2.6137500000;45.8750000000;-0.5625000000;-9.5625000000
-9.3432000000;-1.7340000000;-0.6120000000;-7.9687500000;-4.4625000000;-1.2112500000;45.8750000000;-0.5625000000;-9.5625000000
-9.8430000000;-1.8972000000;-0.3468000000;3.4425000000;-2.4225000000;1.2750000000;45.0625000000;-1.3750000000;-9.1875000000
-9.7716000000;-1.8156000000;-0.7956000000;-5.4825000000;-5.5462500000;-0.6375000000;46.1875000000;-0.5625000000;-8.3750000000
-10.0266000000;-0.9792000000;-0.7446000000;-7.7137500000;0.0637500000;-0.8287500000;46.5625000000;-0.5625000000;-8.7500000000
-10.0062000000;-1.7850000000;-0.5202000000;-5.8012500000;-0.6375000000;2.6775000000;46.5625000000;-2.0000000000;-10.2500000000
-9.8328000000;-1.7238000000;-0.6018000000;-11.2200000000;-1.5937500000;-2.4862500000;46.5625000000;-2.0000000000;-10.2500000000
-9.8736000000;-1.4586000000;-0.2448000000;13.9612500000;1.4662500000;3.7612500000;46.5625000000;-1.6875000000;-8.7500000000
-9.8226000000;-2.2644000000;-0.8772000000;1.9762500000;-3.5062500000;4.5900000000;45.8750000000;-1.6875000000;-10.7500000000
-10.0980000000;-1.2852000000;-0.1326000000;6.8850000000;4.5900000000;-2.9325000000;45.8750000000;-2.0000000000;-10.0000000000
-9.6288000000;-2.1420000000;-0.7752000000;6.6937500000;-2.2312500000;2.2312500000;46.1875000000;-1.6875000000;-9.5625000000
-9.9756000000;-1.5708000000;-0.4284000000;-9.9450000000;0.4462500000;-4.7812500000;46.1875000000;-1.6875000000;-9.5625000000
-9.7308000000;-1.7442000000;-0.5712000000;0.2550000000;0.5100000000;2.4862500000;47.0000000000;-2.0000000000;-9.1875000000
-9.7614000000;-1.8156000000;-0.7140000000;-8.3512500000;-1.7212500000;-0.8925000000;47.0000000000;-2.7500000000;-9.1875000000
-9.9348000000;-1.4790000000;-0.5508000000;0.3825000000;1.2750000000;-0.4462500000;45.8750000000;-1.6875000000;-9.1875000000
-9.7920000000;-1.8972000000;-0.6936000000;0.1912500000;-0.1912500000;0.4462500000;45.5000000000;-1.6875000000;-10.7500000000
-9.7614000000;-1.4892000000;-0.5202000000;8.7975000000;1.6575000000;-1.4662500000;45.5000000000;-1.6875000000;-10.7500000000
-9.6798000000;-1.7850000000;-0.7038000000;5.4187500000;2.0400000000;-1.9762500000;45.5000000000;-3.5000000000;-11.1875000000
-9.8328000000;-1.7952000000;-0.6018000000;7.0125000000;0.0637500000;0.7012500000;46.5625000000;-1.6875000000;-10.2500000000
-9.8328000000;-1.7136000000;-0.4896000000;2.9962500000;-2.4862500000;1.0837500000;47.0000000000;-3.1875000000;-10.0000000000
-9.6492000000;-1.8972000000;-0.7446000000;-2.4862500000;-1.0200000000;-1.1475000000;46.5625000000;-1.3750000000;-9.5625000000
-9.9144000000;-1.5198000000;-0.4998000000;-3.3787500000;-0.9562500000;-0.9562500000;46.5625000000;-1.3750000000;-9.5625000000
-9.7410000000;-1.6218000000;-0.6834000000;4.2712500000;0.0000000000;0.4462500000;46.1875000000;-1.0000000000;-9.5625000000
-9.9246000000;-1.5402000000;-0.9078000000;-2.1037500000;-2.9325000000;2.1675000000;45.8750000000;-2.7500000000;-8.3750000000
-10.4856000000;-1.5504000000;-2.5296000000;-7.5225000000;-4.2712500000;-3.5700000000;45.8750000000;-1.3750000000;-10.0000000000
-10.6692000000;0.0918000000;-6.6300000000;19.5075000000;0.8925000000;-4.2712500000;45.8750000000;-1.3750000000;-10.0000000000
-12.8316000000;-0.4284000000;-9.2718000000;18.9975000000;31.8750000000;29.3887500000;45.8750000000;-1.3750000000;-10.0000000000
-12.0156000000;-2.3052000000;-12.1788000000;-38.6962500000;59.7337500000;19.9537500000;45.8750000000;-1.3750000000;-10.0000000000
-13.6476000000;-1.4688000000;-10.9752000000;56.8012500000;138.5287500000;13.5150000000;46.5625000000;-2.0000000000;-7.5625000000
-14.4636000000;-1.0914000000;-9.6492000000;40.8000000000;180.0300000000;6.3750000000;46.1875000000;-3.5000000000;-3.6875000000
-14.8410000000;-1.5912000000;-5.5896000000;50.3625000000;217.1962500000;10.9012500000;46.1875000000;-3.5000000000;-3.6875000000
-13.8924000000;-2.1216000000;-3.1314000000;27.9225000000;203.4900000000;9.2437500000;47.0000000000;-4.6875000000;3.7500000000
-12.7908000000;-1.9278000000;-1.4178000000;40.8637500000;185.7037500000;7.7137500000;45.1875000000;-5.6875000000;12.5000000000
-10.1184000000;-1.9788000000;-0.6120000000;30.0262500000;137.7000000000;9.3075000000;43.0000000000;-6.0625000000;19.5625000000
-8.7516000000;-3.9474000000;1.0914000000;82.8112500000;128.1375000000;-13.7700000000;40.1875000000;-7.5625000000;24.2500000000
-7.1094000000;-0.3264000000;0.4182000000;58.3950000000;72.3562500000;-39.2700000000;40.1875000000;-7.5625000000;24.2500000000
-5.7834000000;-0.3570000000;0.1224000000;-40.4175000000;53.1675000000;-11.0287500000;37.5000000000;-5.3750000000;28.5625000000
-5.5488000000;-1.5198000000;-0.6834000000;-18.2962500000;17.6587500000;4.9087500000;36.0000000000;-3.5000000000;29.2500000000
-4.4880000000;-2.3664000000;-4.4064000000;-13.2600000000;-8.5425000000;-6.9487500000;34.3750000000;-3.7500000000;32.0625000000
-4.9164000000;-1.1016000000;-5.9262000000;37.2300000000;2.7412500000;-6.5025000000;34.0000000000;-4.5625000000;31.2500000000
-5.4060000000;-0.8160000000;-7.3542000000;-20.0812500000;-4.0162500000;-5.2275000000;34.0000000000;-4.5625000000;31.2500000000
-5.9160000000;-1.4688000000;-7.4154000000;4.3987500000;1.5300000000;5.0362500000;34.2500000000;-3.7500000000;31.2500000000
-5.5794000000;-1.2546000000;-8.3640000000;-18.3600000000;-16.1287500000;6.1200000000;34.6875000000;-3.7500000000;31.2500000000
-5.8752000000;-2.1726000000;-8.8230000000;-14.0250000000;-14.4712500000;8.0962500000;34.6875000000;-2.6875000000;31.2500000000
-6.0690000000;-2.0910000000;-8.1294000000;-19.9537500000;-13.3237500000;6.1837500000;34.6875000000;-4.5625000000;30.5000000000
-5.8140000000;-2.6214000000;-8.3742000000;-24.6712500000;-13.8337500000;0.4462500000;34.6875000000;-4.5625000000;30.5000000000
-6.1812000000;-1.4994000000;-8.0580000000;15.6187500000;-1.5300000000;1.2112500000;35.3750000000;-5.5625000000;30.0625000000
-5.6304000000;-2.2032000000;-8.2722000000;-17.2125000000;-1.9125000000;6.8212500000;36.0625000000;-4.1875000000;28.8750000000
-6.2730000000;-2.2236000000;-7.6398000000;6.8212500000;4.0800000000;5.0362500000;36.0625000000;-6.0000000000;30.8750000000
-5.9364000000;-1.9380000000;-8.1600000000;-15.1087500000;-2.3587500000;3.8887500000;35.3750000000;-6.3750000000;29.6875000000
-6.3546000000;-2.1726000000;-7.2726000000;15.8737500000;6.6937500000;0.1912500000;35.3750000000;-6.3750000000;29.6875000000
-5.8548000000;-1.5402000000;-8.5272000000;2.2312500000;-9.6262500000;0.2550000000;36.0625000000;-6.0000000000;29.6875000000
-6.1098000000;-2.4684000000;-7.6296000000;-3.4425000000;1.6575000000;3.7612500000;35.7500000000;-4.1875000000;29.6875000000
-5.8650000000;-2.0910000000;-7.8438000000;12.8775000000;-1.0837500000;-1.5300000000;35.7500000000;-6.7500000000;30.5000000000
-6.1404000000;-1.9686000000;-7.8030000000;3.8250000000;-0.6375000000;-1.0200000000;35.7500000000;-5.5625000000;30.0625000000
-5.9874000000;-2.1522000000;-7.8642000000;11.4750000000;0.5737500000;0.3187500000;35.7500000000;-5.5625000000;30.0625000000
-5.9874000000;-2.1930000000;-8.0478000000;-13.7700000000;-2.2312500000;0.0000000000;35.7500000000;-4.5625000000;30.5000000000
-5.8650000000;-2.3562000000;-7.7826000000;0.8287500000;2.8687500000;-1.3387500000;35.7500000000;-5.5625000000;29.2500000000
-6.1200000000;-1.6626000000;-7.6296000000;0.1275000000;0.8925000000;-3.7612500000;35.7500000000;-6.0000000000;30.0625000000
-6.0180000000;-1.7952000000;-7.6092000000;-2.5500000000;0.3187500000;-1.4662500000;36.0625000000;-4.1875000000;30.5000000000
-5.9466000000;-1.6728000000;-7.9254000000;-4.6537500000;-2.7412500000;-0.3187500000;36.0625000000;-4.1875000000;30.5000000000
-6.0792000000;-1.7034000000;-7.7520000000;-12.5587500000;-2.1675000000;0.7012500000;35.3750000000;-5.2500000000;30.5000000000
-6.0282000000;-1.7646000000;-7.9866000000;-5.8650000000;-5.1000000000;1.4025000000;36.0625000000;-4.1875000000;30.0625000000
-6.2322000000;-1.4280000000;-7.7214000000;-9.8175000000;0.2550000000;2.0400000000;36.0625000000;-6.7500000000;28.8750000000
-6.1710000000;-2.2032000000;-7.5684000000;-1.7212500000;-3.1875000000;2.6137500000;35.7500000000;-6.3750000000;30.0625000000
-6.1506000000;-1.5300000000;-7.9866000000;-0.3825000000;-0.5737500000;-0.8287500000;35.7500000000;-6.3750000000;30.0625000000
-6.0690000000;-1.7850000000;-7.7622000000;3.4425000000;0.9562500000;1.5300000000;36.5000000000;-5.5625000000;29.6875000000
-6.0690000000;-1.7850000000;-7.9458000000;0.8287500000;-2.4225000000;0.0637500000;36.5000000000;-6.3750000000;29.2500000000
-6.0894000000;-1.7748000000;-7.7622000000;5.1637500000;4.3987500000;-0.9562500000;36.0625000000;-5.5625000000;29.6875000000
-6.2424000000;-1.5708000000;-7.4868000000;-1.8487500000;-3.8250000000;1.4025000000;36.8750000000;-6.0000000000;30.0625000000
-5.8956000000;-1.8360000000;-8.0376000000;-3.6337500000;-1.0200000000;1.0837500000;36.8750000000;-6.0000000000;30.0625000000
-6.1608000000;-1.7544000000;-7.7316000000;7.9687500000;-1.0200000000;-0.8287500000;36.0625000000;-6.3750000000;30.0625000000
-6.0180000000;-1.4994000000;-7.9968000000;-5.2912500000;-0.1275000000;0.4462500000;35.7500000000;-6.3750000000;29.6875000000
-6.1710000000;-1.9686000000;-7.8132000000;2.9325000000;1.9762500000;1.7850000000;36.0625000000;-6.7500000000;30.0625000000
-6.0486000000;-1.6626000000;-7.9968000000;-1.5300000000;-0.7012500000;-0.8287500000;36.8750000000;-6.7500000000;30.0625000000
-6.1914000000;-1.9176000000;-7.6704000000;-1.8487500000;0.9562500000;2.0400000000;36.8750000000;-6.7500000000;30.0625000000
-6.1506000000;-1.7034000000;-7.9050000000;-2.9325000000;-3.0600000000;-0.4462500000;36.0625000000;-7.0625000000;29.6875000000
-6.1098000000;-1.6626000000;-7.8336000000;-5.8012500000;1.2750000000;-0.6375000000;36.5000000000;-7.0625000000;30.8750000000
-6.1710000000;-1.6626000000;-7.4766000000;-2.6775000000;-1.9125000000;-0.8925000000;35.7500000000;-6.7500000000;30.0625000000
-6.0894000000;-1.4484000000;-7.8132000000;-7.2037500000;-2.1675000000;1.2112500000;35.7500000000;-6.7500000000;30.0625000000
-6.0792000000;-1.8258000000;-7.7520000000;-3.9525000000;-0.5100000000;1.3387500000;36.0625000000;-7.0625000000;29.2500000000
-6.0894000000;-1.6116000000;-7.7112000000;1.1475000000;-0.0637500000;1.0200000000;36.0625000000;-7.0625000000;29.6875000000
-6.1098000000;-1.7238000000;-7.5786000000;7.2037500000;2.3587500000;-2.9325000000;35.7500000000;-7.0625000000;29.6875000000
-6.1098000000;-1.3158000000;-7.7928000000;-1.7850000000;-2.3587500000;0.5737500000;35.3750000000;-6.0000000000;29.6875000000
-6.0180000000;-1.9380000000;-7.8846000000;-3.0600000000;-1.9125000000;0.4462500000;35.3750000000;-6.0000000000;29.6875000000
-6.2118000000;-1.5300000000;-7.7826000000;4.6537500000;0.0637500000;-0.7650000000;35.7500000000;-7.5000000000;27.6875000000
-6.2118000000;-1.5096000000;-7.9050000000;-1.5300000000;0.1912500000;-0.1275000000;35.7500000000;-6.3750000000;30.0625000000
-6.1506000000;-1.6014000000;-7.6500000000;-1.1475000000;0.7650000000;1.7212500000;35.7500000000;-7.5000000000;28.0625000000
-6.1506000000;-1.5912000000;-7.7724000000;0.0000000000;-2.2950000000;2.1037500000;35.7500000000;-6.7500000000;28.8750000000
-6.0996000000;-1.5504000000;-7.4868000000;5.3550000000;1.5937500000;1.2750000000;35.7500000000;-6.7500000000;28.8750000000
-6.2220000000;-1.6524000000;-7.9560000000;-0.5100000000;-5.1637500000;0.1912500000;36.5000000000;-5.5625000000;29.2500000000
-6.0792000000;-1.6116000000;-7.8336000000;-0.6375000000;1.4662500000;0.4462500000;36.5000000000;-7.0625000000;30.5000000000
-6.0894000000;-1.7952000000;-7.7826000000;-0.3187500000;-0.4462500000;1.0200000000;36.0625000000;-6.3750000000;28.0625000000
-6.2424000000;-1.6524000000;-7.7418000000;1.4662500000;-2.5500000000;0.3825000000;35.3750000000;-7.0625000000;28.5000000000
-6.0792000000;-1.6626000000;-7.9866000000;-1.4662500000;0.3825000000;0.8925000000;35.3750000000;-7.0625000000;28.5000000000
-6.2628000000;-1.6422000000;-7.5888000000;-0.1275000000;0.1275000000;0.8925000000;35.7500000000;-7.0625000000;28.8750000000
-6.1098000000;-1.6320000000;-7.9356000000;-2.4225000000;-0.9562500000;0.1275000000;35.7500000000;-7.0625000000;30.0625000000
-6.0792000000;-1.6218000000;-7.8132000000;0.9562500000;2.3587500000;0.3825000000;35.3750000000;-6.3750000000;28.0625000000
-6.2934000000;-1.5198000000;-7.5684000000;-0.0637500000;-0.0637500000;0.6375000000;35.7500000000;-5.5625000000;29.6875000000
-6.0996000000;-1.7952000000;-7.9458000000;4.9087500000;-0.3187500000;0.5737500000;35.7500000000;-5.5625000000;29.6875000000
-6.2322000000;-1.5096000000;-7.5786000000;4.0162500000;2.2312500000;-1.4662500000;35.7500000000;-6.7500000000;27.6875000000
-6.1608000000;-1.6830000000;-7.8948000000;-0.5100000000;-0.3825000000;1.2112500000;36.0625000000;-7.5000000000;29.6875000000
-6.2730000000;-1.5912000000;-7.5480000000;-0.9562500000;0.0000000000;0.7012500000;36.0625000000;-5.5625000000;28.5000000000
-6.1302000000;-1.8462000000;-7.9152000000;-5.0362500000;-2.4225000000;2.2312500000;35.7500000000;-6.3750000000;29.6875000000
-6.1812000000;-1.6626000000;-7.7316000000;5.2275000000;2.5500000000;-1.4662500000;35.7500000000;-6.3750000000;29.6875000000
-6.2730000000;-1.5912000000;-7.7826000000;-6.0562500000;-0.5100000000;0.6375000000;36.0625000000;-6.3750000000;28.8750000000
-6.0078000000;-1.6626000000;-7.9662000000;-2.9962500000;0.3187500000;0.1275000000;36.8750000000;-7.5000000000;28.0625000000
-6.2424000000;-1.6524000000;-7.3542000000;-1.9125000000;2.1037500000;0.5100000000;35.7500000000;-6.0000000000;29.6875000000
-6.0996000000;-1.7340000000;-7.9662000000;-0.7012500000;-1.8487500000;-0.8925000000;36.0625000000;-6.7500000000;28.8750000000
-6.1812000000;-1.4076000000;-7.5276000000;6.2475000000;1.0837500000;-2.6137500000;36.0625000000;-6.7500000000;28.8750000000
-6.1098000000;-1.5606000000;-8.1396000000;-6.3112500000;-2.7412500000;-0.2550000000;36.8750000000;-6.3750000000;28.8750000000
-6.2526000000;-1.5810000000;-7.7214000000;-0.7012500000;1.2112500000;-0.4462500000;36.8750000000;-7.5000000000;28.5000000000
-6.2118000000;-1.5198000000;-7.8540000000;-0.8287500000;-0.3825000000;0.1912500000;36.8750000000;-6.0000000000;28.8750000000
-6.1098000000;-1.4994000000;-7.9050000000;-0.2550000000;1.3387500000;0.2550000000;37.2500000000;-7.5000000000;26.8750000000
-6.1812000000;-1.4382000000;-7.5582000000;-1.1475000000;1.4025000000;0.9562500000;37.2500000000;-7.5000000000;26.8750000000
-6.1302000000;-1.7034000000;-7.7826000000;-3.9525000000;-1.3387500000;1.6575000000;36.5000000000;-7.5000000000;28.5000000000
-6.1608000000;-1.4382000000;-7.7316000000;3.4425000000;2.0400000000;-0.7012500000;35.7500000000;-7.8750000000;30.0625000000
-6.2118000000;-1.6422000000;-7.5582000000;-4.3350000000;-0.3825000000;0.7012500000;35.3750000000;-7.5000000000;27.2500000000
-6.0180000000;-1.5708000000;-8.0580000000;3.8887500000;-1.0200000000;-1.4025000000;35.7500000000;-7.0625000000;27.6875000000
-6.1506000000;-1.4280000000;-7.7010000000;-4.0162500000;2.2312500000;0.3825000000;35.7500000000;-7.0625000000;27.6875000000
-6.1710000000;-1.7850000000;-7.4256000000;-0.9562500000;-1.0837500000;-0.0637500000;35.7500000000;-5.5625000000;29.2500000000
-6.1812000000;-1.3362000000;-7.9764000000;4.9087500000;-2.6137500000;-0.8925000000;35.0625000000;-7.5000000000;28.1875000000
-6.0690000000;-1.5402000000;-8.0886000000;-4.0162500000;0.4462500000;1.7850000000;36.5000000000;-7.5000000000;28.5625000000
-6.2118000000;-1.7136000000;-7.6500000000;2.4225000000;1.0837500000;0.0637500000;36.0625000000;-8.2500000000;29.2500000000
-6.1914000000;-1.4382000000;-7.8132000000;-0.8925000000;-0.5100000000;0.5737500000;36.0625000000;-8.2500000000;29.2500000000
-6.1608000000;-1.6830000000;-7.8846000000;0.0637500000;0.1275000000;0.1912500000;35.7500000000;-8.2500000000;29.2500000000
-6.1812000000;-1.5912000000;-7.8234000000;-1.7850000000;-0.6375000000;-0.9562500000;35.3750000000;-5.5625000000;29.6875000000
-6.1812000000;-1.5402000000;-7.9866000000;4.0800000000;0.6375000000;0.0637500000;35.7500000000;-5.5625000000;28.5000000000
-6.1914000000;-1.6524000000;-7.8132000000;-2.9325000000;1.7212500000;0.4462500000;36.0625000000;-7.0625000000;29.2500000000
-6.1200000000;-1.6830000000;-7.7622000000;1.5937500000;-0.9562500000;-0.8287500000;36.0625000000;-7.0625000000;29.2500000000
-6.1914000000;-1.2954000000;-7.9254000000;1.8487500000;1.1475000000;-0.2550000000;35.7500000000;-6.3750000000;28.8750000000
-6.1404000000;-1.7340000000;-7.6908000000;-4.6537500000;1.2112500000;1.1475000000;35.7500000000;-6.3750000000;28.5625000000
-6.1200000000;-1.5810000000;-7.7520000000;6.5025000000;0.4462500000;-1.1475000000;35.7500000000;-6.3750000000;28.0625000000
-6.1404000000;-1.4892000000;-7.7214000000;-1.4662500000;0.8925000000;0.3187500000;35.7500000000;-6.3750000000;28.0625000000
-6.1914000000;-1.6524000000;-7.6092000000;-0.3825000000;0.1275000000;0.4462500000;36.0625000000;-6.0000000000;30.0625000000
-6.2322000000;-1.5606000000;-7.9560000000;0.2550000000;-0.3187500000;0.1275000000;36.0625000000;-7.0625000000;28.8750000000
-6.0792000000;-1.6218000000;-7.8744000000;-0.2550000000;0.7650000000;0.5100000000;36.0625000000;-7.0625000000;29.2500000000
-6.1404000000;-1.6218000000;-7.7826000000;-0.9562500000;1.9762500000;0.5100000000;36.5000000000;-7.8750000000;27.6875000000
-6.0996000000;-1.6932000000;-7.5378000000;-0.1275000000;0.3825000000;-1.4662500000;36.5000000000;-7.8750000000;27.6875000000
-6.1608000000;-1.3056000000;-7.9356000000;4.0162500000;-0.6375000000;-0.8287500000;36.5000000000;-7.5000000000;28.8750000000
-6.1608000000;-1.6524000000;-7.5786000000;-3.7612500000;2.0400000000;0.3825000000;35.0625000000;-5.5625000000;30.0625000000
-6.0894000000;-1.4892000000;-8.0274000000;-2.1037500000;-1.5937500000;0.0000000000;36.0625000000;-5.2500000000;28.5625000000
-6.1914000000;-1.6014000000;-7.5684000000;0.6375000000;2.1037500000;-0.3187500000;36.0625000000;-7.0625000000;28.5000000000
-6.1812000000;-1.4790000000;-7.7520000000;-0.3187500000;-1.0200000000;0.5737500000;36.0625000000;-7.0625000000;28.5000000000
-5.9976000000;-1.6524000000;-7.9968000000;-1.3387500000;0.6375000000;0.2550000000;35.7500000000;-6.0000000000;28.8750000000
-6.0180000000;-1.3260000000;-7.3236000000;-5.0362500000;2.5500000000;0.6375000000;35.0625000000;-6.7500000000;29.6875000000
-5.7732000000;-1.7442000000;-7.0584000000;-9.8175000000;0.3825000000;0.4462500000;35.0625000000;-7.5000000000;28.8750000000
-5.4876000000;-1.8564000000;-6.6402000000;-12.2400000000;-1.4662500000;-2.0400000000;36.5000000000;-7.8750000000;28.8750000000
-4.4574000000;-2.5398000000;-4.8144000000;-15.6187500000;15.4275000000;-16.5112500000;36.5000000000;-7.8750000000;28.8750000000
-5.5488000000;-1.7442000000;-1.2138000000;-19.2525000000;25.5000000000;-32.8950000000;35.7500000000;-8.5625000000;28.5625000000
-6.9972000000;0.3366000000;-1.1322000000;-77.5837500000;-19.3162500000;-34.4887500000;36.5000000000;-8.2500000000;30.5000000000
-6.7014000000;-2.3562000000;-1.8258000000;-133.6837500000;-54.8250000000;-25.5000000000;35.7500000000;-7.8750000000;29.6875000000
-7.9050000000;-1.5504000000;-0.7038000000;-41.3100000000;-52.3387500000;-43.6687500000;36.5000000000;-9.6875000000;27.3750000000
-10.3326000000;-0.5610000000;-2.6316000000;7.9050000000;-88.0387500000;-45.3262500000;36.5000000000;-9.6875000000;27.3750000000
-10.8936000000;-1.5912000000;-6.5586000000;6.2475000000;-131.3250000000;-38.4412500000;38.3750000000;-10.7500000000;25.0000000000
-11.1486000000;-1.7136000000;-7.6092000000;-9.9450000000;-136.7437500000;-39.6525000000;40.8750000000;-7.8750000000;22.5625000000
-11.8218000000;-0.1938000000;-9.5166000000;26.2650000000;-139.8037500000;-24.7350000000;42.3750000000;-5.3750000000;16.2500000000
-10.6080000000;-2.0604000000;-8.9964000000;-30.0900000000;-127.8187500000;-17.2762500000;45.0000000000;-4.6875000000;13.1875000000
-10.8936000000;-1.0914000000;-7.6704000000;-28.4325000000;-101.2987500000;-32.1937500000;45.0000000000;-4.6875000000;13.1875000000
-11.4954000000;0.3672000000;-7.1502000000;10.9012500000;-90.3975000000;-19.1250000000;45.3750000000;-2.3750000000;7.1875000000
-10.4958000000;-0.6732000000;-7.9050000000;-8.7337500000;-90.2700000000;-7.6500000000;46.5625000000;-2.7500000000;5.2500000000
-10.2714000000;-0.9588000000;-6.6606000000;-24.4162500000;-72.0375000000;-11.1562500000;46.5000000000;0.5000000000;1.2500000000
-9.9348000000;-1.8258000000;-5.2938000000;-2.1675000000;-55.1437500000;-11.6025000000;46.8750000000;0.8750000000;-2.2500000000
-10.3428000000;-1.1016000000;-3.6516000000;41.6287500000;-45.8362500000;-10.8375000000;46.8750000000;0.8750000000;-2.2500000000
-9.9654000000;-1.6524000000;-3.1620000000;6.8212500000;-54.2512500000;-0.2550000000;46.5000000000;1.2500000000;-4.2500000000
-9.8736000000;-1.2852000000;-2.7438000000;-30.2175000000;-52.0837500000;0.1275000000;45.3750000000;2.0000000000;-7.0000000000
-9.7614000000;-1.8258000000;-2.3970000000;24.0975000000;-34.6800000000;14.6625000000;46.1875000000;2.3750000000;-8.5625000000
-9.4554000000;-1.4892000000;-3.2844000000;20.0175000000;-19.3162500000;10.7100000000;46.1875000000;2.0000000000;-9.7500000000
-9.9144000000;-1.4688000000;-1.5504000000;-33.1500000000;0.8925000000;-3.0600000000;46.1875000000;2.0000000000;-9.7500000000
-9.9348000000;-2.1216000000;-0.6222000000;-12.6862500000;-0.7012500000;-0.8287500000;46.1875000000;-1.0000000000;-11.0000000000
-9.5370000000;-2.2644000000;-0.6324000000;11.1562500000;-0.7012500000;3.0600000000;45.7500000000;0.5000000000;-11.6875000000
-9.8532000000;-1.3566000000;-0.5508000000;-5.6737500000;2.4225000000;-6.1837500000;45.8750000000;1.2500000000;-10.1875000000
-9.8634000000;-1.5504000000;-0.6732000000;-12.2400000000;-1.4662500000;-1.2750000000;46.5000000000;-0.5625000000;-11.0000000000
-10.0164000000;-1.4688000000;-1.2138000000;-11.1562500000;-3.5700000000;-0.4462500000;46.5000000000;-0.5625000000;-11.0000000000
-9.7104000000;-1.7544000000;-0.9996000000;-0.3187500000;-1.9762500000;1.8487500000;45.0000000000;0.8750000000;-11.0000000000
-9.7614000000;-1.5912000000;-0.8670000000;-4.2075000000;-0.7650000000;0.9562500000;45.7500000000;-0.5625000000;-11.3750000000
-9.6594000000;-1.8870000000;-0.5406000000;-2.2950000000;0.0000000000;0.7012500000;46.0625000000;1.2500000000;-11.6875000000
-9.8736000000;-1.9686000000;-0.4284000000;-1.3387500000;-4.5262500000;1.4025000000;46.5000000000;-0.1875000000;-11.3750000000
-9.6492000000;-1.7850000000;-0.8976000000;10.2000000000;-0.5737500000;-1.4662500000;46.5000000000;-0.1875000000;-11.3750000000
-9.9042000000;-1.4994000000;-0.8364000000;-1.7212500000;-1.9125000000;1.6575000000;46.0625000000;0.5000000000;-11.0000000000
-9.6084000000;-1.9074000000;-0.7344000000;-8.5425000000;-1.7212500000;-1.8487500000;45.3750000000;1.2500000000;-9.7500000000
-10.0062000000;-1.1832000000;-0.5610000000;1.7850000000;-0.6375000000;0.7650000000;45.7500000000;0.5000000000;-11.0000000000
-9.7410000000;-1.9788000000;-0.7956000000;-0.1275000000;-2.1037500000;2.8687500000;45.7500000000;0.5000000000;-11.0000000000
-9.9246000000;-2.0094000000;-0.6528000000;-6.9487500000;-1.6575000000;-3.1237500000;45.3750000000;1.5625000000;-11.3750000000
-9.7614000000;-1.6830000000;-0.5304000000;10.5825000000;1.0200000000;0.0637500000;46.0625000000;0.8750000000;-11.3750000000
-9.6186000000;-1.7850000000;-0.8364000000;1.5937500000;-1.3387500000;-0.6375000000;45.7500000000;-0.1875000000;-11.0000000000
-9.7920000000;-1.7544000000;-0.9282000000;-2.9962500000;-0.2550000000;-1.9125000000;46.0625000000;0.0625000000;-10.5000000000
-10.0368000000;-1.7034000000;-0.5712000000;2.3587500000;-0.5737500000;1.2750000000;46.0625000000;0.0625000000;-10.5000000000
-9.7206000000;-2.0094000000;-0.7140000000;-5.4187500000;-0.2550000000;-0.8925000000;45.3750000000;-0.1875000000;-11.3750000000
-9.9858000000;-1.3974000000;-0.4692000000;2.1675000000;-0.2550000000;-1.4662500000;45.0000000000;0.8750000000;-11.0000000000
-9.8634000000;-1.9176000000;-0.7140000000;-6.3750000000;-0.4462500000;1.2112500000;45.7500000000;0.8750000000;-10.5000000000
-9.7818000000;-1.6524000000;-0.6120000000;-3.1237500000;0.2550000000;-1.0200000000;45.7500000000;0.0625000000;-11.3750000000
-9.8736000000;-1.5402000000;-0.5814000000;5.2275000000;0.1912500000;1.7850000000;45.7500000000;0.0625000000;-11.3750000000
-9.7206000000;-2.0502000000;-0.7854000000;1.2750000000;-1.4662500000;1.5937500000;45.7500000000;2.0000000000;-11.3750000000
-9.8736000000;-1.7442000000;-0.6426000000;-4.2712500000;0.7650000000;-0.9562500000;45.3750000000;1.5625000000;-12.1875000000
-9.8430000000;-1.8768000000;-0.6324000000;5.6100000000;-1.0837500000;1.5937500000;45.7500000000;1.2500000000;-11.0000000000
-9.8328000000;-1.6218000000;-0.6426000000;-3.7612500000;1.7850000000;-1.7212500000;45.7500000000;0.5000000000;-11.3750000000
-9.7716000000;-1.6830000000;-0.6222000000;6.8212500000;0.7012500000;0.1912500000;45.7500000000;0.5000000000;-11.3750000000
-9.8124000000;-1.7238000000;-0.6426000000;0.7650000000;-0.6375000000;-1.3387500000;45.0000000000;-0.5625000000;-11.0000000000
-9.6900000000;-2.0808000000;-0.6936000000;4.1437500000;-0.6375000000;-0.3825000000;45.7500000000;1.5625000000;-10.5000000000
-9.8838000000;-1.7748000000;-0.6834000000;0.8925000000;-0.8287500000;-2.2312500000;46.0625000000;-0.5625000000;-10.5000000000
-9.8328000000;-1.8054000000;-0.7752000000;-1.4025000000;-0.7012500000;-0.8925000000;45.3750000000;1.2500000000;-11.0000000000
-9.7308000000;-1.7748000000;-0.8058000000;-5.8012500000;-0.8287500000;-0.3825000000;45.3750000000;1.2500000000;-11.0000000000
-10.1082000000;-1.3974000000;-0.6630000000;-3.6975000000;0.0637500000;-1.3387500000;45.0000000000;0.0625000000;-11.3750000000
-9.8736000000;-1.9788000000;-1.0200000000;4.4625000000;1.8487500000;2.1037500000;45.3750000000;0.8750000000;-12.1875000000
-9.8736000000;-1.2036000000;-2.2338000000;8.5425000000;1.7850000000;-1.9762500000;45.3750000000;1.5625000000;-11.6875000000
-10.1388000000;-0.7956000000;-4.7226000000;15.9375000000;10.4550000000;-1.6575000000;45.3750000000;1.5625000000;-12.1875000000
-11.1282000000;-0.3774000000;-5.0592000000;32.5125000000;44.4975000000;9.1800000000;45.3750000000;1.5625000000;-12.1875000000
-11.4852000000;0.0306000000;-5.8752000000;30.2175000000;47.4937500000;15.3000000000;45.7500000000;0.5000000000;-11.3750000000
-11.3832000000;-0.9588000000;-8.0376000000;13.6425000000;59.6700000000;23.2050000000;45.3750000000;-0.1875000000;-9.0000000000
-11.8524000000;-1.1628000000;-7.6500000000;42.2662500000;111.1800000000;21.4837500000;46.0625000000;-1.3750000000;-7.0000000000
-12.9948000000;-0.7446000000;-7.7826000000;35.4450000000;124.2487500000;19.1887500000;46.5000000000;-3.5000000000;-4.2500000000
-12.7092000000;-0.9486000000;-7.3542000000;78.5400000000;157.9087500000;20.5912500000;46.5000000000;-3.5000000000;-4.2500000000
-13.2294000000;-0.8364000000;-6.3240000000;41.1187500000;158.8012500000;21.8662500000;46.8750000000;-2.3750000000;0.7500000000
-12.4644000000;-1.3464000000;-6.0588000000;54.8250000000;168.4912500000;20.4637500000;45.0000000000;-5.6875000000;7.0625000000
-11.9544000000;-1.0200000000;-3.4782000000;71.3362500000;178.7550000000;35.8275000000;45.0625000000;-5.3750000000;13.5000000000
-9.8634000000;-1.9482000000;-1.2750000000;-35.0625000000;148.7287500000;20.2087500000;42.1875000000;-5.3750000000;20.0625000000
-8.2008000000;-1.6626000000;-0.4590000000;0.3187500000;118.7662500000;21.1650000000;42.1875000000;-5.3750000000;20.0625000000
-6.7830000000;-2.0808000000;-0.7752000000;2.0400000000;76.3087500000;16.5750000000;38.8750000000;-8.0000000000;24.8750000000
-5.3958000000;-1.7850000000;-3.1620000000;-1.7212500000;49.9800000000;4.7812500000;35.5000000000;-9.0625000000;29.0625000000
-5.3652000000;-1.6524000000;-4.1004000000;-2.4862500000;37.9950000000;6.7575000000;35.5625000000;-9.5000000000;29.8750000000
-5.3346000000;-1.6422000000;-5.2428000000;-18.1050000000;23.3325000000;-5.2275000000;32.1875000000;-9.5000000000;30.2500000000
-4.8450000000;-1.4382000000;-6.3546000000;18.5512500000;16.7025000000;-7.0125000000;32.1875000000;-9.5000000000;30.2500000000
-4.8756000000;-0.2448000000;-7.8540000000;-36.5287500000;3.0600000000;-5.6100000000;32.1875000000;-9.0625000000;32.0000000000
-4.9266000000;-1.6728000000;-6.7422000000;-40.8000000000;18.4237500000;-4.3350000000;32.1875000000;-8.6875000000;31.5625000000
-4.7532000000;-1.0506000000;-6.4566000000;7.5225000000;4.5262500000;-12.7500000000;32.0625000000;-11.2500000000;32.7500000000
-5.0592000000;-0.0510000000;-7.5990000000;16.7025000000;-2.8050000000;-6.5662500000;31.7500000000;-11.2500000000;32.7500000000
-4.8552000000;-0.6834000000;-7.8438000000;-19.5075000000;-5.2275000000;-3.9525000000;31.7500000000;-11.2500000000;32.7500000000
-4.9470000000;-0.8262000000;-7.3848000000;1.9125000000;-5.1000000000;-6.0562500000;31.8750000000;-10.1875000000;31.5625000000
-5.6100000000;0.0000000000;-8.2416000000;6.3750000000;-18.7425000000;-2.6137500000;32.3750000000;-9.0625000000;34.0000000000
-5.0082000000;-0.8568000000;-9.5268000000;-18.9975000000;-16.3837500000;0.7650000000;31.6875000000;-10.1875000000;31.8750000000
-5.3958000000;-0.6120000000;-9.2310000000;-0.8287500000;0.1912500000;-0.8287500000;32.0625000000;-10.5000000000;32.0000000000
-5.4162000000;-0.8670000000;-8.8842000000;-7.9050000000;-1.5937500000;-0.5737500000;32.0625000000;-10.5000000000;32.0000000000
-5.3550000000;-0.6834000000;-8.9148000000;-3.8887500000;2.8687500000;-2.5500000000;32.7500000000;-11.2500000000;32.6875000000
-5.3448000000;-0.7446000000;-8.3436000000;-1.4662500000;4.2075000000;-0.3187500000;32.5000000000;-10.8750000000;31.0625000000
-5.2734000000;-0.9180000000;-8.1702000000;-4.7812500000;0.8287500000;-2.1037500000;32.8750000000;-10.8750000000;32.0000000000
-5.2020000000;-0.7650000000;-8.5272000000;-1.3387500000;0.5737500000;-1.9125000000;33.6875000000;-11.2500000000;31.5625000000
-5.3142000000;-0.8160000000;-8.3130000000;-3.9525000000;1.2112500000;-2.1675000000;33.6875000000;-11.2500000000;31.5625000000
-5.2122000000;-0.5712000000;-8.0274000000;-0.0637500000;1.6575000000;-2.1675000000;32.7500000000;-11.6875000000;31.5625000000
-5.3652000000;-0.3774000000;-8.7108000000;-1.8487500000;-5.0362500000;1.4662500000;32.7500000000;-11.2500000000;31.0625000000
-4.9980000000;-0.9588000000;-8.7720000000;-12.1762500000;-2.9325000000;0.2550000000;33.1875000000;-10.5000000000;32.7500000000
-5.4774000000;-0.4896000000;-8.5374000000;-1.0200000000;1.2112500000;1.0837500000;33.1875000000;-10.5000000000;32.7500000000
-5.1510000000;-0.7446000000;-8.8026000000;-9.6262500000;-1.9125000000;0.8925000000;33.1875000000;-10.5000000000;30.7500000000
-5.4876000000;-0.4488000000;-7.9866000000;-1.9125000000;2.6775000000;0.7650000000;32.7500000000;-8.6875000000;32.7500000000
-5.0898000000;-0.9996000000;-9.0168000000;-3.5700000000;-6.4387500000;2.6775000000;32.0625000000;-11.2500000000;31.5625000000
-5.2734000000;-0.4488000000;-8.7414000000;2.3587500000;3.1237500000;-0.7650000000;33.2500000000;-11.6875000000;31.1875000000
-5.3754000000;-0.7446000000;-7.8948000000;-0.3187500000;2.9325000000;0.8925000000;33.2500000000;-11.6875000000;31.1875000000
-5.1102000000;-0.5916000000;-8.7516000000;1.4662500000;-2.9325000000;0.0637500000;32.8750000000;-9.7500000000;31.5625000000
-5.4264000000;-0.3060000000;-8.1804000000;3.2512500000;1.0200000000;0.8287500000;33.2500000000;-10.8750000000;30.3750000000
-5.0796000000;-1.1628000000;-8.5680000000;-5.1637500000;-2.6775000000;0.7012500000;32.7500000000;-10.5000000000;30.7500000000
-5.4468000000;-0.0612000000;-8.2110000000;7.8412500000;3.7612500000;-2.8687500000;32.7500000000;-12.0000000000;32.0000000000
-5.2326000000;-0.7752000000;-8.1906000000;-6.7575000000;-1.8487500000;0.9562500000;32.7500000000;-12.0000000000;32.0000000000
-5.3244000000;-0.3570000000;-8.7720000000;3.8887500000;-4.7175000000;0.1912500000;32.3750000000;-10.8750000000;30.7500000000
-5.2836000000;-0.6222000000;-8.7720000000;-2.9325000000;-0.7650000000;0.9562500000;32.7500000000;-12.0000000000;30.7500000000
-5.3652000000;-0.5406000000;-8.4558000000;-1.2112500000;0.8287500000;-0.1912500000;32.3750000000;-12.0000000000;30.7500000000
-5.3550000000;-0.4182000000;-8.5782000000;1.7850000000;-0.7012500000;0.5100000000;33.2500000000;-10.5000000000;32.0000000000
-5.3448000000;-0.6528000000;-8.6292000000;-2.5500000000;0.5737500000;0.8925000000;33.2500000000;-10.5000000000;32.0000000000
-5.2734000000;-0.5202000000;-8.3130000000;0.4462500000;2.7412500000;-1.0200000000;33.5625000000;-11.2500000000;30.7500000000
-5.4060000000;-0.3876000000;-8.2416000000;5.3550000000;0.5737500000;0.0000000000;33.5625000000;-12.0000000000;30.7500000000
-5.0286000000;-0.7650000000;-8.4456000000;-2.2312500000;-0.9562500000;-0.1912500000;32.7500000000;-12.0000000000;30.7500000000
-5.4366000000;-0.3672000000;-8.2110000000;7.1400000000;-0.0637500000;0.6375000000;33.1875000000;-10.8750000000;31.1875000000
-5.1714000000;-0.7344000000;-8.5068000000;-0.1912500000;-2.7412500000;0.9562500000;33.1875000000;-10.8750000000;31.1875000000
-5.2938000000;-0.3978000000;-8.3028000000;3.3787500000;-0.1275000000;0.2550000000;32.7500000000;-11.2500000000;32.0000000000
-5.4672000000;-0.7956000000;-8.2722000000;0.0637500000;-3.3150000000;1.8487500000;33.8750000000;-11.2500000000;32.0000000000
-5.0898000000;-0.8670000000;-8.6802000000;4.3987500000;-1.9125000000;0.5100000000;32.7500000000;-11.2500000000;31.1875000000
-5.3856000000;-0.5712000000;-8.4354000000;3.2512500000;-1.0837500000;0.3825000000;33.5625000000;-11.2500000000;31.1875000000
-5.3448000000;-0.8466000000;-8.2416000000;0.1912500000;-1.5937500000;-1.0200000000;33.5625000000;-11.2500000000;31.1875000000
-5.3754000000;-0.4284000000;-8.7720000000;5.8012500000;-4.7175000000;0.0000000000;32.7500000000;-11.6875000000;30.7500000000
-5.3244000000;-0.9792000000;-8.6190000000;-3.7612500000;-0.2550000000;0.1912500000;33.8750000000;-10.8750000000;31.1875000000
-5.5590000000;-0.3978000000;-8.3436000000;5.5462500000;-1.0837500000;-1.4025000000;33.1875000000;-10.8750000000;31.5625000000
-5.3040000000;-0.7650000000;-8.7720000000;-2.8687500000;-2.4225000000;0.6375000000;33.5625000000;-10.5000000000;31.1875000000
-5.5386000000;-0.6018000000;-8.2518000000;2.2950000000;1.9125000000;-0.1275000000;33.5625000000;-10.5000000000;31.1875000000
-5.3856000000;-0.7344000000;-8.5068000000;-3.3150000000;-1.6575000000;-0.3825000000;32.3750000000;-10.8750000000;30.3750000000
-5.4366000000;-0.6630000000;-8.3232000000;2.7412500000;0.0000000000;0.0000000000;33.5625000000;-11.2500000000;30.7500000000
-5.4366000000;-0.7446000000;-8.4354000000;0.3187500000;-0.2550000000;-0.6375000000;32.7500000000;-9.7500000000;30.3750000000
-5.4876000000;-0.5100000000;-8.1192000000;2.2950000000;1.2112500000;0.0637500000;33.8750000000;-11.6875000000;31.5625000000
-5.3448000000;-0.9180000000;-8.4354000000;-4.1437500000;-3.3150000000;0.0637500000;33.8750000000;-11.6875000000;31.5625000000
-5.4366000000;-0.5406000000;-8.4660000000;4.9087500000;-0.6375000000;0.1275000000;33.1875000000;-10.8750000000;31.1875000000
-5.5182000000;-0.7446000000;-8.2008000000;-1.7212500000;1.0200000000;-0.1912500000;33.1875000000;-10.8750000000;32.0000000000
-5.3958000000;-0.6324000000;-8.5374000000;1.5300000000;-2.3587500000;-0.0637500000;33.5625000000;-10.8750000000;30.3750000000
-5.4570000000;-0.7038000000;-8.3436000000;-0.9562500000;-0.6375000000;0.5737500000;33.5625000000;-9.5000000000;32.0000000000
-5.3652000000;-0.8670000000;-8.4864000000;1.0837500000;0.8287500000;-0.8925000000;33.5625000000;-9.5000000000;32.0000000000
-5.5488000000;-0.4284000000;-8.3538000000;-3.0600000000;-0.6375000000;0.0000000000;33.1875000000;-10.8750000000;30.3750000000
-5.4162000000;-0.9996000000;-8.0988000000;-0.9562500000;-1.3387500000;1.3387500000;33.5625000000;-9.5000000000;31.1875000000
-5.3346000000;-0.6324000000;-8.7720000000;1.8487500000;-3.6337500000;-0.7650000000;33.1875000000;-11.2500000000;31.1875000000
-5.4264000000;-0.6630000000;-8.1804000000;-0.7650000000;2.5500000000;0.1275000000;33.5625000000;-10.8750000000;30.7500000000
-5.4876000000;-0.7854000000;-8.2314000000;-2.0400000000;-3.1237500000;-0.3187500000;33.5625000000;-10.8750000000;30.7500000000
-5.3754000000;-0.6936000000;-8.6700000000;1.2112500000;0.7650000000;-1.0200000000;33.5625000000;-9.0625000000;31.5625000000
-5.6100000000;-0.7956000000;-8.0274000000;-1.2750000000;-2.1675000000;-0.4462500000;33.5625000000;-10.1875000000;30.3750000000
-5.3754000000;-0.7650000000;-8.8026000000;3.6337500000;-1.4025000000;-1.5300000000;32.7500000000;-9.5000000000;31.5625000000
-5.4672000000;-0.6630000000;-8.4252000000;-1.4025000000;3.3787500000;-1.3387500000;32.7500000000;-9.5000000000;31.5625000000
-5.5284000000;-0.5916000000;-8.1090000000;1.5300000000;0.5100000000;0.3825000000;33.8750000000;-10.8750000000;31.1875000000
-5.4060000000;-0.8364000000;-8.5272000000;-3.1237500000;-2.6775000000;0.1912500000;33.1875000000;-10.8750000000;31.1875000000
-5.4978000000;-0.6528000000;-8.3640000000;1.7850000000;4.2712500000;-0.5737500000;32.7500000000;-11.2500000000;31.1875000000
-5.3856000000;-0.8364000000;-8.4456000000;-0.8287500000;-1.0837500000;0.0637500000;33.5625000000;-11.2500000000;31.1875000000
-5.3856000000;-0.6120000000;-8.3334000000;-0.5737500000;1.8487500000;-1.4662500000;33.5625000000;-11.2500000000;31.1875000000
-5.4876000000;-0.7344000000;-8.1804000000;-0.7012500000;-0.1275000000;0.0637500000;33.8750000000;-9.5000000000;30.7500000000
-5.3958000000;-0.5610000000;-8.5578000000;3.6337500000;-1.9762500000;-0.4462500000;33.1875000000;-10.8750000000;30.3750000000
-5.4366000000;-0.6834000000;-8.3436000000;-1.9762500000;1.8487500000;0.6375000000;33.1875000000;-10.8750000000;30.7500000000
-5.4366000000;-0.6324000000;-8.3334000000;0.4462500000;-0.8925000000;-0.7012500000;33.1875000000;-11.2500000000;30.0000000000
-5.3856000000;-0.6732000000;-8.5068000000;0.0000000000;-0.4462500000;0.8287500000;33.1875000000;-11.2500000000;30.0000000000
-5.3652000000;-0.6324000000;-8.4354000000;-0.3187500000;2.2950000000;0.0000000000;32.3750000000;-10.5000000000;30.3750000000
-5.4366000000;-0.7446000000;-8.0988000000;-1.6575000000;-0.8925000000;0.5100000000;33.8750000000;-11.6875000000;30.0000000000
-5.3244000000;-0.5508000000;-8.4354000000;0.3825000000;-1.2750000000;0.7650000000;33.1875000000;-10.8750000000;30.0000000000
-5.3652000000;-0.8262000000;-8.2416000000;-2.8687500000;0.4462500000;0.9562500000;33.8750000000;-10.5000000000;30.0000000000
-5.4162000000;-0.7446000000;-8.2926000000;1.3387500000;-0.9562500000;-0.5737500000;33.8750000000;-10.5000000000;30.0000000000
-5.3652000000;-0.5304000000;-8.1192000000;-2.1675000000;-0.5100000000;-0.8287500000;33.8750000000;-10.8750000000;31.1875000000
-5.3346000000;-0.7140000000;-7.8948000000;-8.8612500000;-0.8925000000;0.1912500000;33.1875000000;-11.6875000000;30.0000000000
-5.1816000000;-0.8568000000;-7.4052000000;-9.9450000000;-1.2112500000;-2.4225000000;33.1875000000;-10.1875000000;30.3750000000
-5.0592000000;-0.7956000000;-6.9156000000;-8.0325000000;-0.1912500000;-5.5462500000;33.1875000000;-9.7500000000;32.3750000000
-5.0286000000;-1.2036000000;-5.6610000000;-6.1200000000;1.4662500000;-11.2837500000;33.1875000000;-9.7500000000;32.3750000000
-5.3652000000;-0.8364000000;-4.3962000000;10.0725000000;-7.3950000000;-17.4037500000;33.1875000000;-11.6875000000;29.5625000000
-5.3652000000;-1.2750000000;-3.1110000000;9.2437500000;-14.9175000000;-14.4712500000;33.5625000000;-10.8750000000;31.1875000000
-6.0690000000;-1.0812000000;-1.9992000000;-10.4550000000;-41.9475000000;-24.4162500000;34.2500000000;-8.6875000000;30.3750000000
-7.3032000000;-0.7140000000;-2.4072000000;-3.0600000000;-77.5837500000;-13.6425000000;34.7500000000;-8.6875000000;29.5625000000
-8.5374000000;-0.8568000000;-3.0498000000;-2.7412500000;-103.9762500000;-10.7100000000;34.7500000000;-8.6875000000;29.5625000000
-9.4452000000;-1.1118000000;-4.6308000000;-6.5662500000;-128.4562500000;-7.3312500000;36.5625000000;-9.7500000000;27.5625000000
-10.5672000000;-1.6116000000;-5.2530000000;-8.8612500000;-133.9387500000;-14.4075000000;40.2500000000;-9.5000000000;24.5000000000
-11.0364000000;-1.8972000000;-7.5072000000;19.6350000000;-141.1425000000;-13.4512500000;41.6875000000;-8.3750000000;19.3750000000
-10.7712000000;-2.0706000000;-7.4358000000;28.4325000000;-120.1687500000;-21.6750000000;43.1875000000;-6.0625000000;14.5625000000
-11.5770000000;-0.9486000000;-8.6088000000;48.3862500000;-107.1637500000;-23.0137500000;43.1875000000;-6.0625000000;14.5625000000
-11.3628000000;-1.7442000000;-7.3134000000;36.3375000000;-86.6362500000;-10.2637500000;45.0625000000;-5.3750000000;10.6875000000
-11.1690000000;-1.8360000000;-6.4260000000;41.9475000000;-76.1175000000;-6.7575000000;45.5000000000;-3.5000000000;6.7500000000
-10.4346000000;-2.1828000000;-6.2118000000;29.3250000000;-67.9575000000;-4.0162500000;46.1875000000;-2.7500000000;4.0000000000
-10.4754000000;-1.6932000000;-5.6508000000;-10.0725000000;-51.6375000000;-4.0800000000;46.5625000000;-1.6875000000;0.7500000000
-10.2306000000;-2.9988000000;-4.9164000000;-50.1075000000;-42.4575000000;-4.7175000000;46.5625000000;-1.6875000000;0.7500000000
-9.9348000000;-1.4892000000;-4.4166000000;-9.6262500000;-24.1612500000;-11.7300000000;46.1875000000;-1.0000000000;-0.2500000000
-10.4550000000;-0.9792000000;-3.6924000000;-6.1200000000;-23.5237500000;2.5500000000;46.0625000000;-2.0625000000;-1.0625000000
-9.8328000000;-2.0910000000;-3.6108000000;-66.2362500000;-31.6200000000;3.7612500000;47.2500000000;0.0000000000;-4.2500000000
-9.6594000000;-2.4174000000;-3.1416000000;-65.9175000000;-26.2650000000;-2.8050000000;46.5000000000;0.0000000000;-5.0000000000
-9.8328000000;-2.2032000000;-1.6932000000;9.8812500000;-6.4387500000;2.1037500000;46.5000000000;0.0000000000;-5.0000000000
-9.7920000000;-1.8972000000;-1.1832000000;15.5550000000;-14.5987500000;6.8850000000;45.7500000000;-0.2500000000;-5.8750000000
-9.9450000000;-1.6626000000;-1.2954000000;-23.2050000000;-31.3012500000;3.6337500000;47.2500000000;-0.6875000000;-7.0000000000
-9.2616000000;-2.3664000000;-1.6320000000;-21.9300000000;-28.1137500000;5.6737500000;45.7500000000;-0.2500000000;-8.5625000000
-9.9246000000;-2.0400000000;-1.0812000000;-13.7062500000;-16.7662500000;-3.1237500000;46.0625000000;0.3750000000;-7.7500000000
-9.5472000000;-1.8972000000;-1.4688000000;7.2037500000;-10.1362500000;-7.3950000000;46.0625000000;0.3750000000;-7.7500000000
-10.0878000000;-1.1220000000;-1.2342000000;12.6862500000;-8.6062500000;-4.7812500000;45.7500000000;-0.2500000000;-8.5625000000
-9.9552000000;-1.0812000000;-1.4790000000;-9.0525000000;-10.2000000000;-1.7850000000;45.7500000000;0.3750000000;-9.0000000000
-9.6798000000;-1.3668000000;-1.1322000000;-6.4387500000;-0.7012500000;1.7212500000;46.0625000000;0.0000000000;-10.5000000000
-9.6900000000;-1.6116000000;-0.6732000000;-2.1675000000;2.3587500000;1.4662500000;45.3750000000;0.7500000000;-9.7500000000
-9.7308000000;-1.7646000000;-0.5916000000;-6.9487500000;-0.1275000000;3.5700000000;45.3750000000;0.7500000000;-9.7500000000
-9.7818000000;-2.1726000000;-0.7344000000;-1.7212500000;0.4462500000;0.6375000000;45.0000000000;0.0000000000;-9.7500000000
-9.8022000000;-2.0094000000;-0.6528000000;7.6500000000;4.5900000000;-2.3587500000;45.7500000000;0.3750000000;-11.0000000000
-9.9348000000;-1.5504000000;-0.6018000000;-5.2912500000;-0.0637500000;-2.6775000000;45.7500000000;-1.5000000000;-9.3750000000
-9.4248000000;-1.7850000000;-1.0404000000;-4.2712500000;-0.5737500000;0.0637500000;45.7500000000;-1.5000000000;-9.3750000000
-9.7920000000;-1.5198000000;-0.7548000000;-5.2912500000;0.3825000000;2.4862500000;46.0625000000;0.0000000000;-9.0000000000
-9.6288000000;-2.0706000000;-0.8772000000;6.7575000000;0.8925000000;0.7650000000;45.7500000000;0.3750000000;-9.7500000000
-9.7614000000;-1.6728000000;-0.8976000000;4.9087500000;-0.8925000000;-0.1912500000;45.7500000000;0.3750000000;-11.0000000000
-9.6492000000;-1.7646000000;-0.7038000000;-0.8287500000;0.4462500000;1.5937500000;46.0625000000;0.7500000000;-10.5000000000
-9.8430000000;-1.4688000000;-0.3774000000;2.5500000000;0.2550000000;1.4025000000;46.0625000000;0.7500000000;-10.5000000000
-9.8940000000;-2.1216000000;-0.7038000000;-14.6625000000;-7.0125000000;5.2912500000;45.7500000000;0.3750000000;-10.5000000000
-9.5880000000;-2.1114000000;-0.6936000000;5.9925000000;-1.4025000000;-0.6375000000;46.5000000000;-1.5000000000;-10.5000000000
-9.7410000000;-1.8666000000;-0.9384000000;29.8987500000;-2.5500000000;-1.8487500000;45.7500000000;0.0000000000;-10.1875000000
-9.5778000000;-1.6218000000;-1.3260000000;6.7575000000;-2.4225000000;-4.5262500000;45.7500000000;0.0000000000;-9.3750000000
-9.9654000000;-1.4484000000;-1.2546000000;6.5025000000;-1.2112500000;2.4225000000;45.7500000000;0.0000000000;-9.3750000000
-10.4550000000;-2.2338000000;-1.6320000000;-0.7012500000;0.3825000000;3.9525000000;45.7500000000;0.0000000000;-10.5000000000
-9.6084000000;-1.1016000000;-4.2024000000;2.2312500000;-7.5862500000;-7.1400000000;45.0000000000;-2.0625000000;-10.5000000000
-11.3424000000;1.4994000000;-8.3946000000;46.6650000000;23.2687500000;8.0962500000;45.0000000000;-0.6875000000;-10.5000000000
-12.3624000000;-1.1628000000;-8.3028000000;46.0275000000;63.4312500000;40.0350000000;45.3750000000;-0.2500000000;-9.3750000000
-12.0054000000;-2.3766000000;-10.5774000000;-5.4187500000;70.9537500000;23.3962500000;45.3750000000;-0.2500000000;-9.3750000000
-12.9438000000;-1.2138000000;-8.9658000000;64.7700000000;152.3625000000;10.2637500000;46.5000000000;-3.5625000000;-7.3750000000
-13.8618000000;-0.7854000000;-6.3036000000;73.6950000000;189.2737500000;10.8375000000;45.7500000000;-4.0625000000;-4.6875000000
-13.4640000000;-1.5810000000;-5.2020000000;21.6750000000;178.8187500000;9.8175000000;46.0625000000;-4.5000000000;2.5000000000
-13.0560000000;-1.7238000000;-4.8552000000;46.7287500000;169.1287500000;12.8137500000;44.6875000000;-5.8750000000;9.5000000000
-11.6688000000;-2.2542000000;-2.9886000000;-6.4387500000;165.0487500000;12.1125000000;44.6875000000;-5.8750000000;9.5000000000
-10.2408000000;-2.1624000000;-0.2958000000;-40.3537500000;157.8450000000;6.8850000000;43.6875000000;-6.2500000000;17.3750000000
-7.9458000000;-1.8462000000;1.5096000000;-67.5112500000;121.6350000000;10.3912500000;40.7500000000;-7.1875000000;21.6875000000
-6.8646000000;-2.3358000000;-0.2856000000;-11.6025000000;64.5150000000;5.6100000000;37.5000000000;-8.6875000000;27.1875000000
-4.9776000000;-2.0196000000;-3.2232000000;40.2262500000;45.1350000000;-8.0325000000;36.0000000000;-10.6875000000;27.8750000000
-5.9262000000;-0.3672000000;-3.9882000000;30.6000000000;36.1462500000;-15.9375000000;36.0000000000;-10.6875000000;27.8750000000
-5.7018000000;-0.6018000000;-5.3040000000;8.5425000000;9.3712500000;-13.9612500000;34.8750000000;-9.3750000000;30.3750000000
-5.2224000000;-0.0510000000;-6.8544000000;32.0025000000;2.8687500000;-7.4587500000;33.7500000000;-8.6875000000;31.8750000000
-5.3754000000;-0.8568000000;-8.2926000000;-26.6475000000;-14.0887500000;-2.7412500000;33.7500000000;-7.8750000000;32.2500000000
-5.3448000000;-1.5912000000;-8.5068000000;-20.6550000000;-0.0637500000;-1.9125000000;34.0625000000;-7.5000000000;31.0625000000
-5.6508000000;-1.4484000000;-7.4970000000;-2.4225000000;6.6937500000;-2.2312500000;34.0625000000;-7.5000000000;31.0625000000
-5.4468000000;-1.4178000000;-8.2416000000;-6.6300000000;2.2950000000;-3.1875000000;34.0625000000;-6.3750000000;31.0625000000
-5.7222000000;-0.9078000000;-7.5378000000;-5.8012500000;2.9325000000;-4.1437500000;34.8750000000;-9.0000000000;30.6875000000
-5.3040000000;-1.5504000000;-7.9152000000;-26.1375000000;-5.6100000000;-2.6137500000;34.0000000000;-8.6875000000;30.2500000000
-5.4162000000;-0.9078000000;-8.2110000000;-10.2637500000;3.8887500000;-5.4825000000;33.6875000000;-8.6875000000;31.5000000000
-5.5182000000;-0.7446000000;-7.4358000000;-16.8937500000;0.3825000000;-5.1000000000;33.6875000000;-8.6875000000;31.5000000000
-5.6508000000;-1.0404000000;-8.6802000000;-14.1525000000;-12.4950000000;-2.4862500000;34.0000000000;-9.3750000000;31.5000000000
-5.2734000000;-1.0812000000;-8.7720000000;-1.0200000000;-5.4825000000;-1.7212500000;35.5000000000;-10.0625000000;31.0625000000
-5.7528000000;-0.5304000000;-8.6088000000;2.4225000000;0.3187500000;-1.4025000000;34.3750000000;-9.7500000000;30.6875000000
-5.6508000000;-0.7752000000;-8.3334000000;0.5100000000;3.7612500000;-1.1475000000;34.3750000000;-10.0625000000;31.8750000000
-5.7936000000;-0.9078000000;-7.8030000000;4.7175000000;3.5700000000;0.8287500000;34.3750000000;-10.0625000000;31.8750000000
-5.5692000000;-0.9588000000;-8.4558000000;1.8487500000;-3.5700000000;0.3187500000;33.2500000000;-8.5625000000;31.0625000000
-5.4570000000;-0.9690000000;-8.4252000000;0.5737500000;3.9525000000;1.7212500000;34.0000000000;-10.3750000000;31.0625000000
-5.8038000000;-1.1016000000;-7.8030000000;-1.4025000000;2.5500000000;1.5937500000;34.0000000000;-7.3750000000;31.5000000000
-5.3754000000;-1.1118000000;-8.8842000000;-2.1037500000;-4.3350000000;0.3825000000;34.3750000000;-9.6875000000;31.0625000000
-5.7834000000;-0.8364000000;-7.9968000000;1.8487500000;7.3312500000;0.8287500000;34.3750000000;-9.6875000000;31.0625000000
-5.4672000000;-1.1832000000;-7.8642000000;-4.1437500000;-0.6375000000;0.8287500000;34.7500000000;-9.6875000000;30.6875000000
-5.2836000000;-0.9690000000;-8.2518000000;2.9962500000;1.9125000000;-0.5737500000;34.0000000000;-10.0000000000;30.6875000000
-5.5692000000;-1.0914000000;-8.0274000000;0.1275000000;-0.5100000000;1.7212500000;34.0000000000;-10.0000000000;31.0625000000
-5.4264000000;-1.1934000000;-8.0682000000;-4.7175000000;-2.4225000000;-0.9562500000;33.6875000000;-10.0000000000;29.8750000000
-5.4876000000;-0.9588000000;-8.0682000000;1.5937500000;-2.4862500000;-1.6575000000;33.6875000000;-10.0000000000;29.8750000000
-5.6304000000;-0.9792000000;-7.9866000000;0.1912500000;-3.8887500000;0.4462500000;34.3750000000;-9.6875000000;30.2500000000
-5.4876000000;-1.0608000000;-8.5374000000;-3.0600000000;-4.6537500000;-0.7012500000;34.3750000000;-9.2500000000;31.5000000000
-5.9874000000;-0.5814000000;-7.7928000000;2.4225000000;1.9762500000;-1.4662500000;34.3750000000;-9.2500000000;30.2500000000
-5.5284000000;-1.1526000000;-8.7516000000;-3.6337500000;-5.9925000000;1.2750000000;34.3750000000;-9.2500000000;30.2500000000
-5.8650000000;-0.4896000000;-8.1192000000;-1.7212500000;-0.6375000000;0.1275000000;34.7500000000;-8.8750000000;30.2500000000
-5.6712000000;-1.1526000000;-8.4456000000;-16.3837500000;-4.3350000000;2.8050000000;34.0000000000;-10.0000000000;29.8750000000
-5.7120000000;-1.0404000000;-7.9254000000;-7.4587500000;0.5100000000;-2.2312500000;34.3750000000;-10.0000000000;31.0000000000
-5.7324000000;-0.3060000000;-8.5068000000;-7.9687500000;-1.6575000000;0.8925000000;35.1875000000;-10.0000000000;29.8750000000
-5.5692000000;-1.1016000000;-8.4456000000;-16.1287500000;-2.4225000000;1.0837500000;35.1875000000;-10.0000000000;29.8750000000
-5.7018000000;-0.6732000000;-8.3130000000;4.5900000000;1.4662500000;-0.8925000000;35.5000000000;-10.6875000000;29.8750000000
-5.7018000000;-0.6834000000;-8.4762000000;1.5937500000;-0.8925000000;-0.1912500000;35.1875000000;-11.0625000000;29.8750000000
-5.7426000000;-0.5406000000;-8.3742000000;1.1475000000;2.6137500000;-0.7650000000;34.3750000000;-10.3750000000;31.0625000000
-5.6814000000;-0.8874000000;-7.9458000000;-2.8050000000;0.6375000000;0.9562500000;34.3750000000;-9.2500000000;29.8750000000
-5.6814000000;-0.6630000000;-8.3436000000;2.8050000000;-1.2112500000;0.7012500000;34.3750000000;-9.2500000000;29.8750000000
-5.7120000000;-0.5508000000;-8.0988000000;-5.4825000000;2.2950000000;2.4225000000;34.3750000000;-10.3750000000;29.0625000000
-5.6100000000;-0.9384000000;-8.1294000000;-1.4662500000;-0.1275000000;1.7850000000;34.0000000000;-9.2500000000;30.6875000000
-5.7630000000;-0.6732000000;-8.1192000000;-3.8887500000;0.3825000000;1.9125000000;34.3750000000;-9.2500000000;29.5000000000
-5.5488000000;-0.8058000000;-8.1090000000;-3.2512500000;-1.1475000000;-0.3187500000;35.1875000000;-11.0625000000;30.6875000000
-5.6712000000;-0.7344000000;-8.2620000000;4.2075000000;-0.8287500000;-0.3187500000;35.1875000000;-11.0625000000;30.6875000000
-5.6100000000;-0.5814000000;-8.3232000000;3.7612500000;2.8687500000;-1.7212500000;34.3750000000;-10.6875000000;29.5000000000
-5.7630000000;-0.6528000000;-8.1294000000;2.2312500000;0.7012500000;0.7012500000;34.0000000000;-10.6875000000;29.0625000000
-5.5794000000;-0.8670000000;-8.3538000000;1.6575000000;-0.5100000000;-1.2112500000;34.7500000000;-9.6875000000;29.5000000000
-5.6610000000;-0.5304000000;-8.0070000000;4.3987500000;4.6537500000;-2.2312500000;34.7500000000;-11.0625000000;29.0625000000
-5.6202000000;-0.7956000000;-8.2824000000;-1.0837500000;-3.4425000000;0.3187500000;34.7500000000;-11.0625000000;29.0625000000
-5.4978000000;-0.6120000000;-8.5986000000;3.1875000000;1.7850000000;-1.5300000000;34.3750000000;-10.3750000000;30.6875000000
-5.7630000000;-0.6630000000;-7.9764000000;-2.4862500000;0.5737500000;1.0837500000;35.1875000000;-11.5000000000;29.5000000000
-5.5386000000;-0.9180000000;-8.3232000000;0.3825000000;-1.2112500000;-0.3187500000;34.0000000000;-10.3750000000;28.6875000000
-5.6916000000;-0.5712000000;-8.1294000000;5.1000000000;2.0400000000;-0.3825000000;34.3750000000;-10.6875000000;29.8750000000
-5.6100000000;-0.8976000000;-8.4150000000;-3.3150000000;-1.7212500000;1.8487500000;34.3750000000;-10.6875000000;29.8750000000
-5.6610000000;-0.7956000000;-7.9764000000;3.4425000000;1.2112500000;-0.8925000000;34.3750000000;-9.6875000000;29.8750000000
-5.6712000000;-0.8058000000;-8.2518000000;2.6137500000;-2.6775000000;0.4462500000;34.3750000000;-10.6875000000;29.8750000000
-5.5182000000;-0.6732000000;-8.5170000000;3.1875000000;-2.2312500000;0.1912500000;34.0000000000;-11.0625000000;29.8750000000
-5.6814000000;-0.7854000000;-8.0274000000;-2.6137500000;1.0837500000;-0.7650000000;34.3750000000;-10.3750000000;29.0625000000
-5.7018000000;-0.6426000000;-8.2518000000;2.2312500000;-2.2950000000;-0.8287500000;34.3750000000;-10.3750000000;29.0625000000
-5.6304000000;-0.6630000000;-8.4660000000;1.2112500000;0.8925000000;0.0637500000;34.0000000000;-10.3750000000;29.8750000000
-5.6712000000;-0.5100000000;-8.1192000000;-0.4462500000;2.1037500000;0.3187500000;34.0000000000;-11.0625000000;31.0625000000
-5.7018000000;-0.8772000000;-8.2008000000;-1.8487500000;-1.9762500000;0.9562500000;34.7500000000;-10.0000000000;30.2500000000
-5.5896000000;-0.6018000000;-8.3844000000;1.3387500000;1.0200000000;-0.1275000000;34.7500000000;-10.0000000000;29.0625000000
-5.6508000000;-0.8670000000;-7.9764000000;0.5100000000;0.0000000000;1.2112500000;34.7500000000;-10.0000000000;29.0625000000
-5.5488000000;-0.8262000000;-8.5476000000;-0.3825000000;-1.8487500000;-0.4462500000;34.3750000000;-9.6875000000;30.2500000000
-5.7936000000;-0.6120000000;-7.9764000000;0.0637500000;2.6137500000;0.1912500000;34.7500000000;-10.0000000000;30.6875000000
-5.6814000000;-1.0302000000;-8.2620000000;-0.5100000000;-3.7612500000;-0.1275000000;34.3750000000;-10.6875000000;29.0625000000
-5.5692000000;-0.6222000000;-8.3742000000;4.9087500000;0.6375000000;-1.8487500000;34.3750000000;-10.3750000000;29.0625000000
-5.7120000000;-0.9180000000;-8.0070000000;2.0400000000;0.0637500000;0.1912500000;34.3750000000;-10.3750000000;29.0625000000
-5.5590000000;-0.8976000000;-8.1702000000;6.7575000000;-1.7212500000;-0.5737500000;34.3750000000;-9.2500000000;29.8750000000
-5.7732000000;-0.6732000000;-8.1396000000;-6.3112500000;-2.9325000000;1.4025000000;34.3750000000;-10.0000000000;31.0625000000
-5.5488000000;-1.1424000000;-8.5986000000;0.7012500000;-0.6375000000;-0.8287500000;34.7500000000;-10.3750000000;30.6875000000
-5.6610000000;-0.7344000000;-8.3640000000;1.2112500000;2.0400000000;-2.3587500000;34.7500000000;-11.1875000000;29.8750000000
-5.8140000000;-0.7956000000;-7.8336000000;0.3825000000;-1.9762500000;-0.6375000000;34.7500000000;-11.1875000000;29.8750000000
-5.6406000000;-0.9078000000;-8.4354000000;0.6375000000;-2.0400000000;-0.9562500000;34.3750000000;-10.3750000000;29.0625000000
-5.7732000000;-0.4590000000;-8.2518000000;-2.2950000000;2.9962500000;-0.7012500000;34.0000000000;-10.6875000000;29.0625000000
-5.7222000000;-1.0200000000;-8.1396000000;-0.2550000000;-0.3187500000;0.0000000000;34.7500000000;-9.6875000000;29.8750000000
-5.7324000000;-0.5202000000;-8.2212000000;0.0000000000;-0.3825000000;0.0000000000;34.0000000000;-10.0000000000;29.5000000000
-5.7222000000;-0.8976000000;-8.4048000000;-2.2950000000;-0.1275000000;1.7212500000;34.0000000000;-10.0000000000;29.5000000000
-5.6916000000;-1.0302000000;-8.3028000000;-1.2112500000;0.5737500000;-0.1912500000;34.7500000000;-10.0000000000;28.6875000000
-5.7222000000;-0.7854000000;-8.0580000000;0.1275000000;2.0400000000;-0.5100000000;34.7500000000;-10.3750000000;30.2500000000
-5.7222000000;-0.8568000000;-7.9356000000;-0.0637500000;0.1912500000;0.1275000000;35.1875000000;-10.3750000000;29.5000000000
-5.5794000000;-0.7956000000;-8.5884000000;-2.5500000000;-1.5300000000;0.7650000000;35.1875000000;-10.3750000000;29.5000000000
-5.7426000000;-0.8874000000;-7.9560000000;0.3825000000;3.7612500000;-0.1912500000;35.1875000000;-10.0000000000;29.5000000000
-5.7018000000;-0.8568000000;-8.0580000000;1.1475000000;-0.5737500000;0.0000000000;34.7500000000;-10.0000000000;29.5000000000
-5.6610000000;-0.7344000000;-8.2518000000;0.6375000000;-0.5100000000;-0.1912500000;34.7500000000;-10.3750000000;29.5000000000
-5.6712000000;-0.9486000000;-8.1498000000;0.3825000000;1.0837500000;0.2550000000;34.7500000000;-8.8750000000;29.8750000000
-5.6610000000;-0.7650000000;-8.2518000000;0.4462500000;-0.7012500000;-0.7012500000;34.7500000000;-8.8750000000;29.8750000000
-5.6814000000;-0.6630000000;-8.4252000000;-1.0200000000;-0.2550000000;-1.0200000000;34.7500000000;-10.3750000000;29.5000000000
-5.7120000000;-0.8568000000;-8.0886000000;-3.5062500000;0.3825000000;-0.3825000000;34.0000000000;-10.3750000000;29.0625000000
-5.6814000000;-0.6324000000;-8.1702000000;4.0800000000;-0.7012500000;0.5737500000;34.7500000000;-8.5625000000;29.8750000000
-5.6100000000;-0.9894000000;-8.2926000000;-3.3787500000;-0.7650000000;0.8925000000;34.3750000000;-10.3750000000;30.6875000000
-5.7018000000;-0.7854000000;-8.0580000000;2.9325000000;2.1675000000;-0.0637500000;34.3750000000;-10.3750000000;30.6875000000
-5.6100000000;-0.9486000000;-8.3640000000;-0.8925000000;-1.3387500000;-0.0637500000;34.3750000000;-9.2500000000;29.5000000000
-5.6406000000;-0.8466000000;-8.1906000000;1.4025000000;1.9125000000;-0.7650000000;34.3750000000;-10.6875000000;30.2500000000
-5.6712000000;-0.9690000000;-7.9254000000;0.6375000000;0.7650000000;-0.0637500000;34.3750000000;-10.3750000000;27.8750000000
-5.6610000000;-0.7752000000;-8.2008000000;2.8050000000;-1.8487500000;-1.4025000000;34.3750000000;-8.8750000000;28.6875000000
-5.6406000000;-0.7038000000;-8.1804000000;-2.6137500000;-0.1275000000;0.1912500000;34.3750000000;-8.8750000000;28.6875000000
-5.6712000000;-0.7548000000;-7.5480000000;-4.1437500000;-0.0637500000;-0.1275000000;34.7500000000;-10.7500000000;29.5000000000
-5.4876000000;-0.4794000000;-7.5888000000;-3.8887500000;-3.1237500000;0.8925000000;34.7500000000;-10.0000000000;30.2500000000
-5.3856000000;-0.8160000000;-7.0278000000;-14.7900000000;-2.7412500000;2.4225000000;35.1875000000;-10.6875000000;29.5000000000
-4.8144000000;-1.1628000000;-5.8242000000;-21.1650000000;1.9125000000;-0.6375000000;34.0000000000;-10.6875000000;29.5000000000
-4.7940000000;-1.4892000000;-3.1824000000;-1.4025000000;22.4400000000;-12.7500000000;34.0000000000;-10.6875000000;29.5000000000
-6.0180000000;-0.9996000000;-2.1624000000;4.4625000000;19.3162500000;-24.6712500000;34.7500000000;-11.5000000000;29.8750000000
-6.5382000000;-1.5606000000;-0.8976000000;-11.1562500000;-11.1562500000;-22.5675000000;34.7500000000;-10.6875000000;31.0625000000
-7.7520000000;-1.2954000000;-2.9988000000;-35.8912500000;-65.7262500000;-36.0825000000;34.3750000000;-9.6875000000;29.0625000000
-8.7210000000;-1.1322000000;-2.8152000000;-6.5662500000;-91.0987500000;-26.9662500000;35.8750000000;-10.0000000000;27.8750000000
-9.5574000000;-0.9588000000;-4.5900000000;18.7425000000;-127.3087500000;-18.8700000000;35.8750000000;-10.0000000000;27.8750000000
-11.1894000000;0.5916000000;-6.8136000000;41.5650000000;-149.4300000000;-11.7300000000;37.3750000000;-8.2500000000;24.7500000000
-11.0772000000;-1.8972000000;-8.1090000000;27.9862500000;-159.5025000000;17.5312500000;41.0000000000;-6.7500000000;21.6875000000
-11.8728000000;-2.0400000000;-9.5064000000;28.8787500000;-152.7450000000;9.4350000000;42.5625000000;-5.2500000000;16.0625000000
-10.6284000000;-2.8968000000;-10.0164000000;21.6750000000;-124.9500000000;1.1475000000;44.7500000000;-6.3750000000;11.3750000000
-10.6998000000;-1.3668000000;-7.9152000000;21.6750000000;-85.4887500000;-13.3237500000;44.7500000000;-6.3750000000;11.3750000000
-10.8426000000;-1.5708000000;-6.1710000000;-11.1562500000;-74.5237500000;-13.3875000000;46.2500000000;-4.5625000000;6.6875000000
-10.6182000000;-1.6626000000;-5.8752000000;-60.4350000000;-75.8625000000;-20.7825000000;46.6875000000;-3.7500000000;4.7500000000
-10.2612000000;-0.8568000000;-5.4060000000;-58.7775000000;-60.3712500000;-23.0775000000;46.1875000000;-4.2500000000;0.0625000000
-10.2816000000;-1.4382000000;-4.8348000000;-13.9612500000;-47.8125000000;-4.9725000000;47.0000000000;-3.5625000000;-3.0625000000
-9.8022000000;-1.4382000000;-4.7838000000;-18.4237500000;-43.1587500000;-10.0725000000;47.0000000000;-3.5625000000;-3.0625000000
-10.3326000000;-1.1934000000;-3.6108000000;-12.1762500000;-27.1575000000;-8.5425000000;46.5625000000;-1.0000000000;-3.8750000000
-9.8634000000;-1.8360000000;-2.8356000000;-10.7100000000;-37.7400000000;-7.9050000000;47.0000000000;-0.5625000000;-4.1875000000
-9.4656000000;-1.4076000000;-3.0396000000;15.7462500000;-29.7075000000;-8.1600000000;45.7500000000;-1.0000000000;-5.8750000000
-9.4146000000;-2.1522000000;-1.8666000000;15.4275000000;-3.6337500000;5.4825000000;45.7500000000;-0.8750000000;-8.1875000000
-9.8226000000;-1.7442000000;-0.9486000000;-31.3012500000;-1.5300000000;-9.7537500000;45.7500000000;-0.8750000000;-8.1875000000
-9.8022000000;-1.5402000000;-0.9996000000;-3.4425000000;-3.0600000000;-2.8687500000;46.0625000000;-1.2500000000;-8.5625000000
-9.7104000000;-1.5504000000;-1.3464000000;-10.8375000000;-6.5662500000;-0.1912500000;46.5000000000;1.2500000000;-9.0000000000
-9.8838000000;-1.8156000000;-1.3974000000;-11.7300000000;-4.7812500000;0.4462500000;45.7500000000;0.5000000000;-9.3750000000
-9.7614000000;-1.6218000000;-0.9690000000;-2.2950000000;-0.9562500000;-1.2112500000;46.0625000000;0.5000000000;-8.1875000000
-9.7716000000;-1.4484000000;-1.0812000000;-8.0325000000;0.0637500000;-1.6575000000;46.0625000000;0.5000000000;-8.1875000000
-9.7920000000;-1.9074000000;-0.9180000000;-0.4462500000;0.7650000000;2.1037500000;46.0625000000;-0.5625000000;-9.0000000000
-9.7512000000;-1.6932000000;-0.9792000000;-7.3950000000;-1.6575000000;-0.8287500000;46.0625000000;0.8750000000;-10.1875000000
-9.6900000000;-1.9584000000;-1.3464000000;1.2112500000;-2.3587500000;0.6375000000;46.0625000000;0.5000000000;-9.0000000000
-9.7104000000;-2.3562000000;-1.1424000000;2.4862500000;-1.3387500000;0.5100000000;46.5000000000;1.1875000000;-10.1875000000
-9.8328000000;-1.4382000000;-0.9792000000;0.6375000000;0.3187500000;-5.1000000000;46.5000000000;1.1875000000;-10.1875000000
-9.7716000000;-1.9278000000;-1.1628000000;-3.8887500000;-2.2950000000;2.9325000000;46.5000000000;1.5625000000;-8.5625000000
-10.1082000000;-2.0604000000;-0.7344000000;-6.6937500000;-2.8050000000;-2.6775000000;45.7500000000;-0.2500000000;-9.3750000000
-9.6594000000;-1.7646000000;-0.8058000000;21.2925000000;-2.1675000000;-2.4862500000;46.5000000000;1.5625000000;-9.3750000000
-9.6696000000;-1.6830000000;-0.9282000000;6.5025000000;-6.3750000000;-4.3350000000;46.5000000000;1.5625000000;-9.3750000000
-9.7308000000;-1.6218000000;-1.1424000000;1.4662500000;-1.7850000000;-0.8925000000;45.7500000000;1.5625000000;-9.3750000000
-9.8532000000;-1.9584000000;-0.6936000000;-0.7012500000;0.1275000000;2.6775000000;46.0625000000;0.8750000000;-10.5000000000
-9.7308000000;-1.8972000000;-1.0302000000;-4.9087500000;-2.6137500000;-2.6137500000;46.0625000000;0.5000000000;-9.0000000000
-9.8328000000;-2.0706000000;-0.9996000000;4.5900000000;-0.9562500000;3.1237500000;46.0625000000;1.5625000000;-9.3750000000
-9.5166000000;-2.2236000000;-0.9078000000;-7.9687500000;-2.6775000000;-3.8250000000;46.0625000000;1.5625000000;-9.3750000000
-9.8430000000;-1.3158000000;-1.1322000000;8.5425000000;-0.1275000000;-0.1912500000;46.0625000000;-0.5625000000;-9.0000000000
-9.7308000000;-2.0604000000;-0.8364000000;-8.4150000000;0.5100000000;0.5100000000;45.7500000000;1.5625000000;-9.0000000000
-9.8124000000;-1.6728000000;-0.8058000000;-1.3387500000;-0.6375000000;-0.9562500000;46.0625000000;-1.0000000000;-9.7500000000
-9.7614000000;-1.8156000000;-0.8466000000;-1.9125000000;-0.0637500000;0.7650000000;46.0625000000;0.8750000000;-10.1875000000
-9.6186000000;-2.0808000000;-1.0812000000;-0.0637500000;-0.0637500000;-0.3825000000;46.0625000000;0.8750000000;-10.1875000000
-9.8940000000;-1.6218000000;-0.8772000000;2.5500000000;1.3387500000;0.4462500000;47.2500000000;0.8750000000;-9.7500000000
-9.6288000000;-2.2746000000;-1.2342000000;-3.6337500000;-0.5737500000;1.0200000000;46.0625000000;-0.5625000000;-9.3750000000
-9.9144000000;-1.5096000000;-0.5916000000;-0.3187500000;3.0600000000;-2.2950000000;46.0625000000;-1.0000000000;-8.5625000000
-9.6390000000;-2.3256000000;-1.1934000000;-4.0162500000;-2.3587500000;2.4862500000;45.3750000000;0.8750000000;-9.3750000000
-9.7206000000;-1.9992000000;-0.7854000000;-1.5300000000;1.7212500000;-2.8687500000;45.3750000000;0.8750000000;-9.3750000000
-9.8430000000;-1.6014000000;-1.0506000000;0.0637500000;-1.1475000000;-0.2550000000;46.0625000000;0.8750000000;-9.3750000000
-9.7614000000;-1.8870000000;-0.8058000000;-3.3150000000;0.8287500000;1.0837500000;45.3750000000;0.5000000000;-9.0000000000
-9.6288000000;-1.8054000000;-1.0098000000;-1.3387500000;-0.5100000000;0.5737500000;46.5000000000;-1.0000000000;-9.0000000000
-9.7206000000;-2.2338000000;-1.0200000000;2.0400000000;0.3187500000;1.7850000000;46.0625000000;-0.5625000000;-9.3750000000
-9.8736000000;-1.6116000000;-0.7956000000;0.0000000000;-0.1912500000;-1.1475000000;46.0625000000;-0.5625000000;-9.3750000000
-9.6798000000;-1.9074000000;-1.2852000000;8.1600000000;1.4025000000;0.8287500000;46.5000000000;-0.5625000000;-10.1875000000
-9.7920000000;-1.9788000000;-1.1730000000;1.7212500000;2.6137500000;-2.3587500000;45.7500000000;0.5000000000;-10.1875000000
-9.9552000000;-1.6524000000;-0.9078000000;4.7175000000;2.2950000000;-1.1475000000;46.0625000000;1.1875000000;-9.0000000000
-9.6594000000;-2.2338000000;-1.4688000000;3.3150000000;1.8487500000;0.0000000000;46.0625000000;-1.3750000000;-8.5625000000
-10.2102000000;-1.7850000000;-1.8462000000;4.7812500000;6.7575000000;-4.8450000000;46.0625000000;-1.3750000000;-8.5625000000
-10.3326000000;-1.7136000000;-2.0502000000;1.6575000000;10.8375000000;-1.0837500000;46.0625000000;0.5000000000;-9.3750000000
-9.8328000000;-1.6320000000;-2.4174000000;2.8050000000;6.5025000000;1.2112500000;46.0625000000;2.0000000000;-9.3750000000
-9.8634000000;-1.2852000000;-4.4574000000;4.2712500000;15.3000000000;1.4662500000;46.0625000000;0.8750000000;-8.1875000000
-10.2612000000;-1.5300000000;-3.6822000000;13.0687500000;47.4300000000;3.6337500000;45.7500000000;0.8750000000;-9.3750000000
-10.5978000000;-0.8874000000;-4.5492000000;14.2800000000;43.2225000000;5.1637500000;45.7500000000;0.8750000000;-9.3750000000
-11.2812000000;0.0102000000;-7.9764000000;14.7900000000;45.3900000000;6.7575000000;46.0625000000;1.1875000000;-6.5625000000
-12.8214000000;0.1020000000;-9.6186000000;35.3812500000;125.1412500000;32.1937500000;46.5000000000;-0.5625000000;-3.0625000000
-13.2294000000;-0.6120000000;-11.2608000000;17.0212500000;135.8512500000;29.3250000000;46.5000000000;-3.5625000000;0.7500000000
-14.5452000000;0.3876000000;-9.3330000000;77.7750000000;196.7962500000;48.5137500000;46.5000000000;-3.5625000000;0.7500000000
-13.9128000000;-2.4990000000;-6.4260000000;-1.6575000000;205.9762500000;49.9800000000;46.0625000000;-5.0625000000;6.7500000000
-12.5052000000;-3.1416000000;-2.9682000000;3.3150000000;222.0412500000;46.8562500000;44.6875000000;-6.0625000000;13.8750000000
-10.1286000000;-4.5390000000;3.6516000000;-39.0150000000;163.3912500000;26.2012500000;41.3750000000;-8.3750000000;20.8750000000
-7.5072000000;-3.9474000000;1.5708000000;-20.5912500000;77.0100000000;5.3550000000;37.0000000000;-9.5000000000;26.6875000000
-5.8548000000;-1.6524000000;-1.2444000000;29.2612500000;52.0837500000;-17.0212500000;37.0000000000;-9.5000000000;26.6875000000
-4.7736000000;-0.4794000000;-3.6210000000;20.8462500000;43.0950000000;-14.9812500000;34.2500000000;-10.8750000000;30.6875000000
-5.1306000000;-0.4386000000;-5.8752000000;5.6100000000;20.7187500000;-1.7212500000;33.2500000000;-10.7500000000;32.2500000000
-4.6002000000;-0.6834000000;-6.7014000000;-39.8437500000;22.1850000000;-4.9087500000;32.8750000000;-10.5000000000;31.8750000000
-4.8042000000;-0.7140000000;-6.7728000000;-24.7987500000;11.7300000000;-3.9525000000;31.8750000000;-10.7500000000;33.5000000000
-4.6410000000;-0.6222000000;-7.1502000000;-24.7987500000;-0.9562500000;-7.7137500000;31.8750000000;-10.7500000000;33.5000000000
-4.5390000000;-0.3978000000;-8.0070000000;-0.8287500000;8.9887500000;-5.9287500000;31.0625000000;-11.5625000000;33.5000000000
-4.7022000000;-0.3264000000;-7.8948000000;-1.0200000000;2.9962500000;-5.4187500000;30.6875000000;-10.7500000000;32.2500000000
-4.6104000000;0.0510000000;-7.9356000000;-1.0200000000;-0.1275000000;-5.0362500000;31.5000000000;-10.0625000000;33.5000000000
-4.9470000000;0.0000000000;-7.8744000000;-5.8012500000;-7.2675000000;1.8487500000;30.6875000000;-10.5000000000;33.0000000000
-4.6818000000;0.2040000000;-9.0270000000;-31.7475000000;-17.9775000000;0.5737500000;30.6875000000;-10.5000000000;33.0000000000
-4.9572000000;-0.0612000000;-8.8944000000;-13.8337500000;-4.3987500000;3.8250000000;30.6875000000;-12.2500000000;32.1875000000
-5.1408000000;-0.0306000000;-8.6802000000;-12.6862500000;-8.6700000000;3.7612500000;32.1875000000;-12.6875000000;31.0625000000
-5.0082000000;-0.4284000000;-8.9352000000;-5.1000000000;-5.4825000000;2.9962500000;31.8750000000;-13.5625000000;31.8750000000
-4.9164000000;0.4998000000;-9.2616000000;-5.8650000000;0.7650000000;2.1675000000;31.8750000000;-13.5625000000;31.8750000000
-5.1000000000;-0.4896000000;-8.6700000000;-4.7812500000;3.6337500000;5.7375000000;31.5000000000;-13.8750000000;31.8750000000
-4.6818000000;-0.2040000000;-9.2310000000;7.5225000000;3.1875000000;-1.4662500000;31.8750000000;-13.5000000000;32.3750000000
-5.3448000000;0.2550000000;-8.2416000000;13.1962500000;5.7375000000;0.3187500000;31.0625000000;-14.1875000000;32.0000000000
-4.6920000000;-0.4386000000;-9.1494000000;2.9325000000;0.4462500000;1.4025000000;31.8750000000;-13.5000000000;31.1875000000
-4.9470000000;-0.1122000000;-8.2518000000;7.3312500000;6.3112500000;-2.3587500000;31.8750000000;-13.5000000000;31.1875000000
-4.9368000000;-0.1020000000;-8.2110000000;2.4862500000;0.7012500000;1.9125000000;31.8750000000;-12.6875000000;33.5000000000
-4.7430000000;-0.1632000000;-8.6394000000;5.9287500000;-4.7812500000;0.6375000000;31.8750000000;-13.5000000000;32.0000000000
-4.6716000000;-0.3264000000;-8.6802000000;-0.6375000000;-1.2750000000;0.3187500000;30.6875000000;-13.5000000000;32.0000000000
-4.9470000000;-0.1020000000;-8.6292000000;9.5625000000;0.5737500000;0.7650000000;31.5000000000;-13.5000000000;31.5625000000
-4.8348000000;-0.4896000000;-8.6088000000;-5.8650000000;-1.9125000000;0.2550000000;31.5000000000;-13.5000000000;31.5625000000
-4.8960000000;-0.2652000000;-8.8434000000;3.8887500000;-1.5300000000;-1.5300000000;31.8750000000;-12.6875000000;32.0000000000
-5.0286000000;-0.2448000000;-8.4456000000;2.2950000000;0.6375000000;-0.5737500000;31.5000000000;-13.5000000000;32.3750000000
-5.0388000000;-0.3978000000;-8.3334000000;3.8887500000;-1.2750000000;-0.5737500000;31.5000000000;-13.5000000000;32.0000000000
-4.8348000000;-0.5100000000;-8.8842000000;-1.2750000000;-4.5900000000;-1.9125000000;31.8750000000;-12.6875000000;31.5625000000
-5.1102000000;-0.0306000000;-8.4252000000;10.1362500000;3.3787500000;-3.2512500000;31.8750000000;-12.6875000000;31.5625000000
-5.1510000000;-0.0714000000;-8.2722000000;7.4587500000;-2.3587500000;-0.6375000000;31.8750000000;-12.0000000000;32.0000000000
-4.8042000000;-0.2550000000;-9.0474000000;1.4025000000;-2.7412500000;-0.9562500000;30.6875000000;-12.0000000000;32.3750000000
-5.0490000000;-0.4284000000;-8.5782000000;4.9087500000;-1.2112500000;-0.1275000000;31.8750000000;-13.5000000000;31.5625000000
-5.1204000000;-0.1122000000;-8.6394000000;1.5300000000;-0.3825000000;-1.0200000000;31.5000000000;-12.6875000000;33.0625000000
-4.9266000000;-0.4998000000;-8.7516000000;-1.2750000000;-1.9762500000;1.8487500000;31.5000000000;-12.6875000000;33.0625000000
-5.0592000000;-0.3672000000;-8.9454000000;2.2312500000;-1.2112500000;0.1275000000;31.8750000000;-12.6875000000;33.0625000000
-4.9368000000;-0.4998000000;-8.7516000000;-1.4025000000;1.7850000000;0.8287500000;32.1875000000;-11.5625000000;32.3750000000
-4.9266000000;-0.5202000000;-8.7720000000;0.1912500000;0.6375000000;-0.2550000000;31.8750000000;-12.6875000000;33.0625000000
-5.1000000000;-0.3060000000;-8.4048000000;4.5900000000;1.1475000000;-1.0200000000;32.1875000000;-12.2500000000;31.5625000000
-4.8858000000;-0.6324000000;-8.7822000000;-3.5700000000;-0.9562500000;0.5737500000;32.1875000000;-12.2500000000;31.5625000000
-4.7838000000;-0.4998000000;-8.5680000000;5.0362500000;3.1237500000;-1.9125000000;32.1875000000;-11.1875000000;32.2500000000
-5.1408000000;-0.3876000000;-8.0682000000;-0.8287500000;-1.1475000000;1.2112500000;31.8750000000;-12.0000000000;33.1875000000
-4.6410000000;-0.7140000000;-8.8536000000;-0.7012500000;-3.5700000000;-1.4662500000;31.5000000000;-12.2500000000;32.0000000000
-5.1102000000;-0.4692000000;-8.3946000000;2.5500000000;-1.2112500000;0.0000000000;31.8750000000;-12.2500000000;32.3750000000
-4.9266000000;-0.5916000000;-8.8740000000;2.4862500000;-3.5062500000;-1.4662500000;31.8750000000;-12.2500000000;32.3750000000
-5.0082000000;-0.3672000000;-8.8128000000;-1.5300000000;-1.1475000000;-0.7650000000;31.8750000000;-13.0625000000;33.0625000000
-4.9164000000;-0.7446000000;-8.9760000000;0.3825000000;-2.2950000000;0.0637500000;32.1875000000;-12.0000000000;32.7500000000
-5.0592000000;-0.4488000000;-8.9148000000;3.1237500000;0.8925000000;-1.9125000000;31.8750000000;-12.2500000000;32.0000000000
-4.9674000000;-0.4998000000;-8.6598000000;1.1475000000;2.2312500000;-1.2112500000;32.5000000000;-11.1875000000;33.1875000000
-5.1000000000;-0.4080000000;-8.3946000000;-0.5100000000;-0.5100000000;0.1275000000;32.5000000000;-11.1875000000;33.1875000000
-4.9878000000;-0.6426000000;-8.9454000000;1.7212500000;-1.2750000000;-0.0637500000;32.1875000000;-11.5625000000;32.3750000000
-4.8756000000;-0.4998000000;-8.6598000000;0.5737500000;2.0400000000;-1.7212500000;31.5000000000;-12.2500000000;32.7500000000
-5.0184000000;-0.5202000000;-8.6394000000;-1.0200000000;-1.4025000000;0.7012500000;31.8750000000;-11.1875000000;33.5625000000
-4.9980000000;-0.5202000000;-8.8332000000;1.9125000000;-0.7012500000;-0.7650000000;32.1875000000;-11.1875000000;32.7500000000
-5.0796000000;-0.4488000000;-8.6088000000;0.5737500000;1.7850000000;-0.3187500000;32.1875000000;-11.1875000000;32.7500000000
-5.0184000000;-0.5916000000;-8.6292000000;4.9087500000;1.3387500000;0.3825000000;32.1875000000;-12.0000000000;31.5625000000
-4.9368000000;-0.6528000000;-8.8332000000;-1.6575000000;0.0000000000;0.0637500000;31.8750000000;-10.7500000000;32.0000000000
-4.9980000000;-0.5202000000;-8.3334000000;1.7212500000;2.8687500000;0.4462500000;32.1875000000;-11.5625000000;33.0625000000
-4.9368000000;-0.8364000000;-8.7108000000;-1.2112500000;-2.4225000000;0.9562500000;31.8750000000;-12.0000000000;32.3750000000
-4.9776000000;-0.4896000000;-8.5986000000;2.2950000000;1.3387500000;-1.0837500000;31.8750000000;-12.0000000000;32.3750000000
-4.9878000000;-0.5610000000;-8.4660000000;-3.3787500000;-0.3187500000;0.3825000000;31.5000000000;-10.7500000000;32.7500000000
-4.9776000000;-0.7344000000;-8.5782000000;3.7612500000;-2.1675000000;-0.8287500000;32.5000000000;-10.7500000000;33.5625000000
-4.9164000000;-0.5406000000;-8.8536000000;-1.4662500000;0.5100000000;-1.2750000000;32.1875000000;-11.5625000000;30.3750000000
-5.1612000000;-0.2958000000;-8.3130000000;-1.2112500000;-0.2550000000;1.1475000000;31.8750000000;-11.5625000000;30.7500000000
-4.9674000000;-0.6936000000;-8.9658000000;-0.5100000000;-2.8687500000;0.0637500000;31.8750000000;-11.5625000000;30.7500000000
-4.9368000000;-0.2856000000;-8.8740000000;-0.5100000000;2.6775000000;1.4025000000;32.1875000000;-11.1875000000;32.3750000000
-5.1408000000;-0.7956000000;-8.5170000000;0.3825000000;-1.6575000000;0.8287500000;32.1875000000;-11.1875000000;32.0000000000
-4.9266000000;-0.5100000000;-8.9250000000;-0.6375000000;1.8487500000;0.7012500000;32.5000000000;-11.1875000000;32.0000000000
-5.0490000000;-0.7038000000;-8.4048000000;-2.8687500000;3.0600000000;0.6375000000;32.5000000000;-11.1875000000;32.0000000000
-4.9674000000;-0.5508000000;-8.4456000000;1.2112500000;-0.1912500000;-0.0637500000;32.1875000000;-12.0000000000;30.3750000000
-4.9164000000;-0.5100000000;-8.5680000000;0.6375000000;1.5300000000;-0.3187500000;32.1875000000;-11.5625000000;32.0000000000
-4.9470000000;-0.6528000000;-8.4864000000;-1.5937500000;-0.6375000000;0.9562500000;32.1875000000;-10.7500000000;32.3750000000
-4.9266000000;-0.4794000000;-8.6700000000;4.3987500000;-0.1275000000;-1.1475000000;32.1875000000;-11.1875000000;33.0625000000
-5.0082000000;-0.5610000000;-8.4558000000;-2.1037500000;-1.5937500000;1.5937500000;32.1875000000;-11.1875000000;33.0625000000
-4.9470000000;-0.7854000000;-8.6088000000;0.1912500000;-2.2312500000;0.1275000000;31.8750000000;-11.1875000000;32.0000000000
-5.0082000000;-0.3570000000;-8.6292000000;1.0200000000;-0.4462500000;0.3825000000;32.1875000000;-10.5000000000;31.5625000000
-5.0388000000;-0.6936000000;-8.7312000000;-8.2875000000;-2.2950000000;1.4662500000;32.1875000000;-11.5625000000;32.0000000000
-5.0286000000;-0.5406000000;-8.4660000000;0.5737500000;0.2550000000;-0.7012500000;32.8750000000;-11.1875000000;33.5625000000
-4.9674000000;-0.6324000000;-8.8230000000;-2.0400000000;-1.9125000000;0.6375000000;32.8750000000;-11.1875000000;33.5625000000
-5.0286000000;-0.5508000000;-8.5476000000;1.4662500000;0.8925000000;-0.4462500000;31.8750000000;-11.1875000000;30.7500000000
-5.1000000000;-0.4488000000;-8.3130000000;1.9762500000;0.1275000000;-0.3825000000;32.5000000000;-11.1875000000;31.5625000000
-4.9878000000;-0.6732000000;-8.7312000000;-1.5937500000;-2.6775000000;0.5737500000;32.1875000000;-9.7500000000;31.1875000000
-4.9164000000;-0.6018000000;-8.6292000000;-0.0637500000;0.3825000000;-1.4025000000;32.1875000000;-12.0000000000;32.3750000000
-5.0592000000;-0.3672000000;-8.3436000000;0.5100000000;-0.3187500000;-0.3187500000;32.1875000000;-12.0000000000;32.3750000000
-5.0286000000;-0.6222000000;-8.5170000000;1.5937500000;-2.6137500000;0.0000000000;32.5000000000;-11.5625000000;32.7500000000
-4.9674000000;-0.5712000000;-8.7414000000;-2.9962500000;-2.6775000000;-0.1912500000;32.1875000000;-11.5625000000;32.3750000000
-5.0286000000;-0.6426000000;-8.5986000000;4.5900000000;0.0000000000;-0.1912500000;32.8750000000;-9.7500000000;31.1875000000
-4.9776000000;-0.5100000000;-8.5578000000;-0.9562500000;0.3825000000;-0.4462500000;31.8750000000;-10.7500000000;31.5625000000
-5.0796000000;-0.6120000000;-8.2722000000;-0.1275000000;0.5100000000;-0.2550000000;31.8750000000;-10.7500000000;31.5625000000
-5.0184000000;-0.6018000000;-8.5374000000;-0.2550000000;-1.8487500000;-1.0200000000;32.5000000000;-11.5625000000;32.0000000000
-5.0490000000;-0.5814000000;-8.6190000000;1.4662500000;-0.9562500000;-0.3825000000;31.8750000000;-12.0000000000;31.1875000000
-5.0490000000;-0.5712000000;-8.4354000000;2.1675000000;-0.9562500000;-0.7012500000;32.1875000000;-10.7500000000;31.5625000000
-5.1408000000;-0.5304000000;-8.5680000000;2.2312500000;-1.3387500000;0.2550000000;32.1875000000;-11.1875000000;32.0000000000
-5.1000000000;-0.6630000000;-8.9352000000;-0.8287500000;-2.9962500000;0.5737500000;32.1875000000;-11.1875000000;32.0000000000
-5.0184000000;-0.5202000000;-8.6496000000;-0.7650000000;2.6137500000;0.8925000000;32.8750000000;-11.1875000000;32.3750000000
-5.2020000000;-0.6936000000;-8.2926000000;-1.2112500000;-0.2550000000;1.1475000000;32.1875000000;-12.0000000000;32.0000000000
-5.0184000000;-0.7038000000;-8.8332000000;1.1475000000;-1.2750000000;0.5737500000;33.2500000000;-11.1875000000;31.1875000000
-5.0694000000;-0.5508000000;-8.4660000000;-1.4025000000;2.3587500000;-0.5737500000;32.5000000000;-12.0000000000;32.0000000000
-4.9062000000;-0.7752000000;-8.3538000000;-0.1912500000;-0.1275000000;-0.0637500000;32.5000000000;-12.0000000000;32.0000000000
-5.0898000000;-0.6222000000;-8.3640000000;5.2912500000;0.0000000000;-0.3187500000;32.1875000000;-11.1875000000;33.0625000000
-4.8960000000;-0.9180000000;-8.5476000000;-2.6775000000;-1.6575000000;-0.7012500000;32.1875000000;-11.5625000000;30.3750000000
-5.1306000000;-0.5610000000;-8.2620000000;4.3987500000;0.3825000000;-1.9125000000;32.5000000000;-9.7500000000;31.1875000000
-5.0184000000;-0.6426000000;-8.2620000000;-4.1437500000;-2.0400000000;-1.1475000000;32.1875000000;-11.5625000000;33.1875000000
-5.0184000000;-0.6120000000;-7.7826000000;-3.1875000000;-1.2750000000;-1.5300000000;32.1875000000;-11.5625000000;33.1875000000
-5.0286000000;-0.4590000000;-7.6602000000;-6.4387500000;-4.6537500000;-0.7650000000;32.5000000000;-11.1875000000;32.7500000000
-4.7940000000;-0.8772000000;-6.9768000000;-13.0687500000;-3.6975000000;-2.0400000000;32.8750000000;-9.7500000000;32.0000000000
-4.6308000000;-1.2750000000;-5.3040000000;-12.8137500000;-2.1037500000;-7.7137500000;32.5000000000;-11.5625000000;31.5625000000
-4.9062000000;-0.7854000000;-3.8556000000;-2.5500000000;-7.3312500000;-15.5550000000;32.8750000000;-11.5625000000;31.1875000000
-5.3244000000;-2.0094000000;-2.6112000000;-14.9175000000;-19.6987500000;-12.6862500000;32.8750000000;-11.5625000000;31.1875000000
-6.0792000000;-2.1012000000;-1.1934000000;-33.9150000000;-38.3775000000;-31.8750000000;32.8750000000;-10.0625000000;30.3750000000
-7.7826000000;0.2346000000;-2.1012000000;-15.7462500000;-76.1175000000;-43.4137500000;33.6875000000;-12.0000000000;30.3750000000
-8.8128000000;-1.3362000000;-2.3256000000;-8.9250000000;-93.0750000000;-16.3200000000;35.1875000000;-11.5625000000;29.5625000000
-9.8940000000;-0.8466000000;-3.3456000000;-23.7787500000;-146.8800000000;-36.7200000000;37.0000000000;-9.0000000000;25.2500000000
-11.3934000000;-0.3570000000;-8.1906000000;-18.8700000000;-160.2037500000;-34.3612500000;37.0000000000;-9.0000000000;25.2500000000
-10.3938000000;-2.7540000000;-8.1192000000;23.2050000000;-129.7950000000;-21.4837500000;40.3750000000;-9.7500000000;20.8750000000
-11.6178000000;-1.0608000000;-9.3024000000;-34.9350000000;-148.6012500000;-63.6225000000;42.8750000000;-6.3750000000;15.7500000000
-11.5668000000;0.5712000000;-10.5060000000;26.1375000000;-93.1387500000;-29.7075000000;44.6875000000;-5.3750000000;11.7500000000
-10.9446000000;-1.7748000000;-6.6708000000;22.6312500000;-75.7987500000;-23.0775000000;45.5000000000;-1.6875000000;7.5000000000
-11.4036000000;0.1632000000;-5.9568000000;-3.5062500000;-95.1150000000;-17.7862500000;45.5000000000;-1.6875000000;7.5000000000
-10.7712000000;-0.6630000000;-6.4464000000;-37.8675000000;-83.8950000000;-0.7650000000;46.5625000000;-1.6875000000;3.8750000000
-9.4758000000;-1.2036000000;-6.7218000000;-53.8050000000;-71.5275000000;-13.6425000000;46.1875000000;-0.1875000000;1.1875000000
-10.5366000000;-0.0816000000;-6.6198000000;-46.6650000000;-51.5737500000;-2.5500000000;46.1875000000;1.0000000000;-1.5625000000
-10.0470000000;-1.4382000000;-5.2428000000;-56.5462500000;-33.8512500000;0.2550000000;47.0000000000;1.6875000000;-5.5000000000
-10.4550000000;-0.4998000000;-4.3758000000;-34.9987500000;-31.1100000000;-16.0012500000;47.0000000000;1.6875000000;-5.5000000000
-10.0368000000;-1.2138000000;-3.3762000000;18.5512500000;-20.2725000000;-1.0200000000;46.5625000000;1.5625000000;-6.2500000000
-9.1596000000;-1.5096000000;-2.4276000000;-25.8825000000;-15.8737500000;-6.6300000000;46.5625000000;0.5000000000;-7.5000000000
-9.0474000000;-2.1828000000;-1.2852000000;-9.1162500000;9.7537500000;-8.2875000000;46.5625000000;2.0000000000;-8.2500000000
-10.3836000000;-1.2036000000;0.3366000000;46.4100000000;12.4950000000;0.7650000000;46.5625000000;2.0000000000;-8.2500000000
-9.9858000000;-1.7952000000;-0.9996000000;20.3362500000;-20.4000000000;6.5662500000;45.0625000000;2.0000000000;-7.5000000000
-9.7002000000;-1.2138000000;-1.9074000000;16.1925000000;-21.2287500000;-6.9487500000;45.5000000000;3.1875000000;-7.8750000000
-9.5880000000;-0.9894000000;-2.1216000000;37.3575000000;-10.2637500000;0.4462500000;45.8750000000;2.2500000000;-9.5000000000
-9.5370000000;-1.1220000000;-1.9686000000;8.0325000000;1.5300000000;1.4025000000;45.5000000000;2.6875000000;-9.5000000000
-9.8838000000;-2.3154000000;-1.0200000000;-2.6775000000;2.8050000000;5.6737500000;45.5000000000;2.6875000000;-9.5000000000
-9.3024000000;-2.2746000000;-1.0710000000;-3.1237500000;0.0000000000;0.1912500000;45.5000000000;2.2500000000;-9.5000000000
-9.8124000000;-1.7544000000;-1.0404000000;5.2912500000;0.0000000000;1.2750000000;46.1875000000;2.0000000000;-9.8750000000
-9.7104000000;-1.8054000000;-1.2750000000;3.0600000000;-1.4025000000;-3.1237500000;45.8750000000;2.0000000000;-9.0625000000
-9.9552000000;-1.5708000000;-1.5810000000;5.9287500000;0.5737500000;-1.0200000000;45.5000000000;1.5625000000;-9.8750000000
-9.5064000000;-1.9176000000;-1.3260000000;-3.5700000000;3.5062500000;-1.7212500000;45.5000000000;1.5625000000;-9.8750000000
-9.9756000000;-1.4076000000;-0.5814000000;-0.8287500000;2.2950000000;-1.8487500000;46.5625000000;2.2500000000;-9.5000000000
-9.6696000000;-1.7544000000;-1.0812000000;20.4000000000;0.7012500000;4.4625000000;46.1875000000;-0.2500000000;-8.6875000000
-9.8430000000;-1.9176000000;-1.0812000000;-0.7650000000;-0.6375000000;0.3187500000;46.1875000000;1.1875000000;-9.5000000000
-9.8838000000;-1.6218000000;-0.8670000000;6.0562500000;-0.5737500000;0.0637500000;45.0625000000;1.5625000000;-10.2500000000
-9.5880000000;-1.9176000000;-1.6320000000;-8.6700000000;-5.3550000000;2.3587500000;45.0625000000;1.5625000000;-10.2500000000
-10.0266000000;-1.6422000000;-0.9894000000;-12.5587500000;2.2950000000;-0.7650000000;45.5000000000;1.5625000000;-10.5625000000
-9.7104000000;-2.1216000000;-1.0608000000;3.4425000000;-1.9762500000;3.8250000000;45.8750000000;-0.1875000000;-10.2500000000
-9.4146000000;-2.2644000000;-1.3362000000;-5.9925000000;-2.0400000000;-3.1875000000;45.5000000000;1.0000000000;-9.8750000000
-9.8940000000;-1.4484000000;-0.7956000000;11.4750000000;1.5300000000;-5.2275000000;45.5000000000;2.0625000000;-8.6875000000
-9.6696000000;-1.5606000000;-1.3464000000;1.5300000000;-2.6775000000;-0.1912500000;45.5000000000;2.0625000000;-8.6875000000
-9.9246000000;-1.5810000000;-0.9486000000;-12.2400000000;-1.4025000000;-2.0400000000;45.0625000000;2.3750000000;-9.0625000000
-9.6390000000;-2.0400000000;-1.4076000000;-0.0637500000;-2.1675000000;-0.1912500000;45.8750000000;2.0625000000;-9.8750000000
-9.8634000000;-1.5606000000;-0.7854000000;-2.2312500000;1.3387500000;-2.4225000000;45.0625000000;2.3750000000;-9.8750000000
-9.5064000000;-2.0298000000;-1.6320000000;-17.0850000000;-3.9525000000;-1.9762500000;45.8750000000;2.3750000000;-9.0625000000
-10.2714000000;-1.5402000000;-1.3770000000;0.5737500000;3.7612500000;-1.7850000000;45.8750000000;2.3750000000;-9.0625000000
-10.3326000000;-0.4590000000;-3.9168000000;-17.6587500000;-7.4587500000;1.2750000000;45.8750000000;2.3750000000;-10.2500000000
-10.7508000000;0.7038000000;-8.1600000000;-61.3912500000;3.1875000000;-7.6500000000;46.1875000000;2.0625000000;-9.5000000000
-11.6484000000;0.3774000000;-9.3840000000;-15.8737500000;51.4462500000;16.9575000000;45.0625000000;3.1875000000;-10.5625000000
-12.2910000000;1.2546000000;-9.1596000000;81.9825000000;90.4612500000;26.7750000000;46.1875000000;2.6875000000;-8.6875000000
-12.8010000000;2.0604000000;-9.5472000000;111.0525000000;126.0337500000;32.6400000000;46.1875000000;2.6875000000;-8.6875000000
-13.1784000000;1.6932000000;-6.9462000000;115.2600000000;164.4112500000;49.4700000000;46.1875000000;-0.5000000000;-7.0625000000
-13.4436000000;-0.3570000000;-5.4570000000;60.6900000000;159.2475000000;62.7300000000;47.3750000000;-0.8750000000;1.1875000000
-12.7500000000;-2.0400000000;-5.7630000000;21.8025000000;160.2037500000;55.7175000000;46.2500000000;-4.2500000000;7.0000000000
-12.4236000000;-3.0702000000;-3.7842000000;4.1437500000;169.7662500000;47.0475000000;44.5000000000;-5.8750000000;12.5000000000
-10.7406000000;-3.3150000000;-2.6010000000;-4.9725000000;158.1637500000;20.7825000000;44.5000000000;-5.8750000000;12.5000000000
-9.1392000000;-2.4378000000;-1.1424000000;48.5137500000;139.1662500000;18.1050000000;41.5000000000;-8.8750000000;18.0000000000
-7.2216000000;-1.4484000000;-2.2032000000;24.5437500000;95.5612500000;7.5225000000;39.0625000000;-11.5000000000;23.8750000000
-6.0282000000;-1.6728000000;-3.2844000000;-14.5987500000;72.9300000000;4.6537500000;36.7500000000;-10.3750000000;27.3750000000
-5.9568000000;-1.1730000000;-2.4786000000;2.9325000000;69.6787500000;-0.5737500000;34.1875000000;-11.3750000000;29.3750000000
-4.6920000000;-0.9894000000;-4.7124000000;-22.1212500000;27.5400000000;-3.7612500000;34.1875000000;-11.3750000000;29.3750000000
-4.6614000000;-0.0204000000;-5.9160000000;-21.1012500000;23.1412500000;-8.4787500000;32.0625000000;-11.7500000000;31.3750000000
-4.2942000000;-0.7344000000;-6.1404000000;-17.5950000000;10.5825000000;3.1237500000;31.6875000000;-12.1875000000;32.0625000000
-4.7736000000;-0.2856000000;-6.8238000000;-28.4325000000;-6.6937500000;-1.9125000000;31.2500000000;-12.1875000000;32.0625000000
-4.6614000000;0.1734000000;-7.5888000000;-22.5037500000;-3.5062500000;2.1675000000;31.6875000000;-12.5000000000;32.1875000000
-4.4676000000;-0.0102000000;-8.5578000000;-53.9962500000;-13.8975000000;-4.6537500000;31.6875000000;-12.5000000000;32.1875000000
-4.9470000000;0.6936000000;-8.2008000000;-2.9325000000;4.2712500000;-0.8925000000;31.6875000000;-14.0000000000;33.3750000000
-5.3040000000;-0.2448000000;-7.5684000000;-33.7237500000;-12.6225000000;6.6937500000;32.6875000000;-14.3750000000;30.5625000000
-4.5696000000;-0.2856000000;-8.8434000000;-20.5275000000;-6.5025000000;-4.9087500000;31.6875000000;-15.0625000000;31.0000000000
-5.0286000000;-0.0714000000;-7.9050000000;9.3075000000;1.1475000000;-1.9125000000;32.6875000000;-15.0625000000;31.7500000000
-5.1204000000;0.1224000000;-8.3946000000;6.9487500000;-6.6937500000;-9.3075000000;32.6875000000;-15.0625000000;31.7500000000
-5.1306000000;0.4080000000;-8.4558000000;16.9575000000;2.0400000000;-5.1637500000;32.3750000000;-15.8750000000;31.0000000000
-5.1714000000;0.2958000000;-8.7414000000;1.0837500000;-7.0125000000;-4.0162500000;33.0625000000;-13.8750000000;30.5625000000
-4.8552000000;0.1836000000;-8.9148000000;3.3787500000;-2.2312500000;-5.4825000000;32.3750000000;-14.5625000000;32.1875000000
-5.4264000000;0.7548000000;-8.4864000000;15.8737500000;-0.0637500000;-0.8925000000;32.3750000000;-14.5625000000;32.1875000000
-5.0184000000;-0.0204000000;-8.9352000000;-0.3825000000;-4.2075000000;0.1275000000;33.5000000000;-14.2500000000;30.1875000000
-5.2428000000;0.6222000000;-8.6904000000;14.4075000000;4.0800000000;-1.0837500000;32.3750000000;-12.3750000000;31.3750000000
-5.3856000000;0.8466000000;-8.9148000000;-8.7337500000;-2.0400000000;4.3350000000;33.0625000000;-12.0625000000;30.5625000000
-4.7736000000;0.1020000000;-9.0270000000;-26.8387500000;6.6300000000;14.7900000000;33.8750000000;-12.7500000000;31.7500000000
-5.3550000000;-0.1122000000;-7.5582000000;-13.5150000000;4.1437500000;3.3150000000;33.8750000000;-12.7500000000;31.7500000000
-5.0286000000;0.2346000000;-8.5578000000;3.5062500000;-10.0087500000;0.5737500000;32.3750000000;-15.0000000000;30.1875000000
-4.8960000000;0.4080000000;-9.0372000000;3.6975000000;-4.3987500000;2.4862500000;32.6875000000;-15.3750000000;31.0000000000
-5.2632000000;0.0306000000;-8.0988000000;0.0000000000;3.0600000000;1.2750000000;32.6875000000;-13.8750000000;30.1875000000
-4.9062000000;0.8262000000;-8.7720000000;4.4625000000;-0.9562500000;-0.0637500000;33.0625000000;-15.0000000000;30.1875000000
-5.2020000000;0.6426000000;-8.2824000000;-21.5475000000;0.7650000000;4.3350000000;33.0625000000;-15.0000000000;30.1875000000
-5.2428000000;-0.2448000000;-8.0682000000;-21.5475000000;-7.2675000000;3.0600000000;33.0625000000;-13.5625000000;30.5625000000
-4.8348000000;1.1628000000;-9.4860000000;5.6100000000;-6.5025000000;-1.7850000000;32.3750000000;-14.5625000000;31.0000000000
-5.3346000000;0.9792000000;-8.0886000000;-19.7625000000;5.6100000000;6.6300000000;32.3750000000;-16.8750000000;30.5625000000
-5.4570000000;1.0200000000;-8.2416000000;-51.8925000000;-10.8375000000;5.9287500000;32.6875000000;-17.2500000000;29.3750000000
-4.9572000000;0.3672000000;-8.7210000000;-59.4787500000;-14.1525000000;3.7612500000;32.6875000000;-17.2500000000;29.3750000000
-5.1612000000;0.6120000000;-8.1804000000;3.3150000000;-1.9762500000;-1.0837500000;32.0625000000;-15.7500000000;29.3750000000
-5.1816000000;1.1628000000;-8.3844000000;23.0137500000;2.0400000000;-3.8887500000;33.0625000000;-17.5625000000;26.6875000000
-5.3244000000;1.1934000000;-8.2314000000;15.7462500000;2.9325000000;-2.8050000000;32.6875000000;-19.1875000000;27.7500000000
-5.4570000000;1.1526000000;-7.7316000000;5.9925000000;0.5737500000;-1.7850000000;32.6875000000;-18.3750000000;29.0000000000
-5.1918000000;0.7752000000;-8.5068000000;0.9562500000;-6.9487500000;-1.2750000000;32.6875000000;-18.3750000000;29.0000000000
-5.3346000000;1.4790000000;-8.3538000000;7.4587500000;-0.8287500000;-3.0600000000;33.5000000000;-18.3750000000;29.0000000000
-5.4162000000;0.8874000000;-8.2926000000;-8.2237500000;-3.0600000000;-0.3825000000;33.8750000000;-18.0625000000;28.5625000000
-5.2734000000;1.1016000000;-8.5782000000;3.1875000000;-4.5262500000;-0.3825000000;33.0625000000;-18.0625000000;27.3750000000
-5.4162000000;1.1322000000;-8.2722000000;-5.2912500000;-0.4462500000;-1.0837500000;33.0625000000;-18.3750000000;27.7500000000
-5.4672000000;0.9690000000;-8.1906000000;-0.3825000000;-1.4025000000;0.5100000000;33.0625000000;-18.3750000000;27.7500000000
-5.3346000000;0.9690000000;-8.3946000000;-2.2950000000;-3.8887500000;-0.1275000000;33.0625000000;-18.0625000000;28.2500000000
-5.4570000000;1.3464000000;-8.2518000000;1.4662500000;0.3187500000;-1.4662500000;33.5000000000;-18.0625000000;28.5625000000
-5.3346000000;0.8772000000;-8.3946000000;-2.2312500000;-0.7012500000;1.4662500000;33.8750000000;-18.0625000000;27.3750000000
-5.3550000000;1.0914000000;-8.2518000000;1.6575000000;0.8925000000;-0.9562500000;33.5000000000;-18.0625000000;28.5625000000
-5.5284000000;1.1322000000;-8.0682000000;0.6375000000;0.6375000000;-0.0637500000;33.5000000000;-18.0625000000;28.5625000000
-5.3346000000;1.0200000000;-8.3232000000;-0.8925000000;-1.4662500000;1.2112500000;33.0625000000;-17.0000000000;28.2500000000
-5.3040000000;0.9894000000;-8.3334000000;-2.1037500000;-0.9562500000;0.5737500000;33.5000000000;-18.0625000000;27.7500000000
-5.5998000000;0.9690000000;-7.9662000000;2.8050000000;0.7650000000;1.6575000000;33.5000000000;-17.0000000000;27.3750000000
-5.3550000000;0.8160000000;-8.2110000000;-2.2950000000;-2.7412500000;1.0837500000;33.0625000000;-18.0625000000;28.5625000000
-5.4774000000;1.0608000000;-8.2926000000;0.6375000000;-2.1675000000;-0.7012500000;33.0625000000;-18.0625000000;28.5625000000
-5.4570000000;1.0404000000;-8.2212000000;-1.9125000000;-1.5300000000;-0.7012500000;33.5000000000;-18.0625000000;28.2500000000
-5.4264000000;1.0914000000;-8.2008000000;0.7012500000;-1.3387500000;0.2550000000;33.0625000000;-18.0625000000;28.5625000000
-5.3856000000;1.1934000000;-8.6088000000;1.8487500000;-1.4662500000;0.0637500000;34.5625000000;-18.3750000000;27.3750000000
-5.4366000000;0.9588000000;-7.9866000000;-2.2312500000;2.7412500000;1.7850000000;34.1875000000;-18.3750000000;27.7500000000
-5.4978000000;1.0608000000;-8.1600000000;-0.0637500000;-0.6375000000;-0.2550000000;34.1875000000;-18.3750000000;27.7500000000
-5.3448000000;0.9792000000;-8.2314000000;0.9562500000;-0.7650000000;1.2750000000;33.0625000000;-18.7500000000;27.7500000000
-5.4570000000;1.0302000000;-8.1192000000;-0.4462500000;0.7650000000;0.3825000000;33.5000000000;-17.0000000000;27.8750000000
-5.3346000000;0.8058000000;-8.0682000000;-1.0200000000;-1.2112500000;1.0837500000;33.8750000000;-17.6875000000;27.3750000000
-5.3652000000;0.9180000000;-8.4354000000;1.5937500000;-2.5500000000;-0.3187500000;33.0625000000;-17.6875000000;28.5625000000
-5.3958000000;0.8364000000;-8.3028000000;2.3587500000;1.1475000000;-1.8487500000;33.0625000000;-17.6875000000;28.5625000000
-5.5590000000;0.9894000000;-8.0478000000;1.9125000000;-1.1475000000;-1.7850000000;34.5625000000;-18.0625000000;26.6875000000
-5.4162000000;0.9690000000;-8.3640000000;2.5500000000;-1.6575000000;-1.6575000000;33.8750000000;-18.3750000000;28.2500000000
-5.5080000000;1.0812000000;-8.3640000000;0.1275000000;-0.8925000000;-2.1675000000;33.8750000000;-18.3750000000;27.0625000000
-5.4366000000;1.1934000000;-8.2722000000;6.7575000000;2.4862500000;0.5737500000;33.5000000000;-16.5625000000;28.2500000000
-5.4978000000;0.9180000000;-8.3334000000;-2.1675000000;-0.4462500000;-0.7012500000;33.5000000000;-16.5625000000;28.2500000000
-5.4774000000;0.9894000000;-8.0172000000;-0.1912500000;0.5737500000;0.5737500000;33.8750000000;-16.5625000000;28.5625000000
-5.3448000000;0.8466000000;-8.4558000000;0.1912500000;-0.4462500000;-0.7012500000;33.5000000000;-17.6875000000;25.8750000000
-5.3856000000;0.9588000000;-8.0988000000;-1.7850000000;0.9562500000;-1.3387500000;33.8750000000;-18.0625000000;27.8750000000
-5.5080000000;1.0404000000;-8.2518000000;-0.6375000000;-0.2550000000;-0.8287500000;33.8750000000;-17.6875000000;27.0625000000
-5.5080000000;1.0608000000;-7.9152000000;1.5937500000;-1.4025000000;0.2550000000;33.8750000000;-17.6875000000;27.0625000000
-5.4162000000;0.9078000000;-8.5578000000;0.9562500000;-2.1675000000;-0.0637500000;34.1875000000;-18.3750000000;28.2500000000
-5.4366000000;1.0914000000;-8.3028000000;0.5100000000;2.1675000000;0.1275000000;33.8750000000;-18.3750000000;27.8750000000
-5.5896000000;0.8160000000;-8.0886000000;-1.8487500000;-2.8050000000;0.3825000000;33.8750000000;-18.0625000000;26.2500000000
-5.5284000000;1.1934000000;-8.3946000000;4.3987500000;0.1912500000;0.0000000000;33.8750000000;-18.0625000000;26.2500000000
-5.4366000000;0.8976000000;-8.1906000000;-3.5700000000;0.8287500000;1.1475000000;33.8750000000;-16.5625000000;27.5000000000
-5.5284000000;1.0812000000;-8.2212000000;3.6337500000;0.1275000000;0.3825000000;34.1875000000;-17.6875000000;28.2500000000
-5.5284000000;0.8568000000;-8.0478000000;-1.7212500000;-0.8287500000;1.9762500000;33.8750000000;-18.0625000000;27.8750000000
-5.4264000000;0.9690000000;-8.3028000000;3.2512500000;0.5737500000;0.1275000000;33.8750000000;-18.0625000000;27.8750000000
-5.5080000000;1.1220000000;-8.0682000000;0.7650000000;-0.8287500000;1.2112500000;33.8750000000;-18.0625000000;27.8750000000
-5.4366000000;0.7344000000;-8.3334000000;-0.8287500000;-0.6375000000;1.2750000000;33.5000000000;-18.0625000000;29.0625000000
-5.6202000000;0.9996000000;-7.8132000000;-0.3825000000;-0.6375000000;0.5737500000;33.8750000000;-18.0625000000;27.8750000000
-5.5182000000;0.7548000000;-8.4354000000;1.9762500000;-3.3150000000;1.1475000000;34.1875000000;-17.6875000000;28.2500000000
-5.4060000000;0.9996000000;-8.4150000000;0.0637500000;1.3387500000;-1.2750000000;34.1875000000;-17.6875000000;27.3750000000
-5.6508000000;0.9894000000;-7.7520000000;0.8925000000;1.2112500000;-0.3187500000;34.1875000000;-17.6875000000;27.3750000000
-5.5080000000;1.0506000000;-8.2926000000;2.5500000000;-3.7612500000;-0.3825000000;33.5000000000;-17.3750000000;27.3750000000
-5.4468000000;0.9996000000;-8.5884000000;-3.5700000000;-1.4662500000;0.0000000000;33.8750000000;-18.3750000000;27.8750000000
-5.6202000000;0.9282000000;-7.9152000000;3.5062500000;1.7212500000;0.1275000000;33.8750000000;-17.6875000000;28.2500000000
-5.3346000000;0.9588000000;-8.5680000000;-1.6575000000;-2.1037500000;-0.3187500000;34.1875000000;-18.3750000000;27.8750000000
-5.6100000000;0.9384000000;-8.0580000000;-1.0837500000;0.9562500000;0.8925000000;34.1875000000;-18.3750000000;27.8750000000
-5.4366000000;0.8058000000;-8.3844000000;-0.4462500000;0.0000000000;-0.3825000000;34.5625000000;-18.0625000000;27.5000000000
-5.5692000000;1.0098000000;-7.8744000000;1.3387500000;0.4462500000;-0.5100000000;33.5000000000;-18.7500000000;28.2500000000
-5.4162000000;0.8772000000;-8.3436000000;-2.4225000000;-1.3387500000;0.8925000000;34.1875000000;-17.6875000000;27.5000000000
-5.5590000000;0.9486000000;-7.8744000000;0.3187500000;0.4462500000;-0.6375000000;33.0625000000;-18.0625000000;27.5000000000
-5.3958000000;0.8160000000;-8.2416000000;-0.5737500000;-2.0400000000;-0.0637500000;33.0625000000;-18.0625000000;27.5000000000
-5.6100000000;1.0404000000;-8.2620000000;-0.1912500000;-0.3825000000;-0.7650000000;34.1875000000;-17.0000000000;26.6875000000
-5.5794000000;0.9792000000;-8.1906000000;-0.8925000000;0.3825000000;0.3825000000;34.1875000000;-18.7500000000;26.6875000000
-5.6304000000;0.9996000000;-8.2212000000;-0.3825000000;-2.8687500000;0.0000000000;33.8750000000;-18.0625000000;27.0625000000
-5.5080000000;1.1322000000;-8.3946000000;-0.2550000000;2.2312500000;0.0637500000;34.1875000000;-19.1875000000;27.5000000000
-5.6304000000;0.8772000000;-7.8744000000;-2.1675000000;2.4225000000;0.8925000000;34.1875000000;-19.1875000000;27.5000000000
-5.4570000000;0.9690000000;-8.2620000000;1.5937500000;-0.7650000000;-0.9562500000;33.5000000000;-18.0625000000;27.3750000000
-5.4570000000;1.1220000000;-8.0376000000;-3.4425000000;2.5500000000;0.2550000000;33.5000000000;-18.3750000000;28.2500000000
-5.6100000000;0.9078000000;-7.7418000000;2.0400000000;-0.7012500000;0.6375000000;34.5625000000;-18.0625000000;26.6875000000
-5.3448000000;1.1220000000;-8.2926000000;1.5937500000;-1.5300000000;0.3187500000;34.1875000000;-18.3750000000;27.0625000000
-5.5080000000;0.8568000000;-7.4868000000;-1.7850000000;1.0200000000;1.2750000000;34.1875000000;-18.3750000000;27.0625000000
-5.4060000000;0.9486000000;-7.6602000000;0.1912500000;-5.3550000000;-0.2550000000;33.5000000000;-18.0625000000;28.2500000000
-5.4264000000;0.9690000000;-7.2726000000;-0.9562500000;-2.9962500000;0.8287500000;34.1875000000;-18.0625000000;26.2500000000
-5.3550000000;0.5814000000;-7.0584000000;-9.6262500000;-7.2675000000;-0.3187500000;34.1875000000;-18.0625000000;27.0625000000
-5.2938000000;0.8058000000;-5.9058000000;-4.9725000000;-6.3112500000;-1.7850000000;33.8750000000;-17.0000000000;27.0625000000
-4.6410000000;-0.6528000000;-4.7838000000;6.1837500000;-4.5262500000;-4.9725000000;33.8750000000;-17.0000000000;27.0625000000
-4.8552000000;-0.5814000000;-3.0090000000;40.4175000000;6.1200000000;-12.6862500000;34.5625000000;-19.1875000000;27.8750000000
-6.0996000000;-1.0302000000;0.0816000000;11.7300000000;17.1487500000;-17.0850000000;33.8750000000;-18.3750000000;28.2500000000
-7.1808000000;-1.9992000000;-0.2040000000;-25.3725000000;-32.8312500000;-39.2062500000;33.8750000000;-17.3750000000;28.6875000000
-8.0172000000;-2.1828000000;-2.0298000000;10.1362500000;-51.3187500000;-49.0875000000;35.6875000000;-16.5625000000;27.0625000000
-11.5974000000;-0.1428000000;-1.7136000000;29.6437500000;-98.9400000000;-60.3075000000;35.6875000000;-16.5625000000;27.0625000000
-11.8932000000;-1.0710000000;-5.7426000000;-6.4387500000;-166.2600000000;-48.0037500000;36.5000000000;-15.0625000000;26.2500000000
-12.2502000000;0.2856000000;-7.5072000000;20.5912500000;-192.3337500000;-46.9200000000;40.1875000000;-12.1875000000;21.8750000000
-12.3624000000;-0.5916000000;-10.5060000000;-15.2362500000;-186.9787500000;-33.2775000000;43.5000000000;-9.1875000000;16.7500000000
-12.4032000000;-0.7140000000;-11.2404000000;-12.5587500000;-155.2312500000;-39.8437500000;45.6875000000;-7.3750000000;9.7500000000
-11.3832000000;-0.1020000000;-9.7716000000;24.1612500000;-107.9925000000;-43.0312500000;45.6875000000;-7.3750000000;9.7500000000
-11.2710000000;0.6222000000;-8.8944000000;14.4712500000;-89.1862500000;-33.5325000000;46.8750000000;-5.5000000000;5.0000000000
-10.9854000000;0.6324000000;-7.3542000000;9.8812500000;-75.0975000000;-20.4000000000;47.5625000000;-2.5000000000;0.2500000000
-10.1898000000;-0.8874000000;-6.0792000000;-38.3137500000;-52.8487500000;-20.1450000000;46.3750000000;-2.5000000000;-2.7500000000
-9.9858000000;-0.7956000000;-5.1306000000;-26.0100000000;-35.0625000000;-17.8500000000;46.8750000000;1.0625000000;-5.5625000000
-10.1184000000;-0.9894000000;-4.2432000000;15.4912500000;-23.2687500000;-14.3437500000;46.8750000000;1.0625000000;-5.5625000000
-10.0062000000;-0.7548000000;-4.3554000000;38.6325000000;-16.1287500000;-4.0162500000;46.5000000000;0.3750000000;-6.7500000000
-9.6084000000;-0.9894000000;-2.8662000000;8.6700000000;-1.3387500000;-0.1912500000;46.5000000000;0.7500000000;-6.7500000000
-9.3432000000;-2.2032000000;-1.6830000000;-22.6312500000;-1.5937500000;1.3387500000;46.1875000000;2.1875000000;-7.1875000000
-9.7818000000;-2.3766000000;-0.6936000000;-17.4037500000;7.4587500000;1.5937500000;46.1875000000;2.1875000000;-7.1875000000
-9.7512000000;-2.6214000000;-0.7650000000;-19.2525000000;-9.5625000000;-2.6775000000;46.1875000000;1.8750000000;-7.5625000000
-9.7308000000;-1.9584000000;-1.1730000000;6.4387500000;-11.9212500000;-7.4587500000;47.2500000000;2.5625000000;-7.1875000000
-9.7104000000;-1.0098000000;-1.8666000000;-0.6375000000;-14.0250000000;-7.7775000000;46.5000000000;2.1875000000;-8.0000000000
-9.9552000000;-1.2036000000;-1.8768000000;-4.1437500000;-4.5262500000;-0.1912500000;46.1875000000;3.0000000000;-8.7500000000
-9.7512000000;-2.0094000000;-1.1934000000;-14.7900000000;0.2550000000;2.9962500000;46.1875000000;3.0000000000;-8.7500000000
-9.4554000000;-2.2950000000;-1.2546000000;-16.2562500000;-3.6975000000;0.7012500000;46.5000000000;1.0625000000;-8.7500000000
-9.6696000000;-2.0604000000;-1.0302000000;4.1437500000;3.1875000000;1.7850000000;45.7500000000;0.7500000000;-9.1875000000
-9.7308000000;-2.4378000000;-0.9078000000;-4.5900000000;-0.9562500000;0.1912500000;46.1875000000;2.5625000000;-8.3750000000
-9.8532000000;-1.4178000000;-1.0710000000;5.3550000000;-0.6375000000;-5.9925000000;46.1875000000;3.0000000000;-8.0000000000
-9.6288000000;-1.5300000000;-1.5198000000;4.7812500000;-2.1037500000;2.1675000000;46.1875000000;3.0000000000;-8.0000000000
-9.8226000000;-1.8156000000;-1.4280000000;2.8050000000;-2.3587500000;4.4625000000;46.8750000000;3.2500000000;-7.5625000000
-9.6390000000;-1.7238000000;-1.3974000000;-6.5025000000;-2.1037500000;0.3187500000;45.7500000000;1.8750000000;-9.1875000000
-9.6084000000;-2.3154000000;-1.3770000000;-12.3037500000;-2.3587500000;2.6775000000;45.7500000000;2.5625000000;-8.7500000000
-9.9960000000;-1.8870000000;-0.6222000000;-0.6375000000;4.4625000000;-1.4662500000;45.7500000000;3.0000000000;-8.3750000000
-9.3840000000;-2.3460000000;-1.4790000000;-3.7612500000;-5.0362500000;-0.7012500000;45.7500000000;3.0000000000;-8.3750000000
-9.8940000000;-1.6014000000;-1.2954000000;5.1000000000;0.3187500000;-2.2950000000;46.8750000000;2.1875000000;-8.7500000000
-9.6594000000;-2.0400000000;-1.6116000000;-2.7412500000;-1.4025000000;0.3187500000;46.1875000000;0.7500000000;-8.3750000000
-9.8736000000;-1.6320000000;-1.1526000000;-2.8050000000;1.5300000000;-2.4225000000;46.1875000000;2.1875000000;-8.7500000000
-9.7410000000;-1.9992000000;-1.2444000000;-5.3550000000;0.4462500000;-1.0200000000;46.5000000000;3.0000000000;-8.7500000000
-9.5982000000;-2.0808000000;-1.1322000000;-0.5100000000;1.2112500000;-0.9562500000;46.5000000000;3.0000000000;-8.7500000000
-9.7818000000;-1.7034000000;-1.2036000000;1.4662500000;-1.1475000000;-1.0200000000;47.2500000000;3.2500000000;-9.5625000000
-9.8838000000;-1.8054000000;-1.2342000000;2.8687500000;1.5937500000;-0.5737500000;45.3750000000;3.2500000000;-9.1875000000
-9.7614000000;-1.8564000000;-1.0200000000;4.5900000000;1.9762500000;-1.3387500000;46.1875000000;3.0000000000;-9.1875000000
-9.6798000000;-1.8768000000;-1.3056000000;4.2075000000;-2.8687500000;1.4662500000;45.3750000000;2.5625000000;-9.5625000000
-9.7512000000;-1.9380000000;-1.0608000000;-2.2312500000;0.4462500000;-1.3387500000;45.3750000000;2.5625000000;-9.5625000000
-9.6390000000;-2.1012000000;-1.4076000000;-2.3587500000;-2.2312500000;-0.6375000000;46.5000000000;0.7500000000;-8.7500000000
-9.8430000000;-1.6728000000;-1.1118000000;6.8850000000;1.0837500000;-1.9125000000;46.5000000000;3.0000000000;-9.5625000000
-9.6696000000;-2.2338000000;-1.5402000000;0.2550000000;-1.7212500000;-0.5737500000;46.5000000000;3.0000000000;-8.3750000000
-9.9348000000;-1.8870000000;-0.9282000000;7.4587500000;3.1875000000;-1.8487500000;46.5000000000;2.5625000000;-8.3750000000
-10.0368000000;-1.7442000000;-1.5198000000;10.9650000000;-0.4462500000;-0.7012500000;46.5000000000;2.5625000000;-8.3750000000
-9.8226000000;-0.1530000000;-3.5700000000;-9.2437500000;-14.8537500000;-1.8487500000;46.1875000000;3.0000000000;-8.3750000000
-10.5570000000;0.3570000000;-6.5586000000;-30.7275000000;-4.2075000000;13.3237500000;46.5000000000;3.2500000000;-8.3750000000
-11.0772000000;-0.2652000000;-6.4158000000;-23.2687500000;32.3212500000;21.7387500000;46.8750000000;1.0625000000;-9.5625000000
-11.5260000000;1.5606000000;-7.0992000000;24.8625000000;52.5937500000;26.0737500000;46.5000000000;2.1875000000;-9.5625000000
-11.9034000000;1.0506000000;-8.6292000000;16.1287500000;78.1575000000;42.5212500000;46.5000000000;2.1875000000;-9.5625000000
-12.6888000000;0.7446000000;-6.0588000000;34.9350000000;126.6712500000;53.2950000000;45.7500000000;1.5000000000;-5.5625000000
-12.8520000000;0.6222000000;-6.0078000000;3.6337500000;121.5075000000;51.5737500000;46.5000000000;-1.5000000000;-2.5000000000
-12.6684000000;-0.3876000000;-6.3240000000;11.2837500000;135.7875000000;61.3275000000;46.5000000000;-5.1875000000;2.2500000000
-11.5668000000;-1.7850000000;-5.7018000000;7.8412500000;155.6775000000;55.4625000000;46.5625000000;-7.3750000000;7.3750000000
-12.0870000000;-0.2346000000;-3.9984000000;73.5037500000;176.3962500000;62.4750000000;46.5625000000;-7.3750000000;7.3750000000
-10.2000000000;-1.7748000000;-4.1004000000;4.7175000000;135.4687500000;57.1200000000;44.7500000000;-10.0000000000;11.6875000000
-9.5574000000;-1.9890000000;-4.1820000000;2.8687500000;113.4750000000;45.5812500000;42.1875000000;-11.3750000000;18.7500000000
-8.1906000000;-1.9074000000;-3.3762000000;42.5850000000;110.7975000000;34.1062500000;39.5625000000;-14.0000000000;22.2500000000
-6.7014000000;-1.0098000000;-3.2946000000;13.5787500000;83.0662500000;20.9737500000;36.5625000000;-17.0000000000;26.5625000000
-6.0180000000;-1.4076000000;-3.5496000000;17.4037500000;66.1087500000;14.0250000000;36.5625000000;-17.0000000000;26.5625000000
-5.3346000000;-0.4590000000;-3.7638000000;-14.4075000000;37.8675000000;9.5625000000;34.1875000000;-14.5625000000;28.5000000000
-4.6716000000;-0.4590000000;-6.0486000000;-19.8900000000;20.8462500000;1.4025000000;32.2500000000;-16.0625000000;30.5000000000
-4.5798000000;-0.4284000000;-6.3240000000;-14.0887500000;27.6037500000;1.7850000000;32.2500000000;-16.8750000000;30.5000000000
-4.7430000000;0.4284000000;-6.6198000000;-36.7837500000;14.7262500000;-5.8012500000;30.3750000000;-18.0000000000;30.8750000000
-3.9474000000;-0.0918000000;-7.6296000000;-26.3925000000;8.0325000000;-6.8850000000;30.3750000000;-18.0000000000;30.8750000000
-4.6308000000;0.3774000000;-6.6606000000;-1.3387500000;8.9250000000;-10.0087500000;30.7500000000;-18.2500000000;30.0625000000
-4.4880000000;1.5198000000;-8.3742000000;-26.5200000000;-12.2400000000;-14.2800000000;30.6875000000;-18.2500000000;32.7500000000
-4.3248000000;0.9894000000;-8.0988000000;-16.0650000000;1.5937500000;-9.0525000000;30.7500000000;-18.2500000000;29.6875000000
-4.6104000000;1.3056000000;-8.0376000000;-2.7412500000;0.9562500000;-8.5425000000;30.7500000000;-18.2500000000;29.6875000000
-4.3452000000;1.2954000000;-7.8234000000;-1.3387500000;5.2275000000;-8.4787500000;31.3750000000;-18.2500000000;29.6875000000
-4.9470000000;1.9584000000;-7.7826000000;5.4187500000;-7.2037500000;-0.6375000000;30.6875000000;-18.3750000000;30.8750000000
-4.5186000000;0.9894000000;-8.7414000000;-16.6387500000;-11.0925000000;-0.7650000000;30.6875000000;-18.2500000000;31.2500000000
-4.9266000000;1.5198000000;-8.1906000000;7.1400000000;-1.3387500000;0.0637500000;31.3750000000;-19.0625000000;28.1875000000
-4.7940000000;1.3668000000;-9.2310000000;3.6337500000;-7.7137500000;0.9562500000;31.3750000000;-19.0625000000;28.1875000000
-5.0082000000;1.4280000000;-8.5170000000;5.2275000000;2.9325000000;2.6137500000;30.6875000000;-18.0625000000;31.2500000000
-4.6104000000;0.8874000000;-8.8638000000;-1.5300000000;-2.9962500000;3.7612500000;31.3750000000;-18.0625000000;30.0625000000
-4.8042000000;1.0608000000;-8.3742000000;5.4825000000;0.0637500000;3.6337500000;31.0000000000;-17.6875000000;30.5000000000
-4.6818000000;1.3464000000;-8.9148000000;-1.4025000000;-2.9962500000;3.3150000000;31.3750000000;-17.0000000000;30.5000000000
-4.7532000000;0.7548000000;-8.5680000000;-9.8812500000;-2.6137500000;4.8450000000;31.3750000000;-17.0000000000;30.5000000000
-4.8042000000;1.0404000000;-8.9250000000;-4.5262500000;-6.1837500000;3.6975000000;31.3750000000;-18.7500000000;29.6875000000
-4.6716000000;0.6222000000;-8.7618000000;-0.5737500000;0.9562500000;2.8687500000;30.2500000000;-18.0625000000;29.6875000000
-4.9368000000;1.0608000000;-8.4762000000;-0.9562500000;-1.8487500000;1.0837500000;30.6875000000;-19.5000000000;29.6875000000
-4.6308000000;0.5814000000;-8.5578000000;-1.0200000000;-1.0837500000;0.1912500000;32.1875000000;-18.7500000000;30.0625000000
-4.9062000000;1.1730000000;-8.4150000000;9.9450000000;-0.5100000000;-0.1912500000;32.1875000000;-18.7500000000;30.0625000000
-4.7634000000;0.9180000000;-8.8740000000;-1.2750000000;-4.2075000000;0.1275000000;31.0000000000;-18.7500000000;28.8750000000
-4.6104000000;1.0710000000;-8.6394000000;2.8687500000;2.3587500000;-1.3387500000;31.3750000000;-18.3750000000;30.5000000000
-5.0490000000;0.9792000000;-8.3844000000;0.7012500000;-4.0162500000;0.9562500000;31.7500000000;-18.7500000000;30.0625000000
-4.6410000000;0.9384000000;-9.2922000000;0.0000000000;-3.0600000000;-1.6575000000;32.1875000000;-18.3750000000;30.5000000000
-5.1000000000;1.0200000000;-8.1396000000;-0.8925000000;2.8687500000;0.1275000000;32.1875000000;-18.3750000000;30.5000000000
-4.7226000000;0.8466000000;-8.9760000000;-9.0525000000;-0.8287500000;-2.6775000000;31.7500000000;-17.6875000000;30.0625000000
-5.1612000000;1.4892000000;-7.9866000000;2.7412500000;4.0800000000;-1.6575000000;31.7500000000;-18.7500000000;29.2500000000
-4.7634000000;0.9486000000;-8.6802000000;-6.2475000000;-6.4387500000;-1.7212500000;30.6875000000;-18.3750000000;30.0625000000
-4.9266000000;1.4484000000;-8.4966000000;7.1400000000;1.4662500000;-1.1475000000;32.5000000000;-18.3750000000;29.2500000000
-4.8960000000;1.1730000000;-8.7108000000;-2.8687500000;-2.0400000000;-0.3825000000;32.5000000000;-18.3750000000;29.2500000000
-4.9572000000;1.2444000000;-8.1804000000;0.3187500000;0.5100000000;-0.8287500000;31.3750000000;-18.7500000000;30.5000000000
-5.0490000000;1.2546000000;-8.6802000000;-1.4662500000;-2.5500000000;0.5100000000;31.3750000000;-19.1875000000;29.6875000000
-4.7940000000;0.9384000000;-8.7516000000;-2.7412500000;-1.0200000000;0.8287500000;31.3750000000;-18.3750000000;29.2500000000
-5.0388000000;1.2036000000;-8.1600000000;6.6937500000;2.6775000000;0.9562500000;31.3750000000;-18.7500000000;29.6875000000
-4.8450000000;1.2036000000;-8.8842000000;-2.9325000000;-4.5900000000;-0.1912500000;31.3750000000;-18.7500000000;29.6875000000
-4.9062000000;1.2240000000;-8.1906000000;1.4662500000;3.6975000000;2.0400000000;31.7500000000;-18.0625000000;29.6875000000
-4.8858000000;0.9078000000;-8.5782000000;1.5937500000;-3.9525000000;0.7012500000;31.7500000000;-18.3750000000;29.0000000000
-4.8450000000;1.2648000000;-8.6190000000;1.0837500000;-0.1912500000;1.1475000000;31.3750000000;-19.1875000000;30.5000000000
-4.9674000000;0.8772000000;-8.3334000000;-1.9762500000;-1.3387500000;2.0400000000;31.3750000000;-17.0000000000;29.2500000000
-4.9062000000;1.0404000000;-8.5884000000;1.4662500000;-2.4225000000;0.3187500000;31.3750000000;-17.0000000000;29.2500000000
-4.9368000000;1.0608000000;-8.7108000000;0.8925000000;-0.2550000000;0.0000000000;31.0000000000;-18.0625000000;28.8750000000
-4.8450000000;1.0608000000;-8.3844000000;-2.4862500000;1.1475000000;-0.7650000000;32.5000000000;-18.7500000000;29.6875000000
-5.0184000000;0.9792000000;-8.2518000000;2.8687500000;-1.7212500000;0.0000000000;31.7500000000;-18.7500000000;30.0625000000
-4.9980000000;1.3872000000;-8.7312000000;3.1237500000;-1.9125000000;-1.2112500000;32.1875000000;-17.6875000000;29.2500000000
-4.9470000000;0.9690000000;-8.4252000000;-2.8050000000;1.4025000000;1.3387500000;32.1875000000;-17.6875000000;29.2500000000
-4.9674000000;1.0302000000;-8.5680000000;-0.1275000000;-1.9125000000;-1.5937500000;32.1875000000;-18.7500000000;30.5000000000
-4.8858000000;1.1628000000;-8.3640000000;2.6775000000;1.9762500000;-0.0637500000;32.1875000000;-17.3750000000;29.6875000000
-5.0796000000;1.0710000000;-8.2620000000;-3.1237500000;-3.4425000000;0.3825000000;31.7500000000;-18.7500000000;29.6875000000
-4.7940000000;0.9996000000;-8.8536000000;3.5700000000;1.5937500000;0.1275000000;32.1875000000;-18.7500000000;28.1875000000
-5.1408000000;1.1526000000;-8.0784000000;-2.2312500000;-2.3587500000;-0.4462500000;32.1875000000;-18.7500000000;28.1875000000
-4.9980000000;1.1730000000;-8.9454000000;-0.5100000000;-3.5062500000;1.1475000000;32.1875000000;-19.1875000000;28.5000000000
-4.8858000000;0.9792000000;-8.7312000000;-0.3187500000;3.3787500000;-1.0837500000;32.1875000000;-19.1875000000;29.0000000000
-5.0592000000;1.3770000000;-8.4456000000;-1.5300000000;1.0837500000;0.0637500000;32.1875000000;-18.3750000000;29.2500000000
-5.1204000000;1.0506000000;-8.1294000000;1.6575000000;0.9562500000;1.0837500000;32.1875000000;-18.0625000000;30.0625000000
-4.8858000000;1.1628000000;-8.7516000000;-1.7850000000;-0.4462500000;0.1275000000;32.1875000000;-18.0625000000;30.0625000000
-5.0592000000;1.1730000000;-8.5782000000;0.1912500000;0.4462500000;1.7850000000;31.7500000000;-18.3750000000;28.5000000000
-4.8960000000;0.9282000000;-8.6802000000;0.6375000000;1.9762500000;0.1275000000;32.7500000000;-18.3750000000;28.1875000000
-5.0082000000;1.0710000000;-8.1702000000;3.1875000000;3.6975000000;0.1275000000;31.7500000000;-18.0625000000;29.6875000000
-4.8858000000;0.8058000000;-8.4048000000;1.4662500000;-1.5300000000;-0.2550000000;31.7500000000;-18.0625000000;29.6875000000
-4.9266000000;1.2240000000;-8.5476000000;2.6137500000;1.5300000000;-0.6375000000;31.3750000000;-18.7500000000;29.6875000000
-4.9062000000;0.9690000000;-8.5170000000;-2.8050000000;0.3187500000;0.1275000000;32.1875000000;-18.7500000000;28.8750000000
-4.9572000000;1.1220000000;-8.4762000000;0.4462500000;-0.5100000000;-1.2112500000;32.1875000000;-18.3750000000;29.6875000000
-4.8858000000;1.2036000000;-8.7414000000;-1.2750000000;-0.3825000000;-0.1275000000;31.7500000000;-19.1875000000;29.2500000000
-4.9878000000;1.3566000000;-8.6292000000;-3.5700000000;1.9125000000;0.8925000000;31.7500000000;-19.1875000000;29.2500000000
-4.8756000000;0.7140000000;-8.3640000000;-0.3825000000;-0.5100000000;0.8925000000;32.1875000000;-19.1875000000;28.8750000000
-4.8858000000;1.4484000000;-8.7924000000;3.4425000000;0.2550000000;-2.2312500000;31.7500000000;-19.1875000000;28.5000000000
-5.0592000000;0.9486000000;-7.9764000000;-3.8250000000;3.3150000000;1.8487500000;31.7500000000;-18.7500000000;29.6875000000
-4.8348000000;1.1730000000;-8.8536000000;1.4662500000;-3.5062500000;-1.0837500000;31.7500000000;-18.3750000000;29.6875000000
-4.9368000000;0.9894000000;-8.3028000000;-0.5100000000;2.2312500000;1.2750000000;31.7500000000;-18.3750000000;29.6875000000
-4.9572000000;1.2036000000;-8.5986000000;1.4025000000;-1.2750000000;-0.7650000000;32.1875000000;-18.7500000000;29.2500000000
-4.9368000000;1.0098000000;-8.5272000000;0.7650000000;-1.3387500000;1.2112500000;32.1875000000;-19.1875000000;28.8750000000
-4.8552000000;1.2138000000;-8.7924000000;-0.3187500000;0.4462500000;-0.2550000000;31.7500000000;-19.1875000000;28.5000000000
-4.9062000000;0.8568000000;-8.3436000000;-2.8050000000;0.8287500000;0.8287500000;32.1875000000;-19.1875000000;28.8750000000
-5.0082000000;1.0506000000;-8.1702000000;3.8250000000;-2.6137500000;-0.9562500000;32.1875000000;-19.1875000000;28.8750000000
-4.8450000000;1.2342000000;-9.0168000000;0.6375000000;-4.3987500000;0.2550000000;32.1875000000;-19.1875000000;30.1875000000
-5.0592000000;1.1730000000;-8.0784000000;1.7212500000;3.7612500000;0.5100000000;31.7500000000;-19.1875000000;30.1875000000
-4.8654000000;1.0506000000;-8.7924000000;-0.4462500000;-3.5700000000;0.3187500000;32.1875000000;-18.3750000000;29.6875000000
-5.0592000000;1.1934000000;-8.4048000000;0.0637500000;1.9125000000;0.2550000000;31.3750000000;-18.3750000000;29.2500000000
-4.9368000000;0.9384000000;-8.5374000000;1.0200000000;-0.1275000000;0.8925000000;31.3750000000;-18.3750000000;29.2500000000
-4.8858000000;1.2444000000;-8.6292000000;-0.6375000000;0.1912500000;-0.8925000000;31.7500000000;-18.7500000000;29.2500000000
-4.9572000000;0.9894000000;-8.1192000000;-1.2112500000;1.1475000000;1.4025000000;32.5000000000;-17.3750000000;29.6875000000
-4.8144000000;1.1526000000;-8.8332000000;1.9762500000;-2.8050000000;0.5737500000;32.1875000000;-19.1875000000;29.6875000000
-4.9572000000;1.1526000000;-8.2008000000;-1.4662500000;2.8687500000;1.2750000000;30.6875000000;-19.1875000000;29.2500000000
-5.0286000000;0.9384000000;-8.3538000000;-4.3350000000;-4.8450000000;2.1037500000;30.6875000000;-19.1875000000;29.2500000000
-4.7328000000;0.8466000000;-8.8026000000;0.7012500000;1.1475000000;-0.2550000000;31.3750000000;-18.3750000000;29.0000000000
-4.9878000000;0.9690000000;-7.9254000000;0.1275000000;1.5300000000;-0.2550000000;32.1875000000;-19.5000000000;27.2500000000
-4.5492000000;0.4590000000;-8.1906000000;-1.0837500000;-2.1675000000;-1.4025000000;32.5000000000;-18.7500000000;29.6875000000
-4.5696000000;0.2040000000;-6.8850000000;9.8175000000;6.9487500000;-7.0125000000;31.3750000000;-18.3750000000;29.2500000000
-4.3860000000;0.1530000000;-5.3244000000;8.4150000000;9.8175000000;-9.7537500000;31.3750000000;-18.3750000000;29.2500000000
-4.4268000000;0.0510000000;-4.0494000000;5.1000000000;5.9287500000;-13.7062500000;31.7500000000;-18.3750000000;29.2500000000
-5.0898000000;0.1632000000;-3.7740000000;8.6700000000;-13.0687500000;-14.6625000000;32.1875000000;-17.6875000000;29.2500000000
-5.3346000000;-0.6528000000;-4.7328000000;-17.8500000000;-37.4850000000;-18.1050000000;32.5000000000;-15.8750000000;29.6875000000
-5.8038000000;-1.5402000000;-3.6312000000;-16.8937500000;-29.3250000000;-25.6912500000;32.7500000000;-17.3750000000;29.2500000000
-7.1808000000;-0.5916000000;-3.2844000000;-20.0175000000;-53.5500000000;-45.9000000000;32.7500000000;-17.3750000000;29.2500000000
-8.1600000000;-0.2244000000;-4.7736000000;0.0637500000;-61.9012500000;-48.8962500000;34.0000000000;-16.5625000000;27.6875000000
-9.5472000000;0.0000000000;-3.7740000000;20.9100000000;-74.0137500000;-46.7925000000;35.7500000000;-15.8750000000;26.1875000000
-9.8124000000;-0.2448000000;-7.5276000000;17.7225000000;-120.9337500000;-47.1112500000;38.7500000000;-13.6875000000;24.5625000000
-10.6896000000;0.7344000000;-7.2726000000;73.1850000000;-103.0837500000;-33.8512500000;40.2500000000;-11.7500000000;20.2500000000
-11.2812000000;-1.2852000000;-8.1804000000;64.0050000000;-124.8225000000;-8.6062500000;40.2500000000;-11.7500000000;20.2500000000
-10.8834000000;-0.8568000000;-9.9144000000;12.9412500000;-145.3500000000;-28.8150000000;41.6875000000;-9.5625000000;18.0000000000
-10.0470000000;-0.4794000000;-11.3016000000;31.6200000000;-127.5000000000;-26.8387500000;44.2500000000;-5.5000000000;13.5625000000
-10.8630000000;-0.4896000000;-8.9454000000;39.3975000000;-72.0375000000;-14.9175000000;46.2500000000;-3.5625000000;9.7500000000
-10.3428000000;-1.8768000000;-6.7218000000;20.4000000000;-71.5275000000;-19.0612500000;46.5625000000;-2.1875000000;5.7500000000
-9.3228000000;0.4794000000;-7.8132000000;13.8337500000;-79.8787500000;-20.5912500000;46.5625000000;-2.1875000000;5.7500000000
-9.5880000000;-0.9588000000;-6.9258000000;-17.4675000000;-43.7325000000;-5.4825000000;47.3750000000;-3.2500000000;5.5000000000
-9.6492000000;-2.3256000000;-5.4060000000;-19.5712500000;-33.7237500000;-8.1600000000;47.6875000000;-0.7500000000;1.3750000000
-9.7614000000;-2.0706000000;-4.1718000000;-20.0175000000;-28.9425000000;-19.1887500000;47.8750000000;-0.1875000000;0.6875000000
-9.5676000000;-1.8360000000;-3.9780000000;-15.1725000000;-30.4725000000;-17.3400000000;47.1875000000;-0.1875000000;-1.5625000000
-9.4452000000;-1.8054000000;-3.0192000000;7.6500000000;-14.7262500000;-10.3912500000;47.1875000000;-0.1875000000;-1.5625000000
-9.8022000000;-2.0094000000;-2.3154000000;-6.4387500000;-30.0262500000;-3.2512500000;47.8750000000;1.6875000000;-2.7500000000
-9.7512000000;-1.6830000000;-2.0298000000;-1.5937500000;-24.7350000000;-8.0325000000;48.2500000000;1.6875000000;-3.1875000000
-9.4146000000;-2.2236000000;-2.4480000000;4.1437500000;-29.2612500000;0.0637500000;46.7500000000;0.5000000000;-4.6875000000
-9.6594000000;-2.0094000000;-2.2950000000;-8.0325000000;-21.9937500000;-5.6100000000;46.7500000000;0.5000000000;-4.6875000000
-9.5574000000;-2.0706000000;-2.4480000000;-26.2650000000;-20.2725000000;-11.5387500000;46.7500000000;2.2500000000;-6.5625000000
-9.6186000000;-1.3464000000;-2.3256000000;3.5700000000;-3.6337500000;-8.4150000000;47.1875000000;2.3750000000;-7.3750000000
-9.7104000000;-1.7646000000;-1.7034000000;4.0162500000;3.3787500000;-0.1275000000;46.8750000000;1.1875000000;-7.3750000000
-9.6390000000;-2.2542000000;-1.2444000000;-14.8537500000;0.3825000000;-1.1475000000;46.5000000000;3.8750000000;-5.8750000000
-9.6900000000;-2.5398000000;-1.4790000000;-18.8700000000;-3.2512500000;-1.2750000000;46.5000000000;3.8750000000;-5.8750000000
-9.5472000000;-2.5194000000;-1.2648000000;-3.1237500000;4.2075000000;-2.6775000000;46.7500000000;1.2500000000;-6.5625000000
-9.7308000000;-2.3766000000;-1.0914000000;1.8487500000;-0.7650000000;-2.8050000000;47.5625000000;3.5000000000;-7.3750000000
-9.4248000000;-2.1930000000;-1.9992000000;-6.2475000000;-4.9087500000;-5.2912500000;46.7500000000;2.2500000000;-6.1875000000
-9.7818000000;-1.7136000000;-1.6422000000;-2.1675000000;1.9125000000;-3.4425000000;47.1875000000;3.8750000000;-7.3750000000
-9.4452000000;-2.6010000000;-1.8156000000;-4.3987500000;-0.4462500000;0.1275000000;47.1875000000;3.8750000000;-7.3750000000
-9.6696000000;-2.0706000000;-1.5708000000;0.0637500000;4.2712500000;-5.0362500000;46.7500000000;3.3750000000;-7.3750000000
-9.4758000000;-2.4990000000;-1.6218000000;-3.9525000000;2.4862500000;-1.7212500000;46.3750000000;2.6875000000;-6.5625000000
-9.5268000000;-2.5398000000;-1.2240000000;-3.6337500000;4.5262500000;-2.4225000000;47.1875000000;4.2500000000;-6.1875000000
-9.6390000000;-2.2542000000;-1.3260000000;-11.2837500000;-3.5700000000;-2.2312500000;47.1875000000;4.5625000000;-5.8750000000
-9.4554000000;-2.4888000000;-1.6626000000;-4.7812500000;-0.5100000000;-1.4662500000;47.1875000000;4.5625000000;-5.8750000000
-9.6492000000;-2.2848000000;-1.6116000000;-5.8012500000;-4.9087500000;-1.9125000000;47.1875000000;3.0000000000;-5.8750000000
-9.5166000000;-2.4378000000;-1.9788000000;-7.5225000000;-1.0200000000;-3.5700000000;46.7500000000;4.5625000000;-7.0000000000
-9.5064000000;-2.2440000000;-1.3158000000;1.4025000000;3.3150000000;-3.7612500000;47.1875000000;4.1875000000;-6.5625000000
-9.6288000000;-2.1216000000;-1.5810000000;-4.5262500000;-5.8012500000;1.5300000000;47.1875000000;4.5000000000;-6.1875000000
-9.5064000000;-2.6214000000;-1.8768000000;-7.6500000000;2.3587500000;-1.4025000000;47.1875000000;4.5000000000;-6.1875000000
-9.6900000000;-2.5296000000;-1.3770000000;-4.9725000000;0.3825000000;-1.7850000000;46.7500000000;5.2500000000;-7.0625000000
-9.6492000000;-2.3460000000;-1.8462000000;-4.7175000000;-0.7650000000;-2.8050000000;46.3750000000;5.2500000000;-6.2500000000
-9.6288000000;-2.5602000000;-1.9584000000;-9.5625000000;1.7212500000;-4.0162500000;47.1875000000;4.5000000000;-6.0000000000
-9.4656000000;-2.4378000000;-1.8972000000;-2.5500000000;3.3787500000;-4.2075000000;46.3750000000;4.8750000000;-7.0625000000
-9.5778000000;-2.2032000000;-1.4076000000;1.5937500000;5.3550000000;-3.5700000000;46.3750000000;4.8750000000;-7.0625000000
-9.4656000000;-2.2542000000;-1.5198000000;-0.7012500000;-0.3187500000;-0.3187500000;46.7500000000;3.3750000000;-6.6875000000
-9.5370000000;-2.4480000000;-1.7544000000;-4.6537500000;-2.2312500000;1.4662500000;47.1875000000;3.3750000000;-5.8750000000
-9.6084000000;-2.6112000000;-1.7544000000;-3.3787500000;0.4462500000;0.8925000000;47.1875000000;5.3750000000;-5.8750000000
-9.4758000000;-2.5908000000;-1.6728000000;0.8925000000;0.5737500000;0.0637500000;46.3750000000;5.6875000000;-6.5625000000
-9.4146000000;-2.4786000000;-1.9788000000;-6.3112500000;-1.0837500000;-1.0200000000;46.3750000000;5.6875000000;-6.5625000000
-9.5982000000;-2.7540000000;-1.8054000000;-6.7575000000;3.5062500000;-1.4662500000;47.1875000000;5.0000000000;-7.0000000000
-9.4656000000;-3.0702000000;-1.5912000000;2.9962500000;1.4662500000;-2.5500000000;47.5625000000;4.8750000000;-5.3750000000
-9.4350000000;-2.6520000000;-1.8462000000;-0.1912500000;0.1912500000;-7.2675000000;47.1875000000;4.1875000000;-7.0000000000
-9.5982000000;-2.4378000000;-1.8054000000;-4.2712500000;3.4425000000;-6.3750000000;46.7500000000;3.7500000000;-6.1875000000
-9.4962000000;-2.6010000000;-1.5708000000;-1.7850000000;1.8487500000;-4.5900000000;46.7500000000;3.7500000000;-6.1875000000
-9.5778000000;-2.2134000000;-1.7442000000;-1.8487500000;-2.6775000000;-3.2512500000;46.7500000000;5.5625000000;-6.1875000000
-9.6798000000;-2.2950000000;-1.8972000000;-4.8450000000;0.3187500000;-0.4462500000;47.1875000000;6.0000000000;-6.1875000000
-9.6288000000;-2.3664000000;-1.5504000000;-3.6975000000;-0.8287500000;-0.5737500000;46.3750000000;7.0625000000;-6.5625000000
-9.5166000000;-1.8870000000;-1.7238000000;-2.6137500000;-2.4862500000;0.0000000000;46.3750000000;6.6875000000;-5.0000000000
-9.5472000000;-2.2746000000;-2.0400000000;-2.1675000000;-2.2312500000;6.2475000000;46.3750000000;6.6875000000;-5.0000000000
-9.5982000000;-2.8662000000;-1.5300000000;-6.6937500000;-0.1912500000;4.2075000000;46.0625000000;6.0000000000;-7.0000000000
-9.4656000000;-2.4582000000;-1.8462000000;0.2550000000;-5.2912500000;2.9325000000;47.1875000000;6.0000000000;-6.5625000000
-9.3840000000;-2.1828000000;-1.9584000000;-0.7650000000;-2.2950000000;5.4825000000;46.0625000000;6.3750000000;-6.1875000000
-9.4962000000;-2.8458000000;-1.6932000000;-4.0162500000;-0.4462500000;4.7812500000;46.3750000000;6.3750000000;-5.5000000000
-9.5166000000;-2.8458000000;-1.8462000000;-5.4187500000;-4.6537500000;0.3825000000;46.3750000000;6.3750000000;-5.5000000000
-9.5472000000;-2.4786000000;-2.0808000000;-3.1237500000;1.4662500000;-0.3187500000;47.1875000000;5.2500000000;-6.6875000000
-9.4350000000;-2.5704000000;-1.8462000000;2.1037500000;2.7412500000;-0.3187500000;46.3750000000;4.8750000000;-7.5000000000
-9.4554000000;-2.6622000000;-1.7748000000;2.8050000000;1.0200000000;-2.6775000000;46.7500000000;5.2500000000;-6.1875000000
-9.6390000000;-2.0910000000;-1.5606000000;-0.3825000000;2.8687500000;-2.1037500000;47.1875000000;4.5000000000;-5.3750000000
-9.5166000000;-2.5194000000;-1.6320000000;-9.4987500000;-2.9325000000;0.0000000000;47.1875000000;4.5000000000;-5.3750000000
-9.5676000000;-2.4990000000;-1.5504000000;-3.1875000000;-5.0362500000;0.1912500000;46.7500000000;6.0000000000;-5.8750000000
-9.5574000000;-2.3154000000;-1.7544000000;-5.4187500000;-0.4462500000;1.0200000000;46.3750000000;6.0000000000;-6.1875000000
-9.6186000000;-2.6418000000;-1.6830000000;-7.3950000000;-2.3587500000;-0.1912500000;47.1875000000;5.5625000000;-7.3750000000
-9.5370000000;-2.4072000000;-1.7238000000;0.1912500000;-2.9962500000;-2.0400000000;47.1875000000;5.5625000000;-7.3750000000
-9.5574000000;-2.1828000000;-1.8054000000;-0.3825000000;-0.7650000000;0.0000000000;46.7500000000;5.2500000000;-6.1875000000
-9.5064000000;-2.8968000000;-1.7850000000;-3.6337500000;-0.6375000000;1.3387500000;46.3750000000;6.3750000000;-7.0000000000
-9.7512000000;-2.3562000000;-1.6320000000;2.4225000000;0.0000000000;-2.7412500000;46.3750000000;4.1875000000;-4.6875000000
-9.5370000000;-2.2950000000;-2.0196000000;-2.3587500000;0.8925000000;-0.9562500000;46.0625000000;3.8750000000;-5.8750000000
-9.6084000000;-2.0502000000;-1.2546000000;6.1837500000;5.5462500000;0.0637500000;46.0625000000;3.8750000000;-5.8750000000
-9.5166000000;-2.3970000000;-1.8156000000;-4.7175000000;-5.6737500000;3.5062500000;46.3750000000;6.5000000000;-7.3750000000
-9.5880000000;-2.6418000000;-1.9584000000;-1.0837500000;1.0200000000;2.2312500000;46.0625000000;4.5625000000;-6.5625000000
-9.4758000000;-2.5704000000;-1.8258000000;-4.0800000000;1.9762500000;-0.2550000000;46.3750000000;5.0000000000;-7.0000000000
-9.5574000000;-2.2746000000;-1.8258000000;-0.3187500000;0.6375000000;-0.0637500000;46.7500000000;5.6875000000;-6.1875000000
-9.6084000000;-2.3970000000;-1.7238000000;2.8050000000;3.9525000000;2.6137500000;46.7500000000;5.6875000000;-6.1875000000
-9.5064000000;-2.7030000000;-1.8972000000;1.0200000000;2.1675000000;1.9125000000;46.7500000000;5.3750000000;-6.1875000000
-9.3330000000;-2.7336000000;-2.1522000000;0.4462500000;3.8887500000;-2.6137500000;46.7500000000;5.3750000000;-7.3750000000
-9.6798000000;-2.3868000000;-1.9176000000;4.2712500000;7.5862500000;-3.4425000000;46.0625000000;5.0000000000;-5.8750000000
-9.6084000000;-2.4888000000;-1.9992000000;2.2950000000;6.9487500000;-4.3350000000;46.3750000000;5.6875000000;-5.8750000000
-9.4962000000;-2.3562000000;-1.9380000000;-0.9562500000;7.5862500000;-4.9725000000;46.3750000000;5.6875000000;-5.8750000000
-9.4350000000;-2.1522000000;-1.6014000000;-1.7212500000;3.8250000000;-2.9325000000;47.1875000000;4.5625000000;-6.1875000000
-9.3432000000;-2.2236000000;-1.8870000000;-4.2712500000;0.8287500000;1.1475000000;46.7500000000;6.0625000000;-5.0000000000
-9.6900000000;-2.4786000000;-1.5912000000;-4.8450000000;2.0400000000;2.2950000000;46.3750000000;5.0000000000;-5.3750000000
-9.5472000000;-2.7642000000;-1.8054000000;-1.2750000000;-2.0400000000;1.2750000000;46.7500000000;6.0625000000;-5.3750000000
-9.4044000000;-2.4990000000;-2.0298000000;-4.8450000000;0.2550000000;-3.1875000000;46.7500000000;6.0625000000;-5.3750000000
-9.5574000000;-2.1420000000;-1.3974000000;-3.6337500000;2.7412500000;-2.7412500000;46.0625000000;6.0625000000;-6.1875000000
-9.5880000000;-2.1726000000;-1.5504000000;-1.0837500000;-5.1000000000;2.1037500000;46.7500000000;6.0000000000;-5.8750000000
-9.3942000000;-2.5908000000;-2.2644000000;-2.5500000000;-4.5262500000;2.3587500000;46.0625000000;4.5000000000;-5.3750000000
-9.5166000000;-2.5908000000;-1.9890000000;-1.2750000000;-0.4462500000;0.2550000000;46.3750000000;6.0625000000;-5.8750000000
