acc_x;acc_y;acc_z;gyr_x;gyr_y;gyr_z;mag_x;mag_y;mag_z
-9.7818000000;-0.7854000000;-0.4488000000;0.0637500000;1.3387500000;1.0837500000;50.6875000000;-10.2500000000;-7.0625000000
-9.8430000000;-0.9078000000;-0.4794000000;-2.4862500000;-0.5737500000;-0.2550000000;49.5625000000;-10.6875000000;-7.0625000000
-9.7716000000;-0.7038000000;-0.4998000000;4.9725000000;-0.2550000000;-1.2750000000;49.5625000000;-10.6875000000;-6.3750000000
-9.8124000000;-0.7854000000;-0.4080000000;-3.5700000000;-0.1912500000;-0.3187500000;49.5625000000;-10.6875000000;-6.3750000000
-9.8124000000;-0.8568000000;-0.5304000000;1.2112500000;-1.0200000000;-1.1475000000;50.0000000000;-10.2500000000;-6.6875000000
-9.8022000000;-0.6936000000;-0.3978000000;2.4225000000;-0.2550000000;-0.8925000000;49.5625000000;-9.8750000000;-5.8750000000
-9.8532000000;-0.7956000000;-0.4896000000;-5.1637500000;-0.1275000000;-0.8925000000;50.0000000000;-10.2500000000;-6.3750000000
-9.7410000000;-0.6120000000;-0.4794000000;6.1837500000;-0.3187500000;-1.3387500000;51.0000000000;-9.5625000000;-6.6875000000
-9.8430000000;-0.7446000000;-0.3570000000;-3.2512500000;1.3387500000;0.0637500000;51.0000000000;-9.5625000000;-6.6875000000
-9.8124000000;-0.9180000000;-0.5304000000;-0.1912500000;-1.2112500000;-0.5737500000;50.0000000000;-11.3750000000;-7.0625000000
-9.7614000000;-0.5712000000;-0.4896000000;4.3987500000;-0.1275000000;-2.0400000000;49.5625000000;-10.6875000000;-8.2500000000
-9.8328000000;-0.7548000000;-0.3672000000;-5.7375000000;0.2550000000;-0.3825000000;50.0000000000;-11.3750000000;-6.3750000000
-9.7206000000;-0.7038000000;-0.5406000000;4.9725000000;-0.6375000000;-0.5737500000;50.2500000000;-10.6875000000;-7.5000000000
-9.8532000000;-0.7140000000;-0.4284000000;-1.7850000000;0.9562500000;0.5737500000;50.2500000000;-10.6875000000;-7.5000000000
-9.8328000000;-0.9996000000;-0.5304000000;-2.9325000000;-0.3187500000;1.0837500000;50.2500000000;-10.2500000000;-6.2500000000
-9.7512000000;-0.5916000000;-0.5304000000;5.5462500000;-0.0637500000;-1.0200000000;50.0000000000;-9.5625000000;-7.5000000000
-9.8124000000;-0.8364000000;-0.4692000000;-5.3550000000;1.0837500000;0.7650000000;50.2500000000;-10.6875000000;-6.6875000000
-9.7920000000;-0.8058000000;-0.5508000000;3.3787500000;-0.3825000000;-0.2550000000;50.2500000000;-11.3750000000;-7.0625000000
-9.7920000000;-0.7752000000;-0.4692000000;-0.7650000000;1.0200000000;0.3825000000;50.2500000000;-11.3750000000;-7.0625000000
-9.8022000000;-0.9180000000;-0.6222000000;-2.2312500000;-0.9562500000;0.2550000000;49.1875000000;-9.8750000000;-7.0625000000
-9.7920000000;-0.5508000000;-0.3468000000;4.0162500000;1.8487500000;-0.2550000000;50.6875000000;-11.3750000000;-7.8750000000
-9.8226000000;-0.7854000000;-0.5508000000;-4.5262500000;-0.1275000000;0.9562500000;50.0000000000;-9.5625000000;-6.6875000000
-9.8022000000;-0.7854000000;-0.4692000000;-0.0637500000;1.0200000000;0.7012500000;49.5625000000;-9.5625000000;-7.0625000000
-9.7410000000;-0.7956000000;-0.5100000000;0.8925000000;-0.7650000000;0.1275000000;49.5625000000;-9.5625000000;-7.0625000000
-9.8124000000;-0.7548000000;-0.5610000000;-2.1675000000;0.2550000000;0.0000000000;51.0625000000;-10.2500000000;-8.2500000000
-9.8022000000;-0.7038000000;-0.3060000000;2.3587500000;1.2750000000;-0.1275000000;50.0000000000;-9.1875000000;-6.3750000000
-9.7614000000;-0.7956000000;-0.5100000000;-2.1037500000;-1.4025000000;0.0000000000;50.0000000000;-11.0625000000;-6.6875000000
-9.8022000000;-0.7650000000;-0.4998000000;0.1275000000;-0.2550000000;-0.0637500000;49.5625000000;-9.5625000000;-7.0625000000
-9.7920000000;-0.7140000000;-0.2040000000;3.6975000000;-0.1275000000;0.1275000000;49.5625000000;-9.5625000000;-7.0625000000
-9.7818000000;-0.9180000000;-0.5406000000;-3.4425000000;-2.1675000000;0.7650000000;49.5625000000;-11.3750000000;-7.0625000000
-9.7716000000;-0.7140000000;-0.5406000000;2.6775000000;-0.8287500000;-1.0200000000;50.2500000000;-10.6875000000;-7.0625000000
-9.8328000000;-0.6426000000;-0.4590000000;0.4462500000;-0.7012500000;1.0837500000;49.5625000000;-9.5625000000;-6.6875000000
-9.9858000000;-0.9282000000;-1.1628000000;-2.8687500000;1.0837500000;-0.0637500000;50.2500000000;-10.2500000000;-7.8750000000
-10.0368000000;-0.3570000000;-1.5810000000;-0.8925000000;8.8612500000;-2.5500000000;50.2500000000;-10.2500000000;-7.8750000000
-10.3122000000;-0.0612000000;-1.7238000000;-6.1837500000;4.1437500000;6.3750000000;50.2500000000;-11.6875000000;-5.8750000000
-10.0776000000;-0.6528000000;-3.1518000000;15.1725000000;2.3587500000;11.8575000000;50.0000000000;-9.8750000000;-6.2500000000
-10.3632000000;-0.3876000000;-2.7948000000;15.6187500000;26.7750000000;9.8175000000;50.6875000000;-10.6875000000;-6.6875000000
-10.5162000000;-0.4080000000;-3.0498000000;8.8612500000;34.9987500000;10.5187500000;49.5625000000;-11.0625000000;-6.6875000000
-10.6590000000;-0.4998000000;-3.6516000000;22.8225000000;46.5375000000;6.5025000000;49.5625000000;-11.0625000000;-6.6875000000
-10.8936000000;0.1734000000;-3.1824000000;30.7912500000;55.4625000000;10.7100000000;50.0000000000;-13.1875000000;-4.6875000000
-10.7814000000;-0.0816000000;-4.9470000000;16.8937500000;59.0325000000;17.9137500000;50.0000000000;-11.6875000000;-1.1875000000
-11.3322000000;-0.2346000000;-5.4672000000;23.6512500000;76.4362500000;24.4800000000;50.0000000000;-13.5625000000;-0.7500000000
-11.7606000000;-0.8670000000;-5.5080000000;26.6475000000;90.1425000000;26.2012500000;49.5000000000;-14.0000000000;2.7500000000
-11.6586000000;-1.4688000000;-5.4570000000;18.8700000000;100.2787500000;16.5750000000;49.5000000000;-14.0000000000;2.7500000000
-11.7912000000;-1.8870000000;-6.0996000000;22.5675000000;108.6937500000;1.0837500000;49.5000000000;-15.0625000000;6.6875000000
-12.0054000000;-1.6218000000;-5.4570000000;59.4150000000;113.5387500000;-14.4075000000;48.6875000000;-15.3750000000;11.0000000000
-11.0874000000;-0.7038000000;-5.1000000000;48.6412500000;107.2275000000;-26.6475000000;47.5625000000;-16.0625000000;14.8750000000
-10.4448000000;-0.2754000000;-5.0184000000;61.1362500000;116.9812500000;-28.3687500000;47.0625000000;-14.2500000000;20.0000000000
-9.3024000000;0.0408000000;-5.3040000000;38.8875000000;112.2000000000;-30.2175000000;47.0625000000;-14.2500000000;20.0000000000
-9.2412000000;-0.2448000000;-5.3958000000;43.9237500000;114.8137500000;-11.6662500000;44.1875000000;-11.5625000000;23.3750000000
-7.9968000000;-1.1934000000;-4.7430000000;6.2475000000;104.1675000000;-11.5387500000;41.3750000000;-10.5000000000;28.1875000000
-7.3950000000;-1.0404000000;-6.0588000000;22.5675000000;96.8362500000;-10.9012500000;38.6875000000;-10.5000000000;32.0625000000
-6.6402000000;-1.9074000000;-6.0588000000;56.2275000000;95.4337500000;-6.6300000000;38.6875000000;-10.5000000000;32.0625000000
-6.5892000000;-1.2648000000;-6.1506000000;27.0937500000;85.9987500000;-8.9887500000;36.0000000000;-7.7500000000;34.8750000000
-5.2020000000;-3.1518000000;-6.7728000000;6.6937500000;91.8000000000;-11.9212500000;33.2500000000;-8.5000000000;37.2500000000
-5.2122000000;-1.3770000000;-6.2526000000;41.8837500000;83.2575000000;-24.2887500000;29.7500000000;-5.8750000000;38.8750000000
-4.0290000000;-2.3256000000;-6.8952000000;63.4312500000;88.4212500000;-6.1200000000;26.6875000000;-6.5000000000;41.5625000000
-3.6822000000;-2.0502000000;-8.0580000000;-4.5262500000;93.9037500000;-7.3950000000;26.6875000000;-6.5000000000;41.5625000000
-2.9886000000;-4.2432000000;-6.2934000000;36.2100000000;110.6062500000;-6.1200000000;23.5625000000;-3.1875000000;42.3750000000
-2.2236000000;-2.8050000000;-4.7940000000;65.3437500000;117.0450000000;-20.1450000000;19.7500000000;-3.0625000000;43.5625000000
-1.0200000000;-1.2852000000;-7.1604000000;-16.8937500000;109.5862500000;-12.4312500000;15.0625000000;-0.5625000000;45.6875000000
-0.5610000000;-3.0294000000;-6.0282000000;-49.5975000000;87.7200000000;0.5100000000;10.1875000000;2.0625000000;46.5000000000
0.2652000000;-2.9784000000;-5.7732000000;-19.2525000000;25.1812500000;-5.2275000000;10.1875000000;2.0625000000;46.5000000000
0.8160000000;-1.6422000000;-7.8642000000;-13.0050000000;6.8212500000;-22.5037500000;6.0625000000;-0.0625000000;45.8750000000
0.5508000000;-1.5606000000;-7.2624000000;-21.1012500000;8.2237500000;-20.9100000000;5.1875000000;-1.1875000000;46.6875000000
0.2550000000;-1.3974000000;-8.2620000000;-20.7187500000;-19.9537500000;-16.0012500000;3.6875000000;-1.1875000000;46.3750000000
0.9996000000;-1.0710000000;-10.3428000000;-12.8137500000;-24.0337500000;5.9925000000;4.6875000000;-2.5625000000;46.3750000000
0.3876000000;-1.4280000000;-9.5676000000;-39.0787500000;-10.1362500000;8.4150000000;4.6875000000;-2.5625000000;46.3750000000
-0.2040000000;-2.8662000000;-11.4750000000;-45.1987500000;-13.7062500000;8.7975000000;5.3750000000;-3.3750000000;47.6875000000
-0.2040000000;-3.1824000000;-10.6182000000;15.4275000000;2.8687500000;4.4625000000;6.8750000000;-4.5000000000;45.2500000000
-0.6732000000;-2.1828000000;-8.6598000000;-1.7212500000;14.9175000000;-12.8137500000;6.5000000000;-6.0625000000;46.8750000000
-0.4590000000;-2.4174000000;-8.8230000000;-6.1200000000;3.1875000000;-2.7412500000;6.0625000000;-5.6875000000;46.0625000000
-0.2346000000;-1.9380000000;-8.5374000000;13.3237500000;-4.0800000000;-2.8687500000;6.0625000000;-5.6875000000;46.0625000000
-0.3978000000;-1.6728000000;-9.0984000000;-9.2437500000;-10.9650000000;-5.4825000000;5.6875000000;-6.0625000000;45.2500000000
0.1938000000;-2.0808000000;-10.6488000000;3.9525000000;-11.9850000000;-1.5300000000;6.3750000000;-5.3750000000;46.1875000000
0.3060000000;-1.7952000000;-10.0164000000;-0.8925000000;0.3825000000;0.6375000000;6.3750000000;-5.3750000000;46.0625000000
-0.1836000000;-1.9482000000;-9.8430000000;-16.7662500000;1.9762500000;-1.9125000000;7.0625000000;-5.6875000000;45.0000000000
0.2448000000;-2.4174000000;-10.1490000000;-6.3112500000;-0.4462500000;-0.7012500000;7.0625000000;-5.6875000000;45.0000000000
0.0918000000;-1.4688000000;-9.4554000000;9.0525000000;6.0562500000;-1.4662500000;6.7500000000;-6.3750000000;45.6875000000
-0.1224000000;-2.3970000000;-9.0678000000;-3.1875000000;7.2675000000;6.2475000000;6.7500000000;-6.0625000000;44.8750000000
-0.3570000000;-2.7438000000;-9.0066000000;13.3237500000;2.4225000000;5.8012500000;7.0625000000;-5.6875000000;44.8750000000
-0.0102000000;-2.4888000000;-9.0270000000;20.1450000000;-3.9525000000;2.2950000000;6.0000000000;-6.0625000000;46.5000000000
0.1020000000;-2.0808000000;-9.1596000000;5.7375000000;0.5737500000;0.3825000000;6.0000000000;-6.0625000000;46.5000000000
0.1428000000;-2.5194000000;-9.0678000000;-12.9412500000;4.0800000000;-1.4662500000;6.0000000000;-5.0000000000;45.6875000000
0.0102000000;-2.1216000000;-9.1800000000;-4.9087500000;-2.4862500000;0.1275000000;6.3750000000;-5.0000000000;44.8750000000
-0.0102000000;-2.4990000000;-9.6186000000;-3.0600000000;-1.0200000000;3.8250000000;6.3750000000;-5.6875000000;45.2500000000
-0.1326000000;-2.7744000000;-9.5472000000;1.4662500000;-5.0362500000;2.6137500000;6.0000000000;-5.3750000000;46.0625000000
-0.0306000000;-2.4072000000;-9.4656000000;-0.2550000000;-0.7650000000;-2.5500000000;6.0000000000;-5.3750000000;46.0625000000
-0.3060000000;-2.2134000000;-9.3228000000;2.1675000000;-3.6975000000;1.7212500000;5.5625000000;-5.3750000000;46.8750000000
-0.2448000000;-2.4582000000;-9.3432000000;0.6375000000;-5.5462500000;-1.0837500000;7.0625000000;-5.6875000000;45.2500000000
-0.2652000000;-2.2440000000;-9.5166000000;1.9762500000;-3.3787500000;-1.7212500000;7.0625000000;-5.6875000000;46.0625000000
-0.3876000000;-2.3154000000;-9.6798000000;-10.7100000000;-12.8775000000;-4.3987500000;7.0625000000;-5.3750000000;44.8750000000
-0.3468000000;-2.1726000000;-9.7920000000;-9.8812500000;-15.2362500000;-7.3312500000;7.0625000000;-5.3750000000;44.8750000000
-0.2652000000;-1.8054000000;-10.1490000000;0.1912500000;1.6575000000;-7.9687500000;7.5000000000;-5.6875000000;45.6875000000
-0.3366000000;-2.2848000000;-9.6594000000;-6.9487500000;2.9962500000;-1.1475000000;8.1875000000;-5.3750000000;46.5000000000
-0.4182000000;-2.0196000000;-9.8226000000;-5.6737500000;-4.0800000000;-5.3550000000;7.8750000000;-5.3750000000;45.6875000000
-0.2958000000;-1.7544000000;-9.9144000000;-1.5300000000;-1.3387500000;-3.5062500000;7.0625000000;-6.0625000000;43.6875000000
-0.2040000000;-2.1624000000;-9.8940000000;-4.7812500000;3.8250000000;-3.3150000000;7.0625000000;-6.0625000000;43.6875000000
-0.2346000000;-2.2032000000;-9.7614000000;-0.1275000000;4.3350000000;-4.2075000000;7.8750000000;-5.6875000000;44.8750000000
-0.1632000000;-1.9686000000;-9.3738000000;5.0362500000;5.2912500000;-3.6975000000;7.5000000000;-6.0625000000;45.2500000000
-0.3774000000;-2.0604000000;-9.1290000000;-0.3187500000;0.7650000000;0.4462500000;7.5000000000;-6.3750000000;45.6875000000
-0.2754000000;-2.3460000000;-9.6492000000;1.4025000000;-0.3825000000;-2.9325000000;7.5000000000;-6.0625000000;45.6875000000
-0.1938000000;-2.0502000000;-9.4248000000;4.3987500000;5.8012500000;-3.8887500000;7.5000000000;-6.0625000000;45.6875000000
-0.2856000000;-2.1726000000;-9.0576000000;-1.4662500000;4.0800000000;-2.9962500000;7.5000000000;-6.7500000000;45.2500000000
0.1020000000;-2.6316000000;-9.6696000000;2.4862500000;2.8050000000;-2.2312500000;7.0625000000;-5.6875000000;45.6875000000
-0.2448000000;-2.3664000000;-9.4758000000;4.8450000000;6.3112500000;-3.1875000000;7.5000000000;-5.6875000000;46.0625000000
-0.0918000000;-2.2950000000;-8.9352000000;-0.4462500000;3.9525000000;-3.7612500000;7.0625000000;-5.3750000000;46.0625000000
0.0510000000;-2.2644000000;-9.2820000000;-0.5737500000;2.7412500000;-3.1237500000;7.0625000000;-5.3750000000;46.0625000000
0.0102000000;-2.3766000000;-9.4452000000;-0.5100000000;2.0400000000;-5.2912500000;7.5000000000;-5.3750000000;43.7500000000
0.0000000000;-2.0400000000;-9.3942000000;-3.6337500000;3.5700000000;-4.9725000000;6.0000000000;-5.6875000000;46.0625000000
-0.1122000000;-1.8666000000;-9.1086000000;-10.6462500000;1.5937500000;-4.5262500000;6.3750000000;-6.0625000000;46.5000000000
-0.0918000000;-2.1318000000;-9.5574000000;0.5737500000;-1.5937500000;-3.4425000000;6.3750000000;-6.0625000000;46.5000000000
0.1428000000;-1.6932000000;-9.3738000000;1.3387500000;-0.2550000000;-5.6737500000;6.7500000000;-5.6875000000;45.6875000000
0.1020000000;-1.6626000000;-9.4248000000;-12.1125000000;0.3825000000;-1.6575000000;6.3750000000;-6.3750000000;45.2500000000
0.0612000000;-1.8972000000;-9.4350000000;-7.3312500000;0.0000000000;-0.3825000000;6.7500000000;-6.3750000000;45.2500000000
-0.0408000000;-1.7544000000;-9.2922000000;2.4862500000;-1.1475000000;1.0200000000;6.3750000000;-6.0625000000;45.3750000000
-0.1836000000;-1.7952000000;-9.0270000000;-1.5300000000;-2.5500000000;-0.7650000000;6.3750000000;-6.0625000000;45.3750000000
-0.0408000000;-1.6728000000;-9.5370000000;-1.1475000000;-5.9925000000;0.5100000000;6.3750000000;-5.6875000000;46.0625000000
0.0816000000;-2.1012000000;-9.5676000000;-1.9125000000;-2.9962500000;1.1475000000;6.7500000000;-6.0625000000;45.6875000000
-0.1530000000;-1.7646000000;-9.4146000000;0.3187500000;-1.2112500000;-0.4462500000;7.0625000000;-6.7500000000;45.3750000000
-0.0510000000;-2.1624000000;-9.5574000000;-3.1237500000;-6.6937500000;2.9325000000;7.5000000000;-6.3750000000;45.6875000000
-0.0612000000;-2.2032000000;-9.9756000000;2.2312500000;-5.8012500000;1.1475000000;7.5000000000;-6.3750000000;45.6875000000
-0.2040000000;-2.0400000000;-9.6900000000;-2.9962500000;-0.1912500000;-2.6775000000;7.5000000000;-6.7500000000;45.6875000000
-0.3978000000;-1.9686000000;-9.8838000000;-8.8612500000;0.7012500000;-2.4225000000;7.8750000000;-6.3750000000;45.3750000000
-0.5100000000;-1.8258000000;-9.3738000000;0.5737500000;0.4462500000;-3.5700000000;8.1875000000;-6.3750000000;44.8750000000
-0.1734000000;-1.7544000000;-9.9960000000;-1.6575000000;-4.3350000000;-2.8687500000;8.2500000000;-7.1875000000;46.1875000000
-0.0510000000;-1.6116000000;-9.8736000000;2.0400000000;2.4225000000;-1.9125000000;8.2500000000;-7.1875000000;46.1875000000
-0.2550000000;-1.7340000000;-9.2514000000;-1.2112500000;3.9525000000;-2.2950000000;7.8750000000;-6.3750000000;46.0625000000
0.0000000000;-1.6320000000;-9.4554000000;6.1837500000;-3.8887500000;-0.1912500000;7.8750000000;-6.5000000000;46.1875000000
-0.0306000000;-1.5300000000;-9.4554000000;4.9087500000;0.5737500000;0.5737500000;7.5000000000;-6.3750000000;44.8750000000
-0.2040000000;-1.8360000000;-9.2208000000;-0.5100000000;1.0837500000;1.7850000000;7.5000000000;-6.7500000000;46.1875000000
-0.1326000000;-1.8972000000;-9.4860000000;1.3387500000;-2.5500000000;2.2950000000;7.5000000000;-6.7500000000;46.1875000000
-0.2856000000;-1.9074000000;-9.4758000000;2.6137500000;-0.0637500000;1.2112500000;8.2500000000;-6.0625000000;45.6875000000
-0.1224000000;-1.8870000000;-9.4860000000;0.0637500000;-0.9562500000;2.6775000000;7.8750000000;-6.7500000000;46.0625000000
-0.2346000000;-2.1318000000;-9.5880000000;-3.8250000000;-0.7650000000;2.1037500000;7.0625000000;-7.1875000000;45.2500000000
-0.1836000000;-2.1318000000;-9.8634000000;2.0400000000;-2.6775000000;1.9125000000;7.5000000000;-5.6875000000;45.2500000000
-0.1632000000;-2.0706000000;-9.7206000000;3.2512500000;-1.0200000000;0.9562500000;7.5000000000;-5.6875000000;45.2500000000
-0.2856000000;-2.0094000000;-9.7410000000;-2.9325000000;2.5500000000;0.6375000000;9.0000000000;-6.0625000000;45.6875000000
-0.2652000000;-2.2848000000;-9.5778000000;-1.4662500000;2.4862500000;1.0200000000;7.8750000000;-6.0625000000;44.5000000000
-0.1734000000;-1.8564000000;-9.5064000000;2.9962500000;1.4025000000;-0.8287500000;7.8750000000;-6.7500000000;46.0625000000
-0.0918000000;-1.7340000000;-9.2616000000;-0.7012500000;2.6137500000;-0.1275000000;8.2500000000;-6.5000000000;46.1875000000
-0.1122000000;-2.2236000000;-9.3330000000;0.7650000000;-1.0837500000;2.2950000000;8.2500000000;-6.5000000000;46.1875000000
-0.1836000000;-1.9380000000;-9.5982000000;1.8487500000;-3.6337500000;0.7012500000;8.1875000000;-6.7500000000;46.0625000000
-0.1224000000;-1.9482000000;-9.4758000000;-0.2550000000;4.5900000000;-0.9562500000;7.5000000000;-7.1875000000;45.2500000000
-0.1734000000;-1.9992000000;-9.4656000000;-4.0162500000;0.8925000000;-0.2550000000;8.2500000000;-6.5000000000;45.6875000000
-0.0714000000;-1.9176000000;-9.7920000000;2.0400000000;-2.2950000000;0.2550000000;6.7500000000;-6.3750000000;45.3750000000
-0.2346000000;-1.8360000000;-9.1902000000;-1.5937500000;3.6337500000;-1.2112500000;6.7500000000;-6.3750000000;45.3750000000
-0.0510000000;-2.0094000000;-9.7206000000;-1.9762500000;-1.3387500000;1.5937500000;7.8750000000;-6.3750000000;46.0625000000
-0.1224000000;-2.1522000000;-9.6390000000;1.0200000000;0.1912500000;1.2750000000;7.8750000000;-7.1875000000;45.6875000000
-0.1122000000;-2.0604000000;-9.4350000000;0.8287500000;0.1275000000;-1.4662500000;8.1875000000;-7.1875000000;44.5000000000
-0.1122000000;-1.8360000000;-9.4452000000;-0.8925000000;-3.1875000000;1.8487500000;7.0625000000;-6.7500000000;46.8750000000
-0.0510000000;-2.2542000000;-9.9654000000;-0.3825000000;0.5737500000;1.0200000000;7.0625000000;-6.7500000000;46.8750000000
-0.2244000000;-2.1012000000;-9.5370000000;0.6375000000;-1.2112500000;-1.1475000000;7.5000000000;-6.3750000000;44.5000000000
-0.0612000000;-1.9074000000;-9.9552000000;-1.5937500000;-0.3825000000;2.6137500000;8.2500000000;-5.6875000000;45.6875000000
-0.1632000000;-2.3154000000;-9.7614000000;1.4662500000;0.3825000000;-0.7650000000;7.8750000000;-6.7500000000;45.0000000000
-0.1734000000;-1.9584000000;-9.7920000000;0.1912500000;0.8925000000;-0.6375000000;8.2500000000;-6.7500000000;45.3750000000
0.0000000000;-2.1012000000;-9.7002000000;-0.4462500000;1.3387500000;0.3825000000;8.2500000000;-6.7500000000;45.3750000000
-0.1632000000;-2.0298000000;-9.6288000000;-0.5737500000;-0.5737500000;0.5737500000;7.5000000000;-6.7500000000;45.0000000000
-0.0408000000;-1.8360000000;-9.7614000000;-2.0400000000;0.3187500000;2.4225000000;7.8750000000;-7.1875000000;46.5000000000
-0.1224000000;-2.2746000000;-9.7206000000;-1.3387500000;2.1037500000;0.7012500000;7.5000000000;-6.7500000000;45.0000000000
-0.1326000000;-1.9176000000;-9.8226000000;3.8887500000;-0.4462500000;1.0837500000;7.5000000000;-6.7500000000;45.0000000000
-0.1020000000;-2.1318000000;-9.6390000000;-1.9762500000;2.6137500000;0.4462500000;7.5000000000;-6.7500000000;44.5000000000
-0.1122000000;-1.9278000000;-9.7512000000;1.6575000000;0.6375000000;1.0200000000;7.8750000000;-6.5000000000;44.5000000000
-0.1734000000;-2.1318000000;-9.6798000000;-0.2550000000;1.5300000000;1.3387500000;7.8750000000;-6.7500000000;45.6875000000
-0.1122000000;-2.0400000000;-9.4962000000;0.3825000000;1.1475000000;-0.1912500000;7.0625000000;-6.3750000000;44.5000000000
-0.1020000000;-2.1114000000;-9.4860000000;-1.5300000000;1.4025000000;0.5100000000;7.0625000000;-6.3750000000;44.5000000000
-0.1224000000;-2.0094000000;-9.4452000000;1.3387500000;-1.8487500000;0.1912500000;7.0625000000;-6.7500000000;45.2500000000
-0.0918000000;-1.7340000000;-9.4248000000;0.6375000000;-1.1475000000;0.7012500000;7.8750000000;-6.5000000000;45.6875000000
-0.1020000000;-2.0298000000;-9.5778000000;-2.3587500000;-3.2512500000;2.0400000000;7.5000000000;-7.1875000000;45.6875000000
-0.0714000000;-2.0808000000;-9.6594000000;-0.1912500000;-3.8250000000;2.2950000000;7.5000000000;-6.7500000000;44.5000000000
-0.1020000000;-1.9890000000;-9.7410000000;-2.5500000000;-2.4225000000;1.9762500000;7.5000000000;-6.7500000000;44.5000000000
-0.2244000000;-1.9278000000;-9.6900000000;0.0637500000;-2.7412500000;1.9125000000;7.8750000000;-7.1875000000;45.2500000000
-0.1530000000;-2.2236000000;-9.6900000000;-1.1475000000;-1.7212500000;1.6575000000;7.5000000000;-7.1875000000;45.6875000000
-0.2142000000;-1.9482000000;-9.5370000000;-1.0200000000;-1.9125000000;0.4462500000;7.5000000000;-7.8750000000;44.8750000000
-0.2652000000;-2.0604000000;-9.5268000000;-2.3587500000;-3.2512500000;2.2312500000;8.1875000000;-7.5625000000;44.8750000000
-0.2550000000;-2.1930000000;-9.3432000000;0.2550000000;-4.0162500000;-0.7650000000;8.1875000000;-7.5625000000;44.8750000000
-0.3366000000;-1.9074000000;-8.7720000000;7.1400000000;-6.7575000000;-2.7412500000;7.5000000000;-6.7500000000;46.0625000000
-0.3570000000;-1.8156000000;-8.6292000000;17.6587500000;-19.6350000000;0.0000000000;8.5625000000;-7.5625000000;46.5000000000
-0.3264000000;-1.6728000000;-8.1090000000;14.9812500000;-26.8387500000;0.7012500000;7.8750000000;-6.7500000000;46.1875000000
-0.4998000000;-1.6422000000;-7.1910000000;9.6900000000;-27.9862500000;-1.2750000000;9.6875000000;-6.0625000000;44.5000000000
-0.6324000000;-0.3774000000;-5.3142000000;10.5187500000;-36.3375000000;-4.2712500000;9.6875000000;-6.0625000000;44.5000000000
-1.4994000000;-0.3264000000;-5.4876000000;8.2875000000;-60.3712500000;14.2800000000;11.1875000000;-6.0625000000;45.3750000000
-2.0604000000;-1.4790000000;-6.0894000000;-12.8137500000;-74.2050000000;21.8025000000;12.5625000000;-5.3750000000;45.3750000000
-2.9580000000;-2.2542000000;-6.7014000000;-10.2637500000;-83.8950000000;20.3362500000;15.2500000000;-5.0000000000;44.0625000000
-4.1310000000;-1.9788000000;-6.8340000000;7.3950000000;-91.6087500000;16.3837500000;17.7500000000;-6.0625000000;42.2500000000
-4.9878000000;-2.1420000000;-8.2314000000;-12.1125000000;-101.4262500000;8.4150000000;17.7500000000;-6.0625000000;42.2500000000
-5.1306000000;-1.4076000000;-8.5374000000;-34.6800000000;-83.7675000000;4.5262500000;22.2500000000;-7.1875000000;42.2500000000
-5.9466000000;-2.1522000000;-7.9866000000;-51.7650000000;-83.0662500000;3.3150000000;24.7500000000;-8.2500000000;40.6875000000
-6.4464000000;-0.8568000000;-7.1604000000;-50.8087500000;-94.9237500000;-13.5150000000;27.7500000000;-9.7500000000;38.2500000000
-7.3338000000;-0.9078000000;-7.6908000000;39.3337500000;-127.3725000000;7.8412500000;29.8750000000;-10.8750000000;35.1875000000
-7.2420000000;0.5202000000;-6.3750000000;58.2675000000;-118.9575000000;16.3200000000;29.8750000000;-10.8750000000;35.1875000000
-8.9862000000;0.5202000000;-8.3844000000;-61.5825000000;-111.2437500000;21.1650000000;34.7500000000;-10.1875000000;34.5000000000
-8.4456000000;-2.7744000000;-7.3440000000;-109.5225000000;-77.4562500000;19.2525000000;37.5625000000;-9.7500000000;30.6875000000
-10.3326000000;-1.5606000000;-7.6602000000;-81.6637500000;-91.1625000000;-1.5937500000;39.0000000000;-11.1875000000;27.0625000000
-9.7410000000;-2.3256000000;-6.2832000000;-31.2375000000;-81.2812500000;-6.0562500000;41.5000000000;-15.6875000000;23.8750000000
-9.5472000000;1.0200000000;-6.9972000000;-51.8287500000;-89.1862500000;-24.6712500000;41.5000000000;-15.6875000000;23.8750000000
-10.9038000000;-0.1632000000;-7.6092000000;-78.9225000000;-68.9137500000;-8.4150000000;43.2500000000;-16.0000000000;20.8750000000
-9.8940000000;-1.0710000000;-4.5798000000;-35.4450000000;-55.0162500000;-15.8737500000;45.2500000000;-13.7500000000;17.3750000000
-9.9246000000;1.9176000000;-6.3342000000;-32.6400000000;-92.1825000000;-3.6975000000;45.5625000000;-14.5000000000;13.5000000000
-9.2718000000;-0.0510000000;-8.4966000000;-53.8050000000;-121.4437500000;3.6337500000;45.8750000000;-14.0000000000;11.8750000000
-10.1898000000;-1.2240000000;-4.7940000000;13.5787500000;-50.8087500000;0.7012500000;45.8750000000;-14.0000000000;11.8750000000
-9.8022000000;-0.4794000000;-5.5590000000;74.9062500000;-78.8587500000;-13.0050000000;46.6875000000;-14.0000000000;5.1875000000
-10.3530000000;0.2448000000;-5.8956000000;94.7325000000;-74.0137500000;21.1012500000;47.7500000000;-14.0000000000;3.8750000000
-10.6896000000;-1.0506000000;-4.8858000000;-1.2750000000;-15.1725000000;13.8337500000;47.0000000000;-12.8750000000;2.3750000000
-10.4652000000;-2.5704000000;-2.4990000000;-44.1150000000;9.6262500000;-3.3150000000;47.6875000000;-14.0000000000;0.7500000000
-10.0164000000;-1.1730000000;-1.3056000000;-51.8925000000;3.5062500000;-2.2950000000;47.6875000000;-14.0000000000;0.7500000000
-9.3636000000;-0.8874000000;-2.4480000000;-75.3525000000;-0.7650000000;-15.7462500000;46.8750000000;-13.6875000000;0.8750000000
-9.5268000000;-0.5712000000;-1.4076000000;-4.8450000000;-1.7850000000;-18.2962500000;47.5625000000;-14.0000000000;-0.3750000000
-9.7614000000;0.3366000000;-1.4178000000;13.1962500000;-14.8537500000;-6.9487500000;47.1875000000;-12.5000000000;-0.2500000000
-9.3738000000;0.1632000000;-2.0706000000;3.6975000000;-17.4675000000;0.5100000000;47.8750000000;-11.7500000000;0.0000000000
-9.7716000000;0.2754000000;-2.0604000000;-29.3250000000;-12.6225000000;3.4425000000;47.8750000000;-11.7500000000;0.0000000000
-9.7818000000;-0.0204000000;-2.6010000000;-30.5362500000;-20.2725000000;3.9525000000;47.5625000000;-12.8750000000;-1.1875000000
-9.7104000000;0.0102000000;-2.7336000000;0.5737500000;-14.4075000000;2.4225000000;47.8750000000;-11.7500000000;-2.3750000000
-9.8124000000;0.3672000000;-2.7948000000;-6.1200000000;-5.1000000000;-1.0200000000;47.5625000000;-12.5000000000;-3.1875000000
-9.9144000000;-0.1020000000;-2.0196000000;-2.4862500000;4.9725000000;4.0800000000;47.5625000000;-12.5000000000;-3.1875000000
-9.8328000000;-0.2652000000;-1.4688000000;-8.5425000000;4.3350000000;3.5062500000;47.1875000000;-12.1875000000;-3.1875000000
-9.7104000000;0.1734000000;-1.5606000000;-9.4350000000;2.1037500000;1.8487500000;47.1875000000;-12.1875000000;-3.1875000000
-9.6390000000;-0.2142000000;-1.4280000000;-7.3312500000;1.6575000000;5.8012500000;47.5625000000;-12.5000000000;-3.8750000000
-9.5778000000;-0.1938000000;-1.1016000000;3.5700000000;2.8050000000;0.7650000000;47.8750000000;-13.2500000000;-3.5625000000
-9.6900000000;0.1836000000;-1.3770000000;-6.5025000000;-0.4462500000;-0.7650000000;47.8750000000;-13.2500000000;-3.5625000000
-9.6798000000;-0.0612000000;-1.5096000000;-2.0400000000;2.6775000000;3.5700000000;46.5000000000;-13.2500000000;-4.3750000000
-9.6594000000;-0.1836000000;-1.5810000000;-1.2112500000;-2.3587500000;-5.7375000000;47.1875000000;-13.2500000000;-3.5625000000
-9.7002000000;0.5202000000;-1.6728000000;12.6862500000;-1.6575000000;-2.4862500000;46.8750000000;-12.5000000000;-4.3750000000
-9.7818000000;0.1836000000;-1.6218000000;-14.0250000000;0.9562500000;1.0200000000;47.1875000000;-12.5000000000;-3.1875000000
-9.6696000000;0.1530000000;-1.6830000000;-8.6700000000;1.0837500000;2.1037500000;47.1875000000;-12.5000000000;-3.1875000000
-9.5982000000;0.1122000000;-1.7136000000;-10.7737500000;3.6337500000;4.7812500000;46.8750000000;-14.0000000000;-2.3750000000
-9.8022000000;-0.3570000000;-1.5708000000;-20.2725000000;4.9087500000;2.2312500000;47.1875000000;-12.8750000000;-3.5625000000
-9.7104000000;0.1224000000;-1.4484000000;10.3275000000;0.0637500000;0.0000000000;47.1875000000;-14.3750000000;-2.6875000000
-9.7104000000;0.0714000000;-1.6422000000;-3.1875000000;-1.9125000000;1.3387500000;46.8750000000;-12.5000000000;-2.7500000000
-9.6390000000;-0.2448000000;-1.8156000000;-9.2437500000;0.3825000000;-0.5100000000;46.8750000000;-12.5000000000;-2.7500000000
-9.6186000000;0.2652000000;-1.6116000000;2.4225000000;2.1675000000;-0.1275000000;47.5625000000;-12.8750000000;-2.6875000000
-9.7410000000;0.1632000000;-1.6830000000;-15.3000000000;3.6337500000;2.2312500000;47.1875000000;-13.6875000000;-3.5625000000
-9.7104000000;-0.1326000000;-1.5708000000;-16.8300000000;3.1875000000;2.1675000000;46.8750000000;-13.2500000000;-3.1875000000
-9.6288000000;-0.1836000000;-1.9584000000;-4.7175000000;-0.1912500000;-2.4862500000;47.1875000000;-12.8750000000;-3.1875000000
-9.6900000000;0.4896000000;-1.5708000000;21.0375000000;-0.5100000000;-3.6975000000;47.1875000000;-12.8750000000;-3.1875000000
-9.6696000000;0.3978000000;-1.7748000000;-3.4425000000;-1.4662500000;-2.3587500000;47.1875000000;-13.2500000000;-3.1875000000
-9.6186000000;0.0000000000;-1.8972000000;-6.8850000000;0.6375000000;1.7212500000;46.8750000000;-12.8750000000;-3.5625000000
-9.7104000000;0.2550000000;-1.5198000000;6.5025000000;1.3387500000;0.3825000000;47.1875000000;-12.5000000000;-3.5625000000
-9.6492000000;0.1020000000;-1.7136000000;-5.1637500000;-0.6375000000;2.1037500000;47.1875000000;-13.6875000000;-3.1875000000
-9.6492000000;-0.0102000000;-1.6320000000;-8.2237500000;1.3387500000;2.2312500000;47.1875000000;-13.6875000000;-3.1875000000
-9.6798000000;-0.0918000000;-1.5300000000;-8.9250000000;0.8925000000;0.1275000000;47.1875000000;-13.2500000000;-3.1875000000
-9.6798000000;0.1530000000;-1.6218000000;4.5262500000;-2.1675000000;-1.2750000000;47.1875000000;-13.2500000000;-3.1875000000
-9.6492000000;0.0408000000;-1.6422000000;-3.4425000000;-1.5300000000;0.8925000000;46.8750000000;-14.0000000000;-2.6875000000
-9.6390000000;-0.1530000000;-1.8462000000;9.6262500000;-2.8687500000;-2.2950000000;47.5625000000;-12.8750000000;-3.1875000000
-9.7716000000;0.3876000000;-1.6728000000;16.8300000000;-2.8687500000;-4.0162500000;47.5625000000;-12.8750000000;-3.1875000000
-9.7818000000;-0.0612000000;-1.6218000000;-3.2512500000;0.1275000000;1.4025000000;47.8750000000;-13.2500000000;-2.3750000000
-9.7410000000;0.0918000000;-2.1318000000;-1.7212500000;-1.1475000000;-2.0400000000;46.8750000000;-14.6875000000;-2.3750000000
-9.8124000000;0.8466000000;-2.5500000000;0.1912500000;3.6337500000;0.8287500000;46.5000000000;-12.1875000000;-3.5625000000
-9.6696000000;0.9282000000;-3.9984000000;-16.0012500000;6.8850000000;5.0362500000;47.1875000000;-12.1875000000;-3.1875000000
-9.8430000000;0.9384000000;-4.9572000000;33.4050000000;7.6500000000;12.3675000000;47.1875000000;-12.1875000000;-3.1875000000
-10.1184000000;2.1828000000;-5.5794000000;61.9012500000;26.2012500000;13.1962500000;47.1875000000;-12.5000000000;-2.6875000000
-10.1184000000;2.3154000000;-6.7524000000;49.5337500000;34.4250000000;24.8625000000;47.1875000000;-15.0625000000;-2.6875000000
-11.1486000000;2.2848000000;-6.5688000000;65.4075000000;59.2875000000;44.1787500000;46.8750000000;-14.6875000000;-0.7500000000
-11.4546000000;0.4998000000;-7.4766000000;-0.8287500000;77.2650000000;51.3187500000;46.5000000000;-16.1875000000;2.2500000000
-11.5566000000;-1.6218000000;-7.8846000000;38.6962500000;106.1437500000;17.2762500000;46.5000000000;-16.1875000000;2.2500000000
-12.0666000000;-1.0608000000;-5.8548000000;87.8475000000;110.4787500000;-8.0962500000;45.3750000000;-18.7500000000;5.8750000000
-11.2506000000;0.7650000000;-6.1098000000;88.8037500000;114.4312500000;-8.5425000000;44.5625000000;-19.8750000000;9.7500000000
-11.1690000000;-0.6528000000;-5.9772000000;35.0625000000;125.6512500000;-4.4625000000;43.5625000000;-19.5000000000;15.0000000000
-10.5570000000;-0.4590000000;-5.5182000000;57.8212500000;126.6075000000;-20.5275000000;41.2500000000;-18.0000000000;19.5625000000
-9.9654000000;-0.5508000000;-5.5488000000;32.7037500000;120.3600000000;-20.8462500000;41.2500000000;-18.0000000000;19.5625000000
-8.7618000000;-0.4998000000;-5.4774000000;53.8050000000;116.5987500000;-24.1612500000;39.0625000000;-18.0000000000;24.2500000000
-8.3130000000;0.1836000000;-5.7222000000;42.6487500000;106.8450000000;-18.0412500000;37.1875000000;-13.8750000000;29.0000000000
-7.0176000000;-0.5100000000;-5.7528000000;44.1787500000;99.3862500000;-20.2087500000;34.6875000000;-12.3750000000;32.1875000000
-6.2322000000;-0.1428000000;-5.8446000000;40.4175000000;91.5450000000;-12.5587500000;34.6875000000;-12.3750000000;32.1875000000
-5.3958000000;-1.4076000000;-6.9258000000;19.8900000000;80.5162500000;-8.3512500000;31.5625000000;-12.7500000000;36.5625000000
-5.5182000000;-1.1424000000;-6.2118000000;54.4425000000;72.2287500000;-5.6737500000;29.3750000000;-10.5625000000;37.1875000000
-4.2126000000;-1.7136000000;-6.8544000000;1.9125000000;58.9687500000;-19.5075000000;26.0625000000;-9.7500000000;40.0000000000
-3.6108000000;-1.4994000000;-7.3746000000;34.8712500000;56.9287500000;-22.5037500000;23.6875000000;-8.2500000000;42.0000000000
-3.1314000000;-1.2342000000;-7.8030000000;13.1325000000;58.5225000000;-8.7975000000;23.6875000000;-8.2500000000;42.0000000000
-2.8968000000;-1.9686000000;-8.1090000000;-9.4350000000;64.0050000000;-13.9612500000;21.8750000000;-6.7500000000;41.5625000000
-2.6010000000;-1.7952000000;-7.7826000000;26.5837500000;48.5137500000;-1.7850000000;20.3750000000;-6.3750000000;42.7500000000
-1.8564000000;-1.7238000000;-8.4558000000;2.4225000000;48.0675000000;-1.0200000000;18.0625000000;-7.0625000000;44.0000000000
-1.9380000000;-2.3664000000;-8.5272000000;2.9325000000;54.8250000000;5.8650000000;15.8750000000;-4.0625000000;44.7500000000
-2.0706000000;-3.4170000000;-7.6296000000;22.1212500000;57.6300000000;7.5225000000;15.8750000000;-4.0625000000;44.7500000000
-1.3668000000;-2.0196000000;-7.5072000000;40.5450000000;34.1700000000;-0.1912500000;13.2500000000;-4.5000000000;46.0000000000
-0.8262000000;-2.3256000000;-7.3542000000;-13.1962500000;27.3487500000;1.9762500000;11.0625000000;-3.0000000000;46.0000000000
-1.0098000000;-2.8764000000;-7.8132000000;-43.4775000000;13.0050000000;-8.4787500000;10.3750000000;-2.5625000000;44.8750000000
-0.6018000000;-2.2440000000;-8.7720000000;5.1000000000;-2.9325000000;-14.2800000000;9.5000000000;-3.6875000000;46.0625000000
-0.5814000000;-1.9686000000;-8.7210000000;-6.6937500000;-4.5262500000;-10.0725000000;9.5000000000;-3.6875000000;46.0625000000
-0.8160000000;-1.9482000000;-8.7924000000;-9.4350000000;0.4462500000;-9.2437500000;8.7500000000;-4.0625000000;46.0625000000
-0.7446000000;-2.3154000000;-9.4146000000;-3.6337500000;-7.9687500000;-3.6975000000;9.5000000000;-4.0625000000;44.8750000000
-0.8058000000;-1.9788000000;-9.4962000000;-11.7300000000;-12.4950000000;-6.1837500000;9.5000000000;-4.5000000000;45.6875000000
-0.7650000000;-2.0706000000;-10.2306000000;-27.1575000000;-11.8575000000;-4.7812500000;9.8750000000;-4.5000000000;46.0625000000
-0.9792000000;-2.1216000000;-10.2102000000;2.7412500000;-10.3275000000;-1.4662500000;9.8750000000;-4.5000000000;46.0625000000
-0.8976000000;-1.8972000000;-10.1796000000;-7.9050000000;-2.8050000000;-1.5300000000;9.8750000000;-5.1875000000;44.8750000000
-1.0608000000;-2.1420000000;-10.2816000000;-11.1562500000;2.4862500000;0.1275000000;11.6875000000;-4.8750000000;44.8750000000
-1.1832000000;-2.1522000000;-9.4044000000;10.0725000000;4.2712500000;1.9125000000;11.2500000000;-5.5625000000;44.5000000000
-0.9384000000;-2.0604000000;-9.9552000000;-11.6662500000;2.6775000000;0.7012500000;11.2500000000;-5.5625000000;45.2500000000
-1.1220000000;-2.3460000000;-9.3330000000;1.5300000000;6.2475000000;0.6375000000;11.2500000000;-5.5625000000;45.2500000000
-1.0812000000;-1.9890000000;-9.2718000000;-0.2550000000;-1.6575000000;-1.4025000000;11.2500000000;-5.5625000000;45.2500000000
-1.0200000000;-2.1216000000;-9.8532000000;-12.2400000000;-2.8687500000;1.1475000000;11.0000000000;-5.5625000000;45.6875000000
-1.0404000000;-2.3970000000;-9.6594000000;-1.9125000000;1.0837500000;1.2750000000;10.6875000000;-6.0000000000;44.1875000000
-0.8976000000;-1.6422000000;-9.5472000000;-9.3712500000;0.8287500000;-3.0600000000;10.6875000000;-7.0625000000;45.6875000000
-0.8466000000;-2.2134000000;-9.7308000000;-4.0162500000;-1.5300000000;1.3387500000;10.6875000000;-7.0625000000;45.6875000000
-1.0506000000;-1.6932000000;-9.7308000000;7.7137500000;-1.9762500000;2.9962500000;10.2500000000;-5.8750000000;44.5000000000
-1.0302000000;-2.0706000000;-9.7920000000;-9.7537500000;1.8487500000;1.0837500000;11.0000000000;-7.0625000000;45.2500000000
-0.8568000000;-2.2032000000;-9.4146000000;7.7137500000;1.0200000000;2.5500000000;10.6875000000;-6.2500000000;44.8750000000
-1.0812000000;-1.9176000000;-9.6696000000;-0.5737500000;-1.9762500000;0.4462500000;10.6875000000;-6.6875000000;46.0625000000
-1.1016000000;-1.9686000000;-9.5370000000;-2.1675000000;-1.0200000000;0.9562500000;10.6875000000;-6.6875000000;46.0625000000
-1.1220000000;-2.1624000000;-9.3738000000;3.8250000000;-2.6137500000;1.0837500000;10.6875000000;-6.6875000000;44.5000000000
-1.1424000000;-1.9890000000;-9.6084000000;-3.6975000000;-5.2275000000;-0.6375000000;11.0000000000;-5.8750000000;46.0625000000
-0.9384000000;-2.1522000000;-10.0470000000;2.4862500000;-4.3350000000;2.1675000000;10.6875000000;-6.6875000000;45.6875000000
-1.1322000000;-1.8768000000;-9.5880000000;-1.3387500000;-0.3187500000;0.1912500000;10.6875000000;-7.3750000000;45.2500000000
-1.1322000000;-2.0604000000;-9.9348000000;-7.7137500000;1.8487500000;-0.6375000000;10.6875000000;-7.3750000000;45.2500000000
-1.1322000000;-2.0706000000;-9.6492000000;6.5662500000;1.7212500000;0.0637500000;10.6875000000;-5.5625000000;46.0625000000
-1.0098000000;-1.8972000000;-9.6084000000;-3.6975000000;0.0637500000;-0.1275000000;11.2500000000;-6.2500000000;44.8750000000
-1.0710000000;-2.0298000000;-9.7716000000;-5.2912500000;-0.0637500000;0.9562500000;11.6875000000;-7.3750000000;44.8750000000
-1.1016000000;-1.9074000000;-9.4044000000;7.1400000000;-0.0637500000;0.4462500000;11.0000000000;-7.3750000000;45.6875000000
-1.1220000000;-1.9584000000;-9.3330000000;-2.1037500000;-2.8050000000;-1.5300000000;11.0000000000;-7.3750000000;45.6875000000
-1.0098000000;-1.8462000000;-9.8430000000;-2.1675000000;-1.2750000000;1.1475000000;11.2500000000;-6.6875000000;45.2500000000
-1.1730000000;-2.1624000000;-9.5370000000;-1.9762500000;-0.5737500000;0.2550000000;11.2500000000;-7.7500000000;44.8750000000
-1.1730000000;-1.9074000000;-9.6390000000;0.1912500000;-1.6575000000;-0.6375000000;11.6875000000;-6.2500000000;45.7500000000
-1.0302000000;-2.0604000000;-9.8022000000;2.6137500000;-2.6775000000;0.1912500000;11.6875000000;-6.2500000000;45.7500000000
-1.1424000000;-1.8972000000;-9.9144000000;-0.1275000000;-1.2750000000;0.3825000000;10.6875000000;-6.6875000000;45.2500000000
-1.2546000000;-1.9890000000;-9.4452000000;-2.5500000000;0.8925000000;-1.9125000000;11.2500000000;-7.0625000000;44.5625000000
-1.1934000000;-1.7748000000;-9.7716000000;6.3112500000;-4.0162500000;0.3825000000;11.6875000000;-7.0625000000;45.2500000000
-1.1118000000;-2.1624000000;-9.8532000000;-4.1437500000;0.1912500000;0.2550000000;11.0000000000;-7.0625000000;45.2500000000
-1.2138000000;-1.8564000000;-9.6084000000;-0.3187500000;2.4225000000;-1.2112500000;11.0000000000;-7.0625000000;45.2500000000
-1.0914000000;-1.9482000000;-9.6594000000;0.3187500000;0.6375000000;0.2550000000;12.0625000000;-7.0625000000;44.8750000000
-1.0914000000;-1.9074000000;-9.7308000000;-1.8487500000;1.1475000000;-0.2550000000;11.6875000000;-7.3750000000;45.2500000000
-1.1220000000;-2.0808000000;-9.5472000000;3.6975000000;1.2112500000;0.8287500000;10.6875000000;-6.6875000000;45.6875000000
-1.1118000000;-1.9482000000;-9.4860000000;2.3587500000;0.2550000000;-0.3187500000;11.2500000000;-6.2500000000;45.2500000000
-1.0710000000;-2.0910000000;-9.7308000000;-4.8450000000;1.0837500000;-0.9562500000;11.2500000000;-6.2500000000;45.2500000000
-1.1832000000;-1.7544000000;-9.2208000000;5.5462500000;0.2550000000;-0.9562500000;11.6875000000;-6.6875000000;46.5000000000
-1.0200000000;-2.0298000000;-9.7002000000;-4.9087500000;-2.4862500000;0.0000000000;11.0000000000;-7.0625000000;46.0625000000
-1.1424000000;-1.8360000000;-9.5064000000;-4.0162500000;0.7012500000;-0.7650000000;11.2500000000;-6.6875000000;44.5000000000
-1.1220000000;-1.8870000000;-9.6594000000;-1.9125000000;-1.0837500000;0.5737500000;11.2500000000;-6.6875000000;44.0625000000
-1.1220000000;-1.9380000000;-9.7920000000;-4.6537500000;-1.5300000000;-0.6375000000;11.2500000000;-6.6875000000;44.0625000000
-1.1118000000;-1.8564000000;-9.7614000000;0.6375000000;-1.0200000000;-0.4462500000;11.6875000000;-7.0625000000;44.5000000000
-1.1628000000;-1.9074000000;-9.7818000000;-2.1675000000;-0.3825000000;1.4025000000;11.6875000000;-7.0625000000;45.6875000000
-1.2444000000;-1.8768000000;-9.8022000000;-4.0162500000;0.6375000000;-0.4462500000;11.0000000000;-6.6875000000;43.2500000000
-1.2342000000;-1.8870000000;-9.6900000000;2.1675000000;0.7650000000;-0.0637500000;12.0625000000;-6.6875000000;44.5000000000
-1.1832000000;-1.8870000000;-9.6390000000;-1.3387500000;0.5100000000;-0.8287500000;12.0625000000;-6.6875000000;44.5000000000
-1.1832000000;-1.7442000000;-9.6390000000;-2.0400000000;1.4025000000;-0.9562500000;10.6875000000;-7.0625000000;44.5000000000
-1.1526000000;-1.9482000000;-9.1800000000;1.3387500000;3.6337500000;-0.6375000000;10.6875000000;-7.0625000000;45.2500000000
-1.0812000000;-1.6728000000;-9.4554000000;6.9487500000;-2.6775000000;0.8925000000;11.2500000000;-6.6875000000;44.5000000000
-1.0404000000;-1.8666000000;-9.8736000000;-3.2512500000;-4.5262500000;1.2112500000;11.2500000000;-7.3750000000;43.7500000000
-1.2138000000;-2.0196000000;-9.7716000000;-1.7850000000;-1.1475000000;-0.7012500000;11.2500000000;-7.3750000000;43.7500000000
-1.2036000000;-1.8054000000;-9.6288000000;2.9962500000;2.0400000000;-1.2112500000;11.6875000000;-7.3750000000;45.6875000000
-1.1424000000;-1.8870000000;-9.7716000000;-2.3587500000;1.5937500000;0.7012500000;11.6875000000;-6.2500000000;44.5000000000
-1.1832000000;-2.0502000000;-9.5676000000;2.4225000000;3.9525000000;-0.6375000000;11.0000000000;-7.3750000000;45.6875000000
-1.0710000000;-1.7340000000;-9.6390000000;-4.2712500000;-0.4462500000;-1.8487500000;11.6875000000;-7.0625000000;44.5000000000
-1.1220000000;-2.0094000000;-9.8532000000;-0.8287500000;-3.7612500000;0.5737500000;11.6875000000;-7.0625000000;44.5000000000
-1.1118000000;-1.8258000000;-9.5574000000;4.2712500000;1.7850000000;-1.6575000000;10.6875000000;-7.0625000000;45.6875000000
-1.0914000000;-1.7646000000;-9.6084000000;-4.7812500000;1.5300000000;-0.2550000000;11.2500000000;-7.0625000000;44.5000000000
-1.1628000000;-2.0604000000;-9.6594000000;-1.0837500000;-2.6775000000;0.9562500000;11.2500000000;-7.0625000000;44.8750000000
-1.1730000000;-1.6728000000;-9.6492000000;-0.1275000000;-1.8487500000;-1.8487500000;11.2500000000;-7.3750000000;43.7500000000
-1.1934000000;-1.8768000000;-9.6288000000;-3.7612500000;0.1912500000;0.2550000000;11.2500000000;-7.3750000000;43.7500000000
-1.1628000000;-1.8360000000;-9.6492000000;0.0000000000;-0.2550000000;-0.5100000000;11.2500000000;-7.0625000000;44.5000000000
-1.1424000000;-1.7340000000;-9.8124000000;1.2112500000;-0.8287500000;0.2550000000;11.6875000000;-8.5625000000;45.2500000000
-1.1220000000;-1.7646000000;-10.0674000000;-3.0600000000;-0.7650000000;0.7012500000;11.2500000000;-7.3750000000;44.8750000000
-1.2138000000;-1.8666000000;-9.6288000000;0.5100000000;1.5937500000;-0.0637500000;11.2500000000;-7.3750000000;44.8750000000
-1.1628000000;-1.6320000000;-9.6900000000;0.0637500000;0.5100000000;-0.0637500000;11.2500000000;-7.3750000000;44.8750000000
-1.1628000000;-1.9380000000;-9.4554000000;0.1275000000;1.9125000000;0.8925000000;11.6875000000;-7.3750000000;45.6875000000
-1.1118000000;-1.6218000000;-9.5778000000;2.4862500000;0.6375000000;0.3187500000;11.0000000000;-8.1875000000;45.2500000000
-1.1832000000;-1.7952000000;-9.4248000000;-4.7175000000;-0.0637500000;1.0837500000;11.6875000000;-7.3750000000;44.0625000000
-1.1220000000;-1.6422000000;-9.0678000000;1.7212500000;-2.8687500000;-0.3187500000;11.0000000000;-6.6875000000;44.8750000000
-1.2546000000;-1.7136000000;-8.9352000000;2.3587500000;-7.4587500000;0.4462500000;11.0000000000;-6.6875000000;44.8750000000
-1.2750000000;-1.7034000000;-8.5782000000;5.1000000000;-11.4112500000;-0.8925000000;13.1875000000;-8.1875000000;45.2500000000
-1.2036000000;-1.4382000000;-7.4562000000;-0.3187500000;-16.4475000000;-3.4425000000;11.6875000000;-6.6875000000;44.8750000000
-1.3464000000;-1.4178000000;-6.5892000000;-7.7775000000;-32.5125000000;-5.0362500000;12.7500000000;-7.0625000000;45.6875000000
-1.6728000000;-1.5606000000;-6.5790000000;-0.3187500000;-47.9400000000;-5.1000000000;13.5625000000;-7.7500000000;43.7500000000
-2.5296000000;-1.1118000000;-6.7728000000;8.6700000000;-67.5112500000;-5.2912500000;13.5625000000;-7.7500000000;43.7500000000
-2.4276000000;-0.9384000000;-6.8238000000;10.9650000000;-74.5875000000;-4.2712500000;14.6875000000;-7.7500000000;44.8750000000
-2.9376000000;0.0000000000;-7.4766000000;-3.1875000000;-80.5162500000;12.8775000000;17.2500000000;-8.5625000000;43.6875000000
-4.8654000000;-0.6834000000;-7.7928000000;-17.9775000000;-88.2300000000;25.1175000000;21.0000000000;-7.7500000000;43.2500000000
-4.9062000000;-2.0706000000;-8.6190000000;-19.1887500000;-94.4775000000;19.0612500000;21.0000000000;-7.7500000000;43.2500000000
-5.5896000000;-0.1428000000;-9.0780000000;2.1037500000;-91.5450000000;19.8900000000;23.0625000000;-8.5625000000;40.8750000000
-5.8140000000;-1.6014000000;-7.4460000000;-27.3487500000;-67.6387500000;28.7512500000;26.7500000000;-9.6875000000;39.3750000000
-6.6096000000;-0.2958000000;-7.6806000000;-18.1050000000;-87.5287500000;19.3800000000;29.6875000000;-10.6875000000;36.3750000000
-7.3440000000;-0.9078000000;-7.9662000000;-23.4600000000;-69.3600000000;28.8150000000;31.8750000000;-13.0000000000;35.1875000000
-6.4056000000;-0.7956000000;-5.5488000000;-16.8300000000;-61.6462500000;19.8262500000;31.8750000000;-13.0000000000;35.1875000000
-8.0682000000;1.6626000000;-7.0584000000;-67.3200000000;-72.6112500000;31.6200000000;33.7500000000;-13.3750000000;32.7500000000
-8.1192000000;-1.3056000000;-5.5080000000;-84.7875000000;-58.0125000000;31.8750000000;35.1875000000;-14.7500000000;32.0625000000
-9.0576000000;0.6222000000;-5.3754000000;-36.5925000000;-87.7200000000;19.1887500000;35.8750000000;-17.3750000000;28.1875000000
-9.8022000000;0.2448000000;-7.0482000000;-70.1887500000;-88.2300000000;17.7862500000;37.7500000000;-19.5625000000;25.0000000000
-9.8226000000;-0.3468000000;-6.1404000000;2.8687500000;-92.3100000000;10.7737500000;37.7500000000;-19.5625000000;25.0000000000
-10.4448000000;1.1016000000;-6.7932000000;-5.7375000000;-95.1150000000;5.2275000000;38.8750000000;-20.3750000000;22.2500000000
-10.3122000000;0.6222000000;-7.7010000000;-37.9312500000;-99.1950000000;3.6975000000;40.2500000000;-21.7500000000;19.0625000000
-10.5060000000;0.8568000000;-7.8642000000;-6.2475000000;-87.2737500000;9.3712500000;41.0625000000;-20.2500000000;15.1875000000
-10.2612000000;0.5304000000;-7.4358000000;-32.2575000000;-87.9112500000;3.5700000000;43.1875000000;-22.0625000000;12.0000000000
-10.1592000000;0.8262000000;-5.8650000000;-46.3462500000;-58.7137500000;-12.3675000000;43.1875000000;-22.0625000000;12.0000000000
-9.8328000000;1.2342000000;-5.5182000000;-17.3400000000;-36.5925000000;-9.4987500000;43.5000000000;-22.0625000000;8.5000000000
-10.1184000000;1.0506000000;-4.4778000000;-24.7987500000;-26.3925000000;-7.9687500000;43.8750000000;-20.5625000000;7.2500000000
-10.0776000000;0.5610000000;-3.1314000000;-16.7662500000;-22.1212500000;-11.2200000000;44.5625000000;-21.0000000000;4.5000000000
-9.5982000000;1.4688000000;-3.0804000000;-32.7037500000;-21.5475000000;-13.1962500000;44.8750000000;-21.0000000000;3.0000000000
-9.2820000000;1.7136000000;-3.6516000000;-23.7150000000;-24.8625000000;-9.2437500000;44.8750000000;-21.0000000000;3.0000000000
-9.7206000000;1.6116000000;-2.8866000000;-11.5387500000;-11.4750000000;-2.5500000000;44.1875000000;-19.0625000000;2.1875000000
-9.7614000000;1.1424000000;-2.3562000000;-29.3250000000;-6.0562500000;-1.4662500000;44.5625000000;-18.7500000000;2.0625000000
-9.5064000000;1.1118000000;-1.8258000000;-21.1650000000;-6.3750000000;-2.3587500000;44.1875000000;-17.8750000000;0.1875000000
-9.4452000000;1.6116000000;-2.3460000000;-12.8775000000;-14.8537500000;0.3825000000;44.1875000000;-18.6875000000;-0.5625000000
-9.5574000000;0.9384000000;-2.7540000000;-18.0412500000;-9.6900000000;0.3825000000;44.1875000000;-18.6875000000;-0.5625000000
-9.7716000000;0.9894000000;-2.0706000000;5.1637500000;-3.1237500000;-2.8687500000;44.8750000000;-20.1875000000;-1.0625000000
-9.8328000000;1.3362000000;-2.1114000000;0.3187500000;-6.4387500000;-3.5700000000;44.1875000000;-17.5625000000;-1.7500000000
-9.4656000000;1.2138000000;-2.1726000000;3.6975000000;-3.5062500000;-1.2750000000;44.5625000000;-18.6875000000;-1.0625000000
-9.5574000000;1.2444000000;-1.9074000000;-0.7650000000;-1.8487500000;-0.7650000000;44.1875000000;-17.1875000000;-1.8750000000
-9.5268000000;1.3362000000;-2.2032000000;-1.0200000000;-3.7612500000;1.4662500000;44.1875000000;-17.1875000000;-1.8750000000
-9.6084000000;0.9690000000;-2.2338000000;1.8487500000;-0.7650000000;3.1875000000;44.1875000000;-18.2500000000;-3.0625000000
-9.7308000000;1.1220000000;-1.8360000000;3.5700000000;2.1675000000;-0.5100000000;44.8750000000;-20.1875000000;-1.0625000000
-9.5778000000;1.1016000000;-1.6626000000;-0.1275000000;3.8250000000;-0.3187500000;44.5625000000;-17.8750000000;-1.0625000000
-9.3738000000;1.0200000000;-1.5810000000;9.6262500000;2.1037500000;-0.2550000000;44.8750000000;-17.5625000000;-1.0625000000
-9.5676000000;1.2240000000;-1.5198000000;7.1400000000;-1.0837500000;1.8487500000;44.8750000000;-17.5625000000;-1.0625000000
-9.5778000000;0.9282000000;-1.7646000000;-3.3150000000;-1.7212500000;2.6137500000;44.8750000000;-19.0000000000;-1.5000000000
-9.6492000000;1.0812000000;-1.6524000000;3.1237500000;0.9562500000;0.8287500000;45.2500000000;-18.2500000000;-0.6875000000
-9.6798000000;1.1220000000;-1.7544000000;-2.4225000000;-0.3187500000;1.2112500000;43.7500000000;-18.2500000000;-2.5625000000
-9.6594000000;0.8670000000;-1.8054000000;-1.4025000000;-1.0837500000;-0.3187500000;44.1875000000;-18.6875000000;-1.0625000000
-9.4860000000;1.1832000000;-1.8054000000;3.3150000000;-0.5737500000;0.2550000000;44.1875000000;-18.6875000000;-1.0625000000
-9.5064000000;0.9996000000;-1.9584000000;-4.0800000000;0.3187500000;-0.2550000000;44.1875000000;-18.6875000000;-2.2500000000
-9.6492000000;1.1730000000;-1.8564000000;3.4425000000;0.5737500000;-0.3825000000;44.5625000000;-18.0000000000;-1.8750000000
-9.6900000000;1.1016000000;-1.7136000000;-1.0837500000;1.7212500000;0.1275000000;45.2500000000;-18.2500000000;-1.0625000000
-9.5166000000;1.1118000000;-1.7748000000;3.7612500000;1.3387500000;-1.4025000000;44.5625000000;-19.3750000000;-2.5625000000
-9.5166000000;1.3158000000;-1.7238000000;0.8287500000;2.1037500000;-0.3825000000;44.5625000000;-19.3750000000;-2.5625000000
-9.5778000000;1.0506000000;-1.5606000000;-0.8925000000;1.0200000000;-0.1275000000;44.8750000000;-18.2500000000;-1.8750000000
-9.5370000000;1.2342000000;-1.6626000000;1.8487500000;0.0000000000;0.0000000000;44.8750000000;-18.2500000000;-1.5000000000
-9.5370000000;1.0710000000;-1.6116000000;0.1912500000;0.5737500000;1.5300000000;44.5625000000;-17.5625000000;-2.6875000000
-9.6492000000;0.9384000000;-1.6116000000;-1.8487500000;-2.3587500000;-0.3825000000;44.5625000000;-17.5625000000;-2.6875000000
-9.5676000000;0.9282000000;-1.9176000000;1.5300000000;-2.2312500000;-1.7212500000;44.5625000000;-17.8750000000;-1.5000000000
-9.6798000000;1.0506000000;-1.8666000000;0.0000000000;-0.3825000000;-2.0400000000;45.6875000000;-18.6875000000;-2.2500000000
-9.5982000000;1.0098000000;-1.8870000000;-0.9562500000;0.2550000000;-1.9762500000;44.8750000000;-18.2500000000;-2.5625000000
-9.5982000000;1.3362000000;-2.0298000000;4.2075000000;0.3187500000;-1.6575000000;44.5625000000;-17.8750000000;-1.8750000000
-9.5166000000;1.0302000000;-2.0910000000;-3.0600000000;2.1037500000;0.1912500000;44.5625000000;-17.8750000000;-1.8750000000
-9.6798000000;1.1016000000;-1.8768000000;1.0837500000;4.2075000000;-2.1675000000;44.8750000000;-17.8750000000;-1.0625000000
-9.5472000000;1.4076000000;-1.8564000000;4.0800000000;3.5700000000;0.4462500000;44.8750000000;-19.0000000000;-1.8750000000
-9.4452000000;1.1016000000;-2.2644000000;-1.0200000000;1.2112500000;1.8487500000;44.8750000000;-19.0000000000;-1.0625000000
-9.6084000000;1.2750000000;-2.9274000000;6.7575000000;6.1200000000;1.6575000000;45.2500000000;-17.5625000000;-2.2500000000
-9.7716000000;1.9482000000;-3.1926000000;2.6775000000;8.9250000000;3.3150000000;45.2500000000;-17.5625000000;-2.2500000000
-9.8124000000;2.0094000000;-4.5492000000;11.2200000000;5.6100000000;11.2837500000;45.2500000000;-19.7500000000;0.0625000000
-10.2408000000;1.9992000000;-4.5798000000;19.5075000000;20.5912500000;18.9337500000;44.5625000000;-19.3750000000;0.0625000000
-10.0470000000;1.6626000000;-5.2938000000;19.7625000000;26.3287500000;19.1250000000;43.7500000000;-19.0000000000;0.5000000000
-10.4550000000;1.8054000000;-6.2118000000;35.5087500000;37.9312500000;20.4000000000;44.1875000000;-19.3750000000;1.6875000000
-10.7202000000;1.2648000000;-6.3750000000;37.2937500000;58.5862500000;21.9937500000;44.1875000000;-19.3750000000;1.6875000000
-10.7406000000;0.7446000000;-7.0482000000;32.2575000000;70.0612500000;12.8137500000;43.7500000000;-21.2500000000;3.1875000000
-10.9548000000;1.0608000000;-6.4464000000;60.0525000000;90.2062500000;2.8687500000;43.3750000000;-22.6875000000;4.7500000000
-11.0874000000;0.9996000000;-6.0588000000;53.1675000000;99.2587500000;-3.2512500000;42.0000000000;-23.8750000000;10.2500000000
-10.5162000000;0.9486000000;-5.8548000000;58.3950000000;104.9962500000;-10.1362500000;41.5625000000;-21.6875000000;15.0000000000
-10.1082000000;0.8466000000;-5.5386000000;48.7050000000;110.4787500000;-12.3675000000;41.5625000000;-21.6875000000;15.0000000000
-9.9144000000;0.6426000000;-6.1812000000;58.8412500000;104.7412500000;-14.2800000000;39.8750000000;-22.0000000000;18.5625000000
-8.9454000000;-0.1122000000;-5.6202000000;45.1350000000;109.2037500000;-12.7500000000;38.6875000000;-20.8750000000;22.5000000000
-8.4456000000;0.2754000000;-5.8038000000;44.1787500000;102.6375000000;-20.9100000000;36.5000000000;-20.1875000000;26.5000000000
-7.3542000000;-0.1122000000;-5.7732000000;44.2425000000;97.0912500000;-22.6950000000;34.2500000000;-16.8750000000;29.8750000000
-6.5382000000;0.3060000000;-6.4158000000;55.9725000000;88.2300000000;-17.5950000000;34.2500000000;-16.8750000000;29.8750000000
-6.0282000000;-0.9486000000;-7.2012000000;21.4837500000;83.3212500000;-13.4512500000;32.0000000000;-16.5000000000;33.0625000000
-5.6406000000;-1.0506000000;-6.9360000000;40.1625000000;79.7512500000;-14.9812500000;28.6875000000;-13.7500000000;35.3750000000
-4.9980000000;-0.3264000000;-7.5378000000;39.2700000000;72.0375000000;-15.7462500000;26.6875000000;-13.0625000000;38.6875000000
-4.1514000000;-1.0914000000;-7.7316000000;17.5950000000;75.3525000000;-13.8975000000;24.8750000000;-11.1875000000;39.8750000000
-3.9372000000;-0.7446000000;-7.1196000000;22.8225000000;77.9662500000;-11.6025000000;24.8750000000;-11.1875000000;39.8750000000
-3.0192000000;-1.2750000000;-7.7724000000;-3.3787500000;69.8700000000;-10.0725000000;21.1875000000;-11.1875000000;41.2500000000
-2.7234000000;-1.0812000000;-7.7622000000;14.9812500000;68.7225000000;-5.7375000000;19.6875000000;-9.6875000000;42.5625000000
-2.5194000000;-1.2444000000;-7.8132000000;-18.2325000000;61.5825000000;-2.2312500000;16.2500000000;-8.5000000000;43.0000000000
-2.0094000000;-2.2440000000;-8.5884000000;-17.6587500000;48.4500000000;-7.5225000000;13.6875000000;-8.5000000000;44.1875000000
-1.7850000000;-1.4484000000;-8.4150000000;28.3687500000;37.8675000000;-7.2037500000;13.6875000000;-8.5000000000;44.1875000000
-1.1934000000;-1.1628000000;-8.5272000000;9.8175000000;31.4925000000;-11.7937500000;12.1875000000;-8.8750000000;45.3750000000
-1.1220000000;-1.6728000000;-8.5476000000;15.5550000000;29.9625000000;-5.7375000000;11.5000000000;-8.1875000000;44.1875000000
-0.9180000000;-1.7850000000;-8.3334000000;19.3800000000;23.0775000000;-4.4625000000;10.0000000000;-7.0000000000;45.0000000000
-0.7752000000;-1.6218000000;-8.5986000000;-8.3512500000;19.4437500000;-6.6300000000;8.7500000000;-6.6875000000;45.0000000000
-0.8976000000;-2.1012000000;-8.5578000000;-11.0925000000;12.4312500000;-8.2875000000;8.7500000000;-6.6875000000;45.0000000000
-0.5508000000;-1.3362000000;-9.1086000000;2.2312500000;2.4862500000;-6.4387500000;7.6875000000;-5.8750000000;45.5000000000
-0.1632000000;-1.7952000000;-9.7512000000;-24.5437500000;7.7775000000;-2.2312500000;7.2500000000;-6.2500000000;45.0625000000
-0.8364000000;-1.5300000000;-8.6802000000;0.6375000000;9.8175000000;-3.1875000000;7.2500000000;-6.6875000000;45.8750000000
-0.3366000000;-1.6422000000;-9.5574000000;-11.0287500000;0.2550000000;-4.0800000000;7.0000000000;-7.3750000000;46.2500000000
-0.3978000000;-1.4076000000;-9.6390000000;-2.7412500000;5.0362500000;-0.8925000000;7.0000000000;-7.3750000000;46.2500000000
-0.4386000000;-1.4484000000;-9.5166000000;-4.2712500000;0.3187500000;3.1237500000;7.0000000000;-7.7500000000;46.2500000000
-0.3672000000;-1.5402000000;-9.5472000000;-20.7825000000;0.1275000000;-0.8925000000;7.2500000000;-8.1875000000;45.5000000000
-0.5610000000;-1.5198000000;-9.6492000000;-7.2675000000;-4.2712500000;0.7012500000;6.5625000000;-7.7500000000;45.0625000000
-0.3876000000;-1.5606000000;-9.8940000000;-5.2912500000;-5.0362500000;-0.6375000000;7.2500000000;-8.8750000000;45.8750000000
-0.5814000000;-1.2546000000;-10.0062000000;-6.7575000000;0.8287500000;-0.2550000000;7.2500000000;-8.8750000000;45.8750000000
-0.5712000000;-1.4484000000;-9.7002000000;-5.5462500000;-0.0637500000;1.4662500000;7.0000000000;-8.8750000000;45.5000000000
-0.5712000000;-1.6218000000;-10.0368000000;-4.3987500000;-0.7012500000;1.8487500000;7.2500000000;-10.2500000000;45.8750000000
-0.6018000000;-1.3362000000;-9.9858000000;4.2712500000;0.0637500000;0.8925000000;6.5625000000;-9.5625000000;45.0625000000
-0.5304000000;-1.6830000000;-9.6492000000;-5.4825000000;2.4225000000;0.7012500000;8.0625000000;-10.0000000000;45.8750000000
-0.6222000000;-1.6320000000;-9.8022000000;-0.8287500000;-1.0837500000;-0.5100000000;8.0625000000;-10.0000000000;45.8750000000
-0.7446000000;-1.2852000000;-9.6390000000;6.5025000000;-2.9962500000;-1.2112500000;6.5625000000;-9.2500000000;45.5000000000
-0.5100000000;-1.6218000000;-10.1490000000;-8.7975000000;-0.5100000000;-0.7650000000;6.5625000000;-8.8750000000;44.2500000000
-0.5100000000;-1.6728000000;-9.7206000000;1.9125000000;4.0800000000;-3.1237500000;7.6875000000;-8.8750000000;45.5000000000
-0.5508000000;-1.4280000000;-9.8532000000;1.2112500000;-2.1675000000;0.3187500000;7.6875000000;-8.8750000000;45.5000000000
-0.5100000000;-1.5708000000;-9.8226000000;-2.0400000000;0.7012500000;-2.5500000000;6.5625000000;-9.5625000000;45.0625000000
-0.5814000000;-1.3770000000;-9.3228000000;8.3512500000;1.4025000000;-1.2112500000;7.6875000000;-10.0000000000;45.5000000000
-0.4488000000;-1.3872000000;-9.6594000000;-3.8887500000;-3.8887500000;-1.6575000000;7.2500000000;-9.5625000000;46.2500000000
-0.5712000000;-1.4382000000;-9.7716000000;-3.5700000000;0.1275000000;-0.8287500000;7.2500000000;-10.0000000000;45.5000000000
-0.6834000000;-1.3362000000;-9.8022000000;5.0362500000;-2.8050000000;-0.5100000000;7.2500000000;-10.0000000000;45.5000000000
-0.5304000000;-1.3056000000;-9.7920000000;-2.5500000000;-2.6775000000;-1.2750000000;7.2500000000;-9.5625000000;45.8750000000
-0.3570000000;-1.4994000000;-10.0674000000;-8.3512500000;0.0637500000;0.0000000000;8.0625000000;-10.0000000000;44.6875000000
-0.7344000000;-1.4076000000;-9.4656000000;5.2275000000;-1.7212500000;-0.0637500000;6.5625000000;-9.2500000000;45.0625000000
-0.4590000000;-1.3362000000;-10.2306000000;-3.7612500000;-1.9762500000;-0.1275000000;7.6875000000;-10.0000000000;45.0625000000
-0.6630000000;-1.4892000000;-9.6390000000;-3.4425000000;5.2912500000;0.4462500000;7.6875000000;-10.0000000000;45.0625000000
-0.7650000000;-1.2240000000;-9.3942000000;2.9325000000;-1.2750000000;-0.7012500000;7.2500000000;-9.5625000000;45.5000000000
-0.4998000000;-1.3974000000;-9.9960000000;-1.6575000000;-4.1437500000;-0.0637500000;7.0000000000;-9.2500000000;45.0625000000
-0.7140000000;-1.3158000000;-9.7002000000;-1.9125000000;1.7212500000;-0.1275000000;7.6875000000;-9.5625000000;44.2500000000
-0.7038000000;-1.4484000000;-9.6288000000;1.3387500000;-1.4025000000;-1.2750000000;6.1875000000;-10.0000000000;44.2500000000
-0.6324000000;-1.1424000000;-9.8838000000;0.8287500000;-2.6775000000;1.0200000000;6.1875000000;-10.0000000000;44.2500000000
-0.6630000000;-1.5504000000;-9.8634000000;-5.5462500000;1.4025000000;0.0637500000;8.0625000000;-9.5625000000;45.5000000000
-0.7242000000;-1.3668000000;-9.6798000000;2.9962500000;-1.2750000000;-0.5100000000;7.2500000000;-9.5625000000;45.8750000000
-0.6936000000;-1.5198000000;-9.8838000000;1.5300000000;-2.4225000000;0.1912500000;8.0625000000;-10.2500000000;44.5625000000
-0.7854000000;-1.4382000000;-9.8736000000;0.8287500000;1.0837500000;-0.8287500000;8.0625000000;-10.2500000000;45.0625000000
-0.6732000000;-1.3362000000;-9.8022000000;3.1875000000;-0.5100000000;-0.6375000000;8.0625000000;-10.2500000000;45.0625000000
-0.6528000000;-1.6014000000;-9.7818000000;-0.9562500000;-1.4025000000;0.7012500000;8.5000000000;-10.0000000000;45.8750000000
-0.6018000000;-1.4790000000;-9.9144000000;0.7650000000;-0.0637500000;0.3825000000;7.6875000000;-10.0000000000;45.0625000000
-0.7650000000;-1.4688000000;-9.5676000000;3.1875000000;-0.2550000000;0.0637500000;8.7500000000;-10.0000000000;44.6875000000
-0.6426000000;-1.3668000000;-9.7512000000;-1.4025000000;-0.3825000000;-0.8925000000;7.2500000000;-9.2500000000;45.5000000000
-0.6834000000;-1.4280000000;-9.6492000000;-3.4425000000;1.0837500000;0.0637500000;7.2500000000;-9.2500000000;45.5000000000
-0.6834000000;-1.4586000000;-9.7716000000;0.7012500000;-1.6575000000;-0.1275000000;8.0625000000;-9.2500000000;45.5000000000
-0.6630000000;-1.1016000000;-9.8940000000;-1.5937500000;-0.2550000000;-0.0637500000;7.2500000000;-9.5625000000;45.5000000000
-0.6630000000;-1.5504000000;-9.7410000000;-4.0162500000;1.4662500000;1.4025000000;7.6875000000;-9.5625000000;45.8750000000
-0.7446000000;-1.4586000000;-9.8328000000;1.4025000000;-2.6137500000;-0.0637500000;7.6875000000;-10.0000000000;45.0625000000
-0.7038000000;-1.3362000000;-9.8532000000;-0.6375000000;-1.1475000000;-0.5737500000;7.6875000000;-10.0000000000;45.0625000000
-0.7752000000;-1.3566000000;-9.7308000000;-3.1237500000;1.0200000000;0.4462500000;8.7500000000;-10.0000000000;45.0625000000
-0.7752000000;-1.4076000000;-9.6798000000;0.3825000000;-0.2550000000;-0.3825000000;7.6875000000;-10.0000000000;44.6875000000
-0.6222000000;-1.4382000000;-9.9348000000;0.8287500000;-0.5100000000;0.5737500000;7.6875000000;-11.0625000000;45.0625000000
-0.6630000000;-1.5504000000;-9.8532000000;-1.3387500000;1.4662500000;0.9562500000;7.2500000000;-9.5625000000;45.8750000000
-0.6018000000;-1.3872000000;-9.8022000000;-0.5737500000;0.3825000000;0.1275000000;7.2500000000;-9.5625000000;45.8750000000
-0.8262000000;-1.2648000000;-9.5880000000;-2.4862500000;0.5737500000;0.1275000000;7.2500000000;-10.0000000000;44.2500000000
-0.6528000000;-1.3056000000;-9.7308000000;0.7012500000;-0.8287500000;-0.7012500000;7.6875000000;-10.0000000000;46.2500000000
-0.7242000000;-1.1628000000;-9.6390000000;-2.8687500000;0.4462500000;0.2550000000;8.0625000000;-10.6875000000;45.5000000000
-0.6834000000;-1.4076000000;-9.6390000000;-1.2750000000;-1.0200000000;-0.0637500000;8.0625000000;-10.6875000000;44.2500000000
-0.6528000000;-1.2852000000;-9.7818000000;0.3187500000;-1.9762500000;-0.5100000000;8.0625000000;-10.6875000000;44.2500000000
-0.6630000000;-1.2138000000;-9.6390000000;-3.7612500000;-0.5100000000;-0.1275000000;8.0625000000;-9.5625000000;45.5000000000
-0.6936000000;-1.4076000000;-9.7512000000;-0.8925000000;-1.8487500000;-0.7012500000;7.6875000000;-10.0000000000;43.8750000000
-0.6732000000;-1.2342000000;-9.7512000000;-1.7850000000;-1.0837500000;0.0637500000;8.0625000000;-10.0000000000;45.0625000000
-0.7650000000;-1.2444000000;-9.4452000000;-4.1437500000;-1.2112500000;-1.1475000000;8.7500000000;-10.6875000000;44.2500000000
-0.6936000000;-1.2954000000;-8.8536000000;-5.2275000000;-3.1237500000;-2.2312500000;8.7500000000;-10.6875000000;44.2500000000
-0.9792000000;-1.7646000000;-8.4252000000;-1.9125000000;-8.7337500000;-8.6062500000;8.7500000000;-10.2500000000;44.6875000000
-1.1934000000;-1.9788000000;-7.2216000000;-4.9087500000;-9.8175000000;-21.4837500000;7.6875000000;-10.2500000000;45.8750000000
-1.0710000000;-0.6426000000;-5.9772000000;-3.5062500000;-20.2087500000;-32.2575000000;8.5000000000;-10.2500000000;44.6875000000
-1.2138000000;-0.1020000000;-6.5586000000;-13.7062500000;-38.1225000000;-27.3487500000;8.5000000000;-10.2500000000;44.6875000000
-1.2546000000;-0.0306000000;-6.2016000000;-10.7737500000;-46.2825000000;-23.2687500000;10.2500000000;-10.6875000000;44.6875000000
-1.9890000000;0.8976000000;-6.5790000000;-21.4837500000;-62.3475000000;-11.8575000000;11.7500000000;-10.2500000000;43.0625000000
-2.2338000000;-0.1734000000;-6.8646000000;-13.0050000000;-74.1412500000;4.2712500000;14.2500000000;-11.0625000000;43.8750000000
-4.0290000000;0.4692000000;-6.2730000000;-10.5825000000;-85.8712500000;8.6062500000;15.7500000000;-11.8750000000;42.6875000000
-4.7532000000;-0.2958000000;-7.4562000000;-33.9150000000;-105.0600000000;12.8775000000;15.7500000000;-11.8750000000;42.6875000000
-5.9262000000;-0.4896000000;-7.9050000000;-38.4412500000;-105.5062500000;8.9887500000;19.5000000000;-14.0000000000;40.3750000000
-6.2526000000;-0.1020000000;-7.5684000000;-43.0950000000;-105.1875000000;0.7650000000;23.5625000000;-14.0625000000;38.7500000000
-7.4970000000;0.3672000000;-8.1702000000;-44.2425000000;-108.5025000000;-7.1400000000;26.5000000000;-16.3750000000;37.3750000000
-7.7418000000;0.2346000000;-8.5476000000;-45.0712500000;-109.5862500000;-13.6425000000;29.7500000000;-18.1875000000;34.5625000000
-8.8434000000;1.2954000000;-8.4354000000;-33.8512500000;-104.8687500000;-10.2000000000;29.7500000000;-18.1875000000;34.5625000000
-8.5476000000;0.4794000000;-8.1702000000;-53.4225000000;-101.2350000000;-13.2600000000;32.6875000000;-18.5625000000;31.0000000000
-9.2106000000;1.9278000000;-7.7112000000;-25.5000000000;-100.3425000000;-18.4237500000;35.1875000000;-18.8750000000;27.0625000000
-9.5064000000;1.2036000000;-8.0988000000;-32.6400000000;-100.0237500000;-2.2312500000;37.7500000000;-19.6875000000;23.5625000000
-9.3636000000;1.0098000000;-7.1196000000;6.4387500000;-93.2025000000;-0.8925000000;39.5625000000;-19.2500000000;20.0625000000
-9.6594000000;1.5708000000;-7.0584000000;-9.3075000000;-88.1662500000;2.8050000000;39.5625000000;-19.2500000000;20.0625000000
-9.7410000000;0.4896000000;-7.1910000000;-40.3537500000;-70.8262500000;-1.2750000000;41.0625000000;-17.7500000000;16.5000000000
-9.9042000000;0.8364000000;-5.3142000000;13.2600000000;-60.6900000000;-0.5100000000;42.1875000000;-19.2500000000;13.7500000000
-9.9144000000;1.5300000000;-5.4672000000;-1.9125000000;-69.8062500000;4.9725000000;43.2500000000;-19.2500000000;12.1875000000
-9.8634000000;0.1938000000;-6.9462000000;-53.5500000000;-65.9175000000;-6.0562500000;43.1875000000;-17.6875000000;9.0625000000
-9.8736000000;0.6222000000;-4.9572000000;-15.5550000000;-22.8225000000;-13.4512500000;43.1875000000;-17.6875000000;9.0625000000
-9.7002000000;1.8666000000;-5.8446000000;-21.6112500000;-48.1312500000;-11.0925000000;44.0000000000;-18.1875000000;6.6875000000
-9.8838000000;1.2648000000;-5.9976000000;-47.3662500000;-26.0100000000;-3.7612500000;44.6875000000;-17.0000000000;5.0625000000
-10.4958000000;-0.1734000000;-4.1310000000;-39.1425000000;-4.1437500000;-1.7850000000;43.8750000000;-16.2500000000;3.0625000000
-9.8226000000;-0.2448000000;-2.8764000000;2.0400000000;-8.4150000000;-10.1362500000;44.5625000000;-18.0625000000;2.6875000000
-9.4656000000;0.5916000000;-2.1522000000;1.9125000000;-15.3637500000;-13.7700000000;44.5625000000;-18.0625000000;2.6875000000
-9.3738000000;0.5610000000;-2.7132000000;-2.2950000000;-29.3887500000;-13.8337500000;44.5625000000;-15.5000000000;0.6875000000
-9.5778000000;1.0710000000;-2.4888000000;10.1362500000;-24.6712500000;-11.2200000000;45.0000000000;-15.5000000000;0.6875000000
-9.5880000000;0.5916000000;-2.2746000000;-1.9125000000;-14.4075000000;-10.7737500000;44.5625000000;-14.0000000000;-0.5000000000
-9.4350000000;0.7242000000;-2.0400000000;1.8487500000;-12.4312500000;-11.4750000000;45.3750000000;-13.6875000000;-2.0625000000
-9.4962000000;1.2036000000;-2.3460000000;-0.8925000000;-9.1800000000;-8.0962500000;45.3750000000;-13.6875000000;-2.0625000000
-9.5064000000;0.6324000000;-2.7744000000;4.4625000000;-7.9050000000;-7.2675000000;45.0625000000;-13.6875000000;-1.2500000000
-9.7410000000;0.9588000000;-2.0400000000;22.6950000000;-1.2750000000;-1.2750000000;45.7500000000;-13.2500000000;-2.0625000000
-9.8532000000;0.5916000000;-2.1012000000;-9.4350000000;-1.3387500000;-0.0637500000;44.6875000000;-13.0000000000;-2.8750000000
-9.5574000000;0.1326000000;-2.2746000000;-0.8925000000;-2.8050000000;0.4462500000;45.0625000000;-13.0000000000;-2.0625000000
-9.6390000000;0.6630000000;-2.0196000000;4.9725000000;1.3387500000;-0.7012500000;45.0625000000;-13.0000000000;-2.0625000000
-9.6594000000;0.3366000000;-2.0094000000;-4.8450000000;0.8287500000;-2.4225000000;45.7500000000;-13.6875000000;-2.0625000000
-9.7002000000;0.7446000000;-1.7952000000;17.1487500000;0.4462500000;-0.7012500000;45.0625000000;-13.0000000000;-2.8750000000
-9.7614000000;0.5508000000;-1.8462000000;-1.5937500000;1.3387500000;3.1875000000;45.7500000000;-15.1875000000;-2.3750000000
-9.6186000000;0.1428000000;-1.7952000000;-0.7650000000;1.2750000000;4.3350000000;45.0625000000;-13.2500000000;-2.0625000000
-9.7512000000;0.4794000000;-1.8666000000;0.0000000000;0.7012500000;1.2112500000;45.0625000000;-13.2500000000;-2.0625000000
-9.5676000000;0.3264000000;-2.0298000000;5.1000000000;1.6575000000;2.2312500000;45.5000000000;-13.2500000000;-2.3750000000
-9.7206000000;0.1632000000;-1.7952000000;-0.5737500000;2.1037500000;2.5500000000;44.6875000000;-13.6875000000;-2.3750000000
-9.5574000000;0.1428000000;-2.1930000000;6.4387500000;-0.5100000000;0.8287500000;44.6875000000;-13.6875000000;-1.6875000000
-9.5982000000;0.4794000000;-1.7850000000;5.9287500000;2.2312500000;-2.4862500000;44.6875000000;-13.2500000000;-2.0625000000
-9.6390000000;0.2754000000;-1.8870000000;-0.7012500000;1.3387500000;-1.6575000000;44.6875000000;-13.2500000000;-2.0625000000
-9.5778000000;0.5610000000;-1.6218000000;7.8412500000;-0.1912500000;1.1475000000;45.0625000000;-14.3750000000;-1.2500000000
-9.5982000000;0.3570000000;-1.7952000000;-11.0287500000;-1.0837500000;0.8287500000;45.7500000000;-13.6875000000;-1.6875000000
-9.5676000000;0.2652000000;-1.9890000000;3.9525000000;-1.7212500000;0.4462500000;45.5000000000;-14.7500000000;-0.8750000000
-9.6594000000;0.5100000000;-1.8156000000;4.2712500000;-2.1675000000;0.1912500000;45.7500000000;-13.2500000000;-1.2500000000
-9.6288000000;0.1632000000;-2.2746000000;-4.2712500000;-1.5937500000;-1.5300000000;45.7500000000;-13.2500000000;-1.2500000000
-9.7716000000;0.6222000000;-2.0298000000;1.7212500000;1.5300000000;-1.9762500000;45.5000000000;-13.6875000000;-2.3750000000
-9.5370000000;0.8364000000;-2.3766000000;-15.8100000000;4.6537500000;0.4462500000;44.6875000000;-14.0000000000;-2.5000000000
-9.6288000000;0.6324000000;-2.3154000000;-18.1687500000;6.3750000000;2.3587500000;45.5000000000;-13.6875000000;-2.3750000000
-9.6594000000;0.6018000000;-1.8258000000;-0.3187500000;7.3950000000;3.7612500000;45.5000000000;-13.6875000000;-2.3750000000
-9.5982000000;0.3978000000;-1.8666000000;-3.1875000000;3.8887500000;4.9725000000;45.0625000000;-13.6875000000;-2.0625000000
-9.6798000000;-0.0102000000;-1.7442000000;-2.6775000000;2.8687500000;4.9725000000;45.0625000000;-13.6875000000;-1.2500000000
-9.7002000000;0.2346000000;-1.4892000000;7.8412500000;0.7650000000;1.3387500000;45.7500000000;-14.7500000000;-1.2500000000
-9.4962000000;0.2550000000;-1.8768000000;-3.3150000000;-3.5700000000;-0.6375000000;45.5000000000;-14.0000000000;-2.3750000000
-9.4248000000;0.5712000000;-2.1318000000;7.7137500000;-3.5700000000;-0.6375000000;45.5000000000;-14.0000000000;-2.3750000000
-9.6900000000;0.6018000000;-1.8972000000;-1.1475000000;-2.1675000000;1.0200000000;45.5000000000;-14.3750000000;-1.2500000000
-9.6084000000;0.2550000000;-2.3460000000;-4.6537500000;-3.4425000000;0.0000000000;45.0625000000;-14.3750000000;-1.6875000000
-9.5574000000;0.6834000000;-2.1726000000;8.7337500000;-1.4662500000;-0.8287500000;45.7500000000;-13.6875000000;-0.8750000000
-9.7512000000;0.3978000000;-1.9890000000;-4.8450000000;1.0837500000;-0.3187500000;44.6875000000;-14.0000000000;-2.0625000000
-9.6084000000;0.3978000000;-2.2032000000;11.3475000000;-0.1275000000;-3.1237500000;44.6875000000;-14.0000000000;-2.0625000000
-9.4962000000;0.9996000000;-1.9074000000;6.5662500000;0.3187500000;-1.9125000000;45.5000000000;-13.6875000000;-2.0625000000
-9.4860000000;0.5916000000;-1.8972000000;-6.9487500000;1.0200000000;2.5500000000;45.7500000000;-14.0000000000;-1.6875000000
-9.5676000000;0.1836000000;-1.9686000000;5.1000000000;-2.4225000000;3.5062500000;45.7500000000;-13.6875000000;-0.8750000000
-9.6492000000;0.3366000000;-1.7442000000;5.3550000000;-1.1475000000;2.1675000000;45.7500000000;-14.0000000000;-0.8750000000
-9.6900000000;0.0612000000;-1.9584000000;-7.9050000000;-1.2750000000;0.8925000000;45.7500000000;-14.0000000000;-0.8750000000
-9.4962000000;0.2142000000;-1.9686000000;7.9687500000;-2.4225000000;-2.2312500000;45.0625000000;-13.6875000000;-0.8750000000
-9.5472000000;0.7446000000;-2.1726000000;0.8287500000;-3.5062500000;-0.3187500000;44.6875000000;-14.7500000000;-1.6875000000
-9.7104000000;0.2652000000;-2.2746000000;-9.1800000000;1.3387500000;0.3825000000;45.5000000000;-13.6875000000;-1.2500000000
-9.8022000000;0.1938000000;-2.0808000000;-4.8450000000;2.9962500000;-3.8250000000;44.6875000000;-14.3750000000;-1.6875000000
-9.6288000000;0.6222000000;-1.7646000000;5.5462500000;2.2950000000;-3.1875000000;44.6875000000;-14.3750000000;-1.6875000000
-9.5472000000;0.4692000000;-1.8972000000;-7.7137500000;0.3187500000;-1.5937500000;44.6875000000;-14.0000000000;-2.3750000000
-9.6390000000;0.4590000000;-1.8666000000;1.2750000000;1.0837500000;-2.6137500000;45.7500000000;-14.3750000000;-0.8750000000
-9.6288000000;0.7956000000;-1.6932000000;-0.2550000000;-1.4662500000;-1.2112500000;45.0625000000;-13.6875000000;-1.6875000000
-9.5370000000;0.4998000000;-2.0400000000;-4.8450000000;-2.1675000000;-0.3187500000;45.7500000000;-13.6875000000;-1.2500000000
-9.7104000000;0.6936000000;-1.8054000000;0.7012500000;-0.8287500000;1.0837500000;45.7500000000;-13.6875000000;-1.2500000000
-9.7002000000;0.2754000000;-1.9788000000;-4.9087500000;-2.9962500000;0.7012500000;45.0625000000;-13.6875000000;-1.2500000000
-9.5778000000;0.3468000000;-2.0502000000;10.0087500000;-1.9125000000;-0.7650000000;45.0625000000;-15.5000000000;-1.6875000000
-9.7002000000;0.4896000000;-1.9482000000;-0.7012500000;-0.3187500000;-1.1475000000;45.7500000000;-13.2500000000;-2.8750000000
-9.6492000000;0.3468000000;-1.9686000000;-2.8687500000;0.6375000000;-1.9762500000;45.5000000000;-13.2500000000;-1.2500000000
-9.6288000000;0.5814000000;-1.8258000000;3.2512500000;1.0837500000;-1.0837500000;45.5000000000;-13.2500000000;-1.2500000000
-9.7614000000;0.3162000000;-1.8564000000;-7.2037500000;1.4662500000;-0.2550000000;45.0625000000;-14.3750000000;-1.2500000000
-9.5880000000;0.3876000000;-1.8564000000;5.8012500000;0.8925000000;-0.8925000000;45.5000000000;-13.2500000000;-1.6875000000
-9.6084000000;0.4386000000;-1.9686000000;-2.8687500000;-1.2112500000;-0.2550000000;45.0625000000;-14.0000000000;-1.2500000000
-9.6084000000;0.3774000000;-2.1726000000;-2.8687500000;0.4462500000;-0.1275000000;45.0625000000;-13.6875000000;-2.0625000000
-9.6594000000;0.5406000000;-2.0706000000;0.7012500000;3.5062500000;-0.5100000000;45.0625000000;-13.6875000000;-2.0625000000
-9.7002000000;0.3876000000;-1.9278000000;-3.7612500000;0.8287500000;0.6375000000;45.0625000000;-14.3750000000;-1.6875000000
-9.5574000000;0.4896000000;-1.9176000000;10.0087500000;0.5100000000;1.0200000000;45.5000000000;-13.0000000000;-0.8750000000
-9.6390000000;0.4386000000;-1.7748000000;-4.1437500000;2.0400000000;1.7850000000;45.7500000000;-13.6875000000;-1.2500000000
-9.5676000000;0.1632000000;-1.8258000000;1.5937500000;-0.3825000000;-0.0637500000;45.0625000000;-13.2500000000;-2.3750000000
-9.6186000000;0.5406000000;-1.9176000000;1.7850000000;0.5100000000;-0.8925000000;45.0625000000;-13.2500000000;-2.3750000000
-9.6696000000;0.1938000000;-2.0298000000;-5.1000000000;-0.0637500000;-0.1912500000;45.0625000000;-13.6875000000;-3.2500000000
-9.6288000000;0.4386000000;-1.9992000000;6.3112500000;-0.2550000000;-2.0400000000;45.0625000000;-13.2500000000;-1.6875000000
-9.6084000000;0.5610000000;-1.9686000000;-2.5500000000;1.7212500000;-1.2112500000;46.1875000000;-13.0000000000;-2.7500000000
-9.6084000000;0.2754000000;-1.9686000000;-3.3787500000;1.2112500000;-0.3187500000;45.7500000000;-13.6875000000;-1.5625000000
-9.5676000000;0.4998000000;-1.8972000000;3.7612500000;0.2550000000;-0.3825000000;45.7500000000;-13.6875000000;-1.5625000000
-9.5982000000;0.4692000000;-1.8972000000;-6.8212500000;-0.5737500000;1.2112500000;45.7500000000;-14.7500000000;-1.6875000000
-9.6390000000;0.2040000000;-2.1318000000;1.6575000000;0.3187500000;-0.1912500000;45.0625000000;-14.0000000000;-2.3750000000
-9.6492000000;0.5508000000;-1.7646000000;1.7212500000;1.0200000000;-0.5737500000;45.0625000000;-14.0000000000;-2.0625000000
-9.5778000000;0.3672000000;-2.0400000000;-5.7375000000;-1.1475000000;0.7012500000;45.7500000000;-13.2500000000;-2.0625000000
-9.5676000000;0.4590000000;-2.1012000000;2.1037500000;1.0837500000;0.8287500000;45.7500000000;-13.2500000000;-2.0625000000
-9.6594000000;0.4080000000;-1.9074000000;-2.2312500000;0.3187500000;0.6375000000;45.7500000000;-13.0000000000;-2.3750000000
-9.5574000000;0.3366000000;-2.1114000000;2.1675000000;-1.3387500000;0.5737500000;44.6875000000;-13.6875000000;-1.2500000000
-9.6900000000;0.3978000000;-1.9890000000;1.4662500000;0.3187500000;0.7012500000;45.0625000000;-13.6875000000;-2.3750000000
-9.6798000000;0.1938000000;-1.9482000000;-3.5700000000;0.9562500000;0.1912500000;45.0625000000;-13.6875000000;-2.3750000000
-9.5880000000;0.3978000000;-2.0196000000;3.2512500000;0.2550000000;-1.7850000000;45.5000000000;-13.2500000000;-2.3750000000
-9.5574000000;0.6222000000;-1.9686000000;1.0837500000;0.8287500000;0.3825000000;46.1875000000;-13.6875000000;-1.6875000000
-9.6288000000;0.2754000000;-1.9686000000;-4.7812500000;0.7650000000;1.7212500000;46.1875000000;-13.6875000000;-2.3750000000
-9.5982000000;0.3162000000;-1.9482000000;3.0600000000;-0.4462500000;0.0637500000;45.0625000000;-13.6875000000;-2.0625000000
-9.6084000000;0.3876000000;-1.9890000000;-2.6775000000;0.6375000000;-0.4462500000;45.0625000000;-13.6875000000;-2.0625000000
-9.6084000000;0.3978000000;-1.8054000000;0.1275000000;0.5100000000;-0.8925000000;44.6875000000;-14.3750000000;-1.2500000000
-9.5472000000;0.4896000000;-1.9176000000;3.7612500000;-2.4862500000;-0.4462500000;44.6875000000;-13.0000000000;-1.6875000000
-9.6288000000;0.4284000000;-1.9074000000;-1.7850000000;-1.2112500000;1.8487500000;45.5000000000;-13.2500000000;-1.2500000000
-9.6594000000;0.1632000000;-2.1012000000;-1.4662500000;-1.2112500000;0.5737500000;45.7500000000;-13.0000000000;-2.0625000000
-9.7206000000;0.4794000000;-1.8972000000;2.6775000000;-0.2550000000;-1.2112500000;45.7500000000;-13.0000000000;-2.0625000000
-9.5268000000;0.5406000000;-2.0502000000;-3.3150000000;-0.5100000000;-0.3187500000;45.0625000000;-13.6875000000;-2.0625000000
-9.6288000000;0.1632000000;-1.7136000000;-14.0250000000;2.2312500000;2.8050000000;44.6875000000;-13.2500000000;-2.3750000000
-9.6900000000;-0.3162000000;-1.4484000000;-2.9962500000;-2.3587500000;0.6375000000;44.6875000000;-15.5000000000;-2.8750000000
-9.6900000000;-0.0816000000;-2.0298000000;-5.4825000000;-4.6537500000;-3.5062500000;46.1875000000;-12.5625000000;-2.3750000000
-9.7818000000;0.2142000000;-1.9176000000;-5.8650000000;-0.5737500000;-8.5425000000;46.1875000000;-12.5625000000;-2.3750000000
-9.5574000000;0.9690000000;-1.9890000000;2.1037500000;-2.1675000000;-10.0087500000;45.5000000000;-13.6875000000;-2.3750000000
-9.4656000000;1.2138000000;-2.4582000000;-0.7650000000;-1.7212500000;-6.2475000000;45.7500000000;-12.5625000000;-2.0625000000
-9.6288000000;1.4280000000;-2.3358000000;10.2000000000;1.3387500000;-0.3825000000;45.0625000000;-13.0000000000;-2.8750000000
-9.6186000000;1.1424000000;-2.2542000000;7.7137500000;1.4662500000;4.8450000000;46.1875000000;-13.6875000000;-3.5625000000
-9.5472000000;1.2954000000;-2.9988000000;8.0325000000;1.5300000000;7.7137500000;46.1875000000;-13.6875000000;-3.5625000000
-9.4656000000;1.5402000000;-4.0392000000;32.6400000000;9.0525000000;12.8137500000;44.6875000000;-12.1875000000;-2.8750000000
-10.2408000000;1.0200000000;-4.1922000000;18.7425000000;22.4400000000;17.4037500000;45.5000000000;-12.5625000000;-1.6875000000
-10.5366000000;1.4790000000;-6.4974000000;29.7075000000;18.7425000000;19.3162500000;44.6875000000;-14.0000000000;-0.5000000000
-10.4142000000;1.9380000000;-7.4154000000;68.3400000000;39.1425000000;27.4125000000;45.0625000000;-15.8750000000;0.2500000000
-11.5566000000;2.0502000000;-8.0070000000;68.4037500000;57.6937500000;43.6050000000;45.0625000000;-15.8750000000;0.2500000000
-11.9646000000;-0.0102000000;-8.5578000000;30.4725000000;75.1612500000;39.2062500000;45.0625000000;-16.2500000000;3.0625000000
-11.9340000000;-0.7854000000;-8.4966000000;67.5112500000;94.8600000000;26.7750000000;44.6875000000;-17.8750000000;5.0000000000
-12.4236000000;0.4896000000;-8.5476000000;65.5350000000;116.2800000000;-0.8925000000;42.5000000000;-19.5625000000;10.0625000000
-12.4746000000;1.3158000000;-7.6602000000;95.4337500000;139.5487500000;-0.1275000000;42.1875000000;-18.8750000000;15.1875000000
-12.0156000000;0.2142000000;-7.9764000000;65.5350000000;146.8800000000;-3.1237500000;42.1875000000;-18.8750000000;15.1875000000
-11.1180000000;0.5508000000;-7.9662000000;99.5775000000;157.0800000000;-1.5937500000;40.0000000000;-18.8750000000;19.8750000000
-10.3326000000;0.4590000000;-7.3440000000;55.6537500000;169.5750000000;-14.7262500000;37.7500000000;-17.0625000000;25.6875000000
-9.4452000000;0.1122000000;-6.3138000000;75.5437500000;168.6187500000;-7.2675000000;33.7500000000;-17.0625000000;32.0000000000
-7.9254000000;-1.4280000000;-4.7430000000;35.7000000000;169.3200000000;-8.2237500000;29.2500000000;-14.0625000000;35.5000000000
-7.3746000000;0.6018000000;-3.3966000000;87.5925000000;139.2300000000;-5.4187500000;29.2500000000;-14.0625000000;35.5000000000
-3.6822000000;-1.9686000000;-2.1930000000;40.6087500000;92.0550000000;16.8937500000;23.3750000000;-12.5625000000;39.7500000000
-2.7642000000;-0.7140000000;-5.0592000000;0.1912500000;79.7512500000;-14.8537500000;18.5000000000;-9.2500000000;43.3750000000
-2.4684000000;-1.1730000000;-4.3758000000;5.6100000000;103.7212500000;-1.5937500000;14.7500000000;-9.5625000000;43.7500000000
-1.4688000000;-0.7140000000;-3.9780000000;25.1812500000;104.1675000000;8.2237500000;10.6875000000;-7.0000000000;44.8750000000
0.9282000000;-0.6222000000;-8.8434000000;4.2712500000;99.1950000000;18.2325000000;10.6875000000;-7.0000000000;44.8750000000
-0.9078000000;-2.1420000000;-7.4154000000;20.6550000000;117.9375000000;40.7362500000;7.0000000000;-7.3750000000;45.0000000000
-0.3672000000;-5.9466000000;-7.1502000000;12.6225000000;88.1025000000;42.5212500000;1.6875000000;-7.3750000000;45.8750000000
1.2444000000;-0.2040000000;-10.9038000000;30.4087500000;39.6525000000;-29.0062500000;-3.0000000000;-6.2500000000;46.0000000000
0.2244000000;-2.7030000000;-8.0580000000;19.8262500000;52.5300000000;4.1437500000;-4.0625000000;-5.5625000000;45.5625000000
0.7548000000;-1.7952000000;-9.2820000000;-44.1150000000;39.3975000000;-27.2212500000;-4.0625000000;-5.5625000000;45.5625000000
1.2954000000;-3.4068000000;-7.8948000000;36.3375000000;35.0625000000;7.7775000000;-6.7500000000;-4.8750000000;45.6875000000
2.4276000000;0.8466000000;-8.2518000000;-21.2287500000;-5.9287500000;-36.0187500000;-9.0000000000;-5.5625000000;44.7500000000
1.9380000000;-0.9180000000;-8.4864000000;-42.6487500000;-2.6137500000;-17.0850000000;-8.6875000000;-5.2500000000;45.6875000000
2.0196000000;-0.8160000000;-7.6908000000;-4.7812500000;-16.1925000000;-11.0925000000;-8.2500000000;-6.7500000000;46.5000000000
1.8564000000;-1.0608000000;-7.8642000000;-34.1700000000;-15.6187500000;-20.9100000000;-8.2500000000;-6.7500000000;46.5000000000
1.1424000000;-0.2550000000;-5.4366000000;-34.7437500000;-18.8700000000;-19.5075000000;-8.2500000000;-7.5000000000;44.8750000000
-0.3366000000;-0.7140000000;-3.8862000000;-10.6462500000;-62.9212500000;-6.6300000000;-7.1875000000;-8.5625000000;45.6875000000
-0.9384000000;0.5406000000;-3.1416000000;-10.7737500000;-89.3775000000;-14.7262500000;-4.5625000000;-10.3750000000;45.2500000000
-1.4586000000;0.2244000000;-4.6920000000;-59.3512500000;-107.4187500000;-3.7612500000;-4.5625000000;-10.3750000000;45.2500000000
-2.1114000000;1.0404000000;-3.4068000000;-59.5425000000;-103.3387500000;-13.3237500000;-1.2500000000;-10.3750000000;46.5000000000
-5.4468000000;2.2542000000;-5.6406000000;-88.6762500000;-145.1587500000;-17.5312500000;3.0625000000;-13.7500000000;45.6875000000
-4.9776000000;0.8670000000;-7.6194000000;-26.7112500000;-175.3125000000;11.2200000000;7.5625000000;-16.3750000000;43.3750000000
-8.0580000000;1.3770000000;-9.1392000000;-77.9662500000;-159.8850000000;-10.7737500000;13.0625000000;-17.5625000000;41.5000000000
-6.9360000000;2.1114000000;-7.3848000000;-96.3262500000;-150.2587500000;-29.7712500000;13.0625000000;-17.5625000000;41.5000000000
-9.3738000000;4.5288000000;-6.7422000000;-76.1812500000;-145.8600000000;-14.4075000000;19.7500000000;-21.2500000000;38.6875000000
-8.1906000000;3.3456000000;-6.7728000000;-123.5475000000;-148.0275000000;-23.3325000000;25.5000000000;-23.0625000000;34.5000000000
-11.9952000000;4.3758000000;-8.2212000000;-99.3225000000;-159.0562500000;-24.7350000000;28.8750000000;-25.0000000000;29.5000000000
-11.0262000000;4.3962000000;-8.7210000000;-91.2262500000;-166.9612500000;-17.5950000000;33.3750000000;-27.5000000000;22.6875000000
-12.5052000000;4.3146000000;-11.4342000000;-82.3650000000;-179.9662500000;-41.5650000000;33.3750000000;-27.5000000000;22.6875000000
-11.7504000000;2.6928000000;-9.8328000000;-88.6762500000;-137.3812500000;-42.2025000000;36.2500000000;-27.2500000000;15.6875000000
-12.1788000000;4.0902000000;-6.9972000000;-7.7775000000;-149.6850000000;-38.0587500000;39.5625000000;-27.2500000000;8.6875000000
-10.7406000000;3.6312000000;-8.7516000000;-9.1162500000;-96.6450000000;-49.2150000000;41.0625000000;-25.5000000000;4.0000000000
-10.7304000000;2.3868000000;-6.6300000000;-4.9087500000;-44.3062500000;-18.6787500000;42.1875000000;-22.7500000000;-0.6875000000
-10.6182000000;1.7136000000;-6.7218000000;-20.1450000000;-51.3825000000;-21.2287500000;42.1875000000;-22.7500000000;-0.6875000000
-10.4244000000;0.6630000000;-6.5994000000;39.3975000000;-38.1862500000;-8.5425000000;42.1875000000;-21.7500000000;-2.3750000000
-9.7920000000;1.2546000000;-5.3856000000;34.9350000000;-12.0487500000;-8.7337500000;43.1875000000;-19.7500000000;-5.0625000000
-9.6186000000;2.3664000000;-5.8752000000;31.1100000000;13.0687500000;-24.2887500000;42.7500000000;-20.2500000000;-5.5000000000
-9.7308000000;5.1000000000;-5.4468000000;58.0125000000;44.3062500000;5.4187500000;42.7500000000;-18.7500000000;-3.5625000000
-11.9544000000;5.0898000000;-5.8548000000;18.2962500000;32.0662500000;17.0212500000;42.7500000000;-18.7500000000;-3.5625000000
-11.8626000000;3.6618000000;-9.5064000000;21.8662500000;41.6925000000;61.2637500000;43.5625000000;-21.3750000000;-1.1875000000
-11.3424000000;1.0608000000;-9.8532000000;37.4212500000;84.0225000000;26.0100000000;42.7500000000;-20.5625000000;0.3750000000
-13.8822000000;3.3354000000;-8.0478000000;94.9237500000;120.5512500000;15.6825000000;41.5625000000;-22.0625000000;2.5625000000
-12.4848000000;1.0914000000;-6.8850000000;47.8125000000;133.0462500000;11.4750000000;41.1875000000;-23.2500000000;7.7500000000
-12.3522000000;2.1420000000;-5.5386000000;65.5350000000;147.5175000000;-0.6375000000;41.1875000000;-23.2500000000;7.7500000000
-11.0058000000;0.9282000000;-4.5186000000;58.7775000000;154.0200000000;-8.7975000000;39.3750000000;-25.8750000000;12.8750000000
-10.8324000000;1.4892000000;-5.2632000000;78.4762500000;138.6562500000;-17.2762500000;37.8750000000;-25.8750000000;18.7500000000
-10.1592000000;1.5300000000;-6.3750000000;111.6900000000;142.8000000000;-5.2275000000;35.0000000000;-24.0625000000;24.6875000000
-9.2208000000;0.6324000000;-6.7830000000;60.3712500000;136.6800000000;-7.2037500000;32.0000000000;-20.6875000000;31.0000000000
-7.0482000000;0.6528000000;-8.3742000000;52.2112500000;115.4512500000;-7.8412500000;32.0000000000;-20.6875000000;31.0000000000
-6.9972000000;1.6932000000;-6.6402000000;21.9937500000;149.4300000000;-3.7612500000;28.7500000000;-18.8750000000;34.0000000000
-5.6304000000;-0.0612000000;-7.5174000000;-23.4600000000;147.3262500000;13.9612500000;25.0000000000;-17.3750000000;37.5625000000
-4.6206000000;-0.6324000000;-6.4770000000;52.4662500000;148.6012500000;1.4662500000;19.7500000000;-17.2500000000;39.1875000000
-4.5594000000;1.4280000000;-7.9560000000;7.2675000000;151.1512500000;21.8025000000;14.6875000000;-17.2500000000;42.2500000000
-2.2440000000;-2.4888000000;-6.6504000000;-7.0125000000;144.5212500000;13.4512500000;14.6875000000;-17.2500000000;42.2500000000
-2.1114000000;-0.7548000000;-3.9066000000;159.3112500000;106.5262500000;38.0587500000;8.0000000000;-15.0625000000;43.5000000000
-0.2958000000;-0.2244000000;-3.4272000000;58.2037500000;87.6562500000;-3.8250000000;2.0000000000;-14.6875000000;44.7500000000
0.2958000000;-0.5814000000;-2.9274000000;3.3150000000;43.9875000000;-4.7812500000;-2.0625000000;-9.6875000000;45.6875000000
1.0608000000;-1.7442000000;-3.1722000000;2.1037500000;-10.5187500000;-20.9100000000;-4.5625000000;-8.1875000000;46.0625000000
2.2236000000;-0.1224000000;-6.4974000000;18.2962500000;-4.9087500000;-14.9175000000;-4.5625000000;-8.1875000000;46.0625000000
1.4280000000;-0.5610000000;-6.7932000000;-29.8350000000;-7.4587500000;-17.4675000000;-4.5625000000;-7.7500000000;44.8750000000
1.7850000000;-1.0608000000;-7.6500000000;-41.4375000000;-13.5150000000;-10.9012500000;-4.5625000000;-8.7500000000;47.2500000000
1.3362000000;-0.7446000000;-5.9568000000;-44.6250000000;-8.0325000000;-17.2762500000;-3.0625000000;-9.1875000000;46.5625000000
0.4284000000;-0.1734000000;-4.6104000000;-64.7700000000;-24.6712500000;-26.9662500000;-2.7500000000;-10.5625000000;46.1875000000
0.1530000000;0.3468000000;-2.9478000000;-43.9875000000;-54.3787500000;-15.0450000000;-2.7500000000;-10.5625000000;46.1875000000
-1.5606000000;1.4178000000;-3.6312000000;-62.0287500000;-84.5962500000;-5.8650000000;-1.6875000000;-13.2500000000;45.7500000000
-2.7846000000;0.9078000000;-3.6108000000;-91.9912500000;-99.2587500000;-24.2250000000;0.1875000000;-15.5000000000;43.7500000000
-4.7022000000;1.1016000000;-4.1514000000;-72.1012500000;-121.6350000000;-27.5400000000;4.5625000000;-17.7500000000;43.3750000000
-5.4468000000;2.3358000000;-4.1820000000;-65.2800000000;-144.3300000000;-31.4925000000;9.0625000000;-20.6875000000;42.1875000000
-8.4864000000;3.9066000000;-5.9262000000;-75.6075000000;-175.6950000000;-12.1125000000;9.0625000000;-20.6875000000;42.1875000000
-9.3636000000;4.2024000000;-8.7210000000;-111.8812500000;-202.6612500000;-32.3850000000;14.5625000000;-22.1875000000;38.6875000000
-10.7406000000;2.5806000000;-10.2204000000;-104.8050000000;-176.9062500000;-52.3387500000;20.5000000000;-25.5625000000;34.6875000000
-11.5158000000;5.1204000000;-8.9556000000;-41.5650000000;-200.6850000000;-49.3425000000;26.3750000000;-28.5000000000;29.5625000000
-12.6786000000;3.6210000000;-12.0972000000;-52.7850000000;-202.2150000000;-26.0737500000;26.3750000000;-28.5000000000;29.5625000000
-11.9034000000;2.8152000000;-8.5578000000;-76.0537500000;-139.6762500000;-43.4137500000;32.2500000000;-28.8750000000;23.6875000000
-12.4746000000;5.1714000000;-8.6802000000;-123.5475000000;-158.3550000000;-109.7137500000;35.0625000000;-28.8750000000;17.0625000000
-11.1690000000;2.1318000000;-7.9866000000;23.5237500000;-130.5600000000;-32.3212500000;38.5000000000;-27.0000000000;8.7500000000
-10.9446000000;3.2640000000;-4.9776000000;6.5025000000;-134.8950000000;-45.2625000000;41.3750000000;-24.3750000000;3.6875000000
-11.8626000000;3.7230000000;-6.4158000000;14.0887500000;-130.1775000000;-22.1212500000;41.3750000000;-24.3750000000;3.6875000000
-10.9650000000;2.2746000000;-4.8246000000;15.7462500000;-73.6312500000;-7.5225000000;42.5000000000;-20.3750000000;-0.1875000000
-10.9344000000;1.6932000000;-4.2636000000;-21.1012500000;-50.8725000000;-13.4512500000;42.8750000000;-18.8750000000;-3.6875000000
-10.8120000000;1.6320000000;-5.9568000000;-10.7100000000;-42.7125000000;-5.9287500000;42.5000000000;-20.0000000000;-6.8750000000
-10.5978000000;1.0404000000;-4.4472000000;7.3312500000;-3.3787500000;-0.2550000000;42.1875000000;-18.5000000000;-8.8750000000
-10.4958000000;1.5096000000;-2.6622000000;-0.8287500000;8.0962500000;-14.9175000000;42.1875000000;-18.5000000000;-8.8750000000
-9.8634000000;2.2032000000;-2.3664000000;33.7237500000;4.9725000000;-8.4787500000;42.5625000000;-17.6875000000;-8.0625000000
-9.8022000000;2.4378000000;-3.9678000000;29.7075000000;6.5662500000;-6.9487500000;42.5625000000;-18.8750000000;-8.0625000000
-10.5468000000;3.0294000000;-5.1000000000;39.5887500000;28.3687500000;-1.7850000000;43.3750000000;-18.8750000000;-7.6875000000
-12.1278000000;4.2738000000;-6.8238000000;25.1175000000;35.9550000000;11.1562500000;43.3750000000;-17.3750000000;-5.6875000000
-12.3828000000;1.6524000000;-9.8838000000;57.5025000000;43.6687500000;16.7662500000;43.3750000000;-17.3750000000;-5.6875000000
-13.2294000000;1.2954000000;-10.2918000000;101.0437500000;100.3425000000;23.2050000000;43.0000000000;-19.5625000000;-4.1875000000
-13.6884000000;1.0710000000;-9.0474000000;82.6837500000;148.5375000000;-7.3950000000;43.6875000000;-20.0625000000;-1.0000000000
-14.3616000000;2.7030000000;-6.8238000000;112.8375000000;179.7750000000;-2.6775000000;42.8750000000;-21.5625000000;4.5000000000
-14.4330000000;1.4484000000;-5.9466000000;43.6050000000;171.1687500000;-3.3150000000;41.7500000000;-20.7500000000;12.3750000000
-13.2294000000;0.7344000000;-6.1302000000;21.2925000000;172.7625000000;-5.6737500000;41.7500000000;-20.7500000000;12.3750000000
-12.3114000000;0.2856000000;-6.5994000000;13.1962500000;170.2762500000;-8.8612500000;39.1875000000;-19.6875000000;19.7500000000
-11.5362000000;-0.0918000000;-5.0694000000;54.5700000000;189.8475000000;-8.3512500000;36.2500000000;-21.6875000000;24.7500000000
-9.7512000000;0.0000000000;-5.2530000000;50.8087500000;180.4762500000;-21.4200000000;32.1875000000;-20.1875000000;30.0000000000
-8.3436000000;1.3056000000;-5.0184000000;90.1425000000;169.3200000000;-14.1525000000;27.7500000000;-19.0625000000;35.5000000000
-6.6504000000;0.2448000000;-4.9062000000;30.9825000000;157.0162500000;-7.7137500000;27.7500000000;-19.0625000000;35.5000000000
-4.7838000000;0.5916000000;-4.4982000000;69.4875000000;138.2737500000;5.9287500000;22.5625000000;-15.7500000000;41.3750000000
-3.5190000000;-0.7854000000;-3.7842000000;-2.6775000000;127.1812500000;3.8887500000;17.7500000000;-14.2500000000;41.2500000000
-1.2342000000;-0.6630000000;-5.1408000000;19.6350000000;106.8450000000;-3.1875000000;11.8750000000;-12.3750000000;43.3750000000
-0.8160000000;-0.7446000000;-3.5598000000;55.9725000000;123.7387500000;3.6975000000;7.3750000000;-10.1875000000;44.5000000000
0.2856000000;-0.2040000000;-4.1310000000;45.0712500000;71.0175000000;4.9725000000;7.3750000000;-10.1875000000;44.5000000000
1.4994000000;-0.7344000000;-5.6916000000;-28.6237500000;44.1150000000;-14.0887500000;2.8750000000;-8.7500000000;45.7500000000
1.6932000000;-0.2652000000;-5.1918000000;-1.2750000000;27.4762500000;-14.6625000000;0.6875000000;-7.5625000000;46.2500000000
1.7952000000;-0.2550000000;-8.1396000000;-29.4525000000;2.5500000000;-3.6337500000;-1.0625000000;-8.0000000000;46.1875000000
2.0706000000;-2.0298000000;-8.3130000000;-10.2000000000;5.3550000000;-2.7412500000;-1.5000000000;-8.7500000000;46.1875000000
1.4790000000;0.1224000000;-6.3852000000;-9.3075000000;6.4387500000;-14.9175000000;-1.5000000000;-8.7500000000;46.1875000000
1.8054000000;-0.1530000000;-5.3652000000;-28.1137500000;-17.7862500000;-8.3512500000;-2.2500000000;-9.8750000000;46.2500000000
0.8670000000;0.6528000000;-4.4880000000;-15.9375000000;-30.7912500000;0.5737500000;-2.2500000000;-10.5625000000;45.3750000000
0.7242000000;0.2856000000;-4.4880000000;-47.8762500000;-55.3987500000;1.4662500000;-0.7500000000;-9.5000000000;45.7500000000
-0.4284000000;0.4692000000;-4.7022000000;-37.8675000000;-74.8425000000;0.0000000000;0.0000000000;-12.3750000000;45.0625000000
-2.3868000000;1.2954000000;-4.9368000000;-45.0075000000;-101.1075000000;-5.9925000000;0.0000000000;-12.3750000000;45.0625000000
-2.6826000000;1.3260000000;-7.7928000000;-17.8500000000;-126.0337500000;19.9537500000;2.8750000000;-13.8750000000;45.8750000000
-4.5084000000;0.1326000000;-6.4056000000;-47.8125000000;-98.3662500000;16.7662500000;8.5000000000;-16.0000000000;42.6875000000
-6.7932000000;0.8568000000;-5.6202000000;-56.1637500000;-122.9100000000;-20.2725000000;12.1875000000;-16.8750000000;43.0625000000
-7.2216000000;1.5402000000;-5.8752000000;23.3962500000;-169.8937500000;13.7062500000;15.8750000000;-19.3750000000;40.6875000000
-8.7210000000;1.0914000000;-7.1298000000;-85.5525000000;-158.0362500000;-2.8687500000;15.8750000000;-19.3750000000;40.6875000000
-8.3742000000;0.5610000000;-8.3028000000;-66.7462500000;-155.2950000000;-11.2837500000;22.5000000000;-20.5000000000;39.0625000000
-11.2302000000;2.9070000000;-7.7724000000;-44.0512500000;-147.3900000000;4.1437500000;25.6875000000;-21.8750000000;33.6875000000
-11.2914000000;1.2852000000;-8.2824000000;-111.6262500000;-142.9912500000;-20.0812500000;30.1875000000;-24.1875000000;29.7500000000
-11.5668000000;3.1008000000;-6.6096000000;-3.5062500000;-150.0037500000;-9.6262500000;34.2500000000;-25.6875000000;23.5000000000
-13.5660000000;2.0706000000;-9.1392000000;-108.5025000000;-172.8900000000;-31.1737500000;34.2500000000;-25.6875000000;23.5000000000
-10.5468000000;0.7344000000;-8.0580000000;-1.9125000000;-150.6412500000;-29.6437500000;37.1875000000;-25.2500000000;19.1875000000
-12.8826000000;3.7230000000;-7.7622000000;35.9550000000;-129.5400000000;-14.9175000000;39.8750000000;-23.0000000000;11.7500000000
-11.0466000000;2.1828000000;-8.0376000000;-66.8100000000;-142.9275000000;-2.2950000000;41.6875000000;-20.7500000000;8.5625000000
-11.6484000000;2.9580000000;-8.3742000000;-96.3900000000;-127.1812500000;-28.3050000000;41.6875000000;-20.7500000000;8.5625000000
-11.5362000000;2.1318000000;-8.2416000000;-33.9787500000;-102.0000000000;-16.5750000000;42.3750000000;-21.1875000000;2.6875000000
-10.5672000000;1.1322000000;-6.2322000000;-20.0175000000;-36.1462500000;-1.7850000000;42.0000000000;-21.5625000000;-2.8750000000
-10.0776000000;0.4896000000;-2.6928000000;-11.0925000000;14.9175000000;-8.5425000000;42.0000000000;-19.0000000000;-6.3750000000
-10.1592000000;1.0404000000;-0.6528000000;39.5250000000;20.9737500000;-15.9375000000;42.0000000000;-18.5625000000;-6.7500000000
-9.7818000000;1.7340000000;-0.9588000000;51.5737500000;0.0000000000;-6.5025000000;42.0000000000;-18.5625000000;-6.7500000000
-9.5982000000;1.4688000000;-1.5198000000;-0.3187500000;-6.5662500000;-3.8887500000;42.7500000000;-19.0000000000;-4.0625000000
-10.0776000000;0.6630000000;-1.0608000000;-12.7500000000;1.4662500000;1.8487500000;42.6875000000;-18.5625000000;-4.8750000000
-9.8532000000;0.6936000000;-0.8568000000;-8.7337500000;4.9725000000;-4.4625000000;41.5625000000;-18.1875000000;-4.8750000000
-9.5064000000;0.8262000000;-0.8160000000;-2.9962500000;2.7412500000;-6.1837500000;42.2500000000;-17.8750000000;-4.8750000000
-9.4350000000;1.0812000000;-0.7854000000;3.2512500000;0.7012500000;-10.3275000000;42.2500000000;-17.8750000000;-4.8750000000
-9.6390000000;1.3056000000;-0.8874000000;9.6900000000;-1.5300000000;-7.2675000000;43.3750000000;-17.8750000000;-5.3750000000
-9.6492000000;0.9486000000;-0.9384000000;-13.3237500000;0.3187500000;-8.3512500000;43.0625000000;-17.5000000000;-5.3750000000
-9.4860000000;1.6932000000;-1.1424000000;4.7812500000;-4.2075000000;-5.5462500000;43.3750000000;-16.7500000000;-5.2500000000
-9.7410000000;1.4994000000;-1.3668000000;-1.4025000000;-2.1675000000;0.1275000000;43.3750000000;-16.7500000000;-4.5625000000
-9.7206000000;0.7752000000;-1.2648000000;-10.6462500000;3.5700000000;3.8887500000;43.3750000000;-16.7500000000;-4.5625000000
-9.7410000000;0.7752000000;-0.9282000000;-7.6500000000;5.6100000000;-2.7412500000;43.0625000000;-18.1875000000;-4.5625000000
-9.6798000000;0.7650000000;-0.7650000000;11.0925000000;3.6337500000;-0.8925000000;43.0625000000;-16.7500000000;-4.1875000000
-9.7614000000;0.8364000000;-0.6528000000;3.1237500000;2.9325000000;-2.1037500000;43.7500000000;-17.5000000000;-5.2500000000
-9.5268000000;0.6222000000;-0.7140000000;-11.3475000000;-0.3187500000;-4.8450000000;43.3750000000;-16.0000000000;-5.2500000000
-9.7206000000;0.8874000000;-1.0302000000;6.6300000000;-6.3750000000;-1.4662500000;43.3750000000;-16.0000000000;-5.2500000000
-9.7104000000;0.8466000000;-1.1730000000;-1.6575000000;-3.8250000000;-1.5937500000;43.3750000000;-16.0000000000;-4.5625000000
-9.5574000000;0.6630000000;-1.4688000000;-3.5062500000;-1.2112500000;-5.4825000000;43.0625000000;-16.7500000000;-5.2500000000
-9.8940000000;0.8364000000;-1.1526000000;35.0625000000;-0.7650000000;-0.0637500000;43.3750000000;-17.5000000000;-5.6875000000
-9.6594000000;1.0302000000;-1.1730000000;16.6387500000;0.9562500000;-4.0162500000;43.7500000000;-16.3750000000;-5.6875000000
-9.7410000000;1.2648000000;-1.0710000000;1.9125000000;6.8850000000;-4.0162500000;43.7500000000;-16.3750000000;-5.6875000000
-9.5676000000;0.8976000000;-0.7650000000;-2.8687500000;0.2550000000;0.2550000000;43.0625000000;-17.5000000000;-4.5625000000
-9.7002000000;0.7650000000;-1.1322000000;-3.3787500000;-2.1675000000;1.5300000000;43.7500000000;-16.3750000000;-4.8750000000
-9.6798000000;0.7344000000;-0.9996000000;-5.6100000000;2.0400000000;-1.1475000000;44.5625000000;-17.8750000000;-4.5625000000
-9.7104000000;0.6528000000;-0.9384000000;15.7462500000;2.4862500000;1.7850000000;43.7500000000;-16.3750000000;-3.6875000000
-9.7410000000;0.8466000000;-1.0098000000;9.3075000000;2.5500000000;0.3187500000;43.7500000000;-16.3750000000;-3.6875000000
-9.7206000000;0.6426000000;-1.1934000000;-4.2075000000;3.7612500000;-1.0837500000;43.3750000000;-17.1875000000;-4.1875000000
-9.8532000000;0.6528000000;-1.0608000000;11.0287500000;3.6337500000;-0.8287500000;43.7500000000;-16.3750000000;-2.5625000000
-9.6492000000;0.9282000000;-1.3464000000;1.9762500000;-0.4462500000;-1.2750000000;43.3750000000;-17.1875000000;-3.6875000000
-9.5982000000;0.8466000000;-1.3668000000;-3.3150000000;1.2112500000;-0.4462500000;44.1875000000;-16.0000000000;-3.6875000000
-9.8328000000;0.8058000000;-1.2240000000;-2.0400000000;0.2550000000;2.6137500000;44.1875000000;-16.0000000000;-3.6875000000
-9.6492000000;0.4794000000;-1.3362000000;-8.8612500000;1.3387500000;-1.3387500000;43.3750000000;-16.0000000000;-3.3750000000
-9.6084000000;0.7140000000;-1.1424000000;4.7812500000;1.1475000000;-1.0200000000;43.3750000000;-16.7500000000;-3.3750000000
-9.5778000000;0.7038000000;-1.1424000000;-0.5737500000;1.1475000000;1.5937500000;43.0625000000;-16.7500000000;-2.5625000000
-9.7716000000;0.6426000000;-0.8364000000;-3.7612500000;0.1912500000;1.3387500000;43.3750000000;-16.7500000000;-4.1875000000
-9.7512000000;0.7242000000;-0.8364000000;3.4425000000;-2.9325000000;0.3187500000;43.3750000000;-16.7500000000;-4.1875000000
-9.6288000000;0.9792000000;-1.0506000000;3.3787500000;-3.6975000000;0.0637500000;43.0625000000;-16.3750000000;-4.1875000000
-9.6900000000;0.7038000000;-1.3566000000;-2.1675000000;-2.6137500000;-0.7012500000;42.6875000000;-18.1875000000;-3.6875000000
-9.6084000000;0.7140000000;-1.2240000000;2.8687500000;-0.6375000000;-2.1037500000;43.7500000000;-16.0000000000;-3.6875000000
-9.7002000000;0.9588000000;-1.2342000000;0.7012500000;-0.3187500000;1.5300000000;43.7500000000;-16.3750000000;-3.6875000000
-9.7104000000;0.7650000000;-1.1628000000;1.4662500000;0.7650000000;2.3587500000;43.7500000000;-16.3750000000;-3.6875000000
-9.6900000000;0.6630000000;-1.1322000000;-3.5700000000;-0.7650000000;0.7650000000;43.3750000000;-16.0000000000;-4.8750000000
-9.6390000000;0.8772000000;-1.2342000000;10.1362500000;-0.4462500000;1.8487500000;43.3750000000;-16.7500000000;-5.2500000000
-9.7206000000;0.7344000000;-1.1424000000;1.0837500000;0.8925000000;1.8487500000;43.0625000000;-16.3750000000;-3.6875000000
-9.8226000000;0.6630000000;-0.9078000000;-2.3587500000;2.2312500000;-1.2112500000;43.3750000000;-17.1875000000;-4.8750000000
-9.7104000000;0.8772000000;-0.9588000000;0.5737500000;0.0000000000;2.3587500000;43.3750000000;-17.1875000000;-4.8750000000
-9.7716000000;0.4998000000;-1.0302000000;-0.8925000000;-0.7012500000;0.0000000000;43.3750000000;-16.7500000000;-4.8750000000
-9.7410000000;0.7140000000;-1.0812000000;3.8250000000;-2.1037500000;-1.7212500000;43.3750000000;-16.7500000000;-4.5625000000
-9.7206000000;0.7548000000;-1.3260000000;0.1912500000;-0.1275000000;-0.5737500000;43.3750000000;-18.1875000000;-3.6875000000
-9.7920000000;0.6222000000;-1.1832000000;-0.8925000000;2.9325000000;-3.1875000000;43.3750000000;-18.1875000000;-3.6875000000
-9.6696000000;0.8466000000;-1.0812000000;2.9325000000;-0.1912500000;-3.1237500000;43.3750000000;-16.7500000000;-4.5625000000
-9.5472000000;0.7242000000;-1.2750000000;-4.8450000000;0.0000000000;-2.3587500000;44.1875000000;-16.3750000000;-3.6875000000
-9.6696000000;0.8364000000;-0.9996000000;-2.4862500000;0.3825000000;-1.4025000000;43.3750000000;-16.3750000000;-4.1875000000
-9.8022000000;0.6426000000;-0.9588000000;-4.1437500000;-0.6375000000;0.5737500000;43.7500000000;-16.0000000000;-3.6875000000
-9.7104000000;0.5712000000;-1.0506000000;-2.1675000000;-0.7012500000;-1.2750000000;43.7500000000;-16.0000000000;-3.6875000000
-9.6900000000;0.8772000000;-1.0608000000;3.9525000000;-0.5737500000;-1.2750000000;43.0625000000;-18.1875000000;-3.6875000000
-9.6390000000;0.6528000000;-0.9894000000;-5.4187500000;-2.1675000000;-1.3387500000;43.3750000000;-17.1875000000;-4.5625000000
-9.6900000000;0.8670000000;-1.2240000000;0.0000000000;-3.8250000000;-1.1475000000;43.7500000000;-17.5000000000;-4.1875000000
-9.8022000000;1.0404000000;-1.0914000000;1.4662500000;0.2550000000;0.6375000000;43.7500000000;-17.1875000000;-4.5625000000
-9.8022000000;0.6120000000;-1.0506000000;-5.2275000000;0.3187500000;1.6575000000;43.7500000000;-17.1875000000;-4.5625000000
-9.7206000000;0.9792000000;-0.9996000000;5.3550000000;0.7012500000;-0.4462500000;43.7500000000;-16.3750000000;-4.5625000000
-9.7512000000;0.5406000000;-1.1832000000;-3.5700000000;0.9562500000;2.5500000000;43.3750000000;-16.7500000000;-5.2500000000
-9.6900000000;0.3264000000;-0.9180000000;-1.7212500000;2.9325000000;-1.9762500000;43.7500000000;-16.0000000000;-4.1875000000
-9.6696000000;1.1628000000;-0.7752000000;8.2875000000;-0.7650000000;-2.3587500000;43.3750000000;-17.8750000000;-4.5625000000
-9.7104000000;0.5406000000;-0.9996000000;-4.2075000000;-2.0400000000;2.4225000000;43.3750000000;-17.8750000000;-4.5625000000
-9.7614000000;0.7344000000;-0.9894000000;0.4462500000;-1.4025000000;-0.1275000000;44.1875000000;-16.0000000000;-4.5625000000
-9.7614000000;0.7548000000;-1.0812000000;1.1475000000;-1.7212500000;0.4462500000;43.7500000000;-16.3750000000;-6.0625000000
-9.7614000000;0.4488000000;-1.2342000000;-1.9762500000;-1.3387500000;0.4462500000;43.7500000000;-17.5000000000;-4.5625000000
-9.8328000000;0.9180000000;-1.0200000000;4.9087500000;-0.7012500000;-1.6575000000;44.1875000000;-16.0000000000;-4.8750000000
-9.7410000000;0.6528000000;-1.2240000000;0.0637500000;0.6375000000;-0.1912500000;44.1875000000;-16.0000000000;-4.8750000000
-9.8022000000;0.7548000000;-0.9384000000;0.0000000000;3.2512500000;-0.9562500000;44.1875000000;-16.7500000000;-4.1875000000
-9.7206000000;0.6630000000;-0.9894000000;1.0837500000;0.3187500000;-0.5737500000;43.3750000000;-15.6875000000;-4.5625000000
-9.7104000000;0.8160000000;-1.0812000000;-0.1275000000;0.7012500000;-1.4025000000;43.3750000000;-15.6875000000;-4.8750000000
-9.7206000000;0.5610000000;-1.0404000000;-2.1037500000;1.0200000000;0.3825000000;43.3750000000;-15.6875000000;-4.8750000000
-9.6594000000;0.6426000000;-0.9384000000;0.1275000000;0.6375000000;-2.0400000000;43.3750000000;-15.6875000000;-4.8750000000
-9.7614000000;0.9996000000;-0.9894000000;0.3187500000;1.0200000000;0.0000000000;44.1875000000;-16.0000000000;-4.5625000000
-9.7410000000;0.4386000000;-0.9792000000;-4.0162500000;0.1912500000;0.9562500000;43.7500000000;-17.5000000000;-3.6875000000
-9.6288000000;0.6732000000;-1.1424000000;1.3387500000;-1.2750000000;-0.4462500000;43.7500000000;-15.6875000000;-4.8750000000
-9.6288000000;0.7140000000;-1.1934000000;1.0837500000;0.8287500000;0.0000000000;43.3750000000;-15.6875000000;-4.1875000000
-9.7308000000;0.7140000000;-0.8364000000;-2.0400000000;-0.5100000000;0.8287500000;43.3750000000;-15.6875000000;-4.1875000000
-9.7104000000;0.6528000000;-1.1934000000;0.2550000000;-1.0200000000;1.0200000000;43.3750000000;-15.2500000000;-4.1875000000
-9.7614000000;0.6426000000;-1.1118000000;-0.7012500000;0.2550000000;-0.7012500000;43.7500000000;-16.0000000000;-3.6875000000
-9.7002000000;0.6426000000;-1.0608000000;1.4025000000;0.5100000000;-0.9562500000;43.7500000000;-16.0000000000;-3.6875000000
-9.7818000000;0.8772000000;-0.9384000000;1.2750000000;0.7650000000;0.6375000000;43.3750000000;-15.6875000000;-4.5625000000
-9.7002000000;0.4488000000;-0.9996000000;-4.5900000000;0.3187500000;0.3825000000;43.3750000000;-15.6875000000;-4.5625000000
-9.7104000000;0.7548000000;-1.0404000000;3.1875000000;-1.0837500000;-0.2550000000;43.3750000000;-16.0000000000;-4.5625000000
-9.6288000000;0.7242000000;-1.2138000000;-3.1875000000;0.4462500000;-0.1275000000;43.7500000000;-17.1875000000;-4.5625000000
-9.6900000000;0.6936000000;-1.1322000000;-0.3825000000;0.1912500000;-0.0637500000;44.1875000000;-17.8750000000;-4.5625000000
-9.7308000000;0.6222000000;-1.1424000000;-0.9562500000;0.7650000000;-0.1275000000;43.7500000000;-15.2500000000;-4.8750000000
-9.6390000000;0.7344000000;-1.1118000000;-1.2112500000;0.2550000000;-0.2550000000;43.7500000000;-15.2500000000;-4.8750000000
-9.7920000000;0.8466000000;-1.1628000000;2.1037500000;0.1912500000;1.3387500000;43.7500000000;-16.0000000000;-6.0625000000
-9.8838000000;0.6834000000;-1.0098000000;-2.8687500000;1.2112500000;0.5100000000;42.6875000000;-15.6875000000;-5.3750000000
-9.8736000000;0.6426000000;-0.9996000000;-0.9562500000;0.1912500000;0.1275000000;43.3750000000;-15.6875000000;-4.5625000000
-9.8328000000;0.8262000000;-0.9996000000;4.0800000000;1.0200000000;-0.3187500000;43.3750000000;-15.6875000000;-5.6875000000
-9.8328000000;0.6222000000;-1.1220000000;-5.0362500000;0.4462500000;0.1275000000;43.3750000000;-15.6875000000;-5.6875000000
-9.8940000000;0.6936000000;-0.9588000000;1.6575000000;0.8287500000;-1.0837500000;43.3750000000;-15.2500000000;-5.2500000000
-9.8838000000;0.7446000000;-1.1220000000;0.4462500000;-0.5737500000;-0.7012500000;43.3750000000;-15.6875000000;-4.1875000000
-9.7920000000;0.7446000000;-1.0914000000;-1.1475000000;1.0837500000;-2.2950000000;43.7500000000;-16.7500000000;-4.5625000000
-9.7920000000;0.8772000000;-1.0608000000;1.5300000000;1.2750000000;-1.3387500000;43.7500000000;-16.7500000000;-4.5625000000
-9.8328000000;0.7854000000;-0.9384000000;-2.5500000000;1.1475000000;-1.2112500000;43.3750000000;-16.0000000000;-4.8750000000
-9.8736000000;0.7140000000;-1.0098000000;-3.0600000000;0.3187500000;0.5100000000;43.3750000000;-16.0000000000;-3.6875000000
-9.7104000000;0.6834000000;-0.9894000000;1.4662500000;-0.8925000000;-1.2112500000;43.0625000000;-15.2500000000;-3.3750000000
-9.7104000000;0.9690000000;-1.2648000000;0.3187500000;-1.9125000000;-0.1275000000;44.5625000000;-15.2500000000;-4.5625000000
-9.7716000000;0.6120000000;-1.1220000000;-4.9725000000;1.3387500000;0.5100000000;44.5625000000;-15.2500000000;-4.5625000000
-9.8328000000;0.6426000000;-0.8670000000;-0.5737500000;-1.2750000000;0.3825000000;43.3750000000;-15.2500000000;-4.1875000000
-9.6900000000;0.4794000000;-1.2750000000;-1.9125000000;-1.2750000000;0.0000000000;43.7500000000;-17.5000000000;-4.8750000000
-9.8838000000;0.8874000000;-0.7956000000;-1.0837500000;0.6375000000;-1.9125000000;43.7500000000;-15.6875000000;-4.8750000000
-9.8022000000;0.6426000000;-0.9996000000;-0.8287500000;-2.8050000000;0.0000000000;43.7500000000;-15.2500000000;-4.5625000000
-9.7614000000;0.6426000000;-1.2036000000;-2.1675000000;-1.8487500000;-0.3825000000;43.7500000000;-15.2500000000;-4.5625000000
-9.9042000000;0.7548000000;-0.8772000000;-1.4025000000;-0.1275000000;-1.5300000000;43.7500000000;-15.2500000000;-5.6875000000
-9.8328000000;0.6834000000;-1.0200000000;-0.7650000000;-2.9325000000;-1.5300000000;43.7500000000;-17.8750000000;-4.8750000000
-9.7716000000;0.7854000000;-1.2648000000;0.5100000000;-1.8487500000;-2.4225000000;43.3750000000;-16.7500000000;-4.5625000000
-9.8124000000;0.7650000000;-1.5606000000;1.3387500000;2.1037500000;-1.9762500000;42.6875000000;-15.6875000000;-4.5625000000
-10.0266000000;1.0812000000;-1.7748000000;-2.4225000000;10.0725000000;-4.1437500000;42.6875000000;-15.6875000000;-4.5625000000
-9.8022000000;1.2342000000;-2.4888000000;1.1475000000;4.2075000000;2.1675000000;43.7500000000;-16.0000000000;-4.5625000000
-10.1694000000;0.4386000000;-3.1008000000;6.6937500000;13.7700000000;6.1837500000;43.7500000000;-15.6875000000;-4.8750000000
-10.0674000000;0.6120000000;-2.4072000000;4.0800000000;23.3962500000;3.5062500000;43.3750000000;-15.6875000000;-3.3750000000
-9.9756000000;0.8364000000;-3.5904000000;10.2637500000;16.1287500000;2.6775000000;43.7500000000;-16.0000000000;-3.3750000000
-10.1388000000;0.5100000000;-3.7128000000;34.9350000000;35.3812500000;2.6775000000;43.7500000000;-16.0000000000;-3.3750000000
-10.1184000000;0.5508000000;-2.9682000000;28.0500000000;47.2387500000;0.2550000000;43.0625000000;-16.0000000000;-1.7500000000
-10.2306000000;1.0608000000;-4.3044000000;18.4237500000;40.6725000000;0.0000000000;43.7500000000;-16.7500000000;0.1875000000
-10.2612000000;0.7242000000;-3.8862000000;36.9112500000;53.4862500000;4.9725000000;43.7500000000;-18.1875000000;1.3750000000
-10.3224000000;0.6018000000;-3.5802000000;19.8900000000;58.7775000000;2.0400000000;43.3750000000;-19.0000000000;4.8750000000
-10.0470000000;0.0510000000;-4.0596000000;7.4587500000;58.7775000000;0.0000000000;43.3750000000;-19.0000000000;4.8750000000
-9.9348000000;0.3264000000;-3.4476000000;31.2375000000;62.5387500000;-2.0400000000;43.1875000000;-16.3750000000;7.2500000000
-9.7920000000;0.0714000000;-3.3252000000;7.1400000000;61.3912500000;-4.0162500000;42.7500000000;-17.1875000000;8.7500000000
-9.3024000000;-0.1632000000;-3.7638000000;15.2362500000;59.8612500000;-6.4387500000;41.2500000000;-16.7500000000;12.0000000000
-9.1698000000;0.5202000000;-3.3048000000;25.5637500000;60.1162500000;-7.2675000000;42.0000000000;-17.1875000000;13.8750000000
-8.7210000000;-0.1020000000;-3.5802000000;0.0637500000;49.6612500000;-8.4787500000;42.0000000000;-17.1875000000;13.8750000000
-8.5476000000;0.3978000000;-3.1824000000;32.7037500000;39.7800000000;-9.4350000000;41.0000000000;-16.0000000000;16.6875000000
-8.0784000000;0.4794000000;-3.4680000000;12.7500000000;29.5800000000;-6.9487500000;40.5625000000;-16.0000000000;18.2500000000
-7.9662000000;0.0102000000;-4.0392000000;2.8050000000;21.0375000000;-7.2037500000;41.2500000000;-16.3750000000;20.2500000000
-7.9866000000;0.5406000000;-3.6618000000;9.0525000000;13.4512500000;-3.9525000000;41.2500000000;-15.3750000000;20.5625000000
-7.7622000000;0.4080000000;-4.4472000000;-6.6937500000;4.2712500000;-2.4225000000;41.2500000000;-15.3750000000;20.5625000000
-7.9152000000;0.2142000000;-4.7124000000;13.2600000000;3.6975000000;2.6775000000;39.8750000000;-15.0000000000;21.7500000000
-7.9662000000;0.2142000000;-4.6614000000;-5.0362500000;-0.9562500000;3.6975000000;40.5625000000;-16.5000000000;21.0000000000
-7.8846000000;0.1530000000;-6.0792000000;-24.6075000000;-0.3825000000;5.6100000000;39.8750000000;-15.0000000000;21.6875000000
-8.2110000000;-0.2040000000;-4.9980000000;-9.4350000000;2.6137500000;5.6737500000;40.5625000000;-17.2500000000;20.1875000000
-8.1600000000;0.1632000000;-5.8548000000;-16.2562500000;-8.4150000000;0.3825000000;40.5625000000;-17.2500000000;20.1875000000
-8.0988000000;0.0000000000;-5.9670000000;5.2275000000;-2.8687500000;1.5937500000;39.8750000000;-15.7500000000;20.5000000000
-8.2722000000;0.0510000000;-5.6100000000;-4.8450000000;-1.9125000000;1.0837500000;39.7500000000;-17.2500000000;20.1875000000
-8.1294000000;0.1530000000;-6.1200000000;-2.0400000000;-4.2075000000;0.5100000000;40.0625000000;-15.7500000000;20.1875000000
-8.2314000000;0.1530000000;-5.8548000000;3.1875000000;-2.6775000000;0.5737500000;39.3750000000;-18.0000000000;20.5000000000
-8.2212000000;0.0612000000;-6.0078000000;-0.8287500000;-3.3787500000;-0.1912500000;39.3750000000;-18.0000000000;20.5000000000
-8.1906000000;0.1734000000;-5.8956000000;3.6337500000;-0.7012500000;1.6575000000;40.0625000000;-17.5625000000;20.1875000000
-8.3640000000;0.2754000000;-5.7426000000;-7.5862500000;-2.2950000000;1.9762500000;39.7500000000;-16.8750000000;19.7500000000
-8.2314000000;-0.1938000000;-5.9466000000;1.8487500000;-2.8050000000;-0.3825000000;40.3750000000;-17.2500000000;19.6875000000
-8.2926000000;0.1326000000;-5.7120000000;8.0325000000;-0.5737500000;-0.3187500000;40.7500000000;-16.5000000000;20.8750000000
-8.2416000000;0.1122000000;-5.6406000000;-7.5862500000;0.5737500000;0.5737500000;40.7500000000;-16.5000000000;20.8750000000
-8.3028000000;-0.0306000000;-5.4876000000;6.3750000000;-2.1037500000;-0.8287500000;40.7500000000;-17.2500000000;20.5000000000
-8.2212000000;0.2652000000;-5.5794000000;-6.5662500000;-1.8487500000;-0.1912500000;39.7500000000;-17.5625000000;19.3750000000
-8.1906000000;0.0612000000;-5.6406000000;-8.4787500000;0.5737500000;-0.3187500000;40.5000000000;-16.5000000000;20.1875000000
-8.2620000000;0.0918000000;-5.3856000000;6.1200000000;-2.0400000000;-0.9562500000;40.5000000000;-16.5000000000;20.1875000000
-8.2722000000;0.2958000000;-5.7018000000;-3.1237500000;-4.3987500000;0.7012500000;40.7500000000;-18.0000000000;18.5625000000
-8.2620000000;-0.0612000000;-5.8344000000;-3.5700000000;-1.4025000000;-0.7650000000;40.0625000000;-17.5625000000;19.2500000000
-8.3538000000;0.0714000000;-5.6100000000;2.9325000000;-0.7012500000;-1.2750000000;40.7500000000;-18.0000000000;19.2500000000
-8.3232000000;0.0816000000;-5.6406000000;-2.8687500000;-1.5300000000;-1.7850000000;39.3750000000;-18.2500000000;19.3750000000
-8.2824000000;0.2040000000;-5.7426000000;4.6537500000;-0.0637500000;-0.8925000000;39.3750000000;-18.2500000000;19.3750000000
-8.3538000000;0.0918000000;-5.5998000000;-3.3150000000;-0.7650000000;-1.1475000000;40.5000000000;-17.5625000000;19.2500000000
-8.2110000000;0.0306000000;-5.7936000000;2.6775000000;-0.4462500000;-1.5300000000;39.7500000000;-18.0000000000;19.2500000000
-8.3946000000;0.1938000000;-5.4672000000;1.9762500000;0.7650000000;-1.0200000000;40.0625000000;-17.2500000000;19.0000000000
-8.2620000000;0.0306000000;-5.8038000000;-1.7212500000;-1.0200000000;-0.8287500000;40.0625000000;-17.5625000000;18.5625000000
-8.2824000000;0.1632000000;-5.6814000000;5.1637500000;1.0837500000;-0.4462500000;40.0625000000;-17.5625000000;18.5625000000
-8.3742000000;0.0816000000;-5.4978000000;-2.0400000000;1.1475000000;-1.1475000000;40.0625000000;-17.5625000000;19.0000000000
-8.2416000000;0.0918000000;-5.7324000000;0.6375000000;0.0637500000;-0.7012500000;39.7500000000;-16.5000000000;19.7500000000
-8.3334000000;0.0204000000;-5.4672000000;3.7612500000;1.1475000000;-0.0637500000;40.5000000000;-15.7500000000;19.7500000000
-8.2110000000;0.0306000000;-5.4876000000;-2.6775000000;0.7012500000;-1.4662500000;39.7500000000;-16.5000000000;19.2500000000
-8.2314000000;0.0408000000;-5.4876000000;3.3787500000;-0.0637500000;0.1912500000;39.7500000000;-16.5000000000;19.2500000000
-8.3232000000;-0.0204000000;-5.3754000000;-1.8487500000;-0.5100000000;-1.0837500000;40.8750000000;-17.5625000000;19.0000000000
-8.1906000000;-0.0408000000;-5.6814000000;-3.2512500000;0.0000000000;-1.1475000000;40.5000000000;-16.8750000000;19.7500000000
-8.2620000000;0.0204000000;-5.4978000000;3.1875000000;-1.0200000000;-1.2750000000;39.7500000000;-15.0000000000;18.5625000000
-8.2212000000;0.1326000000;-5.6100000000;-0.7012500000;-1.4662500000;-0.7012500000;40.7500000000;-15.7500000000;19.6875000000
-8.2518000000;-0.0612000000;-5.7528000000;-2.9962500000;-1.0200000000;0.6375000000;40.7500000000;-15.7500000000;19.6875000000
-8.3130000000;-0.0816000000;-5.6202000000;4.4625000000;-1.6575000000;-0.7012500000;40.7500000000;-16.8750000000;20.5000000000
-8.2518000000;0.2040000000;-5.7630000000;0.2550000000;-0.4462500000;-0.4462500000;40.7500000000;-17.2500000000;19.0000000000
-8.3232000000;-0.1326000000;-5.6100000000;-1.6575000000;0.7012500000;0.3825000000;40.0625000000;-16.8750000000;19.0000000000
-8.2926000000;0.0000000000;-5.6406000000;1.3387500000;0.4462500000;-1.9762500000;40.5000000000;-16.8750000000;19.0000000000
-8.2926000000;0.0408000000;-5.6100000000;0.0000000000;0.5737500000;-1.0200000000;40.5000000000;-16.8750000000;19.0000000000
-8.2926000000;-0.0204000000;-5.4570000000;-0.1912500000;0.3825000000;-1.0200000000;40.0625000000;-17.2500000000;19.2500000000
-8.2722000000;0.1020000000;-5.5998000000;-0.9562500000;-0.6375000000;-0.3825000000;40.3750000000;-16.0625000000;20.1875000000
-8.3130000000;-0.0510000000;-5.5080000000;0.4462500000;-0.1912500000;0.0000000000;41.1875000000;-15.7500000000;19.2500000000
-8.2518000000;0.0816000000;-5.5794000000;-2.0400000000;-0.1912500000;-0.7650000000;40.5000000000;-16.8750000000;19.0000000000
-8.3334000000;0.0510000000;-5.5284000000;0.3187500000;-0.3825000000;0.3187500000;40.5000000000;-16.8750000000;19.0000000000
-8.2926000000;0.0000000000;-5.6202000000;-0.7650000000;-1.9762500000;-0.1912500000;41.1875000000;-17.5625000000;20.5000000000
-8.2824000000;-0.0102000000;-5.8038000000;-1.6575000000;-0.8925000000;0.0637500000;41.1875000000;-17.2500000000;19.2500000000
-8.3232000000;-0.0510000000;-5.5488000000;2.0400000000;0.8925000000;0.0000000000;40.7500000000;-15.3750000000;19.7500000000
-8.2212000000;0.0510000000;-5.5590000000;0.5737500000;-0.8925000000;-0.8287500000;40.7500000000;-15.0000000000;17.7500000000
-8.2824000000;0.0918000000;-5.6610000000;0.6375000000;-0.7012500000;0.9562500000;40.7500000000;-15.0000000000;17.7500000000
-8.3232000000;-0.0918000000;-5.3754000000;0.2550000000;0.3825000000;0.1912500000;40.7500000000;-15.3750000000;19.0000000000
-8.3130000000;0.1122000000;-5.5896000000;0.8925000000;-0.5737500000;-0.5100000000;40.5000000000;-16.8750000000;18.5625000000
-8.3436000000;0.0612000000;-5.4672000000;0.3187500000;-0.4462500000;1.2112500000;41.1875000000;-15.0000000000;19.3750000000
-8.3028000000;-0.0816000000;-5.5488000000;-1.5937500000;-1.2750000000;0.6375000000;40.7500000000;-17.2500000000;18.5625000000
-8.2416000000;0.0714000000;-5.7324000000;-0.1275000000;-1.9125000000;0.4462500000;40.7500000000;-17.2500000000;18.5625000000
-8.3742000000;-0.1326000000;-5.5386000000;-0.8925000000;0.8287500000;0.7650000000;41.5625000000;-16.8750000000;19.7500000000
-8.3946000000;-0.0204000000;-5.4978000000;-1.0200000000;-1.2112500000;-0.3825000000;40.7500000000;-15.3750000000;19.0000000000
-8.2518000000;-0.0102000000;-5.7222000000;1.4662500000;-0.8287500000;0.2550000000;40.7500000000;-15.7500000000;18.5625000000
-8.3334000000;-0.1428000000;-5.3958000000;-1.0837500000;0.9562500000;-0.4462500000;40.5000000000;-15.3750000000;19.2500000000
-8.3844000000;-0.0102000000;-5.4570000000;0.6375000000;-1.9762500000;-1.0200000000;40.5000000000;-15.3750000000;19.2500000000
-8.3538000000;0.0204000000;-5.5488000000;0.0637500000;-1.1475000000;-0.5100000000;40.5000000000;-15.3750000000;19.0000000000
-8.3334000000;-0.0306000000;-5.5284000000;-1.7212500000;0.1912500000;-1.1475000000;40.5000000000;-15.3750000000;19.2500000000
-8.3130000000;0.0714000000;-5.5590000000;-0.3825000000;-1.3387500000;-1.0837500000;40.5000000000;-16.8750000000;19.7500000000
-8.3232000000;-0.0102000000;-5.5692000000;0.3825000000;-0.7012500000;-0.5737500000;41.1875000000;-15.7500000000;19.0000000000
-8.3436000000;0.0918000000;-5.5590000000;-1.7212500000;-0.0637500000;-0.7012500000;41.1875000000;-15.7500000000;19.0000000000
-8.3232000000;-0.0510000000;-5.5998000000;-0.8925000000;0.0637500000;-0.0637500000;40.7500000000;-17.5625000000;18.5625000000
-8.3946000000;0.0918000000;-5.4060000000;-2.7412500000;0.5737500000;0.3187500000;40.7500000000;-16.0625000000;19.2500000000
-8.3334000000;-0.1428000000;-5.5284000000;0.8287500000;-0.7012500000;0.1275000000;40.7500000000;-15.7500000000;17.7500000000
-8.2620000000;0.1530000000;-5.3244000000;1.5937500000;0.0637500000;0.3187500000;39.7500000000;-15.3750000000;18.5625000000
-8.3334000000;-0.1632000000;-5.4978000000;-5.3550000000;-0.1275000000;1.4025000000;39.7500000000;-15.3750000000;18.5625000000
-8.3640000000;0.0000000000;-5.3754000000;4.7812500000;-1.5937500000;-0.6375000000;40.7500000000;-15.3750000000;17.7500000000
-8.3232000000;0.1938000000;-5.5590000000;-2.4862500000;-0.1912500000;0.6375000000;40.5000000000;-15.7500000000;18.1875000000
-8.4354000000;0.0000000000;-5.3958000000;-0.8925000000;-0.5737500000;0.6375000000;40.7500000000;-15.7500000000;19.3750000000
-8.2824000000;0.0204000000;-5.6712000000;-2.5500000000;-1.4662500000;0.9562500000;40.7500000000;-15.7500000000;19.3750000000
-8.3640000000;-0.0510000000;-5.4978000000;1.3387500000;-0.1275000000;0.7650000000;40.5000000000;-15.3750000000;18.1875000000
-8.3844000000;0.0102000000;-5.4162000000;-1.5937500000;-0.0637500000;0.5737500000;40.5000000000;-16.5000000000;18.1875000000
-8.3334000000;-0.0306000000;-5.4468000000;-0.1275000000;-0.8925000000;0.0000000000;41.1875000000;-15.3750000000;19.0000000000
-8.3436000000;0.1734000000;-5.1306000000;1.3387500000;0.0637500000;-0.3187500000;41.8750000000;-16.8750000000;18.1875000000
-8.2722000000;0.0612000000;-4.9368000000;-3.3787500000;-1.2750000000;0.0637500000;41.8750000000;-16.8750000000;18.1875000000
-8.1906000000;0.0510000000;-4.7532000000;-1.2750000000;-3.4425000000;0.3187500000;41.1875000000;-15.7500000000;18.5625000000
-8.2008000000;-0.0102000000;-4.2432000000;-4.2712500000;-5.3550000000;-0.8287500000;41.8750000000;-16.0625000000;18.5625000000
-8.3538000000;0.3264000000;-3.8862000000;-6.6300000000;-9.3712500000;-1.2750000000;40.8750000000;-17.2500000000;18.1875000000
-8.4354000000;0.1632000000;-3.9576000000;-11.2200000000;-15.9375000000;2.1675000000;40.5000000000;-17.5625000000;19.0000000000
-8.3640000000;-0.1122000000;-3.3252000000;-22.8225000000;-16.9575000000;0.7012500000;40.5000000000;-17.5625000000;19.0000000000
-8.4558000000;0.4386000000;-3.8658000000;-28.0500000000;-28.3050000000;-2.6775000000;40.7500000000;-17.2500000000;16.1875000000
-8.9454000000;0.4080000000;-3.1926000000;-14.8537500000;-29.1337500000;-0.8925000000;40.7500000000;-15.7500000000;15.7500000000
-8.7720000000;1.1016000000;-2.7642000000;-21.5475000000;-39.6525000000;-3.6337500000;41.8750000000;-16.5000000000;15.5000000000
-9.4962000000;1.4076000000;-3.9984000000;-33.2775000000;-51.5100000000;0.5100000000;41.5625000000;-15.7500000000;13.5000000000
-9.7104000000;-0.4080000000;-3.6516000000;-35.1262500000;-48.2587500000;9.1162500000;41.5625000000;-15.7500000000;13.5000000000
-9.5064000000;-0.3570000000;-4.3350000000;-39.9712500000;-68.3400000000;-6.8850000000;42.2500000000;-16.5000000000;12.2500000000
-9.8124000000;0.4692000000;-5.3550000000;-8.5425000000;-58.3312500000;-14.5987500000;43.3750000000;-16.5000000000;8.6875000000
-10.1592000000;0.4284000000;-3.9780000000;11.9850000000;-41.4375000000;-13.1325000000;43.3750000000;-16.5000000000;6.0000000000
-9.5472000000;0.4692000000;-2.4990000000;-4.2075000000;-36.0187500000;-16.5112500000;43.5000000000;-16.0625000000;4.3750000000
-9.8532000000;1.6830000000;-3.2742000000;-8.7337500000;-46.7287500000;-12.0487500000;43.5000000000;-16.0625000000;4.3750000000
-9.9042000000;0.8262000000;-3.4986000000;-17.9137500000;-38.4412500000;6.3112500000;43.8750000000;-15.3750000000;3.1875000000
-10.4448000000;-0.5100000000;-2.6316000000;-40.0350000000;-25.3725000000;4.5262500000;44.2500000000;-16.5000000000;2.3750000000
-9.7716000000;0.3060000000;-3.2028000000;1.2112500000;-33.4687500000;-12.3037500000;44.1875000000;-14.2500000000;0.5000000000
-9.8532000000;1.2240000000;-3.1212000000;34.1700000000;-28.8150000000;-7.2037500000;44.5000000000;-13.5625000000;0.0625000000
-9.9042000000;0.7752000000;-2.6418000000;-5.4825000000;-12.7500000000;1.7850000000;44.5000000000;-13.5625000000;0.0625000000
-10.0368000000;-0.0918000000;-2.1420000000;-45.7725000000;-1.5937500000;2.1675000000;44.5625000000;-13.8750000000;-2.6875000000
-9.9042000000;0.1530000000;-1.8054000000;-36.4650000000;-0.8925000000;-1.7850000000;43.7500000000;-13.8750000000;-2.2500000000
-9.8838000000;0.8976000000;-1.8156000000;-16.7025000000;-6.8850000000;-0.1912500000;44.6875000000;-13.1875000000;-3.5625000000
-9.5778000000;0.1020000000;-2.2644000000;-16.3837500000;-7.3950000000;1.9762500000;44.6875000000;-14.2500000000;-4.3750000000
-9.9552000000;0.8670000000;-1.7544000000;-1.9125000000;-5.6737500000;2.8050000000;44.6875000000;-14.2500000000;-4.3750000000
-9.9450000000;0.8058000000;-1.8564000000;-21.9937500000;-2.4225000000;5.1637500000;44.2500000000;-13.1875000000;-4.3750000000
-9.9246000000;-0.0714000000;-1.8054000000;-22.8862500000;0.5737500000;2.5500000000;44.5625000000;-13.1875000000;-5.0625000000
-9.7206000000;0.0918000000;-1.6116000000;9.0525000000;-0.6375000000;-0.7650000000;44.6875000000;-14.2500000000;-4.7500000000
-9.8022000000;1.0506000000;-1.5504000000;-7.9687500000;-1.9762500000;2.7412500000;44.2500000000;-13.8750000000;-5.5000000000
-9.9042000000;0.3264000000;-1.6422000000;-12.5587500000;2.8687500000;2.9325000000;44.2500000000;-13.8750000000;-5.5000000000
-9.9552000000;0.0918000000;-1.2240000000;2.5500000000;0.4462500000;-1.0837500000;44.2500000000;-13.5625000000;-5.5000000000
-9.7716000000;0.4080000000;-1.5810000000;-3.3787500000;1.5300000000;-2.6137500000;45.0000000000;-14.3750000000;-5.0625000000
-9.9654000000;0.2652000000;-1.1526000000;9.7537500000;2.2312500000;-3.6337500000;44.2500000000;-12.7500000000;-5.5625000000
-9.7818000000;0.6426000000;-1.2444000000;8.7975000000;-1.5300000000;-4.7812500000;43.8750000000;-13.2500000000;-5.5000000000
-9.8838000000;0.5202000000;-1.4790000000;-4.1437500000;1.5300000000;-2.6775000000;43.8750000000;-13.2500000000;-5.5000000000
-9.9348000000;0.3876000000;-1.1424000000;17.5312500000;-0.4462500000;-3.5062500000;44.6875000000;-13.2500000000;-5.5000000000
-9.6492000000;0.8262000000;-1.7136000000;-1.4025000000;1.2112500000;-2.0400000000;44.6875000000;-13.6875000000;-4.3750000000
-9.6288000000;0.6426000000;-1.4382000000;-11.7937500000;5.9925000000;-0.8287500000;44.6875000000;-13.2500000000;-5.0625000000
-9.8634000000;0.4590000000;-1.0710000000;-4.9087500000;2.5500000000;-0.2550000000;44.6875000000;-13.2500000000;-5.5000000000
-9.8430000000;0.5406000000;-1.2852000000;6.8212500000;-0.0637500000;1.5300000000;44.6875000000;-13.2500000000;-5.5000000000
-9.7818000000;0.3162000000;-1.3566000000;-3.8887500000;0.1275000000;0.5737500000;44.2500000000;-12.8750000000;-4.7500000000
-9.8634000000;0.4182000000;-1.0404000000;11.4112500000;-0.6375000000;1.0837500000;43.8750000000;-13.2500000000;-4.3750000000
-9.7716000000;0.2448000000;-1.4586000000;-3.7612500000;-3.4425000000;0.6375000000;45.0000000000;-15.0625000000;-5.0625000000
-9.7716000000;0.4692000000;-1.4994000000;5.4825000000;-0.6375000000;-2.8050000000;45.0000000000;-15.0625000000;-5.0625000000
-9.8328000000;0.6222000000;-1.2852000000;5.5462500000;-1.0200000000;0.3187500000;44.6875000000;-13.2500000000;-4.3750000000
-9.8532000000;0.3468000000;-1.4586000000;-6.8212500000;-0.2550000000;0.0000000000;44.2500000000;-14.3750000000;-5.5000000000
-9.7614000000;0.4488000000;-1.3260000000;3.6337500000;0.2550000000;0.6375000000;44.2500000000;-15.0625000000;-5.0625000000
-9.7002000000;0.4590000000;-1.4586000000;-8.6700000000;-0.8287500000;1.2750000000;44.2500000000;-13.6875000000;-3.8750000000
-9.7716000000;0.1020000000;-1.4790000000;-6.1837500000;0.2550000000;0.3187500000;44.2500000000;-13.6875000000;-3.8750000000
-9.8532000000;0.4794000000;-1.0812000000;11.5387500000;0.1275000000;-1.2750000000;45.0000000000;-13.2500000000;-5.0625000000
-9.7818000000;0.6834000000;-1.2954000000;-5.0362500000;-1.1475000000;-0.3187500000;44.2500000000;-14.3750000000;-3.8750000000
-9.7512000000;0.2244000000;-1.2240000000;-2.8687500000;-0.3825000000;0.4462500000;44.2500000000;-12.7500000000;-5.8750000000
-9.7104000000;0.3774000000;-1.3770000000;-1.8487500000;-3.3787500000;0.3187500000;44.2500000000;-12.8750000000;-3.8750000000
-9.8430000000;0.4998000000;-1.4178000000;1.5300000000;-1.9125000000;0.1275000000;44.2500000000;-12.8750000000;-3.8750000000
-9.9042000000;0.4488000000;-1.3872000000;-2.8050000000;-0.2550000000;-1.2750000000;43.8750000000;-13.2500000000;-5.0625000000
-9.8634000000;0.5100000000;-1.6320000000;2.2312500000;-0.4462500000;-1.8487500000;44.2500000000;-13.2500000000;-5.5000000000
-9.8022000000;0.7242000000;-2.0502000000;3.4425000000;-0.1275000000;0.5100000000;44.2500000000;-12.5000000000;-4.3750000000
-9.8124000000;0.6324000000;-2.9580000000;-4.5262500000;5.6100000000;0.7012500000;44.2500000000;-14.6875000000;-5.8750000000
-10.0368000000;0.6936000000;-2.7234000000;8.5425000000;11.2200000000;5.4825000000;44.2500000000;-14.6875000000;-5.8750000000
-9.9552000000;0.8160000000;-3.5496000000;10.5187500000;13.5787500000;6.6937500000;44.2500000000;-12.8750000000;-5.0625000000
-10.0572000000;0.6324000000;-4.1208000000;11.2837500000;28.5600000000;5.4825000000;44.6875000000;-13.6875000000;-3.8750000000
-10.2510000000;0.6732000000;-3.4782000000;15.8737500000;38.1225000000;6.2475000000;44.2500000000;-13.6875000000;-3.5625000000
-10.2408000000;0.5304000000;-3.8964000000;16.3837500000;42.0112500000;4.4625000000;44.2500000000;-15.0625000000;-1.5625000000
-10.1694000000;0.3060000000;-3.7638000000;28.0500000000;48.0037500000;3.5700000000;44.2500000000;-15.0625000000;-1.5625000000
-10.0878000000;0.6630000000;-3.3252000000;28.6237500000;53.8050000000;0.4462500000;43.8750000000;-15.0625000000;-0.3750000000
-9.7512000000;0.5712000000;-3.4374000000;23.6512500000;53.7412500000;-1.1475000000;44.6875000000;-15.0625000000;2.3750000000
-9.8430000000;0.7038000000;-3.2946000000;29.2612500000;56.0362500000;0.1912500000;44.6875000000;-17.0000000000;4.2500000000
-9.7206000000;0.1122000000;-3.0804000000;17.7225000000;52.9762500000;2.3587500000;43.8750000000;-15.0625000000;7.3750000000
-9.4860000000;0.4080000000;-3.4068000000;23.4600000000;46.9837500000;-0.3187500000;43.8750000000;-15.0625000000;7.3750000000
-9.3330000000;0.1836000000;-3.5190000000;28.1775000000;47.2387500000;0.3187500000;43.5000000000;-15.0625000000;9.0000000000
-9.0576000000;-0.0612000000;-3.5088000000;12.4312500000;43.6050000000;-1.9125000000;43.1875000000;-15.0625000000;11.3750000000
-8.8128000000;0.1326000000;-3.8556000000;14.7900000000;41.0550000000;-0.6375000000;43.1875000000;-14.6875000000;13.3750000000
-8.7414000000;0.0612000000;-3.5394000000;6.1837500000;35.1900000000;-1.7212500000;42.7500000000;-15.0625000000;15.6875000000
-8.3232000000;-0.0510000000;-4.0086000000;-1.0837500000;28.1775000000;-2.2950000000;42.7500000000;-15.0625000000;15.6875000000
-8.3334000000;0.0714000000;-3.8250000000;11.6662500000;23.8425000000;-2.4225000000;42.0000000000;-16.1875000000;16.0625000000
-8.2620000000;0.1530000000;-3.9678000000;0.6375000000;17.1487500000;-1.1475000000;42.0000000000;-15.5000000000;16.3750000000
-8.1294000000;0.1530000000;-4.8348000000;-1.2750000000;10.0725000000;0.0000000000;41.2500000000;-16.1875000000;17.1875000000
-8.2008000000;-0.1734000000;-4.3452000000;1.9762500000;10.3275000000;0.2550000000;41.2500000000;-14.3750000000;18.7500000000
-8.0580000000;0.2958000000;-4.7328000000;-10.5825000000;3.2512500000;-2.6775000000;41.2500000000;-14.3750000000;18.7500000000
-8.0886000000;0.2856000000;-4.9368000000;-4.0162500000;1.3387500000;0.6375000000;40.5625000000;-14.6875000000;18.3750000000
-8.1192000000;0.1530000000;-4.9572000000;-6.6937500000;-2.6137500000;1.4662500000;41.2500000000;-16.5625000000;18.7500000000
-8.0478000000;0.2550000000;-5.5590000000;-6.4387500000;-5.4187500000;0.7012500000;40.8750000000;-15.0625000000;18.0000000000
-8.2926000000;0.1836000000;-5.2530000000;4.4625000000;-4.7175000000;2.2950000000;40.5625000000;-15.5000000000;17.5625000000
-8.2314000000;0.2754000000;-5.6610000000;-7.0762500000;-6.5025000000;1.8487500000;40.5625000000;-15.5000000000;17.5625000000
-8.2518000000;0.1938000000;-5.9772000000;-6.8850000000;-0.9562500000;2.7412500000;41.6875000000;-15.5000000000;17.5625000000
-8.4048000000;0.1836000000;-5.4978000000;-3.6975000000;-2.4862500000;1.1475000000;41.2500000000;-16.1875000000;17.5625000000
-8.3232000000;0.2040000000;-5.8344000000;-2.0400000000;-3.3150000000;0.8925000000;41.2500000000;-15.8750000000;18.0000000000
-8.3028000000;0.2244000000;-5.8650000000;0.0000000000;-1.2750000000;1.2112500000;41.6875000000;-15.5000000000;16.7500000000
-8.3742000000;0.2142000000;-5.6100000000;-3.7612500000;0.6375000000;0.9562500000;41.6875000000;-15.5000000000;16.7500000000
-8.2824000000;0.1020000000;-5.7426000000;2.8050000000;-1.3387500000;0.3825000000;41.6875000000;-16.5625000000;17.1875000000
-8.3844000000;0.1734000000;-5.5488000000;0.6375000000;0.1275000000;0.3825000000;41.2500000000;-16.1875000000;16.3750000000
-8.3028000000;0.0000000000;-5.5794000000;0.2550000000;1.1475000000;-1.2750000000;41.2500000000;-16.1875000000;16.3750000000
-8.3232000000;0.1632000000;-5.5386000000;5.8650000000;0.0000000000;-1.4662500000;40.5000000000;-17.3750000000;16.3750000000
-8.2620000000;0.2244000000;-5.4366000000;1.7212500000;0.6375000000;-1.7212500000;40.5000000000;-17.3750000000;16.3750000000
-8.2722000000;0.2550000000;-5.4978000000;0.0000000000;-0.5100000000;-1.5300000000;40.8750000000;-15.5000000000;16.7500000000
-8.3742000000;0.1326000000;-5.3346000000;1.4662500000;0.0000000000;-0.8925000000;41.6875000000;-15.8750000000;16.7500000000
-8.3028000000;0.1428000000;-5.5998000000;-1.6575000000;-2.1037500000;-0.8287500000;41.2500000000;-16.5625000000;17.1875000000
-8.2824000000;0.1632000000;-5.5488000000;2.8050000000;-1.0200000000;-2.1675000000;41.2500000000;-16.5625000000;17.1875000000
-8.3334000000;0.2958000000;-5.5488000000;1.2112500000;-1.7212500000;-1.1475000000;41.6875000000;-16.5625000000;18.3750000000
-8.3640000000;0.2346000000;-5.6712000000;-1.2112500000;-0.7012500000;-0.6375000000;42.3750000000;-16.5625000000;17.1875000000
-8.2926000000;0.2652000000;-5.4570000000;0.3825000000;0.0000000000;0.8925000000;41.6875000000;-15.0625000000;17.1875000000
-8.3334000000;0.2754000000;-5.5998000000;-3.6337500000;-1.9125000000;0.6375000000;41.2500000000;-16.1875000000;16.7500000000
-8.2518000000;0.1020000000;-5.6610000000;0.0000000000;0.0000000000;0.3187500000;41.2500000000;-16.1875000000;16.7500000000
-8.4150000000;0.3060000000;-5.2938000000;0.8287500000;0.1275000000;0.4462500000;41.2500000000;-16.5625000000;17.1875000000
-8.3130000000;0.0816000000;-5.6916000000;-2.6775000000;-1.1475000000;1.4025000000;42.0000000000;-16.5625000000;18.0000000000
-8.4048000000;0.0714000000;-5.3142000000;3.3787500000;1.8487500000;1.0837500000;41.2500000000;-15.8750000000;18.0000000000
-8.3538000000;0.2244000000;-5.5794000000;-0.1275000000;-1.2112500000;-0.3187500000;41.6875000000;-16.5625000000;17.1875000000
-8.3130000000;0.0816000000;-5.5998000000;1.5300000000;-0.3187500000;-0.3825000000;41.6875000000;-16.5625000000;17.1875000000
-8.3640000000;0.3060000000;-5.4060000000;4.5262500000;0.6375000000;-0.5100000000;41.6875000000;-15.0625000000;15.5625000000
-8.2518000000;0.1938000000;-5.5794000000;-2.6775000000;-0.2550000000;1.4662500000;40.8750000000;-15.8750000000;18.3750000000
-8.3232000000;0.0408000000;-5.5488000000;0.7012500000;0.1912500000;1.0837500000;41.2500000000;-15.5000000000;17.5625000000
-8.3538000000;0.2856000000;-5.3040000000;0.2550000000;0.7650000000;-1.0200000000;41.2500000000;-17.3750000000;17.5625000000
-8.2008000000;0.2550000000;-5.6610000000;1.4662500000;-1.3387500000;0.8287500000;41.2500000000;-17.3750000000;17.5625000000
-8.4660000000;0.1020000000;-5.3244000000;2.3587500000;-0.1275000000;0.7012500000;40.8750000000;-15.5000000000;17.5625000000
-8.3436000000;0.1632000000;-5.5692000000;-0.6375000000;-0.9562500000;-0.1275000000;40.8750000000;-17.6875000000;18.3750000000
-8.3538000000;0.1122000000;-5.3652000000;1.9125000000;-0.3187500000;0.7012500000;41.6875000000;-15.8750000000;17.5625000000
-8.3232000000;0.0510000000;-5.5998000000;-2.1037500000;-2.1037500000;0.1275000000;41.6875000000;-16.1875000000;18.0000000000
-8.3334000000;0.1122000000;-5.6100000000;0.4462500000;-0.5100000000;-1.0837500000;41.6875000000;-16.1875000000;18.0000000000
-8.4456000000;0.2142000000;-5.3346000000;2.2312500000;-0.4462500000;-1.0200000000;41.2500000000;-15.0625000000;17.1875000000
-8.3538000000;0.1224000000;-5.7630000000;-1.3387500000;-2.6137500000;-0.8925000000;41.6875000000;-17.0000000000;16.7500000000
-8.3742000000;0.1326000000;-5.4978000000;3.9525000000;0.5737500000;0.1275000000;41.6875000000;-16.5625000000;16.7500000000
-8.3130000000;0.1122000000;-5.3856000000;-0.5737500000;0.1912500000;-0.9562500000;42.0000000000;-15.0625000000;17.1875000000
-8.2518000000;0.2142000000;-5.4672000000;-0.5100000000;-0.8287500000;-0.3187500000;42.0000000000;-15.0625000000;17.1875000000
-8.3742000000;0.0714000000;-5.3754000000;0.4462500000;0.1912500000;0.1275000000;41.2500000000;-15.8750000000;17.1875000000
-8.3436000000;0.1632000000;-5.2530000000;-0.8925000000;-0.9562500000;-0.5100000000;41.2500000000;-14.3750000000;17.5625000000
-8.3334000000;0.1428000000;-5.4978000000;0.0637500000;-2.2312500000;0.5100000000;41.6875000000;-17.0000000000;16.7500000000
-8.4048000000;0.0612000000;-5.3652000000;-1.0200000000;-1.4025000000;-0.3187500000;42.0000000000;-16.5625000000;17.5625000000
-8.4048000000;0.1326000000;-5.6202000000;0.7012500000;-2.2312500000;-0.5100000000;42.0000000000;-16.5625000000;17.5625000000
-8.4252000000;0.0306000000;-5.5488000000;2.2312500000;-1.2112500000;-1.0200000000;41.6875000000;-15.8750000000;17.5625000000
-8.3844000000;0.1938000000;-5.4468000000;1.2750000000;0.0000000000;-1.4025000000;41.6875000000;-14.6875000000;17.5625000000
-8.4150000000;0.0816000000;-5.4162000000;0.2550000000;-0.6375000000;-1.0200000000;41.6875000000;-17.0000000000;16.3750000000
-8.2824000000;0.1020000000;-5.4978000000;1.5300000000;-0.8925000000;-1.1475000000;42.3750000000;-15.5000000000;17.5625000000
-8.4864000000;0.2550000000;-5.3346000000;2.9962500000;0.3825000000;-0.7650000000;42.3750000000;-15.5000000000;17.5625000000
-8.4150000000;0.1428000000;-5.2938000000;0.8287500000;-0.5737500000;-0.1275000000;41.6875000000;-15.0625000000;16.7500000000
-8.3844000000;0.1632000000;-5.4978000000;1.4662500000;-0.8925000000;1.0200000000;41.2500000000;-15.5000000000;18.0000000000
-8.3946000000;0.0000000000;-5.4468000000;-1.0837500000;0.5100000000;1.2112500000;42.3750000000;-15.0625000000;17.1875000000
-8.3742000000;-0.0408000000;-5.5284000000;0.7012500000;0.0637500000;0.1912500000;41.6875000000;-15.5000000000;17.5625000000
-8.4150000000;0.0510000000;-5.4162000000;-0.2550000000;0.8287500000;-0.0637500000;41.6875000000;-15.5000000000;17.5625000000
-8.4354000000;0.0408000000;-5.4366000000;-0.7650000000;0.3187500000;-0.6375000000;42.0000000000;-14.6875000000;17.1875000000
-8.3844000000;0.1224000000;-5.4468000000;2.7412500000;0.5737500000;-0.2550000000;41.6875000000;-17.0000000000;16.3750000000
-8.4150000000;0.1020000000;-5.3040000000;-0.5737500000;-0.3825000000;0.5100000000;41.2500000000;-16.5625000000;16.3750000000
-8.4150000000;0.0000000000;-5.4876000000;-1.8487500000;-0.3187500000;-0.1275000000;42.0000000000;-16.1875000000;17.1875000000
-8.3742000000;0.1020000000;-5.4570000000;0.5737500000;0.9562500000;-0.1275000000;42.0000000000;-16.1875000000;17.1875000000
-8.4150000000;0.1122000000;-5.3142000000;-1.5937500000;0.1275000000;0.3825000000;41.2500000000;-14.6875000000;17.5625000000
-8.3538000000;0.0408000000;-5.4162000000;-0.1275000000;-0.6375000000;0.3187500000;41.6875000000;-15.0625000000;16.3750000000
-8.3436000000;0.0816000000;-5.4774000000;-0.4462500000;0.2550000000;0.5100000000;41.6875000000;-15.5000000000;16.3750000000
-8.4150000000;-0.0204000000;-5.3754000000;-0.4462500000;0.6375000000;-0.0637500000;41.6875000000;-14.3750000000;15.5625000000
-8.4048000000;0.1122000000;-5.3856000000;-0.5737500000;-0.1912500000;-0.1275000000;41.6875000000;-14.3750000000;15.5625000000
-8.3946000000;0.0510000000;-5.3856000000;0.0637500000;-0.3187500000;-0.2550000000;41.2500000000;-15.0625000000;17.5625000000
-8.4150000000;0.2244000000;-5.4060000000;0.4462500000;0.0637500000;0.0000000000;41.2500000000;-15.5000000000;16.7500000000
-8.3946000000;0.0306000000;-5.3856000000;-0.2550000000;-0.8925000000;0.3825000000;41.6875000000;-14.6875000000;16.3750000000
-8.3640000000;0.1020000000;-5.5794000000;0.3825000000;-1.0837500000;0.0000000000;41.6875000000;-14.6875000000;16.3750000000
-8.4456000000;0.1530000000;-5.3958000000;-1.5937500000;1.3387500000;0.2550000000;42.0000000000;-17.0000000000;16.0000000000
-8.4966000000;0.0816000000;-5.3652000000;0.9562500000;-0.1275000000;0.3187500000;41.6875000000;-14.6875000000;16.3750000000
-8.3742000000;0.1530000000;-5.4264000000;-0.5100000000;0.3187500000;0.3187500000;42.0000000000;-15.8750000000;18.0000000000
-8.3640000000;0.1836000000;-5.2224000000;-0.5100000000;0.1275000000;0.5737500000;42.0000000000;-15.5000000000;16.3750000000
-8.3436000000;0.0204000000;-5.2530000000;-2.2950000000;-0.3187500000;0.5100000000;42.0000000000;-15.5000000000;16.3750000000
-8.3538000000;0.1020000000;-4.9164000000;-2.5500000000;0.1912500000;-0.3825000000;41.6875000000;-14.6875000000;16.3750000000
-8.3538000000;-0.0102000000;-4.5900000000;-4.7812500000;-2.2312500000;-1.4025000000;41.2500000000;-14.3750000000;16.3750000000
-8.3436000000;-0.0714000000;-4.1004000000;-2.8687500000;-5.7375000000;-2.2312500000;41.2500000000;-16.5625000000;17.5625000000
-8.3640000000;-0.1530000000;-3.4068000000;-5.9925000000;-9.3075000000;-5.6100000000;42.0000000000;-15.0625000000;17.1875000000
-8.3028000000;-0.0204000000;-2.7948000000;-14.8537500000;-16.0650000000;-6.5662500000;42.0000000000;-15.0625000000;17.1875000000
-8.4966000000;0.6732000000;-3.0804000000;-33.6600000000;-25.6912500000;-4.3350000000;41.6875000000;-15.0625000000;16.7500000000
-8.6700000000;0.0714000000;-3.3150000000;-47.4300000000;-31.8750000000;1.2112500000;43.1875000000;-15.0625000000;14.7500000000
-8.9556000000;-0.2754000000;-2.8866000000;-39.3337500000;-36.0187500000;-4.3350000000;42.7500000000;-15.5000000000;14.7500000000
-9.2310000000;0.9894000000;-3.8046000000;-24.4162500000;-50.1712500000;-8.7337500000;42.3750000000;-15.5000000000;11.2500000000
-9.4656000000;1.0302000000;-4.2738000000;-32.8950000000;-51.1275000000;-0.7650000000;42.3750000000;-15.5000000000;11.2500000000
-10.0776000000;-0.2244000000;-4.4268000000;-25.8187500000;-48.4500000000;-2.1037500000;43.5000000000;-15.0625000000;10.5000000000
-9.5676000000;0.1734000000;-5.0184000000;-0.9562500000;-44.1150000000;-16.1287500000;43.1875000000;-15.8750000000;7.2500000000
-9.5472000000;1.2750000000;-4.9266000000;2.1675000000;-45.1350000000;-12.3037500000;43.8750000000;-14.3750000000;5.3750000000
-9.9042000000;0.0510000000;-3.9474000000;-11.7937500000;-33.3412500000;-11.4112500000;43.8750000000;-15.5000000000;3.3750000000
-9.7206000000;0.2040000000;-2.6520000000;12.6862500000;-32.0662500000;-14.0887500000;43.8750000000;-15.5000000000;3.3750000000
-9.5370000000;0.7446000000;-2.7744000000;13.1325000000;-38.8237500000;-14.5350000000;44.6875000000;-14.0000000000;1.7500000000
-9.8532000000;1.1118000000;-3.1110000000;2.2312500000;-36.2100000000;-4.6537500000;44.5625000000;-13.2500000000;1.7500000000
-9.8634000000;0.6018000000;-3.0702000000;-25.0537500000;-29.0700000000;0.3187500000;44.6875000000;-12.8750000000;0.5625000000
-9.9960000000;0.1530000000;-2.7948000000;-28.1775000000;-22.5675000000;-0.5100000000;44.2500000000;-11.7500000000;-2.8750000000
-9.8124000000;0.1326000000;-2.8356000000;1.6575000000;-17.4675000000;-3.4425000000;44.2500000000;-11.7500000000;-2.8750000000
-9.9552000000;0.6324000000;-2.4582000000;-2.1675000000;-13.7700000000;-1.9762500000;44.7500000000;-12.1875000000;-3.0000000000
-9.7410000000;0.1428000000;-2.3766000000;-22.5675000000;-11.5387500000;0.4462500000;45.0625000000;-12.8750000000;-3.7500000000
-9.7002000000;0.0102000000;-1.9890000000;13.7700000000;-9.3075000000;-3.5700000000;45.0625000000;-11.7500000000;-4.5625000000
-9.6288000000;0.9180000000;-2.0298000000;20.9737500000;-21.2925000000;1.7212500000;44.3750000000;-11.7500000000;-5.0000000000
-9.7002000000;0.3570000000;-3.1314000000;-12.8775000000;-10.7737500000;7.0125000000;44.3750000000;-11.7500000000;-5.0000000000
-9.8940000000;-0.1428000000;-1.7442000000;-14.4712500000;9.5625000000;3.5062500000;44.3750000000;-12.1875000000;-5.0000000000
-10.1082000000;0.6528000000;-1.1118000000;0.6375000000;1.2750000000;0.3187500000;44.6875000000;-12.5000000000;-5.0000000000
-9.7716000000;-0.0306000000;-1.6116000000;-2.6137500000;-5.8012500000;7.5225000000;44.3750000000;-12.5000000000;-4.0625000000
-9.8226000000;0.0612000000;-1.3872000000;-8.2875000000;1.9125000000;0.9562500000;44.0000000000;-11.7500000000;-6.0625000000
-9.9654000000;0.0918000000;-0.8976000000;9.4987500000;-1.7212500000;2.7412500000;44.0000000000;-11.7500000000;-6.0625000000
-9.4860000000;-0.2958000000;-1.5096000000;-2.3587500000;-6.1837500000;0.0637500000;44.0000000000;-12.5000000000;-6.5000000000
-9.7716000000;0.4080000000;-1.4790000000;4.7175000000;-4.3987500000;-1.0837500000;45.5000000000;-14.3750000000;-5.7500000000
-9.9246000000;0.3366000000;-1.4586000000;-5.6100000000;-5.1000000000;0.4462500000;44.3750000000;-12.5000000000;-5.6875000000
-9.9552000000;0.2040000000;-1.8768000000;-5.3550000000;-3.1237500000;-2.7412500000;44.3750000000;-12.1875000000;-4.5625000000
-9.8532000000;0.3060000000;-1.7136000000;26.7750000000;0.7650000000;-1.5937500000;44.3750000000;-12.1875000000;-4.5625000000
-9.8226000000;0.2856000000;-1.8666000000;1.1475000000;1.6575000000;-1.5937500000;44.3750000000;-12.1875000000;-6.0625000000
-9.8022000000;-0.1632000000;-1.5300000000;-2.5500000000;7.6500000000;-2.4225000000;44.3750000000;-14.0000000000;-5.2500000000
-9.9144000000;0.1530000000;-0.8772000000;14.3437500000;4.8450000000;-1.5937500000;44.3750000000;-12.5000000000;-5.6875000000
-9.7308000000;0.0306000000;-1.3464000000;-5.0362500000;1.2750000000;-2.4862500000;45.0625000000;-11.3750000000;-4.0625000000
-9.7716000000;0.0714000000;-1.1322000000;8.4150000000;3.3787500000;-3.9525000000;45.0625000000;-11.3750000000;-4.0625000000
-9.8124000000;0.3162000000;-1.2750000000;-4.9087500000;-0.7012500000;-3.0600000000;45.0625000000;-12.2500000000;-5.7500000000
-9.8226000000;-0.0714000000;-1.4178000000;-4.4625000000;2.4225000000;-4.9725000000;44.6875000000;-12.5625000000;-6.5000000000
-9.8838000000;0.6528000000;-0.9588000000;15.1087500000;0.4462500000;-2.2312500000;45.0625000000;-11.3750000000;-5.0000000000
-9.7206000000;0.2244000000;-1.7442000000;-8.5425000000;-3.3150000000;0.8925000000;45.0625000000;-11.3750000000;-5.0000000000
-9.5268000000;-0.1020000000;-1.6320000000;-6.9487500000;4.5262500000;0.0000000000;45.0625000000;-12.1875000000;-5.2500000000
-9.8022000000;0.5916000000;-1.0608000000;4.9725000000;0.8925000000;-0.8287500000;44.3750000000;-11.3750000000;-5.7500000000
-9.8328000000;0.2550000000;-1.4586000000;-3.6337500000;-1.7850000000;3.6337500000;44.3750000000;-12.1875000000;-4.5625000000
-9.8328000000;-0.2754000000;-1.2954000000;2.5500000000;0.5737500000;1.2750000000;44.6875000000;-11.3750000000;-6.0625000000
-9.7512000000;0.1224000000;-1.3260000000;4.1437500000;-2.4862500000;-0.7012500000;44.6875000000;-11.3750000000;-6.0625000000
-9.8022000000;-0.1224000000;-1.7442000000;-4.6537500000;-1.9762500000;0.0637500000;44.3750000000;-11.0000000000;-5.0000000000
-9.9552000000;0.0918000000;-1.2444000000;1.5300000000;1.7212500000;-2.3587500000;45.0625000000;-11.7500000000;-5.0000000000
-9.7920000000;0.1122000000;-1.5810000000;-3.6337500000;-0.8925000000;-0.9562500000;44.3750000000;-11.0000000000;-6.0625000000
-9.7002000000;0.0306000000;-1.5300000000;-2.4862500000;1.1475000000;-0.7650000000;44.0000000000;-11.3750000000;-5.2500000000
-9.8430000000;0.2040000000;-1.3260000000;-4.5262500000;1.4662500000;-0.8925000000;44.0000000000;-11.3750000000;-5.2500000000
-9.8430000000;0.2958000000;-1.4688000000;-0.5100000000;-1.0837500000;-0.6375000000;44.7500000000;-12.1875000000;-5.0000000000
-9.7410000000;0.3978000000;-1.5198000000;-0.8287500000;1.4662500000;0.1275000000;44.7500000000;-12.5000000000;-5.6875000000
-9.8430000000;0.2448000000;-1.3362000000;-6.1837500000;1.6575000000;1.3387500000;44.7500000000;-11.3750000000;-5.2500000000
-9.9144000000;0.3264000000;-1.3464000000;6.6300000000;0.6375000000;2.1037500000;45.0625000000;-11.0000000000;-5.2500000000
-9.7716000000;0.4386000000;-2.6112000000;-8.3512500000;0.3825000000;3.6337500000;45.0625000000;-11.0000000000;-5.2500000000
-9.8124000000;0.6018000000;-3.6210000000;2.8050000000;5.6737500000;4.0800000000;45.0625000000;-12.8750000000;-5.6875000000
-10.2204000000;0.4284000000;-3.0804000000;11.0287500000;17.3400000000;7.1400000000;44.3750000000;-11.3750000000;-5.7500000000
-10.1592000000;0.1938000000;-3.1110000000;5.2912500000;20.5912500000;5.8012500000;44.7500000000;-13.6875000000;-5.6875000000
-9.7206000000;0.7344000000;-3.3252000000;21.4200000000;25.4362500000;3.5062500000;44.7500000000;-12.5000000000;-3.7500000000
-10.0164000000;0.7548000000;-3.2028000000;20.3362500000;31.4925000000;8.9250000000;44.7500000000;-12.5000000000;-3.7500000000
-10.0980000000;0.4488000000;-3.5598000000;7.5225000000;33.5325000000;10.5825000000;45.0625000000;-12.1875000000;-1.3750000000
-10.0470000000;0.1122000000;-3.8250000000;25.0537500000;39.7162500000;10.0725000000;44.3750000000;-13.2500000000;-0.5625000000
-10.2102000000;0.1632000000;-3.5292000000;28.9425000000;43.9237500000;6.8850000000;44.3750000000;-15.5625000000;0.1875000000
-9.8430000000;0.0000000000;-3.9066000000;16.5112500000;46.0912500000;2.9962500000;44.3750000000;-15.0625000000;2.8750000000
-9.7716000000;0.0918000000;-3.4578000000;30.7912500000;50.9362500000;-1.7212500000;44.3750000000;-15.0625000000;2.8750000000
-9.6900000000;0.2754000000;-3.4476000000;30.0262500000;49.6612500000;-1.9125000000;45.5000000000;-16.0000000000;4.8750000000
-9.4146000000;-0.1428000000;-3.2742000000;13.8337500000;50.0437500000;-3.3150000000;44.0000000000;-15.0625000000;6.8750000000
-9.2412000000;0.2652000000;-3.5088000000;26.7112500000;45.7725000000;-3.6337500000;44.0000000000;-14.5000000000;10.0000000000
-9.0780000000;-0.1326000000;-3.2130000000;11.6662500000;44.3062500000;-3.0600000000;43.6875000000;-14.7500000000;11.5625000000
-8.8128000000;0.1530000000;-3.7128000000;20.6550000000;35.3812500000;-3.6337500000;43.6875000000;-14.7500000000;11.5625000000
-8.7006000000;-0.0102000000;-3.5802000000;12.4312500000;33.1500000000;-3.6975000000;43.0000000000;-14.0625000000;13.1875000000
-8.5272000000;0.0918000000;-3.8556000000;8.9250000000;26.3925000000;-2.9962500000;43.0000000000;-15.1875000000;14.3750000000
-8.4864000000;-0.0510000000;-3.6720000000;3.5062500000;22.7587500000;-1.5300000000;42.1875000000;-14.0625000000;15.8750000000
-8.2314000000;-0.1428000000;-3.6414000000;-0.8287500000;16.2562500000;-0.7650000000;41.5000000000;-15.1875000000;15.8750000000
-8.1192000000;0.1326000000;-4.2840000000;-3.6337500000;7.6500000000;-1.9125000000;41.5000000000;-15.1875000000;15.8750000000
-8.3538000000;-0.0816000000;-4.0800000000;2.9325000000;4.7812500000;0.4462500000;41.8750000000;-13.3750000000;16.6875000000
-8.1906000000;0.0816000000;-4.7022000000;-8.3512500000;-2.0400000000;0.7012500000;42.5625000000;-14.0625000000;16.6875000000
-8.2416000000;-0.0204000000;-5.0490000000;-4.7175000000;-4.6537500000;1.9125000000;42.0625000000;-13.3750000000;16.1875000000
-8.4354000000;-0.0612000000;-4.8756000000;0.0000000000;-4.7812500000;2.1675000000;41.3750000000;-15.5625000000;16.2500000000
-8.4150000000;0.1122000000;-5.3550000000;-4.6537500000;-8.3512500000;1.6575000000;41.3750000000;-15.5625000000;16.2500000000
-8.3946000000;0.0204000000;-5.5896000000;0.6375000000;-6.5025000000;4.7175000000;42.5000000000;-14.5000000000;17.0625000000
-8.5272000000;0.1122000000;-5.7222000000;-2.8687500000;-4.1437500000;3.7612500000;42.0625000000;-14.5000000000;16.1875000000
-8.5170000000;-0.1224000000;-5.6100000000;-2.0400000000;-1.9125000000;3.1875000000;42.0625000000;-14.5000000000;16.1875000000
-8.5986000000;-0.1122000000;-5.4672000000;1.7850000000;-2.6775000000;1.6575000000;42.0625000000;-16.6875000000;15.7500000000
-8.4864000000;-0.0306000000;-5.8140000000;2.1675000000;-1.3387500000;1.4025000000;42.0625000000;-16.6875000000;15.7500000000
-8.5578000000;-0.0204000000;-5.3550000000;1.5300000000;2.1037500000;0.9562500000;42.5000000000;-15.5625000000;15.7500000000
-8.5272000000;0.0000000000;-5.3754000000;-2.3587500000;-0.4462500000;1.3387500000;42.0625000000;-16.0000000000;15.7500000000
-8.4762000000;-0.0408000000;-5.1408000000;1.4662500000;1.4025000000;1.1475000000;42.0625000000;-15.5625000000;17.0000000000
-8.4660000000;-0.0510000000;-5.1102000000;-1.4025000000;0.2550000000;1.2750000000;42.0625000000;-14.5000000000;15.3750000000
-8.4150000000;-0.2142000000;-5.3754000000;-1.4025000000;-0.5737500000;2.2312500000;42.0625000000;-14.5000000000;15.3750000000
-8.5680000000;-0.1224000000;-5.1816000000;1.6575000000;0.5100000000;-0.3187500000;42.0625000000;-16.6875000000;15.7500000000
-8.5272000000;0.0714000000;-5.0898000000;-2.3587500000;-1.5300000000;-0.6375000000;41.7500000000;-15.5625000000;16.5625000000
-8.4660000000;-0.0408000000;-5.3040000000;-0.5100000000;-1.5300000000;-0.2550000000;42.0625000000;-16.0000000000;15.7500000000
-8.5272000000;-0.0306000000;-5.2122000000;-1.3387500000;-0.6375000000;-0.7012500000;42.0625000000;-16.0000000000;15.7500000000
-8.4864000000;0.0102000000;-5.4672000000;-3.8887500000;-0.7650000000;-0.2550000000;42.5000000000;-15.5625000000;16.1875000000
-8.5476000000;-0.0816000000;-5.1510000000;-1.0200000000;1.4025000000;-1.4025000000;42.5000000000;-14.5000000000;16.1875000000
-8.5680000000;0.2142000000;-5.0796000000;-2.3587500000;-2.2950000000;-1.5300000000;41.7500000000;-14.7500000000;15.3750000000
-8.4252000000;0.0408000000;-5.4366000000;-1.7212500000;-0.5100000000;0.0637500000;42.8750000000;-17.0625000000;16.1875000000
-8.4966000000;0.0612000000;-5.0694000000;3.4425000000;-1.4025000000;-1.5937500000;42.8750000000;-17.0625000000;16.1875000000
-8.4456000000;0.2142000000;-5.2428000000;-0.1275000000;-1.9762500000;-0.8287500000;41.7500000000;-14.7500000000;15.7500000000
-8.5680000000;0.1734000000;-5.0082000000;-1.0837500000;-0.5100000000;0.7012500000;41.3750000000;-14.7500000000;15.3750000000
-8.5884000000;0.0612000000;-5.0388000000;-3.1237500000;-3.1237500000;0.1912500000;41.7500000000;-15.5625000000;15.3750000000
-8.4558000000;0.1326000000;-5.3040000000;2.0400000000;-2.6137500000;1.0200000000;42.8750000000;-16.2500000000;15.3750000000
-8.5680000000;0.1632000000;-5.1714000000;-3.8887500000;-2.2950000000;1.2750000000;42.8750000000;-16.2500000000;15.3750000000
-8.5272000000;-0.0510000000;-5.5284000000;0.1912500000;-2.6775000000;0.8925000000;41.3750000000;-14.0625000000;15.3750000000
-8.6394000000;0.2142000000;-5.1816000000;0.1275000000;-0.7012500000;0.0000000000;42.0625000000;-15.1875000000;15.7500000000
-8.5578000000;0.0714000000;-5.3040000000;-1.9125000000;-1.8487500000;0.6375000000;42.0625000000;-15.1875000000;15.0000000000
-8.5782000000;0.0714000000;-5.2938000000;1.5300000000;-0.5100000000;1.0837500000;42.5000000000;-13.7500000000;15.0000000000
-8.5884000000;0.0000000000;-5.2122000000;0.7650000000;-0.3187500000;0.3825000000;42.5000000000;-13.7500000000;15.0000000000
-8.5272000000;0.0510000000;-5.2122000000;0.5737500000;-0.5100000000;0.1275000000;42.5000000000;-16.2500000000;16.1875000000
-8.6190000000;0.1326000000;-5.1408000000;1.5300000000;0.8287500000;0.3187500000;42.0625000000;-14.7500000000;15.7500000000
-8.5884000000;0.1020000000;-5.0592000000;-0.9562500000;0.0000000000;-0.0637500000;42.8750000000;-16.6875000000;14.2500000000
-8.5884000000;0.0714000000;-5.2020000000;-0.6375000000;-0.4462500000;0.7650000000;42.5000000000;-16.2500000000;15.0000000000
-8.5476000000;-0.0612000000;-5.1510000000;1.3387500000;0.7012500000;-0.3825000000;42.5000000000;-16.2500000000;15.0000000000
-8.5578000000;0.1938000000;-5.0490000000;1.7212500000;0.4462500000;-0.9562500000;42.0625000000;-14.0625000000;14.5625000000
-8.4864000000;0.1530000000;-5.1306000000;-2.5500000000;-1.0837500000;1.0200000000;42.5000000000;-14.0625000000;15.3750000000
-8.5986000000;0.0000000000;-5.1510000000;1.4662500000;0.0637500000;1.1475000000;41.7500000000;-15.1875000000;15.3750000000
-8.5476000000;0.0714000000;-4.9572000000;-1.5300000000;-1.0837500000;-0.1275000000;42.0625000000;-14.7500000000;15.0000000000
-8.4966000000;0.1428000000;-5.3244000000;0.5737500000;-1.7212500000;1.1475000000;42.0625000000;-14.7500000000;15.0000000000
-8.5476000000;-0.0510000000;-5.0592000000;-0.0637500000;-0.1912500000;-0.4462500000;42.0625000000;-14.5000000000;15.0000000000
-8.5170000000;0.1734000000;-5.1816000000;-0.6375000000;-1.5937500000;0.0000000000;42.0625000000;-14.7500000000;14.5625000000
-8.5884000000;0.0000000000;-5.2428000000;0.0000000000;-0.2550000000;0.1275000000;42.5000000000;-15.1875000000;14.5625000000
-8.6496000000;0.1938000000;-4.9878000000;-0.3825000000;-0.1912500000;-0.3825000000;42.5000000000;-16.2500000000;15.3750000000
-8.5272000000;0.0510000000;-5.2428000000;-0.0637500000;-1.2112500000;0.1912500000;42.5000000000;-16.2500000000;15.3750000000
-8.5782000000;0.0612000000;-5.1612000000;0.6375000000;0.3187500000;-0.4462500000;42.0625000000;-15.1875000000;15.7500000000
-8.5476000000;0.1836000000;-5.0082000000;0.1912500000;0.5100000000;0.1912500000;41.7500000000;-14.7500000000;14.2500000000
-8.5782000000;0.0918000000;-5.1102000000;-1.9125000000;-0.5100000000;1.0200000000;42.0625000000;-14.7500000000;15.7500000000
-8.5680000000;0.1020000000;-5.0898000000;0.2550000000;0.3825000000;0.3187500000;41.3750000000;-14.7500000000;15.0625000000
-8.5680000000;0.1428000000;-5.0184000000;-2.1037500000;-0.5737500000;0.8925000000;41.3750000000;-14.7500000000;15.0625000000
-8.5578000000;0.0612000000;-5.0490000000;0.5100000000;-1.2112500000;0.7012500000;42.0625000000;-14.5000000000;14.5625000000
-8.5578000000;0.1020000000;-5.0592000000;-2.1037500000;-1.2112500000;0.2550000000;42.0625000000;-16.2500000000;15.0000000000
-8.6292000000;0.2142000000;-5.1204000000;-1.0200000000;-0.2550000000;0.5100000000;41.7500000000;-14.7500000000;15.7500000000
-8.6190000000;0.0000000000;-4.8858000000;-3.1237500000;-0.9562500000;1.1475000000;42.5000000000;-14.7500000000;15.0000000000
-8.5578000000;0.1224000000;-5.0286000000;-0.4462500000;-2.5500000000;-0.5737500000;42.5000000000;-14.7500000000;15.0000000000
-8.5782000000;0.1836000000;-4.9878000000;-1.4025000000;-1.4025000000;-0.2550000000;42.0625000000;-15.1875000000;16.1875000000
-8.5884000000;0.0000000000;-4.6104000000;-3.6975000000;-0.3825000000;-0.7650000000;42.5000000000;-15.1875000000;14.2500000000
-8.5068000000;0.1734000000;-4.5084000000;-1.2112500000;-4.4625000000;-1.4662500000;42.8750000000;-16.6875000000;15.0000000000
-8.4762000000;0.2448000000;-4.7430000000;-5.6737500000;-3.1237500000;0.7012500000;42.8750000000;-16.6875000000;13.3750000000
-8.6700000000;-0.2244000000;-4.2228000000;7.2675000000;-5.9287500000;-1.7212500000;42.8750000000;-16.6875000000;13.3750000000
-8.6292000000;0.1428000000;-3.9168000000;-1.1475000000;-8.5425000000;-3.5700000000;42.0625000000;-14.7500000000;15.0625000000
-8.6088000000;0.3060000000;-3.5190000000;-13.0687500000;-9.7537500000;-0.5737500000;42.5000000000;-16.2500000000;14.5625000000
-8.4762000000;0.0306000000;-3.1314000000;-24.4800000000;-11.0925000000;-1.0837500000;42.5000000000;-15.1875000000;13.3750000000
-8.8128000000;0.3672000000;-2.8356000000;-27.6037500000;-21.8025000000;-1.4025000000;42.5000000000;-16.0000000000;12.2500000000
-9.1086000000;0.3060000000;-3.7332000000;-29.0700000000;-38.3775000000;3.5062500000;42.5000000000;-16.0000000000;12.2500000000
-9.1494000000;-0.0510000000;-3.8760000000;-30.9187500000;-35.3175000000;-2.2950000000;43.5625000000;-15.5625000000;12.2500000000
-9.2514000000;0.4488000000;-3.6516000000;-29.3887500000;-37.1662500000;-4.8450000000;42.5000000000;-16.0000000000;9.5000000000
-9.4146000000;0.5814000000;-4.3044000000;-32.2575000000;-40.6087500000;-5.4187500000;43.5625000000;-15.5625000000;8.6875000000
-9.5778000000;0.5610000000;-3.8250000000;-30.7912500000;-41.5012500000;-5.4187500000;43.5625000000;-15.5625000000;8.6875000000
-9.8124000000;1.0506000000;-3.3150000000;-25.3087500000;-32.7675000000;-6.8212500000;44.0000000000;-15.5625000000;6.0000000000
-9.8940000000;0.4488000000;-3.7944000000;-28.2412500000;-34.0425000000;-7.0125000000;44.7500000000;-15.5625000000;4.0000000000
-9.6696000000;0.0408000000;-2.9376000000;-10.9012500000;-35.1262500000;-13.6425000000;44.8750000000;-14.0625000000;3.1875000000
-9.5880000000;0.9792000000;-2.6112000000;9.6262500000;-37.8037500000;-16.3200000000;44.5000000000;-14.5000000000;1.5625000000
-9.9450000000;0.8568000000;-2.4684000000;6.3112500000;-42.0112500000;-6.9487500000;44.5000000000;-14.5000000000;1.5625000000
-9.7512000000;0.7344000000;-2.4990000000;-22.9500000000;-37.7400000000;-5.7375000000;44.5000000000;-13.7500000000;0.3750000000
-10.1490000000;1.0506000000;-2.1318000000;-14.2162500000;-35.9550000000;-3.2512500000;45.1875000000;-13.3750000000;-1.8750000000
-10.1898000000;0.6222000000;-2.9580000000;-25.2450000000;-36.2737500000;1.1475000000;44.5000000000;-15.1875000000;-1.8750000000
-9.8022000000;0.5712000000;-3.2334000000;-8.5425000000;-31.6200000000;-4.9087500000;44.6875000000;-12.5625000000;-4.1875000000
-10.0164000000;1.1322000000;-2.8254000000;5.1637500000;-14.9175000000;-0.7650000000;44.6875000000;-12.5625000000;-4.1875000000
-9.7920000000;0.8262000000;-2.9886000000;-20.7825000000;-10.9012500000;5.1000000000;44.0000000000;-12.2500000000;-6.1875000000
-9.9246000000;0.5406000000;-3.1008000000;-12.3037500000;-4.0162500000;2.4862500000;44.5000000000;-13.3750000000;-6.6875000000
-10.3428000000;-0.0408000000;-1.6218000000;-12.1125000000;8.2875000000;2.6137500000;44.5000000000;-11.8750000000;-7.5000000000
-9.7614000000;0.2958000000;-1.0608000000;-7.3312500000;5.1000000000;-4.2712500000;44.8750000000;-11.5000000000;-5.8750000000
-9.5982000000;0.4692000000;-0.9588000000;19.5075000000;-1.0200000000;-1.6575000000;44.8750000000;-11.5000000000;-5.8750000000
-9.8532000000;0.5610000000;-1.4178000000;12.0487500000;-4.9087500000;0.9562500000;44.5000000000;-11.0625000000;-7.5000000000
-10.0164000000;0.0204000000;-1.2036000000;-8.2237500000;1.2750000000;1.2750000000;44.7500000000;-11.8750000000;-7.0625000000
-9.9858000000;0.4284000000;-1.0098000000;10.2000000000;-1.3387500000;0.3187500000;44.8750000000;-12.2500000000;-6.6875000000
-9.6696000000;0.0816000000;-1.3464000000;-14.3437500000;-1.6575000000;1.3387500000;44.0625000000;-13.0000000000;-6.2500000000
-9.6594000000;0.1734000000;-1.1118000000;-6.7575000000;-0.7650000000;-2.1675000000;44.0625000000;-13.0000000000;-6.2500000000
-9.8940000000;0.6528000000;-1.8258000000;1.9762500000;-3.8887500000;0.7012500000;44.8750000000;-12.5625000000;-6.6875000000
-9.8736000000;-0.1938000000;-1.4994000000;-14.2162500000;3.1237500000;-3.6975000000;44.8750000000;-11.8750000000;-7.8750000000
-9.8532000000;1.0812000000;-1.0812000000;20.9737500000;-0.0637500000;-3.6337500000;43.3750000000;-13.7500000000;-6.6875000000
-9.6186000000;0.3978000000;-1.6626000000;-9.8175000000;0.0637500000;0.7650000000;44.8750000000;-13.3750000000;-7.5000000000
-9.8838000000;0.2550000000;-1.1322000000;3.5062500000;3.1875000000;-1.2112500000;44.8750000000;-13.3750000000;-7.5000000000
-9.9348000000;0.5202000000;-0.9996000000;3.6337500000;0.9562500000;0.0000000000;44.5000000000;-12.2500000000;-7.0625000000
-9.8226000000;0.0306000000;-1.0098000000;-7.8412500000;1.9125000000;-1.4025000000;44.7500000000;-11.5000000000;-6.6875000000
-9.7410000000;0.6630000000;-1.0914000000;10.5825000000;-1.7850000000;-1.7212500000;44.5000000000;-10.7500000000;-6.6875000000
-9.7410000000;0.3264000000;-1.2750000000;-3.9525000000;-1.0837500000;0.8287500000;44.0625000000;-11.5000000000;-7.5000000000
-9.8940000000;0.4896000000;-1.1322000000;0.5737500000;-0.4462500000;-0.8925000000;44.0625000000;-11.5000000000;-7.5000000000
-9.8430000000;0.5100000000;-1.4586000000;-0.8287500000;-2.4862500000;2.5500000000;44.0625000000;-11.8750000000;-6.2500000000
-9.7104000000;-0.0714000000;-1.5708000000;-2.9325000000;0.8925000000;1.7850000000;45.1875000000;-13.3750000000;-6.6875000000
-9.9042000000;0.4896000000;-1.2546000000;3.0600000000;0.7650000000;-0.5100000000;44.5000000000;-11.5000000000;-7.0625000000
-9.8532000000;0.1326000000;-1.3362000000;-2.0400000000;2.0400000000;-0.4462500000;44.8750000000;-11.5000000000;-7.5000000000
-9.8328000000;0.4284000000;-1.0608000000;0.0637500000;2.2312500000;-1.9762500000;44.8750000000;-11.5000000000;-7.5000000000
-9.8124000000;0.4590000000;-1.1832000000;3.7612500000;-0.3825000000;1.0200000000;45.1875000000;-13.3750000000;-7.5000000000
-9.7206000000;0.1428000000;-1.3974000000;-6.0562500000;0.5737500000;-0.5737500000;44.5000000000;-11.5000000000;-7.0625000000
-9.7716000000;0.4386000000;-1.4280000000;1.0837500000;0.7650000000;-0.8925000000;43.6875000000;-11.8750000000;-7.0625000000
-9.9144000000;0.3264000000;-1.3770000000;-2.1037500000;1.9125000000;-0.5100000000;44.8750000000;-11.0625000000;-7.0625000000
-9.8532000000;0.2754000000;-1.3056000000;-0.8287500000;2.4225000000;-1.9125000000;44.8750000000;-11.0625000000;-7.0625000000
-9.7206000000;0.5406000000;-1.3362000000;0.3825000000;2.1675000000;-1.1475000000;44.5000000000;-11.5000000000;-7.8750000000
-9.8124000000;0.0918000000;-1.2546000000;-4.3987500000;2.6137500000;-0.1275000000;44.5000000000;-11.5000000000;-6.6875000000
-9.8532000000;0.4590000000;-1.0608000000;6.5662500000;0.4462500000;-1.2112500000;43.6875000000;-11.5000000000;-7.5000000000
-9.7002000000;0.4182000000;-1.4280000000;-1.9762500000;-0.1912500000;0.0000000000;45.1875000000;-12.2500000000;-7.0625000000
-9.7512000000;0.3162000000;-1.2648000000;2.9325000000;0.5100000000;-0.3187500000;45.1875000000;-12.2500000000;-7.0625000000
-9.8532000000;0.6222000000;-1.2852000000;-0.5737500000;-1.4025000000;1.0200000000;44.8750000000;-11.8750000000;-7.0625000000
-9.8022000000;0.2040000000;-1.4076000000;-3.8887500000;0.4462500000;2.4225000000;44.8750000000;-11.0625000000;-5.8750000000
-9.7920000000;0.3468000000;-1.3872000000;3.7612500000;-0.8925000000;1.0200000000;44.0625000000;-11.0625000000;-7.0625000000
-9.7512000000;0.2652000000;-1.5300000000;-1.2112500000;0.0000000000;0.4462500000;44.8750000000;-11.0625000000;-6.6875000000
-9.8634000000;0.2856000000;-1.1934000000;1.5300000000;1.5300000000;-0.8925000000;44.8750000000;-11.0625000000;-6.6875000000
-9.8328000000;0.3570000000;-1.3362000000;-0.7012500000;-0.6375000000;0.4462500000;44.5000000000;-11.8750000000;-6.6875000000
-9.7410000000;0.0918000000;-1.5198000000;-3.8887500000;0.5100000000;0.0637500000;44.8750000000;-11.5000000000;-6.2500000000
